const unsigned char ImageResource_cat2_600x400[120000] = {
	0x08, 0x99, 0x99, 0x99, 0xAA, 0xAA, 0xAA, 0xBB, 0xAB, 0xBB, 0xBB, 0xBB, 0xBB, 0xBA, 0xBB, 
	0xBB, 0xBB, 0xBB, 0xBB, 0xBB, 0xBB, 0xBB, 0xBB, 0xBB, 0xBB, 0xBB, 0xAB, 0xBB, 0xBB, 0xBB, 
	0xBB, 0xBB, 0xBB, 0xBB, 0xBA, 0xA9, 0x9A, 0xAA, 0xAA, 0xAA, 0xAA, 0xBB, 0xBB, 0xBB, 0xBB, 
	0xBB, 0xBB, 0xBA, 0xAA, 0xAA, 0xBB, 0xBB, 0xBB, 0xBB, 0xBC, 0xCC, 0xBB, 0xBB, 0xBB, 0xBB, 
	0xBB, 0xCC, 0xCC, 0xCC, 0xCC, 0xB9, 0x88, 0x9B, 0xCC, 0xCC, 0xCC, 0xCC, 0xDD, 0xDD, 0xDD, 
	0xDD, 0xDD, 0xDD, 0xDD, 0xDD, 0xDD, 0xDD, 0xDD, 0xDD, 0xDD, 0xCD, 0xDC, 0xCC, 0xCC, 0xCC, 
	0xDD, 0xDD, 0xDD, 0xDD, 0xDD, 0xDD, 0xDD, 0xDC, 0xDD, 0xDD, 0xDC, 0xCC, 0xCC, 0xCB, 0x97, 
	0x66, 0x66, 0x67, 0x79, 0x98, 0x76, 0x65, 0x45, 0x66, 0x66, 0x66, 0x89, 0x87, 0x77, 0x78, 
	0x99, 0x88, 0x77, 0x78, 0x88, 0x88, 0x76, 0x68, 0x9B, 0xBC, 0xB9, 0x88, 0x87, 0x66, 0x67, 
	0x88, 0x89, 0x86, 0x44, 0x45, 0x55, 0x56, 0x77, 0x89, 0x99, 0x88, 0x88, 0x75, 0x44, 0x44, 
	0x56, 0x77, 0x78, 0x87, 0x79, 0xA9, 0x88, 0x89, 0x99, 0xAB, 0xCC, 0xDD, 0xCA, 0x99, 0x88, 
	0x78, 0x89, 0xAA, 0xBB, 0xBB, 0xB9, 0x87, 0x77, 0x89, 0x99, 0x88, 0x88, 0xAA, 0xBC, 0xCA, 
	0x99, 0xA9, 0x99, 0xAA, 0xAA, 0xBC, 0xDE, 0xFF, 0xFF, 0xEB, 0xAA, 0xBB, 0xBA, 0xB9, 0x9C, 
	0xDD, 0xCB, 0xA9, 0x65, 0x58, 0x9A, 0x99, 0x88, 0x98, 0x88, 0x66, 0x76, 0x77, 0x88, 0x78, 
	0xAD, 0xEF, 0xFE, 0xDC, 0xBB, 0x98, 0x87, 0x78, 0x88, 0x88, 0x88, 0x88, 0x88, 0x87, 0x77, 
	0x78, 0x88, 0x99, 0x99, 0x9A, 0xAB, 0xBC, 0xBA, 0x86, 0x77, 0x78, 0x88, 0x88, 0x76, 0x9B, 
	0xCC, 0xDD, 0xFF, 0xFD, 0x99, 0x98, 0x88, 0x76, 0x66, 0x65, 0x56, 0x65, 0x79, 0xAB, 0xBB, 
	0xBB, 0xBB, 0xBB, 0xBB, 0xAA, 0x98, 0x77, 0x67, 0x76, 0x66, 0x66, 0x55, 0x56, 0x66, 0x65, 
	0x67, 0x8A, 0xBB, 0xBB, 0xBB, 0xBA, 0x98, 0x98, 0x88, 0x77, 0x77, 0x66, 0x65, 0x55, 0x55, 
	0x54, 0x44, 0x44, 0x44, 0x44, 0x43, 0x33, 0x43, 0x33, 0x34, 0x57, 0x88, 0x88, 0x89, 0x90, 
	0x09, 0x99, 0x99, 0x99, 0xAA, 0xAA, 0xAA, 0xAB, 0xAB, 0xBB, 0xBB, 0xBB, 0xBB, 0xBB, 0xBB, 
	0xBB, 0xBB, 0xBB, 0xBB, 0xBB, 0xBB, 0xBB, 0xBB, 0xBB, 0xBB, 0xBB, 0xAB, 0xBB, 0xBB, 0xBB, 
	0xBB, 0xBB, 0xBB, 0xBB, 0xBA, 0xA9, 0x9A, 0xAA, 0xAA, 0xAA, 0xAA, 0xBB, 0xBB, 0xBB, 0xBB, 
	0xBB, 0xBB, 0xBA, 0xAA, 0xAA, 0xBB, 0xBB, 0xBB, 0xBB, 0xBC, 0xCC, 0xCB, 0xBB, 0xBB, 0xBB, 
	0xBB, 0xCC, 0xCC, 0xCC, 0xCC, 0xB9, 0x88, 0x9B, 0xCC, 0xCC, 0xCC, 0xDD, 0xDD, 0xDD, 0xDD, 
	0xDD, 0xDD, 0xDD, 0xDD, 0xDD, 0xDD, 0xDD, 0xDD, 0xDD, 0xDD, 0xDC, 0xCC, 0xBB, 0xBC, 0xCC, 
	0xCC, 0xDD, 0xDD, 0xDD, 0xDD, 0xCD, 0xDD, 0xDD, 0xDD, 0xDD, 0xDD, 0xDD, 0xCC, 0xCB, 0xA9, 
	0x76, 0x66, 0x67, 0x89, 0x98, 0x76, 0x65, 0x55, 0x66, 0x66, 0x77, 0x78, 0x77, 0x77, 0x78, 
	0x88, 0x88, 0x87, 0x77, 0x88, 0x99, 0x86, 0x7A, 0xCC, 0xCB, 0xA8, 0x77, 0x77, 0x66, 0x67, 
	0x77, 0x88, 0x85, 0x44, 0x45, 0x55, 0x56, 0x77, 0x89, 0x98, 0x88, 0x88, 0x76, 0x44, 0x46, 
	0x77, 0x88, 0x89, 0x97, 0x79, 0xA9, 0x88, 0x99, 0x99, 0xAA, 0xBC, 0xDD, 0xCA, 0x99, 0x98, 
	0x88, 0x88, 0x9A, 0xBC, 0xCC, 0xBA, 0x97, 0x77, 0x79, 0xA9, 0x99, 0x99, 0xAA, 0xBB, 0xBA, 
	0xAA, 0xAA, 0x99, 0xAA, 0xAA, 0xBB, 0xCD, 0xFF, 0xFF, 0xC9, 0x9A, 0xBB, 0xBB, 0xA8, 0x9C, 
	0xCC, 0xBA, 0x98, 0x54, 0x68, 0xAA, 0x98, 0x88, 0x88, 0x77, 0x76, 0x66, 0x66, 0x88, 0x89, 
	0xDF, 0xFF, 0xFF, 0xEC, 0xBA, 0x98, 0x77, 0x78, 0x88, 0x88, 0x88, 0x88, 0x88, 0x89, 0x89, 
	0x99, 0x99, 0xAA, 0xA9, 0x9A, 0xBB, 0xCC, 0xCB, 0x87, 0x67, 0x88, 0x89, 0x88, 0x86, 0x7B, 
	0xBB, 0xCD, 0xFF, 0xFD, 0x99, 0x98, 0x87, 0x76, 0x65, 0x66, 0x66, 0x67, 0x89, 0xBB, 0xBB, 
	0xBB, 0xBB, 0xBB, 0xBA, 0xAA, 0x97, 0x77, 0x77, 0x76, 0x66, 0x66, 0x66, 0x66, 0x66, 0x55, 
	0x67, 0x8A, 0xBB, 0xBB, 0xBB, 0xBA, 0x98, 0x88, 0x88, 0x87, 0x77, 0x76, 0x65, 0x55, 0x55, 
	0x44, 0x44, 0x44, 0x44, 0x44, 0x43, 0x33, 0x43, 0x33, 0x33, 0x45, 0x67, 0x88, 0x89, 0x90, 
	0x09, 0x99, 0x99, 0x99, 0xAA, 0xAA, 0xAA, 0xAB, 0xAB, 0xAB, 0xBB, 0xBB, 0xBB, 0xBB, 0xBB, 
	0xBB, 0xBB, 0xBB, 0xBB, 0xBB, 0xBB, 0xBB, 0xBB, 0xBB, 0xBB, 0xBB, 0xBB, 0xBB, 0xBB, 0xBB, 
	0xBB, 0xBB, 0xBB, 0xBB, 0xBA, 0xA9, 0x9A, 0xAA, 0xAA, 0xAA, 0xAA, 0xBB, 0xBB, 0xBB, 0xBB, 
	0xBB, 0xBB, 0xBA, 0xAA, 0xAA, 0xBB, 0xBB, 0xBB, 0xBB, 0xBC, 0xCC, 0xCB, 0xBB, 0xBB, 0xBB, 
	0xBB, 0xCC, 0xCC, 0xCC, 0xCC, 0xB9, 0x88, 0x9B, 0xCC, 0xCC, 0xDC, 0xDD, 0xDD, 0xDD, 0xDD, 
	0xDD, 0xDD, 0xDD, 0xDD, 0xDD, 0xDD, 0xDD, 0xDD, 0xDD, 0xDD, 0xDC, 0xCB, 0xA9, 0x9A, 0xBB, 
	0xCC, 0xDD, 0xDD, 0xDD, 0xDD, 0xDD, 0xDD, 0xDD, 0xCD, 0xED, 0xDD, 0xDD, 0xDD, 0xDC, 0xCB, 
	0x87, 0x76, 0x68, 0x99, 0x98, 0x77, 0x65, 0x55, 0x66, 0x76, 0x77, 0x77, 0x77, 0x77, 0x77, 
	0x68, 0x99, 0x87, 0x77, 0x89, 0xA9, 0x88, 0xBE, 0xFF, 0xD9, 0x87, 0x77, 0x76, 0x66, 0x77, 
	0x78, 0x89, 0x75, 0x44, 0x44, 0x55, 0x66, 0x67, 0x89, 0x88, 0x78, 0x88, 0x76, 0x44, 0x56, 
	0x77, 0x77, 0x88, 0x88, 0x79, 0xAA, 0x98, 0x99, 0x89, 0xAA, 0xBC, 0xDD, 0xCA, 0x99, 0x98, 
	0x88, 0x88, 0x9A, 0xBC, 0xCC, 0xCB, 0xA9, 0x77, 0x9E, 0xED, 0xB9, 0xAA, 0xBB, 0xBB, 0xCB, 
	0xAA, 0xAA, 0xAA, 0xAA, 0xAA, 0xBB, 0xBC, 0xDD, 0xDC, 0x98, 0x99, 0x99, 0x99, 0x98, 0x9B, 
	0xCB, 0xA9, 0x87, 0x54, 0x68, 0xA9, 0x98, 0x78, 0x88, 0x87, 0x76, 0x66, 0x66, 0x78, 0x89, 
	0xEF, 0xFF, 0xFF, 0xDB, 0xBA, 0x98, 0x87, 0x77, 0x89, 0x99, 0x9A, 0x98, 0x88, 0xAA, 0xAA, 
	0x99, 0xAA, 0xAA, 0x99, 0x89, 0xAB, 0xBB, 0xCC, 0x97, 0x78, 0x88, 0x88, 0x87, 0x76, 0x9C, 
	0xCB, 0xBC, 0xDC, 0xCA, 0x88, 0x88, 0x87, 0x76, 0x66, 0x66, 0x66, 0x67, 0x9A, 0xBB, 0xBB, 
	0xBB, 0xBB, 0xBB, 0xBA, 0x99, 0x76, 0x68, 0x77, 0x77, 0x66, 0x77, 0x77, 0x67, 0x65, 0x55, 
	0x67, 0x8A, 0xBB, 0xBB, 0xBB, 0xBA, 0x88, 0x88, 0x87, 0x77, 0x77, 0x66, 0x65, 0x55, 0x55, 
	0x55, 0x55, 0x44, 0x44, 0x44, 0x44, 0x33, 0x33, 0x33, 0x33, 0x33, 0x45, 0x67, 0x89, 0x90, 
	0x09, 0x99, 0x99, 0x99, 0xAA, 0xAA, 0xAA, 0xAB, 0xAA, 0xAB, 0xBB, 0xBB, 0xBB, 0xBB, 0xBB, 
	0xBB, 0xBB, 0xBB, 0xBB, 0xBB, 0xBB, 0xBB, 0xBB, 0xBB, 0xBB, 0xBB, 0xBB, 0xBB, 0xBB, 0xBB, 
	0xBB, 0xBB, 0xBB, 0xBB, 0xBA, 0xA9, 0xAA, 0xAA, 0xAA, 0xAA, 0xAB, 0xBB, 0xBB, 0xBB, 0xBB, 
	0xBB, 0xBB, 0xBA, 0xAA, 0xAA, 0xBB, 0xBB, 0xBB, 0xBB, 0xCC, 0xCC, 0xCB, 0xBB, 0xBB, 0xBB, 
	0xBB, 0xCC, 0xCC, 0xCC, 0xCC, 0xB9, 0x88, 0x9A, 0xCC, 0xCD, 0xDC, 0xDD, 0xDD, 0xDD, 0xDD, 
	0xDD, 0xDD, 0xDD, 0xDD, 0xDD, 0xDD, 0xDD, 0xDD, 0xDD, 0xDD, 0xDC, 0xB9, 0x76, 0x78, 0x9A, 
	0xAB, 0xCC, 0xDD, 0xDD, 0xDD, 0xDD, 0xDD, 0xCD, 0xDF, 0xFE, 0xDD, 0xDD, 0xDD, 0xDD, 0xCB, 
	0x98, 0x77, 0x89, 0x99, 0x98, 0x87, 0x66, 0x55, 0x56, 0x77, 0x77, 0x77, 0x77, 0x76, 0x66, 
	0x68, 0x99, 0x77, 0x77, 0x8A, 0xA9, 0x9C, 0xFF, 0xFF, 0xB7, 0x77, 0x67, 0x77, 0x76, 0x67, 
	0x89, 0x99, 0x85, 0x44, 0x44, 0x45, 0x66, 0x67, 0x88, 0x87, 0x77, 0x77, 0x65, 0x55, 0x67, 
	0x77, 0x77, 0x78, 0x87, 0x79, 0xAA, 0x98, 0x89, 0x99, 0xAB, 0xBC, 0xDD, 0xCA, 0x99, 0x99, 
	0x89, 0x88, 0x9A, 0xAB, 0xCC, 0xCC, 0xCB, 0x88, 0xEF, 0xFF, 0xD9, 0x99, 0xBC, 0xBB, 0xBB, 
	0xBA, 0xA9, 0x8A, 0xBB, 0xA9, 0xAB, 0xAA, 0xAA, 0xA9, 0x99, 0x98, 0x78, 0x88, 0x88, 0xAB, 
	0xCA, 0xA9, 0x87, 0x65, 0x68, 0x99, 0x88, 0x88, 0x88, 0x88, 0x87, 0x77, 0x66, 0x78, 0x9B, 
	0xFF, 0xFF, 0xFE, 0xCB, 0x99, 0x88, 0x88, 0x77, 0x89, 0x9A, 0xAA, 0x9A, 0x99, 0xBB, 0xAA, 
	0x98, 0x88, 0x87, 0x76, 0x67, 0x78, 0x88, 0x9A, 0x98, 0x78, 0x88, 0x87, 0x88, 0x66, 0xBE, 
	0xDB, 0xA9, 0x98, 0x87, 0x77, 0x77, 0x88, 0x77, 0x76, 0x66, 0x55, 0x68, 0xAB, 0xCC, 0xBB, 
	0xBB, 0xBB, 0xBA, 0xA9, 0x87, 0x66, 0x78, 0x87, 0x77, 0x77, 0x98, 0x87, 0x67, 0x65, 0x55, 
	0x78, 0x9A, 0xBB, 0xBB, 0xBB, 0xBA, 0x88, 0x88, 0x77, 0x77, 0x66, 0x65, 0x55, 0x55, 0x55, 
	0x55, 0x55, 0x54, 0x44, 0x44, 0x44, 0x44, 0x33, 0x33, 0x33, 0x33, 0x34, 0x45, 0x68, 0x90, 
	0x09, 0x99, 0x99, 0x99, 0xAA, 0xAA, 0xAA, 0xAA, 0xAA, 0xAB, 0xBB, 0xBB, 0xBB, 0xBB, 0xBB, 
	0xBB, 0xBB, 0xBB, 0xBB, 0xBB, 0xBB, 0xBB, 0xBB, 0xBB, 0xBB, 0xBB, 0xBB, 0xBB, 0xBB, 0xBB, 
	0xBB, 0xBB, 0xBB, 0xBB, 0xBA, 0xA9, 0xAA, 0xAA, 0xAA, 0xAA, 0xAA, 0xBB, 0xBB, 0xBB, 0xBB, 
	0xBB, 0xBB, 0xBB, 0xAA, 0xAA, 0xBB, 0xBB, 0xBB, 0xBB, 0xCC, 0xCC, 0xCB, 0xBB, 0xBB, 0xBB, 
	0xBC, 0xCC, 0xCC, 0xCC, 0xCC, 0xB9, 0x88, 0x9A, 0xCC, 0xCD, 0xDC, 0xDD, 0xDD, 0xDD, 0xDD, 
	0xDD, 0xDD, 0xDD, 0xDD, 0xDD, 0xDD, 0xDD, 0xDD, 0xDD, 0xDD, 0xDC, 0xB9, 0x76, 0x56, 0x78, 
	0x89, 0xBC, 0xCC, 0xCD, 0xDC, 0xDD, 0xDD, 0xCD, 0xFF, 0xFF, 0xDD, 0xDD, 0xDD, 0xDD, 0xCB, 
	0x98, 0x77, 0x89, 0x99, 0x99, 0x76, 0x66, 0x65, 0x56, 0x67, 0x77, 0x77, 0x66, 0x66, 0x77, 
	0x77, 0x78, 0x77, 0x78, 0x9A, 0xA9, 0xAE, 0xFF, 0xFE, 0x86, 0x76, 0x67, 0x77, 0x76, 0x67, 
	0x99, 0xAA, 0x95, 0x44, 0x44, 0x55, 0x56, 0x67, 0x88, 0x77, 0x77, 0x77, 0x76, 0x56, 0x67, 
	0x76, 0x67, 0x77, 0x77, 0x89, 0xAA, 0x98, 0x89, 0x99, 0xAB, 0xCC, 0xDD, 0xCA, 0x9A, 0x99, 
	0x99, 0x99, 0x99, 0x9A, 0xBC, 0xCC, 0xCC, 0xAB, 0xFF, 0xFF, 0xE9, 0x99, 0xAC, 0xCC, 0xBA, 
	0xAB, 0xA9, 0x9C, 0xDD, 0xBA, 0xAA, 0xAA, 0x99, 0x98, 0x88, 0x88, 0x77, 0x88, 0x78, 0xCC, 
	0xCC, 0xAA, 0xA8, 0x76, 0x78, 0x88, 0x88, 0x88, 0x89, 0x88, 0x88, 0x87, 0x77, 0x88, 0x9B, 
	0xEF, 0xFF, 0xFD, 0xBA, 0x88, 0x87, 0x88, 0x87, 0x88, 0x99, 0xAA, 0xA9, 0x9C, 0xCB, 0xA9, 
	0x76, 0x66, 0x55, 0x55, 0x44, 0x55, 0x55, 0x67, 0x88, 0x88, 0x99, 0x87, 0x78, 0x77, 0xAD, 
	0xDC, 0xA8, 0x67, 0x88, 0x87, 0x78, 0x88, 0x89, 0x87, 0x66, 0x65, 0x68, 0xAB, 0xCC, 0xCB, 
	0xBB, 0xBB, 0xA9, 0x98, 0x77, 0x77, 0x77, 0x87, 0x77, 0x89, 0xA9, 0x87, 0x67, 0x65, 0x45, 
	0x78, 0x9A, 0xBB, 0xBB, 0xBB, 0xBA, 0x88, 0x88, 0x77, 0x76, 0x66, 0x55, 0x55, 0x56, 0x55, 
	0x55, 0x55, 0x54, 0x44, 0x44, 0x43, 0x33, 0x33, 0x33, 0x33, 0x33, 0x33, 0x34, 0x46, 0x90, 
	0x09, 0x99, 0x99, 0x99, 0xAA, 0xAA, 0xAA, 0xAB, 0xBB, 0xAB, 0xBB, 0xBB, 0xBB, 0xBB, 0xBB, 
	0xBB, 0xBB, 0xBB, 0xBB, 0xBB, 0xBB, 0xBB, 0xBB, 0xBB, 0xBB, 0xBB, 0xBB, 0xBB, 0xBB, 0xBB, 
	0xBB, 0xBB, 0xBB, 0xBB, 0xBA, 0xA9, 0x99, 0xAA, 0xAA, 0xAA, 0xAA, 0xBB, 0xBB, 0xBB, 0xBB, 
	0xBB, 0xBB, 0xBB, 0xAA, 0xAB, 0xBB, 0xBB, 0xBB, 0xBB, 0xCC, 0xCC, 0xCC, 0xBB, 0xBB, 0xBB, 
	0xBC, 0xCC, 0xCC, 0xCC, 0xCC, 0xBA, 0x88, 0x9A, 0xCC, 0xCD, 0xDC, 0xDC, 0xDD, 0xDD, 0xDD, 
	0xDD, 0xDD, 0xDD, 0xDD, 0xDD, 0xDD, 0xDD, 0xDD, 0xDD, 0xDD, 0xDC, 0xCA, 0x97, 0x55, 0x56, 
	0x78, 0xAB, 0xBC, 0xCC, 0xDD, 0xCB, 0xAB, 0xCD, 0xFF, 0xFF, 0xED, 0xDD, 0xDD, 0xDD, 0xBA, 
	0x77, 0x76, 0x78, 0x99, 0x99, 0x76, 0x66, 0x65, 0x46, 0x67, 0x78, 0x87, 0x66, 0x66, 0x77, 
	0x77, 0x78, 0x87, 0x78, 0x88, 0x88, 0xDF, 0xFF, 0xFB, 0x77, 0x66, 0x77, 0x66, 0x66, 0x67, 
	0x99, 0xAA, 0x96, 0x44, 0x45, 0x55, 0x56, 0x78, 0x99, 0x77, 0x77, 0x88, 0x76, 0x56, 0x77, 
	0x77, 0x77, 0x66, 0x77, 0x8A, 0xBA, 0x98, 0x99, 0x9A, 0xAB, 0xCC, 0xDD, 0xCA, 0x9A, 0x99, 
	0x99, 0x99, 0x99, 0x99, 0xAB, 0xCC, 0xCC, 0xBC, 0xFF, 0xFF, 0xA8, 0x99, 0x9B, 0xCC, 0xAA, 
	0xAA, 0x98, 0x8B, 0xDD, 0xBA, 0xAA, 0xA9, 0x99, 0x98, 0x88, 0x88, 0x77, 0x88, 0x88, 0xBD, 
	0xDC, 0xBB, 0xB9, 0x87, 0x78, 0x88, 0x77, 0x77, 0x88, 0x88, 0x88, 0x87, 0x77, 0x78, 0x89, 
	0xCE, 0xFE, 0xCB, 0xBA, 0x99, 0x98, 0x78, 0x88, 0x88, 0x89, 0xAA, 0xA9, 0x9C, 0xCB, 0x97, 
	0x54, 0x54, 0x44, 0x45, 0x55, 0x56, 0x66, 0x7B, 0xA8, 0x88, 0x87, 0x88, 0x78, 0x78, 0x9A, 
	0xAA, 0x96, 0x57, 0x88, 0x88, 0x89, 0x87, 0x89, 0x98, 0x78, 0x86, 0x7A, 0xCC, 0xCC, 0xCB, 
	0xBB, 0xA9, 0x88, 0x87, 0x88, 0x89, 0x87, 0x87, 0x78, 0x9A, 0xBA, 0x87, 0x67, 0x76, 0x45, 
	0x78, 0x9A, 0xBB, 0xBB, 0xBB, 0xBA, 0x98, 0x88, 0x77, 0x66, 0x66, 0x55, 0x56, 0x66, 0x65, 
	0x55, 0x55, 0x54, 0x44, 0x44, 0x33, 0x33, 0x33, 0x33, 0x33, 0x33, 0x33, 0x33, 0x34, 0x80, 
	0x09, 0x99, 0x99, 0x99, 0xAA, 0xAA, 0xAA, 0xAB, 0xBB, 0xBB, 0xBB, 0xBB, 0xBB, 0xBB, 0xBB, 
	0xBB, 0xBB, 0xBB, 0xBB, 0xBB, 0xBB, 0xBB, 0xBB, 0xBB, 0xBB, 0xBB, 0xBB, 0xBB, 0xBB, 0xBB, 
	0xBB, 0xBB, 0xBB, 0xBB, 0xBB, 0xA9, 0x99, 0xAA, 0xAA, 0xAA, 0xAA, 0xBB, 0xBB, 0xBB, 0xBB, 
	0xBB, 0xBB, 0xBB, 0xAA, 0xAB, 0xBB, 0xBB, 0xBB, 0xBB, 0xCC, 0xCC, 0xCC, 0xBB, 0xBB, 0xBB, 
	0xBB, 0xCC, 0xCC, 0xCC, 0xCC, 0xBA, 0x88, 0x9A, 0xCC, 0xCD, 0xDD, 0xDD, 0xDD, 0xDD, 0xDD, 
	0xDD, 0xDD, 0xDD, 0xDD, 0xDD, 0xDD, 0xDD, 0xDD, 0xDD, 0xDD, 0xDC, 0xCC, 0xA7, 0x65, 0x45, 
	0x67, 0x89, 0x9A, 0xBB, 0xCB, 0x97, 0x79, 0xBD, 0xFF, 0xFF, 0xFE, 0xDD, 0xDD, 0xCC, 0xA8, 
	0x66, 0x65, 0x57, 0x78, 0x99, 0x86, 0x66, 0x65, 0x56, 0x67, 0x78, 0x87, 0x66, 0x66, 0x66, 
	0x66, 0x78, 0x88, 0x88, 0x87, 0x68, 0xEF, 0xFF, 0xFB, 0x88, 0x87, 0x76, 0x65, 0x55, 0x67, 
	0x88, 0x99, 0x86, 0x55, 0x55, 0x55, 0x55, 0x78, 0x98, 0x77, 0x78, 0x87, 0x76, 0x66, 0x78, 
	0x88, 0x77, 0x77, 0x77, 0x8A, 0xAA, 0x98, 0x99, 0x99, 0xAB, 0xCC, 0xDD, 0xCA, 0xAA, 0xA9, 
	0x99, 0x99, 0x99, 0x99, 0xAB, 0xBB, 0xCC, 0xBB, 0xEF, 0xFB, 0x77, 0x8A, 0xAB, 0xBB, 0xA9, 
	0x98, 0x88, 0x99, 0xAB, 0xA9, 0xAA, 0x99, 0x99, 0x98, 0x89, 0xAA, 0x87, 0x78, 0x87, 0x8A, 
	0xBA, 0xAA, 0xAA, 0x98, 0x88, 0x88, 0x77, 0x77, 0x77, 0x88, 0x87, 0x77, 0x77, 0x99, 0x88, 
	0xAB, 0xCC, 0xCB, 0xBB, 0xAA, 0x99, 0x89, 0x88, 0x99, 0x89, 0xAB, 0xAA, 0x9C, 0xDA, 0x76, 
	0x55, 0x56, 0x67, 0x67, 0x78, 0x89, 0xA9, 0xBE, 0xDA, 0x98, 0x87, 0x88, 0x78, 0x78, 0x98, 
	0x87, 0x65, 0x56, 0x77, 0x78, 0x99, 0x99, 0x89, 0x99, 0x99, 0xA9, 0xAE, 0xEF, 0xED, 0xCB, 
	0xBA, 0x98, 0x77, 0x77, 0x78, 0x99, 0x98, 0x99, 0x99, 0xAB, 0xBB, 0x97, 0x67, 0x75, 0x45, 
	0x67, 0x8A, 0xBB, 0xBB, 0xBB, 0xBA, 0x98, 0x87, 0x66, 0x66, 0x66, 0x66, 0x66, 0x66, 0x65, 
	0x55, 0x65, 0x54, 0x44, 0x44, 0x33, 0x33, 0x33, 0x33, 0x33, 0x33, 0x33, 0x33, 0x34, 0x60, 
	0x09, 0x99, 0x99, 0x99, 0xAA, 0xAA, 0xAA, 0xAB, 0xAB, 0xBB, 0xBB, 0xBB, 0xBB, 0xBB, 0xBB, 
	0xBB, 0xBB, 0xBB, 0xBB, 0xBB, 0xBB, 0xBB, 0xBB, 0xBB, 0xBB, 0xBB, 0xBB, 0xBB, 0xBB, 0xBB, 
	0xBB, 0xBB, 0xBB, 0xBB, 0xBB, 0xA9, 0x99, 0xAA, 0xAA, 0xAA, 0xAA, 0xBB, 0xBB, 0xBB, 0xBB, 
	0xBB, 0xBB, 0xBB, 0xAA, 0xAB, 0xBB, 0xBB, 0xBB, 0xBB, 0xCC, 0xCC, 0xCC, 0xBB, 0xBB, 0xBB, 
	0xBB, 0xCC, 0xCC, 0xCC, 0xCC, 0xBA, 0x88, 0x9A, 0xCC, 0xCD, 0xDD, 0xDD, 0xDD, 0xDD, 0xDD, 
	0xDD, 0xDD, 0xDD, 0xDD, 0xDD, 0xDD, 0xDD, 0xDD, 0xDD, 0xDD, 0xDD, 0xCC, 0xB9, 0x87, 0x55, 
	0x55, 0x67, 0x88, 0x9A, 0x98, 0x65, 0x68, 0xAD, 0xFF, 0xFF, 0xFE, 0xDD, 0xCC, 0xCB, 0xA7, 
	0x65, 0x55, 0x66, 0x68, 0x9A, 0x86, 0x66, 0x66, 0x66, 0x66, 0x77, 0x77, 0x66, 0x66, 0x65, 
	0x67, 0x78, 0x88, 0x78, 0x77, 0x79, 0xCE, 0xFF, 0xD9, 0x88, 0x99, 0x87, 0x76, 0x55, 0x67, 
	0x88, 0x99, 0x97, 0x65, 0x55, 0x55, 0x55, 0x78, 0x98, 0x77, 0x77, 0x77, 0x76, 0x66, 0x78, 
	0x88, 0x77, 0x77, 0x77, 0x8A, 0xBA, 0x98, 0x89, 0x99, 0xAB, 0xCC, 0xDD, 0xCA, 0x99, 0x99, 
	0x99, 0xAA, 0xAA, 0xAA, 0xAA, 0xBB, 0xBB, 0xAB, 0xDE, 0xEA, 0x67, 0x9C, 0xCA, 0xAB, 0xA9, 
	0x88, 0x88, 0x89, 0xAA, 0xAA, 0xA9, 0x9B, 0xCC, 0x99, 0x79, 0xDC, 0xA8, 0x77, 0x77, 0x88, 
	0x89, 0x89, 0xAA, 0x99, 0x88, 0x77, 0x78, 0x87, 0x77, 0x77, 0x76, 0x66, 0x8B, 0xFE, 0xB9, 
	0xAB, 0xCC, 0xCC, 0xBA, 0xAA, 0x99, 0x99, 0x88, 0x88, 0x89, 0x9A, 0xAA, 0xAE, 0xFB, 0x67, 
	0x88, 0x89, 0x99, 0x89, 0x9A, 0xBB, 0xCC, 0xCE, 0xEC, 0x98, 0x87, 0x77, 0x78, 0x77, 0x89, 
	0x88, 0x76, 0x55, 0x66, 0x88, 0x99, 0x99, 0x88, 0xAA, 0xAA, 0xCB, 0xDF, 0xFF, 0xFE, 0xCB, 
	0xA8, 0x87, 0x77, 0x77, 0x89, 0x99, 0xA9, 0xAA, 0xBA, 0xBC, 0xCB, 0x97, 0x67, 0x75, 0x45, 
	0x67, 0x8A, 0xBB, 0xBB, 0xBB, 0xBA, 0x98, 0x87, 0x66, 0x56, 0x66, 0x66, 0x77, 0x77, 0x65, 
	0x55, 0x65, 0x54, 0x54, 0x44, 0x43, 0x33, 0x33, 0x33, 0x33, 0x33, 0x33, 0x33, 0x33, 0x40, 
	0x09, 0x99, 0x99, 0x99, 0x9A, 0xAA, 0xAA, 0xAB, 0xBA, 0xAB, 0xBB, 0xBB, 0xBB, 0xBB, 0xBB, 
	0xBB, 0xBB, 0xBB, 0xBB, 0xBB, 0xBB, 0xBB, 0xBB, 0xBB, 0xBB, 0xBB, 0xBB, 0xBB, 0xBB, 0xBB, 
	0xBB, 0xBB, 0xBB, 0xBB, 0xBB, 0xA9, 0x9A, 0xAA, 0xAA, 0xAA, 0xAB, 0xBB, 0xBB, 0xBB, 0xBB, 
	0xBB, 0xBB, 0xBA, 0xAA, 0xBB, 0xBB, 0xBB, 0xBB, 0xBB, 0xCC, 0xCC, 0xCC, 0xBB, 0xBB, 0xBB, 
	0xBC, 0xCC, 0xCC, 0xCC, 0xCC, 0xBA, 0x88, 0x8A, 0xCC, 0xDC, 0xDD, 0xDD, 0xDD, 0xDD, 0xDD, 
	0xDD, 0xDD, 0xDD, 0xDD, 0xDD, 0xDD, 0xDD, 0xDD, 0xDD, 0xDD, 0xDD, 0xDC, 0xCB, 0xA9, 0x76, 
	0x55, 0x55, 0x66, 0x67, 0x66, 0x45, 0x68, 0xAE, 0xFF, 0xFF, 0xFE, 0xDC, 0xCB, 0xAA, 0x86, 
	0x55, 0x55, 0x56, 0x68, 0xA9, 0x97, 0x77, 0x76, 0x65, 0x56, 0x77, 0x66, 0x66, 0x55, 0x56, 
	0x88, 0x88, 0x87, 0x77, 0x77, 0x89, 0xAC, 0xCC, 0xAA, 0x99, 0x99, 0x98, 0x88, 0x77, 0x77, 
	0x89, 0x89, 0x98, 0x76, 0x65, 0x66, 0x67, 0x88, 0x87, 0x77, 0x77, 0x77, 0x77, 0x76, 0x67, 
	0x77, 0x78, 0x88, 0x88, 0x89, 0xAA, 0x98, 0x89, 0x99, 0xAB, 0xBC, 0xDC, 0xCA, 0x99, 0x99, 
	0x9A, 0xBA, 0xBC, 0xDC, 0xCA, 0xAB, 0xAB, 0xA9, 0xAC, 0xCC, 0x97, 0xAC, 0xCB, 0xBA, 0xA9, 
	0x98, 0x88, 0x99, 0xAA, 0xA9, 0xA9, 0x9D, 0xED, 0xA8, 0x77, 0xAB, 0x97, 0x77, 0x77, 0x89, 
	0x98, 0x89, 0xA9, 0x98, 0x88, 0x77, 0x77, 0x77, 0x76, 0x67, 0x66, 0x6A, 0xEF, 0xFF, 0xDB, 
	0xCC, 0xCC, 0xCB, 0xBA, 0xAA, 0x99, 0x99, 0x98, 0x88, 0x88, 0x88, 0x9A, 0xAD, 0xFE, 0xAA, 
	0xAA, 0xAA, 0xAA, 0xA9, 0x9A, 0xCC, 0xCD, 0xDD, 0xDC, 0xA8, 0x88, 0x77, 0x78, 0x77, 0x89, 
	0x99, 0x86, 0x66, 0x56, 0x79, 0x9A, 0x99, 0x87, 0x8A, 0xAA, 0xBC, 0xEF, 0xFF, 0xFD, 0xB9, 
	0x88, 0x77, 0x66, 0x67, 0x8A, 0xAA, 0xAB, 0xCC, 0xCC, 0xCC, 0xCC, 0x97, 0x66, 0x65, 0x45, 
	0x67, 0x8A, 0xBB, 0xBB, 0xBB, 0xBA, 0x98, 0x77, 0x66, 0x66, 0x67, 0x77, 0x77, 0x76, 0x66, 
	0x66, 0x65, 0x54, 0x54, 0x44, 0x43, 0x44, 0x33, 0x33, 0x33, 0x33, 0x33, 0x33, 0x43, 0x30, 
	0x09, 0x99, 0x99, 0x99, 0xAA, 0xAA, 0xAA, 0xAB, 0xAA, 0xAB, 0xBB, 0xBB, 0xBB, 0xBB, 0xBB, 
	0xBB, 0xBB, 0xBB, 0xBB, 0xBB, 0xBB, 0xBB, 0xBB, 0xBB, 0xBB, 0xBB, 0xBB, 0xBB, 0xBB, 0xBB, 
	0xBB, 0xBB, 0xBB, 0xBB, 0xBB, 0xA9, 0x99, 0xAA, 0xAA, 0xAA, 0xAB, 0xBB, 0xBB, 0xBB, 0xBB, 
	0xBB, 0xBB, 0xBB, 0xAA, 0xBB, 0xBB, 0xBB, 0xBB, 0xBC, 0xCC, 0xCC, 0xCC, 0xBB, 0xBB, 0xBB, 
	0xBB, 0xCC, 0xCC, 0xCC, 0xCC, 0xCA, 0x88, 0x8A, 0xBC, 0xCC, 0xDD, 0xCD, 0xDD, 0xDD, 0xDD, 
	0xDD, 0xDD, 0xDD, 0xDD, 0xDD, 0xDD, 0xDD, 0xDD, 0xDD, 0xDD, 0xDD, 0xDD, 0xCC, 0xCA, 0x97, 
	0x65, 0x55, 0x55, 0x66, 0x54, 0x45, 0x66, 0x8D, 0xFF, 0xFF, 0xFD, 0xCC, 0xA9, 0x88, 0x65, 
	0x55, 0x56, 0x67, 0x79, 0xAA, 0x97, 0x78, 0x86, 0x55, 0x56, 0x77, 0x77, 0x66, 0x55, 0x57, 
	0x89, 0x99, 0x87, 0x77, 0x88, 0x99, 0xAB, 0xBB, 0xBA, 0xA9, 0x88, 0x89, 0xBB, 0xBA, 0x99, 
	0x98, 0x88, 0x9A, 0x98, 0x77, 0x77, 0x78, 0x88, 0x87, 0x88, 0x77, 0x76, 0x77, 0x76, 0x66, 
	0x67, 0x88, 0x88, 0x88, 0x89, 0xA9, 0x98, 0x99, 0x99, 0xAB, 0xCC, 0xDD, 0xCA, 0x99, 0x99, 
	0xAA, 0xBD, 0xDE, 0xFF, 0xEB, 0xAA, 0xAA, 0x99, 0x88, 0xDD, 0xDA, 0x8B, 0xBB, 0xBB, 0xA9, 
	0x98, 0x88, 0x9A, 0xA9, 0x89, 0x9A, 0xBD, 0xEE, 0xA8, 0x87, 0x66, 0x66, 0x77, 0x78, 0x99, 
	0x99, 0x89, 0xAA, 0x99, 0x87, 0x77, 0x76, 0x66, 0x65, 0x56, 0x76, 0xAF, 0xFF, 0xFF, 0xCA, 
	0xBC, 0xBB, 0xBB, 0xBA, 0xAA, 0x99, 0x98, 0x89, 0x98, 0x98, 0x88, 0x9A, 0xBD, 0xFE, 0xCC, 
	0xBB, 0xAA, 0xAB, 0xBA, 0x99, 0xBC, 0xDD, 0xDC, 0xCC, 0xBA, 0x98, 0x77, 0x88, 0x77, 0x88, 
	0xAA, 0x97, 0x65, 0x56, 0x79, 0xAB, 0xBB, 0xA8, 0x79, 0xBA, 0xAA, 0xDF, 0xFF, 0xEB, 0xA8, 
	0x77, 0x67, 0x76, 0x67, 0x8A, 0xBB, 0xBC, 0xDD, 0xCC, 0xCC, 0xCB, 0x97, 0x66, 0x64, 0x46, 
	0x77, 0x7A, 0xBB, 0xBB, 0xBB, 0xBA, 0x98, 0x77, 0x66, 0x66, 0x77, 0x77, 0x77, 0x76, 0x66, 
	0x66, 0x65, 0x55, 0x55, 0x54, 0x44, 0x44, 0x34, 0x43, 0x33, 0x33, 0x34, 0x44, 0x43, 0x30, 
	0x09, 0x99, 0x99, 0x99, 0xAA, 0xAA, 0xAA, 0xAA, 0xBA, 0xAB, 0xBB, 0xBB, 0xBB, 0xBB, 0xBB, 
	0xBB, 0xBB, 0xBB, 0xBB, 0xBB, 0xBB, 0xBB, 0xBB, 0xBB, 0xBB, 0xBB, 0xBB, 0xBB, 0xBB, 0xBB, 
	0xBB, 0xBB, 0xBB, 0xBB, 0xBB, 0xA9, 0x99, 0xAA, 0xAA, 0xAA, 0xAB, 0xBB, 0xBB, 0xBB, 0xBB, 
	0xBB, 0xBB, 0xBB, 0xAA, 0xBB, 0xBB, 0xBB, 0xBB, 0xBC, 0xCC, 0xCC, 0xCC, 0xBB, 0xBB, 0xBB, 
	0xBB, 0xCC, 0xCC, 0xCC, 0xCC, 0xCA, 0x98, 0x8A, 0xBC, 0xCC, 0xDD, 0xDD, 0xDD, 0xDD, 0xDD, 
	0xDD, 0xDD, 0xDD, 0xDD, 0xDD, 0xDD, 0xDD, 0xDD, 0xDD, 0xDD, 0xDD, 0xDD, 0xDD, 0xCB, 0xA8, 
	0x77, 0x65, 0x54, 0x45, 0x43, 0x44, 0x56, 0x8B, 0xEF, 0xFF, 0xDC, 0xBA, 0x98, 0x76, 0x55, 
	0x55, 0x66, 0x77, 0x99, 0xAA, 0x99, 0x88, 0x87, 0x54, 0x56, 0x77, 0x77, 0x66, 0x55, 0x57, 
	0x89, 0x99, 0x87, 0x77, 0x89, 0x9A, 0xAB, 0xBB, 0xCB, 0xB9, 0x77, 0x9D, 0xDE, 0xDC, 0xBA, 
	0x98, 0x88, 0x89, 0xA9, 0x88, 0x88, 0x99, 0x88, 0x77, 0x88, 0x77, 0x76, 0x66, 0x66, 0x66, 
	0x67, 0x89, 0x99, 0x98, 0x89, 0xAA, 0x99, 0x99, 0x99, 0xAB, 0xCC, 0xDD, 0xB9, 0x9A, 0x99, 
	0xAA, 0xCE, 0xFF, 0xFF, 0xFC, 0xA9, 0x88, 0x88, 0x8A, 0xBD, 0xD9, 0x7A, 0xAA, 0xBC, 0xCA, 
	0x88, 0x88, 0x89, 0x99, 0x88, 0x89, 0xBC, 0xED, 0xA7, 0x77, 0x66, 0x66, 0x66, 0x78, 0x99, 
	0x9A, 0x99, 0x99, 0x98, 0x87, 0x78, 0x76, 0x66, 0x66, 0x65, 0x79, 0xEF, 0xFF, 0xFE, 0xAA, 
	0xAB, 0xAA, 0xAA, 0xAA, 0x99, 0x99, 0x89, 0x99, 0x88, 0x98, 0x98, 0x9A, 0xBD, 0xED, 0xCC, 
	0xCB, 0xBB, 0xBB, 0xBA, 0x99, 0xBC, 0xDD, 0xDC, 0xBB, 0xBB, 0xA9, 0x87, 0x89, 0x78, 0x88, 
	0x99, 0x99, 0x75, 0x45, 0x79, 0xAB, 0xCB, 0xB9, 0x89, 0xBA, 0xAA, 0xBC, 0xDC, 0xB9, 0x87, 
	0x66, 0x66, 0x66, 0x67, 0x8A, 0xBC, 0xDE, 0xED, 0xDD, 0xCC, 0xCA, 0x97, 0x66, 0x54, 0x56, 
	0x77, 0x8A, 0xBB, 0xBB, 0xBB, 0xBA, 0x98, 0x87, 0x66, 0x77, 0x78, 0x88, 0x77, 0x76, 0x66, 
	0x66, 0x65, 0x55, 0x55, 0x44, 0x44, 0x44, 0x43, 0x33, 0x33, 0x43, 0x33, 0x33, 0x33, 0x30, 
	0x09, 0x99, 0x99, 0x99, 0xAA, 0xAA, 0xAA, 0xAA, 0xBA, 0xBB, 0xBB, 0xBB, 0xBB, 0xBB, 0xBB, 
	0xBB, 0xBB, 0xBB, 0xBB, 0xBB, 0xBB, 0xBB, 0xBB, 0xBB, 0xBB, 0xBB, 0xBB, 0xBB, 0xBB, 0xBB, 
	0xBB, 0xBB, 0xBB, 0xBB, 0xBB, 0xA9, 0x99, 0xAA, 0xAA, 0xAA, 0xAA, 0xBB, 0xBB, 0xBB, 0xBB, 
	0xBB, 0xBB, 0xBB, 0xAA, 0xBB, 0xBB, 0xBB, 0xBB, 0xBB, 0xCC, 0xCC, 0xCC, 0xBB, 0xBB, 0xBB, 
	0xBB, 0xCC, 0xCC, 0xCC, 0xCC, 0xCB, 0x98, 0x8A, 0xBC, 0xCC, 0xDD, 0xDD, 0xDD, 0xDD, 0xDD, 
	0xDD, 0xDD, 0xDD, 0xDD, 0xDD, 0xDD, 0xDD, 0xDD, 0xDD, 0xDD, 0xDD, 0xDD, 0xDD, 0xCC, 0xBA, 
	0x98, 0x76, 0x54, 0x34, 0x46, 0x75, 0x57, 0x89, 0xCC, 0xCB, 0xBB, 0xA9, 0x77, 0x76, 0x55, 
	0x55, 0x66, 0x79, 0xAB, 0xBB, 0xA9, 0x88, 0x76, 0x65, 0x56, 0x67, 0x77, 0x76, 0x55, 0x56, 
	0x77, 0x88, 0x87, 0x77, 0x89, 0xAB, 0xCC, 0xCD, 0xDC, 0xB9, 0x77, 0xAD, 0xEE, 0xDC, 0xAA, 
	0x98, 0x77, 0x77, 0x89, 0x99, 0x88, 0x88, 0x87, 0x77, 0x77, 0x76, 0x66, 0x65, 0x56, 0x65, 
	0x56, 0x78, 0x99, 0x99, 0x8A, 0xBB, 0xA9, 0x99, 0x9A, 0xBB, 0xBC, 0xDD, 0xB9, 0xAA, 0x98, 
	0x9B, 0xCD, 0xEE, 0xEE, 0xED, 0xBA, 0x87, 0x77, 0x9B, 0xBA, 0x96, 0x68, 0x9A, 0xBC, 0xCB, 
	0x88, 0x88, 0x77, 0x88, 0x88, 0x77, 0x99, 0xA8, 0x77, 0x77, 0x77, 0x77, 0x77, 0x77, 0x88, 
	0x99, 0x88, 0x88, 0x87, 0x88, 0x78, 0x88, 0x87, 0x76, 0x67, 0x7C, 0xFF, 0xFF, 0xFC, 0x99, 
	0x99, 0x99, 0x99, 0x99, 0x98, 0x89, 0x89, 0xBC, 0xCA, 0x99, 0x99, 0x99, 0xBC, 0xDD, 0xCC, 
	0xCB, 0xBA, 0xAA, 0xA9, 0x89, 0x9A, 0xBD, 0xDB, 0xAB, 0xCC, 0xCA, 0x98, 0x89, 0x88, 0x88, 
	0x77, 0x89, 0x97, 0x66, 0x8A, 0xAB, 0xCB, 0xBB, 0x99, 0x9A, 0xAA, 0xAA, 0xA9, 0x98, 0x76, 
	0x66, 0x55, 0x56, 0x87, 0x79, 0xBE, 0xFF, 0xFF, 0xFF, 0xDC, 0xCA, 0x97, 0x76, 0x54, 0x57, 
	0x77, 0x89, 0xBB, 0xBB, 0xBB, 0xBA, 0x98, 0x88, 0x77, 0x88, 0x88, 0x88, 0x88, 0x76, 0x67, 
	0x66, 0x55, 0x55, 0x55, 0x44, 0x44, 0x44, 0x43, 0x33, 0x34, 0x43, 0x33, 0x33, 0x33, 0x30, 
	0x09, 0x99, 0x99, 0x99, 0x9A, 0xAA, 0xAA, 0xAB, 0xBA, 0xAB, 0xBB, 0xBB, 0xBB, 0xBB, 0xBB, 
	0xBB, 0xBB, 0xBB, 0xBB, 0xBB, 0xBB, 0xBB, 0xBB, 0xBB, 0xBB, 0xBB, 0xBB, 0xBB, 0xBB, 0xBB, 
	0xBB, 0xBB, 0xBB, 0xBB, 0xBB, 0xAA, 0x99, 0xAA, 0xAA, 0xAA, 0xAA, 0xBB, 0xBB, 0xBB, 0xBB, 
	0xBB, 0xBB, 0xBB, 0xBA, 0xBB, 0xBB, 0xBB, 0xBB, 0xBB, 0xCC, 0xCC, 0xCC, 0xBB, 0xBB, 0xBB, 
	0xBB, 0xCC, 0xCC, 0xCC, 0xCC, 0xCB, 0x98, 0x8A, 0xBC, 0xCC, 0xDD, 0xDD, 0xDD, 0xDD, 0xDD, 
	0xDD, 0xDD, 0xDD, 0xDD, 0xDD, 0xDD, 0xDD, 0xDD, 0xDD, 0xDD, 0xDD, 0xDD, 0xDD, 0xDD, 0xCC, 
	0xB9, 0x87, 0x54, 0x44, 0x8A, 0xA7, 0x67, 0xAB, 0xB9, 0x8A, 0xA9, 0x98, 0x77, 0x66, 0x66, 
	0x55, 0x67, 0x8A, 0xBB, 0xBB, 0xA9, 0x87, 0x77, 0x76, 0x66, 0x66, 0x77, 0x66, 0x55, 0x56, 
	0x66, 0x67, 0x76, 0x67, 0x9A, 0xBC, 0xCD, 0xEE, 0xEE, 0xCA, 0x88, 0x9A, 0xBC, 0xCB, 0xBA, 
	0x98, 0x77, 0x77, 0x77, 0x88, 0x87, 0x77, 0x77, 0x77, 0x77, 0x66, 0x66, 0x65, 0x56, 0x65, 
	0x55, 0x67, 0x89, 0x99, 0x9A, 0xBB, 0xA9, 0x98, 0x9B, 0xBB, 0xBC, 0xCC, 0xA9, 0x99, 0x87, 
	0x8A, 0xBC, 0xCC, 0xCC, 0xCB, 0xAA, 0x98, 0x67, 0xAC, 0xDB, 0x87, 0x57, 0x9A, 0xAA, 0xA9, 
	0x88, 0x77, 0x77, 0x77, 0x88, 0x87, 0x78, 0x77, 0x78, 0x88, 0x87, 0x77, 0x77, 0x77, 0x78, 
	0x87, 0x78, 0x88, 0x77, 0x78, 0x88, 0x9A, 0xBB, 0xA8, 0x78, 0x8D, 0xFF, 0xFF, 0xEA, 0x99, 
	0x98, 0x88, 0x89, 0x99, 0x98, 0x89, 0x89, 0xCE, 0xEE, 0xCA, 0x99, 0x99, 0xBC, 0xCC, 0xCC, 
	0xCB, 0xA9, 0x88, 0x76, 0x66, 0x67, 0x8B, 0xC9, 0x78, 0xBC, 0xBB, 0xA9, 0x99, 0x99, 0x88, 
	0x77, 0x78, 0x99, 0x88, 0xAA, 0xAB, 0xCC, 0xBB, 0xA8, 0x78, 0x9A, 0x99, 0x98, 0x76, 0x65, 
	0x55, 0x55, 0x56, 0x78, 0x88, 0xCF, 0xFF, 0xFF, 0xFF, 0xEC, 0xCB, 0x96, 0x66, 0x64, 0x57, 
	0x77, 0x7A, 0xBB, 0xBB, 0xBB, 0xBA, 0x98, 0x88, 0x88, 0x89, 0x88, 0x88, 0x87, 0x76, 0x67, 
	0x76, 0x55, 0x55, 0x55, 0x54, 0x44, 0x44, 0x33, 0x34, 0x34, 0x44, 0x44, 0x33, 0x33, 0x30, 
	0x09, 0x99, 0x99, 0x99, 0x9A, 0xAA, 0xAA, 0xAB, 0xBA, 0xAB, 0xBB, 0xBB, 0xBB, 0xBB, 0xBB, 
	0xBB, 0xBB, 0xBB, 0xBB, 0xBB, 0xBB, 0xBB, 0xBB, 0xBB, 0xBB, 0xBB, 0xBB, 0xBB, 0xBB, 0xBB, 
	0xBB, 0xBB, 0xBB, 0xBB, 0xBB, 0xAA, 0x99, 0xAA, 0xAA, 0xAA, 0xAA, 0xBB, 0xBB, 0xBB, 0xBB, 
	0xBB, 0xBB, 0xBB, 0xBA, 0xAB, 0xBB, 0xBB, 0xBB, 0xBC, 0xCC, 0xCC, 0xCC, 0xBB, 0xBB, 0xBB, 
	0xBC, 0xCC, 0xCC, 0xCC, 0xCC, 0xCB, 0x98, 0x89, 0xBC, 0xCC, 0xDD, 0xDD, 0xDD, 0xDD, 0xDD, 
	0xDD, 0xDD, 0xDD, 0xDD, 0xDD, 0xDD, 0xDD, 0xDD, 0xDD, 0xDD, 0xDD, 0xDD, 0xDD, 0xDD, 0xDC, 
	0xCA, 0x98, 0x75, 0x55, 0x89, 0x86, 0x77, 0xAD, 0xDB, 0x99, 0x98, 0x77, 0x76, 0x66, 0x56, 
	0x66, 0x78, 0x9B, 0xCC, 0xCC, 0xCB, 0xBA, 0x88, 0x87, 0x66, 0x67, 0x77, 0x76, 0x55, 0x55, 
	0x55, 0x66, 0x66, 0x78, 0xAB, 0xDD, 0xED, 0xEF, 0xFE, 0xDB, 0xA9, 0x88, 0x9A, 0xBB, 0xBA, 
	0x98, 0x77, 0x77, 0x87, 0x78, 0x77, 0x77, 0x77, 0x77, 0x77, 0x76, 0x66, 0x65, 0x67, 0x66, 
	0x55, 0x56, 0x77, 0x89, 0x9A, 0xAB, 0xAA, 0x99, 0x9A, 0xBC, 0xCC, 0xDC, 0x97, 0x77, 0x77, 
	0x89, 0xAC, 0xCC, 0xCC, 0xBA, 0x99, 0x99, 0x87, 0xCD, 0xDB, 0x86, 0x68, 0xAB, 0xA9, 0x88, 
	0x88, 0x87, 0x78, 0x87, 0x77, 0x77, 0x78, 0x88, 0x77, 0x77, 0x77, 0x76, 0x67, 0x77, 0x77, 
	0x77, 0x88, 0x88, 0x99, 0x87, 0x78, 0x9A, 0xBC, 0xA9, 0x99, 0x9B, 0xED, 0xDE, 0xB9, 0x87, 
	0x88, 0x77, 0x78, 0x99, 0x99, 0x99, 0x89, 0xCF, 0xFF, 0xEB, 0xAA, 0xA9, 0xBC, 0xCC, 0xBB, 
	0xB8, 0x76, 0x44, 0x44, 0x43, 0x45, 0x56, 0x86, 0x67, 0xAB, 0xBA, 0xBA, 0xAA, 0xBC, 0xB9, 
	0x87, 0x66, 0x78, 0x89, 0xBC, 0xBA, 0xBC, 0xBA, 0xA7, 0x67, 0x89, 0x98, 0x87, 0x65, 0x55, 
	0x54, 0x55, 0x55, 0x67, 0x88, 0xDF, 0xFF, 0xFF, 0xFF, 0xDC, 0xCB, 0x96, 0x66, 0x54, 0x56, 
	0x77, 0x89, 0xBB, 0xBB, 0xBB, 0xBA, 0x99, 0x99, 0x89, 0x99, 0x88, 0x88, 0x87, 0x77, 0x77, 
	0x76, 0x65, 0x56, 0x65, 0x44, 0x44, 0x34, 0x43, 0x44, 0x44, 0x43, 0x33, 0x33, 0x33, 0x30, 
	0x09, 0x99, 0x99, 0x99, 0xAA, 0xAA, 0xAA, 0xAB, 0xBB, 0xAA, 0xBB, 0xBB, 0xBB, 0xBB, 0xBB, 
	0xBB, 0xBB, 0xBB, 0xBB, 0xBB, 0xBB, 0xBB, 0xBB, 0xBB, 0xBB, 0xBB, 0xBB, 0xBB, 0xBB, 0xBB, 
	0xBB, 0xBB, 0xBB, 0xBB, 0xBB, 0xAA, 0x99, 0xAA, 0xAA, 0xAA, 0xAA, 0xBB, 0xBB, 0xBB, 0xBB, 
	0xBB, 0xBB, 0xBB, 0xBA, 0xAB, 0xBB, 0xBB, 0xBB, 0xBC, 0xCC, 0xCC, 0xCC, 0xCB, 0xBB, 0xBB, 
	0xBC, 0xCC, 0xCC, 0xCC, 0xCC, 0xCB, 0x98, 0x89, 0xBC, 0xCC, 0xDD, 0xDD, 0xDD, 0xDD, 0xDD, 
	0xDD, 0xDD, 0xDD, 0xDD, 0xDD, 0xDD, 0xDD, 0xDD, 0xDD, 0xDD, 0xDD, 0xDD, 0xDD, 0xDD, 0xDC, 
	0xCB, 0xA9, 0x77, 0x66, 0x55, 0x56, 0x67, 0xBD, 0xED, 0xB9, 0x99, 0x87, 0x77, 0x76, 0x66, 
	0x77, 0x89, 0xAB, 0xCD, 0xDD, 0xCC, 0xBB, 0x88, 0x76, 0x66, 0x77, 0x88, 0x76, 0x55, 0x66, 
	0x56, 0x66, 0x66, 0x79, 0xAD, 0xFF, 0xFE, 0xEE, 0xFE, 0xEC, 0xBA, 0x88, 0x8A, 0xBC, 0xBA, 
	0x88, 0x87, 0x77, 0x77, 0x77, 0x77, 0x77, 0x77, 0x88, 0x87, 0x66, 0x65, 0x66, 0x78, 0x76, 
	0x65, 0x55, 0x56, 0x77, 0x78, 0xAA, 0xA9, 0x99, 0x89, 0xBC, 0xCD, 0xDC, 0x97, 0x77, 0x77, 
	0x88, 0xAB, 0xCC, 0xDC, 0xBA, 0x99, 0x88, 0x78, 0xBC, 0xDC, 0xA9, 0x67, 0x9A, 0x99, 0x88, 
	0x88, 0x88, 0x78, 0x87, 0x65, 0x56, 0x77, 0x77, 0x76, 0x77, 0x77, 0x76, 0x67, 0x77, 0x77, 
	0x78, 0x88, 0x88, 0xAB, 0x98, 0x78, 0x99, 0x99, 0x98, 0x89, 0x99, 0xBB, 0xAA, 0x98, 0x77, 
	0x77, 0x67, 0x78, 0x99, 0x99, 0x99, 0x99, 0xBF, 0xFF, 0xFC, 0xBA, 0xAA, 0xAA, 0x99, 0x7A, 
	0xB7, 0x54, 0x33, 0x33, 0x43, 0x35, 0x45, 0x55, 0x67, 0xAB, 0xCB, 0xBB, 0xBD, 0xFF, 0xFA, 
	0x87, 0x76, 0x66, 0x78, 0xDD, 0xDB, 0xBB, 0xAA, 0x97, 0x67, 0x88, 0x87, 0x76, 0x55, 0x55, 
	0x55, 0x45, 0x56, 0x77, 0x89, 0xCE, 0xFF, 0xFF, 0xFE, 0xCC, 0xCB, 0x97, 0x66, 0x54, 0x45, 
	0x67, 0x89, 0xBB, 0xBB, 0xBB, 0xBA, 0x99, 0x99, 0x99, 0x99, 0x99, 0x88, 0x87, 0x77, 0x77, 
	0x76, 0x66, 0x66, 0x65, 0x45, 0x44, 0x34, 0x44, 0x34, 0x44, 0x33, 0x33, 0x33, 0x33, 0x30, 
	0x09, 0x99, 0x99, 0x99, 0xAA, 0xAA, 0xAA, 0xAA, 0xBB, 0xAB, 0xBB, 0xBB, 0xBB, 0xBB, 0xBB, 
	0xBB, 0xBB, 0xBB, 0xBB, 0xBB, 0xBB, 0xBB, 0xBB, 0xBB, 0xBB, 0xBB, 0xBB, 0xBB, 0xBB, 0xBB, 
	0xBB, 0xBB, 0xBB, 0xBB, 0xBB, 0xAA, 0x99, 0xAA, 0xAA, 0xAA, 0xAA, 0xBB, 0xBB, 0xBB, 0xBB, 
	0xBB, 0xBB, 0xBB, 0xBA, 0xAB, 0xBB, 0xBB, 0xBB, 0xBB, 0xCC, 0xCC, 0xCC, 0xCB, 0xBB, 0xBB, 
	0xBC, 0xCC, 0xCC, 0xCC, 0xCC, 0xCB, 0x98, 0x89, 0xBC, 0xCC, 0xDD, 0xDD, 0xDD, 0xDD, 0xDD, 
	0xDD, 0xDD, 0xDD, 0xDD, 0xDD, 0xDD, 0xDD, 0xDD, 0xDD, 0xDD, 0xDD, 0xDD, 0xDD, 0xDD, 0xDD, 
	0xCC, 0xB9, 0x76, 0x66, 0x54, 0x45, 0x57, 0xBE, 0xED, 0xCA, 0xBB, 0xB9, 0x88, 0x77, 0x76, 
	0x77, 0x89, 0xAB, 0xCD, 0xDD, 0xCB, 0xA9, 0x88, 0x76, 0x66, 0x78, 0x88, 0x87, 0x66, 0x66, 
	0x67, 0x77, 0x66, 0x8A, 0xBE, 0xFF, 0xFF, 0xED, 0xDD, 0xDC, 0xBA, 0x98, 0x89, 0xAB, 0xA9, 
	0x89, 0x98, 0x77, 0x77, 0x77, 0x77, 0x77, 0x77, 0x88, 0x86, 0x65, 0x55, 0x68, 0x99, 0x86, 
	0x66, 0x55, 0x44, 0x55, 0x67, 0x9A, 0xA9, 0x88, 0x99, 0xAB, 0xCD, 0xDB, 0x98, 0x88, 0x88, 
	0x78, 0xAA, 0xBB, 0xBC, 0xBA, 0x99, 0x88, 0x79, 0x9A, 0xAA, 0xAA, 0x75, 0x67, 0x88, 0x89, 
	0x99, 0x88, 0x77, 0x77, 0x66, 0x55, 0x66, 0x66, 0x76, 0x77, 0x77, 0x77, 0x66, 0x66, 0x66, 
	0x67, 0x78, 0x77, 0x9A, 0x88, 0x78, 0x88, 0x77, 0x77, 0x88, 0x88, 0x99, 0x98, 0x88, 0x77, 
	0x77, 0x77, 0x78, 0x99, 0x99, 0x89, 0x99, 0x9C, 0xEF, 0xEC, 0xBA, 0xAB, 0xA8, 0x65, 0x5B, 
	0xDB, 0x65, 0x33, 0x34, 0x43, 0x45, 0x55, 0x45, 0x69, 0xBB, 0xBC, 0xBB, 0xEF, 0xFF, 0xFC, 
	0x87, 0x76, 0x76, 0x67, 0xBD, 0xDC, 0xCC, 0xB9, 0x87, 0x78, 0x87, 0x77, 0x65, 0x55, 0x55, 
	0x55, 0x55, 0x67, 0x78, 0x99, 0xAD, 0xDD, 0xDF, 0xFC, 0xBC, 0xCB, 0xA8, 0x66, 0x65, 0x45, 
	0x66, 0x7A, 0xBB, 0xBB, 0xBB, 0xBA, 0x99, 0x99, 0x99, 0x99, 0x99, 0x88, 0x87, 0x77, 0x77, 
	0x76, 0x66, 0x66, 0x66, 0x54, 0x44, 0x44, 0x44, 0x44, 0x43, 0x33, 0x33, 0x33, 0x33, 0x30, 
	0x09, 0x99, 0x99, 0x99, 0x9A, 0xAA, 0xAA, 0xAA, 0xBB, 0xBB, 0xBB, 0xBA, 0xBB, 0xBB, 0xBB, 
	0xBB, 0xBB, 0xBB, 0xBB, 0xBB, 0xBB, 0xBB, 0xBB, 0xBB, 0xBB, 0xBB, 0xBB, 0xBB, 0xBB, 0xBB, 
	0xBB, 0xBB, 0xBB, 0xBB, 0xBB, 0xBA, 0x99, 0xAA, 0xAA, 0xAA, 0xAA, 0xAB, 0xBB, 0xBB, 0xBB, 
	0xBB, 0xBB, 0xBB, 0xBB, 0xBB, 0xBB, 0xBB, 0xBB, 0xBB, 0xCC, 0xCC, 0xCC, 0xBB, 0xBB, 0xBB, 
	0xBC, 0xCC, 0xCC, 0xCC, 0xCC, 0xCB, 0x98, 0x89, 0xAC, 0xCC, 0xDC, 0xDD, 0xDD, 0xDD, 0xDD, 
	0xDD, 0xDD, 0xDD, 0xDD, 0xDD, 0xDD, 0xDD, 0xDD, 0xDD, 0xDD, 0xDD, 0xDD, 0xDD, 0xDD, 0xDD, 
	0xCC, 0xCA, 0x86, 0x76, 0x65, 0x44, 0x56, 0xBC, 0xCB, 0xAB, 0xDF, 0xFC, 0xA9, 0x88, 0x87, 
	0x78, 0x88, 0x8A, 0xBC, 0xDC, 0xB9, 0x98, 0x88, 0x77, 0x56, 0x79, 0xA9, 0x97, 0x65, 0x56, 
	0x67, 0x76, 0x67, 0x8A, 0xCE, 0xFF, 0xFF, 0xFD, 0xDD, 0xDC, 0xCA, 0x98, 0x9A, 0xBB, 0x98, 
	0x89, 0x98, 0x76, 0x66, 0x77, 0x88, 0x87, 0x77, 0x77, 0x76, 0x55, 0x55, 0x79, 0x99, 0x76, 
	0x65, 0x55, 0x44, 0x45, 0x56, 0x9A, 0xA9, 0x88, 0x99, 0xAB, 0xCD, 0xDB, 0xA9, 0x99, 0x98, 
	0x88, 0x99, 0xAA, 0xBB, 0xBB, 0xAA, 0x88, 0x77, 0x99, 0x99, 0x98, 0x65, 0x67, 0x77, 0x89, 
	0x98, 0x88, 0x87, 0x76, 0x65, 0x55, 0x67, 0x88, 0x77, 0x77, 0x77, 0x77, 0x75, 0x55, 0x55, 
	0x55, 0x78, 0x87, 0x78, 0x88, 0x77, 0x76, 0x66, 0x66, 0x78, 0x88, 0x88, 0x88, 0x77, 0x77, 
	0x77, 0x88, 0x89, 0x89, 0x98, 0x88, 0x88, 0x99, 0xAB, 0xBB, 0xAA, 0xAB, 0xA8, 0x44, 0x47, 
	0xDD, 0x74, 0x44, 0x46, 0x65, 0x78, 0x77, 0x77, 0x7B, 0xCC, 0xBB, 0xCC, 0xFF, 0xFF, 0xFC, 
	0x99, 0x98, 0x99, 0x99, 0x89, 0xBC, 0xCC, 0xBA, 0x87, 0x88, 0x87, 0x76, 0x55, 0x44, 0x55, 
	0x45, 0x56, 0x78, 0x89, 0xAA, 0xAA, 0xAA, 0x9D, 0xEB, 0xBC, 0xCB, 0x97, 0x66, 0x65, 0x45, 
	0x56, 0x7A, 0xBB, 0xBB, 0xBB, 0xBA, 0x98, 0x99, 0xA9, 0xA9, 0x99, 0x88, 0x88, 0x88, 0x87, 
	0x76, 0x67, 0x76, 0x66, 0x55, 0x44, 0x44, 0x44, 0x44, 0x43, 0x33, 0x33, 0x33, 0x34, 0x30, 
	0x09, 0x99, 0x99, 0x99, 0xAA, 0xAA, 0xAA, 0xAA, 0xBB, 0xBB, 0xBB, 0xBB, 0xBB, 0xBB, 0xBB, 
	0xBB, 0xBB, 0xBB, 0xBB, 0xBB, 0xBB, 0xBB, 0xBB, 0xBB, 0xBB, 0xBB, 0xBB, 0xBB, 0xBB, 0xBB, 
	0xBB, 0xBB, 0xBB, 0xBB, 0xBB, 0xAA, 0x99, 0xAA, 0xAA, 0xAA, 0xAA, 0xAB, 0xBB, 0xBB, 0xBB, 
	0xBB, 0xBB, 0xBB, 0xBB, 0xBB, 0xBB, 0xBB, 0xBB, 0xBC, 0xCC, 0xCC, 0xCC, 0xCB, 0xBB, 0xBB, 
	0xBC, 0xCC, 0xCC, 0xCC, 0xCC, 0xCB, 0x98, 0x89, 0xAC, 0xCC, 0xDC, 0xDD, 0xDD, 0xDD, 0xDD, 
	0xDD, 0xDD, 0xDD, 0xDD, 0xDD, 0xDD, 0xDD, 0xDD, 0xDD, 0xDD, 0xDD, 0xDD, 0xDD, 0xDD, 0xDD, 
	0xDD, 0xCB, 0x98, 0x88, 0x65, 0x54, 0x55, 0x55, 0x67, 0x7B, 0xFF, 0xFE, 0xB9, 0x99, 0x98, 
	0x88, 0x89, 0x9B, 0xCC, 0xCB, 0xA8, 0x77, 0x88, 0x87, 0x66, 0x78, 0xA9, 0x87, 0x55, 0x56, 
	0x66, 0x66, 0x78, 0x99, 0xBE, 0xFF, 0xFF, 0xFD, 0xED, 0xDC, 0xBA, 0x99, 0xAB, 0xBA, 0x88, 
	0x88, 0x77, 0x66, 0x67, 0x78, 0x88, 0x87, 0x77, 0x66, 0x66, 0x55, 0x55, 0x67, 0x77, 0x65, 
	0x55, 0x55, 0x44, 0x45, 0x56, 0x8A, 0xA9, 0x88, 0x99, 0xAC, 0xDD, 0xDB, 0xAA, 0x99, 0x99, 
	0x89, 0xA9, 0x9A, 0xBB, 0xBB, 0xBA, 0x98, 0x77, 0x88, 0x98, 0x87, 0x65, 0x67, 0x77, 0x78, 
	0x88, 0x88, 0x77, 0x76, 0x55, 0x55, 0x68, 0x99, 0x88, 0x88, 0x77, 0x77, 0x65, 0x54, 0x45, 
	0x65, 0x68, 0xA9, 0x9A, 0xAA, 0x87, 0x76, 0x55, 0x55, 0x66, 0x78, 0x88, 0x77, 0x77, 0x77, 
	0x78, 0x99, 0x9A, 0x88, 0x89, 0x87, 0x78, 0x88, 0x88, 0x99, 0xAA, 0xAA, 0xA7, 0x44, 0x56, 
	0xAB, 0x98, 0x66, 0x67, 0x78, 0x89, 0x99, 0x9A, 0xAC, 0xDD, 0xAB, 0xCD, 0xFF, 0xFF, 0xEC, 
	0xCC, 0xCB, 0xBB, 0xBB, 0xA8, 0x78, 0x9A, 0x98, 0x87, 0x77, 0x66, 0x66, 0x55, 0x55, 0x55, 
	0x55, 0x56, 0x79, 0x9A, 0xAB, 0xAA, 0x98, 0x8A, 0xB9, 0xBC, 0xCC, 0x97, 0x66, 0x65, 0x45, 
	0x67, 0x89, 0xBB, 0xBB, 0xBB, 0xBA, 0x88, 0x89, 0xAA, 0x99, 0x99, 0x88, 0x88, 0x88, 0x87, 
	0x77, 0x77, 0x77, 0x66, 0x55, 0x55, 0x44, 0x44, 0x43, 0x34, 0x44, 0x33, 0x33, 0x33, 0x30, 
	0x09, 0x99, 0x99, 0x99, 0xAA, 0xAA, 0xAA, 0xAB, 0xBB, 0xBB, 0xBB, 0xBB, 0xBB, 0xBB, 0xBB, 
	0xBB, 0xBB, 0xBB, 0xBB, 0xBB, 0xBB, 0xBB, 0xBB, 0xBB, 0xBB, 0xBB, 0xBB, 0xBB, 0xBB, 0xBB, 
	0xBB, 0xBB, 0xBB, 0xBB, 0xBB, 0xBA, 0x99, 0xAA, 0xAA, 0xAA, 0xAA, 0xAB, 0xBB, 0xBB, 0xBB, 
	0xBB, 0xBB, 0xBB, 0xBB, 0xAB, 0xBB, 0xBB, 0xBB, 0xBC, 0xCC, 0xCC, 0xCC, 0xCB, 0xBB, 0xBB, 
	0xBC, 0xCC, 0xCC, 0xCC, 0xCC, 0xCB, 0x98, 0x89, 0xAC, 0xCC, 0xDC, 0xDD, 0xDD, 0xDD, 0xDD, 
	0xDD, 0xDD, 0xDD, 0xDD, 0xDD, 0xDD, 0xDD, 0xDD, 0xDD, 0xDD, 0xDD, 0xDD, 0xDD, 0xDD, 0xDD, 
	0xDD, 0xDC, 0xA9, 0x99, 0x86, 0x55, 0x66, 0x54, 0x45, 0x6B, 0xFF, 0xFE, 0xA9, 0xA9, 0x9A, 
	0xAA, 0xAB, 0xBC, 0xCB, 0xBA, 0x97, 0x77, 0x78, 0x87, 0x76, 0x89, 0x88, 0x87, 0x66, 0x55, 
	0x66, 0x67, 0x88, 0x99, 0xAD, 0xFF, 0xFF, 0xFE, 0xDD, 0xDC, 0xAA, 0xAA, 0xAA, 0xA9, 0x88, 
	0x87, 0x76, 0x66, 0x77, 0x88, 0x88, 0x77, 0x66, 0x55, 0x55, 0x55, 0x55, 0x55, 0x55, 0x55, 
	0x55, 0x55, 0x55, 0x55, 0x55, 0x8A, 0xA9, 0x88, 0x89, 0xBC, 0xDD, 0xCB, 0xAA, 0x99, 0xA9, 
	0x9A, 0xA9, 0x9A, 0xBA, 0xA9, 0xAA, 0x98, 0x76, 0x78, 0xAA, 0x98, 0x76, 0x67, 0x77, 0x78, 
	0x88, 0x88, 0x77, 0x76, 0x54, 0x44, 0x67, 0x99, 0x98, 0x88, 0x77, 0x77, 0x65, 0x54, 0x45, 
	0x55, 0x57, 0x99, 0xAC, 0xCC, 0xA8, 0x77, 0x65, 0x54, 0x56, 0x78, 0x88, 0x78, 0x88, 0x88, 
	0x88, 0x99, 0xAA, 0x88, 0x78, 0x77, 0x77, 0x78, 0x87, 0x78, 0x99, 0x98, 0x87, 0x67, 0x9A, 
	0xAA, 0xA9, 0x88, 0x88, 0x88, 0x89, 0xAB, 0xBA, 0xBB, 0xBB, 0xAA, 0xBE, 0xFF, 0xFF, 0xED, 
	0xDD, 0xCC, 0xBA, 0xAB, 0xA8, 0x77, 0x76, 0x67, 0x87, 0x76, 0x55, 0x54, 0x55, 0x66, 0x66, 
	0x66, 0x77, 0x89, 0xAB, 0xBB, 0xBA, 0x98, 0x78, 0xA8, 0xAD, 0xCC, 0x97, 0x66, 0x65, 0x46, 
	0x77, 0x89, 0xBB, 0xBB, 0xBB, 0xBA, 0x97, 0x78, 0x89, 0x99, 0x98, 0x88, 0x88, 0x88, 0x87, 
	0x77, 0x77, 0x76, 0x66, 0x55, 0x55, 0x44, 0x44, 0x33, 0x44, 0x44, 0x44, 0x43, 0x33, 0x30, 
	0x09, 0x99, 0x99, 0x99, 0xAA, 0xAA, 0xAA, 0xAB, 0xBB, 0xBB, 0xBB, 0xBB, 0xBB, 0xBB, 0xBB, 
	0xBB, 0xBB, 0xBB, 0xBB, 0xBB, 0xBB, 0xBB, 0xBB, 0xBB, 0xBB, 0xBB, 0xBB, 0xBB, 0xBB, 0xBB, 
	0xBB, 0xBB, 0xBB, 0xBB, 0xBB, 0xBA, 0x99, 0xAA, 0xAA, 0xAA, 0xAA, 0xBB, 0xBB, 0xBB, 0xBB, 
	0xBB, 0xBB, 0xBB, 0xBB, 0xAB, 0xBB, 0xBB, 0xBB, 0xBB, 0xCC, 0xCC, 0xCC, 0xCB, 0xBB, 0xBB, 
	0xBC, 0xCC, 0xCC, 0xCC, 0xCC, 0xCB, 0xA8, 0x89, 0xAC, 0xCC, 0xDC, 0xDD, 0xDD, 0xDD, 0xDD, 
	0xDD, 0xDD, 0xDD, 0xDD, 0xDD, 0xDD, 0xDD, 0xDD, 0xDD, 0xDD, 0xDD, 0xDD, 0xDD, 0xDD, 0xDD, 
	0xDD, 0xDC, 0xA9, 0xA9, 0x97, 0x66, 0x66, 0x65, 0x45, 0x58, 0xBD, 0xEC, 0x98, 0x99, 0xAB, 
	0xBB, 0xCC, 0xCC, 0xCC, 0xBA, 0xA8, 0x76, 0x77, 0x77, 0x76, 0x67, 0x77, 0x88, 0x76, 0x55, 
	0x67, 0x67, 0x9A, 0xA9, 0xBB, 0xDF, 0xFF, 0xEC, 0xDD, 0xCB, 0xBB, 0xBA, 0xAA, 0xAA, 0x88, 
	0x87, 0x77, 0x77, 0x88, 0x99, 0x88, 0x77, 0x65, 0x55, 0x55, 0x55, 0x66, 0x55, 0x55, 0x55, 
	0x55, 0x55, 0x55, 0x55, 0x55, 0x7A, 0xAA, 0x99, 0x99, 0xBC, 0xDD, 0xCA, 0x99, 0x99, 0xA9, 
	0x9A, 0x99, 0x89, 0xAA, 0x98, 0x99, 0x98, 0x77, 0x79, 0xAA, 0xA8, 0x77, 0x78, 0x87, 0x77, 
	0x77, 0x77, 0x77, 0x76, 0x54, 0x45, 0x67, 0x78, 0x87, 0x77, 0x66, 0x78, 0x76, 0x66, 0x44, 
	0x55, 0x67, 0x89, 0xBE, 0xEE, 0xEC, 0xA8, 0x76, 0x55, 0x57, 0x88, 0x88, 0x89, 0x88, 0x88, 
	0x99, 0x88, 0x99, 0x87, 0x76, 0x66, 0x67, 0x67, 0x77, 0x77, 0x88, 0x98, 0x89, 0x89, 0xBC, 
	0xDD, 0xCA, 0x98, 0x89, 0x88, 0x89, 0xAB, 0xBA, 0xBB, 0xAA, 0x99, 0xAD, 0xEE, 0xEE, 0xDD, 
	0xCC, 0xBA, 0x99, 0x89, 0x97, 0x66, 0x66, 0x67, 0x77, 0x65, 0x44, 0x44, 0x45, 0x56, 0x67, 
	0x78, 0x99, 0xAA, 0xBB, 0xBB, 0xAA, 0x87, 0x78, 0x98, 0xAD, 0xCC, 0x86, 0x56, 0x65, 0x56, 
	0x88, 0x99, 0xBB, 0xBB, 0xBB, 0xBA, 0x97, 0x77, 0x77, 0x88, 0x88, 0x88, 0x88, 0x77, 0x77, 
	0x66, 0x66, 0x55, 0x55, 0x55, 0x44, 0x44, 0x43, 0x33, 0x44, 0x44, 0x44, 0x44, 0x44, 0x40, 
	0x09, 0x99, 0x99, 0x99, 0xAA, 0xAA, 0xAA, 0xAA, 0xBB, 0xBB, 0xBB, 0xBB, 0xBB, 0xBB, 0xBB, 
	0xBB, 0xBB, 0xBB, 0xBB, 0xBB, 0xBB, 0xBB, 0xBB, 0xBB, 0xBB, 0xBB, 0xBB, 0xBB, 0xBB, 0xBB, 
	0xBB, 0xBB, 0xBB, 0xBB, 0xBB, 0xBA, 0x99, 0xAA, 0xAA, 0xAA, 0xAA, 0xAB, 0xBB, 0xBB, 0xBB, 
	0xBB, 0xBB, 0xBB, 0xBB, 0xAB, 0xBB, 0xBB, 0xBB, 0xBB, 0xCC, 0xCC, 0xCC, 0xCB, 0xBB, 0xBB, 
	0xBC, 0xCC, 0xCC, 0xCC, 0xCC, 0xCB, 0xA8, 0x89, 0xAB, 0xCC, 0xDC, 0xDD, 0xDD, 0xDD, 0xDD, 
	0xDD, 0xDD, 0xDD, 0xDD, 0xDD, 0xDD, 0xDD, 0xDD, 0xDD, 0xDD, 0xDD, 0xDD, 0xDD, 0xDD, 0xDD, 
	0xDD, 0xDC, 0xA9, 0x98, 0x89, 0x87, 0x87, 0x76, 0x66, 0x78, 0x8A, 0xB9, 0x88, 0x89, 0xAB, 
	0xBB, 0xCC, 0xCC, 0xCC, 0xCB, 0xA8, 0x77, 0x77, 0x78, 0x87, 0x65, 0x67, 0x87, 0x65, 0x44, 
	0x67, 0x8A, 0xCD, 0xCB, 0xBA, 0xBD, 0xDD, 0xBA, 0xAB, 0xBB, 0xBB, 0xBA, 0xAA, 0xAA, 0x98, 
	0x77, 0x77, 0x78, 0x89, 0x98, 0x88, 0x76, 0x54, 0x56, 0x66, 0x66, 0x66, 0x55, 0x55, 0x55, 
	0x55, 0x44, 0x55, 0x55, 0x65, 0x7A, 0xBA, 0x98, 0x99, 0xBC, 0xDD, 0xBA, 0x99, 0x99, 0x9A, 
	0xA9, 0x98, 0x78, 0x99, 0x98, 0x88, 0x88, 0x77, 0x88, 0x9A, 0x98, 0x77, 0x78, 0x76, 0x66, 
	0x77, 0x77, 0x77, 0x76, 0x44, 0x56, 0x77, 0x77, 0x76, 0x66, 0x67, 0x9A, 0x98, 0x87, 0x65, 
	0x56, 0x67, 0x9B, 0xDE, 0xFF, 0xFF, 0xEC, 0xA8, 0x75, 0x68, 0x99, 0x88, 0x88, 0x99, 0x99, 
	0x99, 0x88, 0x88, 0x77, 0x76, 0x66, 0x66, 0x66, 0x77, 0x77, 0x88, 0x88, 0x9A, 0xAA, 0xBC, 
	0xDE, 0xDA, 0x98, 0x78, 0x88, 0x99, 0x9A, 0xAA, 0xAB, 0xBA, 0x99, 0xAB, 0xCD, 0xDC, 0xCD, 
	0xCB, 0xA9, 0x88, 0x88, 0x87, 0x76, 0x55, 0x66, 0x65, 0x44, 0x44, 0x44, 0x55, 0x56, 0x67, 
	0x8A, 0xAB, 0xBB, 0xBB, 0xBB, 0xAA, 0x87, 0x78, 0x98, 0xBD, 0xCB, 0x86, 0x57, 0x65, 0x46, 
	0x89, 0x99, 0xBB, 0xBB, 0xBB, 0xBA, 0x98, 0x77, 0x76, 0x66, 0x77, 0x77, 0x77, 0x76, 0x66, 
	0x55, 0x54, 0x44, 0x44, 0x44, 0x44, 0x33, 0x44, 0x44, 0x44, 0x45, 0x54, 0x44, 0x44, 0x40, 
	0x09, 0x99, 0x99, 0x99, 0x9A, 0xAA, 0xAA, 0xAA, 0xBB, 0xBB, 0xBB, 0xBB, 0xBB, 0xBB, 0xBB, 
	0xBB, 0xBB, 0xBB, 0xBB, 0xBB, 0xBB, 0xBB, 0xBB, 0xBB, 0xBB, 0xBB, 0xBB, 0xBB, 0xBB, 0xBB, 
	0xBB, 0xBB, 0xBB, 0xBB, 0xBB, 0xBA, 0x99, 0xAA, 0xAA, 0xAA, 0xAA, 0xAB, 0xBB, 0xBB, 0xBB, 
	0xBB, 0xBB, 0xBB, 0xBB, 0xAB, 0xBB, 0xBB, 0xBB, 0xBC, 0xCC, 0xCC, 0xCC, 0xCB, 0xBB, 0xBB, 
	0xBB, 0xCC, 0xCC, 0xCC, 0xCC, 0xCC, 0xA8, 0x89, 0xAB, 0xCC, 0xCC, 0xDD, 0xDD, 0xDD, 0xDD, 
	0xDD, 0xDD, 0xDD, 0xDD, 0xDD, 0xDD, 0xDD, 0xDD, 0xDD, 0xDD, 0xDD, 0xDD, 0xDD, 0xDD, 0xDD, 
	0xDD, 0xCB, 0x87, 0x66, 0x9A, 0xB9, 0x88, 0x88, 0x88, 0x9A, 0xA8, 0x87, 0x67, 0x79, 0xAA, 
	0xAA, 0xBC, 0xCB, 0xCC, 0xCB, 0xA9, 0x87, 0x77, 0x79, 0xAA, 0x87, 0x66, 0x66, 0x54, 0x44, 
	0x78, 0xCE, 0xFE, 0xEB, 0x99, 0x9A, 0xAA, 0xAA, 0xAB, 0xBB, 0xBC, 0xDE, 0xDC, 0xBB, 0xA8, 
	0x87, 0x87, 0x78, 0x88, 0x88, 0x77, 0x65, 0x55, 0x66, 0x66, 0x65, 0x55, 0x55, 0x54, 0x45, 
	0x55, 0x55, 0x44, 0x55, 0x66, 0x7A, 0xCB, 0x98, 0x89, 0xBD, 0xDD, 0xCB, 0xBB, 0xA9, 0x99, 
	0xAA, 0x98, 0x77, 0x88, 0x88, 0x88, 0x88, 0x88, 0x88, 0x89, 0xA8, 0x76, 0x66, 0x65, 0x66, 
	0x77, 0x77, 0x77, 0x66, 0x45, 0x67, 0x77, 0x77, 0x66, 0x56, 0x78, 0x9A, 0x98, 0x99, 0x87, 
	0x67, 0x79, 0xBC, 0xEE, 0xFF, 0xFF, 0xFE, 0xDB, 0x96, 0x78, 0x99, 0x98, 0x88, 0x99, 0x88, 
	0x89, 0x88, 0x88, 0x77, 0x76, 0x66, 0x66, 0x76, 0x77, 0x77, 0x88, 0x88, 0x89, 0xAA, 0xBC, 
	0xDE, 0xCB, 0xA8, 0x87, 0x78, 0x99, 0x99, 0x9A, 0xAB, 0xBA, 0xA9, 0x99, 0xAB, 0xBB, 0xCC, 
	0xCB, 0xA9, 0x88, 0x88, 0x87, 0x76, 0x66, 0x66, 0x44, 0x44, 0x44, 0x55, 0x55, 0x66, 0x78, 
	0x9A, 0xBB, 0xBB, 0xBB, 0xBB, 0xA9, 0x87, 0x78, 0x98, 0xAD, 0xCB, 0x86, 0x67, 0x76, 0x46, 
	0x89, 0x89, 0xAB, 0xBB, 0xBB, 0xBA, 0x98, 0x87, 0x76, 0x66, 0x56, 0x66, 0x66, 0x65, 0x54, 
	0x44, 0x44, 0x44, 0x43, 0x44, 0x44, 0x34, 0x44, 0x44, 0x44, 0x55, 0x55, 0x55, 0x55, 0x40, 
	0x09, 0x99, 0x99, 0x99, 0x9A, 0xAA, 0xAA, 0xAA, 0xBB, 0xBB, 0xBB, 0xBB, 0xBB, 0xBB, 0xBB, 
	0xBB, 0xBB, 0xBB, 0xBB, 0xBB, 0xBB, 0xBB, 0xBB, 0xBB, 0xBB, 0xBB, 0xBB, 0xBB, 0xBB, 0xBB, 
	0xBB, 0xBB, 0xBB, 0xBB, 0xBB, 0xBA, 0x99, 0xAA, 0xAA, 0xAA, 0xAA, 0xBB, 0xBB, 0xBB, 0xBB, 
	0xBB, 0xBB, 0xBB, 0xBB, 0xBB, 0xBB, 0xBB, 0xBB, 0xBC, 0xCC, 0xCC, 0xCC, 0xCB, 0xBB, 0xBB, 
	0xBC, 0xCC, 0xCC, 0xCC, 0xCC, 0xCC, 0xA9, 0x88, 0xAB, 0xCC, 0xCC, 0xDD, 0xDD, 0xDD, 0xDD, 
	0xDD, 0xDD, 0xDD, 0xDD, 0xDD, 0xDD, 0xDD, 0xDD, 0xDD, 0xDD, 0xDD, 0xDD, 0xDD, 0xDD, 0xDD, 
	0xDD, 0xC9, 0x66, 0x55, 0x9A, 0xBA, 0xA9, 0x88, 0x99, 0xBB, 0xA8, 0x66, 0x56, 0x78, 0x99, 
	0x89, 0xAB, 0xBB, 0xCC, 0xCB, 0xAA, 0x98, 0x88, 0x89, 0xBB, 0xA8, 0x76, 0x55, 0x54, 0x34, 
	0x69, 0xCE, 0xFF, 0xE9, 0x88, 0x89, 0x9A, 0xAA, 0xAA, 0xAA, 0xBE, 0xFF, 0xFF, 0xED, 0xCA, 
	0x98, 0x88, 0x78, 0x88, 0x77, 0x66, 0x54, 0x45, 0x55, 0x66, 0x55, 0x55, 0x55, 0x54, 0x45, 
	0x55, 0x55, 0x44, 0x56, 0x67, 0x7B, 0xCB, 0xA8, 0x89, 0xBD, 0xDD, 0xCB, 0xCC, 0xBA, 0x99, 
	0x9A, 0x99, 0x87, 0x88, 0x99, 0x88, 0x88, 0x88, 0x88, 0x88, 0x98, 0x76, 0x66, 0x65, 0x56, 
	0x77, 0x77, 0x66, 0x65, 0x56, 0x77, 0x67, 0x76, 0x66, 0x67, 0x78, 0x88, 0x87, 0x88, 0x98, 
	0x88, 0x8C, 0xDD, 0xEF, 0xFF, 0xFF, 0xFF, 0xEE, 0xB8, 0x78, 0x99, 0x99, 0x88, 0x88, 0x88, 
	0x88, 0x87, 0x77, 0x77, 0x66, 0x66, 0x66, 0x77, 0x77, 0x77, 0x77, 0x77, 0x89, 0xAA, 0xBC, 
	0xDC, 0xBA, 0x98, 0x76, 0x78, 0x77, 0x77, 0x88, 0x9A, 0xAA, 0xAA, 0x99, 0x99, 0xAA, 0xBB, 
	0xBA, 0x99, 0x88, 0x88, 0x87, 0x77, 0x66, 0x55, 0x54, 0x44, 0x45, 0x56, 0x56, 0x67, 0x89, 
	0xAA, 0xBB, 0xBB, 0xBB, 0xBB, 0xA9, 0x87, 0x68, 0x87, 0xAC, 0xCB, 0x86, 0x67, 0x65, 0x46, 
	0x78, 0x89, 0xBB, 0xBB, 0xBC, 0xBA, 0x98, 0x87, 0x77, 0x66, 0x55, 0x55, 0x55, 0x55, 0x44, 
	0x44, 0x44, 0x44, 0x43, 0x44, 0x44, 0x33, 0x44, 0x45, 0x55, 0x55, 0x55, 0x55, 0x55, 0x50, 
	0x09, 0x99, 0x99, 0x99, 0x9A, 0xAA, 0xAA, 0xAA, 0xBB, 0xBB, 0xBB, 0xBB, 0xBB, 0xBB, 0xBB, 
	0xBB, 0xBB, 0xBB, 0xBB, 0xBB, 0xBB, 0xBB, 0xBB, 0xBB, 0xBB, 0xBB, 0xBB, 0xBB, 0xBB, 0xBB, 
	0xBB, 0xBB, 0xBB, 0xBB, 0xBB, 0xBA, 0x99, 0xAA, 0xAA, 0xAA, 0xAA, 0xBB, 0xBB, 0xBB, 0xBB, 
	0xBB, 0xBB, 0xBB, 0xBB, 0xBB, 0xBB, 0xBB, 0xBB, 0xBB, 0xCC, 0xCC, 0xCC, 0xCC, 0xBB, 0xBB, 
	0xCC, 0xCC, 0xCC, 0xCC, 0xCC, 0xCC, 0xA9, 0x88, 0xAB, 0xCC, 0xCC, 0xDD, 0xDD, 0xDD, 0xDD, 
	0xDD, 0xDD, 0xDD, 0xDD, 0xDD, 0xDD, 0xDD, 0xDD, 0xDD, 0xDD, 0xDD, 0xDD, 0xDD, 0xDD, 0xDD, 
	0xDD, 0xC8, 0x56, 0x55, 0x7A, 0xAA, 0xAA, 0x99, 0x98, 0xAA, 0xA8, 0x55, 0x45, 0x67, 0x77, 
	0x79, 0xAA, 0xAB, 0xDE, 0xDB, 0xAA, 0x99, 0x89, 0x9A, 0xCC, 0xB8, 0x77, 0x76, 0x53, 0x23, 
	0x56, 0x8D, 0xFF, 0xC8, 0x77, 0x67, 0x88, 0x9A, 0xAA, 0xAA, 0xCF, 0xFF, 0xFF, 0xFE, 0xDA, 
	0x98, 0x77, 0x78, 0x87, 0x66, 0x54, 0x43, 0x44, 0x45, 0x55, 0x55, 0x55, 0x55, 0x55, 0x55, 
	0x66, 0x65, 0x44, 0x57, 0x89, 0x8A, 0xBB, 0x98, 0x8A, 0xBC, 0xDD, 0xBB, 0xCC, 0xBB, 0x99, 
	0x9A, 0x99, 0x98, 0x88, 0x89, 0x87, 0x88, 0x99, 0x98, 0x88, 0xAA, 0x86, 0x67, 0x76, 0x66, 
	0x77, 0x77, 0x66, 0x65, 0x66, 0x66, 0x67, 0x77, 0x76, 0x77, 0x77, 0x77, 0x78, 0x88, 0x88, 
	0x77, 0x9D, 0xEE, 0xDE, 0xFF, 0xFF, 0xFF, 0xED, 0x96, 0x78, 0x98, 0x99, 0x88, 0x88, 0x77, 
	0x77, 0x77, 0x77, 0x77, 0x76, 0x66, 0x66, 0x77, 0x88, 0x88, 0x87, 0x77, 0x79, 0xAB, 0xAB, 
	0xBB, 0xA9, 0x86, 0x55, 0x45, 0x55, 0x44, 0x56, 0x89, 0xAA, 0xAA, 0x99, 0x98, 0x99, 0xAA, 
	0x99, 0x89, 0x88, 0x88, 0x78, 0x87, 0x66, 0x54, 0x54, 0x44, 0x55, 0x56, 0x67, 0x89, 0xAA, 
	0xBB, 0xBB, 0xBB, 0xBB, 0xBA, 0xAA, 0x87, 0x67, 0x87, 0x9C, 0xCB, 0x86, 0x66, 0x65, 0x45, 
	0x87, 0x89, 0xBB, 0xBB, 0xBC, 0xBA, 0x98, 0x87, 0x77, 0x76, 0x55, 0x44, 0x55, 0x55, 0x44, 
	0x44, 0x44, 0x44, 0x43, 0x44, 0x34, 0x33, 0x44, 0x45, 0x55, 0x55, 0x55, 0x55, 0x55, 0x50, 
	0x09, 0x99, 0x99, 0x99, 0x9A, 0xAA, 0xAA, 0xAA, 0xBB, 0xBB, 0xBB, 0xBB, 0xBB, 0xBB, 0xBB, 
	0xBB, 0xBB, 0xBB, 0xBB, 0xBB, 0xBB, 0xBB, 0xBB, 0xBB, 0xBB, 0xBB, 0xBB, 0xBB, 0xBB, 0xBB, 
	0xBB, 0xBB, 0xBB, 0xBB, 0xBB, 0xBA, 0xA9, 0xAA, 0xAA, 0xAA, 0xAA, 0xBB, 0xBB, 0xBB, 0xBB, 
	0xBB, 0xBB, 0xBB, 0xBB, 0xBB, 0xBB, 0xBB, 0xBB, 0xBC, 0xCC, 0xCC, 0xCC, 0xCC, 0xBB, 0xBB, 
	0xBC, 0xCC, 0xCC, 0xCC, 0xCC, 0xCC, 0xB9, 0x88, 0xAB, 0xCC, 0xCC, 0xCD, 0xDD, 0xDD, 0xDD, 
	0xDD, 0xDD, 0xDD, 0xDD, 0xDD, 0xDD, 0xDD, 0xDD, 0xDD, 0xDD, 0xDD, 0xDD, 0xDD, 0xDD, 0xDD, 
	0xDD, 0xC8, 0x46, 0x56, 0x68, 0xAA, 0xBB, 0xBA, 0x99, 0x9A, 0x99, 0x87, 0x54, 0x56, 0x66, 
	0x78, 0xAA, 0xAC, 0xEF, 0xEC, 0xAA, 0x98, 0x88, 0x9A, 0xAA, 0x98, 0x88, 0x87, 0x53, 0x33, 
	0x45, 0x57, 0x99, 0x88, 0x66, 0x77, 0x77, 0x8A, 0xAA, 0xAB, 0xDF, 0xFF, 0xFF, 0xFE, 0xDC, 
	0xB9, 0x87, 0x88, 0x76, 0x56, 0x44, 0x33, 0x34, 0x45, 0x55, 0x55, 0x55, 0x55, 0x54, 0x45, 
	0x56, 0x55, 0x44, 0x46, 0x88, 0x89, 0xBC, 0xB8, 0x8A, 0xBC, 0xCC, 0xAA, 0xBB, 0xBB, 0x99, 
	0xAB, 0xAA, 0x98, 0x88, 0x87, 0x67, 0x88, 0xAA, 0xA9, 0x88, 0xAB, 0x96, 0x67, 0x77, 0x66, 
	0x77, 0x77, 0x65, 0x55, 0x66, 0x66, 0x66, 0x66, 0x77, 0x78, 0x77, 0x78, 0x77, 0x88, 0x77, 
	0x87, 0x8C, 0xED, 0xBA, 0xCD, 0xDD, 0xCC, 0xB7, 0x44, 0x67, 0x88, 0x88, 0x77, 0x77, 0x77, 
	0x77, 0x77, 0x77, 0x77, 0x77, 0x66, 0x66, 0x78, 0x88, 0x88, 0x88, 0x76, 0x78, 0x99, 0x88, 
	0x88, 0x76, 0x54, 0x43, 0x33, 0x44, 0x43, 0x45, 0x79, 0x99, 0x98, 0x89, 0x98, 0x89, 0x98, 
	0x98, 0x88, 0x88, 0x77, 0x77, 0x88, 0x75, 0x44, 0x44, 0x45, 0x66, 0x66, 0x89, 0xAA, 0xBB, 
	0xBB, 0xBB, 0xBB, 0xBB, 0xBB, 0xAA, 0x87, 0x68, 0x97, 0x9B, 0xBA, 0x86, 0x66, 0x55, 0x45, 
	0x88, 0x89, 0xBB, 0xBB, 0xBB, 0xBA, 0x99, 0x87, 0x77, 0x76, 0x55, 0x55, 0x55, 0x55, 0x44, 
	0x44, 0x44, 0x44, 0x34, 0x44, 0x44, 0x44, 0x44, 0x45, 0x55, 0x55, 0x55, 0x55, 0x66, 0x60, 
	0x09, 0x99, 0x99, 0x99, 0xAA, 0xAA, 0xAA, 0xAA, 0xBB, 0xBB, 0xBB, 0xBB, 0xBB, 0xBB, 0xBB, 
	0xBB, 0xBB, 0xBB, 0xBB, 0xBB, 0xBB, 0xBB, 0xBB, 0xBB, 0xBB, 0xBB, 0xBB, 0xBB, 0xBB, 0xBB, 
	0xBB, 0xBB, 0xBB, 0xBB, 0xBB, 0xBA, 0xA9, 0xAA, 0xAA, 0xAA, 0xAA, 0xAB, 0xBB, 0xBB, 0xBB, 
	0xBB, 0xBB, 0xBB, 0xBB, 0xBB, 0xBB, 0xBB, 0xBB, 0xBC, 0xCC, 0xCC, 0xCC, 0xCC, 0xBB, 0xBB, 
	0xBC, 0xCC, 0xCC, 0xCC, 0xCC, 0xCC, 0xB9, 0x88, 0xAB, 0xCC, 0xCC, 0xCD, 0xDD, 0xDD, 0xDD, 
	0xDD, 0xDD, 0xDD, 0xDD, 0xDD, 0xDD, 0xDD, 0xDD, 0xDD, 0xDD, 0xDD, 0xDD, 0xDD, 0xDD, 0xDD, 
	0xDD, 0xB7, 0x56, 0x68, 0x89, 0x9A, 0xBB, 0xBB, 0xB9, 0x9A, 0xAA, 0xA8, 0x65, 0x56, 0x66, 
	0x67, 0x99, 0x9B, 0xEE, 0xDD, 0xB9, 0x88, 0x88, 0x99, 0xA9, 0x88, 0x88, 0x88, 0x64, 0x44, 
	0x55, 0x54, 0x56, 0x77, 0x66, 0x66, 0x67, 0x89, 0xAA, 0xBB, 0xDF, 0xFF, 0xFF, 0xFE, 0xDD, 
	0xCB, 0x88, 0x87, 0x76, 0x66, 0x53, 0x33, 0x33, 0x44, 0x45, 0x55, 0x55, 0x55, 0x54, 0x44, 
	0x55, 0x55, 0x44, 0x45, 0x89, 0x99, 0xCE, 0xEA, 0x9A, 0xBC, 0xCB, 0x89, 0xBC, 0xCB, 0xA9, 
	0xAB, 0xBA, 0x99, 0x98, 0x76, 0x67, 0x89, 0x99, 0x99, 0x88, 0x99, 0x76, 0x67, 0x77, 0x66, 
	0x67, 0x77, 0x65, 0x55, 0x66, 0x65, 0x55, 0x66, 0x66, 0x78, 0x87, 0x77, 0x77, 0x77, 0x78, 
	0x87, 0x69, 0xED, 0xA7, 0x88, 0xAA, 0x9A, 0x96, 0x33, 0x47, 0x98, 0x88, 0x88, 0x88, 0x88, 
	0x77, 0x77, 0x77, 0x77, 0x77, 0x77, 0x77, 0x88, 0x88, 0x88, 0x88, 0x77, 0x77, 0x77, 0x65, 
	0x65, 0x44, 0x43, 0x33, 0x34, 0x44, 0x44, 0x46, 0x89, 0x99, 0x88, 0x78, 0x88, 0x89, 0x98, 
	0xAA, 0x98, 0x88, 0x77, 0x77, 0x77, 0x65, 0x34, 0x45, 0x56, 0x66, 0x79, 0x9A, 0xBB, 0xBB, 
	0xBB, 0xBB, 0xBB, 0xBB, 0xBB, 0xBA, 0x97, 0x78, 0x99, 0xAB, 0xBA, 0x86, 0x56, 0x55, 0x45, 
	0x78, 0x89, 0xBB, 0xBB, 0xBB, 0xBA, 0x98, 0x88, 0x77, 0x76, 0x55, 0x55, 0x55, 0x55, 0x44, 
	0x44, 0x44, 0x44, 0x43, 0x33, 0x33, 0x34, 0x44, 0x44, 0x55, 0x55, 0x55, 0x55, 0x66, 0x60, 
	0x09, 0x99, 0x99, 0x99, 0xAA, 0xAA, 0xAA, 0xAA, 0xBB, 0xBB, 0xBB, 0xBB, 0xBB, 0xBB, 0xBB, 
	0xBB, 0xBB, 0xBB, 0xBB, 0xBB, 0xBB, 0xBB, 0xBB, 0xBB, 0xBB, 0xBB, 0xBB, 0xBB, 0xBB, 0xBB, 
	0xBB, 0xBB, 0xBB, 0xBB, 0xBB, 0xBA, 0xA9, 0xAA, 0xAA, 0xAA, 0xAA, 0xAB, 0xBB, 0xBB, 0xBB, 
	0xBB, 0xBB, 0xBB, 0xBB, 0xBB, 0xBB, 0xBB, 0xBB, 0xBC, 0xCC, 0xCC, 0xCC, 0xCC, 0xBB, 0xBB, 
	0xBB, 0xCC, 0xCC, 0xCC, 0xCC, 0xCC, 0xB9, 0x88, 0x9B, 0xCC, 0xCC, 0xCC, 0xDD, 0xDD, 0xDD, 
	0xDD, 0xDD, 0xDD, 0xDD, 0xDD, 0xDD, 0xDD, 0xDD, 0xDD, 0xDD, 0xDD, 0xDD, 0xDD, 0xDD, 0xDD, 
	0xDD, 0xB5, 0x45, 0x79, 0x98, 0x8A, 0xAB, 0xBB, 0xAA, 0xAA, 0xBB, 0xB9, 0x76, 0x56, 0x66, 
	0x67, 0x89, 0x99, 0xBD, 0xDC, 0xA9, 0x98, 0x88, 0x99, 0xAA, 0x99, 0x88, 0x88, 0x87, 0x76, 
	0x65, 0x44, 0x56, 0x66, 0x66, 0x66, 0x67, 0x78, 0x9A, 0xAB, 0xDF, 0xFF, 0xFF, 0xFD, 0xDD, 
	0xCA, 0x88, 0x87, 0x77, 0x66, 0x54, 0x33, 0x44, 0x34, 0x45, 0x55, 0x55, 0x65, 0x44, 0x44, 
	0x45, 0x66, 0x65, 0x44, 0x67, 0x78, 0xCE, 0xDB, 0x9A, 0xBC, 0xC9, 0x79, 0xBC, 0xCC, 0xB9, 
	0x99, 0x99, 0x99, 0x99, 0x87, 0x66, 0x88, 0x89, 0x99, 0x98, 0x88, 0x66, 0x77, 0x66, 0x55, 
	0x67, 0x77, 0x66, 0x66, 0x66, 0x66, 0x66, 0x67, 0x76, 0x77, 0x77, 0x77, 0x76, 0x66, 0x79, 
	0x86, 0x56, 0xCD, 0xB7, 0x88, 0x9A, 0xAB, 0xA7, 0x44, 0x35, 0x88, 0x88, 0x99, 0x99, 0x88, 
	0x77, 0x77, 0x77, 0x88, 0x77, 0x77, 0x77, 0x88, 0x88, 0x77, 0x88, 0x77, 0x76, 0x65, 0x43, 
	0x55, 0x54, 0x54, 0x33, 0x34, 0x44, 0x44, 0x56, 0x89, 0x98, 0x88, 0x87, 0x78, 0x89, 0x99, 
	0x9A, 0x98, 0x77, 0x76, 0x66, 0x66, 0x64, 0x44, 0x56, 0x66, 0x67, 0x9A, 0xBB, 0xBB, 0xBB, 
	0xBB, 0xBB, 0xBB, 0xBB, 0xBB, 0xAA, 0xA8, 0x79, 0xA9, 0xAB, 0xBB, 0x86, 0x56, 0x55, 0x55, 
	0x78, 0x89, 0xBB, 0xBB, 0xBB, 0xBA, 0x98, 0x88, 0x77, 0x66, 0x55, 0x55, 0x55, 0x55, 0x44, 
	0x44, 0x44, 0x44, 0x44, 0x34, 0x43, 0x44, 0x45, 0x55, 0x55, 0x55, 0x55, 0x55, 0x66, 0x60, 
	0x09, 0x99, 0x99, 0x99, 0x9A, 0xAA, 0xAA, 0xAA, 0xBB, 0xBB, 0xBB, 0xBB, 0xBB, 0xBB, 0xBB, 
	0xBB, 0xBB, 0xBB, 0xBB, 0xBB, 0xBB, 0xBB, 0xBB, 0xBB, 0xBB, 0xBB, 0xBB, 0xBB, 0xBB, 0xBB, 
	0xBB, 0xBB, 0xBB, 0xBB, 0xBB, 0xBB, 0xA9, 0xAA, 0xAA, 0xAA, 0xAA, 0xAB, 0xBB, 0xBB, 0xBB, 
	0xBB, 0xBB, 0xBB, 0xBB, 0xBB, 0xBB, 0xBB, 0xBB, 0xBC, 0xCC, 0xCC, 0xCC, 0xCC, 0xBB, 0xBB, 
	0xBB, 0xCC, 0xCC, 0xCC, 0xCC, 0xCC, 0xB9, 0x88, 0x9B, 0xCC, 0xCC, 0xCC, 0xCD, 0xDD, 0xDD, 
	0xDD, 0xDD, 0xDD, 0xDD, 0xDD, 0xDD, 0xDD, 0xDD, 0xDD, 0xDD, 0xDD, 0xDD, 0xDD, 0xDD, 0xDD, 
	0xDD, 0xB5, 0x45, 0x89, 0x98, 0x89, 0xAB, 0xBB, 0xAA, 0xA9, 0xAB, 0xBB, 0x98, 0x76, 0x66, 
	0x67, 0x88, 0x88, 0x9A, 0xAA, 0x99, 0x88, 0x99, 0x9A, 0xBA, 0x99, 0x99, 0x88, 0x89, 0x88, 
	0x76, 0x66, 0x76, 0x77, 0x77, 0x66, 0x67, 0x78, 0x99, 0x9B, 0xDE, 0xFF, 0xFF, 0xEC, 0xBA, 
	0x98, 0x77, 0x77, 0x77, 0x76, 0x54, 0x55, 0x65, 0x44, 0x45, 0x56, 0x67, 0x76, 0x44, 0x44, 
	0x45, 0x66, 0x65, 0x44, 0x66, 0x78, 0xAB, 0xBA, 0x9A, 0xBC, 0xB8, 0x68, 0xAC, 0xCB, 0xB9, 
	0x88, 0x89, 0x99, 0x99, 0x87, 0x66, 0x78, 0x89, 0x99, 0x88, 0x88, 0x66, 0x77, 0x66, 0x56, 
	0x67, 0x77, 0x66, 0x66, 0x66, 0x66, 0x66, 0x77, 0x88, 0x78, 0x77, 0x77, 0x76, 0x66, 0x78, 
	0x65, 0x55, 0x8B, 0xA8, 0x88, 0x9A, 0x9A, 0xA7, 0x54, 0x56, 0x88, 0x78, 0x99, 0x98, 0x88, 
	0x77, 0x76, 0x67, 0x78, 0x77, 0x77, 0x77, 0x88, 0x88, 0x87, 0x88, 0x78, 0x87, 0x75, 0x46, 
	0x86, 0x44, 0x44, 0x33, 0x44, 0x45, 0x55, 0x56, 0x89, 0x98, 0x77, 0x77, 0x77, 0x89, 0x98, 
	0x89, 0x98, 0x65, 0x55, 0x56, 0x65, 0x55, 0x55, 0x67, 0x77, 0x89, 0xAB, 0xBB, 0xBB, 0xBB, 
	0xBB, 0xBB, 0xBB, 0xBB, 0xBB, 0xAA, 0xA9, 0x89, 0x98, 0x9B, 0xBB, 0x86, 0x56, 0x66, 0x66, 
	0x77, 0x89, 0xBB, 0xBB, 0xBB, 0xBA, 0x98, 0x88, 0x77, 0x66, 0x65, 0x55, 0x56, 0x55, 0x54, 
	0x44, 0x44, 0x44, 0x44, 0x44, 0x43, 0x44, 0x55, 0x55, 0x55, 0x55, 0x66, 0x66, 0x66, 0x60, 
	0x09, 0x99, 0x99, 0x99, 0x9A, 0xAA, 0xAA, 0xAA, 0xBB, 0xBB, 0xBB, 0xBB, 0xBB, 0xBB, 0xBB, 
	0xBB, 0xBB, 0xBB, 0xBB, 0xBB, 0xBB, 0xBB, 0xBB, 0xBB, 0xBB, 0xBB, 0xBB, 0xBB, 0xBB, 0xBB, 
	0xBB, 0xBB, 0xBB, 0xBB, 0xBB, 0xBA, 0xA9, 0xAA, 0xAA, 0xAA, 0xAA, 0xAB, 0xBB, 0xBB, 0xBB, 
	0xBB, 0xBB, 0xBB, 0xBB, 0xBB, 0xBB, 0xBB, 0xBB, 0xBB, 0xCC, 0xCC, 0xCC, 0xCC, 0xBB, 0xBB, 
	0xBB, 0xCC, 0xCC, 0xCC, 0xCC, 0xCC, 0xB9, 0x88, 0x9A, 0xCC, 0xCC, 0xCC, 0xDD, 0xDD, 0xDD, 
	0xDD, 0xDD, 0xDD, 0xDD, 0xDD, 0xDD, 0xDD, 0xDD, 0xDD, 0xDD, 0xDD, 0xDD, 0xDD, 0xDD, 0xDD, 
	0xDC, 0xB7, 0x56, 0x9A, 0xBA, 0xAB, 0xCD, 0xCA, 0xA9, 0x98, 0x9A, 0xCC, 0xCA, 0x97, 0x77, 
	0x78, 0x88, 0x88, 0x89, 0x99, 0x98, 0x88, 0x89, 0x9A, 0xA9, 0x88, 0x98, 0x88, 0x89, 0x98, 
	0x99, 0xA9, 0x87, 0x77, 0x77, 0x77, 0x88, 0x78, 0x99, 0x9B, 0xDE, 0xEF, 0xFF, 0xDA, 0x87, 
	0x77, 0x77, 0x78, 0x77, 0x77, 0x66, 0x77, 0x76, 0x54, 0x45, 0x56, 0x77, 0x86, 0x55, 0x55, 
	0x55, 0x66, 0x76, 0x54, 0x55, 0x56, 0xAB, 0xA9, 0x99, 0xAB, 0xB7, 0x56, 0x79, 0xAA, 0x98, 
	0x88, 0x89, 0x98, 0x99, 0x98, 0x66, 0x68, 0x99, 0x99, 0x87, 0x87, 0x66, 0x77, 0x66, 0x67, 
	0x77, 0x77, 0x66, 0x65, 0x55, 0x56, 0x67, 0x77, 0x88, 0x98, 0x77, 0x78, 0x87, 0x66, 0x87, 
	0x55, 0x44, 0x68, 0x87, 0x88, 0x99, 0x99, 0x98, 0x78, 0x8A, 0xA8, 0x66, 0x77, 0x88, 0x88, 
	0x77, 0x66, 0x67, 0x77, 0x77, 0x87, 0x77, 0x77, 0x88, 0x77, 0x77, 0x78, 0x98, 0x76, 0x38, 
	0xB9, 0x56, 0x55, 0x45, 0x55, 0x56, 0x66, 0x78, 0x9A, 0xA9, 0x87, 0x77, 0x78, 0x88, 0x88, 
	0x87, 0x77, 0x53, 0x44, 0x56, 0x66, 0x56, 0x66, 0x67, 0x89, 0xAB, 0xBC, 0xCB, 0xBB, 0xBB, 
	0xBB, 0xBB, 0xBB, 0xBB, 0xBB, 0xBA, 0x99, 0x99, 0x98, 0x8A, 0xAA, 0x96, 0x56, 0x66, 0x55, 
	0x67, 0x8A, 0xBB, 0xBB, 0xBC, 0xBA, 0x98, 0x87, 0x77, 0x76, 0x65, 0x55, 0x56, 0x55, 0x54, 
	0x44, 0x44, 0x44, 0x44, 0x44, 0x34, 0x45, 0x55, 0x55, 0x66, 0x66, 0x66, 0x66, 0x66, 0x60, 
	0x09, 0x99, 0x99, 0x99, 0xAA, 0xAA, 0xAA, 0xAA, 0xBB, 0xBB, 0xBB, 0xBB, 0xBB, 0xBB, 0xBB, 
	0xBB, 0xBB, 0xBB, 0xBB, 0xBB, 0xBB, 0xBB, 0xBB, 0xBB, 0xBB, 0xBB, 0xBB, 0xBB, 0xBB, 0xBB, 
	0xBB, 0xBB, 0xBB, 0xBB, 0xBB, 0xBB, 0xA9, 0xAA, 0xAA, 0xAA, 0xAA, 0xAB, 0xBB, 0xBB, 0xBB, 
	0xBB, 0xBB, 0xBB, 0xBB, 0xBB, 0xBB, 0xBB, 0xBB, 0xBB, 0xCC, 0xCC, 0xCC, 0xCC, 0xBB, 0xBB, 
	0xBB, 0xCC, 0xCC, 0xCC, 0xCC, 0xCC, 0xB9, 0x88, 0x9A, 0xCC, 0xCC, 0xCC, 0xDD, 0xDD, 0xDD, 
	0xDD, 0xDD, 0xDD, 0xDD, 0xDD, 0xDD, 0xDD, 0xDD, 0xDD, 0xDD, 0xDD, 0xDD, 0xDD, 0xDD, 0xDD, 
	0xDC, 0xC8, 0x56, 0x9A, 0xBC, 0xDE, 0xFF, 0xEC, 0x99, 0x88, 0x89, 0xBC, 0xCB, 0xA8, 0x77, 
	0x78, 0x88, 0x88, 0x99, 0x99, 0x99, 0x88, 0x89, 0x99, 0xA9, 0x89, 0x98, 0x89, 0xAA, 0x99, 
	0xAB, 0xCA, 0x87, 0x77, 0x88, 0x88, 0x98, 0x88, 0x89, 0x9A, 0xCE, 0xFF, 0xFF, 0xDA, 0x87, 
	0x77, 0x77, 0x77, 0x77, 0x88, 0x78, 0x88, 0x87, 0x55, 0x45, 0x67, 0x77, 0x77, 0x76, 0x66, 
	0x66, 0x66, 0x66, 0x54, 0x44, 0x56, 0xAB, 0xB9, 0x9A, 0xBB, 0xA7, 0x55, 0x57, 0x9A, 0x99, 
	0x99, 0x9A, 0xA9, 0x89, 0x99, 0x76, 0x67, 0x89, 0xAA, 0x98, 0x87, 0x66, 0x77, 0x66, 0x76, 
	0x67, 0x76, 0x66, 0x66, 0x66, 0x66, 0x77, 0x88, 0x88, 0x88, 0x77, 0x78, 0x87, 0x77, 0x87, 
	0x54, 0x34, 0x68, 0x88, 0x77, 0x9A, 0x99, 0x87, 0x79, 0xAA, 0xA7, 0x44, 0x56, 0x77, 0x87, 
	0x77, 0x76, 0x77, 0x77, 0x77, 0x77, 0x77, 0x77, 0x77, 0x77, 0x67, 0x78, 0x99, 0x87, 0x57, 
	0xBB, 0xAA, 0xA7, 0x66, 0x67, 0x77, 0x78, 0x8A, 0xAA, 0xAA, 0x98, 0x88, 0x88, 0x89, 0x98, 
	0x76, 0x54, 0x43, 0x45, 0x56, 0x77, 0x67, 0x77, 0x89, 0xAA, 0xBB, 0xBB, 0xBB, 0xBB, 0xBB, 
	0xBB, 0xBB, 0xBB, 0xBB, 0xBB, 0xBA, 0x99, 0x99, 0x98, 0x9A, 0x9A, 0x97, 0x56, 0x66, 0x65, 
	0x57, 0x8A, 0xBB, 0xBB, 0xBC, 0xBA, 0x98, 0x87, 0x77, 0x76, 0x66, 0x55, 0x55, 0x55, 0x54, 
	0x44, 0x44, 0x44, 0x44, 0x43, 0x34, 0x55, 0x55, 0x55, 0x66, 0x66, 0x66, 0x66, 0x67, 0x70, 
	0x09, 0x99, 0x99, 0x99, 0xAA, 0xAA, 0xAA, 0xAA, 0xBB, 0xBB, 0xBB, 0xBB, 0xBB, 0xBB, 0xBB, 
	0xBB, 0xBB, 0xBB, 0xBB, 0xBB, 0xBB, 0xBB, 0xBB, 0xBB, 0xBB, 0xBB, 0xBB, 0xBB, 0xBB, 0xBB, 
	0xBB, 0xBB, 0xBB, 0xBB, 0xBB, 0xBB, 0xA9, 0xAA, 0xAA, 0xAA, 0xAA, 0xAB, 0xBB, 0xBB, 0xBB, 
	0xBB, 0xBB, 0xBB, 0xBB, 0xBB, 0xBB, 0xBB, 0xBB, 0xBB, 0xCC, 0xCC, 0xCC, 0xCC, 0xBB, 0xBB, 
	0xBB, 0xCC, 0xCC, 0xCC, 0xCC, 0xCC, 0xBA, 0x88, 0x9A, 0xCC, 0xCC, 0xCD, 0xDD, 0xDD, 0xDD, 
	0xDD, 0xDD, 0xDD, 0xDD, 0xDD, 0xDD, 0xDD, 0xDD, 0xDD, 0xDD, 0xDD, 0xDD, 0xDD, 0xDD, 0xDD, 
	0xDC, 0xB7, 0x56, 0x8A, 0xCD, 0xFF, 0xFF, 0xFD, 0x98, 0x87, 0x88, 0xAB, 0xCC, 0xB9, 0x66, 
	0x67, 0x88, 0x99, 0x98, 0x89, 0x98, 0x88, 0x89, 0x9A, 0xA9, 0x88, 0x88, 0x9A, 0xAA, 0x99, 
	0xBC, 0xCA, 0x87, 0x78, 0x77, 0x88, 0x88, 0x88, 0x88, 0x9B, 0xCE, 0xFF, 0xFF, 0xEC, 0xA9, 
	0x87, 0x77, 0x77, 0x89, 0x99, 0x88, 0x88, 0x77, 0x75, 0x56, 0x77, 0x77, 0x77, 0x77, 0x76, 
	0x66, 0x66, 0x66, 0x54, 0x45, 0x56, 0x9A, 0xA9, 0x9A, 0xBB, 0xA6, 0x45, 0x67, 0x9A, 0xBB, 
	0xBB, 0xBA, 0xAA, 0x88, 0x99, 0x86, 0x67, 0x9A, 0xBA, 0x98, 0x78, 0x66, 0x67, 0x77, 0x76, 
	0x66, 0x66, 0x66, 0x66, 0x66, 0x77, 0x78, 0x88, 0x87, 0x88, 0x87, 0x88, 0x77, 0x77, 0x88, 
	0x64, 0x56, 0x78, 0x77, 0x76, 0x8A, 0x99, 0x96, 0x67, 0x89, 0x74, 0x34, 0x45, 0x67, 0x76, 
	0x66, 0x66, 0x66, 0x77, 0x77, 0x77, 0x77, 0x77, 0x77, 0x76, 0x77, 0x77, 0x88, 0x98, 0x99, 
	0xBC, 0xCC, 0xCA, 0x87, 0x77, 0x88, 0x89, 0x9A, 0xBB, 0xAA, 0xAA, 0x99, 0x99, 0x99, 0x99, 
	0x77, 0x54, 0x44, 0x46, 0x55, 0x78, 0x89, 0x99, 0xAB, 0xBB, 0xBB, 0xBB, 0xBB, 0xBB, 0xBB, 
	0xBB, 0xBB, 0xBB, 0xBB, 0xBB, 0xB9, 0x99, 0xAA, 0x99, 0x99, 0x99, 0x97, 0x56, 0x66, 0x65, 
	0x68, 0x8A, 0xBB, 0xBB, 0xBC, 0xBA, 0x98, 0x87, 0x78, 0x77, 0x66, 0x65, 0x55, 0x55, 0x54, 
	0x44, 0x44, 0x44, 0x44, 0x43, 0x44, 0x55, 0x56, 0x66, 0x66, 0x66, 0x67, 0x77, 0x67, 0x70, 
	0x09, 0x99, 0x99, 0x99, 0x9A, 0xAA, 0xAA, 0xAA, 0xBB, 0xBB, 0xBB, 0xBB, 0xBB, 0xBB, 0xBB, 
	0xBB, 0xBB, 0xBB, 0xBB, 0xBB, 0xBB, 0xBB, 0xBB, 0xBB, 0xBB, 0xBB, 0xBB, 0xBB, 0xBB, 0xBB, 
	0xBB, 0xBB, 0xBB, 0xBB, 0xBB, 0xBB, 0xA9, 0x9A, 0xAA, 0xAA, 0xAA, 0xAB, 0xBB, 0xBB, 0xBB, 
	0xBB, 0xBB, 0xBB, 0xBB, 0xBB, 0xBB, 0xBB, 0xBB, 0xBC, 0xCC, 0xCC, 0xCC, 0xCC, 0xBB, 0xBB, 
	0xBB, 0xBC, 0xCC, 0xCC, 0xCC, 0xCC, 0xBA, 0x88, 0x9A, 0xCC, 0xCC, 0xCD, 0xDD, 0xDD, 0xDD, 
	0xDD, 0xDD, 0xDD, 0xDD, 0xDD, 0xDD, 0xDD, 0xDD, 0xDD, 0xDD, 0xDD, 0xDD, 0xDD, 0xDD, 0xDD, 
	0xDD, 0xB6, 0x46, 0x9A, 0xCD, 0xFF, 0xFF, 0xEB, 0x99, 0x78, 0x89, 0x9B, 0xCC, 0xC9, 0x66, 
	0x67, 0x89, 0x98, 0x88, 0x88, 0x98, 0x88, 0x89, 0x9A, 0x98, 0x77, 0x78, 0x9A, 0xA9, 0x88, 
	0x99, 0x98, 0x77, 0x77, 0x87, 0x87, 0x78, 0x88, 0x88, 0x9B, 0xDF, 0xFF, 0xFF, 0xED, 0xA9, 
	0x87, 0x77, 0x78, 0x9A, 0xA9, 0x88, 0x77, 0x88, 0x76, 0x66, 0x77, 0x87, 0x77, 0x77, 0x77, 
	0x66, 0x66, 0x66, 0x54, 0x55, 0x66, 0x8A, 0x99, 0x9A, 0xBC, 0xA5, 0x45, 0x78, 0xAB, 0xCD, 
	0xEE, 0xEC, 0xBA, 0x98, 0x9A, 0xA8, 0x67, 0x9A, 0xBA, 0xA8, 0x77, 0x76, 0x67, 0x77, 0x76, 
	0x66, 0x66, 0x66, 0x66, 0x77, 0x87, 0x78, 0x88, 0x76, 0x78, 0x88, 0x88, 0x88, 0x88, 0x9B, 
	0xA6, 0x7A, 0xA8, 0x67, 0x76, 0x7A, 0x99, 0x86, 0x56, 0x66, 0x54, 0x34, 0x45, 0x57, 0x65, 
	0x45, 0x56, 0x67, 0x77, 0x77, 0x87, 0x88, 0x88, 0x77, 0x77, 0x87, 0x87, 0x88, 0x9A, 0xAB, 
	0xCC, 0xCC, 0xCB, 0x77, 0x77, 0x77, 0x88, 0x9A, 0xAB, 0xBB, 0xBA, 0xAA, 0xAA, 0x99, 0xA9, 
	0x98, 0x75, 0x55, 0x55, 0x66, 0x8A, 0xAB, 0xBB, 0xBB, 0xBB, 0xCB, 0xBB, 0xBB, 0xBB, 0xBB, 
	0xBB, 0xBB, 0xBB, 0xBB, 0xBB, 0xA9, 0x99, 0x99, 0x99, 0x99, 0x99, 0x87, 0x57, 0x76, 0x55, 
	0x68, 0x8A, 0xBB, 0xBB, 0xBC, 0xBA, 0x98, 0x77, 0x78, 0x76, 0x66, 0x66, 0x55, 0x55, 0x54, 
	0x44, 0x44, 0x44, 0x34, 0x44, 0x44, 0x55, 0x55, 0x55, 0x66, 0x66, 0x67, 0x77, 0x67, 0x70, 
	0x09, 0x99, 0x99, 0x99, 0x9A, 0xAA, 0xAA, 0xAA, 0xBB, 0xBB, 0xBB, 0xBB, 0xBB, 0xBB, 0xBB, 
	0xBB, 0xBB, 0xBB, 0xBB, 0xBB, 0xBB, 0xBB, 0xBB, 0xBB, 0xBB, 0xBB, 0xBB, 0xBB, 0xBB, 0xBB, 
	0xBB, 0xBB, 0xBB, 0xBB, 0xBB, 0xBB, 0xAA, 0xAA, 0xAA, 0xAA, 0xAA, 0xAB, 0xBB, 0xBB, 0xBB, 
	0xBB, 0xBB, 0xBB, 0xBB, 0xBB, 0xBB, 0xBB, 0xBB, 0xBC, 0xCC, 0xCC, 0xCC, 0xCC, 0xBB, 0xBB, 
	0xBB, 0xCC, 0xCC, 0xCC, 0xCC, 0xCC, 0xBA, 0x88, 0x9A, 0xBC, 0xCD, 0xDD, 0xCD, 0xDD, 0xDD, 
	0xDD, 0xDD, 0xDD, 0xDD, 0xDD, 0xDD, 0xDD, 0xDD, 0xDD, 0xDD, 0xDD, 0xDD, 0xDD, 0xDD, 0xDD, 
	0xDC, 0xB7, 0x45, 0x9B, 0xCC, 0xCC, 0xCC, 0xB9, 0x99, 0x88, 0x89, 0xBC, 0xCC, 0xB9, 0x66, 
	0x67, 0x88, 0x88, 0x88, 0x88, 0x89, 0x98, 0x88, 0x99, 0x86, 0x56, 0x67, 0x78, 0x88, 0x87, 
	0x66, 0x77, 0x77, 0x77, 0x78, 0x87, 0x88, 0x87, 0x78, 0x8A, 0xBD, 0xFF, 0xFF, 0xEC, 0xB8, 
	0x76, 0x67, 0x78, 0x9A, 0xA9, 0x88, 0x77, 0x88, 0x77, 0x67, 0x77, 0x87, 0x77, 0x87, 0x77, 
	0x77, 0x66, 0x66, 0x55, 0x66, 0x66, 0x8A, 0xA9, 0x9A, 0xBB, 0x95, 0x56, 0x78, 0x9C, 0xEF, 
	0xFF, 0xFE, 0xCB, 0x99, 0xAB, 0xA9, 0x78, 0x9B, 0xBC, 0xB9, 0x66, 0x65, 0x67, 0x77, 0x66, 
	0x66, 0x66, 0x67, 0x88, 0x78, 0x88, 0x88, 0x88, 0x76, 0x77, 0x88, 0x78, 0x87, 0x9A, 0xBD, 
	0xDB, 0x79, 0xA7, 0x66, 0x76, 0x79, 0x99, 0x96, 0x56, 0x77, 0x64, 0x43, 0x34, 0x66, 0x66, 
	0x44, 0x56, 0x79, 0x88, 0x77, 0x77, 0x78, 0x88, 0x88, 0x87, 0x78, 0x88, 0x88, 0x9A, 0xBB, 
	0xBC, 0xBB, 0xA8, 0x65, 0x56, 0x66, 0x67, 0xAB, 0xAA, 0xAB, 0xCD, 0xDC, 0xBA, 0xAB, 0xAA, 
	0xA9, 0x76, 0x65, 0x56, 0x66, 0x79, 0xAB, 0xBB, 0xBB, 0xBB, 0xBB, 0xBB, 0xBB, 0xBB, 0xBB, 
	0xBB, 0xBB, 0xBB, 0xBB, 0xAA, 0xA9, 0x99, 0x99, 0x99, 0x98, 0x99, 0x97, 0x58, 0x86, 0x55, 
	0x78, 0x9A, 0xBB, 0xBB, 0xBC, 0xBA, 0x98, 0x87, 0x78, 0x76, 0x66, 0x65, 0x65, 0x55, 0x55, 
	0x54, 0x44, 0x44, 0x44, 0x34, 0x45, 0x55, 0x55, 0x66, 0x66, 0x66, 0x67, 0x77, 0x77, 0x70, 
	0x09, 0x99, 0x99, 0xAA, 0x9A, 0xAA, 0xAA, 0xAA, 0xBB, 0xBB, 0xBB, 0xBB, 0xBB, 0xBB, 0xBB, 
	0xBB, 0xBB, 0xBB, 0xBB, 0xBB, 0xBB, 0xBB, 0xBB, 0xBB, 0xBB, 0xBB, 0xBB, 0xBB, 0xBB, 0xBB, 
	0xBB, 0xBB, 0xBB, 0xBB, 0xBB, 0xBB, 0xAA, 0xAA, 0xAA, 0xAA, 0xAA, 0xAB, 0xBB, 0xBB, 0xBB, 
	0xBB, 0xBB, 0xBB, 0xBB, 0xBB, 0xBB, 0xBB, 0xBB, 0xBC, 0xCC, 0xCC, 0xCC, 0xCC, 0xBB, 0xBB, 
	0xBB, 0xCC, 0xCC, 0xCC, 0xCC, 0xCC, 0xCA, 0x98, 0x9A, 0xBC, 0xCD, 0xDD, 0xDD, 0xDD, 0xDD, 
	0xDD, 0xDD, 0xDD, 0xDD, 0xDD, 0xDD, 0xDD, 0xDD, 0xDD, 0xDD, 0xDD, 0xDD, 0xDD, 0xDD, 0xDD, 
	0xDD, 0xC9, 0x56, 0xAB, 0xCB, 0xAA, 0xB9, 0x89, 0xAA, 0x88, 0x8A, 0xCC, 0xCB, 0xB8, 0x66, 
	0x56, 0x67, 0x78, 0x88, 0x88, 0x89, 0x99, 0x99, 0x89, 0x87, 0x67, 0x9A, 0x99, 0x87, 0x76, 
	0x56, 0x66, 0x65, 0x67, 0x77, 0x77, 0x77, 0x77, 0x76, 0x78, 0x9B, 0xDE, 0xED, 0xCB, 0xA8, 
	0x66, 0x67, 0x89, 0x9A, 0x98, 0x88, 0x88, 0x88, 0x87, 0x67, 0x77, 0x77, 0x88, 0x88, 0x88, 
	0x77, 0x77, 0x76, 0x66, 0x66, 0x65, 0x8A, 0xBA, 0x9A, 0xBA, 0x85, 0x67, 0x78, 0xBD, 0xFF, 
	0xFF, 0xFF, 0xDB, 0xA9, 0xAA, 0xAA, 0x88, 0xAB, 0xCD, 0xB9, 0x66, 0x54, 0x67, 0x66, 0x66, 
	0x65, 0x56, 0x67, 0x88, 0x88, 0x89, 0x99, 0x88, 0x65, 0x56, 0x66, 0x66, 0x77, 0x8A, 0xCC, 
	0xDB, 0x65, 0x55, 0x66, 0x66, 0x79, 0x99, 0x97, 0x66, 0x77, 0x64, 0x44, 0x44, 0x56, 0x66, 
	0x56, 0x66, 0x89, 0x99, 0x87, 0x76, 0x77, 0x88, 0x88, 0x88, 0x77, 0x77, 0x88, 0x89, 0xAA, 
	0x99, 0x87, 0x65, 0x44, 0x55, 0x55, 0x56, 0x9A, 0xAA, 0xAC, 0xEF, 0xFF, 0xEC, 0xCC, 0xCB, 
	0xBB, 0x97, 0x77, 0x76, 0x66, 0x78, 0x99, 0x9A, 0xAA, 0xBB, 0xAA, 0xBB, 0xBB, 0xBB, 0xBB, 
	0xBB, 0xBB, 0xBB, 0xBB, 0xA9, 0xA9, 0x99, 0x98, 0x88, 0x89, 0x99, 0x97, 0x67, 0x87, 0x55, 
	0x78, 0x9A, 0xBB, 0xBB, 0xBC, 0xBA, 0x98, 0x87, 0x77, 0x76, 0x66, 0x65, 0x65, 0x55, 0x55, 
	0x55, 0x54, 0x44, 0x44, 0x33, 0x45, 0x55, 0x55, 0x66, 0x66, 0x66, 0x66, 0x66, 0x67, 0x70, 
	0x09, 0x99, 0x99, 0x9A, 0x9A, 0xAA, 0xAA, 0xAA, 0xBB, 0xBB, 0xBB, 0xBB, 0xBB, 0xBB, 0xBB, 
	0xBB, 0xBB, 0xBB, 0xBB, 0xBB, 0xBB, 0xBB, 0xBB, 0xBB, 0xBB, 0xBB, 0xBB, 0xBB, 0xBB, 0xBB, 
	0xBB, 0xBB, 0xBB, 0xBB, 0xBB, 0xBB, 0xAA, 0xAA, 0xAA, 0xAA, 0xAA, 0xAB, 0xBB, 0xBB, 0xBB, 
	0xBB, 0xBB, 0xBB, 0xBB, 0xBB, 0xBB, 0xBB, 0xBB, 0xBC, 0xCC, 0xCC, 0xCC, 0xCC, 0xCB, 0xBB, 
	0xBB, 0xCC, 0xCC, 0xCC, 0xCC, 0xCC, 0xCA, 0x98, 0x9A, 0xBC, 0xCC, 0xDD, 0xDD, 0xDD, 0xDD, 
	0xDD, 0xDD, 0xDD, 0xDD, 0xDD, 0xDD, 0xDD, 0xDD, 0xDD, 0xDD, 0xDD, 0xDD, 0xDD, 0xDD, 0xDD, 
	0xDD, 0xCB, 0x77, 0xAC, 0xCB, 0xA8, 0x88, 0x99, 0xA9, 0x88, 0x8A, 0xCC, 0xBB, 0xA9, 0x87, 
	0x66, 0x67, 0x88, 0x88, 0x88, 0x89, 0x9A, 0x99, 0x8A, 0xA9, 0x8A, 0xBC, 0xBA, 0x98, 0x76, 
	0x66, 0x66, 0x65, 0x67, 0x77, 0x66, 0x67, 0x76, 0x76, 0x67, 0x78, 0xAB, 0xAA, 0xA9, 0x87, 
	0x76, 0x77, 0x88, 0x99, 0x98, 0x89, 0x99, 0x89, 0x87, 0x67, 0x66, 0x77, 0x88, 0x88, 0x88, 
	0x88, 0x77, 0x77, 0x77, 0x66, 0x66, 0x7A, 0xBA, 0xAA, 0xBA, 0x86, 0x66, 0x79, 0xDD, 0xFF, 
	0xFF, 0xFF, 0xDB, 0xA9, 0x99, 0xAB, 0xA9, 0xAC, 0xDD, 0xCA, 0x97, 0x55, 0x67, 0x65, 0x66, 
	0x56, 0x66, 0x66, 0x78, 0x88, 0x89, 0x98, 0x87, 0x64, 0x45, 0x66, 0x56, 0x56, 0x69, 0xBB, 
	0xA8, 0x44, 0x54, 0x56, 0x66, 0x79, 0xA9, 0x97, 0x66, 0x77, 0x65, 0x44, 0x44, 0x56, 0x65, 
	0x67, 0x66, 0x78, 0x88, 0x77, 0x76, 0x67, 0x88, 0x88, 0x88, 0x77, 0x77, 0x88, 0x89, 0x98, 
	0x65, 0x55, 0x54, 0x44, 0x44, 0x55, 0x57, 0x9A, 0xBA, 0xBD, 0xFF, 0xFF, 0xFE, 0xCC, 0xCC, 
	0xCC, 0xA8, 0x78, 0x76, 0x66, 0x66, 0x78, 0x99, 0x99, 0xAA, 0x99, 0xAA, 0xAA, 0xAB, 0xBB, 
	0xBB, 0xBB, 0xBB, 0xBB, 0xA9, 0x99, 0x99, 0x88, 0x88, 0x89, 0xAA, 0x98, 0x78, 0x87, 0x55, 
	0x67, 0x9A, 0xBB, 0xBB, 0xBC, 0xBB, 0x98, 0x87, 0x77, 0x76, 0x66, 0x55, 0x55, 0x55, 0x55, 
	0x55, 0x54, 0x44, 0x44, 0x33, 0x45, 0x55, 0x55, 0x66, 0x66, 0x66, 0x66, 0x66, 0x66, 0x70, 
	0x09, 0x99, 0x99, 0x99, 0x9A, 0xAA, 0xAA, 0xAA, 0xAB, 0xBB, 0xBB, 0xBB, 0xBB, 0xBB, 0xBB, 
	0xBB, 0xBB, 0xBB, 0xBB, 0xBB, 0xBB, 0xBB, 0xBB, 0xBB, 0xBB, 0xBB, 0xBB, 0xBB, 0xBB, 0xBB, 
	0xBB, 0xBB, 0xBB, 0xBB, 0xBB, 0xBB, 0xAA, 0xAA, 0xAA, 0xAA, 0xAA, 0xAB, 0xBB, 0xBB, 0xBB, 
	0xBB, 0xBB, 0xBB, 0xBB, 0xBB, 0xBB, 0xBB, 0xBB, 0xBC, 0xCC, 0xCC, 0xCC, 0xCC, 0xCB, 0xBB, 
	0xBB, 0xCC, 0xCC, 0xCC, 0xCC, 0xCC, 0xCA, 0x98, 0x9A, 0xBC, 0xCC, 0xDD, 0xDD, 0xDD, 0xDD, 
	0xDD, 0xDD, 0xDD, 0xDD, 0xDD, 0xDD, 0xDD, 0xDD, 0xDD, 0xDD, 0xDD, 0xDD, 0xDD, 0xDD, 0xDD, 
	0xDD, 0xDC, 0x87, 0xAB, 0xCB, 0x87, 0x78, 0x89, 0x99, 0x88, 0x89, 0xAA, 0xAB, 0xBA, 0xAA, 
	0x97, 0x78, 0x88, 0x88, 0x88, 0x88, 0x99, 0x98, 0x9A, 0xAA, 0x9B, 0xBC, 0xBB, 0xA9, 0x86, 
	0x66, 0x67, 0x77, 0x76, 0x55, 0x56, 0x66, 0x67, 0x77, 0x77, 0x78, 0x99, 0x98, 0x88, 0x88, 
	0x77, 0x88, 0x88, 0x88, 0x87, 0x89, 0x99, 0x88, 0x86, 0x66, 0x67, 0x77, 0x88, 0x88, 0x88, 
	0x88, 0x87, 0x77, 0x77, 0x66, 0x66, 0x7A, 0xBA, 0xAA, 0xBA, 0x87, 0x77, 0x67, 0xBD, 0xEE, 
	0xFF, 0xFE, 0xC9, 0x99, 0xAA, 0xAB, 0xBA, 0xBD, 0xDD, 0xCC, 0xB7, 0x55, 0x66, 0x65, 0x56, 
	0x66, 0x77, 0x77, 0x77, 0x78, 0x89, 0x98, 0x76, 0x65, 0x67, 0x76, 0x66, 0x66, 0x58, 0xA9, 
	0x64, 0x44, 0x55, 0x56, 0x66, 0x7A, 0xA9, 0x97, 0x66, 0x66, 0x65, 0x55, 0x45, 0x78, 0x88, 
	0x99, 0x86, 0x66, 0x78, 0x77, 0x76, 0x67, 0x78, 0x88, 0x88, 0x77, 0x88, 0x88, 0x89, 0x99, 
	0x65, 0x56, 0x65, 0x54, 0x45, 0x55, 0x67, 0x9B, 0xCB, 0xBD, 0xFF, 0xFF, 0xFE, 0xDC, 0xCC, 
	0xCC, 0xBA, 0xA9, 0x87, 0x76, 0x66, 0x78, 0x89, 0x99, 0x99, 0x99, 0x9A, 0x9A, 0xAA, 0xAB, 
	0xBB, 0xBB, 0xBB, 0xBB, 0xAA, 0x99, 0x99, 0x88, 0x99, 0x9A, 0xBA, 0x99, 0x88, 0x87, 0x55, 
	0x67, 0x8A, 0xBB, 0xBB, 0xBC, 0xBA, 0x98, 0x77, 0x77, 0x76, 0x66, 0x55, 0x55, 0x55, 0x55, 
	0x55, 0x55, 0x44, 0x44, 0x34, 0x45, 0x55, 0x55, 0x66, 0x66, 0x66, 0x66, 0x66, 0x66, 0x60, 
	0x09, 0x99, 0x99, 0x99, 0xAA, 0xAA, 0xAA, 0xAA, 0xAB, 0xBB, 0xBB, 0xBB, 0xBB, 0xBB, 0xBB, 
	0xBB, 0xBB, 0xBB, 0xBB, 0xBB, 0xBB, 0xBB, 0xBB, 0xBB, 0xBB, 0xBB, 0xBB, 0xBB, 0xBB, 0xBB, 
	0xBB, 0xBB, 0xBB, 0xBB, 0xBB, 0xBB, 0xAA, 0xAA, 0xAA, 0xAA, 0xAA, 0xAB, 0xBB, 0xBB, 0xBB, 
	0xBB, 0xBB, 0xBB, 0xBB, 0xBB, 0xBB, 0xBB, 0xBB, 0xBC, 0xCC, 0xCC, 0xCC, 0xCC, 0xCB, 0xBB, 
	0xBB, 0xCC, 0xCC, 0xCC, 0xCC, 0xCC, 0xCA, 0x98, 0x9A, 0xBC, 0xCD, 0xDD, 0xDD, 0xDD, 0xDD, 
	0xDD, 0xDD, 0xDD, 0xDD, 0xDD, 0xDD, 0xDD, 0xDD, 0xDD, 0xDD, 0xDD, 0xDD, 0xDD, 0xDD, 0xDD, 
	0xDD, 0xDB, 0x66, 0x9A, 0xA8, 0x77, 0x88, 0x88, 0x89, 0x99, 0x99, 0x89, 0x99, 0xAA, 0xBB, 
	0xA9, 0x88, 0x88, 0x88, 0x88, 0x78, 0x88, 0x98, 0x89, 0xA9, 0xAA, 0xAA, 0xAA, 0xA9, 0x97, 
	0x66, 0x78, 0x88, 0x75, 0x44, 0x55, 0x66, 0x67, 0x67, 0x77, 0x78, 0x99, 0x98, 0x88, 0x98, 
	0x77, 0x88, 0x88, 0x88, 0x77, 0x78, 0x98, 0x88, 0x76, 0x56, 0x67, 0x87, 0x78, 0x88, 0x88, 
	0x88, 0x87, 0x76, 0x77, 0x66, 0x66, 0x79, 0xAA, 0xAB, 0xB9, 0x87, 0x77, 0x77, 0x89, 0xBC, 
	0xCD, 0xDC, 0x98, 0x9A, 0xBC, 0xCB, 0xCB, 0xCC, 0xDD, 0xDD, 0xC9, 0x54, 0x55, 0x65, 0x66, 
	0x67, 0x77, 0x78, 0x88, 0x88, 0x9A, 0x99, 0x88, 0x78, 0x98, 0x76, 0x66, 0x77, 0x68, 0x98, 
	0x54, 0x44, 0x44, 0x55, 0x66, 0x79, 0xAA, 0x97, 0x66, 0x66, 0x66, 0x77, 0x78, 0xAB, 0xBB, 
	0xBB, 0xA8, 0x65, 0x67, 0x77, 0x76, 0x67, 0x78, 0x87, 0x88, 0x88, 0x88, 0x89, 0x88, 0x88, 
	0x75, 0x56, 0x76, 0x55, 0x56, 0x66, 0x78, 0xAC, 0xDD, 0xCD, 0xEF, 0xFF, 0xFE, 0xDC, 0xCC, 
	0xCC, 0xBC, 0xCB, 0x98, 0x77, 0x66, 0x77, 0x89, 0x99, 0x99, 0x99, 0xAA, 0xAA, 0xAA, 0xAA, 
	0xAA, 0xBB, 0xBB, 0xBB, 0xAA, 0x99, 0x98, 0x88, 0x99, 0x9B, 0xCB, 0x99, 0x88, 0x76, 0x55, 
	0x66, 0x89, 0xBB, 0xBB, 0xBB, 0xBA, 0x98, 0x87, 0x77, 0x76, 0x66, 0x55, 0x55, 0x55, 0x55, 
	0x55, 0x55, 0x44, 0x44, 0x44, 0x55, 0x55, 0x55, 0x66, 0x66, 0x66, 0x66, 0x66, 0x67, 0x70, 
	0x09, 0x99, 0x99, 0x9A, 0xAA, 0xAA, 0xAA, 0xAA, 0xAB, 0xBB, 0xBB, 0xBB, 0xBB, 0xBB, 0xBB, 
	0xBB, 0xBB, 0xBB, 0xBB, 0xBB, 0xBB, 0xBB, 0xBB, 0xBB, 0xBB, 0xBB, 0xBB, 0xBB, 0xBB, 0xBB, 
	0xBB, 0xBB, 0xBB, 0xBB, 0xBB, 0xBB, 0xAA, 0xAA, 0xAA, 0xAA, 0xAA, 0xAB, 0xBB, 0xBB, 0xBB, 
	0xBB, 0xBB, 0xBB, 0xBB, 0xBB, 0xBB, 0xBB, 0xBB, 0xBC, 0xCC, 0xCC, 0xCC, 0xCC, 0xCB, 0xBB, 
	0xBB, 0xCC, 0xCC, 0xCC, 0xCC, 0xCC, 0xCB, 0x98, 0x9A, 0xBC, 0xCD, 0xDD, 0xDD, 0xDD, 0xDD, 
	0xDD, 0xDD, 0xDD, 0xDD, 0xDD, 0xDD, 0xDD, 0xDD, 0xDD, 0xDD, 0xDD, 0xDD, 0xDD, 0xDD, 0xDD, 
	0xDD, 0xC9, 0x45, 0x9A, 0xA8, 0x67, 0x88, 0x88, 0x89, 0x99, 0xA9, 0x98, 0x89, 0xAA, 0xBB, 
	0xB9, 0x98, 0x88, 0x88, 0x77, 0x77, 0x88, 0x99, 0x99, 0x99, 0x99, 0x99, 0x9A, 0xAA, 0x98, 
	0x66, 0x78, 0x88, 0x65, 0x44, 0x56, 0x66, 0x66, 0x77, 0x77, 0x88, 0x88, 0x78, 0x88, 0x97, 
	0x66, 0x78, 0x88, 0x87, 0x77, 0x88, 0x88, 0x88, 0x76, 0x56, 0x67, 0x77, 0x78, 0x88, 0x88, 
	0x88, 0x88, 0x77, 0x77, 0x77, 0x66, 0x79, 0xAA, 0xAB, 0xBA, 0x87, 0x76, 0x77, 0x78, 0x8A, 
	0xBB, 0xBA, 0x98, 0x89, 0xAB, 0xCC, 0xCC, 0xCC, 0xDE, 0xEE, 0xEB, 0x64, 0x56, 0x66, 0x66, 
	0x67, 0x77, 0x78, 0x99, 0x99, 0xAA, 0xAA, 0x99, 0x88, 0x99, 0x87, 0x77, 0x76, 0x88, 0x86, 
	0x44, 0x34, 0x44, 0x45, 0x66, 0x68, 0xA9, 0x97, 0x76, 0x66, 0x66, 0x77, 0x88, 0xBC, 0xBA, 
	0xAB, 0xBB, 0x86, 0x66, 0x77, 0x76, 0x77, 0x88, 0x87, 0x78, 0x88, 0x88, 0x88, 0x87, 0x77, 
	0x77, 0x78, 0x76, 0x56, 0x77, 0x78, 0x89, 0xBE, 0xEE, 0xED, 0xDE, 0xFF, 0xED, 0xCC, 0xCC, 
	0xCC, 0xBB, 0xCC, 0x97, 0x76, 0x67, 0x77, 0x88, 0x88, 0x88, 0x88, 0x99, 0x99, 0x99, 0x99, 
	0x99, 0x9A, 0xAB, 0xBB, 0xAA, 0x99, 0x99, 0x88, 0x89, 0xAB, 0xCB, 0x98, 0x88, 0x76, 0x56, 
	0x66, 0x7A, 0xBB, 0xBB, 0xBB, 0xBA, 0x98, 0x87, 0x77, 0x76, 0x66, 0x65, 0x55, 0x55, 0x55, 
	0x55, 0x55, 0x44, 0x44, 0x44, 0x55, 0x55, 0x66, 0x66, 0x67, 0x77, 0x77, 0x77, 0x77, 0x70, 
	0x09, 0x99, 0x99, 0xAA, 0xAA, 0xAA, 0xAA, 0xAA, 0xAB, 0xBB, 0xBB, 0xBB, 0xBB, 0xBB, 0xBB, 
	0xBB, 0xBB, 0xBB, 0xBB, 0xBB, 0xBB, 0xBB, 0xBB, 0xBB, 0xBB, 0xBB, 0xBB, 0xBB, 0xBB, 0xBB, 
	0xBB, 0xBB, 0xBB, 0xBB, 0xBB, 0xBB, 0xAA, 0xAA, 0xAA, 0xAA, 0xAA, 0xAB, 0xBB, 0xBB, 0xBB, 
	0xBB, 0xBB, 0xBB, 0xBB, 0xBB, 0xBB, 0xBB, 0xBB, 0xBC, 0xCC, 0xCC, 0xCC, 0xCC, 0xCB, 0xBB, 
	0xBC, 0xCC, 0xCC, 0xCC, 0xCC, 0xCC, 0xCB, 0x98, 0x9A, 0xBC, 0xDD, 0xDD, 0xDD, 0xDD, 0xDD, 
	0xDD, 0xDD, 0xDD, 0xDD, 0xDD, 0xDD, 0xDD, 0xDD, 0xDD, 0xDD, 0xDD, 0xDD, 0xDD, 0xDD, 0xDD, 
	0xDD, 0xC8, 0x55, 0x9B, 0xB8, 0x78, 0x87, 0x89, 0x99, 0x9A, 0xAA, 0x99, 0x89, 0xAA, 0xAA, 
	0xA9, 0x99, 0x88, 0x88, 0x77, 0x76, 0x78, 0x9B, 0xAA, 0xA9, 0x99, 0x99, 0xAA, 0xAB, 0xA9, 
	0x76, 0x78, 0x88, 0x76, 0x55, 0x66, 0x66, 0x66, 0x67, 0x78, 0x77, 0x77, 0x78, 0x88, 0x76, 
	0x44, 0x67, 0x88, 0x88, 0x88, 0x99, 0x88, 0x77, 0x76, 0x55, 0x66, 0x77, 0x77, 0x87, 0x88, 
	0x99, 0x99, 0x98, 0x87, 0x77, 0x77, 0x8A, 0xBA, 0xAA, 0xBA, 0x87, 0x77, 0x77, 0x78, 0x89, 
	0x99, 0x99, 0x88, 0x78, 0x89, 0xBC, 0xDD, 0xCD, 0xEE, 0xEF, 0xFD, 0x96, 0x67, 0x66, 0x77, 
	0x77, 0x77, 0x89, 0xAB, 0xBA, 0xAB, 0xBB, 0xAA, 0xA8, 0x88, 0x87, 0x67, 0x67, 0x88, 0x75, 
	0x44, 0x44, 0x44, 0x55, 0x66, 0x68, 0x99, 0x87, 0x66, 0x66, 0x66, 0x67, 0x77, 0xAB, 0xBA, 
	0x9B, 0xCC, 0xB7, 0x66, 0x77, 0x66, 0x77, 0x88, 0x77, 0x77, 0x88, 0x88, 0x87, 0x77, 0x78, 
	0x77, 0x88, 0x87, 0x66, 0x77, 0x89, 0xAB, 0xDF, 0xFF, 0xFD, 0xCC, 0xDD, 0xDC, 0xCC, 0xCC, 
	0xBB, 0xAA, 0xAA, 0x87, 0x66, 0x78, 0x88, 0x88, 0x88, 0x77, 0x77, 0x77, 0x88, 0x88, 0x88, 
	0x88, 0x89, 0xAA, 0xBB, 0xAA, 0x99, 0x99, 0x98, 0x89, 0x9B, 0xAA, 0x98, 0x77, 0x75, 0x55, 
	0x66, 0x79, 0xBB, 0xBB, 0xBB, 0xBA, 0x98, 0x77, 0x77, 0x76, 0x66, 0x66, 0x66, 0x66, 0x66, 
	0x66, 0x66, 0x65, 0x55, 0x55, 0x56, 0x66, 0x67, 0x77, 0x77, 0x77, 0x77, 0x77, 0x77, 0x70, 
	0x09, 0x99, 0x99, 0x99, 0xAA, 0xAA, 0xAA, 0xAA, 0xAB, 0xBB, 0xBB, 0xBB, 0xBB, 0xBB, 0xBB, 
	0xBB, 0xBB, 0xBB, 0xBB, 0xBB, 0xBB, 0xBB, 0xBB, 0xBB, 0xBB, 0xBB, 0xBB, 0xBB, 0xBB, 0xBB, 
	0xBB, 0xBB, 0xBB, 0xBB, 0xBB, 0xBB, 0xBA, 0xAA, 0xAA, 0xAA, 0xAA, 0xAB, 0xBB, 0xBB, 0xBB, 
	0xBB, 0xBB, 0xBB, 0xBB, 0xBB, 0xBB, 0xBB, 0xBB, 0xBC, 0xCC, 0xCC, 0xCC, 0xCC, 0xCB, 0xBB, 
	0xBC, 0xCC, 0xCC, 0xCC, 0xCC, 0xCC, 0xCB, 0x98, 0x9A, 0xBC, 0xDD, 0xDD, 0xDD, 0xDD, 0xDD, 
	0xDD, 0xDD, 0xDD, 0xDD, 0xDD, 0xDD, 0xDD, 0xDD, 0xDD, 0xDD, 0xDD, 0xDD, 0xDD, 0xDD, 0xDD, 
	0xDC, 0xB7, 0x66, 0xAC, 0xB8, 0x79, 0x89, 0xAA, 0x99, 0xAA, 0xBB, 0xAA, 0x99, 0x99, 0x99, 
	0x99, 0x88, 0x88, 0x88, 0x88, 0x76, 0x78, 0x9B, 0xBA, 0x99, 0x89, 0x99, 0xAB, 0xBA, 0xA8, 
	0x77, 0x67, 0x77, 0x76, 0x56, 0x66, 0x55, 0x66, 0x67, 0x77, 0x65, 0x66, 0x77, 0x88, 0x66, 
	0x43, 0x46, 0x88, 0x99, 0x89, 0x99, 0x87, 0x77, 0x66, 0x55, 0x56, 0x67, 0x78, 0x88, 0x89, 
	0x99, 0x99, 0xA9, 0x98, 0x88, 0x87, 0x8B, 0xBB, 0xAA, 0xAA, 0x87, 0x77, 0x88, 0x87, 0x88, 
	0x88, 0x88, 0x88, 0x78, 0x99, 0x9B, 0xCD, 0xDD, 0xDF, 0xFF, 0xFE, 0xB8, 0x67, 0x76, 0x77, 
	0x77, 0x89, 0x9A, 0xCD, 0xDD, 0xCD, 0xEC, 0xAA, 0xA8, 0x77, 0x66, 0x67, 0x67, 0x88, 0x64, 
	0x44, 0x45, 0x44, 0x45, 0x66, 0x68, 0x99, 0x86, 0x66, 0x66, 0x66, 0x66, 0x77, 0x9C, 0xB9, 
	0x9A, 0xCC, 0xB8, 0x67, 0x77, 0x66, 0x77, 0x87, 0x77, 0x77, 0x78, 0x88, 0x87, 0x77, 0x78, 
	0x76, 0x78, 0x77, 0x66, 0x67, 0x89, 0xAB, 0xEF, 0xFF, 0xFF, 0xDC, 0xCC, 0xCC, 0xCC, 0xBB, 
	0xBA, 0xA9, 0x97, 0x77, 0x77, 0x89, 0xA9, 0x99, 0x99, 0x88, 0x87, 0x77, 0x66, 0x66, 0x66, 
	0x67, 0x78, 0xAA, 0xAA, 0x99, 0x9A, 0x98, 0x98, 0x89, 0xAA, 0x99, 0x98, 0x77, 0x75, 0x55, 
	0x66, 0x79, 0xBB, 0xBB, 0xBB, 0xBB, 0x99, 0x88, 0x88, 0x88, 0x87, 0x78, 0x88, 0x88, 0x78, 
	0x87, 0x77, 0x77, 0x77, 0x77, 0x78, 0x88, 0x88, 0x88, 0x88, 0x88, 0x88, 0x88, 0x88, 0x80, 
	0x0A, 0x99, 0x99, 0x99, 0xAA, 0xAA, 0xAA, 0xAA, 0xAB, 0xBB, 0xBB, 0xBB, 0xBB, 0xBB, 0xBB, 
	0xBB, 0xBB, 0xBB, 0xBB, 0xBB, 0xBB, 0xBB, 0xBB, 0xBB, 0xBB, 0xBB, 0xBB, 0xBB, 0xBB, 0xBB, 
	0xBB, 0xBB, 0xBB, 0xBB, 0xBB, 0xBB, 0xBA, 0xAA, 0xAA, 0xAA, 0xAA, 0xAB, 0xBB, 0xBB, 0xBB, 
	0xBB, 0xBB, 0xBB, 0xBB, 0xBB, 0xBB, 0xBB, 0xBB, 0xBC, 0xCC, 0xCC, 0xCC, 0xCC, 0xCC, 0xBB, 
	0xBC, 0xCC, 0xCC, 0xCC, 0xCC, 0xCC, 0xCB, 0xA9, 0x89, 0xBC, 0xDD, 0xDD, 0xDD, 0xDD, 0xDD, 
	0xDD, 0xDD, 0xDD, 0xDD, 0xDD, 0xDD, 0xDD, 0xDD, 0xDD, 0xDD, 0xDD, 0xDD, 0xDD, 0xDD, 0xDD, 
	0xDD, 0xC8, 0x68, 0xAC, 0xB8, 0xAA, 0xAA, 0xBA, 0xA9, 0xAB, 0xBA, 0xAA, 0x9A, 0xA9, 0x98, 
	0x99, 0x89, 0x99, 0x99, 0x88, 0x87, 0x78, 0x9A, 0xA9, 0x99, 0x99, 0xAA, 0xAB, 0xBA, 0x99, 
	0x77, 0x76, 0x77, 0x66, 0x56, 0x66, 0x66, 0x66, 0x66, 0x66, 0x55, 0x56, 0x78, 0x88, 0x76, 
	0x65, 0x56, 0x89, 0xAA, 0x99, 0x99, 0x88, 0x77, 0x66, 0x65, 0x67, 0x88, 0x89, 0xA9, 0x99, 
	0x99, 0x99, 0x99, 0x88, 0x89, 0x88, 0x8A, 0xCB, 0xAB, 0xBA, 0x88, 0x77, 0x88, 0x77, 0x77, 
	0x88, 0x87, 0x76, 0x79, 0xAA, 0xAA, 0xBC, 0xCD, 0xEF, 0xFF, 0xFF, 0xDB, 0x76, 0x76, 0x67, 
	0x77, 0x89, 0xBC, 0xDE, 0xEE, 0xFF, 0xFE, 0xA9, 0x98, 0x66, 0x66, 0x66, 0x66, 0x77, 0x64, 
	0x44, 0x45, 0x54, 0x56, 0x66, 0x68, 0xAA, 0x86, 0x66, 0x66, 0x66, 0x56, 0x77, 0xAD, 0xCA, 
	0x98, 0x9B, 0xA8, 0x77, 0x77, 0x67, 0x78, 0x87, 0x77, 0x88, 0x88, 0x88, 0x77, 0x77, 0x77, 
	0x77, 0x67, 0x77, 0x66, 0x77, 0x8B, 0xCD, 0xEF, 0xFF, 0xFF, 0xDC, 0xBB, 0xCC, 0xCC, 0xCB, 
	0xAA, 0x99, 0x88, 0x87, 0x89, 0x9A, 0xBB, 0xAA, 0xAA, 0xA9, 0x98, 0x87, 0x77, 0x66, 0x66, 
	0x66, 0x78, 0xAA, 0xA9, 0x99, 0x99, 0x98, 0x88, 0x89, 0x9A, 0xAA, 0x98, 0x87, 0x65, 0x55, 
	0x66, 0x79, 0xBB, 0xBB, 0xCB, 0xCB, 0xAA, 0xAA, 0xAA, 0xAA, 0xAA, 0xAA, 0xAA, 0xAA, 0xAA, 
	0xAA, 0xAA, 0xAA, 0xAA, 0xAA, 0xAA, 0xAA, 0xAA, 0xAA, 0xAA, 0xAA, 0xAA, 0xAA, 0x9A, 0xA0, 
	0x0A, 0x99, 0x99, 0x99, 0xAA, 0xAA, 0xAA, 0xAA, 0xAB, 0xBB, 0xBB, 0xBB, 0xBB, 0xBB, 0xBB, 
	0xBB, 0xBB, 0xBB, 0xBB, 0xBB, 0xBB, 0xBB, 0xBB, 0xBB, 0xBB, 0xBB, 0xBB, 0xBB, 0xBB, 0xBB, 
	0xBB, 0xBB, 0xBB, 0xBB, 0xBB, 0xBB, 0xBA, 0xAA, 0xAA, 0xAA, 0xAA, 0xAB, 0xBB, 0xBB, 0xBB, 
	0xBB, 0xBB, 0xBB, 0xBB, 0xBB, 0xBB, 0xBB, 0xBB, 0xCC, 0xCC, 0xCC, 0xCC, 0xCC, 0xCC, 0xBB, 
	0xBC, 0xCC, 0xCC, 0xCC, 0xCC, 0xCC, 0xCB, 0xA8, 0x89, 0xBC, 0xCD, 0xDD, 0xDD, 0xDD, 0xDD, 
	0xDD, 0xDD, 0xDD, 0xDD, 0xDD, 0xDD, 0xDD, 0xDD, 0xDD, 0xDD, 0xDD, 0xDD, 0xDD, 0xDD, 0xDD, 
	0xDD, 0xCA, 0x66, 0x9A, 0x9A, 0xAB, 0xBB, 0xBA, 0x99, 0xAB, 0xBA, 0xAA, 0xAB, 0xBB, 0xA9, 
	0x99, 0x99, 0x99, 0x99, 0x98, 0x87, 0x78, 0x99, 0x99, 0x9A, 0xAA, 0xAB, 0xBB, 0xBA, 0x99, 
	0x87, 0x77, 0x66, 0x66, 0x66, 0x66, 0x66, 0x66, 0x55, 0x44, 0x34, 0x57, 0x88, 0x87, 0x77, 
	0x77, 0x67, 0x9A, 0xAA, 0x99, 0x88, 0x88, 0x87, 0x76, 0x67, 0x89, 0xAA, 0xAA, 0xBA, 0xA9, 
	0x99, 0x88, 0x78, 0x88, 0x89, 0x88, 0x79, 0xBB, 0xAB, 0xBA, 0x88, 0x88, 0x87, 0x77, 0x77, 
	0x77, 0x66, 0x55, 0x68, 0xAB, 0xBB, 0xBB, 0xBB, 0xDF, 0xFF, 0xFF, 0xDB, 0x86, 0x77, 0x66, 
	0x79, 0x9A, 0xBD, 0xDD, 0xEF, 0xFF, 0xFE, 0x99, 0x87, 0x67, 0x77, 0x65, 0x56, 0x67, 0x64, 
	0x45, 0x65, 0x55, 0x56, 0x66, 0x68, 0xAA, 0x97, 0x76, 0x66, 0x66, 0x55, 0x66, 0x8C, 0xDC, 
	0xA9, 0x9A, 0xB8, 0x77, 0x76, 0x76, 0x78, 0x88, 0x87, 0x88, 0x88, 0x88, 0x77, 0x66, 0x66, 
	0x66, 0x66, 0x67, 0x66, 0x67, 0xAD, 0xFF, 0xFF, 0xFF, 0xFF, 0xDC, 0xAB, 0xCC, 0xCB, 0xBA, 
	0xA9, 0x88, 0x87, 0x79, 0xBC, 0xCC, 0xCC, 0xBB, 0xBB, 0xBA, 0xA9, 0x88, 0x88, 0x88, 0x87, 
	0x77, 0x79, 0xAA, 0x99, 0x99, 0x89, 0x98, 0x88, 0x98, 0x9A, 0xBB, 0xA9, 0x88, 0x65, 0x45, 
	0x66, 0x79, 0xBB, 0xBB, 0xCB, 0xCB, 0xBB, 0xBB, 0xBB, 0xBB, 0xBB, 0xBB, 0xBB, 0xBB, 0xBB, 
	0xBB, 0xBB, 0xBB, 0xBB, 0xBB, 0xBB, 0xBB, 0xBB, 0xBB, 0xBB, 0xBB, 0xBB, 0xBB, 0xBA, 0xB0, 
	0x0A, 0x99, 0x99, 0x99, 0xAA, 0xAA, 0xAA, 0xAA, 0xAB, 0xBB, 0xBB, 0xBB, 0xBB, 0xBB, 0xBB, 
	0xBB, 0xBB, 0xBB, 0xBB, 0xBB, 0xBB, 0xBB, 0xBB, 0xBB, 0xBB, 0xBB, 0xBB, 0xBB, 0xBB, 0xBB, 
	0xBB, 0xBB, 0xBB, 0xBB, 0xBB, 0xBB, 0xBA, 0xAA, 0xAA, 0xAA, 0xAA, 0xBB, 0xBB, 0xBB, 0xBB, 
	0xBC, 0xBB, 0xBB, 0xCB, 0xBB, 0xBB, 0xBB, 0xBB, 0xCC, 0xCC, 0xCC, 0xCC, 0xCC, 0xCC, 0xBB, 
	0xBC, 0xCC, 0xCC, 0xCC, 0xCC, 0xCC, 0xCB, 0xA8, 0x89, 0xBC, 0xCD, 0xDD, 0xDD, 0xDD, 0xDD, 
	0xDD, 0xDD, 0xDD, 0xDD, 0xDD, 0xDD, 0xDD, 0xDD, 0xDD, 0xDD, 0xDD, 0xDD, 0xDD, 0xDD, 0xDD, 
	0xDD, 0xCA, 0x65, 0x78, 0x9B, 0xCB, 0xBB, 0xBA, 0x99, 0xBB, 0xAA, 0xAB, 0xBC, 0xCC, 0xBA, 
	0xA9, 0xAA, 0x99, 0xAA, 0x99, 0x88, 0x89, 0x99, 0x99, 0xAB, 0xBB, 0xBB, 0xBB, 0xBA, 0xA9, 
	0x97, 0x77, 0x77, 0x66, 0x67, 0x76, 0x66, 0x65, 0x54, 0x43, 0x35, 0x68, 0x88, 0x87, 0x78, 
	0x88, 0x77, 0x89, 0x99, 0x88, 0x88, 0x88, 0x87, 0x77, 0x78, 0x9A, 0xBB, 0xBB, 0xAA, 0xA9, 
	0x98, 0x76, 0x77, 0x77, 0x88, 0x88, 0x89, 0xAA, 0xAA, 0xA9, 0x99, 0x98, 0x87, 0x76, 0x66, 
	0x55, 0x44, 0x44, 0x56, 0x8A, 0xBC, 0xCC, 0xCA, 0xCF, 0xFF, 0xFF, 0xC9, 0x66, 0x67, 0x67, 
	0x89, 0xAA, 0x9A, 0xCD, 0xEF, 0xFF, 0xFE, 0x97, 0x76, 0x78, 0x76, 0x55, 0x45, 0x67, 0x65, 
	0x45, 0x55, 0x54, 0x55, 0x66, 0x57, 0x9A, 0x87, 0x77, 0x76, 0x65, 0x55, 0x66, 0x79, 0xCD, 
	0xCB, 0xAC, 0xDB, 0x87, 0x76, 0x77, 0x88, 0x88, 0x88, 0x89, 0x99, 0x99, 0x87, 0x66, 0x66, 
	0x56, 0x66, 0x66, 0x77, 0x78, 0xBE, 0xFF, 0xFF, 0xFE, 0xDC, 0xBB, 0xBB, 0xDD, 0xCB, 0xBA, 
	0x98, 0x88, 0x87, 0x7B, 0xEE, 0xED, 0xCC, 0xCC, 0xCC, 0xBB, 0xBA, 0xA9, 0x9A, 0xAA, 0x99, 
	0x98, 0x9A, 0xAB, 0xA9, 0x99, 0x99, 0x99, 0x89, 0x98, 0x89, 0xBB, 0xA9, 0x88, 0x75, 0x45, 
	0x66, 0x8A, 0xBB, 0xBB, 0xCB, 0xBB, 0xBB, 0xBB, 0xBB, 0xBB, 0xBB, 0xBB, 0xBB, 0xBB, 0xBB, 
	0xBB, 0xBB, 0xBB, 0xBB, 0xBB, 0xBB, 0xBB, 0xBB, 0xBB, 0xBB, 0xBB, 0xBB, 0xBB, 0xBB, 0xB0, 
	0x0A, 0x99, 0x99, 0x9A, 0xAA, 0xAA, 0xAA, 0xAA, 0xAB, 0xBB, 0xBB, 0xBB, 0xBB, 0xBB, 0xBB, 
	0xBB, 0xBB, 0xBB, 0xBB, 0xBB, 0xBB, 0xBB, 0xBB, 0xBB, 0xBB, 0xBB, 0xBB, 0xBB, 0xBB, 0xBB, 
	0xBB, 0xBB, 0xBB, 0xBB, 0xBB, 0xBB, 0xBA, 0xAA, 0xAA, 0xAA, 0xAA, 0xBB, 0xBB, 0xBB, 0xBB, 
	0xBB, 0xBB, 0xBB, 0xCB, 0xBB, 0xBB, 0xBB, 0xBB, 0xCC, 0xCC, 0xCC, 0xCC, 0xCC, 0xCC, 0xBB, 
	0xBC, 0xCC, 0xCC, 0xCC, 0xCC, 0xCC, 0xCC, 0xA8, 0x89, 0xAC, 0xCD, 0xDD, 0xDD, 0xDD, 0xDD, 
	0xDD, 0xDD, 0xDD, 0xDD, 0xDD, 0xDD, 0xDD, 0xDD, 0xDD, 0xDD, 0xDD, 0xDD, 0xDD, 0xDD, 0xDD, 
	0xDD, 0xC9, 0x64, 0x68, 0xAA, 0xBA, 0xBC, 0xCC, 0xAA, 0xBA, 0x9A, 0xBB, 0xBC, 0xCC, 0xCB, 
	0xBB, 0xBB, 0xAA, 0xBA, 0xA9, 0x88, 0x99, 0xA9, 0x99, 0xAB, 0xBB, 0xAA, 0x9A, 0xAA, 0xA9, 
	0x98, 0x88, 0x87, 0x78, 0x77, 0x77, 0x65, 0x44, 0x43, 0x34, 0x56, 0x78, 0x88, 0x87, 0x78, 
	0x87, 0x76, 0x78, 0x88, 0x88, 0x88, 0x88, 0x87, 0x78, 0x88, 0x9A, 0xBA, 0xAA, 0xAA, 0x99, 
	0x87, 0x66, 0x66, 0x67, 0x88, 0x98, 0x88, 0x99, 0x88, 0x88, 0x88, 0x88, 0x87, 0x65, 0x54, 
	0x44, 0x34, 0x45, 0x78, 0xAA, 0xAB, 0xBB, 0xBA, 0xDF, 0xFF, 0xFE, 0xB6, 0x57, 0x77, 0x78, 
	0x9A, 0xBA, 0xA9, 0xBD, 0xEE, 0xEE, 0xED, 0x96, 0x66, 0x89, 0x75, 0x54, 0x44, 0x56, 0x65, 
	0x44, 0x45, 0x55, 0x56, 0x66, 0x67, 0x99, 0x86, 0x67, 0x66, 0x65, 0x55, 0x67, 0x67, 0x8C, 
	0xDC, 0xCD, 0xDD, 0xA6, 0x77, 0x77, 0x78, 0x88, 0x88, 0x89, 0x99, 0x99, 0x88, 0x76, 0x66, 
	0x55, 0x67, 0x66, 0x77, 0x89, 0xCF, 0xFF, 0xFF, 0xED, 0xCB, 0xAA, 0xBB, 0xDD, 0xCB, 0xA9, 
	0x88, 0x87, 0x78, 0x8B, 0xFF, 0xFE, 0xDC, 0xDC, 0xCC, 0xCC, 0xBB, 0xAA, 0xAA, 0xAA, 0xAA, 
	0xAA, 0xAA, 0xBB, 0xBA, 0x99, 0x99, 0x99, 0x99, 0x89, 0x89, 0xAB, 0xA9, 0x99, 0x86, 0x45, 
	0x66, 0x79, 0xBB, 0xBB, 0xBB, 0xBB, 0xBB, 0xBB, 0xBB, 0xBB, 0xBB, 0xBB, 0xBB, 0xBB, 0xBB, 
	0xBB, 0xBB, 0xBB, 0xBB, 0xBB, 0xBB, 0xBB, 0xBB, 0xBB, 0xBB, 0xBB, 0xBB, 0xBB, 0xBB, 0xB0, 
	0x0A, 0x99, 0x99, 0x9A, 0xAA, 0xAA, 0xAA, 0xAA, 0xAB, 0xBB, 0xBB, 0xBB, 0xBB, 0xBB, 0xBB, 
	0xBB, 0xBB, 0xBB, 0xBB, 0xBB, 0xBB, 0xBB, 0xBB, 0xBB, 0xBB, 0xBB, 0xBB, 0xBB, 0xBB, 0xBB, 
	0xBB, 0xBB, 0xBB, 0xBB, 0xBB, 0xBB, 0xBA, 0xAA, 0xAA, 0xAA, 0xAA, 0xBB, 0xBB, 0xBB, 0xBB, 
	0xBB, 0xBB, 0xBB, 0xCB, 0xBB, 0xBB, 0xBB, 0xBB, 0xCC, 0xCC, 0xCC, 0xCC, 0xCC, 0xCC, 0xBB, 
	0xCC, 0xCC, 0xCC, 0xCC, 0xCC, 0xCC, 0xCC, 0xA9, 0x89, 0xAC, 0xCD, 0xDD, 0xDD, 0xDD, 0xDD, 
	0xDD, 0xDD, 0xDD, 0xDD, 0xDD, 0xDD, 0xDD, 0xDD, 0xDD, 0xDD, 0xDD, 0xDD, 0xDD, 0xDD, 0xDD, 
	0xDD, 0xBA, 0x75, 0x68, 0xBB, 0xBA, 0xBC, 0xDD, 0xCB, 0xBA, 0x99, 0xBB, 0xCC, 0xCC, 0xCC, 
	0xBB, 0xBA, 0x9A, 0xAA, 0xA9, 0x99, 0x99, 0x99, 0x99, 0xAA, 0xA9, 0x99, 0x89, 0x99, 0x98, 
	0x88, 0x88, 0x88, 0x88, 0x88, 0x76, 0x54, 0x34, 0x33, 0x45, 0x67, 0x78, 0x98, 0x87, 0x77, 
	0x77, 0x76, 0x78, 0x99, 0x98, 0x88, 0x88, 0x77, 0x77, 0x88, 0x88, 0x9A, 0xAA, 0x99, 0x99, 
	0x87, 0x66, 0x55, 0x67, 0x89, 0x98, 0x88, 0x87, 0x77, 0x77, 0x77, 0x77, 0x77, 0x65, 0x54, 
	0x44, 0x44, 0x56, 0x89, 0xAB, 0xA9, 0x88, 0x9A, 0xCF, 0xFF, 0xFE, 0xA6, 0x78, 0x77, 0x89, 
	0xAB, 0xBA, 0xAB, 0xCD, 0xDD, 0xCC, 0xCA, 0x76, 0x67, 0x89, 0x75, 0x44, 0x44, 0x56, 0x55, 
	0x34, 0x55, 0x55, 0x56, 0x66, 0x67, 0x9A, 0x86, 0x67, 0x77, 0x65, 0x45, 0x67, 0x66, 0x58, 
	0xA7, 0x7C, 0xDD, 0xB7, 0x66, 0x78, 0x88, 0x89, 0x88, 0x99, 0xAA, 0x99, 0x98, 0x76, 0x66, 
	0x55, 0x67, 0x66, 0x77, 0x9A, 0xDF, 0xFF, 0xFF, 0xDD, 0xCC, 0xBB, 0xBB, 0xCC, 0xBA, 0x99, 
	0x87, 0x87, 0x77, 0x8C, 0xFF, 0xFF, 0xDD, 0xCC, 0xCC, 0xCC, 0xCB, 0xBB, 0xBB, 0xBB, 0xBB, 
	0xBB, 0xBB, 0xBB, 0xBB, 0xA9, 0x99, 0x98, 0x88, 0x99, 0x9A, 0xBA, 0x99, 0x99, 0x98, 0x66, 
	0x77, 0x8A, 0xBB, 0xBB, 0xBB, 0xBB, 0xBB, 0xCB, 0xBB, 0xBB, 0xBB, 0xBB, 0xBB, 0xBB, 0xBB, 
	0xBB, 0xBB, 0xBB, 0xBB, 0xBB, 0xBB, 0xBB, 0xBB, 0xBB, 0xBB, 0xBB, 0xBB, 0xBB, 0xBB, 0xB0, 
	0x0A, 0x99, 0x99, 0xAA, 0xAA, 0xAA, 0xAA, 0xAA, 0xAB, 0xBB, 0xBB, 0xBB, 0xBB, 0xBB, 0xBB, 
	0xBB, 0xBB, 0xBB, 0xBB, 0xBB, 0xBB, 0xBB, 0xBB, 0xBB, 0xBB, 0xBB, 0xBB, 0xBB, 0xBB, 0xBB, 
	0xBB, 0xBB, 0xBB, 0xBB, 0xBB, 0xBB, 0xBA, 0xAA, 0xAA, 0xAA, 0xAA, 0xBB, 0xBB, 0xBB, 0xBB, 
	0xBB, 0xBB, 0xBB, 0xBB, 0xBB, 0xBB, 0xBB, 0xBB, 0xCC, 0xCC, 0xCC, 0xCC, 0xCC, 0xCC, 0xCB, 
	0xCC, 0xCC, 0xCC, 0xCC, 0xCC, 0xCC, 0xCC, 0xA9, 0x89, 0xAC, 0xCD, 0xDD, 0xDD, 0xDD, 0xDD, 
	0xDD, 0xDD, 0xDD, 0xDD, 0xDD, 0xDD, 0xDD, 0xDD, 0xDD, 0xDD, 0xDD, 0xDD, 0xDD, 0xDD, 0xDD, 
	0xDC, 0xCB, 0xB9, 0x79, 0xBB, 0xBB, 0xBC, 0xDD, 0xCC, 0xBB, 0xA9, 0xBC, 0xDD, 0xDE, 0xDD, 
	0xC9, 0x88, 0x89, 0x99, 0x99, 0x99, 0x99, 0x99, 0x99, 0xAA, 0x98, 0x99, 0x88, 0x99, 0x88, 
	0x88, 0x87, 0x88, 0x87, 0x78, 0x76, 0x43, 0x33, 0x33, 0x56, 0x77, 0x89, 0x99, 0x98, 0x77, 
	0x77, 0x77, 0x89, 0x9A, 0x99, 0x99, 0x88, 0x77, 0x77, 0x77, 0x87, 0x89, 0xA9, 0xA9, 0x98, 
	0x87, 0x66, 0x66, 0x68, 0x99, 0x99, 0x98, 0x76, 0x66, 0x77, 0x77, 0x78, 0x88, 0x76, 0x55, 
	0x55, 0x66, 0x67, 0x89, 0xAA, 0x98, 0x78, 0x88, 0xAC, 0xFF, 0xDB, 0x86, 0x77, 0x77, 0x78, 
	0x9A, 0xAA, 0xAA, 0xAC, 0xCC, 0xBA, 0x97, 0x66, 0x77, 0x88, 0x75, 0x55, 0x44, 0x55, 0x55, 
	0x35, 0x55, 0x55, 0x55, 0x56, 0x67, 0xAA, 0x86, 0x67, 0x77, 0x65, 0x55, 0x66, 0x65, 0x55, 
	0x45, 0x48, 0xBC, 0xBA, 0x76, 0x77, 0x88, 0x89, 0x88, 0x89, 0xAA, 0xA9, 0x98, 0x76, 0x66, 
	0x66, 0x66, 0x66, 0x77, 0x8A, 0xEF, 0xFF, 0xFE, 0xDC, 0xCC, 0xBA, 0xAA, 0xBB, 0xBA, 0x88, 
	0x77, 0x87, 0x77, 0x9C, 0xFF, 0xFF, 0xEC, 0xCC, 0xCC, 0xCC, 0xCC, 0xBB, 0xBB, 0xBB, 0xBB, 
	0xBB, 0xBB, 0xBB, 0xBB, 0xAA, 0xAA, 0x98, 0x89, 0xBA, 0x9A, 0xBB, 0xA9, 0x99, 0x88, 0x66, 
	0x88, 0x8A, 0xBB, 0xBB, 0xBB, 0xBB, 0xBB, 0xBB, 0xBB, 0xBB, 0xBB, 0xBB, 0xBB, 0xBB, 0xBB, 
	0xBB, 0xBB, 0xBB, 0xBB, 0xBB, 0xBB, 0xBB, 0xBB, 0xBB, 0xBB, 0xBB, 0xBB, 0xBB, 0xBB, 0xB0, 
	0x0A, 0xA9, 0x99, 0xAA, 0xAA, 0xAA, 0xAA, 0xAA, 0xAB, 0xBB, 0xBB, 0xBB, 0xBB, 0xBB, 0xBB, 
	0xBB, 0xBB, 0xBB, 0xBB, 0xBB, 0xBB, 0xBB, 0xBB, 0xBB, 0xBB, 0xBB, 0xBB, 0xBB, 0xBB, 0xBB, 
	0xBB, 0xBB, 0xBB, 0xBB, 0xBB, 0xBB, 0xBB, 0xAA, 0xAA, 0xAA, 0xAA, 0xBB, 0xBB, 0xBB, 0xBB, 
	0xBB, 0xBB, 0xBB, 0xCC, 0xBB, 0xBB, 0xBB, 0xBB, 0xBC, 0xCC, 0xCC, 0xCC, 0xCC, 0xCC, 0xCB, 
	0xCC, 0xCC, 0xCC, 0xCC, 0xCC, 0xCC, 0xCC, 0xA9, 0x89, 0xAB, 0xCD, 0xDD, 0xDD, 0xDD, 0xDD, 
	0xDD, 0xDD, 0xDD, 0xDD, 0xDD, 0xDD, 0xDD, 0xDD, 0xDD, 0xDD, 0xDD, 0xDD, 0xDD, 0xDD, 0xDD, 
	0xDC, 0xCC, 0xC9, 0x69, 0xBC, 0xCC, 0xBC, 0xDD, 0xDD, 0xCB, 0xAA, 0xBD, 0xEE, 0xFF, 0xFE, 
	0xC8, 0x77, 0x99, 0x99, 0x99, 0x88, 0x99, 0x99, 0x99, 0x9A, 0xA9, 0x99, 0x88, 0x88, 0x87, 
	0x77, 0x88, 0x88, 0x87, 0x77, 0x76, 0x54, 0x43, 0x44, 0x66, 0x77, 0x89, 0x99, 0x99, 0x88, 
	0x88, 0x88, 0x99, 0x9A, 0xA9, 0x99, 0x88, 0x77, 0x77, 0x88, 0x88, 0x89, 0xAA, 0xA9, 0x98, 
	0x87, 0x76, 0x66, 0x78, 0x88, 0x99, 0x98, 0x87, 0x77, 0x77, 0x77, 0x88, 0x88, 0x77, 0x66, 
	0x66, 0x77, 0x88, 0xAA, 0xA9, 0x88, 0x77, 0x87, 0x78, 0xAA, 0xA9, 0x97, 0x66, 0x77, 0x77, 
	0x88, 0x89, 0x98, 0x89, 0xBB, 0xAA, 0x87, 0x77, 0x77, 0x77, 0x76, 0x55, 0x44, 0x55, 0x54, 
	0x45, 0x56, 0x55, 0x55, 0x56, 0x67, 0xAA, 0x87, 0x77, 0x77, 0x66, 0x55, 0x55, 0x55, 0x55, 
	0x55, 0x45, 0x7B, 0xCD, 0xBA, 0x88, 0x88, 0x88, 0x88, 0x89, 0xAB, 0xA9, 0x98, 0x87, 0x76, 
	0x66, 0x66, 0x67, 0x88, 0x9B, 0xEF, 0xFF, 0xFD, 0xDC, 0xCC, 0xBA, 0xAA, 0x9A, 0xA9, 0x87, 
	0x77, 0x78, 0x78, 0x9B, 0xFF, 0xFF, 0xDC, 0xCC, 0xCC, 0xCC, 0xCC, 0xCC, 0xCC, 0xBB, 0xBB, 
	0xBB, 0xBB, 0xBB, 0xBB, 0xBA, 0xAA, 0x99, 0x89, 0xBA, 0x9A, 0xBB, 0xA9, 0x89, 0x87, 0x56, 
	0x99, 0x9A, 0xBB, 0xBB, 0xBB, 0xBB, 0xBB, 0xBB, 0xBB, 0xBB, 0xBB, 0xBB, 0xBB, 0xBB, 0xBB, 
	0xBB, 0xBB, 0xBB, 0xBB, 0xBB, 0xBB, 0xBB, 0xBB, 0xBB, 0xBB, 0xBB, 0xBB, 0xBB, 0xBB, 0xB0, 
	0x0A, 0xA9, 0x99, 0xAA, 0xAA, 0xAA, 0xAA, 0xAA, 0xAB, 0xBB, 0xBB, 0xBB, 0xBB, 0xBB, 0xBB, 
	0xBB, 0xBB, 0xBB, 0xBB, 0xBB, 0xBB, 0xBB, 0xBB, 0xBB, 0xBB, 0xBB, 0xBB, 0xBB, 0xBB, 0xBB, 
	0xBB, 0xBB, 0xBB, 0xBB, 0xBB, 0xBB, 0xBB, 0xAA, 0xAA, 0xAA, 0xAA, 0xBB, 0xBB, 0xBB, 0xBB, 
	0xBB, 0xBB, 0xBB, 0xCC, 0xBB, 0xBB, 0xBB, 0xBB, 0xBC, 0xCC, 0xCC, 0xCC, 0xCC, 0xCC, 0xBB, 
	0xCC, 0xCC, 0xCC, 0xCC, 0xCD, 0xDC, 0xCC, 0xB9, 0x89, 0xAB, 0xCD, 0xDD, 0xDD, 0xDD, 0xDD, 
	0xDD, 0xDD, 0xDD, 0xDD, 0xDD, 0xDD, 0xDD, 0xDD, 0xDD, 0xDD, 0xDD, 0xDD, 0xDD, 0xDD, 0xDD, 
	0xDD, 0xDD, 0xB7, 0x59, 0xCC, 0xCC, 0xCC, 0xDD, 0xDD, 0xCB, 0xBB, 0xCD, 0xEF, 0xFF, 0xFF, 
	0xE9, 0x77, 0x99, 0x98, 0x99, 0x99, 0x99, 0x99, 0x99, 0xAA, 0xA9, 0x88, 0x88, 0x87, 0x77, 
	0x87, 0x77, 0x88, 0x77, 0x88, 0x87, 0x65, 0x44, 0x45, 0x77, 0x77, 0x88, 0x99, 0x99, 0x99, 
	0x99, 0x99, 0x99, 0x9A, 0xA9, 0x99, 0x88, 0x77, 0x78, 0x88, 0x88, 0x9A, 0xAA, 0xA9, 0x99, 
	0x88, 0x76, 0x66, 0x67, 0x88, 0x89, 0x99, 0x98, 0x88, 0x77, 0x77, 0x88, 0x88, 0x87, 0x76, 
	0x76, 0x88, 0x9A, 0xBA, 0xAA, 0x87, 0x77, 0x77, 0x77, 0x89, 0x8A, 0x97, 0x66, 0x66, 0x77, 
	0x76, 0x76, 0x77, 0x76, 0x78, 0x89, 0x97, 0x77, 0x77, 0x78, 0x87, 0x55, 0x55, 0x67, 0x54, 
	0x56, 0x66, 0x55, 0x55, 0x56, 0x67, 0xAA, 0x87, 0x77, 0x78, 0x76, 0x66, 0x55, 0x55, 0x55, 
	0x55, 0x56, 0x78, 0xCD, 0xDC, 0xA8, 0x88, 0x88, 0x77, 0x89, 0xAB, 0xBA, 0x99, 0x98, 0x76, 
	0x66, 0x66, 0x67, 0x78, 0x9B, 0xEF, 0xFF, 0xFD, 0xDC, 0xDC, 0xCB, 0xAA, 0x99, 0x98, 0x88, 
	0x78, 0x77, 0x88, 0x9A, 0xEF, 0xFE, 0xBB, 0xBC, 0xCC, 0xCC, 0xCC, 0xCC, 0xCB, 0xBB, 0xBB, 
	0xBC, 0xBB, 0xBB, 0xBB, 0xBA, 0xAA, 0xA9, 0x89, 0x99, 0x99, 0xAA, 0xA9, 0x88, 0x75, 0x45, 
	0x8A, 0x9A, 0xBB, 0xBB, 0xBB, 0xBB, 0xBC, 0xCB, 0xBB, 0xBB, 0xBB, 0xBB, 0xBB, 0xBB, 0xBB, 
	0xBB, 0xBB, 0xBB, 0xBB, 0xBB, 0xBB, 0xBB, 0xBB, 0xBB, 0xBB, 0xBB, 0xBB, 0xBB, 0xBB, 0xB0, 
	0x0A, 0xA9, 0x99, 0xAA, 0xAA, 0xAA, 0xAA, 0xBA, 0xBB, 0xBB, 0xBB, 0xBB, 0xBB, 0xBB, 0xBB, 
	0xBB, 0xBB, 0xBB, 0xBB, 0xBB, 0xBB, 0xBB, 0xBB, 0xBB, 0xBB, 0xBB, 0xBB, 0xBB, 0xBB, 0xBB, 
	0xBB, 0xBB, 0xBB, 0xBB, 0xBB, 0xBB, 0xBB, 0xAA, 0xAA, 0xAA, 0xAA, 0xBB, 0xBB, 0xBB, 0xBB, 
	0xBB, 0xBB, 0xBB, 0xBC, 0xBB, 0xBB, 0xBB, 0xBB, 0xBB, 0xCC, 0xCC, 0xCC, 0xCC, 0xCC, 0xCB, 
	0xCC, 0xCC, 0xCC, 0xCC, 0xCD, 0xCD, 0xCC, 0xB9, 0x89, 0xAB, 0xCD, 0xDD, 0xDD, 0xDD, 0xDD, 
	0xDD, 0xDD, 0xDD, 0xDD, 0xDD, 0xDD, 0xDD, 0xDD, 0xDD, 0xDD, 0xDD, 0xDD, 0xDD, 0xDD, 0xDD, 
	0xDD, 0xDC, 0xA5, 0x59, 0xBC, 0xCB, 0xBC, 0xCC, 0xDC, 0xCB, 0xBB, 0xCD, 0xEF, 0xFF, 0xFF, 
	0xEA, 0x78, 0x99, 0x98, 0x99, 0x99, 0xAA, 0x99, 0x9A, 0xAA, 0x98, 0x77, 0x77, 0x67, 0x87, 
	0x77, 0x77, 0x88, 0x77, 0x78, 0x88, 0x76, 0x65, 0x66, 0x77, 0x78, 0x88, 0x99, 0x99, 0x98, 
	0x99, 0x9A, 0xAA, 0xAA, 0xAA, 0x98, 0x88, 0x77, 0x78, 0x89, 0x99, 0x9A, 0xAA, 0xA9, 0x99, 
	0x88, 0x76, 0x65, 0x67, 0x78, 0x89, 0x99, 0x9B, 0xCC, 0x98, 0x77, 0x77, 0x88, 0x77, 0x77, 
	0x67, 0x89, 0xAA, 0xBA, 0xA9, 0x87, 0x67, 0x66, 0x66, 0x89, 0x99, 0x97, 0x55, 0x67, 0x76, 
	0x66, 0x66, 0x67, 0x77, 0x87, 0x78, 0x88, 0x78, 0x77, 0x7A, 0xBB, 0x86, 0x67, 0x77, 0x65, 
	0x67, 0x76, 0x55, 0x55, 0x56, 0x67, 0x9A, 0x86, 0x77, 0x77, 0x77, 0x77, 0x66, 0x55, 0x55, 
	0x45, 0x46, 0x77, 0x9C, 0xCC, 0xA7, 0x78, 0x99, 0x88, 0x89, 0xAB, 0xAA, 0x99, 0x98, 0x77, 
	0x76, 0x66, 0x67, 0x88, 0x9B, 0xEF, 0xFF, 0xED, 0xCC, 0xCC, 0xBB, 0xBB, 0xA9, 0x99, 0x98, 
	0x77, 0x88, 0x89, 0x9A, 0xBE, 0xEB, 0x9A, 0xBB, 0xCC, 0xCC, 0xBC, 0xCC, 0xCC, 0xBB, 0xCB, 
	0xBB, 0xCB, 0xBB, 0xBB, 0xBB, 0xA9, 0x99, 0x99, 0x99, 0x9A, 0xA9, 0x98, 0x77, 0x65, 0x45, 
	0x89, 0x9A, 0xBB, 0xBB, 0xBB, 0xCB, 0xBB, 0xBB, 0xBB, 0xBB, 0xBB, 0xBB, 0xBB, 0xBB, 0xBB, 
	0xBB, 0xBB, 0xBB, 0xBB, 0xBB, 0xBB, 0xBB, 0xBB, 0xBB, 0xBB, 0xBB, 0xBB, 0xBB, 0xBB, 0xB0, 
	0x0A, 0xA9, 0x99, 0xAA, 0xAA, 0xAA, 0xAA, 0xBB, 0xAA, 0xBB, 0xBB, 0xBB, 0xBB, 0xBB, 0xBB, 
	0xBB, 0xBB, 0xBB, 0xBB, 0xBB, 0xBB, 0xBB, 0xBB, 0xBB, 0xBB, 0xBB, 0xBB, 0xBB, 0xBB, 0xBB, 
	0xBB, 0xBB, 0xBB, 0xBB, 0xBB, 0xBB, 0xBB, 0xAA, 0xAA, 0xAA, 0xAA, 0xBB, 0xBB, 0xBB, 0xBB, 
	0xBC, 0xBB, 0xBB, 0xCC, 0xBB, 0xBB, 0xBB, 0xBB, 0xBB, 0xCC, 0xCC, 0xCC, 0xCC, 0xCC, 0xCB, 
	0xBC, 0xCC, 0xCC, 0xCC, 0xCD, 0xCD, 0xCC, 0xB9, 0x89, 0xAB, 0xCD, 0xDD, 0xDD, 0xDD, 0xDD, 
	0xDD, 0xDD, 0xDD, 0xDD, 0xDD, 0xDD, 0xDD, 0xDD, 0xDD, 0xDD, 0xDD, 0xDD, 0xDD, 0xDD, 0xDD, 
	0xDD, 0xCC, 0xA6, 0x69, 0xBB, 0xAA, 0x9B, 0xBB, 0xBB, 0xBB, 0xBB, 0xCD, 0xFF, 0xFF, 0xFF, 
	0xEB, 0x99, 0xA9, 0x99, 0x9A, 0xAA, 0xAA, 0xA9, 0x99, 0x99, 0xA9, 0x86, 0x66, 0x77, 0x88, 
	0x77, 0x77, 0x77, 0x77, 0x78, 0x98, 0x87, 0x77, 0x77, 0x88, 0x88, 0x99, 0x99, 0x99, 0x99, 
	0x99, 0xAB, 0xCC, 0xBB, 0xBA, 0x99, 0x88, 0x77, 0x67, 0x89, 0x99, 0x99, 0xAA, 0xA9, 0x99, 
	0x98, 0x77, 0x66, 0x66, 0x78, 0x89, 0x99, 0xAD, 0xEE, 0xDA, 0x87, 0x78, 0x88, 0x87, 0x77, 
	0x78, 0x89, 0xAA, 0xA9, 0x98, 0x88, 0x76, 0x55, 0x45, 0x78, 0x88, 0x86, 0x45, 0x66, 0x66, 
	0x56, 0x66, 0x66, 0x67, 0x88, 0x88, 0x88, 0x77, 0x89, 0x9A, 0xCC, 0xB9, 0x88, 0x88, 0x66, 
	0x77, 0x76, 0x55, 0x55, 0x66, 0x67, 0xAA, 0x87, 0x87, 0x77, 0x77, 0x77, 0x76, 0x55, 0x55, 
	0x44, 0x45, 0x78, 0x79, 0xB9, 0x65, 0x57, 0x9A, 0x98, 0x88, 0x9A, 0xAA, 0x99, 0x88, 0x77, 
	0x88, 0x66, 0x67, 0x89, 0x8A, 0xCE, 0xEE, 0xDC, 0xBB, 0xBB, 0xBA, 0xAC, 0xBA, 0x98, 0x98, 
	0x77, 0x89, 0x9A, 0x99, 0xAA, 0x98, 0x89, 0xAB, 0xBB, 0xBB, 0xBB, 0xBB, 0xCC, 0xBB, 0xBB, 
	0xBB, 0xBB, 0xBB, 0xBB, 0xAA, 0x99, 0x98, 0x88, 0x98, 0x9B, 0xBA, 0x98, 0x77, 0x65, 0x55, 
	0x89, 0x99, 0xAB, 0xBB, 0xBB, 0xBB, 0xBB, 0xBB, 0xBB, 0xBB, 0xBB, 0xBB, 0xBA, 0xAA, 0xBB, 
	0xBB, 0xAA, 0xBB, 0xAA, 0xAA, 0xBA, 0xAB, 0xBA, 0xAA, 0xAA, 0xAA, 0xAA, 0xAA, 0xAA, 0xA0, 
	0x0A, 0xA9, 0x99, 0xAA, 0xAA, 0xAA, 0xAA, 0xBB, 0xAA, 0xBB, 0xBB, 0xBB, 0xBB, 0xBB, 0xBB, 
	0xBB, 0xBB, 0xBB, 0xBB, 0xBB, 0xBB, 0xBB, 0xBB, 0xBB, 0xBB, 0xBB, 0xBB, 0xBB, 0xBB, 0xBB, 
	0xBB, 0xBB, 0xBB, 0xBB, 0xBB, 0xBB, 0xBB, 0xAA, 0xAA, 0xAA, 0xAB, 0xBB, 0xBB, 0xBB, 0xBB, 
	0xCC, 0xCB, 0xBB, 0xCC, 0xBB, 0xBB, 0xBB, 0xBB, 0xBB, 0xCC, 0xCC, 0xCC, 0xCC, 0xCC, 0xCB, 
	0xBC, 0xCC, 0xCC, 0xCC, 0xCD, 0xCD, 0xCC, 0xB9, 0x89, 0xAB, 0xCD, 0xDD, 0xDD, 0xDD, 0xDD, 
	0xDD, 0xDD, 0xDD, 0xDD, 0xDD, 0xDD, 0xDD, 0xDD, 0xDD, 0xDD, 0xDD, 0xDD, 0xDD, 0xDD, 0xDD, 
	0xDC, 0xBA, 0x86, 0x68, 0x98, 0x88, 0x99, 0xA9, 0xAA, 0x99, 0xAA, 0xBD, 0xEF, 0xFF, 0xFF, 
	0xEC, 0xAA, 0xAA, 0x99, 0x9A, 0xAA, 0xAA, 0xA9, 0x99, 0x9A, 0xAA, 0x87, 0x77, 0x88, 0x88, 
	0x77, 0x77, 0x77, 0x77, 0x78, 0x99, 0x88, 0x77, 0x88, 0x89, 0x99, 0x99, 0x99, 0x99, 0x99, 
	0xAA, 0xBC, 0xDD, 0xDD, 0xDC, 0xBA, 0x88, 0x76, 0x66, 0x78, 0x99, 0x9A, 0xBA, 0xAA, 0x99, 
	0x88, 0x77, 0x66, 0x77, 0x78, 0x9A, 0x9A, 0xBE, 0xFF, 0xFE, 0x97, 0x78, 0x78, 0x88, 0x87, 
	0x78, 0x9A, 0xA9, 0x98, 0x88, 0x87, 0x65, 0x54, 0x34, 0x57, 0x78, 0x76, 0x46, 0x66, 0x65, 
	0x56, 0x65, 0x56, 0x66, 0x78, 0x88, 0x88, 0x88, 0xAB, 0xA9, 0xBB, 0xB9, 0x78, 0x98, 0x77, 
	0x77, 0x76, 0x66, 0x66, 0x66, 0x68, 0xBB, 0x98, 0x88, 0x76, 0x77, 0x77, 0x76, 0x65, 0x55, 
	0x55, 0x66, 0x77, 0x77, 0x86, 0x44, 0x46, 0xAB, 0x98, 0x89, 0x99, 0xAA, 0x99, 0x88, 0x77, 
	0x87, 0x66, 0x67, 0x89, 0x88, 0xAC, 0xCC, 0xBB, 0xAA, 0xAB, 0xBA, 0xAA, 0xBA, 0x98, 0x99, 
	0x76, 0x78, 0x99, 0x99, 0x99, 0x88, 0x99, 0x9A, 0xAA, 0xAA, 0xAA, 0xAB, 0xBC, 0xCB, 0xBB, 
	0xBA, 0xAA, 0xBB, 0xBB, 0xAA, 0xAA, 0x99, 0x88, 0x98, 0x9B, 0xBA, 0x98, 0x87, 0x66, 0x54, 
	0x68, 0x89, 0x9A, 0xAA, 0xAA, 0xAA, 0xAA, 0xAA, 0xAA, 0xAA, 0xAA, 0xA9, 0x99, 0x99, 0x99, 
	0x99, 0x99, 0x99, 0x99, 0x99, 0x99, 0x99, 0x99, 0x99, 0x99, 0x99, 0x99, 0x99, 0x89, 0x80, 
	0x0A, 0xA9, 0x99, 0x9A, 0xAA, 0xAA, 0xAA, 0xBB, 0xBB, 0xBB, 0xBB, 0xBB, 0xBB, 0xBB, 0xBB, 
	0xBB, 0xBB, 0xBB, 0xBB, 0xBB, 0xBB, 0xBB, 0xBB, 0xBB, 0xBB, 0xBB, 0xBB, 0xBB, 0xBB, 0xBB, 
	0xBB, 0xBB, 0xBB, 0xBB, 0xBB, 0xBB, 0xBB, 0xAA, 0xAA, 0xAA, 0xAB, 0xBB, 0xBB, 0xBB, 0xBB, 
	0xCC, 0xCC, 0xBB, 0xCC, 0xBB, 0xBB, 0xBB, 0xBB, 0xBB, 0xCC, 0xCC, 0xCC, 0xCC, 0xCC, 0xCB, 
	0xCC, 0xCC, 0xCC, 0xCC, 0xCD, 0xDD, 0xDC, 0xBA, 0x89, 0x9B, 0xCD, 0xDD, 0xDD, 0xDD, 0xDD, 
	0xDD, 0xDD, 0xDD, 0xDD, 0xDD, 0xDD, 0xDD, 0xDD, 0xDD, 0xDD, 0xDD, 0xDD, 0xDD, 0xDD, 0xDD, 
	0xCA, 0x77, 0x65, 0x57, 0x87, 0x78, 0x99, 0x99, 0x98, 0x89, 0x9A, 0xBC, 0xDD, 0xEE, 0xFE, 
	0xDC, 0xAA, 0xA9, 0x99, 0x9A, 0xAA, 0xAA, 0xA9, 0x99, 0x9A, 0xA9, 0x77, 0x88, 0x88, 0x88, 
	0x88, 0x88, 0x87, 0x77, 0x78, 0x88, 0x88, 0x87, 0x78, 0x89, 0xAA, 0x99, 0xAA, 0x99, 0xAA, 
	0xAB, 0xCC, 0xDE, 0xEF, 0xFE, 0xEC, 0xAA, 0x87, 0x76, 0x78, 0x89, 0xAA, 0xBB, 0xBB, 0xA9, 
	0x98, 0x87, 0x66, 0x77, 0x89, 0xAA, 0xAB, 0xDF, 0xFF, 0xFE, 0x98, 0x88, 0x77, 0x88, 0x88, 
	0x88, 0x99, 0x99, 0x98, 0x88, 0x77, 0x66, 0x65, 0x55, 0x66, 0x77, 0x76, 0x56, 0x65, 0x55, 
	0x55, 0x55, 0x55, 0x55, 0x67, 0x88, 0x87, 0x9B, 0xCC, 0xAA, 0xBB, 0xA9, 0x87, 0x77, 0x77, 
	0x77, 0x76, 0x77, 0x66, 0x66, 0x79, 0xBB, 0xA8, 0x88, 0x77, 0x67, 0x77, 0x76, 0x66, 0x55, 
	0x57, 0x87, 0x87, 0x88, 0x75, 0x54, 0x35, 0x9A, 0xA9, 0x98, 0x99, 0xAA, 0xA9, 0x99, 0x97, 
	0x76, 0x65, 0x67, 0x89, 0x88, 0x89, 0xA9, 0x99, 0x99, 0xAB, 0xBA, 0x99, 0xA9, 0x99, 0x88, 
	0x87, 0x88, 0x88, 0x99, 0x88, 0x88, 0x89, 0x99, 0x99, 0xA9, 0x99, 0xAB, 0xBC, 0xCB, 0xBB, 
	0xA9, 0x89, 0xAB, 0xBB, 0xBA, 0xAA, 0x99, 0x88, 0x88, 0x8A, 0xBA, 0x98, 0x87, 0x66, 0x65, 
	0x77, 0x77, 0x88, 0x88, 0x88, 0x88, 0x88, 0x88, 0x88, 0x88, 0x98, 0x88, 0x77, 0x77, 0x77, 
	0x77, 0x77, 0x77, 0x77, 0x77, 0x77, 0x78, 0x88, 0x87, 0x77, 0x77, 0x77, 0x77, 0x77, 0x70, 
	0x0A, 0xA9, 0x99, 0x9A, 0xAA, 0xAA, 0xAA, 0xBB, 0xBB, 0xBB, 0xBB, 0xBB, 0xBB, 0xBB, 0xBB, 
	0xBB, 0xBB, 0xBB, 0xBB, 0xBB, 0xBB, 0xBB, 0xBB, 0xBB, 0xBB, 0xBB, 0xBB, 0xBB, 0xBB, 0xBB, 
	0xBB, 0xBB, 0xBB, 0xBB, 0xBB, 0xBB, 0xBB, 0xAA, 0xAA, 0xAA, 0xAB, 0xBB, 0xBB, 0xBB, 0xBB, 
	0xCC, 0xCC, 0xBB, 0xCC, 0xBB, 0xBB, 0xBB, 0xBB, 0xBB, 0xCC, 0xCC, 0xCC, 0xCC, 0xCC, 0xCB, 
	0xCC, 0xCC, 0xCC, 0xCC, 0xCD, 0xDD, 0xDC, 0xBA, 0x89, 0xAB, 0xCD, 0xDD, 0xDD, 0xDD, 0xDD, 
	0xDD, 0xDD, 0xDD, 0xDD, 0xDD, 0xDD, 0xDD, 0xDD, 0xDD, 0xDD, 0xDD, 0xDD, 0xDD, 0xDD, 0xDD, 
	0xC8, 0x45, 0x54, 0x46, 0x88, 0x89, 0xAB, 0xAA, 0x99, 0x88, 0x9A, 0xBB, 0xBC, 0xCD, 0xDC, 
	0xCA, 0x99, 0x99, 0x9A, 0xAA, 0xAA, 0xBB, 0xAA, 0x9A, 0xAA, 0xA9, 0x67, 0x88, 0x89, 0xAA, 
	0xAA, 0x99, 0x88, 0x87, 0x88, 0x88, 0x78, 0x87, 0x78, 0x89, 0xAA, 0xA9, 0x99, 0x9A, 0xAA, 
	0xAB, 0xCD, 0xDE, 0xFF, 0xFF, 0xFF, 0xDB, 0xA7, 0x67, 0x77, 0x8A, 0xCB, 0xCC, 0xBB, 0xBA, 
	0x98, 0x87, 0x66, 0x77, 0x89, 0xBC, 0xDC, 0xEF, 0xFF, 0xFD, 0x99, 0x98, 0x77, 0x77, 0x77, 
	0x88, 0x89, 0x9A, 0xCB, 0xA8, 0x77, 0x66, 0x66, 0x66, 0x66, 0x77, 0x87, 0x66, 0x55, 0x55, 
	0x44, 0x44, 0x45, 0x56, 0x77, 0x77, 0x88, 0xAC, 0xDD, 0xBC, 0xCC, 0xA8, 0x76, 0x77, 0x77, 
	0x77, 0x76, 0x77, 0x65, 0x55, 0x79, 0xAA, 0xA9, 0x88, 0x87, 0x77, 0x77, 0x77, 0x66, 0x55, 
	0x68, 0x88, 0x88, 0x88, 0x97, 0x54, 0x35, 0x8A, 0xAA, 0xBA, 0xA9, 0x9A, 0xA9, 0x99, 0x99, 
	0x76, 0x66, 0x76, 0x78, 0x87, 0x89, 0x98, 0x88, 0x89, 0xAA, 0xAA, 0x99, 0x99, 0x9A, 0x87, 
	0x88, 0x99, 0x88, 0x99, 0x98, 0x88, 0x89, 0x88, 0x89, 0x99, 0x88, 0x9A, 0xBC, 0xCB, 0xAA, 
	0x87, 0x78, 0xAB, 0xBB, 0xBA, 0xAA, 0x99, 0x88, 0x98, 0x88, 0x9A, 0x99, 0x98, 0x65, 0x66, 
	0x77, 0x76, 0x67, 0x76, 0x67, 0x77, 0x78, 0x87, 0x77, 0x77, 0x88, 0x88, 0x76, 0x66, 0x66, 
	0x66, 0x66, 0x67, 0x78, 0x77, 0x66, 0x78, 0x88, 0x87, 0x77, 0x76, 0x66, 0x66, 0x76, 0x60, 
	0x0A, 0xA9, 0x99, 0x9A, 0xAA, 0xAA, 0xAA, 0xBB, 0xBA, 0xBB, 0xBB, 0xBB, 0xBB, 0xBB, 0xBB, 
	0xBB, 0xBB, 0xBB, 0xBB, 0xBB, 0xBB, 0xBB, 0xBB, 0xBB, 0xBB, 0xBB, 0xBB, 0xBB, 0xBB, 0xBB, 
	0xBB, 0xBB, 0xBB, 0xBB, 0xBB, 0xBB, 0xBB, 0xAA, 0xAA, 0xAB, 0xAB, 0xBB, 0xBB, 0xBB, 0xBB, 
	0xCC, 0xCC, 0xBB, 0xCC, 0xCB, 0xBB, 0xBB, 0xBB, 0xBB, 0xCC, 0xCC, 0xCC, 0xCC, 0xCC, 0xCB, 
	0xCC, 0xCC, 0xCC, 0xCC, 0xCD, 0xDD, 0xDC, 0xBA, 0x99, 0xAB, 0xCC, 0xDD, 0xDD, 0xDD, 0xDD, 
	0xDD, 0xDD, 0xDD, 0xDD, 0xDD, 0xDD, 0xDD, 0xDD, 0xDD, 0xDD, 0xDD, 0xDD, 0xDD, 0xDD, 0xDD, 
	0xC9, 0x55, 0x54, 0x46, 0x78, 0x9A, 0xBC, 0xBB, 0xA9, 0x99, 0xAA, 0xBB, 0xAA, 0xBB, 0xBA, 
	0xAA, 0x99, 0x99, 0x9A, 0xA9, 0xAB, 0xCB, 0xAA, 0x9A, 0xAA, 0xA9, 0x77, 0x89, 0xAB, 0xCC, 
	0xCB, 0xA9, 0x88, 0x77, 0x88, 0x87, 0x77, 0x77, 0x88, 0x89, 0xAA, 0xA9, 0x99, 0x9A, 0xAA, 
	0xBB, 0xCD, 0xDE, 0xFF, 0xFF, 0xFF, 0xFD, 0xB9, 0x88, 0x77, 0x9C, 0xEE, 0xED, 0xDC, 0xBA, 
	0x98, 0x88, 0x77, 0x78, 0x9A, 0xCE, 0xEE, 0xEF, 0xFF, 0xFB, 0xAA, 0x98, 0x88, 0x77, 0x67, 
	0x88, 0x88, 0x8B, 0xBB, 0xA8, 0x77, 0x66, 0x77, 0x76, 0x56, 0x78, 0x87, 0x55, 0x55, 0x44, 
	0x44, 0x44, 0x44, 0x56, 0x77, 0x77, 0x88, 0xBD, 0xDD, 0xBB, 0xCC, 0xB8, 0x76, 0x76, 0x67, 
	0x77, 0x76, 0x66, 0x66, 0x65, 0x89, 0xAA, 0xA9, 0x88, 0x87, 0x77, 0x77, 0x77, 0x77, 0x55, 
	0x78, 0x99, 0x88, 0x88, 0xA9, 0x76, 0x58, 0xCC, 0xCB, 0xBB, 0xBA, 0xA9, 0xAA, 0x99, 0x99, 
	0x87, 0x66, 0x77, 0x67, 0x77, 0x89, 0x88, 0x78, 0x88, 0x99, 0x9A, 0xAA, 0x98, 0x9A, 0x98, 
	0x89, 0x99, 0x88, 0x99, 0x99, 0x98, 0x89, 0x87, 0x88, 0x88, 0x88, 0x9A, 0xBB, 0xBB, 0xA9, 
	0x76, 0x68, 0x9B, 0xBB, 0xAA, 0xAA, 0x99, 0x99, 0x99, 0x98, 0x99, 0x99, 0x98, 0x65, 0x55, 
	0x77, 0x76, 0x66, 0x66, 0x66, 0x78, 0x89, 0x98, 0x77, 0x77, 0x88, 0x88, 0x76, 0x66, 0x66, 
	0x66, 0x66, 0x77, 0x88, 0x98, 0x65, 0x67, 0x88, 0x87, 0x66, 0x65, 0x56, 0x66, 0x77, 0x60, 
	0x0A, 0xA9, 0x99, 0x9A, 0xAA, 0xAA, 0xAA, 0xAB, 0xAA, 0xBB, 0xBB, 0xBB, 0xBB, 0xBB, 0xBB, 
	0xBB, 0xBB, 0xBB, 0xBB, 0xBB, 0xBB, 0xBB, 0xBB, 0xBB, 0xBB, 0xBB, 0xBB, 0xBB, 0xBB, 0xBB, 
	0xBB, 0xBB, 0xBB, 0xBB, 0xBB, 0xBB, 0xBB, 0xAA, 0xAA, 0xAA, 0xAB, 0xBB, 0xBB, 0xBB, 0xBB, 
	0xCC, 0xCC, 0xCC, 0xBC, 0xCB, 0xBB, 0xBB, 0xBB, 0xBC, 0xCC, 0xCC, 0xCC, 0xCC, 0xCC, 0xCB, 
	0xCC, 0xCC, 0xCC, 0xCC, 0xCD, 0xCD, 0xDC, 0xBA, 0xAA, 0xAB, 0xCC, 0xDD, 0xDD, 0xDD, 0xDD, 
	0xDD, 0xDD, 0xDD, 0xDD, 0xDD, 0xDD, 0xDD, 0xDD, 0xDD, 0xDD, 0xDD, 0xDD, 0xDD, 0xDD, 0xDD, 
	0xCB, 0x86, 0x76, 0x56, 0x78, 0x9B, 0xBC, 0xBC, 0xCB, 0x99, 0x9A, 0xAA, 0x99, 0x9A, 0xA9, 
	0x99, 0x99, 0x99, 0xAA, 0xA9, 0xAB, 0xBB, 0xA9, 0x99, 0x9A, 0xAA, 0x87, 0x9A, 0xCC, 0xCC, 
	0xCB, 0xAA, 0x98, 0x77, 0x88, 0x87, 0x77, 0x77, 0x88, 0x78, 0x89, 0x99, 0x99, 0x9A, 0xAA, 
	0xBC, 0xDD, 0xEF, 0xFF, 0xFF, 0xFF, 0xFE, 0xCB, 0xBB, 0xA9, 0xAD, 0xFF, 0xFF, 0xFD, 0xCB, 
	0xA9, 0x99, 0x98, 0x89, 0xAB, 0xDE, 0xEE, 0xCD, 0xFE, 0xDB, 0xAA, 0xA9, 0x98, 0x77, 0x77, 
	0x88, 0x88, 0x9B, 0xBB, 0x97, 0x77, 0x77, 0x77, 0x65, 0x55, 0x67, 0x76, 0x55, 0x55, 0x44, 
	0x43, 0x44, 0x45, 0x66, 0x67, 0x88, 0x88, 0xCD, 0xDC, 0xAA, 0xCC, 0xB8, 0x77, 0x66, 0x77, 
	0x77, 0x77, 0x66, 0x66, 0x66, 0x8A, 0xAA, 0xA9, 0x98, 0x88, 0x77, 0x77, 0x77, 0x77, 0x66, 
	0x78, 0x99, 0x98, 0x87, 0x9B, 0xA8, 0x9B, 0xDD, 0xBB, 0xBB, 0xCC, 0xBA, 0xAA, 0x99, 0x99, 
	0x87, 0x66, 0x78, 0x77, 0x77, 0x78, 0x77, 0x78, 0x88, 0x99, 0xAA, 0x9A, 0xB9, 0x88, 0x9A, 
	0xAA, 0x99, 0x98, 0x88, 0x89, 0x99, 0x99, 0x87, 0x77, 0x77, 0x78, 0x9A, 0xBB, 0xBA, 0x98, 
	0x76, 0x78, 0xAA, 0xAA, 0x99, 0x99, 0x99, 0x99, 0x99, 0x98, 0x89, 0x88, 0x87, 0x55, 0x55, 
	0x67, 0x76, 0x66, 0x66, 0x66, 0x78, 0x89, 0x98, 0x77, 0x77, 0x77, 0x77, 0x76, 0x65, 0x55, 
	0x55, 0x56, 0x67, 0x78, 0x87, 0x65, 0x56, 0x77, 0x76, 0x55, 0x54, 0x45, 0x55, 0x66, 0x50, 
	0x0A, 0xA9, 0x99, 0x9A, 0xAA, 0xAA, 0xAA, 0xAB, 0xBA, 0xBB, 0xBB, 0xBB, 0xBB, 0xBB, 0xBB, 
	0xBB, 0xBB, 0xBB, 0xBB, 0xBB, 0xBB, 0xBB, 0xBB, 0xBB, 0xBB, 0xBB, 0xBB, 0xBB, 0xBB, 0xBB, 
	0xBB, 0xBB, 0xBB, 0xBB, 0xBB, 0xBB, 0xBB, 0xAA, 0xAA, 0xAA, 0xBB, 0xBB, 0xBB, 0xBB, 0xBC, 
	0xCC, 0xCC, 0xCC, 0xBB, 0xBB, 0xBB, 0xBB, 0xBB, 0xCC, 0xCC, 0xCC, 0xCC, 0xCC, 0xCC, 0xCB, 
	0xCC, 0xCC, 0xCC, 0xCC, 0xCD, 0xCD, 0xDC, 0xCA, 0xAA, 0xAB, 0xCC, 0xDD, 0xDD, 0xDD, 0xDD, 
	0xDD, 0xDD, 0xDD, 0xDD, 0xDD, 0xDD, 0xDD, 0xDD, 0xDD, 0xDD, 0xDD, 0xDD, 0xDD, 0xDD, 0xDD, 
	0xCC, 0xA9, 0x88, 0x57, 0x89, 0xAA, 0xBB, 0xCD, 0xDD, 0xBA, 0xAA, 0xA9, 0x87, 0x89, 0x98, 
	0x98, 0x98, 0xAA, 0xBB, 0xBA, 0x9A, 0xAA, 0xA9, 0x87, 0x79, 0xA9, 0x77, 0x9A, 0xCC, 0xDD, 
	0xCC, 0xBA, 0x98, 0x88, 0x78, 0x77, 0x78, 0x88, 0x87, 0x77, 0x78, 0x99, 0x9A, 0xA9, 0x9A, 
	0xBC, 0xDE, 0xFF, 0xFF, 0xFF, 0xFF, 0xFE, 0xCC, 0xCC, 0xCB, 0xAD, 0xFF, 0xFF, 0xFF, 0xDB, 
	0xAA, 0xAA, 0xA9, 0x9A, 0xBB, 0xBD, 0xDC, 0xBC, 0xDD, 0xCB, 0xBB, 0xAA, 0x99, 0x87, 0x76, 
	0x77, 0x77, 0x7A, 0xA9, 0x77, 0x77, 0x78, 0x88, 0x65, 0x55, 0x67, 0x76, 0x55, 0x55, 0x34, 
	0x43, 0x45, 0x55, 0x56, 0x77, 0x88, 0x88, 0xBC, 0xCC, 0xCC, 0xCC, 0xB8, 0x77, 0x78, 0x87, 
	0x78, 0x77, 0x77, 0x66, 0x66, 0x8A, 0xAA, 0xAA, 0x99, 0x98, 0x87, 0x78, 0x88, 0x87, 0x66, 
	0x68, 0x99, 0x98, 0x87, 0x78, 0x99, 0x9C, 0xCC, 0xBA, 0xBB, 0xCD, 0xCB, 0xA9, 0x99, 0x99, 
	0x87, 0x76, 0x78, 0x77, 0x77, 0x77, 0x76, 0x77, 0x8A, 0xBB, 0xAB, 0x9B, 0xCB, 0x97, 0x89, 
	0xAB, 0xAA, 0x98, 0x88, 0x88, 0x98, 0x88, 0x76, 0x66, 0x67, 0x89, 0xAB, 0xBB, 0xA9, 0x88, 
	0x77, 0x79, 0xAA, 0xA9, 0x88, 0xA9, 0x99, 0x99, 0x99, 0x99, 0x88, 0x87, 0x66, 0x55, 0x55, 
	0x55, 0x55, 0x55, 0x55, 0x55, 0x66, 0x78, 0x87, 0x65, 0x66, 0x55, 0x55, 0x55, 0x54, 0x44, 
	0x44, 0x44, 0x55, 0x55, 0x55, 0x44, 0x34, 0x44, 0x44, 0x34, 0x33, 0x23, 0x34, 0x44, 0x40, 
	0x0A, 0xAA, 0x99, 0xAA, 0xAA, 0xAA, 0xAA, 0xAB, 0xBA, 0xBB, 0xBB, 0xBB, 0xBB, 0xBB, 0xBB, 
	0xBB, 0xBB, 0xBB, 0xBB, 0xBB, 0xBB, 0xBB, 0xBB, 0xBB, 0xBB, 0xBB, 0xBB, 0xBB, 0xBB, 0xBB, 
	0xBB, 0xBB, 0xBB, 0xBB, 0xBB, 0xBB, 0xBB, 0xBA, 0xAA, 0xAA, 0xAB, 0xBB, 0xBB, 0xBB, 0xBB, 
	0xBC, 0xCC, 0xBB, 0xBB, 0xBB, 0xBB, 0xBB, 0xBB, 0xBC, 0xCC, 0xCC, 0xCC, 0xCC, 0xCC, 0xCC, 
	0xCC, 0xCC, 0xCC, 0xCC, 0xCC, 0xCD, 0xDD, 0xCB, 0x9A, 0xAA, 0xCC, 0xDD, 0xDD, 0xDD, 0xDD, 
	0xDD, 0xDD, 0xDD, 0xDD, 0xDD, 0xDD, 0xDD, 0xDD, 0xDD, 0xDD, 0xDD, 0xDD, 0xDD, 0xDD, 0xDC, 
	0xCB, 0xA9, 0x96, 0x57, 0x89, 0xAA, 0xAA, 0xCD, 0xED, 0xBA, 0xA9, 0x98, 0x77, 0x88, 0x88, 
	0x88, 0x89, 0x9A, 0xBB, 0xBB, 0xAA, 0xBB, 0xA7, 0x77, 0x78, 0x88, 0x66, 0x89, 0xAB, 0xCC, 
	0xCC, 0xBA, 0xA9, 0x88, 0x88, 0x88, 0x88, 0x88, 0x88, 0x88, 0x78, 0x9A, 0xAA, 0x9A, 0x9A, 
	0xBC, 0xDE, 0xFF, 0xFF, 0xFF, 0xFF, 0xEC, 0xBC, 0xDD, 0xDD, 0xCC, 0xEF, 0xFF, 0xFF, 0xEC, 
	0xBA, 0xAA, 0xBA, 0x9A, 0xBB, 0xBB, 0xCC, 0xCC, 0xDD, 0xCC, 0xCB, 0xAA, 0xA9, 0x87, 0x66, 
	0x66, 0x67, 0x67, 0x77, 0x77, 0x67, 0x77, 0x76, 0x65, 0x55, 0x66, 0x76, 0x55, 0x54, 0x33, 
	0x34, 0x45, 0x65, 0x56, 0x77, 0x78, 0x88, 0xAB, 0xCC, 0xCC, 0xCB, 0x97, 0x77, 0x88, 0x88, 
	0x88, 0x88, 0x87, 0x66, 0x68, 0x9A, 0xBB, 0xBB, 0xA9, 0x98, 0x88, 0x88, 0x88, 0x88, 0x76, 
	0x57, 0x88, 0x98, 0x87, 0x77, 0x89, 0x9B, 0xCC, 0xBB, 0xBB, 0xCD, 0xCB, 0xAA, 0xAA, 0xAA, 
	0x98, 0x76, 0x78, 0x77, 0x88, 0x87, 0x66, 0x67, 0x8B, 0xCB, 0xBB, 0xAA, 0xCC, 0xA8, 0x89, 
	0xAA, 0xBB, 0xA9, 0x99, 0x99, 0x99, 0x87, 0x76, 0x55, 0x67, 0x89, 0xAB, 0xBB, 0x98, 0x88, 
	0x88, 0x89, 0xAA, 0x99, 0x78, 0x9A, 0x99, 0x99, 0x99, 0x99, 0x98, 0x86, 0x56, 0x65, 0x55, 
	0x43, 0x44, 0x34, 0x44, 0x43, 0x44, 0x54, 0x44, 0x44, 0x44, 0x33, 0x22, 0x33, 0x33, 0x43, 
	0x33, 0x33, 0x32, 0x33, 0x33, 0x33, 0x33, 0x33, 0x23, 0x32, 0x32, 0x22, 0x23, 0x33, 0x20, 
	0x0A, 0xAA, 0x99, 0xAA, 0xAA, 0xAA, 0xAA, 0xBB, 0xBA, 0xBB, 0xBB, 0xBB, 0xBB, 0xBB, 0xBB, 
	0xBB, 0xBB, 0xBB, 0xBB, 0xBB, 0xBB, 0xBB, 0xBB, 0xBB, 0xBB, 0xBB, 0xBB, 0xBB, 0xBB, 0xBB, 
	0xBB, 0xBB, 0xBB, 0xBB, 0xBB, 0xBB, 0xBB, 0xBA, 0xAA, 0xAA, 0xAB, 0xBB, 0xBB, 0xBB, 0xBB, 
	0xCC, 0xCC, 0xBB, 0xCC, 0xBB, 0xBB, 0xBB, 0xBB, 0xBC, 0xCC, 0xCC, 0xCC, 0xCC, 0xCC, 0xCC, 
	0xCC, 0xCC, 0xCC, 0xCC, 0xCC, 0xDD, 0xDC, 0xCB, 0x99, 0x9A, 0xCC, 0xDD, 0xDD, 0xDD, 0xDD, 
	0xDD, 0xDD, 0xDD, 0xDD, 0xDD, 0xDD, 0xDD, 0xDD, 0xDD, 0xDD, 0xDD, 0xDD, 0xDD, 0xDD, 0xDC, 
	0xA9, 0x88, 0x75, 0x46, 0x89, 0xAB, 0xBA, 0xCD, 0xDC, 0xBB, 0xA9, 0x98, 0x77, 0x78, 0x87, 
	0x77, 0x89, 0x99, 0xAB, 0xBB, 0xBC, 0xCB, 0xA8, 0x77, 0x78, 0x87, 0x66, 0x78, 0x9A, 0xBC, 
	0xCC, 0xBB, 0xA9, 0x98, 0x88, 0x88, 0x89, 0x88, 0x88, 0x89, 0x99, 0x9A, 0xAA, 0x99, 0x9A, 
	0xBC, 0xDD, 0xEF, 0xFF, 0xFF, 0xFE, 0xCA, 0xAA, 0xCF, 0xFE, 0xDC, 0xEF, 0xFF, 0xFF, 0xFD, 
	0xBA, 0xAB, 0xBB, 0xBB, 0xCC, 0xCC, 0xCC, 0xCC, 0xDD, 0xDC, 0xCC, 0xBA, 0xA9, 0x98, 0x77, 
	0x66, 0x55, 0x56, 0x66, 0x77, 0x66, 0x77, 0x66, 0x54, 0x45, 0x66, 0x65, 0x55, 0x54, 0x23, 
	0x34, 0x45, 0x66, 0x66, 0x77, 0x78, 0x88, 0xBC, 0xCC, 0xBB, 0xA9, 0x87, 0x77, 0x78, 0x88, 
	0x88, 0x98, 0x87, 0x66, 0x68, 0xAA, 0xBB, 0xBC, 0xB9, 0x99, 0x98, 0x88, 0x89, 0x98, 0x87, 
	0x66, 0x88, 0x88, 0x77, 0x78, 0x88, 0x9B, 0xCC, 0xBB, 0xAA, 0xBC, 0xCB, 0x9A, 0xAA, 0xAA, 
	0x98, 0x77, 0x78, 0x87, 0x89, 0x88, 0x76, 0x66, 0x8A, 0xBC, 0xBA, 0xA9, 0x99, 0x99, 0xAA, 
	0xAA, 0xAA, 0xA9, 0x99, 0x99, 0x99, 0x87, 0x66, 0x55, 0x68, 0x9A, 0xBB, 0xAA, 0x97, 0x77, 
	0x89, 0x99, 0x99, 0x98, 0x77, 0x99, 0x99, 0x99, 0x99, 0x99, 0x99, 0x87, 0x56, 0x65, 0x55, 
	0x43, 0x33, 0x34, 0x44, 0x33, 0x34, 0x44, 0x34, 0x45, 0x44, 0x44, 0x33, 0x33, 0x44, 0x43, 
	0x34, 0x33, 0x33, 0x33, 0x33, 0x44, 0x44, 0x33, 0x33, 0x33, 0x33, 0x33, 0x33, 0x33, 0x20, 
	0x0A, 0xAA, 0x99, 0xAA, 0xAA, 0xAA, 0xAA, 0xAB, 0xBA, 0xBB, 0xBB, 0xBB, 0xBB, 0xBB, 0xBB, 
	0xBB, 0xBB, 0xBB, 0xBB, 0xBB, 0xBB, 0xBB, 0xBB, 0xBB, 0xBB, 0xBB, 0xBB, 0xBB, 0xBB, 0xBB, 
	0xBB, 0xBB, 0xBB, 0xBB, 0xBB, 0xBB, 0xBB, 0xBA, 0xAA, 0xAA, 0xAB, 0xBB, 0xBB, 0xBB, 0xBB, 
	0xCC, 0xCC, 0xCB, 0xCC, 0xCB, 0xBB, 0xBB, 0xBB, 0xBC, 0xCC, 0xCC, 0xCC, 0xCC, 0xCC, 0xCC, 
	0xCC, 0xCC, 0xCC, 0xCC, 0xCC, 0xDD, 0xDC, 0xCB, 0x98, 0x8A, 0xCC, 0xDD, 0xDD, 0xDD, 0xDD, 
	0xDD, 0xDD, 0xDD, 0xDD, 0xDD, 0xDD, 0xDD, 0xDD, 0xDD, 0xDD, 0xDD, 0xDD, 0xDD, 0xDD, 0xC9, 
	0x55, 0x55, 0x54, 0x45, 0x7A, 0xBB, 0xBA, 0xAB, 0xBC, 0xBA, 0x9A, 0x99, 0x87, 0x67, 0x78, 
	0x77, 0x78, 0x88, 0x89, 0xAB, 0xCC, 0xCC, 0xA8, 0x78, 0x78, 0x87, 0x77, 0x78, 0x9A, 0xAB, 
	0xCC, 0xBB, 0xAA, 0x98, 0x99, 0x99, 0x99, 0x88, 0x88, 0x89, 0x98, 0x9A, 0xAA, 0x99, 0x99, 
	0xAA, 0xBD, 0xDE, 0xFF, 0xFF, 0xEC, 0xAA, 0x99, 0xCF, 0xFF, 0xDC, 0xDE, 0xFF, 0xFF, 0xEC, 
	0xBB, 0xBB, 0xBC, 0xCC, 0xCC, 0xCD, 0xDC, 0xDD, 0xEE, 0xED, 0xDC, 0xCB, 0xAA, 0x98, 0x87, 
	0x76, 0x54, 0x55, 0x56, 0x67, 0x66, 0x67, 0x66, 0x54, 0x45, 0x56, 0x76, 0x65, 0x43, 0x33, 
	0x33, 0x45, 0x56, 0x67, 0x77, 0x77, 0x89, 0xCD, 0xCB, 0x99, 0x87, 0x77, 0x77, 0x77, 0x77, 
	0x78, 0x89, 0x88, 0x66, 0x79, 0xAA, 0xAA, 0xBC, 0xCA, 0xAA, 0x99, 0x88, 0x89, 0x99, 0x98, 
	0x87, 0x88, 0x88, 0x88, 0x88, 0x99, 0x9B, 0xDD, 0xCB, 0xAA, 0xBB, 0xBB, 0x9A, 0xAA, 0xAA, 
	0xA9, 0x88, 0x99, 0x88, 0x88, 0x88, 0x77, 0x77, 0x89, 0xAA, 0xAA, 0xA9, 0x89, 0x9B, 0xBB, 
	0xBB, 0xAA, 0xAA, 0x9A, 0x99, 0x99, 0x77, 0x66, 0x66, 0x79, 0xAB, 0xBB, 0xA9, 0x77, 0x78, 
	0x89, 0x99, 0x98, 0x88, 0x77, 0x99, 0xA9, 0x99, 0x99, 0x89, 0x99, 0x97, 0x65, 0x55, 0x54, 
	0x44, 0x44, 0x44, 0x45, 0x44, 0x44, 0x44, 0x44, 0x55, 0x55, 0x44, 0x44, 0x44, 0x44, 0x44, 
	0x45, 0x44, 0x44, 0x44, 0x44, 0x45, 0x55, 0x44, 0x44, 0x44, 0x44, 0x33, 0x44, 0x44, 0x30, 
	0x0A, 0xAA, 0x99, 0x9A, 0xAA, 0xAA, 0xAA, 0xAB, 0xBA, 0xBB, 0xBB, 0xBB, 0xBB, 0xBB, 0xBB, 
	0xBB, 0xBB, 0xBB, 0xBB, 0xBB, 0xBB, 0xBB, 0xBB, 0xBB, 0xBB, 0xBB, 0xBB, 0xBB, 0xBB, 0xBB, 
	0xBB, 0xBB, 0xBB, 0xBB, 0xBB, 0xBB, 0xBB, 0xBA, 0xAA, 0xAA, 0xAB, 0xBB, 0xBB, 0xBB, 0xBB, 
	0xCC, 0xCC, 0xCB, 0xBB, 0xBB, 0xBB, 0xBB, 0xBB, 0xBC, 0xCC, 0xCC, 0xCC, 0xCC, 0xCC, 0xCC, 
	0xCC, 0xCC, 0xCC, 0xCC, 0xCC, 0xDD, 0xDD, 0xCB, 0x98, 0x9A, 0xCC, 0xDD, 0xDD, 0xDD, 0xDD, 
	0xDD, 0xDD, 0xDD, 0xDD, 0xDD, 0xDD, 0xDD, 0xDD, 0xDD, 0xDD, 0xDD, 0xDD, 0xDD, 0xDD, 0xB6, 
	0x44, 0x55, 0x55, 0x55, 0x7A, 0xBC, 0xBA, 0xAA, 0xBB, 0xA9, 0x99, 0x99, 0x87, 0x67, 0x77, 
	0x77, 0x88, 0x88, 0x89, 0xAB, 0xCD, 0xCB, 0xA8, 0x78, 0x88, 0x98, 0x88, 0x88, 0x89, 0xAA, 
	0xBB, 0xBB, 0xBA, 0x98, 0x99, 0x99, 0x99, 0x88, 0x88, 0x88, 0x87, 0x89, 0x99, 0x98, 0x99, 
	0xA9, 0x9C, 0xDD, 0xEF, 0xFF, 0xEB, 0x98, 0x89, 0xBE, 0xEE, 0xBB, 0xCC, 0xDE, 0xEE, 0xDC, 
	0xBB, 0xBB, 0xCC, 0xCC, 0xCC, 0xCC, 0xCD, 0xEF, 0xFF, 0xFF, 0xDD, 0xCC, 0xBA, 0x98, 0x88, 
	0x87, 0x65, 0x65, 0x56, 0x66, 0x66, 0x67, 0x76, 0x54, 0x45, 0x67, 0xCB, 0x75, 0x54, 0x33, 
	0x34, 0x45, 0x56, 0x66, 0x77, 0x77, 0x79, 0xBB, 0xB9, 0x77, 0x77, 0x77, 0x77, 0x77, 0x77, 
	0x77, 0x89, 0x98, 0x65, 0x7A, 0xA9, 0x9A, 0xBC, 0xCC, 0xAA, 0xAA, 0x98, 0x99, 0x99, 0x99, 
	0x98, 0x89, 0x88, 0x88, 0x88, 0x88, 0x9B, 0xDD, 0xCC, 0xBB, 0xCC, 0xCB, 0xAC, 0xCB, 0xAC, 
	0xCA, 0x99, 0x98, 0x88, 0x89, 0x98, 0x87, 0x77, 0x7A, 0xCB, 0xA9, 0x99, 0x9A, 0xAB, 0xBB, 
	0xBB, 0xAA, 0xAA, 0xAA, 0xA9, 0x98, 0x77, 0x66, 0x66, 0x79, 0xAB, 0xAA, 0x98, 0x77, 0x88, 
	0x88, 0x99, 0x98, 0x87, 0x78, 0x9A, 0x99, 0x89, 0x99, 0x89, 0xAA, 0x98, 0x65, 0x55, 0x54, 
	0x45, 0x54, 0x45, 0x56, 0x65, 0x55, 0x56, 0x65, 0x55, 0x55, 0x55, 0x55, 0x55, 0x55, 0x44, 
	0x55, 0x44, 0x44, 0x44, 0x44, 0x34, 0x44, 0x55, 0x44, 0x45, 0x54, 0x44, 0x44, 0x44, 0x30, 
	0x0A, 0xAA, 0x99, 0x9A, 0xAA, 0xAA, 0xAA, 0xBB, 0xBA, 0xBB, 0xBB, 0xBB, 0xBB, 0xBB, 0xBB, 
	0xBB, 0xBB, 0xBB, 0xBB, 0xBB, 0xBB, 0xBB, 0xBB, 0xBB, 0xBB, 0xBB, 0xBB, 0xBB, 0xBB, 0xBB, 
	0xBB, 0xBB, 0xBB, 0xBB, 0xBB, 0xBB, 0xBB, 0xBA, 0xAA, 0xAA, 0xAB, 0xBB, 0xBB, 0xBB, 0xBB, 
	0xCC, 0xCC, 0xCB, 0xBB, 0xBB, 0xBB, 0xBB, 0xBB, 0xBC, 0xCC, 0xCC, 0xCC, 0xCC, 0xCC, 0xCC, 
	0xCC, 0xCC, 0xCC, 0xCC, 0xCC, 0xDD, 0xDD, 0xCB, 0x98, 0x9A, 0xBC, 0xDD, 0xDD, 0xDD, 0xDD, 
	0xDD, 0xDD, 0xDD, 0xDD, 0xDD, 0xDD, 0xDD, 0xDD, 0xDD, 0xDD, 0xDD, 0xDD, 0xDD, 0xDD, 0xB6, 
	0x45, 0x55, 0x56, 0x66, 0x7A, 0xBC, 0xCC, 0xBA, 0xA9, 0x9A, 0xAA, 0xA9, 0x98, 0x78, 0x99, 
	0x88, 0x88, 0x77, 0x9B, 0xCB, 0xAB, 0xBC, 0xB9, 0x77, 0x88, 0x98, 0x87, 0x88, 0x88, 0x9A, 
	0xBB, 0xBB, 0xBB, 0xA9, 0x99, 0x99, 0x99, 0x88, 0x77, 0x77, 0x77, 0x78, 0x99, 0x98, 0x99, 
	0xA9, 0x99, 0xBC, 0xDE, 0xEE, 0xB8, 0x77, 0x78, 0xAB, 0xCA, 0x99, 0xBB, 0xBC, 0xCC, 0xCB, 
	0xBC, 0xCC, 0xCC, 0xCC, 0xDD, 0xDD, 0xDE, 0xFF, 0xFF, 0xFF, 0xED, 0xDC, 0xBA, 0x98, 0x88, 
	0x88, 0x77, 0x66, 0x55, 0x66, 0x66, 0x77, 0x76, 0x55, 0x55, 0x68, 0xDC, 0x95, 0x45, 0x33, 
	0x55, 0x55, 0x56, 0x66, 0x66, 0x77, 0x8A, 0xAA, 0x98, 0x77, 0x77, 0x77, 0x77, 0x77, 0x88, 
	0x88, 0x89, 0x87, 0x65, 0x8A, 0xBA, 0xAA, 0xAB, 0xCC, 0xBB, 0xBB, 0xA9, 0x99, 0xAA, 0x99, 
	0x98, 0x99, 0x88, 0x78, 0x89, 0x99, 0x89, 0xCD, 0xDC, 0xCD, 0xCC, 0xCC, 0xBC, 0xDC, 0xCD, 
	0xED, 0xA9, 0x99, 0x99, 0x89, 0x98, 0x77, 0x67, 0x7B, 0xEC, 0xA8, 0x88, 0x89, 0x9B, 0xCC, 
	0xBB, 0xAA, 0xAA, 0xAA, 0xA9, 0x98, 0x76, 0x67, 0x77, 0x88, 0xAA, 0xA9, 0x87, 0x78, 0x98, 
	0x88, 0x88, 0x87, 0x77, 0x79, 0xAA, 0x98, 0x89, 0xA9, 0x79, 0xBB, 0xA8, 0x65, 0x55, 0x55, 
	0x56, 0x65, 0x56, 0x67, 0x77, 0x77, 0x77, 0x66, 0x55, 0x55, 0x55, 0x44, 0x55, 0x55, 0x44, 
	0x45, 0x44, 0x44, 0x44, 0x54, 0x44, 0x45, 0x55, 0x44, 0x55, 0x55, 0x54, 0x44, 0x44, 0x40, 
	0x0A, 0xAA, 0x99, 0x9A, 0xAA, 0xAA, 0xAA, 0xAB, 0xBB, 0xBB, 0xBB, 0xBB, 0xBB, 0xBB, 0xBB, 
	0xBB, 0xBB, 0xBB, 0xBB, 0xBB, 0xBB, 0xBB, 0xBB, 0xBB, 0xBB, 0xBB, 0xBB, 0xBB, 0xBB, 0xBB, 
	0xBB, 0xBB, 0xBB, 0xBB, 0xBB, 0xBB, 0xBB, 0xBA, 0xAA, 0xAA, 0xAA, 0xBB, 0xBB, 0xBB, 0xBB, 
	0xCC, 0xCC, 0xCB, 0xBB, 0xCB, 0xBB, 0xBB, 0xBB, 0xBB, 0xCC, 0xCC, 0xCC, 0xCC, 0xCC, 0xCC, 
	0xCC, 0xCC, 0xCC, 0xCC, 0xDD, 0xDD, 0xDD, 0xCB, 0xA8, 0x99, 0xBC, 0xDD, 0xDD, 0xDD, 0xDD, 
	0xDD, 0xDD, 0xDD, 0xDD, 0xDD, 0xDD, 0xDD, 0xDD, 0xDD, 0xDD, 0xDD, 0xDD, 0xDD, 0xDD, 0xB7, 
	0x55, 0x55, 0x66, 0x55, 0x79, 0xBC, 0xDD, 0xB9, 0x89, 0xAB, 0xBB, 0xBA, 0xA9, 0x9A, 0xA9, 
	0x89, 0x98, 0x87, 0xBC, 0xDC, 0xAA, 0xBC, 0xCA, 0x87, 0x88, 0x88, 0x88, 0x88, 0x88, 0x9A, 
	0xAA, 0xAB, 0xBB, 0xA9, 0x99, 0x99, 0x98, 0x87, 0x76, 0x67, 0x66, 0x67, 0x88, 0x87, 0x89, 
	0x99, 0x99, 0xAB, 0xCC, 0xCA, 0x76, 0x66, 0x76, 0x68, 0x88, 0x89, 0x9A, 0xAB, 0xBB, 0xBB, 
	0xBB, 0xBB, 0xBC, 0xCC, 0xDD, 0xDD, 0xEF, 0xFF, 0xFF, 0xFF, 0xED, 0xDC, 0xBA, 0x99, 0x89, 
	0x88, 0x87, 0x66, 0x55, 0x56, 0x66, 0x76, 0x65, 0x55, 0x55, 0x56, 0x9A, 0x74, 0x55, 0x44, 
	0x56, 0x66, 0x66, 0x67, 0x77, 0x78, 0x9A, 0xA9, 0x88, 0x88, 0x87, 0x78, 0x88, 0x88, 0x88, 
	0x88, 0x89, 0x77, 0x78, 0xAB, 0xCC, 0xBA, 0xAB, 0xCC, 0xBB, 0xBB, 0xA9, 0x99, 0x9A, 0xA9, 
	0x99, 0x99, 0x88, 0x88, 0x89, 0xBC, 0xB9, 0x9B, 0xCD, 0xDD, 0xDC, 0xCC, 0xBC, 0xCC, 0xDE, 
	0xEE, 0xB9, 0xAA, 0xA9, 0x99, 0x98, 0x76, 0x67, 0x79, 0xDD, 0xB8, 0x87, 0x78, 0xAB, 0xDD, 
	0xCC, 0xCB, 0xAA, 0xAA, 0x99, 0x98, 0x76, 0x77, 0x78, 0x99, 0x99, 0x99, 0x87, 0x78, 0x99, 
	0x88, 0x87, 0x77, 0x88, 0x89, 0xAA, 0x98, 0x8A, 0xA9, 0x79, 0xBC, 0xA8, 0x77, 0x66, 0x56, 
	0x66, 0x67, 0x67, 0x88, 0x88, 0x87, 0x77, 0x76, 0x65, 0x55, 0x55, 0x55, 0x56, 0x55, 0x54, 
	0x44, 0x44, 0x44, 0x55, 0x55, 0x66, 0x55, 0x55, 0x55, 0x55, 0x55, 0x54, 0x44, 0x44, 0x40, 
	0x0A, 0xAA, 0x99, 0x9A, 0xAA, 0xAA, 0xAA, 0xAB, 0xBB, 0xBB, 0xBB, 0xBB, 0xBB, 0xBB, 0xBB, 
	0xBB, 0xBB, 0xBB, 0xBB, 0xBB, 0xBB, 0xBB, 0xBB, 0xBB, 0xBB, 0xBB, 0xBB, 0xBB, 0xBB, 0xBB, 
	0xBB, 0xBB, 0xBB, 0xBB, 0xBB, 0xBB, 0xBB, 0xBA, 0xAA, 0xAA, 0xAA, 0xBB, 0xBB, 0xBB, 0xCC, 
	0xCC, 0xCC, 0xCC, 0xBC, 0xCB, 0xBB, 0xBB, 0xBB, 0xBB, 0xCC, 0xCC, 0xCC, 0xCC, 0xDC, 0xCC, 
	0xCC, 0xCC, 0xCC, 0xCC, 0xCD, 0xDD, 0xDD, 0xCB, 0xA9, 0x99, 0xBC, 0xDD, 0xDD, 0xDD, 0xDD, 
	0xDD, 0xDD, 0xDD, 0xDD, 0xDD, 0xDD, 0xDD, 0xDD, 0xDD, 0xDD, 0xDD, 0xDD, 0xDD, 0xDD, 0xCA, 
	0x76, 0x66, 0x76, 0x55, 0x78, 0xBC, 0xDD, 0xB9, 0x9A, 0xBC, 0xCC, 0xCB, 0xBB, 0xBB, 0xBA, 
	0x99, 0x98, 0x87, 0xAC, 0xDB, 0x9A, 0xCC, 0xCB, 0x87, 0x78, 0x89, 0x99, 0x88, 0x88, 0x9A, 
	0xAA, 0xAA, 0xAA, 0x99, 0x99, 0x98, 0x99, 0x76, 0x55, 0x66, 0x66, 0x65, 0x66, 0x66, 0x68, 
	0x99, 0x88, 0x8A, 0xBB, 0x97, 0x65, 0x55, 0x55, 0x45, 0x78, 0x78, 0x88, 0x9A, 0xAB, 0xAA, 
	0xAB, 0xBA, 0xBB, 0xCC, 0xDE, 0xEE, 0xEF, 0xFF, 0xFF, 0xFF, 0xDD, 0xCB, 0xAA, 0xA9, 0x99, 
	0x99, 0x87, 0x66, 0x55, 0x55, 0x56, 0x66, 0x55, 0x54, 0x45, 0x56, 0x76, 0x55, 0x65, 0x45, 
	0x66, 0x66, 0x66, 0x77, 0x78, 0x9A, 0xAA, 0x98, 0x88, 0x88, 0x88, 0x88, 0x99, 0x88, 0x88, 
	0x88, 0x99, 0x88, 0x9A, 0xBB, 0xDD, 0xCB, 0xAB, 0xBB, 0xBB, 0xCB, 0xA9, 0x99, 0x99, 0xAA, 
	0x99, 0x99, 0x89, 0x88, 0x8B, 0xDD, 0xD8, 0x78, 0x9A, 0xBB, 0xAA, 0xBC, 0xBA, 0xBB, 0xCE, 
	0xEE, 0xCA, 0xBB, 0xA9, 0x88, 0x98, 0x75, 0x57, 0x88, 0x9A, 0x87, 0x87, 0x89, 0xBC, 0xDD, 
	0xEE, 0xDC, 0xBB, 0xAA, 0x99, 0x98, 0x87, 0x78, 0x88, 0x98, 0x88, 0x88, 0x87, 0x78, 0x99, 
	0x98, 0x76, 0x77, 0x88, 0x9A, 0xAA, 0x98, 0x89, 0xA9, 0x8A, 0xBC, 0xBA, 0x99, 0x99, 0x87, 
	0x77, 0x88, 0x88, 0x88, 0x88, 0x77, 0x66, 0x66, 0x77, 0x76, 0x66, 0x55, 0x66, 0x66, 0x65, 
	0x55, 0x55, 0x55, 0x56, 0x66, 0x77, 0x76, 0x66, 0x66, 0x66, 0x66, 0x66, 0x65, 0x55, 0x50, 
	0x0A, 0xAA, 0x99, 0x9A, 0xAA, 0xAA, 0xAA, 0xAB, 0xBB, 0xBB, 0xBB, 0xBB, 0xBB, 0xBB, 0xBB, 
	0xBB, 0xBB, 0xBB, 0xBB, 0xBB, 0xBB, 0xBB, 0xBB, 0xBB, 0xBB, 0xBB, 0xBB, 0xBB, 0xBB, 0xBB, 
	0xBB, 0xBB, 0xBB, 0xBB, 0xBB, 0xBB, 0xBB, 0xBA, 0xAA, 0xAA, 0xAA, 0xBB, 0xBB, 0xBB, 0xCC, 
	0xCC, 0xCC, 0xCC, 0xBC, 0xCB, 0xBB, 0xBB, 0xBB, 0xBB, 0xCC, 0xCC, 0xCC, 0xCC, 0xDC, 0xCC, 
	0xCC, 0xCC, 0xCC, 0xCC, 0xCD, 0xDD, 0xDD, 0xCB, 0xA9, 0x99, 0xBC, 0xCD, 0xDD, 0xDD, 0xDD, 
	0xDD, 0xDD, 0xDD, 0xDD, 0xDD, 0xDD, 0xDD, 0xDD, 0xDD, 0xDD, 0xDD, 0xDD, 0xDD, 0xDD, 0xCB, 
	0x99, 0x99, 0x86, 0x55, 0x78, 0xBC, 0xDC, 0xA8, 0x9A, 0xCC, 0xCC, 0xBC, 0xCC, 0xCC, 0xCA, 
	0x99, 0x88, 0x88, 0x89, 0xA9, 0x9A, 0xCC, 0xCC, 0x97, 0x77, 0x89, 0x99, 0x99, 0x89, 0xAA, 
	0xAA, 0xAA, 0xA9, 0x9A, 0x99, 0x99, 0x99, 0x86, 0x55, 0x55, 0x7A, 0xA6, 0x56, 0x66, 0x67, 
	0x88, 0x87, 0x88, 0x98, 0x76, 0x65, 0x56, 0x55, 0x66, 0x77, 0x77, 0x78, 0x89, 0xAB, 0xAA, 
	0x99, 0xAA, 0xBB, 0xCD, 0xEF, 0xFF, 0xFE, 0xEF, 0xFF, 0xED, 0xCC, 0xCB, 0xAA, 0xAA, 0xAA, 
	0xAA, 0x98, 0x76, 0x65, 0x55, 0x56, 0x66, 0x65, 0x54, 0x55, 0x56, 0x77, 0x66, 0x66, 0x66, 
	0x66, 0x66, 0x66, 0x67, 0x78, 0xBC, 0xCA, 0x88, 0x88, 0x88, 0x87, 0x88, 0x89, 0x98, 0x88, 
	0x88, 0x88, 0x99, 0xAA, 0xAB, 0xBC, 0xBA, 0x99, 0x9A, 0xBB, 0xBB, 0xAA, 0xAA, 0xA9, 0x99, 
	0x9A, 0xA9, 0x99, 0x99, 0x89, 0xCD, 0xB7, 0x56, 0x67, 0x88, 0x88, 0xAC, 0xCB, 0xA9, 0xAD, 
	0xEF, 0xCB, 0xBB, 0xA9, 0x78, 0x98, 0x74, 0x57, 0x89, 0x88, 0x77, 0x99, 0x9A, 0xBD, 0xEE, 
	0xFF, 0xED, 0xBB, 0xBB, 0xA9, 0x99, 0x88, 0x88, 0x99, 0x88, 0x88, 0x88, 0x88, 0x88, 0x99, 
	0x98, 0x76, 0x77, 0x89, 0xAA, 0xBA, 0x98, 0x89, 0xA9, 0x8A, 0xBB, 0xBB, 0xBA, 0xBB, 0xA8, 
	0x89, 0x99, 0x99, 0x98, 0x88, 0x77, 0x77, 0x77, 0x88, 0x88, 0x77, 0x77, 0x78, 0x88, 0x88, 
	0x87, 0x77, 0x77, 0x77, 0x77, 0x88, 0x88, 0x77, 0x77, 0x77, 0x88, 0x88, 0x87, 0x77, 0x70, 
	0x0A, 0xAA, 0xA9, 0x99, 0xAA, 0xAA, 0xAA, 0xAA, 0xBB, 0xBB, 0xBB, 0xBB, 0xBB, 0xBB, 0xBB, 
	0xBB, 0xBB, 0xBB, 0xBB, 0xBB, 0xBB, 0xBB, 0xBB, 0xBB, 0xBB, 0xBB, 0xBB, 0xBB, 0xBB, 0xBB, 
	0xBB, 0xBB, 0xBB, 0xBB, 0xBB, 0xBB, 0xBB, 0xBB, 0xAA, 0xAA, 0xAA, 0xBB, 0xBB, 0xBC, 0xBC, 
	0xCC, 0xCC, 0xCC, 0xBC, 0xCC, 0xBB, 0xBB, 0xBB, 0xBB, 0xCC, 0xCC, 0xCC, 0xCC, 0xCC, 0xCC, 
	0xCC, 0xCC, 0xCC, 0xCC, 0xCD, 0xDD, 0xDD, 0xCC, 0xA9, 0x99, 0xBC, 0xDD, 0xDD, 0xDD, 0xDD, 
	0xDD, 0xDD, 0xDD, 0xDD, 0xDD, 0xDD, 0xDD, 0xDD, 0xDD, 0xDD, 0xDD, 0xDD, 0xDD, 0xDD, 0xCA, 
	0xAB, 0xBB, 0xA6, 0x55, 0x78, 0xAC, 0xCB, 0x98, 0x89, 0xBB, 0xBB, 0xCC, 0xCD, 0xDD, 0xCB, 
	0x98, 0x88, 0x9A, 0xA9, 0x99, 0x9A, 0xBC, 0xCB, 0xA8, 0x87, 0x88, 0x99, 0x99, 0xAC, 0xCD, 
	0xBA, 0xBA, 0x99, 0xAA, 0xAA, 0x99, 0x99, 0x87, 0x65, 0x66, 0x9A, 0xBA, 0x88, 0x76, 0x67, 
	0x87, 0x76, 0x78, 0x88, 0x77, 0x75, 0x56, 0x77, 0x78, 0x77, 0x78, 0x88, 0x89, 0x9A, 0xA9, 
	0x89, 0xAB, 0xBB, 0xBE, 0xFF, 0xFF, 0xFF, 0xED, 0xDC, 0xCB, 0xBC, 0xCB, 0xAA, 0xBA, 0xBB, 
	0xBB, 0x99, 0x87, 0x65, 0x65, 0x56, 0x66, 0x65, 0x55, 0x45, 0x66, 0x66, 0x66, 0x77, 0x77, 
	0x77, 0x66, 0x66, 0x67, 0x78, 0xBC, 0xCA, 0x77, 0x88, 0x88, 0x88, 0x77, 0x78, 0x88, 0x77, 
	0x77, 0x78, 0x99, 0x99, 0x9A, 0xBA, 0xAA, 0x99, 0x99, 0x9A, 0xAB, 0xBA, 0xAA, 0xAA, 0x99, 
	0x9A, 0xA9, 0x99, 0x88, 0x88, 0x99, 0x76, 0x55, 0x56, 0x78, 0x88, 0xBD, 0xCC, 0xBB, 0xBB, 
	0xDE, 0xCB, 0xBB, 0xBA, 0x99, 0x99, 0x75, 0x57, 0x9A, 0x98, 0x88, 0x9A, 0xAB, 0xCC, 0xFF, 
	0xFF, 0xFD, 0xCC, 0xCB, 0xA9, 0xAA, 0x99, 0x9A, 0xA9, 0x98, 0x78, 0x88, 0x88, 0x88, 0x99, 
	0x88, 0x77, 0x89, 0xAA, 0xAB, 0xAA, 0x98, 0x89, 0x99, 0x89, 0xBB, 0xBC, 0xBB, 0xDE, 0xC9, 
	0x89, 0xAA, 0xA9, 0x99, 0x88, 0x98, 0x99, 0x99, 0x9A, 0xAA, 0xA9, 0x99, 0x9A, 0xAA, 0xAA, 
	0xA9, 0x99, 0x99, 0x99, 0x98, 0x99, 0xAA, 0x99, 0x99, 0x99, 0x99, 0x99, 0x99, 0x99, 0x90, 
	0x0A, 0xAA, 0xA9, 0x99, 0xAA, 0xAA, 0xAA, 0xAA, 0xBA, 0xAB, 0xBB, 0xBB, 0xBB, 0xBB, 0xBB, 
	0xBB, 0xBB, 0xBB, 0xBB, 0xBB, 0xBB, 0xBB, 0xBB, 0xBB, 0xBB, 0xBB, 0xBB, 0xBB, 0xBB, 0xBB, 
	0xBB, 0xBB, 0xBB, 0xBB, 0xBB, 0xBB, 0xBB, 0xBB, 0xAA, 0xAA, 0xAA, 0xBB, 0xBB, 0xBB, 0xBC, 
	0xCC, 0xCC, 0xCC, 0xBC, 0xCC, 0xBB, 0xBB, 0xBB, 0xBB, 0xCC, 0xCC, 0xCC, 0xCC, 0xCC, 0xCC, 
	0xCC, 0xCC, 0xCC, 0xCC, 0xCD, 0xDD, 0xDD, 0xCC, 0xA9, 0x99, 0xBC, 0xDD, 0xDD, 0xDD, 0xDD, 
	0xDD, 0xDD, 0xDD, 0xDD, 0xDD, 0xDD, 0xDD, 0xDD, 0xDD, 0xDD, 0xDD, 0xDD, 0xDD, 0xDC, 0xBA, 
	0xBC, 0xCB, 0xA8, 0x66, 0x78, 0x9B, 0xBA, 0x98, 0x88, 0x9A, 0xAB, 0xCC, 0xDD, 0xDD, 0xDB, 
	0x99, 0x89, 0x9B, 0xBB, 0xAA, 0x99, 0xAB, 0xBB, 0xA9, 0x87, 0x78, 0x99, 0x9A, 0xBE, 0xFF, 
	0xEC, 0xBA, 0x99, 0xAB, 0xBB, 0xA9, 0xAA, 0x98, 0x87, 0x77, 0x8A, 0xCC, 0xCB, 0x88, 0x87, 
	0x87, 0x77, 0x88, 0x77, 0x77, 0x76, 0x67, 0x88, 0x88, 0x88, 0x88, 0x89, 0x99, 0x99, 0x99, 
	0x99, 0xAB, 0xBB, 0xBD, 0xFF, 0xFF, 0xFF, 0xFE, 0xCB, 0xBA, 0xBC, 0xCB, 0xAB, 0xCC, 0xCC, 
	0xCC, 0xBA, 0xA9, 0x76, 0x65, 0x55, 0x55, 0x55, 0x54, 0x45, 0x67, 0x66, 0x66, 0x78, 0x88, 
	0x77, 0x77, 0x76, 0x67, 0x66, 0x8B, 0xA8, 0x67, 0x77, 0x88, 0x88, 0x77, 0x77, 0x77, 0x76, 
	0x66, 0x78, 0x99, 0x99, 0x9B, 0xBA, 0xAA, 0xBB, 0xAA, 0x9A, 0xAA, 0xBB, 0xBA, 0xA9, 0x99, 
	0x99, 0x99, 0x99, 0x88, 0x88, 0x76, 0x55, 0x55, 0x56, 0x78, 0x88, 0x9B, 0xCC, 0xCD, 0xDC, 
	0xDD, 0xCC, 0xBA, 0xBB, 0xBA, 0x99, 0x76, 0x78, 0x9A, 0xA9, 0x88, 0x9A, 0xAB, 0xDE, 0xFF, 
	0xFF, 0xFD, 0xCC, 0xBA, 0x99, 0xBB, 0xBA, 0xAB, 0xAA, 0xA8, 0x88, 0x98, 0x88, 0x99, 0x99, 
	0x88, 0x78, 0x9A, 0xBB, 0xBB, 0xBA, 0x98, 0x88, 0x99, 0x89, 0x99, 0x9B, 0xBD, 0xFF, 0xD9, 
	0x8A, 0xAA, 0xAA, 0xAA, 0xAA, 0xAA, 0xBB, 0xBA, 0xAB, 0xBB, 0xBB, 0xBA, 0xAA, 0xAB, 0xBB, 
	0xBA, 0xAA, 0xAA, 0xAA, 0xAA, 0x9A, 0xAA, 0xAA, 0x99, 0x99, 0x99, 0x9A, 0x99, 0x99, 0x90, 
	0x0A, 0xAA, 0xA9, 0x99, 0xAA, 0xAA, 0xAA, 0xAA, 0xAA, 0xAB, 0xBB, 0xBB, 0xBB, 0xBB, 0xBB, 
	0xBB, 0xBB, 0xBB, 0xBB, 0xBB, 0xBB, 0xBB, 0xBB, 0xBB, 0xBB, 0xBB, 0xBB, 0xBB, 0xBB, 0xBB, 
	0xBB, 0xBB, 0xBB, 0xBB, 0xBC, 0xBB, 0xBB, 0xBB, 0xAA, 0xAA, 0xAB, 0xBB, 0xBB, 0xBB, 0xBC, 
	0xCC, 0xCC, 0xCC, 0xBC, 0xCC, 0xBB, 0xBB, 0xBB, 0xBB, 0xCC, 0xCC, 0xCC, 0xCC, 0xCC, 0xCC, 
	0xCC, 0xCC, 0xCC, 0xCC, 0xDD, 0xDD, 0xDD, 0xDC, 0xA9, 0x99, 0xBC, 0xDD, 0xDD, 0xDD, 0xDD, 
	0xDD, 0xDD, 0xDD, 0xDD, 0xDD, 0xDD, 0xDD, 0xDD, 0xDD, 0xDD, 0xDD, 0xDD, 0xDD, 0xDC, 0xAA, 
	0xCD, 0xDC, 0xB8, 0x76, 0x78, 0x89, 0x99, 0x99, 0x99, 0x9A, 0xBC, 0xCD, 0xDD, 0xDD, 0xDC, 
	0xA9, 0x99, 0xAB, 0xBB, 0xBA, 0x99, 0xAA, 0xBB, 0xBA, 0x98, 0x88, 0x89, 0xAA, 0xCE, 0xFF, 
	0xFE, 0xCA, 0xA9, 0xAB, 0xCB, 0xAA, 0xBB, 0xA9, 0x88, 0x88, 0x8A, 0xBC, 0xCB, 0xA9, 0x99, 
	0x99, 0x98, 0x99, 0x87, 0x77, 0x76, 0x68, 0x9A, 0xA9, 0x99, 0x89, 0x99, 0x99, 0x99, 0x9A, 
	0xAB, 0xBC, 0xCB, 0xBD, 0xFF, 0xFF, 0xFF, 0xFE, 0xDC, 0xA9, 0xBC, 0xDB, 0xBC, 0xDD, 0xDD, 
	0xDC, 0xBB, 0xAA, 0x87, 0x66, 0x54, 0x45, 0x65, 0x54, 0x55, 0x77, 0x76, 0x56, 0x78, 0x99, 
	0x88, 0x77, 0x87, 0x66, 0x55, 0x68, 0x87, 0x56, 0x66, 0x67, 0x77, 0x77, 0x66, 0x66, 0x66, 
	0x79, 0x99, 0x99, 0x99, 0xAB, 0xBB, 0xBB, 0xBA, 0xAB, 0xBB, 0xBB, 0xBC, 0xCC, 0xBA, 0xA9, 
	0x89, 0x99, 0x98, 0x88, 0x87, 0x66, 0x55, 0x66, 0x66, 0x78, 0x88, 0x99, 0xAB, 0xCD, 0xDD, 
	0xDC, 0xCC, 0xB9, 0xAA, 0xAA, 0x98, 0x77, 0x99, 0x99, 0x98, 0x77, 0x89, 0xAC, 0xFF, 0xFF, 
	0xFF, 0xFD, 0xDC, 0xBA, 0x99, 0xBC, 0xCC, 0xCC, 0xCC, 0xA9, 0x99, 0x99, 0x99, 0x99, 0x98, 
	0x87, 0x78, 0x9A, 0xBB, 0xBB, 0xBA, 0x98, 0x88, 0x88, 0x88, 0x88, 0x8A, 0xBC, 0xFF, 0xD9, 
	0xAB, 0xBB, 0xBB, 0xBB, 0xBB, 0xAB, 0xBB, 0xBA, 0xAB, 0xBB, 0xBB, 0xAA, 0xAA, 0xAA, 0xAA, 
	0xAA, 0xAA, 0xAA, 0xAA, 0xAA, 0x99, 0xAA, 0xAA, 0x99, 0x99, 0x99, 0x99, 0x99, 0x99, 0x90, 
	0x0A, 0xAA, 0xA9, 0x99, 0xAA, 0xAA, 0xAA, 0xAA, 0xAA, 0xAB, 0xBB, 0xBB, 0xBB, 0xBB, 0xBB, 
	0xBB, 0xBB, 0xBB, 0xBB, 0xBB, 0xBB, 0xBB, 0xBB, 0xBB, 0xBB, 0xBB, 0xBB, 0xBB, 0xBB, 0xBB, 
	0xBB, 0xBB, 0xBB, 0xBB, 0xCC, 0xBB, 0xBB, 0xBB, 0xAA, 0xAA, 0xAB, 0xBB, 0xBB, 0xBB, 0xBC, 
	0xCC, 0xCC, 0xCC, 0xCC, 0xCC, 0xBB, 0xBB, 0xBB, 0xBB, 0xCC, 0xCC, 0xCC, 0xCC, 0xCC, 0xCC, 
	0xCC, 0xCC, 0xCC, 0xCC, 0xDD, 0xDD, 0xDD, 0xDC, 0xB9, 0x99, 0xBC, 0xDD, 0xDD, 0xDD, 0xDD, 
	0xDD, 0xDD, 0xDD, 0xDD, 0xDD, 0xDD, 0xDD, 0xDD, 0xDD, 0xDD, 0xDD, 0xDD, 0xDD, 0xCB, 0xAC, 
	0xDD, 0xDC, 0xA8, 0x76, 0x77, 0x77, 0x99, 0x88, 0x99, 0x9A, 0xBC, 0xDD, 0xDD, 0xDD, 0xDD, 
	0xCA, 0x99, 0x99, 0xBA, 0xA9, 0xAA, 0xAA, 0xAB, 0xBB, 0xBA, 0x98, 0x99, 0xAB, 0xDF, 0xFF, 
	0xFF, 0xDB, 0x99, 0xAB, 0xCB, 0xBB, 0xBB, 0xA9, 0x99, 0x99, 0x89, 0x99, 0xAA, 0xAA, 0xAA, 
	0xAA, 0x99, 0x99, 0x88, 0x87, 0x77, 0x88, 0x9A, 0xA9, 0x99, 0x99, 0xAA, 0x99, 0x99, 0xAA, 
	0xBB, 0xCC, 0xDD, 0xDD, 0xEF, 0xFF, 0xFF, 0xFE, 0xDD, 0xCB, 0xBC, 0xCC, 0xCD, 0xDD, 0xDD, 
	0xDD, 0xCB, 0xAA, 0x98, 0x76, 0x55, 0x56, 0x66, 0x55, 0x56, 0x77, 0x76, 0x56, 0x89, 0x99, 
	0x98, 0x88, 0x88, 0x75, 0x56, 0x67, 0x87, 0x55, 0x66, 0x66, 0x77, 0x77, 0x67, 0x66, 0x67, 
	0x9B, 0xBA, 0xAA, 0xAA, 0xAA, 0xAA, 0xAA, 0xAA, 0xAB, 0xCC, 0xCC, 0xCC, 0xDD, 0xCC, 0xB9, 
	0x88, 0x99, 0x98, 0x88, 0x98, 0x76, 0x55, 0x66, 0x67, 0x78, 0x88, 0x99, 0x99, 0xAB, 0xCE, 
	0xEE, 0xED, 0xCA, 0x89, 0x98, 0x88, 0x88, 0x9A, 0x98, 0x88, 0x77, 0x89, 0x9C, 0xFF, 0xFF, 
	0xFF, 0xFE, 0xDC, 0xBA, 0x88, 0xAC, 0xEE, 0xFF, 0xFD, 0xBA, 0xA9, 0x99, 0x99, 0x99, 0x88, 
	0x77, 0x78, 0xAB, 0xBB, 0xBB, 0xAA, 0x98, 0x88, 0x77, 0x77, 0x78, 0x9A, 0xBC, 0xDE, 0xDC, 
	0xEE, 0xED, 0xCC, 0xCB, 0xBA, 0xAA, 0xAB, 0xBA, 0xAA, 0xAA, 0xAA, 0x99, 0x99, 0x99, 0x99, 
	0x99, 0x99, 0x99, 0x99, 0x99, 0x88, 0x88, 0x88, 0x87, 0x78, 0x88, 0x88, 0x88, 0x88, 0x70, 
	0x0A, 0xAA, 0xA9, 0x99, 0xAA, 0xAA, 0xAA, 0xAA, 0xBB, 0xBB, 0xBB, 0xBB, 0xBB, 0xBB, 0xBB, 
	0xBB, 0xBB, 0xBB, 0xBB, 0xBB, 0xBB, 0xBB, 0xBB, 0xBB, 0xBB, 0xBB, 0xBB, 0xBB, 0xBB, 0xBB, 
	0xBB, 0xBB, 0xBB, 0xBB, 0xCC, 0xCB, 0xBB, 0xBB, 0xAA, 0xAA, 0xAA, 0xBB, 0xBB, 0xBB, 0xBC, 
	0xCC, 0xCC, 0xCC, 0xCC, 0xCC, 0xBB, 0xBB, 0xBB, 0xBB, 0xCC, 0xCC, 0xCC, 0xCC, 0xCC, 0xCC, 
	0xCC, 0xCC, 0xCC, 0xCC, 0xDD, 0xDD, 0xDD, 0xDC, 0xB9, 0x99, 0xAC, 0xDD, 0xDD, 0xDD, 0xDD, 
	0xDD, 0xDD, 0xDD, 0xDD, 0xDD, 0xDD, 0xDD, 0xDD, 0xDD, 0xDD, 0xDD, 0xDD, 0xDD, 0xCA, 0xAC, 
	0xDE, 0xDC, 0x99, 0x86, 0x67, 0x77, 0x78, 0x88, 0x88, 0x89, 0xBB, 0xCC, 0xDD, 0xDD, 0xDD, 
	0xDB, 0xA9, 0x89, 0x99, 0x99, 0x9A, 0xAA, 0xAA, 0xBB, 0xCB, 0xAA, 0xBA, 0xBC, 0xDF, 0xFF, 
	0xFF, 0xEC, 0xAA, 0xAB, 0xCC, 0xCB, 0xBA, 0x99, 0x99, 0x99, 0x99, 0x99, 0xAA, 0xAA, 0xAA, 
	0xAA, 0x9A, 0x99, 0x88, 0x98, 0x89, 0x99, 0x99, 0xAA, 0xAA, 0xAA, 0x99, 0x98, 0x89, 0xAA, 
	0xAB, 0xBC, 0xDD, 0xDD, 0xEE, 0xFF, 0xFF, 0xFD, 0xCD, 0xCB, 0xBB, 0xBC, 0xCC, 0xDE, 0xDD, 
	0xDD, 0xCB, 0xAA, 0xA9, 0x98, 0x76, 0x66, 0x67, 0x76, 0x78, 0x88, 0x97, 0x66, 0x9A, 0xAA, 
	0x99, 0x88, 0x88, 0x75, 0x44, 0x57, 0x88, 0x76, 0x66, 0x67, 0x77, 0x77, 0x67, 0x66, 0x79, 
	0xAA, 0xAA, 0xBB, 0xBA, 0x9A, 0xAA, 0xAA, 0xAA, 0xAB, 0xBC, 0xCC, 0xEE, 0xEE, 0xDC, 0xCA, 
	0x88, 0x99, 0x88, 0x89, 0xA9, 0x86, 0x65, 0x66, 0x77, 0x78, 0x88, 0x9A, 0x98, 0x88, 0xBF, 
	0xFF, 0xFF, 0xEC, 0xA7, 0x56, 0x89, 0x88, 0x89, 0x97, 0x77, 0x77, 0x89, 0xAB, 0xEF, 0xFF, 
	0xFF, 0xED, 0xCC, 0xA9, 0x9A, 0xCE, 0xFF, 0xFF, 0xFE, 0xDB, 0xAA, 0xA9, 0x99, 0x99, 0x87, 
	0x78, 0x89, 0xBB, 0xBB, 0xBB, 0xA9, 0x98, 0x87, 0x77, 0x77, 0x89, 0xAA, 0xBC, 0xEE, 0xEF, 
	0xFF, 0xFF, 0xEC, 0xBA, 0x99, 0x98, 0x89, 0x99, 0x88, 0x88, 0x87, 0x76, 0x67, 0x77, 0x77, 
	0x87, 0x77, 0x76, 0x67, 0x77, 0x76, 0x66, 0x66, 0x65, 0x55, 0x66, 0x66, 0x76, 0x66, 0x50, 
	0x0A, 0xAA, 0xA9, 0x99, 0xAA, 0xAA, 0xAA, 0xAB, 0xBB, 0xBB, 0xBB, 0xBB, 0xBB, 0xBB, 0xBB, 
	0xBB, 0xBB, 0xBB, 0xBB, 0xBB, 0xBB, 0xBB, 0xBB, 0xBB, 0xBB, 0xBB, 0xBB, 0xBB, 0xBB, 0xBB, 
	0xBB, 0xBB, 0xBB, 0xBB, 0xCC, 0xCC, 0xBB, 0xBB, 0xAA, 0xAA, 0xAA, 0xBB, 0xBB, 0xBB, 0xBB, 
	0xCC, 0xCC, 0xCC, 0xBC, 0xCC, 0xBB, 0xBB, 0xBB, 0xBB, 0xCC, 0xCC, 0xCC, 0xCC, 0xCC, 0xCC, 
	0xCC, 0xCC, 0xCC, 0xCC, 0xDD, 0xDD, 0xDD, 0xDC, 0xB9, 0x99, 0xAC, 0xDD, 0xDD, 0xDD, 0xDD, 
	0xDD, 0xDD, 0xDD, 0xDD, 0xDD, 0xDD, 0xDD, 0xDD, 0xDD, 0xDD, 0xDD, 0xDD, 0xDC, 0xBA, 0xBC, 
	0xDD, 0xCA, 0x99, 0x86, 0x68, 0x87, 0x78, 0x88, 0x87, 0x88, 0x9A, 0xBB, 0xCC, 0xCD, 0xDD, 
	0xDC, 0xBA, 0x99, 0x99, 0x99, 0x99, 0x99, 0xAA, 0xBB, 0xBC, 0xCC, 0xCC, 0xBC, 0xDE, 0xFF, 
	0xFF, 0xEC, 0xAA, 0xAA, 0xBC, 0xCB, 0xA9, 0x99, 0xAA, 0x99, 0x99, 0x99, 0x99, 0xAA, 0xAA, 
	0xAA, 0xAB, 0xAA, 0x99, 0xA9, 0x99, 0xA9, 0x88, 0x99, 0x99, 0x99, 0x99, 0x88, 0x89, 0x9A, 
	0xAA, 0xBC, 0xDD, 0xDE, 0xEE, 0xEE, 0xFF, 0xDA, 0xAC, 0xCB, 0xBA, 0xAB, 0xCC, 0xCD, 0xDC, 
	0xCC, 0xBA, 0x99, 0xA9, 0x98, 0x77, 0x77, 0x88, 0x99, 0x99, 0x99, 0xA8, 0x78, 0xAB, 0xBB, 
	0xA9, 0x87, 0x78, 0x76, 0x55, 0x58, 0x97, 0x66, 0x77, 0x78, 0x88, 0x87, 0x66, 0x67, 0x9B, 
	0xBA, 0xAA, 0xBC, 0xBA, 0x9A, 0xBB, 0xBA, 0xA9, 0xAA, 0xBB, 0xBC, 0xFF, 0xFF, 0xED, 0xDC, 
	0xA9, 0x99, 0x88, 0x88, 0x99, 0x86, 0x65, 0x56, 0x77, 0x88, 0x88, 0x99, 0x98, 0x88, 0xCF, 
	0xFF, 0xFF, 0xFC, 0x97, 0x55, 0x69, 0xA8, 0x78, 0x87, 0x66, 0x67, 0x89, 0x99, 0xAC, 0xEF, 
	0xFE, 0xDC, 0xBA, 0x99, 0x9B, 0xEF, 0xFF, 0xFF, 0xFE, 0xCB, 0xAA, 0xA9, 0x99, 0x88, 0x88, 
	0x89, 0xAA, 0xBB, 0xBB, 0xAA, 0xA9, 0x88, 0x77, 0x77, 0x77, 0x89, 0xAA, 0xAC, 0xFF, 0xFF, 
	0xFF, 0xFF, 0xFB, 0x99, 0x87, 0x66, 0x66, 0x77, 0x77, 0x66, 0x65, 0x55, 0x55, 0x55, 0x66, 
	0x66, 0x66, 0x55, 0x55, 0x56, 0x66, 0x65, 0x55, 0x54, 0x44, 0x45, 0x55, 0x55, 0x55, 0x40, 
	0x0A, 0xAA, 0xA9, 0x99, 0x9A, 0xAA, 0xAA, 0xAA, 0xAA, 0xAB, 0xBB, 0xBB, 0xBB, 0xBB, 0xBB, 
	0xBB, 0xBB, 0xBB, 0xBB, 0xBB, 0xBB, 0xBB, 0xBB, 0xBB, 0xBB, 0xBB, 0xBB, 0xBB, 0xBB, 0xBB, 
	0xBB, 0xBB, 0xBB, 0xBB, 0xCC, 0xCC, 0xBB, 0xBB, 0xAA, 0xAA, 0xAB, 0xBB, 0xBB, 0xBB, 0xBB, 
	0xCC, 0xCC, 0xCC, 0xCC, 0xCC, 0xBB, 0xBB, 0xBB, 0xBB, 0xCC, 0xCC, 0xCC, 0xCC, 0xCC, 0xCC, 
	0xCC, 0xCC, 0xCC, 0xCC, 0xCD, 0xDD, 0xDD, 0xDC, 0xB9, 0x99, 0xAC, 0xDD, 0xDD, 0xDD, 0xDD, 
	0xDD, 0xDD, 0xDD, 0xDD, 0xDD, 0xDD, 0xDD, 0xDD, 0xDD, 0xDD, 0xDD, 0xDD, 0xCB, 0x9A, 0xDD, 
	0xDB, 0x97, 0x88, 0x76, 0x79, 0x98, 0x9A, 0xAA, 0x98, 0x88, 0x88, 0x9A, 0xAA, 0xBC, 0xDD, 
	0xDC, 0xBB, 0xA9, 0x99, 0x88, 0x99, 0x99, 0xAA, 0xAB, 0xCC, 0xCD, 0xCC, 0xBC, 0xDE, 0xFF, 
	0xFF, 0xDB, 0xAA, 0x9A, 0xAB, 0xBB, 0xA9, 0x99, 0x99, 0x99, 0x99, 0x99, 0x99, 0x99, 0x99, 
	0x9A, 0xAB, 0xAA, 0xA9, 0xA9, 0xAA, 0xA9, 0x88, 0x88, 0x99, 0x88, 0x88, 0x87, 0x88, 0x89, 
	0xAA, 0xAB, 0xCC, 0xDD, 0xDD, 0xDD, 0xCD, 0xB9, 0x9B, 0xCB, 0xBA, 0xAB, 0xCC, 0xBB, 0xBA, 
	0xAA, 0x98, 0x89, 0x99, 0x88, 0x77, 0x78, 0x89, 0xAA, 0x99, 0x99, 0x99, 0x89, 0xBD, 0xDC, 
	0xCA, 0x98, 0x89, 0x97, 0x67, 0x78, 0x97, 0x66, 0x78, 0x99, 0x99, 0x98, 0x87, 0x78, 0xAA, 
	0xAA, 0xAA, 0xBB, 0xA9, 0x9A, 0xBB, 0xAA, 0xA9, 0xAA, 0xBB, 0xCD, 0xFF, 0xFF, 0xED, 0xDC, 
	0xBA, 0x99, 0x87, 0x67, 0x88, 0x76, 0x65, 0x56, 0x77, 0x89, 0x98, 0x88, 0x87, 0x68, 0xBF, 
	0xFF, 0xFF, 0xFC, 0x86, 0x55, 0x68, 0xA9, 0x87, 0x76, 0x67, 0x67, 0x88, 0x98, 0x88, 0xAC, 
	0xDD, 0xCB, 0xA9, 0x88, 0x9B, 0xEF, 0xFF, 0xFF, 0xED, 0xBB, 0xBA, 0xAA, 0xA9, 0x88, 0x99, 
	0xAA, 0xBB, 0xBB, 0xBA, 0xA9, 0x99, 0x87, 0x77, 0x67, 0x77, 0x78, 0x99, 0x9A, 0xEF, 0xFF, 
	0xFF, 0xFF, 0xFB, 0x97, 0x76, 0x66, 0x66, 0x66, 0x76, 0x66, 0x65, 0x55, 0x55, 0x55, 0x55, 
	0x56, 0x65, 0x55, 0x55, 0x56, 0x66, 0x66, 0x65, 0x55, 0x55, 0x55, 0x55, 0x56, 0x55, 0x50, 
	0x0A, 0xAA, 0xA9, 0x99, 0xAA, 0xAA, 0xAA, 0xAA, 0xAA, 0xAA, 0xBB, 0xBB, 0xBB, 0xBB, 0xBB, 
	0xBB, 0xBB, 0xBB, 0xBB, 0xBB, 0xBB, 0xBB, 0xBB, 0xBB, 0xBB, 0xBB, 0xBB, 0xBB, 0xBB, 0xBB, 
	0xBB, 0xBB, 0xBB, 0xBB, 0xCC, 0xCC, 0xBB, 0xBB, 0xAA, 0xAA, 0xBB, 0xBB, 0xBB, 0xBB, 0xBC, 
	0xCC, 0xCC, 0xCC, 0xCC, 0xCC, 0xBB, 0xBB, 0xBB, 0xBB, 0xCC, 0xCC, 0xCC, 0xCC, 0xCC, 0xCC, 
	0xCC, 0xCC, 0xCC, 0xCC, 0xCD, 0xDD, 0xDD, 0xDC, 0xB9, 0x99, 0xAC, 0xDD, 0xDD, 0xDD, 0xDD, 
	0xDD, 0xDD, 0xDD, 0xDD, 0xDD, 0xDD, 0xDD, 0xDD, 0xDD, 0xDD, 0xDD, 0xDC, 0xBA, 0x9B, 0xDD, 
	0xB7, 0x56, 0x67, 0x56, 0x89, 0x99, 0x9B, 0xCB, 0xA9, 0x98, 0x88, 0x89, 0x88, 0x9B, 0xCC, 
	0xCC, 0xCB, 0xAA, 0x99, 0x99, 0x99, 0x89, 0x99, 0xAB, 0xCC, 0xCC, 0xCB, 0xAC, 0xDD, 0xEF, 
	0xED, 0xCA, 0xAA, 0x99, 0xAB, 0xBB, 0xA9, 0x99, 0x99, 0x99, 0x99, 0x99, 0x99, 0x98, 0x89, 
	0x99, 0x99, 0x99, 0x99, 0xAA, 0xAA, 0x98, 0x89, 0x99, 0x98, 0x88, 0x77, 0x77, 0x77, 0x77, 
	0x99, 0x9A, 0xBC, 0xDC, 0xDD, 0xDD, 0xCB, 0xBA, 0x9A, 0xCB, 0xBB, 0xBB, 0xCC, 0xBA, 0x88, 
	0x87, 0x77, 0x78, 0x88, 0x77, 0x88, 0x88, 0x99, 0xAA, 0x9A, 0xAA, 0xA9, 0x88, 0xAC, 0xDD, 
	0xCB, 0xA9, 0x9B, 0xBA, 0x87, 0x78, 0x76, 0x66, 0x8A, 0xCC, 0xDD, 0xCB, 0x98, 0x89, 0xAB, 
	0xAA, 0x9A, 0xAA, 0x99, 0x9A, 0xAA, 0xAA, 0xAA, 0xAB, 0xBB, 0xCF, 0xFF, 0xFF, 0xED, 0xCC, 
	0xBC, 0xA9, 0x87, 0x77, 0x66, 0x66, 0x66, 0x67, 0x77, 0x89, 0x99, 0x87, 0x77, 0x68, 0x9C, 
	0xFF, 0xFF, 0xEA, 0x75, 0x44, 0x48, 0xA9, 0x76, 0x55, 0x67, 0x77, 0x78, 0x98, 0x87, 0x7A, 
	0xBC, 0xBA, 0x98, 0x88, 0x9B, 0xDE, 0xFF, 0xFF, 0xDC, 0xBB, 0xBA, 0xA9, 0x99, 0x99, 0xAA, 
	0xAB, 0xBB, 0xBA, 0xAA, 0x98, 0x88, 0x87, 0x67, 0x76, 0x77, 0x77, 0x87, 0x79, 0xDE, 0xED, 
	0xEE, 0xEE, 0xCA, 0x88, 0x77, 0x77, 0x77, 0x77, 0x77, 0x77, 0x77, 0x77, 0x77, 0x77, 0x77, 
	0x77, 0x77, 0x77, 0x77, 0x77, 0x77, 0x78, 0x77, 0x77, 0x77, 0x77, 0x78, 0x78, 0x77, 0x70, 
	0x0A, 0xAA, 0xAA, 0x99, 0xAA, 0xAA, 0xAA, 0xAA, 0xAA, 0xBB, 0xBB, 0xBB, 0xBB, 0xBB, 0xBB, 
	0xBB, 0xBB, 0xBB, 0xBB, 0xBB, 0xBB, 0xBB, 0xBB, 0xBB, 0xBB, 0xBB, 0xBB, 0xBB, 0xBB, 0xBB, 
	0xBB, 0xBB, 0xBB, 0xBB, 0xCC, 0xCC, 0xBB, 0xBB, 0xAA, 0xAA, 0xAB, 0xBB, 0xBB, 0xBB, 0xBC, 
	0xCC, 0xCC, 0xCC, 0xCC, 0xCC, 0xCB, 0xBB, 0xBB, 0xBB, 0xCC, 0xCC, 0xCC, 0xCC, 0xCC, 0xCC, 
	0xCC, 0xCC, 0xCC, 0xCC, 0xCD, 0xDD, 0xDD, 0xDC, 0xBA, 0x89, 0xAC, 0xCD, 0xDD, 0xDD, 0xDD, 
	0xDD, 0xDD, 0xDD, 0xDD, 0xDD, 0xDD, 0xDD, 0xDD, 0xDD, 0xDC, 0xBC, 0xBB, 0xA9, 0x9C, 0xDD, 
	0x96, 0x55, 0x55, 0x56, 0x89, 0x99, 0xAB, 0xCC, 0xBA, 0x99, 0x99, 0x88, 0x87, 0x8A, 0xBB, 
	0xCB, 0xCB, 0xBA, 0x99, 0x99, 0x98, 0x98, 0x99, 0xAB, 0xCC, 0xCA, 0xAA, 0xBB, 0xCC, 0xCD, 
	0xDB, 0xA9, 0x99, 0x99, 0x9A, 0xBB, 0xBA, 0x9A, 0xAA, 0xA9, 0x99, 0x99, 0x99, 0x98, 0x88, 
	0x88, 0x88, 0x88, 0x9A, 0xBB, 0xBB, 0xA8, 0x9A, 0xBB, 0xBA, 0x98, 0x88, 0x77, 0x77, 0x76, 
	0x88, 0x9A, 0xAB, 0xBB, 0xBC, 0xCC, 0xBB, 0xAA, 0x9C, 0xDC, 0xBA, 0xAB, 0xBB, 0xA9, 0x77, 
	0x66, 0x66, 0x67, 0x77, 0x88, 0x88, 0x88, 0x99, 0xAA, 0xBB, 0xBB, 0xBA, 0x98, 0xAC, 0xDC, 
	0xCC, 0xBA, 0xAB, 0xBA, 0x86, 0x76, 0x66, 0x69, 0xBE, 0xFF, 0xFF, 0xFE, 0xB9, 0x99, 0xAB, 
	0xAA, 0xAA, 0xBA, 0xA9, 0xAA, 0xAA, 0xAA, 0xBA, 0xAA, 0xBB, 0xDF, 0xFF, 0xFE, 0xED, 0xBA, 
	0xBD, 0xC9, 0x87, 0x76, 0x76, 0x77, 0x55, 0x67, 0x66, 0x78, 0x88, 0x87, 0x76, 0x67, 0x89, 
	0xAD, 0xFE, 0xB8, 0x76, 0x66, 0x69, 0xBA, 0x65, 0x55, 0x57, 0x78, 0x78, 0x88, 0x76, 0x79, 
	0xAB, 0xA9, 0x87, 0x78, 0x9A, 0xCD, 0xEE, 0xDD, 0xCC, 0xBB, 0xAA, 0xA9, 0x9A, 0xAA, 0xAA, 
	0xBB, 0xBA, 0xA9, 0x99, 0x98, 0x77, 0x77, 0x66, 0x67, 0x77, 0x77, 0x77, 0x78, 0xAB, 0xBB, 
	0xAB, 0xBA, 0xA9, 0x99, 0x99, 0x99, 0x99, 0x99, 0x99, 0x99, 0x89, 0x98, 0x99, 0x98, 0x99, 
	0x99, 0x99, 0x99, 0x99, 0x99, 0x99, 0x99, 0x99, 0x99, 0x99, 0x99, 0x99, 0x99, 0x98, 0x90, 
	0x0A, 0xAA, 0xAA, 0x99, 0xAA, 0xAA, 0xAA, 0xAA, 0xAA, 0xBB, 0xBB, 0xBB, 0xBB, 0xBB, 0xBB, 
	0xBB, 0xBB, 0xBB, 0xBB, 0xBB, 0xBB, 0xBB, 0xBB, 0xBB, 0xBB, 0xBB, 0xBB, 0xBB, 0xBB, 0xBB, 
	0xBB, 0xBB, 0xBB, 0xBB, 0xCC, 0xCC, 0xBB, 0xBB, 0xAA, 0xAA, 0xBB, 0xBB, 0xBB, 0xBB, 0xCC, 
	0xCC, 0xCC, 0xCC, 0xCC, 0xCC, 0xCB, 0xBB, 0xBB, 0xBB, 0xCC, 0xCC, 0xCC, 0xCC, 0xCC, 0xCC, 
	0xCC, 0xCC, 0xCC, 0xCC, 0xCD, 0xDD, 0xDD, 0xDC, 0xBA, 0x99, 0xAB, 0xCD, 0xDD, 0xDD, 0xDD, 
	0xDD, 0xDD, 0xDD, 0xDD, 0xDD, 0xDD, 0xDD, 0xDD, 0xDD, 0xCA, 0x9A, 0xA9, 0x98, 0x8A, 0xBA, 
	0x87, 0x65, 0x55, 0x66, 0x78, 0x89, 0x9B, 0xCC, 0xBA, 0x99, 0x99, 0x98, 0x87, 0x89, 0xAA, 
	0xBB, 0xBB, 0xBA, 0x99, 0x99, 0x98, 0x99, 0x99, 0xAB, 0xCC, 0xCA, 0x99, 0xAB, 0xBB, 0xCC, 
	0xCA, 0x99, 0x89, 0x99, 0xAA, 0xBB, 0xBA, 0xAB, 0xBB, 0xBB, 0xB9, 0x99, 0xAA, 0x98, 0x89, 
	0x98, 0x88, 0x99, 0xAC, 0xEE, 0xED, 0xB9, 0x9A, 0xBB, 0xCC, 0xA9, 0x98, 0x77, 0x78, 0x77, 
	0x88, 0x99, 0xAA, 0xAA, 0xAB, 0xBB, 0xA9, 0x9A, 0xDE, 0xED, 0xBA, 0x9A, 0xAB, 0xBA, 0x98, 
	0x66, 0x66, 0x66, 0x78, 0x88, 0x88, 0x87, 0x89, 0xAB, 0xCD, 0xDD, 0xCB, 0x99, 0xCE, 0xDC, 
	0xCC, 0xCB, 0xAA, 0xAA, 0x76, 0x66, 0x66, 0xAD, 0xFF, 0xFF, 0xFF, 0xFF, 0xCB, 0xAA, 0xAA, 
	0xA9, 0xAA, 0xBB, 0xAA, 0xAA, 0xAA, 0xAB, 0xCB, 0xAA, 0xBB, 0xCD, 0xEE, 0xDD, 0xDD, 0xCA, 
	0xAC, 0xCA, 0x87, 0x66, 0x77, 0x76, 0x66, 0x76, 0x66, 0x78, 0x87, 0x66, 0x66, 0x67, 0x78, 
	0x88, 0x99, 0x87, 0x77, 0x89, 0x8A, 0xA9, 0x54, 0x44, 0x56, 0x78, 0x88, 0x87, 0x65, 0x69, 
	0x99, 0x98, 0x87, 0x89, 0x9A, 0xAB, 0xCC, 0xCD, 0xCC, 0xBB, 0xAA, 0xAA, 0xAA, 0xBB, 0xAA, 
	0xAB, 0xAA, 0x98, 0x88, 0x88, 0x77, 0x77, 0x77, 0x77, 0x77, 0x77, 0x77, 0x89, 0x9A, 0xAA, 
	0xAA, 0xBA, 0xAA, 0xAA, 0xAA, 0xAA, 0xAA, 0xAA, 0xAA, 0xAA, 0x9A, 0xA9, 0x9A, 0xA9, 0xAA, 
	0xAA, 0xAA, 0xAA, 0x9A, 0xAA, 0xAA, 0xA9, 0xAA, 0xA9, 0x9A, 0xA9, 0xA9, 0xAA, 0x99, 0xA0, 
	0x0A, 0xAA, 0xAA, 0x99, 0xAA, 0xAA, 0xAA, 0xAA, 0xAA, 0xBB, 0xBB, 0xBB, 0xBB, 0xBB, 0xBB, 
	0xBB, 0xBB, 0xBB, 0xBB, 0xBB, 0xBB, 0xBB, 0xBB, 0xBB, 0xBB, 0xBB, 0xBB, 0xBB, 0xBB, 0xBB, 
	0xBB, 0xBB, 0xBB, 0xBB, 0xCC, 0xCB, 0xBB, 0xBB, 0xBA, 0xAA, 0xBB, 0xBB, 0xBB, 0xBB, 0xCC, 
	0xCC, 0xCC, 0xCC, 0xCC, 0xCC, 0xCB, 0xBB, 0xBB, 0xBC, 0xCC, 0xCC, 0xCC, 0xCC, 0xCC, 0xCC, 
	0xCC, 0xCC, 0xCC, 0xCC, 0xCD, 0xDD, 0xDD, 0xDC, 0xCA, 0x99, 0xAB, 0xCD, 0xDD, 0xDD, 0xDD, 
	0xDD, 0xDD, 0xDD, 0xDD, 0xDD, 0xDD, 0xDD, 0xDD, 0xDD, 0xB9, 0x89, 0x98, 0x87, 0x78, 0x88, 
	0x88, 0x76, 0x66, 0x77, 0x88, 0x89, 0x9A, 0xBB, 0xBA, 0x99, 0x99, 0x98, 0x87, 0x78, 0x89, 
	0x99, 0xAA, 0xAA, 0x99, 0x99, 0x98, 0x99, 0x99, 0xAB, 0xCC, 0xB9, 0x89, 0xAA, 0x9A, 0xCC, 
	0xCA, 0xAA, 0x98, 0x89, 0xAB, 0xBB, 0xBB, 0xBC, 0xCD, 0xEF, 0xEC, 0x9A, 0xAA, 0xA9, 0x99, 
	0x99, 0x99, 0x9A, 0xBD, 0xFF, 0xFF, 0xDA, 0x88, 0x9B, 0xCC, 0xBA, 0x98, 0x78, 0x88, 0x89, 
	0x99, 0x9A, 0xAA, 0xAA, 0xAA, 0xAA, 0xA9, 0xAD, 0xEF, 0xED, 0xCA, 0xAA, 0xBD, 0xDD, 0xCA, 
	0x87, 0x66, 0x77, 0x78, 0x88, 0x77, 0x77, 0x89, 0xAB, 0xDE, 0xFF, 0xFE, 0xBA, 0xEF, 0xFD, 
	0xCC, 0xCB, 0xAA, 0xA9, 0x76, 0x66, 0x78, 0xDE, 0xFF, 0xFF, 0xFF, 0xFF, 0xCB, 0xBA, 0xAA, 
	0x99, 0x99, 0xAA, 0xAA, 0xAA, 0x99, 0x9A, 0xBA, 0xAA, 0xAA, 0xBB, 0xBB, 0xBB, 0xCC, 0xBA, 
	0xAB, 0xBB, 0x97, 0x67, 0x78, 0x77, 0x56, 0x76, 0x65, 0x67, 0x87, 0x66, 0x55, 0x67, 0x77, 
	0x87, 0x77, 0x76, 0x66, 0x89, 0x89, 0x97, 0x44, 0x44, 0x45, 0x68, 0x88, 0x87, 0x55, 0x66, 
	0x77, 0x77, 0x77, 0x89, 0x99, 0x9A, 0xBB, 0xCC, 0xCB, 0xBB, 0xAA, 0xBB, 0xBB, 0xBB, 0xAA, 
	0xAA, 0x99, 0x88, 0x87, 0x88, 0x77, 0x89, 0x98, 0x88, 0x87, 0x77, 0x77, 0x8A, 0xAA, 0xAB, 
	0xBB, 0xBB, 0xAA, 0xAA, 0xAA, 0xAA, 0xAA, 0xAA, 0xAA, 0xAA, 0xAA, 0xAA, 0xAA, 0xAA, 0xAA, 
	0xAA, 0xAA, 0xAA, 0xAA, 0xAA, 0xAA, 0xAA, 0xAA, 0xAA, 0xAA, 0xAA, 0xAA, 0xAA, 0xAA, 0xA0, 
	0x0A, 0xAA, 0xAA, 0x99, 0xAA, 0xAA, 0xAA, 0xAA, 0xBA, 0xBB, 0xBB, 0xBB, 0xBB, 0xBB, 0xBB, 
	0xBB, 0xBB, 0xBB, 0xBB, 0xBB, 0xBB, 0xBB, 0xBB, 0xBB, 0xBB, 0xBB, 0xBB, 0xBB, 0xBB, 0xBB, 
	0xBB, 0xBB, 0xBB, 0xBB, 0xCC, 0xCB, 0xBB, 0xBB, 0xBA, 0xAA, 0xAB, 0xBB, 0xBB, 0xBB, 0xBB, 
	0xCC, 0xCC, 0xCC, 0xCC, 0xCC, 0xCB, 0xBB, 0xBB, 0xBC, 0xCC, 0xCC, 0xCC, 0xCC, 0xCC, 0xCC, 
	0xCC, 0xCC, 0xCC, 0xCC, 0xCD, 0xDD, 0xDD, 0xDD, 0xCA, 0x99, 0xAB, 0xCD, 0xDD, 0xDD, 0xDD, 
	0xDD, 0xDD, 0xDD, 0xDD, 0xDD, 0xDD, 0xDD, 0xDD, 0xDD, 0xB9, 0x89, 0x98, 0x66, 0x66, 0x78, 
	0x88, 0x77, 0x77, 0x78, 0x88, 0x88, 0x9A, 0xAA, 0xAA, 0x99, 0x99, 0x88, 0x77, 0x77, 0x77, 
	0x88, 0x9A, 0xAA, 0xAA, 0x99, 0x99, 0x99, 0xAA, 0xBC, 0xCC, 0xA8, 0x8A, 0xA9, 0x9A, 0xBC, 
	0xAB, 0xBB, 0xA8, 0x88, 0xAA, 0xAB, 0xBB, 0xBC, 0xEF, 0xFF, 0xFD, 0xAB, 0xCC, 0xBA, 0x99, 
	0x99, 0x99, 0xAB, 0xCE, 0xFF, 0xFF, 0xDA, 0x87, 0x9B, 0xBB, 0xA9, 0x98, 0x88, 0x88, 0x89, 
	0xAA, 0x99, 0x9A, 0xBA, 0x9A, 0x99, 0x9B, 0xDE, 0xEE, 0xDC, 0xCB, 0xBB, 0xCE, 0xEE, 0xDC, 
	0xB9, 0x87, 0x77, 0x88, 0x76, 0x77, 0x78, 0x89, 0x9C, 0xEF, 0xFF, 0xFF, 0xDB, 0xFF, 0xFD, 
	0xCC, 0xBA, 0xAB, 0xAA, 0x86, 0x77, 0x87, 0xAE, 0xFF, 0xFF, 0xFF, 0xFF, 0xBA, 0xBB, 0x99, 
	0x89, 0x99, 0x99, 0x9A, 0xA9, 0x99, 0xAA, 0xAA, 0xA9, 0xA9, 0xAA, 0x9A, 0xBB, 0xBB, 0xBB, 
	0xBA, 0xAB, 0xA8, 0x67, 0x77, 0x66, 0x67, 0x77, 0x66, 0x67, 0x87, 0x65, 0x55, 0x66, 0x77, 
	0x77, 0x77, 0x65, 0x54, 0x56, 0x78, 0x86, 0x54, 0x44, 0x34, 0x89, 0x99, 0x99, 0x75, 0x56, 
	0x66, 0x76, 0x77, 0x89, 0x99, 0x9A, 0xAA, 0xCC, 0xBA, 0xAA, 0xAA, 0xBB, 0xBB, 0xBB, 0x99, 
	0x99, 0x88, 0x88, 0x88, 0x88, 0x99, 0xAB, 0xAA, 0x99, 0x9A, 0x97, 0x66, 0x8A, 0xBB, 0xBB, 
	0xBB, 0xBB, 0xBB, 0xBB, 0xBB, 0xBB, 0xBB, 0xBB, 0xBB, 0xBB, 0xAB, 0xBA, 0xAA, 0xAA, 0xAA, 
	0xAA, 0xAA, 0xAA, 0xAA, 0xAA, 0xAA, 0xAA, 0xAA, 0xAA, 0xAA, 0xAA, 0xAA, 0xAA, 0xAA, 0xA0, 
	0x0A, 0xAA, 0xAA, 0x99, 0xAA, 0xAA, 0xAA, 0xAA, 0xBA, 0xBB, 0xBB, 0xBB, 0xBB, 0xBB, 0xBB, 
	0xBB, 0xBB, 0xBB, 0xBB, 0xBB, 0xBB, 0xBB, 0xBB, 0xBB, 0xBB, 0xBB, 0xBB, 0xBB, 0xBB, 0xBB, 
	0xBB, 0xBB, 0xBB, 0xBB, 0xBC, 0xCC, 0xBB, 0xBB, 0xBA, 0xAA, 0xAA, 0xBB, 0xBB, 0xBB, 0xBB, 
	0xCC, 0xCC, 0xCC, 0xCC, 0xCC, 0xCB, 0xBB, 0xBB, 0xBC, 0xCC, 0xCC, 0xCC, 0xCC, 0xCC, 0xCC, 
	0xCC, 0xCC, 0xCC, 0xCC, 0xCD, 0xDD, 0xDD, 0xDD, 0xCA, 0x99, 0xAB, 0xCD, 0xDD, 0xDD, 0xDD, 
	0xDD, 0xDD, 0xDD, 0xDD, 0xDD, 0xDD, 0xDD, 0xDD, 0xDD, 0xCB, 0xA9, 0x87, 0x66, 0x67, 0x78, 
	0x88, 0x77, 0x88, 0x88, 0x87, 0x88, 0x89, 0x9A, 0xAA, 0xA9, 0x99, 0x88, 0x88, 0x87, 0x77, 
	0x88, 0x99, 0x9A, 0xAA, 0x99, 0x89, 0x99, 0xAB, 0xCC, 0xCB, 0xA9, 0xAB, 0xBA, 0xA9, 0x99, 
	0x9A, 0xAA, 0x97, 0x87, 0x89, 0xAB, 0xBC, 0xCD, 0xFF, 0xFF, 0xFD, 0xBB, 0xDD, 0xCA, 0x99, 
	0x99, 0x9A, 0xAB, 0xDF, 0xFF, 0xFF, 0xEB, 0x98, 0x89, 0x99, 0x89, 0x99, 0x88, 0x87, 0x89, 
	0x99, 0x98, 0x9A, 0xA9, 0x9A, 0xAA, 0xBC, 0xDE, 0xDC, 0xAB, 0xBA, 0xBC, 0xDE, 0xEE, 0xDD, 
	0xCB, 0xA8, 0x77, 0x77, 0x66, 0x67, 0x78, 0x89, 0x9C, 0xEF, 0xFF, 0xFF, 0xEC, 0xEE, 0xED, 
	0xBA, 0xA9, 0xAA, 0xAA, 0x86, 0x66, 0x78, 0x8A, 0xCD, 0xEE, 0xEE, 0xED, 0xAA, 0xBA, 0x98, 
	0x89, 0x99, 0x99, 0xAA, 0xA9, 0x9A, 0xAA, 0xAA, 0xA9, 0xAA, 0xAA, 0xAB, 0xBB, 0xBB, 0xBB, 
	0xBA, 0xAB, 0xA8, 0x77, 0x77, 0x66, 0x77, 0x76, 0x66, 0x67, 0x88, 0x65, 0x55, 0x56, 0x76, 
	0x67, 0x76, 0x55, 0x44, 0x45, 0x77, 0x76, 0x54, 0x44, 0x35, 0x9A, 0xAA, 0xAB, 0xA7, 0x56, 
	0x67, 0x77, 0x77, 0x88, 0x98, 0x99, 0x99, 0xAB, 0xA9, 0x99, 0xAA, 0xBB, 0xBB, 0xBA, 0x99, 
	0x98, 0x88, 0x78, 0x88, 0x89, 0xAA, 0xBC, 0xBB, 0xAA, 0xAC, 0xC9, 0x65, 0x69, 0xBB, 0xBB, 
	0xBB, 0xBB, 0xBB, 0xBB, 0xBB, 0xBB, 0xBB, 0xBB, 0xBB, 0xBB, 0xBB, 0xBB, 0xBB, 0xBB, 0xBB, 
	0xBB, 0xBB, 0xBB, 0xBB, 0xBB, 0xBA, 0xAA, 0xAA, 0xAA, 0xAA, 0xAA, 0xAA, 0xAA, 0xAA, 0xA0, 
	0x0A, 0xAA, 0xAA, 0x99, 0x9A, 0xAA, 0xAA, 0xAA, 0xAA, 0xBB, 0xBB, 0xBB, 0xBB, 0xBB, 0xBB, 
	0xBB, 0xBB, 0xBB, 0xBB, 0xBB, 0xBB, 0xBB, 0xBB, 0xBB, 0xBB, 0xBB, 0xBB, 0xBB, 0xBB, 0xBB, 
	0xBB, 0xBB, 0xCB, 0xBB, 0xBC, 0xCC, 0xBB, 0xBB, 0xBA, 0xAA, 0xAA, 0xBB, 0xBB, 0xBB, 0xBB, 
	0xCC, 0xCC, 0xCC, 0xCC, 0xCC, 0xCC, 0xBB, 0xBB, 0xBC, 0xCC, 0xCC, 0xCC, 0xCC, 0xCC, 0xCC, 
	0xCC, 0xCC, 0xCC, 0xCC, 0xCD, 0xDD, 0xDD, 0xDD, 0xCB, 0x99, 0x9B, 0xCD, 0xDD, 0xDD, 0xDD, 
	0xDD, 0xDD, 0xDD, 0xDD, 0xDD, 0xDD, 0xDD, 0xDD, 0xDD, 0xDC, 0xBA, 0x98, 0x77, 0x67, 0x77, 
	0x88, 0x88, 0x89, 0x99, 0x88, 0x9A, 0x98, 0x89, 0xAB, 0xAA, 0xA9, 0x98, 0x98, 0x88, 0x77, 
	0x78, 0x88, 0x99, 0xAA, 0xA9, 0x99, 0x99, 0xAB, 0xCC, 0xCB, 0xAA, 0xBB, 0xBB, 0xAA, 0xA9, 
	0x99, 0x98, 0x88, 0x77, 0x88, 0x9A, 0xBC, 0xDE, 0xFF, 0xFF, 0xFD, 0xBB, 0xCD, 0xCA, 0x99, 
	0x9A, 0x99, 0x9A, 0xDF, 0xFF, 0xFF, 0xDB, 0x98, 0x78, 0x87, 0x78, 0x89, 0x88, 0x87, 0x88, 
	0x98, 0x88, 0x89, 0x99, 0x9A, 0xAA, 0xCD, 0xDD, 0xBA, 0xAA, 0xAA, 0xBC, 0xDD, 0xEE, 0xEE, 
	0xCC, 0xCA, 0x76, 0x77, 0x66, 0x67, 0x77, 0x88, 0x9B, 0xDF, 0xFF, 0xFF, 0xEA, 0x9B, 0xCC, 
	0xBA, 0xA9, 0xAA, 0xA9, 0x76, 0x66, 0x67, 0x78, 0x9A, 0xAB, 0xAA, 0xA9, 0xAA, 0xA9, 0x88, 
	0x99, 0x99, 0xAA, 0xBB, 0xAA, 0xAA, 0xAA, 0xAA, 0xAA, 0x9A, 0xAA, 0xAB, 0xBB, 0xBB, 0xBA, 
	0xAA, 0xAB, 0xB9, 0x77, 0x88, 0x87, 0x88, 0x87, 0x76, 0x78, 0x99, 0x75, 0x55, 0x56, 0x77, 
	0x66, 0x66, 0x54, 0x44, 0x56, 0x77, 0x76, 0x65, 0x44, 0x45, 0x9A, 0x99, 0xAB, 0xDB, 0x76, 
	0x77, 0x88, 0x88, 0x88, 0x88, 0x89, 0xA9, 0x88, 0x88, 0x88, 0x9A, 0xBB, 0xBB, 0xBB, 0xAA, 
	0x98, 0x88, 0x78, 0x88, 0x89, 0xBC, 0xDD, 0xCC, 0xBA, 0xAC, 0xCB, 0xA8, 0x8A, 0xBB, 0xBB, 
	0xBB, 0xBB, 0xBB, 0xBB, 0xBB, 0xBB, 0xBB, 0xBB, 0xBB, 0xBB, 0xBB, 0xBB, 0xBB, 0xBB, 0xAB, 
	0xBB, 0xBB, 0xBB, 0xBB, 0xBB, 0xBA, 0xAA, 0xAA, 0xAA, 0xAA, 0xAA, 0xAA, 0xAA, 0xAA, 0xA0, 
	0x0A, 0xAA, 0xAA, 0x99, 0x9A, 0xAA, 0xAA, 0xAA, 0xAA, 0xBB, 0xBB, 0xBB, 0xBB, 0xBB, 0xBB, 
	0xBB, 0xBB, 0xBB, 0xBB, 0xBB, 0xBB, 0xBB, 0xBB, 0xBB, 0xBB, 0xBB, 0xBB, 0xBB, 0xBB, 0xBB, 
	0xBB, 0xBB, 0xCB, 0xBB, 0xBC, 0xCC, 0xCB, 0xBB, 0xBA, 0xAA, 0xAA, 0xBB, 0xBB, 0xBB, 0xBB, 
	0xCC, 0xCC, 0xCC, 0xCC, 0xCC, 0xCC, 0xBB, 0xBB, 0xCC, 0xCC, 0xCC, 0xCC, 0xCC, 0xCC, 0xCC, 
	0xCC, 0xCC, 0xCC, 0xCC, 0xCD, 0xDD, 0xDD, 0xDD, 0xCB, 0x99, 0x9B, 0xCD, 0xDD, 0xDD, 0xDD, 
	0xDD, 0xDD, 0xDD, 0xDD, 0xDD, 0xDD, 0xDD, 0xDD, 0xDD, 0xDD, 0xCB, 0xA8, 0x77, 0x77, 0x77, 
	0x87, 0x78, 0x89, 0x99, 0x99, 0xBB, 0xBA, 0x99, 0xAA, 0xA9, 0x99, 0x99, 0x98, 0x87, 0x77, 
	0x77, 0x78, 0x88, 0xAB, 0xAA, 0x99, 0x9A, 0xBC, 0xCC, 0xCA, 0x9A, 0xBC, 0xCB, 0xA9, 0x99, 
	0x98, 0x87, 0x88, 0x88, 0x88, 0x99, 0xAB, 0xDF, 0xFF, 0xFF, 0xFD, 0xBB, 0xCC, 0xCA, 0x99, 
	0x99, 0x98, 0x89, 0xCF, 0xFF, 0xFE, 0xCA, 0x98, 0x87, 0x76, 0x66, 0x78, 0x87, 0x77, 0x77, 
	0x88, 0x87, 0x88, 0x88, 0x99, 0x9A, 0xBC, 0xBB, 0xBA, 0xAA, 0x99, 0x9B, 0xCD, 0xEE, 0xEE, 
	0xDC, 0xCB, 0x97, 0x77, 0x77, 0x66, 0x67, 0x77, 0x89, 0xBD, 0xEF, 0xFE, 0xC9, 0x78, 0xAB, 
	0xBB, 0xBB, 0xAA, 0xA9, 0x76, 0x56, 0x66, 0x77, 0x78, 0x88, 0x87, 0x78, 0xAA, 0xA9, 0x99, 
	0xAA, 0xAA, 0xAA, 0xAA, 0xAA, 0xAA, 0xAA, 0xAA, 0xAA, 0xA9, 0xAA, 0xAB, 0xBB, 0xBB, 0xBA, 
	0xAA, 0xAA, 0xBA, 0x88, 0x8A, 0xAA, 0xA9, 0x97, 0x77, 0x88, 0x99, 0x86, 0x55, 0x56, 0x77, 
	0x66, 0x66, 0x65, 0x44, 0x56, 0x79, 0x86, 0x65, 0x44, 0x45, 0x89, 0x78, 0xAB, 0xCC, 0x96, 
	0x67, 0x78, 0x88, 0x88, 0x9A, 0xAA, 0xCB, 0x97, 0x88, 0x87, 0x89, 0xAA, 0xAB, 0xCB, 0xBA, 
	0x99, 0x87, 0x77, 0x78, 0x8A, 0xEF, 0xFE, 0xDD, 0xCC, 0xBC, 0xDC, 0xCC, 0xBA, 0xBB, 0xBB, 
	0xBB, 0xBB, 0xBB, 0xBB, 0xBB, 0xBB, 0xBB, 0xBB, 0xBB, 0xBB, 0xBB, 0xBB, 0xBB, 0xBB, 0xBB, 
	0xBB, 0xBB, 0xBB, 0xBB, 0xAB, 0xAA, 0xAA, 0xAA, 0xAA, 0xAA, 0xAA, 0xAA, 0xBA, 0xAA, 0xA0, 
	0x0A, 0xAA, 0xAA, 0x99, 0xAA, 0xAA, 0xAA, 0xAA, 0xAA, 0xBB, 0xBB, 0xBB, 0xBB, 0xBB, 0xBB, 
	0xBB, 0xBB, 0xBB, 0xBB, 0xBB, 0xBB, 0xBB, 0xBB, 0xBB, 0xBB, 0xBB, 0xBB, 0xBB, 0xBB, 0xBB, 
	0xBB, 0xBB, 0xCB, 0xBB, 0xCC, 0xCC, 0xCB, 0xBB, 0xBA, 0xAA, 0xAA, 0xBB, 0xBB, 0xBB, 0xBB, 
	0xCC, 0xCC, 0xCC, 0xCC, 0xCC, 0xCC, 0xBB, 0xBB, 0xCC, 0xCC, 0xCC, 0xCC, 0xCC, 0xCC, 0xCC, 
	0xCC, 0xCC, 0xCC, 0xCC, 0xCC, 0xDD, 0xDD, 0xDD, 0xCB, 0x99, 0x9B, 0xCD, 0xDD, 0xDD, 0xDD, 
	0xDD, 0xDD, 0xDD, 0xDD, 0xDD, 0xDD, 0xDD, 0xDD, 0xDD, 0xDD, 0xDC, 0xB9, 0x88, 0x88, 0x77, 
	0x77, 0x78, 0x89, 0x99, 0x9A, 0xCC, 0xDD, 0xDB, 0xAA, 0xA9, 0x99, 0x98, 0x88, 0x76, 0x66, 
	0x77, 0x77, 0x78, 0x9A, 0xAA, 0xAA, 0xAB, 0xCC, 0xCB, 0xB9, 0x78, 0x9A, 0xAA, 0xAA, 0x99, 
	0x99, 0x88, 0x99, 0x88, 0x78, 0x88, 0x99, 0xCF, 0xFF, 0xFF, 0xED, 0xBB, 0xCC, 0xBA, 0x99, 
	0x99, 0x98, 0x88, 0xBE, 0xFF, 0xFD, 0xA9, 0x88, 0x87, 0x76, 0x56, 0x67, 0x77, 0x66, 0x66, 
	0x78, 0x88, 0x88, 0x87, 0x88, 0x9B, 0xBB, 0xBB, 0xAA, 0xAA, 0x98, 0x8A, 0xCD, 0xDD, 0xDD, 
	0xDD, 0xCC, 0xB8, 0x67, 0x88, 0x76, 0x67, 0x76, 0x77, 0x89, 0xBC, 0xCB, 0x98, 0x78, 0xAB, 
	0xCB, 0xCB, 0xBB, 0x97, 0x55, 0x55, 0x66, 0x56, 0x67, 0x77, 0x66, 0x7A, 0xAA, 0x99, 0xAA, 
	0xAA, 0xA9, 0x99, 0x99, 0x99, 0x9A, 0xA9, 0x9A, 0xBB, 0xAA, 0xAA, 0xBB, 0xAA, 0xBB, 0xBB, 
	0xBA, 0xBB, 0xBB, 0xA9, 0xAC, 0xEE, 0xEC, 0x99, 0x88, 0x88, 0x98, 0x76, 0x55, 0x56, 0x67, 
	0x76, 0x77, 0x77, 0x65, 0x66, 0x8A, 0x97, 0x55, 0x54, 0x45, 0x88, 0x77, 0x8A, 0xBB, 0x86, 
	0x76, 0x77, 0x77, 0x88, 0x9B, 0xBB, 0xCC, 0xA8, 0x98, 0x77, 0x89, 0x99, 0x9B, 0xCB, 0xBA, 
	0x99, 0x88, 0x88, 0x78, 0x9D, 0xFF, 0xFF, 0xED, 0xCD, 0xDC, 0xCD, 0xDC, 0xCB, 0xBB, 0xBB, 
	0xBB, 0xBB, 0xBB, 0xBB, 0xBB, 0xBB, 0xBB, 0xBB, 0xBB, 0xBB, 0xBB, 0xBB, 0xBB, 0xBB, 0xBB, 
	0xBB, 0xBB, 0xBB, 0xBB, 0xBB, 0xBA, 0xAB, 0xAA, 0xAA, 0xAB, 0xBA, 0xAA, 0xAA, 0xAA, 0xA0, 
	0x0A, 0xAA, 0xAA, 0x99, 0xAA, 0xAA, 0xAA, 0xAA, 0xAB, 0xAA, 0xBB, 0xBB, 0xBB, 0xBB, 0xBB, 
	0xBB, 0xBB, 0xBB, 0xBB, 0xBB, 0xBB, 0xBB, 0xBB, 0xBB, 0xBB, 0xBB, 0xBB, 0xBB, 0xBB, 0xBB, 
	0xBB, 0xBB, 0xBB, 0xBB, 0xCC, 0xCC, 0xCC, 0xBB, 0xBA, 0xAA, 0xBB, 0xBB, 0xBB, 0xBB, 0xBB, 
	0xCC, 0xCC, 0xCC, 0xCC, 0xCC, 0xCC, 0xBB, 0xBB, 0xCC, 0xCC, 0xCC, 0xCC, 0xCC, 0xCC, 0xCC, 
	0xCC, 0xCC, 0xCC, 0xCC, 0xCC, 0xDD, 0xDD, 0xDD, 0xCB, 0x99, 0x9B, 0xCC, 0xDD, 0xDD, 0xDD, 
	0xDD, 0xDD, 0xDD, 0xDD, 0xDD, 0xDD, 0xDD, 0xDD, 0xDD, 0xDD, 0xDD, 0xBA, 0xAA, 0xA8, 0x77, 
	0x77, 0x77, 0x78, 0x99, 0x9A, 0xBC, 0xDE, 0xDB, 0x99, 0x99, 0x99, 0x98, 0x87, 0x76, 0x66, 
	0x66, 0x67, 0x77, 0x89, 0x9A, 0xAA, 0xBC, 0xCC, 0xCB, 0x96, 0x66, 0x78, 0xAB, 0xBB, 0xAA, 
	0xA9, 0x99, 0x9A, 0x88, 0x77, 0x77, 0x89, 0xAD, 0xFF, 0xFE, 0xDC, 0xBB, 0xCC, 0xB9, 0x99, 
	0x98, 0x87, 0x77, 0x9E, 0xFF, 0xEA, 0x98, 0x87, 0x77, 0x66, 0x66, 0x66, 0x66, 0x66, 0x66, 
	0x77, 0x88, 0x88, 0x77, 0x77, 0x9B, 0xBC, 0xBA, 0x99, 0xAA, 0x99, 0x9A, 0xBB, 0xCC, 0xCD, 
	0xDD, 0xDC, 0xCA, 0x77, 0x87, 0x66, 0x66, 0x76, 0x56, 0x67, 0x89, 0x89, 0x77, 0x8B, 0xCC, 
	0xBB, 0xBB, 0xBA, 0x86, 0x66, 0x55, 0x56, 0x66, 0x66, 0x66, 0x56, 0x9B, 0xBA, 0x9A, 0xBA, 
	0xA9, 0x99, 0x99, 0xAA, 0x99, 0x99, 0x99, 0x99, 0xAA, 0xAA, 0xBB, 0xBB, 0xAA, 0xBB, 0xBB, 
	0xBB, 0xBB, 0xBA, 0xAB, 0xDE, 0xFF, 0xFE, 0xCA, 0x98, 0x77, 0x77, 0x66, 0x65, 0x56, 0x77, 
	0x66, 0x9B, 0xA7, 0x77, 0x77, 0x8A, 0xA8, 0x55, 0x66, 0x54, 0x67, 0x76, 0x88, 0x99, 0x77, 
	0x77, 0x77, 0x77, 0x89, 0xCC, 0xBB, 0xBC, 0xA9, 0x99, 0xAC, 0xCB, 0xA9, 0x9A, 0xBB, 0xAA, 
	0x99, 0x88, 0x88, 0x99, 0xAD, 0xFF, 0xFF, 0xFE, 0xDD, 0xDD, 0xCC, 0xCC, 0xCB, 0xBB, 0xBB, 
	0xBB, 0xBB, 0xBB, 0xBB, 0xBB, 0xBB, 0xBB, 0xBB, 0xBB, 0xBB, 0xBB, 0xBB, 0xBB, 0xBB, 0xBB, 
	0xBB, 0xBB, 0xBB, 0xBB, 0xBB, 0xBB, 0xBA, 0xAA, 0xAA, 0xAA, 0xAA, 0xAA, 0xAA, 0xAA, 0xA0, 
	0x0A, 0xAA, 0xAA, 0x99, 0x9A, 0xAA, 0xAA, 0xAA, 0xAB, 0xAA, 0xBB, 0xBB, 0xBB, 0xBB, 0xBB, 
	0xBB, 0xBB, 0xBB, 0xBB, 0xBB, 0xBB, 0xBB, 0xBB, 0xBB, 0xBB, 0xBB, 0xBB, 0xBC, 0xBB, 0xBB, 
	0xBB, 0xBB, 0xBB, 0xBB, 0xCC, 0xCC, 0xCC, 0xBB, 0xBA, 0xAA, 0xAA, 0xBB, 0xBB, 0xBB, 0xBB, 
	0xCC, 0xCC, 0xCC, 0xCC, 0xCC, 0xCC, 0xBB, 0xBB, 0xBC, 0xCC, 0xCC, 0xCC, 0xCC, 0xCC, 0xCC, 
	0xCC, 0xCC, 0xCC, 0xCC, 0xCC, 0xDD, 0xDD, 0xDD, 0xCB, 0x99, 0x9B, 0xCC, 0xDD, 0xDD, 0xDD, 
	0xDD, 0xDD, 0xDD, 0xDD, 0xDD, 0xDD, 0xDD, 0xDD, 0xDD, 0xDD, 0xDD, 0xCB, 0xBC, 0xBA, 0x87, 
	0x88, 0x77, 0x78, 0x88, 0x9A, 0xBC, 0xDE, 0xDA, 0x88, 0x88, 0x99, 0x98, 0x87, 0x76, 0x66, 
	0x66, 0x66, 0x66, 0x67, 0x99, 0x89, 0xBC, 0xCC, 0xBA, 0x86, 0x66, 0x77, 0x8B, 0xCC, 0xBB, 
	0xCB, 0xAA, 0xAA, 0x97, 0x76, 0x67, 0x88, 0x9A, 0xCD, 0xDC, 0xBA, 0xAA, 0xBB, 0xA9, 0x99, 
	0x88, 0x66, 0x65, 0x7D, 0xEE, 0xA8, 0x87, 0x77, 0x76, 0x66, 0x66, 0x65, 0x55, 0x55, 0x56, 
	0x66, 0x78, 0x88, 0x76, 0x67, 0xAB, 0xCC, 0xCA, 0x99, 0xAA, 0xAA, 0xAA, 0xBB, 0xCC, 0xCD, 
	0xDD, 0xDD, 0xCB, 0x76, 0x77, 0x65, 0x55, 0x55, 0x55, 0x56, 0x77, 0x99, 0x77, 0x9B, 0xCC, 
	0xB9, 0x99, 0x97, 0x67, 0x66, 0x55, 0x65, 0x66, 0x66, 0x55, 0x56, 0x9A, 0xAA, 0xAA, 0xAA, 
	0xBB, 0xA9, 0x99, 0x99, 0x99, 0xAA, 0x99, 0x99, 0x99, 0xAB, 0xCB, 0xBA, 0xAA, 0xAB, 0xAB, 
	0xBB, 0xBB, 0xAA, 0x9A, 0xEF, 0xFF, 0xFF, 0xDB, 0xB9, 0x76, 0x77, 0x66, 0x55, 0x56, 0x77, 
	0x68, 0xDE, 0xD9, 0x67, 0x77, 0x78, 0x87, 0x56, 0x77, 0x76, 0x66, 0x66, 0x8A, 0xA9, 0x77, 
	0x78, 0x77, 0x77, 0x89, 0xCC, 0xBA, 0x9A, 0x99, 0x8A, 0xEF, 0xFF, 0xEA, 0x9A, 0xAA, 0xA9, 
	0x98, 0x88, 0x99, 0x9A, 0xBD, 0xFF, 0xFF, 0xFE, 0xDC, 0xDC, 0xDD, 0xCB, 0xBB, 0xBB, 0xBB, 
	0xBB, 0xBB, 0xBB, 0xBB, 0xBB, 0xBB, 0xBB, 0xBB, 0xBB, 0xBB, 0xBB, 0xBB, 0xBB, 0xBB, 0xBB, 
	0xBB, 0xBB, 0xBB, 0xBB, 0xBB, 0xBB, 0xBA, 0xAA, 0xAA, 0xAA, 0xAA, 0xAA, 0xAA, 0xAA, 0xA0, 
	0x0A, 0xAA, 0xAA, 0x99, 0x9A, 0xAA, 0xAA, 0xAA, 0xAB, 0xBA, 0xBB, 0xBB, 0xBB, 0xBB, 0xBB, 
	0xBB, 0xBB, 0xBB, 0xBB, 0xBB, 0xBB, 0xBB, 0xBB, 0xBB, 0xBB, 0xBB, 0xBB, 0xBC, 0xBB, 0xBB, 
	0xBB, 0xBB, 0xBB, 0xBB, 0xCC, 0xCC, 0xCC, 0xBB, 0xBA, 0xAA, 0xAA, 0xAB, 0xBB, 0xBB, 0xBB, 
	0xCC, 0xCC, 0xCC, 0xCC, 0xCC, 0xCC, 0xBB, 0xBB, 0xBC, 0xCC, 0xCC, 0xCC, 0xCC, 0xCC, 0xCC, 
	0xCC, 0xBC, 0xCC, 0xCC, 0xCC, 0xDD, 0xDD, 0xDD, 0xCB, 0x99, 0x9A, 0xCC, 0xDD, 0xDD, 0xDD, 
	0xDD, 0xDD, 0xDD, 0xDD, 0xDD, 0xDD, 0xDD, 0xDD, 0xDD, 0xDD, 0xDD, 0xDC, 0xCD, 0xCA, 0x98, 
	0x88, 0x78, 0x88, 0x99, 0xAB, 0xBB, 0xCC, 0xCA, 0x88, 0x88, 0x99, 0x88, 0x88, 0x77, 0x66, 
	0x66, 0x66, 0x66, 0x67, 0x77, 0x89, 0xAB, 0xBA, 0xA9, 0x87, 0x77, 0x77, 0x8B, 0xCC, 0xCC, 
	0xCD, 0xCC, 0xB9, 0x98, 0x76, 0x66, 0x78, 0x99, 0xAA, 0xBB, 0xA9, 0x99, 0xAA, 0xA9, 0x99, 
	0x87, 0x55, 0x55, 0x69, 0xBB, 0x87, 0x77, 0x66, 0x65, 0x55, 0x66, 0x64, 0x44, 0x44, 0x44, 
	0x45, 0x67, 0x77, 0x66, 0x67, 0xAC, 0xDC, 0xCB, 0xAA, 0xBB, 0xBB, 0xAB, 0xBC, 0xCD, 0xDD, 
	0xDD, 0xDD, 0xDC, 0x96, 0x56, 0x66, 0x65, 0x55, 0x54, 0x45, 0x57, 0xCC, 0xA7, 0x9C, 0xCB, 
	0x86, 0x66, 0x66, 0x66, 0x77, 0x67, 0x77, 0x77, 0x76, 0x56, 0x66, 0x8A, 0xAA, 0xAB, 0xAA, 
	0xCC, 0xBA, 0x9A, 0x99, 0x99, 0xAA, 0xA9, 0x9A, 0x99, 0xAA, 0xCB, 0xAA, 0xAA, 0xBB, 0xAB, 
	0xBB, 0xBB, 0xBA, 0x9A, 0xDE, 0xFF, 0xFF, 0xDC, 0xB9, 0x87, 0x66, 0x66, 0x55, 0x46, 0x77, 
	0x8B, 0xEE, 0xEB, 0x67, 0x88, 0x87, 0x76, 0x77, 0x78, 0x87, 0x76, 0x66, 0x9B, 0xBA, 0x87, 
	0x88, 0x88, 0x99, 0x88, 0x9A, 0x98, 0x89, 0x88, 0x89, 0xDF, 0xFF, 0xFC, 0xAA, 0xAA, 0x99, 
	0x98, 0x88, 0x89, 0x9A, 0xBC, 0xDE, 0xEE, 0xED, 0xCC, 0xCC, 0xDD, 0xDC, 0xCB, 0xBB, 0xBB, 
	0xBB, 0xBB, 0xBB, 0xBB, 0xBB, 0xBB, 0xBB, 0xBB, 0xBB, 0xBB, 0xBB, 0xBB, 0xBB, 0xBB, 0xBB, 
	0xBB, 0xBB, 0xBB, 0xBB, 0xBB, 0xBB, 0xBA, 0xAA, 0xAA, 0xAA, 0xAA, 0xAA, 0xAA, 0xAA, 0xA0, 
	0x0A, 0xAA, 0xAA, 0xA9, 0x9A, 0xAA, 0xAA, 0xAA, 0xAA, 0xBA, 0xAB, 0xBB, 0xBB, 0xBB, 0xBB, 
	0xBB, 0xBB, 0xBB, 0xBB, 0xBB, 0xBB, 0xBB, 0xBB, 0xBB, 0xBB, 0xBB, 0xBB, 0xBC, 0xBB, 0xBB, 
	0xBB, 0xBB, 0xBB, 0xBB, 0xBC, 0xCC, 0xCC, 0xBB, 0xBA, 0xAA, 0xAA, 0xAB, 0xBB, 0xBB, 0xBB, 
	0xCC, 0xCC, 0xCC, 0xCC, 0xCC, 0xCC, 0xBB, 0xBB, 0xCC, 0xCC, 0xCC, 0xCC, 0xCC, 0xCC, 0xCC, 
	0xCC, 0xBC, 0xCC, 0xCC, 0xCC, 0xDD, 0xDD, 0xDD, 0xCB, 0xA9, 0x9A, 0xCC, 0xDD, 0xDD, 0xDD, 
	0xDD, 0xDD, 0xDD, 0xDD, 0xDD, 0xDD, 0xDD, 0xDD, 0xDD, 0xDD, 0xDD, 0xDD, 0xCC, 0xCA, 0x98, 
	0x88, 0x88, 0x99, 0x99, 0xAB, 0xBC, 0xCC, 0xCB, 0x98, 0x88, 0x88, 0x88, 0x88, 0x87, 0x77, 
	0x66, 0x66, 0x56, 0x66, 0x66, 0x78, 0x99, 0x99, 0x99, 0x98, 0x88, 0x77, 0x8A, 0xBB, 0xBC, 
	0xDD, 0xDC, 0xBA, 0x98, 0x88, 0x65, 0x67, 0x99, 0x9A, 0xAA, 0x99, 0x99, 0xAA, 0xA9, 0x99, 
	0x76, 0x54, 0x55, 0x55, 0x66, 0x76, 0x66, 0x66, 0x65, 0x55, 0x66, 0x64, 0x43, 0x34, 0x44, 
	0x44, 0x45, 0x67, 0x66, 0x68, 0xBD, 0xDD, 0xCB, 0xAA, 0xBC, 0xCB, 0xAA, 0xBB, 0xCD, 0xEE, 
	0xED, 0xCD, 0xDD, 0xB6, 0x56, 0x77, 0x76, 0x65, 0x55, 0x44, 0x58, 0xCC, 0xB8, 0xAC, 0xCB, 
	0x75, 0x66, 0x66, 0x66, 0x66, 0x67, 0x88, 0x88, 0x98, 0x77, 0x66, 0x89, 0xAA, 0xAA, 0xA9, 
	0xBC, 0xCA, 0xAA, 0x99, 0x99, 0xAB, 0x99, 0x99, 0x99, 0x9A, 0xBB, 0xAA, 0xAA, 0xAB, 0xBB, 
	0xAA, 0xBB, 0xBB, 0xAA, 0xAC, 0xFF, 0xFF, 0xCB, 0xA9, 0x87, 0x66, 0x66, 0x65, 0x56, 0x67, 
	0x9C, 0xCE, 0xD8, 0x67, 0x78, 0x88, 0x87, 0x77, 0x77, 0x88, 0x76, 0x66, 0x7A, 0xBB, 0x86, 
	0x89, 0x88, 0x99, 0x87, 0x77, 0x66, 0x78, 0x88, 0x88, 0xAE, 0xFF, 0xFB, 0x99, 0x99, 0x99, 
	0x88, 0x88, 0x88, 0x89, 0xAB, 0xCC, 0xCD, 0xCC, 0xCD, 0xDC, 0xCD, 0xDC, 0xBB, 0xBB, 0xBB, 
	0xBB, 0xBB, 0xBB, 0xBB, 0xBB, 0xBB, 0xBB, 0xBB, 0xBB, 0xBB, 0xBB, 0xBB, 0xBB, 0xBB, 0xBB, 
	0xBB, 0xBB, 0xBB, 0xBB, 0xBB, 0xBB, 0xBA, 0xAA, 0xAA, 0xAA, 0xAA, 0xAA, 0xAA, 0xAA, 0xA0, 
	0x0A, 0xAA, 0xAA, 0xA9, 0x9A, 0xAA, 0xAA, 0xAA, 0xAA, 0xBA, 0xAB, 0xBB, 0xBB, 0xBB, 0xBB, 
	0xBB, 0xBB, 0xBB, 0xBB, 0xBB, 0xBB, 0xBB, 0xBB, 0xBB, 0xBB, 0xBB, 0xBB, 0xBB, 0xBB, 0xBB, 
	0xBC, 0xCB, 0xBB, 0xBB, 0xBC, 0xCC, 0xBC, 0xBB, 0xBB, 0xAA, 0xAA, 0xAB, 0xBB, 0xBB, 0xBB, 
	0xCC, 0xCC, 0xCC, 0xCC, 0xCC, 0xCC, 0xCB, 0xBB, 0xCC, 0xCC, 0xCC, 0xCC, 0xCC, 0xCC, 0xCC, 
	0xCC, 0xBC, 0xCC, 0xCC, 0xCC, 0xDD, 0xDD, 0xDD, 0xCB, 0xA9, 0x9A, 0xCC, 0xDD, 0xDD, 0xDD, 
	0xDD, 0xDD, 0xDD, 0xDD, 0xDD, 0xDD, 0xDD, 0xDD, 0xDD, 0xDD, 0xDD, 0xDC, 0xCC, 0xCA, 0x99, 
	0x88, 0x88, 0x9A, 0xBB, 0xBB, 0xBC, 0xCC, 0xCA, 0x99, 0x88, 0x88, 0x87, 0x89, 0x87, 0x77, 
	0x77, 0x76, 0x66, 0x66, 0x66, 0x78, 0x88, 0x88, 0x99, 0x98, 0x98, 0x87, 0x79, 0x9A, 0xBD, 
	0xDD, 0xDC, 0xBA, 0x98, 0x88, 0x76, 0x78, 0x99, 0x99, 0x99, 0x99, 0x99, 0x9A, 0xAA, 0x98, 
	0x76, 0x65, 0x55, 0x54, 0x55, 0x66, 0x55, 0x56, 0x65, 0x56, 0x77, 0x64, 0x33, 0x33, 0x34, 
	0x33, 0x45, 0x56, 0x66, 0x68, 0xBD, 0xDD, 0xCA, 0x9A, 0xBC, 0xCB, 0xAA, 0xAA, 0xCC, 0xEE, 
	0xED, 0xCD, 0xDD, 0xB7, 0x66, 0x77, 0x77, 0x76, 0x64, 0x43, 0x48, 0xCC, 0xA7, 0xAC, 0xCC, 
	0x85, 0x55, 0x55, 0x55, 0x55, 0x68, 0x88, 0x89, 0x99, 0x98, 0x87, 0x89, 0xAA, 0x99, 0x99, 
	0x9A, 0xAA, 0xAA, 0x99, 0x99, 0xAA, 0x98, 0x99, 0x99, 0x99, 0xAA, 0x99, 0xAA, 0xBB, 0xBA, 
	0xAA, 0xAB, 0xBC, 0xBB, 0xBB, 0xCD, 0xDC, 0xBA, 0xA9, 0x97, 0x66, 0x66, 0x66, 0x66, 0x67, 
	0x9C, 0xCA, 0x76, 0x77, 0x67, 0x99, 0x99, 0x88, 0x76, 0x77, 0x76, 0x66, 0x68, 0xBB, 0x85, 
	0x78, 0x77, 0x88, 0x76, 0x65, 0x66, 0x67, 0x77, 0x88, 0x8A, 0xDE, 0xEA, 0x88, 0x99, 0x98, 
	0x88, 0x87, 0x78, 0x88, 0x8A, 0xAB, 0xBC, 0xCB, 0xBD, 0xED, 0xBD, 0xDC, 0xBC, 0xBB, 0xBB, 
	0xBB, 0xBB, 0xBB, 0xBB, 0xBB, 0xBB, 0xBB, 0xBB, 0xBB, 0xBB, 0xBB, 0xBB, 0xBB, 0xBB, 0xBB, 
	0xBB, 0xBB, 0xBB, 0xBB, 0xBB, 0xBB, 0xBA, 0xBB, 0xBA, 0xAA, 0xAA, 0xAA, 0xAA, 0xAA, 0xA0, 
	0x0A, 0xAA, 0xAA, 0xA9, 0x9A, 0xAA, 0xAA, 0xAA, 0xAA, 0xBB, 0xAB, 0xBB, 0xBB, 0xBB, 0xBB, 
	0xBB, 0xBB, 0xBB, 0xBB, 0xBB, 0xBB, 0xBB, 0xBB, 0xBB, 0xCB, 0xBB, 0xBB, 0xBB, 0xCC, 0xBB, 
	0xBC, 0xCC, 0xBB, 0xBB, 0xBC, 0xCC, 0xBC, 0xBB, 0xBB, 0xAA, 0xAA, 0xBB, 0xBB, 0xBB, 0xBB, 
	0xCC, 0xCC, 0xCC, 0xCC, 0xCC, 0xCC, 0xCB, 0xBB, 0xBB, 0xCC, 0xCC, 0xCC, 0xCC, 0xCC, 0xCC, 
	0xCC, 0xBC, 0xCC, 0xCC, 0xCC, 0xCD, 0xDD, 0xDD, 0xCB, 0xA9, 0x9A, 0xCC, 0xDD, 0xDD, 0xDD, 
	0xDD, 0xDD, 0xDD, 0xDD, 0xDD, 0xDD, 0xDD, 0xDD, 0xDD, 0xDD, 0xDD, 0xDD, 0xCC, 0xDB, 0x99, 
	0x87, 0x89, 0xBC, 0xDD, 0xDD, 0xCC, 0xCC, 0xBB, 0xA9, 0x98, 0x88, 0x77, 0x89, 0x87, 0x67, 
	0x77, 0x77, 0x66, 0x66, 0x66, 0x67, 0x77, 0x77, 0x88, 0x88, 0x99, 0x88, 0x88, 0x9B, 0xCD, 
	0xDC, 0xCA, 0x99, 0x98, 0x88, 0x77, 0x78, 0x99, 0x99, 0x98, 0x99, 0x9A, 0xAA, 0xA9, 0x98, 
	0x77, 0x66, 0x55, 0x54, 0x44, 0x55, 0x55, 0x55, 0x65, 0x56, 0x78, 0x64, 0x33, 0x33, 0x45, 
	0x54, 0x55, 0x55, 0x56, 0x68, 0xBD, 0xDD, 0xCA, 0x9A, 0xAB, 0xBA, 0xA9, 0x9A, 0xBC, 0xDD, 
	0xDC, 0xCC, 0xDC, 0xA7, 0x66, 0x77, 0x77, 0x78, 0x76, 0x44, 0x58, 0xBA, 0x85, 0x8C, 0xDC, 
	0x85, 0x67, 0x66, 0x65, 0x55, 0x78, 0x99, 0x88, 0x99, 0xA9, 0x98, 0x89, 0xAA, 0xA9, 0x99, 
	0x99, 0x9A, 0xAA, 0xAA, 0x99, 0x99, 0x89, 0x99, 0x99, 0x99, 0x99, 0x99, 0xBC, 0xCC, 0xBC, 
	0xCB, 0xAA, 0xBB, 0xBC, 0xDC, 0xAA, 0xA8, 0x99, 0x99, 0x98, 0x65, 0x66, 0x66, 0x66, 0x68, 
	0x99, 0xA8, 0x77, 0x66, 0x67, 0x89, 0xAA, 0xAA, 0x87, 0x76, 0x66, 0x66, 0x67, 0xAB, 0x96, 
	0x67, 0x66, 0x66, 0x66, 0x55, 0x65, 0x56, 0x76, 0x78, 0x99, 0x99, 0x97, 0x77, 0x78, 0x88, 
	0x77, 0x77, 0x77, 0x77, 0x88, 0x9A, 0xAB, 0xCB, 0xBC, 0xED, 0xBA, 0xCC, 0xBB, 0xBB, 0xBB, 
	0xBB, 0xBB, 0xBB, 0xBB, 0xBB, 0xBB, 0xBB, 0xBB, 0xBB, 0xBB, 0xBB, 0xBB, 0xBB, 0xBB, 0xBB, 
	0xBB, 0xBB, 0xBB, 0xBB, 0xBB, 0xBB, 0xBB, 0xBB, 0xBA, 0xAA, 0xAA, 0xAA, 0xAA, 0xAA, 0xA0, 
	0x0A, 0xAA, 0xAA, 0xAA, 0x9A, 0xAA, 0xAA, 0xAA, 0xAA, 0xBB, 0xAB, 0xBB, 0xBB, 0xBB, 0xBB, 
	0xBB, 0xBB, 0xBB, 0xBB, 0xBB, 0xBB, 0xBB, 0xBC, 0xBB, 0xCB, 0xBB, 0xBB, 0xBB, 0xCC, 0xBB, 
	0xBC, 0xCC, 0xBB, 0xBB, 0xBC, 0xCC, 0xCC, 0xCB, 0xBB, 0xAA, 0xAA, 0xBB, 0xBB, 0xBB, 0xBC, 
	0xCC, 0xCC, 0xCC, 0xCC, 0xCC, 0xCC, 0xCB, 0xBB, 0xBB, 0xCC, 0xCC, 0xCC, 0xCC, 0xCC, 0xCC, 
	0xCC, 0xBC, 0xCC, 0xCC, 0xCC, 0xCD, 0xDD, 0xDD, 0xCC, 0xA9, 0x9A, 0xBC, 0xDD, 0xDD, 0xDD, 
	0xDD, 0xDD, 0xDD, 0xDD, 0xDD, 0xDD, 0xDD, 0xDD, 0xDD, 0xDD, 0xDD, 0xDD, 0xDD, 0xDB, 0x98, 
	0x77, 0x7A, 0xCE, 0xFF, 0xFF, 0xED, 0xDD, 0xCB, 0xA9, 0x99, 0x98, 0x88, 0x88, 0x76, 0x67, 
	0x77, 0x77, 0x76, 0x66, 0x66, 0x65, 0x66, 0x67, 0x78, 0x88, 0x88, 0x98, 0x99, 0xAC, 0xDC, 
	0xDC, 0xBA, 0xAB, 0xBA, 0xA8, 0x88, 0x88, 0x99, 0x99, 0x88, 0x9A, 0xAA, 0xA9, 0x99, 0x98, 
	0x77, 0x76, 0x55, 0x44, 0x44, 0x54, 0x55, 0x45, 0x56, 0x56, 0x88, 0x64, 0x43, 0x34, 0x56, 
	0x65, 0x55, 0x55, 0x56, 0x67, 0xBC, 0xDC, 0xBA, 0x99, 0xAA, 0xA9, 0x99, 0x99, 0xAB, 0xBC, 
	0xBB, 0xBB, 0xCB, 0xA7, 0x66, 0x77, 0x77, 0x89, 0x87, 0x55, 0x8B, 0xCB, 0x87, 0xAB, 0xCA, 
	0x77, 0x88, 0x88, 0x87, 0x66, 0x79, 0x99, 0x88, 0x88, 0x99, 0x98, 0x9A, 0xBB, 0xB9, 0x99, 
	0x99, 0x99, 0xAA, 0xBB, 0xA9, 0xA9, 0x99, 0x99, 0x99, 0x99, 0xAB, 0xAA, 0xBD, 0xEC, 0xCD, 
	0xEC, 0xBA, 0xBA, 0xBC, 0xDD, 0xCA, 0xA9, 0x88, 0x99, 0x86, 0x55, 0x66, 0x77, 0x66, 0x78, 
	0x9A, 0xA7, 0x77, 0x66, 0x57, 0x89, 0x9A, 0xAA, 0x98, 0x76, 0x66, 0x67, 0x67, 0x8A, 0xA8, 
	0x66, 0x66, 0x66, 0x66, 0x55, 0x55, 0x65, 0x66, 0x56, 0x88, 0x76, 0x67, 0x66, 0x66, 0x77, 
	0x77, 0x76, 0x76, 0x67, 0x78, 0x89, 0xAB, 0xBB, 0xBC, 0xDD, 0xB9, 0xAB, 0xCB, 0xBB, 0xBB, 
	0xBB, 0xBB, 0xBB, 0xBB, 0xBB, 0xBB, 0xBB, 0xBB, 0xBB, 0xBB, 0xBB, 0xBB, 0xBB, 0xBB, 0xBB, 
	0xBB, 0xBB, 0xBB, 0xBB, 0xBB, 0xBB, 0xBB, 0xBB, 0xBA, 0xAA, 0xAA, 0xAA, 0xAA, 0xAA, 0xA0, 
	0x0A, 0xAA, 0xAA, 0xAA, 0x9A, 0xAA, 0xAA, 0xAA, 0xAA, 0xBB, 0xAB, 0xBB, 0xBB, 0xBB, 0xBB, 
	0xBB, 0xBB, 0xBB, 0xBB, 0xBB, 0xBB, 0xBB, 0xBC, 0xBB, 0xBB, 0xBB, 0xBB, 0xBC, 0xCB, 0xBB, 
	0xBB, 0xCC, 0xBB, 0xBB, 0xBC, 0xCC, 0xCC, 0xCB, 0xBB, 0xAA, 0xBB, 0xBB, 0xBB, 0xBB, 0xBC, 
	0xCC, 0xCC, 0xCC, 0xCC, 0xCC, 0xCC, 0xBB, 0xBB, 0xBC, 0xCC, 0xCC, 0xCC, 0xCC, 0xCC, 0xCC, 
	0xCC, 0xCC, 0xCC, 0xCC, 0xCC, 0xCD, 0xDD, 0xDD, 0xCC, 0xA9, 0x9A, 0xBC, 0xDD, 0xDD, 0xDD, 
	0xDD, 0xDD, 0xDD, 0xDD, 0xDD, 0xDD, 0xDD, 0xDD, 0xDD, 0xDD, 0xDD, 0xDD, 0xDD, 0xCA, 0x88, 
	0x66, 0x8B, 0xDE, 0xFF, 0xFF, 0xFF, 0xFF, 0xEC, 0xA9, 0x9A, 0x98, 0x88, 0x88, 0x76, 0x67, 
	0x77, 0x77, 0x77, 0x66, 0x66, 0x77, 0x66, 0x66, 0x77, 0x88, 0x89, 0x99, 0xAA, 0xBB, 0xCC, 
	0xCD, 0xCC, 0xBB, 0xCC, 0xCA, 0x98, 0x89, 0x89, 0x98, 0x88, 0x9A, 0xAA, 0xA9, 0x9A, 0xA9, 
	0x77, 0x76, 0x64, 0x34, 0x56, 0x64, 0x44, 0x44, 0x45, 0x56, 0x88, 0x74, 0x44, 0x45, 0x56, 
	0x65, 0x55, 0x54, 0x55, 0x68, 0xBC, 0xCC, 0xB9, 0x99, 0x99, 0x99, 0x99, 0x99, 0xAA, 0xBB, 
	0xAB, 0xAA, 0xBB, 0x97, 0x66, 0x66, 0x77, 0x89, 0x87, 0x56, 0xAD, 0xDC, 0x87, 0xAA, 0xB9, 
	0x88, 0x89, 0xAB, 0x98, 0x87, 0x89, 0x99, 0x87, 0x77, 0x88, 0x99, 0xAC, 0xCB, 0xBA, 0x99, 
	0x88, 0x89, 0x99, 0xAB, 0xAA, 0xA9, 0x99, 0x99, 0xAA, 0x9A, 0xAB, 0xA9, 0xBD, 0xED, 0xBD, 
	0xDC, 0xBC, 0xBB, 0xAA, 0xDD, 0xCB, 0xBA, 0x88, 0x88, 0x76, 0x45, 0x56, 0x87, 0x55, 0x77, 
	0x89, 0x87, 0x77, 0x76, 0x56, 0x89, 0xAA, 0xA9, 0x98, 0x66, 0x67, 0x89, 0x87, 0x89, 0xAA, 
	0x87, 0x77, 0x77, 0x76, 0x66, 0x55, 0x55, 0x66, 0x57, 0x77, 0x76, 0x66, 0x65, 0x66, 0x67, 
	0x88, 0x77, 0x77, 0x67, 0x88, 0x88, 0x9A, 0xAA, 0xAB, 0xCC, 0xA9, 0xAB, 0xBB, 0xBB, 0xBB, 
	0xBB, 0xBB, 0xBB, 0xBB, 0xBB, 0xBB, 0xBB, 0xBB, 0xBB, 0xBB, 0xBB, 0xBB, 0xBB, 0xBB, 0xBB, 
	0xBB, 0xBB, 0xBB, 0xBB, 0xBB, 0xBB, 0xAB, 0xBB, 0xBA, 0xAA, 0xAA, 0xAA, 0xAA, 0xAA, 0xA0, 
	0x0A, 0xAA, 0xAA, 0xA9, 0x99, 0xAA, 0xAA, 0xAA, 0xAA, 0xBA, 0xBB, 0xBB, 0xBB, 0xBB, 0xBB, 
	0xBB, 0xBB, 0xBB, 0xBB, 0xBB, 0xBB, 0xBB, 0xBC, 0xCB, 0xCB, 0xBB, 0xCB, 0xBC, 0xCB, 0xBB, 
	0xBB, 0xCC, 0xBC, 0xBB, 0xBC, 0xCC, 0xCC, 0xCB, 0xBB, 0xAA, 0xAA, 0xBB, 0xBB, 0xBB, 0xBC, 
	0xCC, 0xCC, 0xCC, 0xCC, 0xCC, 0xCC, 0xCB, 0xBB, 0xBB, 0xBC, 0xCC, 0xCC, 0xCC, 0xCC, 0xCC, 
	0xCC, 0xCC, 0xCC, 0xCC, 0xCC, 0xCD, 0xDD, 0xDD, 0xCC, 0xA9, 0x9A, 0xBC, 0xDD, 0xDD, 0xDD, 
	0xDD, 0xDD, 0xDD, 0xDD, 0xDD, 0xDD, 0xDD, 0xDD, 0xDD, 0xDD, 0xDD, 0xDD, 0xDD, 0xB8, 0x76, 
	0x67, 0x8A, 0xCE, 0xFF, 0xFF, 0xFF, 0xFF, 0xFD, 0xA9, 0x9A, 0xA9, 0x87, 0x97, 0x77, 0x77, 
	0x77, 0x77, 0x77, 0x66, 0x69, 0x99, 0x86, 0x76, 0x77, 0x77, 0x89, 0xAB, 0xCE, 0xDC, 0xBA, 
	0xBC, 0xCB, 0xBC, 0xDD, 0xDC, 0xA8, 0x88, 0x89, 0x88, 0x89, 0x9A, 0xAB, 0x99, 0x9A, 0xA9, 
	0x87, 0x76, 0x65, 0x56, 0x66, 0x65, 0x54, 0x44, 0x45, 0x67, 0x87, 0x74, 0x44, 0x55, 0x55, 
	0x55, 0x54, 0x54, 0x55, 0x58, 0xAC, 0xBB, 0xA9, 0x88, 0x88, 0x98, 0x88, 0x89, 0x9A, 0xAA, 
	0xAA, 0xBB, 0xBB, 0xA8, 0x66, 0x67, 0x77, 0x88, 0x96, 0x59, 0xCD, 0xDC, 0x96, 0x8A, 0x98, 
	0x89, 0x9A, 0xBB, 0xB9, 0x98, 0x8A, 0xBB, 0xA7, 0x77, 0x67, 0x78, 0xAC, 0xCB, 0xBA, 0x99, 
	0x99, 0x88, 0x99, 0xAA, 0xAA, 0xAA, 0x99, 0x9A, 0xAA, 0xA9, 0xAA, 0xAA, 0xAB, 0xCB, 0xBB, 
	0xAA, 0xCC, 0xCB, 0xAB, 0xDD, 0xDB, 0xAA, 0x97, 0x77, 0x65, 0x56, 0x67, 0x77, 0x65, 0x66, 
	0x77, 0x77, 0x88, 0x86, 0x56, 0x78, 0xAB, 0xA9, 0x87, 0x57, 0x99, 0xAA, 0x98, 0x78, 0xA9, 
	0x98, 0x87, 0x69, 0xB9, 0x76, 0x55, 0x66, 0x66, 0x67, 0x66, 0x66, 0x66, 0x66, 0x55, 0x68, 
	0x89, 0x88, 0x77, 0x87, 0x78, 0x88, 0x88, 0x88, 0x99, 0x99, 0x99, 0xAB, 0xBB, 0xBB, 0xBB, 
	0xBB, 0xBB, 0xBB, 0xBB, 0xBB, 0xBB, 0xBB, 0xBB, 0xBB, 0xBB, 0xBB, 0xBB, 0xBB, 0xBB, 0xBB, 
	0xBB, 0xBB, 0xBB, 0xBB, 0xBB, 0xBB, 0xBB, 0xAA, 0xAA, 0xBB, 0xBB, 0xAA, 0xAA, 0xAA, 0xA0, 
	0x0A, 0xAA, 0xAA, 0xA9, 0x99, 0xAA, 0xAA, 0xAA, 0xAA, 0xBA, 0xBB, 0xBB, 0xBB, 0xBB, 0xBB, 
	0xBB, 0xBB, 0xBB, 0xBB, 0xBB, 0xBB, 0xBB, 0xBC, 0xCC, 0xCB, 0xBB, 0xCB, 0xBC, 0xCB, 0xBB, 
	0xBB, 0xCC, 0xCC, 0xCB, 0xBC, 0xCC, 0xCC, 0xCB, 0xBB, 0xAA, 0xAB, 0xBB, 0xBB, 0xBB, 0xBB, 
	0xCC, 0xCC, 0xCC, 0xCC, 0xCC, 0xCC, 0xCB, 0xBB, 0xBB, 0xCC, 0xCC, 0xCC, 0xCC, 0xCC, 0xCC, 
	0xCC, 0xCC, 0xCC, 0xCC, 0xCC, 0xCD, 0xDD, 0xDD, 0xDC, 0xB9, 0x9A, 0xBC, 0xDD, 0xDD, 0xDD, 
	0xDD, 0xDD, 0xDD, 0xDD, 0xDD, 0xDD, 0xDD, 0xDD, 0xDD, 0xED, 0xDD, 0xDD, 0xDC, 0xA7, 0x77, 
	0x78, 0x9A, 0xCD, 0xEF, 0xFF, 0xFF, 0xFF, 0xFD, 0xBA, 0xAB, 0xA9, 0x88, 0x87, 0x87, 0x76, 
	0x77, 0x77, 0x77, 0x77, 0x6A, 0xAA, 0x76, 0x77, 0x77, 0x77, 0x89, 0xBE, 0xFF, 0xFF, 0xDA, 
	0xAB, 0xBB, 0xBC, 0xDD, 0xDC, 0xA8, 0x78, 0x88, 0x88, 0x89, 0x9A, 0xBB, 0xA8, 0x99, 0xA9, 
	0x87, 0x76, 0x65, 0x56, 0x77, 0x65, 0x54, 0x45, 0x57, 0x67, 0x77, 0x64, 0x44, 0x45, 0x55, 
	0x44, 0x44, 0x44, 0x55, 0x46, 0x9B, 0xBA, 0x98, 0x88, 0x88, 0x88, 0x88, 0x89, 0x9A, 0xAB, 
	0xBB, 0xBB, 0xBB, 0xC9, 0x76, 0x67, 0x78, 0x88, 0x67, 0xBE, 0xEC, 0xCA, 0x75, 0x68, 0x89, 
	0x99, 0x9A, 0xBB, 0xB9, 0xA9, 0x9A, 0xBB, 0xA8, 0x77, 0x66, 0x78, 0x9A, 0xBA, 0xAA, 0xA9, 
	0x9A, 0x99, 0x99, 0x9A, 0xAA, 0xAA, 0x99, 0xBC, 0xBA, 0x99, 0xAA, 0xA9, 0xAA, 0xBA, 0xAB, 
	0xAA, 0xCC, 0xBB, 0xBB, 0xCD, 0xCB, 0xAA, 0xA8, 0x65, 0x55, 0x66, 0x77, 0x77, 0x65, 0x45, 
	0x66, 0x67, 0x88, 0x87, 0x67, 0x88, 0xAB, 0xB9, 0x87, 0x68, 0xBB, 0xBA, 0xA9, 0x76, 0x78, 
	0x78, 0x88, 0x8D, 0xFE, 0xB7, 0x65, 0x56, 0x67, 0x88, 0x76, 0x66, 0x66, 0x66, 0x65, 0x68, 
	0x9A, 0x99, 0x88, 0x88, 0x88, 0x78, 0x88, 0x77, 0x77, 0x66, 0x68, 0xAB, 0xBC, 0xBB, 0xBB, 
	0xBB, 0xBB, 0xBB, 0xBB, 0xBB, 0xBB, 0xBB, 0xBB, 0xBB, 0xBB, 0xBB, 0xBB, 0xBB, 0xBB, 0xBB, 
	0xBB, 0xBB, 0xBB, 0xBB, 0xBB, 0xBB, 0xBA, 0xAA, 0xAA, 0xBB, 0xBB, 0xAA, 0xAA, 0xAA, 0xA0, 
	0x0A, 0xAA, 0xAA, 0xAA, 0x99, 0xAA, 0xAA, 0xAA, 0xAA, 0xBB, 0xBB, 0xBB, 0xBB, 0xBB, 0xBB, 
	0xBB, 0xBB, 0xBB, 0xBB, 0xBB, 0xBB, 0xBB, 0xBC, 0xCC, 0xCB, 0xBB, 0xCB, 0xBC, 0xCB, 0xBB, 
	0xBB, 0xCC, 0xCC, 0xCB, 0xBC, 0xCC, 0xCC, 0xCB, 0xBB, 0xAA, 0xAB, 0xBB, 0xBB, 0xBB, 0xBB, 
	0xCC, 0xCC, 0xCC, 0xCC, 0xCC, 0xCC, 0xCB, 0xBB, 0xBC, 0xCC, 0xCC, 0xCC, 0xCC, 0xCC, 0xCC, 
	0xCC, 0xCC, 0xCC, 0xCC, 0xCC, 0xCD, 0xDD, 0xDD, 0xDC, 0xB9, 0x99, 0xBC, 0xDD, 0xDD, 0xDD, 
	0xDD, 0xDD, 0xDD, 0xDD, 0xDD, 0xDD, 0xDD, 0xDD, 0xDD, 0xDD, 0xDD, 0xDD, 0xDC, 0xA8, 0x88, 
	0x99, 0xAA, 0xBD, 0xDE, 0xEF, 0xFF, 0xFF, 0xED, 0xBB, 0xCC, 0xB9, 0x89, 0x88, 0x87, 0x66, 
	0x67, 0x77, 0x77, 0x77, 0x8B, 0xC8, 0x67, 0x67, 0x88, 0x77, 0x8A, 0xDF, 0xFF, 0xFF, 0xEC, 
	0x9A, 0xAA, 0xBC, 0xDD, 0xDC, 0xB8, 0x77, 0x78, 0x88, 0x88, 0x9A, 0xBA, 0x98, 0x88, 0x88, 
	0x87, 0x77, 0x66, 0x66, 0x77, 0x66, 0x65, 0x55, 0x56, 0x78, 0x88, 0x65, 0x55, 0x55, 0x55, 
	0x44, 0x45, 0x45, 0x44, 0x45, 0x9A, 0xAA, 0x99, 0x98, 0x89, 0x88, 0x89, 0x99, 0xAA, 0xAB, 
	0xBB, 0xBB, 0xCC, 0xCB, 0x76, 0x66, 0x77, 0x77, 0x8C, 0xFF, 0xFD, 0x96, 0x45, 0x79, 0x99, 
	0x98, 0x99, 0x9A, 0xA9, 0x99, 0xBA, 0xA9, 0x98, 0x67, 0x77, 0x78, 0x89, 0xAA, 0xA9, 0x99, 
	0xAA, 0xA9, 0x99, 0xAA, 0xAA, 0xAA, 0xAB, 0xDD, 0xCA, 0x99, 0x99, 0x99, 0x9A, 0xAB, 0xBA, 
	0x9A, 0xBB, 0xA9, 0xAA, 0xCD, 0xCB, 0xAB, 0xA9, 0x65, 0x55, 0x56, 0x67, 0x77, 0x65, 0x55, 
	0x55, 0x67, 0x77, 0x76, 0x67, 0x88, 0xAA, 0xA9, 0x77, 0x79, 0xBB, 0xAA, 0x98, 0x77, 0x86, 
	0x57, 0x88, 0x8E, 0xFF, 0xD8, 0x66, 0x66, 0x67, 0x88, 0x76, 0x66, 0x67, 0x77, 0x77, 0x78, 
	0xAA, 0xBB, 0xAA, 0x99, 0x99, 0x87, 0x77, 0x77, 0x76, 0x55, 0x46, 0xAB, 0xBB, 0xBB, 0xBB, 
	0xBB, 0xBB, 0xBB, 0xBB, 0xBB, 0xBB, 0xBB, 0xBB, 0xBB, 0xBB, 0xBB, 0xBB, 0xBB, 0xBB, 0xBB, 
	0xBB, 0xBB, 0xBB, 0xBB, 0xBB, 0xBB, 0xBB, 0xBB, 0xBB, 0xBA, 0xAA, 0xAA, 0xAA, 0xAA, 0xA0, 
	0x0A, 0xAA, 0xAA, 0xAA, 0x9A, 0xAA, 0xAA, 0xAA, 0xAA, 0xBB, 0xBB, 0xBB, 0xBB, 0xBB, 0xBB, 
	0xBB, 0xBB, 0xBB, 0xBB, 0xBB, 0xBB, 0xBB, 0xBC, 0xCC, 0xCB, 0xBB, 0xCC, 0xBC, 0xCC, 0xBB, 
	0xBB, 0xCC, 0xCC, 0xCB, 0xBC, 0xCC, 0xCC, 0xCB, 0xBB, 0xBA, 0xBB, 0xBB, 0xBB, 0xBB, 0xBB, 
	0xCC, 0xCC, 0xCC, 0xCC, 0xCC, 0xCC, 0xCB, 0xBB, 0xBB, 0xCC, 0xCC, 0xCC, 0xCC, 0xCD, 0xDC, 
	0xCC, 0xCC, 0xCC, 0xCC, 0xCC, 0xCD, 0xDD, 0xDD, 0xDC, 0xB9, 0x99, 0xBC, 0xDD, 0xDD, 0xDD, 
	0xDD, 0xDD, 0xDD, 0xDD, 0xDD, 0xDD, 0xDD, 0xDD, 0xDD, 0xDD, 0xDD, 0xCC, 0xCB, 0xA9, 0x99, 
	0x89, 0x9A, 0xAC, 0xDD, 0xDE, 0xEF, 0xFE, 0xED, 0xCC, 0xDD, 0xC9, 0x88, 0x88, 0x77, 0x66, 
	0x67, 0x76, 0x77, 0x78, 0xAD, 0xDB, 0x66, 0x67, 0x78, 0x88, 0x8A, 0xDF, 0xFF, 0xFF, 0xEB, 
	0x99, 0xAB, 0xBC, 0xCC, 0xDC, 0xB8, 0x66, 0x78, 0x88, 0x88, 0x9A, 0xA9, 0x76, 0x66, 0x78, 
	0x87, 0x77, 0x76, 0x66, 0x76, 0x56, 0x55, 0x55, 0x68, 0x99, 0x99, 0x76, 0x55, 0x65, 0x55, 
	0x55, 0x55, 0x55, 0x44, 0x56, 0x9A, 0xBA, 0xAA, 0xA9, 0x99, 0x99, 0x89, 0x99, 0xAA, 0xAB, 
	0xBB, 0xBC, 0xCC, 0xCC, 0x86, 0x67, 0x88, 0x89, 0xCD, 0xFF, 0xFB, 0x55, 0x45, 0x8B, 0xB9, 
	0x88, 0x88, 0x89, 0x99, 0x99, 0xA9, 0x99, 0x98, 0x78, 0x77, 0x88, 0x89, 0xAB, 0xBA, 0xA9, 
	0xAB, 0xBA, 0xAA, 0xAA, 0xAB, 0xCD, 0xCB, 0xDD, 0xDA, 0x99, 0x99, 0x99, 0x99, 0xAB, 0xAA, 
	0x99, 0xAA, 0xA9, 0x9A, 0xBD, 0xDC, 0xAA, 0xAA, 0x76, 0x55, 0x55, 0x56, 0x66, 0x65, 0x55, 
	0x66, 0x66, 0x66, 0x66, 0x67, 0x78, 0x9A, 0xA9, 0x88, 0x89, 0xBB, 0x98, 0x77, 0x78, 0x76, 
	0x45, 0x78, 0x8B, 0xEF, 0xC8, 0x77, 0x76, 0x66, 0x78, 0x87, 0x77, 0x78, 0x89, 0x99, 0x9A, 
	0xBB, 0xBB, 0xBB, 0xAA, 0xA9, 0x98, 0x78, 0x88, 0x76, 0x54, 0x45, 0x9B, 0xBB, 0xBB, 0xBB, 
	0xBB, 0xBB, 0xBB, 0xBB, 0xBB, 0xBB, 0xBB, 0xBB, 0xBB, 0xBB, 0xBB, 0xBB, 0xBB, 0xBB, 0xBB, 
	0xBB, 0xBB, 0xBB, 0xBB, 0xBB, 0xBB, 0xBB, 0xBB, 0xBB, 0xBA, 0xAA, 0xAA, 0xAA, 0xAA, 0xA0, 
	0x0A, 0xAA, 0xAA, 0xAA, 0x9A, 0xAA, 0xAA, 0xAA, 0xAA, 0xBB, 0xBB, 0xBB, 0xBB, 0xBB, 0xBB, 
	0xBB, 0xBB, 0xBB, 0xBB, 0xBB, 0xBB, 0xBB, 0xBC, 0xCC, 0xCC, 0xBB, 0xCC, 0xBC, 0xCC, 0xBB, 
	0xBB, 0xCC, 0xCC, 0xCB, 0xBC, 0xCC, 0xCC, 0xCC, 0xBB, 0xBA, 0xBB, 0xBB, 0xBB, 0xBB, 0xBB, 
	0xCC, 0xCC, 0xCC, 0xCC, 0xCC, 0xCC, 0xCB, 0xBB, 0xBB, 0xCC, 0xCC, 0xCC, 0xCC, 0xCD, 0xDD, 
	0xCC, 0xCC, 0xCC, 0xCC, 0xCC, 0xCD, 0xDD, 0xDD, 0xDC, 0xB9, 0x99, 0xBC, 0xDD, 0xDD, 0xDD, 
	0xDD, 0xDD, 0xDD, 0xDD, 0xDD, 0xDD, 0xDD, 0xDD, 0xDD, 0xCC, 0xBB, 0xBB, 0xBA, 0x99, 0x88, 
	0x88, 0x89, 0x9A, 0xBC, 0xCC, 0xDE, 0xED, 0xDD, 0xDE, 0xEE, 0xDB, 0x98, 0x87, 0x77, 0x76, 
	0x77, 0x76, 0x77, 0x78, 0xBD, 0xDC, 0x66, 0x67, 0x78, 0x88, 0x89, 0xBE, 0xFF, 0xFF, 0xDA, 
	0x99, 0xAB, 0xCC, 0xCC, 0xCC, 0xB7, 0x78, 0x87, 0x78, 0x88, 0x89, 0x98, 0x54, 0x45, 0x66, 
	0x78, 0x87, 0x76, 0x66, 0x66, 0x66, 0x66, 0x65, 0x68, 0x9A, 0x99, 0x86, 0x55, 0x66, 0x65, 
	0x55, 0x56, 0x66, 0x56, 0x76, 0x9A, 0xBB, 0xBB, 0xA9, 0x99, 0x98, 0x89, 0x99, 0xAA, 0xAB, 
	0xBB, 0xBC, 0xCC, 0xB9, 0x76, 0x78, 0x88, 0x89, 0xCD, 0xEF, 0xD7, 0x55, 0x45, 0x9B, 0xBA, 
	0x98, 0x88, 0x89, 0x99, 0x88, 0x98, 0x78, 0x88, 0x88, 0x87, 0x88, 0x78, 0x9A, 0xAB, 0xBA, 
	0xAB, 0xBB, 0xAA, 0x99, 0xAB, 0xED, 0xDB, 0xCD, 0xDB, 0x99, 0x99, 0x99, 0x99, 0x9A, 0xA9, 
	0x9A, 0xAB, 0xAA, 0xAA, 0xBC, 0xCB, 0xAA, 0xAA, 0x97, 0x66, 0x55, 0x55, 0x55, 0x55, 0x55, 
	0x67, 0x77, 0x77, 0x77, 0x77, 0x88, 0xAB, 0xCB, 0xA9, 0x9A, 0xBB, 0xA7, 0x67, 0x77, 0x66, 
	0x45, 0x78, 0x89, 0xAC, 0x97, 0x89, 0x87, 0x77, 0x78, 0x89, 0x99, 0xAB, 0xBB, 0xBB, 0xBB, 
	0xBB, 0xBC, 0xCB, 0xBA, 0xAA, 0xA9, 0x89, 0x99, 0x86, 0x43, 0x46, 0x9B, 0xBB, 0xBB, 0xBB, 
	0xBB, 0xBB, 0xBB, 0xBB, 0xBB, 0xBB, 0xBB, 0xBB, 0xBB, 0xBB, 0xBB, 0xBB, 0xBB, 0xBB, 0xBB, 
	0xBB, 0xBB, 0xBB, 0xBB, 0xBB, 0xBB, 0xBB, 0xBB, 0xBB, 0xBB, 0xBB, 0xAA, 0xAA, 0xAA, 0xA0, 
	0x0A, 0xAA, 0xAA, 0xAA, 0x99, 0xAA, 0xAA, 0xAA, 0xAA, 0xBB, 0xBB, 0xBB, 0xBB, 0xBB, 0xBB, 
	0xBB, 0xBB, 0xBB, 0xBB, 0xBB, 0xBB, 0xBB, 0xBC, 0xCC, 0xCC, 0xBB, 0xCC, 0xBB, 0xCC, 0xBB, 
	0xBB, 0xCC, 0xCC, 0xCC, 0xCC, 0xCC, 0xCC, 0xCC, 0xCB, 0xBA, 0xBB, 0xBB, 0xBB, 0xBB, 0xBB, 
	0xCC, 0xCC, 0xCC, 0xCC, 0xCC, 0xCC, 0xCB, 0xBB, 0xBC, 0xCC, 0xCC, 0xCC, 0xCC, 0xCD, 0xDD, 
	0xCC, 0xCC, 0xCC, 0xCC, 0xCC, 0xCD, 0xDD, 0xDD, 0xDC, 0xBA, 0x99, 0xBC, 0xDD, 0xDD, 0xDD, 
	0xDD, 0xDD, 0xDD, 0xDD, 0xDD, 0xDC, 0xCD, 0xCC, 0xCB, 0xBA, 0xAA, 0xAA, 0x99, 0x88, 0x88, 
	0x77, 0x88, 0x9A, 0xAB, 0xCC, 0xDD, 0xDD, 0xDE, 0xFF, 0xFF, 0xFC, 0xA8, 0x77, 0x77, 0x76, 
	0x77, 0x76, 0x77, 0x77, 0xAD, 0xDA, 0x66, 0x56, 0x77, 0x88, 0x89, 0xAC, 0xCE, 0xDC, 0xA9, 
	0x89, 0xAC, 0xCD, 0xDD, 0xDD, 0xC9, 0x89, 0xA9, 0x77, 0x88, 0x77, 0x76, 0x55, 0x56, 0x66, 
	0x79, 0x97, 0x76, 0x66, 0x66, 0x66, 0x66, 0x66, 0x78, 0x9A, 0x99, 0x76, 0x55, 0x66, 0x66, 
	0x55, 0x67, 0x77, 0x77, 0x87, 0x9B, 0xCC, 0xCB, 0xA9, 0x99, 0x98, 0x88, 0x99, 0x9A, 0xAB, 
	0xBB, 0xBC, 0xBB, 0xA7, 0x76, 0x78, 0x77, 0x79, 0xBC, 0xCB, 0x65, 0x65, 0x56, 0xAB, 0xCA, 
	0x99, 0x88, 0x89, 0x9A, 0x99, 0x98, 0x77, 0x9A, 0xA9, 0x76, 0x67, 0x88, 0x9A, 0xAA, 0xBB, 
	0xAA, 0xBA, 0xAA, 0xA9, 0xAA, 0xCD, 0xDA, 0xAC, 0xCA, 0x99, 0x99, 0xA9, 0x99, 0xAA, 0xAA, 
	0x9A, 0xAA, 0xAA, 0xAB, 0xBB, 0xBA, 0x89, 0xAA, 0xA8, 0x88, 0x77, 0x77, 0x76, 0x66, 0x77, 
	0x89, 0x99, 0x88, 0x88, 0x88, 0x8A, 0xDE, 0xEE, 0xCC, 0xBB, 0xBA, 0x98, 0x67, 0x77, 0x76, 
	0x67, 0x89, 0x99, 0x98, 0x87, 0x89, 0x99, 0x98, 0x77, 0x9A, 0xBB, 0xBC, 0xCB, 0xBC, 0xBB, 
	0xCC, 0xCC, 0xCC, 0xBB, 0xBB, 0xAA, 0xAA, 0xA9, 0x87, 0x55, 0x68, 0xAB, 0xBB, 0xBB, 0xBB, 
	0xBB, 0xBB, 0xBB, 0xBB, 0xBB, 0xBB, 0xBB, 0xBB, 0xBB, 0xBB, 0xBB, 0xBB, 0xBB, 0xBB, 0xBB, 
	0xBB, 0xBB, 0xBB, 0xBB, 0xBB, 0xBB, 0xBB, 0xAB, 0xBB, 0xBB, 0xBB, 0xAA, 0xAA, 0xAA, 0xA0, 
	0x0A, 0xAA, 0xAA, 0xAA, 0x99, 0xAA, 0xAA, 0xAA, 0xAA, 0xBB, 0xBB, 0xBB, 0xCB, 0xBB, 0xBB, 
	0xBB, 0xBB, 0xBB, 0xBB, 0xBB, 0xBB, 0xBB, 0xBB, 0xCC, 0xCC, 0xBB, 0xCC, 0xBB, 0xBC, 0xBB, 
	0xBB, 0xCC, 0xCC, 0xCC, 0xCC, 0xCC, 0xCC, 0xCC, 0xCB, 0xBA, 0xAB, 0xBB, 0xBB, 0xBB, 0xBB, 
	0xCC, 0xCC, 0xCC, 0xCC, 0xCC, 0xCC, 0xCB, 0xBB, 0xBC, 0xCC, 0xCC, 0xCC, 0xCC, 0xCD, 0xDD, 
	0xCC, 0xCC, 0xCC, 0xCC, 0xCC, 0xCD, 0xDD, 0xDD, 0xDC, 0xBA, 0x99, 0xBC, 0xDD, 0xDD, 0xDD, 
	0xDD, 0xDD, 0xDD, 0xDD, 0xDD, 0xCB, 0xBB, 0xCC, 0xBA, 0x99, 0x99, 0x99, 0x98, 0x87, 0x77, 
	0x77, 0x88, 0x99, 0xAB, 0xCC, 0xCC, 0xCD, 0xEF, 0xFF, 0xFF, 0xFE, 0xA9, 0x77, 0x77, 0x76, 
	0x67, 0x76, 0x67, 0x77, 0x79, 0x87, 0x66, 0x55, 0x67, 0x89, 0x9A, 0xAA, 0xAB, 0xA9, 0x98, 
	0x88, 0x9B, 0xCD, 0xDD, 0xDD, 0xDB, 0x99, 0x99, 0x77, 0x77, 0x77, 0x66, 0x55, 0x56, 0x78, 
	0x99, 0x98, 0x77, 0x66, 0x55, 0x56, 0x77, 0x77, 0x77, 0x99, 0x99, 0x88, 0x75, 0x55, 0x55, 
	0x55, 0x67, 0x89, 0x89, 0x88, 0x8B, 0xCC, 0xCB, 0xA9, 0x99, 0x98, 0x88, 0x99, 0x99, 0xAA, 
	0xBB, 0xBB, 0xBA, 0x76, 0x66, 0x77, 0x76, 0x67, 0x89, 0x97, 0x66, 0x56, 0x77, 0xAC, 0xBA, 
	0x99, 0x98, 0x89, 0x99, 0x98, 0x87, 0x79, 0xAB, 0xBA, 0x76, 0x58, 0xAB, 0xAA, 0xAA, 0xAB, 
	0xAA, 0xA9, 0x9A, 0xAA, 0xAA, 0xAB, 0xBA, 0x99, 0x99, 0x9A, 0xAA, 0xBB, 0xAA, 0xAA, 0xAA, 
	0xAA, 0xBA, 0x9A, 0xAA, 0xBB, 0xA9, 0x78, 0x9A, 0xA9, 0x88, 0x99, 0x88, 0x87, 0x78, 0x88, 
	0x99, 0xA9, 0x98, 0x99, 0x99, 0x9B, 0xFF, 0xFF, 0xEE, 0xDC, 0xA9, 0x88, 0x77, 0x77, 0x88, 
	0x89, 0x9A, 0xAB, 0xA9, 0x88, 0x99, 0x9A, 0x99, 0x99, 0xAB, 0xCC, 0xCC, 0xCC, 0xCC, 0xCC, 
	0xCC, 0xCC, 0xCC, 0xCC, 0xBB, 0xBC, 0xBB, 0xBA, 0x86, 0x67, 0x9A, 0xBB, 0xBB, 0xBB, 0xBB, 
	0xBB, 0xBB, 0xBB, 0xBB, 0xBB, 0xBB, 0xBB, 0xBB, 0xBB, 0xBB, 0xBB, 0xBB, 0xBB, 0xBB, 0xBB, 
	0xBB, 0xBB, 0xBB, 0xBB, 0xBB, 0xBB, 0xBB, 0xBB, 0xBB, 0xAA, 0xAA, 0xAA, 0xAA, 0xAA, 0xA0, 
	0x0A, 0xAA, 0xAA, 0xAA, 0x99, 0xAA, 0xAA, 0xAA, 0xAA, 0xBB, 0xBB, 0xBB, 0xBB, 0xBB, 0xBB, 
	0xBB, 0xBB, 0xBB, 0xBB, 0xBB, 0xBB, 0xBB, 0xBB, 0xCC, 0xCC, 0xBB, 0xCC, 0xBB, 0xBC, 0xBB, 
	0xBB, 0xCC, 0xCC, 0xCC, 0xCC, 0xCC, 0xCC, 0xCC, 0xCB, 0xBA, 0xAB, 0xBB, 0xBB, 0xBB, 0xBB, 
	0xCC, 0xCC, 0xCC, 0xCC, 0xCC, 0xCC, 0xCB, 0xBB, 0xBC, 0xCC, 0xCC, 0xCC, 0xCC, 0xCD, 0xDD, 
	0xCC, 0xCC, 0xCC, 0xCC, 0xCC, 0xCD, 0xDD, 0xDD, 0xDC, 0xBA, 0x99, 0xBC, 0xDD, 0xDD, 0xDD, 
	0xDD, 0xDD, 0xDD, 0xDD, 0xDC, 0xCA, 0xAA, 0xAB, 0xA9, 0x99, 0xA9, 0x88, 0x87, 0x77, 0x77, 
	0x77, 0x78, 0x88, 0x9A, 0xAA, 0xBB, 0xCD, 0xEF, 0xFF, 0xFF, 0xFE, 0xA8, 0x88, 0x88, 0x87, 
	0x67, 0x76, 0x67, 0x77, 0x87, 0x67, 0x66, 0x54, 0x57, 0x8A, 0xAA, 0xA9, 0x99, 0x99, 0x88, 
	0x77, 0x79, 0xBC, 0xDD, 0xDD, 0xCA, 0x78, 0x88, 0x77, 0x77, 0x76, 0x55, 0x55, 0x67, 0x77, 
	0x88, 0x88, 0x77, 0x66, 0x65, 0x66, 0x67, 0x66, 0x69, 0xAB, 0xBB, 0xBB, 0xA8, 0x55, 0x55, 
	0x55, 0x67, 0x89, 0x99, 0x98, 0x7A, 0xCC, 0xCB, 0xAA, 0x99, 0x88, 0x88, 0x98, 0x88, 0x9A, 
	0xAA, 0xBC, 0xBA, 0x75, 0x66, 0x66, 0x65, 0x56, 0x77, 0x76, 0x76, 0x66, 0x79, 0xBC, 0xBA, 
	0xAA, 0x98, 0x78, 0x89, 0x98, 0x87, 0x7A, 0xBB, 0xBA, 0x75, 0x4A, 0xCB, 0xCB, 0xBA, 0xAB, 
	0xAB, 0xAA, 0xA9, 0xAA, 0xBA, 0x99, 0x99, 0xAA, 0xAA, 0xAA, 0xAB, 0xCB, 0xA9, 0x9A, 0xAA, 
	0xAB, 0xAA, 0x99, 0x99, 0xAB, 0xBA, 0x99, 0x99, 0x99, 0x88, 0x99, 0x99, 0x88, 0x88, 0x99, 
	0x89, 0x99, 0x88, 0x88, 0x99, 0xAC, 0xFF, 0xFF, 0xFF, 0xED, 0xCA, 0xA9, 0x77, 0x78, 0xA9, 
	0x88, 0x9A, 0xBB, 0xAA, 0x98, 0x99, 0x9A, 0x9A, 0xBC, 0xBB, 0xCD, 0xDC, 0xCC, 0xCB, 0xCC, 
	0xCC, 0xBC, 0xCB, 0xBB, 0xCC, 0xCC, 0xCC, 0xBA, 0x75, 0x58, 0xAB, 0xBB, 0xBB, 0xBB, 0xBB, 
	0xBB, 0xBB, 0xBB, 0xBB, 0xBB, 0xBB, 0xBB, 0xBB, 0xBB, 0xBB, 0xBB, 0xBB, 0xBB, 0xBB, 0xBB, 
	0xBB, 0xBB, 0xBB, 0xBB, 0xBB, 0xBB, 0xBB, 0xBB, 0xBA, 0xAA, 0xAA, 0xAA, 0xAA, 0xAA, 0xA0, 
	0x0A, 0xAA, 0xAA, 0xAA, 0x99, 0xAA, 0xAA, 0xAA, 0xAB, 0xBB, 0xBB, 0xBB, 0xBB, 0xBB, 0xBB, 
	0xBB, 0xBB, 0xBB, 0xBB, 0xBB, 0xBB, 0xBB, 0xBB, 0xCC, 0xCC, 0xCC, 0xCC, 0xBB, 0xBC, 0xBB, 
	0xBB, 0xBC, 0xCC, 0xCC, 0xCC, 0xCC, 0xCC, 0xCC, 0xCB, 0xBA, 0xAB, 0xBB, 0xBB, 0xBB, 0xBB, 
	0xCC, 0xCC, 0xCC, 0xCC, 0xCC, 0xCC, 0xCB, 0xBB, 0xBB, 0xCC, 0xCC, 0xCC, 0xCC, 0xCD, 0xDD, 
	0xCC, 0xCB, 0xCC, 0xCC, 0xCC, 0xCC, 0xDD, 0xDD, 0xDC, 0xBA, 0x99, 0xAC, 0xDD, 0xDD, 0xDD, 
	0xDD, 0xDD, 0xDD, 0xDC, 0xCB, 0xBA, 0x99, 0xAA, 0x98, 0x9A, 0xAA, 0x98, 0x77, 0x87, 0x77, 
	0x77, 0x88, 0x87, 0x89, 0xA9, 0xAA, 0xBD, 0xEF, 0xFF, 0xFF, 0xFD, 0xA8, 0x88, 0x89, 0x87, 
	0x78, 0x76, 0x67, 0x77, 0x77, 0x66, 0x65, 0x55, 0x57, 0x9B, 0xBB, 0xAA, 0x99, 0x99, 0x98, 
	0x87, 0x76, 0x7A, 0x99, 0xAB, 0x97, 0x66, 0x77, 0x77, 0x77, 0x65, 0x54, 0x46, 0x77, 0x65, 
	0x68, 0x88, 0x76, 0x66, 0x56, 0x66, 0x66, 0x65, 0x9B, 0xCD, 0xDC, 0xCC, 0xCA, 0x64, 0x44, 
	0x44, 0x56, 0x88, 0xA9, 0x98, 0x78, 0xBC, 0xCB, 0xAA, 0xA9, 0x88, 0x89, 0x99, 0x99, 0x9A, 
	0x9A, 0xBC, 0xCA, 0x65, 0x68, 0x87, 0x55, 0x56, 0x77, 0x77, 0x77, 0x66, 0x89, 0xBB, 0xBB, 
	0xAA, 0x98, 0x77, 0x88, 0x88, 0x87, 0x79, 0xBC, 0xCC, 0xB7, 0x49, 0xCC, 0xCC, 0xBA, 0xAA, 
	0xBA, 0xAA, 0x99, 0x99, 0xAA, 0xA9, 0x9A, 0xBA, 0xBA, 0xAA, 0x9A, 0xBA, 0xA9, 0x9A, 0xAA, 
	0xAA, 0xAA, 0x99, 0x87, 0x9A, 0xBB, 0xBA, 0xA8, 0x9A, 0x98, 0x88, 0x99, 0x88, 0x88, 0x88, 
	0x88, 0x88, 0x88, 0x88, 0x89, 0xAD, 0xFF, 0xFF, 0xFF, 0xFE, 0xCC, 0xAA, 0x87, 0x78, 0xAA, 
	0xA9, 0x9A, 0xBC, 0xBA, 0xAA, 0x99, 0x99, 0x9A, 0xBC, 0xCB, 0xBD, 0xDD, 0xCC, 0xCC, 0xCB, 
	0xCC, 0xCC, 0xBB, 0xBC, 0xCC, 0xCC, 0xCC, 0xB9, 0x64, 0x47, 0xAB, 0xBB, 0xBB, 0xBB, 0xBB, 
	0xBB, 0xBB, 0xBB, 0xBB, 0xBB, 0xBB, 0xBB, 0xBB, 0xBB, 0xBB, 0xBB, 0xBB, 0xBB, 0xBB, 0xBB, 
	0xBB, 0xBB, 0xBB, 0xBB, 0xBB, 0xBB, 0xBA, 0xAA, 0xAA, 0xAA, 0xAA, 0xAA, 0xAB, 0xBA, 0xA0, 
	0x0A, 0xAA, 0xAA, 0xAA, 0x99, 0xAA, 0xAA, 0xAA, 0xAA, 0xBB, 0xBB, 0xBB, 0xBB, 0xBB, 0xBB, 
	0xBB, 0xBB, 0xBB, 0xBB, 0xBB, 0xBB, 0xBB, 0xBB, 0xCC, 0xCC, 0xCC, 0xCC, 0xBB, 0xCC, 0xCB, 
	0xCC, 0xCC, 0xCC, 0xCC, 0xCC, 0xCC, 0xCC, 0xCC, 0xCB, 0xBA, 0xAB, 0xBB, 0xBB, 0xBB, 0xBB, 
	0xCC, 0xCC, 0xCC, 0xCC, 0xCC, 0xCC, 0xCB, 0xBB, 0xBB, 0xCC, 0xCC, 0xCC, 0xCC, 0xCD, 0xDD, 
	0xCC, 0xCC, 0xCC, 0xCC, 0xCC, 0xCC, 0xDD, 0xDD, 0xDC, 0xCA, 0x99, 0xAC, 0xDD, 0xDD, 0xDD, 
	0xDD, 0xDD, 0xDD, 0xCC, 0xBB, 0xA8, 0x88, 0x99, 0x99, 0xBD, 0xDD, 0xC9, 0x77, 0x77, 0x78, 
	0x87, 0x88, 0x88, 0x88, 0x89, 0x9A, 0xAC, 0xDE, 0xFF, 0xFF, 0xEC, 0x98, 0x87, 0x88, 0x88, 
	0x9A, 0x86, 0x66, 0x76, 0x76, 0x55, 0x65, 0x57, 0x79, 0xBC, 0xCB, 0xBB, 0xBB, 0xBA, 0x98, 
	0x77, 0x76, 0x77, 0x66, 0x67, 0x76, 0x66, 0x68, 0x87, 0x67, 0x65, 0x44, 0x44, 0x56, 0x55, 
	0x78, 0x98, 0x76, 0x66, 0x56, 0x66, 0x66, 0x56, 0xBC, 0xDD, 0xDC, 0xCC, 0xCA, 0x64, 0x44, 
	0x45, 0x56, 0x79, 0xA9, 0x98, 0x77, 0x9C, 0xCC, 0xBB, 0xBA, 0x99, 0x99, 0xAA, 0xAA, 0xAA, 
	0xAA, 0xBB, 0xB9, 0x76, 0x8B, 0xCA, 0x55, 0x67, 0x77, 0x77, 0x87, 0x66, 0x89, 0xAA, 0xAA, 
	0xAA, 0xA9, 0x87, 0x87, 0x77, 0x76, 0x79, 0xBD, 0xDD, 0xEB, 0x66, 0xAC, 0xCB, 0xCB, 0xAA, 
	0xAA, 0xAA, 0x99, 0x88, 0x9A, 0x99, 0x99, 0xAB, 0xAA, 0xA9, 0x99, 0x99, 0x99, 0xAA, 0xAA, 
	0xAA, 0xAA, 0x98, 0x76, 0x7A, 0xCB, 0xBB, 0xA9, 0x99, 0x98, 0x78, 0x89, 0x98, 0x77, 0x88, 
	0x88, 0x88, 0x88, 0x88, 0x89, 0xAE, 0xFF, 0xFF, 0xFF, 0xFE, 0xDD, 0xCA, 0x97, 0x79, 0xBB, 
	0xCB, 0xAA, 0xBB, 0xBB, 0xAA, 0xAA, 0x9A, 0x99, 0xAC, 0xCB, 0xBC, 0xDC, 0xCC, 0xCC, 0xCC, 
	0xCC, 0xCC, 0xCC, 0xCC, 0xCC, 0xBC, 0xCC, 0xCA, 0x86, 0x58, 0xAB, 0xBB, 0xBB, 0xBB, 0xBB, 
	0xBB, 0xBB, 0xBB, 0xBB, 0xBB, 0xBB, 0xBB, 0xBB, 0xBB, 0xBB, 0xBB, 0xBB, 0xBB, 0xBB, 0xBB, 
	0xBB, 0xBB, 0xBB, 0xBB, 0xBB, 0xBB, 0xBA, 0xBB, 0xAA, 0xBB, 0xAA, 0xAA, 0xAA, 0xAA, 0xA0, 
	0x0A, 0xAA, 0xAA, 0xAA, 0xA9, 0x9A, 0xAA, 0xAA, 0xAA, 0xBB, 0xBB, 0xBB, 0xBB, 0xBB, 0xBB, 
	0xBB, 0xBB, 0xBB, 0xBB, 0xBB, 0xBB, 0xBB, 0xBB, 0xCC, 0xCC, 0xCB, 0xBC, 0xCB, 0xCC, 0xBB, 
	0xBB, 0xCC, 0xCC, 0xCC, 0xCC, 0xCC, 0xCC, 0xCC, 0xCB, 0xBA, 0xAB, 0xBB, 0xBB, 0xBB, 0xBC, 
	0xCC, 0xCC, 0xCC, 0xCC, 0xCC, 0xCC, 0xCC, 0xBB, 0xBB, 0xCC, 0xCC, 0xCC, 0xCC, 0xCD, 0xDD, 
	0xCC, 0xCC, 0xCC, 0xCC, 0xCC, 0xCC, 0xDD, 0xDD, 0xDD, 0xCA, 0x99, 0xAB, 0xCD, 0xDD, 0xDD, 
	0xDD, 0xDD, 0xDD, 0xCB, 0xAA, 0x87, 0x78, 0x9A, 0x9B, 0xDE, 0xFF, 0xEA, 0x88, 0x88, 0x87, 
	0x88, 0x99, 0x87, 0x9A, 0xBA, 0x99, 0xAA, 0xBC, 0xDD, 0xDC, 0xCA, 0x88, 0x77, 0x88, 0x89, 
	0xAA, 0x87, 0x67, 0x66, 0x76, 0x64, 0x55, 0x67, 0x9A, 0xCC, 0xCB, 0xAB, 0xBB, 0xBB, 0x98, 
	0x77, 0x77, 0x88, 0x76, 0x77, 0x77, 0x89, 0xAB, 0xBA, 0x86, 0x65, 0x44, 0x44, 0x45, 0x66, 
	0x66, 0x88, 0x76, 0x66, 0x66, 0x76, 0x56, 0x57, 0xBC, 0xCC, 0xCC, 0xBB, 0xB9, 0x54, 0x44, 
	0x44, 0x56, 0x89, 0x99, 0x98, 0x77, 0x7A, 0xBC, 0xCC, 0xCB, 0xA9, 0x9A, 0xAB, 0xBB, 0xBA, 
	0xAB, 0xBB, 0xA8, 0x76, 0xAC, 0xCC, 0x97, 0x88, 0x87, 0x78, 0x87, 0x65, 0x78, 0x99, 0xAA, 
	0xAA, 0xA9, 0x88, 0x77, 0x77, 0x66, 0x7A, 0xCD, 0xEF, 0xEE, 0x85, 0x7A, 0xAB, 0xBB, 0xBA, 
	0xBC, 0xBA, 0x99, 0x98, 0x99, 0xAA, 0x98, 0x89, 0x9A, 0xAA, 0x9A, 0xAA, 0x9A, 0xAA, 0xAA, 
	0xAA, 0xAA, 0x97, 0x65, 0x8C, 0xCC, 0xBB, 0xA9, 0x99, 0x98, 0x77, 0x88, 0x88, 0x87, 0x77, 
	0x78, 0x89, 0x98, 0x77, 0x89, 0xAD, 0xFF, 0xFF, 0xFF, 0xFF, 0xDD, 0xDB, 0x98, 0x79, 0xBB, 
	0xCC, 0xAA, 0xAB, 0xBB, 0xBA, 0xAA, 0x99, 0x9A, 0xDE, 0xCB, 0xBC, 0xCD, 0xCC, 0xCC, 0xCC, 
	0xCC, 0xBB, 0xBB, 0xBB, 0xCC, 0xCB, 0xCD, 0xCB, 0xB9, 0x9A, 0xBB, 0xBB, 0xBB, 0xBB, 0xBB, 
	0xBB, 0xBB, 0xBB, 0xBB, 0xBB, 0xBB, 0xBB, 0xBB, 0xBB, 0xBB, 0xBB, 0xBB, 0xBB, 0xBB, 0xBB, 
	0xBB, 0xBB, 0xBB, 0xBB, 0xBB, 0xBB, 0xBB, 0xBB, 0xBA, 0xBB, 0xBA, 0xAA, 0xAA, 0xAA, 0xA0, 
	0x0A, 0xAA, 0xAA, 0xAA, 0xA9, 0xAA, 0xAA, 0xAA, 0xAA, 0xBB, 0xBB, 0xBB, 0xBB, 0xBB, 0xBB, 
	0xBB, 0xBB, 0xBB, 0xBB, 0xBB, 0xBB, 0xBB, 0xBB, 0xCC, 0xCC, 0xCB, 0xBC, 0xCB, 0xCC, 0xBB, 
	0xBB, 0xBC, 0xCC, 0xCC, 0xCC, 0xCC, 0xCC, 0xCC, 0xCB, 0xBA, 0xAB, 0xBB, 0xBB, 0xBB, 0xBC, 
	0xCC, 0xCC, 0xCC, 0xCC, 0xCC, 0xCC, 0xCC, 0xBB, 0xBC, 0xCC, 0xCC, 0xCC, 0xCC, 0xCD, 0xDD, 
	0xCC, 0xCC, 0xCC, 0xCC, 0xCC, 0xCC, 0xDD, 0xDD, 0xDD, 0xCB, 0x99, 0xAB, 0xCD, 0xDD, 0xDD, 
	0xDD, 0xDD, 0xDC, 0xBB, 0xA8, 0x77, 0x8A, 0xBB, 0xAC, 0xEF, 0xFF, 0xEB, 0xAB, 0xBA, 0x98, 
	0x89, 0xA9, 0x88, 0xAD, 0xDC, 0xBC, 0xCC, 0xCC, 0xBB, 0xBB, 0xA9, 0x88, 0x77, 0x89, 0x99, 
	0xAA, 0x87, 0x77, 0x67, 0x77, 0x64, 0x45, 0x57, 0x9A, 0xBB, 0xA9, 0x9A, 0xAB, 0xB9, 0x88, 
	0x88, 0x88, 0x87, 0x66, 0x67, 0x9B, 0xCD, 0xEF, 0xED, 0xA8, 0x65, 0x55, 0x54, 0x56, 0x66, 
	0x67, 0x77, 0x76, 0x67, 0x77, 0x76, 0x55, 0x67, 0xAC, 0xBA, 0x99, 0x99, 0x98, 0x64, 0x44, 
	0x44, 0x56, 0x89, 0x99, 0x97, 0x76, 0x68, 0xBC, 0xDD, 0xCC, 0xBA, 0xBB, 0xBB, 0xAB, 0xBA, 
	0xAB, 0xBA, 0x86, 0x66, 0x8C, 0xCC, 0x98, 0x98, 0x77, 0x78, 0x87, 0x55, 0x68, 0x89, 0x9A, 
	0xAA, 0x99, 0x88, 0x77, 0x76, 0x66, 0x8B, 0xDD, 0xEF, 0xEE, 0xA4, 0x47, 0x99, 0xAB, 0xBA, 
	0xBC, 0xCA, 0x99, 0x99, 0x99, 0xAA, 0x98, 0x66, 0x89, 0xAA, 0xAB, 0xCA, 0x9A, 0xAA, 0xAA, 
	0xAA, 0xA9, 0x97, 0x65, 0x7B, 0xCB, 0xAA, 0xAA, 0xA9, 0x98, 0x77, 0x77, 0x77, 0x77, 0x77, 
	0x88, 0x99, 0x99, 0x87, 0x89, 0xAD, 0xFF, 0xFF, 0xFF, 0xFE, 0xDD, 0xCB, 0xA9, 0x88, 0xAB, 
	0xCB, 0xA9, 0xAB, 0xBB, 0xAB, 0xBA, 0xA9, 0x9C, 0xFF, 0xEB, 0xBC, 0xCD, 0xCC, 0xCC, 0xCC, 
	0xCC, 0xCC, 0xBB, 0xBB, 0xCC, 0xCC, 0xCD, 0xCC, 0xCB, 0xBB, 0xBB, 0xBB, 0xBB, 0xBB, 0xBB, 
	0xBB, 0xBB, 0xBB, 0xBB, 0xBB, 0xBB, 0xBB, 0xBB, 0xBB, 0xBB, 0xBB, 0xBB, 0xBB, 0xBB, 0xBB, 
	0xBB, 0xBB, 0xBB, 0xBB, 0xBB, 0xBB, 0xBB, 0xBB, 0xAA, 0xAA, 0xAA, 0xAA, 0xAA, 0xAA, 0xA0, 
	0x0A, 0xAA, 0xAA, 0xAA, 0xA9, 0xAA, 0xAA, 0xAA, 0xAA, 0xBB, 0xBB, 0xBB, 0xBB, 0xBB, 0xBB, 
	0xBB, 0xBB, 0xBB, 0xBB, 0xBB, 0xBB, 0xBB, 0xBB, 0xCC, 0xCC, 0xCB, 0xBC, 0xCB, 0xCC, 0xCB, 
	0xCB, 0xCC, 0xCC, 0xCC, 0xCC, 0xCC, 0xCC, 0xCC, 0xCB, 0xBA, 0xAB, 0xBB, 0xBB, 0xBB, 0xBC, 
	0xCC, 0xCC, 0xCC, 0xCC, 0xCC, 0xCC, 0xCC, 0xBB, 0xBC, 0xCC, 0xCC, 0xCC, 0xCC, 0xCD, 0xDD, 
	0xDC, 0xCC, 0xCC, 0xCC, 0xCC, 0xCC, 0xDD, 0xDD, 0xDD, 0xCB, 0x99, 0xAB, 0xCD, 0xDD, 0xDD, 
	0xDD, 0xDD, 0xCB, 0xBA, 0x98, 0x78, 0x9B, 0xBB, 0xAB, 0xDF, 0xFE, 0xDC, 0xCC, 0xCA, 0x98, 
	0x8A, 0xAA, 0x8A, 0xCD, 0xDD, 0xEE, 0xEE, 0xED, 0xCB, 0xBA, 0x98, 0x88, 0x87, 0x89, 0x9A, 
	0xAA, 0x98, 0x77, 0x77, 0x77, 0x75, 0x56, 0x56, 0x78, 0x99, 0x88, 0x89, 0x9A, 0x98, 0x88, 
	0x88, 0x88, 0x87, 0x65, 0x69, 0xCE, 0xFF, 0xFF, 0xFE, 0xCA, 0x86, 0x76, 0x66, 0x64, 0x57, 
	0x77, 0x66, 0x66, 0x66, 0x66, 0x66, 0x65, 0x66, 0x79, 0x87, 0x66, 0x67, 0x88, 0x76, 0x54, 
	0x44, 0x45, 0x78, 0x98, 0x77, 0x66, 0x57, 0xAC, 0xDD, 0xDD, 0xDC, 0xCD, 0xDC, 0xBB, 0xBB, 
	0xBA, 0xA9, 0x65, 0x55, 0x59, 0xB9, 0x78, 0x87, 0x66, 0x67, 0x76, 0x55, 0x68, 0x99, 0xAA, 
	0xAA, 0x98, 0x88, 0x77, 0x76, 0x66, 0x8B, 0xCD, 0xEE, 0xEE, 0x94, 0x56, 0x88, 0x9A, 0xBA, 
	0xAB, 0xBA, 0x99, 0x99, 0x99, 0x9A, 0xA9, 0x76, 0x89, 0x9B, 0xBB, 0xCB, 0xA9, 0xAA, 0xAA, 
	0xAA, 0xA9, 0x99, 0x77, 0x78, 0xA9, 0x99, 0x9A, 0xA9, 0x97, 0x78, 0x87, 0x77, 0x77, 0x87, 
	0x78, 0x89, 0xAA, 0x88, 0x89, 0x9D, 0xFF, 0xFF, 0xFF, 0xFE, 0xCC, 0xBB, 0xA9, 0x88, 0xAB, 
	0xBB, 0xAA, 0xBB, 0xBB, 0xAB, 0xBB, 0xBA, 0x9B, 0xFF, 0xEB, 0xBC, 0xCD, 0xCC, 0xCC, 0xCC, 
	0xCB, 0xCB, 0xBB, 0xBB, 0xCC, 0xDC, 0xCC, 0xCD, 0xCC, 0xBB, 0xBB, 0xBB, 0xBB, 0xBB, 0xBB, 
	0xBB, 0xBB, 0xBB, 0xBB, 0xBB, 0xBB, 0xBB, 0xBB, 0xBB, 0xBB, 0xBB, 0xBB, 0xBB, 0xBB, 0xBB, 
	0xBB, 0xBB, 0xBB, 0xBB, 0xBB, 0xBB, 0xBB, 0xBB, 0xAA, 0xAB, 0xAA, 0xAA, 0xAA, 0xAA, 0xA0, 
	0x0A, 0xAA, 0xAA, 0xAA, 0xA9, 0xAA, 0xAA, 0xAA, 0xAA, 0xBB, 0xBB, 0xBB, 0xBB, 0xBB, 0xBB, 
	0xBB, 0xBB, 0xBB, 0xBB, 0xBB, 0xBB, 0xBB, 0xBB, 0xCC, 0xCC, 0xCB, 0xBC, 0xCB, 0xBC, 0xCC, 
	0xCB, 0xCC, 0xCC, 0xCC, 0xCC, 0xCC, 0xCC, 0xCC, 0xCC, 0xBB, 0xAB, 0xBB, 0xBB, 0xBB, 0xBB, 
	0xCC, 0xCC, 0xCC, 0xCC, 0xCC, 0xCC, 0xCC, 0xBB, 0xBC, 0xCC, 0xCC, 0xCC, 0xCC, 0xCD, 0xDD, 
	0xDC, 0xCC, 0xCC, 0xCC, 0xCC, 0xCC, 0xDD, 0xDD, 0xDD, 0xCB, 0x99, 0xAB, 0xCD, 0xDD, 0xDD, 
	0xDD, 0xDC, 0xBB, 0xA9, 0x87, 0x79, 0xBC, 0xCB, 0x9A, 0xCE, 0xEE, 0xDD, 0xDC, 0xCA, 0x97, 
	0x79, 0x98, 0x8B, 0xDE, 0xEE, 0xEE, 0xFE, 0xEE, 0xDC, 0xB9, 0x98, 0x88, 0x87, 0x89, 0xBB, 
	0xBB, 0xA9, 0x88, 0x77, 0x88, 0x77, 0x66, 0x55, 0x66, 0x77, 0x78, 0x88, 0x99, 0x88, 0x99, 
	0x98, 0x89, 0x99, 0x98, 0x79, 0xDF, 0xFF, 0xFF, 0xFE, 0xCA, 0x87, 0x67, 0x66, 0x44, 0x56, 
	0x66, 0x55, 0x66, 0x55, 0x55, 0x55, 0x55, 0x56, 0x66, 0x65, 0x56, 0x67, 0x88, 0x87, 0x65, 
	0x54, 0x55, 0x67, 0x87, 0x76, 0x55, 0x56, 0x9C, 0xDD, 0xED, 0xDD, 0xDE, 0xEE, 0xDB, 0xCC, 
	0xBA, 0x97, 0x55, 0x55, 0x66, 0x77, 0x66, 0x66, 0x66, 0x65, 0x55, 0x55, 0x78, 0x89, 0xAA, 
	0xAA, 0x98, 0x87, 0x77, 0x76, 0x66, 0x79, 0xBB, 0xCC, 0xCA, 0x64, 0x56, 0x78, 0x89, 0xAA, 
	0xAA, 0xBA, 0x99, 0xAA, 0x99, 0x9A, 0xAA, 0x98, 0x89, 0x9B, 0xCB, 0xBC, 0xB9, 0x9A, 0xAA, 
	0xA9, 0x99, 0x99, 0x98, 0x98, 0x98, 0x87, 0x8A, 0xA9, 0x87, 0x88, 0x88, 0x77, 0x77, 0x77, 
	0x88, 0x89, 0xAA, 0xA8, 0x99, 0x9B, 0xEF, 0xFE, 0xEE, 0xED, 0xBA, 0xAA, 0xA9, 0x99, 0x9A, 
	0xAA, 0xBB, 0xBB, 0xBB, 0xBB, 0xBB, 0xBB, 0xAA, 0xDF, 0xDA, 0xAB, 0xCC, 0xCC, 0xCC, 0xCC, 
	0xCB, 0xBB, 0xBB, 0xBB, 0xCD, 0xDD, 0xCC, 0xCD, 0xCC, 0xBB, 0xBB, 0xBB, 0xBB, 0xBB, 0xBB, 
	0xBB, 0xBB, 0xBB, 0xBB, 0xBB, 0xBB, 0xBB, 0xBB, 0xBB, 0xBB, 0xBB, 0xBB, 0xBB, 0xBB, 0xBB, 
	0xBB, 0xBB, 0xBB, 0xBB, 0xBB, 0xBB, 0xBB, 0xBB, 0xBB, 0xBB, 0xBA, 0xAA, 0xAA, 0xAA, 0xA0, 
	0x0A, 0xAA, 0xAA, 0xAA, 0xAA, 0xAA, 0xAA, 0xAA, 0xAA, 0xBB, 0xBB, 0xBB, 0xBB, 0xBB, 0xBB, 
	0xBB, 0xBB, 0xBB, 0xBB, 0xBB, 0xBB, 0xBB, 0xBB, 0xCC, 0xCC, 0xCB, 0xCC, 0xCB, 0xBC, 0xCC, 
	0xCB, 0xBC, 0xCC, 0xCC, 0xCC, 0xCC, 0xCC, 0xCC, 0xCC, 0xBB, 0xAB, 0xBB, 0xBB, 0xBB, 0xBB, 
	0xCC, 0xCC, 0xCC, 0xCC, 0xCC, 0xCC, 0xCC, 0xBB, 0xBC, 0xCC, 0xCC, 0xCC, 0xCC, 0xCD, 0xDD, 
	0xDC, 0xCC, 0xCC, 0xCC, 0xCC, 0xCD, 0xDD, 0xDD, 0xDD, 0xCB, 0xA9, 0xAB, 0xCD, 0xDD, 0xDD, 
	0xDD, 0xDC, 0xBA, 0x98, 0x89, 0x9A, 0xCC, 0xDC, 0xA9, 0xCD, 0xDD, 0xDD, 0xDD, 0xCA, 0x75, 
	0x67, 0x76, 0x8C, 0xDE, 0xED, 0xEE, 0xEE, 0xED, 0xCB, 0xA9, 0x87, 0x77, 0x77, 0x9A, 0xCC, 
	0xDC, 0xCB, 0xA9, 0x99, 0x98, 0x87, 0x66, 0x65, 0x56, 0x77, 0x78, 0x89, 0x99, 0x9A, 0xAA, 
	0x99, 0x89, 0xAB, 0xBA, 0x99, 0xCE, 0xFF, 0xFF, 0xFE, 0xA9, 0x76, 0x66, 0x54, 0x44, 0x35, 
	0x65, 0x45, 0x66, 0x65, 0x55, 0x55, 0x44, 0x44, 0x55, 0x66, 0x65, 0x56, 0x78, 0x77, 0x76, 
	0x65, 0x67, 0x77, 0x77, 0x76, 0x55, 0x55, 0x8B, 0xDD, 0xDD, 0xDD, 0xDE, 0xFF, 0xEC, 0xDD, 
	0xCA, 0x86, 0x55, 0x55, 0x67, 0x77, 0x76, 0x66, 0x76, 0x55, 0x55, 0x67, 0x8A, 0xAA, 0x99, 
	0xAA, 0x98, 0x77, 0x77, 0x76, 0x66, 0x78, 0x9A, 0x98, 0x76, 0x54, 0x46, 0x78, 0x78, 0x89, 
	0xAA, 0xBA, 0x99, 0xAA, 0xAA, 0xAA, 0xAA, 0xA9, 0x9A, 0xAB, 0xBA, 0xAB, 0xBA, 0xAB, 0xBA, 
	0x99, 0x88, 0x98, 0x99, 0x99, 0x98, 0x77, 0x8A, 0xA9, 0x87, 0x78, 0x77, 0x77, 0x77, 0x77, 
	0x88, 0x8A, 0xBB, 0xBA, 0xAA, 0xAA, 0xCD, 0xDD, 0xDD, 0xDC, 0xAA, 0xAA, 0xAA, 0xAA, 0x98, 
	0x9A, 0xBB, 0xBA, 0xBC, 0xCC, 0xBC, 0xBC, 0xCA, 0x9B, 0x98, 0xAB, 0xCC, 0xCC, 0xCC, 0xCC, 
	0xCB, 0xCC, 0xCC, 0xBB, 0xCD, 0xDD, 0xDC, 0xCC, 0xDC, 0xBB, 0xBB, 0xBB, 0xBB, 0xBB, 0xBB, 
	0xBB, 0xBB, 0xBB, 0xBB, 0xBB, 0xBB, 0xBB, 0xBB, 0xBB, 0xBB, 0xBB, 0xBB, 0xBB, 0xBB, 0xBB, 
	0xBB, 0xBB, 0xBB, 0xBB, 0xBB, 0xBB, 0xBB, 0xBB, 0xBB, 0xBB, 0xAA, 0xAA, 0xAA, 0xAA, 0xA0, 
	0x0A, 0xAA, 0xAA, 0xAA, 0xAA, 0xAA, 0xAA, 0xAA, 0xAA, 0xBB, 0xBB, 0xBB, 0xBB, 0xBB, 0xBB, 
	0xBB, 0xBB, 0xBB, 0xBB, 0xBB, 0xBB, 0xBB, 0xBB, 0xCC, 0xCC, 0xCC, 0xCC, 0xCB, 0xBC, 0xCC, 
	0xCC, 0xCC, 0xCC, 0xCC, 0xCC, 0xCC, 0xCC, 0xCC, 0xCC, 0xBB, 0xAB, 0xBB, 0xBB, 0xBB, 0xBB, 
	0xCC, 0xCC, 0xCC, 0xCC, 0xCC, 0xCC, 0xCC, 0xBB, 0xBC, 0xCC, 0xCC, 0xCC, 0xCC, 0xCD, 0xDD, 
	0xDC, 0xCC, 0xCC, 0xCC, 0xCC, 0xCD, 0xDD, 0xDD, 0xDD, 0xCB, 0xA9, 0xAB, 0xCD, 0xDD, 0xDD, 
	0xDD, 0xCB, 0xA8, 0x78, 0x9B, 0xBC, 0xDD, 0xDC, 0xBA, 0xCD, 0xDD, 0xDD, 0xDD, 0xCA, 0x54, 
	0x56, 0x67, 0xAC, 0xDD, 0xED, 0xEE, 0xEE, 0xDC, 0xCB, 0x98, 0x87, 0x77, 0x78, 0x9C, 0xDD, 
	0xDD, 0xDC, 0xCC, 0xCB, 0xB9, 0x87, 0x77, 0x76, 0x67, 0x77, 0x78, 0x99, 0x99, 0xAA, 0xAA, 
	0xA9, 0x9A, 0xBC, 0xBB, 0x98, 0x9B, 0xCD, 0xDD, 0xC9, 0x67, 0x65, 0x77, 0x64, 0x45, 0x45, 
	0x77, 0x55, 0x78, 0x75, 0x55, 0x65, 0x48, 0x95, 0x55, 0x66, 0x66, 0x65, 0x56, 0x67, 0x76, 
	0x77, 0x89, 0x98, 0x77, 0x66, 0x55, 0x56, 0x8B, 0xDD, 0xDD, 0xDD, 0xDE, 0xFF, 0xEE, 0xEE, 
	0xEB, 0x86, 0x55, 0x56, 0x57, 0x87, 0x76, 0x67, 0x76, 0x65, 0x66, 0x78, 0xBE, 0xED, 0xA9, 
	0xAA, 0x98, 0x77, 0x77, 0x76, 0x66, 0x78, 0x88, 0x87, 0x76, 0x65, 0x56, 0x78, 0x77, 0x67, 
	0x9A, 0xBB, 0xBA, 0xAA, 0xAA, 0xAA, 0xAA, 0x99, 0x9A, 0xAA, 0xAA, 0xAB, 0xBA, 0xBC, 0xCA, 
	0x98, 0x77, 0x79, 0x9A, 0xA9, 0x98, 0x77, 0x8A, 0xA9, 0x76, 0x77, 0x77, 0x77, 0x77, 0x77, 
	0x88, 0x8A, 0xBC, 0xCC, 0xCB, 0xBA, 0xBB, 0xCC, 0xCB, 0xA9, 0x9A, 0xAA, 0xBB, 0xBA, 0x98, 
	0x79, 0xBC, 0xBA, 0xAC, 0xCC, 0xCC, 0xCC, 0xCB, 0xB9, 0x9A, 0xAB, 0xBC, 0xCC, 0xCB, 0xBC, 
	0xCB, 0xBB, 0xBB, 0xBB, 0xCD, 0xDD, 0xDD, 0xCC, 0xDC, 0xCB, 0xBB, 0xBB, 0xBB, 0xBB, 0xBB, 
	0xBB, 0xBB, 0xBB, 0xBB, 0xBB, 0xBB, 0xBB, 0xBB, 0xBB, 0xBB, 0xBB, 0xBB, 0xBB, 0xBB, 0xBB, 
	0xBB, 0xBB, 0xBB, 0xBB, 0xBB, 0xBB, 0xBB, 0xAA, 0xBB, 0xBB, 0xAA, 0xAA, 0xBA, 0xAA, 0xA0, 
	0x0A, 0xAA, 0xAA, 0xAA, 0xAA, 0x9A, 0xAA, 0xAA, 0xAA, 0xBB, 0xBB, 0xBB, 0xBB, 0xBB, 0xBB, 
	0xBB, 0xBB, 0xBB, 0xBB, 0xBB, 0xBB, 0xBB, 0xBB, 0xBC, 0xCC, 0xCC, 0xBC, 0xCB, 0xBC, 0xCB, 
	0xBB, 0xCC, 0xCC, 0xCC, 0xCC, 0xCC, 0xCC, 0xCC, 0xCC, 0xBB, 0xAB, 0xBB, 0xBB, 0xBB, 0xBB, 
	0xCC, 0xCC, 0xCC, 0xCC, 0xCC, 0xCC, 0xCC, 0xCB, 0xBC, 0xCC, 0xCC, 0xCC, 0xCC, 0xCD, 0xDD, 
	0xDC, 0xCC, 0xCC, 0xCC, 0xCC, 0xCC, 0xDD, 0xDD, 0xDD, 0xCB, 0xA9, 0xAB, 0xCD, 0xDD, 0xDD, 
	0xDD, 0xCC, 0xA7, 0x79, 0xBC, 0xDD, 0xDD, 0xDC, 0xBA, 0xCD, 0xDD, 0xDD, 0xDD, 0xCA, 0x65, 
	0x66, 0x7A, 0xCD, 0xDE, 0xED, 0xDD, 0xDD, 0xCB, 0xAA, 0x98, 0x87, 0x77, 0x89, 0xBD, 0xDD, 
	0xDD, 0xDD, 0xDD, 0xDC, 0xC9, 0x77, 0x66, 0x76, 0x66, 0x77, 0x89, 0x99, 0x99, 0xAB, 0xBB, 
	0xBA, 0x9A, 0xAA, 0xA9, 0x76, 0x78, 0x99, 0x97, 0x66, 0x76, 0x67, 0x89, 0x85, 0x44, 0x46, 
	0x88, 0x66, 0x67, 0x76, 0x55, 0x54, 0x8C, 0xB9, 0x55, 0x66, 0x66, 0x65, 0x56, 0x67, 0x77, 
	0x78, 0x89, 0xA9, 0x87, 0x65, 0x55, 0x57, 0xBD, 0xDD, 0xCD, 0xDD, 0xCD, 0xEF, 0xEE, 0xEE, 
	0xED, 0xB7, 0x65, 0x66, 0x77, 0x77, 0x77, 0x77, 0x77, 0x76, 0x67, 0x8A, 0xEF, 0xFF, 0xDA, 
	0xA9, 0x99, 0x87, 0x76, 0x66, 0x67, 0x78, 0x88, 0x77, 0x66, 0x65, 0x66, 0x78, 0x77, 0x66, 
	0x79, 0xAB, 0xBA, 0x9A, 0x99, 0xAA, 0xBA, 0x88, 0x89, 0xAA, 0xAA, 0xBB, 0xBA, 0xBC, 0xCA, 
	0x96, 0x67, 0xAB, 0xAA, 0xA9, 0x9A, 0x98, 0x9A, 0xA9, 0x77, 0x77, 0x77, 0x77, 0x77, 0x77, 
	0x88, 0x9A, 0xBC, 0xCC, 0xCC, 0xBA, 0xAB, 0xBB, 0xBA, 0x99, 0x99, 0x9A, 0xBB, 0xBB, 0xA8, 
	0x77, 0xAC, 0xBA, 0x9A, 0xBC, 0xCC, 0xCD, 0xDC, 0xBB, 0xBC, 0xCC, 0xCC, 0xCC, 0xCC, 0xBC, 
	0xCC, 0xBB, 0xBB, 0xAA, 0xBC, 0xDD, 0xDD, 0xCB, 0xCC, 0xBB, 0xBB, 0xBB, 0xBB, 0xBB, 0xBB, 
	0xBB, 0xBB, 0xBB, 0xBB, 0xBB, 0xBB, 0xBB, 0xBB, 0xBB, 0xBB, 0xBB, 0xBB, 0xBB, 0xBB, 0xBB, 
	0xBB, 0xBB, 0xBB, 0xBB, 0xBB, 0xBB, 0xBB, 0xBA, 0xAA, 0xAB, 0xBB, 0xAA, 0xAA, 0xAA, 0xA0, 
	0x0A, 0xAA, 0xAA, 0xAA, 0xAA, 0x9A, 0xAA, 0xAA, 0xAA, 0xBB, 0xBB, 0xBB, 0xBB, 0xBB, 0xBB, 
	0xBB, 0xBB, 0xBB, 0xBB, 0xBB, 0xBB, 0xBB, 0xBB, 0xBC, 0xCC, 0xCC, 0xBC, 0xCC, 0xCC, 0xCC, 
	0xBB, 0xBC, 0xCC, 0xCC, 0xCC, 0xCC, 0xCC, 0xCC, 0xCC, 0xBB, 0xAB, 0xBB, 0xBB, 0xBB, 0xBB, 
	0xCC, 0xCC, 0xCC, 0xCC, 0xCC, 0xCC, 0xCC, 0xCB, 0xBC, 0xCC, 0xCC, 0xCC, 0xCC, 0xCD, 0xDD, 
	0xDC, 0xCC, 0xCC, 0xCC, 0xCC, 0xCC, 0xDD, 0xDD, 0xDD, 0xCB, 0xA9, 0xAB, 0xCD, 0xDD, 0xDD, 
	0xDD, 0xDC, 0xA8, 0x9B, 0xCD, 0xDD, 0xDD, 0xDD, 0xBA, 0xCD, 0xDD, 0xDD, 0xDD, 0xDB, 0x65, 
	0x56, 0x9B, 0xDD, 0xDE, 0xEE, 0xDD, 0xDD, 0xB9, 0x99, 0x87, 0x76, 0x78, 0xAB, 0xCD, 0xDD, 
	0xDD, 0xDD, 0xDD, 0xDD, 0xC9, 0x77, 0x66, 0x77, 0x66, 0x67, 0x78, 0x99, 0x89, 0xAB, 0xBC, 
	0xCB, 0xAA, 0x99, 0x87, 0x75, 0x66, 0x89, 0x86, 0x66, 0x67, 0x78, 0xBB, 0xA5, 0x44, 0x56, 
	0x77, 0x65, 0x56, 0x65, 0x45, 0x54, 0x6A, 0xA8, 0x55, 0x66, 0x66, 0x66, 0x66, 0x67, 0x77, 
	0x78, 0x89, 0x99, 0x87, 0x65, 0x55, 0x5A, 0xED, 0xED, 0xBB, 0xCA, 0xAB, 0xCE, 0xEE, 0xED, 
	0xED, 0xB9, 0x77, 0x78, 0x87, 0x77, 0x77, 0x76, 0x77, 0x77, 0x78, 0x9A, 0xFF, 0xFF, 0xEB, 
	0xA9, 0x98, 0x88, 0x77, 0x76, 0x66, 0x78, 0x88, 0x77, 0x67, 0x66, 0x66, 0x77, 0x76, 0x66, 
	0x67, 0x9A, 0xBA, 0x99, 0x99, 0xAA, 0xAA, 0x98, 0x88, 0x99, 0x9A, 0xAA, 0xAA, 0xBB, 0xBB, 
	0x97, 0x67, 0xBB, 0xBA, 0x99, 0xAB, 0xB9, 0x99, 0x98, 0x78, 0x87, 0x77, 0x77, 0x77, 0x77, 
	0x88, 0x99, 0xAC, 0xCC, 0xCC, 0xBA, 0xAA, 0xAA, 0xA9, 0x88, 0x89, 0x99, 0xBC, 0xCC, 0xB9, 
	0x77, 0x9B, 0xBB, 0xBB, 0xCC, 0xCC, 0xCD, 0xDD, 0xCC, 0xDD, 0xDD, 0xCC, 0xCC, 0xCB, 0xCC, 
	0xBB, 0xBB, 0xAA, 0x88, 0xAB, 0xCC, 0xDD, 0xCB, 0xBB, 0xBB, 0xBB, 0xBB, 0xBB, 0xBB, 0xBB, 
	0xBB, 0xBB, 0xBB, 0xBB, 0xBB, 0xBB, 0xBB, 0xBB, 0xBB, 0xBB, 0xBB, 0xBB, 0xBB, 0xBB, 0xBB, 
	0xBB, 0xBB, 0xBB, 0xBB, 0xBB, 0xBB, 0xBB, 0xBB, 0xAA, 0xAA, 0xBB, 0xAA, 0xAA, 0xAA, 0xA0, 
	0x0A, 0xAA, 0xAA, 0xAA, 0xAA, 0x9A, 0xAA, 0xAA, 0xAA, 0xBB, 0xBB, 0xBB, 0xBB, 0xBB, 0xBB, 
	0xBB, 0xBB, 0xBB, 0xBB, 0xBB, 0xBB, 0xBB, 0xBB, 0xBC, 0xCC, 0xCC, 0xBB, 0xCC, 0xCC, 0xCC, 
	0xCB, 0xBC, 0xCC, 0xCC, 0xCC, 0xCC, 0xCC, 0xCC, 0xCC, 0xBB, 0xAB, 0xBB, 0xBB, 0xBB, 0xBB, 
	0xCC, 0xCC, 0xCC, 0xCC, 0xCC, 0xCC, 0xCC, 0xCB, 0xBC, 0xCC, 0xCC, 0xCC, 0xCC, 0xDD, 0xDD, 
	0xDD, 0xCC, 0xCC, 0xCC, 0xCC, 0xCC, 0xDD, 0xDD, 0xDD, 0xCB, 0xA9, 0xAB, 0xCD, 0xDD, 0xDD, 
	0xDD, 0xDD, 0xCB, 0xBC, 0xDD, 0xDD, 0xDD, 0xDD, 0xBA, 0xCD, 0xDD, 0xDD, 0xDD, 0xDB, 0x87, 
	0x78, 0xAC, 0xDD, 0xDD, 0xDD, 0xDD, 0xDC, 0xA8, 0x89, 0x77, 0x77, 0x8A, 0xBC, 0xDD, 0xDD, 
	0xDD, 0xDD, 0xDD, 0xDD, 0xCA, 0x87, 0x76, 0x77, 0x75, 0x67, 0x78, 0x88, 0x89, 0xAA, 0xBC, 
	0xBB, 0xBA, 0x98, 0x76, 0x65, 0x56, 0x89, 0x87, 0x55, 0x67, 0x48, 0xAA, 0x94, 0x44, 0x55, 
	0x66, 0x54, 0x44, 0x44, 0x44, 0x54, 0x46, 0x66, 0x66, 0x66, 0x66, 0x66, 0x66, 0x67, 0x77, 
	0x77, 0x78, 0x88, 0x86, 0x54, 0x45, 0x5A, 0xEE, 0xED, 0xBB, 0x99, 0x99, 0xAC, 0xDC, 0xBB, 
	0xCC, 0xB8, 0x68, 0x88, 0x87, 0x77, 0x88, 0x76, 0x67, 0x77, 0x78, 0x9A, 0xDF, 0xFF, 0xEB, 
	0xAA, 0xA9, 0x87, 0x77, 0x76, 0x66, 0x77, 0x88, 0x77, 0x77, 0x76, 0x66, 0x67, 0x76, 0x66, 
	0x67, 0x78, 0x99, 0x99, 0x98, 0x89, 0xAA, 0x98, 0x78, 0x89, 0x9A, 0xA9, 0x9B, 0xBB, 0xBB, 
	0xB9, 0x88, 0xAB, 0xA9, 0x88, 0xAB, 0xBB, 0x98, 0x88, 0x88, 0x87, 0x77, 0x77, 0x77, 0x77, 
	0x88, 0x9A, 0xAB, 0xCC, 0xCC, 0xBA, 0x99, 0xAA, 0x98, 0x87, 0x89, 0xAA, 0xBC, 0xCC, 0xCA, 
	0x86, 0x9B, 0xBC, 0xDD, 0xDD, 0xDC, 0xCD, 0xDD, 0xCC, 0xDD, 0xDD, 0xDC, 0xBB, 0xBB, 0xCC, 
	0xBB, 0xAA, 0x99, 0x66, 0x8B, 0xCC, 0xCC, 0xBB, 0xBB, 0xBB, 0xBB, 0xBB, 0xBB, 0xBB, 0xBB, 
	0xBB, 0xBB, 0xBB, 0xBB, 0xBB, 0xBB, 0xBB, 0xBB, 0xBB, 0xBB, 0xBB, 0xBB, 0xBB, 0xBB, 0xBB, 
	0xBB, 0xBB, 0xBB, 0xBB, 0xBB, 0xBB, 0xBB, 0xBB, 0xBB, 0xAA, 0xAA, 0xAA, 0xAA, 0xAA, 0xA0, 
	0x0A, 0xAA, 0xAA, 0xAA, 0xAA, 0x9A, 0xAA, 0xAA, 0xAA, 0xBB, 0xBB, 0xBB, 0xBB, 0xBB, 0xBB, 
	0xBB, 0xBB, 0xBB, 0xBB, 0xBB, 0xBB, 0xBB, 0xBB, 0xBC, 0xCC, 0xCC, 0xBB, 0xCC, 0xCC, 0xCC, 
	0xCC, 0xBC, 0xCC, 0xCC, 0xCC, 0xCC, 0xCC, 0xCC, 0xCC, 0xCB, 0xBB, 0xBB, 0xBB, 0xBB, 0xBB, 
	0xCC, 0xCC, 0xCC, 0xCC, 0xCC, 0xCC, 0xCC, 0xCB, 0xBC, 0xCC, 0xCC, 0xCC, 0xCC, 0xDD, 0xDD, 
	0xDD, 0xCC, 0xCC, 0xCC, 0xCC, 0xCC, 0xDD, 0xDD, 0xDD, 0xCB, 0xA9, 0xAA, 0xCD, 0xDD, 0xDD, 
	0xDD, 0xDD, 0xDC, 0xDD, 0xDD, 0xDD, 0xDD, 0xDD, 0xCB, 0xCD, 0xDD, 0xDD, 0xDD, 0xDC, 0xBA, 
	0xBB, 0xCC, 0xDD, 0xDD, 0xDD, 0xDD, 0xDC, 0x97, 0x98, 0x68, 0x99, 0xAC, 0xCD, 0xDD, 0xDD, 
	0xDD, 0xDD, 0xDD, 0xDD, 0xCB, 0xB9, 0x87, 0x67, 0x75, 0x66, 0x77, 0x77, 0x88, 0x99, 0xAB, 
	0xBB, 0xB9, 0x97, 0x76, 0x55, 0x56, 0x89, 0x87, 0x55, 0x64, 0x46, 0x98, 0x64, 0x44, 0x44, 
	0x44, 0x44, 0x44, 0x43, 0x34, 0x44, 0x45, 0x56, 0x67, 0x66, 0x66, 0x66, 0x66, 0x67, 0x77, 
	0x77, 0x67, 0x77, 0x65, 0x54, 0x45, 0x69, 0xCE, 0xEC, 0xBA, 0x99, 0xAB, 0xBA, 0xBC, 0xCD, 
	0xCA, 0x86, 0x67, 0x88, 0x76, 0x67, 0x78, 0x76, 0x66, 0x66, 0x67, 0x9A, 0xCF, 0xFF, 0xED, 
	0xBB, 0xCC, 0xA8, 0x88, 0x77, 0x66, 0x77, 0x88, 0x87, 0x66, 0x66, 0x66, 0x66, 0x65, 0x56, 
	0x67, 0x77, 0x77, 0x77, 0x87, 0x89, 0xAA, 0x98, 0x88, 0x9A, 0xA9, 0x99, 0x9B, 0xBA, 0xAB, 
	0xBA, 0x99, 0x9A, 0xBA, 0x78, 0x9B, 0xDD, 0xC9, 0x87, 0x88, 0x87, 0x77, 0x77, 0x77, 0x77, 
	0x89, 0xAA, 0xAB, 0xBB, 0xBA, 0xAA, 0x99, 0x99, 0x98, 0x77, 0x89, 0xAA, 0xBC, 0xCC, 0xCA, 
	0x86, 0x8A, 0xBC, 0xDD, 0xED, 0xDC, 0xCD, 0xDD, 0xCC, 0xDD, 0xDD, 0xDC, 0xBA, 0xAB, 0xCC, 
	0xCA, 0x98, 0x88, 0x77, 0x9B, 0xCC, 0xCB, 0xBB, 0xBB, 0xBB, 0xBB, 0xBB, 0xBB, 0xBB, 0xBB, 
	0xBB, 0xBB, 0xBB, 0xBB, 0xBB, 0xBB, 0xBB, 0xBB, 0xBB, 0xBB, 0xBB, 0xBB, 0xBB, 0xBB, 0xBB, 
	0xBB, 0xBB, 0xBB, 0xBB, 0xBB, 0xBB, 0xBB, 0xBB, 0xBB, 0xBA, 0xAA, 0xAA, 0xAA, 0xAA, 0xA0, 
	0x0A, 0xAA, 0xAA, 0xAA, 0xAA, 0xAA, 0xAA, 0xAA, 0xAA, 0xAB, 0xBB, 0xBB, 0xBB, 0xBB, 0xBB, 
	0xBB, 0xBB, 0xBB, 0xBB, 0xBB, 0xBB, 0xBB, 0xBB, 0xBC, 0xCC, 0xCC, 0xBC, 0xCB, 0xBC, 0xCC, 
	0xCC, 0xBC, 0xCC, 0xCC, 0xCC, 0xCC, 0xCC, 0xCC, 0xCC, 0xCB, 0xBB, 0xBB, 0xBB, 0xBB, 0xBB, 
	0xCC, 0xCC, 0xCC, 0xCC, 0xCC, 0xCC, 0xCC, 0xCC, 0xCC, 0xCC, 0xCC, 0xCC, 0xCC, 0xDD, 0xDD, 
	0xDD, 0xCC, 0xCC, 0xCC, 0xCC, 0xCC, 0xDD, 0xDD, 0xDD, 0xCC, 0xA9, 0xAA, 0xCD, 0xDD, 0xDD, 
	0xDD, 0xDD, 0xDD, 0xDD, 0xDD, 0xDD, 0xDD, 0xDD, 0xCB, 0xCD, 0xDD, 0xDD, 0xDD, 0xDD, 0xCC, 
	0xCC, 0xCC, 0xCC, 0xDD, 0xDD, 0xDD, 0xCB, 0x87, 0x97, 0x79, 0x9A, 0xCD, 0xDD, 0xDD, 0xDD, 
	0xDD, 0xDD, 0xDD, 0xDD, 0xDC, 0xCB, 0x97, 0x76, 0x76, 0x66, 0x78, 0x88, 0x88, 0x88, 0x89, 
	0xAA, 0xA9, 0x88, 0x77, 0x65, 0x66, 0x78, 0x85, 0x56, 0x44, 0x43, 0x44, 0x44, 0x44, 0x44, 
	0x44, 0x44, 0x44, 0x33, 0x33, 0x34, 0x56, 0x67, 0x76, 0x66, 0x65, 0x66, 0x66, 0x67, 0x77, 
	0x77, 0x66, 0x66, 0x65, 0x44, 0x57, 0x89, 0xAB, 0xBB, 0xBB, 0xCC, 0xDD, 0xCB, 0xCD, 0xEE, 
	0xD9, 0x65, 0x66, 0x77, 0x66, 0x67, 0x78, 0x77, 0x66, 0x66, 0x66, 0x7A, 0xDF, 0xFF, 0xFD, 
	0xBB, 0xBB, 0xA8, 0x78, 0x77, 0x77, 0x77, 0x88, 0x77, 0x66, 0x66, 0x66, 0x66, 0x55, 0x56, 
	0x66, 0x66, 0x66, 0x66, 0x65, 0x8A, 0xBA, 0x98, 0x99, 0xAB, 0xB9, 0x99, 0xAA, 0xA9, 0x89, 
	0xAA, 0xAA, 0xAB, 0xCB, 0xA8, 0x9C, 0xDD, 0xD9, 0x66, 0x67, 0x77, 0x67, 0x77, 0x76, 0x77, 
	0x89, 0xAA, 0xAA, 0xAA, 0x98, 0x88, 0x88, 0x89, 0x87, 0x78, 0x99, 0xAA, 0xBC, 0xCC, 0xCA, 
	0x76, 0x79, 0xAB, 0xDE, 0xDD, 0xDC, 0xCD, 0xDC, 0xCC, 0xCD, 0xDD, 0xDC, 0xB9, 0x9B, 0xDD, 
	0xCA, 0x76, 0x67, 0x88, 0x9C, 0xDC, 0xCB, 0xBB, 0xBB, 0xBB, 0xBB, 0xBB, 0xBB, 0xBB, 0xBB, 
	0xBB, 0xBB, 0xBB, 0xBB, 0xBB, 0xBB, 0xBB, 0xBB, 0xBB, 0xBB, 0xBB, 0xBB, 0xBB, 0xBB, 0xBB, 
	0xBB, 0xBB, 0xBB, 0xBB, 0xBB, 0xBB, 0xBB, 0xBB, 0xBB, 0xBB, 0xAA, 0xAA, 0xAA, 0xAA, 0xA0, 
	0x0A, 0xAA, 0xAA, 0xAA, 0xAA, 0xAA, 0xAA, 0xAA, 0xAA, 0xAB, 0xBB, 0xBB, 0xBB, 0xBB, 0xBB, 
	0xBB, 0xBB, 0xBB, 0xBB, 0xBB, 0xBB, 0xBB, 0xBB, 0xBC, 0xCC, 0xCC, 0xBC, 0xCB, 0xBC, 0xCC, 
	0xCC, 0xCC, 0xCC, 0xCC, 0xCC, 0xCC, 0xCC, 0xCC, 0xCC, 0xCB, 0xBB, 0xBB, 0xBB, 0xBB, 0xBB, 
	0xCC, 0xCC, 0xCC, 0xCC, 0xCC, 0xCC, 0xCC, 0xCC, 0xCC, 0xCC, 0xCC, 0xCC, 0xCC, 0xDD, 0xDD, 
	0xDD, 0xCC, 0xCC, 0xCC, 0xCC, 0xCD, 0xDD, 0xDD, 0xDD, 0xDC, 0xA9, 0xAA, 0xCC, 0xDD, 0xDD, 
	0xDD, 0xDD, 0xDD, 0xDD, 0xDD, 0xDD, 0xDD, 0xDD, 0xCB, 0xCD, 0xDD, 0xDD, 0xDD, 0xDD, 0xDD, 
	0xDD, 0xDC, 0xBC, 0xCD, 0xDC, 0xCD, 0xCA, 0x77, 0x97, 0x7A, 0x9A, 0xCD, 0xDD, 0xDD, 0xDD, 
	0xDD, 0xDD, 0xDD, 0xDD, 0xDD, 0xDC, 0xB9, 0x87, 0x77, 0x67, 0x88, 0x88, 0x88, 0x88, 0x78, 
	0x89, 0x98, 0x88, 0x87, 0x76, 0x66, 0x76, 0x66, 0x64, 0x43, 0x44, 0x44, 0x44, 0x43, 0x44, 
	0x44, 0x43, 0x34, 0x55, 0x44, 0x44, 0x56, 0x67, 0x77, 0x66, 0x66, 0x56, 0x66, 0x66, 0x77, 
	0x77, 0x88, 0x88, 0x64, 0x45, 0x67, 0x88, 0x8A, 0xBB, 0xCD, 0xDE, 0xDD, 0xCC, 0xCE, 0xEE, 
	0xD9, 0x65, 0x56, 0x56, 0x66, 0x77, 0x77, 0x87, 0x76, 0x66, 0x56, 0x79, 0xDF, 0xFF, 0xFD, 
	0xAA, 0xBA, 0x98, 0x88, 0x87, 0x77, 0x77, 0x77, 0x66, 0x66, 0x66, 0x66, 0x66, 0x55, 0x56, 
	0x66, 0x66, 0x66, 0x65, 0x54, 0x8B, 0xCB, 0x99, 0x9A, 0xAB, 0xA8, 0x89, 0xAA, 0xA9, 0x88, 
	0x9A, 0xAA, 0xBC, 0xCC, 0xB9, 0xAB, 0xDD, 0xB7, 0x56, 0x56, 0x76, 0x66, 0x66, 0x77, 0x77, 
	0x89, 0xAA, 0xAA, 0x88, 0x76, 0x66, 0x66, 0x88, 0x87, 0x78, 0x99, 0x99, 0x9B, 0xCC, 0xBA, 
	0x87, 0x77, 0x99, 0xBC, 0xDD, 0xCC, 0xDD, 0xDC, 0xBB, 0xBC, 0xDD, 0xDC, 0xA9, 0x9B, 0xDD, 
	0xCA, 0x75, 0x67, 0x88, 0x9B, 0xCC, 0xBB, 0xBB, 0xBB, 0xBB, 0xBB, 0xBB, 0xBB, 0xBB, 0xBB, 
	0xBB, 0xBB, 0xBB, 0xBB, 0xBB, 0xBB, 0xBB, 0xBB, 0xBB, 0xBB, 0xBB, 0xBB, 0xBB, 0xBB, 0xBB, 
	0xBB, 0xBB, 0xBB, 0xBB, 0xBB, 0xBB, 0xBB, 0xBB, 0xBB, 0xBB, 0xBA, 0xAA, 0xAA, 0xAA, 0xA0, 
	0x0A, 0xAA, 0xAA, 0xAA, 0xAA, 0xAA, 0xAA, 0xAA, 0xAA, 0xAB, 0xBB, 0xBB, 0xBB, 0xBB, 0xBB, 
	0xBB, 0xBB, 0xBB, 0xBB, 0xBB, 0xBB, 0xBB, 0xBB, 0xBC, 0xCC, 0xCC, 0xBB, 0xCC, 0xBC, 0xCC, 
	0xCC, 0xCC, 0xCC, 0xCC, 0xCC, 0xCC, 0xCC, 0xCC, 0xCC, 0xCB, 0xBB, 0xBB, 0xBB, 0xBB, 0xBB, 
	0xCC, 0xCC, 0xCC, 0xCC, 0xCC, 0xCC, 0xCC, 0xCC, 0xBC, 0xCC, 0xCC, 0xCC, 0xCC, 0xDD, 0xDD, 
	0xDD, 0xCC, 0xCC, 0xCC, 0xCC, 0xCD, 0xDD, 0xDD, 0xDD, 0xDC, 0xBA, 0xAA, 0xCC, 0xDD, 0xDD, 
	0xDD, 0xDD, 0xDD, 0xDD, 0xDD, 0xDD, 0xDD, 0xDD, 0xCB, 0xCD, 0xDD, 0xDD, 0xDD, 0xDD, 0xDD, 
	0xDD, 0xCB, 0xBB, 0xBC, 0xCC, 0xCC, 0xB9, 0x77, 0x97, 0x79, 0xAB, 0xDD, 0xDD, 0xDD, 0xDD, 
	0xCC, 0xBB, 0xCC, 0xDD, 0xDD, 0xDC, 0xBA, 0x98, 0x78, 0x77, 0x88, 0x88, 0x88, 0x88, 0x77, 
	0x88, 0x88, 0x88, 0x77, 0x77, 0x76, 0x65, 0x57, 0x65, 0x44, 0x34, 0x43, 0x44, 0x33, 0x34, 
	0x44, 0x44, 0x45, 0x78, 0x75, 0x55, 0x56, 0x67, 0x66, 0x66, 0x66, 0x67, 0x88, 0x87, 0x67, 
	0x8A, 0xBB, 0xBB, 0xA7, 0x56, 0x76, 0x66, 0x7A, 0xCC, 0xDE, 0xEE, 0xDD, 0xCA, 0xAC, 0xDD, 
	0xC8, 0x65, 0x55, 0x56, 0x67, 0x77, 0x77, 0x87, 0x76, 0x66, 0x66, 0x69, 0xBF, 0xFF, 0xFD, 
	0xA9, 0xA9, 0x98, 0x88, 0x87, 0x66, 0x66, 0x66, 0x66, 0x66, 0x66, 0x66, 0x66, 0x55, 0x55, 
	0x66, 0x66, 0x66, 0x65, 0x44, 0x6A, 0xBB, 0xAA, 0xAA, 0x99, 0x86, 0x78, 0x9A, 0xBB, 0xB9, 
	0x9A, 0xBA, 0xBB, 0xCB, 0xCC, 0xBA, 0x9A, 0x76, 0x67, 0x77, 0x66, 0x76, 0x66, 0x77, 0x77, 
	0x89, 0xAA, 0x98, 0x76, 0x54, 0x45, 0x55, 0x78, 0x87, 0x78, 0x98, 0x88, 0x8A, 0xBC, 0xCA, 
	0xA9, 0x87, 0x77, 0x89, 0xAA, 0xAA, 0xDD, 0xCB, 0xA9, 0xAB, 0xCC, 0xCB, 0xA9, 0x9B, 0xDD, 
	0xDB, 0x86, 0x67, 0x88, 0x9A, 0xBB, 0xBB, 0xBB, 0xBB, 0xBB, 0xBB, 0xBB, 0xBB, 0xBB, 0xBB, 
	0xBB, 0xBB, 0xBB, 0xBB, 0xBB, 0xBB, 0xBB, 0xBB, 0xBB, 0xBB, 0xBB, 0xBB, 0xBB, 0xBB, 0xBB, 
	0xBB, 0xBB, 0xBB, 0xBB, 0xBB, 0xBB, 0xBB, 0xBB, 0xBB, 0xBB, 0xAA, 0xAA, 0xAA, 0xAA, 0xA0, 
	0x0A, 0xAA, 0xAA, 0xAA, 0xAA, 0xAA, 0xAA, 0xAA, 0xAA, 0xAB, 0xBB, 0xBB, 0xBB, 0xBB, 0xBB, 
	0xBB, 0xBB, 0xBB, 0xBB, 0xBB, 0xBB, 0xBB, 0xBB, 0xBC, 0xCB, 0xCC, 0xBB, 0xCC, 0xBC, 0xCC, 
	0xCC, 0xCC, 0xCC, 0xCC, 0xCC, 0xCC, 0xCC, 0xCC, 0xCC, 0xCB, 0xBB, 0xBB, 0xBB, 0xBB, 0xBB, 
	0xCC, 0xCC, 0xCC, 0xCC, 0xCC, 0xCC, 0xCC, 0xCC, 0xBC, 0xCC, 0xCC, 0xCC, 0xCC, 0xDD, 0xDD, 
	0xDD, 0xDC, 0xCC, 0xCC, 0xCC, 0xCD, 0xDD, 0xDD, 0xDD, 0xDC, 0xBA, 0xAA, 0xCC, 0xDD, 0xDD, 
	0xDD, 0xDD, 0xDD, 0xDD, 0xDD, 0xDD, 0xDD, 0xDD, 0xCB, 0xCD, 0xDD, 0xDD, 0xDD, 0xDD, 0xDD, 
	0xDD, 0xCC, 0xBA, 0xBB, 0xBB, 0xBB, 0xB8, 0x78, 0x87, 0x78, 0x8B, 0xDD, 0xDE, 0xDD, 0xDD, 
	0xCA, 0xAA, 0xAB, 0xCD, 0xDD, 0xDD, 0xCA, 0x98, 0x78, 0x87, 0x88, 0x98, 0x88, 0x88, 0x77, 
	0x88, 0x88, 0x88, 0x77, 0x88, 0x77, 0x65, 0x65, 0x66, 0x54, 0x44, 0x44, 0x33, 0x44, 0x55, 
	0x65, 0x44, 0x45, 0x77, 0x75, 0x45, 0x57, 0x99, 0x77, 0x66, 0x67, 0x9B, 0xCC, 0xB9, 0x77, 
	0xAB, 0xCC, 0xCC, 0xCA, 0x87, 0x76, 0x55, 0x59, 0xCD, 0xDD, 0xDC, 0xA9, 0x87, 0x78, 0x98, 
	0x76, 0x65, 0x45, 0x55, 0x66, 0x78, 0x99, 0x88, 0x77, 0x77, 0x66, 0x79, 0x9C, 0xFF, 0xDB, 
	0x99, 0x88, 0x98, 0x88, 0x77, 0x66, 0x56, 0x66, 0x66, 0x66, 0x66, 0x66, 0x66, 0x55, 0x66, 
	0x66, 0x66, 0x66, 0x64, 0x44, 0x49, 0xBB, 0xAA, 0xAA, 0x98, 0x65, 0x67, 0x9A, 0xCC, 0xCA, 
	0xAB, 0xCB, 0xBB, 0xBD, 0xEE, 0xE9, 0x76, 0x67, 0x78, 0x88, 0x76, 0x66, 0x67, 0x76, 0x77, 
	0x89, 0x9A, 0xA9, 0x75, 0x44, 0x45, 0x55, 0x68, 0x87, 0x78, 0x88, 0x77, 0x8A, 0xBC, 0xCB, 
	0xBB, 0xA8, 0x75, 0x56, 0x77, 0x67, 0xBC, 0xCA, 0x99, 0x9A, 0xBB, 0xBA, 0x99, 0x9A, 0xCD, 
	0xDC, 0xA9, 0x99, 0x88, 0x88, 0x99, 0xAB, 0xBB, 0xBB, 0xBB, 0xBB, 0xBB, 0xBB, 0xBB, 0xBB, 
	0xBB, 0xBB, 0xBB, 0xBB, 0xBB, 0xBB, 0xBB, 0xBB, 0xBB, 0xBB, 0xBB, 0xBB, 0xBB, 0xBB, 0xBB, 
	0xBB, 0xBB, 0xBB, 0xBB, 0xBB, 0xBB, 0xBB, 0xBB, 0xBB, 0xBB, 0xAA, 0xAA, 0xAA, 0xAA, 0xA0, 
	0x0A, 0xAA, 0xAA, 0xAA, 0xAA, 0xAA, 0xAA, 0xAA, 0xAA, 0xBB, 0xBB, 0xBB, 0xBB, 0xBB, 0xBB, 
	0xBB, 0xBB, 0xBB, 0xBB, 0xBB, 0xBB, 0xBB, 0xBB, 0xBC, 0xCC, 0xBB, 0xBB, 0xCC, 0xCC, 0xCC, 
	0xCC, 0xCC, 0xCC, 0xCC, 0xCC, 0xCC, 0xCC, 0xCC, 0xCC, 0xCB, 0xBB, 0xBB, 0xBB, 0xBB, 0xBB, 
	0xBC, 0xCC, 0xCC, 0xCC, 0xCC, 0xCC, 0xCC, 0xCC, 0xCC, 0xCC, 0xCC, 0xCC, 0xCC, 0xDD, 0xDD, 
	0xDD, 0xCC, 0xCC, 0xCC, 0xCC, 0xCD, 0xDD, 0xDD, 0xDD, 0xDC, 0xBA, 0x9A, 0xBC, 0xDD, 0xDD, 
	0xDD, 0xDD, 0xDD, 0xDD, 0xDD, 0xDD, 0xDD, 0xDD, 0xCC, 0xCD, 0xDD, 0xDD, 0xDD, 0xDD, 0xDD, 
	0xDD, 0xDC, 0xBA, 0xAB, 0xCC, 0xCB, 0xA9, 0x88, 0x87, 0x66, 0x7B, 0xCD, 0xDD, 0xED, 0xDD, 
	0xBA, 0x99, 0x9A, 0xBC, 0xDD, 0xDD, 0xCA, 0x88, 0x88, 0x88, 0x89, 0x88, 0x88, 0x88, 0x87, 
	0x87, 0x88, 0x88, 0x88, 0x88, 0x87, 0x76, 0x55, 0x66, 0x55, 0x55, 0x44, 0x44, 0x55, 0x55, 
	0x54, 0x34, 0x44, 0x67, 0x64, 0x44, 0x59, 0xBB, 0x99, 0x89, 0x9A, 0xBD, 0xDD, 0xDB, 0x98, 
	0xBB, 0xCC, 0xCC, 0xCC, 0xCA, 0x86, 0x54, 0x57, 0xBC, 0xBA, 0x88, 0x88, 0x87, 0x66, 0x55, 
	0x56, 0x65, 0x45, 0x55, 0x66, 0x89, 0x99, 0x98, 0x87, 0x77, 0x77, 0x88, 0x89, 0xAB, 0xA9, 
	0x99, 0x78, 0x88, 0x88, 0x77, 0x66, 0x55, 0x66, 0x66, 0x66, 0x66, 0x67, 0x77, 0x66, 0x77, 
	0x76, 0x65, 0x55, 0x54, 0x44, 0x46, 0xBC, 0xBA, 0xA9, 0x86, 0x55, 0x56, 0x79, 0xAC, 0xCB, 
	0xBB, 0xCB, 0xAB, 0xCD, 0xEF, 0xE9, 0x55, 0x68, 0x88, 0x88, 0x77, 0x66, 0x66, 0x77, 0x77, 
	0x78, 0x9B, 0xBA, 0x76, 0x44, 0x55, 0x66, 0x66, 0x77, 0x89, 0x88, 0x78, 0x9A, 0xCC, 0xCC, 
	0xCC, 0xB9, 0x75, 0x66, 0x65, 0x45, 0x8B, 0xB9, 0x88, 0x99, 0xAA, 0x99, 0x99, 0x9A, 0xBD, 
	0xCC, 0xBA, 0xAA, 0x98, 0x87, 0x66, 0x8A, 0xBB, 0xBB, 0xBB, 0xBB, 0xBB, 0xBB, 0xBB, 0xBB, 
	0xBB, 0xBB, 0xBB, 0xBB, 0xBB, 0xBB, 0xBB, 0xBB, 0xBB, 0xBB, 0xBB, 0xAA, 0xAA, 0xAB, 0xBB, 
	0xBB, 0xBB, 0xBB, 0xBB, 0xBB, 0xBB, 0xBB, 0xBB, 0xBB, 0xBB, 0xBA, 0xBB, 0xAA, 0xAA, 0xB0, 
	0x0A, 0xAA, 0xAA, 0xAA, 0xAA, 0xAA, 0xAA, 0xAA, 0xAA, 0xAB, 0xBB, 0xBB, 0xBB, 0xBB, 0xBB, 
	0xCC, 0xBB, 0xBB, 0xBB, 0xBB, 0xBB, 0xBB, 0xBB, 0xBC, 0xCC, 0xBC, 0xCB, 0xCC, 0xCC, 0xCC, 
	0xBC, 0xCC, 0xCC, 0xCC, 0xCC, 0xCC, 0xCC, 0xCC, 0xCC, 0xCC, 0xBB, 0xBB, 0xBB, 0xBB, 0xBB, 
	0xCC, 0xCC, 0xCC, 0xCC, 0xCC, 0xCC, 0xCC, 0xCC, 0xCC, 0xCC, 0xCC, 0xCC, 0xCC, 0xDD, 0xDD, 
	0xDD, 0xDC, 0xCC, 0xCC, 0xCC, 0xCD, 0xDD, 0xDD, 0xDD, 0xDC, 0xBA, 0x9A, 0xBC, 0xDD, 0xDD, 
	0xDD, 0xDD, 0xDD, 0xDD, 0xDD, 0xDD, 0xDD, 0xDD, 0xCC, 0xCD, 0xDD, 0xDD, 0xDD, 0xDD, 0xDD, 
	0xDD, 0xDC, 0xBA, 0xAB, 0xCC, 0xCB, 0xA9, 0x88, 0x76, 0x66, 0x7A, 0xDD, 0xDD, 0xDD, 0xDC, 
	0xBA, 0x99, 0x99, 0xAB, 0xCC, 0xDD, 0xCA, 0xBB, 0xBA, 0xAB, 0xAB, 0xBA, 0x99, 0x88, 0x88, 
	0x87, 0x77, 0x89, 0x98, 0x88, 0x88, 0x87, 0x66, 0x66, 0x56, 0x77, 0x65, 0x55, 0x44, 0x44, 
	0x44, 0x43, 0x44, 0x45, 0x55, 0x54, 0x6A, 0xCC, 0xBB, 0xBC, 0xBB, 0xCD, 0xDD, 0xDC, 0xBA, 
	0xAC, 0xCC, 0xCC, 0xCD, 0xCC, 0x96, 0x55, 0x57, 0x99, 0x87, 0x88, 0x88, 0x87, 0x66, 0x55, 
	0x55, 0x55, 0x55, 0x55, 0x56, 0x78, 0x99, 0x98, 0x88, 0x87, 0x77, 0x88, 0x88, 0x88, 0x89, 
	0x98, 0x88, 0x87, 0x78, 0x87, 0x66, 0x66, 0x66, 0x66, 0x66, 0x66, 0x77, 0x88, 0x77, 0x88, 
	0x87, 0x65, 0x54, 0x44, 0x44, 0x44, 0xBD, 0xCB, 0x98, 0x75, 0x55, 0x56, 0x67, 0x89, 0xAA, 
	0xBB, 0xCB, 0xAA, 0xBC, 0xDE, 0xC7, 0x55, 0x78, 0x88, 0x87, 0x77, 0x66, 0x77, 0x77, 0x77, 
	0x89, 0xBD, 0xDA, 0x87, 0x54, 0x45, 0x66, 0x56, 0x77, 0x89, 0x99, 0x89, 0x9B, 0xCC, 0xCC, 
	0xCC, 0xB9, 0x77, 0x87, 0x54, 0x44, 0x67, 0x88, 0x88, 0x99, 0x99, 0x88, 0x99, 0x9A, 0xBC, 
	0xCC, 0xBB, 0xBA, 0x99, 0x98, 0x65, 0x69, 0xBB, 0xBA, 0xAB, 0xBB, 0xBB, 0xBB, 0xBB, 0xBB, 
	0xBB, 0xBB, 0xBB, 0xBB, 0xBB, 0xBB, 0xBB, 0xBB, 0xBB, 0xBB, 0xBB, 0xA8, 0x89, 0xAA, 0xAA, 
	0xAA, 0xAA, 0xBB, 0xBB, 0xBB, 0xBB, 0xBB, 0xBB, 0xBB, 0xBB, 0xAA, 0xAA, 0xAA, 0xAA, 0xA0, 
	0x0A, 0xAA, 0xAA, 0xAA, 0xAA, 0xAA, 0xAA, 0xAA, 0xAA, 0xAB, 0xBB, 0xBB, 0xBB, 0xBB, 0xBB, 
	0xBC, 0xBB, 0xBB, 0xBB, 0xBB, 0xBB, 0xBB, 0xBB, 0xBC, 0xCC, 0xBC, 0xCB, 0xCC, 0xCB, 0xCC, 
	0xBC, 0xCC, 0xCC, 0xCC, 0xCC, 0xCC, 0xCC, 0xCC, 0xCC, 0xCC, 0xBB, 0xBB, 0xBB, 0xBB, 0xBB, 
	0xCC, 0xCC, 0xCC, 0xCC, 0xCC, 0xCC, 0xCC, 0xCC, 0xCC, 0xCC, 0xCC, 0xCC, 0xCC, 0xDD, 0xDD, 
	0xDD, 0xDC, 0xCC, 0xCC, 0xCC, 0xCD, 0xDD, 0xDD, 0xDD, 0xDC, 0xBA, 0x9A, 0xBC, 0xDD, 0xDD, 
	0xDD, 0xDD, 0xDD, 0xDD, 0xDD, 0xDD, 0xDD, 0xDD, 0xDC, 0xCD, 0xDD, 0xDD, 0xDD, 0xDD, 0xDD, 
	0xDD, 0xCC, 0xBA, 0xAB, 0xCC, 0xCB, 0xB9, 0x87, 0x76, 0x66, 0x7A, 0xCD, 0xDD, 0xDD, 0xDC, 
	0xBA, 0x98, 0x99, 0xAB, 0xBC, 0xDC, 0xBB, 0xA9, 0x98, 0x9A, 0x99, 0xAA, 0xAB, 0xAA, 0xAA, 
	0xA8, 0x77, 0x99, 0x99, 0x88, 0x88, 0x88, 0x77, 0x65, 0x56, 0x77, 0x65, 0x44, 0x44, 0x44, 
	0x65, 0x53, 0x44, 0x44, 0x56, 0x55, 0x69, 0xBB, 0xAB, 0xCC, 0xCB, 0xBB, 0xCC, 0xCD, 0xCC, 
	0xAA, 0xBA, 0xAB, 0xCD, 0xDC, 0xA8, 0x66, 0x78, 0x88, 0x77, 0x88, 0x88, 0x77, 0x65, 0x55, 
	0x55, 0x55, 0x55, 0x55, 0x66, 0x78, 0x89, 0x88, 0x88, 0x87, 0x77, 0x88, 0x87, 0x88, 0x99, 
	0x98, 0x78, 0x88, 0x88, 0x87, 0x77, 0x77, 0x77, 0x77, 0x66, 0x66, 0x77, 0x88, 0x77, 0x88, 
	0x88, 0x76, 0x54, 0x44, 0x44, 0x44, 0x7C, 0xB8, 0x86, 0x54, 0x55, 0x55, 0x66, 0x67, 0x78, 
	0x89, 0x9A, 0x99, 0x89, 0xA9, 0x87, 0x56, 0x77, 0x87, 0x77, 0x77, 0x67, 0x77, 0x77, 0x88, 
	0x8A, 0xDF, 0xFD, 0xA7, 0x65, 0x44, 0x55, 0x55, 0x67, 0x88, 0x98, 0x99, 0xAB, 0xCC, 0xCC, 
	0xCB, 0xA9, 0x86, 0x88, 0x65, 0x67, 0x65, 0x78, 0x88, 0x99, 0x98, 0x88, 0x99, 0xAB, 0xBA, 
	0xAB, 0xBB, 0xA9, 0x88, 0xAB, 0x96, 0x57, 0x9A, 0xA8, 0x89, 0xAB, 0xBB, 0xBB, 0xBB, 0xBB, 
	0xBB, 0xBB, 0xBB, 0xBB, 0xBB, 0xBB, 0xBB, 0xBB, 0xBA, 0xAA, 0xAA, 0x97, 0x78, 0x99, 0x99, 
	0x99, 0xAA, 0xBB, 0xBB, 0xBB, 0xBB, 0xBB, 0xBB, 0xBA, 0xAA, 0xBB, 0xAA, 0xAA, 0xAA, 0xA0, 
	0x0A, 0xAA, 0xAA, 0xAA, 0xAA, 0xAA, 0xAA, 0xAA, 0xAA, 0xAB, 0xBB, 0xBB, 0xBB, 0xBB, 0xBB, 
	0xBB, 0xBB, 0xBB, 0xBB, 0xBB, 0xBB, 0xBB, 0xBB, 0xBB, 0xCC, 0xCC, 0xCB, 0xCC, 0xBB, 0xCC, 
	0xCC, 0xCC, 0xCC, 0xCC, 0xCC, 0xCC, 0xCC, 0xCC, 0xCC, 0xCC, 0xBB, 0xBB, 0xBB, 0xBB, 0xBB, 
	0xCC, 0xCC, 0xCC, 0xCC, 0xCC, 0xCC, 0xCC, 0xCC, 0xCC, 0xCC, 0xCC, 0xCC, 0xCC, 0xCD, 0xDD, 
	0xDD, 0xDC, 0xCC, 0xCC, 0xCC, 0xCD, 0xDD, 0xDD, 0xDD, 0xDC, 0xBA, 0x9A, 0xBC, 0xDD, 0xDD, 
	0xDD, 0xDD, 0xDD, 0xDD, 0xDD, 0xDD, 0xDD, 0xDD, 0xDC, 0xCC, 0xDD, 0xDD, 0xDD, 0xDD, 0xDD, 
	0xDD, 0xCB, 0xBB, 0xAA, 0xBC, 0xBB, 0xA9, 0x77, 0x66, 0x65, 0x7A, 0xCD, 0xDD, 0xDD, 0xCB, 
	0xA9, 0x99, 0x98, 0xBB, 0xBB, 0x99, 0x99, 0x88, 0x87, 0x89, 0x87, 0x89, 0x89, 0x9A, 0xAB, 
	0xBB, 0xBA, 0xAA, 0xAA, 0x99, 0x98, 0x88, 0x87, 0x65, 0x56, 0x77, 0x53, 0x34, 0x43, 0x34, 
	0x77, 0x63, 0x45, 0x55, 0x56, 0x77, 0x78, 0x99, 0x9A, 0xBB, 0xBA, 0xAB, 0xBC, 0xDE, 0xDC, 
	0xBA, 0xBA, 0xAB, 0xCC, 0xCB, 0x98, 0x88, 0x89, 0x98, 0x88, 0x88, 0x88, 0x77, 0x65, 0x56, 
	0x66, 0x66, 0x66, 0x66, 0x66, 0x77, 0x78, 0x88, 0x88, 0x87, 0x78, 0x88, 0x78, 0x89, 0x99, 
	0x97, 0x77, 0x88, 0x88, 0x88, 0x88, 0x88, 0x88, 0x77, 0x66, 0x66, 0x77, 0x78, 0x77, 0x88, 
	0x98, 0x77, 0x64, 0x44, 0x44, 0x44, 0x46, 0x77, 0x63, 0x44, 0x55, 0x66, 0x66, 0x66, 0x66, 
	0x66, 0x78, 0x88, 0x77, 0x89, 0x97, 0x77, 0x77, 0x77, 0x67, 0x77, 0x77, 0x77, 0x78, 0x89, 
	0x9C, 0xFF, 0xFF, 0xC8, 0x65, 0x44, 0x44, 0x55, 0x56, 0x67, 0x77, 0x89, 0xAB, 0xCC, 0xCC, 
	0xBA, 0x99, 0x85, 0x68, 0x76, 0x78, 0x65, 0x67, 0x88, 0x89, 0x98, 0x88, 0x9A, 0xAA, 0xBA, 
	0x88, 0x99, 0xAA, 0x99, 0xBC, 0xB8, 0x66, 0x78, 0x87, 0x67, 0x89, 0xAB, 0xBB, 0xBB, 0xBB, 
	0xAA, 0xAA, 0xAA, 0xAA, 0xAA, 0xAA, 0xAA, 0xAA, 0xAA, 0x99, 0x99, 0x76, 0x67, 0x78, 0x77, 
	0x78, 0x9A, 0xAA, 0xBB, 0xBB, 0xBB, 0xBB, 0xBB, 0xBA, 0xAA, 0xBB, 0xAA, 0xAA, 0xBA, 0xB0, 
	0x0A, 0xAA, 0xAA, 0xAA, 0xAA, 0xAA, 0xAA, 0xAA, 0xAA, 0xAB, 0xBB, 0xBB, 0xBB, 0xBB, 0xBB, 
	0xBB, 0xBB, 0xBB, 0xCB, 0xBB, 0xBB, 0xBB, 0xBB, 0xBB, 0xCC, 0xCC, 0xCB, 0xCB, 0xBB, 0xCC, 
	0xCC, 0xCB, 0xCC, 0xCC, 0xCC, 0xCC, 0xCC, 0xCC, 0xCC, 0xCC, 0xBB, 0xBB, 0xBB, 0xBB, 0xBB, 
	0xBC, 0xCC, 0xCC, 0xCC, 0xCC, 0xCC, 0xCC, 0xCC, 0xCC, 0xCC, 0xCC, 0xCC, 0xCC, 0xCD, 0xDD, 
	0xDD, 0xDC, 0xCC, 0xCC, 0xCC, 0xCD, 0xDD, 0xDD, 0xDD, 0xDC, 0xBA, 0x9A, 0xBC, 0xDD, 0xDD, 
	0xDD, 0xDD, 0xDD, 0xDD, 0xDD, 0xDD, 0xDD, 0xDD, 0xCB, 0xBC, 0xCD, 0xDD, 0xDD, 0xDD, 0xDD, 
	0xDD, 0xCB, 0xBA, 0xAA, 0xAA, 0xAA, 0xA9, 0x77, 0x65, 0x56, 0x69, 0xBC, 0xCC, 0xCB, 0xBB, 
	0xA9, 0x99, 0xAA, 0xBA, 0xA8, 0x78, 0x88, 0x87, 0x78, 0x88, 0x88, 0x78, 0x88, 0x88, 0x89, 
	0x99, 0xAB, 0xCB, 0xAA, 0xAA, 0x98, 0x78, 0x88, 0x66, 0x77, 0x64, 0x44, 0x44, 0x44, 0x44, 
	0x67, 0x64, 0x56, 0x66, 0x67, 0x88, 0x87, 0x77, 0x88, 0x89, 0x99, 0xBC, 0xDD, 0xEE, 0xEC, 
	0xBB, 0xBC, 0xCC, 0xDC, 0xB9, 0x88, 0x88, 0x88, 0x88, 0x88, 0x88, 0x77, 0x77, 0x66, 0x67, 
	0x78, 0x77, 0x78, 0x77, 0x77, 0x77, 0x78, 0x89, 0x99, 0x88, 0x88, 0x88, 0x78, 0x99, 0xAA, 
	0x97, 0x77, 0x78, 0x88, 0x89, 0x98, 0x88, 0x88, 0x87, 0x66, 0x67, 0x77, 0x77, 0x77, 0x88, 
	0x88, 0x77, 0x65, 0x43, 0x34, 0x44, 0x44, 0x44, 0x44, 0x44, 0x56, 0x67, 0x66, 0x66, 0x65, 
	0x55, 0x67, 0x77, 0x77, 0x89, 0x88, 0x88, 0x87, 0x76, 0x67, 0x77, 0x77, 0x77, 0x78, 0x89, 
	0xAE, 0xFF, 0xFF, 0xD9, 0x76, 0x44, 0x44, 0x44, 0x55, 0x66, 0x66, 0x78, 0x9B, 0xCC, 0xBB, 
	0xAA, 0x98, 0x75, 0x46, 0x66, 0x66, 0x64, 0x57, 0x89, 0x98, 0x88, 0x88, 0x9A, 0xAA, 0x98, 
	0x76, 0x88, 0xBB, 0xAA, 0xDC, 0xB8, 0x77, 0x66, 0x66, 0x55, 0x68, 0xAA, 0xAA, 0xAA, 0xAA, 
	0xAA, 0xAA, 0xAA, 0xAA, 0xAA, 0xAA, 0xAA, 0xAA, 0xA9, 0x87, 0x77, 0x66, 0x66, 0x66, 0x66, 
	0x67, 0x89, 0xAA, 0xAA, 0xAA, 0xAA, 0xBB, 0xBB, 0xBA, 0xAA, 0xAA, 0xAA, 0xAA, 0xAA, 0xA0, 
	0x0A, 0xAA, 0xAA, 0xAA, 0xAA, 0xAA, 0xAA, 0xAA, 0xAA, 0xAA, 0xBB, 0xBB, 0xBB, 0xBB, 0xBB, 
	0xBB, 0xBB, 0xBB, 0xCB, 0xBB, 0xBB, 0xBB, 0xBB, 0xBC, 0xCC, 0xCC, 0xCB, 0xCB, 0xBB, 0xCC, 
	0xBC, 0xCC, 0xCC, 0xCC, 0xCC, 0xCC, 0xCC, 0xCC, 0xCC, 0xCC, 0xBB, 0xBB, 0xBB, 0xBB, 0xBB, 
	0xBC, 0xCC, 0xCC, 0xCC, 0xCC, 0xCC, 0xCC, 0xCC, 0xCC, 0xCC, 0xCC, 0xCC, 0xCC, 0xDD, 0xDD, 
	0xDD, 0xDC, 0xCC, 0xCC, 0xCC, 0xCD, 0xDD, 0xDD, 0xDD, 0xDC, 0xBA, 0x9A, 0xBC, 0xDD, 0xDD, 
	0xDD, 0xDD, 0xDD, 0xDD, 0xDD, 0xDD, 0xDD, 0xDD, 0xCB, 0xAB, 0xCC, 0xCC, 0xCC, 0xCC, 0xCD, 
	0xDD, 0xDC, 0xBA, 0xAA, 0xAA, 0xAA, 0xA9, 0x77, 0x66, 0x55, 0x69, 0xBB, 0xBB, 0xAA, 0xAA, 
	0x99, 0xAB, 0xAA, 0x99, 0x86, 0x78, 0x88, 0x98, 0x88, 0x88, 0x88, 0x98, 0x88, 0x88, 0x99, 
	0x88, 0x88, 0x9A, 0xBC, 0xAA, 0x98, 0x88, 0x88, 0x76, 0x66, 0x54, 0x44, 0x34, 0x57, 0x65, 
	0x45, 0x44, 0x78, 0x75, 0x67, 0x88, 0x87, 0x88, 0x88, 0x88, 0x89, 0xBD, 0xDD, 0xEE, 0xDA, 
	0xAB, 0xCC, 0xDD, 0xDC, 0x97, 0x77, 0x77, 0x77, 0x78, 0x77, 0x87, 0x78, 0x87, 0x77, 0x77, 
	0x88, 0x87, 0x89, 0x99, 0x98, 0x87, 0x78, 0x89, 0x9A, 0x98, 0x88, 0x88, 0x78, 0x99, 0xA9, 
	0x97, 0x66, 0x88, 0x88, 0x89, 0x99, 0x99, 0x88, 0x87, 0x66, 0x67, 0x77, 0x77, 0x78, 0x88, 
	0x87, 0x77, 0x65, 0x44, 0x45, 0x55, 0x55, 0x54, 0x43, 0x34, 0x58, 0x89, 0x86, 0x66, 0x66, 
	0x66, 0x77, 0x77, 0x77, 0x78, 0x88, 0x99, 0x87, 0x66, 0x66, 0x67, 0x77, 0x77, 0x77, 0x89, 
	0xAE, 0xFF, 0xFF, 0xDA, 0x76, 0x44, 0x44, 0x44, 0x55, 0x66, 0x65, 0x66, 0x8A, 0xBB, 0xBA, 
	0x99, 0x98, 0x65, 0x44, 0x55, 0x44, 0x43, 0x46, 0xAA, 0x98, 0x88, 0x89, 0xAA, 0xBA, 0x87, 
	0x76, 0x78, 0xAB, 0xAB, 0xCC, 0x97, 0x87, 0x66, 0x65, 0x55, 0x68, 0x9A, 0xAA, 0xAA, 0xA9, 
	0x99, 0x99, 0x99, 0x99, 0x99, 0x99, 0x99, 0x99, 0x99, 0x75, 0x55, 0x56, 0x65, 0x55, 0x55, 
	0x56, 0x89, 0xAA, 0xAA, 0xAA, 0xAA, 0xAA, 0xAA, 0xAA, 0xAA, 0xAA, 0xBA, 0xAA, 0xAA, 0xA0, 
	0x0A, 0xAA, 0xAA, 0xAA, 0xAA, 0xAA, 0xAA, 0xAA, 0xAA, 0xAA, 0xBB, 0xBB, 0xBB, 0xBB, 0xBB, 
	0xBB, 0xBB, 0xBB, 0xBB, 0xBB, 0xBB, 0xBB, 0xBB, 0xBB, 0xCC, 0xCC, 0xCB, 0xCB, 0xBB, 0xCC, 
	0xBB, 0xCC, 0xCC, 0xCC, 0xCC, 0xCC, 0xCC, 0xCC, 0xCC, 0xCC, 0xBB, 0xBB, 0xBB, 0xBB, 0xBB, 
	0xBC, 0xCC, 0xCC, 0xCC, 0xCC, 0xCC, 0xCC, 0xCC, 0xCC, 0xCC, 0xCC, 0xCC, 0xCC, 0xDD, 0xDD, 
	0xDD, 0xDC, 0xCC, 0xCC, 0xCC, 0xCD, 0xDD, 0xDD, 0xDD, 0xDD, 0xCA, 0xAA, 0xBC, 0xDD, 0xDD, 
	0xDD, 0xDD, 0xDD, 0xDD, 0xDD, 0xDD, 0xDD, 0xDC, 0xB9, 0x89, 0xAB, 0xBB, 0xBB, 0xAB, 0xCD, 
	0xDD, 0xDC, 0xBA, 0x99, 0x99, 0x9A, 0xAA, 0x88, 0x76, 0x55, 0x68, 0xAA, 0x99, 0x89, 0x9A, 
	0xBB, 0xAA, 0x98, 0x77, 0x66, 0x89, 0x88, 0x78, 0x98, 0x89, 0x98, 0x98, 0x88, 0x88, 0x98, 
	0x98, 0x88, 0x89, 0x9B, 0xCB, 0xA8, 0x78, 0x99, 0x75, 0x66, 0x54, 0x44, 0x45, 0x78, 0x75, 
	0x43, 0x46, 0x9A, 0x74, 0x56, 0x78, 0x88, 0x88, 0x99, 0x99, 0x88, 0xAC, 0xCC, 0xCC, 0x97, 
	0x9B, 0xCC, 0xCC, 0xCA, 0x76, 0x77, 0x77, 0x77, 0x77, 0x77, 0x78, 0x88, 0x88, 0x87, 0x78, 
	0x99, 0x88, 0x9A, 0xCB, 0xA9, 0x87, 0x89, 0x99, 0x9A, 0x99, 0x98, 0x87, 0x67, 0x89, 0x99, 
	0x87, 0x66, 0x78, 0x88, 0x88, 0x88, 0x88, 0x88, 0x77, 0x66, 0x77, 0x77, 0x78, 0x88, 0x88, 
	0x86, 0x66, 0x65, 0x44, 0x56, 0x76, 0x66, 0x55, 0x44, 0x34, 0x6A, 0xAB, 0x97, 0x66, 0x65, 
	0x66, 0x77, 0x77, 0x67, 0x77, 0x79, 0xAB, 0xA8, 0x66, 0x66, 0x77, 0x77, 0x77, 0x77, 0x79, 
	0xAC, 0xFF, 0xFF, 0xCA, 0x86, 0x54, 0x44, 0x44, 0x45, 0x55, 0x55, 0x66, 0x78, 0x9A, 0x99, 
	0x98, 0x87, 0x54, 0x44, 0x44, 0x44, 0x45, 0x68, 0xBC, 0xB8, 0x78, 0x89, 0xAA, 0xA9, 0x9A, 
	0xA7, 0x66, 0x89, 0x9A, 0xBB, 0x87, 0x87, 0x65, 0x55, 0x55, 0x68, 0x99, 0x99, 0x99, 0x99, 
	0x99, 0x99, 0x99, 0x99, 0x99, 0x99, 0x99, 0x99, 0x98, 0x65, 0x44, 0x55, 0x54, 0x44, 0x44, 
	0x45, 0x67, 0x89, 0xAA, 0xAA, 0xAA, 0xAA, 0xAA, 0xAA, 0xAA, 0xAA, 0xAA, 0xAA, 0xAA, 0xA0, 
	0x0A, 0xAA, 0xAA, 0xAA, 0xAA, 0xA9, 0xAA, 0xAA, 0xAA, 0xAA, 0xBB, 0xBB, 0xBB, 0xBB, 0xBB, 
	0xBB, 0xBB, 0xBB, 0xBB, 0xBB, 0xBB, 0xBB, 0xBB, 0xBB, 0xCC, 0xBC, 0xCB, 0xCC, 0xBB, 0xCC, 
	0xCC, 0xCB, 0xCC, 0xCC, 0xCC, 0xCC, 0xCC, 0xCC, 0xCC, 0xCC, 0xBB, 0xBB, 0xBB, 0xBB, 0xBB, 
	0xBC, 0xCC, 0xCC, 0xCC, 0xCC, 0xCC, 0xCC, 0xCC, 0xCC, 0xCC, 0xCC, 0xCC, 0xCC, 0xCD, 0xDD, 
	0xDD, 0xDC, 0xCC, 0xCC, 0xCC, 0xCD, 0xDD, 0xDD, 0xDD, 0xDD, 0xCA, 0xAA, 0xAC, 0xDD, 0xDD, 
	0xDD, 0xDD, 0xDD, 0xDD, 0xDD, 0xDD, 0xDC, 0xBA, 0x86, 0x77, 0x89, 0x9A, 0xAA, 0xAB, 0xDE, 
	0xFE, 0xDC, 0xAA, 0x99, 0x9A, 0xAA, 0xAA, 0x98, 0x76, 0x55, 0x68, 0x99, 0x88, 0x89, 0xAB, 
	0xB9, 0x87, 0x77, 0x66, 0x78, 0x87, 0x78, 0x87, 0x78, 0x87, 0x89, 0x98, 0x99, 0x98, 0x98, 
	0x88, 0x88, 0x89, 0x99, 0x9A, 0xBA, 0x89, 0x97, 0x65, 0x55, 0x54, 0x44, 0x45, 0x77, 0x75, 
	0x44, 0x46, 0x99, 0x63, 0x45, 0x77, 0x88, 0x89, 0x99, 0x99, 0x88, 0x89, 0x98, 0x87, 0x66, 
	0x79, 0xAB, 0xBB, 0x97, 0x67, 0x77, 0x88, 0x77, 0x77, 0x77, 0x78, 0x88, 0x89, 0x87, 0x78, 
	0x99, 0x99, 0x9A, 0xBB, 0xB9, 0x88, 0xAC, 0xCA, 0x89, 0xAA, 0xA9, 0x87, 0x66, 0x89, 0x99, 
	0x88, 0x77, 0x78, 0x88, 0x88, 0x88, 0x88, 0x88, 0x87, 0x67, 0x77, 0x77, 0x78, 0x77, 0x88, 
	0x76, 0x66, 0x55, 0x55, 0x57, 0x87, 0x76, 0x65, 0x54, 0x45, 0x68, 0xAA, 0x87, 0x76, 0x65, 
	0x66, 0x77, 0x77, 0x66, 0x67, 0x8A, 0xBB, 0xA8, 0x66, 0x67, 0x77, 0x77, 0x77, 0x77, 0x78, 
	0x9B, 0xDE, 0xED, 0xB9, 0x87, 0x55, 0x44, 0x44, 0x44, 0x55, 0x55, 0x66, 0x66, 0x78, 0x87, 
	0x88, 0x86, 0x55, 0x55, 0x55, 0x55, 0x67, 0x78, 0xBC, 0xC9, 0x88, 0x89, 0x9A, 0x99, 0xAB, 
	0xA9, 0x65, 0x56, 0x78, 0xAA, 0x76, 0x66, 0x65, 0x55, 0x55, 0x68, 0x99, 0x99, 0x99, 0x99, 
	0x99, 0x99, 0x99, 0x99, 0x99, 0x99, 0x99, 0x99, 0x86, 0x54, 0x44, 0x55, 0x54, 0x44, 0x44, 
	0x44, 0x45, 0x78, 0x99, 0x99, 0x99, 0x99, 0x99, 0xAA, 0xAA, 0xAA, 0xAA, 0xAA, 0xAA, 0xA0, 
	0x0A, 0xAA, 0xAA, 0xAA, 0xAA, 0xA9, 0xAA, 0xAA, 0xAA, 0xAA, 0xBB, 0xBB, 0xBB, 0xBB, 0xBB, 
	0xBC, 0xBB, 0xBB, 0xBB, 0xBB, 0xBB, 0xBB, 0xBB, 0xBB, 0xCC, 0xCC, 0xCB, 0xBB, 0xBB, 0xCC, 
	0xCC, 0xCC, 0xCC, 0xCC, 0xCC, 0xCC, 0xCC, 0xCC, 0xCC, 0xCC, 0xBB, 0xBB, 0xBB, 0xBB, 0xBB, 
	0xBC, 0xCC, 0xCC, 0xCC, 0xCC, 0xCC, 0xCC, 0xCC, 0xCC, 0xCC, 0xCC, 0xCC, 0xCC, 0xDD, 0xDD, 
	0xDD, 0xDC, 0xCC, 0xCC, 0xCC, 0xCD, 0xDD, 0xDD, 0xDD, 0xDD, 0xCB, 0xAA, 0xAC, 0xDD, 0xDD, 
	0xDD, 0xDD, 0xDD, 0xDD, 0xDD, 0xDC, 0xCB, 0x96, 0x68, 0x87, 0x78, 0x88, 0x89, 0x9C, 0xFF, 
	0xFF, 0xDC, 0xBA, 0x99, 0x99, 0x9A, 0xA9, 0x98, 0x65, 0x66, 0x68, 0x99, 0x88, 0x9B, 0xB9, 
	0x87, 0x65, 0x66, 0x65, 0x65, 0x56, 0x66, 0x76, 0x77, 0x77, 0x88, 0x89, 0x89, 0x99, 0x99, 
	0x98, 0x88, 0x88, 0x99, 0x88, 0x9B, 0xCA, 0x88, 0x64, 0x45, 0x44, 0x44, 0x45, 0x66, 0x55, 
	0x54, 0x44, 0x65, 0x34, 0x45, 0x67, 0x78, 0x99, 0x99, 0x99, 0x88, 0x77, 0x77, 0x77, 0x77, 
	0x67, 0x88, 0x87, 0x66, 0x66, 0x77, 0x88, 0x87, 0x77, 0x77, 0x88, 0x88, 0x89, 0x88, 0x89, 
	0x99, 0xAA, 0xAA, 0xBB, 0xA9, 0x98, 0xBC, 0xDC, 0x99, 0xAB, 0xB9, 0x76, 0x66, 0x78, 0x88, 
	0x88, 0x77, 0x78, 0x88, 0x99, 0x88, 0x77, 0x88, 0x87, 0x77, 0x77, 0x78, 0x88, 0x78, 0x88, 
	0x86, 0x66, 0x55, 0x56, 0x67, 0x88, 0x77, 0x76, 0x55, 0x56, 0x67, 0x88, 0x87, 0x76, 0x67, 
	0x77, 0x77, 0x77, 0x76, 0x66, 0x89, 0xAB, 0xA8, 0x77, 0x77, 0x78, 0x77, 0x78, 0x87, 0x88, 
	0x9A, 0xBB, 0xBB, 0xA9, 0x87, 0x65, 0x44, 0x44, 0x44, 0x55, 0x54, 0x56, 0x66, 0x77, 0x66, 
	0x77, 0x76, 0x66, 0x65, 0x55, 0x57, 0x78, 0x89, 0xAC, 0xBA, 0x99, 0xAA, 0xA9, 0xAA, 0xAB, 
	0xB9, 0x65, 0x55, 0x69, 0x97, 0x66, 0x55, 0x55, 0x55, 0x67, 0x78, 0x99, 0x99, 0x99, 0x99, 
	0x99, 0x99, 0x99, 0x99, 0x99, 0x99, 0x99, 0x88, 0x75, 0x43, 0x44, 0x54, 0x44, 0x33, 0x45, 
	0x56, 0x66, 0x68, 0x99, 0x99, 0x99, 0x99, 0x99, 0x99, 0x99, 0x99, 0x99, 0x9A, 0xAA, 0x90, 
	0x0A, 0xAA, 0xAA, 0xAA, 0xAB, 0xA9, 0xAA, 0xAA, 0xAA, 0xAA, 0xBB, 0xBB, 0xBB, 0xBB, 0xBB, 
	0xBB, 0xBB, 0xBB, 0xCC, 0xBB, 0xBB, 0xBB, 0xBB, 0xBB, 0xCC, 0xCC, 0xCB, 0xBB, 0xBB, 0xCC, 
	0xCC, 0xCC, 0xCC, 0xCC, 0xCC, 0xCC, 0xCC, 0xCC, 0xCC, 0xCC, 0xBB, 0xBB, 0xBB, 0xBB, 0xBB, 
	0xBC, 0xCC, 0xCC, 0xCC, 0xCC, 0xCC, 0xCC, 0xCC, 0xCC, 0xCC, 0xCC, 0xCC, 0xCC, 0xDD, 0xDD, 
	0xDD, 0xDD, 0xCC, 0xCC, 0xCD, 0xDD, 0xDD, 0xDD, 0xDD, 0xDD, 0xCB, 0xAA, 0xAC, 0xDD, 0xDD, 
	0xDD, 0xDD, 0xDD, 0xDD, 0xDC, 0xCB, 0x97, 0x66, 0x68, 0x87, 0x77, 0x78, 0x88, 0x9C, 0xFF, 
	0xFF, 0xDB, 0xAA, 0xA9, 0x99, 0x99, 0x9A, 0x87, 0x66, 0x56, 0x67, 0x88, 0x9B, 0xB9, 0x76, 
	0x55, 0x54, 0x56, 0x55, 0x65, 0x55, 0x55, 0x45, 0x66, 0x66, 0x77, 0x77, 0x77, 0x89, 0x88, 
	0x89, 0x88, 0x98, 0x98, 0x98, 0x99, 0x9A, 0xAA, 0x85, 0x45, 0x44, 0x45, 0x76, 0x55, 0x55, 
	0x55, 0x45, 0x43, 0x44, 0x45, 0x67, 0x77, 0x88, 0x99, 0x98, 0x88, 0x77, 0x77, 0x78, 0x99, 
	0x87, 0x77, 0x76, 0x66, 0x66, 0x78, 0x88, 0x77, 0x77, 0x78, 0x88, 0x88, 0x89, 0x99, 0x99, 
	0x99, 0xAA, 0x99, 0x9A, 0xAA, 0x99, 0xAD, 0xFE, 0xC8, 0xAC, 0xCB, 0x87, 0x66, 0x78, 0x88, 
	0x88, 0x78, 0x88, 0x88, 0x99, 0x88, 0x78, 0x88, 0x87, 0x77, 0x77, 0x78, 0x88, 0x89, 0x99, 
	0x87, 0x66, 0x55, 0x56, 0x77, 0x88, 0x87, 0x77, 0x66, 0x56, 0x67, 0x88, 0x87, 0x77, 0x78, 
	0x87, 0x77, 0x77, 0x76, 0x66, 0x78, 0x99, 0x98, 0x88, 0x77, 0x87, 0x77, 0x88, 0x88, 0x88, 
	0x99, 0xAA, 0xAA, 0x98, 0x77, 0x65, 0x44, 0x44, 0x44, 0x55, 0x44, 0x55, 0x56, 0x66, 0x55, 
	0x56, 0x66, 0x55, 0x66, 0x55, 0x57, 0x9A, 0xAC, 0xCC, 0xBA, 0x98, 0x9A, 0xAA, 0xBA, 0xAA, 
	0x97, 0x76, 0x54, 0x68, 0x87, 0x55, 0x55, 0x55, 0x55, 0x77, 0x89, 0x99, 0x99, 0x99, 0x99, 
	0x99, 0x99, 0x99, 0x99, 0x99, 0x99, 0x99, 0x86, 0x55, 0x44, 0x44, 0x54, 0x44, 0x33, 0x44, 
	0x57, 0x77, 0x78, 0x99, 0x99, 0x99, 0x99, 0x99, 0x99, 0x99, 0x99, 0x99, 0x99, 0x99, 0x90, 
	0x0A, 0xAA, 0xAA, 0xAA, 0xAA, 0xAA, 0xAA, 0xAA, 0xAA, 0xAA, 0xBB, 0xBB, 0xBB, 0xBB, 0xBB, 
	0xBB, 0xBB, 0xBB, 0xBC, 0xBB, 0xBB, 0xBB, 0xBB, 0xBB, 0xCC, 0xCC, 0xCB, 0xBB, 0xCB, 0xCC, 
	0xCC, 0xCC, 0xCC, 0xCC, 0xCC, 0xCC, 0xCC, 0xCC, 0xCC, 0xCC, 0xBB, 0xBB, 0xBB, 0xBB, 0xBB, 
	0xBC, 0xCC, 0xCC, 0xCC, 0xCC, 0xCC, 0xCC, 0xCC, 0xCC, 0xCC, 0xCC, 0xCC, 0xCC, 0xDD, 0xDD, 
	0xDD, 0xDD, 0xCC, 0xCC, 0xCC, 0xDD, 0xDD, 0xDD, 0xDD, 0xDD, 0xCB, 0xAA, 0xAC, 0xCD, 0xDD, 
	0xDD, 0xDD, 0xDD, 0xDD, 0xCB, 0xA8, 0x66, 0x65, 0x57, 0x77, 0x77, 0x77, 0x88, 0x8B, 0xFF, 
	0xFF, 0xDA, 0xAA, 0xA9, 0x99, 0x99, 0x98, 0x77, 0x78, 0x77, 0x68, 0x9A, 0xBA, 0x86, 0x55, 
	0x55, 0x54, 0x54, 0x45, 0x65, 0x55, 0x55, 0x44, 0x55, 0x55, 0x75, 0x67, 0x66, 0x78, 0x77, 
	0x78, 0x87, 0x88, 0x88, 0x99, 0x98, 0x89, 0x99, 0xBB, 0x98, 0x87, 0x56, 0x77, 0x65, 0x55, 
	0x55, 0x54, 0x34, 0x44, 0x56, 0x77, 0x76, 0x67, 0x88, 0x88, 0x88, 0x77, 0x78, 0x89, 0xAA, 
	0x97, 0x77, 0x66, 0x66, 0x66, 0x78, 0x87, 0x77, 0x77, 0x88, 0x99, 0x98, 0x89, 0x99, 0x9A, 
	0xAA, 0xA9, 0x99, 0x99, 0x99, 0xA9, 0x9E, 0xEF, 0xE9, 0xAC, 0xBB, 0x87, 0x77, 0x88, 0x99, 
	0x88, 0x89, 0x99, 0x88, 0x99, 0x88, 0x88, 0x99, 0x88, 0x77, 0x77, 0x88, 0x88, 0x99, 0xA9, 
	0x87, 0x76, 0x65, 0x67, 0x87, 0x88, 0x88, 0x77, 0x66, 0x67, 0x77, 0x88, 0x87, 0x77, 0x78, 
	0x98, 0x76, 0x67, 0x77, 0x66, 0x77, 0x88, 0x88, 0x98, 0x77, 0x77, 0x77, 0x88, 0x99, 0x89, 
	0x99, 0xA9, 0x99, 0x87, 0x76, 0x65, 0x44, 0x44, 0x44, 0x44, 0x44, 0x55, 0x56, 0x65, 0x44, 
	0x45, 0x55, 0x55, 0x65, 0x55, 0x67, 0xAB, 0xBD, 0xDC, 0xBA, 0x87, 0x8A, 0xBB, 0xBC, 0xCA, 
	0x85, 0x66, 0x55, 0x57, 0x76, 0x55, 0x55, 0x56, 0x65, 0x78, 0x99, 0x99, 0x99, 0x99, 0x99, 
	0x99, 0x99, 0x99, 0x99, 0x99, 0x99, 0x98, 0x76, 0x55, 0x45, 0x55, 0x55, 0x55, 0x43, 0x34, 
	0x46, 0x77, 0x88, 0x89, 0x99, 0x99, 0x99, 0x99, 0x99, 0x99, 0x99, 0x99, 0x99, 0x99, 0x90, 
	0x0A, 0xAA, 0xAA, 0xAA, 0xAA, 0xAA, 0xAA, 0xAA, 0xAA, 0xAA, 0xBB, 0xBB, 0xBB, 0xBB, 0xCB, 
	0xBB, 0xCB, 0xBB, 0xBB, 0xBB, 0xBB, 0xBB, 0xBB, 0xBB, 0xCC, 0xCC, 0xCC, 0xBB, 0xCC, 0xCC, 
	0xCC, 0xCC, 0xCC, 0xCC, 0xCC, 0xCC, 0xCC, 0xCC, 0xCC, 0xCC, 0xCB, 0xBB, 0xBB, 0xBB, 0xBB, 
	0xCC, 0xCC, 0xCC, 0xCC, 0xCC, 0xCC, 0xCC, 0xCC, 0xCC, 0xCC, 0xCC, 0xCC, 0xCC, 0xDD, 0xDD, 
	0xDD, 0xDD, 0xCC, 0xCC, 0xCC, 0xCD, 0xDD, 0xDD, 0xDD, 0xDD, 0xCB, 0xAA, 0xAB, 0xCD, 0xDD, 
	0xDD, 0xDD, 0xDD, 0xDC, 0xB8, 0x65, 0x55, 0x55, 0x56, 0x66, 0x66, 0x66, 0x78, 0x99, 0xDE, 
	0xED, 0xCA, 0x9A, 0xA9, 0x99, 0x99, 0x98, 0x88, 0x89, 0x98, 0x8B, 0xB9, 0x87, 0x65, 0x55, 
	0x54, 0x45, 0x54, 0x34, 0x55, 0x54, 0x44, 0x55, 0x44, 0x45, 0x75, 0x67, 0x66, 0x77, 0x77, 
	0x67, 0x78, 0x87, 0x89, 0x98, 0x88, 0x88, 0x88, 0x9A, 0xBA, 0xBB, 0xA9, 0x87, 0x65, 0x56, 
	0x55, 0x44, 0x45, 0x56, 0x77, 0x78, 0x77, 0x77, 0x77, 0x78, 0x77, 0x77, 0x78, 0x9A, 0xAA, 
	0x97, 0x77, 0x66, 0x66, 0x77, 0x77, 0x77, 0x77, 0x78, 0x89, 0x99, 0x99, 0x99, 0x99, 0x9A, 
	0xAA, 0xAA, 0x99, 0x99, 0x99, 0x99, 0x9D, 0xFF, 0xCA, 0x9B, 0xBB, 0x98, 0x88, 0x89, 0x99, 
	0x88, 0x88, 0x99, 0x99, 0x99, 0x98, 0x99, 0x98, 0x88, 0x77, 0x78, 0x88, 0x88, 0x99, 0xA9, 
	0x87, 0x76, 0x66, 0x78, 0x87, 0x88, 0x88, 0x77, 0x67, 0x78, 0x77, 0x88, 0x88, 0x77, 0x78, 
	0x88, 0x76, 0x67, 0x77, 0x77, 0x77, 0x78, 0x88, 0x99, 0x77, 0x77, 0x78, 0x89, 0x99, 0x88, 
	0x99, 0x99, 0x99, 0x98, 0x76, 0x65, 0x44, 0x44, 0x44, 0x44, 0x45, 0x55, 0x67, 0x65, 0x44, 
	0x44, 0x45, 0x55, 0x55, 0x55, 0x68, 0x9B, 0xCC, 0xDC, 0xB9, 0x64, 0x69, 0xBB, 0xBB, 0xCB, 
	0x96, 0x67, 0x66, 0x66, 0x66, 0x55, 0x55, 0x67, 0x66, 0x78, 0x99, 0x99, 0x99, 0x99, 0x99, 
	0x99, 0x99, 0x99, 0x99, 0x99, 0x88, 0x88, 0x75, 0x55, 0x45, 0x54, 0x55, 0x55, 0x43, 0x34, 
	0x44, 0x56, 0x77, 0x88, 0x88, 0x99, 0x99, 0x99, 0x99, 0x99, 0x99, 0x99, 0x99, 0x99, 0x90, 
	0x0A, 0xAA, 0xAA, 0xAA, 0xAA, 0xAA, 0x9A, 0xAA, 0xAA, 0xAA, 0xBB, 0xBB, 0xBB, 0xBB, 0xBB, 
	0xBB, 0xCB, 0xBB, 0xBB, 0xBB, 0xBB, 0xBB, 0xBB, 0xBB, 0xBC, 0xCC, 0xCC, 0xBC, 0xCC, 0xCC, 
	0xCC, 0xCC, 0xCC, 0xCC, 0xCC, 0xCC, 0xCC, 0xCC, 0xCC, 0xCC, 0xCB, 0xBB, 0xBB, 0xBB, 0xBB, 
	0xCC, 0xCC, 0xCC, 0xCC, 0xCC, 0xCC, 0xCC, 0xCC, 0xCC, 0xCC, 0xCC, 0xCC, 0xCC, 0xDD, 0xDD, 
	0xDD, 0xDD, 0xCC, 0xCC, 0xCC, 0xDD, 0xDD, 0xDD, 0xDD, 0xDD, 0xCB, 0xAA, 0xAB, 0xCD, 0xDD, 
	0xDD, 0xDD, 0xDD, 0xCA, 0x75, 0x55, 0x55, 0x55, 0x66, 0x66, 0x66, 0x66, 0x66, 0x89, 0xAA, 
	0xBB, 0xAA, 0x99, 0xA9, 0x89, 0x99, 0x88, 0x87, 0x9B, 0xBB, 0xBA, 0x86, 0x66, 0x54, 0x55, 
	0x44, 0x44, 0x54, 0x34, 0x55, 0x54, 0x45, 0x54, 0x45, 0x54, 0x65, 0x66, 0x56, 0x76, 0x66, 
	0x66, 0x67, 0x77, 0x88, 0x88, 0x89, 0x98, 0x88, 0x78, 0x99, 0x99, 0x9A, 0xAA, 0x87, 0x77, 
	0x65, 0x44, 0x45, 0x57, 0x77, 0x67, 0x77, 0x77, 0x77, 0x78, 0x77, 0x77, 0x79, 0x9A, 0xAA, 
	0x87, 0x66, 0x66, 0x67, 0x77, 0x77, 0x77, 0x77, 0x78, 0x88, 0x88, 0x99, 0x98, 0x88, 0x89, 
	0xAA, 0xA9, 0x99, 0x99, 0x99, 0x99, 0x9B, 0xDD, 0xBB, 0x9A, 0xBA, 0x98, 0x88, 0x89, 0x99, 
	0x88, 0x9A, 0xBA, 0x99, 0x99, 0x88, 0x99, 0x98, 0x88, 0x88, 0x88, 0x89, 0x99, 0x99, 0x99, 
	0x87, 0x66, 0x77, 0x88, 0x88, 0x99, 0x98, 0x87, 0x77, 0x88, 0x88, 0x99, 0x88, 0x77, 0x88, 
	0x87, 0x76, 0x67, 0x77, 0x77, 0x77, 0x77, 0x88, 0x99, 0x87, 0x77, 0x88, 0x98, 0x88, 0x99, 
	0x99, 0x99, 0x99, 0x99, 0x76, 0x65, 0x44, 0x44, 0x44, 0x44, 0x45, 0x56, 0x77, 0x64, 0x44, 
	0x54, 0x44, 0x55, 0x55, 0x55, 0x78, 0x9B, 0xCC, 0xCB, 0xA9, 0x76, 0x78, 0xAB, 0xCC, 0xCB, 
	0x96, 0x68, 0x77, 0x76, 0x66, 0x55, 0x65, 0x67, 0x77, 0x78, 0x99, 0x99, 0x99, 0x99, 0x99, 
	0x99, 0x99, 0x99, 0x99, 0x88, 0x87, 0x77, 0x65, 0x55, 0x44, 0x54, 0x56, 0x65, 0x54, 0x44, 
	0x44, 0x44, 0x66, 0x66, 0x78, 0x88, 0x99, 0x99, 0x99, 0x99, 0x99, 0x99, 0x99, 0x99, 0x90, 
	0x0A, 0xAA, 0xAA, 0xAA, 0xAA, 0xAA, 0xAA, 0xAA, 0xAA, 0xAA, 0xBB, 0xBB, 0xBB, 0xBB, 0xBB, 
	0xBB, 0xBB, 0xBB, 0xBB, 0xBB, 0xBB, 0xBB, 0xBB, 0xBB, 0xBC, 0xCC, 0xCC, 0xCC, 0xCC, 0xCC, 
	0xCC, 0xCC, 0xCC, 0xCC, 0xCC, 0xCC, 0xCC, 0xCC, 0xCC, 0xCC, 0xCB, 0xBB, 0xBB, 0xBB, 0xBB, 
	0xCC, 0xCC, 0xCC, 0xCC, 0xCC, 0xCC, 0xCC, 0xCC, 0xCC, 0xCC, 0xCC, 0xCC, 0xCC, 0xDD, 0xDD, 
	0xDD, 0xDD, 0xCC, 0xCC, 0xCC, 0xDD, 0xDD, 0xDD, 0xDD, 0xDD, 0xCB, 0xAA, 0xAB, 0xCD, 0xDD, 
	0xDD, 0xDD, 0xDC, 0xA7, 0x55, 0x55, 0x56, 0x65, 0x56, 0x66, 0x66, 0x66, 0x66, 0x67, 0x88, 
	0x89, 0x9A, 0x99, 0x99, 0x88, 0x99, 0x98, 0x89, 0xBB, 0xA9, 0x76, 0x55, 0x55, 0x65, 0x56, 
	0x54, 0x44, 0x44, 0x35, 0x56, 0x55, 0x55, 0x54, 0x54, 0x44, 0x65, 0x76, 0x57, 0x65, 0x66, 
	0x66, 0x77, 0x78, 0x77, 0x77, 0x88, 0x88, 0x78, 0x88, 0x89, 0x99, 0x77, 0x89, 0xA9, 0x76, 
	0x66, 0x54, 0x45, 0x45, 0x55, 0x67, 0x77, 0x87, 0x77, 0x88, 0x88, 0x77, 0x78, 0x99, 0x88, 
	0x76, 0x66, 0x67, 0x78, 0x88, 0x88, 0x77, 0x77, 0x77, 0x88, 0x87, 0x89, 0x98, 0x78, 0x88, 
	0x88, 0x99, 0x99, 0x89, 0x99, 0x99, 0x99, 0x9A, 0xBA, 0xAA, 0xAA, 0x98, 0x77, 0x89, 0x99, 
	0x88, 0x9B, 0xCA, 0x99, 0x99, 0x88, 0x99, 0x98, 0x88, 0x88, 0x99, 0x99, 0x99, 0x99, 0xA9, 
	0x87, 0x66, 0x78, 0x98, 0x88, 0x99, 0x98, 0x88, 0x78, 0x99, 0x99, 0xAA, 0x87, 0x78, 0x89, 
	0x98, 0x76, 0x66, 0x77, 0x77, 0x77, 0x77, 0x88, 0x88, 0x88, 0x78, 0x89, 0x98, 0x78, 0x99, 
	0x99, 0x99, 0xAA, 0xAA, 0x87, 0x65, 0x55, 0x44, 0x44, 0x44, 0x55, 0x56, 0x77, 0x54, 0x44, 
	0x44, 0x44, 0x45, 0x56, 0x55, 0x69, 0xAC, 0xCC, 0xCC, 0xA9, 0x9A, 0xBB, 0xBC, 0xEE, 0xCA, 
	0x87, 0x78, 0x88, 0x76, 0x65, 0x55, 0x65, 0x67, 0x66, 0x67, 0x88, 0x89, 0x99, 0x99, 0x99, 
	0x99, 0x99, 0x99, 0x98, 0x87, 0x77, 0x66, 0x66, 0x65, 0x44, 0x43, 0x46, 0x65, 0x54, 0x44, 
	0x44, 0x44, 0x56, 0x54, 0x56, 0x67, 0x88, 0x99, 0x99, 0x99, 0x99, 0x99, 0x99, 0x99, 0x90, 
	0x0A, 0xAA, 0xAA, 0xAA, 0xAA, 0xAA, 0xAA, 0xAA, 0xAA, 0xAA, 0xAB, 0xBB, 0xBB, 0xBB, 0xBB, 
	0xBB, 0xCB, 0xBB, 0xBB, 0xBB, 0xBB, 0xBB, 0xBB, 0xBB, 0xBC, 0xCC, 0xCC, 0xCC, 0xCC, 0xCC, 
	0xCC, 0xCC, 0xCC, 0xCC, 0xCC, 0xCC, 0xCC, 0xCC, 0xCC, 0xCC, 0xCB, 0xBB, 0xBB, 0xBB, 0xBB, 
	0xCC, 0xCC, 0xCC, 0xCC, 0xCC, 0xCC, 0xCC, 0xCC, 0xCC, 0xCC, 0xCC, 0xCC, 0xCC, 0xDD, 0xDD, 
	0xDD, 0xDD, 0xCC, 0xCC, 0xCC, 0xDD, 0xDD, 0xDD, 0xDD, 0xDD, 0xCB, 0xAA, 0xAB, 0xCD, 0xDD, 
	0xDD, 0xDD, 0xDB, 0x75, 0x55, 0x55, 0x55, 0x55, 0x55, 0x56, 0x66, 0x66, 0x66, 0x76, 0x77, 
	0x87, 0x89, 0x99, 0x99, 0x98, 0x99, 0x99, 0xAB, 0x97, 0x65, 0x65, 0x55, 0x65, 0x66, 0x66, 
	0x54, 0x45, 0x55, 0x45, 0x66, 0x66, 0x66, 0x66, 0x65, 0x44, 0x65, 0x75, 0x57, 0x55, 0x66, 
	0x67, 0x77, 0x76, 0x66, 0x77, 0x77, 0x88, 0x88, 0x98, 0x88, 0x89, 0x98, 0x87, 0x79, 0xA8, 
	0x75, 0x56, 0x65, 0x43, 0x33, 0x57, 0x88, 0x87, 0x78, 0x89, 0x88, 0x77, 0x77, 0x87, 0x76, 
	0x65, 0x66, 0x67, 0x78, 0x88, 0x88, 0x87, 0x77, 0x77, 0x88, 0x77, 0x78, 0x88, 0x77, 0x87, 
	0x77, 0x78, 0x88, 0x88, 0x99, 0x99, 0x99, 0x99, 0xA9, 0xAA, 0xAA, 0x98, 0x78, 0x89, 0x99, 
	0x88, 0x9B, 0xCB, 0xA9, 0xA9, 0x99, 0x99, 0x98, 0x88, 0x88, 0x99, 0x99, 0x9A, 0xAA, 0xA9, 
	0x86, 0x67, 0x89, 0x99, 0x89, 0x99, 0x99, 0x88, 0x88, 0x9A, 0x9A, 0xAA, 0x87, 0x88, 0x9A, 
	0xA9, 0x87, 0x66, 0x66, 0x66, 0x77, 0x77, 0x88, 0x89, 0x99, 0x88, 0x89, 0x98, 0x77, 0x89, 
	0x99, 0x99, 0xAA, 0xBB, 0xA8, 0x66, 0x55, 0x44, 0x44, 0x44, 0x55, 0x56, 0x76, 0x65, 0x54, 
	0x44, 0x44, 0x44, 0x56, 0x65, 0x69, 0xAC, 0xCD, 0xDC, 0xBA, 0xBC, 0xDD, 0xDD, 0xEE, 0xDA, 
	0x88, 0x89, 0x87, 0x76, 0x65, 0x66, 0x66, 0x67, 0x66, 0x67, 0x87, 0x78, 0x88, 0x88, 0x88, 
	0x99, 0x88, 0x99, 0x88, 0x76, 0x66, 0x77, 0x76, 0x55, 0x44, 0x43, 0x46, 0x65, 0x44, 0x44, 
	0x44, 0x44, 0x56, 0x53, 0x34, 0x45, 0x77, 0x88, 0x89, 0x99, 0x99, 0x99, 0x99, 0x99, 0x90, 
	0x0A, 0xAA, 0xAA, 0xAA, 0xAA, 0xAA, 0x9A, 0xAA, 0xAA, 0xAA, 0xAB, 0xBB, 0xBB, 0xBB, 0xBB, 
	0xBB, 0xCB, 0xBB, 0xBB, 0xBB, 0xBB, 0xBB, 0xBB, 0xBB, 0xBC, 0xCC, 0xCC, 0xCC, 0xCC, 0xCC, 
	0xCC, 0xCC, 0xCC, 0xCC, 0xCC, 0xCC, 0xCC, 0xCC, 0xCC, 0xCC, 0xCB, 0xBB, 0xBB, 0xBB, 0xBB, 
	0xCC, 0xCC, 0xCC, 0xCC, 0xCC, 0xCC, 0xCC, 0xCC, 0xCC, 0xCC, 0xCC, 0xCC, 0xCC, 0xDD, 0xDD, 
	0xDD, 0xDD, 0xCC, 0xCC, 0xCC, 0xDD, 0xDD, 0xDD, 0xDD, 0xDD, 0xCB, 0xAA, 0xAB, 0xCD, 0xDD, 
	0xDD, 0xDD, 0xCA, 0x54, 0x54, 0x44, 0x44, 0x55, 0x55, 0x55, 0x55, 0x66, 0x55, 0x66, 0x77, 
	0x77, 0x78, 0x99, 0xA9, 0xA9, 0x99, 0xAA, 0xA8, 0x66, 0x55, 0x56, 0x65, 0x76, 0x77, 0x87, 
	0x66, 0x66, 0x66, 0x67, 0x88, 0x78, 0x88, 0x87, 0x76, 0x54, 0x55, 0x64, 0x57, 0x56, 0x55, 
	0x76, 0x76, 0x66, 0x67, 0x77, 0x88, 0x88, 0x88, 0x88, 0x88, 0x88, 0x89, 0x97, 0x67, 0x89, 
	0x98, 0x64, 0x56, 0x54, 0x44, 0x68, 0x98, 0x88, 0x88, 0x99, 0x87, 0x77, 0x77, 0x76, 0x66, 
	0x66, 0x66, 0x67, 0x78, 0x88, 0x88, 0x87, 0x78, 0x88, 0x88, 0x77, 0x78, 0x88, 0x88, 0x88, 
	0x77, 0x78, 0x88, 0x88, 0x99, 0x99, 0x99, 0x99, 0x9A, 0xAA, 0xAA, 0xA8, 0x89, 0xAA, 0xA9, 
	0x98, 0x9A, 0xAA, 0x9A, 0xAA, 0x99, 0x99, 0x98, 0x88, 0x88, 0x99, 0xA9, 0xAA, 0xAA, 0xA9, 
	0x86, 0x78, 0x99, 0x99, 0x89, 0x99, 0x99, 0x98, 0x88, 0x9A, 0x99, 0x99, 0x98, 0x88, 0x99, 
	0xA9, 0x86, 0x66, 0x66, 0x66, 0x77, 0x78, 0x88, 0x89, 0xA9, 0x88, 0x88, 0x88, 0x77, 0x89, 
	0x99, 0x9A, 0xAA, 0xBB, 0xBA, 0x76, 0x65, 0x55, 0x44, 0x45, 0x66, 0x67, 0x76, 0x66, 0x54, 
	0x44, 0x44, 0x45, 0x56, 0x65, 0x6A, 0xBC, 0xCC, 0xCC, 0xCB, 0xBD, 0xEE, 0xDC, 0xEE, 0xD9, 
	0x88, 0x88, 0x77, 0x66, 0x66, 0x66, 0x67, 0x77, 0x66, 0x66, 0x77, 0x67, 0x77, 0x77, 0x78, 
	0x88, 0x88, 0x88, 0x87, 0x65, 0x56, 0x67, 0x77, 0x64, 0x44, 0x44, 0x35, 0x54, 0x44, 0x44, 
	0x44, 0x44, 0x56, 0x53, 0x33, 0x34, 0x66, 0x67, 0x78, 0x89, 0x99, 0x99, 0x99, 0x99, 0x90, 
	0x0A, 0xAA, 0xAA, 0xAA, 0xAA, 0xAA, 0xAA, 0xAA, 0xAA, 0xAA, 0xAB, 0xBB, 0xBB, 0xBB, 0xBB, 
	0xBB, 0xCB, 0xBB, 0xBB, 0xBB, 0xBB, 0xBC, 0xBB, 0xBB, 0xBC, 0xCC, 0xCC, 0xCC, 0xCC, 0xCC, 
	0xCC, 0xCC, 0xCC, 0xCC, 0xCC, 0xCC, 0xCC, 0xCC, 0xCC, 0xCC, 0xCB, 0xBB, 0xBB, 0xBB, 0xBB, 
	0xCC, 0xCC, 0xCC, 0xCC, 0xCC, 0xCC, 0xCC, 0xCC, 0xCC, 0xCC, 0xCC, 0xCC, 0xCC, 0xDD, 0xDD, 
	0xDD, 0xDD, 0xCC, 0xCC, 0xCC, 0xDD, 0xDD, 0xDD, 0xDD, 0xDD, 0xDC, 0xAA, 0xAB, 0xCD, 0xDD, 
	0xDD, 0xDD, 0xC7, 0x43, 0x44, 0x44, 0x45, 0x55, 0x56, 0x55, 0x55, 0x55, 0x55, 0x55, 0x67, 
	0x78, 0x87, 0x9A, 0xAA, 0xBB, 0xAB, 0xA8, 0x67, 0x65, 0x66, 0x57, 0x67, 0x88, 0x88, 0x98, 
	0x88, 0x77, 0x78, 0x89, 0x99, 0x89, 0x99, 0x99, 0x98, 0x75, 0x66, 0x64, 0x64, 0x45, 0x47, 
	0x77, 0x65, 0x66, 0x77, 0x66, 0x77, 0x76, 0x77, 0x78, 0x87, 0x88, 0x88, 0x99, 0x75, 0x67, 
	0x89, 0xA7, 0x44, 0x56, 0x44, 0x58, 0x99, 0x99, 0x88, 0x88, 0x77, 0x77, 0x66, 0x66, 0x66, 
	0x66, 0x66, 0x66, 0x78, 0x87, 0x77, 0x77, 0x88, 0x87, 0x78, 0x87, 0x78, 0x88, 0x99, 0x99, 
	0x88, 0x88, 0x88, 0x88, 0x99, 0x99, 0x99, 0x99, 0x9A, 0xAA, 0xAB, 0xBA, 0xBC, 0xBB, 0xAA, 
	0x99, 0x99, 0xBB, 0xBB, 0xAA, 0xA9, 0x99, 0x99, 0x98, 0x88, 0x99, 0xA9, 0xAA, 0xAA, 0xA9, 
	0x87, 0x8A, 0xAA, 0xA9, 0xA9, 0xA9, 0x99, 0x99, 0x99, 0x99, 0x99, 0x88, 0x88, 0x99, 0x89, 
	0x98, 0x76, 0x67, 0x66, 0x67, 0x77, 0x79, 0x98, 0x99, 0x99, 0x88, 0x88, 0x88, 0x77, 0x88, 
	0x9A, 0xAA, 0xAB, 0xBB, 0xBB, 0x98, 0x66, 0x55, 0x55, 0x55, 0x66, 0x78, 0x88, 0x88, 0x75, 
	0x44, 0x55, 0x45, 0x66, 0x77, 0x8B, 0xCC, 0xCC, 0xBC, 0xDC, 0xAC, 0xDD, 0xDC, 0xAA, 0xA9, 
	0x89, 0x98, 0x77, 0x77, 0x77, 0x77, 0x77, 0x77, 0x76, 0x66, 0x66, 0x66, 0x66, 0x66, 0x66, 
	0x77, 0x77, 0x77, 0x66, 0x54, 0x56, 0x77, 0x76, 0x64, 0x44, 0x44, 0x43, 0x44, 0x45, 0x55, 
	0x44, 0x44, 0x46, 0x54, 0x33, 0x35, 0x66, 0x55, 0x56, 0x88, 0x99, 0x99, 0x99, 0x99, 0x90, 
	0x0A, 0xAA, 0xAA, 0xAA, 0xAA, 0xAA, 0x9A, 0xAA, 0xAA, 0xAA, 0xAB, 0xBB, 0xBB, 0xBB, 0xBB, 
	0xBB, 0xCB, 0xBB, 0xBB, 0xBB, 0xBB, 0xBC, 0xBB, 0xBB, 0xBC, 0xCC, 0xCC, 0xCC, 0xCC, 0xCC, 
	0xCC, 0xCC, 0xCC, 0xCC, 0xCC, 0xCC, 0xCC, 0xCC, 0xCC, 0xCC, 0xCC, 0xBB, 0xBB, 0xBB, 0xBB, 
	0xCC, 0xCC, 0xCC, 0xCC, 0xCC, 0xCC, 0xCC, 0xCC, 0xCC, 0xCC, 0xCC, 0xCC, 0xCC, 0xDD, 0xDD, 
	0xDD, 0xDD, 0xDC, 0xCC, 0xCC, 0xDD, 0xDD, 0xDD, 0xDD, 0xDD, 0xDC, 0xAA, 0xAB, 0xCD, 0xDD, 
	0xDD, 0xDD, 0xC7, 0x34, 0x44, 0x44, 0x44, 0x45, 0x77, 0x65, 0x56, 0x55, 0x55, 0x55, 0x66, 
	0x78, 0x89, 0x9A, 0xBA, 0xBC, 0xA9, 0x75, 0x57, 0x76, 0x77, 0x78, 0x78, 0x98, 0x99, 0x99, 
	0x89, 0x88, 0x88, 0x99, 0x99, 0x99, 0xA9, 0xAA, 0xAA, 0x98, 0x87, 0x64, 0x53, 0x44, 0x57, 
	0x76, 0x66, 0x66, 0x65, 0x56, 0x66, 0x77, 0x77, 0x77, 0x77, 0x87, 0x77, 0x89, 0x98, 0x75, 
	0x67, 0x8A, 0x75, 0x45, 0x66, 0x67, 0x99, 0x99, 0x98, 0x88, 0x77, 0x76, 0x66, 0x55, 0x66, 
	0x65, 0x55, 0x56, 0x78, 0x88, 0x87, 0x77, 0x77, 0x77, 0x78, 0x87, 0x78, 0x99, 0x99, 0xA9, 
	0x98, 0x89, 0x9A, 0xAA, 0xAA, 0x99, 0x99, 0x99, 0x9A, 0xAA, 0xBB, 0xCC, 0xDD, 0xCC, 0xBA, 
	0xA9, 0xAB, 0xCC, 0xBB, 0xAA, 0xA9, 0x99, 0x99, 0x99, 0x88, 0x99, 0xAA, 0xAA, 0xBB, 0xBA, 
	0x9A, 0xCD, 0xDC, 0xBB, 0xAA, 0xA9, 0x9A, 0xAA, 0x99, 0x99, 0x99, 0x88, 0x88, 0x89, 0x88, 
	0x76, 0x67, 0x77, 0x66, 0x67, 0x77, 0x89, 0x99, 0x9A, 0xA9, 0x99, 0x99, 0x88, 0x77, 0x78, 
	0x9A, 0xAA, 0xAA, 0xAB, 0xBB, 0xA9, 0x87, 0x76, 0x66, 0x77, 0x77, 0x88, 0x88, 0x99, 0x86, 
	0x55, 0x56, 0x66, 0x67, 0x78, 0x9B, 0xCC, 0xCB, 0xBC, 0xDC, 0xBB, 0xCC, 0xB9, 0x77, 0x88, 
	0x99, 0xA9, 0x87, 0x87, 0x77, 0x77, 0x77, 0x77, 0x76, 0x66, 0x66, 0x55, 0x65, 0x66, 0x66, 
	0x66, 0x66, 0x66, 0x54, 0x43, 0x45, 0x66, 0x66, 0x54, 0x44, 0x42, 0x33, 0x34, 0x55, 0x55, 
	0x54, 0x43, 0x46, 0x66, 0x54, 0x45, 0x66, 0x54, 0x45, 0x67, 0x99, 0x99, 0x99, 0x99, 0x90, 
	0x0A, 0xAA, 0xAA, 0xAA, 0xAA, 0xAA, 0x99, 0xAA, 0xAA, 0xAA, 0xAB, 0xBB, 0xBB, 0xBB, 0xBB, 
	0xBB, 0xCB, 0xBB, 0xBB, 0xBB, 0xBB, 0xBB, 0xBB, 0xBB, 0xBC, 0xCC, 0xCC, 0xCC, 0xCC, 0xCC, 
	0xCC, 0xCC, 0xCC, 0xCC, 0xCC, 0xCC, 0xCC, 0xCC, 0xCC, 0xCC, 0xCC, 0xBB, 0xBB, 0xBB, 0xBB, 
	0xCC, 0xCC, 0xCC, 0xCC, 0xCC, 0xCC, 0xCC, 0xCC, 0xCC, 0xCC, 0xCC, 0xCC, 0xCC, 0xDD, 0xDD, 
	0xDD, 0xDD, 0xDC, 0xCC, 0xCC, 0xCD, 0xDD, 0xDD, 0xDD, 0xDD, 0xDC, 0xAA, 0xAB, 0xCD, 0xDD, 
	0xDD, 0xDD, 0xC7, 0x34, 0x34, 0x44, 0x44, 0x46, 0x76, 0x65, 0x56, 0x65, 0x55, 0x55, 0x55, 
	0x68, 0x89, 0xAC, 0xDC, 0xB8, 0x77, 0x75, 0x57, 0x78, 0x89, 0x99, 0x89, 0x98, 0x99, 0x98, 
	0x88, 0x88, 0x88, 0x99, 0x99, 0x99, 0xA9, 0xAA, 0xAA, 0xA9, 0x98, 0x65, 0x53, 0x46, 0x78, 
	0x66, 0x66, 0x65, 0x55, 0x56, 0x56, 0x66, 0x66, 0x77, 0x77, 0x77, 0x77, 0x77, 0x89, 0x98, 
	0x65, 0x78, 0x98, 0x64, 0x45, 0x78, 0x99, 0x99, 0x88, 0x77, 0x77, 0x76, 0x55, 0x55, 0x66, 
	0x55, 0x55, 0x45, 0x78, 0x88, 0x87, 0x77, 0x77, 0x77, 0x88, 0x77, 0x78, 0x99, 0x99, 0x99, 
	0x98, 0x99, 0xAB, 0xBB, 0xBB, 0xA9, 0x99, 0x9A, 0xAA, 0xAA, 0xBB, 0xCC, 0xDD, 0xDD, 0xCB, 
	0xAA, 0xBC, 0xDC, 0xBA, 0xAB, 0xAA, 0xA9, 0x99, 0x99, 0x88, 0x89, 0xAA, 0xAA, 0xBB, 0xBA, 
	0xBD, 0xFF, 0xED, 0xCB, 0xBA, 0xA9, 0xAA, 0xAA, 0x98, 0x99, 0x98, 0x88, 0x88, 0x78, 0x78, 
	0x77, 0x77, 0x77, 0x66, 0x67, 0x88, 0x9A, 0x99, 0xAA, 0xAA, 0xAA, 0xA9, 0x98, 0x87, 0x78, 
	0x99, 0xAA, 0xAA, 0x9A, 0xAB, 0xBA, 0x98, 0x88, 0x78, 0x88, 0x88, 0x89, 0x99, 0x99, 0x87, 
	0x66, 0x67, 0x77, 0x77, 0x78, 0x9B, 0xBB, 0xBA, 0xAB, 0xCC, 0xA9, 0xAA, 0x87, 0x78, 0x88, 
	0x89, 0xA9, 0x88, 0x98, 0x88, 0x88, 0x88, 0x77, 0x77, 0x76, 0x66, 0x55, 0x65, 0x55, 0x66, 
	0x55, 0x55, 0x55, 0x44, 0x43, 0x34, 0x56, 0x55, 0x54, 0x44, 0x42, 0x34, 0x33, 0x56, 0x65, 
	0x44, 0x44, 0x45, 0x66, 0x64, 0x45, 0x56, 0x54, 0x44, 0x45, 0x79, 0x99, 0x99, 0x99, 0x90, 
	0x0A, 0xAA, 0xAA, 0xAA, 0xAA, 0xAA, 0xAA, 0xAA, 0xAA, 0xAA, 0xAB, 0xBB, 0xBB, 0xBB, 0xCC, 
	0xBB, 0xCC, 0xBB, 0xBC, 0xBB, 0xBB, 0xBB, 0xBB, 0xBB, 0xBC, 0xCC, 0xCC, 0xCC, 0xCC, 0xCC, 
	0xCC, 0xCC, 0xCC, 0xCC, 0xCC, 0xCC, 0xCC, 0xCC, 0xCC, 0xCC, 0xCC, 0xBB, 0xBB, 0xBB, 0xBB, 
	0xCC, 0xCC, 0xCC, 0xCC, 0xCC, 0xCC, 0xCC, 0xCC, 0xCC, 0xCC, 0xCC, 0xCC, 0xCC, 0xCD, 0xDD, 
	0xDD, 0xDD, 0xDC, 0xCC, 0xCC, 0xDD, 0xDD, 0xDD, 0xDD, 0xDD, 0xDC, 0xBA, 0xAB, 0xCD, 0xDD, 
	0xDD, 0xDD, 0xB7, 0x44, 0x44, 0x44, 0x45, 0x45, 0x66, 0x54, 0x56, 0x65, 0x55, 0x65, 0x56, 
	0x78, 0x77, 0xBD, 0xCA, 0x86, 0x57, 0x75, 0x46, 0x89, 0x99, 0x99, 0x98, 0x88, 0x88, 0x88, 
	0x88, 0x88, 0x88, 0x98, 0x99, 0x99, 0xAA, 0xAA, 0xAA, 0xAA, 0x99, 0x99, 0x76, 0x68, 0x88, 
	0x66, 0x66, 0x55, 0x55, 0x55, 0x56, 0x66, 0x66, 0x66, 0x77, 0x77, 0x77, 0x88, 0x78, 0x99, 
	0x87, 0x57, 0x78, 0x97, 0x55, 0x68, 0x99, 0x99, 0x88, 0x77, 0x88, 0x76, 0x55, 0x56, 0x66, 
	0x55, 0x55, 0x55, 0x67, 0x77, 0x77, 0x77, 0x77, 0x78, 0x88, 0x77, 0x78, 0x88, 0x99, 0x99, 
	0x99, 0x99, 0xAA, 0xBB, 0xBB, 0xBA, 0x99, 0x9A, 0xAA, 0xAA, 0xAB, 0xCC, 0xCD, 0xEE, 0xDC, 
	0xBB, 0xBC, 0xCC, 0xBB, 0xBB, 0xBA, 0xA9, 0x99, 0x99, 0x88, 0x89, 0xAA, 0xAB, 0xBB, 0xBB, 
	0xDF, 0xFF, 0xFE, 0xCB, 0xBB, 0xAA, 0xAA, 0xAA, 0x98, 0x88, 0x88, 0x88, 0x77, 0x66, 0x68, 
	0x88, 0x87, 0x76, 0x67, 0x89, 0xAA, 0xAA, 0xAA, 0xAB, 0xBA, 0xAA, 0xBA, 0x98, 0x87, 0x88, 
	0x89, 0x9A, 0xA9, 0x88, 0x9A, 0xA9, 0x99, 0x99, 0x99, 0x99, 0x99, 0x99, 0x99, 0x99, 0x98, 
	0x66, 0x67, 0x99, 0x98, 0x77, 0x79, 0x99, 0x99, 0x8A, 0xBB, 0x98, 0x98, 0x77, 0x78, 0x88, 
	0x89, 0x99, 0x89, 0x99, 0x98, 0x88, 0x88, 0x88, 0x88, 0x77, 0x77, 0x65, 0x55, 0x56, 0x66, 
	0x55, 0x44, 0x45, 0x54, 0x43, 0x34, 0x55, 0x55, 0x44, 0x55, 0x54, 0x44, 0x33, 0x45, 0x65, 
	0x44, 0x44, 0x44, 0x66, 0x65, 0x45, 0x55, 0x54, 0x44, 0x44, 0x57, 0x89, 0x99, 0x99, 0x90, 
	0x0A, 0xAA, 0xAA, 0xAA, 0xAA, 0xAA, 0xAA, 0xAA, 0xAA, 0xAA, 0xAB, 0xBB, 0xBB, 0xBB, 0xBC, 
	0xBB, 0xBC, 0xBB, 0xBC, 0xCB, 0xBB, 0xBB, 0xBB, 0xBB, 0xBC, 0xCC, 0xCC, 0xCC, 0xCC, 0xCC, 
	0xCC, 0xCC, 0xCC, 0xCC, 0xCC, 0xCC, 0xCC, 0xCC, 0xCC, 0xCC, 0xCC, 0xBB, 0xBB, 0xBB, 0xBB, 
	0xCC, 0xCC, 0xCC, 0xCC, 0xCC, 0xCC, 0xCC, 0xCC, 0xCC, 0xCC, 0xCC, 0xCC, 0xCC, 0xCD, 0xDD, 
	0xDD, 0xDD, 0xDC, 0xCC, 0xCC, 0xDD, 0xDD, 0xDD, 0xDD, 0xDD, 0xDC, 0xBA, 0xAA, 0xCD, 0xDD, 
	0xDD, 0xDD, 0xC9, 0x54, 0x44, 0x44, 0x45, 0x55, 0x55, 0x45, 0x55, 0x66, 0x66, 0x77, 0x66, 
	0x77, 0x79, 0xCC, 0xA8, 0x85, 0x56, 0x76, 0x57, 0x89, 0x99, 0x99, 0x87, 0x88, 0x88, 0x88, 
	0x87, 0x77, 0x88, 0x88, 0x89, 0x99, 0x9A, 0xAA, 0xAA, 0xA9, 0x99, 0x99, 0x99, 0x99, 0x98, 
	0x77, 0x76, 0x55, 0x55, 0x55, 0x55, 0x55, 0x56, 0x66, 0x66, 0x77, 0x77, 0x67, 0x77, 0x78, 
	0x9A, 0x75, 0x56, 0x89, 0x74, 0x46, 0x89, 0x98, 0x88, 0x78, 0x88, 0x87, 0x66, 0x66, 0x66, 
	0x55, 0x66, 0x55, 0x56, 0x77, 0x78, 0x77, 0x77, 0x77, 0x87, 0x88, 0x88, 0x88, 0x88, 0x9A, 
	0xAA, 0x99, 0xAA, 0xBB, 0xBB, 0xBA, 0xA9, 0xAA, 0xAA, 0xAA, 0xAC, 0xCC, 0xCD, 0xEE, 0xED, 
	0xCB, 0xBB, 0xBB, 0xBB, 0xBB, 0xBA, 0xA9, 0x99, 0x99, 0x98, 0x89, 0xAA, 0xAA, 0xBB, 0xCD, 
	0xEF, 0xFF, 0xFE, 0xCC, 0xCC, 0xBA, 0xAB, 0xA9, 0x98, 0x88, 0x87, 0x77, 0x77, 0x77, 0x78, 
	0x89, 0x98, 0x66, 0x79, 0x9B, 0xBB, 0xBB, 0xBC, 0xCC, 0xCC, 0xBB, 0xBB, 0x98, 0x88, 0x87, 
	0x89, 0x9A, 0xA9, 0x88, 0x9A, 0x99, 0x99, 0x99, 0x9A, 0x99, 0x99, 0x99, 0x98, 0x99, 0x99, 
	0x77, 0x78, 0xAB, 0xB9, 0x78, 0x77, 0x77, 0x78, 0x87, 0x66, 0x56, 0x88, 0x77, 0x77, 0x88, 
	0x89, 0x99, 0x99, 0x99, 0x99, 0x98, 0x88, 0x88, 0x88, 0x77, 0x77, 0x65, 0x54, 0x56, 0x66, 
	0x54, 0x44, 0x55, 0x54, 0x43, 0x33, 0x45, 0x55, 0x44, 0x56, 0x66, 0x44, 0x32, 0x35, 0x55, 
	0x54, 0x34, 0x33, 0x45, 0x65, 0x45, 0x55, 0x54, 0x44, 0x54, 0x34, 0x68, 0x99, 0x99, 0x90, 
	0x0A, 0xAA, 0xAA, 0xAA, 0xAA, 0xAA, 0xAA, 0xAA, 0xAA, 0xAA, 0xAB, 0xBB, 0xBB, 0xBB, 0xBB, 
	0xBB, 0xBC, 0xCB, 0xBC, 0xCB, 0xBB, 0xBB, 0xBB, 0xBB, 0xBC, 0xCC, 0xCC, 0xCC, 0xCC, 0xCC, 
	0xCC, 0xCC, 0xCC, 0xCC, 0xCC, 0xCC, 0xCC, 0xCC, 0xCC, 0xCC, 0xCC, 0xBB, 0xBB, 0xBB, 0xBB, 
	0xCC, 0xCC, 0xCC, 0xCC, 0xCC, 0xCC, 0xCC, 0xCC, 0xCC, 0xCC, 0xCC, 0xCC, 0xCC, 0xCD, 0xDD, 
	0xDD, 0xDD, 0xDC, 0xCC, 0xCC, 0xDD, 0xDD, 0xDD, 0xDD, 0xDD, 0xDC, 0xBA, 0xAA, 0xCD, 0xDD, 
	0xDD, 0xDD, 0xDB, 0x74, 0x44, 0x44, 0x45, 0x54, 0x55, 0x55, 0x56, 0x67, 0x67, 0x77, 0x77, 
	0x76, 0xAC, 0xA7, 0x89, 0x98, 0x57, 0x88, 0x78, 0x89, 0x99, 0x88, 0x87, 0x88, 0x88, 0x87, 
	0x76, 0x67, 0x78, 0x88, 0x88, 0x89, 0x99, 0x9A, 0xAA, 0x99, 0x88, 0x88, 0x99, 0xAA, 0xA9, 
	0x98, 0x76, 0x55, 0x54, 0x55, 0x55, 0x56, 0x55, 0x66, 0x66, 0x77, 0x67, 0x77, 0x77, 0x77, 
	0x88, 0xA7, 0x55, 0x57, 0x97, 0x55, 0x69, 0x98, 0x88, 0x88, 0x88, 0x87, 0x66, 0x66, 0x66, 
	0x66, 0x66, 0x55, 0x55, 0x67, 0x77, 0x88, 0x77, 0x77, 0x77, 0x88, 0x88, 0x89, 0x99, 0xAB, 
	0xBB, 0xBB, 0xBB, 0xBB, 0xBA, 0xBB, 0xAA, 0xAB, 0xAA, 0xAA, 0xBC, 0xCC, 0xCD, 0xDE, 0xED, 
	0xCB, 0xBB, 0xBB, 0xBB, 0xBB, 0xBB, 0xA9, 0x99, 0x99, 0x99, 0x89, 0x9A, 0xAA, 0xBC, 0xCE, 
	0xFF, 0xFF, 0xFF, 0xDD, 0xCC, 0xBA, 0xAA, 0xA9, 0x99, 0x88, 0x76, 0x66, 0x77, 0x88, 0x99, 
	0x9B, 0xB9, 0x66, 0x89, 0xAB, 0xBC, 0xDD, 0xCC, 0xDD, 0xEE, 0xCC, 0xCB, 0xA9, 0x99, 0x87, 
	0x89, 0x9A, 0xA9, 0x78, 0x9A, 0xAA, 0xA9, 0x99, 0x99, 0x99, 0x9A, 0xA9, 0x88, 0x99, 0x99, 
	0x87, 0x79, 0xBC, 0xCB, 0x9B, 0xA8, 0x88, 0xAA, 0x87, 0x65, 0x56, 0x78, 0x77, 0x88, 0x77, 
	0x89, 0x99, 0x99, 0x99, 0x9A, 0x99, 0x89, 0x98, 0x88, 0x76, 0x66, 0x54, 0x55, 0x55, 0x55, 
	0x55, 0x55, 0x55, 0x54, 0x33, 0x22, 0x34, 0x55, 0x45, 0x67, 0x77, 0x64, 0x22, 0x34, 0x56, 
	0x65, 0x43, 0x33, 0x34, 0x55, 0x44, 0x55, 0x44, 0x44, 0x54, 0x33, 0x46, 0x89, 0x99, 0x90, 
	0x0A, 0xAA, 0xAA, 0xAA, 0xAA, 0xAA, 0xAA, 0xAA, 0xAA, 0xAA, 0xAB, 0xBB, 0xBB, 0xBB, 0xBC, 
	0xBB, 0xBC, 0xCB, 0xBC, 0xCB, 0xBB, 0xBB, 0xBB, 0xBB, 0xBC, 0xCC, 0xCC, 0xCC, 0xCC, 0xCC, 
	0xCC, 0xCC, 0xCC, 0xCC, 0xCC, 0xCC, 0xCC, 0xCC, 0xCC, 0xCC, 0xCC, 0xBB, 0xBB, 0xBB, 0xBB, 
	0xCC, 0xCC, 0xCC, 0xCC, 0xCC, 0xCC, 0xCC, 0xCC, 0xCC, 0xCC, 0xCC, 0xCC, 0xCC, 0xCD, 0xDD, 
	0xDD, 0xDD, 0xDC, 0xCC, 0xCC, 0xDD, 0xDD, 0xDD, 0xDD, 0xDD, 0xDC, 0xBA, 0xAA, 0xBD, 0xDD, 
	0xDD, 0xDD, 0xDC, 0xA6, 0x54, 0x44, 0x45, 0x55, 0x56, 0x55, 0x56, 0x77, 0x67, 0x88, 0x89, 
	0xAC, 0xC9, 0x77, 0x79, 0xAA, 0x87, 0x88, 0x77, 0x88, 0x89, 0x88, 0x77, 0x88, 0x88, 0x87, 
	0x76, 0x67, 0x88, 0x88, 0x88, 0x88, 0x99, 0x99, 0xA9, 0x98, 0x77, 0x78, 0x89, 0x9A, 0xAA, 
	0xA9, 0x86, 0x56, 0x55, 0x55, 0x45, 0x56, 0x55, 0x66, 0x66, 0x67, 0x76, 0x77, 0x77, 0x77, 
	0x77, 0x8A, 0x86, 0x56, 0x79, 0x96, 0x56, 0x88, 0x88, 0x88, 0x88, 0x77, 0x77, 0x76, 0x66, 
	0x65, 0x55, 0x44, 0x44, 0x56, 0x77, 0x88, 0x88, 0x77, 0x77, 0x88, 0x88, 0x99, 0x9A, 0xAB, 
	0xCC, 0xCC, 0xCC, 0xCB, 0xAA, 0xAB, 0xAA, 0xAB, 0xBB, 0xBB, 0xCC, 0xCD, 0xDD, 0xEF, 0xFF, 
	0xDC, 0xCB, 0xBB, 0xBB, 0xBB, 0xBB, 0xA9, 0x9A, 0x99, 0x99, 0x99, 0x9A, 0xAA, 0xBC, 0xDE, 
	0xFF, 0xFF, 0xFF, 0xDD, 0xCC, 0xBA, 0xA9, 0x99, 0x98, 0x87, 0x76, 0x66, 0x78, 0x89, 0x9A, 
	0xAC, 0xCA, 0x77, 0x89, 0xAB, 0xBC, 0xDD, 0xDD, 0xEE, 0xEE, 0xDC, 0xCC, 0xB9, 0x9A, 0x98, 
	0x88, 0x99, 0xA9, 0x88, 0xAB, 0xBB, 0xBA, 0x99, 0x99, 0x99, 0x9A, 0xAA, 0x88, 0x89, 0xA9, 
	0x87, 0x68, 0xBC, 0xDC, 0xBC, 0xCA, 0x8A, 0xBB, 0x97, 0x75, 0x56, 0x88, 0x77, 0x88, 0x88, 
	0x89, 0x99, 0xAA, 0x99, 0xAA, 0x99, 0x98, 0x88, 0x77, 0x65, 0x43, 0x33, 0x44, 0x55, 0x55, 
	0x54, 0x55, 0x55, 0x43, 0x32, 0x22, 0x34, 0x55, 0x55, 0x67, 0x77, 0x65, 0x32, 0x45, 0x56, 
	0x65, 0x43, 0x32, 0x34, 0x45, 0x43, 0x44, 0x44, 0x44, 0x43, 0x33, 0x35, 0x79, 0x99, 0x90, 
	0x0A, 0xAA, 0xAA, 0xAA, 0xAA, 0xAA, 0xAA, 0xAA, 0xAA, 0xAA, 0xAB, 0xBB, 0xBB, 0xBB, 0xCC, 
	0xBB, 0xBC, 0xCB, 0xBC, 0xCB, 0xBB, 0xBB, 0xBB, 0xBB, 0xBC, 0xCC, 0xCC, 0xCC, 0xCC, 0xCC, 
	0xCC, 0xCC, 0xCC, 0xCC, 0xCC, 0xCC, 0xCC, 0xCC, 0xCC, 0xCC, 0xCC, 0xBB, 0xBB, 0xBB, 0xBB, 
	0xCC, 0xCC, 0xCC, 0xCC, 0xCC, 0xCC, 0xCC, 0xCC, 0xCC, 0xCC, 0xCC, 0xCC, 0xCC, 0xCD, 0xDD, 
	0xDD, 0xDD, 0xDC, 0xCC, 0xCC, 0xDD, 0xDD, 0xDD, 0xDD, 0xDD, 0xDC, 0xBA, 0xAA, 0xBC, 0xDD, 
	0xDD, 0xDD, 0xDC, 0xCA, 0x65, 0x55, 0x55, 0x55, 0x66, 0x65, 0x56, 0x66, 0x67, 0x77, 0x7A, 
	0xED, 0x87, 0x78, 0x88, 0xA9, 0x98, 0x77, 0x76, 0x87, 0x77, 0x77, 0x77, 0x88, 0x88, 0x87, 
	0x66, 0x67, 0x88, 0x87, 0x88, 0x88, 0x98, 0x99, 0x99, 0x87, 0x66, 0x77, 0x89, 0xAA, 0xAA, 
	0xAA, 0x88, 0x87, 0x55, 0x45, 0x56, 0x55, 0x55, 0x55, 0x66, 0x66, 0x66, 0x67, 0x77, 0x77, 
	0x77, 0x88, 0xA8, 0x65, 0x56, 0x89, 0x75, 0x68, 0x99, 0x88, 0x87, 0x77, 0x77, 0x76, 0x66, 
	0x54, 0x44, 0x33, 0x34, 0x45, 0x67, 0x77, 0x88, 0x87, 0x77, 0x77, 0x88, 0x9A, 0x99, 0xAB, 
	0xCC, 0xCC, 0xCD, 0xCB, 0xBA, 0xBB, 0xAA, 0xAA, 0xBB, 0xBB, 0xCC, 0xCD, 0xEE, 0xEF, 0xFF, 
	0xED, 0xDC, 0xCC, 0xCB, 0xBB, 0xBB, 0xA9, 0x9A, 0xAA, 0x99, 0x99, 0x9A, 0xAA, 0xBC, 0xDF, 
	0xFF, 0xFF, 0xFE, 0xDD, 0xCC, 0xBA, 0xA9, 0x9A, 0x99, 0x87, 0x77, 0x77, 0x89, 0xA9, 0xAA, 
	0xAC, 0xCA, 0x77, 0x88, 0x9A, 0xAC, 0xEE, 0xEE, 0xFF, 0xFE, 0xDD, 0xCC, 0xBA, 0x99, 0x98, 
	0x88, 0x99, 0xA9, 0xAA, 0xBC, 0xCC, 0xBA, 0x99, 0xAA, 0x9A, 0xAA, 0xAA, 0x98, 0x9A, 0xAA, 
	0x98, 0x78, 0xAB, 0xDD, 0xCC, 0xCA, 0x8A, 0xCC, 0xA8, 0x75, 0x57, 0x88, 0x77, 0x89, 0x99, 
	0x99, 0x99, 0xAA, 0xA9, 0xA9, 0x99, 0x98, 0x76, 0x65, 0x54, 0x32, 0x33, 0x34, 0x55, 0x55, 
	0x44, 0x55, 0x54, 0x32, 0x21, 0x24, 0x44, 0x55, 0x54, 0x56, 0x66, 0x65, 0x42, 0x35, 0x45, 
	0x55, 0x43, 0x22, 0x33, 0x35, 0x53, 0x33, 0x33, 0x33, 0x43, 0x23, 0x34, 0x78, 0x99, 0x90, 
	0x09, 0xAA, 0xAA, 0xAA, 0xAA, 0xAA, 0xAA, 0xAA, 0xAA, 0xAA, 0xAB, 0xBB, 0xBB, 0xBB, 0xBC, 
	0xBB, 0xBC, 0xCB, 0xBB, 0xCB, 0xBB, 0xBB, 0xBB, 0xBB, 0xBB, 0xCC, 0xCC, 0xCC, 0xCC, 0xCC, 
	0xCC, 0xCC, 0xCC, 0xCC, 0xCC, 0xCC, 0xCC, 0xCC, 0xCC, 0xCC, 0xCC, 0xBB, 0xBB, 0xBB, 0xBB, 
	0xCC, 0xCC, 0xCC, 0xCC, 0xCC, 0xCC, 0xCC, 0xCC, 0xCC, 0xCC, 0xCC, 0xCC, 0xCC, 0xCD, 0xDD, 
	0xDD, 0xDD, 0xDC, 0xCC, 0xCC, 0xDD, 0xDD, 0xDD, 0xDD, 0xDD, 0xDD, 0xBA, 0xAA, 0xBC, 0xDD, 
	0xDD, 0xDD, 0xDD, 0xCC, 0xA8, 0x55, 0x56, 0x66, 0x66, 0x66, 0x66, 0x66, 0x77, 0x77, 0xBE, 
	0xE8, 0x67, 0x78, 0x99, 0x99, 0x87, 0x66, 0x55, 0x76, 0x67, 0x66, 0x77, 0x78, 0x88, 0x87, 
	0x67, 0x77, 0x88, 0x88, 0x88, 0x88, 0x89, 0x88, 0x99, 0x86, 0x66, 0x67, 0x89, 0xAA, 0xAA, 
	0xAA, 0xAA, 0x98, 0x76, 0x56, 0x66, 0x55, 0x54, 0x55, 0x56, 0x66, 0x66, 0x67, 0x67, 0x77, 
	0x77, 0x78, 0xA8, 0x87, 0x66, 0x68, 0x96, 0x57, 0x99, 0x99, 0x88, 0x77, 0x77, 0x66, 0x65, 
	0x44, 0x33, 0x32, 0x34, 0x45, 0x66, 0x67, 0x89, 0x98, 0x88, 0x88, 0x78, 0x99, 0x99, 0xAB, 
	0xCC, 0xCC, 0xCD, 0xCC, 0xBC, 0xCC, 0xCB, 0xAB, 0xBB, 0xBB, 0xCC, 0xCD, 0xEE, 0xFF, 0xFF, 
	0xFE, 0xDC, 0xCC, 0xCC, 0xDB, 0xBA, 0xAA, 0x9A, 0xAA, 0xAA, 0xAA, 0x99, 0xAA, 0xBC, 0xDF, 
	0xFF, 0xFF, 0xFE, 0xDD, 0xCC, 0xBA, 0xAA, 0xAB, 0xAA, 0x98, 0x88, 0x88, 0x9A, 0xAA, 0xAB, 
	0xBC, 0xCB, 0x87, 0x78, 0x9A, 0xAC, 0xDE, 0xEE, 0xFF, 0xFF, 0xED, 0xCB, 0xBA, 0xA9, 0xA9, 
	0x88, 0x99, 0x9A, 0xBB, 0xCC, 0xCC, 0xBA, 0xAB, 0xAA, 0xBC, 0xCA, 0xAB, 0xA9, 0x9A, 0xAA, 
	0x97, 0x67, 0x9C, 0xED, 0xCB, 0xB9, 0x89, 0xBB, 0x98, 0x75, 0x68, 0x88, 0x77, 0x89, 0x99, 
	0x9A, 0x9A, 0xAA, 0xA9, 0x99, 0x99, 0x87, 0x65, 0x44, 0x44, 0x43, 0x22, 0x33, 0x44, 0x44, 
	0x34, 0x44, 0x43, 0x32, 0x22, 0x44, 0x46, 0x65, 0x54, 0x34, 0x44, 0x45, 0x43, 0x34, 0x44, 
	0x45, 0x43, 0x33, 0x32, 0x35, 0x54, 0x33, 0x22, 0x22, 0x22, 0x22, 0x33, 0x67, 0x89, 0x90, 
	0x09, 0xAA, 0xAA, 0xAA, 0xAA, 0xAA, 0xAA, 0xAA, 0xAA, 0xAA, 0xAB, 0xBB, 0xBB, 0xBB, 0xBC, 
	0xBB, 0xBB, 0xCB, 0xBC, 0xCC, 0xBB, 0xBB, 0xBB, 0xBB, 0xBB, 0xCC, 0xCC, 0xCC, 0xCC, 0xCC, 
	0xCC, 0xCC, 0xCC, 0xCC, 0xCC, 0xCC, 0xCC, 0xCC, 0xCC, 0xCC, 0xCC, 0xBB, 0xBB, 0xBB, 0xBB, 
	0xCC, 0xCC, 0xCC, 0xCC, 0xCC, 0xCC, 0xCC, 0xCC, 0xCC, 0xCC, 0xCC, 0xCC, 0xCC, 0xCD, 0xDD, 
	0xDD, 0xDD, 0xDC, 0xCC, 0xCC, 0xDD, 0xDD, 0xDD, 0xDD, 0xDD, 0xDD, 0xBA, 0xAA, 0xBC, 0xDD, 
	0xDD, 0xDD, 0xDD, 0xDD, 0xCA, 0x87, 0x66, 0x66, 0x66, 0x56, 0x66, 0x76, 0x77, 0x8B, 0xEE, 
	0x77, 0x87, 0x78, 0x88, 0x88, 0x77, 0x55, 0x55, 0x66, 0x66, 0x66, 0x66, 0x78, 0x88, 0x87, 
	0x77, 0x78, 0x88, 0x88, 0x88, 0x88, 0x89, 0x88, 0x88, 0x75, 0x55, 0x67, 0x99, 0x9A, 0xAA, 
	0xAA, 0x99, 0x99, 0x88, 0x77, 0x76, 0x66, 0x55, 0x55, 0x56, 0x66, 0x66, 0x66, 0x66, 0x67, 
	0x66, 0x77, 0x89, 0x99, 0x76, 0x77, 0x89, 0x64, 0x69, 0x99, 0x98, 0x87, 0x67, 0x76, 0x55, 
	0x43, 0x33, 0x33, 0x34, 0x45, 0x67, 0x8A, 0xBB, 0xA9, 0x99, 0x88, 0x88, 0x89, 0x98, 0x9A, 
	0xBB, 0xBC, 0xCC, 0xDD, 0xDD, 0xDD, 0xCB, 0xBB, 0xBB, 0xBC, 0xCC, 0xDD, 0xEF, 0xFF, 0xFF, 
	0xFE, 0xDD, 0xDC, 0xDE, 0xFD, 0xBA, 0xA9, 0x9A, 0xAA, 0xA9, 0xAA, 0x99, 0x9A, 0xBC, 0xDE, 
	0xFF, 0xFF, 0xED, 0xDD, 0xCB, 0xAA, 0xAA, 0xAA, 0xAA, 0x99, 0x99, 0x99, 0x9B, 0xBA, 0xBB, 
	0xBC, 0xCB, 0xA9, 0x76, 0x8A, 0xAB, 0xDE, 0xEE, 0xFF, 0xFF, 0xED, 0xCB, 0xBA, 0xAA, 0xA9, 
	0x89, 0x99, 0x9A, 0xBB, 0xCC, 0xCC, 0xBC, 0xBB, 0xBB, 0xDD, 0xCB, 0xAA, 0xA9, 0xAB, 0xBA, 
	0x98, 0x67, 0xAD, 0xDD, 0xCB, 0x98, 0x99, 0xAA, 0x98, 0x76, 0x78, 0x88, 0x78, 0x89, 0x9A, 
	0xAA, 0xAA, 0xAA, 0xA9, 0x99, 0x99, 0x87, 0x65, 0x55, 0x45, 0x44, 0x33, 0x33, 0x33, 0x33, 
	0x34, 0x43, 0x23, 0x32, 0x33, 0x45, 0x56, 0x76, 0x43, 0x22, 0x22, 0x23, 0x43, 0x33, 0x33, 
	0x44, 0x44, 0x33, 0x32, 0x35, 0x65, 0x32, 0x22, 0x22, 0x22, 0x23, 0x23, 0x46, 0x88, 0x90, 
	0x09, 0xAA, 0xAA, 0xAA, 0xAA, 0xAA, 0xAA, 0xAA, 0xAA, 0xAA, 0xAA, 0xBB, 0xBB, 0xBB, 0xBC, 
	0xBB, 0xBB, 0xCB, 0xBB, 0xCC, 0xBB, 0xBB, 0xBB, 0xBB, 0xBB, 0xCC, 0xCC, 0xCC, 0xCC, 0xCC, 
	0xCC, 0xCC, 0xCC, 0xCC, 0xCC, 0xCC, 0xCC, 0xCC, 0xCC, 0xCC, 0xCC, 0xBB, 0xBB, 0xBB, 0xBB, 
	0xCC, 0xCC, 0xCC, 0xCC, 0xCC, 0xCC, 0xCC, 0xCC, 0xCC, 0xCC, 0xCC, 0xCC, 0xCC, 0xCD, 0xDD, 
	0xDD, 0xDD, 0xDD, 0xCC, 0xCC, 0xDD, 0xDD, 0xDD, 0xDD, 0xDD, 0xDD, 0xCA, 0xAA, 0xBC, 0xDD, 
	0xDD, 0xDD, 0xDD, 0xDD, 0xDC, 0xBA, 0x87, 0x65, 0x56, 0x66, 0x67, 0x77, 0x88, 0xCF, 0xF9, 
	0x77, 0x78, 0x88, 0x88, 0x87, 0x66, 0x54, 0x45, 0x56, 0x56, 0x55, 0x66, 0x78, 0x88, 0x87, 
	0x77, 0x78, 0x88, 0x98, 0x78, 0x77, 0x88, 0x87, 0x78, 0x65, 0x55, 0x67, 0x99, 0x99, 0xA9, 
	0xAA, 0x99, 0xA9, 0x99, 0x98, 0x87, 0x76, 0x65, 0x65, 0x56, 0x66, 0x66, 0x66, 0x66, 0x66, 
	0x67, 0x67, 0x77, 0x79, 0x96, 0x66, 0x88, 0x96, 0x46, 0x99, 0x98, 0x87, 0x87, 0x76, 0x65, 
	0x44, 0x44, 0x33, 0x34, 0x56, 0x89, 0xBC, 0xDC, 0xCB, 0xA9, 0x99, 0x89, 0x99, 0x99, 0x99, 
	0xAA, 0xAA, 0xBC, 0xCD, 0xDD, 0xDD, 0xDC, 0xBB, 0xBC, 0xCC, 0xCC, 0xDD, 0xEF, 0xFF, 0xFF, 
	0xFF, 0xED, 0xDD, 0xEF, 0xFF, 0xCA, 0x99, 0x99, 0xAA, 0x99, 0x9A, 0x99, 0x9B, 0xBC, 0xDD, 
	0xEE, 0xED, 0xDD, 0xCC, 0xBA, 0xAA, 0xAA, 0xAA, 0x99, 0x99, 0x99, 0x99, 0xAB, 0xBA, 0xAB, 
	0xBB, 0xBB, 0xA9, 0x77, 0x9B, 0xBB, 0xBD, 0xEE, 0xFF, 0xFF, 0xFD, 0xBB, 0xBB, 0xAA, 0x99, 
	0x99, 0x99, 0xAA, 0xBB, 0xCC, 0xCC, 0xCD, 0xEE, 0xDD, 0xED, 0xDD, 0xCB, 0xB9, 0x9B, 0xBA, 
	0x98, 0x87, 0x9C, 0xCC, 0xBA, 0x88, 0x99, 0xAA, 0x97, 0x77, 0x78, 0x88, 0x89, 0x9A, 0xAA, 
	0xBB, 0xBA, 0xAA, 0xAA, 0x99, 0x99, 0x97, 0x65, 0x65, 0x56, 0x54, 0x43, 0x33, 0x32, 0x22, 
	0x34, 0x43, 0x33, 0x33, 0x44, 0x44, 0x56, 0x65, 0x33, 0x22, 0x21, 0x12, 0x33, 0x34, 0x44, 
	0x44, 0x34, 0x43, 0x32, 0x34, 0x56, 0x43, 0x11, 0x22, 0x22, 0x22, 0x33, 0x34, 0x57, 0x80, 
	0x09, 0xAA, 0xAA, 0xAA, 0xAA, 0xAA, 0xAA, 0xAA, 0xAA, 0xAA, 0xAA, 0xBB, 0xBB, 0xBB, 0xBC, 
	0xBB, 0xCC, 0xCB, 0xBB, 0xBB, 0xBB, 0xBB, 0xBB, 0xBB, 0xBB, 0xCC, 0xCC, 0xCC, 0xCC, 0xCC, 
	0xCC, 0xCC, 0xCC, 0xCC, 0xCC, 0xCC, 0xCC, 0xCC, 0xCC, 0xCC, 0xCC, 0xBB, 0xBB, 0xBB, 0xBB, 
	0xCC, 0xCC, 0xCC, 0xCC, 0xCC, 0xCC, 0xCC, 0xCC, 0xCC, 0xCC, 0xCC, 0xCC, 0xCC, 0xCD, 0xDD, 
	0xDD, 0xDD, 0xDD, 0xCC, 0xCC, 0xDD, 0xDD, 0xDD, 0xDD, 0xDD, 0xDD, 0xCA, 0xAA, 0xBC, 0xDD, 
	0xDD, 0xDD, 0xDD, 0xDD, 0xDD, 0xCC, 0xB9, 0x86, 0x66, 0x66, 0x66, 0x67, 0x7A, 0xEF, 0xC9, 
	0x88, 0x88, 0x88, 0x88, 0x77, 0x65, 0x43, 0x45, 0x56, 0x55, 0x55, 0x66, 0x78, 0x88, 0x88, 
	0x77, 0x78, 0x88, 0x98, 0x88, 0x77, 0x78, 0x88, 0x78, 0x66, 0x56, 0x77, 0x88, 0x89, 0x99, 
	0x99, 0x99, 0x99, 0x99, 0x99, 0x98, 0x87, 0x65, 0x55, 0x56, 0x65, 0x66, 0x66, 0x56, 0x66, 
	0x66, 0x76, 0x77, 0x67, 0x99, 0x76, 0x67, 0x89, 0x54, 0x69, 0x99, 0x98, 0x87, 0x77, 0x65, 
	0x54, 0x44, 0x55, 0x55, 0x79, 0xAB, 0xCD, 0xDD, 0xDC, 0xB9, 0x99, 0x99, 0x99, 0xA9, 0x98, 
	0x99, 0xA9, 0xAB, 0xCD, 0xDD, 0xDC, 0xCB, 0xBB, 0xBC, 0xCD, 0xCC, 0xDD, 0xEF, 0xFF, 0xFF, 
	0xFF, 0xED, 0xDD, 0xEF, 0xFF, 0xC9, 0x99, 0x99, 0xAA, 0xA9, 0x99, 0x99, 0x99, 0xAC, 0xDD, 
	0xCC, 0xDC, 0xCB, 0xBB, 0x99, 0x99, 0xA9, 0x98, 0x88, 0x88, 0x99, 0x9A, 0xAB, 0xBA, 0xAB, 
	0xBB, 0xAA, 0x99, 0x88, 0xAA, 0xBB, 0xBC, 0xDE, 0xFF, 0xFF, 0xFD, 0xCB, 0xAB, 0xAA, 0x9A, 
	0x99, 0x99, 0xAA, 0xAB, 0xBA, 0xCD, 0xDF, 0xFE, 0xDD, 0xDD, 0xDD, 0xEE, 0xDC, 0xBC, 0xCB, 
	0xA8, 0x88, 0x89, 0xAA, 0x99, 0x77, 0x78, 0xAA, 0x87, 0x78, 0x88, 0x89, 0x9A, 0xAA, 0xBB, 
	0xDE, 0xCB, 0xBA, 0xAA, 0xA9, 0x99, 0x86, 0x66, 0x66, 0x66, 0x55, 0x44, 0x33, 0x22, 0x33, 
	0x44, 0x44, 0x44, 0x44, 0x44, 0x44, 0x55, 0x54, 0x32, 0x22, 0x22, 0x21, 0x23, 0x45, 0x55, 
	0x43, 0x33, 0x33, 0x22, 0x23, 0x45, 0x54, 0x21, 0x12, 0x22, 0x22, 0x22, 0x22, 0x35, 0x70, 
	0x09, 0xAA, 0xAA, 0xAA, 0xAA, 0xAA, 0xAA, 0xAA, 0xAA, 0xAA, 0xAA, 0xBB, 0xBB, 0xBB, 0xBC, 
	0xBB, 0xCC, 0xCB, 0xBB, 0xBB, 0xBB, 0xBB, 0xBB, 0xBB, 0xBB, 0xCC, 0xCC, 0xCC, 0xCC, 0xCC, 
	0xCC, 0xCC, 0xCC, 0xCC, 0xCC, 0xCC, 0xCC, 0xCC, 0xCC, 0xCC, 0xCC, 0xCB, 0xBB, 0xBB, 0xBB, 
	0xBB, 0xCC, 0xCC, 0xCC, 0xCC, 0xCC, 0xCC, 0xCC, 0xCC, 0xCC, 0xCC, 0xCC, 0xCC, 0xCD, 0xDD, 
	0xDD, 0xDD, 0xDD, 0xCC, 0xCD, 0xDD, 0xDD, 0xDD, 0xDD, 0xDD, 0xDD, 0xCA, 0xAA, 0xBC, 0xDD, 
	0xDD, 0xDD, 0xDD, 0xDD, 0xDD, 0xDD, 0xCC, 0xA9, 0x76, 0x66, 0x77, 0x78, 0x8C, 0xEB, 0x8A, 
	0x88, 0x88, 0x88, 0x77, 0x76, 0x65, 0x44, 0x45, 0x65, 0x55, 0x55, 0x66, 0x77, 0x77, 0x87, 
	0x77, 0x78, 0x88, 0x88, 0x88, 0x77, 0x78, 0x88, 0x88, 0x77, 0x67, 0x78, 0x88, 0x88, 0x88, 
	0x88, 0x89, 0x99, 0x9A, 0x99, 0x99, 0x88, 0x76, 0x66, 0x55, 0x66, 0x65, 0x66, 0x66, 0x66, 
	0x66, 0x56, 0x77, 0x67, 0x79, 0x98, 0x66, 0x79, 0x74, 0x46, 0xAB, 0xB9, 0x88, 0x77, 0x66, 
	0x54, 0x56, 0x89, 0x99, 0xAB, 0xCD, 0xDD, 0xEE, 0xDD, 0xB9, 0x99, 0x99, 0x99, 0xA9, 0x99, 
	0x99, 0x99, 0xAA, 0xBC, 0xDD, 0xCB, 0xBB, 0xBA, 0xBC, 0xCC, 0xCC, 0xCD, 0xEF, 0xFF, 0xFF, 
	0xFF, 0xED, 0xDD, 0xDE, 0xFD, 0xBA, 0xA9, 0x9A, 0xAA, 0xAA, 0x98, 0x88, 0x8A, 0xCD, 0xDD, 
	0xCB, 0xAB, 0xA9, 0xAA, 0x98, 0x89, 0x99, 0x87, 0x77, 0x77, 0x89, 0xAA, 0xBB, 0xBA, 0xAA, 
	0xAA, 0xA9, 0x97, 0x88, 0xAA, 0xAA, 0xBC, 0xDE, 0xFF, 0xFF, 0xEC, 0xBA, 0x9A, 0xAA, 0xAA, 
	0xA9, 0x99, 0x99, 0xAA, 0xBB, 0xCD, 0xEE, 0xEE, 0xDC, 0xDD, 0xDD, 0xDD, 0xDD, 0xDD, 0xCB, 
	0xA9, 0x88, 0x87, 0x88, 0x77, 0x77, 0x78, 0xAB, 0xB9, 0x88, 0x99, 0x99, 0x9A, 0xBB, 0xCE, 
	0xFF, 0xEC, 0xBA, 0xAA, 0xA9, 0x88, 0x77, 0x67, 0x78, 0xBA, 0x75, 0x44, 0x33, 0x34, 0x44, 
	0x44, 0x45, 0x45, 0x54, 0x45, 0x54, 0x45, 0x43, 0x32, 0x22, 0x22, 0x21, 0x24, 0x45, 0x55, 
	0x54, 0x33, 0x22, 0x21, 0x23, 0x35, 0x65, 0x43, 0x21, 0x12, 0x22, 0x22, 0x22, 0x24, 0x60, 
	0x09, 0xAA, 0xAA, 0xAA, 0xAA, 0xAA, 0xAA, 0xAA, 0xAA, 0xAA, 0xAA, 0xBB, 0xBB, 0xBB, 0xBC, 
	0xBB, 0xBC, 0xCB, 0xBB, 0xBB, 0xBB, 0xBC, 0xBB, 0xBB, 0xBB, 0xCC, 0xCC, 0xCC, 0xCC, 0xCC, 
	0xCC, 0xCC, 0xCC, 0xCC, 0xCC, 0xCC, 0xCC, 0xCC, 0xCC, 0xCC, 0xCC, 0xCB, 0xBB, 0xBB, 0xBB, 
	0xBB, 0xCC, 0xCC, 0xCC, 0xCC, 0xCC, 0xCC, 0xCC, 0xCC, 0xCC, 0xCC, 0xCC, 0xCC, 0xCD, 0xDD, 
	0xDD, 0xDD, 0xDD, 0xCC, 0xDD, 0xDD, 0xDD, 0xDD, 0xDD, 0xDD, 0xDD, 0xCA, 0xAA, 0xBC, 0xDD, 
	0xDD, 0xDD, 0xDD, 0xDD, 0xDD, 0xDD, 0xDD, 0xCB, 0xA9, 0x76, 0x68, 0x9A, 0xCC, 0x98, 0x87, 
	0x88, 0x87, 0x77, 0x77, 0x76, 0x65, 0x55, 0x56, 0x65, 0x55, 0x55, 0x66, 0x77, 0x77, 0x87, 
	0x77, 0x78, 0x88, 0x88, 0x89, 0x88, 0x88, 0x88, 0x88, 0x88, 0x78, 0x88, 0x77, 0x66, 0x65, 
	0x67, 0x88, 0x99, 0x99, 0xAA, 0xA9, 0x99, 0x88, 0x77, 0x66, 0x55, 0x55, 0x66, 0x66, 0x56, 
	0x66, 0x65, 0x66, 0x77, 0x67, 0x89, 0x85, 0x67, 0x95, 0x44, 0x7A, 0xCA, 0x87, 0x77, 0x76, 
	0x66, 0x79, 0xAB, 0xCB, 0xCC, 0xDD, 0xDD, 0xDE, 0xDD, 0xBA, 0x88, 0x89, 0x99, 0xA9, 0x99, 
	0xA9, 0xAA, 0xAA, 0xBC, 0xCC, 0xCB, 0xBB, 0xAA, 0xAB, 0xBC, 0xCC, 0xDD, 0xEF, 0xFF, 0xFF, 
	0xFF, 0xED, 0xDD, 0xDC, 0xCB, 0xBB, 0xAA, 0xAA, 0x9A, 0xA9, 0x87, 0x77, 0x8B, 0xDD, 0xDC, 
	0xBA, 0x98, 0x88, 0xAA, 0x87, 0x78, 0x88, 0x76, 0x66, 0x67, 0x89, 0xAA, 0xAB, 0xAA, 0xAA, 
	0xAA, 0xAA, 0x97, 0x78, 0x99, 0x99, 0xAC, 0xCD, 0xEF, 0xFF, 0xEC, 0xB9, 0x88, 0xAB, 0xAA, 
	0xA9, 0x99, 0x9A, 0xBC, 0xCC, 0xDD, 0xDD, 0xDD, 0xDC, 0xCC, 0xDD, 0xDD, 0xDD, 0xDD, 0xDC, 
	0xA9, 0x98, 0x87, 0x77, 0x77, 0x77, 0x88, 0xAD, 0xDC, 0x99, 0x99, 0x88, 0x9A, 0xBB, 0xDF, 
	0xFF, 0xFC, 0xBB, 0xBA, 0xA9, 0x99, 0x89, 0x88, 0x9B, 0xFE, 0xB6, 0x54, 0x44, 0x56, 0x55, 
	0x45, 0x55, 0x56, 0x55, 0x56, 0x55, 0x44, 0x42, 0x32, 0x23, 0x22, 0x33, 0x34, 0x45, 0x55, 
	0x54, 0x33, 0x22, 0x11, 0x23, 0x34, 0x56, 0x54, 0x32, 0x12, 0x22, 0x22, 0x22, 0x34, 0x40, 
	0x09, 0xAA, 0xAA, 0xAA, 0xAA, 0xAA, 0xAA, 0xAA, 0xAA, 0xAA, 0xAA, 0xBB, 0xBB, 0xBB, 0xBC, 
	0xBB, 0xBB, 0xBB, 0xBB, 0xCB, 0xBB, 0xBC, 0xBB, 0xBB, 0xBB, 0xCC, 0xCC, 0xCC, 0xCC, 0xCC, 
	0xCC, 0xCC, 0xCC, 0xCC, 0xCC, 0xCC, 0xCC, 0xCC, 0xCC, 0xCC, 0xCC, 0xCB, 0xBB, 0xBB, 0xBB, 
	0xBB, 0xCC, 0xCC, 0xCC, 0xCC, 0xCC, 0xCC, 0xCC, 0xCC, 0xCC, 0xCC, 0xCC, 0xCC, 0xCD, 0xDD, 
	0xDD, 0xDD, 0xDD, 0xCC, 0xDD, 0xDD, 0xDD, 0xDD, 0xDD, 0xDD, 0xDD, 0xCB, 0xAA, 0xBC, 0xDD, 
	0xDD, 0xDD, 0xDD, 0xDD, 0xDD, 0xDD, 0xDD, 0xDD, 0xCB, 0xA8, 0x8A, 0xBC, 0xDA, 0x78, 0x88, 
	0x88, 0x77, 0x65, 0x55, 0x66, 0x66, 0x55, 0x56, 0x66, 0x66, 0x55, 0x56, 0x67, 0x77, 0x77, 
	0x67, 0x87, 0x88, 0x89, 0x99, 0x98, 0x88, 0x89, 0x98, 0x88, 0x88, 0x76, 0x54, 0x44, 0x44, 
	0x55, 0x67, 0x89, 0x99, 0xAA, 0xA9, 0x99, 0x99, 0x88, 0x66, 0x55, 0x55, 0x55, 0x66, 0x56, 
	0x56, 0x66, 0x66, 0x66, 0x67, 0x78, 0x98, 0x67, 0x98, 0x44, 0x47, 0xB9, 0x77, 0x88, 0x87, 
	0x89, 0xAA, 0xCC, 0xDC, 0xCD, 0xDD, 0xDD, 0xDD, 0xDC, 0xB9, 0x88, 0x88, 0x9A, 0xAA, 0xAA, 
	0xAA, 0xAA, 0xAB, 0xDD, 0xDD, 0xCB, 0xBB, 0xAA, 0xBB, 0xBC, 0xCC, 0xDD, 0xDE, 0xFF, 0xFF, 
	0xFE, 0xDD, 0xCC, 0xCB, 0xBA, 0xAB, 0xAA, 0xA9, 0x9A, 0x97, 0x66, 0x66, 0x69, 0xCD, 0xC9, 
	0xBD, 0xB7, 0x78, 0x89, 0x78, 0x78, 0x88, 0x65, 0x56, 0x78, 0x99, 0xAA, 0xAA, 0xAA, 0xAB, 
	0xBB, 0xAA, 0xA9, 0x77, 0x88, 0x89, 0xAB, 0xBB, 0xCE, 0xFE, 0xCB, 0x98, 0x88, 0xAB, 0xAA, 
	0xA9, 0x99, 0x9B, 0xDD, 0xDC, 0xCC, 0xCC, 0xCC, 0xCC, 0xCC, 0xCC, 0xCC, 0xCD, 0xDD, 0xDD, 
	0xC9, 0x87, 0x77, 0x77, 0x77, 0x77, 0x88, 0xBF, 0xFE, 0xCA, 0x98, 0x88, 0x9A, 0xBD, 0xFF, 
	0xFF, 0xFC, 0xCB, 0xBB, 0xBB, 0xBA, 0x9A, 0x99, 0xAE, 0xFF, 0xE8, 0x65, 0x56, 0x67, 0x76, 
	0x66, 0x55, 0x66, 0x55, 0x66, 0x55, 0x44, 0x32, 0x22, 0x22, 0x22, 0x34, 0x45, 0x55, 0x54, 
	0x55, 0x43, 0x22, 0x22, 0x23, 0x33, 0x45, 0x54, 0x32, 0x22, 0x22, 0x21, 0x23, 0x33, 0x30, 
	0x09, 0xAA, 0xAA, 0xAA, 0xAA, 0xAA, 0xAA, 0xAA, 0xAA, 0xAA, 0xAA, 0xBB, 0xBB, 0xBB, 0xBC, 
	0xCB, 0xCC, 0xCB, 0xBB, 0xBB, 0xBB, 0xBC, 0xCB, 0xBB, 0xBB, 0xCC, 0xCC, 0xCC, 0xCC, 0xCC, 
	0xCC, 0xCC, 0xCC, 0xCC, 0xCC, 0xCC, 0xCC, 0xCC, 0xCC, 0xCC, 0xCC, 0xCB, 0xBB, 0xBB, 0xBB, 
	0xCC, 0xCC, 0xCC, 0xCC, 0xCC, 0xCC, 0xCC, 0xCC, 0xCC, 0xCC, 0xCC, 0xCC, 0xCC, 0xCD, 0xDD, 
	0xDD, 0xDD, 0xDD, 0xDC, 0xDD, 0xDD, 0xDD, 0xDD, 0xDD, 0xDD, 0xDD, 0xCB, 0xAA, 0xBC, 0xDD, 
	0xDD, 0xDD, 0xDD, 0xDD, 0xDD, 0xDD, 0xDD, 0xDD, 0xDD, 0xBB, 0xBC, 0xCC, 0xA8, 0x88, 0x88, 
	0x77, 0x65, 0x54, 0x33, 0x34, 0x45, 0x55, 0x56, 0x66, 0x66, 0x65, 0x56, 0x67, 0x77, 0x77, 
	0x77, 0x88, 0x89, 0x88, 0x99, 0x99, 0x89, 0x89, 0x99, 0x88, 0x77, 0x54, 0x45, 0x55, 0x45, 
	0x55, 0x56, 0x78, 0x99, 0x9A, 0xAA, 0x99, 0x99, 0x88, 0x76, 0x65, 0x65, 0x66, 0x66, 0x66, 
	0x66, 0x66, 0x66, 0x66, 0x66, 0x67, 0x9A, 0x86, 0x79, 0x74, 0x44, 0x78, 0x88, 0x88, 0x89, 
	0xBD, 0xDC, 0xCC, 0xDD, 0xDD, 0xDD, 0xDD, 0xDD, 0xDC, 0xA9, 0x87, 0x78, 0x89, 0xBB, 0xBA, 
	0xAA, 0xAA, 0xAC, 0xDE, 0xEE, 0xDC, 0xBB, 0xAB, 0xBB, 0xBC, 0xCC, 0xCC, 0xCE, 0xFF, 0xFF, 
	0xEC, 0xBB, 0xBB, 0xBB, 0xAA, 0xAA, 0xAA, 0xA9, 0xAA, 0x86, 0x55, 0x66, 0x67, 0xAB, 0x98, 
	0xDD, 0xE8, 0x77, 0x77, 0x9A, 0xA9, 0x87, 0x65, 0x56, 0x78, 0x99, 0x99, 0x99, 0xA9, 0xAB, 
	0xCB, 0xAA, 0xBB, 0x87, 0x88, 0x99, 0x9A, 0xAA, 0xBB, 0xCC, 0xA9, 0x88, 0x78, 0x9A, 0xBA, 
	0xA9, 0x99, 0xAC, 0xDC, 0xCC, 0xCC, 0xCC, 0xCC, 0xCC, 0xCC, 0xCC, 0xCC, 0xCC, 0xCD, 0xDD, 
	0xDC, 0x97, 0x67, 0x77, 0x77, 0x88, 0x89, 0xDF, 0xFF, 0xDB, 0x98, 0x88, 0x9A, 0xBE, 0xFF, 
	0xFF, 0xFC, 0xDC, 0xCC, 0xCC, 0xBB, 0xAA, 0xAA, 0xAF, 0xFF, 0xE9, 0x76, 0x77, 0x77, 0x77, 
	0x76, 0x56, 0x66, 0x66, 0x66, 0x54, 0x33, 0x32, 0x22, 0x22, 0x22, 0x34, 0x45, 0x55, 0x54, 
	0x44, 0x43, 0x22, 0x21, 0x23, 0x32, 0x33, 0x44, 0x32, 0x22, 0x22, 0x21, 0x22, 0x32, 0x20, 
	0x09, 0xAA, 0xAA, 0xAA, 0xAA, 0xAA, 0xAA, 0xAA, 0xAA, 0xAA, 0xAA, 0xAB, 0xBB, 0xBB, 0xBC, 
	0xCB, 0xBB, 0xCB, 0xBB, 0xBB, 0xBB, 0xBB, 0xCC, 0xBB, 0xBB, 0xCC, 0xCC, 0xCC, 0xCC, 0xCC, 
	0xCC, 0xCC, 0xCC, 0xCC, 0xCC, 0xCC, 0xCC, 0xCC, 0xCC, 0xCC, 0xCC, 0xCB, 0xBB, 0xBB, 0xBB, 
	0xBC, 0xCC, 0xCC, 0xCC, 0xCC, 0xCC, 0xCC, 0xCC, 0xCC, 0xCC, 0xCC, 0xCC, 0xCC, 0xCD, 0xDD, 
	0xDD, 0xDD, 0xDD, 0xDC, 0xDD, 0xDD, 0xDD, 0xDD, 0xDD, 0xDD, 0xDD, 0xCB, 0xAA, 0xBC, 0xDD, 
	0xDD, 0xDD, 0xDD, 0xDD, 0xDD, 0xDD, 0xDD, 0xDD, 0xDD, 0xCC, 0xCC, 0xDA, 0x88, 0x88, 0x77, 
	0x76, 0x54, 0x43, 0x33, 0x33, 0x33, 0x55, 0x55, 0x66, 0x66, 0x66, 0x55, 0x67, 0x77, 0x76, 
	0x77, 0x88, 0x89, 0x88, 0x99, 0x99, 0x99, 0x98, 0x99, 0x88, 0x75, 0x55, 0x54, 0x32, 0x33, 
	0x34, 0x45, 0x67, 0x89, 0x9A, 0xAA, 0xAA, 0x99, 0x97, 0x76, 0x56, 0x65, 0x55, 0x66, 0x56, 
	0x66, 0x76, 0x66, 0x66, 0x66, 0x66, 0x78, 0x99, 0x88, 0x74, 0x44, 0x46, 0x88, 0x88, 0x8B, 
	0xEF, 0xED, 0xDD, 0xCC, 0xCD, 0xDE, 0xDD, 0xED, 0xDD, 0xCA, 0x87, 0x77, 0x79, 0xBB, 0xBA, 
	0xAA, 0xAA, 0xBC, 0xEF, 0xFF, 0xFC, 0xBA, 0xAA, 0xBC, 0xBB, 0xBB, 0xBB, 0xBC, 0xDC, 0xCB, 
	0xAA, 0xAB, 0xBB, 0xAA, 0x9A, 0xAA, 0x99, 0x99, 0xA9, 0x86, 0x55, 0x55, 0x56, 0x89, 0x87, 
	0xBE, 0xD9, 0x76, 0x67, 0xAB, 0xA9, 0x98, 0x65, 0x66, 0x78, 0x89, 0x88, 0x89, 0x9A, 0xAC, 
	0xCC, 0x9A, 0xAA, 0x88, 0x99, 0x99, 0x99, 0xA9, 0xAA, 0x99, 0x88, 0x77, 0x88, 0x9A, 0xBB, 
	0xA9, 0x9A, 0xCD, 0xDC, 0xCC, 0xCC, 0xBB, 0xBC, 0xCC, 0xCC, 0xCC, 0xCC, 0xCC, 0xCD, 0xDD, 
	0xDD, 0xC7, 0x67, 0x77, 0x88, 0x78, 0x9B, 0xFF, 0xFF, 0xEA, 0x98, 0x78, 0xAA, 0xCE, 0xFF, 
	0xFF, 0xED, 0xDD, 0xDD, 0xCC, 0xBA, 0xAA, 0xA9, 0xAE, 0xFF, 0xD9, 0x88, 0x88, 0x88, 0x87, 
	0x77, 0x66, 0x56, 0x55, 0x55, 0x53, 0x33, 0x33, 0x22, 0x22, 0x22, 0x34, 0x55, 0x55, 0x55, 
	0x44, 0x43, 0x32, 0x21, 0x22, 0x22, 0x22, 0x33, 0x32, 0x12, 0x34, 0x22, 0x33, 0x21, 0x20, 
	0x09, 0xAA, 0xAA, 0xAA, 0xAA, 0xAA, 0xAA, 0xAA, 0xAA, 0xAA, 0xAA, 0xBB, 0xBB, 0xBB, 0xBB, 
	0xCB, 0xBB, 0xCC, 0xBB, 0xBB, 0xBB, 0xBB, 0xBB, 0xBB, 0xBB, 0xCC, 0xCC, 0xCC, 0xCC, 0xCC, 
	0xCC, 0xCC, 0xCC, 0xCC, 0xCC, 0xCC, 0xCC, 0xCC, 0xCC, 0xCC, 0xCC, 0xCB, 0xBB, 0xBB, 0xBB, 
	0xCC, 0xCC, 0xCC, 0xCC, 0xCC, 0xCD, 0xCC, 0xCC, 0xCC, 0xCC, 0xCC, 0xCC, 0xCC, 0xCD, 0xDD, 
	0xDD, 0xDD, 0xDD, 0xDD, 0xDD, 0xDD, 0xDD, 0xDD, 0xDD, 0xDD, 0xDD, 0xCB, 0xAA, 0xBC, 0xDD, 
	0xDD, 0xDD, 0xDD, 0xDD, 0xDD, 0xDD, 0xDD, 0xDD, 0xDD, 0xDC, 0xCD, 0xB8, 0x78, 0x87, 0x77, 
	0x65, 0x44, 0x33, 0x33, 0x22, 0x33, 0x34, 0x56, 0x56, 0x66, 0x55, 0x55, 0x56, 0x76, 0x67, 
	0x77, 0x88, 0x88, 0x88, 0x99, 0x9A, 0x99, 0x99, 0x98, 0x87, 0x55, 0x54, 0x32, 0x22, 0x22, 
	0x33, 0x33, 0x56, 0x78, 0x99, 0xAA, 0xAA, 0x99, 0x98, 0x77, 0x66, 0x65, 0x55, 0x66, 0x66, 
	0x66, 0x66, 0x66, 0x66, 0x65, 0x66, 0x67, 0x89, 0x87, 0x86, 0x45, 0x44, 0x68, 0x89, 0x8D, 
	0xFF, 0xFE, 0xDD, 0xCC, 0xCD, 0xDE, 0xEE, 0xEE, 0xDD, 0xCB, 0x98, 0x77, 0x79, 0xAB, 0xBA, 
	0xAA, 0xAB, 0xBB, 0xCF, 0xFF, 0xFD, 0xBA, 0xAA, 0xBB, 0xAB, 0xBB, 0xBB, 0xBB, 0xAA, 0x99, 
	0x99, 0x9A, 0xBB, 0xAA, 0x99, 0x99, 0x99, 0x98, 0x9A, 0x86, 0x44, 0x55, 0x56, 0x89, 0x98, 
	0x9A, 0xA8, 0x77, 0x78, 0x9A, 0xAC, 0xB9, 0x66, 0x67, 0x77, 0x88, 0x78, 0x88, 0x98, 0xAB, 
	0xBB, 0x99, 0x99, 0x88, 0x9A, 0xAA, 0x99, 0x99, 0x98, 0x89, 0x99, 0x99, 0x99, 0xAA, 0xBA, 
	0xAA, 0xAC, 0xDD, 0xCC, 0xCC, 0xBB, 0xBB, 0xBB, 0xBB, 0xBB, 0xBA, 0xAA, 0xBB, 0xBC, 0xCC, 
	0xCD, 0xDA, 0x66, 0x88, 0x88, 0x89, 0xBD, 0xFF, 0xFF, 0xEB, 0x99, 0x88, 0x9A, 0xCF, 0xFF, 
	0xFF, 0xEE, 0xDD, 0xDD, 0xCC, 0xBA, 0xA9, 0x99, 0x9C, 0xED, 0xB9, 0x99, 0x88, 0x88, 0x87, 
	0x76, 0x55, 0x55, 0x54, 0x44, 0x43, 0x33, 0x32, 0x22, 0x22, 0x22, 0x34, 0x54, 0x45, 0x54, 
	0x43, 0x33, 0x32, 0x22, 0x12, 0x22, 0x22, 0x34, 0x31, 0x13, 0x45, 0x33, 0x33, 0x21, 0x20, 
	0x09, 0x9A, 0xAA, 0xAA, 0xAA, 0xAA, 0xAA, 0xAA, 0xAA, 0xAA, 0xAA, 0xBB, 0xBB, 0xBB, 0xBB, 
	0xCB, 0xBC, 0xCC, 0xBB, 0xBC, 0xCB, 0xBB, 0xBB, 0xBB, 0xBB, 0xCC, 0xCC, 0xCC, 0xCC, 0xCC, 
	0xCC, 0xCC, 0xCC, 0xCC, 0xCC, 0xCC, 0xCC, 0xCC, 0xCC, 0xCC, 0xCC, 0xCB, 0xBB, 0xBB, 0xBC, 
	0xCC, 0xCC, 0xCC, 0xCC, 0xCC, 0xCD, 0xDD, 0xDD, 0xCC, 0xCC, 0xCC, 0xCC, 0xCC, 0xCD, 0xDD, 
	0xDD, 0xDD, 0xDD, 0xDD, 0xDD, 0xDD, 0xDD, 0xDD, 0xDD, 0xDD, 0xDD, 0xCB, 0xAA, 0xBB, 0xCD, 
	0xDD, 0xDD, 0xDD, 0xDD, 0xDD, 0xDD, 0xDD, 0xDE, 0xDD, 0xDC, 0xDC, 0x97, 0x88, 0x87, 0x76, 
	0x54, 0x43, 0x23, 0x22, 0x12, 0x23, 0x32, 0x35, 0x66, 0x66, 0x66, 0x65, 0x67, 0x66, 0x67, 
	0x88, 0x88, 0x98, 0x89, 0x99, 0xAA, 0xA9, 0x99, 0x88, 0x76, 0x55, 0x43, 0x32, 0x22, 0x22, 
	0x23, 0x43, 0x34, 0x67, 0x89, 0x9A, 0xAA, 0x99, 0x88, 0x87, 0x77, 0x76, 0x66, 0x65, 0x56, 
	0x66, 0x66, 0x66, 0x66, 0x66, 0x56, 0x66, 0x68, 0x98, 0x87, 0x44, 0x44, 0x47, 0x88, 0x8C, 
	0xFF, 0xEF, 0xDD, 0xCC, 0xCD, 0xDD, 0xDE, 0xEE, 0xDD, 0xCB, 0xA9, 0x98, 0x89, 0x9A, 0xAA, 
	0x99, 0xAB, 0xBA, 0xCF, 0xFF, 0xFD, 0xAA, 0xAB, 0xBA, 0x9A, 0xBB, 0xBA, 0xAA, 0x99, 0x99, 
	0x99, 0x9A, 0xAA, 0xA9, 0x9A, 0x99, 0x98, 0x89, 0x99, 0x86, 0x55, 0x45, 0x56, 0x89, 0xAA, 
	0xAA, 0x98, 0x77, 0x78, 0x88, 0xAC, 0xCB, 0x75, 0x68, 0x88, 0x88, 0x77, 0x77, 0x87, 0x99, 
	0x9B, 0xBB, 0xA9, 0x99, 0xAA, 0xAA, 0xAB, 0xBB, 0xBA, 0xBC, 0xDD, 0xDD, 0xDD, 0xDD, 0xCC, 
	0xCC, 0xCD, 0xDD, 0xDD, 0xDD, 0xCC, 0xCC, 0xCC, 0xCC, 0xB9, 0x87, 0x77, 0x88, 0x89, 0xAA, 
	0xBB, 0xCC, 0x87, 0x88, 0x89, 0x99, 0xAE, 0xFF, 0xFF, 0xDB, 0x98, 0x89, 0xAA, 0xCE, 0xEF, 
	0xFE, 0xEE, 0xDD, 0xDC, 0xCB, 0xBB, 0xA9, 0x99, 0x9A, 0xAA, 0xA9, 0x98, 0x88, 0x88, 0x87, 
	0x65, 0x55, 0x55, 0x44, 0x34, 0x44, 0x33, 0x32, 0x22, 0x22, 0x22, 0x35, 0x54, 0x44, 0x44, 
	0x43, 0x33, 0x22, 0x22, 0x12, 0x22, 0x32, 0x34, 0x31, 0x12, 0x34, 0x43, 0x43, 0x22, 0x20, 
	0x09, 0x9A, 0xAA, 0xAA, 0xAA, 0xAA, 0xAA, 0xAA, 0xAA, 0xAA, 0xAA, 0xBB, 0xBB, 0xBB, 0xBB, 
	0xCC, 0xBC, 0xCC, 0xBB, 0xBC, 0xBB, 0xBB, 0xBB, 0xBB, 0xBB, 0xCC, 0xCC, 0xCC, 0xCC, 0xCC, 
	0xCC, 0xCC, 0xCC, 0xCC, 0xCC, 0xCC, 0xCC, 0xCC, 0xCC, 0xCC, 0xCC, 0xCC, 0xBB, 0xBB, 0xBC, 
	0xCC, 0xCC, 0xCC, 0xCC, 0xCC, 0xCC, 0xDD, 0xDD, 0xCC, 0xCC, 0xCC, 0xCC, 0xCC, 0xCD, 0xDD, 
	0xDD, 0xDD, 0xDD, 0xDC, 0xDD, 0xDD, 0xDD, 0xDD, 0xDD, 0xDD, 0xDD, 0xCB, 0xAA, 0xAB, 0xCD, 
	0xDD, 0xDD, 0xDD, 0xDD, 0xDD, 0xDD, 0xDD, 0xDE, 0xED, 0xCB, 0xCB, 0x88, 0x88, 0x77, 0x65, 
	0x54, 0x33, 0x33, 0x22, 0x21, 0x12, 0x32, 0x34, 0x56, 0x66, 0x65, 0x55, 0x67, 0x66, 0x67, 
	0x78, 0x88, 0x99, 0x99, 0x9A, 0xAA, 0xA9, 0x99, 0x88, 0x66, 0x64, 0x43, 0x22, 0x22, 0x22, 
	0x33, 0x44, 0x43, 0x47, 0x89, 0x99, 0xAA, 0xA9, 0x99, 0x98, 0x88, 0x77, 0x66, 0x55, 0x56, 
	0x66, 0x66, 0x66, 0x65, 0x56, 0x66, 0x66, 0x67, 0x99, 0x98, 0x54, 0x44, 0x45, 0x89, 0x8A, 
	0xEE, 0xFE, 0xDC, 0xCB, 0xBC, 0xDD, 0xDD, 0xDD, 0xDD, 0xCB, 0xAB, 0xCB, 0xA9, 0x99, 0x98, 
	0x88, 0x9A, 0xBB, 0xBD, 0xFF, 0xEB, 0xBA, 0xBC, 0xCA, 0xAA, 0xBB, 0xA9, 0x99, 0x99, 0x99, 
	0x88, 0x9A, 0xAA, 0x99, 0x99, 0x99, 0x98, 0x88, 0xAB, 0xA7, 0x56, 0x79, 0x98, 0x89, 0xAA, 
	0xAA, 0x98, 0x88, 0x78, 0x98, 0x8B, 0xCA, 0x65, 0x78, 0x98, 0x76, 0x77, 0x77, 0x77, 0x88, 
	0x8B, 0xBB, 0xAA, 0xAA, 0xAB, 0xBD, 0xDD, 0xDD, 0xDD, 0xDD, 0xDD, 0xCD, 0xDD, 0xCC, 0xDD, 
	0xDD, 0xDD, 0xDD, 0xDD, 0xDD, 0xDD, 0xDD, 0xDD, 0xCC, 0xCA, 0x98, 0x77, 0x77, 0x77, 0x77, 
	0x88, 0x9A, 0x98, 0x99, 0xAA, 0xBA, 0xBE, 0xFF, 0xFF, 0xDA, 0x98, 0x89, 0x9A, 0xBC, 0xDE, 
	0xED, 0xEE, 0xDD, 0xCC, 0xCB, 0xAB, 0xAA, 0x99, 0xAA, 0xAA, 0xAA, 0x99, 0x89, 0x98, 0x76, 
	0x55, 0x55, 0x44, 0x43, 0x44, 0x44, 0x43, 0x22, 0x22, 0x22, 0x22, 0x34, 0x54, 0x44, 0x44, 
	0x33, 0x32, 0x21, 0x22, 0x12, 0x21, 0x23, 0x34, 0x32, 0x22, 0x34, 0x33, 0x43, 0x22, 0x20, 
	0x09, 0x9A, 0xAA, 0xAA, 0xAA, 0xAA, 0xAA, 0xAA, 0xAA, 0xAA, 0xAA, 0xAB, 0xBB, 0xBB, 0xBB, 
	0xCC, 0xBC, 0xCC, 0xBB, 0xBB, 0xBB, 0xBB, 0xBB, 0xBB, 0xBB, 0xCC, 0xCC, 0xCC, 0xCC, 0xCC, 
	0xCC, 0xCC, 0xCC, 0xCC, 0xCC, 0xCC, 0xCC, 0xCC, 0xCC, 0xCC, 0xCC, 0xCC, 0xBB, 0xBB, 0xBB, 
	0xCC, 0xCC, 0xCC, 0xCC, 0xCC, 0xCC, 0xCD, 0xDD, 0xCC, 0xCC, 0xCC, 0xCC, 0xCC, 0xCD, 0xDD, 
	0xDD, 0xDD, 0xDD, 0xDC, 0xDD, 0xDD, 0xDD, 0xDD, 0xDD, 0xDD, 0xDD, 0xCB, 0xAA, 0xAC, 0xDD, 
	0xDD, 0xDD, 0xDD, 0xDE, 0xDD, 0xDD, 0xDD, 0xDD, 0xED, 0xDC, 0xC9, 0x88, 0x78, 0x77, 0x65, 
	0x54, 0x44, 0x33, 0x22, 0x22, 0x11, 0x12, 0x34, 0x56, 0x66, 0x65, 0x56, 0x67, 0x67, 0x77, 
	0x89, 0x98, 0x99, 0x99, 0x9A, 0xAA, 0xAA, 0x99, 0x87, 0x66, 0x55, 0x42, 0x22, 0x22, 0x22, 
	0x22, 0x34, 0x64, 0x46, 0x88, 0x99, 0x9A, 0xA9, 0x99, 0x98, 0x88, 0x76, 0x66, 0x55, 0x66, 
	0x66, 0x66, 0x56, 0x65, 0x56, 0x65, 0x66, 0x66, 0x67, 0x99, 0x64, 0x44, 0x44, 0x58, 0x99, 
	0xBD, 0xDC, 0xCB, 0xBA, 0xAB, 0xCD, 0xDD, 0xDD, 0xDC, 0xBA, 0xBC, 0xDC, 0xBA, 0x99, 0x88, 
	0x88, 0x99, 0xBC, 0xCE, 0xFF, 0xDA, 0xBA, 0xBB, 0xBB, 0xAA, 0xAA, 0xA9, 0x99, 0x88, 0x88, 
	0x88, 0x89, 0x99, 0x99, 0x98, 0x89, 0x88, 0x78, 0xAC, 0xDB, 0x88, 0xAC, 0xBA, 0x9A, 0xAA, 
	0xAA, 0x98, 0x99, 0x89, 0x99, 0x88, 0x86, 0x45, 0x78, 0x98, 0x76, 0x67, 0x77, 0x77, 0x88, 
	0x8A, 0xAB, 0xBA, 0xAB, 0xCD, 0xDD, 0xDC, 0xCC, 0xCC, 0xCB, 0xCC, 0xCC, 0xCC, 0xCC, 0xCC, 
	0xCC, 0xCC, 0xCC, 0xCC, 0xCC, 0xCC, 0xCC, 0xDD, 0xDD, 0xDD, 0xCC, 0xBA, 0x87, 0x67, 0x77, 
	0x67, 0x87, 0x88, 0x99, 0xAA, 0xBB, 0xDD, 0xEE, 0xFE, 0xB9, 0x98, 0x88, 0x9A, 0xBC, 0xCC, 
	0xDD, 0xDD, 0xDD, 0xCC, 0xCB, 0xAA, 0xAA, 0x99, 0xAA, 0xAA, 0xA9, 0x99, 0x99, 0xA9, 0x88, 
	0x76, 0x66, 0x65, 0x55, 0x55, 0x55, 0x43, 0x22, 0x12, 0x12, 0x21, 0x23, 0x44, 0x44, 0x44, 
	0x34, 0x33, 0x21, 0x11, 0x21, 0x11, 0x12, 0x22, 0x32, 0x22, 0x23, 0x33, 0x53, 0x22, 0x20, 
	0x09, 0x9A, 0xAA, 0xAA, 0xAA, 0xAA, 0xAA, 0xAA, 0xAA, 0xAA, 0xAA, 0xAB, 0xBB, 0xBB, 0xBB, 
	0xCC, 0xBB, 0xCB, 0xBB, 0xBB, 0xBB, 0xBB, 0xCC, 0xBB, 0xBB, 0xCC, 0xCC, 0xCC, 0xCC, 0xCC, 
	0xCC, 0xCC, 0xCC, 0xCC, 0xCC, 0xCC, 0xCC, 0xCC, 0xCC, 0xCC, 0xCC, 0xCC, 0xBB, 0xBB, 0xBB, 
	0xCC, 0xCC, 0xCC, 0xCC, 0xCC, 0xCC, 0xCD, 0xDD, 0xCC, 0xCC, 0xCC, 0xCC, 0xCC, 0xCD, 0xDD, 
	0xDD, 0xDD, 0xDD, 0xDD, 0xDD, 0xDD, 0xDD, 0xDD, 0xDD, 0xDD, 0xDD, 0xDC, 0xAA, 0xAB, 0xCD, 
	0xDB, 0xBB, 0xBC, 0xCD, 0xDD, 0xDD, 0xDD, 0xDD, 0xED, 0xDD, 0xB8, 0x87, 0x77, 0x76, 0x65, 
	0x44, 0x43, 0x22, 0x22, 0x22, 0x21, 0x01, 0x23, 0x55, 0x66, 0x65, 0x66, 0x66, 0x68, 0x88, 
	0x99, 0x99, 0x99, 0x99, 0x9A, 0xAA, 0xAA, 0x98, 0x87, 0x76, 0x65, 0x32, 0x22, 0x22, 0x22, 
	0x23, 0x33, 0x66, 0x55, 0x78, 0x88, 0x99, 0x99, 0x99, 0x99, 0x98, 0x87, 0x76, 0x55, 0x55, 
	0x66, 0x66, 0x66, 0x66, 0x56, 0x65, 0x65, 0x66, 0x66, 0x79, 0x95, 0x45, 0x44, 0x45, 0x78, 
	0x8A, 0x9A, 0xAA, 0x98, 0x9A, 0xBC, 0xCC, 0xCD, 0xCB, 0xAA, 0xAC, 0xCC, 0xCB, 0xB9, 0x89, 
	0xA9, 0x9A, 0xBC, 0xDF, 0xFF, 0xEA, 0xAB, 0xBB, 0xBB, 0xAA, 0xAA, 0x99, 0x99, 0x88, 0x89, 
	0x88, 0x99, 0x99, 0x99, 0x98, 0x8A, 0xBA, 0x77, 0xAC, 0xCC, 0x9A, 0xCC, 0xCC, 0xAB, 0xBB, 
	0xBA, 0xA9, 0xAA, 0x99, 0x99, 0x86, 0x65, 0x45, 0x68, 0x99, 0x76, 0x66, 0x77, 0x77, 0x87, 
	0x78, 0x9A, 0xBC, 0xDD, 0xDD, 0xCC, 0xCB, 0xCC, 0xBB, 0xCB, 0xBB, 0xCC, 0xCB, 0xBB, 0xBB, 
	0xBB, 0xBB, 0xBB, 0xCC, 0xCC, 0xCC, 0xCC, 0xCC, 0xDC, 0xCD, 0xDD, 0xDC, 0xCA, 0x98, 0x76, 
	0x66, 0x76, 0x77, 0x88, 0x88, 0x88, 0x9A, 0xCD, 0xED, 0xA9, 0x88, 0x89, 0x9A, 0xCE, 0xDC, 
	0xCC, 0xDD, 0xDD, 0xDC, 0xCB, 0xAA, 0xAA, 0x99, 0xAA, 0xAA, 0xAA, 0xA9, 0x9A, 0xAA, 0x98, 
	0x88, 0x78, 0x87, 0x77, 0x77, 0x77, 0x76, 0x55, 0x44, 0x44, 0x33, 0x34, 0x44, 0x44, 0x44, 
	0x33, 0x33, 0x21, 0x11, 0x21, 0x12, 0x12, 0x22, 0x22, 0x22, 0x22, 0x33, 0x43, 0x23, 0x30, 
	0x09, 0x9A, 0xAA, 0xAA, 0xAA, 0xAA, 0xAA, 0xAA, 0xAA, 0xAA, 0xAA, 0xAB, 0xBB, 0xBB, 0xBB, 
	0xCB, 0xBB, 0xBB, 0xBB, 0xBC, 0xCB, 0xBB, 0xBB, 0xBB, 0xCB, 0xCC, 0xCC, 0xCC, 0xCC, 0xCC, 
	0xCC, 0xCC, 0xCC, 0xCC, 0xCC, 0xCC, 0xCC, 0xCC, 0xCC, 0xCC, 0xCC, 0xCC, 0xBB, 0xBB, 0xBB, 
	0xCC, 0xCC, 0xCC, 0xCC, 0xCC, 0xCC, 0xCD, 0xDD, 0xDC, 0xCC, 0xCC, 0xCC, 0xCC, 0xCD, 0xDD, 
	0xDD, 0xDD, 0xDD, 0xDD, 0xDD, 0xDD, 0xDD, 0xDD, 0xDD, 0xDD, 0xDD, 0xDC, 0xAA, 0xAB, 0xCD, 
	0xB8, 0x78, 0x99, 0xAA, 0xBD, 0xDE, 0xED, 0xEE, 0xEE, 0xDD, 0x97, 0x87, 0x87, 0x76, 0x54, 
	0x44, 0x32, 0x22, 0x22, 0x12, 0x22, 0x12, 0x23, 0x45, 0x66, 0x56, 0x66, 0x66, 0x68, 0x99, 
	0x99, 0x99, 0x99, 0x99, 0x99, 0xAA, 0xAA, 0x98, 0x87, 0x65, 0x75, 0x32, 0x12, 0x22, 0x23, 
	0x33, 0x44, 0x68, 0x65, 0x77, 0x88, 0x88, 0x99, 0x99, 0x99, 0x88, 0x77, 0x65, 0x55, 0x56, 
	0x66, 0x66, 0x66, 0x66, 0x55, 0x55, 0x55, 0x66, 0x66, 0x67, 0xA8, 0x54, 0x54, 0x54, 0x58, 
	0x87, 0x78, 0x88, 0x77, 0x8A, 0xBB, 0xBB, 0xBB, 0xBA, 0x99, 0xAB, 0xCC, 0xCC, 0xCA, 0x9B, 
	0xCB, 0xAB, 0xBC, 0xDF, 0xFF, 0xEA, 0x9A, 0xAA, 0xAA, 0xAA, 0xAA, 0xA9, 0x98, 0x87, 0x88, 
	0x88, 0x99, 0x88, 0x88, 0x88, 0x9C, 0xCB, 0x85, 0x6A, 0xCC, 0x89, 0xCC, 0xCC, 0xCC, 0xCC, 
	0xCB, 0xBB, 0xAA, 0xAA, 0x98, 0x78, 0xA8, 0x55, 0x66, 0x88, 0x66, 0x78, 0x77, 0x76, 0x77, 
	0x67, 0x8A, 0xCD, 0xDD, 0xCC, 0xBC, 0xBB, 0xBB, 0xBB, 0xBB, 0xBB, 0xBB, 0xBB, 0xBB, 0xAB, 
	0xBB, 0xBB, 0xBB, 0xBB, 0xBB, 0xBB, 0xCC, 0xCC, 0xCC, 0xCC, 0xDC, 0xDD, 0xCC, 0xCC, 0xA9, 
	0x76, 0x66, 0x66, 0x67, 0x78, 0x88, 0x77, 0x78, 0xBB, 0xBA, 0x88, 0x89, 0xAC, 0xDF, 0xEC, 
	0xCC, 0xCC, 0xCD, 0xDC, 0xCB, 0xBA, 0xAA, 0xAA, 0xAB, 0xBB, 0xAB, 0xBA, 0xAA, 0xAA, 0xA9, 
	0x98, 0x89, 0x99, 0x99, 0x99, 0x99, 0x99, 0x98, 0x88, 0x88, 0x77, 0x77, 0x77, 0x76, 0x55, 
	0x44, 0x43, 0x21, 0x11, 0x22, 0x22, 0x11, 0x22, 0x11, 0x22, 0x23, 0x43, 0x44, 0x34, 0x50, 
	0x09, 0x9A, 0xAA, 0xAA, 0xAA, 0xAA, 0xAA, 0xAA, 0xAA, 0xAA, 0xAA, 0xAB, 0xBB, 0xBB, 0xBB, 
	0xCB, 0xBB, 0xBB, 0xBB, 0xCC, 0xCB, 0xBB, 0xBB, 0xBB, 0xCB, 0xBC, 0xCC, 0xCC, 0xCC, 0xCC, 
	0xCC, 0xCC, 0xCC, 0xCC, 0xCC, 0xCC, 0xCC, 0xCC, 0xCC, 0xCC, 0xCC, 0xCC, 0xBB, 0xBB, 0xBB, 
	0xCC, 0xCC, 0xCC, 0xCC, 0xCC, 0xCC, 0xCD, 0xDD, 0xDC, 0xCC, 0xCC, 0xCC, 0xCC, 0xCD, 0xDD, 
	0xDD, 0xDD, 0xDD, 0xDC, 0xDD, 0xDD, 0xDD, 0xDD, 0xDD, 0xDD, 0xDD, 0xDC, 0xBA, 0xAB, 0xCC, 
	0x96, 0x66, 0x78, 0x88, 0x9A, 0xDE, 0xED, 0xEE, 0xEE, 0xEC, 0x87, 0x88, 0x77, 0x66, 0x54, 
	0x54, 0x22, 0x12, 0x22, 0x22, 0x22, 0x21, 0x23, 0x45, 0x66, 0x56, 0x66, 0x66, 0x79, 0x99, 
	0x99, 0x99, 0x99, 0x99, 0x99, 0x9A, 0xAA, 0x98, 0x87, 0x67, 0x65, 0x22, 0x11, 0x22, 0x22, 
	0x34, 0x75, 0x69, 0x75, 0x67, 0x87, 0x78, 0x89, 0x99, 0x99, 0x99, 0x86, 0x65, 0x55, 0x56, 
	0x65, 0x66, 0x66, 0x65, 0x55, 0x55, 0x56, 0x66, 0x66, 0x67, 0x79, 0x84, 0x44, 0x44, 0x45, 
	0x88, 0x87, 0x88, 0x88, 0x89, 0xAA, 0xAB, 0xAA, 0xA9, 0x99, 0x9A, 0xBC, 0xCC, 0xBB, 0xAB, 
	0xCC, 0xBB, 0xBC, 0xDD, 0xFE, 0xCA, 0xA9, 0x99, 0xAA, 0xAA, 0xAA, 0xA9, 0x88, 0x77, 0x77, 
	0x77, 0x89, 0x88, 0x77, 0x78, 0x8B, 0xBA, 0x76, 0x66, 0x88, 0x99, 0xAC, 0xDD, 0xDD, 0xDD, 
	0xCC, 0xCB, 0xBA, 0x99, 0x87, 0x79, 0xAA, 0x75, 0x56, 0x89, 0x99, 0x9A, 0xA9, 0x87, 0x77, 
	0x69, 0xCD, 0xDC, 0xCC, 0xCB, 0xBB, 0xBB, 0xAB, 0xBB, 0xBB, 0xBB, 0xBB, 0xAA, 0xAA, 0xAB, 
	0xAA, 0xBB, 0xAB, 0xBB, 0xBB, 0xBB, 0xBB, 0xBC, 0xCC, 0xCC, 0xCC, 0xCD, 0xDC, 0xCD, 0xDC, 
	0xCB, 0x97, 0x66, 0x66, 0x67, 0x78, 0x87, 0x67, 0x67, 0x9B, 0xA8, 0x89, 0xBF, 0xFF, 0xEC, 
	0xBC, 0xCC, 0xCC, 0xCC, 0xCB, 0xAA, 0xAA, 0xAB, 0xBB, 0xBC, 0xCC, 0xBB, 0xAB, 0xAA, 0xA9, 
	0x98, 0x89, 0x9A, 0xAA, 0xAA, 0xAA, 0xAA, 0xAA, 0xAA, 0xAA, 0xAA, 0xA9, 0x99, 0x98, 0x88, 
	0x87, 0x66, 0x43, 0x22, 0x22, 0x21, 0x12, 0x22, 0x11, 0x21, 0x13, 0x43, 0x34, 0x45, 0x60, 
	0x09, 0x9A, 0xAA, 0xAA, 0xAA, 0xAA, 0xAA, 0xAA, 0xAA, 0xAA, 0xAA, 0xAB, 0xBB, 0xBB, 0xBB, 
	0xCB, 0xBB, 0xBC, 0xCB, 0xBB, 0xBB, 0xBB, 0xBC, 0xBB, 0xBB, 0xBC, 0xCC, 0xCC, 0xCC, 0xCC, 
	0xCC, 0xCC, 0xCC, 0xCC, 0xCC, 0xCC, 0xCC, 0xCC, 0xCC, 0xCC, 0xCC, 0xCC, 0xCB, 0xBB, 0xBB, 
	0xCC, 0xCC, 0xCC, 0xCC, 0xCC, 0xCC, 0xCC, 0xCD, 0xDD, 0xCC, 0xCC, 0xCC, 0xCC, 0xCD, 0xDD, 
	0xDD, 0xDD, 0xDD, 0xDD, 0xDC, 0xDD, 0xDD, 0xDD, 0xDD, 0xDD, 0xDD, 0xDC, 0xBA, 0xAB, 0xCC, 
	0x66, 0x55, 0x67, 0x88, 0x89, 0xAE, 0xED, 0xEF, 0xFF, 0xEA, 0x78, 0x87, 0x77, 0x65, 0x55, 
	0x53, 0x11, 0x22, 0x22, 0x22, 0x23, 0x21, 0x33, 0x45, 0x66, 0x65, 0x65, 0x67, 0x88, 0x99, 
	0x98, 0x89, 0x99, 0x99, 0x99, 0x99, 0x99, 0x99, 0x87, 0x57, 0x65, 0x21, 0x11, 0x22, 0x22, 
	0x24, 0x78, 0x47, 0x87, 0x65, 0x99, 0x87, 0x78, 0x88, 0x89, 0x99, 0x88, 0x77, 0x66, 0x66, 
	0x66, 0x66, 0x66, 0x66, 0x65, 0x55, 0x55, 0x66, 0x66, 0x66, 0x67, 0xA6, 0x44, 0x44, 0x44, 
	0x68, 0x78, 0x88, 0x88, 0x89, 0x99, 0xAA, 0xA9, 0x98, 0x89, 0xAA, 0xBE, 0xEE, 0xDA, 0xAB, 
	0xCC, 0xBB, 0xBC, 0xCC, 0xCB, 0xBA, 0xA9, 0x98, 0x9A, 0xAA, 0xAA, 0x99, 0x87, 0x76, 0x66, 
	0x67, 0x88, 0x87, 0x77, 0x77, 0x89, 0xA7, 0x56, 0x67, 0x88, 0xA9, 0xAC, 0xDD, 0xED, 0xDD, 
	0xDD, 0xCC, 0xBB, 0xA8, 0x77, 0x79, 0xBA, 0x87, 0x78, 0xAB, 0xBA, 0xAA, 0xAA, 0xA9, 0x76, 
	0x8D, 0xDC, 0xCB, 0xBB, 0xBB, 0xBA, 0xBA, 0xAB, 0xAA, 0xAA, 0xAA, 0xBA, 0xAA, 0x9A, 0xAA, 
	0xAA, 0xAB, 0xBA, 0xBB, 0xAA, 0xAB, 0xBB, 0xBB, 0xBB, 0xBC, 0xCC, 0xCC, 0xCC, 0xCC, 0xCC, 
	0xDD, 0xCB, 0xA9, 0x76, 0x66, 0x67, 0x77, 0x76, 0x66, 0x68, 0xAA, 0x9A, 0xEF, 0xFF, 0xEC, 
	0xBC, 0xCC, 0xBB, 0xBB, 0xBB, 0xA9, 0xAA, 0xBB, 0xBD, 0xEF, 0xFF, 0xEC, 0xBA, 0xAA, 0xA9, 
	0x88, 0x88, 0x9A, 0xAB, 0xBA, 0xBA, 0xAA, 0xAA, 0xAA, 0xAB, 0xAA, 0xAA, 0xAA, 0xAA, 0xAA, 
	0x99, 0x98, 0x87, 0x65, 0x43, 0x21, 0x11, 0x12, 0x21, 0x22, 0x23, 0x44, 0x34, 0x56, 0x60, 
	0x09, 0x9A, 0xAA, 0xAA, 0xAA, 0xAA, 0xAA, 0xA9, 0xAA, 0xAA, 0xAA, 0xAB, 0xBB, 0xBB, 0xBB, 
	0xCB, 0xBB, 0xBC, 0xCB, 0xBB, 0xCB, 0xBB, 0xBC, 0xCB, 0xBB, 0xBC, 0xCC, 0xCC, 0xCC, 0xCC, 
	0xCC, 0xCC, 0xCC, 0xCC, 0xCC, 0xCC, 0xCC, 0xCC, 0xCC, 0xCC, 0xCC, 0xCC, 0xCB, 0xBB, 0xBC, 
	0xCC, 0xCC, 0xCC, 0xCC, 0xCC, 0xCC, 0xCC, 0xCD, 0xDD, 0xCC, 0xCC, 0xCC, 0xCC, 0xCD, 0xDD, 
	0xDD, 0xDD, 0xDD, 0xDD, 0xDD, 0xDD, 0xDD, 0xDD, 0xDD, 0xDD, 0xDD, 0xDC, 0xBA, 0xAB, 0xCC, 
	0x95, 0x55, 0x56, 0x77, 0x88, 0x9C, 0xEE, 0xEF, 0xFF, 0xE9, 0x77, 0x77, 0x66, 0x55, 0x55, 
	0x43, 0x11, 0x11, 0x12, 0x22, 0x23, 0x21, 0x23, 0x45, 0x55, 0x55, 0x55, 0x67, 0x88, 0x98, 
	0x88, 0x88, 0x88, 0x99, 0x99, 0x98, 0x88, 0x89, 0x86, 0x37, 0x65, 0x31, 0x11, 0x21, 0x12, 
	0x33, 0x44, 0x47, 0x87, 0x56, 0x9A, 0x97, 0x66, 0x78, 0x98, 0x88, 0x88, 0x87, 0x76, 0x56, 
	0x66, 0x66, 0x66, 0x66, 0x66, 0x55, 0x66, 0x66, 0x66, 0x66, 0x66, 0x89, 0x85, 0x44, 0x45, 
	0x45, 0x87, 0x88, 0x88, 0x98, 0x88, 0x99, 0x99, 0x98, 0x89, 0x9A, 0xDF, 0xFF, 0xEB, 0xAB, 
	0xCB, 0xBB, 0xBB, 0xCB, 0xBB, 0xAA, 0xA9, 0x98, 0x88, 0x9A, 0xA9, 0x99, 0x98, 0x76, 0x56, 
	0x67, 0x89, 0x87, 0x77, 0x77, 0x89, 0x76, 0x55, 0x7A, 0xBB, 0xAA, 0xBD, 0xDE, 0xEE, 0xED, 
	0xDC, 0xCC, 0xBA, 0x98, 0x88, 0x78, 0x99, 0x99, 0x9A, 0xBB, 0xBA, 0xAA, 0xAB, 0xBA, 0x99, 
	0xCD, 0xBB, 0xBB, 0xBB, 0xBB, 0xAA, 0xAA, 0xAA, 0xAA, 0xAA, 0xAA, 0xAA, 0xAA, 0x9A, 0xAA, 
	0xAA, 0xAA, 0xAA, 0xAA, 0xAA, 0xAA, 0xAB, 0xAB, 0xBB, 0xBB, 0xBC, 0xCC, 0xCC, 0xCC, 0xCC, 
	0xCC, 0xDD, 0xDC, 0xA8, 0x65, 0x66, 0x77, 0x77, 0x66, 0x65, 0x7A, 0xBB, 0xFF, 0xFF, 0xEC, 
	0xBB, 0xCC, 0xCB, 0xBB, 0xAA, 0xA9, 0xAA, 0xBC, 0xEF, 0xFF, 0xFF, 0xFD, 0xBB, 0xAA, 0xA9, 
	0x88, 0x88, 0x9A, 0xAB, 0xBA, 0xAA, 0xAA, 0xAA, 0xAA, 0xAA, 0xAA, 0xAA, 0xAA, 0xAA, 0xAA, 
	0xAA, 0xAA, 0xA9, 0x98, 0x87, 0x54, 0x21, 0x22, 0x32, 0x22, 0x22, 0x44, 0x44, 0x56, 0x70, 
	0x09, 0x99, 0xAA, 0xAA, 0xAA, 0xAA, 0xAA, 0xAA, 0xAA, 0xAA, 0xAA, 0xAB, 0xBB, 0xBB, 0xBB, 
	0xCC, 0xBB, 0xCC, 0xCB, 0xBC, 0xCC, 0xBB, 0xCC, 0xCC, 0xCC, 0xBC, 0xCC, 0xCC, 0xCC, 0xCC, 
	0xCC, 0xCC, 0xCC, 0xCC, 0xCC, 0xCC, 0xCC, 0xCC, 0xCC, 0xCC, 0xCC, 0xCC, 0xCB, 0xBB, 0xBC, 
	0xCC, 0xCC, 0xCC, 0xCC, 0xCC, 0xCC, 0xCC, 0xDD, 0xDD, 0xCC, 0xCC, 0xCC, 0xCC, 0xCD, 0xDD, 
	0xDD, 0xDD, 0xDD, 0xDD, 0xCD, 0xDD, 0xDD, 0xDD, 0xDD, 0xDD, 0xDD, 0xDC, 0xBA, 0xAB, 0xCD, 
	0xB5, 0x54, 0x55, 0x66, 0x89, 0x9B, 0xDE, 0xFF, 0xFF, 0xE8, 0x77, 0x76, 0x66, 0x65, 0x45, 
	0x42, 0x12, 0x11, 0x11, 0x11, 0x12, 0x12, 0x33, 0x45, 0x55, 0x54, 0x55, 0x67, 0x78, 0x87, 
	0x88, 0x78, 0x88, 0x88, 0x99, 0x88, 0x77, 0x99, 0x75, 0x37, 0x75, 0x42, 0x21, 0x21, 0x11, 
	0x23, 0x22, 0x57, 0x65, 0x68, 0x99, 0x99, 0x76, 0x67, 0x78, 0x89, 0x98, 0x88, 0x77, 0x65, 
	0x66, 0x66, 0x66, 0x66, 0x66, 0x66, 0x56, 0x65, 0x66, 0x55, 0x66, 0x68, 0x97, 0x44, 0x44, 
	0x44, 0x58, 0x98, 0x88, 0x88, 0x99, 0xAA, 0xAA, 0x99, 0x89, 0x9A, 0xEF, 0xFF, 0xFC, 0xAB, 
	0xBB, 0xBB, 0xBB, 0xBA, 0xAA, 0xAA, 0xA9, 0x98, 0x77, 0x9A, 0xA9, 0x88, 0x88, 0x76, 0x67, 
	0x77, 0x89, 0x87, 0x66, 0x76, 0x89, 0x87, 0x55, 0x8B, 0xCB, 0xAC, 0xCD, 0xEE, 0xEE, 0xEE, 
	0xDD, 0xBA, 0x99, 0x87, 0x78, 0x88, 0x9A, 0xAA, 0x9A, 0xBC, 0xCB, 0xAA, 0xAB, 0xCC, 0xCD, 
	0xCB, 0xBB, 0xBB, 0xBA, 0xAA, 0xAA, 0xAA, 0xAA, 0xAA, 0xAA, 0xAA, 0xAA, 0xAA, 0x9A, 0xAA, 
	0xAA, 0xAA, 0xAA, 0xAA, 0xAA, 0xAA, 0xAA, 0xAB, 0xBB, 0xBB, 0xBB, 0xBC, 0xCC, 0xCC, 0xCC, 
	0xDD, 0xCC, 0xCD, 0xDC, 0xB8, 0x66, 0x66, 0x77, 0x76, 0x56, 0x67, 0xBC, 0xFF, 0xFF, 0xEB, 
	0xBB, 0xBC, 0xCB, 0xBA, 0x99, 0x98, 0x9A, 0xBD, 0xFF, 0xFF, 0xFF, 0xFD, 0xBB, 0xAA, 0x99, 
	0x88, 0x88, 0x9A, 0xAA, 0xAA, 0xAA, 0xAA, 0xAA, 0xAA, 0xAA, 0xAA, 0xAA, 0xAA, 0xAA, 0xAA, 
	0xAA, 0xAA, 0xAA, 0xAA, 0xA9, 0x87, 0x64, 0x33, 0x32, 0x33, 0x33, 0x44, 0x55, 0x66, 0x70, 
	0x09, 0x99, 0xAA, 0xAA, 0xAA, 0xAA, 0xAA, 0xAA, 0xAA, 0xAA, 0xAA, 0xAB, 0xBB, 0xBB, 0xBB, 
	0xCC, 0xBB, 0xCC, 0xCB, 0xBC, 0xCC, 0xBB, 0xCC, 0xCC, 0xCC, 0xBC, 0xCC, 0xCC, 0xCC, 0xCC, 
	0xCC, 0xCC, 0xCC, 0xCC, 0xCC, 0xCC, 0xCC, 0xCC, 0xCC, 0xCC, 0xCC, 0xCC, 0xCB, 0xBB, 0xBC, 
	0xCC, 0xCC, 0xCC, 0xCC, 0xCC, 0xCC, 0xCC, 0xDD, 0xDD, 0xCC, 0xCC, 0xCC, 0xCC, 0xCD, 0xDD, 
	0xDD, 0xDD, 0xDD, 0xDD, 0xCD, 0xDD, 0xDD, 0xDD, 0xDD, 0xDD, 0xDD, 0xDC, 0xBA, 0xAB, 0xCD, 
	0xD9, 0x54, 0x45, 0x67, 0x78, 0x9A, 0xAC, 0xFF, 0xFF, 0xC7, 0x77, 0x76, 0x67, 0x64, 0x45, 
	0x42, 0x11, 0x11, 0x11, 0x12, 0x12, 0x13, 0x34, 0x45, 0x55, 0x55, 0x56, 0x67, 0x77, 0x77, 
	0x77, 0x77, 0x78, 0x88, 0x88, 0x88, 0x77, 0x89, 0x85, 0x45, 0x76, 0x53, 0x11, 0x11, 0x11, 
	0x12, 0x23, 0x67, 0x54, 0x69, 0x99, 0x9A, 0x99, 0x87, 0x77, 0x88, 0x88, 0x88, 0x77, 0x65, 
	0x66, 0x66, 0x66, 0x66, 0x65, 0x65, 0x55, 0x66, 0x66, 0x76, 0x56, 0x76, 0x89, 0x75, 0x54, 
	0x44, 0x46, 0x98, 0x88, 0x89, 0x9A, 0xAA, 0xAA, 0x99, 0x99, 0x9A, 0xFF, 0xFF, 0xEB, 0xBB, 
	0xBB, 0xBB, 0xAA, 0xAA, 0xAB, 0xBA, 0xA9, 0x98, 0x77, 0x8A, 0x99, 0x88, 0x87, 0x65, 0x66, 
	0x77, 0x88, 0x87, 0x66, 0x77, 0x8B, 0xB9, 0x77, 0x8B, 0xBA, 0xBC, 0xDD, 0xEE, 0xEE, 0xEE, 
	0xEE, 0xCA, 0x76, 0x77, 0x88, 0x89, 0xAA, 0xAA, 0xA9, 0xBD, 0xDC, 0xAA, 0xAB, 0xCD, 0xDC, 
	0xBB, 0xAA, 0xAA, 0xAA, 0xAA, 0xAA, 0xAA, 0xAA, 0x9A, 0xAA, 0x9A, 0x9A, 0xA9, 0xA9, 0xAA, 
	0xAA, 0xAA, 0xAA, 0xAA, 0xAA, 0xAA, 0xAA, 0xAB, 0xBB, 0xBB, 0xBB, 0xBB, 0xBC, 0xCC, 0xCC, 
	0xCC, 0xCC, 0xCD, 0xDD, 0xCC, 0xA9, 0x87, 0x67, 0x77, 0x65, 0x66, 0x7B, 0xEF, 0xFF, 0xDB, 
	0xBB, 0xBB, 0xBB, 0xA9, 0x88, 0x88, 0x9A, 0xCE, 0xFF, 0xFF, 0xFF, 0xED, 0xCB, 0xA9, 0x99, 
	0x99, 0x99, 0xAA, 0xAA, 0xAA, 0xAA, 0xAA, 0xAA, 0xAA, 0xAA, 0xAA, 0xAA, 0xAA, 0xAA, 0xAA, 
	0xAA, 0xAA, 0xAA, 0xAA, 0xAA, 0x99, 0x98, 0x76, 0x42, 0x23, 0x34, 0x45, 0x66, 0x67, 0x70, 
	0x09, 0x99, 0xAA, 0xAA, 0xAA, 0xAA, 0xAA, 0xAA, 0xAA, 0xAA, 0xAA, 0xAB, 0xBB, 0xBB, 0xBB, 
	0xCC, 0xBB, 0xCC, 0xCB, 0xBC, 0xCC, 0xBB, 0xCC, 0xCC, 0xCC, 0xCC, 0xCC, 0xCC, 0xCC, 0xCC, 
	0xCC, 0xCC, 0xCC, 0xCC, 0xCC, 0xCC, 0xCC, 0xCC, 0xCD, 0xDC, 0xCC, 0xCC, 0xCB, 0xBB, 0xBC, 
	0xCC, 0xCC, 0xCC, 0xCC, 0xCC, 0xCC, 0xCD, 0xDD, 0xDD, 0xCC, 0xCC, 0xCC, 0xCC, 0xCD, 0xDD, 
	0xDD, 0xDD, 0xDD, 0xDD, 0xCD, 0xDD, 0xDD, 0xDD, 0xDD, 0xDD, 0xDD, 0xDC, 0xBA, 0xAB, 0xCD, 
	0xDC, 0x86, 0x54, 0x78, 0x78, 0x9A, 0x88, 0xBE, 0xFF, 0x97, 0x76, 0x66, 0x67, 0x63, 0x35, 
	0x42, 0x11, 0x11, 0x11, 0x11, 0x11, 0x23, 0x44, 0x45, 0x55, 0x56, 0x66, 0x67, 0x76, 0x77, 
	0x77, 0x77, 0x77, 0x77, 0x88, 0x87, 0x76, 0x69, 0x97, 0x65, 0x67, 0x65, 0x21, 0x00, 0x12, 
	0x22, 0x25, 0x75, 0x55, 0x89, 0x9A, 0x99, 0x99, 0x99, 0x88, 0x78, 0x88, 0x88, 0x87, 0x76, 
	0x66, 0x66, 0x66, 0x66, 0x66, 0x56, 0x56, 0x65, 0x66, 0x66, 0x55, 0x76, 0x78, 0x97, 0x54, 
	0x44, 0x54, 0x79, 0x98, 0x89, 0x9A, 0xAA, 0xA9, 0x99, 0x99, 0x99, 0xCE, 0xED, 0xCC, 0xBB, 
	0xBB, 0xBA, 0xAA, 0xAA, 0xAB, 0xBA, 0xA9, 0x98, 0x77, 0x89, 0x99, 0x98, 0x87, 0x65, 0x56, 
	0x67, 0x78, 0x88, 0x77, 0x67, 0xAD, 0xDC, 0xA9, 0x9A, 0xAA, 0xBC, 0xDD, 0xDE, 0xEF, 0xFF, 
	0xFE, 0xEC, 0x86, 0x67, 0x89, 0x9A, 0xAA, 0xBA, 0xAA, 0xBD, 0xED, 0xB9, 0x9B, 0xDD, 0xCB, 
	0xBA, 0xAA, 0xAA, 0xAA, 0xAA, 0xAA, 0xAA, 0xAA, 0x9A, 0x99, 0x99, 0x99, 0x99, 0x99, 0x99, 
	0x99, 0x99, 0x9A, 0xAA, 0xAA, 0xAA, 0xAA, 0xAA, 0xAA, 0xAB, 0xBB, 0xBB, 0xBB, 0xCC, 0xCC, 
	0xCC, 0xCC, 0xCD, 0xDD, 0xCD, 0xDC, 0xA8, 0x77, 0x77, 0x76, 0x66, 0x68, 0xCE, 0xED, 0xCC, 
	0xBB, 0xBA, 0xA9, 0x98, 0x77, 0x78, 0x9B, 0xCD, 0xFF, 0xFF, 0xFF, 0xED, 0xCB, 0xA9, 0x99, 
	0x99, 0xAA, 0xAB, 0xAA, 0xAA, 0xAA, 0xAA, 0xAA, 0xAA, 0xAA, 0xAA, 0xAA, 0xAA, 0xAA, 0xAA, 
	0xA9, 0x9A, 0x99, 0x99, 0xAA, 0xAA, 0xAA, 0x98, 0x75, 0x32, 0x34, 0x45, 0x56, 0x77, 0x70, 
	0x09, 0x99, 0xAA, 0xAA, 0xAA, 0xAA, 0xAA, 0xAA, 0xAA, 0xAA, 0xAA, 0xAB, 0xBB, 0xBB, 0xBB, 
	0xCC, 0xCB, 0xCC, 0xCB, 0xBC, 0xCC, 0xBB, 0xBC, 0xCC, 0xCC, 0xCC, 0xCC, 0xCC, 0xCC, 0xCC, 
	0xCC, 0xCC, 0xCC, 0xCC, 0xCC, 0xCC, 0xCC, 0xCC, 0xCD, 0xDC, 0xCC, 0xCC, 0xCB, 0xBB, 0xBC, 
	0xCC, 0xCC, 0xCC, 0xCC, 0xCC, 0xCC, 0xDD, 0xDD, 0xDD, 0xCC, 0xCC, 0xCC, 0xCC, 0xCD, 0xDD, 
	0xDD, 0xDD, 0xDD, 0xDD, 0xDD, 0xDD, 0xDD, 0xDD, 0xDD, 0xDD, 0xDD, 0xDC, 0xBA, 0xAA, 0xCD, 
	0xDD, 0xCB, 0xA7, 0x78, 0x89, 0x9A, 0x87, 0x8B, 0xDD, 0x87, 0x66, 0x66, 0x77, 0x64, 0x35, 
	0x43, 0x12, 0x21, 0x11, 0x10, 0x12, 0x34, 0x44, 0x55, 0x56, 0x67, 0x77, 0x77, 0x77, 0x77, 
	0x77, 0x77, 0x77, 0x77, 0x78, 0x87, 0x76, 0x67, 0x79, 0x76, 0x57, 0x75, 0x53, 0x21, 0x11, 
	0x13, 0x46, 0x55, 0x68, 0x99, 0x89, 0x88, 0x88, 0x88, 0x87, 0x77, 0x88, 0x78, 0x88, 0x76, 
	0x65, 0x56, 0x66, 0x56, 0x66, 0x56, 0x66, 0x65, 0x56, 0x55, 0x56, 0x56, 0x67, 0x9A, 0x64, 
	0x54, 0x44, 0x58, 0xA9, 0x88, 0x89, 0x99, 0x98, 0x89, 0x9A, 0x99, 0xAA, 0xAA, 0xAB, 0xCC, 
	0xCB, 0xBB, 0xAA, 0xAA, 0xAA, 0xAA, 0xA9, 0x98, 0x77, 0x78, 0x89, 0x99, 0x87, 0x65, 0x56, 
	0x67, 0x77, 0x87, 0x77, 0x78, 0xAD, 0xDD, 0xB8, 0x9A, 0xAB, 0xBC, 0xCC, 0xDF, 0xFF, 0xFF, 
	0xFF, 0xEC, 0x85, 0x68, 0x89, 0x9A, 0xBB, 0xA9, 0xA9, 0xAD, 0xDD, 0xBA, 0xBC, 0xCC, 0xBB, 
	0xAA, 0xA9, 0xAA, 0xAA, 0xAA, 0xAA, 0xAA, 0x99, 0x99, 0x99, 0x99, 0x99, 0x99, 0x99, 0x99, 
	0x99, 0x99, 0x99, 0x9A, 0xA9, 0xAA, 0xAA, 0xAA, 0xAA, 0xAA, 0xBB, 0xBB, 0xBB, 0xBB, 0xBC, 
	0xCC, 0xCC, 0xCC, 0xCD, 0xCC, 0xDD, 0xCB, 0x97, 0x77, 0x77, 0x65, 0x66, 0x8B, 0xDC, 0xCC, 
	0xCB, 0xAA, 0x98, 0x77, 0x77, 0x78, 0xAC, 0xCD, 0xEF, 0xFF, 0xFE, 0xDD, 0xCA, 0xA9, 0x99, 
	0x9A, 0xAA, 0xAB, 0xAA, 0xAA, 0xAA, 0xAA, 0xAA, 0xAA, 0xAA, 0xAA, 0xAA, 0xAA, 0xAA, 0x99, 
	0x99, 0x99, 0x99, 0x99, 0x9A, 0xAA, 0xAA, 0xAA, 0x98, 0x65, 0x44, 0x44, 0x46, 0x76, 0x60, 
	0x09, 0x99, 0xAA, 0xAA, 0xAA, 0xAA, 0xAA, 0xAA, 0xAA, 0xAA, 0xAA, 0xAB, 0xBB, 0xBB, 0xBB, 
	0xCC, 0xCC, 0xCC, 0xCC, 0xBC, 0xCC, 0xBB, 0xBC, 0xCC, 0xCC, 0xCB, 0xCC, 0xCC, 0xCC, 0xCC, 
	0xCC, 0xCC, 0xCC, 0xCC, 0xCC, 0xCC, 0xCC, 0xCC, 0xCD, 0xDC, 0xCC, 0xCC, 0xCB, 0xBB, 0xBC, 
	0xCC, 0xCC, 0xCC, 0xCC, 0xCD, 0xDD, 0xDD, 0xDD, 0xDD, 0xCC, 0xCC, 0xCC, 0xCC, 0xDD, 0xDD, 
	0xDD, 0xDD, 0xDD, 0xDD, 0xDD, 0xDD, 0xDD, 0xDD, 0xDD, 0xDD, 0xDD, 0xDD, 0xBA, 0xAA, 0xCD, 
	0xDD, 0xDD, 0xDB, 0x97, 0x88, 0xA9, 0x87, 0x9A, 0xA9, 0x77, 0x77, 0x77, 0x77, 0x65, 0x34, 
	0x44, 0x22, 0x21, 0x11, 0x10, 0x13, 0x44, 0x45, 0x55, 0x67, 0x78, 0x88, 0x77, 0x76, 0x77, 
	0x78, 0x88, 0x87, 0x77, 0x77, 0x77, 0x76, 0x66, 0x67, 0x77, 0x66, 0x76, 0x54, 0x42, 0x22, 
	0x35, 0x56, 0x68, 0x88, 0x88, 0x88, 0x88, 0x88, 0x88, 0x88, 0x77, 0x88, 0x88, 0x88, 0x87, 
	0x66, 0x66, 0x65, 0x56, 0x66, 0x66, 0x56, 0x66, 0x66, 0x66, 0x66, 0x66, 0x67, 0x89, 0x96, 
	0x44, 0x44, 0x45, 0x89, 0x87, 0x88, 0x88, 0x77, 0x79, 0xAA, 0xAA, 0x99, 0x9A, 0xAB, 0xBC, 
	0xCC, 0xCB, 0xBB, 0xBA, 0xA9, 0x99, 0x99, 0x87, 0x77, 0x77, 0x88, 0x99, 0x87, 0x64, 0x45, 
	0x66, 0x77, 0x77, 0x67, 0x8A, 0xBC, 0xCC, 0xA9, 0xAA, 0xAB, 0xAB, 0xCC, 0xDF, 0xFF, 0xFF, 
	0xFE, 0xCA, 0x65, 0x67, 0x89, 0x9A, 0xCC, 0xA9, 0x98, 0x9C, 0xDC, 0xCC, 0xCC, 0xBB, 0xAA, 
	0xAA, 0xA9, 0x9A, 0x99, 0x99, 0x99, 0x99, 0x99, 0x98, 0x88, 0x88, 0x88, 0x88, 0x89, 0x99, 
	0x88, 0x99, 0x99, 0x99, 0x99, 0x99, 0x9A, 0xAA, 0xAA, 0xAA, 0xAB, 0xBB, 0xBB, 0xBB, 0xBB, 
	0xCC, 0xCC, 0xCC, 0xCC, 0xDC, 0xCC, 0xCC, 0xCA, 0x77, 0x66, 0x76, 0x56, 0x68, 0xBC, 0xCB, 
	0xCB, 0xA9, 0x87, 0x77, 0x77, 0x78, 0xAB, 0xCC, 0xDE, 0xEE, 0xED, 0xCC, 0xBB, 0xAA, 0x99, 
	0x99, 0x9A, 0xAA, 0xAA, 0xAA, 0xAA, 0xAA, 0xAA, 0xAA, 0xAA, 0xAA, 0xAA, 0xAA, 0xAA, 0x99, 
	0x99, 0x99, 0x99, 0x99, 0x99, 0xAA, 0xAA, 0xAA, 0xAA, 0x98, 0x65, 0x44, 0x45, 0x66, 0x60, 
	0x09, 0x99, 0xAA, 0xAA, 0xAA, 0xAA, 0xAA, 0xAA, 0xAA, 0xAA, 0xAA, 0xAB, 0xBB, 0xBB, 0xBB, 
	0xBC, 0xCC, 0xCC, 0xCC, 0xCC, 0xCC, 0xCB, 0xBC, 0xCC, 0xCC, 0xBB, 0xCC, 0xCC, 0xCC, 0xCC, 
	0xCC, 0xCC, 0xCC, 0xCC, 0xCC, 0xCC, 0xCC, 0xCC, 0xCC, 0xCC, 0xCC, 0xCC, 0xCB, 0xBB, 0xCC, 
	0xCC, 0xCC, 0xCC, 0xCC, 0xCD, 0xDD, 0xDD, 0xDD, 0xDD, 0xDC, 0xCC, 0xCC, 0xCD, 0xDD, 0xDD, 
	0xDD, 0xDD, 0xDD, 0xDD, 0xDD, 0xDD, 0xDD, 0xDD, 0xDD, 0xDD, 0xDD, 0xDD, 0xCA, 0xAA, 0xCC, 
	0xDD, 0xDD, 0xDD, 0xA7, 0x89, 0xAA, 0x77, 0x89, 0x98, 0x76, 0x77, 0x77, 0x77, 0x76, 0x53, 
	0x44, 0x43, 0x11, 0x11, 0x12, 0x34, 0x44, 0x55, 0x56, 0x66, 0x66, 0x67, 0x76, 0x66, 0x67, 
	0x78, 0x88, 0x87, 0x77, 0x77, 0x77, 0x76, 0x66, 0x67, 0x77, 0x88, 0x77, 0x66, 0x55, 0x55, 
	0x67, 0x78, 0x88, 0x88, 0x77, 0x77, 0x88, 0x88, 0x88, 0x88, 0x87, 0x77, 0x88, 0x88, 0x88, 
	0x76, 0x65, 0x55, 0x66, 0x66, 0x66, 0x66, 0x66, 0x65, 0x65, 0x66, 0x66, 0x67, 0x78, 0xA7, 
	0x44, 0x44, 0x44, 0x68, 0x86, 0x67, 0x87, 0x77, 0x78, 0x9A, 0xA9, 0xAA, 0xBA, 0xAA, 0xBC, 
	0xCC, 0xCC, 0xBB, 0xBB, 0xAA, 0x99, 0x88, 0x87, 0x77, 0x77, 0x78, 0x98, 0x77, 0x65, 0x45, 
	0x56, 0x67, 0x76, 0x67, 0x9A, 0xAA, 0x99, 0x99, 0xAA, 0xAA, 0xAC, 0xCB, 0xDF, 0xFF, 0xFF, 
	0xFE, 0x97, 0x55, 0x67, 0x88, 0xAD, 0xEE, 0xDB, 0x88, 0x79, 0xBC, 0xCC, 0xCB, 0xBA, 0xAA, 
	0x9A, 0xA9, 0x99, 0x99, 0x99, 0x99, 0x99, 0x99, 0x98, 0x88, 0x87, 0x88, 0x77, 0x89, 0x98, 
	0x77, 0x78, 0x99, 0x99, 0x99, 0x99, 0x99, 0x9A, 0xAA, 0xAA, 0xAB, 0xAA, 0xBB, 0xBB, 0xBB, 
	0xBB, 0xBB, 0xBB, 0xCB, 0xCC, 0xCC, 0xCC, 0xCC, 0xA8, 0x66, 0x66, 0x65, 0x56, 0x8B, 0xAA, 
	0xAA, 0xA8, 0x76, 0x67, 0x77, 0x88, 0x9A, 0xBB, 0xCD, 0xDC, 0xCC, 0xBB, 0xBB, 0xAA, 0xA9, 
	0x88, 0x99, 0xAA, 0xAA, 0xAA, 0xAA, 0xAA, 0xAA, 0xAA, 0xAA, 0xAA, 0xA9, 0x99, 0x9A, 0x99, 
	0x99, 0x99, 0x99, 0x99, 0x99, 0x99, 0x99, 0xAA, 0xAA, 0xA9, 0x97, 0x64, 0x44, 0x55, 0x50, 
	0x09, 0x99, 0xAA, 0xAA, 0xAA, 0xAA, 0xAA, 0xAA, 0xAA, 0xAA, 0xAA, 0xAB, 0xBB, 0xBB, 0xBB, 
	0xBC, 0xCB, 0xCC, 0xCC, 0xCC, 0xCC, 0xCB, 0xBC, 0xCC, 0xCB, 0xBC, 0xCC, 0xCC, 0xCC, 0xCC, 
	0xCC, 0xCC, 0xCC, 0xCC, 0xCC, 0xCC, 0xCC, 0xCC, 0xCC, 0xCC, 0xCC, 0xCC, 0xCB, 0xBB, 0xBC, 
	0xCC, 0xCC, 0xCC, 0xCC, 0xDD, 0xDD, 0xDD, 0xDD, 0xDD, 0xDC, 0xCC, 0xCC, 0xCD, 0xDD, 0xDD, 
	0xDD, 0xDD, 0xDD, 0xDD, 0xDD, 0xDD, 0xDD, 0xDD, 0xDD, 0xDD, 0xDD, 0xDD, 0xCA, 0xAA, 0xBC, 
	0xDD, 0xDD, 0xDD, 0xA8, 0x89, 0xA9, 0x87, 0x89, 0x97, 0x66, 0x67, 0x77, 0x77, 0x77, 0x65, 
	0x44, 0x43, 0x32, 0x22, 0x24, 0x54, 0x44, 0x55, 0x66, 0x56, 0x66, 0x66, 0x66, 0x55, 0x56, 
	0x78, 0x88, 0x88, 0x77, 0x77, 0x77, 0x76, 0x66, 0x66, 0x77, 0x78, 0x88, 0x88, 0x87, 0x78, 
	0x88, 0x88, 0x76, 0x67, 0x77, 0x77, 0x88, 0x88, 0x88, 0x88, 0x87, 0x67, 0x78, 0x88, 0x88, 
	0x87, 0x65, 0x55, 0x66, 0x77, 0x66, 0x65, 0x65, 0x66, 0x55, 0x66, 0x66, 0x66, 0x77, 0x99, 
	0x75, 0x44, 0x44, 0x46, 0x75, 0x67, 0x66, 0x66, 0x78, 0x99, 0x99, 0xAA, 0xAB, 0xBB, 0xBB, 
	0xCC, 0xDC, 0xCC, 0xCC, 0xCB, 0xAA, 0xA9, 0x98, 0x87, 0x87, 0x78, 0x89, 0x88, 0x87, 0x55, 
	0x55, 0x46, 0x66, 0x8A, 0xBA, 0x98, 0x88, 0x89, 0x99, 0x9A, 0xBC, 0xCB, 0xCF, 0xFF, 0xFF, 
	0xFC, 0x86, 0x55, 0x67, 0x87, 0xBE, 0xEE, 0xDC, 0x97, 0x77, 0xBC, 0xCC, 0xBA, 0xAA, 0x99, 
	0x99, 0x99, 0x99, 0x98, 0x88, 0x88, 0x88, 0x88, 0x88, 0x87, 0x77, 0x76, 0x67, 0x88, 0x77, 
	0x76, 0x67, 0x88, 0x99, 0x98, 0x88, 0x98, 0x89, 0x9A, 0xAA, 0xAA, 0xAA, 0xAA, 0xAA, 0xBB, 
	0xBB, 0xBB, 0xBB, 0xBB, 0xBC, 0xCC, 0xCC, 0xCC, 0xCB, 0x96, 0x66, 0x65, 0x55, 0x69, 0xA8, 
	0x99, 0x87, 0x66, 0x66, 0x77, 0x88, 0x89, 0xAA, 0xAB, 0xBB, 0xBB, 0xBB, 0xBB, 0xAA, 0xA9, 
	0x88, 0x89, 0xAA, 0xAA, 0xAA, 0xAA, 0xAA, 0xAA, 0xAA, 0xAA, 0xAA, 0x99, 0x99, 0x99, 0x99, 
	0x99, 0x99, 0x99, 0x99, 0x99, 0x99, 0x99, 0xAA, 0xAA, 0xAA, 0x99, 0x86, 0x44, 0x44, 0x50, 
	0x09, 0x99, 0x9A, 0xAA, 0xAA, 0xAA, 0xAA, 0xAA, 0xAA, 0xAA, 0xAA, 0xAA, 0xBB, 0xBB, 0xBB, 
	0xBC, 0xCB, 0xBC, 0xCC, 0xCC, 0xCC, 0xCB, 0xBC, 0xCC, 0xCB, 0xBC, 0xCC, 0xCC, 0xCC, 0xCC, 
	0xCC, 0xCC, 0xCC, 0xCC, 0xCC, 0xCC, 0xCC, 0xCC, 0xCC, 0xCC, 0xCC, 0xCC, 0xCB, 0xBB, 0xBC, 
	0xCC, 0xCC, 0xCC, 0xCC, 0xDD, 0xDD, 0xDD, 0xDD, 0xDD, 0xDC, 0xCC, 0xCC, 0xCD, 0xDD, 0xDD, 
	0xDD, 0xDD, 0xDD, 0xDD, 0xDD, 0xDD, 0xDD, 0xDD, 0xDD, 0xDD, 0xDD, 0xDD, 0xCA, 0xAA, 0xBC, 
	0xDD, 0xDD, 0xDD, 0x97, 0x89, 0x99, 0x87, 0x88, 0x87, 0x66, 0x66, 0x66, 0x66, 0x77, 0x77, 
	0x65, 0x54, 0x44, 0x44, 0x55, 0x55, 0x55, 0x55, 0x65, 0x56, 0x66, 0x66, 0x65, 0x55, 0x56, 
	0x77, 0x89, 0x98, 0x77, 0x77, 0x77, 0x76, 0x66, 0x67, 0x77, 0x77, 0x88, 0x89, 0x88, 0x88, 
	0x77, 0x76, 0x66, 0x67, 0x77, 0x77, 0x88, 0x88, 0x88, 0x88, 0x87, 0x66, 0x78, 0x88, 0x88, 
	0x87, 0x66, 0x66, 0x66, 0x66, 0x66, 0x65, 0x65, 0x66, 0x65, 0x56, 0x66, 0x66, 0x77, 0x89, 
	0xA5, 0x45, 0x44, 0x44, 0x66, 0x67, 0x76, 0x67, 0x89, 0x99, 0x99, 0xAA, 0xBB, 0xBB, 0xBC, 
	0xCC, 0xDD, 0xCD, 0xDE, 0xEE, 0xDB, 0xAA, 0x98, 0x77, 0x77, 0x77, 0x88, 0x89, 0xAA, 0x76, 
	0x54, 0x7B, 0xB9, 0xBC, 0xCB, 0x87, 0x77, 0x89, 0x99, 0x99, 0xAB, 0xBA, 0x9C, 0xFF, 0xFF, 
	0xE9, 0x76, 0x55, 0x67, 0x77, 0x9E, 0xEE, 0xDC, 0x97, 0x8B, 0xDC, 0xBB, 0xAA, 0xA9, 0x99, 
	0x99, 0x99, 0x98, 0x88, 0x88, 0x87, 0x88, 0x77, 0x87, 0x76, 0x66, 0x66, 0x66, 0x66, 0x66, 
	0x66, 0x66, 0x78, 0x89, 0x88, 0x87, 0x88, 0x89, 0x9A, 0xAA, 0xAA, 0xAA, 0xAA, 0xAA, 0xAA, 
	0xBB, 0xBB, 0xBB, 0xBB, 0xCC, 0xCC, 0xCC, 0xCC, 0xCC, 0xBA, 0x76, 0x66, 0x55, 0x56, 0x99, 
	0x77, 0x76, 0x55, 0x66, 0x66, 0x78, 0x88, 0x99, 0x9A, 0xBB, 0xBC, 0xCC, 0xBB, 0xAA, 0xA9, 
	0x98, 0x99, 0xAA, 0xAA, 0xBA, 0xAA, 0xAA, 0xAA, 0xAA, 0xAA, 0xAA, 0xA9, 0x99, 0x99, 0x99, 
	0x99, 0x99, 0x99, 0x99, 0x99, 0x99, 0x99, 0x99, 0x9A, 0xA9, 0x9A, 0x97, 0x55, 0x44, 0x40, 
	0x09, 0x99, 0x9A, 0xAA, 0xAA, 0xAA, 0xAA, 0xAA, 0xAA, 0xAA, 0xAA, 0xAA, 0xBB, 0xBB, 0xBB, 
	0xBC, 0xCB, 0xBC, 0xCC, 0xCC, 0xCC, 0xCB, 0xBB, 0xCC, 0xCB, 0xBB, 0xCC, 0xCC, 0xCC, 0xCC, 
	0xCC, 0xCC, 0xCC, 0xCC, 0xCC, 0xCC, 0xCC, 0xCC, 0xCC, 0xDC, 0xCC, 0xCC, 0xCB, 0xBB, 0xBC, 
	0xCC, 0xCC, 0xCC, 0xCC, 0xCD, 0xDD, 0xDD, 0xDD, 0xDD, 0xDC, 0xCC, 0xCC, 0xCD, 0xDD, 0xDD, 
	0xDD, 0xDD, 0xDD, 0xDD, 0xDD, 0xDD, 0xDD, 0xDD, 0xDD, 0xDD, 0xDD, 0xDD, 0xCA, 0xAA, 0xBC, 
	0xDD, 0xDD, 0xDB, 0x77, 0x88, 0x98, 0x76, 0x77, 0x76, 0x66, 0x65, 0x55, 0x45, 0x55, 0x66, 
	0x66, 0x66, 0x66, 0x66, 0x65, 0x55, 0x55, 0x55, 0x55, 0x55, 0x66, 0x56, 0x55, 0x55, 0x66, 
	0x77, 0x88, 0x98, 0x77, 0x67, 0x77, 0x77, 0x77, 0x77, 0x77, 0x77, 0x88, 0x77, 0x77, 0x66, 
	0x66, 0x66, 0x67, 0x77, 0x77, 0x78, 0x88, 0x88, 0x88, 0x88, 0x87, 0x65, 0x67, 0x88, 0x88, 
	0x98, 0x86, 0x66, 0x56, 0x66, 0x77, 0x66, 0x66, 0x66, 0x55, 0x56, 0x56, 0x66, 0x67, 0x67, 
	0xA7, 0x44, 0x44, 0x44, 0x57, 0x77, 0x77, 0x78, 0x89, 0x88, 0x99, 0x9A, 0xAA, 0xBC, 0xCC, 
	0xCC, 0xDD, 0xDD, 0xEF, 0xFF, 0xFE, 0xDA, 0x98, 0x77, 0x77, 0x78, 0x99, 0x8A, 0xCC, 0x95, 
	0x57, 0xCD, 0xDB, 0xCD, 0xDC, 0x87, 0x77, 0x89, 0x99, 0x88, 0x9A, 0xA9, 0x89, 0xAC, 0xCC, 
	0xA8, 0x65, 0x56, 0x67, 0x77, 0x78, 0xAA, 0xBA, 0x88, 0xBC, 0xCB, 0xAA, 0x99, 0x99, 0x99, 
	0x99, 0x99, 0x98, 0x88, 0x88, 0x87, 0x66, 0x77, 0x66, 0x66, 0x65, 0x55, 0x55, 0x55, 0x55, 
	0x65, 0x56, 0x67, 0x89, 0x88, 0x87, 0x78, 0x88, 0x8A, 0xA9, 0x99, 0xA9, 0xAA, 0xAA, 0xAA, 
	0xAB, 0xBB, 0xBB, 0xBB, 0xCC, 0xCC, 0xCC, 0xCC, 0xCC, 0xCC, 0xA6, 0x66, 0x55, 0x55, 0x69, 
	0x66, 0x65, 0x55, 0x65, 0x56, 0x77, 0x88, 0x99, 0x9A, 0xBB, 0xCC, 0xCC, 0xCB, 0xBA, 0xAA, 
	0x99, 0x9A, 0xAA, 0xAB, 0xBA, 0xAA, 0xAA, 0xAA, 0xAA, 0xAA, 0xAA, 0x99, 0x99, 0x99, 0x99, 
	0x99, 0x99, 0x99, 0x99, 0x88, 0x99, 0x99, 0x99, 0x99, 0x99, 0x99, 0xA9, 0x76, 0x43, 0x30, 
	0x09, 0x99, 0x9A, 0xAA, 0xAA, 0xAA, 0xAA, 0xAA, 0xAA, 0xAA, 0xAA, 0xAA, 0xBB, 0xBB, 0xBB, 
	0xBC, 0xCB, 0xBB, 0xCC, 0xCC, 0xCC, 0xCB, 0xBB, 0xBB, 0xBB, 0xBB, 0xCC, 0xCC, 0xCC, 0xCC, 
	0xCC, 0xCC, 0xCC, 0xCC, 0xCC, 0xCC, 0xCC, 0xCC, 0xCC, 0xDC, 0xDD, 0xCC, 0xCB, 0xBB, 0xCC, 
	0xCC, 0xCC, 0xCC, 0xCC, 0xCD, 0xDD, 0xDD, 0xDD, 0xDD, 0xDC, 0xCC, 0xCC, 0xCD, 0xDD, 0xDD, 
	0xDD, 0xDD, 0xDD, 0xDD, 0xDD, 0xDD, 0xDD, 0xDD, 0xDD, 0xDD, 0xDD, 0xDD, 0xCB, 0xAA, 0xBC, 
	0xDD, 0xDD, 0xD9, 0x77, 0x78, 0x87, 0x66, 0x77, 0x66, 0x55, 0x55, 0x55, 0x55, 0x55, 0x55, 
	0x55, 0x56, 0x66, 0x66, 0x55, 0x45, 0x45, 0x45, 0x54, 0x44, 0x55, 0x55, 0x55, 0x56, 0x65, 
	0x56, 0x78, 0x88, 0x77, 0x66, 0x77, 0x77, 0x77, 0x77, 0x78, 0x88, 0x77, 0x66, 0x66, 0x66, 
	0x66, 0x66, 0x77, 0x77, 0x77, 0x77, 0x88, 0x88, 0x88, 0x88, 0x77, 0x65, 0x67, 0x88, 0x88, 
	0x88, 0x86, 0x66, 0x66, 0x66, 0x76, 0x66, 0x66, 0x66, 0x56, 0x55, 0x56, 0x66, 0x66, 0x67, 
	0x8A, 0x64, 0x44, 0x45, 0x46, 0x88, 0x88, 0x98, 0x88, 0x89, 0x99, 0x99, 0xAA, 0xBB, 0xBC, 
	0xCC, 0xCC, 0xDD, 0xFF, 0xFF, 0xFF, 0xFC, 0xA8, 0x77, 0x77, 0x88, 0x99, 0x9B, 0xDD, 0xB7, 
	0x7C, 0xCD, 0xDC, 0xCD, 0xDB, 0x87, 0x77, 0x89, 0x98, 0x87, 0x88, 0x88, 0x87, 0x78, 0x99, 
	0x77, 0x55, 0x56, 0x77, 0x77, 0x77, 0x77, 0x89, 0x8B, 0xDB, 0xBA, 0xA9, 0x99, 0x99, 0x99, 
	0x98, 0x88, 0x88, 0x77, 0x76, 0x77, 0x66, 0x66, 0x55, 0x44, 0x44, 0x44, 0x44, 0x44, 0x44, 
	0x54, 0x35, 0x56, 0x77, 0x88, 0x78, 0x77, 0x88, 0x89, 0x99, 0x99, 0x99, 0x99, 0x9A, 0xAA, 
	0xAA, 0xBB, 0xBB, 0xBB, 0xBB, 0xCC, 0xCC, 0xCC, 0xCC, 0xCC, 0xCA, 0x76, 0x65, 0x55, 0x57, 
	0x86, 0x55, 0x55, 0x55, 0x55, 0x77, 0x78, 0x99, 0x9B, 0xDD, 0xED, 0xDC, 0xCB, 0xBA, 0xAA, 
	0xAA, 0x99, 0x99, 0xAB, 0xAA, 0xAA, 0xAA, 0xAA, 0xAA, 0xAA, 0xA9, 0x99, 0x99, 0x99, 0x99, 
	0x99, 0x99, 0x99, 0x98, 0x88, 0x88, 0x88, 0x99, 0x99, 0x99, 0x99, 0x99, 0x98, 0x53, 0x30, 
	0x08, 0x99, 0x9A, 0xAA, 0xAA, 0xAA, 0xAA, 0xAA, 0xAA, 0xAA, 0xAA, 0xAA, 0xBB, 0xBB, 0xBB, 
	0xBC, 0xCB, 0xBB, 0xCC, 0xCC, 0xCC, 0xCB, 0xBB, 0xBB, 0xBB, 0xBB, 0xCC, 0xCC, 0xCC, 0xCC, 
	0xCC, 0xCC, 0xCC, 0xCC, 0xCC, 0xCC, 0xCC, 0xCC, 0xCC, 0xDD, 0xDD, 0xCC, 0xCB, 0xBB, 0xCC, 
	0xCC, 0xCC, 0xCC, 0xCC, 0xCD, 0xDD, 0xDD, 0xDD, 0xDD, 0xDC, 0xCC, 0xCC, 0xCD, 0xDD, 0xDD, 
	0xDD, 0xDD, 0xDD, 0xDD, 0xDD, 0xDD, 0xDD, 0xDD, 0xDD, 0xDD, 0xDD, 0xDD, 0xCB, 0xAA, 0xBC, 
	0xDD, 0xDD, 0xC8, 0x77, 0x78, 0x76, 0x66, 0x77, 0x65, 0x55, 0x55, 0x55, 0x55, 0x44, 0x44, 
	0x55, 0x56, 0x65, 0x55, 0x55, 0x55, 0x44, 0x44, 0x44, 0x33, 0x34, 0x55, 0x55, 0x56, 0x52, 
	0x34, 0x56, 0x66, 0x76, 0x56, 0x66, 0x77, 0x78, 0x77, 0x78, 0x88, 0x77, 0x76, 0x66, 0x66, 
	0x66, 0x66, 0x67, 0x77, 0x77, 0x78, 0x88, 0x88, 0x88, 0x87, 0x77, 0x76, 0x66, 0x78, 0x88, 
	0x88, 0x77, 0x67, 0x66, 0x67, 0x77, 0x76, 0x66, 0x66, 0x66, 0x65, 0x56, 0x66, 0x66, 0x77, 
	0x8A, 0x84, 0x44, 0x54, 0x44, 0x89, 0x88, 0x88, 0x88, 0x88, 0x88, 0x99, 0xAA, 0xAA, 0xAB, 
	0xCC, 0xCD, 0xDD, 0xFF, 0xFF, 0xFF, 0xFD, 0xA9, 0x88, 0x77, 0x88, 0x89, 0x8A, 0xDD, 0xB7, 
	0xBE, 0xED, 0xCC, 0xDE, 0xD9, 0x77, 0x77, 0x88, 0x88, 0x87, 0x76, 0x77, 0x76, 0x77, 0x77, 
	0x76, 0x55, 0x67, 0x77, 0x78, 0x89, 0x98, 0x89, 0xBD, 0xCA, 0xAA, 0x99, 0x99, 0x99, 0x88, 
	0x88, 0x88, 0x88, 0x87, 0x66, 0x65, 0x55, 0x54, 0x43, 0x32, 0x23, 0x33, 0x33, 0x33, 0x33, 
	0x53, 0x23, 0x45, 0x55, 0x77, 0x67, 0x87, 0x77, 0x89, 0x87, 0x88, 0x88, 0x99, 0x9A, 0xAA, 
	0xAA, 0xAB, 0xBB, 0xBB, 0xBB, 0xBC, 0xCC, 0xCC, 0xCC, 0xCC, 0xCC, 0x96, 0x66, 0x55, 0x66, 
	0x87, 0x56, 0x65, 0x55, 0x56, 0x78, 0x88, 0x88, 0xBE, 0xFF, 0xFF, 0xDC, 0xCB, 0xBB, 0xAA, 
	0x99, 0x99, 0x98, 0x9A, 0xAA, 0xBA, 0xAA, 0xAA, 0xAA, 0xAA, 0xAA, 0x99, 0x99, 0x99, 0x99, 
	0x88, 0x89, 0x99, 0x88, 0x88, 0x88, 0x88, 0x88, 0x89, 0x99, 0x99, 0x99, 0x99, 0x75, 0x30, 
	0x08, 0x99, 0x9A, 0xAA, 0xAA, 0xAA, 0xAA, 0xAA, 0xAA, 0xAA, 0xAA, 0xAA, 0xAB, 0xBB, 0xBB, 
	0xBB, 0xCB, 0xBB, 0xCC, 0xCC, 0xCC, 0xCB, 0xBB, 0xBB, 0xBB, 0xBB, 0xCC, 0xCC, 0xCC, 0xCC, 
	0xCC, 0xCC, 0xCC, 0xCC, 0xCC, 0xCC, 0xCC, 0xCC, 0xCC, 0xDD, 0xDD, 0xCC, 0xCC, 0xBB, 0xBC, 
	0xCC, 0xCC, 0xCC, 0xCC, 0xCC, 0xDD, 0xDD, 0xDD, 0xDD, 0xDC, 0xCC, 0xCC, 0xCD, 0xDD, 0xDD, 
	0xDD, 0xDD, 0xDD, 0xDD, 0xDD, 0xDD, 0xDD, 0xDD, 0xDD, 0xDD, 0xDD, 0xDD, 0xCB, 0xAA, 0xBC, 
	0xDD, 0xDD, 0x97, 0x67, 0x77, 0x76, 0x67, 0x76, 0x65, 0x65, 0x55, 0x55, 0x55, 0x55, 0x54, 
	0x44, 0x44, 0x54, 0x55, 0x55, 0x54, 0x44, 0x33, 0x33, 0x22, 0x12, 0x55, 0x54, 0x56, 0x31, 
	0x22, 0x33, 0x45, 0x55, 0x56, 0x66, 0x77, 0x78, 0x88, 0x88, 0x88, 0x87, 0x76, 0x66, 0x66, 
	0x66, 0x66, 0x77, 0x77, 0x78, 0x88, 0x88, 0x88, 0x88, 0x87, 0x78, 0x76, 0x56, 0x77, 0x88, 
	0x88, 0x87, 0x77, 0x66, 0x77, 0x77, 0x66, 0x66, 0x66, 0x66, 0x55, 0x55, 0x65, 0x66, 0x67, 
	0x79, 0x95, 0x44, 0x44, 0x44, 0x69, 0x88, 0x88, 0x88, 0x88, 0x88, 0x88, 0x9A, 0xAA, 0xAB, 
	0xCC, 0xCC, 0xDD, 0xEF, 0xFF, 0xFF, 0xFD, 0xBA, 0x98, 0x87, 0x77, 0x77, 0x78, 0xAB, 0x97, 
	0xDE, 0xEC, 0xAC, 0xDD, 0xD8, 0x67, 0x67, 0x78, 0x88, 0x87, 0x65, 0x55, 0x66, 0x66, 0x65, 
	0x65, 0x56, 0x78, 0x88, 0x88, 0x89, 0x89, 0x8C, 0xCB, 0xAA, 0xA9, 0x99, 0x99, 0x88, 0x88, 
	0x88, 0x87, 0x77, 0x77, 0x66, 0x54, 0x33, 0x33, 0x32, 0x22, 0x32, 0x23, 0x21, 0x23, 0x33, 
	0x43, 0x23, 0x43, 0x44, 0x45, 0x56, 0x88, 0x76, 0x78, 0x86, 0x78, 0x78, 0x99, 0x99, 0xAA, 
	0xAA, 0xAB, 0xBB, 0xBB, 0xBB, 0xBB, 0xCC, 0xCC, 0xCC, 0xCC, 0xCC, 0xB7, 0x66, 0x55, 0x55, 
	0x68, 0x77, 0x88, 0x76, 0x67, 0x88, 0x78, 0x88, 0xCF, 0xFF, 0xFF, 0xFD, 0xCB, 0xBA, 0xA9, 
	0x99, 0x88, 0x88, 0x9A, 0xBB, 0xBA, 0xAA, 0xAA, 0xAA, 0xAA, 0xA9, 0x99, 0x99, 0x99, 0x99, 
	0x88, 0x88, 0x88, 0x88, 0x88, 0x88, 0x88, 0x88, 0x88, 0x89, 0x99, 0x99, 0x99, 0x97, 0x50, 
	0x08, 0x99, 0x9A, 0xAA, 0xAA, 0xAA, 0xAA, 0xAA, 0xAA, 0xAA, 0xAA, 0xAA, 0xAB, 0xBB, 0xBB, 
	0xBB, 0xCB, 0xBB, 0xCC, 0xCC, 0xCC, 0xCB, 0xBB, 0xBC, 0xBB, 0xBB, 0xCC, 0xCC, 0xCC, 0xCC, 
	0xCC, 0xCC, 0xCC, 0xCC, 0xCC, 0xCC, 0xCC, 0xCC, 0xCC, 0xDD, 0xDD, 0xCC, 0xCC, 0xBB, 0xBB, 
	0xCC, 0xCC, 0xCC, 0xCC, 0xCC, 0xDD, 0xDD, 0xDD, 0xDD, 0xDC, 0xCC, 0xCC, 0xCD, 0xDD, 0xDD, 
	0xDD, 0xDD, 0xDD, 0xDD, 0xDD, 0xDD, 0xDD, 0xDD, 0xDD, 0xDD, 0xDD, 0xDD, 0xCB, 0xAA, 0xBC, 
	0xDD, 0xDB, 0x77, 0x67, 0x76, 0x66, 0x77, 0x66, 0x55, 0x55, 0x54, 0x55, 0x55, 0x54, 0x55, 
	0x44, 0x44, 0x55, 0x55, 0x55, 0x54, 0x44, 0x33, 0x33, 0x22, 0x12, 0x45, 0x55, 0x56, 0x51, 
	0x22, 0x34, 0x55, 0x55, 0x56, 0x66, 0x67, 0x77, 0x88, 0x88, 0x88, 0x88, 0x77, 0x77, 0x66, 
	0x66, 0x67, 0x77, 0x77, 0x77, 0x88, 0x88, 0x99, 0x88, 0x88, 0x88, 0x86, 0x55, 0x67, 0x78, 
	0x88, 0x88, 0x87, 0x77, 0x76, 0x76, 0x66, 0x66, 0x66, 0x66, 0x66, 0x66, 0x65, 0x67, 0x67, 
	0x79, 0xA6, 0x44, 0x44, 0x45, 0x57, 0x98, 0x88, 0x88, 0x78, 0x88, 0x88, 0x89, 0xAA, 0xAB, 
	0xBB, 0xCC, 0xCD, 0xDF, 0xFF, 0xFF, 0xFD, 0xBA, 0x98, 0x77, 0x76, 0x66, 0x66, 0x77, 0x76, 
	0xCE, 0xEC, 0xBB, 0xDD, 0xC7, 0x67, 0x77, 0x77, 0x77, 0x76, 0x55, 0x55, 0x56, 0x55, 0x55, 
	0x55, 0x56, 0x89, 0x88, 0x88, 0x78, 0x88, 0xBC, 0xBB, 0xAA, 0x99, 0x89, 0x89, 0x88, 0x87, 
	0x77, 0x77, 0x66, 0x66, 0x65, 0x54, 0x33, 0x34, 0x33, 0x33, 0x33, 0x33, 0x32, 0x33, 0x33, 
	0x43, 0x23, 0x33, 0x44, 0x33, 0x44, 0x67, 0x76, 0x67, 0x86, 0x77, 0x88, 0x98, 0x99, 0x9A, 
	0xAA, 0xAA, 0xAA, 0xBB, 0xBB, 0xBB, 0xBB, 0xCC, 0xCC, 0xCC, 0xCC, 0xCA, 0x76, 0x65, 0x55, 
	0x68, 0x99, 0xAA, 0x97, 0x78, 0xA9, 0x88, 0x9A, 0xCF, 0xFF, 0xFF, 0xFF, 0xDB, 0xAA, 0x99, 
	0x88, 0x88, 0x88, 0x9A, 0xAB, 0xBA, 0xAA, 0xAA, 0xAA, 0xAA, 0xA9, 0x99, 0x99, 0x98, 0x99, 
	0x88, 0x88, 0x88, 0x87, 0x78, 0x88, 0x88, 0x88, 0x88, 0x88, 0x88, 0x99, 0x99, 0x99, 0x70, 
	0x08, 0x89, 0x9A, 0xAA, 0xAA, 0xAA, 0xAA, 0xAA, 0xAA, 0xAA, 0xAA, 0xAA, 0xAB, 0xBB, 0xBB, 
	0xBB, 0xCB, 0xBC, 0xCC, 0xCC, 0xCC, 0xCB, 0xBB, 0xBC, 0xBC, 0xBB, 0xCC, 0xCC, 0xCC, 0xCC, 
	0xCC, 0xCC, 0xCC, 0xCC, 0xCC, 0xCC, 0xCC, 0xCC, 0xCC, 0xDD, 0xCC, 0xCC, 0xCC, 0xBB, 0xBB, 
	0xCC, 0xCC, 0xCC, 0xCC, 0xCC, 0xCD, 0xDD, 0xDD, 0xDD, 0xDC, 0xCC, 0xCC, 0xCD, 0xDD, 0xDD, 
	0xDD, 0xDD, 0xDD, 0xDD, 0xDD, 0xDD, 0xDD, 0xDD, 0xDD, 0xDD, 0xDD, 0xDD, 0xDB, 0xAA, 0xBC, 
	0xDD, 0xD8, 0x67, 0x67, 0x65, 0x56, 0x67, 0x66, 0x55, 0x55, 0x54, 0x44, 0x45, 0x44, 0x45, 
	0x44, 0x55, 0x56, 0x55, 0x55, 0x55, 0x44, 0x44, 0x33, 0x33, 0x22, 0x45, 0x55, 0x67, 0x63, 
	0x44, 0x45, 0x55, 0x55, 0x56, 0x66, 0x67, 0x78, 0x88, 0x88, 0x88, 0x88, 0x87, 0x77, 0x77, 
	0x77, 0x67, 0x76, 0x67, 0x77, 0x77, 0x88, 0x88, 0x88, 0x88, 0x87, 0x76, 0x65, 0x56, 0x78, 
	0x88, 0x88, 0x88, 0x87, 0x76, 0x67, 0x76, 0x66, 0x76, 0x66, 0x65, 0x66, 0x66, 0x66, 0x76, 
	0x77, 0xA8, 0x44, 0x44, 0x44, 0x46, 0x99, 0x98, 0x88, 0x88, 0x88, 0x88, 0x89, 0x9A, 0xAB, 
	0xBB, 0xBC, 0xCC, 0xDD, 0xEF, 0xFF, 0xEB, 0xAA, 0x97, 0x67, 0x66, 0x66, 0x78, 0x98, 0x76, 
	0xAD, 0xCB, 0xBC, 0xCC, 0xB7, 0x67, 0x89, 0x87, 0x77, 0x76, 0x45, 0x56, 0x55, 0x55, 0x55, 
	0x65, 0x56, 0x78, 0x88, 0x87, 0x67, 0x8B, 0xCB, 0xBA, 0xA9, 0x99, 0x89, 0x88, 0x88, 0x77, 
	0x77, 0x77, 0x66, 0x55, 0x43, 0x33, 0x33, 0x45, 0x43, 0x33, 0x44, 0x44, 0x43, 0x43, 0x43, 
	0x33, 0x44, 0x44, 0x43, 0x34, 0x34, 0x45, 0x76, 0x56, 0x77, 0x77, 0x78, 0x88, 0x88, 0x89, 
	0x99, 0xAA, 0xAA, 0xBB, 0xBB, 0xBB, 0xBB, 0xBC, 0xBC, 0xCC, 0xCC, 0xCC, 0xB7, 0x66, 0x55, 
	0x56, 0x9A, 0xAA, 0x99, 0x99, 0xAA, 0x99, 0xAA, 0xBD, 0xFF, 0xFF, 0xFF, 0xDB, 0xA9, 0x98, 
	0x88, 0x88, 0x89, 0xAA, 0xAA, 0xAA, 0xAA, 0xAA, 0xAA, 0xAA, 0x99, 0x99, 0x99, 0x98, 0x88, 
	0x88, 0x88, 0x88, 0x87, 0x77, 0x77, 0x77, 0x88, 0x77, 0x88, 0x88, 0x89, 0x99, 0x9A, 0x80, 
	0x08, 0x89, 0x9A, 0xAA, 0xAA, 0xAA, 0xAA, 0xAA, 0xAA, 0xAA, 0xAA, 0xAA, 0xAB, 0xBB, 0xBB, 
	0xBB, 0xCC, 0xBC, 0xCC, 0xCC, 0xCC, 0xCB, 0xBB, 0xBC, 0xCC, 0xBB, 0xBC, 0xCC, 0xCC, 0xCC, 
	0xCC, 0xCC, 0xCC, 0xCC, 0xCC, 0xCC, 0xCC, 0xCC, 0xCC, 0xDD, 0xDC, 0xCC, 0xCC, 0xBB, 0xBC, 
	0xCC, 0xCC, 0xCC, 0xCC, 0xCC, 0xCC, 0xCD, 0xDD, 0xDD, 0xDD, 0xCC, 0xCC, 0xDD, 0xDD, 0xDD, 
	0xDD, 0xDD, 0xDD, 0xDD, 0xDD, 0xDD, 0xDD, 0xDD, 0xDD, 0xDD, 0xDD, 0xDD, 0xDB, 0xAA, 0xBC, 
	0xDD, 0xA6, 0x66, 0x66, 0x65, 0x56, 0x67, 0x65, 0x55, 0x55, 0x55, 0x44, 0x44, 0x54, 0x44, 
	0x44, 0x55, 0x55, 0x55, 0x55, 0x54, 0x44, 0x54, 0x44, 0x44, 0x43, 0x45, 0x54, 0x56, 0x66, 
	0x66, 0x56, 0x56, 0x66, 0x66, 0x66, 0x67, 0x77, 0x78, 0x88, 0x88, 0x88, 0x88, 0x87, 0x77, 
	0x77, 0x77, 0x77, 0x76, 0x76, 0x77, 0x78, 0x78, 0x78, 0x88, 0x77, 0x76, 0x55, 0x56, 0x77, 
	0x88, 0x88, 0x88, 0x87, 0x77, 0x66, 0x77, 0x77, 0x67, 0x65, 0x56, 0x65, 0x66, 0x66, 0x55, 
	0x78, 0x9A, 0x54, 0x54, 0x45, 0x54, 0x79, 0x88, 0x88, 0x88, 0x88, 0x88, 0x89, 0x99, 0x9A, 
	0xAB, 0xBB, 0xCC, 0xCC, 0xCC, 0xCC, 0xBA, 0x99, 0x87, 0x66, 0x66, 0x69, 0xBB, 0xCB, 0xA9, 
	0xCD, 0xCC, 0xCC, 0xCC, 0xA7, 0x77, 0x99, 0x97, 0x67, 0x65, 0x45, 0x66, 0x55, 0x45, 0x55, 
	0x55, 0x56, 0x78, 0x88, 0x88, 0x8B, 0xDC, 0xBB, 0xAA, 0x99, 0x98, 0x88, 0x88, 0x88, 0x87, 
	0x67, 0x66, 0x55, 0x54, 0x33, 0x34, 0x44, 0x55, 0x54, 0x33, 0x44, 0x55, 0x55, 0x54, 0x43, 
	0x44, 0x55, 0x44, 0x44, 0x44, 0x45, 0x34, 0x56, 0x65, 0x76, 0x67, 0x77, 0x78, 0x87, 0x89, 
	0x99, 0xAA, 0xAA, 0xAA, 0xBB, 0xBB, 0xBB, 0xBB, 0xBB, 0xBB, 0xCC, 0xCC, 0xCB, 0x76, 0x55, 
	0x56, 0x8A, 0xAA, 0xA9, 0x99, 0xAA, 0x99, 0xAA, 0xAB, 0xDE, 0xFF, 0xFF, 0xDA, 0x99, 0x99, 
	0x9A, 0x99, 0x9A, 0xAA, 0xBA, 0xAA, 0xAA, 0xAA, 0xA9, 0x99, 0x99, 0x99, 0x98, 0x88, 0x88, 
	0x88, 0x88, 0x88, 0x88, 0x87, 0x87, 0x77, 0x77, 0x77, 0x78, 0x88, 0x88, 0x99, 0x99, 0x90, 
	0x08, 0x89, 0x99, 0xAA, 0xAA, 0xAA, 0xAA, 0xAA, 0xAA, 0xAA, 0xAA, 0xAA, 0xAB, 0xBB, 0xBB, 
	0xBB, 0xCC, 0xBC, 0xCC, 0xBB, 0xCC, 0xCB, 0xBB, 0xBC, 0xCC, 0xCC, 0xCC, 0xCC, 0xCC, 0xCC, 
	0xCC, 0xCC, 0xCC, 0xCC, 0xCC, 0xCC, 0xCC, 0xCC, 0xCC, 0xDD, 0xDC, 0xCC, 0xCC, 0xBB, 0xBC, 
	0xCC, 0xCC, 0xCC, 0xCC, 0xCC, 0xCC, 0xDD, 0xDD, 0xDD, 0xDD, 0xCC, 0xCC, 0xDD, 0xDD, 0xDD, 
	0xDD, 0xDD, 0xDD, 0xDD, 0xDD, 0xDD, 0xDD, 0xDD, 0xDD, 0xDD, 0xDD, 0xDD, 0xDC, 0xAA, 0xBC, 
	0xDC, 0x76, 0x66, 0x55, 0x55, 0x66, 0x66, 0x65, 0x55, 0x55, 0x55, 0x55, 0x44, 0x44, 0x44, 
	0x45, 0x55, 0x56, 0x54, 0x45, 0x54, 0x55, 0x55, 0x55, 0x56, 0x65, 0x55, 0x44, 0x55, 0x66, 
	0x66, 0x66, 0x66, 0x66, 0x67, 0x77, 0x67, 0x77, 0x77, 0x77, 0x88, 0x89, 0x88, 0x88, 0x77, 
	0x77, 0x66, 0x77, 0x77, 0x77, 0x77, 0x77, 0x77, 0x77, 0x77, 0x77, 0x77, 0x65, 0x55, 0x67, 
	0x88, 0x88, 0x88, 0x88, 0x77, 0x76, 0x77, 0x67, 0x76, 0x66, 0x55, 0x55, 0x55, 0x45, 0x55, 
	0x67, 0x8A, 0x64, 0x44, 0x44, 0x44, 0x58, 0x88, 0x88, 0x88, 0x88, 0x88, 0x99, 0x99, 0x99, 
	0xAA, 0xBB, 0xBB, 0xBB, 0xBA, 0xA9, 0x98, 0x98, 0x87, 0x66, 0x67, 0xBC, 0xCC, 0xCB, 0xBB, 
	0xCD, 0xCB, 0xBB, 0xBA, 0x97, 0x66, 0x78, 0x76, 0x67, 0x65, 0x45, 0x65, 0x54, 0x45, 0x45, 
	0x55, 0x56, 0x77, 0x88, 0x98, 0xBC, 0xCB, 0xBA, 0xA9, 0x99, 0x98, 0x88, 0x88, 0x88, 0x77, 
	0x66, 0x56, 0x44, 0x44, 0x34, 0x44, 0x55, 0x66, 0x65, 0x44, 0x45, 0x56, 0x66, 0x65, 0x54, 
	0x45, 0x55, 0x55, 0x64, 0x44, 0x55, 0x45, 0x55, 0x55, 0x55, 0x56, 0x67, 0x67, 0x87, 0x78, 
	0x89, 0xAA, 0xAA, 0xAA, 0xAA, 0xAA, 0xBB, 0xBB, 0xBB, 0xBB, 0xCC, 0xCC, 0xCC, 0xB9, 0x64, 
	0x55, 0x69, 0xAA, 0xA9, 0x99, 0x9A, 0x99, 0xAA, 0xAB, 0xBB, 0xCC, 0xCC, 0xBA, 0x9A, 0xAA, 
	0xAA, 0xAA, 0xAA, 0xAB, 0xBA, 0xAA, 0xAA, 0xAA, 0xA9, 0x99, 0x99, 0x99, 0x98, 0x88, 0x88, 
	0x89, 0x99, 0x99, 0x98, 0x88, 0x88, 0x88, 0x87, 0x77, 0x77, 0x88, 0x88, 0x89, 0x99, 0x90, 
	0x08, 0x89, 0x99, 0xAA, 0xAA, 0xAA, 0xAA, 0xAA, 0xAA, 0xAA, 0xAA, 0xAA, 0xAB, 0xBB, 0xBB, 
	0xBB, 0xCC, 0xCB, 0xCC, 0xBB, 0xCC, 0xCB, 0xBB, 0xBC, 0xCC, 0xCC, 0xCC, 0xCC, 0xCC, 0xCC, 
	0xCC, 0xCC, 0xCC, 0xCC, 0xCC, 0xCC, 0xCC, 0xCC, 0xCC, 0xCD, 0xDC, 0xCC, 0xCC, 0xBB, 0xBB, 
	0xCC, 0xCC, 0xCC, 0xCC, 0xCC, 0xCC, 0xDD, 0xDD, 0xDD, 0xDD, 0xCC, 0xCC, 0xDD, 0xDD, 0xDD, 
	0xDD, 0xDD, 0xDD, 0xDD, 0xDD, 0xDD, 0xDD, 0xDD, 0xDD, 0xDD, 0xDD, 0xDD, 0xDC, 0xAA, 0xBC, 
	0xC9, 0x66, 0x55, 0x54, 0x55, 0x56, 0x67, 0x65, 0x55, 0x55, 0x55, 0x55, 0x44, 0x44, 0x44, 
	0x45, 0x55, 0x55, 0x54, 0x55, 0x45, 0x55, 0x56, 0x66, 0x67, 0x76, 0x55, 0x54, 0x45, 0x56, 
	0x67, 0x66, 0x66, 0x77, 0x77, 0x77, 0x77, 0x77, 0x87, 0x66, 0x77, 0x88, 0x99, 0x98, 0x87, 
	0x77, 0x66, 0x66, 0x77, 0x77, 0x77, 0x77, 0x77, 0x77, 0x77, 0x88, 0x87, 0x66, 0x55, 0x67, 
	0x78, 0x88, 0x88, 0x88, 0x88, 0x77, 0x77, 0x77, 0x76, 0x66, 0x65, 0x55, 0x54, 0x45, 0x55, 
	0x67, 0x8A, 0x64, 0x44, 0x44, 0x44, 0x57, 0x98, 0x88, 0x88, 0x88, 0x89, 0x99, 0x99, 0x88, 
	0x99, 0x99, 0xAA, 0xBA, 0xAA, 0x99, 0x88, 0x88, 0x77, 0x77, 0x6A, 0xDD, 0xDC, 0xCC, 0xBB, 
	0xBC, 0xBA, 0xA9, 0x99, 0x87, 0x67, 0x78, 0x65, 0x67, 0x65, 0x45, 0x55, 0x54, 0x45, 0x55, 
	0x55, 0x56, 0x67, 0x77, 0x8A, 0xCC, 0xBA, 0xAA, 0x99, 0x98, 0x88, 0x88, 0x87, 0x77, 0x66, 
	0x66, 0x55, 0x54, 0x55, 0x44, 0x55, 0x55, 0x77, 0x65, 0x55, 0x45, 0x67, 0x77, 0x65, 0x76, 
	0x55, 0x55, 0x55, 0x65, 0x55, 0x65, 0x56, 0x54, 0x54, 0x45, 0x56, 0x55, 0x65, 0x77, 0x68, 
	0x89, 0xAA, 0xAA, 0x9A, 0xAA, 0xAA, 0xAB, 0xBB, 0xBB, 0xBB, 0xBC, 0xCC, 0xCC, 0xCB, 0x96, 
	0x56, 0x68, 0xAA, 0xA9, 0x99, 0x99, 0x99, 0x9A, 0xAA, 0xAA, 0xAA, 0xAA, 0xAA, 0x9A, 0xBB, 
	0xAB, 0xBA, 0xBB, 0xBB, 0xBA, 0xAA, 0xAA, 0xAA, 0xA9, 0x99, 0x99, 0x99, 0x98, 0x88, 0x99, 
	0x99, 0x99, 0x99, 0x99, 0x99, 0x99, 0x99, 0x88, 0x88, 0x77, 0x77, 0x88, 0x88, 0x99, 0x90, 
	0x08, 0x89, 0x99, 0xAA, 0xAA, 0xAA, 0xAA, 0xAA, 0xAA, 0xAA, 0xAA, 0xAA, 0xAB, 0xBB, 0xBB, 
	0xBB, 0xCC, 0xCB, 0xCC, 0xCB, 0xBC, 0xCC, 0xBB, 0xBC, 0xCC, 0xCC, 0xCC, 0xCC, 0xCC, 0xCC, 
	0xCC, 0xCC, 0xCC, 0xCC, 0xCC, 0xCC, 0xCC, 0xCC, 0xCC, 0xCD, 0xDD, 0xCC, 0xCC, 0xBB, 0xBB, 
	0xBC, 0xCC, 0xCC, 0xCC, 0xCC, 0xCC, 0xCD, 0xCD, 0xDD, 0xDD, 0xCC, 0xCC, 0xDD, 0xDD, 0xDD, 
	0xDD, 0xDD, 0xDD, 0xDD, 0xDD, 0xDD, 0xDD, 0xDD, 0xDD, 0xDD, 0xDD, 0xDD, 0xDC, 0xAA, 0xAC, 
	0xB7, 0x76, 0x65, 0x54, 0x44, 0x66, 0x66, 0x54, 0x55, 0x55, 0x55, 0x54, 0x44, 0x44, 0x44, 
	0x55, 0x55, 0x55, 0x45, 0x55, 0x55, 0x55, 0x55, 0x66, 0x67, 0x88, 0x65, 0x54, 0x45, 0x66, 
	0x67, 0x66, 0x66, 0x77, 0x77, 0x77, 0x77, 0x67, 0x78, 0x76, 0x67, 0x78, 0x88, 0x99, 0x88, 
	0x76, 0x66, 0x66, 0x66, 0x77, 0x77, 0x77, 0x88, 0x77, 0x88, 0x88, 0x88, 0x76, 0x66, 0x67, 
	0x78, 0x88, 0x88, 0x88, 0x88, 0x77, 0x77, 0x66, 0x76, 0x66, 0x65, 0x55, 0x44, 0x45, 0x56, 
	0x67, 0x89, 0x54, 0x44, 0x44, 0x44, 0x57, 0x98, 0x88, 0x88, 0x88, 0x99, 0x99, 0x98, 0x88, 
	0x88, 0x88, 0x9A, 0xAA, 0xAA, 0x99, 0x88, 0x88, 0x87, 0x77, 0x7C, 0xDD, 0xCB, 0xBB, 0xCC, 
	0xBB, 0xAA, 0x98, 0x89, 0x87, 0x78, 0x86, 0x55, 0x67, 0x65, 0x45, 0x55, 0x55, 0x54, 0x55, 
	0x54, 0x55, 0x67, 0x77, 0x8C, 0xCB, 0xBA, 0xA9, 0x99, 0x88, 0x88, 0x88, 0x77, 0x67, 0x66, 
	0x65, 0x54, 0x64, 0x55, 0x55, 0x66, 0x55, 0x78, 0x65, 0x55, 0x55, 0x67, 0x77, 0x65, 0x77, 
	0x66, 0x56, 0x56, 0x55, 0x65, 0x65, 0x66, 0x55, 0x55, 0x45, 0x55, 0x54, 0x55, 0x56, 0x68, 
	0x89, 0x99, 0x99, 0x9A, 0xAA, 0xAA, 0xAA, 0xBB, 0xBB, 0xBB, 0xBB, 0xCC, 0xCC, 0xCC, 0xB8, 
	0x55, 0x66, 0x9A, 0x99, 0x99, 0x99, 0x99, 0x9A, 0xAB, 0xBC, 0xBA, 0xAA, 0xAA, 0xAA, 0xBB, 
	0xBB, 0xBB, 0xBB, 0xBB, 0xBB, 0xAA, 0xAA, 0xAA, 0xA9, 0x99, 0x99, 0x99, 0x88, 0x88, 0x99, 
	0x99, 0x99, 0x99, 0x99, 0x99, 0x99, 0x99, 0x99, 0x98, 0x87, 0x77, 0x78, 0x88, 0x89, 0x90, 
	0x08, 0x89, 0x99, 0xAA, 0xAA, 0xAA, 0xAA, 0xAA, 0xAA, 0xAA, 0xAA, 0xAA, 0xAB, 0xBB, 0xBB, 
	0xBB, 0xCC, 0xCC, 0xCC, 0xCC, 0xBC, 0xCC, 0xBB, 0xBC, 0xCC, 0xCC, 0xCC, 0xCC, 0xCC, 0xCC, 
	0xCC, 0xCC, 0xCC, 0xCC, 0xCC, 0xCC, 0xCC, 0xCC, 0xCC, 0xCD, 0xDD, 0xCC, 0xCC, 0xBB, 0xBB, 
	0xBB, 0xCC, 0xCC, 0xCC, 0xCC, 0xCC, 0xCD, 0xCD, 0xDD, 0xDD, 0xCC, 0xCC, 0xDD, 0xDD, 0xDD, 
	0xDD, 0xDD, 0xDD, 0xDD, 0xDD, 0xDD, 0xDD, 0xDD, 0xDD, 0xDD, 0xDD, 0xDD, 0xDC, 0xAA, 0xAC, 
	0xA6, 0x66, 0x66, 0x54, 0x54, 0x45, 0x66, 0x54, 0x55, 0x54, 0x44, 0x44, 0x43, 0x44, 0x44, 
	0x55, 0x55, 0x55, 0x55, 0x45, 0x55, 0x55, 0x55, 0x56, 0x68, 0x88, 0x76, 0x54, 0x56, 0x66, 
	0x66, 0x65, 0x66, 0x77, 0x77, 0x88, 0x77, 0x66, 0x67, 0x77, 0x78, 0x88, 0x88, 0x99, 0x99, 
	0x87, 0x77, 0x77, 0x66, 0x67, 0x77, 0x78, 0x88, 0x99, 0x99, 0x99, 0x98, 0x76, 0x55, 0x56, 
	0x78, 0x88, 0x88, 0x88, 0x88, 0x77, 0x77, 0x76, 0x76, 0x66, 0x65, 0x55, 0x54, 0x45, 0x66, 
	0x67, 0x98, 0x54, 0x44, 0x54, 0x44, 0x46, 0x99, 0x98, 0x88, 0x88, 0x89, 0x88, 0x87, 0x77, 
	0x77, 0x78, 0x99, 0x99, 0x99, 0x98, 0x87, 0x87, 0x88, 0x77, 0x8C, 0xDD, 0xBA, 0xAB, 0xCC, 
	0xCB, 0x99, 0x98, 0x88, 0x87, 0x68, 0x85, 0x45, 0x66, 0x65, 0x45, 0x44, 0x45, 0x44, 0x45, 
	0x55, 0x56, 0x67, 0x76, 0xBC, 0xBB, 0xAA, 0x99, 0x98, 0x88, 0x88, 0x87, 0x76, 0x66, 0x56, 
	0x55, 0x45, 0x55, 0x55, 0x55, 0x77, 0x66, 0x78, 0x75, 0x65, 0x65, 0x67, 0x87, 0x66, 0x78, 
	0x76, 0x66, 0x56, 0x55, 0x66, 0x67, 0x86, 0x56, 0x55, 0x55, 0x44, 0x54, 0x44, 0x45, 0x67, 
	0x78, 0x87, 0x89, 0x99, 0xA9, 0x99, 0xAA, 0xAB, 0xBB, 0xBB, 0xBB, 0xBB, 0xBC, 0xCC, 0xCB, 
	0x75, 0x56, 0x89, 0x89, 0x99, 0x99, 0x99, 0xAC, 0xEF, 0xFF, 0xEC, 0xAA, 0xAA, 0xAA, 0xBA, 
	0xAA, 0xAA, 0xAA, 0xAA, 0xAA, 0xAA, 0xAA, 0xAA, 0xA9, 0x99, 0x99, 0x99, 0x88, 0x88, 0x99, 
	0x99, 0x99, 0x88, 0x89, 0x99, 0x99, 0x99, 0x99, 0x99, 0x98, 0x77, 0x78, 0x88, 0x88, 0x90, 
	0x08, 0x89, 0x99, 0xAA, 0xAA, 0xAA, 0xAA, 0xAA, 0xAA, 0xAA, 0xAA, 0xAA, 0xAB, 0xBB, 0xBB, 
	0xBB, 0xCC, 0xCC, 0xCC, 0xCB, 0xBC, 0xCC, 0xBB, 0xBC, 0xCC, 0xCC, 0xCC, 0xCC, 0xCC, 0xCC, 
	0xCC, 0xCC, 0xCC, 0xCC, 0xCC, 0xCC, 0xCC, 0xCC, 0xCC, 0xCD, 0xDD, 0xCC, 0xCC, 0xBB, 0xBB, 
	0xBB, 0xCC, 0xCC, 0xCC, 0xCC, 0xCC, 0xCD, 0xDD, 0xDD, 0xDD, 0xCC, 0xCC, 0xDD, 0xDD, 0xDD, 
	0xDD, 0xDD, 0xDD, 0xDD, 0xDD, 0xDD, 0xDD, 0xDD, 0xDD, 0xDD, 0xDD, 0xDD, 0xDC, 0xBA, 0xAB, 
	0x86, 0x66, 0x66, 0x55, 0x65, 0x56, 0x65, 0x55, 0x54, 0x44, 0x44, 0x44, 0x44, 0x44, 0x55, 
	0x55, 0x55, 0x55, 0x55, 0x55, 0x55, 0x55, 0x55, 0x67, 0x78, 0x88, 0x87, 0x64, 0x56, 0x66, 
	0x66, 0x66, 0x66, 0x66, 0x66, 0x78, 0x88, 0x76, 0x66, 0x77, 0x78, 0x88, 0x88, 0x99, 0x99, 
	0x88, 0x77, 0x77, 0x76, 0x66, 0x67, 0x78, 0x99, 0x99, 0x99, 0x99, 0x99, 0x87, 0x66, 0x56, 
	0x67, 0x88, 0x88, 0x88, 0x88, 0x78, 0x77, 0x77, 0x66, 0x66, 0x66, 0x55, 0x54, 0x55, 0x66, 
	0x78, 0x97, 0x44, 0x54, 0x44, 0x45, 0x46, 0x99, 0x99, 0x88, 0x88, 0x88, 0x87, 0x66, 0x66, 
	0x66, 0x66, 0x78, 0x88, 0x88, 0x88, 0x88, 0x87, 0x87, 0x77, 0x8B, 0xCC, 0xAA, 0xAA, 0xBC, 
	0xBA, 0x89, 0x98, 0x77, 0x76, 0x45, 0x65, 0x45, 0x66, 0x65, 0x55, 0x44, 0x44, 0x44, 0x45, 
	0x55, 0x56, 0x66, 0x79, 0xCC, 0xAA, 0xA9, 0x99, 0x98, 0x88, 0x88, 0x77, 0x66, 0x66, 0x55, 
	0x55, 0x55, 0x56, 0x55, 0x56, 0x77, 0x66, 0x78, 0x75, 0x65, 0x65, 0x67, 0x76, 0x67, 0x88, 
	0x87, 0x66, 0x55, 0x65, 0x67, 0x78, 0x86, 0x55, 0x56, 0x55, 0x65, 0x44, 0x44, 0x44, 0x56, 
	0x78, 0x86, 0x68, 0x99, 0xA9, 0x99, 0x9A, 0xAA, 0xAA, 0xBB, 0xBB, 0xBB, 0xBC, 0xCC, 0xCC, 
	0xA7, 0x55, 0x69, 0x88, 0x99, 0xAA, 0xAB, 0xDF, 0xFF, 0xFF, 0xFD, 0xAA, 0xAA, 0xA9, 0xAA, 
	0x99, 0x99, 0xA9, 0x9A, 0xAA, 0xAA, 0xAA, 0xAA, 0xA9, 0x99, 0x99, 0x98, 0x88, 0x88, 0x88, 
	0x88, 0x88, 0x88, 0x89, 0x99, 0x99, 0x99, 0x99, 0x99, 0x99, 0x87, 0x77, 0x88, 0x88, 0x80, 
	0x08, 0x89, 0x99, 0xAA, 0xAA, 0xAA, 0xAA, 0xAA, 0xAA, 0xAA, 0xAA, 0xAA, 0xAB, 0xBB, 0xBB, 
	0xBB, 0xCC, 0xCC, 0xBC, 0xCC, 0xCC, 0xCC, 0xCB, 0xCC, 0xCC, 0xCC, 0xCC, 0xCC, 0xCC, 0xCC, 
	0xCC, 0xCC, 0xCC, 0xCC, 0xCC, 0xCC, 0xCC, 0xCC, 0xCC, 0xCD, 0xDD, 0xCC, 0xCC, 0xCB, 0xBB, 
	0xBB, 0xCC, 0xCC, 0xCC, 0xCC, 0xCC, 0xDD, 0xDD, 0xDD, 0xDD, 0xCC, 0xCC, 0xDD, 0xDD, 0xDD, 
	0xDD, 0xDD, 0xDD, 0xDD, 0xDD, 0xDD, 0xDD, 0xDD, 0xDD, 0xDD, 0xDD, 0xDD, 0xDC, 0xBA, 0xAA, 
	0x76, 0x66, 0x66, 0x55, 0x55, 0x57, 0x66, 0x56, 0x65, 0x55, 0x55, 0x55, 0x55, 0x55, 0x55, 
	0x66, 0x66, 0x65, 0x55, 0x55, 0x54, 0x44, 0x56, 0x67, 0x77, 0x88, 0x76, 0x64, 0x55, 0x55, 
	0x66, 0x66, 0x66, 0x66, 0x55, 0x66, 0x77, 0x88, 0x77, 0x77, 0x77, 0x88, 0x88, 0x99, 0x99, 
	0x88, 0x77, 0x77, 0x77, 0x66, 0x77, 0x78, 0x89, 0x99, 0x99, 0x99, 0x99, 0x98, 0x87, 0x66, 
	0x67, 0x88, 0x88, 0x88, 0x88, 0x88, 0x76, 0x67, 0x66, 0x66, 0x66, 0x65, 0x55, 0x55, 0x66, 
	0x78, 0x86, 0x44, 0x43, 0x34, 0x44, 0x46, 0x99, 0x99, 0x88, 0x88, 0x88, 0x76, 0x66, 0x77, 
	0x66, 0x55, 0x66, 0x67, 0x77, 0x88, 0x88, 0x88, 0x77, 0x77, 0x79, 0xAA, 0x98, 0x9A, 0xBB, 
	0xB9, 0x88, 0x98, 0x77, 0x65, 0x54, 0x43, 0x44, 0x66, 0x65, 0x55, 0x54, 0x43, 0x34, 0x55, 
	0x56, 0x66, 0x66, 0x8C, 0xCB, 0xAA, 0x99, 0x88, 0x88, 0x88, 0x87, 0x77, 0x66, 0x66, 0x55, 
	0x56, 0x65, 0x56, 0x55, 0x66, 0x87, 0x65, 0x77, 0x75, 0x55, 0x55, 0x67, 0x76, 0x68, 0x88, 
	0x98, 0x76, 0x65, 0x65, 0x67, 0x78, 0x87, 0x65, 0x56, 0x55, 0x54, 0x54, 0x54, 0x44, 0x44, 
	0x67, 0x75, 0x57, 0x89, 0x99, 0x99, 0x99, 0xAA, 0xAA, 0xBB, 0xBB, 0xBB, 0xBB, 0xBC, 0xCC, 
	0xC9, 0x65, 0x58, 0x98, 0x9A, 0xAA, 0xBD, 0xFF, 0xFF, 0xFF, 0xEC, 0xAA, 0xA9, 0x99, 0xAA, 
	0xA9, 0x99, 0x98, 0x99, 0x99, 0x99, 0x9A, 0xAA, 0xA9, 0x99, 0x99, 0x88, 0x88, 0x88, 0x88, 
	0x88, 0x88, 0x88, 0x88, 0x99, 0x99, 0x88, 0x99, 0x99, 0x99, 0x98, 0x87, 0x77, 0x88, 0x80, 
	0x08, 0x89, 0x99, 0xAA, 0xAA, 0xAA, 0xAA, 0xAA, 0xAA, 0xAA, 0xAA, 0xAA, 0xAB, 0xBB, 0xBB, 
	0xBB, 0xBC, 0xCB, 0xBC, 0xCC, 0xCC, 0xCC, 0xCC, 0xCC, 0xCC, 0xCC, 0xCC, 0xCC, 0xCC, 0xCC, 
	0xCC, 0xCC, 0xCC, 0xCC, 0xCC, 0xCC, 0xCC, 0xCC, 0xCC, 0xCD, 0xDD, 0xCC, 0xCC, 0xCB, 0xBB, 
	0xBB, 0xCC, 0xCC, 0xCC, 0xCC, 0xDD, 0xDD, 0xDD, 0xDD, 0xDD, 0xCC, 0xCC, 0xCD, 0xDD, 0xDD, 
	0xDD, 0xDD, 0xDD, 0xDD, 0xDD, 0xDD, 0xDD, 0xDD, 0xDD, 0xDD, 0xDD, 0xDD, 0xDD, 0xBA, 0xBA, 
	0x66, 0x66, 0x66, 0x66, 0x55, 0x56, 0x65, 0x55, 0x56, 0x55, 0x55, 0x55, 0x55, 0x55, 0x56, 
	0x66, 0x66, 0x56, 0x65, 0x54, 0x44, 0x45, 0x67, 0x77, 0x77, 0x77, 0x66, 0x64, 0x55, 0x65, 
	0x55, 0x66, 0x66, 0x76, 0x66, 0x55, 0x56, 0x67, 0x77, 0x88, 0x88, 0x77, 0x78, 0x89, 0x9A, 
	0x99, 0x88, 0x88, 0x88, 0x88, 0x88, 0x89, 0x99, 0x99, 0x99, 0x99, 0x99, 0x99, 0x88, 0x77, 
	0x77, 0x88, 0x88, 0x88, 0x88, 0x87, 0x77, 0x77, 0x77, 0x67, 0x66, 0x66, 0x56, 0x66, 0x66, 
	0x77, 0x76, 0x54, 0x22, 0x34, 0x44, 0x55, 0x9A, 0x99, 0x88, 0x88, 0x77, 0x65, 0x56, 0x67, 
	0x65, 0x55, 0x55, 0x55, 0x67, 0x88, 0x87, 0x77, 0x67, 0x78, 0x89, 0x98, 0x78, 0x89, 0xAA, 
	0xA8, 0x78, 0x98, 0x77, 0x65, 0x44, 0x44, 0x35, 0x66, 0x65, 0x56, 0x54, 0x55, 0x44, 0x55, 
	0x56, 0x67, 0x67, 0xBD, 0xBA, 0xA9, 0x99, 0x88, 0x88, 0x87, 0x77, 0x66, 0x66, 0x66, 0x77, 
	0x66, 0x66, 0x55, 0x54, 0x66, 0x87, 0x65, 0x77, 0x75, 0x54, 0x55, 0x67, 0x76, 0x68, 0x99, 
	0x99, 0x86, 0x65, 0x55, 0x67, 0x88, 0x87, 0x66, 0x66, 0x66, 0x45, 0x55, 0x55, 0x54, 0x54, 
	0x56, 0x65, 0x46, 0x78, 0x98, 0x89, 0x99, 0xAA, 0xAA, 0xAA, 0xAB, 0xBB, 0xBC, 0xBC, 0xCC, 
	0xCB, 0x86, 0x56, 0xAA, 0x89, 0xAA, 0xBC, 0xFF, 0xFF, 0xFF, 0xDA, 0x99, 0x99, 0x99, 0xAB, 
	0xCB, 0x99, 0x87, 0x78, 0x78, 0x88, 0x99, 0xAA, 0xAA, 0x99, 0x99, 0x88, 0x88, 0x88, 0x88, 
	0x88, 0x88, 0x88, 0x88, 0x89, 0x99, 0x88, 0x89, 0x99, 0x99, 0x99, 0x88, 0x77, 0x87, 0x80, 
	0x08, 0x89, 0x99, 0xAA, 0xAA, 0xAA, 0xAA, 0xAB, 0xAA, 0xAA, 0xAA, 0xAA, 0xBB, 0xBB, 0xBB, 
	0xBB, 0xBC, 0xCC, 0xCC, 0xCC, 0xCC, 0xCC, 0xCC, 0xCC, 0xCC, 0xCC, 0xCC, 0xCC, 0xCC, 0xCC, 
	0xCC, 0xCC, 0xCC, 0xCC, 0xCC, 0xCC, 0xCC, 0xCC, 0xCC, 0xCD, 0xDC, 0xCC, 0xCC, 0xCB, 0xBB, 
	0xBB, 0xBC, 0xCC, 0xCC, 0xCC, 0xCC, 0xDD, 0xDD, 0xDD, 0xDD, 0xDC, 0xCC, 0xCD, 0xDD, 0xDD, 
	0xDD, 0xDD, 0xDD, 0xDD, 0xDD, 0xDD, 0xDD, 0xDD, 0xDD, 0xDD, 0xDD, 0xDD, 0xDD, 0xBA, 0xAA, 
	0x76, 0x66, 0x66, 0x66, 0x55, 0x67, 0x76, 0x66, 0x66, 0x66, 0x65, 0x65, 0x55, 0x66, 0x66, 
	0x66, 0x67, 0x66, 0x55, 0x44, 0x45, 0x56, 0x66, 0x77, 0x66, 0x77, 0x76, 0x54, 0x46, 0x66, 
	0x65, 0x56, 0x66, 0x77, 0x77, 0x66, 0x56, 0x55, 0x67, 0x78, 0x89, 0x98, 0x88, 0x89, 0x9A, 
	0x99, 0x99, 0x88, 0x88, 0x88, 0x88, 0x88, 0x88, 0x89, 0x99, 0x99, 0x99, 0x99, 0x87, 0x77, 
	0x77, 0x88, 0x99, 0x99, 0x88, 0x88, 0x87, 0x77, 0x77, 0x66, 0x76, 0x66, 0x66, 0x56, 0x66, 
	0x78, 0x88, 0x53, 0x22, 0x33, 0x44, 0x45, 0x89, 0x98, 0x88, 0x88, 0x65, 0x54, 0x46, 0x66, 
	0x55, 0x44, 0x44, 0x55, 0x66, 0x77, 0x76, 0x65, 0x79, 0x98, 0x99, 0x87, 0x67, 0x89, 0xAA, 
	0x97, 0x78, 0x88, 0x77, 0x65, 0x54, 0x43, 0x35, 0x67, 0x65, 0x56, 0x55, 0x66, 0x65, 0x46, 
	0x66, 0x77, 0x7B, 0xCB, 0xAA, 0x99, 0x98, 0x88, 0x88, 0x77, 0x76, 0x65, 0x55, 0x57, 0x77, 
	0x77, 0x76, 0x55, 0x54, 0x68, 0x87, 0x75, 0x67, 0x76, 0x44, 0x56, 0x57, 0x76, 0x68, 0x99, 
	0x99, 0x87, 0x65, 0x55, 0x67, 0x89, 0x87, 0x76, 0x56, 0x66, 0x55, 0x56, 0x65, 0x55, 0x54, 
	0x45, 0x54, 0x45, 0x77, 0x97, 0x89, 0x99, 0x9A, 0xAA, 0xAA, 0xAB, 0xBB, 0xBB, 0xCC, 0xCC, 
	0xCC, 0xB7, 0x56, 0x89, 0x88, 0x98, 0x9B, 0xDF, 0xFF, 0xFC, 0xA9, 0x88, 0x88, 0x78, 0x9A, 
	0xBA, 0x88, 0x76, 0x67, 0x77, 0x78, 0x8A, 0xAA, 0xAA, 0xA9, 0x88, 0x87, 0x78, 0x87, 0x88, 
	0x88, 0x88, 0x88, 0x88, 0x89, 0x99, 0x98, 0x88, 0x99, 0x98, 0x99, 0x98, 0x77, 0x78, 0x80, 
	0x08, 0x89, 0x99, 0xAA, 0xAA, 0xAA, 0xAA, 0xAB, 0xAA, 0xAA, 0xAA, 0xAA, 0xAB, 0xBB, 0xBB, 
	0xBB, 0xCC, 0xCC, 0xBC, 0xCC, 0xCC, 0xCC, 0xCC, 0xCC, 0xCC, 0xCC, 0xCC, 0xCC, 0xCC, 0xCC, 
	0xCC, 0xCC, 0xCC, 0xCC, 0xCC, 0xCC, 0xCC, 0xCC, 0xCC, 0xCD, 0xDC, 0xCC, 0xCC, 0xCB, 0xBB, 
	0xBB, 0xBB, 0xCC, 0xCC, 0xCC, 0xCD, 0xDD, 0xDD, 0xDD, 0xDD, 0xDC, 0xCC, 0xCD, 0xDD, 0xDD, 
	0xDD, 0xDD, 0xDD, 0xDD, 0xDD, 0xDD, 0xDD, 0xDD, 0xDD, 0xDD, 0xDD, 0xDD, 0xDD, 0xBA, 0xBB, 
	0x76, 0x66, 0x66, 0x77, 0x66, 0x66, 0x66, 0x66, 0x66, 0x66, 0x65, 0x55, 0x55, 0x56, 0x66, 
	0x67, 0x66, 0x65, 0x55, 0x45, 0x55, 0x66, 0x66, 0x66, 0x77, 0x88, 0x76, 0x54, 0x45, 0x66, 
	0x65, 0x55, 0x56, 0x67, 0x77, 0x77, 0x66, 0x55, 0x66, 0x77, 0x78, 0x99, 0x99, 0x88, 0x89, 
	0x99, 0x98, 0x87, 0x76, 0x65, 0x55, 0x66, 0x77, 0x88, 0x88, 0x88, 0x99, 0x99, 0x87, 0x66, 
	0x55, 0x68, 0x88, 0x99, 0x99, 0x98, 0x87, 0x77, 0x76, 0x67, 0x66, 0x66, 0x76, 0x66, 0x56, 
	0x67, 0x89, 0x97, 0x53, 0x34, 0x45, 0x45, 0x89, 0x88, 0x88, 0x88, 0x64, 0x33, 0x45, 0x66, 
	0x55, 0x44, 0x44, 0x55, 0x55, 0x66, 0x66, 0x56, 0x88, 0x99, 0x99, 0x86, 0x56, 0x78, 0x98, 
	0x76, 0x78, 0x87, 0x66, 0x66, 0x55, 0x54, 0x45, 0x66, 0x65, 0x44, 0x56, 0x76, 0x66, 0x67, 
	0x67, 0x77, 0xAB, 0xBA, 0x99, 0x99, 0x88, 0x88, 0x88, 0x76, 0x65, 0x55, 0x55, 0x56, 0x77, 
	0x87, 0x76, 0x55, 0x54, 0x68, 0x88, 0x76, 0x67, 0x86, 0x54, 0x46, 0x67, 0x66, 0x67, 0x99, 
	0x99, 0x98, 0x65, 0x55, 0x57, 0x89, 0x77, 0x66, 0x66, 0x66, 0x66, 0x66, 0x65, 0x55, 0x54, 
	0x44, 0x44, 0x45, 0x76, 0x87, 0x89, 0x99, 0x99, 0x9A, 0xAA, 0xBB, 0xBB, 0xBB, 0xBB, 0xCC, 
	0xCC, 0xC9, 0x66, 0x78, 0x77, 0x88, 0x89, 0xAC, 0xEE, 0xCA, 0x87, 0x78, 0x87, 0x77, 0x87, 
	0x99, 0x87, 0x66, 0x66, 0x66, 0x77, 0x8A, 0xAB, 0xBA, 0xAA, 0x98, 0x87, 0x78, 0x88, 0x88, 
	0x88, 0x88, 0x88, 0x88, 0x89, 0x99, 0x99, 0x88, 0x99, 0x88, 0x99, 0x99, 0x87, 0x77, 0x70, 
	0x08, 0x89, 0x99, 0xAA, 0xAA, 0xAA, 0xAA, 0xAA, 0xAA, 0xAA, 0xAA, 0xAA, 0xAB, 0xBB, 0xBB, 
	0xBB, 0xCC, 0xCC, 0xBC, 0xCC, 0xCC, 0xCC, 0xCC, 0xCC, 0xCC, 0xCC, 0xCC, 0xCC, 0xCC, 0xCC, 
	0xCC, 0xCC, 0xCC, 0xCC, 0xCC, 0xCC, 0xCC, 0xCC, 0xCC, 0xCD, 0xDC, 0xCC, 0xCC, 0xCB, 0xBB, 
	0xBB, 0xBC, 0xCC, 0xCC, 0xCC, 0xCD, 0xDD, 0xDD, 0xDD, 0xDD, 0xDC, 0xCC, 0xCD, 0xDD, 0xDD, 
	0xDD, 0xDD, 0xDD, 0xDD, 0xDD, 0xDD, 0xDD, 0xDD, 0xDD, 0xDD, 0xDD, 0xDD, 0xDD, 0xBA, 0xAB, 
	0x76, 0x66, 0x77, 0x66, 0x67, 0x77, 0x66, 0x66, 0x65, 0x55, 0x55, 0x55, 0x55, 0x56, 0x66, 
	0x77, 0x76, 0x55, 0x45, 0x55, 0x55, 0x56, 0x55, 0x66, 0x67, 0x77, 0x66, 0x54, 0x45, 0x66, 
	0x66, 0x65, 0x55, 0x67, 0x77, 0x77, 0x77, 0x76, 0x66, 0x67, 0x78, 0x89, 0x9A, 0x99, 0x88, 
	0x89, 0x88, 0x77, 0x77, 0x65, 0x55, 0x55, 0x66, 0x77, 0x78, 0x89, 0x99, 0x99, 0x88, 0x76, 
	0x55, 0x57, 0x88, 0x89, 0x99, 0x99, 0x98, 0x77, 0x76, 0x67, 0x66, 0x66, 0x76, 0x64, 0x45, 
	0x77, 0x89, 0x9A, 0xA9, 0x86, 0x34, 0x45, 0x89, 0x88, 0x88, 0x87, 0x64, 0x33, 0x45, 0x66, 
	0x55, 0x44, 0x34, 0x44, 0x44, 0x45, 0x55, 0x58, 0x98, 0x88, 0x77, 0x76, 0x56, 0x77, 0x76, 
	0x65, 0x78, 0x77, 0x66, 0x66, 0x65, 0x55, 0x56, 0x77, 0x65, 0x44, 0x67, 0x77, 0x77, 0x88, 
	0x77, 0x79, 0xCB, 0xAA, 0x99, 0x99, 0x88, 0x88, 0x87, 0x76, 0x55, 0x45, 0x55, 0x55, 0x67, 
	0x87, 0x75, 0x54, 0x55, 0x68, 0x87, 0x76, 0x57, 0x76, 0x64, 0x46, 0x67, 0x66, 0x77, 0x88, 
	0x99, 0x98, 0x76, 0x55, 0x57, 0x89, 0x76, 0x67, 0x77, 0x77, 0x77, 0x76, 0x65, 0x55, 0x55, 
	0x44, 0x34, 0x44, 0x66, 0x66, 0x89, 0x99, 0x99, 0x99, 0x9A, 0xAA, 0xAB, 0xBB, 0xBB, 0xBC, 
	0xCC, 0xCB, 0x86, 0x68, 0x77, 0x77, 0x78, 0x89, 0xAB, 0xCA, 0x76, 0x68, 0x87, 0x76, 0x66, 
	0x66, 0x55, 0x56, 0x66, 0x66, 0x77, 0x79, 0xBB, 0xBB, 0xAA, 0x99, 0x87, 0x78, 0x88, 0x78, 
	0x88, 0x88, 0x88, 0x88, 0x88, 0x99, 0x99, 0x88, 0x99, 0x88, 0x99, 0x99, 0x98, 0x76, 0x70, 
	0x08, 0x89, 0x99, 0xAA, 0xAA, 0xAA, 0xAA, 0xAA, 0xAA, 0xAA, 0xAA, 0xAA, 0xAB, 0xBB, 0xBB, 
	0xBB, 0xBC, 0xCC, 0xCC, 0xCC, 0xCC, 0xCC, 0xCC, 0xCC, 0xCC, 0xCC, 0xCC, 0xCC, 0xCC, 0xCC, 
	0xCC, 0xCC, 0xCC, 0xCC, 0xCC, 0xCC, 0xCC, 0xCC, 0xCC, 0xCD, 0xDC, 0xDD, 0xCC, 0xCB, 0xBB, 
	0xBB, 0xBC, 0xCC, 0xCC, 0xCC, 0xCC, 0xDC, 0xDD, 0xDD, 0xDD, 0xDC, 0xCC, 0xCD, 0xDD, 0xDD, 
	0xDD, 0xDD, 0xDD, 0xDD, 0xDD, 0xDD, 0xDD, 0xDD, 0xDD, 0xDD, 0xDD, 0xDD, 0xDD, 0xBA, 0xAB, 
	0x86, 0x66, 0x77, 0x77, 0x77, 0x76, 0x66, 0x66, 0x55, 0x55, 0x55, 0x55, 0x66, 0x66, 0x67, 
	0x77, 0x65, 0x55, 0x55, 0x55, 0x54, 0x45, 0x55, 0x67, 0x76, 0x77, 0x66, 0x53, 0x34, 0x56, 
	0x67, 0x66, 0x66, 0x66, 0x65, 0x67, 0x77, 0x77, 0x77, 0x77, 0x78, 0x88, 0x89, 0xAA, 0x99, 
	0x99, 0x98, 0x77, 0x78, 0x77, 0x66, 0x55, 0x56, 0x66, 0x77, 0x88, 0x88, 0x88, 0x88, 0x77, 
	0x65, 0x56, 0x78, 0x88, 0x89, 0x99, 0x98, 0x77, 0x76, 0x66, 0x66, 0x66, 0x77, 0x65, 0x46, 
	0x77, 0x89, 0xAA, 0xAA, 0xA9, 0x68, 0x99, 0x99, 0x88, 0x88, 0x87, 0x54, 0x34, 0x67, 0x66, 
	0x54, 0x33, 0x34, 0x44, 0x44, 0x45, 0x55, 0x68, 0x99, 0x77, 0x76, 0x65, 0x56, 0x67, 0x76, 
	0x55, 0x67, 0x76, 0x66, 0x66, 0x66, 0x66, 0x67, 0x77, 0x64, 0x45, 0x77, 0x88, 0x89, 0x98, 
	0x87, 0x8B, 0xBA, 0x9A, 0x99, 0x89, 0x98, 0x87, 0x77, 0x66, 0x54, 0x44, 0x55, 0x65, 0x56, 
	0x77, 0x75, 0x54, 0x55, 0x77, 0x77, 0x76, 0x57, 0x76, 0x75, 0x55, 0x56, 0x66, 0x78, 0x88, 
	0x99, 0x98, 0x76, 0x55, 0x57, 0x88, 0x77, 0x77, 0x77, 0x77, 0x77, 0x77, 0x66, 0x65, 0x55, 
	0x55, 0x44, 0x43, 0x55, 0x45, 0x79, 0x88, 0x89, 0x99, 0x99, 0xAA, 0xAB, 0xBB, 0xBB, 0xBC, 
	0xCC, 0xCC, 0xB7, 0x67, 0x97, 0x76, 0x77, 0x77, 0x8C, 0xDA, 0x76, 0x68, 0x87, 0x76, 0x56, 
	0x65, 0x66, 0x66, 0x66, 0x77, 0x77, 0x79, 0xBB, 0xBB, 0xBA, 0xA9, 0x88, 0x88, 0x88, 0x88, 
	0x88, 0x88, 0x88, 0x88, 0x88, 0x88, 0x88, 0x88, 0x88, 0x88, 0x99, 0x99, 0x98, 0x76, 0x60, 
	0x08, 0x89, 0x99, 0xAA, 0xAA, 0xAA, 0xAA, 0xAA, 0xAA, 0xAA, 0xAA, 0xAA, 0xAB, 0xBB, 0xBB, 
	0xBB, 0xBB, 0xCC, 0xCC, 0xCC, 0xCC, 0xCC, 0xCC, 0xCC, 0xCC, 0xCC, 0xCC, 0xCC, 0xCC, 0xCC, 
	0xCC, 0xCC, 0xCC, 0xCC, 0xCC, 0xCC, 0xCC, 0xCC, 0xCC, 0xCC, 0xCC, 0xDD, 0xCC, 0xCB, 0xBB, 
	0xBB, 0xBC, 0xCC, 0xCC, 0xCC, 0xCC, 0xDC, 0xDD, 0xDD, 0xDD, 0xDC, 0xCC, 0xCD, 0xDD, 0xDD, 
	0xDD, 0xDD, 0xDD, 0xDD, 0xDD, 0xDD, 0xDD, 0xDD, 0xDD, 0xDD, 0xDD, 0xDD, 0xDD, 0xCA, 0xAB, 
	0x96, 0x66, 0x66, 0x77, 0x77, 0x77, 0x66, 0x66, 0x66, 0x55, 0x54, 0x44, 0x45, 0x66, 0x67, 
	0x76, 0x55, 0x56, 0x55, 0x55, 0x54, 0x45, 0x66, 0x66, 0x77, 0x77, 0x64, 0x32, 0x23, 0x45, 
	0x66, 0x66, 0x67, 0x76, 0x65, 0x56, 0x66, 0x66, 0x78, 0x88, 0x88, 0x88, 0x89, 0x99, 0x99, 
	0x99, 0x99, 0x88, 0x88, 0x87, 0x77, 0x65, 0x55, 0x56, 0x67, 0x78, 0x88, 0x88, 0x87, 0x77, 
	0x65, 0x55, 0x67, 0x88, 0x89, 0x88, 0x88, 0x88, 0x76, 0x66, 0x66, 0x66, 0x78, 0x66, 0x66, 
	0x67, 0x88, 0x9A, 0xAA, 0xA9, 0x7A, 0xAA, 0xBB, 0xA8, 0x78, 0x76, 0x54, 0x46, 0x77, 0x76, 
	0x54, 0x33, 0x33, 0x33, 0x33, 0x45, 0x55, 0x78, 0x99, 0x77, 0x66, 0x55, 0x56, 0x67, 0x76, 
	0x55, 0x66, 0x66, 0x76, 0x66, 0x66, 0x66, 0x76, 0x77, 0x65, 0x55, 0x76, 0x77, 0x88, 0x88, 
	0x86, 0xAC, 0xA9, 0x99, 0x98, 0x88, 0x88, 0x88, 0x76, 0x66, 0x55, 0x55, 0x55, 0x55, 0x66, 
	0x76, 0x75, 0x44, 0x45, 0x67, 0x66, 0x66, 0x66, 0x66, 0x76, 0x55, 0x66, 0x66, 0x77, 0x88, 
	0x89, 0x98, 0x76, 0x55, 0x67, 0x88, 0x77, 0x87, 0x66, 0x66, 0x67, 0x77, 0x77, 0x66, 0x55, 
	0x55, 0x44, 0x44, 0x44, 0x34, 0x68, 0x88, 0x88, 0x89, 0x99, 0xAA, 0xAB, 0xBB, 0xBB, 0xBB, 
	0xCC, 0xCC, 0xCA, 0x66, 0x97, 0x66, 0x77, 0x77, 0x7B, 0xCA, 0x77, 0x67, 0x76, 0x65, 0x56, 
	0x65, 0x66, 0x66, 0x66, 0x78, 0x87, 0x79, 0xBB, 0xBB, 0xBA, 0xAA, 0x99, 0x88, 0x89, 0x98, 
	0x88, 0x88, 0x88, 0x88, 0x88, 0x88, 0x88, 0x98, 0x88, 0x88, 0x99, 0x99, 0x99, 0x86, 0x60, 
	0x08, 0x89, 0x99, 0x9A, 0xAA, 0xAA, 0xAA, 0xAA, 0xAA, 0xAA, 0xAA, 0xAA, 0xAB, 0xBB, 0xBB, 
	0xBB, 0xBB, 0xCC, 0xCC, 0xCC, 0xCC, 0xCC, 0xCC, 0xCC, 0xCC, 0xCC, 0xCC, 0xCC, 0xCC, 0xCC, 
	0xCC, 0xCC, 0xCC, 0xCC, 0xCC, 0xCC, 0xCC, 0xCC, 0xCC, 0xCC, 0xDD, 0xDD, 0xCC, 0xCB, 0xBB, 
	0xBB, 0xBB, 0xCC, 0xCC, 0xCC, 0xCD, 0xDD, 0xDD, 0xDD, 0xDD, 0xDC, 0xCC, 0xCD, 0xDD, 0xDD, 
	0xDD, 0xDD, 0xDD, 0xDD, 0xDD, 0xDD, 0xDD, 0xDD, 0xDD, 0xDD, 0xDD, 0xDD, 0xDD, 0xCA, 0xAB, 
	0x96, 0x66, 0x77, 0x77, 0x66, 0x66, 0x66, 0x55, 0x54, 0x44, 0x44, 0x44, 0x55, 0x56, 0x67, 
	0x66, 0x56, 0x65, 0x55, 0x55, 0x55, 0x55, 0x66, 0x66, 0x67, 0x66, 0x42, 0x22, 0x33, 0x34, 
	0x56, 0x66, 0x67, 0x77, 0x76, 0x66, 0x66, 0x55, 0x67, 0x78, 0x88, 0x88, 0x99, 0x99, 0x99, 
	0x99, 0x99, 0x88, 0x88, 0x88, 0x77, 0x76, 0x55, 0x55, 0x55, 0x66, 0x77, 0x88, 0x88, 0x77, 
	0x76, 0x55, 0x66, 0x78, 0x88, 0x88, 0x88, 0x78, 0x77, 0x66, 0x65, 0x67, 0x78, 0x88, 0x78, 
	0x88, 0x88, 0x99, 0x9A, 0xA8, 0x68, 0xAA, 0xAB, 0xCB, 0x97, 0x77, 0x77, 0x77, 0x88, 0x87, 
	0x65, 0x43, 0x33, 0x33, 0x33, 0x45, 0x55, 0x68, 0x98, 0x87, 0x76, 0x55, 0x66, 0x67, 0x65, 
	0x56, 0x66, 0x66, 0x76, 0x66, 0x66, 0x67, 0x66, 0x77, 0x75, 0x55, 0x66, 0x66, 0x76, 0x77, 
	0x68, 0xCB, 0xA9, 0x99, 0x98, 0x88, 0x88, 0x77, 0x66, 0x55, 0x55, 0x55, 0x66, 0x66, 0x66, 
	0x67, 0x75, 0x44, 0x45, 0x66, 0x66, 0x66, 0x66, 0x66, 0x66, 0x55, 0x56, 0x65, 0x67, 0x88, 
	0x88, 0x98, 0x77, 0x66, 0x78, 0x87, 0x78, 0x76, 0x55, 0x55, 0x67, 0x77, 0x77, 0x76, 0x66, 
	0x55, 0x55, 0x44, 0x34, 0x44, 0x57, 0x77, 0x87, 0x79, 0x99, 0x99, 0xAA, 0xBB, 0xBB, 0xBB, 
	0xCC, 0xCC, 0xCC, 0x96, 0x88, 0x68, 0x77, 0x87, 0x67, 0x98, 0x77, 0x66, 0x66, 0x66, 0x78, 
	0x77, 0x66, 0x66, 0x67, 0x89, 0x98, 0x89, 0xBB, 0xBB, 0xBB, 0xAA, 0xA9, 0x98, 0x99, 0x98, 
	0x88, 0x99, 0x88, 0x88, 0x99, 0x98, 0x88, 0x98, 0x88, 0x89, 0x99, 0x99, 0x99, 0x97, 0x60, 
	0x08, 0x89, 0x99, 0x9A, 0xAA, 0xAA, 0xAA, 0xAA, 0xAA, 0xAA, 0xAA, 0xAA, 0xAA, 0xBB, 0xBB, 
	0xBB, 0xBC, 0xCC, 0xCC, 0xCC, 0xCC, 0xCC, 0xCC, 0xCC, 0xCC, 0xCC, 0xCC, 0xCC, 0xCC, 0xCC, 
	0xCC, 0xCC, 0xCC, 0xCC, 0xCC, 0xCC, 0xCC, 0xCC, 0xCC, 0xCC, 0xDD, 0xDD, 0xCC, 0xCB, 0xBB, 
	0xBB, 0xBB, 0xCC, 0xCC, 0xCC, 0xCD, 0xDD, 0xDD, 0xDD, 0xDD, 0xDC, 0xCC, 0xCD, 0xDD, 0xDD, 
	0xDD, 0xDD, 0xDD, 0xDD, 0xDD, 0xDD, 0xDD, 0xDD, 0xDD, 0xDD, 0xDD, 0xDD, 0xDD, 0xCA, 0xAB, 
	0xB8, 0x65, 0x66, 0x66, 0x66, 0x66, 0x55, 0x55, 0x44, 0x44, 0x44, 0x55, 0x55, 0x66, 0x77, 
	0x66, 0x66, 0x55, 0x55, 0x55, 0x55, 0x55, 0x66, 0x66, 0x67, 0x64, 0x21, 0x23, 0x33, 0x33, 
	0x45, 0x66, 0x66, 0x66, 0x77, 0x66, 0x66, 0x66, 0x66, 0x67, 0x78, 0x99, 0x99, 0xAA, 0xAA, 
	0x99, 0x99, 0x88, 0x88, 0x88, 0x87, 0x76, 0x66, 0x55, 0x45, 0x56, 0x67, 0x77, 0x88, 0x87, 
	0x76, 0x55, 0x56, 0x67, 0x88, 0x88, 0x88, 0x77, 0x78, 0x76, 0x55, 0x67, 0x77, 0x77, 0x88, 
	0x87, 0x89, 0x99, 0x9A, 0x97, 0x68, 0x9A, 0xAA, 0xBC, 0xA7, 0x89, 0xBC, 0xB9, 0x88, 0x87, 
	0x66, 0x54, 0x33, 0x33, 0x33, 0x45, 0x55, 0x8A, 0xA8, 0x87, 0x66, 0x55, 0x66, 0x66, 0x65, 
	0x56, 0x67, 0x66, 0x66, 0x66, 0x66, 0x67, 0x66, 0x77, 0x76, 0x66, 0x66, 0x56, 0x66, 0x55, 
	0x6A, 0xBA, 0xA9, 0x99, 0x88, 0x88, 0x87, 0x76, 0x66, 0x65, 0x56, 0x66, 0x67, 0x66, 0x65, 
	0x66, 0x66, 0x54, 0x45, 0x66, 0x66, 0x65, 0x66, 0x66, 0x66, 0x65, 0x56, 0x76, 0x67, 0x78, 
	0x78, 0x88, 0x77, 0x77, 0x78, 0x87, 0x76, 0x44, 0x33, 0x44, 0x56, 0x66, 0x77, 0x77, 0x76, 
	0x65, 0x55, 0x54, 0x34, 0x44, 0x45, 0x56, 0x77, 0x78, 0x99, 0x99, 0xAA, 0xBB, 0xBB, 0xBB, 
	0xBC, 0xBC, 0xCC, 0xB7, 0x69, 0x88, 0x77, 0x87, 0x76, 0x66, 0x67, 0x76, 0x55, 0x66, 0x87, 
	0x77, 0x77, 0x78, 0x88, 0x89, 0x98, 0x89, 0xAB, 0xBB, 0xBB, 0xBA, 0xAA, 0x99, 0x99, 0x99, 
	0x99, 0x99, 0x99, 0x99, 0x99, 0x88, 0x88, 0x88, 0x88, 0x88, 0x99, 0x99, 0x99, 0x98, 0x70, 
	0x08, 0x89, 0x99, 0x9A, 0xAA, 0xAA, 0xAA, 0xAA, 0xBA, 0xAA, 0xAA, 0xAA, 0xAA, 0xBB, 0xBB, 
	0xBB, 0xBC, 0xCC, 0xCC, 0xCC, 0xCC, 0xCC, 0xCC, 0xCC, 0xCC, 0xCC, 0xCC, 0xCC, 0xCC, 0xCC, 
	0xCC, 0xCC, 0xCC, 0xCC, 0xCC, 0xCC, 0xCC, 0xCC, 0xCC, 0xCC, 0xDD, 0xDD, 0xCC, 0xCB, 0xBB, 
	0xBB, 0xBB, 0xCC, 0xCC, 0xCC, 0xCC, 0xCC, 0xDD, 0xDC, 0xDD, 0xDC, 0xCC, 0xCD, 0xDD, 0xDD, 
	0xDD, 0xDD, 0xDD, 0xDD, 0xDD, 0xDD, 0xDD, 0xDD, 0xDD, 0xDD, 0xDD, 0xDD, 0xDD, 0xCB, 0xAA, 
	0xC9, 0x55, 0x66, 0x66, 0x66, 0x56, 0x55, 0x55, 0x44, 0x45, 0x44, 0x55, 0x66, 0x66, 0x66, 
	0x66, 0x66, 0x65, 0x55, 0x56, 0x55, 0x55, 0x56, 0x67, 0x76, 0x42, 0x11, 0x22, 0x33, 0x23, 
	0x43, 0x56, 0x67, 0x66, 0x67, 0x66, 0x76, 0x77, 0x77, 0x77, 0x77, 0x78, 0x89, 0x99, 0x99, 
	0xAA, 0xA9, 0x98, 0x88, 0x88, 0x87, 0x77, 0x66, 0x65, 0x55, 0x56, 0x66, 0x77, 0x78, 0x77, 
	0x76, 0x55, 0x55, 0x66, 0x77, 0x88, 0x88, 0x77, 0x77, 0x87, 0x56, 0x77, 0x77, 0x77, 0x77, 
	0x88, 0x88, 0x89, 0x99, 0xA8, 0x89, 0x99, 0xAA, 0xAB, 0xBA, 0xBB, 0xBB, 0xBC, 0xA8, 0x87, 
	0x76, 0x64, 0x43, 0x34, 0x33, 0x45, 0x56, 0xAB, 0xA9, 0x87, 0x75, 0x66, 0x76, 0x66, 0x56, 
	0x66, 0x67, 0x77, 0x66, 0x66, 0x66, 0x77, 0x66, 0x77, 0x76, 0x67, 0x66, 0x56, 0x66, 0x54, 
	0x8C, 0xAA, 0x99, 0x99, 0x88, 0x88, 0x78, 0x76, 0x55, 0x55, 0x66, 0x66, 0x66, 0x67, 0x77, 
	0x76, 0x66, 0x55, 0x45, 0x66, 0x65, 0x55, 0x56, 0x66, 0x66, 0x65, 0x56, 0x76, 0x67, 0x88, 
	0x87, 0x88, 0x78, 0x87, 0x88, 0x87, 0x64, 0x33, 0x33, 0x34, 0x44, 0x56, 0x67, 0x77, 0x76, 
	0x66, 0x55, 0x54, 0x44, 0x43, 0x34, 0x44, 0x67, 0x88, 0x88, 0x89, 0x9A, 0xAA, 0xBB, 0xBB, 
	0xBB, 0xCB, 0xCC, 0xC8, 0x69, 0x87, 0x77, 0x76, 0x76, 0x67, 0x77, 0x76, 0x66, 0x67, 0x79, 
	0x88, 0x88, 0x89, 0x98, 0x89, 0x88, 0x78, 0xAB, 0xBB, 0xBB, 0xBB, 0xBA, 0xAA, 0xA9, 0x99, 
	0x99, 0x99, 0x99, 0x99, 0x98, 0x88, 0x88, 0x88, 0x88, 0x88, 0x89, 0x99, 0x99, 0x99, 0x70, 
	0x08, 0x89, 0x99, 0x9A, 0xAA, 0xAA, 0xAA, 0xAB, 0xBA, 0xAA, 0xAA, 0xAA, 0xAA, 0xBB, 0xBB, 
	0xBB, 0xBB, 0xCC, 0xCC, 0xCC, 0xCC, 0xCC, 0xCC, 0xCC, 0xCC, 0xCC, 0xCC, 0xCC, 0xCC, 0xCC, 
	0xCC, 0xCC, 0xCC, 0xCC, 0xCC, 0xCC, 0xCC, 0xCC, 0xCC, 0xCC, 0xDD, 0xDC, 0xCC, 0xCB, 0xBB, 
	0xBB, 0xBB, 0xCC, 0xCC, 0xCC, 0xCC, 0xCD, 0xDD, 0xDD, 0xDD, 0xDC, 0xCC, 0xCC, 0xDD, 0xDD, 
	0xDD, 0xDD, 0xDD, 0xDD, 0xDD, 0xDD, 0xDD, 0xDD, 0xDD, 0xDD, 0xDD, 0xDD, 0xDD, 0xCB, 0xAA, 
	0xBC, 0x75, 0x56, 0x66, 0x66, 0x65, 0x55, 0x55, 0x44, 0x44, 0x56, 0x66, 0x66, 0x66, 0x67, 
	0x77, 0x77, 0x66, 0x65, 0x66, 0x54, 0x56, 0x56, 0x67, 0x65, 0x42, 0x11, 0x33, 0x44, 0x44, 
	0x43, 0x45, 0x67, 0x66, 0x67, 0x66, 0x66, 0x67, 0x77, 0x87, 0x88, 0x88, 0x88, 0x99, 0x99, 
	0x99, 0x9A, 0xAA, 0x99, 0x88, 0x77, 0x77, 0x77, 0x66, 0x55, 0x55, 0x56, 0x67, 0x77, 0x77, 
	0x77, 0x66, 0x55, 0x56, 0x67, 0x78, 0x87, 0x67, 0x77, 0x66, 0x66, 0x67, 0x77, 0x67, 0x66, 
	0x77, 0x77, 0x89, 0x99, 0x99, 0x99, 0x99, 0x9A, 0xAB, 0xBB, 0xAA, 0xAA, 0xAB, 0xC9, 0x77, 
	0x66, 0x65, 0x44, 0x34, 0x43, 0x44, 0x58, 0xBB, 0xB9, 0x87, 0x66, 0x67, 0x76, 0x77, 0x66, 
	0x67, 0x77, 0x77, 0x76, 0x66, 0x66, 0x77, 0x77, 0x88, 0x77, 0x67, 0x77, 0x66, 0x66, 0x56, 
	0xBB, 0xA9, 0x99, 0x98, 0x88, 0x87, 0x77, 0x76, 0x55, 0x66, 0x66, 0x76, 0x65, 0x55, 0x56, 
	0x66, 0x66, 0x55, 0x55, 0x55, 0x55, 0x55, 0x56, 0x66, 0x77, 0x66, 0x56, 0x77, 0x77, 0x78, 
	0x87, 0x88, 0x88, 0x88, 0x88, 0x75, 0x43, 0x32, 0x22, 0x23, 0x33, 0x45, 0x66, 0x76, 0x66, 
	0x65, 0x55, 0x55, 0x54, 0x33, 0x34, 0x44, 0x47, 0x77, 0x78, 0x89, 0x9A, 0xAA, 0xBB, 0xBB, 
	0xBB, 0xCC, 0xCC, 0xCA, 0x68, 0x97, 0x77, 0x66, 0x67, 0x67, 0x77, 0x77, 0x66, 0x77, 0x78, 
	0x98, 0x88, 0x99, 0x98, 0x88, 0x77, 0x68, 0xAB, 0xBB, 0xBB, 0xBB, 0xBB, 0xBA, 0xAA, 0xAA, 
	0xAA, 0xAA, 0x99, 0x99, 0x99, 0x88, 0x88, 0x88, 0x88, 0x88, 0x98, 0x88, 0x89, 0x99, 0x90, 
	0x08, 0x89, 0x99, 0x9A, 0xAA, 0xAA, 0xAA, 0xAA, 0xBA, 0xAA, 0xAA, 0xAA, 0xAB, 0xBB, 0xBB, 
	0xBB, 0xBC, 0xCC, 0xCC, 0xCC, 0xCC, 0xCC, 0xCC, 0xCC, 0xCC, 0xCC, 0xCC, 0xCC, 0xCC, 0xCC, 
	0xCC, 0xCC, 0xCC, 0xCC, 0xCC, 0xCC, 0xCC, 0xCC, 0xCC, 0xCC, 0xDD, 0xDD, 0xDC, 0xCB, 0xBB, 
	0xBB, 0xBB, 0xBC, 0xCC, 0xCC, 0xCC, 0xCC, 0xDD, 0xDD, 0xDD, 0xDC, 0xCC, 0xCD, 0xDD, 0xDD, 
	0xDD, 0xDD, 0xDD, 0xDD, 0xDD, 0xDD, 0xDD, 0xDD, 0xDD, 0xDD, 0xDD, 0xDD, 0xDD, 0xCB, 0xAA, 
	0xBC, 0xA6, 0x66, 0x56, 0x66, 0x65, 0x55, 0x54, 0x45, 0x55, 0x66, 0x66, 0x66, 0x66, 0x78, 
	0x87, 0x76, 0x66, 0x66, 0x55, 0x55, 0x56, 0x66, 0x66, 0x54, 0x43, 0x33, 0x45, 0x55, 0x55, 
	0x44, 0x44, 0x56, 0x66, 0x66, 0x65, 0x66, 0x77, 0x77, 0x88, 0x89, 0x99, 0x88, 0x99, 0x9A, 
	0x99, 0x98, 0x9A, 0xAA, 0x99, 0x87, 0x66, 0x66, 0x65, 0x55, 0x54, 0x45, 0x56, 0x77, 0x77, 
	0x77, 0x66, 0x65, 0x55, 0x67, 0x77, 0x87, 0x66, 0x65, 0x35, 0x77, 0x77, 0x76, 0x66, 0x66, 
	0x66, 0x77, 0x78, 0x88, 0x88, 0x89, 0x99, 0xAA, 0xAA, 0xA9, 0x99, 0xAA, 0xAA, 0xBB, 0x76, 
	0x66, 0x55, 0x54, 0x44, 0x44, 0x33, 0x69, 0xBB, 0xA9, 0x76, 0x66, 0x76, 0x66, 0x77, 0x76, 
	0x66, 0x78, 0x87, 0x77, 0x66, 0x67, 0x77, 0x77, 0x88, 0x87, 0x67, 0x77, 0x76, 0x77, 0x69, 
	0xCB, 0xA9, 0x98, 0x88, 0x88, 0x87, 0x66, 0x65, 0x56, 0x66, 0x66, 0x66, 0x54, 0x43, 0x33, 
	0x45, 0x66, 0x65, 0x56, 0x66, 0x55, 0x55, 0x56, 0x66, 0x77, 0x66, 0x65, 0x78, 0x77, 0x78, 
	0x87, 0x88, 0x88, 0x88, 0x87, 0x54, 0x32, 0x22, 0x22, 0x23, 0x34, 0x34, 0x56, 0x67, 0x66, 
	0x55, 0x55, 0x55, 0x54, 0x44, 0x44, 0x33, 0x36, 0x76, 0x78, 0x88, 0x99, 0xAA, 0xAB, 0xBB, 
	0xBC, 0xCB, 0xCC, 0xCB, 0x76, 0x98, 0x77, 0x76, 0x66, 0x67, 0x77, 0x77, 0x67, 0x89, 0x99, 
	0x98, 0x88, 0x89, 0x88, 0x87, 0x67, 0x57, 0xAB, 0xBB, 0xBB, 0xBB, 0xBB, 0xBB, 0xAA, 0xAA, 
	0xAA, 0xAA, 0xA9, 0x99, 0x98, 0x88, 0x88, 0x88, 0x88, 0x88, 0x88, 0x88, 0x89, 0x99, 0x90, 
	0x08, 0x88, 0x99, 0x9A, 0xAA, 0xAA, 0xAA, 0xAA, 0xAA, 0xAA, 0xAA, 0xAA, 0xBB, 0xBB, 0xBB, 
	0xBB, 0xBC, 0xCC, 0xCC, 0xCC, 0xCC, 0xCC, 0xCC, 0xCC, 0xCC, 0xCC, 0xCC, 0xCC, 0xCC, 0xCC, 
	0xCC, 0xCC, 0xCC, 0xCC, 0xCC, 0xCC, 0xCC, 0xCC, 0xCC, 0xCC, 0xDD, 0xDD, 0xDC, 0xCC, 0xBB, 
	0xBB, 0xBB, 0xBB, 0xCC, 0xCC, 0xCC, 0xCC, 0xCD, 0xDC, 0xDD, 0xDC, 0xCC, 0xCD, 0xDD, 0xDD, 
	0xDD, 0xDD, 0xDD, 0xDD, 0xDD, 0xDD, 0xDD, 0xDD, 0xDD, 0xDD, 0xDD, 0xDD, 0xDD, 0xCB, 0xAA, 
	0xBC, 0xC9, 0x65, 0x66, 0x66, 0x65, 0x55, 0x55, 0x55, 0x55, 0x56, 0x65, 0x55, 0x67, 0x78, 
	0x87, 0x66, 0x66, 0x65, 0x55, 0x65, 0x66, 0x66, 0x65, 0x44, 0x44, 0x55, 0x55, 0x56, 0x65, 
	0x55, 0x54, 0x45, 0x66, 0x66, 0x65, 0x66, 0x66, 0x77, 0x68, 0x88, 0x89, 0x99, 0x99, 0x99, 
	0x99, 0x99, 0x88, 0x89, 0xA9, 0x98, 0x87, 0x77, 0x77, 0x65, 0x44, 0x55, 0x56, 0x67, 0x77, 
	0x77, 0x76, 0x65, 0x55, 0x66, 0x77, 0x77, 0x66, 0x54, 0x35, 0x77, 0x77, 0x77, 0x76, 0x65, 
	0x66, 0x67, 0x77, 0x77, 0x89, 0xAA, 0xAA, 0xAA, 0xAA, 0x99, 0x99, 0xA9, 0x9A, 0xAC, 0xA5, 
	0x55, 0x56, 0x54, 0x44, 0x44, 0x44, 0x7A, 0xBA, 0xA8, 0x77, 0x78, 0x76, 0x67, 0x77, 0x75, 
	0x56, 0x78, 0x87, 0x77, 0x77, 0x77, 0x77, 0x77, 0x89, 0x87, 0x67, 0x77, 0x88, 0x88, 0x8B, 
	0xBA, 0xA9, 0x98, 0x88, 0x88, 0x77, 0x66, 0x55, 0x56, 0x66, 0x77, 0x64, 0x43, 0x33, 0x22, 
	0x12, 0x35, 0x66, 0x66, 0x66, 0x55, 0x45, 0x55, 0x66, 0x67, 0x66, 0x66, 0x78, 0x87, 0x88, 
	0x88, 0x89, 0x99, 0x89, 0x85, 0x33, 0x22, 0x11, 0x11, 0x23, 0x34, 0x44, 0x56, 0x66, 0x66, 
	0x66, 0x55, 0x55, 0x55, 0x44, 0x44, 0x33, 0x35, 0x76, 0x78, 0x88, 0x99, 0xAA, 0xBB, 0xBB, 
	0xBC, 0xCB, 0xCB, 0xCC, 0x96, 0x99, 0x87, 0x77, 0x77, 0x77, 0x88, 0x77, 0x77, 0x99, 0x99, 
	0x98, 0x87, 0x77, 0x79, 0x98, 0x65, 0x56, 0xAB, 0xBB, 0xBB, 0xBB, 0xBB, 0xBB, 0xBB, 0xBB, 
	0xAA, 0xAA, 0xAA, 0x99, 0x98, 0x88, 0x88, 0x88, 0x88, 0x88, 0x88, 0x88, 0x88, 0x99, 0x90, 
	0x08, 0x88, 0x99, 0x9A, 0xAA, 0xAA, 0xAA, 0xAA, 0xAA, 0xAA, 0xAA, 0xAA, 0xAB, 0xBB, 0xBB, 
	0xBB, 0xBB, 0xCC, 0xCC, 0xCC, 0xCC, 0xCC, 0xCC, 0xCC, 0xCC, 0xCC, 0xCC, 0xCC, 0xCC, 0xCC, 
	0xCC, 0xCC, 0xCC, 0xCC, 0xCC, 0xCC, 0xCC, 0xCC, 0xCC, 0xCC, 0xDD, 0xDD, 0xDC, 0xCC, 0xBB, 
	0xBB, 0xBB, 0xBB, 0xCC, 0xCC, 0xCC, 0xCC, 0xCD, 0xDC, 0xDD, 0xDC, 0xCC, 0xCD, 0xDD, 0xDD, 
	0xDD, 0xDD, 0xDD, 0xDD, 0xDD, 0xDD, 0xDD, 0xDD, 0xDD, 0xDD, 0xDD, 0xDD, 0xDD, 0xDB, 0xAA, 
	0xBC, 0xCC, 0x76, 0x67, 0x66, 0x65, 0x56, 0x65, 0x44, 0x45, 0x65, 0x45, 0x66, 0x77, 0x77, 
	0x76, 0x66, 0x66, 0x55, 0x56, 0x66, 0x66, 0x66, 0x65, 0x33, 0x56, 0x66, 0x56, 0x66, 0x66, 
	0x66, 0x55, 0x44, 0x56, 0x66, 0x76, 0x66, 0x66, 0x67, 0x66, 0x78, 0x89, 0x99, 0x99, 0xAA, 
	0x99, 0x98, 0x88, 0x88, 0x88, 0x89, 0x99, 0x88, 0x87, 0x66, 0x65, 0x55, 0x55, 0x66, 0x77, 
	0x76, 0x66, 0x66, 0x66, 0x66, 0x77, 0x77, 0x76, 0x54, 0x45, 0x66, 0x67, 0x88, 0x76, 0x66, 
	0x77, 0x88, 0x99, 0x88, 0x99, 0x99, 0x99, 0x99, 0x99, 0xAA, 0xA9, 0x9A, 0x99, 0xAB, 0xB7, 
	0x54, 0x55, 0x54, 0x44, 0x54, 0x46, 0x8A, 0xAA, 0x98, 0x77, 0x88, 0x87, 0x78, 0x88, 0x75, 
	0x45, 0x67, 0x78, 0x87, 0x77, 0x77, 0x77, 0x77, 0x89, 0x87, 0x78, 0x77, 0x78, 0x78, 0xAB, 
	0xAA, 0x99, 0x98, 0x88, 0x87, 0x76, 0x65, 0x55, 0x66, 0x67, 0x66, 0x54, 0x33, 0x32, 0x22, 
	0x22, 0x22, 0x45, 0x66, 0x66, 0x65, 0x55, 0x55, 0x66, 0x66, 0x66, 0x66, 0x67, 0x78, 0x88, 
	0x89, 0x89, 0x99, 0x88, 0x53, 0x33, 0x21, 0x22, 0x22, 0x22, 0x34, 0x55, 0x45, 0x66, 0x66, 
	0x66, 0x55, 0x55, 0x55, 0x54, 0x44, 0x44, 0x44, 0x66, 0x78, 0x88, 0x99, 0x9A, 0xAB, 0xBB, 
	0xBB, 0xBB, 0xBC, 0xCC, 0xB6, 0x79, 0x88, 0x89, 0x88, 0x77, 0x88, 0x88, 0x99, 0x99, 0x99, 
	0x88, 0x77, 0x78, 0x79, 0x97, 0x66, 0x57, 0xAB, 0xBB, 0xBB, 0xBB, 0xBB, 0xBB, 0xBB, 0xBB, 
	0xBA, 0xAA, 0xAA, 0xA9, 0x99, 0x88, 0x88, 0x88, 0x88, 0x88, 0x88, 0x88, 0x88, 0x88, 0x80, 
	0x08, 0x88, 0x99, 0x9A, 0xAA, 0xAA, 0xAA, 0xAA, 0xBB, 0xAA, 0xAA, 0xAA, 0xAB, 0xBB, 0xBB, 
	0xBB, 0xBB, 0xCC, 0xCC, 0xCC, 0xCC, 0xCC, 0xCC, 0xCC, 0xCC, 0xCC, 0xCC, 0xCC, 0xCC, 0xCC, 
	0xCC, 0xCC, 0xCC, 0xCC, 0xCC, 0xCC, 0xCC, 0xCC, 0xCC, 0xCC, 0xDD, 0xDD, 0xDC, 0xCC, 0xBB, 
	0xBB, 0xBB, 0xBC, 0xCC, 0xCC, 0xCC, 0xCC, 0xCD, 0xDD, 0xDD, 0xDD, 0xCC, 0xCD, 0xDD, 0xDD, 
	0xDD, 0xDD, 0xDD, 0xDD, 0xDD, 0xDD, 0xDD, 0xDD, 0xDD, 0xDD, 0xDD, 0xED, 0xDD, 0xDB, 0xAA, 
	0xBC, 0xCC, 0xA8, 0x67, 0x77, 0x66, 0x66, 0x55, 0x55, 0x55, 0x45, 0x56, 0x67, 0x77, 0x77, 
	0x66, 0x67, 0x76, 0x66, 0x66, 0x66, 0x66, 0x76, 0x54, 0x34, 0x66, 0x56, 0x66, 0x67, 0x76, 
	0x66, 0x66, 0x54, 0x35, 0x66, 0x66, 0x66, 0x67, 0x67, 0x87, 0x67, 0x78, 0x99, 0x99, 0xAA, 
	0xA9, 0x88, 0x88, 0x88, 0x87, 0x77, 0x89, 0x99, 0x88, 0x76, 0x55, 0x55, 0x45, 0x56, 0x77, 
	0x77, 0x66, 0x65, 0x56, 0x66, 0x67, 0x76, 0x65, 0x44, 0x55, 0x66, 0x77, 0x88, 0x88, 0x88, 
	0x88, 0x99, 0x99, 0x98, 0x89, 0x99, 0x99, 0x99, 0x99, 0x99, 0x99, 0x99, 0x99, 0xAA, 0xBB, 
	0x85, 0x55, 0x44, 0x44, 0x45, 0x79, 0xAA, 0x99, 0x98, 0x77, 0x78, 0x88, 0x89, 0xA9, 0x75, 
	0x34, 0x56, 0x78, 0x87, 0x77, 0x77, 0x77, 0x77, 0x89, 0x98, 0x88, 0x77, 0x77, 0x79, 0xBB, 
	0xAA, 0x99, 0x88, 0x88, 0x77, 0x76, 0x65, 0x55, 0x66, 0x67, 0x65, 0x44, 0x32, 0x22, 0x22, 
	0x22, 0x22, 0x24, 0x56, 0x66, 0x66, 0x55, 0x55, 0x66, 0x66, 0x66, 0x66, 0x77, 0x88, 0x88, 
	0x99, 0x99, 0x99, 0x86, 0x33, 0x43, 0x21, 0x22, 0x22, 0x22, 0x34, 0x55, 0x44, 0x57, 0x76, 
	0x65, 0x55, 0x55, 0x56, 0x55, 0x44, 0x45, 0x44, 0x46, 0x77, 0x78, 0x99, 0x9A, 0xAA, 0xBB, 
	0xBB, 0xBC, 0xBC, 0xCC, 0xC9, 0x69, 0x89, 0x9A, 0x99, 0x88, 0x99, 0x99, 0xAA, 0xA9, 0x98, 
	0x88, 0x77, 0x88, 0x89, 0x87, 0x66, 0x69, 0xBB, 0xBB, 0xBB, 0xBB, 0xBB, 0xBB, 0xBB, 0xBB, 
	0xBA, 0xAA, 0xAA, 0xAA, 0x99, 0x88, 0x88, 0x88, 0x88, 0x88, 0x88, 0x88, 0x88, 0x88, 0x80, 
	0x08, 0x88, 0x99, 0x99, 0xAA, 0xAA, 0xAA, 0xAB, 0xBB, 0xAA, 0xAA, 0xAA, 0xAB, 0xBB, 0xBB, 
	0xBB, 0xBC, 0xCC, 0xCC, 0xCC, 0xCC, 0xCC, 0xCC, 0xCC, 0xCC, 0xCC, 0xCC, 0xCC, 0xCC, 0xCC, 
	0xCC, 0xCC, 0xCC, 0xCC, 0xCC, 0xCC, 0xCC, 0xCC, 0xCC, 0xCC, 0xDD, 0xDD, 0xDD, 0xCC, 0xBB, 
	0xBB, 0xBB, 0xBC, 0xCC, 0xCC, 0xCC, 0xCC, 0xCC, 0xDD, 0xDD, 0xDD, 0xCC, 0xCC, 0xDD, 0xDD, 
	0xDD, 0xDD, 0xDD, 0xDD, 0xDD, 0xDD, 0xDD, 0xDD, 0xDD, 0xDD, 0xDD, 0xED, 0xDD, 0xDC, 0xAA, 
	0xBB, 0xCB, 0xBA, 0x76, 0x77, 0x66, 0x55, 0x66, 0x54, 0x44, 0x56, 0x66, 0x66, 0x77, 0x76, 
	0x67, 0x77, 0x76, 0x66, 0x66, 0x66, 0x66, 0x76, 0x53, 0x36, 0x66, 0x66, 0x66, 0x67, 0x77, 
	0x77, 0x76, 0x65, 0x43, 0x56, 0x66, 0x66, 0x67, 0x76, 0x79, 0x87, 0x77, 0x89, 0x99, 0x99, 
	0xAA, 0xA9, 0x88, 0x88, 0x88, 0x77, 0x78, 0x89, 0x99, 0x87, 0x76, 0x55, 0x55, 0x56, 0x77, 
	0x77, 0x77, 0x65, 0x66, 0x76, 0x77, 0x66, 0x44, 0x45, 0x66, 0x77, 0x77, 0x77, 0x77, 0x77, 
	0x77, 0x77, 0x78, 0x88, 0x88, 0x87, 0x78, 0x88, 0x88, 0x89, 0x99, 0x99, 0x99, 0x9A, 0x9A, 
	0xBA, 0x65, 0x44, 0x46, 0x89, 0xAD, 0xCB, 0x99, 0x98, 0x88, 0x88, 0x89, 0x9A, 0xA9, 0x65, 
	0x33, 0x45, 0x77, 0x77, 0x78, 0x87, 0x77, 0x77, 0x89, 0x98, 0x88, 0x76, 0x67, 0x9B, 0xBB, 
	0xA9, 0x99, 0x88, 0x88, 0x77, 0x66, 0x55, 0x55, 0x66, 0x66, 0x55, 0x43, 0x22, 0x32, 0x21, 
	0x11, 0x12, 0x22, 0x45, 0x66, 0x66, 0x54, 0x55, 0x55, 0x66, 0x66, 0x66, 0x77, 0x88, 0x88, 
	0x89, 0x99, 0x99, 0x74, 0x35, 0x42, 0x22, 0x22, 0x22, 0x22, 0x46, 0x75, 0x54, 0x57, 0x87, 
	0x65, 0x54, 0x55, 0x56, 0x55, 0x44, 0x45, 0x54, 0x45, 0x67, 0x78, 0x88, 0x99, 0xAA, 0xAA, 
	0xBB, 0xBB, 0xCB, 0xBC, 0xCC, 0x89, 0x99, 0xAA, 0xA9, 0x99, 0x9A, 0xAA, 0xBB, 0xA9, 0x87, 
	0x78, 0x88, 0x88, 0x98, 0x86, 0x66, 0x8B, 0xBB, 0xBB, 0xBB, 0xBB, 0xBB, 0xBB, 0xBB, 0xBB, 
	0xBB, 0xAA, 0xAA, 0xAA, 0x99, 0x98, 0x88, 0x88, 0x88, 0x88, 0x78, 0x88, 0x88, 0x88, 0x80, 
	0x08, 0x88, 0x89, 0x99, 0xAA, 0xAA, 0xAA, 0xAB, 0xBB, 0xAA, 0xAA, 0xAA, 0xAA, 0xBB, 0xBB, 
	0xBB, 0xBB, 0xCC, 0xCC, 0xCC, 0xCC, 0xCC, 0xCC, 0xCC, 0xCC, 0xCC, 0xCC, 0xCC, 0xCC, 0xCC, 
	0xCC, 0xCC, 0xCC, 0xCC, 0xCC, 0xCC, 0xCC, 0xCC, 0xCC, 0xCC, 0xDD, 0xDD, 0xDC, 0xCC, 0xBB, 
	0xBB, 0xBB, 0xBC, 0xCC, 0xCC, 0xCC, 0xCC, 0xCC, 0xDD, 0xCD, 0xDD, 0xCC, 0xCD, 0xDD, 0xDD, 
	0xDD, 0xDD, 0xDD, 0xDD, 0xDD, 0xDD, 0xDD, 0xDD, 0xDD, 0xDD, 0xDD, 0xED, 0xDD, 0xDC, 0xAA, 
	0xBB, 0xBB, 0xAA, 0x98, 0x87, 0x65, 0x56, 0x54, 0x34, 0x55, 0x56, 0x76, 0x67, 0x77, 0x66, 
	0x77, 0x87, 0x66, 0x66, 0x66, 0x67, 0x76, 0x66, 0x53, 0x56, 0x66, 0x76, 0x66, 0x77, 0x77, 
	0x77, 0x76, 0x55, 0x54, 0x35, 0x66, 0x67, 0x66, 0x77, 0x78, 0x98, 0x88, 0x88, 0x99, 0x99, 
	0x99, 0xAA, 0x98, 0x88, 0x77, 0x88, 0x77, 0x88, 0x89, 0x98, 0x77, 0x76, 0x55, 0x56, 0x67, 
	0x77, 0x77, 0x76, 0x66, 0x77, 0x77, 0x65, 0x44, 0x45, 0x55, 0x66, 0x66, 0x66, 0x66, 0x55, 
	0x66, 0x66, 0x67, 0x66, 0x77, 0x77, 0x77, 0x88, 0x88, 0x88, 0x88, 0x77, 0x88, 0x89, 0x79, 
	0xAB, 0xCA, 0x88, 0x7B, 0xEE, 0xDD, 0xCB, 0x99, 0x99, 0x99, 0x99, 0x9A, 0xA9, 0x98, 0x64, 
	0x33, 0x34, 0x56, 0x67, 0x77, 0x88, 0x77, 0x77, 0x88, 0x88, 0x88, 0x76, 0x68, 0xBC, 0xAA, 
	0x99, 0x98, 0x88, 0x88, 0x76, 0x55, 0x55, 0x56, 0x66, 0x66, 0x54, 0x33, 0x44, 0x32, 0x22, 
	0x21, 0x11, 0x22, 0x24, 0x66, 0x66, 0x54, 0x55, 0x56, 0x66, 0x55, 0x66, 0x67, 0x88, 0x88, 
	0x89, 0x99, 0x99, 0x63, 0x46, 0x43, 0x22, 0x22, 0x22, 0x23, 0x46, 0x86, 0x54, 0x47, 0x88, 
	0x76, 0x54, 0x44, 0x45, 0x55, 0x55, 0x55, 0x55, 0x55, 0x67, 0x88, 0x88, 0x99, 0x9A, 0xAA, 
	0xBB, 0xBB, 0xCC, 0xCC, 0xCC, 0xA9, 0xAA, 0xAA, 0xAA, 0xA9, 0xAA, 0xAB, 0xBB, 0x98, 0x87, 
	0x78, 0x77, 0x78, 0x99, 0xA8, 0x66, 0xAC, 0xCB, 0xBB, 0xBB, 0xBB, 0xBB, 0xBB, 0xBB, 0xBB, 
	0xBB, 0xBA, 0xAA, 0xA9, 0x99, 0x99, 0x88, 0x88, 0x88, 0x87, 0x78, 0x88, 0x88, 0x88, 0x80, 
	0x08, 0x88, 0x89, 0x99, 0xAA, 0xAA, 0xAA, 0xAB, 0xBB, 0xAA, 0xAA, 0xAA, 0xAA, 0xAB, 0xBB, 
	0xBB, 0xBB, 0xCC, 0xCC, 0xCC, 0xCC, 0xCC, 0xCC, 0xCC, 0xCC, 0xCC, 0xCC, 0xCC, 0xCC, 0xCC, 
	0xCC, 0xCC, 0xCC, 0xCC, 0xCC, 0xCC, 0xCC, 0xCC, 0xCC, 0xCC, 0xDD, 0xDD, 0xCC, 0xCC, 0xBB, 
	0xBB, 0xBB, 0xBB, 0xCC, 0xCC, 0xCC, 0xCC, 0xCC, 0xDC, 0xCD, 0xDD, 0xCC, 0xCD, 0xDD, 0xDD, 
	0xDD, 0xDD, 0xDD, 0xDD, 0xDD, 0xDD, 0xDD, 0xDD, 0xDD, 0xDD, 0xDD, 0xED, 0xED, 0xDC, 0xAA, 
	0xBC, 0xCC, 0xBA, 0xAA, 0x87, 0x66, 0x65, 0x44, 0x45, 0x56, 0x76, 0x66, 0x78, 0x66, 0x67, 
	0x77, 0x77, 0x66, 0x66, 0x76, 0x77, 0x76, 0x65, 0x44, 0x66, 0x66, 0x66, 0x66, 0x77, 0x77, 
	0x77, 0x76, 0x66, 0x65, 0x34, 0x66, 0x66, 0x66, 0x67, 0x78, 0x99, 0x99, 0x88, 0x88, 0x89, 
	0x88, 0x99, 0xA9, 0x88, 0x77, 0x77, 0x77, 0x77, 0x77, 0x78, 0x97, 0x66, 0x66, 0x56, 0x67, 
	0x77, 0x77, 0x76, 0x67, 0x77, 0x76, 0x54, 0x45, 0x55, 0x55, 0x55, 0x55, 0x55, 0x55, 0x55, 
	0x56, 0x55, 0x56, 0x66, 0x67, 0x77, 0x77, 0x77, 0x77, 0x78, 0x76, 0x66, 0x66, 0x88, 0x77, 
	0x99, 0xBC, 0xCD, 0xDE, 0xEE, 0xDC, 0xB9, 0x89, 0x99, 0x99, 0x99, 0x9A, 0xA8, 0x77, 0x53, 
	0x34, 0x34, 0x45, 0x56, 0x67, 0x88, 0x77, 0x77, 0x89, 0x98, 0x87, 0x76, 0x7A, 0xCB, 0xAA, 
	0x99, 0x98, 0x88, 0x87, 0x76, 0x65, 0x55, 0x56, 0x66, 0x65, 0x54, 0x34, 0x42, 0x22, 0x22, 
	0x22, 0x21, 0x22, 0x22, 0x56, 0x66, 0x64, 0x55, 0x56, 0x65, 0x66, 0x67, 0x68, 0x78, 0x88, 
	0x89, 0xA9, 0xA8, 0x53, 0x56, 0x43, 0x22, 0x11, 0x22, 0x22, 0x34, 0x88, 0x54, 0x47, 0x88, 
	0x87, 0x65, 0x54, 0x45, 0x55, 0x55, 0x54, 0x44, 0x55, 0x66, 0x78, 0x77, 0x88, 0x9A, 0xAA, 
	0xAB, 0xBB, 0xBB, 0xBC, 0xCC, 0xC9, 0xAA, 0xAA, 0x99, 0xAA, 0xAA, 0xAB, 0xBB, 0xA8, 0x88, 
	0x88, 0x77, 0x77, 0x8A, 0xAA, 0x77, 0xBC, 0xCB, 0xBB, 0xBB, 0xBB, 0xBB, 0xBB, 0xBB, 0xBB, 
	0xBB, 0xBA, 0xAA, 0xA9, 0x99, 0x99, 0x98, 0x88, 0x88, 0x87, 0x78, 0x88, 0x88, 0x78, 0x80, 
	0x08, 0x88, 0x89, 0x99, 0xAA, 0xAA, 0xAA, 0xAA, 0xBA, 0xAA, 0xAA, 0xAA, 0xAA, 0xBB, 0xBB, 
	0xBB, 0xBB, 0xCC, 0xCC, 0xCC, 0xCC, 0xCC, 0xCC, 0xCC, 0xCC, 0xCC, 0xCC, 0xCC, 0xCC, 0xCC, 
	0xCC, 0xCC, 0xCC, 0xCC, 0xCC, 0xCC, 0xCC, 0xCC, 0xCC, 0xCC, 0xDD, 0xDD, 0xDC, 0xCC, 0xBB, 
	0xBB, 0xBB, 0xCC, 0xCC, 0xCC, 0xCC, 0xCC, 0xCC, 0xCC, 0xDD, 0xDD, 0xCC, 0xCD, 0xDD, 0xDD, 
	0xDD, 0xDD, 0xDD, 0xDD, 0xDD, 0xDD, 0xDD, 0xDD, 0xDD, 0xDD, 0xDD, 0xDD, 0xED, 0xDC, 0xBA, 
	0xBC, 0xCC, 0xCB, 0xA9, 0x97, 0x66, 0x55, 0x55, 0x55, 0x77, 0x65, 0x67, 0x75, 0x56, 0x67, 
	0x77, 0x87, 0x56, 0x67, 0x67, 0x76, 0x66, 0x55, 0x45, 0x56, 0x76, 0x66, 0x67, 0x67, 0x77, 
	0x76, 0x66, 0x76, 0x66, 0x54, 0x45, 0x66, 0x67, 0x67, 0x77, 0x89, 0x99, 0x88, 0x88, 0x88, 
	0x88, 0x88, 0x99, 0xA9, 0x87, 0x77, 0x77, 0x76, 0x66, 0x66, 0x78, 0x87, 0x66, 0x66, 0x66, 
	0x77, 0x77, 0x66, 0x67, 0x78, 0x77, 0x54, 0x45, 0x44, 0x54, 0x44, 0x45, 0x55, 0x55, 0x55, 
	0x55, 0x55, 0x56, 0x66, 0x66, 0x66, 0x55, 0x56, 0x67, 0x88, 0x76, 0x56, 0x66, 0x77, 0x67, 
	0x88, 0x99, 0xAC, 0xDE, 0xEF, 0xFD, 0xA8, 0x89, 0x89, 0x99, 0x99, 0x9A, 0x98, 0x66, 0x64, 
	0x34, 0x45, 0x56, 0x65, 0x67, 0x88, 0x87, 0x78, 0x89, 0x89, 0x87, 0x76, 0x8C, 0xBA, 0xAA, 
	0x98, 0x98, 0x88, 0x77, 0x65, 0x55, 0x55, 0x55, 0x55, 0x65, 0x43, 0x45, 0x31, 0x22, 0x22, 
	0x22, 0x21, 0x12, 0x22, 0x36, 0x76, 0x65, 0x55, 0x55, 0x66, 0x66, 0x66, 0x77, 0x87, 0x88, 
	0x99, 0xAA, 0x97, 0x53, 0x56, 0x54, 0x21, 0x11, 0x22, 0x22, 0x23, 0x35, 0x64, 0x47, 0x98, 
	0x88, 0x77, 0x65, 0x54, 0x45, 0x55, 0x54, 0x45, 0x56, 0x67, 0x88, 0x77, 0x89, 0x99, 0xAA, 
	0xAA, 0xBB, 0xBB, 0xBC, 0xCC, 0xCB, 0xA9, 0x88, 0x9A, 0xAA, 0xAB, 0xBB, 0xBB, 0xAA, 0xAA, 
	0x98, 0x78, 0x88, 0x89, 0xBA, 0x78, 0xAB, 0xBB, 0xBB, 0xBB, 0xBB, 0xBB, 0xBB, 0xBB, 0xBB, 
	0xBB, 0xBA, 0xAA, 0xA9, 0x99, 0xAA, 0x99, 0x88, 0x88, 0x87, 0x77, 0x78, 0x87, 0x78, 0x80, 
	0x08, 0x88, 0x89, 0x99, 0xAA, 0xAA, 0xAA, 0xAA, 0xAA, 0xAA, 0xAA, 0xAA, 0xAA, 0xAB, 0xBB, 
	0xBB, 0xBB, 0xBC, 0xCC, 0xCC, 0xCC, 0xCC, 0xCC, 0xCC, 0xCC, 0xCC, 0xCC, 0xCC, 0xCC, 0xCC, 
	0xCC, 0xCC, 0xCC, 0xCC, 0xCC, 0xCC, 0xCC, 0xCC, 0xCC, 0xCC, 0xDD, 0xDD, 0xDC, 0xCC, 0xBB, 
	0xBB, 0xBB, 0xCC, 0xCC, 0xCC, 0xCC, 0xCC, 0xCC, 0xCC, 0xDD, 0xDD, 0xCC, 0xCC, 0xDD, 0xDD, 
	0xDD, 0xDD, 0xDD, 0xDD, 0xDD, 0xDD, 0xDD, 0xDD, 0xDD, 0xDD, 0xDD, 0xDD, 0xDD, 0xDC, 0xBA, 
	0xBC, 0xCC, 0xCB, 0xAA, 0x97, 0x55, 0x55, 0x55, 0x66, 0x65, 0x47, 0x86, 0x45, 0x66, 0x67, 
	0x78, 0x76, 0x67, 0x76, 0x67, 0x77, 0x66, 0x54, 0x45, 0x66, 0x76, 0x66, 0x67, 0x77, 0x77, 
	0x77, 0x66, 0x76, 0x66, 0x65, 0x55, 0x66, 0x67, 0x77, 0x76, 0x78, 0x89, 0x88, 0x88, 0x88, 
	0x88, 0x88, 0x88, 0x89, 0x99, 0x77, 0x66, 0x66, 0x55, 0x65, 0x56, 0x78, 0x77, 0x65, 0x66, 
	0x66, 0x66, 0x66, 0x66, 0x77, 0x77, 0x66, 0x66, 0x54, 0x54, 0x55, 0x55, 0x55, 0x55, 0x55, 
	0x55, 0x44, 0x44, 0x44, 0x44, 0x44, 0x45, 0x67, 0x78, 0x89, 0x99, 0x76, 0x76, 0x66, 0x66, 
	0x77, 0x89, 0x99, 0xAA, 0xCE, 0xFF, 0xC8, 0x77, 0x78, 0x89, 0x99, 0x98, 0x87, 0x67, 0x65, 
	0x44, 0x67, 0x77, 0x77, 0x77, 0x77, 0x88, 0x89, 0x88, 0x98, 0x77, 0x67, 0xAC, 0xBA, 0x99, 
	0x98, 0x88, 0x87, 0x77, 0x66, 0x54, 0x55, 0x55, 0x55, 0x55, 0x43, 0x55, 0x21, 0x22, 0x22, 
	0x23, 0x22, 0x12, 0x22, 0x25, 0x67, 0x65, 0x55, 0x55, 0x66, 0x65, 0x67, 0x78, 0x88, 0x88, 
	0x9A, 0xAA, 0x97, 0x53, 0x47, 0x54, 0x31, 0x11, 0x11, 0x11, 0x22, 0x25, 0x54, 0x57, 0x98, 
	0x88, 0x87, 0x76, 0x55, 0x45, 0x55, 0x54, 0x45, 0x55, 0x67, 0x88, 0x88, 0x88, 0x99, 0x9A, 
	0xAB, 0xAB, 0xBB, 0xBB, 0xCC, 0xCB, 0xA9, 0x78, 0x89, 0xAA, 0xBB, 0xCC, 0xBB, 0xBA, 0xBB, 
	0xA8, 0x88, 0x99, 0x98, 0x99, 0x77, 0x8A, 0xAA, 0xBB, 0xBB, 0xBB, 0xBB, 0xBB, 0xBB, 0xBB, 
	0xBB, 0xBA, 0xAA, 0xAA, 0x99, 0x9A, 0xA9, 0x98, 0x88, 0x87, 0x77, 0x77, 0x77, 0x78, 0x80, 
	0x08, 0x88, 0x89, 0x99, 0xAA, 0xAA, 0xAA, 0xAA, 0xAA, 0xAA, 0xAA, 0xAA, 0xAA, 0xAB, 0xBB, 
	0xBB, 0xBB, 0xBC, 0xCC, 0xCC, 0xCC, 0xCC, 0xCC, 0xCC, 0xCC, 0xCC, 0xCC, 0xCC, 0xCC, 0xCC, 
	0xCC, 0xCC, 0xCC, 0xCC, 0xCC, 0xCC, 0xCC, 0xCC, 0xCC, 0xCC, 0xDD, 0xDD, 0xDC, 0xCC, 0xBB, 
	0xBB, 0xBC, 0xCC, 0xCC, 0xCC, 0xCC, 0xCC, 0xCC, 0xCC, 0xDD, 0xDD, 0xDC, 0xCC, 0xDD, 0xDD, 
	0xDD, 0xDD, 0xDD, 0xDD, 0xDD, 0xDD, 0xDD, 0xDD, 0xDD, 0xDD, 0xDD, 0xDD, 0xDD, 0xDC, 0xBA, 
	0xBC, 0xCD, 0xCC, 0xBA, 0x97, 0x56, 0x55, 0x66, 0x64, 0x35, 0x77, 0x54, 0x56, 0x66, 0x76, 
	0x87, 0x66, 0x67, 0x76, 0x66, 0x76, 0x65, 0x55, 0x56, 0x66, 0x76, 0x66, 0x77, 0x77, 0x77, 
	0x77, 0x66, 0x66, 0x66, 0x66, 0x65, 0x66, 0x67, 0x77, 0x76, 0x77, 0x88, 0x97, 0x77, 0x88, 
	0x88, 0x88, 0x88, 0x78, 0x9A, 0x98, 0x76, 0x66, 0x65, 0x56, 0x55, 0x55, 0x77, 0x76, 0x66, 
	0x66, 0x55, 0x66, 0x66, 0x77, 0x76, 0x55, 0x55, 0x56, 0x55, 0x55, 0x54, 0x55, 0x44, 0x43, 
	0x33, 0x33, 0x33, 0x34, 0x44, 0x55, 0x66, 0x77, 0x88, 0x88, 0x89, 0x96, 0x67, 0x65, 0x66, 
	0x67, 0x89, 0x88, 0x89, 0xAB, 0xCF, 0xFA, 0x66, 0x56, 0x78, 0x99, 0x87, 0x76, 0x68, 0x77, 
	0x65, 0x67, 0x79, 0x88, 0x76, 0x66, 0x77, 0x88, 0x88, 0x88, 0x66, 0x58, 0xBB, 0xAA, 0x99, 
	0x98, 0x88, 0x87, 0x76, 0x66, 0x55, 0x55, 0x55, 0x55, 0x65, 0x44, 0x54, 0x21, 0x12, 0x12, 
	0x22, 0x22, 0x12, 0x33, 0x24, 0x67, 0x75, 0x55, 0x55, 0x56, 0x65, 0x56, 0x67, 0x89, 0x88, 
	0x9A, 0xAA, 0x97, 0x42, 0x37, 0x64, 0x32, 0x11, 0x11, 0x11, 0x12, 0x34, 0x43, 0x58, 0x99, 
	0x88, 0x87, 0x77, 0x66, 0x55, 0x55, 0x54, 0x45, 0x45, 0x56, 0x77, 0x67, 0x78, 0x99, 0x9A, 
	0xAB, 0xAB, 0xBB, 0xBB, 0xCC, 0xCB, 0x99, 0x78, 0x8A, 0xAB, 0xCC, 0xCC, 0xBB, 0xBA, 0xBB, 
	0xA9, 0x89, 0x99, 0x98, 0x87, 0x67, 0x77, 0x89, 0xAB, 0xBB, 0xBB, 0xBB, 0xBB, 0xBB, 0xBB, 
	0xBB, 0xBB, 0xAA, 0xAA, 0xA9, 0x9A, 0xAA, 0x99, 0x88, 0x88, 0x77, 0x77, 0x77, 0x88, 0x80, 
	0x08, 0x88, 0x88, 0x99, 0xAA, 0xAA, 0xAA, 0xAA, 0xAA, 0xAA, 0xAA, 0xAA, 0xAA, 0xAB, 0xBB, 
	0xBB, 0xBB, 0xBC, 0xCC, 0xCC, 0xCC, 0xCC, 0xCC, 0xCC, 0xCC, 0xCC, 0xCC, 0xCC, 0xCC, 0xCC, 
	0xCC, 0xCC, 0xCC, 0xCC, 0xCC, 0xCC, 0xCC, 0xCC, 0xCC, 0xCC, 0xDD, 0xDD, 0xDC, 0xCC, 0xCB, 
	0xBB, 0xBC, 0xCC, 0xCC, 0xCC, 0xCC, 0xCC, 0xDD, 0xDD, 0xDD, 0xDD, 0xDC, 0xCC, 0xDD, 0xDD, 
	0xDD, 0xDD, 0xDD, 0xDD, 0xDD, 0xDD, 0xCD, 0xDD, 0xDD, 0xDD, 0xDD, 0xDD, 0xDD, 0xDC, 0xBA, 
	0xBB, 0xCC, 0xDC, 0xBA, 0x97, 0x66, 0x66, 0x66, 0x43, 0x57, 0x64, 0x35, 0x66, 0x77, 0x68, 
	0x76, 0x66, 0x77, 0x66, 0x66, 0x66, 0x66, 0x55, 0x66, 0x67, 0x66, 0x66, 0x66, 0x77, 0x77, 
	0x77, 0x66, 0x66, 0x76, 0x67, 0x76, 0x66, 0x77, 0x77, 0x77, 0x77, 0x78, 0x88, 0x77, 0x78, 
	0x88, 0x98, 0x88, 0x77, 0x89, 0x99, 0x87, 0x66, 0x66, 0x66, 0x55, 0x54, 0x45, 0x76, 0x66, 
	0x56, 0x65, 0x56, 0x77, 0x77, 0x76, 0x66, 0x54, 0x44, 0x44, 0x44, 0x44, 0x44, 0x44, 0x44, 
	0x44, 0x55, 0x44, 0x55, 0x56, 0x66, 0x66, 0x67, 0x77, 0x88, 0x88, 0x98, 0x76, 0x65, 0x55, 
	0x66, 0x78, 0x77, 0x78, 0x89, 0x9D, 0xEB, 0x65, 0x45, 0x66, 0x77, 0x66, 0x55, 0x9C, 0xA8, 
	0x76, 0x67, 0x78, 0x88, 0x76, 0x55, 0x55, 0x66, 0x67, 0x66, 0x55, 0x58, 0xBB, 0xA9, 0x99, 
	0x98, 0x88, 0x77, 0x76, 0x66, 0x65, 0x55, 0x44, 0x56, 0x66, 0x44, 0x53, 0x21, 0x12, 0x11, 
	0x11, 0x22, 0x23, 0x33, 0x24, 0x67, 0x75, 0x55, 0x65, 0x55, 0x65, 0x66, 0x67, 0x88, 0x98, 
	0x9A, 0xAA, 0x97, 0x51, 0x24, 0x75, 0x44, 0x21, 0x01, 0x12, 0x23, 0x44, 0x34, 0x78, 0x89, 
	0x88, 0x77, 0x76, 0x66, 0x55, 0x55, 0x55, 0x55, 0x55, 0x56, 0x77, 0x67, 0x78, 0x88, 0x99, 
	0xAA, 0xAB, 0xBB, 0xBB, 0xCC, 0xCC, 0x8A, 0x87, 0x99, 0xCE, 0xDD, 0xCC, 0xCC, 0xCB, 0xBB, 
	0xA9, 0x88, 0x99, 0x99, 0x77, 0x66, 0x66, 0x68, 0xAB, 0xBB, 0xBB, 0xBB, 0xBB, 0xBB, 0xBB, 
	0xBB, 0xBB, 0xAA, 0xAA, 0xA9, 0x99, 0xAA, 0x99, 0x88, 0x88, 0x87, 0x77, 0x77, 0x88, 0x80, 
	0x08, 0x88, 0x89, 0x99, 0xAA, 0xAA, 0xAA, 0xAA, 0xAA, 0xAA, 0xAA, 0xAA, 0xAA, 0xAB, 0xBB, 
	0xBB, 0xBB, 0xBC, 0xCC, 0xCC, 0xCC, 0xCC, 0xCC, 0xCC, 0xCC, 0xCC, 0xCC, 0xCC, 0xCC, 0xCC, 
	0xCC, 0xCC, 0xCC, 0xCC, 0xCC, 0xCC, 0xCC, 0xCC, 0xCC, 0xCC, 0xDD, 0xDD, 0xCC, 0xCC, 0xCB, 
	0xBB, 0xBC, 0xCC, 0xCC, 0xCC, 0xCC, 0xCC, 0xDD, 0xDD, 0xDD, 0xDD, 0xDC, 0xCC, 0xDD, 0xDD, 
	0xDD, 0xDD, 0xDD, 0xDD, 0xDD, 0xDD, 0xCD, 0xDD, 0xDD, 0xDD, 0xDD, 0xDD, 0xDD, 0xDC, 0xBA, 
	0xBB, 0xCC, 0xDC, 0xB9, 0x97, 0x66, 0x66, 0x54, 0x46, 0x76, 0x33, 0x46, 0x66, 0x66, 0x87, 
	0x55, 0x67, 0x66, 0x66, 0x56, 0x66, 0x56, 0x66, 0x66, 0x67, 0x66, 0x66, 0x66, 0x67, 0x77, 
	0x77, 0x66, 0x66, 0x77, 0x77, 0x77, 0x77, 0x77, 0x87, 0x77, 0x87, 0x78, 0x88, 0x87, 0x77, 
	0x88, 0x99, 0x87, 0x87, 0x77, 0x89, 0x99, 0x87, 0x77, 0x76, 0x66, 0x65, 0x54, 0x46, 0x66, 
	0x65, 0x56, 0x66, 0x67, 0x77, 0x65, 0x54, 0x44, 0x43, 0x45, 0x44, 0x44, 0x54, 0x45, 0x45, 
	0x54, 0x45, 0x55, 0x55, 0x55, 0x55, 0x66, 0x65, 0x55, 0x67, 0x88, 0x89, 0x65, 0x66, 0x55, 
	0x55, 0x66, 0x66, 0x77, 0x88, 0x8A, 0xDD, 0x64, 0x34, 0x44, 0x55, 0x54, 0x45, 0xCC, 0xC9, 
	0x87, 0x56, 0x77, 0x88, 0x75, 0x55, 0x54, 0x44, 0x55, 0x44, 0x44, 0x59, 0xBA, 0xA9, 0x99, 
	0x98, 0x88, 0x77, 0x66, 0x65, 0x55, 0x54, 0x45, 0x67, 0x76, 0x33, 0x54, 0x11, 0x11, 0x10, 
	0x12, 0x12, 0x23, 0x33, 0x24, 0x67, 0x76, 0x56, 0x65, 0x55, 0x65, 0x66, 0x77, 0x88, 0x88, 
	0x99, 0xAA, 0x87, 0x51, 0x13, 0x57, 0x65, 0x43, 0x21, 0x12, 0x34, 0x43, 0x46, 0x88, 0x88, 
	0x77, 0x76, 0x66, 0x66, 0x54, 0x44, 0x55, 0x44, 0x44, 0x55, 0x57, 0x77, 0x78, 0x88, 0x99, 
	0xAA, 0xAA, 0xBB, 0xBB, 0xBC, 0xCC, 0x8B, 0xA8, 0xA9, 0xCE, 0xEE, 0xDC, 0xCC, 0xBB, 0xAA, 
	0x99, 0x99, 0xAA, 0xB9, 0x86, 0x65, 0x55, 0x68, 0xAB, 0xBB, 0xBB, 0xBB, 0xBB, 0xBB, 0xBB, 
	0xBB, 0xBB, 0xAA, 0x99, 0xA9, 0x99, 0xAA, 0x99, 0x88, 0x88, 0x88, 0x77, 0x77, 0x88, 0x80, 
	0x08, 0x88, 0x88, 0x99, 0x9A, 0xAA, 0xAA, 0xAA, 0xAA, 0xAA, 0xAA, 0xAA, 0xAA, 0xAA, 0xBB, 
	0xBB, 0xBB, 0xBC, 0xCC, 0xCC, 0xCC, 0xCC, 0xCC, 0xCC, 0xCC, 0xCC, 0xCC, 0xCC, 0xCC, 0xCC, 
	0xCC, 0xCC, 0xCC, 0xCC, 0xCC, 0xCC, 0xCC, 0xCC, 0xCD, 0xDD, 0xDD, 0xDD, 0xCC, 0xCC, 0xCB, 
	0xBB, 0xBC, 0xCC, 0xCC, 0xCC, 0xCC, 0xCC, 0xCD, 0xDD, 0xDD, 0xDD, 0xDC, 0xCC, 0xDD, 0xDD, 
	0xDD, 0xDD, 0xDD, 0xDD, 0xDD, 0xDD, 0xCD, 0xDD, 0xDD, 0xDD, 0xDD, 0xDD, 0xDD, 0xDC, 0xBB, 
	0xAB, 0xCC, 0xCC, 0xA9, 0x87, 0x66, 0x55, 0x45, 0x67, 0x43, 0x44, 0x66, 0x76, 0x68, 0x75, 
	0x56, 0x66, 0x66, 0x55, 0x56, 0x56, 0x66, 0x66, 0x77, 0x77, 0x76, 0x66, 0x66, 0x67, 0x77, 
	0x77, 0x66, 0x66, 0x67, 0x77, 0x77, 0x77, 0x78, 0x88, 0x78, 0x88, 0x88, 0x97, 0x97, 0x77, 
	0x88, 0x89, 0x87, 0x77, 0x77, 0x78, 0x89, 0x98, 0x77, 0x77, 0x65, 0x55, 0x65, 0x44, 0x56, 
	0x66, 0x65, 0x56, 0x77, 0x77, 0x75, 0x43, 0x34, 0x33, 0x44, 0x55, 0x55, 0x55, 0x55, 0x55, 
	0x65, 0x55, 0x55, 0x66, 0x66, 0x56, 0x55, 0x44, 0x44, 0x56, 0x78, 0x88, 0x54, 0x55, 0x65, 
	0x55, 0x55, 0x55, 0x56, 0x76, 0x78, 0xCD, 0x64, 0x44, 0x33, 0x33, 0x44, 0x49, 0xDC, 0xB9, 
	0xA9, 0x75, 0x66, 0x78, 0x66, 0x55, 0x44, 0x44, 0x44, 0x44, 0x54, 0x5A, 0xBA, 0xA9, 0x99, 
	0x98, 0x87, 0x77, 0x66, 0x66, 0x55, 0x54, 0x56, 0x67, 0x76, 0x43, 0x54, 0x21, 0x11, 0x11, 
	0x11, 0x12, 0x34, 0x33, 0x23, 0x67, 0x76, 0x56, 0x66, 0x55, 0x66, 0x66, 0x67, 0x89, 0x99, 
	0x99, 0x99, 0x87, 0x63, 0x11, 0x25, 0x66, 0x55, 0x44, 0x44, 0x54, 0x34, 0x57, 0x88, 0x77, 
	0x76, 0x66, 0x66, 0x65, 0x54, 0x44, 0x44, 0x44, 0x44, 0x44, 0x56, 0x67, 0x88, 0x88, 0x89, 
	0xAA, 0xAA, 0xBB, 0xBB, 0xBB, 0xCC, 0xAB, 0xB9, 0xA9, 0xDF, 0xFF, 0xFE, 0xDB, 0xBB, 0xBA, 
	0xAB, 0xCB, 0xBD, 0xDB, 0x86, 0x66, 0x87, 0x7A, 0xBB, 0xBB, 0xBB, 0xBB, 0xBB, 0xBB, 0xBB, 
	0xBB, 0xBA, 0xA9, 0x98, 0x89, 0x99, 0x9A, 0xA9, 0x98, 0x88, 0x87, 0x77, 0x87, 0x88, 0x80, 
	0x08, 0x88, 0x88, 0x99, 0x9A, 0xAA, 0xAA, 0xAA, 0xAA, 0xAA, 0xAA, 0xAA, 0xAA, 0xAA, 0xBB, 
	0xBB, 0xBB, 0xBC, 0xCC, 0xCC, 0xCC, 0xCC, 0xCC, 0xCC, 0xCC, 0xCC, 0xCC, 0xCC, 0xCC, 0xCC, 
	0xCC, 0xCC, 0xCC, 0xCC, 0xCC, 0xCC, 0xCC, 0xCC, 0xCD, 0xDC, 0xDD, 0xDD, 0xDC, 0xCC, 0xCB, 
	0xBB, 0xBC, 0xCC, 0xCC, 0xCC, 0xCC, 0xCC, 0xDD, 0xDD, 0xDD, 0xDD, 0xDC, 0xCC, 0xDD, 0xDD, 
	0xDD, 0xDD, 0xDD, 0xDD, 0xDD, 0xDD, 0xCD, 0xDD, 0xDD, 0xDD, 0xDD, 0xDD, 0xDD, 0xDD, 0xBB, 
	0xAB, 0xCC, 0xCB, 0xAA, 0x98, 0x55, 0x55, 0x67, 0x64, 0x33, 0x46, 0x77, 0x56, 0x86, 0x55, 
	0x66, 0x65, 0x65, 0x55, 0x56, 0x66, 0x76, 0x76, 0x77, 0x77, 0x76, 0x66, 0x66, 0x67, 0x67, 
	0x77, 0x76, 0x76, 0x67, 0x78, 0x88, 0x88, 0x88, 0x88, 0x88, 0x98, 0x98, 0x88, 0x79, 0x88, 
	0x88, 0x88, 0x88, 0x77, 0x77, 0x77, 0x88, 0x99, 0x97, 0x67, 0x76, 0x66, 0x56, 0x55, 0x45, 
	0x66, 0x66, 0x66, 0x67, 0x76, 0x66, 0x54, 0x33, 0x23, 0x33, 0x45, 0x56, 0x67, 0x75, 0x54, 
	0x45, 0x54, 0x44, 0x44, 0x55, 0x44, 0x44, 0x33, 0x33, 0x45, 0x67, 0x99, 0x44, 0x55, 0x55, 
	0x66, 0x55, 0x44, 0x45, 0x56, 0x78, 0xBD, 0x74, 0x43, 0x33, 0x33, 0x44, 0x6E, 0xED, 0xAB, 
	0xCC, 0x95, 0x56, 0x77, 0x66, 0x54, 0x44, 0x45, 0x54, 0x54, 0x44, 0x6A, 0xBA, 0x99, 0x98, 
	0x88, 0x87, 0x77, 0x65, 0x56, 0x55, 0x55, 0x67, 0x77, 0x76, 0x54, 0x44, 0x42, 0x12, 0x11, 
	0x10, 0x13, 0x34, 0x32, 0x23, 0x67, 0x66, 0x66, 0x66, 0x65, 0x67, 0x76, 0x67, 0x78, 0x99, 
	0x99, 0x99, 0x87, 0x75, 0x21, 0x13, 0x46, 0x66, 0x55, 0x54, 0x43, 0x45, 0x67, 0x78, 0x77, 
	0x66, 0x55, 0x55, 0x65, 0x65, 0x44, 0x45, 0x44, 0x44, 0x44, 0x55, 0x57, 0x77, 0x78, 0x89, 
	0x9A, 0xAA, 0xBB, 0xBB, 0xBB, 0xBC, 0xCB, 0xCB, 0xBB, 0xEF, 0xFF, 0xFF, 0xEB, 0xBB, 0xBA, 
	0xBB, 0xCC, 0xBE, 0xDC, 0x88, 0x78, 0x99, 0x9B, 0xBB, 0xBB, 0xBB, 0xBB, 0xBB, 0xBB, 0xBB, 
	0xBB, 0xBA, 0x98, 0x77, 0x78, 0x99, 0x9A, 0xA9, 0x99, 0x88, 0x87, 0x77, 0x77, 0x88, 0x80, 
	0x08, 0x88, 0x88, 0x99, 0x9A, 0xAA, 0xAA, 0xAA, 0xAA, 0xAA, 0xAA, 0xAA, 0xAA, 0xAA, 0xBB, 
	0xBB, 0xBB, 0xBC, 0xCC, 0xCC, 0xCC, 0xCC, 0xCC, 0xCC, 0xCC, 0xCC, 0xCC, 0xCC, 0xCC, 0xCC, 
	0xCC, 0xCC, 0xCC, 0xCC, 0xCC, 0xCC, 0xCC, 0xCC, 0xCD, 0xDC, 0xDD, 0xDD, 0xDD, 0xCC, 0xCB, 
	0xBB, 0xBC, 0xCC, 0xCC, 0xCC, 0xCC, 0xCC, 0xDD, 0xDD, 0xDD, 0xDD, 0xDC, 0xCC, 0xCD, 0xDD, 
	0xDD, 0xDD, 0xDD, 0xDD, 0xDD, 0xDD, 0xCD, 0xDD, 0xDD, 0xDD, 0xDD, 0xDD, 0xDD, 0xDC, 0xBA, 
	0xAB, 0xCC, 0xCA, 0x99, 0x98, 0x65, 0x66, 0x76, 0x33, 0x44, 0x57, 0x75, 0x68, 0x75, 0x55, 
	0x66, 0x56, 0x65, 0x65, 0x66, 0x66, 0x76, 0x77, 0x77, 0x77, 0x76, 0x66, 0x67, 0x66, 0x67, 
	0x77, 0x77, 0x76, 0x66, 0x78, 0x88, 0x88, 0x88, 0x99, 0x88, 0x99, 0x99, 0x89, 0x88, 0x97, 
	0x88, 0x88, 0x88, 0x77, 0x67, 0x77, 0x77, 0x89, 0x99, 0x87, 0x66, 0x66, 0x66, 0x55, 0x44, 
	0x56, 0x66, 0x67, 0x77, 0x77, 0x65, 0x43, 0x32, 0x22, 0x32, 0x45, 0x55, 0x67, 0x72, 0x11, 
	0x22, 0x11, 0x11, 0x11, 0x34, 0x44, 0x44, 0x33, 0x33, 0x44, 0x56, 0x89, 0x54, 0x44, 0x45, 
	0x55, 0x65, 0x54, 0x34, 0x55, 0x78, 0xBE, 0x73, 0x43, 0x23, 0x34, 0x54, 0x7E, 0xEC, 0x8B, 
	0xCC, 0x96, 0x67, 0x77, 0x76, 0x54, 0x44, 0x45, 0x56, 0x55, 0x45, 0x9B, 0xAA, 0x99, 0x98, 
	0x88, 0x87, 0x76, 0x66, 0x55, 0x55, 0x56, 0x77, 0x77, 0x77, 0x64, 0x45, 0x54, 0x22, 0x11, 
	0x11, 0x33, 0x44, 0x21, 0x23, 0x56, 0x66, 0x66, 0x66, 0x66, 0x67, 0x77, 0x77, 0x78, 0x99, 
	0x98, 0x98, 0x77, 0x77, 0x64, 0x22, 0x12, 0x44, 0x54, 0x43, 0x34, 0x57, 0x77, 0x76, 0x55, 
	0x55, 0x55, 0x55, 0x56, 0x55, 0x44, 0x44, 0x54, 0x44, 0x45, 0x44, 0x66, 0x77, 0x78, 0x88, 
	0x9A, 0xAA, 0xBB, 0xBB, 0xBB, 0xBC, 0xCB, 0xDB, 0xBC, 0xEF, 0xFF, 0xFF, 0xEB, 0xBB, 0xAA, 
	0xAC, 0xCC, 0xCD, 0xDB, 0x77, 0x79, 0xAA, 0xAB, 0xBB, 0xBB, 0xBB, 0xBB, 0xBB, 0xBB, 0xBB, 
	0xBB, 0xAA, 0x98, 0x66, 0x67, 0x89, 0x99, 0xA9, 0x98, 0x88, 0x88, 0x87, 0x78, 0x87, 0x70, 
	0x08, 0x88, 0x89, 0x89, 0x9A, 0xAA, 0xAA, 0xAA, 0xAA, 0xAA, 0xAA, 0xAA, 0xAA, 0xAA, 0xBB, 
	0xBB, 0xBB, 0xBC, 0xCC, 0xCC, 0xCC, 0xCC, 0xCC, 0xCC, 0xCC, 0xCC, 0xCC, 0xCC, 0xCC, 0xCC, 
	0xCC, 0xCC, 0xCC, 0xCC, 0xCC, 0xCC, 0xCC, 0xCC, 0xCC, 0xDD, 0xDD, 0xDD, 0xDC, 0xCC, 0xCB, 
	0xBB, 0xBC, 0xCC, 0xCC, 0xCC, 0xCC, 0xCC, 0xDD, 0xDD, 0xDD, 0xDD, 0xDC, 0xCC, 0xCD, 0xDD, 
	0xDD, 0xDD, 0xDD, 0xDD, 0xDD, 0xDD, 0xCD, 0xDD, 0xDD, 0xDD, 0xDD, 0xDD, 0xDD, 0xDC, 0xBB, 
	0xAB, 0xCC, 0xBA, 0x99, 0x98, 0x66, 0x77, 0x54, 0x33, 0x45, 0x77, 0x45, 0x87, 0x45, 0x45, 
	0x65, 0x56, 0x55, 0x56, 0x66, 0x66, 0x77, 0x77, 0x77, 0x77, 0x76, 0x66, 0x77, 0x76, 0x66, 
	0x67, 0x77, 0x77, 0x77, 0x78, 0x89, 0x98, 0x98, 0x99, 0x98, 0x99, 0x99, 0x89, 0x88, 0x98, 
	0x88, 0x88, 0x88, 0x87, 0x66, 0x66, 0x66, 0x77, 0x89, 0x98, 0x76, 0x66, 0x66, 0x65, 0x55, 
	0x44, 0x67, 0x66, 0x87, 0x67, 0x65, 0x54, 0x44, 0x33, 0x32, 0x35, 0x55, 0x68, 0x51, 0x11, 
	0x11, 0x11, 0x11, 0x21, 0x14, 0x54, 0x44, 0x34, 0x33, 0x44, 0x56, 0x78, 0x65, 0x55, 0x44, 
	0x44, 0x45, 0x54, 0x34, 0x46, 0x78, 0xCC, 0x43, 0x32, 0x23, 0x34, 0x44, 0x5A, 0xC9, 0x7A, 
	0xBB, 0x86, 0x67, 0x76, 0x66, 0x55, 0x44, 0x56, 0x66, 0x64, 0x45, 0xAB, 0x99, 0x98, 0x88, 
	0x88, 0x77, 0x66, 0x55, 0x55, 0x55, 0x66, 0x77, 0x77, 0x77, 0x65, 0x33, 0x45, 0x43, 0x33, 
	0x23, 0x44, 0x43, 0x11, 0x33, 0x46, 0x66, 0x66, 0x66, 0x67, 0x77, 0x88, 0x77, 0x88, 0x89, 
	0x98, 0x87, 0x65, 0x67, 0x66, 0x54, 0x33, 0x33, 0x33, 0x44, 0x57, 0x77, 0x66, 0x55, 0x54, 
	0x45, 0x55, 0x55, 0x66, 0x65, 0x54, 0x44, 0x45, 0x44, 0x44, 0x45, 0x56, 0x67, 0x77, 0x88, 
	0x9A, 0xAA, 0xAB, 0xBB, 0xBB, 0xBC, 0xCC, 0xDC, 0xDD, 0xFF, 0xFF, 0xFF, 0xDB, 0xBA, 0x9A, 
	0xBC, 0xCC, 0xBA, 0xB9, 0x77, 0x8A, 0xAA, 0xBB, 0xBB, 0xBB, 0xBB, 0xBB, 0xBB, 0xBB, 0xBB, 
	0xBA, 0xA9, 0x87, 0x76, 0x67, 0x99, 0xA9, 0xAA, 0x99, 0x88, 0x88, 0x87, 0x77, 0x87, 0x80, 
	0x08, 0x88, 0x89, 0x89, 0x9A, 0xAA, 0xAA, 0xAA, 0xAA, 0xAA, 0xAA, 0xAA, 0xAA, 0xAA, 0xBB, 
	0xBB, 0xBB, 0xBC, 0xCC, 0xCC, 0xCC, 0xCC, 0xCC, 0xCC, 0xCC, 0xCC, 0xCC, 0xCC, 0xCC, 0xCC, 
	0xCC, 0xCC, 0xCC, 0xCC, 0xCC, 0xCC, 0xCC, 0xCC, 0xCC, 0xDD, 0xCD, 0xDD, 0xDC, 0xCC, 0xCB, 
	0xBB, 0xBC, 0xCC, 0xCC, 0xCC, 0xCC, 0xCC, 0xDD, 0xDD, 0xDD, 0xDD, 0xDC, 0xCC, 0xDD, 0xDD, 
	0xDD, 0xDD, 0xDD, 0xDD, 0xDD, 0xDD, 0xDD, 0xDD, 0xDD, 0xDD, 0xDD, 0xDD, 0xDD, 0xDD, 0xBA, 
	0xAB, 0xCC, 0xCB, 0xA9, 0x99, 0x98, 0x75, 0x43, 0x43, 0x46, 0x64, 0x47, 0x74, 0x54, 0x46, 
	0x55, 0x55, 0x55, 0x56, 0x66, 0x67, 0x77, 0x77, 0x77, 0x77, 0x77, 0x76, 0x77, 0x76, 0x66, 
	0x67, 0x77, 0x87, 0x77, 0x78, 0x99, 0x99, 0x99, 0x99, 0x89, 0x99, 0x99, 0x89, 0x98, 0x89, 
	0x88, 0x88, 0x88, 0x77, 0x76, 0x65, 0x55, 0x56, 0x78, 0x99, 0x87, 0x76, 0x66, 0x56, 0x65, 
	0x55, 0x55, 0x77, 0x68, 0x86, 0x55, 0x55, 0x44, 0x33, 0x34, 0x45, 0x56, 0x78, 0x31, 0x11, 
	0x11, 0x11, 0x11, 0x11, 0x12, 0x45, 0x44, 0x43, 0x34, 0x44, 0x56, 0x79, 0x76, 0x65, 0x55, 
	0x55, 0x55, 0x54, 0x45, 0x56, 0x7A, 0xDA, 0x43, 0x32, 0x23, 0x44, 0x54, 0x7B, 0xA8, 0x89, 
	0xBC, 0xB9, 0x77, 0x66, 0x65, 0x54, 0x45, 0x66, 0x66, 0x54, 0x45, 0xAB, 0x99, 0x88, 0x88, 
	0x87, 0x77, 0x66, 0x55, 0x55, 0x55, 0x56, 0x66, 0x66, 0x77, 0x76, 0x43, 0x44, 0x54, 0x44, 
	0x44, 0x44, 0x22, 0x12, 0x34, 0x45, 0x66, 0x66, 0x66, 0x66, 0x77, 0x87, 0x78, 0x88, 0x88, 
	0x98, 0x77, 0x65, 0x67, 0x66, 0x55, 0x44, 0x44, 0x55, 0x67, 0x76, 0x66, 0x55, 0x55, 0x55, 
	0x55, 0x66, 0x66, 0x66, 0x66, 0x65, 0x54, 0x44, 0x44, 0x44, 0x55, 0x55, 0x56, 0x67, 0x88, 
	0x9A, 0xAA, 0xAB, 0xBB, 0xBB, 0xCB, 0xCC, 0xDD, 0xCE, 0xFF, 0xFF, 0xED, 0xCB, 0xBA, 0x9A, 
	0xBC, 0xCB, 0xA9, 0xAA, 0x97, 0x8A, 0xBB, 0xBB, 0xBB, 0xBB, 0xBB, 0xBB, 0xBB, 0xBB, 0xBB, 
	0xAA, 0x98, 0x76, 0x67, 0x78, 0x9A, 0xAA, 0xAA, 0x99, 0x88, 0x88, 0x88, 0x77, 0x88, 0x80, 
	0x08, 0x88, 0x88, 0x89, 0x99, 0xAA, 0xAA, 0xAA, 0xAA, 0xAA, 0xAA, 0xAA, 0xAA, 0xAA, 0xBB, 
	0xBB, 0xBB, 0xBB, 0xCC, 0xBB, 0xCC, 0xCC, 0xCC, 0xCC, 0xCC, 0xCC, 0xCC, 0xCC, 0xCC, 0xCC, 
	0xCC, 0xCC, 0xCC, 0xCC, 0xCC, 0xCC, 0xCC, 0xCC, 0xDD, 0xDD, 0xCD, 0xDD, 0xDD, 0xCC, 0xCB, 
	0xBB, 0xBC, 0xCC, 0xCC, 0xCC, 0xCC, 0xCC, 0xDD, 0xDD, 0xDD, 0xDD, 0xDC, 0xCC, 0xDD, 0xDD, 
	0xDD, 0xDD, 0xDD, 0xDD, 0xDD, 0xDD, 0xDD, 0xDD, 0xDD, 0xDD, 0xDD, 0xDD, 0xDD, 0xDD, 0xCA, 
	0xAB, 0xCC, 0xDC, 0xAA, 0xAA, 0x98, 0x64, 0x33, 0x32, 0x56, 0x54, 0x78, 0x54, 0x54, 0x55, 
	0x45, 0x55, 0x55, 0x56, 0x66, 0x77, 0x77, 0x77, 0x77, 0x78, 0x77, 0x77, 0x77, 0x76, 0x76, 
	0x67, 0x77, 0x87, 0x77, 0x78, 0x89, 0x99, 0x99, 0x98, 0x89, 0x99, 0x99, 0x89, 0x98, 0x89, 
	0x88, 0x88, 0x77, 0x77, 0x76, 0x65, 0x55, 0x55, 0x56, 0x78, 0x99, 0x76, 0x66, 0x65, 0x55, 
	0x55, 0x66, 0x67, 0x87, 0x77, 0x55, 0x43, 0x44, 0x45, 0x44, 0x55, 0x56, 0x87, 0x20, 0x11, 
	0x11, 0x11, 0x11, 0x11, 0x21, 0x26, 0x44, 0x33, 0x34, 0x44, 0x56, 0x79, 0x76, 0x66, 0x65, 
	0x55, 0x55, 0x54, 0x55, 0x67, 0x8C, 0xC7, 0x43, 0x32, 0x34, 0x55, 0x66, 0xBC, 0xBA, 0xAB, 
	0xCD, 0xCA, 0x86, 0x66, 0x65, 0x54, 0x56, 0x66, 0x66, 0x54, 0x45, 0xAB, 0x99, 0x88, 0x88, 
	0x87, 0x76, 0x66, 0x55, 0x55, 0x45, 0x55, 0x55, 0x56, 0x67, 0x76, 0x54, 0x33, 0x44, 0x55, 
	0x44, 0x32, 0x22, 0x33, 0x44, 0x45, 0x56, 0x65, 0x66, 0x66, 0x77, 0x88, 0x88, 0x88, 0x88, 
	0x88, 0x66, 0x55, 0x56, 0x66, 0x67, 0x77, 0x67, 0x77, 0x77, 0x66, 0x55, 0x56, 0x65, 0x55, 
	0x55, 0x66, 0x66, 0x66, 0x66, 0x65, 0x43, 0x45, 0x54, 0x44, 0x44, 0x45, 0x56, 0x67, 0x88, 
	0x99, 0xAA, 0xAA, 0xBB, 0xBB, 0xCC, 0xCC, 0xDC, 0xCE, 0xFF, 0xFF, 0xDC, 0xBB, 0xAA, 0x9A, 
	0xBB, 0xBB, 0xAA, 0xBB, 0xA9, 0x9B, 0xCC, 0xBB, 0xBB, 0xBB, 0xBB, 0xBB, 0xBB, 0xBB, 0xBA, 
	0xA9, 0x98, 0x66, 0x67, 0x89, 0xAA, 0xAA, 0xAA, 0x99, 0x98, 0x88, 0x88, 0x77, 0x88, 0x80, 
	0x08, 0x88, 0x89, 0x89, 0x99, 0xAA, 0xAA, 0xAA, 0xAA, 0xAA, 0xAA, 0xAA, 0xAA, 0xAA, 0xBB, 
	0xBB, 0xBB, 0xBB, 0xCC, 0xCB, 0xCC, 0xCC, 0xCC, 0xCC, 0xCC, 0xCC, 0xCC, 0xCC, 0xCC, 0xCC, 
	0xCC, 0xCC, 0xCC, 0xCC, 0xCC, 0xCC, 0xCC, 0xCC, 0xDD, 0xCC, 0xCD, 0xDD, 0xDD, 0xCC, 0xCB, 
	0xBB, 0xBC, 0xCC, 0xCC, 0xCC, 0xCC, 0xCD, 0xDD, 0xDD, 0xDD, 0xDD, 0xDC, 0xCC, 0xDD, 0xDD, 
	0xDD, 0xDD, 0xDD, 0xDD, 0xDD, 0xDD, 0xDD, 0xDD, 0xDD, 0xDD, 0xDD, 0xDD, 0xDD, 0xDD, 0xCB, 
	0xAB, 0xCC, 0xDC, 0xBA, 0xAA, 0x99, 0x75, 0x43, 0x35, 0x76, 0x57, 0x85, 0x45, 0x45, 0x54, 
	0x45, 0x55, 0x55, 0x66, 0x66, 0x77, 0x77, 0x77, 0x78, 0x77, 0x77, 0x77, 0x77, 0x77, 0x77, 
	0x77, 0x77, 0x88, 0x77, 0x77, 0x89, 0x99, 0x99, 0x98, 0x89, 0x99, 0x99, 0x89, 0x98, 0x99, 
	0x88, 0x88, 0x77, 0x77, 0x66, 0x66, 0x65, 0x55, 0x56, 0x67, 0x89, 0x97, 0x66, 0x55, 0x55, 
	0x55, 0x66, 0x67, 0x77, 0x66, 0x65, 0x53, 0x23, 0x43, 0x44, 0x55, 0x57, 0x84, 0x11, 0x11, 
	0x11, 0x11, 0x11, 0x11, 0x11, 0x14, 0x65, 0x33, 0x33, 0x34, 0x56, 0x78, 0x87, 0x76, 0x76, 
	0x55, 0x55, 0x55, 0x66, 0x67, 0xAD, 0x85, 0x43, 0x33, 0x35, 0x66, 0x67, 0xBC, 0xCB, 0xAB, 
	0xCD, 0xCB, 0x86, 0x77, 0x65, 0x54, 0x56, 0x66, 0x67, 0x54, 0x45, 0xAB, 0x99, 0x98, 0x88, 
	0x87, 0x76, 0x66, 0x55, 0x55, 0x44, 0x55, 0x55, 0x55, 0x56, 0x66, 0x66, 0x54, 0x33, 0x22, 
	0x22, 0x22, 0x33, 0x44, 0x44, 0x45, 0x55, 0x55, 0x56, 0x67, 0x78, 0x88, 0x88, 0x78, 0x88, 
	0x88, 0x66, 0x55, 0x55, 0x66, 0x78, 0x88, 0x88, 0x87, 0x65, 0x56, 0x66, 0x66, 0x56, 0x55, 
	0x56, 0x66, 0x66, 0x66, 0x66, 0x65, 0x43, 0x44, 0x54, 0x44, 0x44, 0x45, 0x56, 0x67, 0x78, 
	0x89, 0xAA, 0xAA, 0xBB, 0xBB, 0xBC, 0xCC, 0xEC, 0xAB, 0xEF, 0xFE, 0xCB, 0xBB, 0xAA, 0x9A, 
	0xAA, 0xAA, 0xAA, 0xBC, 0xBA, 0xAB, 0xCC, 0xBB, 0xBB, 0xBB, 0xBB, 0xBB, 0xBB, 0xBA, 0xA9, 
	0x98, 0x87, 0x66, 0x77, 0x89, 0x9A, 0xA9, 0x9A, 0xA9, 0x99, 0x88, 0x88, 0x77, 0x88, 0x80, 
	0x08, 0x88, 0x89, 0x89, 0x99, 0xAA, 0xAA, 0xAA, 0xAA, 0xAA, 0xAA, 0xAA, 0xAA, 0xAA, 0xBB, 
	0xBB, 0xBB, 0xBB, 0xCC, 0xCB, 0xCC, 0xCC, 0xCC, 0xCC, 0xCC, 0xCC, 0xCC, 0xCC, 0xCC, 0xCC, 
	0xCC, 0xCC, 0xCC, 0xCC, 0xCC, 0xCC, 0xCC, 0xCC, 0xDD, 0xCC, 0xCD, 0xDD, 0xDD, 0xCC, 0xCC, 
	0xBB, 0xBC, 0xCC, 0xCC, 0xCC, 0xCC, 0xCC, 0xDD, 0xDD, 0xDD, 0xDD, 0xDC, 0xCC, 0xCD, 0xDD, 
	0xDD, 0xDD, 0xDD, 0xDD, 0xDD, 0xDD, 0xDD, 0xDD, 0xDD, 0xDD, 0xDD, 0xDD, 0xDD, 0xDD, 0xCB, 
	0xAB, 0xCC, 0xDD, 0xCB, 0xAA, 0xAA, 0x86, 0x54, 0x47, 0x65, 0x68, 0x64, 0x54, 0x45, 0x54, 
	0x55, 0x55, 0x55, 0x66, 0x66, 0x77, 0x77, 0x77, 0x88, 0x87, 0x77, 0x77, 0x77, 0x77, 0x77, 
	0x77, 0x77, 0x78, 0x78, 0x77, 0x88, 0x99, 0x99, 0x99, 0x89, 0x99, 0x99, 0x89, 0x98, 0x89, 
	0x98, 0x88, 0x77, 0x77, 0x77, 0x66, 0x66, 0x55, 0x55, 0x55, 0x68, 0x88, 0x76, 0x55, 0x55, 
	0x66, 0x67, 0x77, 0x77, 0x76, 0x56, 0x44, 0x32, 0x33, 0x35, 0x55, 0x68, 0x61, 0x01, 0x11, 
	0x11, 0x11, 0x11, 0x11, 0x11, 0x12, 0x57, 0x53, 0x43, 0x44, 0x56, 0x78, 0x87, 0x77, 0x66, 
	0x55, 0x55, 0x56, 0x67, 0x68, 0xB9, 0x54, 0x33, 0x23, 0x45, 0x67, 0x77, 0xBC, 0xBA, 0xAA, 
	0xBC, 0xCB, 0x97, 0x77, 0x76, 0x55, 0x56, 0x76, 0x66, 0x54, 0x56, 0xAB, 0x99, 0x88, 0x88, 
	0x77, 0x76, 0x66, 0x55, 0x54, 0x44, 0x44, 0x44, 0x44, 0x45, 0x55, 0x66, 0x65, 0x54, 0x33, 
	0x33, 0x34, 0x44, 0x44, 0x43, 0x45, 0x55, 0x55, 0x56, 0x67, 0x78, 0x88, 0x88, 0x88, 0x88, 
	0x88, 0x76, 0x55, 0x55, 0x67, 0x88, 0x88, 0x87, 0x66, 0x55, 0x56, 0x66, 0x55, 0x55, 0x55, 
	0x55, 0x55, 0x55, 0x65, 0x66, 0x65, 0x54, 0x44, 0x44, 0x44, 0x44, 0x44, 0x56, 0x67, 0x77, 
	0x89, 0xAA, 0xAA, 0xBB, 0xBB, 0xBB, 0xCC, 0xDD, 0xCA, 0xBD, 0xED, 0xBA, 0xBB, 0xAA, 0x99, 
	0x99, 0xAA, 0xAA, 0xBB, 0xBA, 0xAA, 0xCC, 0xBB, 0xBB, 0xBB, 0xBB, 0xAA, 0xAA, 0xA9, 0x98, 
	0x78, 0x77, 0x66, 0x67, 0x88, 0x99, 0x99, 0x99, 0xAA, 0x99, 0x88, 0x88, 0x87, 0x88, 0x80, 
	0x08, 0x88, 0x89, 0x89, 0x99, 0xAA, 0xAA, 0xAA, 0xAA, 0xAA, 0xAA, 0xAA, 0xAA, 0xAA, 0xAB, 
	0xBB, 0xBB, 0xBB, 0xCC, 0xCB, 0xCC, 0xCC, 0xCC, 0xCC, 0xCC, 0xCC, 0xCC, 0xCC, 0xCC, 0xCC, 
	0xCC, 0xCC, 0xCC, 0xCC, 0xCC, 0xCC, 0xCC, 0xCC, 0xDD, 0xCC, 0xCC, 0xDD, 0xDD, 0xCC, 0xCC, 
	0xBB, 0xBC, 0xCC, 0xCC, 0xCC, 0xCC, 0xCC, 0xDD, 0xDD, 0xDD, 0xDD, 0xDC, 0xCC, 0xCC, 0xDD, 
	0xDD, 0xDD, 0xDD, 0xDD, 0xDD, 0xDD, 0xCD, 0xDD, 0xDD, 0xDD, 0xDD, 0xDD, 0xDD, 0xDD, 0xCB, 
	0xAB, 0xCC, 0xDD, 0xCC, 0xBB, 0xAA, 0xA8, 0x65, 0x66, 0x56, 0x86, 0x44, 0x54, 0x65, 0x55, 
	0x54, 0x54, 0x55, 0x66, 0x66, 0x77, 0x77, 0x78, 0x87, 0x78, 0x77, 0x88, 0x88, 0x77, 0x77, 
	0x77, 0x77, 0x78, 0x88, 0x87, 0x78, 0x88, 0x88, 0x99, 0x98, 0x99, 0x89, 0x88, 0x98, 0x78, 
	0x98, 0x88, 0x76, 0x76, 0x66, 0x66, 0x66, 0x66, 0x55, 0x55, 0x56, 0x78, 0x86, 0x56, 0x65, 
	0x56, 0x66, 0x77, 0x66, 0x56, 0x65, 0x55, 0x33, 0x34, 0x45, 0x56, 0x87, 0x30, 0x01, 0x11, 
	0x11, 0x11, 0x11, 0x11, 0x11, 0x12, 0x25, 0x85, 0x34, 0x44, 0x55, 0x68, 0x77, 0x76, 0x66, 
	0x56, 0x66, 0x66, 0x77, 0x8B, 0x94, 0x43, 0x33, 0x33, 0x45, 0x67, 0x77, 0xAB, 0xBA, 0x99, 
	0xAB, 0xBA, 0x97, 0x77, 0x66, 0x65, 0x56, 0x65, 0x55, 0x44, 0x45, 0xAB, 0x98, 0x88, 0x88, 
	0x77, 0x76, 0x65, 0x54, 0x44, 0x45, 0x54, 0x44, 0x44, 0x44, 0x44, 0x55, 0x66, 0x66, 0x65, 
	0x55, 0x55, 0x55, 0x54, 0x43, 0x45, 0x55, 0x66, 0x66, 0x77, 0x77, 0x88, 0x99, 0x98, 0x88, 
	0x78, 0x76, 0x55, 0x56, 0x67, 0x78, 0x88, 0x66, 0x55, 0x55, 0x55, 0x66, 0x66, 0x66, 0x66, 
	0x66, 0x55, 0x55, 0x66, 0x66, 0x65, 0x54, 0x44, 0x44, 0x44, 0x44, 0x44, 0x56, 0x66, 0x77, 
	0x89, 0xAA, 0xAA, 0xBB, 0xBB, 0xBB, 0xCC, 0xDD, 0xCB, 0x9B, 0xBB, 0xBA, 0xAA, 0xAA, 0xA9, 
	0x89, 0xAA, 0x9A, 0xBB, 0xAB, 0xAB, 0xCC, 0xBB, 0xBB, 0xAA, 0xAA, 0x9A, 0xBB, 0x98, 0x77, 
	0x77, 0x76, 0x66, 0x66, 0x78, 0x87, 0x78, 0x99, 0xAA, 0x99, 0x88, 0x88, 0x87, 0x88, 0x80, 
	0x08, 0x88, 0x89, 0x89, 0x99, 0xAA, 0xAA, 0xAA, 0xAA, 0xAA, 0xAA, 0xAA, 0xAA, 0xAA, 0xAB, 
	0xBB, 0xBB, 0xBB, 0xCC, 0xCB, 0xCC, 0xCC, 0xCC, 0xCC, 0xCC, 0xCC, 0xCC, 0xCC, 0xCC, 0xCC, 
	0xCC, 0xCC, 0xCC, 0xCC, 0xCC, 0xCC, 0xCC, 0xCC, 0xDD, 0xCC, 0xCC, 0xDD, 0xDD, 0xCC, 0xCC, 
	0xBB, 0xBC, 0xCC, 0xCC, 0xCC, 0xCC, 0xCC, 0xDD, 0xDD, 0xDD, 0xDD, 0xDC, 0xCC, 0xCC, 0xDD, 
	0xDD, 0xDD, 0xDD, 0xDD, 0xDD, 0xDD, 0xCD, 0xDD, 0xDD, 0xDD, 0xDD, 0xDD, 0xDD, 0xDD, 0xCB, 
	0xAB, 0xCC, 0xDD, 0xDC, 0xCB, 0xAB, 0xBA, 0x76, 0x75, 0x67, 0x75, 0x54, 0x45, 0x54, 0x45, 
	0x55, 0x55, 0x55, 0x56, 0x66, 0x77, 0x77, 0x77, 0x77, 0x78, 0x77, 0x88, 0x88, 0x88, 0x77, 
	0x88, 0x88, 0x88, 0x88, 0x88, 0x77, 0x88, 0x88, 0x89, 0x98, 0x89, 0x89, 0x88, 0x99, 0x87, 
	0x98, 0x77, 0x77, 0x66, 0x66, 0x66, 0x66, 0x66, 0x65, 0x55, 0x56, 0x67, 0x88, 0x65, 0x66, 
	0x66, 0x67, 0x77, 0x65, 0x54, 0x56, 0x55, 0x53, 0x44, 0x55, 0x57, 0x75, 0x11, 0x11, 0x11, 
	0x11, 0x11, 0x11, 0x11, 0x11, 0x12, 0x22, 0x67, 0x63, 0x44, 0x55, 0x68, 0x76, 0x66, 0x66, 
	0x66, 0x66, 0x77, 0x78, 0xBB, 0x53, 0x33, 0x23, 0x44, 0x55, 0x67, 0x77, 0x9B, 0xBA, 0x88, 
	0x9B, 0xBB, 0x96, 0x67, 0x76, 0x77, 0x76, 0x54, 0x44, 0x44, 0x46, 0xBA, 0x98, 0x88, 0x88, 
	0x77, 0x76, 0x65, 0x45, 0x54, 0x55, 0x55, 0x44, 0x44, 0x44, 0x45, 0x55, 0x55, 0x66, 0x66, 
	0x66, 0x66, 0x75, 0x44, 0x44, 0x45, 0x55, 0x66, 0x67, 0x77, 0x77, 0x88, 0x89, 0x99, 0x88, 
	0x77, 0x66, 0x55, 0x56, 0x66, 0x77, 0x76, 0x65, 0x55, 0x65, 0x55, 0x55, 0x55, 0x66, 0x67, 
	0x66, 0x66, 0x66, 0x77, 0x66, 0x65, 0x54, 0x44, 0x44, 0x44, 0x44, 0x44, 0x45, 0x66, 0x77, 
	0x88, 0x9A, 0xAA, 0xBB, 0xBB, 0xBC, 0xCC, 0xDC, 0x89, 0x9A, 0xAA, 0xAA, 0xAA, 0xAA, 0xA9, 
	0x99, 0xAA, 0xAA, 0xBB, 0xAA, 0xAB, 0xCB, 0xBA, 0xAA, 0xA9, 0x99, 0x9A, 0xDD, 0x97, 0x66, 
	0x66, 0x66, 0x66, 0x66, 0x67, 0x66, 0x67, 0x9A, 0xAA, 0xA9, 0x98, 0x88, 0x88, 0x77, 0x80, 
	0x08, 0x88, 0x89, 0x89, 0x99, 0xAA, 0xAA, 0xAA, 0xAA, 0xAA, 0xAA, 0xAA, 0xAA, 0xAA, 0xAB, 
	0xBB, 0xBB, 0xBB, 0xCC, 0xCB, 0xCC, 0xCC, 0xCC, 0xCC, 0xCC, 0xCC, 0xCC, 0xCC, 0xCC, 0xCC, 
	0xCC, 0xCC, 0xCC, 0xCC, 0xCC, 0xCC, 0xCC, 0xCC, 0xDD, 0xCC, 0xCC, 0xDD, 0xDD, 0xCC, 0xCC, 
	0xBB, 0xBB, 0xCC, 0xCC, 0xCC, 0xCC, 0xCC, 0xDD, 0xDD, 0xDD, 0xDD, 0xDC, 0xCC, 0xCC, 0xDD, 
	0xDD, 0xDD, 0xDD, 0xDD, 0xDD, 0xDD, 0xCD, 0xDD, 0xDD, 0xDD, 0xDD, 0xDD, 0xDD, 0xDD, 0xCB, 
	0xAB, 0xBC, 0xDD, 0xDD, 0xCC, 0xBB, 0xBA, 0x77, 0x76, 0x77, 0x44, 0x44, 0x46, 0x54, 0x54, 
	0x55, 0x45, 0x55, 0x56, 0x66, 0x76, 0x77, 0x77, 0x88, 0x88, 0x88, 0x88, 0x88, 0x88, 0x88, 
	0x88, 0x88, 0x88, 0x88, 0x88, 0x88, 0x88, 0x88, 0x89, 0x98, 0x88, 0x98, 0x88, 0x88, 0x88, 
	0x89, 0x87, 0x77, 0x66, 0x66, 0x56, 0x66, 0x65, 0x67, 0x65, 0x56, 0x66, 0x78, 0x86, 0x66, 
	0x67, 0x67, 0x76, 0x65, 0x44, 0x35, 0x55, 0x64, 0x34, 0x55, 0x78, 0x62, 0x01, 0x11, 0x01, 
	0x11, 0x11, 0x11, 0x11, 0x11, 0x12, 0x22, 0x35, 0x75, 0x44, 0x55, 0x69, 0x87, 0x77, 0x77, 
	0x66, 0x77, 0x77, 0x8A, 0xB6, 0x33, 0x23, 0x23, 0x45, 0x66, 0x67, 0x77, 0x9B, 0xBA, 0x88, 
	0x9B, 0xBB, 0x96, 0x67, 0x65, 0x78, 0x85, 0x54, 0x44, 0x44, 0x48, 0xB9, 0x99, 0x88, 0x87, 
	0x77, 0x66, 0x54, 0x44, 0x54, 0x55, 0x55, 0x44, 0x44, 0x44, 0x55, 0x55, 0x55, 0x55, 0x56, 
	0x77, 0x77, 0x65, 0x44, 0x44, 0x45, 0x55, 0x66, 0x67, 0x77, 0x77, 0x88, 0x88, 0x99, 0x88, 
	0x76, 0x55, 0x55, 0x55, 0x66, 0x77, 0x65, 0x55, 0x55, 0x66, 0x66, 0x55, 0x55, 0x55, 0x55, 
	0x55, 0x66, 0x77, 0x77, 0x77, 0x65, 0x55, 0x43, 0x44, 0x44, 0x44, 0x44, 0x45, 0x56, 0x77, 
	0x88, 0x99, 0xAA, 0xBB, 0xBB, 0xCC, 0xCC, 0xDB, 0x76, 0x89, 0x99, 0x99, 0xAA, 0xAB, 0xA9, 
	0x99, 0xAA, 0xAB, 0xBB, 0xAA, 0xAA, 0xBB, 0xAA, 0xAA, 0xA9, 0x99, 0x9B, 0xDD, 0x96, 0x66, 
	0x66, 0x66, 0x56, 0x66, 0x66, 0x67, 0x78, 0x9A, 0xAA, 0xA9, 0x98, 0x88, 0x88, 0x77, 0x70, 
	0x08, 0x88, 0x88, 0x99, 0x99, 0xAA, 0xAA, 0xAA, 0xAA, 0xAA, 0xAA, 0xAA, 0xAA, 0xAA, 0xAA, 
	0xBB, 0xBB, 0xBB, 0xBC, 0xCC, 0xCC, 0xCC, 0xCC, 0xCC, 0xCC, 0xCC, 0xCC, 0xCC, 0xCC, 0xCC, 
	0xCC, 0xCC, 0xCC, 0xCC, 0xCC, 0xCC, 0xCC, 0xCC, 0xDD, 0xCC, 0xCC, 0xDD, 0xDD, 0xCC, 0xCC, 
	0xBB, 0xBC, 0xCC, 0xCC, 0xCC, 0xCC, 0xCC, 0xDD, 0xDD, 0xDD, 0xDD, 0xDD, 0xCC, 0xCC, 0xDD, 
	0xDD, 0xDD, 0xDD, 0xDD, 0xDD, 0xDD, 0xCC, 0xDD, 0xDD, 0xDD, 0xDD, 0xDD, 0xDD, 0xDD, 0xCB, 
	0xBA, 0xBC, 0xDD, 0xDD, 0xDD, 0xCB, 0xAA, 0xA9, 0x77, 0x75, 0x44, 0x44, 0x55, 0x45, 0x44, 
	0x45, 0x45, 0x55, 0x56, 0x66, 0x66, 0x67, 0x77, 0x78, 0x87, 0x88, 0x88, 0x88, 0x88, 0x88, 
	0x88, 0x88, 0x88, 0x88, 0x88, 0x77, 0x87, 0x88, 0x88, 0x88, 0x88, 0x89, 0x88, 0x88, 0x87, 
	0x78, 0x87, 0x77, 0x76, 0x66, 0x55, 0x66, 0x56, 0x56, 0x66, 0x66, 0x66, 0x67, 0x88, 0x76, 
	0x67, 0x77, 0x67, 0x66, 0x54, 0x34, 0x55, 0x66, 0x54, 0x57, 0x77, 0x21, 0x11, 0x11, 0x11, 
	0x11, 0x11, 0x11, 0x11, 0x11, 0x12, 0x22, 0x23, 0x56, 0x44, 0x55, 0x68, 0x98, 0x88, 0x87, 
	0x77, 0x77, 0x78, 0xAC, 0x74, 0x43, 0x32, 0x34, 0x56, 0x66, 0x77, 0x77, 0x8B, 0xBA, 0x88, 
	0x9B, 0xCB, 0x86, 0x67, 0x65, 0x66, 0x65, 0x54, 0x44, 0x45, 0x48, 0xB9, 0x99, 0x88, 0x87, 
	0x77, 0x66, 0x54, 0x54, 0x44, 0x55, 0x54, 0x44, 0x44, 0x54, 0x44, 0x45, 0x55, 0x55, 0x55, 
	0x56, 0x66, 0x65, 0x44, 0x44, 0x44, 0x55, 0x66, 0x77, 0x77, 0x77, 0x78, 0x88, 0x88, 0x87, 
	0x86, 0x65, 0x55, 0x55, 0x66, 0x67, 0x76, 0x67, 0x66, 0x66, 0x66, 0x56, 0x55, 0x56, 0x55, 
	0x56, 0x67, 0x77, 0x77, 0x77, 0x76, 0x55, 0x44, 0x44, 0x44, 0x44, 0x44, 0x45, 0x66, 0x77, 
	0x78, 0x99, 0x9A, 0xAA, 0xBB, 0xBC, 0xCC, 0xCC, 0x66, 0x79, 0x99, 0x99, 0xAA, 0xAA, 0xAA, 
	0xAA, 0x9A, 0xAA, 0xAA, 0xAA, 0x9A, 0xA9, 0x88, 0x99, 0x99, 0x88, 0x9A, 0xDB, 0x86, 0x66, 
	0x66, 0x66, 0x66, 0x67, 0x77, 0x78, 0x89, 0xAA, 0xAA, 0xAA, 0x99, 0x88, 0x88, 0x77, 0x70, 
	0x08, 0x88, 0x88, 0x99, 0x99, 0xAA, 0xAA, 0xAA, 0xAA, 0xAA, 0xAA, 0xAA, 0xAA, 0xAA, 0xAA, 
	0xBB, 0xBB, 0xBB, 0xBC, 0xCC, 0xCC, 0xCC, 0xCC, 0xCC, 0xCC, 0xCC, 0xCC, 0xCC, 0xCC, 0xCC, 
	0xCC, 0xCC, 0xCC, 0xCC, 0xCC, 0xCC, 0xCC, 0xCC, 0xDD, 0xCC, 0xCC, 0xDD, 0xDD, 0xCC, 0xCC, 
	0xBB, 0xBC, 0xCC, 0xCC, 0xCC, 0xCC, 0xCC, 0xDD, 0xDD, 0xDD, 0xDD, 0xDD, 0xCC, 0xCC, 0xDD, 
	0xDD, 0xDD, 0xDD, 0xDD, 0xDD, 0xDD, 0xCC, 0xDD, 0xDD, 0xDD, 0xDD, 0xDD, 0xDD, 0xDD, 0xCB, 
	0xAB, 0xBC, 0xDD, 0xDD, 0xDD, 0xDC, 0xCB, 0xAA, 0x98, 0x65, 0x45, 0x55, 0x55, 0x45, 0x44, 
	0x55, 0x45, 0x55, 0x65, 0x56, 0x66, 0x67, 0x77, 0x78, 0x87, 0x88, 0x88, 0x88, 0x88, 0x88, 
	0x88, 0x88, 0x88, 0x88, 0x88, 0x77, 0x77, 0x78, 0x88, 0x88, 0x88, 0x88, 0x88, 0x88, 0x88, 
	0x78, 0x87, 0x77, 0x66, 0x66, 0x65, 0x66, 0x66, 0x55, 0x65, 0x66, 0x66, 0x66, 0x78, 0x88, 
	0x77, 0x77, 0x66, 0x66, 0x65, 0x53, 0x34, 0x56, 0x75, 0x67, 0x74, 0x11, 0x11, 0x11, 0x11, 
	0x11, 0x11, 0x11, 0x11, 0x11, 0x12, 0x22, 0x34, 0x56, 0x54, 0x45, 0x67, 0x89, 0x88, 0x87, 
	0x87, 0x77, 0x89, 0xB9, 0x65, 0x43, 0x33, 0x34, 0x56, 0x77, 0x77, 0x66, 0x7A, 0xBA, 0x88, 
	0x9B, 0xCB, 0x97, 0x77, 0x65, 0x55, 0x44, 0x44, 0x44, 0x54, 0x48, 0xB9, 0x88, 0x88, 0x88, 
	0x77, 0x65, 0x54, 0x55, 0x44, 0x45, 0x54, 0x43, 0x44, 0x44, 0x44, 0x44, 0x44, 0x55, 0x54, 
	0x45, 0x55, 0x54, 0x44, 0x44, 0x33, 0x55, 0x66, 0x77, 0x77, 0x77, 0x77, 0x88, 0x88, 0x88, 
	0x76, 0x55, 0x56, 0x66, 0x66, 0x66, 0x77, 0x67, 0x76, 0x66, 0x55, 0x56, 0x66, 0x67, 0x66, 
	0x67, 0x88, 0x87, 0x77, 0x77, 0x65, 0x55, 0x54, 0x44, 0x44, 0x44, 0x44, 0x45, 0x66, 0x77, 
	0x78, 0x99, 0x9A, 0xAA, 0xBB, 0xBC, 0xCC, 0xCC, 0x86, 0x79, 0x99, 0x99, 0xAA, 0xAA, 0xAB, 
	0xAA, 0xAA, 0xAA, 0xAA, 0xAA, 0x99, 0x99, 0xAB, 0xA8, 0x88, 0x87, 0x87, 0x87, 0x67, 0x66, 
	0x66, 0x76, 0x66, 0x78, 0x88, 0x99, 0x9A, 0xAA, 0xAA, 0xAA, 0x99, 0x98, 0x88, 0x77, 0x70, 
	0x08, 0x88, 0x88, 0x88, 0x99, 0xAA, 0xAA, 0xAA, 0xAA, 0xAA, 0xAA, 0xAA, 0xAA, 0xAA, 0xAA, 
	0xBB, 0xBB, 0xBB, 0xBC, 0xCC, 0xCC, 0xCC, 0xCC, 0xCC, 0xCC, 0xCC, 0xCC, 0xCC, 0xCC, 0xCC, 
	0xCC, 0xCC, 0xCC, 0xCC, 0xCC, 0xCC, 0xCC, 0xCC, 0xDD, 0xCC, 0xCC, 0xCD, 0xDD, 0xCC, 0xCC, 
	0xCB, 0xBC, 0xCC, 0xCC, 0xCC, 0xCC, 0xCD, 0xDD, 0xDD, 0xDD, 0xDD, 0xDD, 0xDC, 0xCC, 0xDD, 
	0xDD, 0xDD, 0xDD, 0xDD, 0xDD, 0xCC, 0xCC, 0xCC, 0xDD, 0xDD, 0xDD, 0xDD, 0xDD, 0xDD, 0xDB, 
	0xAB, 0xBC, 0xDD, 0xDD, 0xDD, 0xDC, 0xCB, 0xA9, 0x98, 0x65, 0x55, 0x55, 0x55, 0x45, 0x55, 
	0x55, 0x55, 0x55, 0x55, 0x55, 0x55, 0x67, 0x77, 0x77, 0x77, 0x88, 0x88, 0x88, 0x88, 0x88, 
	0x88, 0x88, 0x88, 0x87, 0x77, 0x77, 0x77, 0x77, 0x77, 0x77, 0x77, 0x88, 0x78, 0x88, 0x87, 
	0x67, 0x87, 0x66, 0x66, 0x66, 0x65, 0x56, 0x65, 0x55, 0x55, 0x56, 0x66, 0x66, 0x78, 0x88, 
	0x87, 0x77, 0x66, 0x66, 0x66, 0x56, 0x53, 0x45, 0x68, 0x77, 0x63, 0x21, 0x22, 0x11, 0x11, 
	0x11, 0x11, 0x11, 0x11, 0x12, 0x22, 0x23, 0x24, 0x56, 0x53, 0x45, 0x57, 0x88, 0x98, 0x78, 
	0x78, 0x88, 0x9B, 0x86, 0x77, 0x53, 0x33, 0x34, 0x57, 0x77, 0x77, 0x66, 0x7A, 0xBB, 0x98, 
	0x9B, 0xCB, 0x97, 0x77, 0x65, 0x44, 0x44, 0x44, 0x44, 0x44, 0x59, 0xBA, 0x88, 0x88, 0x88, 
	0x76, 0x66, 0x44, 0x44, 0x45, 0x55, 0x54, 0x44, 0x44, 0x44, 0x44, 0x44, 0x44, 0x44, 0x44, 
	0x44, 0x45, 0x54, 0x44, 0x44, 0x34, 0x55, 0x66, 0x77, 0x77, 0x76, 0x67, 0x78, 0x88, 0x88, 
	0x77, 0x65, 0x66, 0x66, 0x66, 0x66, 0x67, 0x77, 0x77, 0x76, 0x55, 0x55, 0x56, 0x67, 0x77, 
	0x78, 0x88, 0x87, 0x77, 0x77, 0x65, 0x55, 0x54, 0x33, 0x44, 0x44, 0x44, 0x55, 0x56, 0x67, 
	0x78, 0x99, 0x9A, 0xAA, 0xBB, 0xBC, 0xCC, 0xCC, 0x85, 0x78, 0x99, 0x99, 0xAA, 0xAA, 0xAB, 
	0xBA, 0xAA, 0xAA, 0xAA, 0xBB, 0xAA, 0xBE, 0xFF, 0xEB, 0x98, 0x87, 0x76, 0x66, 0x67, 0x66, 
	0x67, 0x88, 0x78, 0x89, 0x99, 0xAA, 0xAB, 0xBB, 0xAA, 0xAA, 0xA9, 0x98, 0x88, 0x87, 0x70, 
	0x08, 0x88, 0x88, 0x88, 0x99, 0x9A, 0xAA, 0xAA, 0xAA, 0xAA, 0xAA, 0xAA, 0xAA, 0xAA, 0xAA, 
	0xBB, 0xBB, 0xBB, 0xBC, 0xCC, 0xCC, 0xCC, 0xCC, 0xCC, 0xCC, 0xCC, 0xCC, 0xCC, 0xCC, 0xCC, 
	0xCC, 0xCC, 0xCC, 0xCC, 0xCC, 0xCC, 0xCC, 0xCC, 0xDC, 0xCC, 0xCC, 0xDD, 0xDD, 0xCC, 0xCC, 
	0xCB, 0xBC, 0xCC, 0xCC, 0xCC, 0xCC, 0xCD, 0xDD, 0xDD, 0xDD, 0xDD, 0xDD, 0xDC, 0xCC, 0xDD, 
	0xDD, 0xDD, 0xDD, 0xDD, 0xDC, 0xCB, 0xBB, 0xBC, 0xCC, 0xDD, 0xDD, 0xDD, 0xDD, 0xDD, 0xDC, 
	0xAA, 0xBC, 0xDD, 0xDD, 0xDD, 0xDD, 0xCC, 0xCA, 0xA8, 0x76, 0x55, 0x55, 0x55, 0x44, 0x44, 
	0x55, 0x44, 0x54, 0x45, 0x55, 0x56, 0x66, 0x77, 0x77, 0x78, 0x88, 0x88, 0x88, 0x88, 0x88, 
	0x88, 0x88, 0x87, 0x77, 0x77, 0x76, 0x67, 0x77, 0x77, 0x77, 0x77, 0x78, 0x78, 0x78, 0x87, 
	0x67, 0x87, 0x76, 0x66, 0x56, 0x66, 0x56, 0x65, 0x55, 0x65, 0x55, 0x66, 0x77, 0x77, 0x89, 
	0x97, 0x76, 0x66, 0x76, 0x66, 0x66, 0x65, 0x44, 0x57, 0x86, 0x32, 0x22, 0x22, 0x21, 0x11, 
	0x11, 0x11, 0x11, 0x11, 0x12, 0x22, 0x22, 0x35, 0x65, 0x55, 0x44, 0x56, 0x78, 0x89, 0x78, 
	0x77, 0x89, 0xA9, 0x67, 0x98, 0x74, 0x33, 0x34, 0x67, 0x77, 0x66, 0x56, 0x7A, 0xBB, 0x98, 
	0x9B, 0xCB, 0x87, 0x76, 0x54, 0x44, 0x44, 0x44, 0x44, 0x45, 0x5A, 0xA9, 0x98, 0x88, 0x87, 
	0x76, 0x65, 0x44, 0x44, 0x45, 0x55, 0x54, 0x44, 0x44, 0x44, 0x44, 0x44, 0x44, 0x44, 0x44, 
	0x45, 0x55, 0x54, 0x44, 0x44, 0x44, 0x55, 0x66, 0x66, 0x77, 0x66, 0x67, 0x77, 0x78, 0x88, 
	0x77, 0x66, 0x66, 0x76, 0x66, 0x66, 0x66, 0x77, 0x77, 0x77, 0x66, 0x66, 0x55, 0x56, 0x78, 
	0x88, 0x87, 0x77, 0x77, 0x77, 0x65, 0x55, 0x55, 0x43, 0x33, 0x44, 0x44, 0x45, 0x56, 0x67, 
	0x78, 0x99, 0x9A, 0xAA, 0xBB, 0xBB, 0xBC, 0xCC, 0x86, 0x79, 0x99, 0xAA, 0xAA, 0xAA, 0xAA, 
	0xA9, 0xAB, 0xBB, 0xBB, 0xBB, 0xBB, 0xEF, 0xFF, 0xFF, 0xD9, 0x87, 0x76, 0x77, 0x66, 0x66, 
	0x77, 0x89, 0x99, 0x9A, 0xAA, 0xBB, 0xBB, 0xBB, 0xBA, 0xAA, 0xA9, 0x98, 0x88, 0x87, 0x70, 
	0x08, 0x88, 0x88, 0x89, 0x99, 0x9A, 0xAA, 0xAA, 0xAA, 0xAA, 0xAA, 0xAA, 0xAA, 0xAA, 0xAA, 
	0xBB, 0xBB, 0xBB, 0xBC, 0xCC, 0xCC, 0xCC, 0xCC, 0xCC, 0xCC, 0xCC, 0xCC, 0xCC, 0xCC, 0xCC, 
	0xCC, 0xCC, 0xCC, 0xCC, 0xCC, 0xCC, 0xCC, 0xCC, 0xCC, 0xCC, 0xCC, 0xDD, 0xDD, 0xCC, 0xCC, 
	0xCB, 0xBC, 0xCC, 0xCC, 0xCC, 0xCC, 0xCC, 0xDD, 0xDD, 0xDD, 0xDD, 0xDD, 0xDC, 0xCC, 0xCD, 
	0xDD, 0xDD, 0xDD, 0xDD, 0xDC, 0xA9, 0x9A, 0xAB, 0xBC, 0xCD, 0xDD, 0xDD, 0xDD, 0xDD, 0xCC, 
	0xBA, 0xBC, 0xDD, 0xDD, 0xDD, 0xDD, 0xCD, 0xCC, 0xB9, 0x88, 0x76, 0x66, 0x55, 0x44, 0x44, 
	0x44, 0x44, 0x44, 0x55, 0x55, 0x56, 0x66, 0x77, 0x77, 0x78, 0x88, 0x88, 0x88, 0x88, 0x88, 
	0x88, 0x88, 0x77, 0x77, 0x66, 0x66, 0x66, 0x77, 0x77, 0x77, 0x77, 0x77, 0x78, 0x77, 0x87, 
	0x76, 0x86, 0x66, 0x66, 0x55, 0x66, 0x66, 0x65, 0x55, 0x55, 0x56, 0x66, 0x77, 0x77, 0x78, 
	0x99, 0x76, 0x66, 0x66, 0x76, 0x66, 0x66, 0x56, 0x65, 0x76, 0x42, 0x22, 0x22, 0x22, 0x12, 
	0x11, 0x11, 0x11, 0x11, 0x11, 0x22, 0x33, 0x45, 0x54, 0x56, 0x65, 0x45, 0x57, 0x88, 0x87, 
	0x88, 0xAA, 0x76, 0x78, 0x87, 0x75, 0x23, 0x34, 0x56, 0x76, 0x55, 0x55, 0x69, 0xBA, 0x98, 
	0x9B, 0xCB, 0x87, 0x76, 0x54, 0x44, 0x44, 0x44, 0x44, 0x44, 0x4A, 0xB9, 0x98, 0x88, 0x87, 
	0x76, 0x65, 0x44, 0x44, 0x45, 0x55, 0x54, 0x44, 0x44, 0x44, 0x44, 0x45, 0x44, 0x44, 0x44, 
	0x55, 0x54, 0x44, 0x44, 0x54, 0x44, 0x55, 0x66, 0x66, 0x67, 0x66, 0x66, 0x66, 0x67, 0x89, 
	0x87, 0x66, 0x66, 0x77, 0x77, 0x77, 0x66, 0x67, 0x77, 0x77, 0x77, 0x66, 0x65, 0x55, 0x67, 
	0x77, 0x77, 0x77, 0x77, 0x77, 0x66, 0x55, 0x55, 0x54, 0x33, 0x44, 0x44, 0x45, 0x55, 0x67, 
	0x78, 0x88, 0x99, 0xAA, 0xAB, 0xBB, 0xBB, 0xCC, 0xA7, 0x89, 0x9A, 0xAA, 0xA9, 0xAA, 0x99, 
	0x99, 0xAC, 0xCB, 0xBB, 0xBB, 0xBC, 0xEF, 0xFF, 0xFE, 0xEC, 0x87, 0x77, 0x77, 0x67, 0x77, 
	0x88, 0x99, 0xAA, 0xAA, 0xAB, 0xBB, 0xBB, 0xBB, 0xBA, 0xAA, 0xA9, 0x98, 0x88, 0x87, 0x70, 
	0x07, 0x88, 0x88, 0x89, 0x99, 0x9A, 0xAA, 0xAA, 0xAA, 0xAA, 0xAA, 0xAA, 0xAA, 0xAA, 0xAA, 
	0xBB, 0xBB, 0xBB, 0xBC, 0xCB, 0xCC, 0xCC, 0xCC, 0xCC, 0xCC, 0xCC, 0xCC, 0xCC, 0xCC, 0xCC, 
	0xCC, 0xCC, 0xCC, 0xCC, 0xCC, 0xCC, 0xCC, 0xCC, 0xCC, 0xCC, 0xCC, 0xDD, 0xDD, 0xCC, 0xCC, 
	0xCB, 0xBC, 0xCC, 0xCC, 0xCC, 0xCC, 0xCC, 0xDD, 0xDD, 0xDD, 0xDD, 0xDD, 0xDC, 0xCC, 0xCD, 
	0xDD, 0xDD, 0xDD, 0xDD, 0xCB, 0xA8, 0x88, 0x9A, 0xAB, 0xCD, 0xEF, 0xFE, 0xDD, 0xDD, 0xCB, 
	0xBB, 0xBC, 0xDD, 0xDD, 0xDD, 0xDD, 0xDD, 0xCD, 0xCA, 0x98, 0x77, 0x76, 0x55, 0x55, 0x44, 
	0x44, 0x44, 0x44, 0x55, 0x55, 0x55, 0x66, 0x77, 0x77, 0x78, 0x88, 0x88, 0x88, 0x88, 0x88, 
	0x88, 0x88, 0x77, 0x77, 0x66, 0x66, 0x66, 0x66, 0x77, 0x77, 0x76, 0x67, 0x77, 0x77, 0x77, 
	0x76, 0x76, 0x66, 0x66, 0x55, 0x55, 0x56, 0x66, 0x55, 0x55, 0x66, 0x67, 0x77, 0x77, 0x77, 
	0x89, 0x87, 0x77, 0x66, 0x76, 0x67, 0x76, 0x66, 0x56, 0x45, 0x64, 0x32, 0x23, 0x32, 0x22, 
	0x22, 0x22, 0x12, 0x22, 0x22, 0x33, 0x44, 0x43, 0x34, 0x34, 0x66, 0x66, 0x66, 0x88, 0x98, 
	0xAA, 0x98, 0x66, 0x67, 0x88, 0x75, 0x33, 0x34, 0x56, 0x66, 0x65, 0x55, 0x69, 0xBB, 0x98, 
	0x9B, 0xBA, 0x87, 0x86, 0x54, 0x44, 0x44, 0x44, 0x45, 0x44, 0x8B, 0xBA, 0x98, 0x88, 0x87, 
	0x76, 0x65, 0x44, 0x45, 0x55, 0x55, 0x55, 0x55, 0x43, 0x44, 0x44, 0x44, 0x44, 0x44, 0x45, 
	0x55, 0x54, 0x44, 0x45, 0x55, 0x44, 0x55, 0x55, 0x55, 0x66, 0x65, 0x55, 0x55, 0x67, 0x89, 
	0x87, 0x66, 0x66, 0x67, 0x77, 0x77, 0x76, 0x77, 0x77, 0x77, 0x77, 0x76, 0x66, 0x55, 0x55, 
	0x67, 0x77, 0x66, 0x67, 0x76, 0x66, 0x66, 0x55, 0x54, 0x43, 0x33, 0x43, 0x44, 0x55, 0x67, 
	0x78, 0x88, 0x89, 0xAA, 0xAB, 0xBB, 0xBC, 0xCC, 0xB7, 0x79, 0x9A, 0xA9, 0xAA, 0x9A, 0x99, 
	0x99, 0xBC, 0xCB, 0xBB, 0xBA, 0xAB, 0xDF, 0xFF, 0xFE, 0xDC, 0x87, 0x77, 0x77, 0x77, 0x88, 
	0x99, 0xAA, 0xAB, 0xAA, 0xAB, 0xBB, 0xBB, 0xBB, 0xBA, 0xAA, 0xAA, 0x99, 0x88, 0x88, 0x70, 
	0x07, 0x88, 0x88, 0x88, 0x99, 0x9A, 0xAA, 0xAA, 0xAA, 0xAA, 0xAA, 0xAA, 0xAA, 0xAA, 0xAA, 
	0xBB, 0xBB, 0xBB, 0xBC, 0xCB, 0xCC, 0xCC, 0xCC, 0xCC, 0xCC, 0xCC, 0xCC, 0xCC, 0xCC, 0xCC, 
	0xCC, 0xCC, 0xCC, 0xCC, 0xCC, 0xCC, 0xCC, 0xCC, 0xCC, 0xCC, 0xCC, 0xDD, 0xDD, 0xCC, 0xCC, 
	0xCB, 0xBB, 0xCC, 0xCC, 0xCC, 0xCC, 0xCC, 0xDD, 0xDD, 0xDD, 0xDD, 0xDD, 0xCC, 0xCC, 0xCD, 
	0xDD, 0xDD, 0xDD, 0xDD, 0xCB, 0xA9, 0x88, 0x89, 0x9A, 0xCE, 0xFF, 0xFF, 0xEC, 0xCC, 0xBB, 
	0xAA, 0xAC, 0xCD, 0xDD, 0xDD, 0xDD, 0xEE, 0xED, 0xBA, 0x99, 0x88, 0x77, 0x66, 0x55, 0x54, 
	0x44, 0x44, 0x55, 0x54, 0x55, 0x55, 0x66, 0x77, 0x77, 0x78, 0x88, 0x88, 0x88, 0x88, 0x88, 
	0x88, 0x87, 0x78, 0x77, 0x66, 0x66, 0x66, 0x66, 0x66, 0x67, 0x76, 0x77, 0x77, 0x77, 0x66, 
	0x67, 0x76, 0x66, 0x66, 0x55, 0x45, 0x55, 0x55, 0x65, 0x66, 0x66, 0x77, 0x87, 0x67, 0x66, 
	0x78, 0x88, 0x77, 0x67, 0x77, 0x77, 0x77, 0x66, 0x54, 0x33, 0x55, 0x43, 0x22, 0x22, 0x22, 
	0x22, 0x23, 0x32, 0x22, 0x23, 0x33, 0x33, 0x33, 0x44, 0x34, 0x45, 0x67, 0x77, 0x88, 0x9A, 
	0x98, 0x77, 0x66, 0x67, 0x88, 0x75, 0x45, 0x44, 0x56, 0x66, 0x66, 0x66, 0x68, 0xBB, 0xA8, 
	0x9B, 0xBB, 0x87, 0x87, 0x54, 0x44, 0x44, 0x44, 0x45, 0x46, 0xBC, 0xA9, 0x98, 0x88, 0x87, 
	0x76, 0x65, 0x44, 0x55, 0x55, 0x54, 0x55, 0x55, 0x44, 0x33, 0x34, 0x44, 0x44, 0x44, 0x55, 
	0x55, 0x55, 0x55, 0x55, 0x55, 0x44, 0x55, 0x44, 0x44, 0x55, 0x55, 0x55, 0x55, 0x56, 0x78, 
	0x86, 0x66, 0x66, 0x77, 0x77, 0x77, 0x77, 0x77, 0x77, 0x77, 0x88, 0x87, 0x77, 0x76, 0x77, 
	0x77, 0x76, 0x65, 0x56, 0x66, 0x66, 0x66, 0x65, 0x55, 0x44, 0x33, 0x33, 0x34, 0x56, 0x67, 
	0x78, 0x88, 0x89, 0x9A, 0xAA, 0xBB, 0xBC, 0xCC, 0xB7, 0x79, 0x99, 0x99, 0xAA, 0x99, 0x98, 
	0x89, 0xBC, 0xBA, 0x9A, 0xA9, 0x9A, 0xAB, 0xCE, 0xCC, 0xBA, 0x87, 0x77, 0x88, 0x88, 0x89, 
	0x9A, 0xAA, 0xBB, 0xBB, 0xBB, 0xBB, 0xBB, 0xBB, 0xBA, 0xAA, 0xAA, 0x99, 0x88, 0x88, 0x80, 
	0x07, 0x88, 0x88, 0x88, 0x99, 0x9A, 0xAA, 0xAA, 0xAA, 0xAA, 0xAA, 0xAA, 0xAA, 0xAA, 0xAA, 
	0xBB, 0xBB, 0xBB, 0xBC, 0xCB, 0xBC, 0xCC, 0xCC, 0xCC, 0xCC, 0xCC, 0xCC, 0xCC, 0xCC, 0xCC, 
	0xCC, 0xCC, 0xCC, 0xCC, 0xCC, 0xCC, 0xCC, 0xCC, 0xDC, 0xCC, 0xCC, 0xDD, 0xDD, 0xCC, 0xCC, 
	0xCB, 0xBB, 0xCC, 0xCC, 0xCC, 0xCC, 0xCD, 0xDD, 0xDD, 0xDD, 0xDD, 0xDD, 0xCC, 0xCC, 0xCD, 
	0xDD, 0xDD, 0xDD, 0xDD, 0xDC, 0xBA, 0xA9, 0x89, 0x9A, 0xDF, 0xFF, 0xFF, 0xEC, 0xBB, 0xBA, 
	0x99, 0xAB, 0xCC, 0xDD, 0xDD, 0xDD, 0xEE, 0xEE, 0xDB, 0xA9, 0x88, 0x87, 0x76, 0x65, 0x55, 
	0x44, 0x55, 0x54, 0x44, 0x55, 0x56, 0x66, 0x77, 0x77, 0x78, 0x88, 0x88, 0x88, 0x88, 0x88, 
	0x88, 0x87, 0x78, 0x87, 0x76, 0x66, 0x66, 0x66, 0x66, 0x66, 0x76, 0x67, 0x77, 0x66, 0x66, 
	0x66, 0x75, 0x66, 0x56, 0x55, 0x55, 0x55, 0x66, 0x66, 0x66, 0x67, 0x77, 0x76, 0x76, 0x66, 
	0x67, 0x88, 0x77, 0x77, 0x67, 0x77, 0x77, 0x66, 0x55, 0x54, 0x45, 0x44, 0x43, 0x22, 0x22, 
	0x22, 0x22, 0x22, 0x22, 0x22, 0x32, 0x32, 0x33, 0x34, 0x43, 0x33, 0x33, 0x46, 0x87, 0x78, 
	0x88, 0x87, 0x66, 0x66, 0x67, 0x65, 0x55, 0x55, 0x56, 0x66, 0x66, 0x66, 0x68, 0xAA, 0xA8, 
	0x9B, 0xCB, 0x88, 0x97, 0x65, 0x44, 0x44, 0x44, 0x54, 0x47, 0xBB, 0xB9, 0x88, 0x88, 0x77, 
	0x77, 0x55, 0x45, 0x55, 0x55, 0x54, 0x45, 0x55, 0x55, 0x55, 0x44, 0x54, 0x44, 0x45, 0x55, 
	0x55, 0x54, 0x55, 0x56, 0x55, 0x44, 0x55, 0x44, 0x44, 0x44, 0x55, 0x55, 0x54, 0x34, 0x57, 
	0x86, 0x67, 0x66, 0x77, 0x77, 0x87, 0x77, 0x77, 0x77, 0x67, 0x78, 0x88, 0x77, 0x78, 0x88, 
	0x88, 0x76, 0x66, 0x56, 0x66, 0x66, 0x66, 0x65, 0x55, 0x44, 0x34, 0x43, 0x35, 0x56, 0x66, 
	0x77, 0x88, 0x89, 0x99, 0xAA, 0xBB, 0xBC, 0xCC, 0xB8, 0x89, 0x99, 0x99, 0xAA, 0x99, 0x87, 
	0x77, 0xAB, 0xA9, 0x88, 0x88, 0x9A, 0xA9, 0x99, 0x98, 0x98, 0x88, 0x78, 0x89, 0x99, 0x9A, 
	0xAA, 0xAB, 0xBB, 0xBB, 0xAA, 0xBB, 0xBB, 0xBB, 0xBA, 0xAA, 0xAA, 0x99, 0x88, 0x88, 0x80, 
	0x07, 0x88, 0x88, 0x88, 0x99, 0x99, 0xAA, 0xAA, 0xAA, 0xAA, 0xAA, 0xAA, 0xAA, 0xAA, 0xAA, 
	0xAB, 0xBB, 0xBB, 0xBB, 0xCC, 0xCC, 0xCC, 0xCC, 0xCC, 0xCC, 0xBC, 0xCC, 0xCC, 0xCC, 0xCC, 
	0xCC, 0xCC, 0xCC, 0xCC, 0xCC, 0xCC, 0xCC, 0xCC, 0xCC, 0xCC, 0xCC, 0xCD, 0xDD, 0xDD, 0xDC, 
	0xCB, 0xBC, 0xCC, 0xCC, 0xCC, 0xCC, 0xCC, 0xDD, 0xDD, 0xDD, 0xDD, 0xDD, 0xCC, 0xCC, 0xCC, 
	0xDD, 0xDD, 0xDD, 0xDD, 0xDD, 0xCC, 0xBA, 0x99, 0x9A, 0xDE, 0xFF, 0xFF, 0xEB, 0xAA, 0x99, 
	0x88, 0x8A, 0xBC, 0xCC, 0xDD, 0xEE, 0xFF, 0xFF, 0xEC, 0xBA, 0x98, 0x77, 0x87, 0x77, 0x66, 
	0x55, 0x55, 0x55, 0x54, 0x45, 0x56, 0x66, 0x67, 0x77, 0x78, 0x88, 0x88, 0x88, 0x88, 0x88, 
	0x88, 0x88, 0x88, 0x87, 0x76, 0x66, 0x66, 0x65, 0x66, 0x66, 0x66, 0x67, 0x76, 0x67, 0x66, 
	0x56, 0x76, 0x55, 0x66, 0x65, 0x56, 0x55, 0x66, 0x67, 0x78, 0x78, 0x87, 0x66, 0x66, 0x66, 
	0x66, 0x88, 0x77, 0x76, 0x67, 0x77, 0x77, 0x66, 0x66, 0x55, 0x34, 0x53, 0x34, 0x22, 0x22, 
	0x32, 0x22, 0x22, 0x22, 0x22, 0x22, 0x22, 0x22, 0x34, 0x33, 0x23, 0x23, 0x36, 0x87, 0x77, 
	0x88, 0x87, 0x76, 0x66, 0x66, 0x54, 0x45, 0x55, 0x66, 0x76, 0x77, 0x87, 0x57, 0xBA, 0xA8, 
	0x9B, 0xCB, 0x88, 0x87, 0x54, 0x44, 0x44, 0x44, 0x44, 0x45, 0x9B, 0xA9, 0x88, 0x87, 0x77, 
	0x66, 0x55, 0x55, 0x55, 0x55, 0x44, 0x55, 0x55, 0x55, 0x65, 0x55, 0x44, 0x44, 0x55, 0x55, 
	0x54, 0x55, 0x55, 0x55, 0x54, 0x44, 0x44, 0x44, 0x22, 0x34, 0x55, 0x45, 0x42, 0x23, 0x45, 
	0x55, 0x77, 0x77, 0x77, 0x77, 0x77, 0x77, 0x77, 0x77, 0x78, 0x88, 0x88, 0x88, 0x88, 0x88, 
	0x77, 0x66, 0x66, 0x55, 0x55, 0x66, 0x66, 0x55, 0x55, 0x44, 0x33, 0x33, 0x34, 0x56, 0x66, 
	0x78, 0x88, 0x89, 0x99, 0xAA, 0xAB, 0xBB, 0xCC, 0xC9, 0x9A, 0x99, 0x99, 0xAA, 0x88, 0x75, 
	0x56, 0x89, 0x97, 0x77, 0x88, 0x9A, 0x99, 0x98, 0x88, 0x98, 0x88, 0x88, 0x89, 0xAA, 0xAA, 
	0xAA, 0xAA, 0xBB, 0xBB, 0xBA, 0xBB, 0xBB, 0xBB, 0xBA, 0xAA, 0xAA, 0x99, 0x88, 0x88, 0x80, 
	0x07, 0x88, 0x88, 0x89, 0x99, 0x99, 0xAA, 0xAA, 0xAA, 0xAA, 0xAA, 0xAA, 0xAA, 0xAA, 0xAA, 
	0xAB, 0xBB, 0xBB, 0xBB, 0xCC, 0xCC, 0xCC, 0xCC, 0xCC, 0xCC, 0xBC, 0xCC, 0xCC, 0xCC, 0xCC, 
	0xCC, 0xCC, 0xCC, 0xCC, 0xCC, 0xCC, 0xCC, 0xCC, 0xDD, 0xDC, 0xCC, 0xCD, 0xDD, 0xDD, 0xDC, 
	0xCB, 0xBC, 0xCC, 0xCC, 0xCC, 0xCC, 0xDD, 0xDD, 0xDD, 0xDD, 0xDD, 0xDD, 0xDC, 0xCC, 0xCC, 
	0xCD, 0xDD, 0xDD, 0xDD, 0xDD, 0xDC, 0xCB, 0xAA, 0xAB, 0xCE, 0xFF, 0xFF, 0xEB, 0x98, 0x88, 
	0x77, 0x79, 0xAB, 0xBC, 0xCD, 0xDE, 0xFF, 0xFF, 0xFE, 0xDB, 0x98, 0x77, 0x88, 0x88, 0x87, 
	0x65, 0x55, 0x55, 0x55, 0x55, 0x55, 0x66, 0x67, 0x77, 0x78, 0x88, 0x88, 0x88, 0x88, 0x88, 
	0x88, 0x88, 0x88, 0x87, 0x76, 0x66, 0x66, 0x65, 0x66, 0x66, 0x66, 0x67, 0x76, 0x67, 0x76, 
	0x66, 0x76, 0x66, 0x66, 0x66, 0x66, 0x66, 0x67, 0x77, 0x88, 0x88, 0x66, 0x56, 0x66, 0x66, 
	0x66, 0x78, 0x87, 0x77, 0x67, 0x77, 0x77, 0x66, 0x66, 0x55, 0x44, 0x44, 0x23, 0x43, 0x32, 
	0x22, 0x23, 0x22, 0x22, 0x22, 0x22, 0x22, 0x22, 0x23, 0x33, 0x33, 0x33, 0x47, 0x86, 0x67, 
	0x88, 0x87, 0x76, 0x66, 0x66, 0x53, 0x33, 0x45, 0x67, 0x66, 0x78, 0x88, 0x57, 0xAB, 0xA8, 
	0x9B, 0xCB, 0x87, 0x87, 0x64, 0x44, 0x44, 0x59, 0x85, 0x45, 0x7B, 0xA9, 0x88, 0x87, 0x77, 
	0x66, 0x65, 0x55, 0x55, 0x55, 0x55, 0x56, 0x66, 0x55, 0x55, 0x54, 0x44, 0x45, 0x55, 0x55, 
	0x55, 0x55, 0x55, 0x55, 0x54, 0x44, 0x33, 0x32, 0x21, 0x23, 0x44, 0x56, 0x41, 0x23, 0x56, 
	0x67, 0x87, 0x77, 0x67, 0x77, 0x77, 0x77, 0x66, 0x67, 0x77, 0x88, 0x88, 0x88, 0x88, 0x77, 
	0x77, 0x65, 0x55, 0x55, 0x66, 0x77, 0x77, 0x77, 0x66, 0x65, 0x44, 0x43, 0x34, 0x45, 0x56, 
	0x67, 0x88, 0x89, 0x9A, 0xAA, 0xAB, 0xBB, 0xCC, 0xC9, 0x9A, 0xA9, 0x99, 0xAA, 0x86, 0x55, 
	0x44, 0x68, 0x87, 0x77, 0x78, 0x99, 0x99, 0x99, 0x9A, 0xA8, 0x88, 0x89, 0x99, 0x99, 0xAA, 
	0xAA, 0xAA, 0xAA, 0xAA, 0xAA, 0xAB, 0xBB, 0xBB, 0xBB, 0xAA, 0xAA, 0x99, 0x88, 0x88, 0x80, 
	0x07, 0x88, 0x88, 0x89, 0x99, 0x99, 0xAA, 0xAA, 0xAA, 0xAA, 0xAA, 0xAA, 0xAA, 0xAA, 0xAA, 
	0xAB, 0xBB, 0xBB, 0xBB, 0xCC, 0xCC, 0xCC, 0xCC, 0xCC, 0xCC, 0xBB, 0xCC, 0xCC, 0xCC, 0xCC, 
	0xCC, 0xCC, 0xCC, 0xCC, 0xCC, 0xCC, 0xCC, 0xCC, 0xDD, 0xDC, 0xCC, 0xCD, 0xDD, 0xDD, 0xDC, 
	0xCC, 0xBC, 0xCC, 0xCC, 0xCC, 0xCC, 0xDD, 0xDD, 0xDD, 0xDD, 0xDD, 0xDD, 0xDC, 0xCC, 0xCC, 
	0xCC, 0xDD, 0xDD, 0xDD, 0xDD, 0xDD, 0xDC, 0xBB, 0xBC, 0xCE, 0xEF, 0xFF, 0xEB, 0x98, 0x77, 
	0x67, 0x77, 0x9A, 0xBB, 0xBC, 0xDE, 0xFF, 0xFF, 0xFF, 0xEB, 0x98, 0x88, 0x89, 0x89, 0x87, 
	0x66, 0x65, 0x66, 0x66, 0x66, 0x65, 0x66, 0x67, 0x77, 0x78, 0x88, 0x88, 0x88, 0x88, 0x88, 
	0x88, 0x88, 0x88, 0x87, 0x77, 0x66, 0x66, 0x66, 0x66, 0x66, 0x67, 0x77, 0x77, 0x77, 0x77, 
	0x66, 0x76, 0x66, 0x66, 0x66, 0x67, 0x77, 0x78, 0x88, 0x98, 0x77, 0x65, 0x56, 0x77, 0x76, 
	0x66, 0x67, 0x87, 0x77, 0x77, 0x77, 0x76, 0x55, 0x56, 0x66, 0x54, 0x45, 0x32, 0x24, 0x43, 
	0x22, 0x22, 0x22, 0x22, 0x22, 0x22, 0x22, 0x22, 0x22, 0x33, 0x33, 0x33, 0x57, 0x76, 0x67, 
	0x88, 0x77, 0x66, 0x66, 0x66, 0x42, 0x22, 0x45, 0x66, 0x66, 0x78, 0x87, 0x57, 0xAB, 0xA8, 
	0x9B, 0xCB, 0x87, 0x77, 0x86, 0x44, 0x44, 0xAE, 0xD7, 0x44, 0x6B, 0xA9, 0x88, 0x88, 0x77, 
	0x66, 0x55, 0x55, 0x55, 0x56, 0x55, 0x55, 0x55, 0x54, 0x44, 0x54, 0x45, 0x56, 0x66, 0x65, 
	0x55, 0x55, 0x55, 0x55, 0x55, 0x55, 0x44, 0x43, 0x32, 0x24, 0x44, 0x56, 0x53, 0x56, 0x77, 
	0x88, 0x88, 0x77, 0x77, 0x66, 0x66, 0x65, 0x55, 0x66, 0x77, 0x78, 0x88, 0x88, 0x88, 0x88, 
	0x88, 0x88, 0x77, 0x77, 0x66, 0x77, 0x77, 0x77, 0x76, 0x66, 0x65, 0x55, 0x56, 0x66, 0x67, 
	0x77, 0x88, 0x89, 0x99, 0xAA, 0xAB, 0xBB, 0xCC, 0xCA, 0x9A, 0x9A, 0xA9, 0x9A, 0x96, 0x56, 
	0x66, 0x78, 0x77, 0x77, 0x88, 0x9A, 0x9A, 0xDE, 0xDB, 0xA9, 0x88, 0x88, 0x88, 0x89, 0x99, 
	0x99, 0x9A, 0xA9, 0xAA, 0xAA, 0xAA, 0xBB, 0xBA, 0xAA, 0xAA, 0xAA, 0x99, 0x98, 0x88, 0x80, 
	0x07, 0x88, 0x88, 0x89, 0x99, 0x99, 0xAA, 0xAA, 0xAA, 0xAA, 0xAA, 0xAA, 0xAA, 0xAA, 0xAA, 
	0xAA, 0xBB, 0xBB, 0xBB, 0xCC, 0xCC, 0xCC, 0xCC, 0xCC, 0xCC, 0xBB, 0xCC, 0xCC, 0xCC, 0xCC, 
	0xCC, 0xCC, 0xCC, 0xCC, 0xCC, 0xCC, 0xCC, 0xCC, 0xCD, 0xCC, 0xCC, 0xCD, 0xDD, 0xDD, 0xDC, 
	0xCC, 0xBC, 0xCC, 0xCC, 0xCC, 0xCC, 0xDD, 0xDD, 0xDD, 0xDD, 0xDD, 0xDD, 0xDC, 0xCC, 0xCC, 
	0xDC, 0xCD, 0xDD, 0xDD, 0xDD, 0xDD, 0xDC, 0xCC, 0xCC, 0xDD, 0xEE, 0xEE, 0xDB, 0xA9, 0x87, 
	0x77, 0x66, 0x79, 0x99, 0xAB, 0xCC, 0xFF, 0xFF, 0xFF, 0xFD, 0xB8, 0x88, 0x89, 0x99, 0x87, 
	0x66, 0x66, 0x55, 0x56, 0x65, 0x66, 0x66, 0x67, 0x77, 0x88, 0x88, 0x88, 0x88, 0x88, 0x88, 
	0x88, 0x88, 0x88, 0x88, 0x77, 0x77, 0x77, 0x77, 0x77, 0x77, 0x77, 0x88, 0x87, 0x77, 0x77, 
	0x77, 0x76, 0x77, 0x77, 0x77, 0x77, 0x78, 0x88, 0x98, 0x87, 0x66, 0x65, 0x56, 0x77, 0x77, 
	0x77, 0x66, 0x88, 0x77, 0x77, 0x76, 0x66, 0x55, 0x55, 0x66, 0x55, 0x44, 0x43, 0x32, 0x34, 
	0x42, 0x22, 0x22, 0x22, 0x22, 0x22, 0x22, 0x32, 0x22, 0x33, 0x33, 0x34, 0x78, 0x76, 0x67, 
	0x78, 0x77, 0x66, 0x56, 0x66, 0x53, 0x34, 0x45, 0x56, 0x67, 0x88, 0x86, 0x56, 0xAA, 0xA9, 
	0x9B, 0xCB, 0x97, 0x89, 0x87, 0x44, 0x54, 0xCD, 0xD8, 0x44, 0x8B, 0xA9, 0x88, 0x88, 0x77, 
	0x66, 0x55, 0x55, 0x55, 0x56, 0x55, 0x55, 0x54, 0x44, 0x55, 0x55, 0x55, 0x66, 0x66, 0x66, 
	0x55, 0x54, 0x55, 0x55, 0x55, 0x55, 0x56, 0x65, 0x54, 0x34, 0x54, 0x56, 0x66, 0x78, 0x99, 
	0x99, 0x88, 0x87, 0x76, 0x66, 0x66, 0x65, 0x55, 0x56, 0x77, 0x78, 0x9A, 0x99, 0x88, 0x87, 
	0x87, 0x65, 0x55, 0x55, 0x55, 0x55, 0x56, 0x65, 0x55, 0x55, 0x43, 0x32, 0x34, 0x55, 0x67, 
	0x78, 0x89, 0x99, 0x9A, 0xAA, 0xAB, 0xBB, 0xCC, 0xCA, 0x9A, 0xAA, 0xAA, 0xAA, 0x98, 0x88, 
	0x87, 0x77, 0x77, 0x89, 0xAA, 0xAB, 0xBF, 0xFF, 0xFD, 0xA9, 0x88, 0x88, 0x88, 0x88, 0x99, 
	0x99, 0x99, 0x99, 0x9A, 0xAA, 0xAA, 0xAA, 0xAA, 0xAA, 0xAA, 0xAA, 0x99, 0x98, 0x88, 0x80, 
	0x07, 0x88, 0x88, 0x88, 0x99, 0x99, 0xAA, 0xAA, 0xAA, 0xAA, 0xAA, 0xAA, 0xAA, 0xAA, 0xAA, 
	0xAA, 0xBB, 0xBB, 0xBB, 0xCC, 0xCC, 0xCC, 0xCC, 0xBC, 0xCC, 0xBB, 0xCC, 0xCC, 0xCC, 0xCC, 
	0xCC, 0xCC, 0xCC, 0xCC, 0xCC, 0xCC, 0xCC, 0xCC, 0xCC, 0xCC, 0xCC, 0xCD, 0xDD, 0xDD, 0xDC, 
	0xCC, 0xBC, 0xCC, 0xCC, 0xCC, 0xCC, 0xDD, 0xDD, 0xDD, 0xDD, 0xDD, 0xDD, 0xDC, 0xCC, 0xCC, 
	0xCC, 0xCC, 0xDD, 0xDD, 0xDD, 0xDD, 0xDD, 0xCD, 0xCC, 0xDD, 0xDE, 0xDD, 0xDC, 0xBB, 0x98, 
	0x87, 0x77, 0x77, 0x78, 0x99, 0xBB, 0xEF, 0xFF, 0xFF, 0xFE, 0xC9, 0x89, 0x99, 0x99, 0x87, 
	0x66, 0x66, 0x55, 0x56, 0x66, 0x66, 0x66, 0x77, 0x78, 0x87, 0x88, 0x88, 0x87, 0x88, 0x88, 
	0x88, 0x88, 0x88, 0x88, 0x88, 0x88, 0x77, 0x77, 0x78, 0x88, 0x78, 0x88, 0x88, 0x77, 0x88, 
	0x78, 0x87, 0x77, 0x88, 0x88, 0x88, 0x89, 0x88, 0x88, 0x76, 0x76, 0x66, 0x55, 0x67, 0x77, 
	0x77, 0x77, 0x78, 0x87, 0x77, 0x76, 0x55, 0x55, 0x66, 0x66, 0x56, 0x44, 0x54, 0x22, 0x22, 
	0x44, 0x32, 0x22, 0x22, 0x22, 0x22, 0x33, 0x32, 0x23, 0x33, 0x33, 0x35, 0x88, 0x76, 0x77, 
	0x77, 0x77, 0x66, 0x66, 0x66, 0x65, 0x55, 0x56, 0x66, 0x67, 0x88, 0x76, 0x55, 0xAB, 0xA9, 
	0x9B, 0xCC, 0xA8, 0x89, 0x78, 0x96, 0x45, 0x8C, 0xB7, 0x44, 0x6B, 0xB9, 0x88, 0x88, 0x77, 
	0x76, 0x65, 0x65, 0x55, 0x56, 0x65, 0x55, 0x54, 0x44, 0x45, 0x55, 0x55, 0x66, 0x76, 0x66, 
	0x54, 0x44, 0x55, 0x44, 0x54, 0x45, 0x67, 0x66, 0x65, 0x44, 0x44, 0x45, 0x66, 0x89, 0x9A, 
	0xA9, 0x98, 0x87, 0x66, 0x66, 0x66, 0x77, 0x76, 0x55, 0x67, 0x78, 0x99, 0x98, 0x88, 0x77, 
	0x76, 0x66, 0x66, 0x66, 0x55, 0x55, 0x55, 0x55, 0x45, 0x54, 0x44, 0x32, 0x24, 0x55, 0x56, 
	0x67, 0x78, 0x89, 0x99, 0xAA, 0xAA, 0xBB, 0xCC, 0xCA, 0x9A, 0xAA, 0xA9, 0xAA, 0x99, 0xAA, 
	0xA9, 0x99, 0x77, 0x9A, 0xBB, 0xBB, 0xFF, 0xFF, 0xFD, 0xA8, 0x88, 0x88, 0x88, 0x88, 0x99, 
	0x99, 0x99, 0x99, 0x99, 0x99, 0x99, 0xAA, 0xA9, 0x9A, 0xAA, 0x9A, 0x99, 0x98, 0x88, 0x80, 
	0x07, 0x88, 0x88, 0x88, 0x99, 0x99, 0xAA, 0xAA, 0xAA, 0xAA, 0xAA, 0xAA, 0xAA, 0xAA, 0xAA, 
	0xAB, 0xBB, 0xBB, 0xBB, 0xCC, 0xCC, 0xCC, 0xCB, 0xBC, 0xCC, 0xBB, 0xCC, 0xCC, 0xCC, 0xCC, 
	0xCC, 0xCC, 0xCC, 0xCC, 0xCC, 0xCC, 0xCC, 0xCC, 0xCD, 0xCC, 0xCC, 0xCC, 0xDD, 0xDD, 0xDC, 
	0xCC, 0xCC, 0xCC, 0xCC, 0xCC, 0xCC, 0xDD, 0xDD, 0xDD, 0xDD, 0xDD, 0xDD, 0xDC, 0xCC, 0xCC, 
	0xCC, 0xCC, 0xDD, 0xDD, 0xDD, 0xDD, 0xDD, 0xDD, 0xDD, 0xDD, 0xDD, 0xDD, 0xCD, 0xCB, 0xBA, 
	0x98, 0x88, 0x77, 0x67, 0x88, 0x9A, 0xBD, 0xFF, 0xFF, 0xFD, 0xA7, 0x88, 0x9A, 0x98, 0x76, 
	0x65, 0x55, 0x55, 0x55, 0x55, 0x67, 0x66, 0x77, 0x77, 0x77, 0x77, 0x77, 0x77, 0x78, 0x88, 
	0x88, 0x88, 0x88, 0x88, 0x88, 0x88, 0x88, 0x88, 0x88, 0x88, 0x88, 0x88, 0x88, 0x88, 0x88, 
	0x89, 0x88, 0x88, 0x88, 0x88, 0x88, 0x88, 0x77, 0x77, 0x77, 0x77, 0x66, 0x65, 0x67, 0x77, 
	0x77, 0x77, 0x77, 0x87, 0x77, 0x66, 0x56, 0x55, 0x66, 0x66, 0x65, 0x65, 0x44, 0x32, 0x22, 
	0x22, 0x34, 0x32, 0x22, 0x33, 0x22, 0x32, 0x22, 0x33, 0x33, 0x33, 0x56, 0x78, 0x87, 0x77, 
	0x77, 0x87, 0x76, 0x66, 0x66, 0x66, 0x66, 0x66, 0x66, 0x66, 0x77, 0x66, 0x46, 0xAB, 0xA9, 
	0x9B, 0xCC, 0xA9, 0x88, 0x8B, 0xBA, 0x54, 0x46, 0x64, 0x44, 0x5B, 0xB9, 0x98, 0x88, 0x77, 
	0x77, 0x65, 0x56, 0x66, 0x66, 0x66, 0x65, 0x54, 0x44, 0x45, 0x55, 0x55, 0x66, 0x66, 0x65, 
	0x44, 0x44, 0x44, 0x44, 0x44, 0x55, 0x67, 0x77, 0x76, 0x64, 0x44, 0x45, 0x56, 0x89, 0x99, 
	0xAA, 0x99, 0x88, 0x77, 0x77, 0x77, 0x88, 0x88, 0x87, 0x88, 0x89, 0x99, 0x99, 0x99, 0x88, 
	0x88, 0x77, 0x88, 0x77, 0x77, 0x66, 0x67, 0x76, 0x65, 0x55, 0x44, 0x32, 0x24, 0x55, 0x56, 
	0x67, 0x78, 0x89, 0x99, 0xAA, 0xAA, 0xAB, 0xBC, 0xCA, 0x99, 0xA9, 0x99, 0x9A, 0xAA, 0xAA, 
	0xBB, 0xA8, 0x77, 0x9B, 0xBC, 0xBC, 0xFF, 0xFF, 0xFE, 0xA8, 0x89, 0x88, 0x99, 0x88, 0x88, 
	0x88, 0x88, 0x88, 0x89, 0x99, 0x99, 0x99, 0x98, 0x89, 0x99, 0x99, 0x99, 0x98, 0x88, 0x80, 
	0x07, 0x78, 0x88, 0x88, 0x99, 0x99, 0xAA, 0xAA, 0xAA, 0xAA, 0xAA, 0xAA, 0xAA, 0xAA, 0xAA, 
	0xAA, 0xBB, 0xBB, 0xBB, 0xCC, 0xCC, 0xCC, 0xCC, 0xCC, 0xCC, 0xBB, 0xCC, 0xCC, 0xCC, 0xCC, 
	0xCC, 0xCC, 0xCC, 0xCC, 0xCC, 0xCC, 0xCC, 0xCC, 0xCD, 0xCC, 0xCC, 0xCD, 0xDD, 0xDD, 0xDD, 
	0xCC, 0xCC, 0xCC, 0xCC, 0xCC, 0xCC, 0xDD, 0xDD, 0xDD, 0xDD, 0xDD, 0xDD, 0xDC, 0xCC, 0xCC, 
	0xCC, 0xCC, 0xDD, 0xDD, 0xDD, 0xDD, 0xDD, 0xDD, 0xDD, 0xDD, 0xDD, 0xDD, 0xDD, 0xCC, 0xCB, 
	0xA9, 0x88, 0x89, 0x88, 0x88, 0x99, 0xAB, 0xDE, 0xFF, 0xDB, 0x98, 0x89, 0x99, 0x98, 0x66, 
	0x65, 0x55, 0x55, 0x55, 0x44, 0x57, 0x77, 0x77, 0x77, 0x77, 0x77, 0x77, 0x77, 0x78, 0x88, 
	0x88, 0x88, 0x88, 0x88, 0x88, 0x88, 0x88, 0x88, 0x88, 0x88, 0x88, 0x88, 0x88, 0x88, 0x88, 
	0x89, 0x88, 0x88, 0x88, 0x88, 0x88, 0x76, 0x67, 0x66, 0x77, 0x77, 0x77, 0x76, 0x67, 0x77, 
	0x77, 0x77, 0x77, 0x88, 0x77, 0x66, 0x56, 0x65, 0x66, 0x66, 0x66, 0x65, 0x33, 0x53, 0x32, 
	0x22, 0x23, 0x43, 0x22, 0x33, 0x22, 0x32, 0x33, 0x33, 0x33, 0x45, 0x77, 0x77, 0x88, 0x77, 
	0x77, 0x88, 0x77, 0x67, 0x76, 0x77, 0x77, 0x77, 0x66, 0x66, 0x66, 0x65, 0x46, 0xAB, 0xA9, 
	0x9B, 0xCC, 0xA9, 0x88, 0x9B, 0xAA, 0x55, 0x55, 0x55, 0x54, 0x5A, 0xB9, 0x88, 0x87, 0x77, 
	0x77, 0x65, 0x66, 0x67, 0x77, 0x66, 0x66, 0x55, 0x55, 0x66, 0x66, 0x66, 0x67, 0x55, 0x55, 
	0x44, 0x34, 0x44, 0x44, 0x45, 0x56, 0x67, 0x77, 0x77, 0x75, 0x54, 0x35, 0x57, 0x89, 0x99, 
	0x9A, 0x99, 0x99, 0x88, 0x88, 0x88, 0x88, 0x88, 0x89, 0x99, 0x99, 0x99, 0x99, 0x88, 0x77, 
	0x77, 0x77, 0x77, 0x66, 0x55, 0x55, 0x55, 0x66, 0x66, 0x66, 0x65, 0x44, 0x33, 0x44, 0x56, 
	0x77, 0x78, 0x89, 0x99, 0xAA, 0xAA, 0xAB, 0xBB, 0xCA, 0x99, 0x99, 0x99, 0xAA, 0xAA, 0xBB, 
	0xCC, 0xB7, 0x66, 0x9A, 0xBB, 0xAB, 0xFF, 0xFF, 0xFD, 0xA9, 0x99, 0x88, 0x89, 0x99, 0x88, 
	0x88, 0x77, 0x78, 0x78, 0x88, 0x88, 0x88, 0x88, 0x88, 0x88, 0x89, 0x89, 0x88, 0x88, 0x80, 
	0x07, 0x78, 0x88, 0x88, 0x99, 0x99, 0xAA, 0xAA, 0xAA, 0xAA, 0xAA, 0xAA, 0xAA, 0xAA, 0xAA, 
	0xAA, 0xBB, 0xBB, 0xBB, 0xCC, 0xCC, 0xCC, 0xCC, 0xCC, 0xCC, 0xBB, 0xCC, 0xCC, 0xCC, 0xCC, 
	0xCC, 0xCC, 0xCC, 0xCC, 0xCC, 0xCC, 0xCC, 0xCC, 0xCC, 0xCC, 0xDC, 0xCD, 0xDD, 0xDD, 0xDD, 
	0xCC, 0xCC, 0xCC, 0xCC, 0xCC, 0xCC, 0xCD, 0xDD, 0xDD, 0xDD, 0xDD, 0xDD, 0xDD, 0xCC, 0xCC, 
	0xCC, 0xCD, 0xDD, 0xDD, 0xDD, 0xDD, 0xDD, 0xDD, 0xDD, 0xDD, 0xDD, 0xDD, 0xDD, 0xDD, 0xDC, 
	0xBA, 0x99, 0xAA, 0xAA, 0xAA, 0x9A, 0xAA, 0xAB, 0xCC, 0xBB, 0x98, 0x79, 0x99, 0x87, 0x66, 
	0x66, 0x55, 0x55, 0x54, 0x44, 0x45, 0x77, 0x77, 0x77, 0x77, 0x77, 0x77, 0x77, 0x77, 0x88, 
	0x88, 0x88, 0x88, 0x88, 0x88, 0x88, 0x88, 0x88, 0x88, 0x88, 0x88, 0x88, 0x88, 0x88, 0x88, 
	0x99, 0x88, 0x98, 0x89, 0x88, 0x76, 0x66, 0x67, 0x77, 0x67, 0x77, 0x66, 0x77, 0x77, 0x88, 
	0x87, 0x77, 0x77, 0x88, 0x86, 0x65, 0x56, 0x66, 0x66, 0x66, 0x77, 0x65, 0x44, 0x54, 0x32, 
	0x22, 0x32, 0x23, 0x43, 0x22, 0x32, 0x33, 0x32, 0x23, 0x33, 0x58, 0x86, 0x76, 0x77, 0x77, 
	0x78, 0x88, 0x87, 0x77, 0x76, 0x77, 0x88, 0x77, 0x77, 0x77, 0x66, 0x65, 0x55, 0x9B, 0xA9, 
	0x9B, 0xDC, 0x98, 0x88, 0x99, 0xA8, 0x65, 0x45, 0x55, 0x44, 0x59, 0xB9, 0x88, 0x87, 0x88, 
	0x77, 0x66, 0x66, 0x66, 0x66, 0x65, 0x54, 0x44, 0x44, 0x44, 0x55, 0x66, 0x66, 0x65, 0x54, 
	0x45, 0x45, 0x54, 0x55, 0x56, 0x66, 0x77, 0x77, 0x88, 0x77, 0x54, 0x35, 0x68, 0x89, 0x99, 
	0x99, 0x99, 0x87, 0x77, 0x77, 0x88, 0x77, 0x88, 0x88, 0x89, 0x99, 0x99, 0x99, 0x98, 0x88, 
	0x88, 0x88, 0x87, 0x77, 0x66, 0x54, 0x44, 0x45, 0x45, 0x55, 0x55, 0x55, 0x44, 0x44, 0x56, 
	0x66, 0x78, 0x88, 0x99, 0xAA, 0xAA, 0xAB, 0xBB, 0xCA, 0xA9, 0x99, 0x99, 0xAA, 0xBB, 0xBB, 
	0xDD, 0xA5, 0x45, 0x9A, 0x99, 0x98, 0xCF, 0xFE, 0xDC, 0xBB, 0xA9, 0x88, 0x88, 0x9A, 0x98, 
	0x88, 0x77, 0x77, 0x77, 0x77, 0x76, 0x77, 0x77, 0x77, 0x77, 0x78, 0x88, 0x88, 0x88, 0x80, 
	0x07, 0x78, 0x88, 0x88, 0x89, 0x99, 0xAA, 0xAA, 0xAA, 0xAA, 0xAA, 0xAA, 0xAA, 0xAA, 0xAA, 
	0xAA, 0xBB, 0xBB, 0xBB, 0xCC, 0xCC, 0xCC, 0xCC, 0xCC, 0xCC, 0xCB, 0xCC, 0xCC, 0xCC, 0xCC, 
	0xCC, 0xCC, 0xCC, 0xCC, 0xCC, 0xCC, 0xCC, 0xCC, 0xCD, 0xCC, 0xDC, 0xCD, 0xDD, 0xDD, 0xDD, 
	0xCC, 0xCC, 0xCC, 0xCC, 0xCC, 0xCC, 0xCD, 0xDD, 0xDD, 0xDD, 0xDD, 0xDD, 0xDC, 0xCC, 0xCC, 
	0xCC, 0xDD, 0xDD, 0xDD, 0xDD, 0xDD, 0xDD, 0xDD, 0xDD, 0xDD, 0xDD, 0xDD, 0xDD, 0xDD, 0xDD, 
	0xCA, 0xAA, 0xBC, 0xCC, 0xCC, 0xBB, 0xBB, 0xAA, 0xA9, 0xBA, 0x97, 0x78, 0x99, 0x87, 0x76, 
	0x65, 0x55, 0x66, 0x54, 0x44, 0x44, 0x67, 0x77, 0x77, 0x77, 0x77, 0x77, 0x78, 0x87, 0x78, 
	0x88, 0x88, 0x88, 0x88, 0x88, 0x88, 0x88, 0x88, 0x88, 0x88, 0x88, 0x88, 0x88, 0x88, 0x88, 
	0x99, 0x98, 0x89, 0x88, 0x86, 0x66, 0x67, 0x67, 0x77, 0x76, 0x77, 0x66, 0x77, 0x77, 0x77, 
	0x88, 0x88, 0x78, 0x79, 0x85, 0x55, 0x66, 0x66, 0x66, 0x77, 0x66, 0x66, 0x55, 0x45, 0x43, 
	0x23, 0x22, 0x22, 0x34, 0x43, 0x33, 0x23, 0x22, 0x23, 0x35, 0x88, 0x65, 0x66, 0x77, 0x87, 
	0x89, 0x99, 0x87, 0x78, 0x78, 0x88, 0x88, 0x77, 0x77, 0x77, 0x67, 0x65, 0x45, 0x9B, 0xA9, 
	0xAB, 0xCC, 0x97, 0x88, 0x99, 0x98, 0x65, 0x44, 0x44, 0x45, 0x47, 0xBA, 0x98, 0x88, 0x77, 
	0x66, 0x55, 0x55, 0x56, 0x66, 0x65, 0x55, 0x44, 0x44, 0x44, 0x55, 0x66, 0x67, 0x76, 0x55, 
	0x66, 0x66, 0x66, 0x66, 0x66, 0x67, 0x77, 0x78, 0x88, 0x87, 0x65, 0x45, 0x67, 0x78, 0x99, 
	0x99, 0x99, 0x87, 0x77, 0x66, 0x77, 0x66, 0x66, 0x77, 0x89, 0x99, 0xAA, 0x99, 0x98, 0x88, 
	0x88, 0x88, 0x88, 0x87, 0x77, 0x77, 0x66, 0x55, 0x44, 0x44, 0x43, 0x34, 0x45, 0x66, 0x55, 
	0x67, 0x78, 0x88, 0x99, 0xAA, 0xAA, 0xAB, 0xBB, 0xCB, 0xA9, 0x99, 0x9A, 0xAB, 0xBB, 0xBC, 
	0xDC, 0x84, 0x45, 0x89, 0x88, 0x78, 0x9B, 0xCC, 0xCC, 0xBB, 0xA9, 0x88, 0x89, 0xAA, 0x98, 
	0x99, 0x87, 0x77, 0x67, 0x76, 0x66, 0x67, 0x76, 0x66, 0x66, 0x77, 0x77, 0x88, 0x88, 0x80, 
	0x07, 0x78, 0x88, 0x88, 0x89, 0x99, 0xAA, 0xAA, 0xAA, 0xAA, 0xAA, 0xAA, 0xAA, 0xAA, 0xAA, 
	0xAA, 0xBB, 0xBB, 0xBB, 0xBC, 0xCC, 0xCC, 0xCC, 0xCC, 0xCC, 0xCB, 0xBC, 0xCC, 0xCC, 0xCC, 
	0xCC, 0xCC, 0xCC, 0xCC, 0xCC, 0xCC, 0xCC, 0xCC, 0xCD, 0xDC, 0xCC, 0xCD, 0xDD, 0xDD, 0xDD, 
	0xCC, 0xCC, 0xCC, 0xCC, 0xCC, 0xCC, 0xCD, 0xDD, 0xDD, 0xDD, 0xDD, 0xDD, 0xDC, 0xCC, 0xCC, 
	0xCC, 0xCD, 0xDD, 0xDD, 0xDD, 0xDD, 0xDD, 0xDD, 0xDC, 0xCC, 0xDD, 0xDE, 0xDE, 0xDE, 0xDD, 
	0xCB, 0xAB, 0xBC, 0xCD, 0xDD, 0xDC, 0xCC, 0xCB, 0xA9, 0x88, 0x77, 0x77, 0x89, 0x88, 0x76, 
	0x65, 0x56, 0x66, 0x54, 0x43, 0x44, 0x56, 0x77, 0x77, 0x77, 0x77, 0x77, 0x77, 0x77, 0x78, 
	0x88, 0x88, 0x88, 0x88, 0x88, 0x88, 0x88, 0x88, 0x88, 0x88, 0x88, 0x88, 0x88, 0x89, 0x88, 
	0x99, 0x88, 0x88, 0x77, 0x55, 0x56, 0x66, 0x77, 0x77, 0x77, 0x77, 0x77, 0x77, 0x77, 0x88, 
	0x88, 0x88, 0x88, 0x78, 0x86, 0x56, 0x56, 0x66, 0x66, 0x77, 0x76, 0x66, 0x65, 0x44, 0x53, 
	0x32, 0x22, 0x22, 0x22, 0x33, 0x33, 0x22, 0x22, 0x24, 0x58, 0x97, 0x55, 0x66, 0x67, 0x88, 
	0x99, 0x99, 0x87, 0x78, 0x88, 0x88, 0x88, 0x77, 0x77, 0x77, 0x77, 0x66, 0x56, 0x9B, 0xA9, 
	0x9B, 0xCB, 0x87, 0x88, 0x89, 0x97, 0x65, 0x44, 0x44, 0x54, 0x57, 0x8B, 0x98, 0x87, 0x77, 
	0x76, 0x54, 0x45, 0x55, 0x55, 0x55, 0x44, 0x33, 0x33, 0x44, 0x45, 0x56, 0x67, 0x77, 0x66, 
	0x77, 0x76, 0x66, 0x55, 0x65, 0x67, 0x77, 0x77, 0x77, 0x77, 0x65, 0x45, 0x66, 0x77, 0x88, 
	0x99, 0xA9, 0x98, 0x77, 0x77, 0x77, 0x77, 0x77, 0x78, 0x88, 0x99, 0x99, 0xAA, 0xA9, 0x99, 
	0x98, 0x88, 0x88, 0x88, 0x77, 0x77, 0x76, 0x67, 0x76, 0x55, 0x54, 0x32, 0x23, 0x56, 0x66, 
	0x77, 0x78, 0x88, 0x99, 0x9A, 0xAA, 0xBB, 0xBB, 0xCB, 0xA9, 0x99, 0x9A, 0xAB, 0xBB, 0xCC, 
	0xDB, 0x64, 0x55, 0x8A, 0x97, 0x79, 0x99, 0xBC, 0xCC, 0xBB, 0xA9, 0x88, 0x99, 0xAA, 0xA9, 
	0x99, 0x99, 0x88, 0x77, 0x77, 0x77, 0x78, 0x76, 0x55, 0x55, 0x56, 0x67, 0x78, 0x88, 0x80, 
	0x07, 0x78, 0x88, 0x88, 0x89, 0x99, 0x9A, 0xAA, 0xAA, 0xAA, 0xAA, 0xAA, 0xAA, 0xAA, 0xAA, 
	0xAA, 0xBB, 0xBB, 0xBB, 0xBC, 0xCC, 0xCC, 0xCC, 0xCC, 0xCC, 0xCB, 0xBC, 0xCC, 0xCC, 0xCC, 
	0xCC, 0xCC, 0xCC, 0xCC, 0xCC, 0xCC, 0xCC, 0xCC, 0xCD, 0xDC, 0xCC, 0xCD, 0xDD, 0xDD, 0xDD, 
	0xCC, 0xCC, 0xCC, 0xCC, 0xCC, 0xCC, 0xCD, 0xDD, 0xDD, 0xDD, 0xDD, 0xDD, 0xDC, 0xCC, 0xCC, 
	0xCC, 0xCD, 0xDD, 0xDD, 0xDD, 0xDD, 0xDD, 0xDD, 0xDC, 0xCC, 0xDD, 0xDE, 0xDE, 0xEE, 0xDD, 
	0xCB, 0xAB, 0xCC, 0xDD, 0xDD, 0xDD, 0xDD, 0xDC, 0xBA, 0x87, 0x67, 0x78, 0x89, 0x98, 0x76, 
	0x55, 0x56, 0x66, 0x54, 0x44, 0x45, 0x56, 0x77, 0x77, 0x77, 0x77, 0x77, 0x77, 0x78, 0x78, 
	0x88, 0x88, 0x88, 0x88, 0x88, 0x88, 0x88, 0x88, 0x88, 0x88, 0x88, 0x88, 0x88, 0x88, 0x89, 
	0x88, 0x88, 0x87, 0x65, 0x55, 0x66, 0x66, 0x77, 0x77, 0x77, 0x77, 0x77, 0x77, 0x77, 0x88, 
	0x88, 0x89, 0x88, 0x87, 0x87, 0x56, 0x56, 0x66, 0x66, 0x77, 0x77, 0x76, 0x65, 0x44, 0x44, 
	0x33, 0x33, 0x23, 0x22, 0x22, 0x34, 0x32, 0x23, 0x46, 0x79, 0xB7, 0x45, 0x56, 0x67, 0x89, 
	0x99, 0x98, 0x87, 0x78, 0x87, 0x77, 0x88, 0x88, 0x78, 0x88, 0x77, 0x77, 0x66, 0x9B, 0xA9, 
	0x9B, 0xBA, 0x87, 0x88, 0x98, 0x86, 0x44, 0x44, 0x45, 0x55, 0x45, 0x8B, 0xA8, 0x88, 0x77, 
	0x66, 0x54, 0x45, 0x55, 0x55, 0x54, 0x43, 0x34, 0x43, 0x34, 0x44, 0x56, 0x67, 0x76, 0x76, 
	0x66, 0x54, 0x55, 0x45, 0x55, 0x67, 0x77, 0x77, 0x77, 0x76, 0x65, 0x35, 0x66, 0x77, 0x78, 
	0x88, 0x99, 0x99, 0x98, 0x98, 0x88, 0x89, 0x99, 0x99, 0x99, 0x99, 0xA9, 0x98, 0x88, 0x88, 
	0x89, 0x99, 0x88, 0x88, 0x88, 0x77, 0x65, 0x55, 0x55, 0x66, 0x66, 0x54, 0x33, 0x34, 0x56, 
	0x78, 0x78, 0x88, 0x99, 0x9A, 0xAA, 0xAB, 0xBB, 0xCB, 0x99, 0xA9, 0x99, 0xAB, 0xBC, 0xDD, 
	0xDC, 0x65, 0x56, 0x8A, 0x97, 0x79, 0x9A, 0xBC, 0xCB, 0xBA, 0xA9, 0x77, 0x89, 0xAA, 0xAA, 
	0xAA, 0xA9, 0x88, 0x88, 0x88, 0x88, 0x88, 0x87, 0x66, 0x66, 0x66, 0x67, 0x78, 0x88, 0x80, 
	0x07, 0x78, 0x88, 0x88, 0x88, 0x99, 0x9A, 0xAA, 0xAA, 0xAA, 0xAA, 0xAA, 0xAA, 0xAA, 0xAA, 
	0xAA, 0xAB, 0xBB, 0xBB, 0xBC, 0xCC, 0xCC, 0xCC, 0xCC, 0xCC, 0xCB, 0xBC, 0xCC, 0xCC, 0xCC, 
	0xCC, 0xCC, 0xCC, 0xCC, 0xCC, 0xCC, 0xCC, 0xCC, 0xCD, 0xDC, 0xCC, 0xCC, 0xDD, 0xDD, 0xDD, 
	0xCC, 0xCC, 0xCC, 0xCC, 0xCC, 0xCC, 0xCD, 0xDD, 0xDD, 0xDD, 0xDD, 0xDD, 0xDC, 0xCC, 0xCC, 
	0xCC, 0xCD, 0xDD, 0xDD, 0xDD, 0xDD, 0xDD, 0xDD, 0xDC, 0xBC, 0xCD, 0xDE, 0xEE, 0xEE, 0xDD, 
	0xCB, 0xAA, 0xBC, 0xDD, 0xDD, 0xDD, 0xDD, 0xDD, 0xCA, 0x98, 0x67, 0x88, 0x89, 0x98, 0x76, 
	0x55, 0x66, 0x66, 0x54, 0x55, 0x55, 0x56, 0x66, 0x77, 0x77, 0x77, 0x77, 0x77, 0x77, 0x88, 
	0x88, 0x88, 0x88, 0x88, 0x88, 0x88, 0x88, 0x88, 0x88, 0x88, 0x88, 0x98, 0x88, 0x88, 0x88, 
	0x88, 0x87, 0x65, 0x66, 0x66, 0x66, 0x77, 0x77, 0x77, 0x77, 0x77, 0x77, 0x77, 0x88, 0x77, 
	0x88, 0x89, 0x88, 0x86, 0x78, 0x55, 0x56, 0x66, 0x66, 0x77, 0x77, 0x77, 0x66, 0x54, 0x35, 
	0x43, 0x33, 0x32, 0x22, 0x21, 0x23, 0x33, 0x34, 0x56, 0x79, 0xB7, 0x55, 0x56, 0x66, 0x89, 
	0x99, 0x98, 0x88, 0x77, 0x77, 0x66, 0x88, 0x88, 0x88, 0x88, 0x88, 0x77, 0x77, 0x9B, 0xA9, 
	0x9B, 0xBA, 0x87, 0x88, 0x88, 0x64, 0x45, 0x44, 0x55, 0x54, 0x44, 0x49, 0xB9, 0x88, 0x77, 
	0x65, 0x54, 0x44, 0x44, 0x44, 0x44, 0x44, 0x44, 0x44, 0x44, 0x55, 0x55, 0x66, 0x55, 0x55, 
	0x44, 0x44, 0x55, 0x45, 0x66, 0x77, 0x77, 0x66, 0x67, 0x76, 0x65, 0x34, 0x66, 0x77, 0x78, 
	0x88, 0x88, 0x88, 0x98, 0x88, 0x88, 0x88, 0x99, 0x99, 0x99, 0x99, 0xAA, 0x99, 0x98, 0x87, 
	0x66, 0x66, 0x78, 0x87, 0x77, 0x77, 0x77, 0x66, 0x54, 0x44, 0x44, 0x56, 0x66, 0x55, 0x66, 
	0x77, 0x88, 0x88, 0x99, 0x9A, 0xAA, 0xAB, 0xBC, 0xCB, 0xA9, 0xA9, 0x99, 0xAB, 0xBD, 0xDE, 
	0xEE, 0x97, 0x88, 0x89, 0x98, 0x78, 0x9A, 0xBC, 0xBB, 0xBA, 0x98, 0x77, 0x89, 0x99, 0xAA, 
	0xAA, 0xA9, 0x88, 0x88, 0x88, 0x99, 0x99, 0x88, 0x88, 0x87, 0x77, 0x88, 0x88, 0x88, 0x80, 
	0x07, 0x78, 0x88, 0x88, 0x88, 0x99, 0x9A, 0xAA, 0xAA, 0xAA, 0xAA, 0xAA, 0xAA, 0xAA, 0xAA, 
	0xAA, 0xAB, 0xBB, 0xBB, 0xBC, 0xCC, 0xCC, 0xCC, 0xCC, 0xCC, 0xCB, 0xBC, 0xCC, 0xCC, 0xCC, 
	0xCC, 0xCC, 0xCC, 0xCC, 0xCC, 0xCC, 0xCC, 0xCC, 0xCD, 0xCC, 0xCC, 0xCC, 0xDD, 0xDD, 0xDD, 
	0xCC, 0xCC, 0xCC, 0xCC, 0xCC, 0xCC, 0xCD, 0xDD, 0xDD, 0xDD, 0xDD, 0xDD, 0xDC, 0xCC, 0xCC, 
	0xCD, 0xDD, 0xDD, 0xDD, 0xDD, 0xDD, 0xDD, 0xDD, 0xDC, 0xBB, 0xCD, 0xDE, 0xEE, 0xEE, 0xDD, 
	0xCB, 0xAA, 0xBC, 0xDD, 0xDD, 0xED, 0xDD, 0xDD, 0xCA, 0x97, 0x77, 0x88, 0x89, 0x98, 0x76, 
	0x56, 0x67, 0x66, 0x55, 0x55, 0x55, 0x55, 0x56, 0x66, 0x77, 0x77, 0x77, 0x77, 0x77, 0x88, 
	0x88, 0x88, 0x88, 0x88, 0x88, 0x88, 0x88, 0x88, 0x88, 0x88, 0x88, 0x89, 0x98, 0x88, 0x99, 
	0x87, 0x66, 0x66, 0x66, 0x66, 0x67, 0x88, 0x88, 0x87, 0x87, 0x78, 0x87, 0x77, 0x88, 0x77, 
	0x88, 0x88, 0x88, 0x76, 0x68, 0x75, 0x66, 0x66, 0x67, 0x76, 0x66, 0x66, 0x66, 0x54, 0x44, 
	0x43, 0x32, 0x22, 0x22, 0x22, 0x22, 0x34, 0x55, 0x56, 0x79, 0xA7, 0x55, 0x56, 0x66, 0x79, 
	0x98, 0x88, 0x88, 0x77, 0x77, 0x66, 0x78, 0x88, 0x88, 0x88, 0x88, 0x87, 0x77, 0xAB, 0xB9, 
	0x9B, 0xBB, 0x88, 0x88, 0x97, 0x68, 0x74, 0x44, 0x55, 0x44, 0x55, 0x59, 0xCA, 0x98, 0x77, 
	0x66, 0x54, 0x44, 0x44, 0x44, 0x44, 0x45, 0x55, 0x55, 0x55, 0x65, 0x55, 0x55, 0x55, 0x55, 
	0x56, 0x55, 0x66, 0x66, 0x67, 0x76, 0x66, 0x66, 0x66, 0x66, 0x65, 0x44, 0x56, 0x77, 0x78, 
	0x88, 0x88, 0x88, 0x88, 0x78, 0x89, 0x88, 0x88, 0x88, 0x99, 0x99, 0x99, 0x98, 0x89, 0x88, 
	0x87, 0x77, 0x77, 0x77, 0x87, 0x76, 0x54, 0x45, 0x55, 0x65, 0x43, 0x33, 0x45, 0x66, 0x77, 
	0x77, 0x88, 0x88, 0x99, 0x9A, 0xAA, 0xBB, 0xBB, 0xCB, 0xAA, 0x99, 0x99, 0xAB, 0xCD, 0xEE, 
	0xFE, 0xB9, 0xBB, 0xA9, 0x98, 0x78, 0xAB, 0xBB, 0xBB, 0xBA, 0x99, 0x77, 0x89, 0x9A, 0xAB, 
	0xBA, 0xA9, 0x98, 0x88, 0x89, 0x99, 0x9A, 0x99, 0x99, 0x99, 0x88, 0x99, 0x99, 0x88, 0x80, 
	0x07, 0x77, 0x88, 0x88, 0x89, 0x99, 0x9A, 0xAA, 0xAA, 0xAA, 0xAA, 0xAA, 0xAA, 0xAA, 0xAA, 
	0xAA, 0xAB, 0xBB, 0xBB, 0xBC, 0xCC, 0xCC, 0xCC, 0xCC, 0xCC, 0xCC, 0xCC, 0xCC, 0xCC, 0xCC, 
	0xCC, 0xCC, 0xCC, 0xCC, 0xCC, 0xCC, 0xCC, 0xCC, 0xCC, 0xCC, 0xCC, 0xCC, 0xDD, 0xDD, 0xDD, 
	0xDC, 0xCC, 0xCC, 0xCC, 0xCC, 0xCC, 0xCD, 0xDD, 0xDD, 0xDD, 0xDD, 0xDD, 0xDC, 0xCC, 0xCC, 
	0xDD, 0xDD, 0xDD, 0xDD, 0xDD, 0xDD, 0xDD, 0xDD, 0xDC, 0xBC, 0xCD, 0xDE, 0xEE, 0xDE, 0xDD, 
	0xDB, 0xAA, 0xAB, 0xCD, 0xDD, 0xDD, 0xDD, 0xDC, 0xBA, 0x98, 0x87, 0x77, 0x89, 0x98, 0x86, 
	0x66, 0x77, 0x66, 0x66, 0x65, 0x56, 0x56, 0x66, 0x66, 0x66, 0x67, 0x77, 0x77, 0x78, 0x88, 
	0x88, 0x88, 0x88, 0x88, 0x88, 0x88, 0x88, 0x88, 0x88, 0x88, 0x88, 0x99, 0x88, 0x99, 0x87, 
	0x66, 0x66, 0x66, 0x66, 0x66, 0x77, 0x89, 0x99, 0x88, 0x88, 0x88, 0x87, 0x77, 0x88, 0x88, 
	0x88, 0x99, 0x98, 0x76, 0x67, 0x85, 0x66, 0x66, 0x67, 0x66, 0x66, 0x66, 0x76, 0x65, 0x44, 
	0x44, 0x22, 0x22, 0x22, 0x22, 0x22, 0x34, 0x55, 0x67, 0x78, 0xA7, 0x45, 0x55, 0x67, 0x78, 
	0x98, 0x88, 0x88, 0x77, 0x77, 0x77, 0x89, 0x98, 0x88, 0x88, 0x88, 0x77, 0x78, 0xAB, 0xB9, 
	0x9B, 0xBB, 0x98, 0x88, 0x87, 0xCE, 0xD7, 0x44, 0x44, 0x54, 0x56, 0x9D, 0xDA, 0x88, 0x76, 
	0x66, 0x65, 0x55, 0x44, 0x44, 0x45, 0x56, 0x66, 0x66, 0x66, 0x55, 0x55, 0x67, 0x76, 0x66, 
	0x66, 0x66, 0x66, 0x66, 0x67, 0x66, 0x66, 0x77, 0x76, 0x66, 0x65, 0x34, 0x56, 0x77, 0x78, 
	0x88, 0x99, 0x89, 0x99, 0x88, 0x99, 0x89, 0x88, 0x89, 0x99, 0xAA, 0xA9, 0x98, 0x87, 0x76, 
	0x66, 0x77, 0x77, 0x78, 0x77, 0x88, 0x75, 0x44, 0x33, 0x44, 0x45, 0x54, 0x33, 0x45, 0x67, 
	0x78, 0x78, 0x89, 0x99, 0x9A, 0xAA, 0xBB, 0xBB, 0xCB, 0xAA, 0x99, 0x99, 0xBB, 0xCE, 0xEE, 
	0xEE, 0xCC, 0xED, 0xBA, 0x98, 0x89, 0xBC, 0xCB, 0xBB, 0xAA, 0x99, 0x88, 0x99, 0xAA, 0xAA, 
	0xAA, 0x9A, 0x98, 0x88, 0x99, 0x9A, 0xAA, 0xAA, 0xAA, 0xAA, 0x99, 0x9A, 0x99, 0x98, 0x80, 
	0x07, 0x77, 0x88, 0x88, 0x88, 0x99, 0x9A, 0xAA, 0xAA, 0xAA, 0xAA, 0xAA, 0xAA, 0xAA, 0xAA, 
	0xAA, 0xAB, 0xBB, 0xBB, 0xBC, 0xCC, 0xCC, 0xCC, 0xCC, 0xCC, 0xCC, 0xCC, 0xCC, 0xCC, 0xCC, 
	0xCC, 0xCC, 0xCC, 0xCC, 0xCC, 0xCC, 0xCC, 0xCC, 0xCC, 0xCC, 0xCC, 0xCC, 0xDD, 0xDD, 0xDD, 
	0xDC, 0xCC, 0xCC, 0xCC, 0xCC, 0xCC, 0xCC, 0xDD, 0xDD, 0xDD, 0xDD, 0xDD, 0xDD, 0xCC, 0xCC, 
	0xDD, 0xDD, 0xDD, 0xDD, 0xDD, 0xDD, 0xDD, 0xDD, 0xDC, 0xBC, 0xDD, 0xEE, 0xEE, 0xDD, 0xDD, 
	0xDB, 0xA9, 0xAB, 0xCC, 0xDD, 0xDD, 0xDD, 0xDC, 0xBA, 0x99, 0x88, 0x78, 0x88, 0x88, 0x98, 
	0x77, 0x77, 0x67, 0x66, 0x66, 0x66, 0x66, 0x76, 0x66, 0x66, 0x66, 0x77, 0x77, 0x77, 0x77, 
	0x88, 0x88, 0x88, 0x88, 0x88, 0x88, 0x88, 0x88, 0x88, 0x89, 0x88, 0x89, 0x98, 0x87, 0x76, 
	0x66, 0x66, 0x66, 0x77, 0x77, 0x77, 0x89, 0x99, 0x98, 0x98, 0x88, 0x87, 0x77, 0x78, 0x88, 
	0x89, 0x99, 0x98, 0x66, 0x66, 0x86, 0x56, 0x66, 0x66, 0x66, 0x66, 0x77, 0x76, 0x66, 0x54, 
	0x34, 0x33, 0x22, 0x22, 0x22, 0x23, 0x44, 0x45, 0x67, 0x89, 0xB7, 0x45, 0x55, 0x66, 0x78, 
	0x88, 0x99, 0x98, 0x77, 0x78, 0x99, 0xAA, 0x98, 0x78, 0x88, 0x88, 0x87, 0x78, 0xAB, 0xB9, 
	0x9B, 0xBB, 0x98, 0x76, 0x69, 0xEE, 0xEA, 0x44, 0x44, 0x44, 0x55, 0xBE, 0xDB, 0x87, 0x76, 
	0x66, 0x65, 0x55, 0x55, 0x56, 0x55, 0x66, 0x55, 0x55, 0x55, 0x66, 0x66, 0x66, 0x67, 0x67, 
	0x66, 0x66, 0x55, 0x65, 0x56, 0x66, 0x77, 0x76, 0x66, 0x66, 0x64, 0x33, 0x46, 0x67, 0x77, 
	0x78, 0x88, 0x99, 0x99, 0x99, 0x99, 0x99, 0x99, 0x99, 0x9A, 0xAA, 0xAA, 0x99, 0x99, 0x88, 
	0x76, 0x66, 0x66, 0x66, 0x76, 0x67, 0x78, 0x76, 0x43, 0x22, 0x22, 0x33, 0x44, 0x56, 0x67, 
	0x67, 0x78, 0x89, 0x9A, 0xAA, 0xAA, 0xAB, 0xBC, 0xCB, 0xAA, 0x99, 0x9A, 0xBB, 0xDE, 0xED, 
	0xDD, 0xDE, 0xFE, 0xCA, 0xAA, 0x9A, 0xBB, 0xBB, 0xAA, 0xAA, 0x9A, 0x98, 0x99, 0xAA, 0xAA, 
	0xAA, 0xAA, 0x98, 0x89, 0x9A, 0xAA, 0xAB, 0xAA, 0xAA, 0xAA, 0xAA, 0x9A, 0x99, 0x98, 0x80, 
	0x07, 0x77, 0x88, 0x88, 0x88, 0x99, 0x9A, 0xAA, 0xAA, 0xAA, 0xAA, 0xAA, 0xAA, 0xAA, 0xAA, 
	0xAA, 0xAB, 0xBB, 0xBB, 0xBC, 0xCC, 0xBC, 0xCC, 0xCC, 0xCC, 0xCC, 0xCC, 0xCC, 0xCC, 0xCC, 
	0xCC, 0xCC, 0xCC, 0xCC, 0xCC, 0xCC, 0xCC, 0xCC, 0xCD, 0xCC, 0xDD, 0xCC, 0xDD, 0xDD, 0xDD, 
	0xDC, 0xCC, 0xCC, 0xCC, 0xCC, 0xCC, 0xCC, 0xDD, 0xDD, 0xDD, 0xDD, 0xDD, 0xDD, 0xCC, 0xCC, 
	0xDD, 0xDD, 0xDD, 0xDD, 0xDD, 0xDD, 0xDD, 0xDD, 0xCC, 0xBC, 0xDD, 0xEE, 0xEE, 0xDD, 0xDD, 
	0xDB, 0xA9, 0xAB, 0xBC, 0xCC, 0xDC, 0xDD, 0xCB, 0xA9, 0x99, 0x99, 0x98, 0x88, 0x88, 0x99, 
	0x87, 0x77, 0x77, 0x77, 0x77, 0x67, 0x67, 0x76, 0x76, 0x77, 0x66, 0x66, 0x77, 0x77, 0x77, 
	0x88, 0x88, 0x88, 0x88, 0x88, 0x88, 0x88, 0x88, 0x88, 0x99, 0x98, 0x88, 0x77, 0x76, 0x66, 
	0x67, 0x77, 0x76, 0x78, 0x88, 0x88, 0x89, 0xAA, 0x98, 0x99, 0x99, 0x88, 0x77, 0x78, 0x88, 
	0x88, 0x99, 0x98, 0x75, 0x65, 0x87, 0x66, 0x66, 0x67, 0x76, 0x77, 0x77, 0x76, 0x66, 0x54, 
	0x33, 0x54, 0x22, 0x22, 0x22, 0x34, 0x34, 0x46, 0x67, 0x89, 0xA7, 0x55, 0x55, 0x66, 0x78, 
	0x99, 0x9A, 0xA9, 0x88, 0x89, 0xBB, 0xBB, 0xA8, 0x78, 0x88, 0x99, 0xA9, 0x98, 0xAB, 0xA9, 
	0x9B, 0xBB, 0x98, 0x65, 0x57, 0xDF, 0xEB, 0x74, 0x44, 0x44, 0x54, 0x7E, 0xEC, 0x98, 0x87, 
	0x76, 0x66, 0x66, 0x65, 0x44, 0x55, 0x55, 0x55, 0x65, 0x56, 0x65, 0x56, 0x66, 0x67, 0x76, 
	0x55, 0x55, 0x55, 0x66, 0x66, 0x67, 0x66, 0x66, 0x66, 0x65, 0x54, 0x33, 0x35, 0x56, 0x77, 
	0x77, 0x88, 0x88, 0x88, 0x89, 0x99, 0x98, 0x99, 0x99, 0x9A, 0xAA, 0x99, 0x99, 0x98, 0x88, 
	0x77, 0x76, 0x66, 0x55, 0x55, 0x55, 0x55, 0x67, 0x77, 0x52, 0x12, 0x21, 0x13, 0x46, 0x77, 
	0x78, 0x88, 0x89, 0x9A, 0xAA, 0xAA, 0xBB, 0xBC, 0xBA, 0x99, 0x99, 0x9A, 0xBB, 0xCE, 0xDD, 
	0xDC, 0xEF, 0xFF, 0xDB, 0xAA, 0xAA, 0xBB, 0xBB, 0xAA, 0xA9, 0x9A, 0x99, 0x99, 0x9A, 0xAA, 
	0x9A, 0xAA, 0x98, 0x89, 0xAA, 0xAA, 0xAB, 0xBA, 0xAA, 0xAA, 0xAA, 0xAA, 0xA9, 0x98, 0x80, 
	0x07, 0x77, 0x88, 0x88, 0x89, 0x99, 0x99, 0xAA, 0xAA, 0xAA, 0xAA, 0xAA, 0xAA, 0xAA, 0xAA, 
	0xAA, 0xAB, 0xBB, 0xBB, 0xBC, 0xCC, 0xCC, 0xCC, 0xCC, 0xCC, 0xCB, 0xBC, 0xCC, 0xCC, 0xCC, 
	0xCC, 0xCC, 0xCC, 0xCC, 0xCC, 0xCC, 0xCC, 0xCC, 0xCC, 0xCC, 0xCC, 0xCC, 0xDD, 0xDD, 0xDD, 
	0xDC, 0xCC, 0xCC, 0xCC, 0xCC, 0xCC, 0xCC, 0xDD, 0xDD, 0xDD, 0xDD, 0xDD, 0xDD, 0xCC, 0xCC, 
	0xDD, 0xDD, 0xDD, 0xDD, 0xDD, 0xDD, 0xDD, 0xDD, 0xCC, 0xBC, 0xCD, 0xEE, 0xEE, 0xED, 0xDD, 
	0xCB, 0xAA, 0xAA, 0xBB, 0xBB, 0xBC, 0xCB, 0xBA, 0xA9, 0x98, 0x89, 0x87, 0x77, 0x89, 0x98, 
	0x87, 0x77, 0x77, 0x77, 0x77, 0x77, 0x77, 0x77, 0x77, 0x77, 0x77, 0x66, 0x66, 0x67, 0x77, 
	0x87, 0x77, 0x88, 0x88, 0x88, 0x88, 0x88, 0x98, 0x89, 0x88, 0x88, 0x76, 0x67, 0x77, 0x66, 
	0x77, 0x77, 0x77, 0x88, 0x99, 0x99, 0x99, 0xA9, 0x99, 0x99, 0x99, 0x88, 0x87, 0x77, 0x87, 
	0x88, 0x88, 0x88, 0x76, 0x55, 0x78, 0x66, 0x66, 0x66, 0x66, 0x66, 0x77, 0x77, 0x76, 0x54, 
	0x43, 0x34, 0x32, 0x22, 0x22, 0x33, 0x33, 0x55, 0x66, 0x79, 0xA7, 0x55, 0x55, 0x56, 0x78, 
	0xAA, 0xAA, 0xAA, 0x99, 0x9A, 0xBC, 0xDC, 0xB9, 0x98, 0x89, 0x9A, 0xBB, 0xBA, 0xAB, 0xB9, 
	0x9B, 0xBB, 0x97, 0x55, 0x56, 0x9B, 0xBA, 0x95, 0x44, 0x45, 0x99, 0x68, 0xBC, 0xB9, 0x77, 
	0x67, 0x66, 0x65, 0x54, 0x44, 0x54, 0x56, 0x65, 0x55, 0x55, 0x55, 0x55, 0x57, 0x77, 0x65, 
	0x66, 0x66, 0x66, 0x77, 0x66, 0x66, 0x66, 0x66, 0x66, 0x54, 0x33, 0x44, 0x33, 0x44, 0x56, 
	0x77, 0x78, 0x88, 0x88, 0x88, 0x88, 0x88, 0x99, 0x99, 0x9A, 0xAA, 0x99, 0x99, 0x88, 0x76, 
	0x66, 0x77, 0x77, 0x66, 0x55, 0x55, 0x54, 0x44, 0x44, 0x67, 0x63, 0x22, 0x23, 0x45, 0x67, 
	0x88, 0x88, 0x88, 0x99, 0xAA, 0xAA, 0xBB, 0xBC, 0xB9, 0x99, 0x99, 0xAA, 0xBB, 0xBD, 0xDC, 
	0xCD, 0xFF, 0xFF, 0xEB, 0xBB, 0xAA, 0xAB, 0xBA, 0x99, 0x99, 0x99, 0x99, 0x99, 0xAA, 0xAA, 
	0x9A, 0xA9, 0x99, 0xAA, 0xAA, 0xAA, 0xAA, 0xBA, 0xAA, 0xAA, 0xAA, 0x9A, 0xA9, 0x99, 0x80, 
	0x07, 0x77, 0x88, 0x88, 0x88, 0x99, 0x99, 0xAA, 0xAA, 0xAA, 0xAA, 0xAA, 0xAA, 0xAA, 0xAA, 
	0xAA, 0xAB, 0xBB, 0xBB, 0xBC, 0xCC, 0xCC, 0xCC, 0xCC, 0xCC, 0xCB, 0xBC, 0xCC, 0xCC, 0xCC, 
	0xCC, 0xCC, 0xCC, 0xCC, 0xCC, 0xCC, 0xCC, 0xCC, 0xCC, 0xCC, 0xCC, 0xCC, 0xDD, 0xDD, 0xDD, 
	0xDC, 0xCC, 0xCC, 0xCC, 0xCC, 0xCC, 0xCC, 0xDD, 0xDD, 0xDD, 0xDD, 0xDD, 0xDD, 0xCC, 0xCC, 
	0xDD, 0xDD, 0xDD, 0xDD, 0xDD, 0xDD, 0xDD, 0xDD, 0xCB, 0xBB, 0xCD, 0xEE, 0xEE, 0xED, 0xDD, 
	0xDB, 0xAA, 0xAA, 0xAB, 0xBB, 0xBB, 0xBA, 0x99, 0x99, 0x88, 0x88, 0x87, 0x77, 0x89, 0x97, 
	0x77, 0x77, 0x77, 0x77, 0x77, 0x77, 0x77, 0x77, 0x77, 0x77, 0x77, 0x77, 0x77, 0x66, 0x66, 
	0x77, 0x77, 0x77, 0x88, 0x88, 0x88, 0x88, 0x88, 0x88, 0x88, 0x88, 0x77, 0x77, 0x77, 0x76, 
	0x77, 0x77, 0x77, 0x89, 0x9A, 0xAA, 0xAA, 0xA9, 0x9A, 0xAA, 0xA9, 0x98, 0x88, 0x87, 0x88, 
	0x88, 0x77, 0x77, 0x76, 0x66, 0x68, 0x66, 0x66, 0x66, 0x66, 0x66, 0x77, 0x77, 0x77, 0x65, 
	0x44, 0x33, 0x43, 0x22, 0x22, 0x22, 0x34, 0x44, 0x45, 0x68, 0xA7, 0x55, 0x55, 0x56, 0x89, 
	0xAA, 0xAA, 0xAA, 0xAA, 0xAA, 0xCE, 0xED, 0xCA, 0xA9, 0x99, 0x9A, 0xBC, 0xCB, 0xBB, 0xB9, 
	0x9B, 0xBB, 0x97, 0x65, 0x66, 0x89, 0xAA, 0x85, 0x44, 0x48, 0xBB, 0x84, 0x7B, 0xC9, 0x88, 
	0x76, 0x66, 0x55, 0x55, 0x55, 0x44, 0x45, 0x55, 0x55, 0x55, 0x55, 0x56, 0x76, 0x77, 0x76, 
	0x77, 0x66, 0x76, 0x66, 0x66, 0x66, 0x66, 0x66, 0x55, 0x44, 0x44, 0x44, 0x44, 0x44, 0x45, 
	0x56, 0x77, 0x88, 0x88, 0x89, 0x99, 0x99, 0x99, 0x99, 0x9A, 0xAA, 0x99, 0x99, 0x88, 0x87, 
	0x76, 0x66, 0x66, 0x77, 0x76, 0x55, 0x54, 0x33, 0x32, 0x23, 0x56, 0x64, 0x33, 0x45, 0x66, 
	0x78, 0x88, 0x99, 0x99, 0xAA, 0xAA, 0xBB, 0xBC, 0xA8, 0x99, 0x99, 0xAA, 0xAA, 0xAB, 0xCC, 
	0xCC, 0xFF, 0xFF, 0xEC, 0xBA, 0xAA, 0x9A, 0xAA, 0x99, 0x98, 0x99, 0x99, 0x9A, 0xAA, 0xAA, 
	0x9A, 0x99, 0x99, 0xAA, 0xAA, 0xAA, 0xAB, 0xBA, 0xAA, 0xAA, 0xAA, 0x99, 0xA9, 0x98, 0x80, 
	0x07, 0x77, 0x78, 0x88, 0x88, 0x89, 0x99, 0xAA, 0xAA, 0xAA, 0xAA, 0xAA, 0xAA, 0xAA, 0xAA, 
	0xAA, 0xAB, 0xBB, 0xBB, 0xBB, 0xCC, 0xCC, 0xCC, 0xCC, 0xCC, 0xCC, 0xBB, 0xCC, 0xCC, 0xCC, 
	0xCC, 0xCC, 0xCC, 0xCC, 0xCC, 0xCC, 0xCC, 0xCC, 0xCC, 0xCC, 0xCD, 0xCC, 0xDD, 0xDD, 0xDD, 
	0xDD, 0xCC, 0xCC, 0xCC, 0xCC, 0xCC, 0xCC, 0xCD, 0xDD, 0xDD, 0xDD, 0xDD, 0xDD, 0xCC, 0xCC, 
	0xDD, 0xDD, 0xDD, 0xDD, 0xDD, 0xDD, 0xDD, 0xDD, 0xCB, 0xAB, 0xDD, 0xDE, 0xEE, 0xED, 0xDD, 
	0xCC, 0xAA, 0xAA, 0xAA, 0xAA, 0xAA, 0xAA, 0x98, 0x88, 0x88, 0x88, 0x88, 0x77, 0x89, 0x87, 
	0x77, 0x77, 0x77, 0x77, 0x77, 0x77, 0x77, 0x77, 0x77, 0x77, 0x88, 0x77, 0x77, 0x77, 0x77, 
	0x77, 0x77, 0x77, 0x77, 0x77, 0x78, 0x88, 0x88, 0x99, 0x99, 0x99, 0x88, 0x78, 0x88, 0x77, 
	0x78, 0x88, 0x88, 0x89, 0x9A, 0xAA, 0xAA, 0xAA, 0xAA, 0xAA, 0x99, 0x76, 0x66, 0x66, 0x68, 
	0x87, 0x76, 0x66, 0x66, 0x66, 0x68, 0x66, 0x66, 0x66, 0x66, 0x67, 0x77, 0x77, 0x77, 0x76, 
	0x54, 0x33, 0x33, 0x22, 0x22, 0x23, 0x34, 0x43, 0x34, 0x57, 0x97, 0x55, 0x55, 0x56, 0x8A, 
	0xBA, 0xAB, 0xAA, 0xAB, 0xCD, 0xEF, 0xFE, 0xDB, 0xA9, 0x99, 0x99, 0xAB, 0xBB, 0xBB, 0xB9, 
	0x9B, 0xBB, 0xA7, 0x66, 0x67, 0x88, 0x98, 0x76, 0x55, 0x49, 0xBB, 0x97, 0x9B, 0xB9, 0x87, 
	0x76, 0x66, 0x66, 0x65, 0x44, 0x44, 0x44, 0x44, 0x55, 0x55, 0x56, 0x76, 0x56, 0x66, 0x77, 
	0x76, 0x66, 0x66, 0x66, 0x56, 0x66, 0x66, 0x65, 0x44, 0x44, 0x54, 0x55, 0x55, 0x55, 0x55, 
	0x55, 0x66, 0x78, 0x88, 0x89, 0x99, 0x99, 0x99, 0x99, 0xAA, 0xAA, 0x99, 0x99, 0x87, 0x77, 
	0x66, 0x65, 0x55, 0x66, 0x66, 0x77, 0x64, 0x32, 0x23, 0x31, 0x03, 0x55, 0x55, 0x55, 0x67, 
	0x77, 0x88, 0x89, 0x9A, 0xAA, 0xAA, 0xBB, 0xBC, 0xB9, 0x99, 0x99, 0xAA, 0x98, 0x89, 0xAB, 
	0xBC, 0xEF, 0xFE, 0xCB, 0xBA, 0x99, 0x99, 0x99, 0x99, 0x98, 0x99, 0xA9, 0xAA, 0xAA, 0xAA, 
	0x9A, 0x99, 0xAA, 0xBB, 0xAA, 0xAA, 0xAA, 0xBA, 0xAA, 0xAA, 0xAA, 0x99, 0x99, 0x98, 0x80, 
	0x07, 0x77, 0x78, 0x88, 0x88, 0x89, 0x99, 0xAA, 0xAA, 0xAA, 0xAA, 0xAA, 0xAA, 0xAA, 0xAA, 
	0xAA, 0xAB, 0xBB, 0xBB, 0xBB, 0xCC, 0xCC, 0xCC, 0xCC, 0xCC, 0xCC, 0xBB, 0xCC, 0xCC, 0xCC, 
	0xCC, 0xCC, 0xCC, 0xCC, 0xCC, 0xCC, 0xCC, 0xCC, 0xCC, 0xCC, 0xCD, 0xDC, 0xDD, 0xDD, 0xDD, 
	0xDD, 0xCC, 0xCC, 0xCC, 0xCC, 0xCC, 0xCC, 0xCD, 0xDD, 0xDD, 0xDD, 0xDD, 0xDD, 0xCC, 0xCC, 
	0xDD, 0xDD, 0xDD, 0xDD, 0xDD, 0xDD, 0xDD, 0xDD, 0xCB, 0xAB, 0xCD, 0xDE, 0xEE, 0xDD, 0xDD, 
	0xCC, 0xAA, 0xAB, 0xBB, 0xAA, 0xA9, 0x99, 0x98, 0x88, 0x98, 0x88, 0x88, 0x87, 0x89, 0x87, 
	0x76, 0x66, 0x77, 0x77, 0x77, 0x77, 0x77, 0x77, 0x77, 0x78, 0x88, 0x88, 0x88, 0x88, 0x88, 
	0x87, 0x78, 0x88, 0x88, 0x88, 0x88, 0x99, 0x89, 0x99, 0x99, 0x99, 0x88, 0x88, 0x88, 0x77, 
	0x88, 0x88, 0x99, 0x99, 0x9A, 0xA9, 0x9A, 0xAA, 0xAA, 0xAA, 0x98, 0x76, 0x55, 0x44, 0x57, 
	0x76, 0x66, 0x66, 0x66, 0x66, 0x57, 0x76, 0x66, 0x66, 0x66, 0x67, 0x77, 0x77, 0x77, 0x76, 
	0x54, 0x32, 0x33, 0x21, 0x23, 0x33, 0x33, 0x33, 0x34, 0x57, 0x76, 0x55, 0x55, 0x56, 0x9B, 
	0xBA, 0xAB, 0xBB, 0xBC, 0xDF, 0xFF, 0xFF, 0xDC, 0xA9, 0x99, 0x99, 0x9A, 0xAA, 0xBB, 0xB9, 
	0x9B, 0xBB, 0xA8, 0x67, 0x76, 0x77, 0x88, 0x87, 0x64, 0x46, 0x9A, 0x88, 0x9A, 0xBA, 0x87, 
	0x77, 0x66, 0x66, 0x55, 0x44, 0x55, 0x55, 0x54, 0x44, 0x56, 0x65, 0x56, 0x66, 0x66, 0x67, 
	0x66, 0x66, 0x66, 0x66, 0x66, 0x66, 0x55, 0x55, 0x55, 0x55, 0x65, 0x56, 0x66, 0x66, 0x66, 
	0x66, 0x66, 0x67, 0x77, 0x88, 0x99, 0x99, 0x99, 0xAA, 0xAA, 0xAA, 0xA9, 0x88, 0x87, 0x66, 
	0x55, 0x55, 0x55, 0x55, 0x55, 0x45, 0x56, 0x53, 0x23, 0x22, 0x22, 0x23, 0x56, 0x77, 0x77, 
	0x78, 0x88, 0x89, 0x99, 0xAA, 0xAA, 0xBB, 0xBC, 0xB9, 0x99, 0x99, 0xA9, 0x87, 0x77, 0x89, 
	0xAB, 0xCE, 0xED, 0xBB, 0xA9, 0x98, 0x88, 0x88, 0x89, 0x98, 0x9A, 0xA9, 0x99, 0x99, 0xAA, 
	0xAA, 0xAA, 0xBB, 0xCB, 0xAA, 0xAA, 0xAA, 0xBA, 0xAA, 0xAA, 0xAA, 0x99, 0x99, 0x98, 0x80, 
	0x07, 0x77, 0x78, 0x88, 0x88, 0x89, 0x99, 0xAA, 0xAA, 0xAA, 0xAA, 0xAA, 0xAA, 0xAA, 0xAA, 
	0xAA, 0xAB, 0xBB, 0xBB, 0xBB, 0xCC, 0xCC, 0xCC, 0xCC, 0xCC, 0xCC, 0xCB, 0xCC, 0xCC, 0xCC, 
	0xCC, 0xCC, 0xCC, 0xCC, 0xCC, 0xCC, 0xCC, 0xCC, 0xCC, 0xCC, 0xCD, 0xDC, 0xDD, 0xDD, 0xDD, 
	0xDD, 0xCC, 0xCC, 0xCC, 0xCC, 0xCC, 0xCC, 0xCD, 0xDD, 0xDD, 0xDD, 0xDD, 0xDD, 0xCC, 0xCC, 
	0xDD, 0xDD, 0xDD, 0xDD, 0xDD, 0xDD, 0xDD, 0xDD, 0xCB, 0xAB, 0xCC, 0xDD, 0xDD, 0xDD, 0xCC, 
	0xCB, 0xBA, 0xBB, 0xBB, 0xBB, 0xA9, 0x99, 0x99, 0x98, 0x99, 0x99, 0x98, 0x88, 0x99, 0x87, 
	0x66, 0x56, 0x77, 0x77, 0x77, 0x77, 0x88, 0x77, 0x77, 0x88, 0x88, 0x88, 0x88, 0x88, 0x88, 
	0x88, 0x88, 0x89, 0x98, 0x88, 0x99, 0x99, 0x99, 0x99, 0x99, 0x99, 0x88, 0x89, 0x88, 0x88, 
	0x88, 0x99, 0xAA, 0xAA, 0x9A, 0xAA, 0xAA, 0xA9, 0x99, 0xA9, 0x88, 0x75, 0x55, 0x54, 0x56, 
	0x56, 0x66, 0x66, 0x66, 0x66, 0x56, 0x86, 0x66, 0x67, 0x76, 0x66, 0x67, 0x77, 0x77, 0x76, 
	0x54, 0x32, 0x22, 0x21, 0x22, 0x22, 0x22, 0x23, 0x34, 0x56, 0x66, 0x55, 0x55, 0x56, 0x9B, 
	0xBA, 0xAB, 0xBB, 0xCE, 0xFF, 0xFF, 0xFF, 0xDC, 0xA9, 0x99, 0x99, 0x99, 0x99, 0xBB, 0xB9, 
	0x9A, 0xBB, 0xA7, 0x67, 0x77, 0x77, 0x78, 0x88, 0x65, 0x54, 0x56, 0x89, 0x88, 0xAA, 0x98, 
	0x77, 0x77, 0x66, 0x55, 0x55, 0x55, 0x55, 0x45, 0x56, 0x75, 0x56, 0x65, 0x56, 0x66, 0x66, 
	0x67, 0x66, 0x66, 0x66, 0x66, 0x65, 0x55, 0x55, 0x55, 0x65, 0x66, 0x66, 0x66, 0x67, 0x77, 
	0x77, 0x77, 0x77, 0x77, 0x88, 0x99, 0x99, 0x99, 0xAA, 0xAA, 0xAA, 0x99, 0x88, 0x77, 0x66, 
	0x65, 0x55, 0x55, 0x55, 0x55, 0x43, 0x34, 0x55, 0x43, 0x11, 0x23, 0x33, 0x46, 0x78, 0x88, 
	0x87, 0x88, 0x89, 0x99, 0xAA, 0xAA, 0xBB, 0xBC, 0xA7, 0x8A, 0xAA, 0xA8, 0x76, 0x67, 0x78, 
	0x99, 0x9B, 0xBB, 0xBA, 0x98, 0x88, 0x77, 0x88, 0x88, 0x99, 0x99, 0x99, 0x99, 0x99, 0x9A, 
	0xAB, 0xBB, 0xBC, 0xCB, 0xBA, 0xAA, 0xAB, 0xBB, 0xAA, 0xAA, 0xAA, 0x99, 0x99, 0x98, 0x80, 
	0x07, 0x77, 0x88, 0x88, 0x88, 0x89, 0x99, 0xAA, 0xAA, 0xAA, 0xAA, 0xAA, 0xAA, 0xAA, 0xAA, 
	0xAA, 0xAB, 0xBB, 0xBB, 0xBB, 0xCC, 0xCC, 0xCC, 0xCC, 0xCC, 0xCC, 0xCC, 0xCC, 0xCC, 0xCC, 
	0xCC, 0xCC, 0xCC, 0xCC, 0xCC, 0xCC, 0xCC, 0xCC, 0xCC, 0xCC, 0xCD, 0xDC, 0xDD, 0xDD, 0xDD, 
	0xDD, 0xCC, 0xCC, 0xCC, 0xCC, 0xCC, 0xCC, 0xCD, 0xDD, 0xDD, 0xDD, 0xDD, 0xDD, 0xDC, 0xCC, 
	0xCD, 0xDD, 0xDD, 0xDD, 0xDD, 0xDD, 0xDD, 0xDD, 0xCB, 0xAA, 0xBC, 0xCD, 0xDD, 0xCC, 0xBB, 
	0xBB, 0xAA, 0xAA, 0xBB, 0xBB, 0xA9, 0x9A, 0xAA, 0xA9, 0x99, 0x99, 0x98, 0x88, 0x98, 0x76, 
	0x65, 0x56, 0x66, 0x77, 0x77, 0x77, 0x88, 0x88, 0x88, 0x88, 0x88, 0x89, 0x88, 0x88, 0x88, 
	0x88, 0x99, 0x99, 0x99, 0x89, 0x99, 0x99, 0x99, 0x99, 0x99, 0x99, 0x88, 0x99, 0x98, 0x89, 
	0x89, 0x9A, 0xAA, 0xAA, 0x9A, 0xAA, 0xA9, 0x99, 0xAA, 0xA9, 0x97, 0x64, 0x54, 0x54, 0x56, 
	0x56, 0x66, 0x67, 0x66, 0x66, 0x66, 0x86, 0x66, 0x66, 0x77, 0x77, 0x77, 0x77, 0x77, 0x77, 
	0x65, 0x43, 0x22, 0x22, 0x22, 0x33, 0x33, 0x44, 0x44, 0x55, 0x55, 0x55, 0x55, 0x56, 0x9A, 
	0xAA, 0xAA, 0xBB, 0xCE, 0xFF, 0xFF, 0xFF, 0xEC, 0xAA, 0xAA, 0xA9, 0x99, 0x89, 0xBB, 0xB9, 
	0x9A, 0xCB, 0xA7, 0x67, 0x77, 0x77, 0x77, 0x77, 0x76, 0x55, 0x57, 0x88, 0x87, 0x8B, 0xA7, 
	0x77, 0x77, 0x66, 0x55, 0x55, 0x55, 0x55, 0x66, 0x66, 0x56, 0x65, 0x45, 0x65, 0x66, 0x66, 
	0x77, 0x76, 0x66, 0x66, 0x66, 0x55, 0x55, 0x55, 0x66, 0x66, 0x66, 0x77, 0x77, 0x78, 0x88, 
	0x88, 0x88, 0x88, 0x88, 0x89, 0x99, 0x99, 0x9A, 0xAA, 0xAA, 0xAA, 0x99, 0x88, 0x77, 0x76, 
	0x66, 0x66, 0x55, 0x54, 0x55, 0x43, 0x33, 0x33, 0x44, 0x43, 0x34, 0x56, 0x76, 0x66, 0x77, 
	0x88, 0x88, 0x99, 0x9A, 0xAA, 0xAA, 0xBB, 0xBC, 0xA6, 0x8A, 0xBA, 0x99, 0x75, 0x55, 0x67, 
	0x88, 0x89, 0x99, 0x98, 0x77, 0x77, 0x77, 0x88, 0x88, 0x89, 0x99, 0x99, 0x99, 0x98, 0x9A, 
	0xAB, 0xBB, 0xCC, 0xCB, 0xBA, 0xAA, 0xAB, 0xBB, 0xAA, 0xAA, 0xAA, 0x99, 0x99, 0x98, 0x80, 
	0x07, 0x77, 0x88, 0x88, 0x88, 0x99, 0x99, 0xAA, 0xAA, 0xAA, 0xAA, 0xAA, 0xAA, 0xAA, 0xAA, 
	0xAA, 0xAB, 0xBB, 0xBB, 0xBB, 0xCC, 0xCC, 0xCC, 0xCC, 0xCC, 0xCC, 0xCC, 0xCC, 0xCC, 0xCC, 
	0xCC, 0xCC, 0xCC, 0xCC, 0xCC, 0xCC, 0xCC, 0xCC, 0xCC, 0xCC, 0xCC, 0xDC, 0xDD, 0xDD, 0xDD, 
	0xDD, 0xCC, 0xCC, 0xCC, 0xCC, 0xCC, 0xCC, 0xCD, 0xDD, 0xDD, 0xDD, 0xDD, 0xDD, 0xDC, 0xCC, 
	0xCC, 0xDD, 0xDD, 0xDD, 0xDD, 0xDD, 0xDD, 0xDD, 0xCA, 0x9A, 0xBB, 0xBB, 0xCB, 0xBB, 0xAA, 
	0xAA, 0xAA, 0xAB, 0xBB, 0xCC, 0xBC, 0xCC, 0xCB, 0x99, 0x99, 0x98, 0x88, 0x89, 0x98, 0x66, 
	0x55, 0x55, 0x55, 0x67, 0x78, 0x87, 0x88, 0x88, 0x88, 0x88, 0x88, 0x89, 0x99, 0x99, 0x99, 
	0x99, 0x99, 0x99, 0x99, 0x99, 0x99, 0x99, 0x99, 0x99, 0x99, 0x99, 0x99, 0x99, 0x99, 0x99, 
	0x9A, 0xAA, 0xAA, 0xAA, 0xAA, 0xAA, 0xAA, 0x9A, 0xAA, 0x99, 0x98, 0x65, 0x65, 0x55, 0x66, 
	0x66, 0x67, 0x77, 0x77, 0x77, 0x77, 0x87, 0x77, 0x66, 0x67, 0x77, 0x77, 0x77, 0x77, 0x77, 
	0x76, 0x54, 0x44, 0x44, 0x44, 0x55, 0x55, 0x55, 0x55, 0x54, 0x55, 0x45, 0x55, 0x67, 0x9A, 
	0xA9, 0x9A, 0xAB, 0xDE, 0xFF, 0xFF, 0xFF, 0xDC, 0xBC, 0xCB, 0xA9, 0x88, 0x79, 0xCC, 0xB9, 
	0x9A, 0xCC, 0xA7, 0x77, 0x77, 0x77, 0x77, 0x67, 0x76, 0x55, 0x67, 0x88, 0x78, 0x8A, 0xA8, 
	0x87, 0x76, 0x66, 0x65, 0x55, 0x56, 0x66, 0x66, 0x66, 0x65, 0x45, 0x65, 0x55, 0x56, 0x67, 
	0x77, 0x66, 0x66, 0x66, 0x66, 0x55, 0x56, 0x66, 0x66, 0x67, 0x77, 0x77, 0x77, 0x88, 0x88, 
	0x88, 0x89, 0x99, 0x99, 0x99, 0x99, 0xAA, 0xAA, 0xAA, 0xA9, 0x99, 0x99, 0x88, 0x77, 0x77, 
	0x66, 0x66, 0x65, 0x54, 0x43, 0x33, 0x34, 0x33, 0x33, 0x46, 0x66, 0x66, 0x66, 0x66, 0x77, 
	0x88, 0x88, 0x99, 0x9A, 0xAA, 0xAB, 0xBB, 0xBC, 0xA7, 0x9B, 0xB9, 0x99, 0x87, 0x65, 0x66, 
	0x78, 0x88, 0x88, 0x87, 0x77, 0x66, 0x77, 0x88, 0x87, 0x89, 0x99, 0x99, 0x99, 0x98, 0x9A, 
	0xBB, 0xBB, 0xCC, 0xBB, 0xBB, 0xBB, 0xAB, 0xBA, 0xAA, 0xAA, 0xAA, 0x99, 0x99, 0x98, 0x80, 
	0x07, 0x77, 0x78, 0x88, 0x88, 0x89, 0x99, 0x9A, 0xAA, 0xAA, 0xAA, 0xAA, 0xAA, 0xAA, 0xAA, 
	0xAA, 0xAB, 0xBB, 0xBB, 0xBB, 0xCC, 0xCC, 0xCC, 0xCC, 0xCC, 0xCC, 0xCC, 0xCC, 0xCC, 0xCC, 
	0xCC, 0xCC, 0xCC, 0xCC, 0xCC, 0xCC, 0xCC, 0xCC, 0xCC, 0xCC, 0xCC, 0xDC, 0xDD, 0xDD, 0xDD, 
	0xDD, 0xCC, 0xCC, 0xCC, 0xCC, 0xCC, 0xCC, 0xCD, 0xDD, 0xDD, 0xDD, 0xDD, 0xDD, 0xDC, 0xCC, 
	0xCC, 0xDD, 0xDD, 0xDD, 0xDD, 0xDD, 0xDD, 0xDD, 0xBA, 0x99, 0xAA, 0xAA, 0xAA, 0xAA, 0xAA, 
	0xBA, 0xAA, 0xBB, 0xCC, 0xCC, 0xEF, 0xFF, 0xEC, 0x99, 0x99, 0x98, 0x88, 0x89, 0x97, 0x65, 
	0x55, 0x55, 0x55, 0x56, 0x78, 0x87, 0x88, 0x88, 0x88, 0x88, 0x88, 0x89, 0x99, 0x99, 0x99, 
	0x99, 0x99, 0x99, 0x99, 0x99, 0x99, 0x99, 0x99, 0xA9, 0x99, 0xA9, 0x99, 0x99, 0x99, 0x99, 
	0xAA, 0xAA, 0xBA, 0xAA, 0xAA, 0xAA, 0xAA, 0x99, 0xAA, 0x99, 0x98, 0x77, 0x87, 0x55, 0x77, 
	0x77, 0x77, 0x88, 0x88, 0x77, 0x77, 0x88, 0x77, 0x77, 0x77, 0x66, 0x67, 0x77, 0x77, 0x77, 
	0x76, 0x55, 0x56, 0x66, 0x55, 0x66, 0x77, 0x66, 0x55, 0x55, 0x55, 0x45, 0x56, 0x68, 0x99, 
	0x99, 0x99, 0xAB, 0xDF, 0xFF, 0xFF, 0xFE, 0xDC, 0xCC, 0xCB, 0x98, 0x77, 0x79, 0xBB, 0xA9, 
	0x9A, 0xCC, 0xB8, 0x77, 0x87, 0x77, 0x77, 0x78, 0x97, 0x66, 0x67, 0x98, 0x88, 0x89, 0xB9, 
	0x77, 0x66, 0x66, 0x65, 0x56, 0x66, 0x67, 0x77, 0x65, 0x55, 0x65, 0x45, 0x54, 0x56, 0x66, 
	0x77, 0x76, 0x76, 0x66, 0x66, 0x55, 0x66, 0x66, 0x66, 0x77, 0x77, 0x77, 0x78, 0x88, 0x88, 
	0x99, 0x99, 0x99, 0x99, 0xAA, 0xAA, 0xAA, 0xAA, 0xAA, 0xA9, 0x99, 0x99, 0x98, 0x77, 0x77, 
	0x67, 0x66, 0x65, 0x54, 0x33, 0x43, 0x45, 0x55, 0x44, 0x56, 0x66, 0x66, 0x66, 0x67, 0x77, 
	0x88, 0x89, 0x99, 0x9A, 0xAA, 0xAB, 0xCB, 0xBC, 0xB9, 0x9B, 0xA8, 0x89, 0x98, 0x77, 0x67, 
	0x77, 0x78, 0x97, 0x66, 0x77, 0x77, 0x77, 0x88, 0x88, 0x89, 0x9A, 0x99, 0x99, 0x99, 0x9A, 
	0xBB, 0xBC, 0xCC, 0xCC, 0xDD, 0xCB, 0xAA, 0xBA, 0xAB, 0xAA, 0xAA, 0x99, 0x99, 0x98, 0x80, 
	0x07, 0x77, 0x77, 0x88, 0x88, 0x89, 0x99, 0x9A, 0xAA, 0xAA, 0xAA, 0xAA, 0xAA, 0xAA, 0xAA, 
	0xAA, 0xAA, 0xBB, 0xBB, 0xBB, 0xCC, 0xCC, 0xCC, 0xCC, 0xCC, 0xCC, 0xCB, 0xCC, 0xCC, 0xCC, 
	0xCC, 0xCC, 0xCC, 0xCC, 0xCC, 0xCC, 0xCC, 0xCC, 0xCC, 0xCD, 0xCC, 0xCC, 0xCD, 0xDD, 0xDD, 
	0xDD, 0xCC, 0xCC, 0xCC, 0xCC, 0xCC, 0xCC, 0xCC, 0xDD, 0xDD, 0xDD, 0xDD, 0xDD, 0xDC, 0xCC, 
	0xCD, 0xDD, 0xDD, 0xDD, 0xDD, 0xDD, 0xDD, 0xDC, 0xB9, 0x99, 0x9A, 0xA9, 0x99, 0x99, 0xAB, 
	0xBB, 0xBA, 0xBB, 0xCC, 0xCD, 0xFF, 0xFF, 0xFD, 0x99, 0x99, 0x87, 0x78, 0x9A, 0x97, 0x55, 
	0x55, 0x55, 0x55, 0x56, 0x67, 0x77, 0x87, 0x88, 0x88, 0x87, 0x78, 0x88, 0x9A, 0x99, 0x99, 
	0x99, 0x99, 0x99, 0x99, 0x99, 0x99, 0x99, 0x99, 0xA9, 0x99, 0xA9, 0x99, 0x99, 0x99, 0x9A, 
	0x9A, 0xAA, 0xAA, 0xAA, 0xAA, 0xAA, 0xA9, 0x99, 0x9A, 0x9A, 0x99, 0x89, 0x99, 0x67, 0x87, 
	0x78, 0x88, 0x88, 0x88, 0x87, 0x77, 0x88, 0x77, 0x78, 0x77, 0x77, 0x77, 0x77, 0x77, 0x77, 
	0x76, 0x66, 0x66, 0x65, 0x56, 0x67, 0x76, 0x55, 0x55, 0x44, 0x55, 0x55, 0x56, 0x78, 0x99, 
	0x99, 0x99, 0xAA, 0xCE, 0xFF, 0xFF, 0xFE, 0xDC, 0xCC, 0xCB, 0x87, 0x67, 0x68, 0xBB, 0xA9, 
	0x9A, 0xBC, 0xB9, 0x88, 0x88, 0x88, 0x77, 0x88, 0x98, 0x76, 0x68, 0x87, 0x88, 0x78, 0xB9, 
	0x77, 0x67, 0x66, 0x65, 0x66, 0x67, 0x77, 0x66, 0x55, 0x66, 0x65, 0x44, 0x55, 0x66, 0x66, 
	0x77, 0x67, 0x77, 0x66, 0x66, 0x66, 0x66, 0x66, 0x66, 0x77, 0x77, 0x77, 0x88, 0x88, 0x88, 
	0x89, 0x99, 0x9A, 0xAA, 0xAA, 0xAA, 0xAA, 0xAA, 0xAA, 0x99, 0x99, 0x88, 0x88, 0x87, 0x77, 
	0x76, 0x66, 0x66, 0x55, 0x45, 0x55, 0x55, 0x55, 0x56, 0x66, 0x56, 0x67, 0x76, 0x66, 0x77, 
	0x78, 0x89, 0xAA, 0x99, 0xAA, 0xAB, 0xBC, 0xCC, 0xBB, 0xAA, 0x99, 0x87, 0x89, 0x88, 0x77, 
	0x67, 0x78, 0x87, 0x66, 0x66, 0x77, 0x88, 0x88, 0x88, 0x88, 0xAA, 0xA9, 0x98, 0x99, 0x9A, 
	0xAA, 0xBB, 0xCD, 0xEF, 0xFF, 0xEB, 0x99, 0xAA, 0xAA, 0xBA, 0xAA, 0xA9, 0x99, 0x88, 0x80, 
	0x07, 0x77, 0x87, 0x88, 0x88, 0x89, 0x99, 0x9A, 0xAA, 0xAA, 0xAA, 0xAA, 0xAA, 0xAA, 0xAA, 
	0xAA, 0xAA, 0xBB, 0xBB, 0xBB, 0xCC, 0xCC, 0xCC, 0xCC, 0xCC, 0xCC, 0xCB, 0xCC, 0xCC, 0xCC, 
	0xCC, 0xCC, 0xCC, 0xCC, 0xCC, 0xCC, 0xCC, 0xCC, 0xCC, 0xCC, 0xCC, 0xCC, 0xCD, 0xDD, 0xDD, 
	0xDD, 0xDC, 0xCC, 0xCC, 0xCC, 0xCC, 0xCC, 0xCD, 0xDD, 0xDD, 0xDD, 0xDD, 0xDD, 0xDC, 0xCC, 
	0xCD, 0xDD, 0xDD, 0xDD, 0xDD, 0xDD, 0xDD, 0xDC, 0xB9, 0x89, 0x99, 0x99, 0x99, 0x9A, 0xAB, 
	0xBB, 0xBA, 0xBB, 0xCC, 0xDE, 0xFF, 0xFF, 0xFD, 0x89, 0x88, 0x87, 0x89, 0xAA, 0x97, 0x65, 
	0x55, 0x55, 0x55, 0x56, 0x67, 0x77, 0x77, 0x77, 0x87, 0x78, 0x78, 0x88, 0x9A, 0xA9, 0x99, 
	0x99, 0x99, 0x99, 0x99, 0x99, 0x99, 0x99, 0x99, 0x99, 0x99, 0xA9, 0x99, 0x99, 0x99, 0xA9, 
	0xAA, 0xAA, 0xAA, 0xAA, 0xAA, 0x99, 0xAA, 0x99, 0x99, 0x9A, 0x99, 0x99, 0x98, 0x78, 0x88, 
	0x88, 0x99, 0x99, 0x99, 0x88, 0x87, 0x88, 0x77, 0x77, 0x87, 0x77, 0x77, 0x77, 0x77, 0x77, 
	0x77, 0x66, 0x66, 0x66, 0x66, 0x67, 0x66, 0x55, 0x44, 0x45, 0x55, 0x55, 0x66, 0x89, 0x99, 
	0x99, 0x99, 0x9A, 0xBC, 0xEE, 0xEE, 0xED, 0xCC, 0xCC, 0xB9, 0x87, 0x67, 0x68, 0xBB, 0xA9, 
	0x9A, 0xCC, 0xBA, 0x99, 0x99, 0x88, 0x88, 0x87, 0x99, 0x87, 0x77, 0x87, 0x77, 0x77, 0xAA, 
	0x87, 0x76, 0x66, 0x67, 0x66, 0x77, 0x66, 0x55, 0x55, 0x55, 0x55, 0x54, 0x55, 0x55, 0x66, 
	0x66, 0x77, 0x77, 0x66, 0x66, 0x66, 0x66, 0x77, 0x66, 0x77, 0x77, 0x77, 0x88, 0x88, 0x89, 
	0x99, 0x99, 0x9A, 0xAA, 0xAA, 0xAA, 0xAA, 0xAA, 0xA9, 0x99, 0x99, 0x88, 0x88, 0x88, 0x77, 
	0x66, 0x66, 0x65, 0x55, 0x56, 0x66, 0x65, 0x66, 0x66, 0x66, 0x55, 0x66, 0x67, 0x76, 0x77, 
	0x78, 0x89, 0xAA, 0x9A, 0xAA, 0xAB, 0xBC, 0xDA, 0x7B, 0xBA, 0x99, 0xA6, 0x67, 0x89, 0x87, 
	0x67, 0x77, 0x76, 0x66, 0x66, 0x67, 0x88, 0x77, 0x78, 0x88, 0xAA, 0xAA, 0x98, 0x99, 0x99, 
	0xAA, 0xAA, 0xCE, 0xFF, 0xFF, 0xFC, 0x99, 0x9A, 0xAA, 0xAA, 0xAA, 0xA9, 0x99, 0x98, 0x80, 
	0x07, 0x77, 0x77, 0x78, 0x88, 0x88, 0x99, 0x9A, 0xAA, 0xAA, 0xAA, 0xAA, 0xAA, 0xAA, 0xAA, 
	0xAA, 0xAA, 0xBB, 0xBB, 0xBB, 0xCC, 0xCC, 0xCC, 0xCC, 0xCC, 0xCC, 0xCC, 0xCC, 0xCC, 0xCC, 
	0xCC, 0xCC, 0xCC, 0xCC, 0xCC, 0xCC, 0xCC, 0xCC, 0xCC, 0xCC, 0xCC, 0xCC, 0xCD, 0xDD, 0xDD, 
	0xDD, 0xDC, 0xCC, 0xCC, 0xCC, 0xCC, 0xCC, 0xDD, 0xDD, 0xDD, 0xDD, 0xDD, 0xDD, 0xDC, 0xCC, 
	0xCC, 0xDD, 0xDD, 0xDD, 0xDD, 0xDD, 0xDD, 0xDC, 0xB9, 0x88, 0x88, 0x99, 0x9A, 0xAA, 0xBC, 
	0xCC, 0xCB, 0xAB, 0xBB, 0xCE, 0xFF, 0xFF, 0xFA, 0x88, 0x99, 0x88, 0x89, 0xA9, 0x76, 0x55, 
	0x55, 0x55, 0x55, 0x55, 0x55, 0x67, 0x77, 0x77, 0x77, 0x77, 0x77, 0x77, 0x89, 0xA9, 0x99, 
	0xAA, 0x99, 0x99, 0x99, 0x9A, 0x99, 0x99, 0x99, 0x99, 0x99, 0x99, 0x99, 0x99, 0x9A, 0xA9, 
	0xAA, 0xAA, 0xAA, 0xAA, 0xA9, 0x99, 0xAA, 0x99, 0xA9, 0x99, 0x99, 0xAA, 0xA8, 0x89, 0x99, 
	0x99, 0x99, 0x99, 0x99, 0x99, 0x98, 0x88, 0x77, 0x77, 0x78, 0x88, 0x77, 0x77, 0x77, 0x77, 
	0x77, 0x66, 0x66, 0x66, 0x76, 0x66, 0x65, 0x54, 0x44, 0x45, 0x55, 0x55, 0x67, 0x88, 0x88, 
	0x89, 0x99, 0x99, 0xAB, 0xCD, 0xDD, 0xDC, 0xCB, 0xAA, 0x98, 0x77, 0x77, 0x79, 0xBB, 0xA8, 
	0x9A, 0xBC, 0xCA, 0x9A, 0x99, 0x88, 0x87, 0x77, 0x88, 0x88, 0x77, 0x88, 0x88, 0x77, 0x8B, 
	0x97, 0x77, 0x77, 0x77, 0x77, 0x76, 0x56, 0x65, 0x56, 0x54, 0x44, 0x45, 0x55, 0x55, 0x66, 
	0x66, 0x77, 0x77, 0x66, 0x67, 0x76, 0x77, 0x77, 0x66, 0x77, 0x77, 0x77, 0x88, 0x88, 0x89, 
	0x99, 0x99, 0x9A, 0xAA, 0xAA, 0xAA, 0xAA, 0xAA, 0x99, 0x99, 0x99, 0x88, 0x87, 0x88, 0x77, 
	0x66, 0x66, 0x66, 0x66, 0x66, 0x66, 0x66, 0x66, 0x77, 0x66, 0x66, 0x66, 0x67, 0x77, 0x77, 
	0x78, 0x89, 0xA9, 0x9A, 0xAA, 0xBB, 0xBC, 0xDB, 0x79, 0xBB, 0xA9, 0xA8, 0x56, 0x77, 0x88, 
	0x77, 0x76, 0x76, 0x55, 0x56, 0x77, 0x87, 0x77, 0x78, 0x89, 0xAA, 0xAA, 0x88, 0x99, 0x99, 
	0x99, 0x9A, 0xCF, 0xFF, 0xFF, 0xEC, 0xA9, 0x99, 0xAA, 0xAA, 0xAA, 0xA9, 0x99, 0x98, 0x80, 
	0x07, 0x77, 0x77, 0x88, 0x88, 0x88, 0x99, 0x9A, 0xAA, 0xAA, 0xAA, 0xAA, 0xAA, 0xAA, 0xAA, 
	0xAA, 0xAA, 0xBB, 0xBB, 0xBB, 0xBC, 0xCC, 0xCC, 0xCC, 0xCC, 0xCC, 0xCC, 0xCC, 0xCC, 0xCC, 
	0xCC, 0xCC, 0xCC, 0xCC, 0xCC, 0xCC, 0xCC, 0xCC, 0xCC, 0xCC, 0xCC, 0xCC, 0xCD, 0xDD, 0xDD, 
	0xDD, 0xDC, 0xCC, 0xCC, 0xCC, 0xCC, 0xCC, 0xDD, 0xDD, 0xDD, 0xDD, 0xDD, 0xDD, 0xDC, 0xCC, 
	0xCC, 0xDD, 0xDD, 0xDD, 0xDD, 0xDD, 0xDD, 0xDC, 0xB9, 0x88, 0x88, 0x89, 0x9A, 0xAA, 0xBC, 
	0xCC, 0xCB, 0xAA, 0xAB, 0xCD, 0xFF, 0xFF, 0xC8, 0x88, 0x99, 0x99, 0x89, 0x98, 0x65, 0x55, 
	0x55, 0x56, 0x66, 0x55, 0x55, 0x67, 0x88, 0x77, 0x77, 0x77, 0x77, 0x77, 0x78, 0x99, 0x9A, 
	0xAA, 0x99, 0x99, 0x99, 0xAA, 0xA9, 0x99, 0x99, 0x99, 0x99, 0x99, 0x99, 0x9A, 0xAA, 0x99, 
	0xAA, 0xAA, 0xAA, 0xAA, 0x99, 0x99, 0xAA, 0xAA, 0xAA, 0xAA, 0xAA, 0xAA, 0x98, 0x9A, 0x99, 
	0x99, 0x99, 0x99, 0x99, 0x99, 0x98, 0x88, 0x77, 0x77, 0x77, 0x88, 0x77, 0x77, 0x77, 0x77, 
	0x77, 0x66, 0x66, 0x66, 0x66, 0x65, 0x55, 0x45, 0x55, 0x55, 0x55, 0x67, 0x88, 0x88, 0x88, 
	0x89, 0x99, 0x99, 0xAA, 0xAB, 0xBB, 0xBB, 0xBA, 0x99, 0x98, 0x77, 0x77, 0x79, 0xBB, 0xA9, 
	0x9A, 0xCC, 0xCA, 0x99, 0x99, 0x98, 0x87, 0x77, 0x77, 0x77, 0x78, 0x88, 0x88, 0x77, 0x7B, 
	0xA8, 0x77, 0x77, 0x77, 0x76, 0x66, 0x55, 0x56, 0x65, 0x55, 0x44, 0x55, 0x55, 0x55, 0x66, 
	0x66, 0x67, 0x67, 0x77, 0x77, 0x77, 0x77, 0x77, 0x66, 0x77, 0x77, 0x77, 0x78, 0x88, 0x99, 
	0x99, 0x99, 0x9A, 0xAA, 0xAA, 0xAA, 0xAA, 0xA9, 0x99, 0x99, 0x88, 0x88, 0x87, 0x77, 0x77, 
	0x66, 0x66, 0x66, 0x66, 0x76, 0x66, 0x66, 0x77, 0x76, 0x76, 0x66, 0x66, 0x66, 0x77, 0x87, 
	0x88, 0x99, 0x99, 0x9A, 0xAA, 0xAB, 0xCC, 0xDC, 0x99, 0xBA, 0x9B, 0xBA, 0x97, 0x56, 0x78, 
	0x98, 0x66, 0x76, 0x55, 0x56, 0x78, 0x77, 0x78, 0x88, 0x99, 0x99, 0x9A, 0x99, 0x88, 0x88, 
	0x89, 0x99, 0xBE, 0xFF, 0xFF, 0xDB, 0x99, 0x88, 0xAA, 0xAB, 0xAB, 0xA9, 0x99, 0x98, 0x80, 
	0x07, 0x77, 0x77, 0x88, 0x88, 0x88, 0x99, 0x9A, 0xAA, 0xAA, 0xAA, 0xAA, 0xAA, 0xAA, 0xAA, 
	0xAA, 0xAA, 0xBB, 0xBB, 0xBB, 0xBC, 0xCC, 0xCC, 0xCC, 0xCC, 0xCC, 0xCC, 0xCC, 0xCC, 0xCC, 
	0xCC, 0xCC, 0xCC, 0xCC, 0xCC, 0xCC, 0xCC, 0xCC, 0xCC, 0xCC, 0xCC, 0xCC, 0xCC, 0xDD, 0xDD, 
	0xDD, 0xDC, 0xCC, 0xCC, 0xCC, 0xCC, 0xCC, 0xCD, 0xDD, 0xDD, 0xDD, 0xDD, 0xDD, 0xDC, 0xCC, 
	0xCC, 0xDD, 0xDD, 0xDD, 0xDD, 0xDD, 0xDD, 0xDC, 0xB9, 0x99, 0x98, 0x89, 0x99, 0xAA, 0xBC, 
	0xCC, 0xCB, 0xBA, 0xAB, 0xBC, 0xDE, 0xEC, 0x98, 0x88, 0x99, 0x99, 0x9A, 0x98, 0x65, 0x55, 
	0x56, 0x66, 0x66, 0x66, 0x55, 0x55, 0x78, 0x77, 0x77, 0x77, 0x77, 0x77, 0x77, 0x89, 0x9A, 
	0xA9, 0x99, 0x99, 0x99, 0x9A, 0xA9, 0x99, 0x99, 0x99, 0x99, 0x99, 0x99, 0x9A, 0xA9, 0x9A, 
	0xAA, 0xAA, 0xAA, 0xA9, 0x99, 0x99, 0xAA, 0xAA, 0xAA, 0xAA, 0xAA, 0xA8, 0x69, 0xAA, 0x9A, 
	0x99, 0x99, 0x99, 0x99, 0x99, 0x98, 0x99, 0x87, 0x77, 0x77, 0x76, 0x66, 0x67, 0x77, 0x77, 
	0x77, 0x66, 0x65, 0x55, 0x66, 0x55, 0x54, 0x45, 0x55, 0x56, 0x66, 0x78, 0x99, 0x98, 0x87, 
	0x89, 0x98, 0x89, 0x99, 0xAA, 0xAA, 0x99, 0x99, 0x99, 0x87, 0x77, 0x77, 0x79, 0xBB, 0xA9, 
	0x9A, 0xCC, 0xCB, 0x99, 0x99, 0x99, 0x88, 0x77, 0x77, 0x77, 0x88, 0x88, 0x88, 0x97, 0x8B, 
	0xB9, 0x87, 0x67, 0x87, 0x66, 0x77, 0x55, 0x56, 0x55, 0x55, 0x55, 0x55, 0x55, 0x55, 0x55, 
	0x66, 0x66, 0x66, 0x77, 0x77, 0x77, 0x77, 0x77, 0x77, 0x77, 0x77, 0x77, 0x78, 0x88, 0x99, 
	0x99, 0x99, 0x9A, 0xAA, 0xAA, 0xAA, 0xAA, 0x99, 0x99, 0x88, 0x88, 0x88, 0x77, 0x77, 0x77, 
	0x66, 0x66, 0x66, 0x66, 0x76, 0x66, 0x67, 0x77, 0x76, 0x76, 0x66, 0x66, 0x77, 0x77, 0x78, 
	0x88, 0x99, 0x99, 0x9A, 0xAB, 0xBB, 0xCC, 0xCD, 0xA8, 0x9A, 0x9C, 0xCC, 0xAA, 0x88, 0x98, 
	0x86, 0x66, 0x66, 0x66, 0x67, 0x88, 0x88, 0x88, 0x88, 0x99, 0x99, 0x9A, 0xA8, 0x88, 0x88, 
	0x88, 0x88, 0xAC, 0xDE, 0xED, 0xBA, 0x88, 0x77, 0x9A, 0xAB, 0xAB, 0xA9, 0x9A, 0x98, 0x80, 
	0x07, 0x77, 0x77, 0x78, 0x88, 0x88, 0x99, 0x9A, 0xAA, 0xAA, 0xAA, 0xAA, 0xAA, 0xAA, 0xAA, 
	0xAA, 0xAA, 0xAB, 0xBB, 0xBB, 0xBC, 0xCC, 0xCC, 0xCC, 0xCC, 0xCC, 0xCC, 0xCC, 0xCC, 0xCC, 
	0xCC, 0xCC, 0xCC, 0xCC, 0xCC, 0xCC, 0xCC, 0xCC, 0xCC, 0xCC, 0xCC, 0xCC, 0xCC, 0xDD, 0xDD, 
	0xDD, 0xDC, 0xCB, 0xCC, 0xCC, 0xCC, 0xCC, 0xCC, 0xDD, 0xDD, 0xDD, 0xDD, 0xDD, 0xDC, 0xCC, 
	0xCC, 0xDD, 0xDD, 0xDD, 0xDD, 0xDD, 0xDD, 0xDD, 0xA9, 0xAA, 0xA9, 0x88, 0x99, 0xAB, 0xBB, 
	0xCC, 0xBB, 0xBB, 0xBB, 0xBB, 0xAB, 0xA9, 0x88, 0x98, 0x99, 0xA9, 0x9A, 0x97, 0x65, 0x65, 
	0x66, 0x66, 0x67, 0x66, 0x66, 0x52, 0x47, 0x87, 0x77, 0x77, 0x77, 0x77, 0x77, 0x77, 0x99, 
	0x9A, 0xA9, 0x99, 0x99, 0x9A, 0x99, 0x99, 0x99, 0x99, 0x99, 0x99, 0x99, 0x99, 0x99, 0x9A, 
	0xAB, 0xBB, 0xAA, 0xAA, 0x99, 0x99, 0x9A, 0xAA, 0xAA, 0xAA, 0xAA, 0x87, 0x7A, 0xA9, 0xAA, 
	0x99, 0xA9, 0x99, 0x99, 0x89, 0x99, 0x99, 0x87, 0x77, 0x77, 0x77, 0x77, 0x77, 0x77, 0x77, 
	0x77, 0x66, 0x65, 0x55, 0x66, 0x55, 0x54, 0x45, 0x44, 0x56, 0x78, 0x99, 0xAA, 0x99, 0x87, 
	0x88, 0x88, 0x88, 0x99, 0x99, 0x99, 0x87, 0x88, 0x99, 0x87, 0x77, 0x77, 0x7A, 0xBB, 0xA9, 
	0x9A, 0xCC, 0xCB, 0xA9, 0x99, 0xA9, 0x98, 0x88, 0x88, 0x88, 0x88, 0x88, 0x66, 0x77, 0x89, 
	0xBA, 0x77, 0x88, 0x76, 0x66, 0x66, 0x55, 0x66, 0x55, 0x55, 0x55, 0x55, 0x55, 0x56, 0x55, 
	0x66, 0x66, 0x66, 0x77, 0x77, 0x77, 0x77, 0x77, 0x77, 0x77, 0x77, 0x77, 0x78, 0x88, 0x99, 
	0x99, 0x99, 0x99, 0xAA, 0xAA, 0xAA, 0xA9, 0x99, 0x99, 0x88, 0x88, 0x87, 0x77, 0x77, 0x77, 
	0x76, 0x66, 0x77, 0x66, 0x76, 0x66, 0x77, 0x77, 0x77, 0x87, 0x77, 0x67, 0x77, 0x77, 0x78, 
	0x89, 0x99, 0x99, 0xAA, 0xAB, 0xBB, 0xDC, 0xAC, 0xC9, 0x87, 0xAA, 0xCD, 0xB9, 0x77, 0x98, 
	0x66, 0x86, 0x57, 0x77, 0x67, 0x88, 0x88, 0x89, 0x99, 0x9A, 0x98, 0x9A, 0x97, 0x77, 0x88, 
	0x89, 0x99, 0x9A, 0xBC, 0xCB, 0xA9, 0x87, 0x56, 0x8A, 0xBB, 0xBB, 0xAA, 0x9A, 0x99, 0x80, 
	0x07, 0x77, 0x77, 0x78, 0x88, 0x88, 0x99, 0x9A, 0xAA, 0xAA, 0xAA, 0xAA, 0xAA, 0xAA, 0xAA, 
	0xAA, 0xAA, 0xAB, 0xBB, 0xBB, 0xBC, 0xCC, 0xCC, 0xCC, 0xCC, 0xCC, 0xCC, 0xCC, 0xCC, 0xCC, 
	0xCC, 0xCC, 0xCC, 0xCC, 0xCC, 0xCC, 0xCC, 0xCC, 0xCC, 0xCC, 0xCC, 0xCC, 0xCC, 0xDD, 0xDD, 
	0xDD, 0xDC, 0xCB, 0xCC, 0xCC, 0xCC, 0xCC, 0xCC, 0xDD, 0xDD, 0xDD, 0xDD, 0xDD, 0xDC, 0xCC, 
	0xCC, 0xCD, 0xDD, 0xDD, 0xDD, 0xDD, 0xDD, 0xDD, 0xB9, 0xAA, 0xAA, 0x98, 0x99, 0xAA, 0xBB, 
	0xBB, 0xBB, 0xBB, 0xBB, 0xBA, 0x99, 0x88, 0x99, 0x9A, 0xAB, 0xAA, 0x99, 0x87, 0x66, 0x66, 
	0x67, 0x77, 0x77, 0x66, 0x66, 0x52, 0x25, 0x87, 0x88, 0x77, 0x67, 0x77, 0x77, 0x77, 0x88, 
	0x99, 0x99, 0x99, 0x99, 0x99, 0x99, 0x99, 0x99, 0x99, 0x99, 0x99, 0x99, 0x99, 0x99, 0x99, 
	0xAA, 0xAB, 0xBA, 0xAA, 0x99, 0x99, 0x9A, 0xAA, 0xAA, 0xAB, 0xA8, 0x57, 0xAB, 0xAA, 0xAA, 
	0x9A, 0xAA, 0xAA, 0x99, 0x99, 0x98, 0x89, 0x98, 0x87, 0x77, 0x77, 0x77, 0x77, 0x77, 0x77, 
	0x77, 0x76, 0x66, 0x55, 0x65, 0x55, 0x44, 0x55, 0x44, 0x68, 0x99, 0x99, 0x99, 0x99, 0x88, 
	0x88, 0x88, 0x88, 0x89, 0x99, 0x88, 0x77, 0x77, 0x89, 0x88, 0x77, 0x77, 0x8A, 0xBB, 0xA9, 
	0x9A, 0xBC, 0xCB, 0xA9, 0xAA, 0xAA, 0x99, 0x99, 0x88, 0x99, 0x98, 0x77, 0x66, 0x67, 0x88, 
	0xBB, 0x87, 0x88, 0x76, 0x66, 0x56, 0x76, 0x66, 0x55, 0x66, 0x65, 0x55, 0x55, 0x56, 0x55, 
	0x66, 0x56, 0x66, 0x67, 0x77, 0x77, 0x77, 0x77, 0x77, 0x77, 0x77, 0x77, 0x78, 0x98, 0x89, 
	0x99, 0x99, 0x99, 0x99, 0x99, 0x99, 0x99, 0x99, 0x88, 0x88, 0x87, 0x77, 0x77, 0x77, 0x77, 
	0x76, 0x66, 0x67, 0x77, 0x77, 0x76, 0x77, 0x77, 0x78, 0x87, 0x76, 0x77, 0x77, 0x77, 0x87, 
	0x88, 0x99, 0x99, 0xAA, 0xAB, 0xCB, 0xCC, 0xCD, 0xEC, 0x87, 0xAC, 0xCD, 0xDA, 0x78, 0x88, 
	0x88, 0x75, 0x67, 0x87, 0x77, 0x78, 0x88, 0x99, 0x9A, 0xAA, 0xAA, 0xAA, 0xB9, 0x78, 0x88, 
	0x89, 0x9A, 0xAA, 0xAB, 0xBA, 0x98, 0x76, 0x67, 0x9A, 0xBB, 0xBB, 0xAA, 0xAA, 0xA9, 0x80, 
	0x08, 0x77, 0x77, 0x78, 0x88, 0x88, 0x99, 0x99, 0xAA, 0xAA, 0xAA, 0xAA, 0xAA, 0xAA, 0xAA, 
	0xAA, 0xAA, 0xAB, 0xBB, 0xBB, 0xBC, 0xCC, 0xBC, 0xCC, 0xCC, 0xCC, 0xCC, 0xCC, 0xCC, 0xCC, 
	0xCC, 0xCC, 0xCC, 0xCC, 0xCC, 0xCC, 0xCC, 0xCC, 0xCC, 0xCC, 0xCC, 0xCC, 0xCC, 0xDD, 0xDD, 
	0xDD, 0xDC, 0xCB, 0xCC, 0xCC, 0xCC, 0xCC, 0xCD, 0xDD, 0xDD, 0xDD, 0xDD, 0xDD, 0xDC, 0xCC, 
	0xCC, 0xCC, 0xDD, 0xDD, 0xDD, 0xDD, 0xDD, 0xDD, 0xCA, 0xAA, 0xBB, 0xAA, 0x99, 0xAA, 0xBB, 
	0xAA, 0xBB, 0xBB, 0xBB, 0xBA, 0xA9, 0x98, 0x99, 0x9A, 0xBB, 0xBB, 0xA9, 0x87, 0x66, 0x66, 
	0x66, 0x77, 0x77, 0x77, 0x66, 0x63, 0x13, 0x78, 0x78, 0x88, 0x78, 0x88, 0x87, 0x78, 0x88, 
	0x89, 0x99, 0x99, 0x99, 0x99, 0x99, 0x99, 0x99, 0x99, 0x99, 0x99, 0x99, 0x99, 0x99, 0x99, 
	0x9A, 0xAA, 0xBA, 0xAA, 0xA9, 0x9A, 0xAA, 0xAA, 0xAA, 0xA9, 0x65, 0x59, 0xBA, 0xAA, 0xAA, 
	0xAA, 0xAA, 0xAA, 0xAA, 0x99, 0x99, 0x99, 0x98, 0x88, 0x88, 0x88, 0x88, 0x88, 0x77, 0x77, 
	0x77, 0x76, 0x66, 0x55, 0x55, 0x44, 0x44, 0x55, 0x44, 0x68, 0x99, 0x99, 0x99, 0x99, 0x88, 
	0x88, 0x88, 0x88, 0x89, 0x99, 0x87, 0x77, 0x77, 0x88, 0x87, 0x77, 0x77, 0x8A, 0xBB, 0xA9, 
	0x9A, 0xCC, 0xDC, 0xBA, 0xAA, 0xAA, 0xA9, 0x98, 0x88, 0x99, 0x98, 0x76, 0x65, 0x67, 0x88, 
	0xAB, 0x98, 0x98, 0x67, 0x76, 0x66, 0x77, 0x67, 0x67, 0x77, 0x77, 0x66, 0x55, 0x65, 0x55, 
	0x56, 0x55, 0x66, 0x66, 0x77, 0x77, 0x77, 0x77, 0x77, 0x77, 0x87, 0x88, 0x88, 0x88, 0x99, 
	0x99, 0x99, 0x99, 0x99, 0x99, 0x99, 0x99, 0x98, 0x88, 0x77, 0x77, 0x77, 0x77, 0x76, 0x66, 
	0x76, 0x66, 0x66, 0x67, 0x67, 0x76, 0x77, 0x77, 0x78, 0x87, 0x77, 0x77, 0x77, 0x77, 0x88, 
	0x88, 0x99, 0xA9, 0xAA, 0xBB, 0xCC, 0xDD, 0xFF, 0xFE, 0xA7, 0xBC, 0xDD, 0xCA, 0xA9, 0x88, 
	0x76, 0x66, 0x78, 0x87, 0x77, 0x78, 0x88, 0x99, 0xAA, 0xAA, 0xDF, 0xED, 0xEB, 0x88, 0x88, 
	0x89, 0x9A, 0xAB, 0xBB, 0xA9, 0x87, 0x67, 0x89, 0xAB, 0xBB, 0xBB, 0xBA, 0xAA, 0xA9, 0x90, 
	0x08, 0x77, 0x77, 0x88, 0x88, 0x88, 0x99, 0x99, 0xAA, 0xAA, 0xAA, 0xAA, 0xAA, 0xAA, 0xAA, 
	0xAA, 0xAA, 0xAB, 0xBB, 0xBB, 0xBB, 0xCC, 0xCC, 0xCC, 0xCC, 0xCC, 0xCC, 0xCC, 0xCC, 0xCC, 
	0xCC, 0xCC, 0xCC, 0xCC, 0xCC, 0xCC, 0xCC, 0xCC, 0xCC, 0xCC, 0xCC, 0xCC, 0xCC, 0xDD, 0xDD, 
	0xDD, 0xDC, 0xCB, 0xCC, 0xCC, 0xCC, 0xCC, 0xCC, 0xDD, 0xDD, 0xDD, 0xDD, 0xDD, 0xDD, 0xCC, 
	0xCC, 0xCC, 0xDD, 0xDD, 0xDD, 0xDD, 0xDD, 0xDD, 0xDC, 0xAA, 0xBB, 0xBB, 0xAA, 0xAA, 0xAB, 
	0xAB, 0xBB, 0xBB, 0xBB, 0xBB, 0xAA, 0x98, 0x99, 0x9B, 0xBC, 0xCB, 0xA9, 0x76, 0x66, 0x66, 
	0x77, 0x77, 0x77, 0x77, 0x66, 0x63, 0x23, 0x57, 0x77, 0x88, 0x88, 0x88, 0x88, 0x99, 0x88, 
	0x88, 0x99, 0x99, 0x99, 0x99, 0x99, 0x99, 0x99, 0x99, 0x99, 0x99, 0x99, 0x99, 0x99, 0x99, 
	0x9A, 0xAA, 0xAB, 0xBA, 0x98, 0x89, 0x99, 0x99, 0x99, 0x89, 0x54, 0x7B, 0xAA, 0xAA, 0xAA, 
	0xAA, 0xAA, 0xAA, 0xAA, 0xAA, 0xA9, 0x99, 0x99, 0x88, 0x88, 0x88, 0x88, 0x87, 0x77, 0x77, 
	0x77, 0x77, 0x66, 0x55, 0x54, 0x44, 0x44, 0x45, 0x54, 0x58, 0x99, 0x99, 0x99, 0x99, 0x88, 
	0x88, 0x88, 0x88, 0x89, 0x99, 0x87, 0x76, 0x67, 0x78, 0x87, 0x67, 0x78, 0x9B, 0xBB, 0xAA, 
	0xAA, 0xCD, 0xDD, 0xCB, 0xBB, 0xBA, 0x99, 0x98, 0x88, 0x88, 0x77, 0x77, 0x77, 0x77, 0x88, 
	0xAC, 0xA8, 0x87, 0x77, 0x76, 0x66, 0x77, 0x76, 0x77, 0x66, 0x66, 0x67, 0x65, 0x65, 0x55, 
	0x55, 0x65, 0x66, 0x66, 0x77, 0x77, 0x77, 0x77, 0x77, 0x77, 0x77, 0x88, 0x88, 0x89, 0x99, 
	0x99, 0x99, 0x99, 0x99, 0x99, 0x99, 0x98, 0x88, 0x87, 0x77, 0x76, 0x77, 0x77, 0x67, 0x76, 
	0x66, 0x67, 0x66, 0x67, 0x67, 0x77, 0x78, 0x77, 0x88, 0x88, 0x87, 0x77, 0x77, 0x78, 0x88, 
	0x89, 0x99, 0x9A, 0xAA, 0xBB, 0xCE, 0xDF, 0xFF, 0xFD, 0xCB, 0xBC, 0xCD, 0xCA, 0x88, 0x76, 
	0x65, 0x66, 0x78, 0x88, 0x77, 0x77, 0x89, 0x99, 0x99, 0xAC, 0xFF, 0xFF, 0xFC, 0x98, 0x88, 
	0x89, 0xAA, 0xBB, 0xBB, 0xAA, 0x98, 0x89, 0xAA, 0xBB, 0xBB, 0xBB, 0xBA, 0xAA, 0xA9, 0x90, 
	0x08, 0x77, 0x77, 0x78, 0x88, 0x88, 0x99, 0x99, 0xAA, 0xAA, 0xAA, 0xAA, 0xAA, 0xAA, 0xAA, 
	0xAA, 0xAA, 0xAB, 0xBB, 0xBB, 0xBB, 0xCC, 0xCC, 0xCC, 0xCC, 0xCC, 0xCC, 0xBC, 0xCC, 0xCC, 
	0xCC, 0xCC, 0xCC, 0xCC, 0xCC, 0xCC, 0xCC, 0xCC, 0xCC, 0xCC, 0xCC, 0xCC, 0xCC, 0xDD, 0xDD, 
	0xDD, 0xCC, 0xCB, 0xBC, 0xCC, 0xCC, 0xCC, 0xCC, 0xDD, 0xDD, 0xDD, 0xDD, 0xDD, 0xDC, 0xCC, 
	0xCC, 0xCC, 0xDD, 0xDD, 0xDD, 0xDD, 0xDD, 0xDD, 0xDC, 0xBA, 0xBB, 0xCB, 0xBA, 0xAA, 0xAB, 
	0xBB, 0xBB, 0xBB, 0xAA, 0xAB, 0xBC, 0xBA, 0x99, 0xAA, 0xBC, 0xCB, 0xB9, 0x76, 0x66, 0x66, 
	0x77, 0x77, 0x77, 0x77, 0x66, 0x64, 0x22, 0x46, 0x67, 0x88, 0x88, 0x88, 0x89, 0x99, 0x99, 
	0x99, 0x99, 0x99, 0x99, 0x99, 0x99, 0x99, 0x99, 0x99, 0x99, 0x99, 0x99, 0x99, 0x9A, 0xAA, 
	0xAA, 0xAA, 0xAA, 0x9A, 0x98, 0x78, 0x77, 0x99, 0x85, 0x48, 0x65, 0xAA, 0xAA, 0xAA, 0xAA, 
	0xAA, 0xAA, 0xAA, 0xAA, 0xAA, 0xA9, 0x99, 0x99, 0x98, 0x88, 0x77, 0x77, 0x77, 0x77, 0x77, 
	0x77, 0x77, 0x66, 0x55, 0x54, 0x44, 0x44, 0x45, 0x54, 0x58, 0x99, 0xAA, 0xAA, 0xA9, 0x98, 
	0x88, 0x88, 0x88, 0x99, 0x99, 0x87, 0x66, 0x66, 0x77, 0x77, 0x66, 0x67, 0x9B, 0xBB, 0xAA, 
	0xAA, 0xCD, 0xDD, 0xCC, 0xCB, 0xAA, 0x98, 0x78, 0x77, 0x77, 0x77, 0x78, 0x88, 0x78, 0x9A, 
	0xCC, 0xA8, 0x77, 0x77, 0x77, 0x67, 0x77, 0x77, 0x77, 0x77, 0x66, 0x67, 0x76, 0x65, 0x55, 
	0x55, 0x65, 0x66, 0x66, 0x66, 0x66, 0x77, 0x77, 0x77, 0x77, 0x78, 0x88, 0x88, 0x89, 0x99, 
	0x99, 0x99, 0x99, 0x99, 0x88, 0x88, 0x88, 0x87, 0x77, 0x77, 0x77, 0x77, 0x77, 0x77, 0x66, 
	0x66, 0x66, 0x66, 0x66, 0x67, 0x77, 0x77, 0x77, 0x88, 0x88, 0x87, 0x77, 0x77, 0x78, 0x88, 
	0x99, 0x99, 0xAA, 0xAA, 0xBB, 0xCE, 0xCD, 0xFF, 0xEC, 0xCC, 0xCC, 0xCD, 0xC9, 0x88, 0x76, 
	0x66, 0x77, 0x67, 0x78, 0x78, 0x77, 0x88, 0x89, 0x89, 0xBD, 0xFF, 0xFF, 0xEC, 0x99, 0x99, 
	0x9A, 0xAA, 0xAA, 0xBB, 0xAA, 0xA9, 0x9A, 0xAA, 0xBB, 0xBB, 0xBB, 0xBA, 0xAA, 0xAA, 0x90, 
	0x08, 0x77, 0x77, 0x78, 0x88, 0x88, 0x89, 0x99, 0xAA, 0xAA, 0xAA, 0xAA, 0xAA, 0xAA, 0xAA, 
	0xAA, 0xAA, 0xAB, 0xBB, 0xBB, 0xBB, 0xCC, 0xCC, 0xCC, 0xCC, 0xCC, 0xCC, 0xCC, 0xCC, 0xCC, 
	0xCC, 0xCC, 0xCC, 0xCC, 0xCC, 0xCC, 0xCC, 0xCC, 0xCC, 0xCC, 0xCC, 0xCC, 0xCC, 0xDD, 0xDD, 
	0xDD, 0xCC, 0xCB, 0xBB, 0xCC, 0xCC, 0xCC, 0xCC, 0xCD, 0xDD, 0xDD, 0xDD, 0xDD, 0xDC, 0xCC, 
	0xCC, 0xCC, 0xCD, 0xDD, 0xDD, 0xDD, 0xDD, 0xDD, 0xDC, 0xBA, 0xBB, 0xCC, 0xBB, 0xBA, 0xAA, 
	0xAB, 0xBB, 0xBB, 0xA9, 0xAB, 0xCC, 0xCA, 0x99, 0xAB, 0xBB, 0xCC, 0xB9, 0x87, 0x66, 0x66, 
	0x77, 0x77, 0x77, 0x77, 0x66, 0x65, 0x21, 0x67, 0x56, 0x77, 0x89, 0x88, 0x89, 0x99, 0x99, 
	0x99, 0x99, 0x99, 0x99, 0x99, 0x99, 0x99, 0x99, 0x99, 0x99, 0x99, 0x99, 0x99, 0xAA, 0xAA, 
	0xAB, 0xA9, 0xA9, 0x99, 0xA9, 0x88, 0x89, 0x9A, 0xB8, 0x37, 0x59, 0xBB, 0xAA, 0xAA, 0xAA, 
	0xAA, 0xAA, 0xAA, 0xAA, 0xAA, 0xAA, 0xAA, 0xA9, 0x99, 0x98, 0x88, 0x77, 0x77, 0x77, 0x77, 
	0x77, 0x76, 0x66, 0x54, 0x44, 0x43, 0x34, 0x45, 0x54, 0x57, 0x99, 0x9A, 0xAA, 0xA9, 0x98, 
	0x88, 0x88, 0x89, 0x99, 0x98, 0x87, 0x66, 0x67, 0x77, 0x77, 0x66, 0x67, 0xAB, 0xBB, 0xAA, 
	0xAA, 0xCD, 0xDD, 0xDD, 0xCB, 0xBA, 0x98, 0x87, 0x66, 0x56, 0x8B, 0xA9, 0x9A, 0x9A, 0xBD, 
	0xCB, 0xAA, 0x87, 0x77, 0x77, 0x77, 0x77, 0x77, 0x77, 0x77, 0x77, 0x67, 0x77, 0x65, 0x55, 
	0x55, 0x55, 0x56, 0x66, 0x66, 0x66, 0x67, 0x77, 0x77, 0x77, 0x78, 0x88, 0x88, 0x89, 0x89, 
	0x99, 0x99, 0x98, 0x88, 0x88, 0x87, 0x77, 0x77, 0x77, 0x77, 0x77, 0x77, 0x77, 0x67, 0x76, 
	0x66, 0x65, 0x55, 0x66, 0x67, 0x77, 0x88, 0x78, 0x88, 0x88, 0x87, 0x77, 0x78, 0x88, 0x88, 
	0x99, 0x99, 0xAA, 0xAA, 0xBB, 0xDC, 0x8A, 0xDD, 0xCC, 0xCC, 0xCC, 0xDD, 0xDB, 0x97, 0x76, 
	0x67, 0x67, 0x66, 0x67, 0x77, 0x77, 0x77, 0x89, 0x99, 0xBD, 0xFF, 0xED, 0xCB, 0xAA, 0xA9, 
	0xAB, 0xBA, 0xAA, 0xAA, 0xBA, 0xAA, 0xAA, 0xAA, 0xBB, 0xBB, 0xBB, 0xBA, 0xAA, 0xAA, 0x90, 
	0x09, 0x77, 0x77, 0x78, 0x88, 0x88, 0x89, 0x99, 0xAA, 0xAA, 0xAA, 0xAA, 0xAA, 0xAA, 0xAA, 
	0xAA, 0xAA, 0xAA, 0xBB, 0xBB, 0xBB, 0xCC, 0xCC, 0xCC, 0xCC, 0xCC, 0xCC, 0xCC, 0xCC, 0xCC, 
	0xCC, 0xCC, 0xCC, 0xCC, 0xCC, 0xCC, 0xCC, 0xCC, 0xCC, 0xCC, 0xCC, 0xCC, 0xCC, 0xCD, 0xDD, 
	0xDD, 0xCC, 0xCB, 0xBB, 0xBC, 0xCC, 0xCC, 0xCC, 0xCD, 0xDD, 0xDD, 0xDD, 0xDD, 0xDC, 0xCC, 
	0xCC, 0xCC, 0xCC, 0xDD, 0xDD, 0xDD, 0xDD, 0xDD, 0xCB, 0xAA, 0xBB, 0xCC, 0xCB, 0xBA, 0x9A, 
	0xAB, 0xBB, 0xBA, 0xA9, 0x9A, 0xCD, 0xCB, 0xAA, 0xAB, 0xBB, 0xBC, 0xBA, 0x87, 0x66, 0x66, 
	0x77, 0x88, 0x77, 0x77, 0x77, 0x66, 0x31, 0x57, 0x66, 0x66, 0x77, 0x88, 0x99, 0x99, 0x99, 
	0x99, 0x99, 0x99, 0x99, 0x99, 0x99, 0x99, 0x99, 0x99, 0x99, 0x99, 0x99, 0xAA, 0xAA, 0xAA, 
	0xBA, 0xAA, 0xAA, 0xAA, 0xAA, 0xA9, 0x9A, 0xAA, 0xBB, 0x66, 0x8B, 0xAA, 0xAA, 0xAA, 0xAA, 
	0xAA, 0xAA, 0xAA, 0xBA, 0xAA, 0xAA, 0xAA, 0xAA, 0x99, 0x99, 0x88, 0x87, 0x77, 0x77, 0x78, 
	0x77, 0x77, 0x76, 0x54, 0x44, 0x44, 0x34, 0x44, 0x55, 0x56, 0xAA, 0xAA, 0xA9, 0x99, 0x98, 
	0x88, 0x88, 0x99, 0x88, 0x88, 0x77, 0x77, 0x77, 0x77, 0x88, 0x77, 0x66, 0x9B, 0xBB, 0xAA, 
	0x9A, 0xCD, 0xDD, 0xDD, 0xCB, 0xBB, 0x98, 0x86, 0x55, 0x69, 0xEF, 0xEB, 0xBD, 0xDD, 0xCC, 
	0xBA, 0xAB, 0x97, 0x77, 0x76, 0x77, 0x77, 0x77, 0x77, 0x77, 0x77, 0x77, 0x77, 0x65, 0x55, 
	0x55, 0x55, 0x55, 0x66, 0x66, 0x66, 0x66, 0x77, 0x77, 0x77, 0x78, 0x88, 0x88, 0x88, 0x88, 
	0x88, 0x88, 0x87, 0x77, 0x77, 0x77, 0x77, 0x77, 0x77, 0x77, 0x77, 0x77, 0x77, 0x77, 0x76, 
	0x66, 0x65, 0x54, 0x45, 0x66, 0x77, 0x88, 0x78, 0x88, 0x88, 0x87, 0x77, 0x78, 0x88, 0x89, 
	0x99, 0x9A, 0xAA, 0xAB, 0xBC, 0xDA, 0x89, 0xAB, 0xBB, 0xBC, 0xDD, 0xDD, 0xCA, 0xA9, 0x87, 
	0x67, 0x76, 0x66, 0x67, 0x66, 0x66, 0x78, 0x89, 0x99, 0xBB, 0xEE, 0xCB, 0xBB, 0xBA, 0xAA, 
	0xAB, 0xA9, 0x88, 0x9A, 0xAA, 0xAA, 0x98, 0x9A, 0xAA, 0xBA, 0xBB, 0xAA, 0x99, 0xAA, 0x90, 
	0x09, 0x77, 0x77, 0x78, 0x88, 0x88, 0x89, 0x99, 0xAA, 0xAA, 0xAA, 0xAA, 0xAA, 0xAA, 0xAA, 
	0xAA, 0xAA, 0xAA, 0xBB, 0xBB, 0xBB, 0xCC, 0xCC, 0xCC, 0xCC, 0xCC, 0xCC, 0xCC, 0xCC, 0xCC, 
	0xCC, 0xCC, 0xCC, 0xCC, 0xCC, 0xCC, 0xCC, 0xCC, 0xCC, 0xCC, 0xCC, 0xCC, 0xCC, 0xCD, 0xDD, 
	0xDD, 0xDC, 0xCB, 0xBB, 0xBC, 0xCC, 0xCC, 0xCC, 0xCD, 0xDD, 0xDD, 0xDD, 0xDD, 0xDC, 0xCC, 
	0xCC, 0xCC, 0xCC, 0xDD, 0xDD, 0xDD, 0xDD, 0xDD, 0xCB, 0xBA, 0xBB, 0xCC, 0xCC, 0xBA, 0x99, 
	0xAB, 0xBB, 0xBA, 0x99, 0x99, 0xBC, 0xBA, 0xAA, 0xAB, 0xBB, 0xBB, 0xBA, 0x87, 0x66, 0x77, 
	0x78, 0x88, 0x77, 0x77, 0x77, 0x67, 0x52, 0x46, 0x77, 0x56, 0x66, 0x78, 0x88, 0x89, 0x99, 
	0x99, 0x99, 0x99, 0x99, 0x99, 0x99, 0x99, 0x99, 0x99, 0x99, 0x99, 0x99, 0x9A, 0xAA, 0xAA, 
	0xAA, 0xAA, 0xAA, 0x9A, 0xAA, 0x9A, 0xA9, 0xAA, 0x6A, 0x87, 0xBB, 0xBA, 0xAA, 0xAA, 0xAA, 
	0xAA, 0xAA, 0xAA, 0xBB, 0xAA, 0xAA, 0xAA, 0xAA, 0xA9, 0x99, 0x98, 0x88, 0x77, 0x77, 0x77, 
	0x77, 0x77, 0x76, 0x44, 0x43, 0x33, 0x33, 0x34, 0x45, 0x56, 0xAB, 0xBB, 0xA9, 0x88, 0x88, 
	0x88, 0x88, 0x88, 0x77, 0x77, 0x77, 0x77, 0x77, 0x77, 0x78, 0x88, 0x77, 0xAB, 0xBB, 0xAA, 
	0xAA, 0xCD, 0xDD, 0xDD, 0xCC, 0xDC, 0xB8, 0x76, 0x55, 0x7B, 0xFF, 0xFD, 0xCC, 0xCD, 0xDC, 
	0xAA, 0xBB, 0x98, 0x77, 0x77, 0x77, 0x77, 0x77, 0x77, 0x77, 0x77, 0x77, 0x77, 0x66, 0x66, 
	0x65, 0x55, 0x55, 0x66, 0x66, 0x66, 0x66, 0x67, 0x77, 0x77, 0x77, 0x77, 0x78, 0x88, 0x88, 
	0x77, 0x67, 0x76, 0x66, 0x66, 0x67, 0x76, 0x67, 0x77, 0x77, 0x77, 0x66, 0x77, 0x77, 0x66, 
	0x66, 0x66, 0x66, 0x55, 0x56, 0x67, 0x88, 0x88, 0x88, 0x98, 0x88, 0x88, 0x88, 0x88, 0x99, 
	0x99, 0x9A, 0xAA, 0xAB, 0xBC, 0xC9, 0x88, 0x8A, 0xBB, 0xCD, 0xDC, 0xCD, 0xCA, 0x97, 0x88, 
	0x76, 0x66, 0x56, 0x66, 0x66, 0x66, 0x89, 0x99, 0x9A, 0xAB, 0xBC, 0xBB, 0xBB, 0xAA, 0x99, 
	0x99, 0x97, 0x66, 0x79, 0xAA, 0xA9, 0x76, 0x79, 0xAA, 0xAA, 0xAA, 0xAA, 0x99, 0xA9, 0x90, 
	0x09, 0x77, 0x77, 0x78, 0x88, 0x88, 0x89, 0x99, 0xAA, 0xAA, 0xAA, 0xAA, 0xAA, 0xA9, 0xAA, 
	0xAA, 0xAA, 0xAA, 0xBB, 0xBB, 0xBB, 0xCC, 0xCC, 0xCC, 0xCC, 0xCC, 0xCC, 0xCC, 0xCC, 0xCC, 
	0xCC, 0xCC, 0xCC, 0xCC, 0xCC, 0xCC, 0xCC, 0xCC, 0xCC, 0xCC, 0xCC, 0xCC, 0xCC, 0xCD, 0xDD, 
	0xDD, 0xDC, 0xCB, 0xBB, 0xBC, 0xCC, 0xCC, 0xCC, 0xCD, 0xDD, 0xDD, 0xDD, 0xDD, 0xDC, 0xCC, 
	0xCC, 0xCC, 0xCC, 0xDD, 0xDD, 0xDD, 0xDD, 0xDD, 0xDC, 0xCB, 0xBC, 0xCC, 0xCC, 0xBA, 0x99, 
	0x9A, 0xAA, 0xAA, 0x98, 0x89, 0x9A, 0x99, 0xAB, 0xBB, 0xBC, 0xCB, 0xB9, 0x87, 0x77, 0x77, 
	0x77, 0x88, 0x77, 0x77, 0x77, 0x77, 0x65, 0x36, 0x67, 0x66, 0x65, 0x66, 0x77, 0x88, 0x89, 
	0x99, 0x99, 0x99, 0x99, 0x99, 0x99, 0x99, 0x99, 0x99, 0x99, 0x99, 0x99, 0x99, 0x99, 0x99, 
	0xAA, 0x9A, 0xA9, 0x78, 0x99, 0xAA, 0x9A, 0x94, 0x4A, 0x9A, 0xAA, 0xBA, 0xAA, 0xAA, 0xAA, 
	0xAA, 0xBB, 0xBB, 0xBB, 0xAA, 0xAA, 0xAA, 0xAA, 0xAA, 0xA9, 0x99, 0x88, 0x87, 0x77, 0x77, 
	0x77, 0x77, 0x76, 0x55, 0x54, 0x43, 0x33, 0x34, 0x44, 0x56, 0xAC, 0xCB, 0xA9, 0x88, 0x88, 
	0x88, 0x88, 0x87, 0x77, 0x66, 0x67, 0x78, 0x87, 0x76, 0x78, 0x88, 0x88, 0xAB, 0xBB, 0xAA, 
	0xAA, 0xCD, 0xDD, 0xDD, 0xCD, 0xCC, 0xB8, 0x66, 0x66, 0x8C, 0xFF, 0xFD, 0xBC, 0xDD, 0xCA, 
	0xAB, 0xBB, 0xA8, 0x77, 0x77, 0x77, 0x77, 0x77, 0x78, 0x77, 0x77, 0x77, 0x77, 0x76, 0x66, 
	0x55, 0x55, 0x56, 0x66, 0x66, 0x66, 0x66, 0x66, 0x76, 0x77, 0x77, 0x77, 0x77, 0x77, 0x77, 
	0x66, 0x66, 0x66, 0x66, 0x66, 0x66, 0x66, 0x66, 0x66, 0x66, 0x77, 0x66, 0x76, 0x66, 0x66, 
	0x55, 0x66, 0x66, 0x66, 0x66, 0x78, 0x88, 0x88, 0x88, 0x88, 0x88, 0x88, 0x88, 0x88, 0x89, 
	0x99, 0xAA, 0xAA, 0xBB, 0xBC, 0xCA, 0xA8, 0x78, 0xAB, 0xCD, 0xDC, 0xCC, 0xBA, 0x97, 0x78, 
	0x97, 0x55, 0x66, 0x56, 0x66, 0x77, 0x8A, 0x98, 0x9A, 0xAB, 0xAB, 0xBB, 0xCB, 0xA9, 0x88, 
	0x88, 0x76, 0x45, 0x69, 0xA9, 0x98, 0x65, 0x58, 0xAA, 0xA9, 0x99, 0x98, 0x78, 0x99, 0x90, 
	0x0A, 0x87, 0x77, 0x78, 0x88, 0x88, 0x89, 0x99, 0x9A, 0xAA, 0xAA, 0xAA, 0xAA, 0xA9, 0xAA, 
	0xAA, 0xAA, 0xAA, 0xBB, 0xBB, 0xBB, 0xCC, 0xCC, 0xCC, 0xCC, 0xCC, 0xCC, 0xCC, 0xCC, 0xCC, 
	0xCC, 0xCC, 0xCC, 0xCC, 0xCC, 0xCC, 0xCC, 0xCC, 0xCC, 0xCC, 0xCC, 0xCC, 0xCC, 0xCD, 0xDD, 
	0xDD, 0xDC, 0xCC, 0xBB, 0xBC, 0xCC, 0xCC, 0xCC, 0xCD, 0xDD, 0xDD, 0xDD, 0xDD, 0xDC, 0xCC, 
	0xCC, 0xCC, 0xCC, 0xDD, 0xDD, 0xDD, 0xDD, 0xDD, 0xDC, 0xBC, 0xCC, 0xCC, 0xCC, 0xBA, 0x99, 
	0x99, 0xAA, 0xA9, 0x88, 0x89, 0x99, 0x88, 0xAA, 0xBC, 0xCC, 0xCB, 0xA9, 0x77, 0x67, 0x77, 
	0x88, 0x88, 0x87, 0x77, 0x77, 0x77, 0x77, 0x66, 0x56, 0x76, 0x55, 0x55, 0x56, 0x77, 0x88, 
	0x99, 0x99, 0x99, 0x99, 0x99, 0x99, 0x99, 0x99, 0x99, 0x99, 0x99, 0x99, 0x99, 0x88, 0x99, 
	0xAA, 0xA9, 0x54, 0x58, 0xAA, 0x9A, 0xA8, 0x44, 0x38, 0xBB, 0xAB, 0xAA, 0xAA, 0xAA, 0xAA, 
	0xAA, 0xBB, 0xBB, 0xBB, 0xBB, 0xBB, 0xAA, 0xAA, 0xAA, 0xAA, 0x99, 0x88, 0x77, 0x77, 0x77, 
	0x77, 0x77, 0x76, 0x55, 0x55, 0x44, 0x43, 0x33, 0x44, 0x45, 0x9B, 0xCB, 0xA9, 0x98, 0x88, 
	0x88, 0x88, 0x87, 0x76, 0x66, 0x67, 0x88, 0x88, 0x77, 0x77, 0x89, 0x9A, 0xBB, 0xBA, 0xAA, 
	0xAA, 0xCD, 0xED, 0xDD, 0xDE, 0xED, 0xB8, 0x66, 0x66, 0x7A, 0xEE, 0xDA, 0x9B, 0xDD, 0xBA, 
	0xAB, 0xBB, 0xA8, 0x78, 0x77, 0x77, 0x77, 0x67, 0x77, 0x78, 0x87, 0x77, 0x77, 0x77, 0x65, 
	0x55, 0x66, 0x66, 0x66, 0x66, 0x66, 0x66, 0x66, 0x76, 0x67, 0x77, 0x77, 0x77, 0x76, 0x66, 
	0x66, 0x66, 0x66, 0x66, 0x66, 0x67, 0x66, 0x76, 0x66, 0x66, 0x67, 0x77, 0x76, 0x76, 0x67, 
	0x66, 0x77, 0x77, 0x77, 0x77, 0x88, 0x88, 0x88, 0x88, 0x88, 0x88, 0x88, 0x88, 0x88, 0x99, 
	0x99, 0xAA, 0xAA, 0xCC, 0xCC, 0xCC, 0xB9, 0x89, 0xAD, 0xED, 0xCC, 0xA9, 0x98, 0x87, 0x77, 
	0x89, 0x65, 0x66, 0x56, 0x67, 0x77, 0x89, 0x88, 0x9A, 0xAB, 0xBB, 0xBC, 0xBB, 0xA9, 0x89, 
	0x98, 0x75, 0x45, 0x58, 0x98, 0x87, 0x55, 0x46, 0x99, 0x98, 0x88, 0x87, 0x67, 0x99, 0x90, 
	0x0A, 0x87, 0x77, 0x78, 0x88, 0x88, 0x89, 0x99, 0xAA, 0xAA, 0xAA, 0xAA, 0xAA, 0xA9, 0xAA, 
	0xAA, 0xAA, 0xAA, 0xBB, 0xBB, 0xBB, 0xCC, 0xCC, 0xCC, 0xCC, 0xCC, 0xCC, 0xCC, 0xCC, 0xCC, 
	0xCC, 0xCC, 0xCC, 0xCC, 0xCC, 0xCC, 0xCC, 0xCC, 0xCC, 0xCC, 0xCC, 0xCC, 0xCC, 0xCD, 0xDD, 
	0xDD, 0xDC, 0xCC, 0xBB, 0xBC, 0xCC, 0xCC, 0xCC, 0xCC, 0xDD, 0xDD, 0xDD, 0xCC, 0xCC, 0xCC, 
	0xCC, 0xCC, 0xCC, 0xCD, 0xDD, 0xDD, 0xDD, 0xDD, 0xDC, 0xCC, 0xCC, 0xCC, 0xCC, 0xBB, 0xAA, 
	0xAA, 0x99, 0x99, 0x88, 0x88, 0x99, 0x98, 0x8A, 0xBB, 0xCC, 0xBB, 0xA8, 0x77, 0x77, 0x88, 
	0x88, 0x88, 0x87, 0x78, 0x77, 0x77, 0x77, 0x76, 0x65, 0x66, 0x66, 0x66, 0x54, 0x56, 0x67, 
	0x88, 0x89, 0x99, 0x99, 0x98, 0x88, 0x99, 0x99, 0x99, 0x98, 0x89, 0x99, 0x87, 0x67, 0x89, 
	0x87, 0x53, 0x26, 0xA9, 0x99, 0xAA, 0x63, 0x35, 0x47, 0xAB, 0xBB, 0xAA, 0xAA, 0xAA, 0xAB, 
	0xBA, 0xBB, 0xBB, 0xBB, 0xBB, 0xBB, 0xAA, 0xAA, 0xAA, 0xAA, 0xA9, 0x99, 0x87, 0x77, 0x77, 
	0x77, 0x77, 0x76, 0x54, 0x55, 0x55, 0x44, 0x33, 0x34, 0x45, 0x7A, 0xCB, 0xA9, 0x88, 0x88, 
	0x88, 0x88, 0x77, 0x66, 0x66, 0x67, 0x88, 0x88, 0x77, 0x78, 0x89, 0x9A, 0xBB, 0xBA, 0xAA, 
	0xAA, 0xCD, 0xEE, 0xDE, 0xFF, 0xFF, 0xA7, 0x66, 0x55, 0x8C, 0xDC, 0xA9, 0xAB, 0xDC, 0xA9, 
	0xAA, 0xBC, 0xA8, 0x88, 0x77, 0x77, 0x77, 0x66, 0x66, 0x77, 0x77, 0x77, 0x77, 0x77, 0x66, 
	0x66, 0x66, 0x66, 0x66, 0x66, 0x66, 0x66, 0x66, 0x66, 0x66, 0x77, 0x77, 0x77, 0x66, 0x66, 
	0x66, 0x56, 0x66, 0x66, 0x67, 0x77, 0x66, 0x66, 0x67, 0x76, 0x67, 0x66, 0x66, 0x77, 0x66, 
	0x66, 0x77, 0x87, 0x77, 0x78, 0x88, 0x88, 0x88, 0x88, 0x88, 0x88, 0x88, 0x88, 0x99, 0x99, 
	0xA9, 0xAA, 0xBB, 0xCC, 0xCC, 0xCC, 0xB9, 0x9A, 0xBE, 0xEE, 0xDC, 0xA9, 0x87, 0x77, 0x77, 
	0x77, 0x97, 0x66, 0x66, 0x67, 0x77, 0x78, 0x88, 0x9A, 0xAA, 0xBA, 0xBC, 0xBB, 0xA9, 0x89, 
	0xA8, 0x75, 0x55, 0x68, 0x88, 0x76, 0x56, 0x55, 0x78, 0x87, 0x77, 0x76, 0x57, 0x99, 0x90, 
	0x0A, 0x87, 0x77, 0x77, 0x88, 0x88, 0x88, 0x99, 0x9A, 0xAA, 0xAA, 0xAA, 0xAA, 0xAA, 0xAA, 
	0xAA, 0xAA, 0xAA, 0xBB, 0xBB, 0xBB, 0xBC, 0xCB, 0xCC, 0xCC, 0xCC, 0xCC, 0xCC, 0xCC, 0xCC, 
	0xCC, 0xCC, 0xCC, 0xCC, 0xCC, 0xCC, 0xCC, 0xCC, 0xCC, 0xCC, 0xCC, 0xCC, 0xCC, 0xCD, 0xDD, 
	0xDD, 0xDC, 0xCC, 0xBB, 0xBC, 0xCC, 0xCC, 0xCC, 0xCC, 0xDD, 0xDD, 0xDD, 0xCC, 0xCC, 0xCC, 
	0xCC, 0xCC, 0xCC, 0xCD, 0xDD, 0xDD, 0xDD, 0xDD, 0xDC, 0xCC, 0xCC, 0xCC, 0xCC, 0xCC, 0xCC, 
	0xBB, 0xA9, 0x98, 0x88, 0x88, 0x99, 0x87, 0x78, 0xAB, 0xBB, 0xBB, 0xA8, 0x87, 0x78, 0x88, 
	0x88, 0x88, 0x88, 0x87, 0x77, 0x77, 0x77, 0x76, 0x66, 0x66, 0x66, 0x76, 0x66, 0x33, 0x45, 
	0x67, 0x78, 0x89, 0x88, 0x98, 0x88, 0x98, 0x99, 0x99, 0x88, 0x88, 0x86, 0x64, 0x24, 0x66, 
	0x32, 0x11, 0x69, 0x99, 0x9A, 0x94, 0x23, 0x37, 0x56, 0xAB, 0xBA, 0xBA, 0xAA, 0xAB, 0xBB, 
	0xBB, 0xBB, 0xBB, 0xBB, 0xBB, 0xBB, 0xBB, 0xBA, 0xAA, 0xAA, 0xA9, 0x99, 0x88, 0x87, 0x77, 
	0x77, 0x77, 0x77, 0x54, 0x44, 0x55, 0x54, 0x43, 0x34, 0x44, 0x6A, 0xCB, 0xA9, 0x88, 0x87, 
	0x88, 0x87, 0x87, 0x76, 0x66, 0x77, 0x88, 0x77, 0x77, 0x78, 0x99, 0xAA, 0xBB, 0xAA, 0xAA, 
	0xAA, 0xCD, 0xEE, 0xDE, 0xFF, 0xFF, 0x97, 0x65, 0x55, 0x9D, 0xDE, 0xBC, 0xBC, 0xCB, 0xA9, 
	0xAA, 0xBC, 0xB9, 0x98, 0x77, 0x87, 0x77, 0x76, 0x65, 0x67, 0x77, 0x78, 0x87, 0x87, 0x76, 
	0x66, 0x65, 0x66, 0x66, 0x66, 0x66, 0x66, 0x66, 0x77, 0x67, 0x67, 0x66, 0x66, 0x66, 0x65, 
	0x66, 0x66, 0x66, 0x66, 0x77, 0x77, 0x77, 0x77, 0x76, 0x66, 0x77, 0x76, 0x77, 0x77, 0x77, 
	0x77, 0x77, 0x77, 0x88, 0x87, 0x78, 0x88, 0x88, 0x88, 0x88, 0x88, 0x88, 0x88, 0x89, 0x9A, 
	0xAA, 0xAA, 0xCB, 0xBC, 0xEE, 0xCB, 0xAA, 0xBB, 0xBE, 0xED, 0xCB, 0xA8, 0x87, 0x77, 0x77, 
	0x76, 0x98, 0x76, 0x67, 0x67, 0x77, 0x77, 0x77, 0x89, 0x9A, 0xAB, 0xAB, 0xA9, 0x88, 0x88, 
	0x88, 0x65, 0x56, 0x77, 0x87, 0x65, 0x55, 0x55, 0x67, 0x76, 0x66, 0x67, 0x78, 0x99, 0x90, 
	0x0A, 0x87, 0x77, 0x77, 0x88, 0x88, 0x88, 0x99, 0x9A, 0xAA, 0xAA, 0xAA, 0xAA, 0xAA, 0x9A, 
	0xAA, 0xAA, 0xAA, 0xBB, 0xBB, 0xBB, 0xBC, 0xBB, 0xBC, 0xCC, 0xCC, 0xCC, 0xCC, 0xCC, 0xCC, 
	0xCC, 0xCC, 0xCC, 0xCC, 0xCC, 0xCC, 0xCC, 0xCC, 0xCC, 0xCC, 0xCC, 0xCC, 0xCC, 0xCD, 0xDD, 
	0xDD, 0xDC, 0xCC, 0xBB, 0xCC, 0xCC, 0xCC, 0xCC, 0xCC, 0xDD, 0xDD, 0xDD, 0xCC, 0xCC, 0xCC, 
	0xCC, 0xCC, 0xCC, 0xCD, 0xDD, 0xDD, 0xDD, 0xDD, 0xCC, 0xBC, 0xCC, 0xCC, 0xCC, 0xCC, 0xCC, 
	0xCC, 0xBA, 0x99, 0x88, 0x89, 0x99, 0x86, 0x56, 0x8A, 0xAA, 0xAA, 0xA8, 0x77, 0x88, 0x88, 
	0x88, 0x88, 0x88, 0x87, 0x77, 0x77, 0x77, 0x77, 0x66, 0x66, 0x76, 0x67, 0x76, 0x63, 0x11, 
	0x13, 0x45, 0x67, 0x78, 0x77, 0x78, 0x88, 0x88, 0x88, 0x87, 0x66, 0x43, 0x21, 0x01, 0x22, 
	0x11, 0x13, 0x88, 0x9A, 0xA7, 0x32, 0x34, 0x68, 0x75, 0xAB, 0xBA, 0xAB, 0xAA, 0xAB, 0xBB, 
	0xBB, 0xBB, 0xBB, 0xBB, 0xBB, 0xBB, 0xBB, 0xBB, 0xAA, 0xAA, 0xAA, 0x99, 0x88, 0x87, 0x77, 
	0x77, 0x77, 0x77, 0x65, 0x43, 0x44, 0x45, 0x44, 0x43, 0x44, 0x5A, 0xCB, 0xA9, 0x88, 0x87, 
	0x78, 0x77, 0x78, 0x76, 0x67, 0x88, 0x88, 0x76, 0x67, 0x88, 0x89, 0xAA, 0xBB, 0xAA, 0xAA, 
	0xAA, 0xCD, 0xEE, 0xDE, 0xFF, 0xFD, 0x86, 0x55, 0x56, 0x8D, 0xEE, 0xFF, 0xDC, 0xCB, 0xAA, 
	0xAA, 0xAB, 0xCA, 0x98, 0x87, 0x88, 0x77, 0x76, 0x66, 0x66, 0x77, 0x88, 0x87, 0x77, 0x77, 
	0x65, 0x66, 0x66, 0x66, 0x66, 0x65, 0x66, 0x67, 0x77, 0x66, 0x66, 0x66, 0x66, 0x66, 0x55, 
	0x66, 0x66, 0x66, 0x66, 0x66, 0x77, 0x77, 0x77, 0x77, 0x77, 0x77, 0x77, 0x77, 0x77, 0x77, 
	0x77, 0x77, 0x77, 0x88, 0x77, 0x78, 0x88, 0x88, 0x88, 0x88, 0x88, 0x88, 0x89, 0x99, 0x9A, 
	0xAA, 0xAB, 0xBB, 0x9C, 0xFF, 0xCA, 0x9C, 0xDC, 0xBD, 0xDD, 0xAA, 0xB9, 0x88, 0x77, 0x77, 
	0x88, 0x88, 0x77, 0x77, 0x76, 0x76, 0x77, 0x77, 0x88, 0x88, 0x99, 0x99, 0x87, 0x77, 0x67, 
	0x77, 0x66, 0x66, 0x67, 0x65, 0x45, 0x55, 0x44, 0x57, 0x77, 0x77, 0x89, 0x88, 0x99, 0x90, 
	0x0A, 0x97, 0x77, 0x77, 0x88, 0x88, 0x88, 0x99, 0x9A, 0xAA, 0xAA, 0xAA, 0xAA, 0xAA, 0x9A, 
	0xAA, 0xAA, 0xAA, 0xAB, 0xBB, 0xBB, 0xBC, 0xCB, 0xBC, 0xCC, 0xCC, 0xCC, 0xCC, 0xCC, 0xCC, 
	0xCC, 0xCC, 0xCC, 0xCC, 0xCC, 0xCC, 0xCC, 0xCC, 0xCC, 0xCC, 0xCC, 0xCC, 0xCC, 0xCD, 0xDD, 
	0xDD, 0xDC, 0xCC, 0xBC, 0xCC, 0xCC, 0xCC, 0xCC, 0xCC, 0xCC, 0xDD, 0xDC, 0xCC, 0xCC, 0xCC, 
	0xCC, 0xCC, 0xCC, 0xCC, 0xCD, 0xDD, 0xDD, 0xDD, 0xCB, 0xBC, 0xCC, 0xCC, 0xCC, 0xCD, 0xDD, 
	0xDD, 0xCB, 0xA9, 0x99, 0x9A, 0xAA, 0x86, 0x55, 0x68, 0x89, 0x99, 0x98, 0x78, 0x88, 0x88, 
	0x88, 0x88, 0x88, 0x87, 0x77, 0x77, 0x77, 0x77, 0x76, 0x66, 0x66, 0x66, 0x76, 0x77, 0x52, 
	0x01, 0x11, 0x22, 0x33, 0x46, 0x66, 0x66, 0x55, 0x43, 0x32, 0x34, 0x22, 0x11, 0x11, 0x22, 
	0x22, 0x12, 0x68, 0x98, 0x42, 0x22, 0x24, 0x89, 0x65, 0xAA, 0xAB, 0xAB, 0xBA, 0xAB, 0xBB, 
	0xBB, 0xBB, 0xBB, 0xBB, 0xBB, 0xBB, 0xBB, 0xBB, 0xAA, 0xAA, 0xAA, 0x99, 0x88, 0x77, 0x77, 
	0x77, 0x77, 0x77, 0x65, 0x55, 0x44, 0x55, 0x44, 0x44, 0x44, 0x5A, 0xBA, 0xA9, 0x88, 0x87, 
	0x77, 0x77, 0x78, 0x76, 0x68, 0x88, 0x88, 0x66, 0x68, 0x88, 0x88, 0xAA, 0xBB, 0xAA, 0xAA, 
	0x9A, 0xBD, 0xEE, 0xDE, 0xFF, 0xE9, 0x55, 0x54, 0x56, 0x7A, 0xCF, 0xFF, 0xEC, 0xCB, 0xAA, 
	0xAA, 0xAB, 0xCB, 0xA9, 0x98, 0x88, 0x77, 0x76, 0x66, 0x66, 0x77, 0x88, 0x88, 0x87, 0x77, 
	0x65, 0x66, 0x56, 0x66, 0x66, 0x66, 0x66, 0x77, 0x77, 0x66, 0x77, 0x66, 0x66, 0x66, 0x55, 
	0x66, 0x66, 0x66, 0x66, 0x77, 0x77, 0x77, 0x77, 0x77, 0x77, 0x77, 0x77, 0x77, 0x77, 0x77, 
	0x77, 0x77, 0x77, 0x88, 0x78, 0x88, 0x78, 0x88, 0x77, 0x88, 0x88, 0x88, 0x88, 0x99, 0x9A, 
	0xBB, 0xBB, 0xBB, 0x9A, 0xFD, 0x99, 0xAD, 0xED, 0xCC, 0xCB, 0xBA, 0x9A, 0x98, 0x89, 0x99, 
	0x99, 0x88, 0x77, 0x77, 0x76, 0x66, 0x66, 0x77, 0x77, 0x77, 0x77, 0x76, 0x65, 0x66, 0x66, 
	0x66, 0x66, 0x56, 0x66, 0x65, 0x55, 0x56, 0x65, 0x57, 0x77, 0x89, 0x9A, 0x99, 0x9A, 0x90, 
	0x0A, 0x97, 0x77, 0x77, 0x88, 0x88, 0x88, 0x99, 0x9A, 0xAA, 0xAA, 0xAA, 0xAA, 0xAA, 0x9A, 
	0xAA, 0xAA, 0xAA, 0xAB, 0xBB, 0xBB, 0xBC, 0xCB, 0xBC, 0xCC, 0xCC, 0xCC, 0xCC, 0xCC, 0xCC, 
	0xCC, 0xCC, 0xCC, 0xCC, 0xCC, 0xCC, 0xCC, 0xCC, 0xCC, 0xCC, 0xCC, 0xCC, 0xCC, 0xCD, 0xDD, 
	0xDD, 0xDD, 0xCC, 0xBC, 0xCC, 0xCC, 0xCC, 0xCC, 0xCC, 0xCC, 0xCD, 0xCC, 0xCC, 0xCC, 0xCC, 
	0xCC, 0xCC, 0xCC, 0xCC, 0xCD, 0xDD, 0xDD, 0xDD, 0xCA, 0xBC, 0xCC, 0xCC, 0xCC, 0xCD, 0xDD, 
	0xDD, 0xDC, 0xAA, 0xAA, 0xAB, 0xBA, 0x86, 0x55, 0x56, 0x78, 0x89, 0x98, 0x88, 0x88, 0x88, 
	0x88, 0x88, 0x88, 0x88, 0x78, 0x87, 0x77, 0x77, 0x76, 0x66, 0x67, 0x52, 0x37, 0x77, 0x76, 
	0x41, 0x11, 0x01, 0x12, 0x22, 0x32, 0x11, 0x20, 0x01, 0x11, 0x35, 0x21, 0x21, 0x22, 0x22, 
	0x33, 0x43, 0x68, 0x83, 0x12, 0x22, 0x33, 0x78, 0x58, 0xAA, 0xAA, 0xAA, 0xBB, 0xBB, 0xBB, 
	0xBB, 0xBB, 0xBB, 0xBB, 0xBB, 0xBB, 0xBB, 0xBB, 0xAA, 0xAA, 0xAA, 0x99, 0x88, 0x77, 0x77, 
	0x77, 0x77, 0x87, 0x75, 0x55, 0x45, 0x55, 0x55, 0x44, 0x44, 0x59, 0xBA, 0xA9, 0x98, 0x87, 
	0x77, 0x77, 0x77, 0x66, 0x78, 0x88, 0x88, 0x66, 0x78, 0x87, 0x79, 0xAA, 0xBA, 0xAA, 0xAA, 
	0xAA, 0xBD, 0xDE, 0xDD, 0xED, 0xC7, 0x55, 0x55, 0x77, 0x77, 0xAE, 0xFF, 0xCB, 0xBB, 0xAA, 
	0xAA, 0xAB, 0xBB, 0xB9, 0x88, 0x88, 0x77, 0x77, 0x66, 0x67, 0x77, 0x87, 0x88, 0x88, 0x87, 
	0x76, 0x55, 0x55, 0x66, 0x55, 0x66, 0x66, 0x66, 0x66, 0x66, 0x76, 0x66, 0x66, 0x66, 0x66, 
	0x66, 0x66, 0x76, 0x67, 0x77, 0x77, 0x77, 0x77, 0x77, 0x77, 0x77, 0x77, 0x77, 0x77, 0x78, 
	0x87, 0x77, 0x77, 0x78, 0x88, 0x88, 0x77, 0x88, 0x78, 0x88, 0x88, 0x88, 0x99, 0x89, 0x9A, 
	0xBC, 0xCB, 0x99, 0x99, 0xBB, 0x99, 0xCE, 0xEE, 0xED, 0xBA, 0xAB, 0x98, 0xA8, 0x89, 0x89, 
	0x88, 0x88, 0x87, 0x77, 0x66, 0x66, 0x66, 0x77, 0x66, 0x66, 0x66, 0x65, 0x56, 0x66, 0x66, 
	0x66, 0x66, 0x66, 0x76, 0x54, 0x45, 0x78, 0x97, 0x66, 0x77, 0x89, 0x99, 0x88, 0x9A, 0x90, 
	0x0A, 0x97, 0x77, 0x77, 0x88, 0x88, 0x88, 0x99, 0x99, 0xAA, 0xAA, 0xAA, 0xAA, 0xAA, 0x99, 
	0xAA, 0xAA, 0xAA, 0xAB, 0xBB, 0xBB, 0xBC, 0xCB, 0xBC, 0xCC, 0xCC, 0xCC, 0xCC, 0xCC, 0xCC, 
	0xCC, 0xCC, 0xCC, 0xCC, 0xCC, 0xCC, 0xCC, 0xCC, 0xCC, 0xCC, 0xCC, 0xCC, 0xCC, 0xCD, 0xDD, 
	0xDD, 0xDD, 0xCC, 0xBC, 0xCC, 0xCC, 0xCC, 0xCC, 0xCC, 0xCC, 0xCD, 0xCC, 0xCC, 0xCC, 0xCC, 
	0xCC, 0xCC, 0xCC, 0xCC, 0xDD, 0xDD, 0xDD, 0xDD, 0xB9, 0xAB, 0xCC, 0xCC, 0xCC, 0xCD, 0xDD, 
	0xDD, 0xDC, 0xBA, 0xAA, 0xBB, 0xBA, 0x97, 0x65, 0x46, 0x66, 0x78, 0x98, 0x87, 0x88, 0x88, 
	0x88, 0x88, 0x88, 0x88, 0x88, 0x88, 0x87, 0x77, 0x76, 0x66, 0x56, 0x53, 0x13, 0x67, 0x78, 
	0x83, 0x11, 0x11, 0x11, 0x11, 0x22, 0x11, 0x11, 0x12, 0x11, 0x16, 0x42, 0x21, 0x22, 0x21, 
	0x23, 0x34, 0x68, 0xA5, 0x22, 0x22, 0x36, 0x77, 0x7A, 0xAA, 0xAA, 0xAA, 0xBB, 0xBB, 0xBB, 
	0xBB, 0xBB, 0xBB, 0xBB, 0xBB, 0xBB, 0xBB, 0xBA, 0xAA, 0xAA, 0xAA, 0x99, 0x98, 0x87, 0x77, 
	0x77, 0x77, 0x77, 0x65, 0x44, 0x34, 0x45, 0x55, 0x54, 0x44, 0x47, 0xA9, 0x98, 0x88, 0x77, 
	0x77, 0x77, 0x77, 0x66, 0x78, 0x88, 0x88, 0x88, 0x88, 0x88, 0x89, 0xAB, 0xBA, 0xAA, 0xAA, 
	0xAA, 0xBC, 0xDE, 0xDD, 0xDD, 0xC9, 0x77, 0x78, 0xA9, 0xA9, 0xAC, 0xDC, 0xAC, 0xCB, 0xAA, 
	0xAA, 0xBC, 0xA9, 0xBA, 0x99, 0x88, 0x87, 0x77, 0x66, 0x67, 0x77, 0x88, 0x88, 0x88, 0x87, 
	0x87, 0x65, 0x55, 0x55, 0x55, 0x55, 0x55, 0x55, 0x66, 0x66, 0x66, 0x66, 0x66, 0x66, 0x66, 
	0x66, 0x67, 0x76, 0x67, 0x77, 0x77, 0x77, 0x77, 0x77, 0x77, 0x77, 0x77, 0x77, 0x66, 0x77, 
	0x87, 0x77, 0x77, 0x78, 0x77, 0x88, 0x87, 0x77, 0x88, 0x88, 0x88, 0x88, 0x99, 0x99, 0x9A, 
	0xBC, 0xBC, 0x98, 0xA9, 0xAB, 0xAA, 0xBE, 0xFF, 0xFF, 0xDC, 0xBA, 0x99, 0xAA, 0x99, 0x89, 
	0x98, 0x87, 0x77, 0x66, 0x66, 0x66, 0x67, 0x77, 0x77, 0x66, 0x77, 0x76, 0x66, 0x66, 0x77, 
	0x77, 0x76, 0x66, 0x65, 0x54, 0x69, 0xBA, 0xA8, 0x76, 0x66, 0x78, 0x87, 0x67, 0x89, 0x90, 
	0x0A, 0xA8, 0x77, 0x77, 0x88, 0x88, 0x88, 0x89, 0x99, 0xAA, 0xAA, 0xAA, 0xAA, 0xAA, 0x99, 
	0xAA, 0xAA, 0xAA, 0xAB, 0xBB, 0xBB, 0xBB, 0xCB, 0xBC, 0xCC, 0xCC, 0xCC, 0xCC, 0xCC, 0xCC, 
	0xCC, 0xCC, 0xCC, 0xCC, 0xCC, 0xCC, 0xCC, 0xCC, 0xCC, 0xCC, 0xCC, 0xCC, 0xCC, 0xCD, 0xDD, 
	0xDD, 0xDD, 0xCC, 0xBB, 0xCC, 0xCC, 0xCC, 0xCC, 0xCC, 0xCC, 0xCC, 0xCC, 0xCC, 0xCC, 0xCC, 
	0xCC, 0xCC, 0xCC, 0xCC, 0xDD, 0xDD, 0xDD, 0xDC, 0xA8, 0x9B, 0xCC, 0xCC, 0xCC, 0xCC, 0xCC, 
	0xDD, 0xCC, 0xBB, 0xBA, 0xAA, 0xBA, 0x98, 0x76, 0x55, 0x66, 0x78, 0x88, 0x88, 0x88, 0x88, 
	0x88, 0x88, 0x88, 0x88, 0x88, 0x88, 0x87, 0x77, 0x77, 0x76, 0x57, 0x63, 0x21, 0x24, 0x77, 
	0x82, 0x12, 0x21, 0x21, 0x22, 0x11, 0x21, 0x12, 0x11, 0x11, 0x25, 0x62, 0x12, 0x12, 0x12, 
	0x22, 0x12, 0x67, 0x96, 0x12, 0x23, 0x34, 0x44, 0x9A, 0xAA, 0xAA, 0xAA, 0xBB, 0xBB, 0xBB, 
	0xBB, 0xBB, 0xBB, 0xBB, 0xBB, 0xBB, 0xBB, 0xBA, 0xAA, 0xAA, 0xA9, 0x99, 0x98, 0x88, 0x77, 
	0x77, 0x77, 0x87, 0x75, 0x44, 0x43, 0x34, 0x55, 0x55, 0x44, 0x45, 0x98, 0x78, 0x87, 0x77, 
	0x77, 0x77, 0x77, 0x66, 0x78, 0x89, 0x99, 0x89, 0x88, 0x88, 0x8A, 0xBB, 0xBA, 0xAA, 0xAA, 
	0xAA, 0xBC, 0xDD, 0xEE, 0xED, 0xCB, 0x88, 0x9A, 0xBA, 0xAA, 0xAA, 0xB8, 0x8C, 0xCB, 0xBA, 
	0xAA, 0xBB, 0xA9, 0xAB, 0xA9, 0x88, 0x87, 0x77, 0x66, 0x67, 0x77, 0x78, 0x88, 0x99, 0x98, 
	0x88, 0x76, 0x55, 0x55, 0x55, 0x54, 0x55, 0x55, 0x66, 0x66, 0x66, 0x66, 0x66, 0x66, 0x66, 
	0x66, 0x66, 0x76, 0x66, 0x67, 0x77, 0x77, 0x77, 0x77, 0x77, 0x77, 0x77, 0x67, 0x77, 0x77, 
	0x77, 0x77, 0x77, 0x78, 0x87, 0x88, 0x88, 0x88, 0x88, 0x88, 0x89, 0x88, 0x99, 0x9A, 0xAA, 
	0xBC, 0xBA, 0xB9, 0x99, 0x9B, 0xBC, 0xCE, 0xFF, 0xFF, 0xEE, 0xEC, 0xBB, 0xAB, 0xBA, 0x99, 
	0x88, 0x76, 0x76, 0x76, 0x66, 0x77, 0x88, 0x87, 0x77, 0x66, 0x78, 0x87, 0x67, 0x67, 0x77, 
	0x77, 0x77, 0x66, 0x66, 0x56, 0x7C, 0xEC, 0x97, 0x65, 0x65, 0x76, 0x66, 0x65, 0x78, 0x81, 
	0x0A, 0xA8, 0x77, 0x77, 0x78, 0x88, 0x88, 0x89, 0x99, 0xAA, 0xAA, 0xAA, 0xAA, 0xAA, 0x9A, 
	0xAA, 0xAA, 0xAA, 0xAA, 0xBB, 0xBB, 0xBB, 0xCB, 0xBC, 0xCC, 0xCC, 0xCC, 0xCC, 0xCC, 0xCC, 
	0xCC, 0xCC, 0xCC, 0xCC, 0xCC, 0xCC, 0xCC, 0xCC, 0xCC, 0xCC, 0xCC, 0xCC, 0xCC, 0xCC, 0xDD, 
	0xDD, 0xDC, 0xCC, 0xBB, 0xCC, 0xCC, 0xCC, 0xCC, 0xCC, 0xCC, 0xCC, 0xCC, 0xCC, 0xCD, 0xCC, 
	0xCC, 0xCC, 0xCC, 0xCC, 0xCD, 0xDD, 0xDD, 0xCB, 0x97, 0x9B, 0xCC, 0xCC, 0xBB, 0xBC, 0xCC, 
	0xCC, 0xCB, 0xBB, 0xAA, 0xAA, 0xAA, 0x98, 0x76, 0x55, 0x56, 0x78, 0x88, 0x88, 0x88, 0x88, 
	0x88, 0x88, 0x88, 0x88, 0x88, 0x88, 0x87, 0x77, 0x77, 0x77, 0x76, 0x74, 0x32, 0x12, 0x58, 
	0x82, 0x11, 0x12, 0x34, 0x43, 0x22, 0x11, 0x11, 0x11, 0x24, 0x24, 0x52, 0x12, 0x11, 0x22, 
	0x22, 0x22, 0x57, 0x88, 0x22, 0x22, 0x33, 0x38, 0xAA, 0xAA, 0xAA, 0xAA, 0xBB, 0xBB, 0xBB, 
	0xBB, 0xBB, 0xBB, 0xBB, 0xBB, 0xBB, 0xBB, 0xAA, 0xAA, 0xAA, 0xA9, 0x99, 0x88, 0x88, 0x78, 
	0x87, 0x77, 0x77, 0x76, 0x43, 0x33, 0x33, 0x45, 0x55, 0x55, 0x55, 0x88, 0x77, 0x77, 0x77, 
	0x77, 0x88, 0x87, 0x67, 0x89, 0x99, 0x99, 0x99, 0x98, 0x88, 0x9A, 0xBB, 0xBA, 0xAA, 0xAA, 
	0xAA, 0xBC, 0xDD, 0xEE, 0xDD, 0xDC, 0xA9, 0x9A, 0xBB, 0xBA, 0xAB, 0x98, 0x8B, 0xCB, 0xB9, 
	0xAA, 0xAA, 0xA9, 0x9B, 0xB9, 0x88, 0x88, 0x87, 0x77, 0x77, 0x78, 0x87, 0x88, 0x89, 0x99, 
	0x88, 0x87, 0x66, 0x55, 0x55, 0x55, 0x55, 0x55, 0x56, 0x66, 0x66, 0x66, 0x66, 0x56, 0x66, 
	0x66, 0x66, 0x66, 0x66, 0x67, 0x77, 0x77, 0x77, 0x77, 0x77, 0x77, 0x77, 0x77, 0x88, 0x77, 
	0x77, 0x78, 0x88, 0x88, 0x88, 0x88, 0x78, 0x88, 0x88, 0x88, 0x99, 0x89, 0x99, 0x99, 0xAA, 
	0x99, 0xBA, 0xAA, 0x89, 0x9B, 0xCE, 0xEF, 0xFF, 0xFF, 0xFF, 0xFE, 0xDC, 0xBA, 0xAA, 0xA9, 
	0x98, 0x86, 0x66, 0x77, 0x67, 0x88, 0x88, 0x87, 0x76, 0x66, 0x78, 0x77, 0x67, 0x77, 0x77, 
	0x78, 0x88, 0x77, 0x77, 0x66, 0x8D, 0xED, 0x96, 0x55, 0x55, 0x66, 0x56, 0x55, 0x66, 0x61, 
	0x0A, 0xA8, 0x77, 0x77, 0x77, 0x88, 0x88, 0x89, 0x99, 0xAA, 0xAA, 0xAA, 0xAA, 0xAA, 0x99, 
	0x99, 0xAA, 0xAA, 0xAA, 0xBB, 0xBB, 0xBB, 0xCC, 0xBC, 0xCC, 0xCC, 0xCC, 0xCC, 0xCC, 0xCC, 
	0xCC, 0xCC, 0xCC, 0xCC, 0xCC, 0xCC, 0xCC, 0xCC, 0xCC, 0xCC, 0xCC, 0xCC, 0xCC, 0xCC, 0xDD, 
	0xDD, 0xDD, 0xCC, 0xBB, 0xCC, 0xCC, 0xCC, 0xCC, 0xCC, 0xCC, 0xCC, 0xCC, 0xCC, 0xCD, 0xCC, 
	0xCC, 0xCC, 0xCC, 0xCC, 0xCC, 0xDD, 0xDD, 0xCB, 0x87, 0xAB, 0xBB, 0xCB, 0xBA, 0xAB, 0xBB, 
	0xBB, 0xBB, 0xBA, 0xAA, 0xAA, 0xAB, 0xCA, 0x87, 0x66, 0x66, 0x68, 0x88, 0x78, 0x88, 0x88, 
	0x88, 0x88, 0x88, 0x88, 0x88, 0x88, 0x87, 0x77, 0x77, 0x77, 0x76, 0x66, 0x45, 0x45, 0x36, 
	0x96, 0x11, 0x11, 0x12, 0x56, 0x41, 0x11, 0x11, 0x11, 0x14, 0x44, 0x53, 0x12, 0x22, 0x22, 
	0x22, 0x22, 0x47, 0x98, 0x22, 0x22, 0x24, 0x8A, 0xAA, 0xAA, 0xAA, 0xAA, 0xAB, 0xBB, 0xBB, 
	0xBB, 0xBB, 0xBB, 0xBB, 0xBB, 0xBB, 0xBB, 0xAA, 0xAA, 0xAA, 0x99, 0x99, 0x87, 0x77, 0x77, 
	0x77, 0x87, 0x77, 0x76, 0x43, 0x33, 0x33, 0x34, 0x45, 0x55, 0x55, 0x79, 0x88, 0x88, 0x87, 
	0x88, 0x88, 0x87, 0x77, 0x89, 0x99, 0x99, 0xAA, 0xA8, 0x89, 0x9A, 0xBB, 0xBA, 0xAA, 0xAA, 
	0x9A, 0xBC, 0xDD, 0xEE, 0xED, 0xDC, 0xBA, 0xAB, 0xBA, 0xAA, 0xAA, 0xA9, 0x8B, 0xCA, 0xAA, 
	0xAA, 0xAA, 0xAA, 0xAB, 0xBA, 0x98, 0x88, 0x88, 0x77, 0x77, 0x78, 0x88, 0x77, 0x89, 0x99, 
	0x88, 0x88, 0x77, 0x65, 0x55, 0x55, 0x55, 0x55, 0x56, 0x66, 0x66, 0x66, 0x66, 0x66, 0x66, 
	0x66, 0x66, 0x66, 0x66, 0x67, 0x77, 0x77, 0x77, 0x77, 0x87, 0x77, 0x77, 0x77, 0x77, 0x88, 
	0x78, 0x87, 0x78, 0x88, 0x88, 0x88, 0x88, 0x88, 0x88, 0x99, 0x99, 0x99, 0x9A, 0xAA, 0xB9, 
	0x76, 0x8B, 0xA9, 0xA9, 0xAC, 0xEE, 0xFF, 0xFF, 0xFF, 0xFF, 0xFF, 0xDC, 0xCA, 0xAA, 0x99, 
	0x99, 0x87, 0x65, 0x77, 0x78, 0x88, 0x87, 0x77, 0x66, 0x77, 0x87, 0x76, 0x67, 0x77, 0x77, 
	0x88, 0x88, 0x88, 0x88, 0x76, 0x7C, 0xEC, 0x97, 0x64, 0x44, 0x66, 0x55, 0x55, 0x76, 0x51, 
	0x0A, 0xA8, 0x77, 0x77, 0x78, 0x88, 0x88, 0x88, 0x99, 0x9A, 0xAA, 0xAA, 0xAA, 0xAA, 0xA9, 
	0xAA, 0xAA, 0xAA, 0xAA, 0xBA, 0xBB, 0xBB, 0xCC, 0xBC, 0xCC, 0xCC, 0xCC, 0xCC, 0xCC, 0xCC, 
	0xCC, 0xCC, 0xCC, 0xCC, 0xCC, 0xCC, 0xCC, 0xCC, 0xCC, 0xCC, 0xCC, 0xCC, 0xCC, 0xCC, 0xDD, 
	0xDD, 0xDD, 0xCC, 0xBB, 0xCC, 0xCC, 0xCC, 0xCC, 0xCC, 0xCC, 0xCC, 0xCC, 0xCC, 0xCD, 0xCC, 
	0xCC, 0xCC, 0xCC, 0xCC, 0xCD, 0xDD, 0xDD, 0xCB, 0x88, 0x9A, 0xAA, 0xAA, 0xAA, 0xAA, 0xAB, 
	0xAA, 0xAB, 0xAA, 0xAB, 0xCC, 0xEF, 0xFF, 0xD9, 0x77, 0x76, 0x78, 0x88, 0x88, 0x88, 0x88, 
	0x88, 0x88, 0x88, 0x88, 0x88, 0x88, 0x88, 0x88, 0x77, 0x77, 0x77, 0x76, 0x65, 0x65, 0x25, 
	0x88, 0x22, 0x22, 0x21, 0x14, 0x62, 0x12, 0x11, 0x11, 0x34, 0x44, 0x34, 0x52, 0x12, 0x22, 
	0x23, 0x22, 0x46, 0x89, 0x53, 0x35, 0x79, 0xAA, 0xAA, 0xAA, 0xAA, 0xAA, 0xBB, 0xBB, 0xBB, 
	0xBB, 0xBB, 0xBB, 0xBB, 0xBB, 0xBB, 0xAA, 0xAA, 0xAA, 0xAA, 0xA9, 0x99, 0x87, 0x77, 0x77, 
	0x77, 0x77, 0x77, 0x76, 0x54, 0x33, 0x33, 0x33, 0x34, 0x45, 0x55, 0x67, 0x98, 0x78, 0x88, 
	0x88, 0x88, 0x77, 0x77, 0x89, 0x99, 0xAA, 0xAB, 0xA9, 0x89, 0xAA, 0xBC, 0xBB, 0xAA, 0xAA, 
	0x9A, 0xAB, 0xDD, 0xEE, 0xDD, 0xDC, 0xBA, 0xAA, 0xAA, 0x99, 0x9A, 0xAA, 0x9A, 0xCA, 0xAA, 
	0xAA, 0xAA, 0xBB, 0x9A, 0xCB, 0xA9, 0x98, 0x88, 0x87, 0x88, 0x88, 0x88, 0x77, 0x78, 0x99, 
	0x99, 0x88, 0x87, 0x66, 0x66, 0x55, 0x55, 0x55, 0x55, 0x66, 0x66, 0x66, 0x66, 0x66, 0x76, 
	0x66, 0x77, 0x66, 0x76, 0x77, 0x66, 0x77, 0x77, 0x77, 0x78, 0x77, 0x77, 0x77, 0x77, 0x87, 
	0x88, 0x88, 0x88, 0x88, 0x88, 0x88, 0x88, 0x88, 0x89, 0x99, 0x98, 0x99, 0x99, 0xAB, 0x96, 
	0x66, 0x6A, 0xBA, 0x9A, 0xAC, 0xBE, 0xFF, 0xFF, 0xFF, 0xFF, 0xFF, 0xEC, 0xBB, 0xBA, 0xA9, 
	0x88, 0x77, 0x56, 0x77, 0x78, 0x88, 0x87, 0x66, 0x67, 0x77, 0x77, 0x77, 0x77, 0x77, 0x77, 
	0x77, 0x88, 0x88, 0x87, 0x64, 0x6B, 0xCB, 0xA9, 0x64, 0x44, 0x67, 0x55, 0x56, 0x65, 0x41, 
	0x0A, 0xA9, 0x77, 0x77, 0x77, 0x88, 0x88, 0x88, 0x99, 0xAA, 0xAA, 0xAA, 0xAA, 0xAA, 0xA9, 
	0x99, 0xAA, 0xAA, 0xAA, 0xBB, 0xBB, 0xBB, 0xCC, 0xBC, 0xCC, 0xCC, 0xCC, 0xCC, 0xCC, 0xCC, 
	0xCC, 0xCC, 0xCC, 0xCC, 0xCC, 0xCC, 0xCC, 0xCC, 0xCC, 0xCC, 0xCC, 0xCC, 0xCC, 0xCC, 0xDD, 
	0xDD, 0xDD, 0xCC, 0xBB, 0xCC, 0xCC, 0xCC, 0xCC, 0xCC, 0xCC, 0xCC, 0xCC, 0xCC, 0xCD, 0xCC, 
	0xCC, 0xCC, 0xCC, 0xCC, 0xCD, 0xDD, 0xDD, 0xCB, 0x88, 0x8A, 0xAA, 0xAA, 0xAA, 0xAA, 0xAA, 
	0xAA, 0xAA, 0xAB, 0xBC, 0xCD, 0xFF, 0xFF, 0xFD, 0x98, 0x77, 0x78, 0x87, 0x77, 0x77, 0x88, 
	0x78, 0x88, 0x88, 0x88, 0x88, 0x88, 0x88, 0x88, 0x88, 0x88, 0x87, 0x77, 0x64, 0x55, 0x44, 
	0x78, 0x41, 0x22, 0x22, 0x14, 0x63, 0x11, 0x12, 0x12, 0x22, 0x33, 0x55, 0x73, 0x12, 0x22, 
	0x34, 0x44, 0x56, 0x89, 0x88, 0x9A, 0xAA, 0xAA, 0xAA, 0xAA, 0xAA, 0xAA, 0xBB, 0xBB, 0xBB, 
	0xBB, 0xBB, 0xBB, 0xBB, 0xBB, 0xAB, 0xBB, 0xAA, 0xAA, 0xA9, 0x9A, 0x99, 0x87, 0x77, 0x77, 
	0x77, 0x77, 0x77, 0x76, 0x54, 0x33, 0x33, 0x33, 0x34, 0x44, 0x54, 0x56, 0x89, 0x87, 0x88, 
	0x88, 0x88, 0x88, 0x78, 0x99, 0xAA, 0xA9, 0x9B, 0xBA, 0x99, 0xAB, 0xCC, 0xCB, 0xAA, 0xA9, 
	0x9A, 0xAB, 0xCD, 0xDD, 0xDD, 0xDC, 0xBA, 0xAA, 0x99, 0x88, 0x99, 0x99, 0x89, 0xBA, 0xAA, 
	0xA9, 0xAA, 0xBB, 0xAA, 0xBB, 0xAA, 0x98, 0x77, 0x78, 0x88, 0x88, 0x88, 0x77, 0x67, 0x89, 
	0x99, 0x98, 0x87, 0x76, 0x66, 0x65, 0x56, 0x65, 0x66, 0x66, 0x66, 0x66, 0x66, 0x67, 0x76, 
	0x77, 0x66, 0x67, 0x76, 0x66, 0x66, 0x77, 0x77, 0x78, 0x88, 0x77, 0x77, 0x88, 0x77, 0x88, 
	0x88, 0x88, 0x88, 0x88, 0x88, 0x88, 0x88, 0x88, 0x88, 0x99, 0x99, 0x99, 0x9A, 0xA9, 0x66, 
	0x66, 0x77, 0xAB, 0x99, 0xAC, 0xBB, 0xFF, 0xFF, 0xFF, 0xFF, 0xFF, 0xEC, 0xCB, 0xA9, 0x88, 
	0x77, 0x76, 0x66, 0x78, 0x88, 0x98, 0x87, 0x77, 0x77, 0x88, 0x77, 0x77, 0x77, 0x77, 0x77, 
	0x77, 0x88, 0x77, 0x77, 0x64, 0x47, 0x9A, 0xA8, 0x64, 0x34, 0x66, 0x56, 0x55, 0x56, 0x70, 
	0x0A, 0xA9, 0x77, 0x77, 0x78, 0x88, 0x88, 0x88, 0x99, 0x9A, 0xAA, 0xAA, 0xAA, 0xAA, 0x99, 
	0x99, 0xAA, 0xAA, 0xAA, 0xBB, 0xBB, 0xBB, 0xCC, 0xCC, 0xCC, 0xCC, 0xCC, 0xCC, 0xCC, 0xCC, 
	0xCC, 0xCC, 0xCC, 0xCC, 0xCC, 0xCC, 0xCC, 0xCC, 0xCC, 0xCC, 0xCC, 0xCC, 0xCC, 0xCC, 0xDD, 
	0xDD, 0xDD, 0xCC, 0xCB, 0xBC, 0xCC, 0xCC, 0xCC, 0xCC, 0xCC, 0xCC, 0xCD, 0xDC, 0xCD, 0xCC, 
	0xCC, 0xCC, 0xCC, 0xCC, 0xCC, 0xDD, 0xDD, 0xDC, 0x97, 0x8A, 0xAA, 0xAA, 0xAA, 0xAA, 0xAA, 
	0xAA, 0xAA, 0xBB, 0xCC, 0xEF, 0xFF, 0xFF, 0xFF, 0xA9, 0x88, 0x88, 0x77, 0x77, 0x77, 0x88, 
	0x88, 0x88, 0x88, 0x88, 0x88, 0x88, 0x88, 0x88, 0x88, 0x88, 0x87, 0x77, 0x75, 0x42, 0x12, 
	0x69, 0x61, 0x12, 0x11, 0x24, 0x42, 0x11, 0x11, 0x11, 0x10, 0x13, 0x33, 0x33, 0x24, 0x55, 
	0x56, 0x66, 0x66, 0x79, 0xAA, 0xAA, 0xAA, 0xAB, 0xAA, 0xAA, 0xAA, 0xAA, 0xBB, 0xBB, 0xBB, 
	0xBB, 0xBB, 0xBB, 0xBB, 0xBA, 0xBA, 0xAA, 0xAA, 0xAA, 0xAA, 0x99, 0x98, 0x87, 0x77, 0x77, 
	0x77, 0x77, 0x77, 0x77, 0x65, 0x43, 0x33, 0x34, 0x33, 0x44, 0x44, 0x45, 0x68, 0x87, 0x88, 
	0x88, 0x88, 0x87, 0x88, 0x9A, 0xBB, 0xA9, 0x9B, 0xBA, 0xAA, 0xBC, 0xDD, 0xDC, 0xA9, 0x99, 
	0x99, 0x9A, 0xCC, 0xDD, 0xDD, 0xDC, 0xBB, 0xA9, 0x88, 0x89, 0x99, 0x99, 0x98, 0x9A, 0xAA, 
	0xA9, 0xAA, 0xAA, 0xAA, 0xBB, 0xBA, 0x88, 0x77, 0x78, 0x88, 0x88, 0x88, 0x77, 0x66, 0x78, 
	0x99, 0x99, 0x88, 0x77, 0x76, 0x66, 0x66, 0x56, 0x66, 0x66, 0x66, 0x66, 0x66, 0x67, 0x76, 
	0x77, 0x66, 0x66, 0x66, 0x66, 0x66, 0x67, 0x77, 0x78, 0x87, 0x78, 0x88, 0x88, 0x88, 0x88, 
	0x88, 0x88, 0x88, 0x88, 0x88, 0x99, 0x99, 0x99, 0x89, 0x99, 0x99, 0x9A, 0xB9, 0x76, 0x55, 
	0x66, 0x76, 0x9B, 0xA9, 0x9A, 0xDD, 0xFF, 0xFE, 0xEE, 0xFF, 0xFE, 0xEC, 0xA9, 0xA8, 0x77, 
	0x77, 0x77, 0x77, 0x88, 0x89, 0x98, 0x77, 0x88, 0x88, 0x88, 0x78, 0x87, 0x77, 0x77, 0x77, 
	0x77, 0x78, 0x87, 0x77, 0x64, 0x45, 0x78, 0x97, 0x54, 0x44, 0x56, 0x66, 0x65, 0x58, 0x90, 
	0x0A, 0xA9, 0x77, 0x77, 0x78, 0x88, 0x88, 0x88, 0x89, 0x9A, 0xAA, 0xAA, 0xAA, 0xAA, 0xA9, 
	0x99, 0xAA, 0xAA, 0xAA, 0xAB, 0xBB, 0xBB, 0xCC, 0xCC, 0xCC, 0xCC, 0xCC, 0xCC, 0xCC, 0xCC, 
	0xCC, 0xCC, 0xCC, 0xCC, 0xCC, 0xCC, 0xCC, 0xCC, 0xCC, 0xCC, 0xCC, 0xCC, 0xCC, 0xCC, 0xDD, 
	0xDD, 0xDD, 0xCC, 0xCB, 0xBC, 0xCC, 0xCC, 0xCC, 0xCC, 0xCC, 0xCC, 0xDD, 0xDC, 0xCD, 0xCC, 
	0xCC, 0xCC, 0xCC, 0xCC, 0xCC, 0xDD, 0xDD, 0xDC, 0xA8, 0x8A, 0xAA, 0xAA, 0xAA, 0xAA, 0xAB, 
	0xBB, 0xAB, 0xBB, 0xCD, 0xEF, 0xFF, 0xFF, 0xFE, 0xBA, 0x98, 0x88, 0x87, 0x77, 0x77, 0x78, 
	0x88, 0x88, 0x88, 0x88, 0x88, 0x88, 0x88, 0x88, 0x88, 0x88, 0x88, 0x77, 0x77, 0x53, 0x22, 
	0x58, 0x73, 0x34, 0x43, 0x44, 0x32, 0x33, 0x22, 0x22, 0x22, 0x24, 0x53, 0x36, 0x66, 0x67, 
	0x77, 0x77, 0x88, 0x89, 0xAA, 0xAA, 0xAB, 0xAA, 0xAA, 0xAA, 0xAA, 0xAA, 0xAB, 0xBB, 0xBB, 
	0xBB, 0xBB, 0xBB, 0xBB, 0xBB, 0xBA, 0xAA, 0xAA, 0xAA, 0xAA, 0x99, 0x88, 0x87, 0x77, 0x77, 
	0x77, 0x77, 0x77, 0x77, 0x76, 0x43, 0x33, 0x34, 0x33, 0x34, 0x44, 0x45, 0x56, 0x88, 0x88, 
	0x88, 0x88, 0x88, 0x89, 0xAA, 0xBC, 0xB9, 0x9B, 0xBB, 0xBB, 0xCC, 0xDE, 0xDC, 0xA9, 0x88, 
	0x88, 0x89, 0xAB, 0xCC, 0xCD, 0xDC, 0xBA, 0xA9, 0x88, 0x99, 0x99, 0x88, 0x87, 0x89, 0xAA, 
	0xA9, 0xAA, 0xA9, 0xAA, 0xBB, 0xBA, 0x98, 0x88, 0x88, 0x88, 0x88, 0x88, 0x76, 0x65, 0x67, 
	0x89, 0x99, 0x98, 0x87, 0x76, 0x66, 0x66, 0x66, 0x66, 0x66, 0x66, 0x66, 0x66, 0x67, 0x77, 
	0x77, 0x76, 0x66, 0x66, 0x66, 0x76, 0x67, 0x77, 0x77, 0x88, 0x88, 0x88, 0x88, 0x88, 0x88, 
	0x88, 0x88, 0x88, 0x88, 0x89, 0x99, 0x98, 0x99, 0x99, 0x99, 0x99, 0xAA, 0x87, 0x76, 0x55, 
	0x66, 0x76, 0x7A, 0xB9, 0x9A, 0x9D, 0xEF, 0xEC, 0xCE, 0xFF, 0xEE, 0xCA, 0x9A, 0xA8, 0x77, 
	0x78, 0x88, 0x88, 0x88, 0x99, 0x97, 0x78, 0x89, 0x99, 0x88, 0x78, 0x88, 0x77, 0x77, 0x87, 
	0x77, 0x78, 0x87, 0x77, 0x65, 0x55, 0x56, 0x77, 0x54, 0x54, 0x56, 0x77, 0x77, 0x79, 0xA0, 
	0x0A, 0xA9, 0x77, 0x77, 0x77, 0x88, 0x88, 0x88, 0x89, 0x9A, 0xAA, 0xAA, 0xAA, 0xAA, 0xA9, 
	0x9A, 0xAA, 0xAA, 0xAA, 0xAB, 0xBB, 0xBB, 0xCC, 0xCC, 0xCC, 0xCC, 0xCC, 0xCC, 0xCC, 0xCC, 
	0xCC, 0xCC, 0xCC, 0xCC, 0xCC, 0xCC, 0xCC, 0xCC, 0xCC, 0xCC, 0xCC, 0xCC, 0xCC, 0xCC, 0xDD, 
	0xDD, 0xDD, 0xCC, 0xCB, 0xBC, 0xCC, 0xCC, 0xCC, 0xCC, 0xCC, 0xCC, 0xDD, 0xDD, 0xDD, 0xCC, 
	0xCC, 0xCC, 0xCC, 0xCC, 0xCC, 0xDD, 0xDD, 0xDC, 0xB9, 0x9A, 0xAB, 0xAA, 0xBB, 0xBB, 0xBB, 
	0xBB, 0xBA, 0xBB, 0xCD, 0xFF, 0xFF, 0xFF, 0xFD, 0xBA, 0x99, 0x98, 0x87, 0x77, 0x77, 0x77, 
	0x88, 0x88, 0x88, 0x88, 0x88, 0x88, 0x88, 0x88, 0x88, 0x88, 0x88, 0x87, 0x77, 0x87, 0x65, 
	0x67, 0x87, 0x67, 0x76, 0x66, 0x66, 0x65, 0x56, 0x55, 0x55, 0x64, 0x12, 0x15, 0x77, 0x77, 
	0x88, 0x88, 0x99, 0x9A, 0xAA, 0xAA, 0xAA, 0xAB, 0xAA, 0xAA, 0xAA, 0xBB, 0xAB, 0xBB, 0xBB, 
	0xBB, 0xBB, 0xBB, 0xBB, 0xBB, 0xAB, 0xBA, 0xAA, 0xAA, 0x99, 0x99, 0x88, 0x88, 0x77, 0x77, 
	0x77, 0x77, 0x77, 0x77, 0x66, 0x43, 0x33, 0x33, 0x33, 0x33, 0x44, 0x44, 0x55, 0x89, 0x88, 
	0x78, 0x89, 0x99, 0x99, 0xAB, 0xCC, 0xB9, 0x9A, 0xAB, 0xCC, 0xDD, 0xDE, 0xDC, 0xA9, 0x88, 
	0x88, 0x88, 0x9A, 0xAB, 0xCC, 0xCB, 0xBA, 0x98, 0x89, 0x99, 0x98, 0x88, 0x77, 0x79, 0xA9, 
	0xAA, 0x99, 0x99, 0x9A, 0xAA, 0xAB, 0xA9, 0x88, 0x88, 0x88, 0x88, 0x87, 0x76, 0x75, 0x66, 
	0x78, 0x89, 0x99, 0x88, 0x77, 0x76, 0x67, 0x76, 0x66, 0x66, 0x66, 0x66, 0x66, 0x77, 0x77, 
	0x77, 0x76, 0x66, 0x67, 0x66, 0x76, 0x67, 0x77, 0x77, 0x88, 0x88, 0x88, 0x88, 0x88, 0x88, 
	0x88, 0x88, 0x88, 0x88, 0x89, 0x99, 0x98, 0x99, 0x99, 0x9A, 0x9A, 0xB8, 0x55, 0x76, 0x55, 
	0x56, 0x67, 0x68, 0xA9, 0x8A, 0x99, 0xBD, 0xEE, 0xEE, 0xDD, 0xDB, 0xAB, 0xA9, 0x87, 0x77, 
	0x78, 0x88, 0x88, 0x89, 0x99, 0x87, 0x88, 0x9A, 0xA9, 0x99, 0x88, 0x88, 0x87, 0x88, 0x88, 
	0x87, 0x78, 0x87, 0x77, 0x76, 0x55, 0x44, 0x77, 0x65, 0x45, 0x66, 0x66, 0x67, 0x89, 0x90, 
	0x0A, 0xAA, 0x87, 0x77, 0x77, 0x88, 0x88, 0x88, 0x99, 0x9A, 0xAA, 0xAA, 0xAA, 0xAA, 0xA9, 
	0x9A, 0xAA, 0xAA, 0xAA, 0xAB, 0xBB, 0xBB, 0xBC, 0xCC, 0xCC, 0xCC, 0xCC, 0xCC, 0xBC, 0xCC, 
	0xCC, 0xCC, 0xCC, 0xCC, 0xCC, 0xCC, 0xCC, 0xCC, 0xCC, 0xCC, 0xCC, 0xCC, 0xCC, 0xCC, 0xCD, 
	0xDD, 0xDD, 0xCC, 0xCB, 0xBC, 0xCC, 0xCC, 0xCC, 0xCD, 0xDD, 0xDD, 0xDD, 0xDD, 0xDD, 0xCC, 
	0xCC, 0xCC, 0xCC, 0xCC, 0xCC, 0xDD, 0xDD, 0xCC, 0xB9, 0x99, 0xAA, 0xAA, 0xBB, 0xBB, 0xBB, 
	0xBB, 0xBB, 0xBC, 0xCD, 0xEF, 0xFF, 0xFF, 0xEA, 0x99, 0x99, 0x88, 0x87, 0x77, 0x77, 0x77, 
	0x88, 0x88, 0x88, 0x88, 0x88, 0x88, 0x88, 0x88, 0x88, 0x88, 0x88, 0x88, 0x88, 0x87, 0x77, 
	0x77, 0x88, 0x77, 0x77, 0x88, 0x77, 0x77, 0x77, 0x77, 0x77, 0x63, 0x23, 0x32, 0x47, 0x88, 
	0x89, 0x99, 0x9A, 0xAA, 0xAA, 0xAA, 0xBB, 0xAB, 0xAB, 0xAA, 0xAA, 0xBB, 0xAB, 0xBB, 0xBB, 
	0xBB, 0xBB, 0xBB, 0xBB, 0xBB, 0xBB, 0xAA, 0xAA, 0xA9, 0x99, 0x88, 0x88, 0x77, 0x77, 0x77, 
	0x77, 0x77, 0x77, 0x77, 0x76, 0x53, 0x23, 0x33, 0x34, 0x33, 0x44, 0x44, 0x44, 0x7A, 0x98, 
	0x89, 0x99, 0xA9, 0x9A, 0xBC, 0xCC, 0xA9, 0x89, 0x9A, 0xCD, 0xDD, 0xDD, 0xDC, 0xA9, 0x88, 
	0x88, 0x88, 0x89, 0x9A, 0xBC, 0xCB, 0xA9, 0x98, 0x99, 0x99, 0x88, 0x77, 0x77, 0x78, 0x9A, 
	0xAA, 0xA9, 0x99, 0x9A, 0xAA, 0xAB, 0xA9, 0x98, 0x88, 0x88, 0x88, 0x87, 0x66, 0x76, 0x66, 
	0x67, 0x89, 0x99, 0x98, 0x77, 0x77, 0x66, 0x67, 0x77, 0x66, 0x56, 0x66, 0x67, 0x77, 0x77, 
	0x66, 0x77, 0x77, 0x67, 0x76, 0x66, 0x67, 0x77, 0x77, 0x88, 0x88, 0x88, 0x88, 0x88, 0x88, 
	0x88, 0x88, 0x88, 0x88, 0x89, 0x99, 0x99, 0x99, 0xA9, 0xAA, 0xAA, 0x86, 0x66, 0x66, 0x55, 
	0x56, 0x67, 0x77, 0x9A, 0x88, 0x99, 0x9B, 0xDD, 0xDD, 0xDC, 0xBA, 0x99, 0x99, 0x77, 0x78, 
	0x88, 0x88, 0x89, 0x99, 0xA9, 0x88, 0x99, 0x9A, 0xA9, 0x99, 0x99, 0x99, 0x88, 0x89, 0x98, 
	0x88, 0x88, 0x77, 0x77, 0x66, 0x55, 0x44, 0x67, 0x75, 0x58, 0x86, 0x65, 0x55, 0x78, 0x80, 
	0x0A, 0xAA, 0x87, 0x77, 0x77, 0x78, 0x88, 0x88, 0x89, 0x9A, 0xAA, 0xAA, 0xAA, 0xAA, 0xA9, 
	0x99, 0xAA, 0xAA, 0xAA, 0xAB, 0xBB, 0xBB, 0xBC, 0xCC, 0xCC, 0xCC, 0xCC, 0xCC, 0xBC, 0xCC, 
	0xCC, 0xCC, 0xCC, 0xCC, 0xCC, 0xCC, 0xCC, 0xCC, 0xCC, 0xCC, 0xCC, 0xCC, 0xCC, 0xCC, 0xCD, 
	0xDD, 0xDD, 0xCC, 0xCB, 0xBC, 0xCC, 0xCC, 0xCC, 0xDD, 0xDD, 0xDD, 0xDD, 0xDD, 0xDD, 0xCC, 
	0xCC, 0xCC, 0xCC, 0xCC, 0xCC, 0xDD, 0xDD, 0xCB, 0xA9, 0x99, 0x9A, 0xAB, 0xBB, 0xAA, 0xAA, 
	0xBB, 0xBB, 0xCC, 0xCD, 0xEE, 0xEE, 0xEE, 0xC8, 0x99, 0x98, 0x88, 0x87, 0x77, 0x77, 0x77, 
	0x77, 0x78, 0x88, 0x88, 0x88, 0x88, 0x88, 0x88, 0x88, 0x88, 0x88, 0x88, 0x88, 0x88, 0x88, 
	0x89, 0x88, 0x89, 0x98, 0x89, 0x88, 0x88, 0x78, 0x77, 0x75, 0x11, 0x22, 0x32, 0x14, 0x88, 
	0x89, 0x99, 0x9A, 0xAA, 0xAA, 0xAA, 0xAA, 0xAA, 0xAA, 0xAA, 0xAB, 0xBA, 0xBB, 0xBB, 0xBB, 
	0xBB, 0xBB, 0xBB, 0xBB, 0xBB, 0xBB, 0xAA, 0xAA, 0x99, 0x88, 0x88, 0x77, 0x77, 0x77, 0x77, 
	0x77, 0x77, 0x77, 0x77, 0x77, 0x64, 0x33, 0x33, 0x33, 0x33, 0x34, 0x44, 0x44, 0x7A, 0xA9, 
	0xAA, 0xAA, 0xA9, 0xAA, 0xCC, 0xCB, 0x98, 0x88, 0x99, 0xAC, 0xDE, 0xDC, 0xBB, 0xA9, 0x88, 
	0x88, 0x88, 0x89, 0x9A, 0xBC, 0xCB, 0xA9, 0x99, 0x99, 0x88, 0x88, 0x77, 0x77, 0x78, 0x89, 
	0xA9, 0xAA, 0x99, 0xAA, 0xBB, 0xBA, 0xA9, 0x98, 0x88, 0x88, 0x88, 0x87, 0x77, 0x76, 0x66, 
	0x66, 0x78, 0x89, 0x98, 0x88, 0x88, 0x87, 0x66, 0x67, 0x77, 0x66, 0x66, 0x77, 0x77, 0x76, 
	0x66, 0x67, 0x87, 0x67, 0x76, 0x66, 0x77, 0x77, 0x77, 0x88, 0x88, 0x88, 0x88, 0x98, 0x88, 
	0x88, 0x88, 0x88, 0x88, 0x89, 0x99, 0x99, 0x99, 0xAA, 0xAA, 0xA8, 0x56, 0x55, 0x65, 0x55, 
	0x56, 0x66, 0x77, 0x7A, 0xA8, 0x89, 0x88, 0xBA, 0x99, 0x98, 0x88, 0x88, 0x88, 0x88, 0x88, 
	0x88, 0x88, 0x99, 0x89, 0x98, 0x89, 0x99, 0x9A, 0x98, 0x99, 0xAA, 0xA9, 0x9A, 0xAA, 0xA9, 
	0x99, 0x98, 0x77, 0x66, 0x66, 0x55, 0x44, 0x57, 0x66, 0x79, 0x86, 0x65, 0x44, 0x56, 0x60, 
	0x0A, 0xAA, 0x87, 0x77, 0x77, 0x77, 0x88, 0x88, 0x89, 0x9A, 0xAA, 0xAA, 0xAA, 0xAA, 0xA9, 
	0x99, 0xAA, 0xAA, 0xAA, 0xAB, 0xBB, 0xBB, 0xBB, 0xBC, 0xCC, 0xCC, 0xCC, 0xCC, 0xBC, 0xCC, 
	0xCC, 0xCC, 0xCC, 0xCC, 0xCC, 0xCC, 0xCC, 0xCC, 0xCC, 0xCC, 0xCC, 0xCC, 0xCC, 0xCC, 0xCD, 
	0xDD, 0xDD, 0xCC, 0xCB, 0xBC, 0xCC, 0xCC, 0xCC, 0xDD, 0xDD, 0xDD, 0xDD, 0xDD, 0xDD, 0xCC, 
	0xCC, 0xCC, 0xCC, 0xCC, 0xCD, 0xDD, 0xDC, 0xCA, 0x99, 0x9A, 0xAA, 0xAB, 0xBA, 0xAA, 0xAA, 
	0xBB, 0xBC, 0xCC, 0xCD, 0xDC, 0xCC, 0xCC, 0xA7, 0x88, 0x87, 0x78, 0x87, 0x77, 0x77, 0x77, 
	0x87, 0x88, 0x88, 0x88, 0x88, 0x88, 0x88, 0x88, 0x88, 0x88, 0x88, 0x88, 0x89, 0x88, 0x89, 
	0x99, 0x89, 0x99, 0x99, 0x89, 0x99, 0x88, 0x87, 0x77, 0x63, 0x23, 0x44, 0x45, 0x44, 0x68, 
	0x99, 0x99, 0xAA, 0xAA, 0xAA, 0xAA, 0xAA, 0xBB, 0xAA, 0xAA, 0xBB, 0xBA, 0xBB, 0xBB, 0xBB, 
	0xBB, 0xBB, 0xBB, 0xBB, 0xBA, 0xAB, 0xAA, 0xAA, 0x99, 0x98, 0x88, 0x76, 0x67, 0x67, 0x77, 
	0x77, 0x76, 0x67, 0x77, 0x76, 0x64, 0x32, 0x23, 0x33, 0x33, 0x33, 0x34, 0x45, 0x79, 0xA9, 
	0x99, 0x9A, 0xAA, 0xAB, 0xCC, 0xCA, 0x98, 0x88, 0x99, 0x9B, 0xEF, 0xFD, 0xBA, 0x99, 0x99, 
	0x98, 0x88, 0x99, 0x9A, 0xBC, 0xCB, 0x99, 0x99, 0x98, 0x77, 0x78, 0x88, 0x88, 0x88, 0x8A, 
	0xAA, 0xAA, 0x99, 0x9A, 0xAA, 0xBA, 0xA9, 0x99, 0x98, 0x88, 0x88, 0x88, 0x77, 0x77, 0x66, 
	0x66, 0x67, 0x78, 0x89, 0x98, 0x77, 0x88, 0x77, 0x66, 0x78, 0x77, 0x77, 0x77, 0x77, 0x76, 
	0x66, 0x67, 0x87, 0x67, 0x77, 0x77, 0x77, 0x77, 0x88, 0x88, 0x89, 0x98, 0x89, 0x99, 0x88, 
	0x88, 0x99, 0x98, 0x89, 0x99, 0x99, 0x99, 0x9A, 0xAA, 0xAA, 0x96, 0x56, 0x55, 0x55, 0x65, 
	0x57, 0x66, 0x67, 0x78, 0xA9, 0x87, 0x87, 0xAA, 0x87, 0x78, 0x87, 0x88, 0x77, 0x88, 0x89, 
	0x88, 0x99, 0x99, 0x89, 0x99, 0x89, 0x9A, 0xA9, 0x77, 0x99, 0xAB, 0xBB, 0xBB, 0xBB, 0xAA, 
	0xAA, 0xA9, 0x87, 0x76, 0x66, 0x55, 0x55, 0x56, 0x77, 0x79, 0x86, 0x65, 0x54, 0x45, 0x50, 
	0x0A, 0xAA, 0x97, 0x77, 0x77, 0x77, 0x88, 0x88, 0x89, 0x9A, 0xAA, 0xAA, 0xAA, 0xAA, 0xA9, 
	0x9A, 0x9A, 0xAA, 0xAA, 0xAB, 0xBB, 0xBB, 0xBB, 0xBB, 0xBC, 0xCC, 0xCC, 0xCC, 0xCC, 0xCC, 
	0xCC, 0xCC, 0xCC, 0xCC, 0xCC, 0xCC, 0xCC, 0xCC, 0xCC, 0xCC, 0xCC, 0xCC, 0xCC, 0xCC, 0xCC, 
	0xDD, 0xDD, 0xCC, 0xCB, 0xBC, 0xCC, 0xCC, 0xCC, 0xCD, 0xDD, 0xDD, 0xDD, 0xDD, 0xDD, 0xDC, 
	0xCC, 0xCC, 0xCC, 0xCC, 0xCC, 0xDD, 0xDC, 0xCA, 0xAB, 0xBA, 0xBB, 0xCC, 0xBB, 0xAA, 0xAB, 
	0xBB, 0xBB, 0xCC, 0xCC, 0xCC, 0xAB, 0xBB, 0xA8, 0x77, 0x76, 0x78, 0x87, 0x66, 0x77, 0x77, 
	0x88, 0x88, 0x88, 0x88, 0x88, 0x88, 0x88, 0x88, 0x88, 0x99, 0x99, 0x88, 0x99, 0x89, 0x99, 
	0x99, 0x99, 0x99, 0x99, 0x99, 0x99, 0x88, 0x88, 0x77, 0x53, 0x55, 0x55, 0x68, 0x98, 0x68, 
	0x99, 0x9A, 0xAA, 0xAA, 0xAA, 0xAB, 0xAA, 0xAA, 0xAA, 0xAA, 0xBB, 0xBB, 0xAA, 0xBB, 0xBB, 
	0xBA, 0xBB, 0xAA, 0xBB, 0xBA, 0xAA, 0xAA, 0xAA, 0x98, 0x88, 0x77, 0x66, 0x66, 0x77, 0x77, 
	0x77, 0x66, 0x67, 0x77, 0x77, 0x65, 0x43, 0x22, 0x34, 0x33, 0x33, 0x44, 0x57, 0x99, 0xAA, 
	0x98, 0x99, 0xAA, 0xAA, 0xBC, 0xBA, 0x99, 0x99, 0x99, 0x9A, 0xDF, 0xFF, 0xDB, 0x9A, 0xAA, 
	0xA9, 0x89, 0xAA, 0xAB, 0xCC, 0xCA, 0x99, 0xAA, 0x98, 0x88, 0x88, 0x88, 0x88, 0x89, 0x88, 
	0xAA, 0xAA, 0x99, 0x9A, 0xAA, 0xAA, 0xA9, 0x99, 0x99, 0x89, 0x88, 0x88, 0x77, 0x67, 0x66, 
	0x66, 0x66, 0x77, 0x88, 0x98, 0x88, 0x88, 0x88, 0x77, 0x67, 0x88, 0x77, 0x77, 0x77, 0x66, 
	0x66, 0x67, 0x98, 0x67, 0x77, 0x77, 0x77, 0x78, 0x88, 0x88, 0x89, 0x99, 0x99, 0x98, 0x99, 
	0x89, 0x99, 0x99, 0x99, 0x89, 0x99, 0x99, 0x9A, 0xAA, 0xB9, 0x75, 0x66, 0x55, 0x45, 0x65, 
	0x56, 0x65, 0x67, 0x76, 0x9A, 0x96, 0x78, 0x8A, 0x87, 0x78, 0x87, 0x87, 0x78, 0x99, 0x88, 
	0x99, 0x99, 0x99, 0x99, 0x99, 0x99, 0x99, 0x98, 0x77, 0x89, 0xAB, 0xCC, 0xCD, 0xCC, 0xCB, 
	0xBB, 0xBA, 0x98, 0x88, 0x76, 0x77, 0x66, 0x55, 0x78, 0x88, 0x77, 0x65, 0x44, 0x54, 0x50, 
	0x0A, 0xAA, 0x97, 0x77, 0x77, 0x88, 0x88, 0x88, 0x89, 0x99, 0xAA, 0xAA, 0xAA, 0xAA, 0xA9, 
	0x9A, 0xAA, 0xAA, 0xAA, 0xAA, 0xBB, 0xBB, 0xBB, 0xBB, 0xBC, 0xCC, 0xCC, 0xCC, 0xCB, 0xCC, 
	0xCC, 0xCC, 0xCC, 0xCC, 0xCC, 0xCC, 0xCC, 0xCC, 0xCC, 0xCC, 0xCC, 0xCC, 0xCC, 0xCC, 0xCC, 
	0xDD, 0xDD, 0xCC, 0xCB, 0xBB, 0xCC, 0xCC, 0xCC, 0xCD, 0xDD, 0xDD, 0xDD, 0xDD, 0xDD, 0xDD, 
	0xCC, 0xCC, 0xCC, 0xCC, 0xCC, 0xDD, 0xDC, 0xCC, 0xCC, 0xCB, 0xBC, 0xCC, 0xCB, 0xAA, 0xAA, 
	0xAB, 0xBB, 0xBB, 0xBC, 0xCC, 0xAA, 0xBB, 0xA8, 0x88, 0x77, 0x88, 0x77, 0x66, 0x77, 0x77, 
	0x88, 0x88, 0x88, 0x88, 0x88, 0x89, 0x89, 0x99, 0x99, 0x99, 0x99, 0x88, 0x99, 0x89, 0x99, 
	0x99, 0x99, 0x99, 0x99, 0x99, 0x99, 0x88, 0x88, 0x77, 0x44, 0x56, 0x67, 0x89, 0xB9, 0x77, 
	0x99, 0x9A, 0xAA, 0xAA, 0xAA, 0xAA, 0xAA, 0xAB, 0xAA, 0xBB, 0xBB, 0xBB, 0xBB, 0xBB, 0xBB, 
	0xBB, 0xBB, 0xAA, 0xAB, 0xBB, 0xBA, 0xAA, 0xA9, 0x99, 0x88, 0x76, 0x66, 0x66, 0x77, 0x77, 
	0x76, 0x66, 0x77, 0x77, 0x77, 0x66, 0x44, 0x43, 0x33, 0x33, 0x33, 0x46, 0xAB, 0xBC, 0xCC, 
	0xBB, 0xBA, 0xAA, 0xBB, 0xBA, 0xAA, 0xA9, 0xAA, 0x99, 0x9A, 0xCF, 0xFF, 0xED, 0xBA, 0xAA, 
	0xAA, 0x9A, 0xAB, 0xBC, 0xDD, 0xBA, 0x99, 0x9A, 0xA9, 0x99, 0x99, 0x99, 0xAA, 0xAA, 0xAA, 
	0xBC, 0xBA, 0x99, 0x99, 0xAA, 0xA9, 0x99, 0x99, 0x99, 0x99, 0x98, 0x88, 0x87, 0x77, 0x66, 
	0x66, 0x66, 0x67, 0x78, 0x89, 0x98, 0x88, 0x88, 0x87, 0x77, 0x77, 0x77, 0x77, 0x77, 0x77, 
	0x67, 0x77, 0x97, 0x77, 0x77, 0x77, 0x77, 0x78, 0x88, 0x88, 0x89, 0x99, 0x99, 0x98, 0x88, 
	0x99, 0x99, 0x99, 0x99, 0x89, 0x99, 0x99, 0xAA, 0xAA, 0x97, 0x67, 0x56, 0x75, 0x55, 0x55, 
	0x56, 0x66, 0x67, 0x66, 0x89, 0xA9, 0x87, 0x79, 0x97, 0x87, 0x89, 0xA9, 0x89, 0x9B, 0x99, 
	0xAA, 0xAA, 0x99, 0x99, 0x99, 0x99, 0x99, 0x98, 0x77, 0x88, 0x9B, 0xBD, 0xED, 0xED, 0xCC, 
	0xCC, 0xBA, 0x9A, 0x98, 0x77, 0x98, 0x66, 0x65, 0x77, 0x88, 0x86, 0x55, 0x44, 0x56, 0x61, 
	0x0A, 0xAA, 0x97, 0x77, 0x77, 0x88, 0x88, 0x88, 0x89, 0x99, 0xAA, 0xAA, 0xAA, 0xAA, 0xAA, 
	0x9A, 0xAA, 0xAA, 0xAA, 0xAA, 0xBB, 0xBB, 0xBB, 0xBB, 0xBC, 0xCC, 0xCC, 0xCC, 0xCB, 0xBC, 
	0xCC, 0xCC, 0xCC, 0xCC, 0xCC, 0xCC, 0xCC, 0xCC, 0xCC, 0xCC, 0xCC, 0xCC, 0xCC, 0xCC, 0xCC, 
	0xDD, 0xCC, 0xCC, 0xCB, 0xBB, 0xCC, 0xCC, 0xCC, 0xCD, 0xDD, 0xDD, 0xDD, 0xDD, 0xDD, 0xDD, 
	0xCC, 0xCC, 0xCC, 0xCC, 0xCC, 0xDD, 0xDD, 0xEE, 0xDD, 0xDC, 0xCC, 0xDC, 0xCB, 0xBB, 0xAA, 
	0x9A, 0x9A, 0xAA, 0xBB, 0xCB, 0xA9, 0xAB, 0xA8, 0x87, 0x78, 0x87, 0x77, 0x67, 0x77, 0x77, 
	0x77, 0x77, 0x88, 0x88, 0x88, 0x89, 0x89, 0x99, 0x99, 0x99, 0x99, 0x99, 0x99, 0x99, 0x99, 
	0x99, 0x9A, 0xA9, 0x99, 0x99, 0x99, 0x98, 0x87, 0x76, 0x44, 0x55, 0x67, 0x8A, 0xBA, 0x77, 
	0x89, 0x9A, 0xAA, 0xAA, 0xAA, 0xAA, 0xAA, 0xAA, 0xBA, 0xAB, 0xBB, 0xBB, 0xBB, 0xBB, 0xBB, 
	0xBB, 0xBB, 0xAA, 0xAA, 0xAB, 0xAA, 0xAA, 0xA9, 0x99, 0x88, 0x76, 0x66, 0x66, 0x67, 0x77, 
	0x77, 0x67, 0x67, 0x77, 0x67, 0x76, 0x53, 0x33, 0x33, 0x33, 0x45, 0x8A, 0xBC, 0xCC, 0xCC, 
	0xCC, 0xCC, 0xCC, 0xDE, 0xB8, 0xAA, 0x9A, 0xBB, 0xCC, 0xBA, 0xAD, 0xFF, 0xFE, 0xCC, 0xBB, 
	0xBA, 0xAA, 0xBB, 0xCC, 0xCC, 0xA9, 0x99, 0x9A, 0xAA, 0xA9, 0x88, 0x89, 0x99, 0xAA, 0xAB, 
	0xCB, 0xBA, 0x99, 0x99, 0x99, 0x99, 0x99, 0x99, 0x99, 0x98, 0x99, 0x88, 0x87, 0x77, 0x66, 
	0x66, 0x66, 0x77, 0x77, 0x78, 0x88, 0x88, 0x88, 0x88, 0x77, 0x77, 0x77, 0x77, 0x77, 0x77, 
	0x77, 0x67, 0x87, 0x77, 0x77, 0x77, 0x77, 0x78, 0x88, 0x88, 0x99, 0x99, 0x99, 0x88, 0x88, 
	0x99, 0x88, 0x99, 0x99, 0x99, 0x99, 0x99, 0xAB, 0xA9, 0x76, 0x67, 0x65, 0x66, 0x55, 0x56, 
	0x55, 0x66, 0x68, 0x66, 0x78, 0xAB, 0xB9, 0x8A, 0x98, 0x99, 0xA9, 0x78, 0x88, 0x8A, 0xA9, 
	0xAA, 0xAA, 0x99, 0xAA, 0x99, 0x99, 0x99, 0x88, 0x89, 0xAC, 0xCA, 0xBD, 0xEF, 0xFF, 0xED, 
	0xCB, 0xBA, 0x99, 0x99, 0x88, 0x87, 0x66, 0x66, 0x67, 0x88, 0x87, 0x65, 0x56, 0x65, 0x61, 
	0x0A, 0xAA, 0x97, 0x77, 0x77, 0x78, 0x88, 0x88, 0x89, 0x99, 0xAA, 0xAA, 0xAA, 0xAA, 0xAA, 
	0x9A, 0xAA, 0xAA, 0xAA, 0xAA, 0xBB, 0xBB, 0xBB, 0xBB, 0xBC, 0xCC, 0xCC, 0xCC, 0xBB, 0xBC, 
	0xCC, 0xCC, 0xBC, 0xCC, 0xCC, 0xCC, 0xCC, 0xCC, 0xCC, 0xCC, 0xCC, 0xCC, 0xCC, 0xCC, 0xCC, 
	0xDC, 0xCC, 0xCC, 0xCB, 0xBB, 0xBC, 0xCC, 0xCC, 0xCD, 0xDD, 0xDD, 0xDD, 0xDD, 0xDD, 0xDD, 
	0xCC, 0xCC, 0xCC, 0xCC, 0xCC, 0xDD, 0xDE, 0xEF, 0xEE, 0xDD, 0xCC, 0xDC, 0xBB, 0xCC, 0xCC, 
	0xA9, 0x99, 0x9A, 0xAA, 0xBB, 0x98, 0x9A, 0xA9, 0x87, 0x78, 0x88, 0x87, 0x66, 0x66, 0x77, 
	0x77, 0x77, 0x78, 0x88, 0x89, 0x88, 0x89, 0x99, 0x99, 0x99, 0x99, 0x99, 0x99, 0x99, 0x99, 
	0x99, 0x9A, 0xA9, 0x99, 0x99, 0x99, 0x98, 0x88, 0x76, 0x44, 0x54, 0x45, 0x67, 0x77, 0x77, 
	0x99, 0x9A, 0xAA, 0xAA, 0xAA, 0xAB, 0xAA, 0xAA, 0xBA, 0xAA, 0xBB, 0xBB, 0xBB, 0xBB, 0xAA, 
	0xBB, 0xBA, 0xAB, 0xAA, 0xAA, 0xAA, 0xAA, 0x99, 0x98, 0x88, 0x76, 0x66, 0x66, 0x67, 0x77, 
	0x76, 0x66, 0x67, 0x77, 0x66, 0x76, 0x54, 0x22, 0x22, 0x24, 0x58, 0xAB, 0xBB, 0xBC, 0xCB, 
	0xBC, 0xCC, 0xCD, 0xDD, 0xB9, 0x99, 0xAD, 0xEF, 0xFF, 0xFE, 0xBB, 0xDF, 0xEE, 0xDC, 0xCB, 
	0xBB, 0xAA, 0xBB, 0xBB, 0xBA, 0x98, 0x99, 0x99, 0x99, 0x99, 0x89, 0x99, 0xAA, 0xAA, 0xBC, 
	0xBB, 0xBA, 0xA9, 0x99, 0x99, 0x9A, 0xAA, 0xAA, 0x99, 0x99, 0x99, 0x88, 0x87, 0x77, 0x76, 
	0x66, 0x66, 0x67, 0x77, 0x77, 0x88, 0x98, 0x88, 0x89, 0x87, 0x77, 0x77, 0x77, 0x77, 0x77, 
	0x66, 0x67, 0x87, 0x77, 0x77, 0x77, 0x77, 0x88, 0x88, 0x89, 0x99, 0x99, 0x99, 0x88, 0x99, 
	0x99, 0x89, 0x99, 0x99, 0x99, 0x89, 0x9A, 0xAA, 0xA8, 0x66, 0x55, 0x56, 0x46, 0x55, 0x56, 
	0x55, 0x66, 0x66, 0x66, 0x77, 0x69, 0xBB, 0xCC, 0xCC, 0xBA, 0x97, 0x68, 0x88, 0xAA, 0xAA, 
	0xAA, 0xA9, 0x99, 0x9A, 0xAA, 0xAA, 0x99, 0x89, 0xAB, 0xDF, 0xFC, 0xBE, 0xFF, 0xFF, 0xFE, 
	0xCB, 0xBA, 0xAA, 0xAA, 0xA9, 0x86, 0x55, 0x66, 0x56, 0x88, 0x89, 0x97, 0x78, 0x75, 0x61, 
	0x0A, 0xAA, 0xA8, 0x77, 0x77, 0x78, 0x88, 0x88, 0x89, 0x99, 0xAA, 0xAA, 0xAA, 0xAA, 0xAA, 
	0xAA, 0xAA, 0xAA, 0xAA, 0xAA, 0xBB, 0xBB, 0xBB, 0xBB, 0xBC, 0xCC, 0xCC, 0xCC, 0xBB, 0xBB, 
	0xCC, 0xCC, 0xCC, 0xCC, 0xCC, 0xCC, 0xCC, 0xCC, 0xCC, 0xCC, 0xCC, 0xCC, 0xCC, 0xCC, 0xCC, 
	0xCC, 0xCC, 0xCC, 0xCB, 0xBB, 0xBB, 0xCC, 0xCC, 0xCC, 0xDD, 0xDD, 0xDD, 0xDD, 0xDD, 0xDD, 
	0xCC, 0xCC, 0xCC, 0xCC, 0xCC, 0xDD, 0xDE, 0xFF, 0xFF, 0xDD, 0xCC, 0xDC, 0xBB, 0xDD, 0xEE, 
	0xD9, 0x89, 0xAA, 0xA9, 0x99, 0x87, 0x99, 0xAA, 0x99, 0x88, 0x88, 0x87, 0x66, 0x66, 0x66, 
	0x66, 0x67, 0x77, 0x78, 0x88, 0x88, 0x99, 0x99, 0x99, 0x99, 0x99, 0x99, 0x99, 0x99, 0x99, 
	0x99, 0x99, 0xA9, 0x99, 0x99, 0x99, 0x98, 0x88, 0x77, 0x54, 0x55, 0x32, 0x32, 0x56, 0x67, 
	0x99, 0x9A, 0xAA, 0xAA, 0xAA, 0xAB, 0xBA, 0xAA, 0xBA, 0xAA, 0xBB, 0xBB, 0xBB, 0xBB, 0xBB, 
	0xBB, 0xBA, 0xAB, 0xBA, 0xAA, 0xAA, 0x99, 0x99, 0x98, 0x87, 0x77, 0x66, 0x66, 0x67, 0x77, 
	0x76, 0x66, 0x66, 0x77, 0x66, 0x67, 0x65, 0x32, 0x11, 0x24, 0x7A, 0xAA, 0xBB, 0xBB, 0xBB, 
	0xBB, 0xBB, 0xBC, 0xDD, 0xDA, 0x8A, 0xEF, 0xFF, 0xFF, 0xFF, 0xDB, 0xBC, 0xDD, 0xCC, 0xCB, 
	0xAA, 0xAA, 0xBB, 0xBA, 0xA9, 0x99, 0xAA, 0xA9, 0x99, 0x99, 0x99, 0x9A, 0xAB, 0xBC, 0xCB, 
	0xBB, 0xBB, 0xA9, 0x99, 0x9A, 0xAA, 0xAA, 0xAA, 0xA9, 0x99, 0x98, 0x88, 0x87, 0x77, 0x76, 
	0x66, 0x66, 0x66, 0x77, 0x66, 0x78, 0x89, 0x88, 0x89, 0x99, 0x87, 0x77, 0x77, 0x77, 0x77, 
	0x65, 0x67, 0x77, 0x77, 0x77, 0x88, 0x77, 0x88, 0x88, 0x89, 0x99, 0x99, 0xA9, 0x99, 0x99, 
	0x99, 0x99, 0x99, 0x99, 0x99, 0x99, 0xAA, 0x98, 0x79, 0x77, 0x75, 0x46, 0x54, 0x65, 0x56, 
	0x55, 0x66, 0x66, 0x66, 0x77, 0x67, 0x9B, 0xCC, 0xCC, 0xBB, 0xAA, 0x99, 0x99, 0xBA, 0xAA, 
	0xA9, 0x99, 0x99, 0x9A, 0xBA, 0xA9, 0x99, 0x9A, 0xAB, 0xEF, 0xFD, 0xBE, 0xFF, 0xFF, 0xFE, 
	0xDB, 0xBB, 0xAA, 0xAB, 0xA9, 0x87, 0x65, 0x65, 0x55, 0x78, 0xAA, 0xA9, 0x9A, 0x98, 0x81, 
	0x0A, 0xAA, 0xA8, 0x77, 0x77, 0x78, 0x88, 0x88, 0x89, 0x99, 0xAA, 0xAA, 0xAA, 0xAA, 0xAA, 
	0xAA, 0xAA, 0xAA, 0xAA, 0xAA, 0xBB, 0xBB, 0xBB, 0xBB, 0xBB, 0xCB, 0xBC, 0xCC, 0xBB, 0xBB, 
	0xCC, 0xCC, 0xBC, 0xCC, 0xCC, 0xCC, 0xCC, 0xCC, 0xCC, 0xCC, 0xCC, 0xCC, 0xCC, 0xCC, 0xCC, 
	0xCC, 0xCC, 0xCC, 0xCB, 0xBB, 0xBB, 0xCC, 0xCC, 0xCC, 0xDD, 0xDD, 0xDD, 0xDD, 0xDD, 0xDD, 
	0xCC, 0xCC, 0xCC, 0xCC, 0xCC, 0xCC, 0xDF, 0xFF, 0xFF, 0xED, 0xCC, 0xDC, 0xBA, 0xDD, 0xEE, 
	0xEB, 0x89, 0xAA, 0xA9, 0x87, 0x77, 0x99, 0xAA, 0xAA, 0x98, 0x88, 0x87, 0x66, 0x66, 0x66, 
	0x66, 0x67, 0x77, 0x88, 0x88, 0x88, 0x99, 0x99, 0x99, 0x99, 0x99, 0x99, 0x89, 0x99, 0x99, 
	0x99, 0x99, 0x99, 0x99, 0x99, 0x99, 0x98, 0x88, 0x87, 0x54, 0x55, 0x41, 0x01, 0x46, 0x57, 
	0x99, 0x9A, 0xAA, 0xAA, 0xAA, 0xAB, 0xBA, 0xAA, 0xAA, 0xBB, 0xBB, 0xBB, 0xBB, 0xBB, 0xAB, 
	0xBB, 0xBB, 0xAA, 0xAA, 0xAA, 0xAA, 0x99, 0x99, 0x88, 0x77, 0x77, 0x66, 0x67, 0x66, 0x76, 
	0x66, 0x66, 0x67, 0x77, 0x66, 0x66, 0x65, 0x42, 0x21, 0x35, 0x99, 0xAA, 0xAA, 0xBA, 0xBB, 
	0xBB, 0xBB, 0xBB, 0xCC, 0xDD, 0xCC, 0xFF, 0xFF, 0xFF, 0xFF, 0xEB, 0xAA, 0xAB, 0xBB, 0xBA, 
	0x9A, 0xAA, 0xAA, 0xAA, 0x98, 0x99, 0x99, 0x99, 0x99, 0xAA, 0xA9, 0x9A, 0xCC, 0xCC, 0xBB, 
	0xBB, 0xAA, 0x99, 0x99, 0x99, 0x99, 0x99, 0xAA, 0xA9, 0x99, 0x98, 0x88, 0x87, 0x77, 0x76, 
	0x66, 0x66, 0x67, 0x77, 0x76, 0x77, 0x88, 0x99, 0x88, 0x99, 0x98, 0x77, 0x77, 0x77, 0x77, 
	0x66, 0x77, 0x77, 0x77, 0x77, 0x88, 0x78, 0x88, 0x88, 0x89, 0x99, 0x9A, 0xA9, 0x99, 0x98, 
	0x99, 0x99, 0x89, 0x99, 0x99, 0x9A, 0xAA, 0x87, 0x89, 0x87, 0x76, 0x55, 0x64, 0x66, 0x56, 
	0x55, 0x67, 0x66, 0x66, 0x68, 0x87, 0x89, 0xAA, 0xBC, 0xAB, 0xBA, 0xAB, 0xBB, 0xAA, 0xAA, 
	0xA9, 0x9A, 0xAA, 0xAA, 0xAA, 0xA9, 0x99, 0xAA, 0xAB, 0xEF, 0xED, 0xCD, 0xEF, 0xFF, 0xED, 
	0xCB, 0xCB, 0xBB, 0xBC, 0xBA, 0x97, 0x76, 0x66, 0x55, 0x79, 0xAA, 0xAB, 0xBB, 0xA9, 0x90, 
	0x0A, 0xAA, 0xA8, 0x77, 0x77, 0x77, 0x88, 0x88, 0x88, 0x99, 0x9A, 0xAA, 0xAA, 0xAA, 0xAA, 
	0xA9, 0xAA, 0xAA, 0xAA, 0xAA, 0xBB, 0xBB, 0xBB, 0xBB, 0xBB, 0xBB, 0xBB, 0xCC, 0xBB, 0xBB, 
	0xCC, 0xCC, 0xBC, 0xCC, 0xCC, 0xCC, 0xCC, 0xCC, 0xCC, 0xCC, 0xCC, 0xCC, 0xCC, 0xCC, 0xCC, 
	0xCC, 0xCC, 0xCC, 0xCB, 0xBB, 0xBB, 0xCC, 0xCC, 0xCC, 0xCC, 0xDD, 0xDD, 0xDD, 0xDC, 0xCD, 
	0xCC, 0xCC, 0xCC, 0xCC, 0xCC, 0xCB, 0xCF, 0xFF, 0xFF, 0xDD, 0xCC, 0xCC, 0xBB, 0xBD, 0xEE, 
	0xEB, 0x99, 0xAA, 0x99, 0x87, 0x78, 0x99, 0x9A, 0xBB, 0xA8, 0x88, 0x87, 0x66, 0x66, 0x66, 
	0x66, 0x67, 0x77, 0x78, 0x88, 0x88, 0x88, 0x99, 0x99, 0x99, 0x99, 0x99, 0x89, 0x99, 0x99, 
	0x99, 0x99, 0x9A, 0x99, 0x99, 0x99, 0x99, 0x88, 0x87, 0x65, 0x55, 0x54, 0x14, 0x54, 0x68, 
	0x99, 0x9A, 0xAA, 0xAA, 0xAA, 0xAA, 0xAA, 0xAA, 0xAA, 0xBB, 0xBB, 0xBB, 0xBA, 0xAB, 0xAB, 
	0xBA, 0xBB, 0xAA, 0xAA, 0xAA, 0xA9, 0x98, 0x88, 0x87, 0x77, 0x67, 0x66, 0x67, 0x77, 0x77, 
	0x66, 0x66, 0x67, 0x77, 0x66, 0x66, 0x65, 0x42, 0x11, 0x58, 0x99, 0x99, 0xAA, 0xAA, 0xAB, 
	0xBB, 0xBB, 0xBB, 0xBC, 0xCD, 0xDE, 0xFF, 0xFF, 0xFF, 0xFF, 0xDA, 0xBA, 0x99, 0xAA, 0xA9, 
	0x9A, 0xA9, 0x9A, 0xAA, 0x98, 0x88, 0x88, 0x88, 0x9A, 0xAA, 0xA9, 0xAB, 0xBB, 0xCB, 0xBB, 
	0xBA, 0x99, 0x99, 0x99, 0x99, 0x99, 0x99, 0x99, 0x99, 0x99, 0x98, 0x88, 0x87, 0x77, 0x77, 
	0x66, 0x66, 0x66, 0x77, 0x77, 0x77, 0x78, 0x88, 0x88, 0x89, 0x98, 0x77, 0x77, 0x77, 0x77, 
	0x77, 0x77, 0x77, 0x77, 0x88, 0x77, 0x78, 0x88, 0x88, 0x99, 0x99, 0xAA, 0x99, 0x99, 0x99, 
	0x99, 0x99, 0x99, 0x99, 0x88, 0x9A, 0xA9, 0x77, 0x87, 0x98, 0x76, 0x54, 0x56, 0x56, 0x66, 
	0x55, 0x66, 0x56, 0x67, 0x78, 0x86, 0x69, 0xBA, 0x9B, 0xAA, 0xBC, 0xBB, 0xAA, 0x99, 0xAA, 
	0xBB, 0xBB, 0xBB, 0xBA, 0xAA, 0xA9, 0x9A, 0xDE, 0xED, 0xEE, 0xDD, 0xCD, 0xDD, 0xDC, 0xCB, 
	0xBB, 0xBB, 0xBB, 0xBB, 0xBA, 0xA9, 0x98, 0x87, 0x66, 0x8A, 0xAB, 0xAB, 0xBB, 0xBA, 0x90, 
	0x0A, 0xAA, 0xA8, 0x77, 0x77, 0x78, 0x88, 0x88, 0x88, 0x99, 0x9A, 0xAA, 0xAA, 0xAA, 0xAA, 
	0xA9, 0xAA, 0xAA, 0xAA, 0xAA, 0xBB, 0xBB, 0xBB, 0xBB, 0xBB, 0xBB, 0xBB, 0xCC, 0xBB, 0xBB, 
	0xBC, 0xCC, 0xBC, 0xCC, 0xCC, 0xCC, 0xCC, 0xCC, 0xCC, 0xCC, 0xCC, 0xCC, 0xCC, 0xCC, 0xCC, 
	0xCC, 0xCC, 0xCC, 0xCB, 0xBB, 0xBB, 0xBB, 0xCC, 0xCC, 0xCC, 0xDD, 0xDD, 0xDC, 0xCC, 0xCC, 
	0xCC, 0xBB, 0xBC, 0xCC, 0xCC, 0xCA, 0xBE, 0xFF, 0xFE, 0xBB, 0xCC, 0xCC, 0xBB, 0xBC, 0xDC, 
	0xCA, 0x99, 0x99, 0x99, 0x87, 0x89, 0x9A, 0x9A, 0xBB, 0xA9, 0x88, 0x87, 0x65, 0x56, 0x66, 
	0x66, 0x67, 0x77, 0x77, 0x78, 0x88, 0x88, 0x99, 0x99, 0x99, 0x99, 0x99, 0x89, 0x99, 0x99, 
	0x99, 0xA9, 0x9A, 0x99, 0x99, 0x99, 0x99, 0x98, 0x88, 0x76, 0x55, 0x55, 0x25, 0x56, 0x78, 
	0x99, 0xAA, 0xAA, 0xAA, 0xAA, 0xAA, 0xAA, 0xAB, 0xAA, 0xBB, 0xBB, 0xBB, 0xBB, 0xBB, 0xBB, 
	0xBA, 0xAB, 0xAA, 0xAA, 0xAA, 0xA9, 0x99, 0x87, 0x77, 0x65, 0x56, 0x66, 0x67, 0x77, 0x77, 
	0x77, 0x77, 0x67, 0x77, 0x66, 0x66, 0x65, 0x32, 0x14, 0x78, 0x99, 0x99, 0x9A, 0xAA, 0xAA, 
	0xBB, 0xBB, 0xBB, 0xBB, 0xBC, 0xDE, 0xFF, 0xFF, 0xFF, 0xFD, 0xBA, 0x99, 0x99, 0x9A, 0xAB, 
	0xBA, 0xA9, 0x9A, 0xA9, 0x99, 0x88, 0x77, 0x88, 0x9A, 0xAA, 0xAA, 0xAB, 0xCB, 0xCB, 0xAA, 
	0xA9, 0x9A, 0xAA, 0x99, 0x99, 0x99, 0x99, 0x99, 0x99, 0x88, 0x88, 0x88, 0x87, 0x77, 0x77, 
	0x67, 0x66, 0x67, 0x77, 0x77, 0x77, 0x77, 0x78, 0x88, 0x88, 0x99, 0x87, 0x77, 0x77, 0x77, 
	0x77, 0x77, 0x77, 0x77, 0x88, 0x88, 0x88, 0x88, 0x89, 0x99, 0x9A, 0xAA, 0x99, 0x99, 0x99, 
	0x99, 0x99, 0x99, 0x98, 0x89, 0xAA, 0x98, 0x77, 0x77, 0x99, 0x75, 0x54, 0x45, 0x45, 0x67, 
	0x65, 0x56, 0x66, 0x66, 0x89, 0x87, 0x58, 0xBB, 0xCB, 0x97, 0xAB, 0xBA, 0x99, 0x99, 0xBD, 
	0xDE, 0xEE, 0xEC, 0xBB, 0xAA, 0xAA, 0xAC, 0xFF, 0xFF, 0xFE, 0xDC, 0xCD, 0xCB, 0xBB, 0xBB, 
	0xBB, 0xAA, 0xAA, 0xBB, 0xBB, 0xDE, 0xEC, 0x98, 0x88, 0x9B, 0xAA, 0xAA, 0xBB, 0xBA, 0x90, 
	0x0A, 0xAA, 0xA9, 0x77, 0x77, 0x77, 0x78, 0x88, 0x88, 0x99, 0x9A, 0xAA, 0xAA, 0xAA, 0xAA, 
	0x99, 0xAA, 0xAA, 0xAA, 0xAA, 0xBB, 0xBB, 0xBB, 0xBB, 0xBB, 0xBB, 0xBB, 0xBB, 0xCB, 0xBB, 
	0xCC, 0xCC, 0xCC, 0xCC, 0xCC, 0xCC, 0xCC, 0xCC, 0xCC, 0xCC, 0xCC, 0xCC, 0xCC, 0xCC, 0xCC, 
	0xCC, 0xCC, 0xCC, 0xCB, 0xBB, 0xBB, 0xBB, 0xBC, 0xCC, 0xCC, 0xCC, 0xDD, 0xCC, 0xCC, 0xCC, 
	0xCB, 0xBA, 0xBB, 0xBB, 0xBB, 0xBA, 0x9C, 0xEF, 0xEC, 0xAA, 0xBB, 0xBC, 0xBB, 0xBB, 0xBC, 
	0xBA, 0x98, 0x89, 0x99, 0x98, 0x9A, 0xAA, 0xAB, 0xBB, 0xBA, 0x98, 0x87, 0x55, 0x56, 0x55, 
	0x66, 0x66, 0x76, 0x77, 0x78, 0x87, 0x88, 0x98, 0x99, 0x99, 0x89, 0x99, 0x99, 0x99, 0x99, 
	0x99, 0x9A, 0xAA, 0x99, 0x99, 0x99, 0x99, 0x99, 0x88, 0x87, 0x66, 0x66, 0x66, 0x77, 0x88, 
	0x99, 0xAA, 0xAA, 0xAA, 0xAA, 0xAA, 0xAA, 0xAA, 0xAA, 0xBB, 0xBB, 0xBB, 0xBB, 0xBB, 0xBB, 
	0xBB, 0xAA, 0xAA, 0xAA, 0x99, 0x99, 0x88, 0x87, 0x66, 0x66, 0x55, 0x66, 0x67, 0x77, 0x76, 
	0x77, 0x77, 0x77, 0x77, 0x66, 0x56, 0x66, 0x43, 0x35, 0x78, 0x89, 0x99, 0x9A, 0xAA, 0xAA, 
	0xAA, 0xAA, 0xAB, 0xBB, 0xBB, 0xCC, 0xEE, 0xFF, 0xFF, 0xDC, 0xB9, 0x99, 0x99, 0xAA, 0xAB, 
	0xBB, 0xA9, 0x99, 0x99, 0x99, 0x99, 0x88, 0x89, 0x9A, 0xAA, 0xA9, 0xBC, 0xCC, 0xBB, 0xAA, 
	0x99, 0xAA, 0xAA, 0xAA, 0xA9, 0x9A, 0xA9, 0x99, 0x99, 0x98, 0x88, 0x87, 0x78, 0x77, 0x77, 
	0x76, 0x66, 0x67, 0x77, 0x77, 0x77, 0x67, 0x77, 0x88, 0x88, 0x88, 0x87, 0x77, 0x76, 0x77, 
	0x77, 0x67, 0x77, 0x77, 0x88, 0x88, 0x88, 0x88, 0x89, 0x99, 0x99, 0xAA, 0xA9, 0x99, 0x99, 
	0x99, 0x99, 0x99, 0x89, 0x99, 0xA8, 0x87, 0x77, 0x78, 0x88, 0x87, 0x65, 0x44, 0x65, 0x56, 
	0x76, 0x65, 0x67, 0x66, 0x89, 0x78, 0x76, 0x9B, 0xCB, 0xB8, 0x99, 0xB8, 0x89, 0x9A, 0xBE, 
	0xFF, 0xFF, 0xFF, 0xCB, 0xAA, 0x9A, 0xBD, 0xFF, 0xFF, 0xFF, 0xED, 0xCB, 0xBB, 0xAA, 0xAA, 
	0xAA, 0xAA, 0x9A, 0xAA, 0xBE, 0xFF, 0xFE, 0xA8, 0x9A, 0xAB, 0xAB, 0xAB, 0xBB, 0xBA, 0x90, 
	0x0A, 0xAA, 0xA9, 0x77, 0x77, 0x77, 0x88, 0x88, 0x88, 0x99, 0x9A, 0xAA, 0xAA, 0xAA, 0xAA, 
	0xA9, 0xAA, 0xAA, 0xAA, 0xAA, 0xBB, 0xBB, 0xBB, 0xBB, 0xBB, 0xBB, 0xBB, 0xCC, 0xBB, 0xBB, 
	0xCC, 0xCC, 0xCC, 0xCC, 0xCC, 0xCC, 0xCC, 0xCC, 0xCC, 0xCC, 0xCC, 0xCC, 0xCC, 0xCC, 0xCC, 
	0xCC, 0xCC, 0xCC, 0xCC, 0xBB, 0xBB, 0xBB, 0xBB, 0xCC, 0xCC, 0xCC, 0xCC, 0xCC, 0xBB, 0xBB, 
	0xAA, 0xAA, 0xAA, 0xAA, 0xAA, 0xA9, 0x8A, 0xCD, 0xEC, 0xA9, 0x9A, 0xBA, 0xBB, 0xBB, 0xBB, 
	0xAA, 0x98, 0x88, 0x99, 0xAA, 0xAA, 0xBB, 0xBB, 0xBB, 0xBA, 0xA9, 0x87, 0x65, 0x55, 0x56, 
	0x66, 0x66, 0x66, 0x77, 0x77, 0x77, 0x88, 0x88, 0x99, 0x98, 0x88, 0x99, 0x99, 0x99, 0x99, 
	0x99, 0x9A, 0xA9, 0x99, 0x99, 0x99, 0x99, 0x99, 0x99, 0x88, 0x88, 0x89, 0x98, 0x88, 0x89, 
	0x99, 0xAA, 0xAA, 0xAA, 0xAA, 0xAA, 0xAA, 0xAA, 0xAA, 0xAB, 0xBB, 0xBB, 0xBB, 0xBB, 0xBB, 
	0xBB, 0xBA, 0xAA, 0xAA, 0x98, 0x88, 0x88, 0x77, 0x76, 0x65, 0x66, 0x66, 0x67, 0x77, 0x76, 
	0x66, 0x66, 0x77, 0x77, 0x76, 0x55, 0x65, 0x44, 0x68, 0x88, 0x88, 0x88, 0x89, 0x9A, 0xAA, 
	0xAA, 0xAA, 0xAA, 0xBB, 0xBB, 0xBB, 0xCD, 0xEE, 0xED, 0xBB, 0x99, 0x89, 0x9A, 0xAA, 0xAA, 
	0xAA, 0x98, 0x99, 0x98, 0x99, 0xAA, 0x98, 0x89, 0x9A, 0xAA, 0x9B, 0xBB, 0xCB, 0xBB, 0xA9, 
	0x9A, 0xAB, 0xAA, 0xA9, 0x99, 0xA9, 0x99, 0x99, 0x99, 0x99, 0x88, 0x88, 0x99, 0x87, 0x77, 
	0x66, 0x66, 0x67, 0x77, 0x77, 0x77, 0x77, 0x77, 0x78, 0x88, 0x88, 0x87, 0x77, 0x77, 0x77, 
	0x77, 0x67, 0x77, 0x77, 0x88, 0x88, 0x88, 0x88, 0x89, 0x99, 0x99, 0xAA, 0xA9, 0x99, 0x99, 
	0x99, 0x99, 0x98, 0x8A, 0xAA, 0x98, 0x88, 0x87, 0x88, 0x87, 0x78, 0x65, 0x34, 0x56, 0x67, 
	0x76, 0x56, 0x65, 0x67, 0x78, 0x77, 0x86, 0x9B, 0xAB, 0xB9, 0xB8, 0x88, 0x88, 0x8A, 0xDF, 
	0xFF, 0xFF, 0xFF, 0xEC, 0xBA, 0x99, 0xAD, 0xFF, 0xFF, 0xFF, 0xED, 0xCA, 0xAB, 0xBA, 0xAA, 
	0xAA, 0xAA, 0x9A, 0xAB, 0xDF, 0xFF, 0xFE, 0xBA, 0xAB, 0xBB, 0xAA, 0xBC, 0xBB, 0xBA, 0x90, 
	0x0A, 0xAA, 0xA9, 0x77, 0x77, 0x77, 0x88, 0x88, 0x88, 0x89, 0x99, 0xAA, 0xAA, 0xAA, 0xAA, 
	0xA9, 0xAA, 0xAA, 0xAA, 0xAA, 0xAB, 0xBB, 0xBB, 0xBB, 0xBB, 0xBB, 0xBB, 0xBB, 0xBB, 0xBB, 
	0xCC, 0xCC, 0xCC, 0xCC, 0xCC, 0xCC, 0xCC, 0xCC, 0xCC, 0xCC, 0xCC, 0xCC, 0xCC, 0xCC, 0xCC, 
	0xCC, 0xCC, 0xCC, 0xCC, 0xBB, 0xBB, 0xBB, 0xBB, 0xBC, 0xCC, 0xCC, 0xCC, 0xCB, 0xA9, 0x99, 
	0x99, 0x88, 0x99, 0x99, 0x99, 0x98, 0x89, 0xBD, 0xEE, 0xB7, 0x89, 0x9A, 0xAA, 0xAB, 0xBA, 
	0xA9, 0x98, 0x88, 0x9A, 0xAB, 0xBB, 0xBB, 0xBB, 0xBB, 0xBB, 0xA9, 0x87, 0x65, 0x55, 0x56, 
	0x55, 0x66, 0x66, 0x66, 0x67, 0x77, 0x88, 0x88, 0x99, 0x88, 0x88, 0x99, 0x99, 0x99, 0x99, 
	0x99, 0x99, 0x99, 0x99, 0xA9, 0x99, 0x99, 0x99, 0x99, 0x99, 0x99, 0x99, 0x99, 0x98, 0x89, 
	0x99, 0xAA, 0xAA, 0xAA, 0xAA, 0xAA, 0xAA, 0xAA, 0xBA, 0xAA, 0xAB, 0xBB, 0xBA, 0xAB, 0xBB, 
	0xAA, 0xBA, 0xAA, 0xAA, 0x99, 0x87, 0x78, 0x86, 0x66, 0x66, 0x66, 0x66, 0x67, 0x77, 0x76, 
	0x66, 0x67, 0x77, 0x77, 0x76, 0x65, 0x66, 0x55, 0x78, 0x88, 0x88, 0x88, 0x88, 0x99, 0xAA, 
	0xAA, 0xAA, 0xAA, 0xAA, 0xAA, 0xBB, 0xBC, 0xCD, 0xDC, 0xBA, 0x88, 0x89, 0x9A, 0xAA, 0x99, 
	0x99, 0x98, 0x89, 0x98, 0x88, 0x99, 0x98, 0x88, 0x99, 0x9A, 0xAB, 0xCC, 0xCC, 0xBA, 0xA9, 
	0x99, 0xAA, 0xAA, 0xA9, 0xAB, 0xA9, 0x99, 0x88, 0x99, 0x99, 0x99, 0xAA, 0x98, 0x77, 0x77, 
	0x77, 0x77, 0x67, 0x77, 0x77, 0x77, 0x77, 0x77, 0x77, 0x88, 0x88, 0x88, 0x77, 0x77, 0x77, 
	0x77, 0x67, 0x77, 0x77, 0x88, 0x88, 0x88, 0x88, 0x89, 0x99, 0x9A, 0xAA, 0xAA, 0x99, 0x99, 
	0x99, 0x99, 0x89, 0xAA, 0xAA, 0x87, 0x78, 0x77, 0x77, 0x76, 0x56, 0x76, 0x34, 0x56, 0x77, 
	0x76, 0x66, 0x65, 0x56, 0x77, 0x88, 0x89, 0xAB, 0xAA, 0xBB, 0xB8, 0x77, 0x88, 0x8A, 0xDE, 
	0xFF, 0xFF, 0xFF, 0xEC, 0xAA, 0x99, 0xAB, 0xDF, 0xFF, 0xFE, 0xDC, 0xBA, 0xAB, 0xBB, 0xBA, 
	0xBB, 0xBB, 0xBB, 0xCD, 0xEF, 0xFF, 0xFE, 0xCB, 0xBB, 0xBA, 0xAA, 0xBB, 0xBB, 0xBA, 0x90, 
	0x0A, 0xAA, 0xA9, 0x87, 0x77, 0x77, 0x78, 0x88, 0x88, 0x89, 0x99, 0xAA, 0xAA, 0xAA, 0xAA, 
	0xA9, 0xAA, 0xAA, 0xAA, 0xAA, 0xAB, 0xBB, 0xBB, 0xBB, 0xBB, 0xBB, 0xBB, 0xBB, 0xBB, 0xBB, 
	0xBC, 0xCC, 0xCC, 0xCC, 0xCC, 0xCC, 0xCC, 0xCC, 0xCC, 0xCC, 0xCC, 0xCC, 0xCC, 0xCC, 0xCC, 
	0xCC, 0xCC, 0xCC, 0xCC, 0xBB, 0xBB, 0xBB, 0xBB, 0xBC, 0xCC, 0xCC, 0xCC, 0xCB, 0x98, 0x88, 
	0x88, 0x87, 0x88, 0x98, 0x88, 0x87, 0x78, 0xAC, 0xDD, 0xC8, 0x77, 0x88, 0x89, 0x9A, 0xA9, 
	0x99, 0x99, 0x89, 0x9A, 0xAB, 0xBB, 0xBB, 0xAA, 0xAB, 0xBB, 0xA9, 0x88, 0x65, 0x55, 0x55, 
	0x56, 0x65, 0x66, 0x66, 0x66, 0x77, 0x78, 0x88, 0x88, 0x88, 0x88, 0x99, 0x99, 0x99, 0x99, 
	0x99, 0x99, 0x99, 0x9A, 0xAA, 0x99, 0x99, 0x99, 0x99, 0xA9, 0x9A, 0x9A, 0xA9, 0x99, 0x99, 
	0x9A, 0xAA, 0xAA, 0xAA, 0xAA, 0xAA, 0xAA, 0xAA, 0xAA, 0xAA, 0xAB, 0xBA, 0xBA, 0xAB, 0xBB, 
	0xAA, 0xAA, 0xAA, 0xA9, 0x99, 0x87, 0x66, 0x77, 0x56, 0x56, 0x66, 0x66, 0x67, 0x77, 0x77, 
	0x66, 0x66, 0x77, 0x76, 0x66, 0x65, 0x56, 0x55, 0x67, 0x78, 0x77, 0x88, 0x88, 0x99, 0x99, 
	0xAA, 0xAA, 0xAA, 0xAA, 0xAA, 0xAB, 0xBB, 0xBC, 0xCD, 0xB9, 0x88, 0x89, 0x9A, 0xA9, 0x99, 
	0x99, 0x99, 0x99, 0x99, 0x88, 0x88, 0x88, 0x88, 0x89, 0xAA, 0xBB, 0xCC, 0xCC, 0xBA, 0x99, 
	0x99, 0xAA, 0xAA, 0x9A, 0xBB, 0xA9, 0x99, 0x88, 0x99, 0x89, 0x99, 0x99, 0x87, 0x87, 0x77, 
	0x66, 0x66, 0x67, 0x77, 0x77, 0x77, 0x77, 0x77, 0x77, 0x78, 0x77, 0x87, 0x77, 0x77, 0x77, 
	0x77, 0x77, 0x77, 0x77, 0x88, 0x88, 0x88, 0x88, 0x99, 0x99, 0x9A, 0xAA, 0xAA, 0xA9, 0x99, 
	0x99, 0x99, 0x9A, 0xAA, 0xA8, 0x77, 0x67, 0x77, 0x88, 0x55, 0x55, 0x77, 0x74, 0x45, 0x58, 
	0x87, 0x66, 0x66, 0x67, 0x87, 0x88, 0x7A, 0xAA, 0xAA, 0xBC, 0x98, 0x87, 0x89, 0x88, 0xAC, 
	0xDE, 0xFF, 0xFF, 0xED, 0xDD, 0xDC, 0xA9, 0xAC, 0xDE, 0xDC, 0xBB, 0xAA, 0xAB, 0xBB, 0xBB, 
	0xBB, 0xBC, 0xDE, 0xFF, 0xFF, 0xFF, 0xFE, 0xDC, 0xBB, 0xAA, 0xAA, 0xBB, 0xAA, 0xAA, 0x90, 
	0x0A, 0xAA, 0xAA, 0x87, 0x77, 0x77, 0x78, 0x88, 0x88, 0x89, 0x99, 0xAA, 0xAA, 0xAA, 0xAA, 
	0xA9, 0x9A, 0xAA, 0xAA, 0xAA, 0xAB, 0xBB, 0xBB, 0xBB, 0xBB, 0xBB, 0xBB, 0xBB, 0xBB, 0xBB, 
	0xBC, 0xCC, 0xCC, 0xCC, 0xCC, 0xCC, 0xCC, 0xCC, 0xCC, 0xCC, 0xCB, 0xBC, 0xCC, 0xCC, 0xCC, 
	0xCC, 0xCC, 0xCC, 0xCC, 0xBB, 0xBB, 0xBB, 0xBB, 0xBC, 0xCC, 0xCC, 0xCC, 0xCB, 0xA9, 0x98, 
	0x88, 0x77, 0x78, 0x88, 0x88, 0x87, 0x68, 0xAB, 0xDD, 0xB8, 0x77, 0x77, 0x88, 0x9A, 0x99, 
	0x88, 0x89, 0x89, 0xAA, 0xAB, 0xBA, 0xAA, 0xA9, 0xAA, 0xBB, 0xBA, 0x98, 0x75, 0x55, 0x55, 
	0x56, 0x55, 0x55, 0x55, 0x67, 0x77, 0x78, 0x88, 0x88, 0x88, 0x88, 0x99, 0x99, 0x99, 0x99, 
	0x99, 0x99, 0x99, 0xAA, 0xAA, 0xAA, 0xA9, 0xAA, 0xAA, 0xAA, 0xAA, 0xAA, 0xA9, 0x99, 0x99, 
	0x9A, 0xAA, 0xAA, 0xAA, 0xBA, 0xAA, 0xAB, 0xBA, 0xAA, 0xAA, 0xAB, 0xBA, 0xBB, 0xAA, 0xBB, 
	0xAA, 0xAA, 0xAA, 0x99, 0x88, 0x87, 0x66, 0x56, 0x65, 0x55, 0x66, 0x66, 0x77, 0x77, 0x77, 
	0x76, 0x67, 0x77, 0x76, 0x66, 0x65, 0x55, 0x66, 0x67, 0x77, 0x77, 0x77, 0x88, 0x99, 0x99, 
	0x99, 0xAA, 0x99, 0xAA, 0xAA, 0xAA, 0xAA, 0xAB, 0xBC, 0xCA, 0x88, 0x88, 0x99, 0x99, 0x99, 
	0x98, 0x89, 0x99, 0x98, 0x78, 0x89, 0x89, 0x98, 0x9A, 0xAB, 0xBB, 0xCC, 0xCB, 0xAA, 0x99, 
	0x9A, 0xBB, 0xBA, 0xAB, 0xBA, 0x99, 0x99, 0x88, 0x99, 0x88, 0x88, 0x87, 0x77, 0x87, 0x77, 
	0x66, 0x66, 0x67, 0x77, 0x77, 0x77, 0x77, 0x77, 0x77, 0x77, 0x77, 0x77, 0x77, 0x77, 0x77, 
	0x77, 0x77, 0x77, 0x88, 0x88, 0x88, 0x88, 0x88, 0x99, 0x99, 0x9A, 0xAA, 0xAA, 0xA9, 0x99, 
	0x99, 0x99, 0xAA, 0xAA, 0x87, 0x76, 0x67, 0x76, 0x67, 0x55, 0x65, 0x66, 0x67, 0x44, 0x56, 
	0x98, 0x56, 0x66, 0x78, 0x88, 0x87, 0x79, 0xAA, 0xAA, 0xAB, 0x97, 0x77, 0x7A, 0xA8, 0x9A, 
	0xBC, 0xDE, 0xCD, 0xEF, 0xFF, 0xEC, 0xA9, 0x9A, 0xBB, 0xBA, 0xAA, 0xBA, 0xAB, 0xBC, 0xCC, 
	0xBC, 0xCE, 0xFF, 0xFF, 0xFF, 0xFE, 0xED, 0xCC, 0xAA, 0xA9, 0x99, 0xAA, 0x99, 0xAA, 0x90, 
	0x0A, 0xAA, 0xAA, 0x87, 0x77, 0x77, 0x78, 0x88, 0x88, 0x89, 0x99, 0xAA, 0xAA, 0xAA, 0xAA, 
	0xA9, 0x9A, 0xAA, 0xAA, 0xAA, 0xAB, 0xBB, 0xBB, 0xBB, 0xBB, 0xBB, 0xBB, 0xBB, 0xBB, 0xBB, 
	0xBC, 0xCC, 0xCC, 0xCC, 0xCC, 0xCC, 0xCC, 0xCB, 0xBC, 0xCC, 0xCB, 0xBC, 0xCC, 0xCC, 0xCC, 
	0xCC, 0xCC, 0xCC, 0xCC, 0xBB, 0xBB, 0xBB, 0xBB, 0xBB, 0xCC, 0xCC, 0xCC, 0xCB, 0xBA, 0x99, 
	0x88, 0x88, 0x88, 0x88, 0x77, 0x77, 0x67, 0xAA, 0xBB, 0xA8, 0x87, 0x77, 0x88, 0x99, 0x98, 
	0x88, 0x88, 0x99, 0xAB, 0xBA, 0xAA, 0xAA, 0x99, 0x9A, 0xAB, 0xBA, 0xA8, 0x76, 0x55, 0x55, 
	0x55, 0x55, 0x55, 0x55, 0x67, 0x77, 0x77, 0x78, 0x88, 0x88, 0x88, 0x99, 0x99, 0x99, 0x99, 
	0x99, 0x99, 0x99, 0xA9, 0x9A, 0xAA, 0xAA, 0xAA, 0xAA, 0xAA, 0xAA, 0xAA, 0xAA, 0xAA, 0xAA, 
	0xAA, 0xAA, 0xAA, 0xAA, 0xBA, 0xAA, 0xAB, 0xBA, 0xAA, 0xAB, 0xBB, 0xBB, 0xBB, 0xAA, 0xAB, 
	0xAA, 0xAA, 0xAA, 0x99, 0x87, 0x77, 0x76, 0x65, 0x56, 0x66, 0x66, 0x66, 0x66, 0x66, 0x77, 
	0x77, 0x67, 0x77, 0x77, 0x66, 0x65, 0x55, 0x56, 0x66, 0x77, 0x77, 0x77, 0x78, 0x89, 0x89, 
	0x99, 0x99, 0x99, 0x99, 0x99, 0xAA, 0xAA, 0xAB, 0xBB, 0xCB, 0x87, 0x88, 0x88, 0x88, 0x88, 
	0x88, 0x89, 0x98, 0x87, 0x88, 0x89, 0x89, 0x99, 0x9A, 0x99, 0xAB, 0xCC, 0xCB, 0xAA, 0x99, 
	0xBB, 0xBB, 0xBA, 0xBC, 0xA9, 0x99, 0x99, 0x89, 0x99, 0x98, 0x88, 0x87, 0x78, 0x77, 0x77, 
	0x77, 0x77, 0x67, 0x77, 0x77, 0x77, 0x77, 0x77, 0x77, 0x77, 0x77, 0x77, 0x77, 0x77, 0x78, 
	0x77, 0x77, 0x77, 0x88, 0x88, 0x88, 0x88, 0x88, 0x99, 0x99, 0x99, 0xAA, 0xAA, 0x99, 0x99, 
	0x99, 0xAA, 0x9A, 0xA8, 0x78, 0x87, 0x66, 0x65, 0x67, 0x43, 0x66, 0x57, 0x56, 0x75, 0x56, 
	0x78, 0x65, 0x66, 0x77, 0x88, 0x78, 0x88, 0x9A, 0xAA, 0xAA, 0x87, 0x78, 0x89, 0xA9, 0x9A, 
	0xAC, 0xCC, 0xCE, 0xFF, 0xFF, 0xEC, 0xA9, 0xAA, 0xAA, 0xAA, 0xAB, 0xDC, 0xAA, 0xBC, 0xCC, 
	0xCD, 0xFF, 0xFF, 0xFF, 0xFF, 0xED, 0xCC, 0xBB, 0x98, 0x88, 0x88, 0x9A, 0x99, 0x99, 0x90, 
	0x0A, 0xAA, 0xAA, 0x97, 0x77, 0x77, 0x78, 0x88, 0x88, 0x89, 0x99, 0xAA, 0xAA, 0xAA, 0xAA, 
	0xA9, 0x9A, 0xAA, 0xAA, 0xAA, 0xAB, 0xBB, 0xBB, 0xBB, 0xBB, 0xBB, 0xBB, 0xBB, 0xBB, 0xBB, 
	0xBB, 0xCC, 0xCC, 0xCC, 0xCC, 0xCC, 0xBB, 0xBB, 0xBB, 0xBC, 0xCB, 0xBC, 0xCC, 0xCC, 0xCC, 
	0xCC, 0xCC, 0xCC, 0xCC, 0xBB, 0xBB, 0xBB, 0xBB, 0xBB, 0xBC, 0xCC, 0xCC, 0xCC, 0xCB, 0xBA, 
	0x99, 0x99, 0x98, 0x88, 0x77, 0x66, 0x67, 0x99, 0x98, 0x87, 0x78, 0x77, 0x88, 0x99, 0x88, 
	0x77, 0x78, 0x9A, 0xBB, 0xBA, 0x99, 0x99, 0x99, 0x9A, 0xAB, 0xBB, 0xA9, 0x75, 0x55, 0x55, 
	0x55, 0x55, 0x55, 0x56, 0x66, 0x76, 0x77, 0x77, 0x88, 0x88, 0x88, 0x99, 0x99, 0x99, 0x99, 
	0x99, 0x99, 0x99, 0xA9, 0x9A, 0xAA, 0xAA, 0xAA, 0xAA, 0xAA, 0xAA, 0xAA, 0xAA, 0xAA, 0x99, 
	0xAA, 0xAA, 0xAA, 0xAA, 0xAA, 0xAA, 0xAB, 0xBB, 0xBA, 0xBB, 0xBB, 0xBB, 0xAB, 0xAA, 0xAA, 
	0xAA, 0xAA, 0xAA, 0x99, 0x87, 0x66, 0x65, 0x66, 0x55, 0x55, 0x66, 0x77, 0x76, 0x77, 0x66, 
	0x77, 0x77, 0x77, 0x77, 0x66, 0x65, 0x55, 0x56, 0x56, 0x67, 0x67, 0x77, 0x77, 0x88, 0x88, 
	0x88, 0x99, 0x99, 0x99, 0x99, 0x99, 0xAA, 0xAA, 0xBB, 0xCC, 0x97, 0x77, 0x77, 0x77, 0x87, 
	0x78, 0x89, 0x98, 0x77, 0x88, 0x88, 0x89, 0xA9, 0x88, 0x89, 0xAB, 0xCC, 0xBA, 0xAA, 0xAA, 
	0xBB, 0xCC, 0xBB, 0xBB, 0xA9, 0x99, 0x99, 0x99, 0x99, 0x98, 0x88, 0x77, 0x88, 0x88, 0x77, 
	0x77, 0x77, 0x77, 0x77, 0x77, 0x77, 0x77, 0x77, 0x77, 0x77, 0x77, 0x77, 0x77, 0x77, 0x78, 
	0x77, 0x77, 0x77, 0x88, 0x88, 0x88, 0x88, 0x88, 0x99, 0x99, 0x99, 0x99, 0xAA, 0xAA, 0xA9, 
	0xAA, 0x99, 0xA9, 0x87, 0x76, 0x78, 0x87, 0x67, 0x87, 0x54, 0x66, 0x56, 0x75, 0x78, 0x57, 
	0x68, 0x86, 0x57, 0x88, 0x87, 0x89, 0x99, 0x99, 0xA9, 0x9A, 0x88, 0x88, 0x98, 0x89, 0x9A, 
	0xAA, 0xBB, 0xDF, 0xFF, 0xFE, 0xCA, 0xAA, 0xAA, 0xAA, 0xA9, 0xAC, 0xDC, 0xAB, 0xBB, 0xBC, 
	0xDF, 0xFF, 0xFF, 0xFF, 0xFE, 0xDC, 0xCC, 0xBA, 0x87, 0x77, 0x77, 0x9A, 0x99, 0x99, 0x90, 
	0x0A, 0xAA, 0xAA, 0x97, 0x77, 0x77, 0x77, 0x88, 0x88, 0x89, 0x99, 0xAA, 0xAA, 0xAA, 0xAA, 
	0xA9, 0x9A, 0xAA, 0xAA, 0xAA, 0xAB, 0xBB, 0xBB, 0xBB, 0xBB, 0xBB, 0xBB, 0xBB, 0xBB, 0xBB, 
	0xBC, 0xCC, 0xCB, 0xCC, 0xCC, 0xCC, 0xBB, 0xBB, 0xBB, 0xBB, 0xCB, 0xBC, 0xCC, 0xCC, 0xCC, 
	0xCC, 0xCC, 0xCC, 0xCC, 0xBB, 0xBB, 0xBB, 0xBB, 0xBB, 0xBC, 0xCC, 0xCC, 0xCC, 0xCC, 0xCB, 
	0xBB, 0xA9, 0x98, 0x87, 0x77, 0x66, 0x66, 0x68, 0x66, 0x66, 0x67, 0x77, 0x88, 0x88, 0x77, 
	0x77, 0x79, 0xAB, 0xBA, 0xA9, 0x99, 0x99, 0x99, 0x9A, 0xAB, 0xBB, 0xA9, 0x76, 0x54, 0x45, 
	0x44, 0x55, 0x55, 0x56, 0x66, 0x67, 0x67, 0x78, 0x87, 0x88, 0x88, 0x99, 0x99, 0x99, 0x99, 
	0x99, 0x99, 0x9A, 0xA9, 0xAA, 0xAA, 0xAA, 0xAA, 0xAA, 0xAA, 0xAA, 0xAA, 0xAA, 0xAA, 0xAA, 
	0xAA, 0xAA, 0xAA, 0xAA, 0xAA, 0xAA, 0xAA, 0xBB, 0xBB, 0xBB, 0xBB, 0xBB, 0xAA, 0xAA, 0xAA, 
	0xAA, 0xAA, 0x99, 0x99, 0x88, 0x76, 0x65, 0x55, 0x55, 0x56, 0x66, 0x77, 0x77, 0x66, 0x66, 
	0x67, 0x77, 0x77, 0x66, 0x66, 0x55, 0x45, 0x55, 0x55, 0x66, 0x67, 0x77, 0x77, 0x88, 0x88, 
	0x88, 0x88, 0x89, 0x89, 0x99, 0x99, 0x99, 0xAA, 0xAB, 0xBC, 0xB8, 0x76, 0x66, 0x67, 0x78, 
	0x88, 0x88, 0x87, 0x76, 0x77, 0x76, 0x78, 0x99, 0x88, 0x99, 0x9B, 0xCD, 0xCA, 0xAB, 0xBB, 
	0xBB, 0xCC, 0xBC, 0xB9, 0x99, 0x99, 0xAA, 0xAA, 0x99, 0x99, 0x88, 0x88, 0x87, 0x88, 0x77, 
	0x76, 0x67, 0x77, 0x77, 0x77, 0x77, 0x77, 0x77, 0x77, 0x77, 0x77, 0x77, 0x77, 0x77, 0x78, 
	0x87, 0x77, 0x77, 0x87, 0x88, 0x88, 0x88, 0x88, 0x88, 0x89, 0x99, 0xAA, 0xAB, 0xBB, 0xBA, 
	0xA9, 0x9A, 0x99, 0x86, 0x67, 0x66, 0x87, 0x77, 0x77, 0x54, 0x56, 0x76, 0x55, 0x56, 0x78, 
	0x77, 0x88, 0x77, 0x89, 0x99, 0x98, 0x99, 0x98, 0x99, 0x99, 0x98, 0x89, 0x89, 0x88, 0x99, 
	0x99, 0x99, 0xAD, 0xEE, 0xEB, 0xAA, 0xA9, 0xAA, 0xAA, 0xAA, 0xAA, 0xAA, 0xAA, 0xAA, 0xBB, 
	0xDF, 0xFF, 0xFF, 0xFF, 0xED, 0xDD, 0xCC, 0xB9, 0x88, 0x77, 0x77, 0x8A, 0x99, 0x99, 0x90, 
	0x0A, 0xAA, 0xAA, 0x97, 0x77, 0x77, 0x78, 0x88, 0x88, 0x88, 0x99, 0xAA, 0xAA, 0xAA, 0xAA, 
	0xAA, 0x9A, 0xAA, 0xAA, 0xAA, 0xAA, 0xBB, 0xBB, 0xBB, 0xBB, 0xBB, 0xBB, 0xBB, 0xBB, 0xBB, 
	0xBB, 0xBB, 0xBB, 0xBC, 0xCC, 0xCC, 0xBB, 0xBB, 0xBB, 0xBB, 0xBC, 0xBB, 0xCC, 0xCC, 0xCC, 
	0xCC, 0xCC, 0xCC, 0xCC, 0xBB, 0xAB, 0xBB, 0xBB, 0xBB, 0xBC, 0xCC, 0xCC, 0xCC, 0xCC, 0xCC, 
	0xCC, 0xB9, 0x88, 0x77, 0x66, 0x66, 0x66, 0x65, 0x55, 0x66, 0x66, 0x77, 0x88, 0x87, 0x78, 
	0x77, 0x8A, 0xBB, 0xBA, 0xA9, 0x99, 0x99, 0x99, 0x9A, 0xAB, 0xBB, 0xBA, 0x76, 0x45, 0x44, 
	0x44, 0x55, 0x55, 0x55, 0x66, 0x66, 0x67, 0x77, 0x78, 0x88, 0x89, 0x99, 0x99, 0x99, 0x99, 
	0x99, 0x99, 0x9A, 0xA9, 0xAA, 0xAA, 0xAA, 0xAA, 0xAA, 0xAA, 0xAA, 0xAA, 0xAA, 0xAA, 0xAA, 
	0xAA, 0xAA, 0xAA, 0xAA, 0xAA, 0xAA, 0xAA, 0xAB, 0xBB, 0xBB, 0xBB, 0xBB, 0xBB, 0xBA, 0xAA, 
	0xAA, 0xA9, 0x99, 0x89, 0x87, 0x76, 0x66, 0x55, 0x56, 0x66, 0x66, 0x67, 0x77, 0x76, 0x66, 
	0x66, 0x67, 0x77, 0x76, 0x66, 0x65, 0x44, 0x45, 0x55, 0x55, 0x67, 0x77, 0x77, 0x88, 0x88, 
	0x88, 0x88, 0x88, 0x88, 0x99, 0x99, 0x99, 0x99, 0xAA, 0xBC, 0xC7, 0x66, 0x66, 0x67, 0x88, 
	0x88, 0x88, 0x87, 0x77, 0x77, 0x65, 0x68, 0x88, 0x88, 0x99, 0xAB, 0xCD, 0xBB, 0xDD, 0xDB, 
	0xAB, 0xAA, 0xAA, 0xA9, 0x99, 0x99, 0x99, 0x99, 0xA9, 0x99, 0x98, 0x88, 0x88, 0x87, 0x87, 
	0x77, 0x67, 0x77, 0x77, 0x67, 0x77, 0x77, 0x77, 0x77, 0x77, 0x77, 0x67, 0x77, 0x77, 0x78, 
	0x87, 0x77, 0x77, 0x88, 0x88, 0x88, 0x88, 0x88, 0x88, 0x99, 0x9A, 0xAA, 0xAB, 0xBB, 0xBB, 
	0xAA, 0x99, 0x87, 0x77, 0x66, 0x66, 0x78, 0x78, 0x76, 0x65, 0x55, 0x67, 0x66, 0x66, 0x67, 
	0x77, 0x89, 0x99, 0x99, 0x99, 0x99, 0x99, 0x98, 0x98, 0x98, 0x98, 0x89, 0x88, 0x88, 0x98, 
	0x88, 0x98, 0x9A, 0xAB, 0xAA, 0xAA, 0xA9, 0x99, 0x99, 0xA9, 0x99, 0x99, 0x99, 0x99, 0x9A, 
	0xBE, 0xFF, 0xFF, 0xFE, 0xCD, 0xDC, 0xBB, 0xBA, 0x98, 0x87, 0x77, 0x89, 0x99, 0x99, 0x90, 
	0x0A, 0xAA, 0xAA, 0x97, 0x77, 0x77, 0x77, 0x88, 0x88, 0x89, 0x99, 0xAA, 0xAA, 0xAA, 0xAA, 
	0xAA, 0x9A, 0xAA, 0xAA, 0xAA, 0xAA, 0xBB, 0xBB, 0xBB, 0xBB, 0xBB, 0xBB, 0xBB, 0xBB, 0xBB, 
	0xBB, 0xCB, 0xBB, 0xBC, 0xCC, 0xCC, 0xBB, 0xBB, 0xBB, 0xBB, 0xBC, 0xBB, 0xCC, 0xCC, 0xCC, 
	0xCC, 0xCC, 0xCC, 0xCC, 0xBB, 0xBB, 0xBB, 0xBB, 0xBB, 0xBC, 0xCC, 0xCC, 0xCC, 0xCC, 0xCC, 
	0xDC, 0xB9, 0x77, 0x66, 0x66, 0x66, 0x66, 0x66, 0x55, 0x56, 0x77, 0x77, 0x88, 0x87, 0x78, 
	0x89, 0xAB, 0xCB, 0xBA, 0x99, 0x99, 0x99, 0x99, 0xAA, 0xAB, 0xBB, 0xBA, 0x86, 0x55, 0x44, 
	0x45, 0x55, 0x55, 0x56, 0x66, 0x66, 0x66, 0x78, 0x77, 0x78, 0x99, 0x99, 0x99, 0x99, 0x99, 
	0x99, 0x99, 0x9A, 0x99, 0xAA, 0xAA, 0xAA, 0xAA, 0xAA, 0xAA, 0xAA, 0xAA, 0xAA, 0xAA, 0xAA, 
	0xAA, 0xAA, 0xAA, 0xAA, 0xAA, 0xAA, 0xAA, 0xAB, 0xBB, 0xBB, 0xBA, 0xAA, 0xBB, 0xBA, 0xAA, 
	0xAA, 0xA9, 0x99, 0x88, 0x87, 0x76, 0x66, 0x65, 0x56, 0x66, 0x77, 0x77, 0x76, 0x76, 0x66, 
	0x77, 0x76, 0x67, 0x66, 0x66, 0x65, 0x44, 0x44, 0x55, 0x55, 0x66, 0x66, 0x77, 0x77, 0x77, 
	0x88, 0x88, 0x88, 0x88, 0x88, 0x99, 0x99, 0x99, 0x9A, 0xBC, 0xC9, 0x56, 0x56, 0x67, 0x77, 
	0x88, 0x88, 0x88, 0x87, 0x78, 0x77, 0x76, 0x77, 0x88, 0x8A, 0xDC, 0xCB, 0xDE, 0xFF, 0xFD, 
	0xBA, 0xAA, 0xA9, 0x99, 0x99, 0x99, 0x99, 0x99, 0xBA, 0x99, 0x99, 0x88, 0x87, 0x88, 0x87, 
	0x77, 0x77, 0x77, 0x76, 0x66, 0x67, 0x77, 0x77, 0x77, 0x77, 0x77, 0x77, 0x77, 0x77, 0x78, 
	0x88, 0x87, 0x77, 0x78, 0x88, 0x88, 0x78, 0x88, 0x89, 0x99, 0x9A, 0xAA, 0xAB, 0xBB, 0xBB, 
	0xBA, 0x97, 0x76, 0x67, 0x75, 0x56, 0x67, 0x87, 0x66, 0x64, 0x35, 0x66, 0x66, 0x77, 0x77, 
	0x88, 0x99, 0x99, 0x99, 0x99, 0x9A, 0x99, 0x89, 0x98, 0x88, 0x88, 0x89, 0xA8, 0x88, 0x88, 
	0x88, 0x89, 0x9A, 0xAA, 0xAA, 0xAA, 0xA9, 0x99, 0x88, 0x98, 0x88, 0x88, 0x88, 0x88, 0x8A, 
	0xBD, 0xEE, 0xEE, 0xDC, 0xBC, 0xCC, 0xBB, 0xBB, 0xA9, 0x98, 0x77, 0x89, 0x99, 0x99, 0x90, 
	0x0A, 0xAA, 0xAA, 0x98, 0x77, 0x77, 0x77, 0x78, 0x88, 0x89, 0x99, 0xAA, 0xAA, 0xAA, 0xAA, 
	0xAA, 0x9A, 0xAA, 0xAA, 0xAA, 0xAA, 0xAB, 0xBB, 0xBB, 0xBB, 0xBB, 0xBB, 0xBB, 0xBB, 0xBB, 
	0xBB, 0xBB, 0xBB, 0xBC, 0xCC, 0xBB, 0xBB, 0xBB, 0xBB, 0xBB, 0xBB, 0xBB, 0xCC, 0xCC, 0xCC, 
	0xCC, 0xCC, 0xCC, 0xCC, 0xBB, 0xBB, 0xBB, 0xBB, 0xBB, 0xBC, 0xCC, 0xCC, 0xCC, 0xCC, 0xCD, 
	0xCB, 0xA8, 0x65, 0x56, 0x55, 0x56, 0x66, 0x66, 0x65, 0x66, 0x77, 0x78, 0x88, 0x87, 0x78, 
	0x9A, 0xBC, 0xCC, 0xB9, 0x99, 0x99, 0x99, 0x99, 0xAA, 0xAA, 0xAA, 0xAA, 0x87, 0x65, 0x44, 
	0x45, 0x44, 0x55, 0x56, 0x66, 0x56, 0x66, 0x78, 0x77, 0x78, 0x99, 0x99, 0x99, 0x99, 0x99, 
	0x99, 0x99, 0x9A, 0x9A, 0xAA, 0xAA, 0xAA, 0xAA, 0xAA, 0xAA, 0xAA, 0xAA, 0xAA, 0xAA, 0xAA, 
	0xAA, 0xAA, 0xAA, 0xAA, 0xAA, 0xAA, 0xAA, 0xAA, 0xBB, 0xBA, 0xAA, 0xAA, 0xAA, 0xBA, 0xAA, 
	0xAA, 0xA9, 0x88, 0x88, 0x87, 0x66, 0x66, 0x55, 0x66, 0x66, 0x77, 0x77, 0x76, 0x56, 0x77, 
	0x66, 0x77, 0x77, 0x76, 0x65, 0x55, 0x54, 0x44, 0x44, 0x55, 0x56, 0x66, 0x77, 0x77, 0x77, 
	0x88, 0x88, 0x88, 0x88, 0x88, 0x88, 0x89, 0x89, 0x99, 0xAB, 0xCA, 0x55, 0x55, 0x67, 0x77, 
	0x78, 0x88, 0x99, 0x88, 0x78, 0x89, 0x76, 0x78, 0x88, 0x8A, 0xCB, 0xBC, 0xFF, 0xFF, 0xFE, 
	0xDA, 0xBA, 0xA9, 0x99, 0x99, 0x99, 0x99, 0x9B, 0xBA, 0xA9, 0x99, 0x88, 0x87, 0x78, 0x87, 
	0x77, 0x77, 0x77, 0x66, 0x66, 0x67, 0x76, 0x67, 0x66, 0x66, 0x66, 0x66, 0x77, 0x77, 0x78, 
	0x88, 0x87, 0x77, 0x78, 0x88, 0x87, 0x77, 0x88, 0x88, 0x99, 0x99, 0x9A, 0xAB, 0xBB, 0xCB, 
	0xBB, 0x98, 0x77, 0x77, 0x76, 0x67, 0x56, 0x87, 0x75, 0x56, 0x67, 0x77, 0x88, 0x99, 0x99, 
	0x99, 0x99, 0x99, 0x9A, 0xAA, 0x99, 0x99, 0x89, 0x98, 0x78, 0x97, 0x79, 0xA8, 0x77, 0x88, 
	0x88, 0x89, 0x99, 0x99, 0x99, 0xAA, 0x99, 0x98, 0x87, 0x87, 0x77, 0x88, 0x77, 0x78, 0x9A, 
	0xBC, 0xDC, 0xCC, 0xCB, 0xBB, 0xBB, 0xAB, 0xBB, 0xAA, 0x99, 0x88, 0x9A, 0xA9, 0x9A, 0x90, 
	0x0A, 0xAA, 0xAA, 0xA8, 0x77, 0x77, 0x78, 0x78, 0x88, 0x88, 0x99, 0xAA, 0xAA, 0xAA, 0xAA, 
	0xAA, 0x99, 0xAA, 0xAA, 0xAA, 0xAA, 0xAB, 0xAA, 0xBB, 0xBB, 0xBB, 0xBB, 0xBB, 0xBB, 0xBB, 
	0xBB, 0xBB, 0xBB, 0xBC, 0xCC, 0xBB, 0xBB, 0xBB, 0xBB, 0xBB, 0xBB, 0xBB, 0xCC, 0xCC, 0xCC, 
	0xCC, 0xCC, 0xCC, 0xCC, 0xBB, 0xBB, 0xBB, 0xBB, 0xBB, 0xBB, 0xCC, 0xCC, 0xCC, 0xCC, 0xCC, 
	0xCA, 0x96, 0x44, 0x45, 0x55, 0x55, 0x66, 0x66, 0x65, 0x67, 0x77, 0x88, 0x88, 0x88, 0x89, 
	0xAB, 0xCD, 0xCC, 0xB9, 0x99, 0x89, 0x99, 0x99, 0x9A, 0xAA, 0xAA, 0xAA, 0x97, 0x64, 0x44, 
	0x44, 0x44, 0x55, 0x56, 0x66, 0x55, 0x67, 0x77, 0x77, 0x88, 0x89, 0x99, 0x99, 0x99, 0x99, 
	0x99, 0x99, 0x9A, 0x9A, 0xAA, 0xAA, 0xAA, 0xAA, 0xAA, 0xAA, 0xAA, 0xAA, 0xAA, 0xAA, 0xAA, 
	0xAA, 0xAA, 0xAA, 0xAA, 0xAA, 0xAA, 0xAA, 0xAA, 0xAA, 0xAA, 0xAA, 0xAA, 0xAA, 0xBB, 0xAA, 
	0xA9, 0x99, 0x98, 0x87, 0x78, 0x65, 0x66, 0x66, 0x66, 0x77, 0x77, 0x77, 0x76, 0x66, 0x67, 
	0x76, 0x77, 0x77, 0x66, 0x66, 0x65, 0x54, 0x44, 0x44, 0x45, 0x56, 0x66, 0x77, 0x77, 0x77, 
	0x77, 0x77, 0x77, 0x88, 0x88, 0x88, 0x88, 0x89, 0x99, 0xAB, 0xCA, 0x77, 0x55, 0x66, 0x67, 
	0x89, 0x99, 0x88, 0x87, 0x77, 0x88, 0x88, 0x89, 0x89, 0x9A, 0xBC, 0xCD, 0xFF, 0xFF, 0xFC, 
	0xCB, 0xAA, 0x99, 0x99, 0x99, 0x99, 0x99, 0xBC, 0xBA, 0xA8, 0x88, 0x88, 0x88, 0x78, 0x87, 
	0x77, 0x77, 0x77, 0x76, 0x66, 0x67, 0x65, 0x66, 0x66, 0x66, 0x76, 0x67, 0x77, 0x77, 0x88, 
	0x88, 0x87, 0x77, 0x88, 0x88, 0x87, 0x77, 0x88, 0x88, 0x88, 0x99, 0x9A, 0xAB, 0xBC, 0xCC, 
	0xCB, 0xBA, 0x99, 0x98, 0x99, 0x87, 0x67, 0x98, 0x87, 0x89, 0x89, 0x99, 0x99, 0x99, 0x99, 
	0x99, 0x99, 0x99, 0x99, 0x99, 0x99, 0x98, 0x99, 0x97, 0x67, 0x87, 0x68, 0x88, 0x77, 0x88, 
	0x88, 0x98, 0x89, 0x98, 0x88, 0x89, 0x98, 0x88, 0x77, 0x77, 0x77, 0x77, 0x77, 0x78, 0x89, 
	0xBB, 0xCB, 0xBC, 0xCB, 0xBA, 0xAA, 0xAA, 0xAB, 0xAA, 0xA9, 0x99, 0x9B, 0xB9, 0x89, 0x90, 
	0x0A, 0xAA, 0xAA, 0xA8, 0x77, 0x77, 0x77, 0x78, 0x88, 0x88, 0x99, 0xAA, 0xAA, 0xAA, 0xAA, 
	0xAA, 0x99, 0x9A, 0xAA, 0xAA, 0xAA, 0xAB, 0xAA, 0xBB, 0xBB, 0xBB, 0xBB, 0xBB, 0xBB, 0xBB, 
	0xBB, 0xBB, 0xBB, 0xBC, 0xCB, 0xBB, 0xBB, 0xBB, 0xBB, 0xBB, 0xBB, 0xBB, 0xCC, 0xCC, 0xCC, 
	0xCC, 0xCC, 0xCC, 0xCC, 0xBB, 0xBB, 0xBB, 0xBB, 0xBB, 0xBB, 0xCC, 0xCC, 0xCC, 0xCC, 0xCB, 
	0xB9, 0x64, 0x44, 0x44, 0x55, 0x55, 0x55, 0x66, 0x65, 0x56, 0x66, 0x76, 0x87, 0x88, 0x89, 
	0xAB, 0xCD, 0xDC, 0xB9, 0x99, 0x88, 0x99, 0x99, 0x9A, 0xA9, 0x99, 0x99, 0x98, 0x65, 0x44, 
	0x43, 0x45, 0x55, 0x55, 0x65, 0x55, 0x67, 0x77, 0x78, 0x88, 0x89, 0x98, 0x89, 0x99, 0x99, 
	0x99, 0x99, 0x9A, 0xAA, 0xAA, 0xAA, 0xAA, 0xAA, 0xAA, 0xAA, 0xAA, 0xAA, 0xAA, 0xAA, 0xAA, 
	0xAA, 0xAA, 0xAA, 0xAA, 0xAA, 0xAA, 0xAA, 0xAA, 0xAA, 0xAA, 0xAA, 0xAA, 0xAA, 0xAB, 0xAA, 
	0xA9, 0x99, 0x98, 0x77, 0x67, 0x76, 0x66, 0x66, 0x66, 0x66, 0x77, 0x77, 0x77, 0x76, 0x67, 
	0x77, 0x77, 0x77, 0x66, 0x66, 0x65, 0x44, 0x33, 0x33, 0x44, 0x55, 0x66, 0x67, 0x77, 0x77, 
	0x77, 0x77, 0x77, 0x78, 0x88, 0x88, 0x88, 0x88, 0x99, 0x9B, 0xCB, 0xA9, 0x76, 0x55, 0x79, 
	0xBB, 0xB9, 0x98, 0x87, 0x67, 0x88, 0x99, 0x99, 0x98, 0x9A, 0xBB, 0xDD, 0xEF, 0xFE, 0xDB, 
	0xBB, 0xA9, 0x99, 0x89, 0x99, 0x99, 0x9B, 0xCB, 0xAA, 0x98, 0x88, 0x88, 0x77, 0x98, 0x87, 
	0x77, 0x77, 0x77, 0x76, 0x66, 0x76, 0x55, 0x66, 0x66, 0x67, 0x76, 0x77, 0x77, 0x77, 0x88, 
	0x88, 0x87, 0x78, 0x88, 0x88, 0x87, 0x77, 0x88, 0x88, 0x89, 0x99, 0x9A, 0xAA, 0xBB, 0xBC, 
	0xCC, 0xBA, 0x98, 0x77, 0x77, 0x88, 0x99, 0x99, 0x99, 0x99, 0x99, 0x98, 0x99, 0x99, 0x99, 
	0x99, 0x99, 0x99, 0x99, 0x99, 0x99, 0x98, 0x99, 0x87, 0x67, 0x88, 0x88, 0x87, 0x88, 0x88, 
	0x88, 0x98, 0x99, 0x98, 0x88, 0x88, 0x87, 0x77, 0x77, 0x87, 0x77, 0x66, 0x66, 0x78, 0x89, 
	0xAA, 0xAA, 0x9A, 0xAA, 0xAA, 0xA9, 0xAA, 0xAA, 0xAA, 0xAA, 0x9A, 0xAA, 0xA9, 0x89, 0x90, 
	0x0A, 0xAA, 0xAA, 0xA8, 0x77, 0x77, 0x77, 0x78, 0x88, 0x88, 0x99, 0x9A, 0xAA, 0xAA, 0xAA, 
	0xAA, 0x99, 0x9A, 0xAA, 0xAA, 0xAA, 0xBB, 0xBB, 0xBB, 0xBB, 0xBB, 0xBB, 0xBB, 0xBB, 0xBB, 
	0xBB, 0xBB, 0xBB, 0xBB, 0xCB, 0xBB, 0xBB, 0xBB, 0xBB, 0xBB, 0xBB, 0xBB, 0xBB, 0xBC, 0xCC, 
	0xCC, 0xCC, 0xCC, 0xCC, 0xBB, 0xBB, 0xBB, 0xBB, 0xBB, 0xBB, 0xCC, 0xCC, 0xCC, 0xCB, 0xBA, 
	0x97, 0x54, 0x45, 0x55, 0x55, 0x55, 0x55, 0x56, 0x66, 0x55, 0x55, 0x57, 0x77, 0x88, 0x89, 
	0xAB, 0xCC, 0xDC, 0xB9, 0x99, 0x98, 0x89, 0x99, 0x99, 0x99, 0x99, 0x99, 0x98, 0x65, 0x43, 
	0x34, 0x45, 0x55, 0x55, 0x65, 0x56, 0x67, 0x77, 0x78, 0x88, 0x89, 0x88, 0x99, 0x99, 0x99, 
	0x99, 0x99, 0xAA, 0xAA, 0xAA, 0xAA, 0xAA, 0xA9, 0xAA, 0xAA, 0xAA, 0xAA, 0xAA, 0xAA, 0xAA, 
	0xAA, 0xAA, 0xAA, 0xAA, 0xAA, 0xAA, 0xAA, 0xAA, 0xAA, 0xAA, 0xAA, 0xAA, 0xBA, 0xAA, 0xAA, 
	0xA9, 0x99, 0x98, 0x87, 0x66, 0x66, 0x66, 0x67, 0x76, 0x66, 0x66, 0x77, 0x77, 0x77, 0x77, 
	0x77, 0x77, 0x77, 0x76, 0x55, 0x65, 0x54, 0x33, 0x33, 0x44, 0x45, 0x56, 0x66, 0x67, 0x77, 
	0x77, 0x77, 0x77, 0x77, 0x77, 0x88, 0x88, 0x88, 0x88, 0x9A, 0xBC, 0xBA, 0x97, 0x66, 0x8A, 
	0xBC, 0xBA, 0x98, 0x77, 0x68, 0x89, 0x98, 0x88, 0x87, 0x87, 0x89, 0xAA, 0xCC, 0xCC, 0xAB, 
	0xBA, 0x99, 0x98, 0x89, 0x99, 0x99, 0xAB, 0xBA, 0xBA, 0x98, 0x87, 0x87, 0x77, 0x98, 0x87, 
	0x77, 0x78, 0x87, 0x76, 0x67, 0x76, 0x66, 0x76, 0x66, 0x67, 0x76, 0x67, 0x77, 0x77, 0x88, 
	0x88, 0x87, 0x78, 0x88, 0x88, 0x87, 0x77, 0x88, 0x88, 0x99, 0x99, 0x99, 0xAA, 0xAB, 0xBB, 
	0xCC, 0xBB, 0xA9, 0x98, 0x98, 0x99, 0x99, 0x99, 0x99, 0x99, 0x99, 0x99, 0x99, 0x99, 0x99, 
	0x99, 0x99, 0x99, 0x99, 0x99, 0x99, 0x99, 0x99, 0x86, 0x67, 0x77, 0x78, 0x88, 0x88, 0x89, 
	0x99, 0x99, 0xAA, 0xA9, 0x99, 0x88, 0x88, 0x88, 0x88, 0x87, 0x77, 0x66, 0x66, 0x77, 0x78, 
	0x99, 0x99, 0x99, 0x99, 0x99, 0x99, 0x9A, 0xAA, 0xA9, 0x99, 0x99, 0x9A, 0x98, 0x89, 0x90, 
	0x0A, 0xAA, 0xAA, 0xA9, 0x77, 0x77, 0x77, 0x78, 0x88, 0x88, 0x99, 0x9A, 0xAA, 0xAA, 0xAA, 
	0xAA, 0x99, 0x99, 0xAA, 0xAA, 0xAA, 0xBB, 0xBB, 0xBB, 0xBB, 0xBB, 0xBB, 0xBB, 0xBB, 0xBB, 
	0xBB, 0xBB, 0xBB, 0xBB, 0xBB, 0xBB, 0xBB, 0xBB, 0xBB, 0xBB, 0xBB, 0xBB, 0xBB, 0xBC, 0xCC, 
	0xCC, 0xCC, 0xCC, 0xCC, 0xBB, 0xBB, 0xBB, 0xBB, 0xBB, 0xBB, 0xCC, 0xCC, 0xCC, 0xBA, 0xA9, 
	0x86, 0x55, 0x55, 0x55, 0x56, 0x66, 0x65, 0x55, 0x56, 0x55, 0x66, 0x56, 0x88, 0x88, 0x89, 
	0x9A, 0xBC, 0xCC, 0xBA, 0x98, 0x99, 0x89, 0x99, 0x99, 0x99, 0x99, 0x99, 0x98, 0x65, 0x44, 
	0x44, 0x44, 0x45, 0x55, 0x55, 0x55, 0x66, 0x77, 0x77, 0x77, 0x88, 0x88, 0x99, 0x99, 0x99, 
	0x99, 0x99, 0xAA, 0xA9, 0xAA, 0xAA, 0xAA, 0xA9, 0xAA, 0xAA, 0xAA, 0xAA, 0xAA, 0xAA, 0xAA, 
	0xAA, 0xAA, 0xAA, 0xAA, 0xAA, 0xAA, 0xAA, 0xAA, 0xAA, 0xAA, 0xAA, 0xAA, 0xAA, 0xAA, 0xAA, 
	0xA9, 0x99, 0x88, 0x88, 0x76, 0x76, 0x66, 0x67, 0x77, 0x76, 0x66, 0x66, 0x77, 0x77, 0x76, 
	0x77, 0x76, 0x77, 0x76, 0x65, 0x66, 0x54, 0x43, 0x33, 0x34, 0x44, 0x56, 0x66, 0x66, 0x66, 
	0x77, 0x77, 0x77, 0x77, 0x77, 0x78, 0x88, 0x88, 0x88, 0x9A, 0xBB, 0xA9, 0x99, 0x87, 0x89, 
	0xBC, 0xCB, 0x98, 0x87, 0x78, 0x88, 0x87, 0x66, 0x67, 0x85, 0x68, 0x87, 0x9A, 0x89, 0xBB, 
	0xA9, 0x98, 0x89, 0x99, 0x99, 0xAA, 0xBB, 0xAB, 0xBB, 0x98, 0x77, 0x87, 0x78, 0x88, 0x88, 
	0x77, 0x88, 0x87, 0x76, 0x67, 0x76, 0x66, 0x76, 0x66, 0x77, 0x77, 0x77, 0x77, 0x78, 0x98, 
	0x99, 0x88, 0x88, 0x77, 0x88, 0x77, 0x88, 0x88, 0x88, 0x99, 0x99, 0x99, 0x99, 0xAA, 0xBB, 
	0xBA, 0xBB, 0xAB, 0xAA, 0xA9, 0x99, 0x9A, 0x99, 0x99, 0x99, 0x99, 0x99, 0x99, 0x99, 0x99, 
	0x99, 0x99, 0x99, 0x99, 0x98, 0x99, 0x99, 0x99, 0x86, 0x76, 0x75, 0x55, 0x56, 0x66, 0x67, 
	0x88, 0x88, 0x99, 0x9A, 0x99, 0x98, 0x88, 0x88, 0x87, 0x77, 0x77, 0x77, 0x77, 0x77, 0x78, 
	0x88, 0x89, 0x88, 0x88, 0x88, 0x99, 0x99, 0xAA, 0x98, 0x87, 0x88, 0x9A, 0x99, 0x99, 0x90, 
	0x0A, 0xAA, 0xAA, 0xA9, 0x77, 0x77, 0x77, 0x78, 0x88, 0x88, 0x99, 0x9A, 0xAA, 0xAA, 0xAA, 
	0xAA, 0x99, 0x9A, 0xAA, 0xAA, 0xAA, 0xBB, 0xBB, 0xBB, 0xBB, 0xBB, 0xBB, 0xBB, 0xBB, 0xBB, 
	0xBB, 0xBB, 0xBB, 0xBB, 0xBB, 0xBB, 0xBB, 0xBB, 0xBB, 0xBB, 0xBB, 0xBB, 0xBB, 0xBC, 0xCC, 
	0xCC, 0xCC, 0xCC, 0xCC, 0xCB, 0xBB, 0xBB, 0xBB, 0xBB, 0xBB, 0xCC, 0xCC, 0xCB, 0xA9, 0x87, 
	0x76, 0x66, 0x66, 0x66, 0x66, 0x76, 0x66, 0x55, 0x66, 0x66, 0x66, 0x67, 0x89, 0x98, 0x99, 
	0x9A, 0xAB, 0xBC, 0xBA, 0x98, 0x89, 0x98, 0x89, 0x99, 0x99, 0x99, 0x99, 0x98, 0x65, 0x55, 
	0x44, 0x44, 0x44, 0x45, 0x55, 0x55, 0x56, 0x66, 0x77, 0x77, 0x78, 0x88, 0x99, 0x99, 0x99, 
	0x99, 0x99, 0xAA, 0xA9, 0x9A, 0xAA, 0xAA, 0x99, 0xAA, 0xAA, 0xAA, 0xAA, 0xAA, 0xAA, 0xAA, 
	0xAA, 0xAA, 0xAA, 0xAA, 0xAA, 0xAA, 0xAA, 0xAA, 0xAA, 0xAA, 0xAA, 0xAA, 0xAA, 0xAA, 0xAA, 
	0xA9, 0x89, 0x87, 0x66, 0x77, 0x76, 0x66, 0x66, 0x77, 0x76, 0x66, 0x66, 0x67, 0x77, 0x77, 
	0x77, 0x77, 0x77, 0x66, 0x65, 0x55, 0x54, 0x43, 0x23, 0x34, 0x44, 0x55, 0x56, 0x66, 0x77, 
	0x77, 0x77, 0x77, 0x77, 0x77, 0x77, 0x78, 0x78, 0x88, 0x9A, 0xB9, 0x88, 0x88, 0x88, 0x89, 
	0xAA, 0xBA, 0x99, 0x88, 0x87, 0x76, 0x65, 0x44, 0x47, 0x65, 0x45, 0x67, 0x98, 0x89, 0xBA, 
	0x99, 0x88, 0x89, 0x99, 0x99, 0xAA, 0xAA, 0xAB, 0xAB, 0x97, 0x77, 0x77, 0x78, 0x88, 0x87, 
	0x77, 0x88, 0x88, 0x76, 0x77, 0x65, 0x67, 0x76, 0x66, 0x77, 0x77, 0x77, 0x77, 0x78, 0x99, 
	0x99, 0x98, 0x88, 0x77, 0x88, 0x77, 0x88, 0x88, 0x89, 0x99, 0x99, 0x99, 0x99, 0x99, 0xAA, 
	0xAA, 0xAA, 0xAA, 0xAA, 0x99, 0x99, 0x99, 0x99, 0x98, 0x89, 0x99, 0x99, 0x99, 0x99, 0x99, 
	0x99, 0x99, 0x99, 0x99, 0x99, 0x99, 0xAA, 0xA9, 0x86, 0x67, 0x76, 0x44, 0x54, 0x45, 0x55, 
	0x55, 0x55, 0x56, 0x78, 0x99, 0xA9, 0x88, 0x88, 0x87, 0x77, 0x77, 0x77, 0x66, 0x77, 0x77, 
	0x78, 0x89, 0x98, 0x88, 0x88, 0x99, 0x99, 0x99, 0x87, 0x76, 0x67, 0x8A, 0x99, 0x99, 0x90, 
	0x0A, 0xAA, 0xAA, 0xA9, 0x76, 0x77, 0x77, 0x87, 0x88, 0x88, 0x99, 0x9A, 0xAA, 0xAA, 0xAA, 
	0xAA, 0xA9, 0x9A, 0xAA, 0xAA, 0xAA, 0xAB, 0xBB, 0xBB, 0xBB, 0xBB, 0xBB, 0xBB, 0xBB, 0xBB, 
	0xBB, 0xBB, 0xBB, 0xBB, 0xBB, 0xBB, 0xBB, 0xBB, 0xBB, 0xBB, 0xBB, 0xBB, 0xBB, 0xBB, 0xBC, 
	0xCC, 0xCC, 0xCC, 0xCC, 0xCB, 0xBA, 0xBB, 0xBB, 0xBB, 0xBC, 0xCC, 0xCC, 0xCB, 0xA9, 0x76, 
	0x66, 0x66, 0x66, 0x66, 0x66, 0x76, 0x66, 0x66, 0x66, 0x66, 0x66, 0x67, 0x88, 0x99, 0x9A, 
	0xA9, 0xAB, 0xBB, 0xBA, 0x99, 0x88, 0x89, 0x88, 0x89, 0x99, 0x99, 0x99, 0x98, 0x75, 0x55, 
	0x54, 0x43, 0x43, 0x44, 0x54, 0x45, 0x55, 0x66, 0x67, 0x66, 0x77, 0x78, 0x99, 0x99, 0x99, 
	0x99, 0x99, 0xAA, 0x9A, 0xAA, 0xAA, 0xAA, 0xAA, 0xAA, 0xAA, 0xAA, 0xAA, 0xAA, 0xAA, 0xAA, 
	0xAA, 0xAA, 0xAA, 0xAA, 0xAA, 0xAA, 0xAA, 0xAA, 0xAB, 0xBA, 0xAA, 0xAA, 0xAA, 0x99, 0xAA, 
	0x99, 0x98, 0x77, 0x66, 0x67, 0x77, 0x67, 0x77, 0x77, 0x66, 0x66, 0x66, 0x66, 0x77, 0x77, 
	0x77, 0x77, 0x77, 0x66, 0x55, 0x56, 0x54, 0x33, 0x22, 0x33, 0x44, 0x55, 0x56, 0x66, 0x66, 
	0x67, 0x77, 0x77, 0x77, 0x77, 0x77, 0x77, 0x78, 0x88, 0x9B, 0xA6, 0x55, 0x67, 0x77, 0x88, 
	0x88, 0x88, 0x88, 0x89, 0x87, 0x66, 0x55, 0x44, 0x46, 0x54, 0x44, 0x46, 0x67, 0xBB, 0xA9, 
	0x99, 0x88, 0xA9, 0x99, 0x99, 0xA9, 0x99, 0xA9, 0x98, 0x67, 0x77, 0x77, 0x77, 0x87, 0x77, 
	0x77, 0x88, 0x88, 0x66, 0x87, 0x55, 0x67, 0x76, 0x67, 0x77, 0x76, 0x77, 0x77, 0x89, 0x99, 
	0x99, 0x98, 0x88, 0x77, 0x88, 0x78, 0x88, 0x89, 0x89, 0x99, 0x99, 0x9A, 0x98, 0x99, 0x99, 
	0x9A, 0xAA, 0xAA, 0x99, 0x99, 0x98, 0x89, 0x98, 0x99, 0x99, 0x88, 0x99, 0x99, 0x99, 0x99, 
	0x99, 0x99, 0x99, 0xAA, 0xAA, 0xAA, 0xAA, 0xAA, 0x97, 0x57, 0x75, 0x44, 0x44, 0x44, 0x44, 
	0x45, 0x55, 0x55, 0x55, 0x67, 0x89, 0x99, 0x88, 0x87, 0x87, 0x88, 0x76, 0x66, 0x67, 0x77, 
	0x77, 0x89, 0xB9, 0x88, 0x89, 0x99, 0x99, 0x88, 0x77, 0x65, 0x67, 0x9A, 0xA8, 0x99, 0x90, 
	0x0A, 0xAA, 0xAA, 0xA9, 0x76, 0x77, 0x77, 0x77, 0x88, 0x88, 0x89, 0x9A, 0xAA, 0xAA, 0xAA, 
	0xAA, 0xA9, 0x9A, 0x9A, 0xAA, 0xAA, 0xAB, 0xBB, 0xBB, 0xBB, 0xBB, 0xBB, 0xBB, 0xBB, 0xBB, 
	0xBB, 0xBB, 0xBB, 0xBB, 0xBB, 0xBB, 0xBB, 0xBB, 0xBB, 0xBB, 0xBB, 0xBB, 0xBB, 0xBB, 0xCC, 
	0xCC, 0xCC, 0xCC, 0xCC, 0xCB, 0xBB, 0xBB, 0xBB, 0xBB, 0xBB, 0xCC, 0xCC, 0xCB, 0xA9, 0x86, 
	0x66, 0x67, 0x77, 0x66, 0x66, 0x66, 0x66, 0x66, 0x66, 0x66, 0x55, 0x56, 0x77, 0x88, 0xAA, 
	0xA9, 0xAA, 0xAA, 0xAA, 0x99, 0x88, 0x89, 0x98, 0x88, 0x99, 0x99, 0x99, 0x98, 0x75, 0x55, 
	0x54, 0x43, 0x33, 0x44, 0x44, 0x44, 0x55, 0x55, 0x56, 0x66, 0x77, 0x78, 0x98, 0x99, 0x99, 
	0x99, 0x99, 0xA9, 0x9A, 0xAA, 0xAA, 0xAA, 0xAA, 0xAA, 0xAA, 0xAA, 0xAA, 0xAA, 0xAA, 0xAA, 
	0xAA, 0xAA, 0xAA, 0xAA, 0xBA, 0xAA, 0xAA, 0xAA, 0xAA, 0xAA, 0xAA, 0xAA, 0xAA, 0xA9, 0x99, 
	0x99, 0x98, 0x77, 0x66, 0x77, 0x77, 0x77, 0x67, 0x77, 0x66, 0x66, 0x66, 0x66, 0x77, 0x77, 
	0x77, 0x77, 0x77, 0x76, 0x55, 0x55, 0x55, 0x43, 0x33, 0x33, 0x44, 0x55, 0x55, 0x66, 0x66, 
	0x66, 0x77, 0x77, 0x77, 0x77, 0x77, 0x77, 0x77, 0x78, 0x9B, 0xA6, 0x44, 0x45, 0x56, 0x66, 
	0x66, 0x55, 0x67, 0x77, 0x77, 0x76, 0x65, 0x54, 0x45, 0x33, 0x33, 0x36, 0x8A, 0xBA, 0x99, 
	0x98, 0x8A, 0x98, 0x98, 0x89, 0x99, 0x99, 0x99, 0x86, 0x67, 0x56, 0x77, 0x87, 0x77, 0x77, 
	0x78, 0x88, 0x77, 0x67, 0x85, 0x55, 0x67, 0x67, 0x77, 0x77, 0x77, 0x77, 0x78, 0x89, 0x99, 
	0x99, 0x98, 0x88, 0x87, 0x88, 0x78, 0x88, 0x88, 0x89, 0x89, 0x99, 0xAB, 0xBA, 0xA9, 0x89, 
	0x99, 0x99, 0x99, 0x99, 0x99, 0x99, 0x88, 0x89, 0x88, 0x88, 0x88, 0x88, 0x99, 0x99, 0x99, 
	0xAA, 0xAA, 0xAA, 0xAA, 0xBB, 0xBB, 0xAA, 0xBB, 0x96, 0x57, 0x75, 0x44, 0x45, 0x44, 0x44, 
	0x44, 0x45, 0x55, 0x55, 0x55, 0x66, 0x77, 0x9A, 0x98, 0x98, 0x87, 0x77, 0x76, 0x66, 0x66, 
	0x77, 0x89, 0xA9, 0x88, 0x89, 0x99, 0x98, 0x87, 0x76, 0x66, 0x68, 0x9B, 0xA9, 0x99, 0x80, 
	0x0A, 0xAA, 0xAA, 0xAA, 0x86, 0x77, 0x77, 0x77, 0x88, 0x88, 0x89, 0x99, 0xAA, 0xAA, 0xAA, 
	0xAA, 0xA9, 0x9A, 0x9A, 0xAA, 0xAA, 0xAB, 0xBB, 0xBB, 0xBB, 0xBB, 0xBB, 0xBB, 0xBB, 0xBB, 
	0xBB, 0xBB, 0xBB, 0xBB, 0xBB, 0xBB, 0xBB, 0xBB, 0xBB, 0xBB, 0xBB, 0xBB, 0xBB, 0xCC, 0xCC, 
	0xCC, 0xCD, 0xDC, 0xCC, 0xCC, 0xBB, 0xBB, 0xBB, 0xBB, 0xBB, 0xCC, 0xCC, 0xCC, 0xBA, 0x98, 
	0x66, 0x67, 0x88, 0x76, 0x66, 0x66, 0x66, 0x66, 0x77, 0x65, 0x55, 0x45, 0x56, 0x79, 0xBA, 
	0x99, 0xAA, 0xAA, 0xAA, 0x99, 0x88, 0x89, 0x99, 0x88, 0x99, 0x99, 0x99, 0x99, 0x76, 0x55, 
	0x54, 0x33, 0x34, 0x44, 0x44, 0x44, 0x45, 0x55, 0x55, 0x66, 0x66, 0x78, 0x88, 0x89, 0x99, 
	0x99, 0x99, 0x99, 0x9A, 0xAA, 0xAA, 0xAA, 0xAA, 0xAA, 0xAA, 0xAA, 0xAA, 0xAA, 0xAA, 0xAA, 
	0xAA, 0xAA, 0xAA, 0xAA, 0xAB, 0xAA, 0xAA, 0xAA, 0xAA, 0xAA, 0xAA, 0xAA, 0xAA, 0xA9, 0x99, 
	0x98, 0x88, 0x77, 0x66, 0x77, 0x77, 0x77, 0x66, 0x66, 0x66, 0x66, 0x66, 0x66, 0x66, 0x77, 
	0x77, 0x77, 0x77, 0x76, 0x65, 0x56, 0x55, 0x43, 0x33, 0x33, 0x34, 0x45, 0x55, 0x66, 0x66, 
	0x66, 0x77, 0x77, 0x77, 0x76, 0x77, 0x77, 0x77, 0x78, 0x9B, 0xA5, 0x44, 0x44, 0x45, 0x55, 
	0x54, 0x45, 0x55, 0x65, 0x66, 0x55, 0x55, 0x44, 0x53, 0x35, 0x35, 0x58, 0xBA, 0xAA, 0x99, 
	0x88, 0xAA, 0x88, 0x88, 0x98, 0x98, 0x88, 0x88, 0x88, 0x86, 0x66, 0x87, 0x78, 0x77, 0x77, 
	0x88, 0x88, 0x76, 0x77, 0x75, 0x45, 0x67, 0x67, 0x67, 0x76, 0x77, 0x77, 0x78, 0x88, 0x99, 
	0x99, 0x99, 0x87, 0x88, 0x88, 0x88, 0x88, 0x88, 0x88, 0x89, 0x99, 0x9A, 0xBB, 0xBA, 0x98, 
	0x88, 0x89, 0x99, 0x99, 0x98, 0x88, 0x88, 0x88, 0x88, 0x99, 0x89, 0x99, 0x99, 0xAA, 0xBB, 
	0xBB, 0xBB, 0xBB, 0xBB, 0xBB, 0xBB, 0xBB, 0xBB, 0xA7, 0x56, 0x65, 0x44, 0x44, 0x44, 0x44, 
	0x44, 0x44, 0x44, 0x55, 0x55, 0x55, 0x55, 0x78, 0x89, 0x99, 0xA9, 0x78, 0x77, 0x66, 0x65, 
	0x67, 0x89, 0x98, 0x88, 0x88, 0x88, 0x98, 0x76, 0x65, 0x56, 0x79, 0xAB, 0xA9, 0x98, 0x80, 
	0x0A, 0xAA, 0xAA, 0xAA, 0x87, 0x77, 0x77, 0x77, 0x88, 0x88, 0x89, 0x99, 0xAA, 0xAA, 0xAA, 
	0xAA, 0xA9, 0x9A, 0xAA, 0xAA, 0xAA, 0xAB, 0xBB, 0xBB, 0xBB, 0xBB, 0xBB, 0xBB, 0xBB, 0xBB, 
	0xBB, 0xBB, 0xBB, 0xBB, 0xBB, 0xBB, 0xBB, 0xBB, 0xBB, 0xBB, 0xBB, 0xBB, 0xBB, 0xCC, 0xCC, 
	0xCC, 0xCD, 0xDD, 0xDC, 0xCC, 0xBB, 0xBB, 0xBB, 0xBB, 0xBB, 0xBC, 0xCC, 0xCC, 0xBB, 0xA9, 
	0x76, 0x77, 0x88, 0x77, 0x76, 0x66, 0x66, 0x66, 0x66, 0x65, 0x55, 0x45, 0x55, 0x79, 0xBB, 
	0xA9, 0xAA, 0xAA, 0x99, 0x99, 0x98, 0x88, 0x99, 0x88, 0x99, 0x99, 0x99, 0x99, 0x86, 0x55, 
	0x54, 0x43, 0x44, 0x34, 0x34, 0x44, 0x45, 0x55, 0x55, 0x65, 0x56, 0x78, 0x88, 0x89, 0x99, 
	0x99, 0x99, 0x99, 0x9A, 0xAA, 0xAA, 0xAA, 0xAA, 0xAA, 0xAA, 0xAA, 0xAA, 0xAA, 0xAA, 0xAA, 
	0xAA, 0xAA, 0xAA, 0xAA, 0xAA, 0xAA, 0xAA, 0xAA, 0xAA, 0xAA, 0xAA, 0xAA, 0xAA, 0xAA, 0x99, 
	0x98, 0x88, 0x77, 0x77, 0x77, 0x77, 0x77, 0x66, 0x66, 0x66, 0x66, 0x66, 0x66, 0x66, 0x67, 
	0x77, 0x77, 0x77, 0x66, 0x55, 0x55, 0x55, 0x43, 0x33, 0x33, 0x34, 0x45, 0x55, 0x66, 0x66, 
	0x66, 0x77, 0x77, 0x77, 0x77, 0x77, 0x77, 0x77, 0x78, 0xAA, 0x84, 0x33, 0x33, 0x34, 0x44, 
	0x44, 0x34, 0x44, 0x55, 0x45, 0x54, 0x44, 0x44, 0x44, 0x68, 0x55, 0x7A, 0xBA, 0xA9, 0x98, 
	0x8A, 0xA7, 0x89, 0x89, 0x99, 0x99, 0x99, 0x77, 0x77, 0x88, 0x98, 0x98, 0x88, 0x77, 0x87, 
	0x88, 0x87, 0x67, 0x77, 0x85, 0x45, 0x66, 0x67, 0x67, 0x76, 0x77, 0x77, 0x78, 0x88, 0x99, 
	0x99, 0x99, 0x87, 0x88, 0x88, 0x88, 0x88, 0x88, 0x78, 0x88, 0x89, 0x99, 0xAA, 0xBB, 0xBA, 
	0x98, 0x88, 0x88, 0x88, 0x88, 0x88, 0x88, 0x88, 0x88, 0x88, 0x88, 0x98, 0x89, 0x9A, 0xAA, 
	0xBB, 0xBB, 0xBB, 0xBC, 0xCC, 0xCC, 0xBB, 0xBB, 0xA7, 0x56, 0x64, 0x44, 0x44, 0x44, 0x44, 
	0x44, 0x44, 0x44, 0x44, 0x44, 0x55, 0x55, 0x66, 0x66, 0x77, 0xAA, 0xAC, 0x98, 0x76, 0x66, 
	0x66, 0x78, 0x88, 0x88, 0x88, 0x88, 0x98, 0x76, 0x55, 0x56, 0x8A, 0xAB, 0xA9, 0x98, 0x80, 
	0x0A, 0xAA, 0xAA, 0xAA, 0x87, 0x77, 0x77, 0x78, 0x88, 0x88, 0x89, 0x9A, 0xAA, 0xAA, 0xAA, 
	0xAA, 0xA9, 0x9A, 0xAA, 0xAA, 0xAA, 0xAB, 0xBB, 0xBB, 0xBB, 0xBB, 0xBB, 0xBB, 0xBB, 0xBB, 
	0xBB, 0xBB, 0xBB, 0xBB, 0xBB, 0xBB, 0xBB, 0xBB, 0xBB, 0xBB, 0xBB, 0xBB, 0xBB, 0xCC, 0xCC, 
	0xCC, 0xCD, 0xDD, 0xDD, 0xCC, 0xBB, 0xBB, 0xBB, 0xBB, 0xBB, 0xBC, 0xCC, 0xCC, 0xCC, 0xB9, 
	0x77, 0x78, 0x88, 0x77, 0x87, 0x66, 0x66, 0x66, 0x66, 0x65, 0x55, 0x55, 0x55, 0x79, 0xBB, 
	0xAA, 0xBB, 0xB9, 0x89, 0x99, 0x88, 0x88, 0x99, 0x99, 0x99, 0x99, 0x99, 0x99, 0x86, 0x55, 
	0x54, 0x44, 0x44, 0x34, 0x34, 0x44, 0x55, 0x45, 0x55, 0x65, 0x56, 0x77, 0x88, 0x88, 0x99, 
	0x99, 0x99, 0x99, 0x9A, 0xAA, 0xAA, 0xAA, 0xAA, 0xAA, 0xAA, 0xAA, 0xAA, 0xAA, 0xAA, 0xAA, 
	0xAA, 0xAA, 0xAA, 0xAA, 0xAA, 0xAA, 0xAA, 0xAA, 0xAA, 0xAA, 0xAA, 0xA9, 0xAA, 0xA9, 0x98, 
	0x89, 0x87, 0x77, 0x87, 0x77, 0x77, 0x77, 0x66, 0x66, 0x66, 0x66, 0x66, 0x66, 0x66, 0x66, 
	0x77, 0x77, 0x88, 0x76, 0x55, 0x55, 0x55, 0x43, 0x33, 0x33, 0x33, 0x44, 0x55, 0x66, 0x66, 
	0x66, 0x66, 0x66, 0x77, 0x77, 0x77, 0x77, 0x77, 0x78, 0xAB, 0x73, 0x33, 0x33, 0x33, 0x44, 
	0x44, 0x33, 0x44, 0x44, 0x44, 0x43, 0x34, 0x57, 0x66, 0x55, 0x47, 0xBB, 0xAA, 0x99, 0x88, 
	0x9A, 0x87, 0x99, 0x9A, 0x89, 0x99, 0x88, 0x77, 0x54, 0x66, 0x68, 0x87, 0x98, 0x87, 0x78, 
	0x77, 0x77, 0x77, 0x55, 0x85, 0x55, 0x56, 0x67, 0x88, 0x77, 0x77, 0x77, 0x78, 0x88, 0x99, 
	0x99, 0x98, 0x87, 0x88, 0x88, 0x88, 0x88, 0x88, 0x76, 0x78, 0x88, 0x89, 0x9A, 0xAB, 0xBA, 
	0xA9, 0x98, 0x88, 0x88, 0x78, 0x88, 0x88, 0x88, 0x88, 0x88, 0x88, 0x88, 0x89, 0x99, 0x9A, 
	0xAB, 0xBB, 0xCC, 0xCC, 0xCC, 0xCC, 0xCB, 0xBA, 0xA7, 0x56, 0x65, 0x44, 0x44, 0x44, 0x44, 
	0x44, 0x44, 0x44, 0x44, 0x44, 0x44, 0x45, 0x55, 0x55, 0x55, 0x8B, 0xDD, 0xA7, 0x87, 0x77, 
	0x66, 0x67, 0x88, 0x88, 0x98, 0x78, 0x87, 0x65, 0x55, 0x67, 0x8A, 0xAA, 0xA9, 0x98, 0x80, 
	0x0A, 0xAA, 0xAA, 0xAA, 0x97, 0x67, 0x77, 0x78, 0x88, 0x88, 0x89, 0x9A, 0x9A, 0xAA, 0xAA, 
	0xAA, 0xA9, 0x9A, 0xAA, 0xAA, 0xAA, 0xAB, 0xBB, 0xBB, 0xBB, 0xBB, 0xBB, 0xBB, 0xBB, 0xBB, 
	0xBB, 0xBB, 0xBB, 0xBB, 0xBB, 0xBB, 0xBB, 0xBB, 0xBB, 0xBB, 0xBB, 0xBB, 0xBB, 0xCC, 0xCC, 
	0xCC, 0xCD, 0xDD, 0xDD, 0xDC, 0xBB, 0xBB, 0xBB, 0xBB, 0xBB, 0xBB, 0xCC, 0xCC, 0xCC, 0xBA, 
	0x88, 0x88, 0x87, 0x77, 0x77, 0x66, 0x65, 0x55, 0x55, 0x55, 0x55, 0x55, 0x55, 0x68, 0xAB, 
	0xAA, 0xCC, 0xB9, 0x78, 0x99, 0x88, 0x88, 0x99, 0x99, 0x99, 0x99, 0x99, 0x98, 0x87, 0x65, 
	0x55, 0x44, 0x44, 0x44, 0x33, 0x44, 0x44, 0x45, 0x55, 0x55, 0x56, 0x67, 0x88, 0x88, 0x99, 
	0x99, 0x99, 0x99, 0x9A, 0xAA, 0xAA, 0xAA, 0xAA, 0xAA, 0xAA, 0xAA, 0xAA, 0xAA, 0xAA, 0xAA, 
	0xAA, 0xAA, 0xAA, 0xAA, 0xAA, 0xAA, 0xAA, 0xAA, 0xAA, 0xAA, 0xAA, 0xA9, 0xAA, 0xAA, 0x98, 
	0x88, 0x87, 0x77, 0x87, 0x77, 0x77, 0x66, 0x66, 0x66, 0x66, 0x66, 0x66, 0x67, 0x66, 0x66, 
	0x67, 0x77, 0x78, 0x76, 0x66, 0x66, 0x55, 0x43, 0x22, 0x22, 0x33, 0x44, 0x55, 0x56, 0x66, 
	0x66, 0x66, 0x66, 0x66, 0x76, 0x76, 0x66, 0x67, 0x78, 0xAA, 0x53, 0x33, 0x44, 0x33, 0x33, 
	0x43, 0x33, 0x34, 0x44, 0x34, 0x46, 0x55, 0x45, 0x34, 0x65, 0x49, 0xBA, 0xBA, 0x98, 0x8A, 
	0xA7, 0x89, 0xA9, 0x99, 0x89, 0x88, 0x97, 0x65, 0x56, 0x75, 0x59, 0x96, 0x77, 0x76, 0x67, 
	0x66, 0x88, 0x74, 0x46, 0x86, 0x54, 0x36, 0x67, 0x88, 0x78, 0x77, 0x77, 0x88, 0x88, 0x88, 
	0x88, 0x88, 0x77, 0x88, 0x88, 0x88, 0x88, 0x87, 0x86, 0x67, 0x88, 0x88, 0x99, 0x99, 0xAA, 
	0x99, 0x99, 0x88, 0x88, 0x88, 0x88, 0x87, 0x77, 0x77, 0x78, 0x88, 0x88, 0x89, 0x99, 0x9A, 
	0xAA, 0xAB, 0xBB, 0xCC, 0xCC, 0xCC, 0xBB, 0xBA, 0x97, 0x66, 0x64, 0x43, 0x43, 0x44, 0x44, 
	0x44, 0x44, 0x44, 0x44, 0x44, 0x44, 0x55, 0x55, 0x54, 0x33, 0x6A, 0xDC, 0x98, 0x87, 0x88, 
	0x76, 0x67, 0x77, 0x78, 0x87, 0x77, 0x76, 0x55, 0x56, 0x67, 0x9A, 0xAA, 0xA9, 0x98, 0x80, 
	0x0A, 0xAA, 0xAA, 0xAA, 0x97, 0x77, 0x77, 0x78, 0x88, 0x88, 0x89, 0x99, 0x9A, 0xAA, 0xAA, 
	0xAA, 0xA9, 0x9A, 0xAA, 0xAA, 0xAA, 0xAB, 0xBB, 0xBB, 0xBB, 0xBB, 0xBB, 0xBB, 0xBB, 0xBB, 
	0xBB, 0xBB, 0xBB, 0xBB, 0xBB, 0xBB, 0xBB, 0xBB, 0xBB, 0xBB, 0xBB, 0xBB, 0xBB, 0xCC, 0xCC, 
	0xCC, 0xCD, 0xDD, 0xDD, 0xDC, 0xBB, 0xBA, 0xAA, 0xAA, 0xAA, 0xAB, 0xBB, 0xCC, 0xCC, 0xCB, 
	0xA9, 0x88, 0x87, 0x77, 0x77, 0x76, 0x65, 0x55, 0x55, 0x55, 0x55, 0x56, 0x66, 0x66, 0x78, 
	0x9B, 0xCC, 0xCA, 0x67, 0x89, 0x88, 0x88, 0x89, 0x98, 0x99, 0x99, 0x99, 0x98, 0x86, 0x65, 
	0x55, 0x54, 0x44, 0x43, 0x33, 0x44, 0x34, 0x45, 0x55, 0x54, 0x56, 0x67, 0x77, 0x88, 0x98, 
	0x99, 0x99, 0x99, 0x99, 0xAA, 0xAA, 0xAA, 0xAA, 0xAA, 0xAA, 0xAA, 0xAA, 0xAA, 0xAA, 0xAA, 
	0xAA, 0xAA, 0xAA, 0xAA, 0xAA, 0xAA, 0xAA, 0xAA, 0xAA, 0xAA, 0xAA, 0xA9, 0xA9, 0x99, 0x99, 
	0x77, 0x77, 0x77, 0x77, 0x77, 0x77, 0x66, 0x66, 0x65, 0x66, 0x66, 0x66, 0x67, 0x66, 0x66, 
	0x67, 0x77, 0x77, 0x77, 0x65, 0x55, 0x54, 0x43, 0x32, 0x22, 0x23, 0x34, 0x55, 0x56, 0x66, 
	0x66, 0x66, 0x66, 0x66, 0x66, 0x66, 0x66, 0x66, 0x89, 0xA8, 0x43, 0x22, 0x33, 0x33, 0x44, 
	0x43, 0x22, 0x24, 0x65, 0x55, 0x45, 0x33, 0x23, 0x23, 0x76, 0x8B, 0xAB, 0xB8, 0x8A, 0xBA, 
	0x88, 0x9A, 0x99, 0x98, 0x88, 0x89, 0x96, 0x77, 0x77, 0x63, 0x5A, 0x86, 0x65, 0x67, 0x65, 
	0x67, 0x97, 0x45, 0x46, 0x75, 0x55, 0x46, 0x67, 0x88, 0x78, 0x77, 0x77, 0x88, 0x88, 0x88, 
	0x88, 0x88, 0x77, 0x88, 0x88, 0x88, 0x77, 0x76, 0x67, 0x76, 0x76, 0x67, 0x78, 0x98, 0x88, 
	0x88, 0x88, 0x88, 0x88, 0x88, 0x77, 0x77, 0x77, 0x67, 0x77, 0x78, 0x87, 0x88, 0x89, 0x99, 
	0x9A, 0xAA, 0xBB, 0xBC, 0xCC, 0xCC, 0xBB, 0xBB, 0x97, 0x66, 0x64, 0x33, 0x33, 0x44, 0x44, 
	0x44, 0x44, 0x44, 0x44, 0x44, 0x44, 0x44, 0x54, 0x33, 0x34, 0x59, 0x98, 0x78, 0x78, 0x88, 
	0x76, 0x67, 0x77, 0x67, 0x77, 0x66, 0x65, 0x55, 0x56, 0x78, 0x9A, 0xA9, 0x99, 0x99, 0x90, 
	0x0A, 0xAA, 0xAA, 0xAA, 0x97, 0x77, 0x77, 0x77, 0x88, 0x88, 0x89, 0x99, 0xAA, 0xAA, 0xAA, 
	0xAA, 0xA9, 0x9A, 0xAA, 0xAA, 0xAA, 0xAA, 0xBB, 0xBB, 0xBB, 0xBB, 0xBB, 0xBB, 0xBB, 0xBB, 
	0xBB, 0xBB, 0xBB, 0xBB, 0xBB, 0xBB, 0xBB, 0xBB, 0xBB, 0xBB, 0xBB, 0xBB, 0xBB, 0xCC, 0xCC, 
	0xCC, 0xDD, 0xDD, 0xDD, 0xDC, 0xCB, 0xAA, 0x99, 0x9A, 0xAA, 0xAA, 0xAA, 0xBB, 0xBC, 0xCC, 
	0xBA, 0x99, 0x98, 0x77, 0x78, 0x76, 0x66, 0x55, 0x54, 0x55, 0x55, 0x66, 0x67, 0x77, 0x77, 
	0x89, 0xBC, 0xBA, 0x67, 0x88, 0x88, 0x88, 0x88, 0x88, 0x99, 0x99, 0x99, 0x98, 0x86, 0x55, 
	0x55, 0x54, 0x44, 0x33, 0x33, 0x43, 0x33, 0x44, 0x44, 0x44, 0x56, 0x66, 0x67, 0x88, 0x88, 
	0x99, 0x89, 0x99, 0x99, 0xAA, 0xAA, 0xAA, 0xAA, 0xAA, 0xAA, 0xAA, 0xAA, 0xAA, 0xAA, 0xAA, 
	0xAA, 0xAA, 0xAA, 0xAA, 0x9A, 0xAA, 0xAA, 0xAA, 0xAA, 0xAA, 0xAA, 0xAA, 0x99, 0x99, 0x99, 
	0x88, 0x77, 0x77, 0x77, 0x77, 0x77, 0x66, 0x66, 0x65, 0x55, 0x66, 0x66, 0x66, 0x66, 0x66, 
	0x67, 0x77, 0x77, 0x76, 0x65, 0x55, 0x54, 0x43, 0x33, 0x22, 0x22, 0x34, 0x55, 0x55, 0x66, 
	0x66, 0x66, 0x66, 0x66, 0x66, 0x66, 0x66, 0x66, 0x89, 0xA6, 0x32, 0x12, 0x33, 0x34, 0x44, 
	0x33, 0x22, 0x22, 0x34, 0x43, 0x22, 0x32, 0x32, 0x47, 0x97, 0x7A, 0xBB, 0x99, 0xAB, 0x97, 
	0x9A, 0xBB, 0xA8, 0x88, 0x88, 0x89, 0x76, 0x65, 0x45, 0x54, 0x6A, 0x75, 0x54, 0x67, 0x66, 
	0x78, 0x75, 0x54, 0x56, 0x66, 0x56, 0x65, 0x58, 0x78, 0x88, 0x77, 0x87, 0x88, 0x88, 0x88, 
	0x88, 0x87, 0x77, 0x88, 0x88, 0x77, 0x66, 0x67, 0x46, 0x66, 0x65, 0x56, 0x66, 0x77, 0x88, 
	0x88, 0x77, 0x77, 0x77, 0x77, 0x77, 0x77, 0x77, 0x77, 0x87, 0x78, 0x87, 0x66, 0x67, 0x78, 
	0x99, 0x9A, 0xAB, 0xBB, 0xCC, 0xCC, 0xCB, 0xBA, 0x97, 0x66, 0x64, 0x33, 0x34, 0x33, 0x34, 
	0x44, 0x44, 0x34, 0x44, 0x44, 0x44, 0x54, 0x54, 0x34, 0x44, 0x68, 0x77, 0x87, 0x88, 0x87, 
	0x77, 0x77, 0x77, 0x66, 0x66, 0x65, 0x55, 0x55, 0x56, 0x78, 0xAA, 0x99, 0x99, 0x9A, 0xA0, 
	0x0A, 0xAA, 0xAA, 0xAA, 0xA7, 0x67, 0x77, 0x77, 0x78, 0x88, 0x89, 0x99, 0xAA, 0xAA, 0xAA, 
	0xAA, 0xAA, 0x99, 0xAA, 0xAA, 0xAA, 0xAA, 0xBB, 0xBB, 0xBB, 0xBB, 0xBB, 0xBB, 0xBB, 0xBB, 
	0xBB, 0xBB, 0xBB, 0xBB, 0xBB, 0xBB, 0xBB, 0xBB, 0xBB, 0xBB, 0xBB, 0xBB, 0xBB, 0xBC, 0xCC, 
	0xCC, 0xCD, 0xDD, 0xDD, 0xDD, 0xCB, 0xAA, 0x98, 0x88, 0x99, 0x98, 0x99, 0x9A, 0xBB, 0xBC, 
	0xCC, 0xB9, 0x99, 0x88, 0x88, 0x77, 0x67, 0x89, 0x76, 0x55, 0x55, 0x57, 0x67, 0x77, 0x76, 
	0x66, 0x8A, 0xA8, 0x77, 0x88, 0x88, 0x88, 0x88, 0x89, 0x98, 0x99, 0x99, 0x98, 0x76, 0x65, 
	0x45, 0x54, 0x44, 0x43, 0x44, 0x33, 0x44, 0x44, 0x43, 0x35, 0x55, 0x56, 0x56, 0x88, 0x78, 
	0x89, 0x89, 0x99, 0x99, 0x9A, 0xAA, 0xAA, 0xAA, 0xAA, 0xAA, 0xAA, 0xAA, 0xAA, 0xAA, 0xAA, 
	0xAA, 0xAA, 0xAA, 0xAA, 0xAA, 0xAA, 0xAA, 0xAB, 0xAA, 0xAA, 0xAA, 0xA9, 0x99, 0x99, 0x99, 
	0x88, 0x87, 0x77, 0x77, 0x77, 0x77, 0x76, 0x66, 0x66, 0x55, 0x56, 0x66, 0x66, 0x66, 0x66, 
	0x77, 0x77, 0x77, 0x77, 0x66, 0x55, 0x55, 0x43, 0x32, 0x22, 0x23, 0x34, 0x45, 0x55, 0x56, 
	0x66, 0x66, 0x66, 0x66, 0x66, 0x66, 0x66, 0x67, 0x8A, 0x95, 0x21, 0x11, 0x34, 0x44, 0x44, 
	0x43, 0x22, 0x22, 0x22, 0x34, 0x34, 0x43, 0x23, 0x68, 0x62, 0x59, 0xA9, 0xAC, 0xB9, 0x79, 
	0xBB, 0xCC, 0x98, 0x88, 0x87, 0x98, 0x57, 0x53, 0x45, 0x44, 0x59, 0x64, 0x53, 0x67, 0x57, 
	0x78, 0x67, 0x55, 0x66, 0x56, 0x56, 0x75, 0x58, 0x78, 0x88, 0x77, 0x88, 0x88, 0x98, 0x88, 
	0x88, 0x87, 0x77, 0x77, 0x97, 0x66, 0x56, 0x66, 0x66, 0x66, 0x65, 0x45, 0x55, 0x55, 0x66, 
	0x66, 0x67, 0x67, 0x77, 0x77, 0x66, 0x77, 0x77, 0x77, 0x77, 0x77, 0x88, 0x88, 0x77, 0x77, 
	0x79, 0x99, 0xAA, 0xBB, 0xCC, 0xCC, 0xCB, 0xBA, 0x75, 0x66, 0x64, 0x33, 0x43, 0x33, 0x34, 
	0x44, 0x33, 0x44, 0x44, 0x33, 0x34, 0x44, 0x54, 0x34, 0x54, 0x68, 0x77, 0x77, 0x87, 0x88, 
	0x77, 0x77, 0x66, 0x55, 0x55, 0x55, 0x55, 0x56, 0x67, 0x89, 0xAA, 0x98, 0x99, 0xAB, 0xA0, 
	0x0A, 0xAA, 0xAA, 0xAA, 0xA8, 0x77, 0x77, 0x78, 0x88, 0x88, 0x89, 0x99, 0xAA, 0xAA, 0xAA, 
	0xAA, 0xAA, 0x99, 0xAA, 0xAA, 0xAA, 0xAA, 0xBB, 0xBB, 0xBB, 0xBB, 0xBB, 0xBB, 0xBB, 0xBB, 
	0xBB, 0xBB, 0xBB, 0xBB, 0xBB, 0xBB, 0xBB, 0xBB, 0xBB, 0xBB, 0xBB, 0xBB, 0xBB, 0xBC, 0xCC, 
	0xCC, 0xCD, 0xDD, 0xDD, 0xDD, 0xCB, 0xAA, 0x99, 0x88, 0x99, 0x88, 0x88, 0x99, 0x9A, 0xAB, 
	0xDD, 0xCA, 0x99, 0x88, 0x87, 0x77, 0x89, 0xAA, 0xA8, 0x65, 0x55, 0x65, 0x77, 0x77, 0x76, 
	0x65, 0x56, 0x67, 0x88, 0x88, 0x78, 0x78, 0x88, 0x88, 0x88, 0x99, 0x99, 0x87, 0x76, 0x55, 
	0x45, 0x55, 0x44, 0x44, 0x44, 0x44, 0x44, 0x44, 0x43, 0x34, 0x45, 0x65, 0x67, 0x77, 0x78, 
	0x78, 0x79, 0x99, 0x99, 0x9A, 0xAA, 0xAA, 0xAA, 0xAA, 0xAA, 0xAA, 0xAA, 0xAA, 0xAA, 0xAA, 
	0xAA, 0xAA, 0xAA, 0xAA, 0xAA, 0xAA, 0xAA, 0xAA, 0xAA, 0xAA, 0xAA, 0xAA, 0x98, 0x88, 0x88, 
	0x88, 0x78, 0x77, 0x77, 0x76, 0x66, 0x66, 0x66, 0x66, 0x56, 0x65, 0x66, 0x66, 0x66, 0x66, 
	0x77, 0x77, 0x77, 0x77, 0x66, 0x55, 0x55, 0x44, 0x32, 0x22, 0x22, 0x33, 0x44, 0x55, 0x55, 
	0x66, 0x66, 0x66, 0x66, 0x66, 0x66, 0x66, 0x67, 0x99, 0x75, 0x21, 0x21, 0x23, 0x34, 0x44, 
	0x44, 0x32, 0x22, 0x22, 0x22, 0x33, 0x34, 0x43, 0x44, 0x33, 0x79, 0xBA, 0xCC, 0x98, 0xAB, 
	0xBB, 0xCB, 0x88, 0x88, 0x87, 0x76, 0x54, 0x53, 0x54, 0x53, 0x49, 0x53, 0x43, 0x66, 0x78, 
	0x76, 0x76, 0x67, 0x65, 0x47, 0x65, 0x67, 0x57, 0x77, 0x87, 0x67, 0x77, 0x88, 0x88, 0x88, 
	0x88, 0x97, 0x76, 0x68, 0x89, 0x66, 0x55, 0x66, 0x56, 0x77, 0x66, 0x65, 0x46, 0x55, 0x44, 
	0x55, 0x55, 0x55, 0x55, 0x55, 0x54, 0x45, 0x55, 0x55, 0x66, 0x67, 0x78, 0x78, 0x88, 0x99, 
	0x99, 0x99, 0xAA, 0xBB, 0xCC, 0xCC, 0xCB, 0xB9, 0x65, 0x66, 0x64, 0x33, 0x33, 0x33, 0x33, 
	0x33, 0x33, 0x33, 0x33, 0x33, 0x34, 0x44, 0x55, 0x55, 0x55, 0x69, 0x87, 0x77, 0x77, 0x77, 
	0x77, 0x76, 0x54, 0x55, 0x55, 0x45, 0x44, 0x45, 0x67, 0x88, 0x99, 0x88, 0x9A, 0x9A, 0x90, 
	0x0A, 0xAA, 0xAA, 0xAA, 0xA8, 0x77, 0x77, 0x78, 0x88, 0x88, 0x88, 0x99, 0xAA, 0xAA, 0xAA, 
	0xAA, 0xAA, 0x99, 0x9A, 0xAA, 0xAA, 0xAA, 0xBB, 0xBB, 0xBB, 0xBB, 0xBB, 0xBB, 0xBB, 0xBB, 
	0xBB, 0xBB, 0xBB, 0xBB, 0xBB, 0xBB, 0xBB, 0xBB, 0xBB, 0xBB, 0xBB, 0xBB, 0xBB, 0xBC, 0xCC, 
	0xCC, 0xCD, 0xDD, 0xDD, 0xDD, 0xCB, 0xAA, 0xAA, 0xAA, 0x99, 0x88, 0x87, 0x89, 0x9B, 0xAB, 
	0xCC, 0xCA, 0x99, 0x88, 0x77, 0x77, 0x89, 0xAA, 0xB9, 0x66, 0x66, 0x66, 0x67, 0x77, 0x76, 
	0x55, 0x55, 0x68, 0x99, 0x87, 0x67, 0x77, 0x88, 0x88, 0x88, 0x88, 0x88, 0x77, 0x66, 0x65, 
	0x55, 0x55, 0x54, 0x44, 0x44, 0x44, 0x44, 0x44, 0x33, 0x34, 0x45, 0x55, 0x66, 0x76, 0x67, 
	0x78, 0x78, 0x98, 0x99, 0x9A, 0xAA, 0xAA, 0xAA, 0xAA, 0xAA, 0xAA, 0xAA, 0xAA, 0xAA, 0xAA, 
	0xAA, 0xAA, 0xAA, 0xAA, 0xAA, 0xAA, 0xAA, 0xAA, 0xAB, 0xAA, 0xAA, 0xAA, 0x98, 0x88, 0x88, 
	0x88, 0x77, 0x77, 0x67, 0x77, 0x66, 0x66, 0x66, 0x65, 0x66, 0x66, 0x65, 0x66, 0x66, 0x66, 
	0x77, 0x77, 0x77, 0x77, 0x65, 0x55, 0x55, 0x44, 0x32, 0x22, 0x22, 0x33, 0x44, 0x55, 0x55, 
	0x56, 0x66, 0x66, 0x66, 0x66, 0x66, 0x66, 0x78, 0x98, 0x54, 0x22, 0x22, 0x23, 0x33, 0x44, 
	0x44, 0x32, 0x22, 0x21, 0x21, 0x22, 0x12, 0x33, 0x33, 0x49, 0x79, 0xCB, 0xA9, 0xAB, 0xBC, 
	0xCB, 0xB9, 0x78, 0x88, 0x88, 0x65, 0x54, 0x35, 0x44, 0x43, 0x59, 0x53, 0x43, 0x67, 0x88, 
	0x77, 0x77, 0x78, 0x53, 0x57, 0x66, 0x67, 0x67, 0x77, 0x86, 0x68, 0x78, 0x99, 0x88, 0x88, 
	0x88, 0x97, 0x76, 0x67, 0x88, 0x86, 0x55, 0x56, 0x54, 0x56, 0x66, 0x54, 0x55, 0x65, 0x44, 
	0x55, 0x44, 0x44, 0x44, 0x44, 0x44, 0x44, 0x45, 0x44, 0x44, 0x55, 0x66, 0x78, 0x88, 0x89, 
	0x99, 0x99, 0xAA, 0xAA, 0xBB, 0xBB, 0xBB, 0xA7, 0x55, 0x56, 0x65, 0x33, 0x33, 0x33, 0x33, 
	0x33, 0x33, 0x33, 0x33, 0x33, 0x44, 0x45, 0x65, 0x65, 0x56, 0x79, 0x87, 0x77, 0x76, 0x77, 
	0x67, 0x76, 0x44, 0x45, 0x54, 0x44, 0x44, 0x45, 0x68, 0x88, 0x99, 0x87, 0x9A, 0x99, 0x90, 
	0x0A, 0xAA, 0xAA, 0xAA, 0xA8, 0x77, 0x77, 0x77, 0x88, 0x88, 0x89, 0x99, 0xAA, 0xAA, 0xAA, 
	0xAA, 0xAA, 0x99, 0x99, 0xAA, 0xAA, 0xAA, 0xBB, 0xBB, 0xBB, 0xBB, 0xBB, 0xBB, 0xBB, 0xBB, 
	0xBB, 0xBB, 0xBB, 0xBB, 0xBB, 0xBB, 0xBB, 0xBB, 0xBB, 0xBB, 0xBB, 0xBB, 0xBB, 0xBC, 0xCC, 
	0xCC, 0xCD, 0xDD, 0xDD, 0xDD, 0xCB, 0xBB, 0xBA, 0xAB, 0xBA, 0x87, 0x77, 0x89, 0xAB, 0xDD, 
	0xDD, 0xDB, 0x99, 0x87, 0x77, 0x77, 0x88, 0xAB, 0xBC, 0xA7, 0x77, 0x66, 0x67, 0x76, 0x77, 
	0x66, 0x67, 0x88, 0x77, 0x75, 0x56, 0x77, 0x77, 0x88, 0x88, 0x88, 0x88, 0x77, 0x66, 0x65, 
	0x55, 0x55, 0x54, 0x45, 0x44, 0x44, 0x44, 0x44, 0x33, 0x34, 0x45, 0x45, 0x56, 0x65, 0x55, 
	0x67, 0x78, 0x98, 0x99, 0x9A, 0xAA, 0xAA, 0xAA, 0xAA, 0xAA, 0xAA, 0xAA, 0xAA, 0xAA, 0xAA, 
	0xAA, 0xAA, 0xAA, 0xAA, 0xAA, 0xAA, 0xAA, 0xAA, 0xAB, 0xBA, 0xAA, 0xAA, 0x99, 0x87, 0x88, 
	0x78, 0x77, 0x77, 0x66, 0x77, 0x77, 0x66, 0x66, 0x66, 0x55, 0x56, 0x65, 0x56, 0x66, 0x66, 
	0x67, 0x77, 0x77, 0x77, 0x65, 0x55, 0x55, 0x44, 0x32, 0x22, 0x22, 0x23, 0x44, 0x55, 0x55, 
	0x55, 0x66, 0x65, 0x65, 0x55, 0x65, 0x66, 0x79, 0x86, 0x53, 0x22, 0x22, 0x23, 0x33, 0x33, 
	0x44, 0x31, 0x11, 0x11, 0x12, 0x22, 0x22, 0x12, 0x34, 0x76, 0x7C, 0xBA, 0xAB, 0xBB, 0xBC, 
	0xBA, 0xA8, 0x78, 0x88, 0x97, 0x54, 0x54, 0x46, 0x55, 0x33, 0x47, 0x73, 0x34, 0x69, 0x95, 
	0x66, 0x77, 0x86, 0x54, 0x56, 0x76, 0x57, 0x78, 0x78, 0x76, 0x77, 0x78, 0x88, 0x88, 0x88, 
	0x78, 0x87, 0x76, 0x56, 0x77, 0x98, 0x64, 0x56, 0x54, 0x45, 0x56, 0x66, 0x44, 0x45, 0x54, 
	0x45, 0x55, 0x44, 0x44, 0x44, 0x45, 0x44, 0x44, 0x44, 0x44, 0x44, 0x44, 0x45, 0x67, 0x89, 
	0x99, 0x99, 0x99, 0x99, 0x99, 0xAA, 0xBA, 0x75, 0x55, 0x56, 0x65, 0x33, 0x33, 0x33, 0x33, 
	0x33, 0x33, 0x33, 0x33, 0x33, 0x44, 0x45, 0x55, 0x66, 0x77, 0x89, 0x89, 0x98, 0x77, 0x77, 
	0x76, 0x65, 0x44, 0x44, 0x44, 0x55, 0x54, 0x57, 0x78, 0x88, 0x88, 0x77, 0x9B, 0xAA, 0x90, 
	0x0A, 0xAA, 0xAA, 0xAA, 0xA9, 0x77, 0x77, 0x77, 0x88, 0x88, 0x89, 0x99, 0xAA, 0xAA, 0xAA, 
	0xAA, 0xAA, 0x99, 0x99, 0xAA, 0xAA, 0xAA, 0xBB, 0xBB, 0xBB, 0xBB, 0xBB, 0xBB, 0xBB, 0xBB, 
	0xBB, 0xBB, 0xBB, 0xBB, 0xBB, 0xBB, 0xBB, 0xBB, 0xBB, 0xBB, 0xBB, 0xBB, 0xBB, 0xBC, 0xCC, 
	0xCC, 0xCC, 0xDD, 0xCC, 0xDD, 0xCB, 0xBB, 0xBB, 0xCC, 0xCB, 0x98, 0x66, 0x78, 0x9B, 0xEE, 
	0xFF, 0xFD, 0xB9, 0x87, 0x77, 0x66, 0x78, 0x9A, 0xCD, 0xD9, 0x77, 0x76, 0x66, 0x66, 0x78, 
	0x88, 0x77, 0x76, 0x54, 0x43, 0x34, 0x67, 0x77, 0x77, 0x88, 0x87, 0x87, 0x77, 0x66, 0x65, 
	0x55, 0x55, 0x45, 0x55, 0x44, 0x44, 0x44, 0x44, 0x33, 0x34, 0x44, 0x44, 0x55, 0x44, 0x55, 
	0x57, 0x78, 0x89, 0x99, 0x9A, 0xA9, 0xAA, 0xAA, 0xAA, 0xAA, 0xAA, 0xAA, 0xAA, 0xAA, 0xAA, 
	0xAA, 0xAA, 0xAA, 0xAA, 0xAA, 0xAA, 0xAA, 0xAA, 0xAB, 0xBA, 0xAA, 0xAA, 0x99, 0x87, 0x87, 
	0x77, 0x77, 0x77, 0x76, 0x66, 0x66, 0x76, 0x66, 0x66, 0x55, 0x66, 0x66, 0x55, 0x66, 0x66, 
	0x66, 0x77, 0x77, 0x77, 0x66, 0x55, 0x44, 0x44, 0x32, 0x22, 0x21, 0x23, 0x34, 0x45, 0x55, 
	0x55, 0x55, 0x56, 0x55, 0x55, 0x55, 0x66, 0x89, 0x75, 0x43, 0x32, 0x11, 0x22, 0x23, 0x33, 
	0x43, 0x31, 0x21, 0x11, 0x12, 0x21, 0x22, 0x12, 0x57, 0x7A, 0xBB, 0xBB, 0xBB, 0xAB, 0xBB, 
	0xAA, 0x97, 0x78, 0x89, 0x97, 0x65, 0x55, 0x66, 0x64, 0x33, 0x55, 0x74, 0x46, 0x98, 0x56, 
	0x66, 0x77, 0x76, 0x65, 0x66, 0x76, 0x68, 0x77, 0x88, 0x66, 0x77, 0x77, 0x88, 0x88, 0x87, 
	0x67, 0x97, 0x76, 0x57, 0x66, 0x88, 0x75, 0x45, 0x66, 0x55, 0x56, 0x67, 0x54, 0x45, 0x54, 
	0x44, 0x44, 0x44, 0x44, 0x43, 0x34, 0x44, 0x44, 0x44, 0x44, 0x44, 0x44, 0x44, 0x55, 0x66, 
	0x78, 0x88, 0x88, 0x87, 0x88, 0x88, 0x87, 0x55, 0x55, 0x56, 0x66, 0x43, 0x33, 0x33, 0x34, 
	0x43, 0x33, 0x33, 0x33, 0x33, 0x33, 0x45, 0x66, 0x66, 0x78, 0x99, 0x9B, 0xB8, 0x88, 0x88, 
	0x76, 0x66, 0x44, 0x34, 0x44, 0x55, 0x55, 0x68, 0x98, 0x88, 0x88, 0x87, 0x9B, 0xBA, 0x90, 
	0x0A, 0xAA, 0xAA, 0xAA, 0xA9, 0x77, 0x77, 0x77, 0x88, 0x88, 0x89, 0x99, 0xAA, 0xAA, 0xAA, 
	0xAA, 0xAA, 0x99, 0x99, 0xAA, 0xAA, 0xAA, 0xBB, 0xBB, 0xBB, 0xBB, 0xBB, 0xBB, 0xBB, 0xBB, 
	0xBB, 0xBB, 0xBB, 0xBB, 0xBB, 0xBB, 0xBB, 0xBB, 0xBB, 0xBB, 0xBB, 0xBB, 0xBB, 0xBC, 0xCC, 
	0xCC, 0xCC, 0xDD, 0xCD, 0xDD, 0xCB, 0xBB, 0xBB, 0xCC, 0xCB, 0xA8, 0x77, 0x77, 0x8A, 0xDE, 
	0xFF, 0xFF, 0xC9, 0x88, 0x77, 0x66, 0x66, 0x78, 0xAC, 0xDB, 0x67, 0x77, 0x76, 0x66, 0x78, 
	0x88, 0x76, 0x54, 0x44, 0x32, 0x22, 0x46, 0x66, 0x67, 0x77, 0x77, 0x77, 0x66, 0x66, 0x65, 
	0x55, 0x55, 0x45, 0x55, 0x44, 0x44, 0x44, 0x43, 0x33, 0x34, 0x44, 0x44, 0x65, 0x44, 0x54, 
	0x56, 0x77, 0x89, 0x98, 0x99, 0x99, 0xAA, 0xAA, 0xAA, 0xAA, 0xAA, 0xAA, 0xAA, 0xAA, 0xAA, 
	0xAA, 0xAA, 0xAA, 0xAA, 0xAA, 0xAA, 0xAA, 0xAA, 0xAA, 0xBA, 0xAA, 0xAA, 0x99, 0x87, 0x77, 
	0x77, 0x77, 0x77, 0x77, 0x66, 0x66, 0x66, 0x66, 0x66, 0x66, 0x56, 0x66, 0x55, 0x56, 0x66, 
	0x66, 0x66, 0x77, 0x77, 0x65, 0x55, 0x44, 0x44, 0x33, 0x22, 0x21, 0x22, 0x34, 0x45, 0x55, 
	0x55, 0x55, 0x56, 0x55, 0x55, 0x55, 0x67, 0x97, 0x54, 0x33, 0x22, 0x12, 0x22, 0x22, 0x33, 
	0x33, 0x22, 0x11, 0x11, 0x21, 0x22, 0x23, 0x34, 0x88, 0xBB, 0xBB, 0xBA, 0xAB, 0xBB, 0xAA, 
	0xA8, 0x87, 0x78, 0x89, 0x96, 0x56, 0x55, 0x56, 0x43, 0x46, 0x42, 0x76, 0x6A, 0x95, 0x57, 
	0x65, 0x66, 0x66, 0x76, 0x65, 0x57, 0x78, 0x77, 0x87, 0x66, 0x67, 0x77, 0x88, 0x88, 0x87, 
	0x67, 0x97, 0x77, 0x56, 0x75, 0x67, 0x87, 0x44, 0x55, 0x56, 0x65, 0x57, 0x76, 0x54, 0x44, 
	0x54, 0x44, 0x44, 0x43, 0x33, 0x43, 0x34, 0x44, 0x44, 0x44, 0x44, 0x44, 0x44, 0x55, 0x44, 
	0x55, 0x66, 0x66, 0x66, 0x66, 0x66, 0x54, 0x45, 0x55, 0x56, 0x66, 0x43, 0x33, 0x33, 0x33, 
	0x33, 0x33, 0x33, 0x33, 0x33, 0x33, 0x45, 0x88, 0x87, 0x78, 0x99, 0xAB, 0xA8, 0x88, 0x87, 
	0x66, 0x66, 0x54, 0x44, 0x45, 0x55, 0x56, 0x78, 0x98, 0x77, 0x78, 0x88, 0x9B, 0xB9, 0x90, 
	0x0A, 0xAA, 0xAA, 0xAA, 0xA9, 0x77, 0x77, 0x77, 0x88, 0x88, 0x89, 0x99, 0xAA, 0xAA, 0xAA, 
	0xAA, 0xAA, 0x99, 0x99, 0xAA, 0xAA, 0xAA, 0xAB, 0xBB, 0xBB, 0xBB, 0xBB, 0xBB, 0xBB, 0xBB, 
	0xBB, 0xBB, 0xBB, 0xBB, 0xBB, 0xBB, 0xBB, 0xBB, 0xBB, 0xBB, 0xBB, 0xBB, 0xBB, 0xBC, 0xCC, 
	0xCC, 0xCC, 0xCD, 0xDD, 0xDD, 0xCB, 0xBA, 0xAA, 0xBC, 0xBA, 0xA9, 0x88, 0x77, 0x78, 0xBE, 
	0xFF, 0xFE, 0xCA, 0x88, 0x77, 0x66, 0x66, 0x66, 0x8A, 0xCA, 0x66, 0x76, 0x67, 0x66, 0x88, 
	0x76, 0x55, 0x43, 0x33, 0x32, 0x22, 0x35, 0x66, 0x66, 0x67, 0x77, 0x77, 0x66, 0x66, 0x65, 
	0x55, 0x55, 0x55, 0x54, 0x55, 0x44, 0x44, 0x44, 0x44, 0x44, 0x44, 0x34, 0x64, 0x44, 0x44, 
	0x56, 0x77, 0x88, 0x88, 0x99, 0x99, 0xAA, 0xAA, 0xAA, 0xAA, 0xAA, 0xAA, 0xAA, 0xAA, 0xAA, 
	0xAA, 0xAA, 0xAA, 0xAA, 0xAA, 0xAA, 0xAA, 0xAA, 0xAA, 0xAA, 0xAA, 0xAA, 0x99, 0x88, 0x77, 
	0x77, 0x77, 0x76, 0x66, 0x66, 0x66, 0x55, 0x66, 0x66, 0x65, 0x56, 0x66, 0x56, 0x56, 0x66, 
	0x66, 0x66, 0x67, 0x77, 0x66, 0x55, 0x44, 0x44, 0x33, 0x22, 0x11, 0x12, 0x34, 0x45, 0x55, 
	0x55, 0x55, 0x55, 0x55, 0x55, 0x56, 0x78, 0x85, 0x44, 0x22, 0x22, 0x23, 0x22, 0x22, 0x33, 
	0x33, 0x22, 0x11, 0x11, 0x11, 0x22, 0x25, 0x89, 0xAA, 0xAC, 0xBA, 0xAB, 0xBB, 0xBA, 0x99, 
	0x98, 0x88, 0x88, 0x88, 0x76, 0x55, 0x65, 0x55, 0x44, 0x54, 0x34, 0x79, 0x98, 0x87, 0x76, 
	0x45, 0x46, 0x55, 0x76, 0x55, 0x67, 0x88, 0x77, 0x76, 0x65, 0x77, 0x77, 0x88, 0x78, 0x76, 
	0x67, 0x97, 0x77, 0x44, 0x65, 0x56, 0x77, 0x65, 0x55, 0x66, 0x65, 0x55, 0x67, 0x55, 0x44, 
	0x44, 0x55, 0x43, 0x44, 0x34, 0x43, 0x33, 0x44, 0x44, 0x44, 0x44, 0x44, 0x43, 0x44, 0x55, 
	0x55, 0x44, 0x45, 0x55, 0x55, 0x55, 0x55, 0x54, 0x55, 0x55, 0x66, 0x54, 0x33, 0x33, 0x33, 
	0x33, 0x33, 0x33, 0x33, 0x33, 0x33, 0x45, 0x89, 0xA9, 0x99, 0xA9, 0x99, 0x87, 0x77, 0x74, 
	0x35, 0x65, 0x55, 0x45, 0x55, 0x55, 0x66, 0x78, 0x98, 0x76, 0x77, 0x88, 0x9B, 0xB9, 0x80, 
	0x0A, 0xAA, 0xAA, 0xAA, 0xAA, 0x87, 0x77, 0x77, 0x88, 0x88, 0x99, 0x99, 0xAA, 0xAA, 0xAA, 
	0xAA, 0xAA, 0x99, 0x99, 0xAA, 0xAA, 0xAA, 0xAB, 0xBB, 0xBB, 0xBB, 0xBB, 0xBB, 0xBB, 0xBB, 
	0xBB, 0xBB, 0xBB, 0xBB, 0xBB, 0xBB, 0xBB, 0xBB, 0xBB, 0xBB, 0xBB, 0xBB, 0xBB, 0xBC, 0xCC, 
	0xCC, 0xCC, 0xCD, 0xDD, 0xDD, 0xCC, 0xAA, 0x99, 0x9A, 0xAA, 0xA9, 0x98, 0x89, 0x98, 0xAB, 
	0xDE, 0xFD, 0xCB, 0xAA, 0x98, 0x66, 0x66, 0x56, 0x67, 0x87, 0x66, 0x66, 0x77, 0x77, 0x77, 
	0x65, 0x54, 0x43, 0x33, 0x23, 0x22, 0x34, 0x55, 0x56, 0x66, 0x67, 0x77, 0x66, 0x65, 0x66, 
	0x55, 0x54, 0x55, 0x55, 0x55, 0x55, 0x54, 0x45, 0x44, 0x44, 0x44, 0x45, 0x55, 0x44, 0x44, 
	0x56, 0x66, 0x78, 0x88, 0x99, 0x99, 0xAA, 0xAA, 0xAA, 0xAA, 0xAA, 0xAA, 0xAA, 0xAA, 0xBA, 
	0xAA, 0xAA, 0xAA, 0xAA, 0xAA, 0xAA, 0xAA, 0xAA, 0xAA, 0xAA, 0xAA, 0xAA, 0xA9, 0x97, 0x87, 
	0x77, 0x78, 0x76, 0x66, 0x57, 0x66, 0x65, 0x56, 0x65, 0x56, 0x55, 0x56, 0x65, 0x56, 0x66, 
	0x66, 0x66, 0x67, 0x77, 0x76, 0x54, 0x44, 0x44, 0x33, 0x22, 0x21, 0x22, 0x23, 0x44, 0x44, 
	0x55, 0x55, 0x55, 0x55, 0x55, 0x56, 0x78, 0x76, 0x53, 0x22, 0x23, 0x33, 0x32, 0x22, 0x22, 
	0x22, 0x22, 0x11, 0x11, 0x11, 0x25, 0x78, 0xAB, 0xBA, 0xBC, 0xCB, 0xBB, 0xBB, 0xA9, 0x99, 
	0x87, 0x89, 0x88, 0x88, 0x77, 0x66, 0x55, 0x76, 0x65, 0x66, 0x67, 0x77, 0x78, 0x98, 0x86, 
	0x65, 0x56, 0x66, 0x66, 0x66, 0x67, 0x79, 0x77, 0x66, 0x56, 0x77, 0x77, 0x88, 0x87, 0x75, 
	0x56, 0x87, 0x77, 0x65, 0x45, 0x55, 0x66, 0x66, 0x65, 0x56, 0x66, 0x44, 0x65, 0x64, 0x45, 
	0x43, 0x45, 0x44, 0x44, 0x43, 0x33, 0x34, 0x33, 0x44, 0x44, 0x44, 0x44, 0x44, 0x44, 0x45, 
	0x55, 0x54, 0x45, 0x55, 0x55, 0x55, 0x54, 0x54, 0x55, 0x55, 0x66, 0x54, 0x33, 0x33, 0x33, 
	0x33, 0x33, 0x33, 0x33, 0x33, 0x33, 0x36, 0x99, 0xAA, 0x9A, 0xA9, 0x88, 0x77, 0x76, 0x53, 
	0x34, 0x54, 0x54, 0x55, 0x66, 0x55, 0x67, 0x88, 0x87, 0x67, 0x77, 0x88, 0x9A, 0xA9, 0x80, 
	0x0A, 0xAA, 0xAA, 0xAA, 0xAA, 0x87, 0x77, 0x78, 0x88, 0x88, 0x99, 0x99, 0xAA, 0xAA, 0xAA, 
	0xAA, 0xAA, 0xA9, 0x99, 0x9A, 0xAA, 0xAA, 0xAB, 0xBB, 0xBB, 0xBB, 0xBB, 0xBB, 0xBB, 0xBB, 
	0xBB, 0xBB, 0xBB, 0xBB, 0xBB, 0xBB, 0xBB, 0xBB, 0xBB, 0xBB, 0xBB, 0xBB, 0xBB, 0xBC, 0xCC, 
	0xCC, 0xCC, 0xDD, 0xDD, 0xDD, 0xDD, 0xCA, 0x99, 0x9A, 0xA9, 0x9A, 0x99, 0x99, 0x9A, 0xAB, 
	0xCC, 0xDD, 0xCC, 0xCB, 0xA9, 0x86, 0x56, 0x55, 0x56, 0x67, 0x66, 0x67, 0x76, 0x67, 0x65, 
	0x54, 0x43, 0x33, 0x33, 0x22, 0x12, 0x23, 0x55, 0x56, 0x66, 0x66, 0x66, 0x76, 0x55, 0x55, 
	0x55, 0x55, 0x55, 0x55, 0x55, 0x54, 0x44, 0x54, 0x45, 0x44, 0x45, 0x45, 0x65, 0x44, 0x45, 
	0x56, 0x66, 0x68, 0x88, 0x89, 0x99, 0x99, 0xAA, 0xAA, 0xAA, 0xAA, 0xAA, 0xAA, 0xAA, 0xAA, 
	0xAA, 0xAA, 0xAA, 0xAA, 0xAA, 0xAA, 0xAA, 0xAA, 0xAA, 0xAA, 0xAA, 0xAA, 0x99, 0x98, 0x77, 
	0x77, 0x77, 0x77, 0x66, 0x55, 0x66, 0x66, 0x66, 0x66, 0x65, 0x55, 0x55, 0x66, 0x66, 0x66, 
	0x66, 0x67, 0x77, 0x77, 0x66, 0x55, 0x44, 0x43, 0x33, 0x22, 0x11, 0x12, 0x23, 0x34, 0x44, 
	0x45, 0x55, 0x55, 0x55, 0x55, 0x67, 0x77, 0x66, 0x53, 0x33, 0x33, 0x34, 0x32, 0x21, 0x22, 
	0x22, 0x22, 0x21, 0x11, 0x12, 0x58, 0x9A, 0xBB, 0xA9, 0xBB, 0xBB, 0xBB, 0xAA, 0x99, 0x87, 
	0x76, 0x88, 0x78, 0x88, 0x87, 0x77, 0x78, 0x87, 0x88, 0x76, 0x64, 0x44, 0x46, 0x66, 0x66, 
	0x55, 0x65, 0x45, 0x66, 0x77, 0x67, 0x87, 0x66, 0x56, 0x57, 0x77, 0x77, 0x87, 0x77, 0x64, 
	0x46, 0x88, 0x76, 0x77, 0x44, 0x56, 0x55, 0x55, 0x66, 0x66, 0x65, 0x43, 0x45, 0x57, 0x44, 
	0x44, 0x44, 0x54, 0x33, 0x44, 0x43, 0x33, 0x43, 0x34, 0x44, 0x44, 0x44, 0x44, 0x44, 0x45, 
	0x55, 0x44, 0x45, 0x44, 0x45, 0x55, 0x45, 0x55, 0x55, 0x55, 0x56, 0x54, 0x33, 0x33, 0x33, 
	0x33, 0x33, 0x33, 0x33, 0x33, 0x33, 0x36, 0x89, 0x99, 0xAA, 0x98, 0x88, 0x87, 0x65, 0x44, 
	0x44, 0x45, 0x55, 0x56, 0x66, 0x66, 0x78, 0x88, 0x87, 0x77, 0x77, 0x89, 0x9A, 0x99, 0x80, 
	0x0A, 0xAA, 0xAA, 0xAA, 0xAA, 0x87, 0x77, 0x78, 0x88, 0x88, 0x99, 0x99, 0xAA, 0xAA, 0xAA, 
	0xAA, 0xAA, 0xA9, 0x99, 0x99, 0xAA, 0xAA, 0xAA, 0xBA, 0xBB, 0xBB, 0xBB, 0xBB, 0xBB, 0xBB, 
	0xBB, 0xBB, 0xBB, 0xBB, 0xBB, 0xBB, 0xBB, 0xBB, 0xBB, 0xBB, 0xBB, 0xBB, 0xBB, 0xBB, 0xCC, 
	0xCC, 0xCC, 0xDD, 0xDD, 0xDD, 0xEE, 0xED, 0xBB, 0xBD, 0xED, 0xA9, 0x99, 0x99, 0xAA, 0xAB, 
	0xDD, 0xDD, 0xCC, 0xDC, 0xB9, 0x87, 0x65, 0x55, 0x55, 0x66, 0x66, 0x77, 0x76, 0x66, 0x65, 
	0x43, 0x33, 0x32, 0x22, 0x22, 0x11, 0x12, 0x45, 0x55, 0x55, 0x66, 0x66, 0x76, 0x65, 0x56, 
	0x55, 0x55, 0x55, 0x55, 0x45, 0x44, 0x55, 0x55, 0x55, 0x44, 0x44, 0x55, 0x54, 0x45, 0x55, 
	0x66, 0x66, 0x78, 0x88, 0x89, 0x99, 0x99, 0xA9, 0xAA, 0xAA, 0xAA, 0xAA, 0xAA, 0xAA, 0xAA, 
	0xAA, 0xAA, 0xBA, 0xAA, 0xAA, 0xAA, 0xAA, 0xAA, 0xAA, 0xAA, 0xAA, 0xAA, 0x99, 0x98, 0x87, 
	0x76, 0x77, 0x76, 0x66, 0x56, 0x55, 0x66, 0x66, 0x66, 0x66, 0x66, 0x55, 0x66, 0x66, 0x66, 
	0x66, 0x66, 0x66, 0x77, 0x76, 0x55, 0x55, 0x43, 0x23, 0x22, 0x11, 0x12, 0x23, 0x33, 0x44, 
	0x45, 0x55, 0x55, 0x55, 0x56, 0x67, 0x77, 0x66, 0x54, 0x43, 0x33, 0x33, 0x33, 0x22, 0x22, 
	0x22, 0x22, 0x21, 0x11, 0x12, 0x69, 0xAB, 0xBB, 0xA9, 0x9A, 0xBB, 0xBA, 0x99, 0x98, 0x76, 
	0x66, 0x78, 0x88, 0x88, 0x87, 0x65, 0x46, 0x74, 0x34, 0x34, 0x33, 0x44, 0x53, 0x45, 0x44, 
	0x55, 0x44, 0x45, 0x55, 0x67, 0x87, 0x76, 0x66, 0x66, 0x78, 0x78, 0x77, 0x77, 0x77, 0x54, 
	0x46, 0x77, 0x76, 0x48, 0x84, 0x45, 0x55, 0x55, 0x55, 0x65, 0x54, 0x44, 0x34, 0x45, 0x65, 
	0x54, 0x33, 0x35, 0x53, 0x33, 0x44, 0x43, 0x33, 0x34, 0x44, 0x44, 0x43, 0x44, 0x44, 0x44, 
	0x44, 0x44, 0x44, 0x44, 0x45, 0x55, 0x44, 0x55, 0x55, 0x55, 0x56, 0x64, 0x33, 0x33, 0x33, 
	0x33, 0x33, 0x33, 0x33, 0x33, 0x33, 0x46, 0x89, 0x9A, 0xAB, 0xA8, 0x88, 0x77, 0x76, 0x55, 
	0x55, 0x66, 0x55, 0x56, 0x66, 0x67, 0x88, 0x87, 0x77, 0x76, 0x78, 0x89, 0x99, 0x99, 0x80, 
	0x0A, 0xAA, 0xAA, 0xAA, 0xAA, 0x97, 0x77, 0x77, 0x88, 0x88, 0x99, 0x99, 0xAA, 0xAA, 0xAA, 
	0xAA, 0xAA, 0xA9, 0x99, 0x99, 0xAA, 0xAA, 0xAA, 0xAA, 0xAB, 0xBB, 0xBB, 0xBB, 0xBB, 0xBB, 
	0xBB, 0xBB, 0xBB, 0xBB, 0xBB, 0xBB, 0xBB, 0xBB, 0xBB, 0xBB, 0xBB, 0xBB, 0xBB, 0xBB, 0xBB, 
	0xBB, 0xCC, 0xCC, 0xCD, 0xDD, 0xEF, 0xFF, 0xFD, 0xDF, 0xFF, 0xD9, 0x99, 0x99, 0x9A, 0xAB, 
	0xCE, 0xEE, 0xED, 0xCC, 0xB8, 0x86, 0x65, 0x55, 0x55, 0x56, 0x67, 0x76, 0x55, 0x65, 0x54, 
	0x33, 0x33, 0x32, 0x22, 0x11, 0x11, 0x12, 0x34, 0x44, 0x56, 0x66, 0x66, 0x66, 0x66, 0x66, 
	0x55, 0x44, 0x44, 0x54, 0x45, 0x55, 0x54, 0x55, 0x55, 0x54, 0x54, 0x55, 0x44, 0x55, 0x55, 
	0x66, 0x66, 0x77, 0x88, 0x88, 0x99, 0x99, 0x99, 0x9A, 0xAA, 0xAA, 0xAA, 0xAA, 0xAA, 0xAA, 
	0xAA, 0xAA, 0xBA, 0xAA, 0xAA, 0xAA, 0xAA, 0xAA, 0xAA, 0xAA, 0xAA, 0xAA, 0x99, 0x88, 0x87, 
	0x76, 0x67, 0x76, 0x65, 0x65, 0x55, 0x66, 0x66, 0x66, 0x66, 0x66, 0x66, 0x65, 0x66, 0x66, 
	0x66, 0x67, 0x66, 0x67, 0x76, 0x55, 0x45, 0x43, 0x22, 0x22, 0x11, 0x12, 0x22, 0x23, 0x34, 
	0x45, 0x55, 0x55, 0x55, 0x56, 0x66, 0x66, 0x66, 0x65, 0x54, 0x33, 0x23, 0x44, 0x43, 0x22, 
	0x22, 0x22, 0x21, 0x11, 0x13, 0x68, 0xAA, 0xBB, 0xA8, 0x9A, 0xBB, 0xBA, 0x99, 0x97, 0x55, 
	0x55, 0x78, 0x77, 0x78, 0x97, 0x54, 0x57, 0x52, 0x33, 0x43, 0x33, 0x55, 0x22, 0x35, 0x44, 
	0x44, 0x54, 0x45, 0x46, 0x77, 0x87, 0x65, 0x66, 0x66, 0x76, 0x67, 0x77, 0x77, 0x76, 0x44, 
	0x46, 0x77, 0x76, 0x55, 0x87, 0x45, 0x44, 0x45, 0x44, 0x44, 0x55, 0x44, 0x44, 0x44, 0x47, 
	0x53, 0x34, 0x33, 0x45, 0x43, 0x34, 0x44, 0x43, 0x44, 0x44, 0x44, 0x33, 0x44, 0x44, 0x44, 
	0x44, 0x44, 0x44, 0x44, 0x44, 0x55, 0x45, 0x55, 0x55, 0x55, 0x56, 0x64, 0x33, 0x33, 0x33, 
	0x33, 0x33, 0x33, 0x33, 0x33, 0x33, 0x46, 0x99, 0x9A, 0xBC, 0xB9, 0x76, 0x77, 0x76, 0x65, 
	0x66, 0x77, 0x65, 0x66, 0x56, 0x78, 0x77, 0x66, 0x56, 0x66, 0x67, 0x88, 0x88, 0x98, 0x70, 
	0x0A, 0xAA, 0xAA, 0xAA, 0xAA, 0x97, 0x77, 0x77, 0x88, 0x89, 0x99, 0x99, 0xAA, 0xAA, 0xAA, 
	0xAA, 0xAA, 0xA9, 0x99, 0x99, 0xAA, 0xAA, 0xAA, 0xAA, 0xAB, 0xBB, 0xBB, 0xBB, 0xBB, 0xBB, 
	0xBB, 0xBB, 0xBB, 0xBB, 0xBB, 0xBB, 0xBB, 0xBB, 0xBB, 0xBB, 0xBB, 0xBB, 0xBB, 0xBB, 0xA9, 
	0xAA, 0xAB, 0xBC, 0xCD, 0xDD, 0xEF, 0xFF, 0xFF, 0xDE, 0xFF, 0xEA, 0x98, 0x88, 0x99, 0xAC, 
	0xEF, 0xFF, 0xFE, 0xCB, 0x97, 0x76, 0x66, 0x65, 0x44, 0x56, 0x77, 0x66, 0x56, 0x76, 0x44, 
	0x33, 0x32, 0x22, 0x22, 0x11, 0x21, 0x12, 0x34, 0x55, 0x55, 0x66, 0x66, 0x66, 0x66, 0x65, 
	0x55, 0x44, 0x55, 0x54, 0x45, 0x55, 0x44, 0x55, 0x55, 0x55, 0x54, 0x44, 0x44, 0x55, 0x65, 
	0x55, 0x67, 0x77, 0x88, 0x88, 0x99, 0x99, 0x99, 0x9A, 0xAA, 0xAA, 0xAA, 0xAA, 0xAA, 0xAA, 
	0xAA, 0xAA, 0xBA, 0xAA, 0xBA, 0xAA, 0xAA, 0xAA, 0xBA, 0xAA, 0xAA, 0xAA, 0xA9, 0x88, 0x77, 
	0x77, 0x66, 0x76, 0x55, 0x65, 0x66, 0x66, 0x66, 0x66, 0x66, 0x66, 0x66, 0x66, 0x66, 0x66, 
	0x67, 0x77, 0x66, 0x66, 0x66, 0x55, 0x45, 0x54, 0x33, 0x22, 0x22, 0x21, 0x22, 0x22, 0x33, 
	0x44, 0x44, 0x45, 0x55, 0x56, 0x66, 0x67, 0x76, 0x65, 0x54, 0x33, 0x33, 0x33, 0x33, 0x22, 
	0x22, 0x22, 0x21, 0x11, 0x24, 0x78, 0x9A, 0xAA, 0xA8, 0x9A, 0xAA, 0x99, 0x98, 0x87, 0x54, 
	0x45, 0x66, 0x67, 0x77, 0x86, 0x55, 0x55, 0x33, 0x53, 0x33, 0x23, 0x52, 0x22, 0x35, 0x64, 
	0x35, 0x52, 0x45, 0x66, 0x77, 0x77, 0x65, 0x55, 0x56, 0x76, 0x67, 0x77, 0x77, 0x65, 0x54, 
	0x35, 0x77, 0x67, 0x76, 0x68, 0x65, 0x64, 0x54, 0x54, 0x55, 0x55, 0x53, 0x45, 0x44, 0x34, 
	0x65, 0x33, 0x34, 0x34, 0x53, 0x43, 0x35, 0x44, 0x44, 0x44, 0x43, 0x34, 0x44, 0x44, 0x44, 
	0x44, 0x44, 0x44, 0x44, 0x44, 0x55, 0x55, 0x55, 0x55, 0x55, 0x56, 0x64, 0x33, 0x33, 0x33, 
	0x33, 0x33, 0x33, 0x33, 0x33, 0x33, 0x46, 0x9A, 0xAA, 0xBC, 0xB9, 0x76, 0x77, 0x66, 0x56, 
	0x77, 0x77, 0x66, 0x65, 0x56, 0x68, 0x75, 0x55, 0x55, 0x45, 0x56, 0x78, 0x88, 0x98, 0x70, 
	0x0A, 0xAA, 0xAA, 0xAA, 0xAA, 0x97, 0x77, 0x78, 0x88, 0x89, 0x99, 0x99, 0xAA, 0xAA, 0xAA, 
	0xAA, 0xAA, 0xA9, 0x99, 0x99, 0x9A, 0xAA, 0xAA, 0xAA, 0xAB, 0xBB, 0xBB, 0xBB, 0xBB, 0xBB, 
	0xBB, 0xBB, 0xBB, 0xBB, 0xBB, 0xBB, 0xBB, 0xBB, 0xBB, 0xBB, 0xBB, 0xBB, 0xBB, 0xBA, 0x98, 
	0x88, 0x99, 0xAB, 0xBC, 0xDD, 0xEF, 0xFF, 0xFF, 0xED, 0xFF, 0xDA, 0x98, 0x88, 0x89, 0xBD, 
	0xFF, 0xFF, 0xFE, 0xDA, 0x87, 0x77, 0x77, 0x76, 0x55, 0x66, 0x66, 0x55, 0x56, 0x65, 0x43, 
	0x33, 0x32, 0x22, 0x22, 0x11, 0x11, 0x12, 0x34, 0x55, 0x55, 0x66, 0x66, 0x66, 0x65, 0x55, 
	0x55, 0x55, 0x55, 0x54, 0x44, 0x44, 0x55, 0x55, 0x55, 0x55, 0x44, 0x33, 0x45, 0x56, 0x55, 
	0x44, 0x68, 0x77, 0x88, 0x88, 0x99, 0x99, 0x99, 0xAA, 0x9A, 0xAA, 0xAA, 0xAA, 0xAA, 0xAA, 
	0xAA, 0xAA, 0xBB, 0xAA, 0xAA, 0xAA, 0xAA, 0xAA, 0xBA, 0xAA, 0xAA, 0xAA, 0x99, 0x98, 0x77, 
	0x77, 0x76, 0x66, 0x55, 0x55, 0x56, 0x66, 0x66, 0x66, 0x66, 0x66, 0x66, 0x66, 0x66, 0x66, 
	0x66, 0x77, 0x66, 0x66, 0x66, 0x55, 0x55, 0x44, 0x33, 0x22, 0x22, 0x22, 0x22, 0x22, 0x23, 
	0x34, 0x44, 0x44, 0x55, 0x55, 0x66, 0x67, 0x66, 0x65, 0x43, 0x33, 0x33, 0x33, 0x33, 0x22, 
	0x22, 0x22, 0x21, 0x11, 0x25, 0x78, 0x99, 0xAA, 0xA9, 0x89, 0xAA, 0xA9, 0x88, 0x75, 0x44, 
	0x54, 0x45, 0x76, 0x56, 0x75, 0x44, 0x34, 0x44, 0x43, 0x32, 0x44, 0x33, 0x33, 0x44, 0x43, 
	0x37, 0x44, 0x44, 0x55, 0x65, 0x68, 0x65, 0x66, 0x77, 0x66, 0x68, 0x77, 0x77, 0x64, 0x54, 
	0x35, 0x77, 0x57, 0x88, 0x87, 0x76, 0x54, 0x54, 0x54, 0x55, 0x44, 0x44, 0x44, 0x43, 0x33, 
	0x58, 0x43, 0x33, 0x33, 0x44, 0x33, 0x43, 0x54, 0x44, 0x43, 0x34, 0x44, 0x44, 0x44, 0x44, 
	0x44, 0x44, 0x44, 0x44, 0x45, 0x44, 0x45, 0x55, 0x55, 0x55, 0x56, 0x65, 0x44, 0x33, 0x33, 
	0x33, 0x33, 0x33, 0x33, 0x33, 0x33, 0x46, 0x99, 0xAA, 0xBC, 0xB7, 0x66, 0x67, 0x66, 0x67, 
	0x77, 0x76, 0x66, 0x55, 0x56, 0x66, 0x54, 0x44, 0x44, 0x45, 0x56, 0x77, 0x78, 0x98, 0x80, 
	0x0A, 0xAA, 0xAA, 0xAA, 0xAA, 0x97, 0x77, 0x78, 0x88, 0x88, 0x99, 0x99, 0xAA, 0xAA, 0xAA, 
	0xAA, 0xAA, 0xA9, 0x99, 0x99, 0x9A, 0xAA, 0xAA, 0xAB, 0xBB, 0xBB, 0xBB, 0xBB, 0xBB, 0xBB, 
	0xBB, 0xBB, 0xBB, 0xBB, 0xBB, 0xBB, 0xBB, 0xBB, 0xBB, 0xBB, 0xBB, 0xBB, 0xBB, 0xAA, 0x87, 
	0x77, 0x88, 0x9A, 0xAB, 0xCD, 0xEF, 0xFF, 0xFF, 0xEC, 0xDE, 0xCA, 0x99, 0x88, 0x89, 0xBE, 
	0xFF, 0xFF, 0xFF, 0xD9, 0x88, 0x88, 0x88, 0x87, 0x76, 0x76, 0x65, 0x55, 0x56, 0x54, 0x44, 
	0x33, 0x32, 0x22, 0x22, 0x11, 0x11, 0x12, 0x34, 0x55, 0x55, 0x66, 0x66, 0x76, 0x65, 0x55, 
	0x55, 0x55, 0x44, 0x44, 0x55, 0x55, 0x55, 0x44, 0x55, 0x54, 0x44, 0x44, 0x45, 0x56, 0x55, 
	0x44, 0x67, 0x67, 0x88, 0x78, 0x89, 0x99, 0x99, 0xAA, 0x9A, 0xAA, 0xAA, 0xAA, 0xAA, 0xAA, 
	0xAA, 0xAA, 0xAA, 0xAA, 0xAA, 0xAA, 0xAA, 0xAA, 0xAA, 0xAA, 0xAA, 0xAA, 0xA9, 0x88, 0x77, 
	0x76, 0x76, 0x55, 0x56, 0x55, 0x66, 0x66, 0x66, 0x65, 0x55, 0x56, 0x66, 0x66, 0x66, 0x66, 
	0x66, 0x66, 0x66, 0x66, 0x66, 0x55, 0x44, 0x43, 0x33, 0x22, 0x22, 0x22, 0x22, 0x22, 0x22, 
	0x23, 0x33, 0x44, 0x55, 0x55, 0x56, 0x66, 0x66, 0x55, 0x44, 0x33, 0x22, 0x33, 0x33, 0x32, 
	0x22, 0x12, 0x11, 0x11, 0x25, 0x77, 0x89, 0x9A, 0xAA, 0x89, 0x99, 0x99, 0x87, 0x65, 0x44, 
	0x55, 0x54, 0x55, 0x57, 0x75, 0x44, 0x45, 0x65, 0x43, 0x33, 0x43, 0x34, 0x43, 0x55, 0x42, 
	0x36, 0x33, 0x34, 0x55, 0x55, 0x89, 0x75, 0x66, 0x76, 0x67, 0x78, 0x77, 0x77, 0x54, 0x45, 
	0x45, 0x67, 0x55, 0x78, 0x76, 0x75, 0x34, 0x44, 0x55, 0x44, 0x44, 0x44, 0x54, 0x43, 0x34, 
	0x46, 0x74, 0x33, 0x33, 0x33, 0x34, 0x33, 0x44, 0x44, 0x43, 0x34, 0x44, 0x44, 0x44, 0x44, 
	0x44, 0x44, 0x44, 0x44, 0x44, 0x44, 0x45, 0x55, 0x55, 0x55, 0x55, 0x65, 0x44, 0x33, 0x33, 
	0x33, 0x33, 0x33, 0x33, 0x33, 0x33, 0x46, 0x99, 0xAB, 0xBC, 0xB7, 0x66, 0x66, 0x66, 0x77, 
	0x66, 0x66, 0x66, 0x55, 0x55, 0x55, 0x54, 0x44, 0x55, 0x55, 0x56, 0x76, 0x67, 0x98, 0x80, 
	0x0A, 0xAA, 0xAA, 0xAA, 0xAA, 0xA8, 0x77, 0x77, 0x88, 0x88, 0x99, 0x99, 0x9A, 0xAA, 0xAA, 
	0xAA, 0xAA, 0xA9, 0x99, 0x99, 0xAA, 0xAA, 0xAA, 0xBB, 0xAB, 0xBB, 0xBB, 0xBB, 0xBB, 0xBB, 
	0xBB, 0xBB, 0xBB, 0xBB, 0xBB, 0xBB, 0xBB, 0xBB, 0xBB, 0xBB, 0xBB, 0xBB, 0xBB, 0xBA, 0x86, 
	0x67, 0x77, 0x89, 0xAB, 0xBC, 0xDE, 0xFF, 0xFF, 0xDA, 0xBC, 0xBB, 0xA9, 0x98, 0x89, 0xAC, 
	0xEF, 0xFF, 0xFE, 0xC9, 0x88, 0x88, 0x88, 0x88, 0x87, 0x65, 0x55, 0x45, 0x56, 0x54, 0x43, 
	0x33, 0x32, 0x22, 0x22, 0x11, 0x22, 0x11, 0x24, 0x55, 0x55, 0x66, 0x77, 0x77, 0x65, 0x55, 
	0x55, 0x54, 0x44, 0x45, 0x55, 0x55, 0x45, 0x55, 0x44, 0x55, 0x44, 0x44, 0x44, 0x45, 0x55, 
	0x44, 0x56, 0x67, 0x77, 0x78, 0x89, 0xA9, 0x99, 0xAA, 0x99, 0x9A, 0xAA, 0xAA, 0xAA, 0xAA, 
	0xAA, 0xAA, 0xAA, 0xAA, 0xAA, 0xAA, 0xAA, 0xAA, 0xAB, 0xAA, 0xAA, 0xAA, 0xA9, 0x88, 0x77, 
	0x76, 0x67, 0x65, 0x56, 0x55, 0x66, 0x65, 0x66, 0x65, 0x55, 0x56, 0x66, 0x66, 0x66, 0x66, 
	0x67, 0x76, 0x66, 0x66, 0x66, 0x65, 0x45, 0x44, 0x33, 0x32, 0x22, 0x22, 0x22, 0x22, 0x22, 
	0x22, 0x33, 0x44, 0x55, 0x55, 0x56, 0x66, 0x66, 0x65, 0x54, 0x32, 0x32, 0x23, 0x33, 0x33, 
	0x33, 0x22, 0x11, 0x11, 0x24, 0x67, 0x78, 0x99, 0x99, 0x99, 0x9A, 0x99, 0x87, 0x64, 0x45, 
	0x55, 0x44, 0x65, 0x45, 0x65, 0x54, 0x57, 0x66, 0x65, 0x33, 0x33, 0x33, 0x23, 0x54, 0x33, 
	0x34, 0x22, 0x34, 0x56, 0x55, 0x98, 0x55, 0x56, 0x65, 0x67, 0x87, 0x77, 0x66, 0x54, 0x44, 
	0x55, 0x66, 0x44, 0x55, 0x54, 0x56, 0x45, 0x44, 0x34, 0x33, 0x44, 0x33, 0x35, 0x44, 0x33, 
	0x34, 0x85, 0x33, 0x33, 0x33, 0x33, 0x33, 0x44, 0x44, 0x34, 0x43, 0x34, 0x44, 0x44, 0x44, 
	0x44, 0x44, 0x44, 0x44, 0x44, 0x44, 0x44, 0x55, 0x55, 0x55, 0x55, 0x65, 0x44, 0x33, 0x33, 
	0x33, 0x33, 0x33, 0x33, 0x33, 0x33, 0x47, 0x9A, 0xAB, 0xCC, 0xB8, 0x66, 0x66, 0x67, 0x76, 
	0x66, 0x65, 0x65, 0x54, 0x44, 0x36, 0x85, 0x55, 0x66, 0x65, 0x56, 0x76, 0x67, 0x78, 0x80, 
	0x0A, 0xAA, 0xAA, 0xAA, 0xAA, 0xA8, 0x77, 0x78, 0x88, 0x88, 0x89, 0x99, 0x9A, 0xAA, 0xAA, 
	0xAA, 0xAA, 0xA9, 0x99, 0x99, 0xAA, 0xAA, 0xAA, 0xAB, 0xAA, 0xBB, 0xBB, 0xBB, 0xBB, 0xBB, 
	0xBB, 0xBB, 0xBB, 0xBB, 0xBB, 0xBB, 0xBB, 0xBB, 0xBB, 0xBB, 0xBB, 0xBB, 0xBB, 0xBA, 0x97, 
	0x67, 0x77, 0x79, 0xAA, 0xAB, 0xCD, 0xEE, 0xED, 0xA9, 0xAB, 0xCA, 0xA9, 0x99, 0x99, 0x9B, 
	0xCE, 0xEF, 0xFC, 0x97, 0x77, 0x77, 0x87, 0x88, 0x86, 0x65, 0x55, 0x56, 0x65, 0x43, 0x33, 
	0x33, 0x22, 0x23, 0x22, 0x11, 0x01, 0x10, 0x24, 0x55, 0x66, 0x66, 0x77, 0x77, 0x65, 0x55, 
	0x55, 0x54, 0x44, 0x45, 0x44, 0x55, 0x55, 0x45, 0x54, 0x54, 0x44, 0x44, 0x44, 0x55, 0x55, 
	0x54, 0x56, 0x56, 0x77, 0x78, 0x89, 0x99, 0x99, 0x9A, 0x99, 0x9A, 0xAA, 0xAA, 0xAA, 0xAA, 
	0xAA, 0xAA, 0xAA, 0xAA, 0xAA, 0xAA, 0xAA, 0xAA, 0xAB, 0xAA, 0xAA, 0xA9, 0x99, 0x98, 0x77, 
	0x76, 0x66, 0x66, 0x66, 0x66, 0x66, 0x66, 0x55, 0x66, 0x65, 0x55, 0x65, 0x55, 0x66, 0x66, 
	0x67, 0x77, 0x66, 0x66, 0x66, 0x65, 0x44, 0x43, 0x32, 0x23, 0x32, 0x22, 0x22, 0x22, 0x23, 
	0x33, 0x33, 0x44, 0x45, 0x55, 0x55, 0x66, 0x66, 0x76, 0x54, 0x22, 0x22, 0x22, 0x22, 0x33, 
	0x33, 0x22, 0x12, 0x11, 0x13, 0x56, 0x67, 0x89, 0x99, 0x99, 0x99, 0x88, 0x77, 0x66, 0x66, 
	0x54, 0x44, 0x55, 0x44, 0x45, 0x56, 0x78, 0x87, 0x76, 0x32, 0x32, 0x23, 0x34, 0x43, 0x33, 
	0x33, 0x24, 0x33, 0x34, 0x57, 0x86, 0x56, 0x57, 0x56, 0x88, 0x87, 0x76, 0x65, 0x44, 0x33, 
	0x55, 0x56, 0x54, 0x55, 0x44, 0x55, 0x53, 0x44, 0x44, 0x33, 0x44, 0x33, 0x34, 0x55, 0x43, 
	0x33, 0x66, 0x33, 0x33, 0x33, 0x43, 0x34, 0x44, 0x44, 0x33, 0x33, 0x43, 0x44, 0x44, 0x44, 
	0x44, 0x44, 0x44, 0x44, 0x44, 0x44, 0x44, 0x44, 0x55, 0x55, 0x55, 0x65, 0x44, 0x33, 0x33, 
	0x33, 0x33, 0x33, 0x33, 0x33, 0x33, 0x47, 0xAA, 0xAB, 0xCC, 0xA7, 0x66, 0x56, 0x66, 0x66, 
	0x66, 0x55, 0x54, 0x54, 0x43, 0x37, 0x86, 0x66, 0x66, 0x66, 0x66, 0x66, 0x76, 0x67, 0x80, 
	0x0A, 0xAA, 0xAA, 0xAA, 0xAA, 0xA8, 0x77, 0x77, 0x88, 0x88, 0x88, 0x99, 0x9A, 0xAA, 0xAA, 
	0xAA, 0xAA, 0xAA, 0x99, 0x9A, 0x9A, 0xAA, 0xAA, 0xBB, 0xAA, 0xBB, 0xBB, 0xBB, 0xBB, 0xBB, 
	0xBB, 0xBB, 0xBB, 0xBB, 0xBB, 0xBB, 0xBB, 0xBB, 0xBB, 0xBB, 0xBB, 0xBB, 0xBB, 0xBB, 0xBA, 
	0x98, 0x76, 0x78, 0x99, 0xAA, 0xBC, 0xCD, 0xDB, 0x98, 0x89, 0xAA, 0xA9, 0x99, 0x99, 0x9A, 
	0xAA, 0xBC, 0xC9, 0x87, 0x67, 0x88, 0x87, 0x77, 0x76, 0x55, 0x45, 0x66, 0x64, 0x33, 0x33, 
	0x32, 0x22, 0x22, 0x22, 0x11, 0x00, 0x22, 0x24, 0x55, 0x56, 0x67, 0x77, 0x77, 0x65, 0x54, 
	0x55, 0x54, 0x44, 0x55, 0x44, 0x44, 0x44, 0x44, 0x44, 0x44, 0x44, 0x44, 0x54, 0x45, 0x56, 
	0x55, 0x55, 0x66, 0x76, 0x78, 0x89, 0x99, 0x99, 0x9A, 0xA9, 0x9A, 0xAA, 0xAA, 0xAA, 0xAA, 
	0xAA, 0xAA, 0xAA, 0xAA, 0xAA, 0xAA, 0xAA, 0xAA, 0xAA, 0xAA, 0xAA, 0xAA, 0x99, 0x98, 0x77, 
	0x77, 0x77, 0x66, 0x66, 0x66, 0x66, 0x66, 0x65, 0x56, 0x65, 0x55, 0x55, 0x55, 0x56, 0x67, 
	0x76, 0x77, 0x77, 0x66, 0x66, 0x65, 0x54, 0x43, 0x33, 0x23, 0x32, 0x22, 0x22, 0x21, 0x22, 
	0x23, 0x33, 0x44, 0x44, 0x55, 0x55, 0x66, 0x66, 0x66, 0x54, 0x43, 0x22, 0x22, 0x23, 0x33, 
	0x33, 0x32, 0x21, 0x11, 0x13, 0x45, 0x67, 0x89, 0x99, 0x99, 0x88, 0x87, 0x76, 0x55, 0x44, 
	0x44, 0x35, 0x64, 0x45, 0x56, 0x77, 0x99, 0x87, 0x64, 0x32, 0x33, 0x23, 0x45, 0x43, 0x33, 
	0x43, 0x44, 0x33, 0x45, 0x58, 0x86, 0x65, 0x57, 0x79, 0x87, 0x77, 0x76, 0x55, 0x45, 0x45, 
	0x44, 0x56, 0x53, 0x44, 0x34, 0x56, 0x53, 0x45, 0x44, 0x33, 0x44, 0x33, 0x33, 0x44, 0x44, 
	0x33, 0x36, 0x43, 0x33, 0x33, 0x33, 0x44, 0x44, 0x44, 0x43, 0x33, 0x34, 0x44, 0x44, 0x44, 
	0x44, 0x44, 0x44, 0x44, 0x44, 0x44, 0x44, 0x54, 0x45, 0x56, 0x55, 0x55, 0x44, 0x43, 0x23, 
	0x33, 0x33, 0x33, 0x33, 0x33, 0x33, 0x46, 0xAA, 0xAB, 0xCC, 0xA8, 0x67, 0x77, 0x66, 0x66, 
	0x66, 0x54, 0x44, 0x44, 0x44, 0x46, 0x76, 0x65, 0x67, 0x66, 0x66, 0x56, 0x55, 0x68, 0x80, 
	0x0A, 0xAA, 0xAA, 0xAA, 0xAA, 0xA8, 0x77, 0x77, 0x78, 0x88, 0x88, 0x99, 0x99, 0xAA, 0xAA, 
	0xAA, 0xAA, 0xAA, 0x99, 0x99, 0x9A, 0xAA, 0xAA, 0xAA, 0xAA, 0xBB, 0xBB, 0xBB, 0xBB, 0xBB, 
	0xBB, 0xBB, 0xBB, 0xBB, 0xBB, 0xBB, 0xBB, 0xBB, 0xBB, 0xBB, 0xBB, 0xBB, 0xBB, 0xBB, 0xBB, 
	0xBA, 0x97, 0x77, 0x89, 0x99, 0xAA, 0xBC, 0xBA, 0x87, 0x77, 0x9A, 0x99, 0x99, 0x99, 0x99, 
	0x9A, 0xAA, 0xA8, 0x77, 0x77, 0x78, 0x88, 0x87, 0x65, 0x55, 0x44, 0x66, 0x54, 0x33, 0x22, 
	0x23, 0x22, 0x32, 0x22, 0x11, 0x11, 0x12, 0x24, 0x56, 0x66, 0x77, 0x77, 0x76, 0x55, 0x44, 
	0x55, 0x54, 0x45, 0x44, 0x44, 0x44, 0x44, 0x44, 0x44, 0x44, 0x45, 0x55, 0x55, 0x45, 0x55, 
	0x46, 0x55, 0x67, 0x76, 0x78, 0x89, 0x99, 0x99, 0x99, 0x99, 0x99, 0xAA, 0xAA, 0xAA, 0xAA, 
	0xAA, 0xAA, 0xAA, 0xAA, 0xAA, 0xAA, 0xAA, 0xAA, 0xAA, 0xAA, 0xAA, 0xAA, 0x99, 0x98, 0x77, 
	0x87, 0x77, 0x76, 0x66, 0x66, 0x66, 0x66, 0x66, 0x56, 0x66, 0x66, 0x65, 0x55, 0x56, 0x66, 
	0x66, 0x66, 0x77, 0x66, 0x66, 0x66, 0x55, 0x43, 0x33, 0x23, 0x22, 0x22, 0x22, 0x22, 0x22, 
	0x23, 0x33, 0x44, 0x55, 0x55, 0x55, 0x56, 0x66, 0x66, 0x54, 0x32, 0x22, 0x22, 0x23, 0x32, 
	0x23, 0x22, 0x21, 0x10, 0x02, 0x45, 0x56, 0x89, 0x99, 0x98, 0x88, 0x77, 0x76, 0x44, 0x44, 
	0x43, 0x35, 0x66, 0x55, 0x54, 0x66, 0x76, 0x55, 0x43, 0x33, 0x32, 0x33, 0x43, 0x33, 0x32, 
	0x43, 0x33, 0x43, 0x44, 0x39, 0x86, 0x55, 0x77, 0x98, 0x87, 0x66, 0x66, 0x44, 0x44, 0x44, 
	0x44, 0x56, 0x53, 0x33, 0x33, 0x45, 0x45, 0x44, 0x43, 0x34, 0x33, 0x33, 0x33, 0x34, 0x43, 
	0x33, 0x35, 0x53, 0x33, 0x33, 0x33, 0x44, 0x33, 0x34, 0x54, 0x44, 0x34, 0x44, 0x44, 0x44, 
	0x44, 0x44, 0x44, 0x44, 0x44, 0x44, 0x44, 0x54, 0x45, 0x55, 0x56, 0x65, 0x53, 0x44, 0x33, 
	0x33, 0x33, 0x33, 0x33, 0x33, 0x33, 0x47, 0x9A, 0xAB, 0xBC, 0xA8, 0x77, 0x78, 0x77, 0x65, 
	0x55, 0x44, 0x44, 0x55, 0x54, 0x46, 0x66, 0x65, 0x77, 0x66, 0x65, 0x55, 0x55, 0x67, 0x70, 
	0x0A, 0xAA, 0xAA, 0xAA, 0xAA, 0xA9, 0x77, 0x77, 0x78, 0x88, 0x88, 0x99, 0x99, 0xAA, 0xAA, 
	0xAA, 0xAA, 0xAA, 0x99, 0x99, 0x9A, 0xAA, 0xAA, 0xAA, 0xAA, 0xBB, 0xBB, 0xBB, 0xBB, 0xBB, 
	0xBB, 0xBB, 0xBB, 0xBB, 0xBB, 0xBB, 0xBB, 0xBB, 0xBB, 0xBB, 0xBB, 0xBB, 0xBB, 0xBB, 0xBB, 
	0xBB, 0xA9, 0x98, 0x88, 0x89, 0x99, 0x9A, 0xA9, 0x76, 0x56, 0x79, 0x99, 0x99, 0x99, 0x99, 
	0x99, 0x99, 0x97, 0x77, 0x77, 0x78, 0x88, 0x76, 0x55, 0x55, 0x44, 0x56, 0x43, 0x33, 0x22, 
	0x23, 0x22, 0x32, 0x22, 0x21, 0x10, 0x12, 0x33, 0x46, 0x66, 0x67, 0x77, 0x66, 0x54, 0x44, 
	0x55, 0x55, 0x55, 0x44, 0x44, 0x44, 0x44, 0x44, 0x44, 0x44, 0x45, 0x54, 0x45, 0x55, 0x55, 
	0x46, 0x55, 0x57, 0x66, 0x67, 0x88, 0x99, 0x99, 0x99, 0x99, 0x99, 0xAA, 0xAA, 0xAA, 0xAA, 
	0xAA, 0xAA, 0xAA, 0xAA, 0xAA, 0xAA, 0xAA, 0xAA, 0xAA, 0xBB, 0xAA, 0xAA, 0xA9, 0x98, 0x88, 
	0x88, 0x77, 0x77, 0x65, 0x56, 0x56, 0x65, 0x66, 0x66, 0x66, 0x66, 0x66, 0x55, 0x66, 0x66, 
	0x67, 0x76, 0x66, 0x65, 0x66, 0x66, 0x55, 0x43, 0x33, 0x33, 0x22, 0x22, 0x22, 0x22, 0x22, 
	0x23, 0x33, 0x44, 0x45, 0x55, 0x55, 0x55, 0x66, 0x66, 0x54, 0x32, 0x22, 0x22, 0x22, 0x22, 
	0x12, 0x22, 0x21, 0x11, 0x12, 0x34, 0x56, 0x78, 0x98, 0x88, 0x87, 0x77, 0x65, 0x44, 0x44, 
	0x44, 0x57, 0x64, 0x45, 0x43, 0x33, 0x33, 0x34, 0x43, 0x33, 0x23, 0x33, 0x42, 0x22, 0x33, 
	0x22, 0x32, 0x24, 0x52, 0x69, 0x66, 0x55, 0x79, 0x88, 0x76, 0x66, 0x55, 0x44, 0x44, 0x54, 
	0x34, 0x46, 0x54, 0x44, 0x33, 0x44, 0x33, 0x44, 0x54, 0x34, 0x34, 0x33, 0x33, 0x33, 0x33, 
	0x33, 0x34, 0x63, 0x33, 0x33, 0x33, 0x43, 0x33, 0x33, 0x44, 0x44, 0x43, 0x44, 0x44, 0x44, 
	0x44, 0x44, 0x44, 0x44, 0x44, 0x44, 0x44, 0x54, 0x45, 0x55, 0x56, 0x65, 0x53, 0x44, 0x32, 
	0x33, 0x33, 0x33, 0x33, 0x33, 0x33, 0x47, 0x9A, 0xBB, 0xCC, 0x97, 0x67, 0x88, 0x87, 0x65, 
	0x54, 0x44, 0x44, 0x45, 0x54, 0x45, 0x66, 0x66, 0x77, 0x65, 0x55, 0x55, 0x55, 0x66, 0x60, 
	0x0A, 0xAA, 0xAA, 0xAA, 0xAA, 0xA9, 0x77, 0x77, 0x78, 0x88, 0x88, 0x99, 0x99, 0xAA, 0xAA, 
	0xAA, 0xAA, 0xAA, 0x99, 0x99, 0x99, 0xAA, 0xAA, 0xAA, 0xAA, 0xAB, 0xBB, 0xBB, 0xBB, 0xBB, 
	0xBB, 0xBB, 0xBB, 0xBB, 0xBB, 0xBB, 0xBB, 0xBB, 0xBB, 0xBB, 0xBB, 0xBB, 0xBB, 0xBB, 0xBB, 
	0xBB, 0xBB, 0xAA, 0x99, 0x88, 0x98, 0x88, 0x98, 0x76, 0x55, 0x67, 0x88, 0x88, 0x88, 0x88, 
	0x88, 0x88, 0x88, 0x77, 0x78, 0x88, 0x87, 0x65, 0x55, 0x55, 0x45, 0x45, 0x43, 0x22, 0x32, 
	0x22, 0x22, 0x32, 0x22, 0x21, 0x00, 0x12, 0x34, 0x46, 0x66, 0x67, 0x77, 0x66, 0x55, 0x44, 
	0x55, 0x55, 0x54, 0x44, 0x44, 0x44, 0x44, 0x45, 0x44, 0x44, 0x55, 0x54, 0x45, 0x55, 0x55, 
	0x55, 0x44, 0x67, 0x66, 0x67, 0x78, 0x99, 0x99, 0x99, 0x99, 0x99, 0xAA, 0xAA, 0xAA, 0xAA, 
	0xAA, 0xAA, 0xAA, 0xAA, 0xAA, 0xAA, 0xAA, 0xBA, 0xAA, 0xAB, 0xAA, 0xAA, 0xAA, 0x99, 0x88, 
	0x87, 0x77, 0x67, 0x66, 0x56, 0x66, 0x65, 0x55, 0x66, 0x55, 0x55, 0x55, 0x55, 0x56, 0x66, 
	0x67, 0x77, 0x66, 0x65, 0x55, 0x66, 0x55, 0x43, 0x33, 0x33, 0x22, 0x22, 0x22, 0x22, 0x23, 
	0x33, 0x33, 0x44, 0x44, 0x55, 0x55, 0x55, 0x66, 0x66, 0x54, 0x32, 0x22, 0x23, 0x21, 0x12, 
	0x12, 0x32, 0x21, 0x11, 0x11, 0x34, 0x45, 0x78, 0x88, 0x88, 0x87, 0x77, 0x65, 0x44, 0x44, 
	0x44, 0x66, 0x64, 0x55, 0x44, 0x33, 0x22, 0x44, 0x44, 0x33, 0x23, 0x34, 0x32, 0x32, 0x22, 
	0x22, 0x22, 0x36, 0x52, 0x68, 0x76, 0x78, 0x88, 0x77, 0x66, 0x65, 0x54, 0x44, 0x44, 0x53, 
	0x33, 0x46, 0x54, 0x33, 0x33, 0x54, 0x34, 0x33, 0x54, 0x34, 0x34, 0x33, 0x33, 0x33, 0x33, 
	0x33, 0x33, 0x64, 0x33, 0x33, 0x33, 0x33, 0x33, 0x33, 0x33, 0x34, 0x34, 0x44, 0x44, 0x44, 
	0x44, 0x44, 0x44, 0x44, 0x44, 0x44, 0x44, 0x55, 0x45, 0x55, 0x55, 0x55, 0x53, 0x34, 0x32, 
	0x33, 0x33, 0x33, 0x33, 0x33, 0x33, 0x37, 0x9A, 0xBB, 0xBB, 0x86, 0x67, 0x88, 0x76, 0x66, 
	0x55, 0x55, 0x55, 0x55, 0x55, 0x55, 0x66, 0x65, 0x65, 0x55, 0x44, 0x55, 0x44, 0x44, 0x50, 
	0x0A, 0xAA, 0xAA, 0xAA, 0xAA, 0xA9, 0x77, 0x77, 0x77, 0x88, 0x88, 0x89, 0x99, 0xAA, 0xAA, 
	0xAA, 0xAA, 0xAA, 0x99, 0x99, 0x99, 0x9A, 0xAA, 0xAA, 0xAA, 0xAB, 0xBB, 0xBB, 0xBB, 0xBB, 
	0xBB, 0xBB, 0xBB, 0xBB, 0xBB, 0xBB, 0xBB, 0xBB, 0xBB, 0xBB, 0xBB, 0xBB, 0xBB, 0xBB, 0xBB, 
	0xCB, 0xBB, 0xBB, 0xBA, 0x99, 0x99, 0x88, 0x87, 0x76, 0x55, 0x56, 0x77, 0x77, 0x78, 0x88, 
	0x87, 0x77, 0x78, 0x88, 0x88, 0x87, 0x76, 0x55, 0x54, 0x55, 0x46, 0x54, 0x33, 0x22, 0x22, 
	0x22, 0x22, 0x23, 0x22, 0x22, 0x11, 0x11, 0x24, 0x56, 0x66, 0x67, 0x77, 0x76, 0x55, 0x44, 
	0x55, 0x55, 0x44, 0x44, 0x44, 0x43, 0x34, 0x45, 0x44, 0x44, 0x55, 0x54, 0x45, 0x55, 0x55, 
	0x65, 0x44, 0x66, 0x66, 0x77, 0x78, 0x89, 0x99, 0x99, 0x99, 0x99, 0x9A, 0xAA, 0xAA, 0xAA, 
	0xAA, 0xAA, 0xAA, 0xAA, 0xAA, 0xAA, 0xAA, 0xBB, 0xBA, 0xAA, 0xBB, 0xAA, 0xAA, 0x99, 0x88, 
	0x77, 0x77, 0x66, 0x66, 0x66, 0x66, 0x66, 0x55, 0x56, 0x55, 0x55, 0x55, 0x56, 0x56, 0x66, 
	0x67, 0x77, 0x67, 0x66, 0x54, 0x44, 0x55, 0x43, 0x33, 0x33, 0x22, 0x23, 0x22, 0x22, 0x23, 
	0x33, 0x33, 0x44, 0x44, 0x55, 0x55, 0x56, 0x66, 0x66, 0x54, 0x33, 0x33, 0x32, 0x22, 0x22, 
	0x22, 0x22, 0x21, 0x10, 0x01, 0x24, 0x45, 0x67, 0x88, 0x87, 0x77, 0x77, 0x65, 0x43, 0x44, 
	0x44, 0x54, 0x55, 0x55, 0x43, 0x32, 0x23, 0x33, 0x44, 0x43, 0x32, 0x33, 0x23, 0x23, 0x32, 
	0x33, 0x23, 0x46, 0x33, 0x67, 0x76, 0x88, 0x97, 0x76, 0x76, 0x55, 0x43, 0x44, 0x45, 0x33, 
	0x33, 0x36, 0x54, 0x34, 0x44, 0x53, 0x34, 0x33, 0x44, 0x44, 0x43, 0x33, 0x33, 0x33, 0x33, 
	0x33, 0x33, 0x54, 0x33, 0x33, 0x33, 0x33, 0x33, 0x33, 0x33, 0x33, 0x34, 0x43, 0x34, 0x44, 
	0x44, 0x44, 0x33, 0x44, 0x44, 0x44, 0x45, 0x55, 0x55, 0x55, 0x55, 0x65, 0x54, 0x34, 0x42, 
	0x33, 0x33, 0x33, 0x33, 0x33, 0x33, 0x47, 0x9A, 0xBB, 0xB9, 0x65, 0x67, 0x77, 0x77, 0x67, 
	0x65, 0x55, 0x45, 0x55, 0x54, 0x55, 0x66, 0x65, 0x55, 0x55, 0x44, 0x44, 0x44, 0x44, 0x40, 
	0x0A, 0xAA, 0xAA, 0xAA, 0xAA, 0xAA, 0x76, 0x67, 0x77, 0x78, 0x88, 0x89, 0x99, 0xAA, 0xAA, 
	0xAA, 0xAA, 0xAA, 0x99, 0x99, 0x99, 0x99, 0xAA, 0xAA, 0xAA, 0xAA, 0xBB, 0xBB, 0xBB, 0xBB, 
	0xBB, 0xBB, 0xBB, 0xBB, 0xBB, 0xBB, 0xBB, 0xBB, 0xBB, 0xBB, 0xBB, 0xBB, 0xBB, 0xBB, 0xBB, 
	0xBB, 0xBB, 0xBB, 0xCB, 0xBA, 0x99, 0x98, 0x87, 0x77, 0x65, 0x56, 0x66, 0x76, 0x67, 0x77, 
	0x77, 0x88, 0x88, 0x88, 0x77, 0x66, 0x55, 0x55, 0x44, 0x45, 0x55, 0x54, 0x32, 0x22, 0x22, 
	0x22, 0x22, 0x23, 0x22, 0x22, 0x11, 0x11, 0x24, 0x56, 0x66, 0x67, 0x77, 0x66, 0x55, 0x55, 
	0x55, 0x54, 0x45, 0x54, 0x44, 0x44, 0x44, 0x44, 0x44, 0x44, 0x54, 0x44, 0x44, 0x55, 0x54, 
	0x55, 0x55, 0x56, 0x56, 0x76, 0x67, 0x78, 0x99, 0x99, 0x99, 0x99, 0xAA, 0xAA, 0xAA, 0xAA, 
	0xAA, 0xAA, 0xAA, 0xAA, 0xAA, 0xAA, 0xAA, 0xAB, 0xBA, 0xAA, 0xBB, 0xAA, 0xAA, 0x99, 0x98, 
	0x87, 0x77, 0x66, 0x66, 0x66, 0x66, 0x55, 0x65, 0x55, 0x56, 0x66, 0x66, 0x66, 0x66, 0x66, 
	0x67, 0x66, 0x66, 0x77, 0x65, 0x44, 0x44, 0x44, 0x33, 0x33, 0x32, 0x33, 0x22, 0x22, 0x23, 
	0x33, 0x33, 0x44, 0x44, 0x45, 0x55, 0x55, 0x66, 0x66, 0x65, 0x54, 0x44, 0x22, 0x23, 0x22, 
	0x21, 0x11, 0x12, 0x10, 0x11, 0x23, 0x44, 0x56, 0x78, 0x77, 0x77, 0x77, 0x64, 0x44, 0x44, 
	0x34, 0x54, 0x45, 0x55, 0x43, 0x23, 0x33, 0x33, 0x33, 0x33, 0x32, 0x43, 0x22, 0x32, 0x23, 
	0x33, 0x33, 0x44, 0x24, 0x56, 0x78, 0x88, 0x87, 0x66, 0x65, 0x45, 0x43, 0x45, 0x54, 0x34, 
	0x33, 0x35, 0x54, 0x34, 0x35, 0x43, 0x44, 0x33, 0x44, 0x34, 0x44, 0x33, 0x33, 0x33, 0x33, 
	0x33, 0x34, 0x44, 0x33, 0x33, 0x33, 0x33, 0x33, 0x33, 0x33, 0x33, 0x33, 0x44, 0x34, 0x44, 
	0x33, 0x44, 0x33, 0x44, 0x44, 0x44, 0x45, 0x55, 0x55, 0x45, 0x56, 0x65, 0x55, 0x34, 0x43, 
	0x23, 0x33, 0x33, 0x33, 0x33, 0x33, 0x47, 0xAA, 0xBB, 0xB9, 0x65, 0x67, 0x77, 0x77, 0x66, 
	0x65, 0x54, 0x45, 0x54, 0x45, 0x55, 0x66, 0x65, 0x56, 0x56, 0x54, 0x44, 0x55, 0x54, 0x50, 
	0x09, 0xAA, 0xAA, 0xAA, 0xAA, 0xAA, 0x87, 0x77, 0x77, 0x78, 0x88, 0x89, 0x99, 0x9A, 0xAA, 
	0xAA, 0xAA, 0xAA, 0x99, 0x99, 0x99, 0x99, 0xAA, 0xAA, 0xAA, 0xAA, 0xBB, 0xBB, 0xBB, 0xBB, 
	0xBB, 0xBB, 0xBB, 0xBB, 0xBB, 0xBB, 0xBB, 0xBB, 0xBB, 0xBB, 0xBB, 0xBB, 0xBB, 0xBB, 0xBB, 
	0xBB, 0xBB, 0xBB, 0xBB, 0xBB, 0xBA, 0x98, 0x88, 0x87, 0x66, 0x66, 0x66, 0x66, 0x66, 0x67, 
	0x88, 0x88, 0x77, 0x66, 0x65, 0x55, 0x44, 0x44, 0x44, 0x45, 0x64, 0x43, 0x22, 0x22, 0x22, 
	0x22, 0x22, 0x22, 0x32, 0x33, 0x21, 0x11, 0x23, 0x55, 0x66, 0x66, 0x77, 0x66, 0x55, 0x55, 
	0x55, 0x54, 0x55, 0x44, 0x44, 0x34, 0x44, 0x43, 0x44, 0x44, 0x44, 0x44, 0x44, 0x44, 0x45, 
	0x55, 0x55, 0x56, 0x56, 0x66, 0x67, 0x78, 0x99, 0x99, 0x9A, 0xA9, 0xAA, 0xAA, 0xAA, 0xAA, 
	0xAA, 0xAA, 0xAA, 0xAA, 0xAA, 0xAB, 0xAA, 0xAB, 0xBA, 0xAA, 0xBB, 0xAA, 0xAA, 0x99, 0x99, 
	0x87, 0x77, 0x77, 0x66, 0x66, 0x65, 0x55, 0x55, 0x55, 0x55, 0x56, 0x66, 0x66, 0x66, 0x66, 
	0x67, 0x66, 0x66, 0x66, 0x66, 0x54, 0x45, 0x44, 0x33, 0x33, 0x33, 0x32, 0x22, 0x22, 0x23, 
	0x33, 0x33, 0x44, 0x44, 0x44, 0x55, 0x55, 0x55, 0x66, 0x66, 0x54, 0x33, 0x32, 0x32, 0x22, 
	0x21, 0x11, 0x11, 0x10, 0x11, 0x12, 0x44, 0x56, 0x77, 0x77, 0x77, 0x76, 0x64, 0x44, 0x43, 
	0x35, 0x54, 0x56, 0x54, 0x33, 0x32, 0x23, 0x33, 0x54, 0x33, 0x23, 0x33, 0x23, 0x33, 0x23, 
	0x32, 0x34, 0x32, 0x34, 0x55, 0x77, 0x77, 0x66, 0x67, 0x55, 0x54, 0x34, 0x54, 0x43, 0x33, 
	0x33, 0x35, 0x54, 0x43, 0x45, 0x33, 0x33, 0x33, 0x34, 0x34, 0x44, 0x33, 0x33, 0x33, 0x33, 
	0x33, 0x33, 0x45, 0x33, 0x33, 0x33, 0x33, 0x33, 0x33, 0x43, 0x33, 0x34, 0x33, 0x33, 0x44, 
	0x44, 0x44, 0x44, 0x44, 0x44, 0x44, 0x44, 0x55, 0x55, 0x45, 0x56, 0x65, 0x54, 0x34, 0x43, 
	0x23, 0x33, 0x33, 0x33, 0x33, 0x33, 0x48, 0xAA, 0xAA, 0x98, 0x66, 0x66, 0x66, 0x66, 0x65, 
	0x55, 0x54, 0x45, 0x55, 0x55, 0x55, 0x66, 0x66, 0x55, 0x55, 0x54, 0x55, 0x66, 0x65, 0x50, 
	0x09, 0xAA, 0xAA, 0xAA, 0xAA, 0xAA, 0x87, 0x77, 0x77, 0x77, 0x88, 0x88, 0x99, 0x9A, 0xAA, 
	0xAA, 0xAA, 0xAA, 0x99, 0x99, 0x99, 0x9A, 0xAA, 0xAA, 0xAA, 0xAA, 0xBB, 0xAB, 0xBB, 0xBB, 
	0xBB, 0xBB, 0xBB, 0xBB, 0xBB, 0xBB, 0xBB, 0xBB, 0xBB, 0xBB, 0xBB, 0xBB, 0xBB, 0xBB, 0xBB, 
	0xBB, 0xBB, 0xBB, 0xCB, 0xBB, 0xBB, 0xA9, 0x98, 0x88, 0x77, 0x66, 0x76, 0x66, 0x66, 0x67, 
	0x88, 0x87, 0x65, 0x55, 0x55, 0x54, 0x44, 0x44, 0x34, 0x55, 0x54, 0x33, 0x22, 0x22, 0x22, 
	0x33, 0x22, 0x32, 0x32, 0x32, 0x21, 0x11, 0x12, 0x45, 0x56, 0x66, 0x67, 0x66, 0x65, 0x44, 
	0x44, 0x55, 0x44, 0x55, 0x44, 0x43, 0x43, 0x44, 0x44, 0x44, 0x44, 0x44, 0x43, 0x33, 0x44, 
	0x44, 0x55, 0x56, 0x56, 0x66, 0x77, 0x77, 0x89, 0x99, 0x9A, 0xA9, 0x9A, 0xAA, 0xAA, 0xAA, 
	0xAA, 0xAA, 0xAA, 0xAA, 0xAA, 0xAB, 0xAA, 0xAB, 0xBA, 0xAA, 0xAA, 0xAA, 0xAA, 0xA9, 0x99, 
	0x98, 0x77, 0x77, 0x76, 0x66, 0x66, 0x55, 0x55, 0x55, 0x66, 0x66, 0x66, 0x66, 0x66, 0x66, 
	0x66, 0x67, 0x66, 0x66, 0x66, 0x55, 0x55, 0x44, 0x33, 0x33, 0x32, 0x32, 0x22, 0x22, 0x23, 
	0x33, 0x34, 0x44, 0x44, 0x44, 0x44, 0x45, 0x55, 0x66, 0x66, 0x54, 0x33, 0x32, 0x33, 0x11, 
	0x21, 0x11, 0x11, 0x11, 0x00, 0x12, 0x44, 0x56, 0x77, 0x77, 0x77, 0x76, 0x54, 0x44, 0x44, 
	0x45, 0x44, 0x78, 0x53, 0x33, 0x22, 0x33, 0x33, 0x54, 0x33, 0x24, 0x33, 0x33, 0x32, 0x22, 
	0x22, 0x54, 0x22, 0x34, 0x34, 0x66, 0x65, 0x45, 0x55, 0x44, 0x43, 0x34, 0x44, 0x32, 0x22, 
	0x32, 0x25, 0x54, 0x34, 0x64, 0x33, 0x33, 0x33, 0x34, 0x34, 0x44, 0x33, 0x33, 0x33, 0x33, 
	0x33, 0x33, 0x45, 0x33, 0x33, 0x33, 0x33, 0x34, 0x43, 0x33, 0x34, 0x33, 0x33, 0x33, 0x33, 
	0x44, 0x34, 0x44, 0x33, 0x34, 0x44, 0x44, 0x55, 0x55, 0x44, 0x55, 0x65, 0x54, 0x34, 0x43, 
	0x23, 0x33, 0x33, 0x22, 0x33, 0x33, 0x48, 0xBB, 0xA8, 0x65, 0x66, 0x65, 0x55, 0x55, 0x54, 
	0x54, 0x44, 0x44, 0x44, 0x55, 0x66, 0x76, 0x66, 0x55, 0x66, 0x76, 0x56, 0x87, 0x65, 0x50, 
	0x0A, 0xAA, 0xAA, 0xAA, 0xAA, 0xAA, 0x96, 0x67, 0x77, 0x77, 0x88, 0x88, 0x89, 0x9A, 0xAA, 
	0xAA, 0xAA, 0xAA, 0x99, 0x99, 0x99, 0x9A, 0xAA, 0xAA, 0xAA, 0xAA, 0xBA, 0xAA, 0xBB, 0xBB, 
	0xBB, 0xBB, 0xBB, 0xBB, 0xBB, 0xBB, 0xBB, 0xBB, 0xBB, 0xBB, 0xBB, 0xBB, 0xBB, 0xBB, 0xBB, 
	0xBB, 0xBB, 0xBB, 0xCB, 0xBB, 0xBB, 0xBA, 0x9A, 0x99, 0x98, 0x87, 0x76, 0x66, 0x67, 0x78, 
	0x87, 0x65, 0x44, 0x44, 0x45, 0x44, 0x44, 0x44, 0x44, 0x55, 0x44, 0x33, 0x22, 0x23, 0x33, 
	0x22, 0x33, 0x22, 0x23, 0x22, 0x22, 0x11, 0x12, 0x34, 0x55, 0x56, 0x66, 0x65, 0x55, 0x44, 
	0x45, 0x55, 0x54, 0x44, 0x44, 0x44, 0x43, 0x34, 0x43, 0x44, 0x45, 0x54, 0x44, 0x33, 0x45, 
	0x44, 0x44, 0x65, 0x56, 0x66, 0x77, 0x78, 0x99, 0x99, 0x9A, 0xAA, 0xAA, 0xAA, 0xAA, 0xAA, 
	0xAA, 0xAA, 0xAA, 0xAB, 0xAA, 0xAA, 0xBA, 0xAA, 0xAA, 0xBA, 0xAA, 0xAA, 0xAA, 0xA9, 0x99, 
	0x98, 0x88, 0x77, 0x76, 0x66, 0x66, 0x55, 0x55, 0x55, 0x56, 0x66, 0x66, 0x66, 0x66, 0x66, 
	0x66, 0x66, 0x66, 0x66, 0x66, 0x55, 0x55, 0x44, 0x33, 0x33, 0x22, 0x32, 0x22, 0x32, 0x23, 
	0x33, 0x34, 0x44, 0x44, 0x44, 0x44, 0x44, 0x55, 0x56, 0x66, 0x54, 0x33, 0x22, 0x22, 0x22, 
	0x11, 0x11, 0x01, 0x11, 0x00, 0x12, 0x34, 0x55, 0x77, 0x77, 0x77, 0x66, 0x54, 0x34, 0x33, 
	0x45, 0x46, 0xA9, 0x43, 0x32, 0x23, 0x33, 0x34, 0x44, 0x43, 0x34, 0x22, 0x22, 0x32, 0x22, 
	0x44, 0x32, 0x42, 0x23, 0x45, 0x44, 0x54, 0x45, 0x44, 0x43, 0x33, 0x33, 0x34, 0x44, 0x32, 
	0x22, 0x25, 0x54, 0x55, 0x43, 0x33, 0x23, 0x33, 0x33, 0x34, 0x33, 0x43, 0x34, 0x33, 0x33, 
	0x34, 0x33, 0x44, 0x33, 0x33, 0x33, 0x33, 0x33, 0x33, 0x33, 0x33, 0x33, 0x33, 0x43, 0x33, 
	0x44, 0x34, 0x44, 0x43, 0x33, 0x34, 0x44, 0x55, 0x55, 0x55, 0x55, 0x65, 0x55, 0x44, 0x53, 
	0x33, 0x33, 0x33, 0x33, 0x33, 0x33, 0x48, 0xAA, 0xA8, 0x65, 0x55, 0x55, 0x45, 0x55, 0x45, 
	0x54, 0x44, 0x44, 0x45, 0x67, 0x88, 0x88, 0x66, 0x66, 0x77, 0x77, 0x67, 0x77, 0x55, 0x50, 
	0x0A, 0xAA, 0xAA, 0xAA, 0xAA, 0xAA, 0x96, 0x67, 0x77, 0x77, 0x78, 0x88, 0x89, 0x99, 0x9A, 
	0xAA, 0xAA, 0xAA, 0x99, 0x99, 0x99, 0x99, 0xAA, 0xAA, 0xAA, 0xAA, 0xAA, 0xAA, 0xBB, 0xBB, 
	0xBB, 0xBB, 0xBB, 0xBB, 0xBB, 0xBB, 0xBB, 0xBB, 0xBB, 0xBB, 0xBB, 0xBB, 0xBB, 0xBB, 0xBB, 
	0xBB, 0xBB, 0xBB, 0xCB, 0xBB, 0xBB, 0xBA, 0xAA, 0xAA, 0xAA, 0x99, 0x88, 0x87, 0x78, 0x88, 
	0x76, 0x54, 0x44, 0x54, 0x44, 0x44, 0x33, 0x33, 0x45, 0x46, 0x53, 0x32, 0x22, 0x22, 0x33, 
	0x22, 0x23, 0x22, 0x23, 0x33, 0x22, 0x21, 0x12, 0x34, 0x45, 0x55, 0x66, 0x66, 0x55, 0x54, 
	0x45, 0x55, 0x55, 0x54, 0x44, 0x44, 0x33, 0x34, 0x43, 0x44, 0x55, 0x54, 0x45, 0x45, 0x55, 
	0x55, 0x55, 0x56, 0x67, 0x77, 0x77, 0x78, 0x99, 0x99, 0x9A, 0xAA, 0xAA, 0xAA, 0xAA, 0xAA, 
	0xAA, 0xAA, 0xAA, 0xAA, 0xAA, 0xBB, 0xBB, 0xAA, 0xAA, 0xAB, 0xAA, 0xAA, 0xAA, 0xA9, 0x99, 
	0x88, 0x88, 0x87, 0x76, 0x65, 0x56, 0x66, 0x66, 0x66, 0x66, 0x66, 0x66, 0x66, 0x56, 0x66, 
	0x66, 0x66, 0x66, 0x66, 0x66, 0x55, 0x55, 0x44, 0x33, 0x33, 0x33, 0x33, 0x32, 0x32, 0x22, 
	0x33, 0x33, 0x44, 0x44, 0x44, 0x44, 0x55, 0x55, 0x56, 0x66, 0x54, 0x43, 0x22, 0x22, 0x22, 
	0x21, 0x11, 0x01, 0x10, 0x00, 0x01, 0x34, 0x55, 0x67, 0x77, 0x77, 0x66, 0x54, 0x43, 0x34, 
	0x55, 0x6A, 0xB9, 0x43, 0x33, 0x34, 0x33, 0x44, 0x45, 0x32, 0x43, 0x22, 0x23, 0x34, 0x33, 
	0x33, 0x22, 0x32, 0x34, 0x43, 0x44, 0x44, 0x34, 0x44, 0x32, 0x33, 0x33, 0x33, 0x43, 0x33, 
	0x32, 0x34, 0x44, 0x54, 0x32, 0x23, 0x33, 0x23, 0x33, 0x34, 0x33, 0x34, 0x34, 0x33, 0x33, 
	0x34, 0x34, 0x44, 0x33, 0x33, 0x33, 0x33, 0x33, 0x33, 0x33, 0x33, 0x33, 0x33, 0x33, 0x34, 
	0x44, 0x44, 0x44, 0x33, 0x44, 0x44, 0x44, 0x55, 0x55, 0x54, 0x45, 0x66, 0x66, 0x75, 0x43, 
	0x33, 0x33, 0x33, 0x33, 0x33, 0x33, 0x58, 0xAA, 0xB9, 0x64, 0x55, 0x44, 0x44, 0x45, 0x55, 
	0x55, 0x55, 0x54, 0x45, 0x79, 0x99, 0x97, 0x67, 0x77, 0x77, 0x77, 0x66, 0x76, 0x66, 0x50, 
	0x0A, 0xAA, 0xAA, 0xAA, 0xAA, 0xAA, 0x97, 0x67, 0x67, 0x77, 0x78, 0x88, 0x88, 0x99, 0x99, 
	0xA9, 0xAA, 0xAA, 0x99, 0x99, 0x99, 0x99, 0x9A, 0xAA, 0xAA, 0xAA, 0xAB, 0xBB, 0xBB, 0xBB, 
	0xBB, 0xBA, 0xBA, 0xBB, 0xBA, 0xAB, 0xBB, 0xBB, 0xBB, 0xBB, 0xBB, 0xBB, 0xBB, 0xBB, 0xBB, 
	0xBB, 0xBB, 0xBB, 0xBB, 0xBB, 0xBB, 0xBA, 0xAA, 0xAB, 0xBB, 0xAA, 0xA9, 0x99, 0x99, 0x86, 
	0x65, 0x44, 0x45, 0x54, 0x44, 0x44, 0x33, 0x33, 0x46, 0x55, 0x53, 0x33, 0x33, 0x22, 0x33, 
	0x22, 0x23, 0x33, 0x32, 0x33, 0x22, 0x22, 0x12, 0x23, 0x44, 0x55, 0x56, 0x65, 0x55, 0x44, 
	0x44, 0x45, 0x55, 0x54, 0x44, 0x44, 0x33, 0x44, 0x34, 0x44, 0x55, 0x54, 0x56, 0x55, 0x55, 
	0x65, 0x66, 0x66, 0x67, 0x77, 0x77, 0x78, 0x89, 0x99, 0x99, 0xA9, 0xAA, 0xAA, 0xAA, 0xAA, 
	0xAA, 0xAA, 0xAA, 0xAA, 0xAA, 0xAA, 0xAA, 0xAA, 0xAA, 0xAA, 0xAA, 0xAA, 0xA9, 0x99, 0x98, 
	0x88, 0x88, 0x77, 0x66, 0x65, 0x55, 0x56, 0x66, 0x66, 0x66, 0x65, 0x55, 0x66, 0x56, 0x66, 
	0x66, 0x66, 0x66, 0x66, 0x66, 0x55, 0x55, 0x43, 0x33, 0x33, 0x33, 0x22, 0x23, 0x32, 0x22, 
	0x33, 0x33, 0x34, 0x44, 0x44, 0x44, 0x44, 0x55, 0x56, 0x65, 0x54, 0x43, 0x33, 0x33, 0x32, 
	0x21, 0x11, 0x01, 0x10, 0x01, 0x01, 0x24, 0x45, 0x67, 0x76, 0x77, 0x66, 0x54, 0x43, 0x44, 
	0x55, 0x7B, 0xB9, 0x53, 0x33, 0x33, 0x44, 0x34, 0x44, 0x23, 0x42, 0x22, 0x23, 0x33, 0x33, 
	0x22, 0x22, 0x23, 0x22, 0x33, 0x44, 0x43, 0x33, 0x33, 0x33, 0x33, 0x32, 0x33, 0x33, 0x33, 
	0x44, 0x34, 0x44, 0x42, 0x23, 0x22, 0x33, 0x33, 0x33, 0x33, 0x33, 0x34, 0x34, 0x43, 0x33, 
	0x33, 0x33, 0x44, 0x33, 0x33, 0x33, 0x33, 0x33, 0x33, 0x33, 0x33, 0x44, 0x43, 0x33, 0x34, 
	0x44, 0x33, 0x34, 0x43, 0x44, 0x44, 0x44, 0x45, 0x55, 0x54, 0x45, 0x56, 0x56, 0x67, 0x63, 
	0x33, 0x33, 0x33, 0x23, 0x33, 0x33, 0x59, 0xAA, 0xA9, 0x65, 0x54, 0x44, 0x44, 0x44, 0x45, 
	0x56, 0x65, 0x55, 0x46, 0x89, 0x98, 0x87, 0x77, 0x87, 0x87, 0x77, 0x66, 0x67, 0x77, 0x60, 
	0x09, 0xAA, 0xAA, 0xAA, 0xAA, 0xAA, 0x97, 0x67, 0x67, 0x77, 0x78, 0x88, 0x88, 0x99, 0x99, 
	0xAA, 0xAA, 0xAA, 0x99, 0x99, 0x99, 0x99, 0x9A, 0xAA, 0xAA, 0xAA, 0xBB, 0xBB, 0xBB, 0xBA, 
	0xBB, 0xBA, 0xAA, 0xBB, 0xBA, 0xAB, 0xBB, 0xBB, 0xBB, 0xBB, 0xBB, 0xBB, 0xBB, 0xBB, 0xBB, 
	0xBB, 0xBB, 0xBB, 0xBB, 0xBB, 0xBB, 0xBB, 0xAA, 0xAA, 0xBB, 0xBB, 0xBB, 0xBB, 0xA9, 0x75, 
	0x55, 0x54, 0x45, 0x55, 0x54, 0x43, 0x33, 0x34, 0x55, 0x64, 0x43, 0x33, 0x23, 0x32, 0x22, 
	0x23, 0x33, 0x32, 0x32, 0x22, 0x22, 0x22, 0x22, 0x23, 0x44, 0x55, 0x55, 0x55, 0x55, 0x54, 
	0x44, 0x55, 0x55, 0x44, 0x44, 0x44, 0x44, 0x44, 0x44, 0x54, 0x44, 0x55, 0x56, 0x66, 0x66, 
	0x76, 0x77, 0x77, 0x77, 0x88, 0x88, 0x88, 0x89, 0x99, 0x99, 0x99, 0xAA, 0xAA, 0xAA, 0xAA, 
	0xAA, 0xAA, 0xAA, 0xAA, 0xAA, 0xAA, 0xAA, 0xAA, 0xBA, 0xAA, 0xAA, 0xAA, 0xA9, 0x99, 0x98, 
	0x87, 0x66, 0x67, 0x66, 0x65, 0x55, 0x55, 0x56, 0x66, 0x56, 0x66, 0x55, 0x56, 0x65, 0x56, 
	0x66, 0x67, 0x66, 0x66, 0x65, 0x55, 0x55, 0x43, 0x33, 0x33, 0x32, 0x22, 0x23, 0x22, 0x22, 
	0x33, 0x33, 0x34, 0x44, 0x44, 0x44, 0x44, 0x45, 0x56, 0x66, 0x55, 0x44, 0x44, 0x32, 0x22, 
	0x11, 0x11, 0x01, 0x10, 0x11, 0x01, 0x24, 0x55, 0x66, 0x77, 0x77, 0x66, 0x44, 0x43, 0x44, 
	0x55, 0x9B, 0xBA, 0x63, 0x33, 0x34, 0x43, 0x44, 0x32, 0x23, 0x42, 0x22, 0x22, 0x22, 0x22, 
	0x22, 0x22, 0x22, 0x24, 0x43, 0x35, 0x33, 0x33, 0x32, 0x33, 0x33, 0x33, 0x33, 0x33, 0x33, 
	0x34, 0x45, 0x53, 0x33, 0x23, 0x33, 0x33, 0x43, 0x33, 0x34, 0x42, 0x33, 0x33, 0x43, 0x33, 
	0x33, 0x34, 0x44, 0x33, 0x33, 0x33, 0x33, 0x33, 0x33, 0x33, 0x33, 0x33, 0x44, 0x44, 0x44, 
	0x44, 0x43, 0x33, 0x33, 0x34, 0x44, 0x44, 0x45, 0x55, 0x54, 0x45, 0x56, 0x56, 0x67, 0x64, 
	0x23, 0x33, 0x33, 0x23, 0x33, 0x33, 0x69, 0xAB, 0xA8, 0x76, 0x65, 0x55, 0x44, 0x44, 0x34, 
	0x55, 0x56, 0x65, 0x56, 0x8A, 0x98, 0x87, 0x89, 0x98, 0x87, 0x76, 0x67, 0x77, 0x77, 0x70, 
	0x09, 0xAA, 0xAA, 0xAA, 0xAA, 0xAA, 0x97, 0x66, 0x67, 0x77, 0x77, 0x88, 0x88, 0x99, 0x99, 
	0x99, 0xAA, 0xAA, 0x99, 0x99, 0x99, 0x99, 0x9A, 0xAA, 0xAA, 0xAA, 0xBB, 0xBB, 0xBB, 0xBA, 
	0xBB, 0xBA, 0xAA, 0xBB, 0xBB, 0xBB, 0xBB, 0xBB, 0xBB, 0xBB, 0xBB, 0xBB, 0xBB, 0xBB, 0xBB, 
	0xBB, 0xBB, 0xBB, 0xBB, 0xBB, 0xBB, 0xBB, 0xAA, 0xAA, 0xAB, 0xBB, 0xBB, 0xBB, 0xB8, 0x65, 
	0x55, 0x44, 0x44, 0x55, 0x44, 0x44, 0x44, 0x45, 0x65, 0x55, 0x33, 0x32, 0x23, 0x32, 0x32, 
	0x22, 0x22, 0x22, 0x32, 0x23, 0x32, 0x22, 0x22, 0x23, 0x44, 0x45, 0x55, 0x55, 0x55, 0x54, 
	0x44, 0x55, 0x55, 0x55, 0x44, 0x44, 0x44, 0x44, 0x44, 0x44, 0x44, 0x56, 0x66, 0x66, 0x67, 
	0x67, 0x78, 0x88, 0x88, 0x88, 0x88, 0x88, 0x99, 0x99, 0x99, 0x99, 0xAA, 0xAA, 0xAA, 0xAA, 
	0xAA, 0xAA, 0xAA, 0xAA, 0xAA, 0xAA, 0xAA, 0xAA, 0xAA, 0xAA, 0xAA, 0xA9, 0x99, 0x98, 0x88, 
	0x76, 0x66, 0x66, 0x66, 0x65, 0x55, 0x55, 0x56, 0x66, 0x65, 0x55, 0x55, 0x55, 0x65, 0x56, 
	0x66, 0x67, 0x77, 0x76, 0x65, 0x55, 0x65, 0x53, 0x33, 0x33, 0x33, 0x23, 0x22, 0x23, 0x33, 
	0x33, 0x33, 0x34, 0x44, 0x44, 0x44, 0x45, 0x45, 0x56, 0x66, 0x55, 0x55, 0x43, 0x22, 0x21, 
	0x11, 0x11, 0x11, 0x00, 0x11, 0x01, 0x35, 0x56, 0x66, 0x77, 0x77, 0x66, 0x54, 0x33, 0x45, 
	0x46, 0xAB, 0xBA, 0x74, 0x44, 0x44, 0x44, 0x43, 0x33, 0x23, 0x32, 0x22, 0x22, 0x22, 0x22, 
	0x22, 0x22, 0x22, 0x35, 0x32, 0x23, 0x22, 0x23, 0x33, 0x23, 0x33, 0x33, 0x33, 0x23, 0x23, 
	0x34, 0x55, 0x33, 0x33, 0x22, 0x33, 0x33, 0x34, 0x43, 0x23, 0x43, 0x32, 0x33, 0x33, 0x33, 
	0x33, 0x34, 0x43, 0x43, 0x33, 0x33, 0x33, 0x33, 0x33, 0x33, 0x33, 0x33, 0x44, 0x44, 0x44, 
	0x44, 0x44, 0x33, 0x33, 0x34, 0x34, 0x44, 0x45, 0x55, 0x54, 0x44, 0x56, 0x66, 0x67, 0x74, 
	0x33, 0x33, 0x33, 0x33, 0x33, 0x34, 0x69, 0xAB, 0xA8, 0x77, 0x65, 0x66, 0x55, 0x55, 0x64, 
	0x44, 0x56, 0x66, 0x78, 0x9A, 0x99, 0xBA, 0xAA, 0xA9, 0x87, 0x66, 0x77, 0x77, 0x87, 0x70, 
	0x09, 0x9A, 0xAA, 0xAA, 0xAA, 0xAA, 0xA8, 0x66, 0x77, 0x77, 0x77, 0x88, 0x88, 0x99, 0x99, 
	0x9A, 0xAA, 0xAA, 0x99, 0x99, 0x99, 0x99, 0x99, 0xAA, 0xAA, 0xAA, 0xAB, 0xBB, 0xBB, 0xBA, 
	0xAB, 0xBA, 0xAA, 0xBB, 0xBB, 0xBB, 0xBB, 0xBB, 0xBB, 0xBB, 0xBB, 0xBB, 0xBB, 0xBB, 0xBB, 
	0xBB, 0xBB, 0xBB, 0xBB, 0xBB, 0xBB, 0xBB, 0xAA, 0xAB, 0xBB, 0xBB, 0xBB, 0xBC, 0xA7, 0x55, 
	0x44, 0x43, 0x44, 0x44, 0x44, 0x45, 0x45, 0x66, 0x76, 0x54, 0x33, 0x32, 0x23, 0x22, 0x33, 
	0x22, 0x22, 0x22, 0x23, 0x23, 0x33, 0x23, 0x22, 0x22, 0x33, 0x44, 0x55, 0x55, 0x55, 0x44, 
	0x44, 0x55, 0x54, 0x55, 0x44, 0x44, 0x43, 0x34, 0x54, 0x44, 0x45, 0x66, 0x55, 0x55, 0x66, 
	0x68, 0x88, 0x99, 0x88, 0x88, 0x88, 0x89, 0x99, 0x99, 0x99, 0x99, 0x9A, 0xA9, 0xAA, 0xAA, 
	0xAA, 0xAA, 0xAA, 0xAA, 0xAA, 0xAA, 0xAA, 0xAA, 0xAA, 0xAA, 0xAA, 0x99, 0x99, 0x88, 0x77, 
	0x76, 0x66, 0x55, 0x56, 0x65, 0x55, 0x55, 0x56, 0x66, 0x65, 0x55, 0x55, 0x55, 0x56, 0x66, 
	0x66, 0x66, 0x77, 0x76, 0x65, 0x55, 0x65, 0x53, 0x33, 0x33, 0x33, 0x33, 0x22, 0x23, 0x33, 
	0x32, 0x33, 0x33, 0x44, 0x44, 0x44, 0x45, 0x55, 0x56, 0x66, 0x66, 0x65, 0x32, 0x33, 0x22, 
	0x11, 0x10, 0x11, 0x01, 0x01, 0x01, 0x35, 0x67, 0x77, 0x77, 0x77, 0x66, 0x54, 0x34, 0x45, 
	0x57, 0xBB, 0xBA, 0x85, 0x44, 0x44, 0x44, 0x32, 0x33, 0x22, 0x22, 0x22, 0x22, 0x23, 0x22, 
	0x32, 0x22, 0x21, 0x23, 0x11, 0x12, 0x32, 0x22, 0x33, 0x23, 0x33, 0x33, 0x33, 0x22, 0x32, 
	0x23, 0x43, 0x22, 0x23, 0x33, 0x22, 0x33, 0x23, 0x44, 0x32, 0x33, 0x32, 0x33, 0x33, 0x33, 
	0x33, 0x34, 0x43, 0x44, 0x33, 0x33, 0x33, 0x33, 0x33, 0x33, 0x33, 0x33, 0x34, 0x44, 0x44, 
	0x44, 0x44, 0x33, 0x33, 0x33, 0x33, 0x44, 0x44, 0x55, 0x55, 0x44, 0x56, 0x66, 0x57, 0x94, 
	0x33, 0x33, 0x33, 0x33, 0x33, 0x34, 0x79, 0x9A, 0x97, 0x77, 0x66, 0x66, 0x65, 0x58, 0x85, 
	0x44, 0x56, 0x67, 0x89, 0x9A, 0xAB, 0xBB, 0xCC, 0xA8, 0x76, 0x66, 0x77, 0x77, 0x88, 0x80, 
	0x09, 0x99, 0xAA, 0xAA, 0xAA, 0xAA, 0xA8, 0x66, 0x67, 0x77, 0x77, 0x88, 0x88, 0x99, 0x99, 
	0x99, 0x9A, 0xAA, 0x99, 0x99, 0x99, 0x99, 0x99, 0xAA, 0xAA, 0xAA, 0xAB, 0xBB, 0xBB, 0xBA, 
	0xAB, 0xBA, 0xAA, 0xBA, 0xAA, 0xAA, 0xBB, 0xBB, 0xBB, 0xBB, 0xBB, 0xBB, 0xBB, 0xBB, 0xBB, 
	0xBB, 0xBB, 0xBB, 0xBB, 0xBB, 0xBB, 0xBB, 0xAA, 0xAA, 0xAB, 0xBB, 0xBB, 0xBC, 0xA6, 0x44, 
	0x44, 0x33, 0x34, 0x44, 0x44, 0x45, 0x45, 0x77, 0x77, 0x53, 0x33, 0x33, 0x33, 0x22, 0x33, 
	0x32, 0x22, 0x22, 0x23, 0x22, 0x23, 0x33, 0x22, 0x22, 0x23, 0x34, 0x55, 0x55, 0x55, 0x44, 
	0x44, 0x55, 0x55, 0x55, 0x44, 0x44, 0x44, 0x45, 0x54, 0x45, 0x55, 0x55, 0x55, 0x55, 0x66, 
	0x67, 0x78, 0x99, 0x88, 0x88, 0x99, 0x99, 0x99, 0x99, 0x99, 0x99, 0x9A, 0xA9, 0xAA, 0xAA, 
	0xAA, 0xAA, 0xAA, 0xAA, 0xAA, 0xAA, 0xAA, 0xAA, 0xAA, 0xAA, 0xA9, 0x98, 0x88, 0x87, 0x77, 
	0x66, 0x55, 0x66, 0x56, 0x65, 0x55, 0x55, 0x55, 0x56, 0x55, 0x66, 0x55, 0x55, 0x56, 0x66, 
	0x66, 0x66, 0x76, 0x66, 0x65, 0x55, 0x55, 0x54, 0x33, 0x33, 0x33, 0x33, 0x32, 0x22, 0x33, 
	0x32, 0x33, 0x33, 0x44, 0x44, 0x44, 0x44, 0x45, 0x56, 0x66, 0x76, 0x65, 0x44, 0x32, 0x22, 
	0x11, 0x11, 0x11, 0x01, 0x11, 0x12, 0x57, 0x78, 0x88, 0x88, 0x77, 0x76, 0x54, 0x34, 0x45, 
	0x59, 0xBB, 0xBA, 0x97, 0x44, 0x44, 0x43, 0x32, 0x23, 0x32, 0x22, 0x22, 0x22, 0x22, 0x22, 
	0x22, 0x22, 0x22, 0x22, 0x12, 0x12, 0x31, 0x22, 0x22, 0x33, 0x33, 0x32, 0x22, 0x22, 0x22, 
	0x23, 0x21, 0x22, 0x32, 0x23, 0x22, 0x32, 0x33, 0x34, 0x43, 0x33, 0x33, 0x33, 0x33, 0x33, 
	0x33, 0x33, 0x44, 0x44, 0x33, 0x33, 0x33, 0x33, 0x33, 0x33, 0x33, 0x33, 0x33, 0x44, 0x44, 
	0x44, 0x33, 0x33, 0x33, 0x33, 0x33, 0x44, 0x44, 0x45, 0x55, 0x44, 0x55, 0x66, 0x55, 0x63, 
	0x33, 0x33, 0x33, 0x33, 0x33, 0x34, 0x78, 0xAA, 0x88, 0x88, 0x66, 0x66, 0x55, 0x59, 0x85, 
	0x44, 0x55, 0x67, 0x99, 0x98, 0x99, 0xAC, 0xDC, 0x97, 0x66, 0x67, 0x77, 0x77, 0x88, 0x80, 
	0x09, 0x99, 0xAA, 0xAA, 0xAA, 0xAA, 0xA8, 0x66, 0x67, 0x77, 0x77, 0x88, 0x88, 0x89, 0x99, 
	0x99, 0x99, 0xAA, 0x99, 0x99, 0x99, 0x99, 0x99, 0xAA, 0xAA, 0xAA, 0xAB, 0xBB, 0xBB, 0xBA, 
	0xAB, 0xBB, 0xAA, 0xAA, 0xAA, 0xAA, 0xBB, 0xBB, 0xBB, 0xBB, 0xBB, 0xBB, 0xBB, 0xBB, 0xBB, 
	0xBB, 0xBB, 0xBB, 0xBB, 0xBB, 0xBB, 0xBB, 0xAA, 0xAA, 0xAB, 0xBB, 0xBB, 0xBB, 0xA5, 0x33, 
	0x33, 0x22, 0x23, 0x33, 0x44, 0x44, 0x45, 0x67, 0x76, 0x64, 0x34, 0x43, 0x33, 0x33, 0x33, 
	0x33, 0x23, 0x23, 0x23, 0x33, 0x23, 0x22, 0x33, 0x32, 0x23, 0x34, 0x45, 0x55, 0x55, 0x54, 
	0x44, 0x45, 0x55, 0x54, 0x44, 0x55, 0x44, 0x44, 0x44, 0x45, 0x56, 0x65, 0x55, 0x54, 0x65, 
	0x66, 0x68, 0x98, 0x88, 0x88, 0x99, 0x99, 0x99, 0x99, 0x9A, 0x99, 0x99, 0x9A, 0xAA, 0xAA, 
	0xAA, 0xAA, 0xAA, 0xAA, 0xAA, 0xAA, 0xAA, 0xAA, 0xAA, 0xA9, 0x99, 0x98, 0x77, 0x76, 0x66, 
	0x66, 0x66, 0x66, 0x65, 0x55, 0x55, 0x55, 0x55, 0x56, 0x66, 0x66, 0x66, 0x65, 0x55, 0x56, 
	0x66, 0x67, 0x77, 0x66, 0x66, 0x55, 0x55, 0x54, 0x33, 0x33, 0x32, 0x33, 0x32, 0x32, 0x22, 
	0x33, 0x33, 0x33, 0x44, 0x44, 0x44, 0x44, 0x45, 0x55, 0x66, 0x66, 0x65, 0x43, 0x32, 0x22, 
	0x22, 0x11, 0x11, 0x10, 0x11, 0x13, 0x67, 0x88, 0x88, 0x88, 0x87, 0x76, 0x44, 0x44, 0x54, 
	0x59, 0xBB, 0xAA, 0x97, 0x66, 0x53, 0x22, 0x22, 0x22, 0x22, 0x22, 0x22, 0x22, 0x13, 0x22, 
	0x22, 0x12, 0x22, 0x22, 0x11, 0x12, 0x22, 0x22, 0x23, 0x22, 0x23, 0x22, 0x22, 0x22, 0x22, 
	0x22, 0x32, 0x22, 0x32, 0x22, 0x22, 0x22, 0x33, 0x33, 0x33, 0x43, 0x33, 0x33, 0x32, 0x33, 
	0x33, 0x33, 0x44, 0x33, 0x43, 0x33, 0x33, 0x33, 0x33, 0x33, 0x33, 0x33, 0x33, 0x44, 0x44, 
	0x44, 0x44, 0x33, 0x33, 0x33, 0x33, 0x44, 0x44, 0x45, 0x55, 0x44, 0x45, 0x66, 0x53, 0x33, 
	0x33, 0x33, 0x33, 0x33, 0x33, 0x35, 0x78, 0xAA, 0x9A, 0xA9, 0x76, 0x66, 0x55, 0x56, 0x66, 
	0x55, 0x55, 0x68, 0x99, 0x87, 0x78, 0xAC, 0xCA, 0x76, 0x67, 0x77, 0x78, 0x88, 0x87, 0x80, 
	0x09, 0x99, 0x9A, 0xAA, 0xAA, 0xAA, 0xA8, 0x66, 0x66, 0x77, 0x77, 0x88, 0x88, 0x89, 0x99, 
	0x99, 0x9A, 0xAA, 0x99, 0x99, 0x99, 0x99, 0x99, 0xAA, 0xAA, 0xAA, 0xAB, 0xBB, 0xAB, 0xBA, 
	0xAB, 0xBA, 0xAA, 0xAA, 0xAA, 0xAA, 0xBB, 0xBB, 0xBB, 0xBB, 0xBB, 0xBB, 0xBB, 0xBB, 0xBB, 
	0xBB, 0xBB, 0xBB, 0xBB, 0xBB, 0xBB, 0xBB, 0xAA, 0xAA, 0xAA, 0xBB, 0xBB, 0xAB, 0x94, 0x22, 
	0x22, 0x22, 0x22, 0x22, 0x33, 0x33, 0x45, 0x66, 0x76, 0x44, 0x33, 0x53, 0x33, 0x33, 0x23, 
	0x23, 0x33, 0x33, 0x33, 0x32, 0x23, 0x32, 0x23, 0x22, 0x22, 0x33, 0x44, 0x45, 0x54, 0x44, 
	0x44, 0x44, 0x45, 0x54, 0x44, 0x44, 0x44, 0x43, 0x44, 0x55, 0x55, 0x55, 0x55, 0x55, 0x55, 
	0x56, 0x77, 0x78, 0x88, 0x98, 0x89, 0x99, 0x99, 0x99, 0x99, 0x99, 0x99, 0x9A, 0xAA, 0xAA, 
	0xAA, 0xAA, 0xAA, 0xAA, 0xAA, 0xAA, 0xAA, 0xAA, 0xA9, 0x99, 0x98, 0x88, 0x66, 0x66, 0x66, 
	0x66, 0x66, 0x66, 0x65, 0x55, 0x55, 0x55, 0x55, 0x66, 0x56, 0x66, 0x65, 0x66, 0x65, 0x55, 
	0x66, 0x67, 0x77, 0x66, 0x65, 0x55, 0x55, 0x44, 0x43, 0x33, 0x32, 0x33, 0x33, 0x32, 0x33, 
	0x33, 0x33, 0x34, 0x44, 0x44, 0x44, 0x44, 0x45, 0x55, 0x66, 0x66, 0x65, 0x54, 0x34, 0x33, 
	0x22, 0x11, 0x11, 0x10, 0x11, 0x24, 0x67, 0x88, 0x99, 0x99, 0x98, 0x76, 0x44, 0x45, 0x54, 
	0x6A, 0xBB, 0xAA, 0x98, 0x65, 0x43, 0x22, 0x22, 0x23, 0x22, 0x22, 0x22, 0x22, 0x22, 0x22, 
	0x22, 0x22, 0x22, 0x22, 0x21, 0x11, 0x22, 0x22, 0x22, 0x32, 0x33, 0x32, 0x23, 0x22, 0x21, 
	0x22, 0x23, 0x23, 0x32, 0x22, 0x22, 0x22, 0x22, 0x33, 0x33, 0x44, 0x23, 0x34, 0x33, 0x33, 
	0x33, 0x33, 0x34, 0x33, 0x33, 0x33, 0x32, 0x33, 0x33, 0x33, 0x33, 0x33, 0x34, 0x44, 0x44, 
	0x44, 0x34, 0x33, 0x33, 0x33, 0x34, 0x33, 0x44, 0x44, 0x45, 0x54, 0x45, 0x65, 0x54, 0x33, 
	0x23, 0x33, 0x33, 0x33, 0x33, 0x45, 0x78, 0xAA, 0x99, 0x98, 0x76, 0x66, 0x55, 0x55, 0x65, 
	0x56, 0x55, 0x68, 0x88, 0x76, 0x58, 0xBB, 0xA7, 0x66, 0x67, 0x77, 0x77, 0x87, 0x77, 0x70, 
	0x09, 0x99, 0x9A, 0xAA, 0xAA, 0xAA, 0xA9, 0x76, 0x66, 0x77, 0x77, 0x78, 0x88, 0x88, 0x99, 
	0x99, 0x99, 0x99, 0x99, 0x99, 0x99, 0x99, 0x99, 0xAA, 0xAA, 0xAA, 0xAA, 0xBB, 0xAB, 0xBA, 
	0xAA, 0xBA, 0xAA, 0xAA, 0xAA, 0xAA, 0xBB, 0xBB, 0xBB, 0xBB, 0xBB, 0xBB, 0xBB, 0xBB, 0xBB, 
	0xBB, 0xBB, 0xBB, 0xBB, 0xBB, 0xBB, 0xBB, 0xAA, 0xAA, 0xAB, 0xBA, 0xAA, 0x9A, 0x84, 0x22, 
	0x32, 0x22, 0x22, 0x22, 0x22, 0x22, 0x34, 0x56, 0x65, 0x33, 0x43, 0x34, 0x33, 0x43, 0x33, 
	0x22, 0x33, 0x33, 0x32, 0x22, 0x22, 0x22, 0x23, 0x32, 0x33, 0x33, 0x44, 0x55, 0x54, 0x43, 
	0x34, 0x43, 0x55, 0x55, 0x44, 0x34, 0x44, 0x44, 0x55, 0x45, 0x55, 0x55, 0x55, 0x55, 0x45, 
	0x55, 0x66, 0x77, 0x88, 0x87, 0x78, 0x99, 0x99, 0x99, 0x99, 0x99, 0x99, 0x9A, 0xAA, 0xAA, 
	0xAA, 0xAA, 0xAA, 0xAA, 0xAA, 0xAA, 0xAA, 0xAA, 0xA9, 0x99, 0x98, 0x76, 0x55, 0x66, 0x65, 
	0x66, 0x66, 0x55, 0x66, 0x66, 0x55, 0x66, 0x55, 0x55, 0x56, 0x66, 0x66, 0x66, 0x66, 0x66, 
	0x56, 0x66, 0x77, 0x76, 0x66, 0x55, 0x55, 0x44, 0x33, 0x33, 0x33, 0x33, 0x23, 0x32, 0x33, 
	0x33, 0x33, 0x33, 0x33, 0x44, 0x44, 0x44, 0x55, 0x55, 0x66, 0x66, 0x76, 0x55, 0x54, 0x43, 
	0x21, 0x11, 0x11, 0x10, 0x01, 0x24, 0x67, 0x88, 0x99, 0x99, 0x98, 0x76, 0x44, 0x45, 0x55, 
	0x7A, 0xBA, 0xAA, 0x99, 0x75, 0x43, 0x22, 0x32, 0x22, 0x22, 0x22, 0x22, 0x22, 0x22, 0x22, 
	0x22, 0x22, 0x22, 0x12, 0x11, 0x11, 0x22, 0x11, 0x22, 0x22, 0x22, 0x23, 0x22, 0x22, 0x22, 
	0x22, 0x22, 0x22, 0x22, 0x22, 0x22, 0x22, 0x22, 0x23, 0x23, 0x33, 0x43, 0x33, 0x33, 0x33, 
	0x32, 0x23, 0x44, 0x43, 0x33, 0x33, 0x33, 0x33, 0x33, 0x33, 0x33, 0x33, 0x33, 0x34, 0x44, 
	0x44, 0x44, 0x33, 0x33, 0x33, 0x34, 0x33, 0x34, 0x44, 0x55, 0x54, 0x45, 0x55, 0x54, 0x32, 
	0x33, 0x33, 0x33, 0x33, 0x33, 0x46, 0x78, 0x99, 0x87, 0x76, 0x66, 0x65, 0x55, 0x55, 0x55, 
	0x56, 0x44, 0x67, 0x77, 0x64, 0x59, 0xA9, 0x86, 0x56, 0x77, 0x77, 0x77, 0x87, 0x77, 0x70, 
	0x09, 0x99, 0xAA, 0xAA, 0xAA, 0xAA, 0xA9, 0x76, 0x66, 0x77, 0x77, 0x78, 0x88, 0x88, 0x99, 
	0x99, 0x99, 0x99, 0x99, 0x99, 0x99, 0x99, 0x99, 0x9A, 0xAA, 0xAA, 0xAA, 0xAA, 0xAB, 0xBA, 
	0xAA, 0xAA, 0xAA, 0xAA, 0xAA, 0xAA, 0xAB, 0xBB, 0xBB, 0xBB, 0xBB, 0xBB, 0xBB, 0xBB, 0xBB, 
	0xBB, 0xBB, 0xBB, 0xBB, 0xBB, 0xBB, 0xBB, 0xAA, 0xAA, 0xAB, 0xAA, 0x98, 0x88, 0x74, 0x33, 
	0x33, 0x22, 0x22, 0x11, 0x11, 0x11, 0x23, 0x45, 0x66, 0x44, 0x54, 0x45, 0x43, 0x43, 0x33, 
	0x32, 0x23, 0x33, 0x33, 0x33, 0x22, 0x22, 0x23, 0x32, 0x33, 0x33, 0x44, 0x55, 0x54, 0x44, 
	0x44, 0x43, 0x44, 0x44, 0x44, 0x44, 0x44, 0x44, 0x44, 0x45, 0x55, 0x55, 0x55, 0x54, 0x44, 
	0x55, 0x55, 0x67, 0x88, 0x77, 0x78, 0x88, 0x99, 0x99, 0x99, 0x99, 0x99, 0x9A, 0xA9, 0xAA, 
	0xAA, 0xAA, 0xAA, 0xAA, 0xAA, 0xAA, 0xAA, 0xAA, 0x99, 0x87, 0x88, 0x76, 0x65, 0x65, 0x65, 
	0x56, 0x66, 0x56, 0x65, 0x66, 0x56, 0x66, 0x66, 0x65, 0x66, 0x55, 0x65, 0x66, 0x66, 0x66, 
	0x66, 0x66, 0x67, 0x76, 0x66, 0x65, 0x55, 0x54, 0x33, 0x33, 0x33, 0x33, 0x32, 0x23, 0x33, 
	0x33, 0x33, 0x33, 0x44, 0x43, 0x44, 0x44, 0x55, 0x55, 0x66, 0x66, 0x65, 0x55, 0x43, 0x22, 
	0x21, 0x10, 0x11, 0x11, 0x11, 0x24, 0x56, 0x78, 0x99, 0x99, 0x98, 0x65, 0x44, 0x55, 0x54, 
	0x8B, 0xBA, 0xAA, 0xA9, 0x86, 0x43, 0x32, 0x32, 0x22, 0x22, 0x22, 0x22, 0x22, 0x22, 0x22, 
	0x22, 0x22, 0x22, 0x22, 0x22, 0x11, 0x22, 0x22, 0x22, 0x33, 0x22, 0x33, 0x22, 0x22, 0x22, 
	0x12, 0x22, 0x23, 0x22, 0x22, 0x22, 0x22, 0x12, 0x22, 0x23, 0x22, 0x33, 0x33, 0x33, 0x23, 
	0x32, 0x33, 0x34, 0x43, 0x33, 0x33, 0x33, 0x23, 0x33, 0x33, 0x33, 0x33, 0x33, 0x34, 0x44, 
	0x44, 0x43, 0x33, 0x33, 0x33, 0x33, 0x33, 0x44, 0x44, 0x45, 0x55, 0x45, 0x55, 0x54, 0x23, 
	0x43, 0x33, 0x33, 0x33, 0x33, 0x56, 0x78, 0x88, 0x87, 0x66, 0x67, 0x66, 0x66, 0x55, 0x55, 
	0x55, 0x44, 0x56, 0x76, 0x57, 0xDE, 0xCB, 0x86, 0x67, 0x77, 0x87, 0x77, 0x76, 0x66, 0x60, 
	0x09, 0x99, 0xAA, 0xAA, 0xAA, 0xAA, 0xA9, 0x76, 0x66, 0x77, 0x77, 0x77, 0x88, 0x88, 0x99, 
	0x99, 0x99, 0x99, 0x99, 0x98, 0x99, 0x99, 0x99, 0x9A, 0xAA, 0xAA, 0xAA, 0xAA, 0xAB, 0xBA, 
	0xAA, 0xAA, 0xAA, 0xAA, 0xAA, 0xAA, 0xAB, 0xBB, 0xBB, 0xBB, 0xBB, 0xBB, 0xBB, 0xBB, 0xBB, 
	0xBB, 0xBB, 0xBB, 0xBB, 0xBB, 0xBB, 0xBB, 0xAA, 0xAA, 0xAA, 0xAA, 0x97, 0x77, 0x65, 0x44, 
	0x33, 0x21, 0x12, 0x11, 0x11, 0x11, 0x23, 0x45, 0x55, 0x65, 0x56, 0x65, 0x54, 0x44, 0x33, 
	0x32, 0x23, 0x32, 0x33, 0x33, 0x22, 0x33, 0x33, 0x33, 0x33, 0x33, 0x44, 0x55, 0x44, 0x44, 
	0x44, 0x34, 0x44, 0x44, 0x44, 0x44, 0x44, 0x44, 0x44, 0x45, 0x55, 0x55, 0x55, 0x44, 0x54, 
	0x44, 0x54, 0x57, 0x77, 0x77, 0x78, 0x88, 0x99, 0x99, 0x9A, 0xA9, 0x99, 0xAA, 0xA9, 0xAA, 
	0xAA, 0xA9, 0x9A, 0xAA, 0xAA, 0xAA, 0xAA, 0xAA, 0xA9, 0x77, 0x77, 0x76, 0x65, 0x55, 0x55, 
	0x55, 0x55, 0x56, 0x65, 0x56, 0x66, 0x66, 0x66, 0x65, 0x55, 0x55, 0x55, 0x55, 0x66, 0x66, 
	0x66, 0x66, 0x66, 0x66, 0x66, 0x66, 0x55, 0x44, 0x33, 0x33, 0x33, 0x33, 0x32, 0x23, 0x33, 
	0x33, 0x33, 0x33, 0x44, 0x43, 0x44, 0x44, 0x45, 0x55, 0x66, 0x66, 0x66, 0x55, 0x43, 0x22, 
	0x22, 0x22, 0x21, 0x11, 0x01, 0x12, 0x45, 0x78, 0x99, 0x99, 0x87, 0x54, 0x44, 0x55, 0x45, 
	0x9B, 0xAA, 0xAA, 0xA9, 0x87, 0x64, 0x33, 0x33, 0x32, 0x22, 0x22, 0x12, 0x22, 0x22, 0x22, 
	0x22, 0x22, 0x22, 0x21, 0x21, 0x11, 0x12, 0x22, 0x22, 0x22, 0x22, 0x32, 0x22, 0x22, 0x22, 
	0x22, 0x22, 0x22, 0x23, 0x22, 0x22, 0x11, 0x11, 0x22, 0x22, 0x22, 0x23, 0x33, 0x33, 0x33, 
	0x22, 0x33, 0x33, 0x33, 0x33, 0x33, 0x32, 0x23, 0x33, 0x33, 0x33, 0x33, 0x33, 0x34, 0x44, 
	0x44, 0x43, 0x33, 0x33, 0x33, 0x33, 0x44, 0x44, 0x44, 0x45, 0x55, 0x45, 0x56, 0x53, 0x23, 
	0x54, 0x33, 0x33, 0x33, 0x34, 0x56, 0x78, 0x88, 0x87, 0x77, 0x77, 0x77, 0x66, 0x55, 0x65, 
	0x54, 0x44, 0x45, 0x77, 0x7B, 0xFF, 0xFF, 0xD9, 0x77, 0x77, 0x77, 0x66, 0x66, 0x66, 0x60, 
	0x09, 0x99, 0xA9, 0x9A, 0xAA, 0xAA, 0xA9, 0x76, 0x66, 0x67, 0x77, 0x77, 0x88, 0x88, 0x99, 
	0x99, 0x99, 0x99, 0x99, 0x98, 0x99, 0x99, 0x99, 0x9A, 0xAA, 0xAA, 0xAA, 0xAA, 0xAA, 0xBA, 
	0xAA, 0xAA, 0xAA, 0xAA, 0xAA, 0xAA, 0xAB, 0xBB, 0xBB, 0xBB, 0xBB, 0xBB, 0xBB, 0xBB, 0xBB, 
	0xBB, 0xBB, 0xBB, 0xBB, 0xBB, 0xBB, 0xBB, 0xBA, 0xAA, 0xAB, 0xAA, 0x87, 0x66, 0x55, 0x54, 
	0x32, 0x22, 0x21, 0x11, 0x22, 0x34, 0x55, 0x54, 0x54, 0x55, 0x55, 0x55, 0x55, 0x55, 0x44, 
	0x43, 0x23, 0x32, 0x33, 0x33, 0x32, 0x33, 0x33, 0x33, 0x33, 0x34, 0x44, 0x55, 0x54, 0x44, 
	0x43, 0x34, 0x44, 0x44, 0x44, 0x44, 0x45, 0x44, 0x54, 0x44, 0x45, 0x44, 0x44, 0x34, 0x44, 
	0x44, 0x44, 0x56, 0x56, 0x77, 0x88, 0x88, 0x89, 0x99, 0x9A, 0xA9, 0x99, 0xAA, 0xAA, 0xAA, 
	0xAA, 0xA9, 0x99, 0x99, 0x9A, 0xAA, 0xAA, 0x99, 0x98, 0x87, 0x77, 0x66, 0x66, 0x54, 0x45, 
	0x55, 0x55, 0x55, 0x55, 0x56, 0x55, 0x56, 0x66, 0x55, 0x55, 0x55, 0x55, 0x55, 0x66, 0x66, 
	0x66, 0x66, 0x66, 0x55, 0x55, 0x55, 0x66, 0x54, 0x43, 0x33, 0x33, 0x32, 0x23, 0x32, 0x33, 
	0x33, 0x33, 0x33, 0x34, 0x44, 0x44, 0x44, 0x45, 0x55, 0x66, 0x66, 0x66, 0x65, 0x44, 0x33, 
	0x23, 0x22, 0x11, 0x11, 0x00, 0x12, 0x45, 0x68, 0x99, 0x98, 0x75, 0x44, 0x44, 0x54, 0x34, 
	0x9B, 0xA9, 0xAA, 0xA9, 0x87, 0x65, 0x43, 0x33, 0x22, 0x22, 0x22, 0x22, 0x22, 0x22, 0x22, 
	0x22, 0x22, 0x22, 0x21, 0x21, 0x11, 0x11, 0x22, 0x11, 0x12, 0x22, 0x22, 0x22, 0x22, 0x22, 
	0x21, 0x12, 0x12, 0x23, 0x22, 0x22, 0x11, 0x11, 0x22, 0x22, 0x22, 0x22, 0x32, 0x33, 0x32, 
	0x33, 0x33, 0x33, 0x33, 0x33, 0x32, 0x23, 0x23, 0x33, 0x33, 0x33, 0x33, 0x33, 0x34, 0x44, 
	0x44, 0x44, 0x33, 0x33, 0x33, 0x33, 0x33, 0x33, 0x44, 0x45, 0x55, 0x55, 0x56, 0x53, 0x23, 
	0x54, 0x43, 0x33, 0x33, 0x34, 0x66, 0x89, 0x88, 0x77, 0x66, 0x76, 0x77, 0x66, 0x56, 0x76, 
	0x55, 0x44, 0x45, 0x78, 0x9D, 0xFF, 0xFF, 0xFD, 0x87, 0x77, 0x77, 0x66, 0x66, 0x66, 0x60, 
	0x09, 0x99, 0x99, 0xAA, 0xAA, 0xAA, 0xA9, 0x86, 0x66, 0x66, 0x77, 0x77, 0x78, 0x88, 0x89, 
	0x99, 0x99, 0x99, 0x99, 0x98, 0x99, 0x99, 0x99, 0x99, 0xAA, 0xAA, 0xAA, 0xAA, 0xAA, 0xAA, 
	0xAA, 0xAB, 0xAA, 0xAA, 0xAA, 0xAA, 0xAB, 0xBB, 0xBB, 0xBB, 0xBB, 0xBB, 0xBB, 0xBB, 0xBB, 
	0xBB, 0xBB, 0xBB, 0xBB, 0xBB, 0xBB, 0xBB, 0xBA, 0xAA, 0xAB, 0xAA, 0x97, 0x75, 0x55, 0x44, 
	0x33, 0x32, 0x22, 0x22, 0x34, 0x66, 0x65, 0x44, 0x44, 0x55, 0x55, 0x44, 0x44, 0x45, 0x44, 
	0x54, 0x33, 0x32, 0x33, 0x33, 0x33, 0x22, 0x33, 0x33, 0x33, 0x44, 0x45, 0x55, 0x55, 0x44, 
	0x44, 0x33, 0x34, 0x45, 0x44, 0x44, 0x44, 0x44, 0x44, 0x44, 0x44, 0x44, 0x43, 0x23, 0x44, 
	0x45, 0x44, 0x45, 0x55, 0x77, 0x88, 0x77, 0x89, 0x99, 0x99, 0xA9, 0x99, 0xAA, 0xAA, 0x99, 
	0xAA, 0xAA, 0x9A, 0xA9, 0x99, 0x99, 0x99, 0x99, 0x98, 0x88, 0x77, 0x66, 0x66, 0x55, 0x54, 
	0x45, 0x44, 0x44, 0x45, 0x55, 0x65, 0x55, 0x55, 0x55, 0x55, 0x55, 0x55, 0x56, 0x56, 0x67, 
	0x66, 0x67, 0x66, 0x55, 0x55, 0x55, 0x55, 0x54, 0x33, 0x33, 0x33, 0x33, 0x32, 0x22, 0x33, 
	0x33, 0x33, 0x43, 0x34, 0x44, 0x44, 0x44, 0x55, 0x55, 0x66, 0x66, 0x67, 0x65, 0x54, 0x43, 
	0x33, 0x21, 0x00, 0x00, 0x01, 0x11, 0x33, 0x57, 0x88, 0x88, 0x65, 0x43, 0x34, 0x43, 0x35, 
	0xAB, 0xAA, 0xAA, 0x99, 0x88, 0x76, 0x54, 0x33, 0x22, 0x22, 0x22, 0x22, 0x22, 0x22, 0x22, 
	0x22, 0x22, 0x22, 0x22, 0x12, 0x11, 0x11, 0x22, 0x12, 0x22, 0x22, 0x22, 0x32, 0x22, 0x22, 
	0x11, 0x22, 0x22, 0x22, 0x22, 0x22, 0x22, 0x11, 0x12, 0x22, 0x22, 0x32, 0x32, 0x22, 0x23, 
	0x33, 0x33, 0x33, 0x33, 0x32, 0x22, 0x33, 0x33, 0x33, 0x33, 0x33, 0x33, 0x33, 0x33, 0x34, 
	0x44, 0x44, 0x33, 0x33, 0x33, 0x33, 0x33, 0x33, 0x34, 0x44, 0x55, 0x55, 0x56, 0x53, 0x23, 
	0x44, 0x43, 0x33, 0x34, 0x45, 0x66, 0x79, 0x87, 0x76, 0x66, 0x66, 0x67, 0x66, 0x66, 0x66, 
	0x65, 0x55, 0x55, 0x67, 0x8C, 0xFF, 0xFF, 0xFD, 0x87, 0x76, 0x66, 0x66, 0x55, 0x56, 0x60, 
	0x08, 0x99, 0x99, 0x9A, 0xAA, 0xAA, 0xA9, 0x86, 0x66, 0x66, 0x77, 0x77, 0x78, 0x88, 0x89, 
	0x99, 0x99, 0x99, 0x99, 0x98, 0x99, 0x99, 0x99, 0x99, 0xAA, 0xAA, 0xAA, 0xAA, 0xAA, 0xAA, 
	0xAA, 0xAB, 0xAA, 0xAA, 0xAA, 0xAA, 0xAB, 0xBB, 0xBB, 0xBB, 0xBB, 0xBB, 0xBB, 0xBB, 0xBB, 
	0xBB, 0xBB, 0xBB, 0xBB, 0xBB, 0xBB, 0xBB, 0xAA, 0xAB, 0xBB, 0xBA, 0x98, 0x86, 0x54, 0x44, 
	0x32, 0x22, 0x23, 0x33, 0x56, 0x65, 0x43, 0x33, 0x35, 0x55, 0x55, 0x43, 0x34, 0x34, 0x44, 
	0x44, 0x44, 0x33, 0x33, 0x32, 0x33, 0x22, 0x33, 0x33, 0x44, 0x44, 0x45, 0x54, 0x44, 0x44, 
	0x44, 0x33, 0x34, 0x44, 0x44, 0x44, 0x44, 0x44, 0x44, 0x44, 0x44, 0x33, 0x32, 0x23, 0x44, 
	0x44, 0x54, 0x45, 0x44, 0x67, 0x88, 0x88, 0x88, 0x99, 0x99, 0x99, 0x99, 0xAA, 0xA9, 0x99, 
	0xAA, 0xAA, 0xAA, 0xAA, 0x99, 0x99, 0x99, 0x99, 0x98, 0x87, 0x76, 0x66, 0x55, 0x66, 0x64, 
	0x43, 0x23, 0x33, 0x44, 0x55, 0x65, 0x55, 0x55, 0x55, 0x55, 0x65, 0x55, 0x55, 0x66, 0x66, 
	0x66, 0x67, 0x66, 0x65, 0x55, 0x55, 0x55, 0x54, 0x33, 0x33, 0x33, 0x32, 0x22, 0x22, 0x22, 
	0x23, 0x33, 0x33, 0x44, 0x44, 0x44, 0x44, 0x55, 0x55, 0x56, 0x66, 0x66, 0x65, 0x44, 0x32, 
	0x22, 0x12, 0x11, 0x10, 0x01, 0x11, 0x23, 0x47, 0x88, 0x77, 0x54, 0x33, 0x33, 0x34, 0x47, 
	0xBA, 0xAA, 0xAA, 0x99, 0x88, 0x77, 0x55, 0x43, 0x33, 0x22, 0x22, 0x22, 0x22, 0x22, 0x22, 
	0x22, 0x22, 0x22, 0x22, 0x11, 0x11, 0x11, 0x12, 0x12, 0x21, 0x22, 0x22, 0x22, 0x22, 0x22, 
	0x11, 0x22, 0x22, 0x22, 0x22, 0x22, 0x22, 0x11, 0x12, 0x12, 0x22, 0x22, 0x22, 0x21, 0x23, 
	0x33, 0x33, 0x33, 0x33, 0x32, 0x23, 0x33, 0x33, 0x33, 0x33, 0x33, 0x33, 0x33, 0x33, 0x44, 
	0x44, 0x44, 0x33, 0x33, 0x33, 0x33, 0x33, 0x33, 0x34, 0x44, 0x45, 0x55, 0x56, 0x43, 0x23, 
	0x44, 0x44, 0x33, 0x34, 0x45, 0x66, 0x78, 0x76, 0x66, 0x66, 0x66, 0x66, 0x56, 0x55, 0x56, 
	0x66, 0x55, 0x56, 0x77, 0x79, 0xBE, 0xFF, 0xEA, 0x77, 0x76, 0x65, 0x56, 0x65, 0x55, 0x60, 
	0x09, 0x99, 0x99, 0x9A, 0xAA, 0x9A, 0xA9, 0x86, 0x66, 0x66, 0x67, 0x77, 0x78, 0x88, 0x89, 
	0x99, 0x99, 0x99, 0x99, 0x98, 0x89, 0x99, 0x99, 0x9A, 0xAA, 0xAA, 0xAA, 0xAA, 0xAA, 0xAA, 
	0xAA, 0xAB, 0xAA, 0xAA, 0xAA, 0xAA, 0xAA, 0xBB, 0xBB, 0xBB, 0xBB, 0xBB, 0xBB, 0xBB, 0xBB, 
	0xBB, 0xBB, 0xBB, 0xBB, 0xBB, 0xBB, 0xCC, 0xCD, 0xDD, 0xCC, 0xBB, 0xA9, 0x96, 0x54, 0x33, 
	0x32, 0x22, 0x33, 0x45, 0x55, 0x54, 0x33, 0x33, 0x44, 0x55, 0x43, 0x43, 0x33, 0x33, 0x44, 
	0x43, 0x34, 0x44, 0x43, 0x33, 0x33, 0x33, 0x33, 0x33, 0x34, 0x33, 0x45, 0x55, 0x54, 0x44, 
	0x33, 0x34, 0x44, 0x44, 0x44, 0x44, 0x44, 0x44, 0x44, 0x44, 0x33, 0x32, 0x22, 0x33, 0x34, 
	0x44, 0x44, 0x55, 0x44, 0x67, 0x88, 0x88, 0x88, 0x99, 0x99, 0x99, 0x99, 0x99, 0xAA, 0x99, 
	0x9A, 0xAA, 0xAA, 0xAA, 0xA9, 0x99, 0x99, 0x99, 0x98, 0x77, 0x76, 0x65, 0x56, 0x55, 0x64, 
	0x43, 0x22, 0x32, 0x34, 0x44, 0x55, 0x55, 0x55, 0x55, 0x55, 0x55, 0x55, 0x55, 0x56, 0x66, 
	0x66, 0x66, 0x66, 0x65, 0x55, 0x55, 0x55, 0x54, 0x43, 0x33, 0x33, 0x32, 0x33, 0x32, 0x33, 
	0x33, 0x33, 0x33, 0x44, 0x44, 0x44, 0x44, 0x55, 0x55, 0x56, 0x66, 0x66, 0x66, 0x44, 0x32, 
	0x21, 0x12, 0x22, 0x11, 0x01, 0x11, 0x22, 0x35, 0x67, 0x65, 0x43, 0x33, 0x34, 0x56, 0x68, 
	0xBA, 0xA9, 0xAA, 0x99, 0x99, 0x77, 0x66, 0x54, 0x33, 0x22, 0x22, 0x22, 0x32, 0x22, 0x22, 
	0x22, 0x22, 0x22, 0x22, 0x22, 0x11, 0x11, 0x22, 0x22, 0x11, 0x12, 0x22, 0x22, 0x32, 0x22, 
	0x21, 0x12, 0x11, 0x22, 0x22, 0x22, 0x22, 0x11, 0x11, 0x11, 0x22, 0x23, 0x21, 0x22, 0x23, 
	0x33, 0x33, 0x23, 0x33, 0x22, 0x22, 0x23, 0x33, 0x33, 0x33, 0x33, 0x33, 0x33, 0x34, 0x44, 
	0x44, 0x44, 0x33, 0x33, 0x33, 0x33, 0x33, 0x33, 0x44, 0x44, 0x45, 0x55, 0x56, 0x43, 0x23, 
	0x33, 0x44, 0x34, 0x44, 0x56, 0x66, 0x77, 0x77, 0x66, 0x65, 0x55, 0x55, 0x55, 0x55, 0x67, 
	0x76, 0x57, 0x76, 0x66, 0x67, 0x78, 0xAA, 0x87, 0x87, 0x77, 0x66, 0x55, 0x66, 0x66, 0x60, 
	0x08, 0x99, 0x99, 0x99, 0x9A, 0xAA, 0xAA, 0x96, 0x66, 0x66, 0x67, 0x77, 0x77, 0x88, 0x89, 
	0x99, 0x99, 0x99, 0x99, 0x98, 0x89, 0x99, 0x99, 0x99, 0xAA, 0xAA, 0xAA, 0xAA, 0xAA, 0xBA, 
	0xAA, 0xAA, 0xAA, 0xAA, 0xAA, 0xAA, 0xAA, 0xBB, 0xBB, 0xBB, 0xBB, 0xBB, 0xBB, 0xBB, 0xBB, 
	0xBB, 0xBB, 0xBB, 0xBB, 0xCC, 0xBB, 0xCC, 0xDF, 0xFF, 0xFD, 0xBC, 0xA9, 0x85, 0x44, 0x32, 
	0x22, 0x33, 0x44, 0x45, 0x55, 0x43, 0x33, 0x34, 0x44, 0x44, 0x33, 0x33, 0x33, 0x33, 0x34, 
	0x43, 0x33, 0x33, 0x44, 0x43, 0x34, 0x33, 0x33, 0x33, 0x33, 0x33, 0x45, 0x55, 0x44, 0x44, 
	0x33, 0x43, 0x44, 0x44, 0x44, 0x44, 0x44, 0x44, 0x44, 0x43, 0x33, 0x22, 0x33, 0x33, 0x43, 
	0x33, 0x44, 0x54, 0x45, 0x67, 0x78, 0x88, 0x88, 0x88, 0x89, 0x98, 0x99, 0x99, 0xA9, 0x99, 
	0xA9, 0x99, 0x9A, 0xAA, 0xA9, 0x99, 0x99, 0x98, 0x88, 0x76, 0x76, 0x65, 0x56, 0x54, 0x45, 
	0x43, 0x32, 0x33, 0x34, 0x44, 0x44, 0x44, 0x44, 0x55, 0x55, 0x55, 0x55, 0x55, 0x54, 0x56, 
	0x66, 0x65, 0x55, 0x66, 0x55, 0x56, 0x55, 0x44, 0x33, 0x33, 0x33, 0x33, 0x23, 0x33, 0x33, 
	0x33, 0x33, 0x43, 0x44, 0x44, 0x44, 0x44, 0x55, 0x55, 0x66, 0x66, 0x66, 0x67, 0x65, 0x43, 
	0x22, 0x12, 0x11, 0x11, 0x10, 0x11, 0x11, 0x23, 0x45, 0x54, 0x33, 0x33, 0x36, 0x77, 0x78, 
	0xBA, 0x99, 0x99, 0x99, 0x98, 0x77, 0x76, 0x55, 0x43, 0x32, 0x22, 0x22, 0x22, 0x22, 0x22, 
	0x22, 0x22, 0x22, 0x12, 0x21, 0x11, 0x10, 0x12, 0x22, 0x11, 0x12, 0x12, 0x22, 0x22, 0x22, 
	0x21, 0x12, 0x21, 0x22, 0x22, 0x22, 0x22, 0x11, 0x11, 0x11, 0x12, 0x12, 0x22, 0x22, 0x22, 
	0x33, 0x33, 0x33, 0x33, 0x22, 0x22, 0x22, 0x23, 0x33, 0x33, 0x33, 0x33, 0x43, 0x33, 0x44, 
	0x44, 0x43, 0x33, 0x33, 0x33, 0x33, 0x33, 0x33, 0x34, 0x44, 0x45, 0x55, 0x46, 0x31, 0x22, 
	0x33, 0x44, 0x44, 0x44, 0x56, 0x66, 0x77, 0x76, 0x66, 0x55, 0x54, 0x55, 0x55, 0x66, 0x77, 
	0x77, 0x78, 0x88, 0x65, 0x56, 0x76, 0x55, 0x66, 0x77, 0x78, 0x87, 0x65, 0x55, 0x66, 0x60, 
	0x08, 0x99, 0x99, 0x99, 0x9A, 0xAA, 0xAA, 0x97, 0x66, 0x66, 0x67, 0x77, 0x77, 0x78, 0x89, 
	0x99, 0x99, 0x99, 0x99, 0x98, 0x89, 0x99, 0x99, 0x99, 0xAA, 0xAA, 0xAA, 0xAA, 0xAA, 0xAA, 
	0xAA, 0xAB, 0xAA, 0xAA, 0xAA, 0xAA, 0xAA, 0xBB, 0xBB, 0xBB, 0xBB, 0xBB, 0xBB, 0xBB, 0xBB, 
	0xBB, 0xBB, 0xBB, 0xBB, 0xBB, 0xCC, 0xCC, 0xDF, 0xFF, 0xFD, 0xCB, 0x97, 0x54, 0x33, 0x22, 
	0x34, 0x44, 0x43, 0x45, 0x54, 0x43, 0x33, 0x44, 0x44, 0x33, 0x32, 0x22, 0x23, 0x33, 0x33, 
	0x33, 0x33, 0x33, 0x34, 0x44, 0x44, 0x33, 0x43, 0x33, 0x33, 0x33, 0x45, 0x54, 0x54, 0x44, 
	0x33, 0x33, 0x44, 0x44, 0x44, 0x44, 0x44, 0x33, 0x33, 0x33, 0x33, 0x33, 0x44, 0x44, 0x44, 
	0x33, 0x44, 0x44, 0x56, 0x67, 0x78, 0x88, 0x88, 0x88, 0x88, 0x88, 0x99, 0x99, 0x99, 0x9A, 
	0xA9, 0x99, 0x99, 0x99, 0xA9, 0x99, 0x99, 0x98, 0x88, 0x76, 0x66, 0x65, 0x56, 0x55, 0x45, 
	0x54, 0x44, 0x33, 0x44, 0x44, 0x44, 0x44, 0x55, 0x55, 0x55, 0x55, 0x55, 0x55, 0x54, 0x44, 
	0x55, 0x65, 0x56, 0x66, 0x55, 0x55, 0x55, 0x44, 0x33, 0x33, 0x44, 0x33, 0x33, 0x33, 0x32, 
	0x33, 0x33, 0x33, 0x44, 0x44, 0x44, 0x44, 0x55, 0x55, 0x56, 0x66, 0x66, 0x77, 0x65, 0x54, 
	0x32, 0x22, 0x11, 0x10, 0x00, 0x01, 0x11, 0x12, 0x35, 0x44, 0x33, 0x34, 0x67, 0x76, 0x69, 
	0xBA, 0x99, 0x99, 0x99, 0x88, 0x88, 0x77, 0x65, 0x54, 0x43, 0x22, 0x32, 0x22, 0x32, 0x22, 
	0x22, 0x22, 0x22, 0x22, 0x21, 0x21, 0x11, 0x11, 0x22, 0x11, 0x11, 0x22, 0x22, 0x22, 0x22, 
	0x22, 0x12, 0x22, 0x22, 0x22, 0x22, 0x22, 0x21, 0x11, 0x11, 0x11, 0x11, 0x22, 0x22, 0x22, 
	0x32, 0x23, 0x33, 0x32, 0x22, 0x22, 0x22, 0x32, 0x33, 0x33, 0x33, 0x33, 0x33, 0x33, 0x34, 
	0x44, 0x44, 0x33, 0x33, 0x33, 0x33, 0x33, 0x33, 0x33, 0x44, 0x45, 0x55, 0x56, 0x32, 0x23, 
	0x32, 0x44, 0x44, 0x55, 0x65, 0x66, 0x66, 0x66, 0x65, 0x55, 0x54, 0x56, 0x56, 0x67, 0x77, 
	0x88, 0x88, 0x88, 0x76, 0x56, 0x76, 0x55, 0x46, 0x77, 0x78, 0x87, 0x65, 0x45, 0x66, 0x70, 
	0x08, 0x89, 0x99, 0x99, 0x99, 0x9A, 0x9A, 0x97, 0x66, 0x66, 0x67, 0x77, 0x77, 0x78, 0x89, 
	0x99, 0x99, 0x99, 0x99, 0x98, 0x88, 0x99, 0x99, 0x99, 0xAA, 0xAA, 0xAA, 0xAA, 0xAA, 0xAA, 
	0xAA, 0xAB, 0xAA, 0xAA, 0xAA, 0xAA, 0xAA, 0xBB, 0xBB, 0xBB, 0xBB, 0xBB, 0xBB, 0xBB, 0xBB, 
	0xBB, 0xBB, 0xBB, 0xBB, 0xBB, 0xBB, 0xBC, 0xDE, 0xFF, 0xFD, 0xBA, 0x76, 0x43, 0x33, 0x23, 
	0x44, 0x44, 0x33, 0x34, 0x33, 0x34, 0x45, 0x55, 0x54, 0x33, 0x22, 0x22, 0x22, 0x32, 0x22, 
	0x33, 0x33, 0x33, 0x33, 0x44, 0x44, 0x43, 0x33, 0x33, 0x33, 0x34, 0x45, 0x54, 0x54, 0x44, 
	0x43, 0x34, 0x33, 0x44, 0x45, 0x44, 0x44, 0x33, 0x33, 0x33, 0x33, 0x44, 0x44, 0x44, 0x44, 
	0x33, 0x33, 0x45, 0x66, 0x77, 0x78, 0x88, 0x88, 0x88, 0x88, 0x88, 0x99, 0x99, 0x99, 0x9A, 
	0xA9, 0x99, 0x99, 0x99, 0x99, 0x99, 0x99, 0x87, 0x88, 0x77, 0x66, 0x65, 0x56, 0x55, 0x34, 
	0x55, 0x55, 0x44, 0x45, 0x45, 0x54, 0x44, 0x45, 0x55, 0x55, 0x55, 0x56, 0x66, 0x65, 0x55, 
	0x45, 0x55, 0x66, 0x66, 0x55, 0x55, 0x65, 0x54, 0x33, 0x33, 0x33, 0x33, 0x33, 0x33, 0x22, 
	0x33, 0x33, 0x33, 0x44, 0x44, 0x44, 0x44, 0x44, 0x55, 0x55, 0x66, 0x66, 0x66, 0x66, 0x54, 
	0x43, 0x21, 0x11, 0x11, 0x00, 0x01, 0x11, 0x01, 0x34, 0x33, 0x33, 0x36, 0x77, 0x76, 0x6A, 
	0xBA, 0x9A, 0xA9, 0x99, 0x88, 0x87, 0x77, 0x66, 0x55, 0x43, 0x33, 0x22, 0x22, 0x22, 0x22, 
	0x22, 0x22, 0x12, 0x22, 0x21, 0x11, 0x11, 0x11, 0x22, 0x12, 0x11, 0x22, 0x22, 0x22, 0x22, 
	0x22, 0x11, 0x12, 0x21, 0x22, 0x22, 0x21, 0x21, 0x11, 0x11, 0x11, 0x11, 0x22, 0x22, 0x23, 
	0x32, 0x23, 0x33, 0x32, 0x22, 0x22, 0x22, 0x33, 0x33, 0x33, 0x33, 0x33, 0x33, 0x33, 0x33, 
	0x44, 0x44, 0x33, 0x33, 0x33, 0x33, 0x33, 0x33, 0x33, 0x44, 0x44, 0x55, 0x56, 0x31, 0x13, 
	0x32, 0x43, 0x55, 0x67, 0x65, 0x66, 0x67, 0x65, 0x55, 0x55, 0x55, 0x56, 0x66, 0x67, 0x77, 
	0x88, 0x76, 0x66, 0x77, 0x67, 0x88, 0x76, 0x56, 0x76, 0x67, 0x77, 0x76, 0x55, 0x66, 0x70, 
	0x08, 0x89, 0x99, 0x99, 0x99, 0x99, 0x9A, 0x97, 0x66, 0x66, 0x67, 0x77, 0x77, 0x78, 0x88, 
	0x99, 0x99, 0x99, 0x99, 0x98, 0x88, 0x99, 0x99, 0x99, 0xAA, 0xAA, 0xAA, 0xAA, 0xAA, 0xAA, 
	0xAA, 0xAA, 0xAA, 0xAA, 0xAA, 0xAA, 0xAA, 0xBB, 0xBB, 0xBB, 0xBB, 0xBB, 0xBB, 0xBB, 0xBB, 
	0xBB, 0xBB, 0xBB, 0xBB, 0xBB, 0xBB, 0xBB, 0xCE, 0xFF, 0xFD, 0xA7, 0x65, 0x43, 0x33, 0x34, 
	0x44, 0x33, 0x33, 0x44, 0x44, 0x56, 0x66, 0x66, 0x55, 0x43, 0x33, 0x22, 0x32, 0x22, 0x22, 
	0x22, 0x22, 0x22, 0x23, 0x34, 0x34, 0x44, 0x34, 0x43, 0x33, 0x34, 0x45, 0x54, 0x44, 0x44, 
	0x33, 0x33, 0x33, 0x44, 0x44, 0x44, 0x44, 0x33, 0x33, 0x33, 0x44, 0x44, 0x44, 0x44, 0x44, 
	0x33, 0x34, 0x45, 0x66, 0x77, 0x77, 0x88, 0x88, 0x88, 0x88, 0x89, 0x99, 0x99, 0x99, 0x9A, 
	0x99, 0x99, 0x99, 0x99, 0x99, 0x99, 0x99, 0x88, 0x88, 0x77, 0x66, 0x65, 0x55, 0x54, 0x34, 
	0x55, 0x55, 0x55, 0x55, 0x55, 0x54, 0x55, 0x44, 0x44, 0x55, 0x56, 0x66, 0x66, 0x66, 0x55, 
	0x55, 0x55, 0x66, 0x66, 0x55, 0x55, 0x55, 0x54, 0x33, 0x33, 0x33, 0x33, 0x33, 0x33, 0x22, 
	0x33, 0x33, 0x43, 0x44, 0x44, 0x44, 0x44, 0x44, 0x44, 0x55, 0x66, 0x66, 0x66, 0x66, 0x65, 
	0x43, 0x32, 0x11, 0x11, 0x01, 0x00, 0x00, 0x11, 0x23, 0x32, 0x23, 0x46, 0x66, 0x66, 0x6A, 
	0xBA, 0xAA, 0xA9, 0x88, 0x88, 0x87, 0x77, 0x76, 0x65, 0x44, 0x43, 0x22, 0x22, 0x22, 0x22, 
	0x22, 0x22, 0x22, 0x12, 0x21, 0x11, 0x11, 0x11, 0x22, 0x12, 0x11, 0x11, 0x22, 0x22, 0x22, 
	0x21, 0x11, 0x12, 0x22, 0x22, 0x22, 0x22, 0x21, 0x11, 0x11, 0x11, 0x11, 0x22, 0x11, 0x22, 
	0x33, 0x33, 0x33, 0x22, 0x22, 0x22, 0x22, 0x23, 0x33, 0x33, 0x33, 0x33, 0x33, 0x33, 0x34, 
	0x44, 0x44, 0x33, 0x33, 0x33, 0x33, 0x33, 0x33, 0x33, 0x44, 0x44, 0x55, 0x55, 0x31, 0x13, 
	0x22, 0x33, 0x47, 0x78, 0x76, 0x66, 0x77, 0x66, 0x66, 0x55, 0x55, 0x69, 0x98, 0x67, 0x88, 
	0x77, 0x64, 0x34, 0x57, 0x78, 0x88, 0x87, 0x75, 0x56, 0x66, 0x67, 0x76, 0x55, 0x66, 0x70, 
	0x08, 0x89, 0x99, 0x99, 0x99, 0x9A, 0x9A, 0x97, 0x66, 0x66, 0x66, 0x77, 0x77, 0x78, 0x88, 
	0x99, 0x99, 0x99, 0x99, 0x99, 0x89, 0x99, 0x99, 0x99, 0xAA, 0xAA, 0xAA, 0xAA, 0xAA, 0xAA, 
	0xAA, 0xAA, 0xAA, 0xAA, 0xAA, 0xAA, 0xAA, 0xBB, 0xBB, 0xBB, 0xBB, 0xBB, 0xBB, 0xBB, 0xBB, 
	0xBB, 0xBB, 0xBB, 0xBB, 0xBB, 0xBA, 0xBB, 0xCD, 0xEE, 0xFD, 0xA6, 0x44, 0x33, 0x44, 0x44, 
	0x44, 0x32, 0x24, 0x55, 0x55, 0x67, 0x66, 0x66, 0x55, 0x44, 0x43, 0x32, 0x22, 0x21, 0x22, 
	0x22, 0x22, 0x22, 0x23, 0x33, 0x33, 0x34, 0x44, 0x43, 0x33, 0x34, 0x45, 0x54, 0x44, 0x44, 
	0x43, 0x33, 0x33, 0x44, 0x44, 0x44, 0x43, 0x33, 0x33, 0x34, 0x44, 0x44, 0x44, 0x44, 0x44, 
	0x44, 0x44, 0x45, 0x66, 0x67, 0x77, 0x78, 0x89, 0x88, 0x88, 0x89, 0x99, 0x99, 0x99, 0x99, 
	0x99, 0x99, 0x99, 0x99, 0x99, 0x99, 0x88, 0x98, 0x87, 0x77, 0x66, 0x65, 0x44, 0x54, 0x44, 
	0x55, 0x55, 0x55, 0x55, 0x55, 0x55, 0x55, 0x54, 0x44, 0x55, 0x55, 0x66, 0x66, 0x66, 0x65, 
	0x55, 0x55, 0x56, 0x55, 0x55, 0x54, 0x55, 0x44, 0x33, 0x33, 0x33, 0x33, 0x33, 0x22, 0x22, 
	0x22, 0x33, 0x33, 0x34, 0x44, 0x44, 0x44, 0x44, 0x55, 0x55, 0x66, 0x66, 0x67, 0x76, 0x65, 
	0x43, 0x32, 0x21, 0x10, 0x00, 0x00, 0x11, 0x11, 0x12, 0x32, 0x23, 0x56, 0x76, 0x65, 0x7A, 
	0xAA, 0xAA, 0x98, 0x77, 0x77, 0x87, 0x77, 0x76, 0x65, 0x55, 0x44, 0x33, 0x22, 0x22, 0x22, 
	0x22, 0x22, 0x22, 0x22, 0x22, 0x21, 0x11, 0x11, 0x12, 0x21, 0x11, 0x11, 0x22, 0x22, 0x22, 
	0x11, 0x12, 0x21, 0x12, 0x22, 0x22, 0x22, 0x22, 0x11, 0x11, 0x01, 0x11, 0x22, 0x12, 0x22, 
	0x22, 0x33, 0x33, 0x22, 0x22, 0x22, 0x22, 0x22, 0x33, 0x33, 0x33, 0x33, 0x33, 0x33, 0x34, 
	0x44, 0x44, 0x33, 0x33, 0x33, 0x32, 0x22, 0x33, 0x33, 0x34, 0x44, 0x55, 0x55, 0x31, 0x13, 
	0x23, 0x32, 0x48, 0x87, 0x77, 0x76, 0x76, 0x76, 0x55, 0x55, 0x56, 0xAD, 0xDA, 0x68, 0x88, 
	0x76, 0x54, 0x34, 0x35, 0x77, 0x77, 0x77, 0x65, 0x46, 0x66, 0x56, 0x66, 0x66, 0x66, 0x70, 
	0x08, 0x89, 0x99, 0x99, 0x99, 0x9A, 0x99, 0x98, 0x66, 0x66, 0x66, 0x77, 0x77, 0x78, 0x88, 
	0x99, 0x99, 0x99, 0x99, 0x99, 0x89, 0x99, 0x99, 0x99, 0x9A, 0xAA, 0xAA, 0xAA, 0xAA, 0xAA, 
	0xAA, 0xAA, 0xAA, 0xAA, 0xAA, 0xAA, 0xAA, 0xBB, 0xBB, 0xBB, 0xBB, 0xBB, 0xBB, 0xBB, 0xBB, 
	0xBB, 0xBB, 0xBB, 0xBB, 0xBB, 0xA9, 0xAB, 0xCD, 0xDD, 0xDC, 0x96, 0x43, 0x34, 0x54, 0x43, 
	0x33, 0x33, 0x45, 0x56, 0x66, 0x66, 0x55, 0x55, 0x44, 0x43, 0x33, 0x33, 0x22, 0x22, 0x22, 
	0x11, 0x22, 0x22, 0x22, 0x22, 0x33, 0x33, 0x43, 0x44, 0x43, 0x34, 0x45, 0x54, 0x44, 0x43, 
	0x33, 0x33, 0x22, 0x34, 0x44, 0x44, 0x44, 0x44, 0x33, 0x34, 0x44, 0x54, 0x44, 0x43, 0x44, 
	0x44, 0x44, 0x46, 0x66, 0x67, 0x77, 0x78, 0x88, 0x88, 0x88, 0x89, 0x99, 0x99, 0x99, 0x99, 
	0x99, 0x99, 0x99, 0x99, 0x99, 0x98, 0x89, 0x98, 0x87, 0x76, 0x66, 0x65, 0x44, 0x45, 0x53, 
	0x44, 0x55, 0x55, 0x65, 0x55, 0x55, 0x44, 0x55, 0x55, 0x55, 0x55, 0x66, 0x66, 0x66, 0x66, 
	0x65, 0x56, 0x55, 0x55, 0x66, 0x55, 0x44, 0x44, 0x33, 0x33, 0x33, 0x33, 0x33, 0x32, 0x23, 
	0x32, 0x33, 0x33, 0x44, 0x44, 0x44, 0x44, 0x44, 0x55, 0x55, 0x66, 0x66, 0x67, 0x76, 0x65, 
	0x54, 0x43, 0x22, 0x11, 0x01, 0x00, 0x00, 0x01, 0x12, 0x32, 0x24, 0x66, 0x76, 0x65, 0x8A, 
	0xAA, 0xA9, 0x87, 0x77, 0x77, 0x77, 0x77, 0x76, 0x66, 0x65, 0x55, 0x43, 0x32, 0x22, 0x22, 
	0x22, 0x22, 0x22, 0x22, 0x22, 0x22, 0x11, 0x11, 0x12, 0x21, 0x11, 0x11, 0x12, 0x22, 0x22, 
	0x21, 0x12, 0x21, 0x22, 0x22, 0x22, 0x22, 0x22, 0x11, 0x01, 0x11, 0x12, 0x22, 0x22, 0x33, 
	0x22, 0x23, 0x33, 0x33, 0x22, 0x22, 0x22, 0x32, 0x33, 0x33, 0x33, 0x33, 0x33, 0x33, 0x33, 
	0x44, 0x44, 0x33, 0x33, 0x33, 0x23, 0x32, 0x23, 0x33, 0x44, 0x44, 0x45, 0x56, 0x31, 0x23, 
	0x23, 0x22, 0x38, 0x87, 0x87, 0x77, 0x77, 0x66, 0x87, 0x55, 0x57, 0xDD, 0xD9, 0x66, 0x77, 
	0x64, 0x44, 0x43, 0x34, 0x67, 0x66, 0x67, 0x65, 0x56, 0x66, 0x55, 0x56, 0x67, 0x76, 0x60, 
	0x08, 0x89, 0x99, 0x99, 0x99, 0x99, 0x99, 0x98, 0x66, 0x66, 0x66, 0x77, 0x77, 0x77, 0x88, 
	0x99, 0x99, 0x99, 0x99, 0x99, 0x88, 0x99, 0x99, 0x99, 0x99, 0xAA, 0xAA, 0xAA, 0xAA, 0xAA, 
	0xAA, 0xAA, 0xAA, 0xAA, 0xAA, 0xAA, 0xAA, 0xBB, 0xBB, 0xBB, 0xBB, 0xBB, 0xBB, 0xBB, 0xBB, 
	0xBB, 0xBB, 0xBB, 0xBB, 0xBB, 0xA9, 0x9A, 0xBC, 0xDD, 0xDC, 0xA7, 0x54, 0x45, 0x44, 0x43, 
	0x33, 0x34, 0x55, 0x56, 0x66, 0x55, 0x54, 0x44, 0x44, 0x43, 0x33, 0x33, 0x32, 0x22, 0x22, 
	0x11, 0x22, 0x21, 0x12, 0x22, 0x22, 0x22, 0x33, 0x45, 0x44, 0x44, 0x45, 0x54, 0x44, 0x43, 
	0x33, 0x33, 0x23, 0x34, 0x44, 0x44, 0x44, 0x44, 0x44, 0x44, 0x44, 0x44, 0x44, 0x33, 0x45, 
	0x44, 0x44, 0x56, 0x56, 0x67, 0x77, 0x78, 0x88, 0x88, 0x88, 0x99, 0x99, 0x99, 0x99, 0xA9, 
	0x99, 0x99, 0x99, 0x99, 0x99, 0x99, 0x99, 0x98, 0x88, 0x76, 0x66, 0x65, 0x44, 0x45, 0x53, 
	0x33, 0x44, 0x45, 0x55, 0x54, 0x55, 0x44, 0x55, 0x55, 0x56, 0x56, 0x66, 0x66, 0x66, 0x66, 
	0x66, 0x65, 0x66, 0x66, 0x66, 0x66, 0x54, 0x43, 0x33, 0x33, 0x43, 0x34, 0x33, 0x32, 0x23, 
	0x33, 0x33, 0x34, 0x44, 0x44, 0x44, 0x44, 0x44, 0x45, 0x55, 0x56, 0x66, 0x66, 0x66, 0x65, 
	0x44, 0x33, 0x21, 0x10, 0x11, 0x10, 0x00, 0x01, 0x01, 0x11, 0x24, 0x66, 0x76, 0x66, 0x9B, 
	0xAA, 0xA9, 0x87, 0x77, 0x76, 0x77, 0x77, 0x77, 0x66, 0x65, 0x55, 0x54, 0x43, 0x23, 0x32, 
	0x22, 0x22, 0x22, 0x22, 0x22, 0x21, 0x11, 0x11, 0x12, 0x22, 0x12, 0x11, 0x11, 0x22, 0x22, 
	0x21, 0x12, 0x11, 0x22, 0x21, 0x22, 0x22, 0x11, 0x11, 0x01, 0x11, 0x22, 0x11, 0x12, 0x22, 
	0x22, 0x23, 0x33, 0x22, 0x21, 0x22, 0x22, 0x32, 0x33, 0x33, 0x33, 0x32, 0x33, 0x33, 0x33, 
	0x44, 0x44, 0x33, 0x33, 0x32, 0x33, 0x33, 0x33, 0x33, 0x33, 0x44, 0x45, 0x56, 0x41, 0x33, 
	0x23, 0x22, 0x37, 0x88, 0x87, 0x77, 0x77, 0x67, 0xCB, 0x65, 0x58, 0xDD, 0xC8, 0x67, 0x89, 
	0xA7, 0x53, 0x44, 0x44, 0x67, 0x66, 0x66, 0x55, 0x56, 0x65, 0x55, 0x56, 0x67, 0x77, 0x80, 
	0x08, 0x88, 0x99, 0x99, 0x99, 0x99, 0x99, 0x98, 0x66, 0x66, 0x67, 0x77, 0x77, 0x77, 0x88, 
	0x99, 0x99, 0x99, 0x99, 0x99, 0x88, 0x99, 0x99, 0x99, 0x9A, 0xAA, 0xAA, 0xAA, 0xAA, 0xAA, 
	0xAA, 0xAA, 0xAA, 0xAA, 0xAA, 0xAA, 0xAA, 0xAB, 0xBB, 0xBB, 0xBB, 0xBB, 0xBB, 0xBB, 0xBB, 
	0xBB, 0xBB, 0xBB, 0xBB, 0xBB, 0xA8, 0x88, 0xAA, 0xBC, 0xBB, 0xA8, 0x54, 0x55, 0x43, 0x33, 
	0x44, 0x55, 0x55, 0x65, 0x55, 0x44, 0x44, 0x44, 0x34, 0x33, 0x33, 0x33, 0x32, 0x22, 0x12, 
	0x11, 0x22, 0x11, 0x12, 0x22, 0x21, 0x22, 0x33, 0x34, 0x44, 0x44, 0x45, 0x54, 0x44, 0x33, 
	0x33, 0x22, 0x22, 0x34, 0x44, 0x44, 0x44, 0x44, 0x44, 0x43, 0x43, 0x43, 0x33, 0x34, 0x44, 
	0x44, 0x54, 0x44, 0x55, 0x67, 0x77, 0x78, 0x88, 0x88, 0x88, 0x99, 0x99, 0x99, 0x99, 0x99, 
	0x99, 0x99, 0x99, 0x99, 0x99, 0x99, 0x99, 0x99, 0x87, 0x66, 0x67, 0x64, 0x54, 0x55, 0x54, 
	0x22, 0x44, 0x44, 0x55, 0x44, 0x45, 0x54, 0x55, 0x55, 0x56, 0x66, 0x66, 0x55, 0x56, 0x65, 
	0x66, 0x66, 0x66, 0x66, 0x66, 0x65, 0x55, 0x43, 0x33, 0x43, 0x33, 0x33, 0x33, 0x33, 0x33, 
	0x33, 0x33, 0x33, 0x34, 0x44, 0x44, 0x44, 0x44, 0x45, 0x55, 0x55, 0x66, 0x66, 0x66, 0x66, 
	0x54, 0x33, 0x22, 0x10, 0x00, 0x10, 0x11, 0x00, 0x01, 0x11, 0x35, 0x66, 0x66, 0x55, 0x9A, 
	0xAA, 0x98, 0x77, 0x66, 0x66, 0x67, 0x66, 0x77, 0x66, 0x66, 0x65, 0x55, 0x54, 0x43, 0x22, 
	0x22, 0x22, 0x22, 0x22, 0x12, 0x22, 0x11, 0x11, 0x11, 0x22, 0x12, 0x21, 0x11, 0x22, 0x11, 
	0x11, 0x12, 0x11, 0x11, 0x22, 0x22, 0x21, 0x11, 0x21, 0x10, 0x11, 0x22, 0x11, 0x22, 0x21, 
	0x22, 0x33, 0x32, 0x22, 0x12, 0x22, 0x22, 0x22, 0x33, 0x33, 0x33, 0x32, 0x33, 0x33, 0x33, 
	0x44, 0x44, 0x43, 0x33, 0x33, 0x32, 0x23, 0x33, 0x33, 0x33, 0x44, 0x45, 0x55, 0x42, 0x33, 
	0x23, 0x22, 0x26, 0x88, 0x87, 0x77, 0x77, 0x79, 0xBB, 0x64, 0x5A, 0xBC, 0xBA, 0xCD, 0xCC, 
	0xA8, 0x54, 0x34, 0x35, 0x77, 0x77, 0x76, 0x55, 0x66, 0x65, 0x55, 0x66, 0x67, 0x67, 0x80, 
	0x08, 0x88, 0x99, 0x99, 0x99, 0x99, 0x9A, 0x98, 0x66, 0x66, 0x66, 0x77, 0x77, 0x78, 0x88, 
	0x99, 0x99, 0x99, 0x99, 0x99, 0x88, 0x89, 0x99, 0x99, 0x99, 0xAA, 0xAA, 0xAA, 0xAA, 0xAA, 
	0xAA, 0xAA, 0xBA, 0xAA, 0xAA, 0xAA, 0xAA, 0xAB, 0xBB, 0xBB, 0xBB, 0xBA, 0xAB, 0xBB, 0xBB, 
	0xBB, 0xBB, 0xBB, 0xBB, 0xBB, 0xB9, 0x98, 0x99, 0x9A, 0xA9, 0x87, 0x65, 0x44, 0x33, 0x45, 
	0x54, 0x55, 0x55, 0x55, 0x54, 0x43, 0x33, 0x33, 0x33, 0x33, 0x33, 0x33, 0x33, 0x22, 0x22, 
	0x12, 0x21, 0x11, 0x11, 0x11, 0x22, 0x22, 0x23, 0x34, 0x44, 0x55, 0x55, 0x44, 0x44, 0x43, 
	0x33, 0x33, 0x23, 0x33, 0x44, 0x44, 0x44, 0x54, 0x44, 0x33, 0x33, 0x33, 0x33, 0x34, 0x33, 
	0x45, 0x54, 0x44, 0x46, 0x67, 0x77, 0x77, 0x88, 0x88, 0x88, 0x99, 0x99, 0x99, 0x99, 0x99, 
	0x99, 0x99, 0x99, 0x99, 0x99, 0x99, 0x99, 0x98, 0x87, 0x76, 0x66, 0x55, 0x45, 0x54, 0x55, 
	0x32, 0x34, 0x53, 0x44, 0x44, 0x44, 0x55, 0x55, 0x55, 0x56, 0x66, 0x66, 0x65, 0x55, 0x55, 
	0x56, 0x66, 0x77, 0x76, 0x66, 0x66, 0x65, 0x54, 0x33, 0x33, 0x33, 0x33, 0x33, 0x33, 0x33, 
	0x33, 0x33, 0x33, 0x33, 0x44, 0x44, 0x44, 0x44, 0x44, 0x45, 0x55, 0x56, 0x66, 0x66, 0x66, 
	0x55, 0x42, 0x21, 0x11, 0x11, 0x00, 0x00, 0x00, 0x11, 0x12, 0x45, 0x66, 0x65, 0x56, 0x9A, 
	0xA9, 0x98, 0x76, 0x66, 0x66, 0x66, 0x66, 0x76, 0x66, 0x66, 0x66, 0x65, 0x55, 0x54, 0x43, 
	0x22, 0x22, 0x22, 0x22, 0x22, 0x11, 0x21, 0x11, 0x21, 0x12, 0x22, 0x11, 0x11, 0x22, 0x11, 
	0x21, 0x11, 0x21, 0x21, 0x12, 0x22, 0x22, 0x11, 0x11, 0x10, 0x11, 0x11, 0x12, 0x11, 0x12, 
	0x22, 0x23, 0x32, 0x22, 0x11, 0x12, 0x22, 0x22, 0x33, 0x32, 0x33, 0x33, 0x32, 0x33, 0x33, 
	0x34, 0x44, 0x43, 0x33, 0x33, 0x33, 0x32, 0x23, 0x33, 0x34, 0x44, 0x44, 0x56, 0x54, 0x53, 
	0x23, 0x22, 0x25, 0x88, 0x88, 0x77, 0x77, 0x79, 0xA9, 0x65, 0x9B, 0xBB, 0xBD, 0xED, 0xCB, 
	0x97, 0x54, 0x44, 0x45, 0x77, 0x77, 0x76, 0x65, 0x56, 0x55, 0x55, 0x66, 0x66, 0x56, 0x80, 
	0x08, 0x88, 0x99, 0x99, 0x99, 0x99, 0x99, 0x99, 0x76, 0x66, 0x66, 0x66, 0x77, 0x77, 0x88, 
	0x99, 0x99, 0x99, 0x99, 0x99, 0x88, 0x89, 0x99, 0x99, 0x99, 0xAA, 0xAA, 0xAA, 0xAA, 0xAA, 
	0xAA, 0xAA, 0xAA, 0xAA, 0xAA, 0xAA, 0xAA, 0xAB, 0xBB, 0xBB, 0xBB, 0xBA, 0xAB, 0xBB, 0xBB, 
	0xBB, 0xBB, 0xBB, 0xBB, 0xBB, 0xBA, 0xAA, 0x98, 0x88, 0x87, 0x76, 0x55, 0x43, 0x45, 0x55, 
	0x44, 0x44, 0x55, 0x43, 0x33, 0x33, 0x33, 0x33, 0x33, 0x33, 0x33, 0x33, 0x23, 0x22, 0x22, 
	0x11, 0x11, 0x11, 0x11, 0x11, 0x11, 0x22, 0x22, 0x23, 0x34, 0x55, 0x54, 0x44, 0x44, 0x43, 
	0x33, 0x32, 0x22, 0x33, 0x34, 0x44, 0x44, 0x44, 0x43, 0x33, 0x33, 0x33, 0x33, 0x33, 0x34, 
	0x45, 0x54, 0x44, 0x45, 0x77, 0x77, 0x78, 0x88, 0x88, 0x88, 0x99, 0x99, 0x99, 0x99, 0x99, 
	0x99, 0x99, 0x99, 0x99, 0x99, 0x99, 0x99, 0x99, 0x98, 0x76, 0x65, 0x55, 0x55, 0x55, 0x55, 
	0x43, 0x33, 0x44, 0x34, 0x54, 0x44, 0x55, 0x56, 0x66, 0x55, 0x55, 0x55, 0x54, 0x45, 0x55, 
	0x56, 0x66, 0x66, 0x66, 0x66, 0x66, 0x66, 0x54, 0x43, 0x33, 0x33, 0x33, 0x22, 0x33, 0x33, 
	0x33, 0x33, 0x33, 0x33, 0x44, 0x44, 0x44, 0x44, 0x44, 0x44, 0x55, 0x66, 0x66, 0x66, 0x66, 
	0x55, 0x43, 0x22, 0x11, 0x01, 0x10, 0x00, 0x01, 0x10, 0x13, 0x45, 0x56, 0x65, 0x56, 0x99, 
	0x99, 0x87, 0x77, 0x66, 0x66, 0x66, 0x66, 0x66, 0x66, 0x66, 0x66, 0x65, 0x55, 0x55, 0x54, 
	0x33, 0x32, 0x22, 0x22, 0x22, 0x22, 0x22, 0x22, 0x22, 0x22, 0x22, 0x21, 0x11, 0x11, 0x11, 
	0x22, 0x11, 0x11, 0x11, 0x12, 0x21, 0x21, 0x11, 0x11, 0x10, 0x11, 0x11, 0x22, 0x11, 0x22, 
	0x22, 0x22, 0x22, 0x22, 0x12, 0x22, 0x22, 0x23, 0x33, 0x33, 0x33, 0x23, 0x33, 0x33, 0x34, 
	0x34, 0x44, 0x43, 0x33, 0x33, 0x33, 0x33, 0x23, 0x33, 0x34, 0x44, 0x44, 0x45, 0x55, 0x42, 
	0x33, 0x32, 0x25, 0x88, 0x88, 0x87, 0x77, 0x88, 0x99, 0x88, 0xBB, 0xAB, 0xBC, 0xCB, 0xAA, 
	0x96, 0x54, 0x44, 0x45, 0x77, 0x77, 0x77, 0x65, 0x66, 0x55, 0x55, 0x66, 0x56, 0x67, 0x80, 
	0x08, 0x88, 0x99, 0x99, 0x99, 0x99, 0x99, 0x99, 0x76, 0x66, 0x66, 0x67, 0x77, 0x77, 0x88, 
	0x89, 0x99, 0x99, 0x99, 0x99, 0x88, 0x89, 0x99, 0x99, 0x99, 0xAA, 0xAA, 0xAA, 0xAA, 0xAA, 
	0xAA, 0xAA, 0xAA, 0xAA, 0xAA, 0xAA, 0xAA, 0xAB, 0xBB, 0xBB, 0xBB, 0xBA, 0xAA, 0xBB, 0xBB, 
	0xBB, 0xBB, 0xBB, 0xBB, 0xBB, 0xBB, 0xBA, 0xA9, 0x88, 0x88, 0x76, 0x54, 0x33, 0x56, 0x54, 
	0x33, 0x33, 0x34, 0x43, 0x22, 0x22, 0x22, 0x22, 0x23, 0x33, 0x33, 0x33, 0x23, 0x22, 0x22, 
	0x22, 0x11, 0x12, 0x11, 0x11, 0x11, 0x12, 0x22, 0x22, 0x23, 0x44, 0x55, 0x44, 0x44, 0x43, 
	0x33, 0x32, 0x22, 0x22, 0x34, 0x44, 0x44, 0x44, 0x43, 0x44, 0x33, 0x32, 0x33, 0x33, 0x23, 
	0x45, 0x55, 0x54, 0x56, 0x66, 0x77, 0x78, 0x88, 0x88, 0x88, 0x99, 0x99, 0x99, 0x99, 0x99, 
	0x99, 0x9A, 0x99, 0x99, 0x99, 0x99, 0x99, 0x99, 0x88, 0x77, 0x76, 0x55, 0x56, 0x55, 0x45, 
	0x53, 0x33, 0x44, 0x33, 0x55, 0x55, 0x55, 0x55, 0x56, 0x65, 0x55, 0x55, 0x55, 0x54, 0x56, 
	0x66, 0x66, 0x66, 0x66, 0x66, 0x66, 0x66, 0x54, 0x43, 0x33, 0x33, 0x32, 0x22, 0x22, 0x33, 
	0x33, 0x33, 0x33, 0x44, 0x43, 0x34, 0x44, 0x44, 0x44, 0x44, 0x55, 0x66, 0x66, 0x66, 0x66, 
	0x65, 0x44, 0x32, 0x21, 0x01, 0x00, 0x00, 0x00, 0x11, 0x13, 0x45, 0x56, 0x55, 0x56, 0x99, 
	0x99, 0x87, 0x77, 0x66, 0x66, 0x66, 0x66, 0x66, 0x66, 0x66, 0x66, 0x66, 0x66, 0x65, 0x55, 
	0x54, 0x43, 0x33, 0x33, 0x33, 0x33, 0x33, 0x22, 0x22, 0x21, 0x22, 0x21, 0x11, 0x12, 0x21, 
	0x11, 0x11, 0x11, 0x11, 0x22, 0x11, 0x11, 0x11, 0x11, 0x11, 0x11, 0x11, 0x11, 0x11, 0x11, 
	0x22, 0x23, 0x22, 0x22, 0x12, 0x22, 0x22, 0x22, 0x33, 0x32, 0x32, 0x23, 0x23, 0x33, 0x34, 
	0x34, 0x44, 0x43, 0x33, 0x33, 0x33, 0x33, 0x22, 0x33, 0x33, 0x44, 0x55, 0x45, 0x65, 0x22, 
	0x33, 0x42, 0x35, 0x78, 0x88, 0x88, 0x77, 0x77, 0x9A, 0xAA, 0xAA, 0xAA, 0xA9, 0xAB, 0xB9, 
	0x76, 0x55, 0x54, 0x45, 0x78, 0x87, 0x78, 0x66, 0x76, 0x66, 0x56, 0x55, 0x66, 0x78, 0x80, 
	0x08, 0x88, 0x99, 0x99, 0x99, 0x99, 0x99, 0x99, 0x76, 0x66, 0x66, 0x67, 0x77, 0x77, 0x88, 
	0x89, 0x99, 0x99, 0x99, 0x99, 0x88, 0x88, 0x99, 0x99, 0x99, 0xAA, 0xAA, 0xAA, 0xAA, 0xAA, 
	0xAA, 0xAA, 0xAA, 0xAA, 0xAA, 0xAA, 0xAA, 0xAA, 0xBB, 0xBB, 0xBB, 0xBA, 0xAA, 0xBB, 0xBB, 
	0xBB, 0xBB, 0xBB, 0xBB, 0xBB, 0xBB, 0xBB, 0xAA, 0x99, 0x98, 0x75, 0x43, 0x55, 0x65, 0x43, 
	0x22, 0x22, 0x33, 0x32, 0x22, 0x21, 0x11, 0x22, 0x22, 0x22, 0x23, 0x32, 0x22, 0x22, 0x22, 
	0x22, 0x21, 0x11, 0x11, 0x11, 0x11, 0x12, 0x22, 0x22, 0x33, 0x34, 0x45, 0x44, 0x44, 0x33, 
	0x33, 0x32, 0x22, 0x33, 0x34, 0x44, 0x44, 0x44, 0x44, 0x44, 0x33, 0x33, 0x33, 0x33, 0x34, 
	0x54, 0x45, 0x44, 0x56, 0x66, 0x77, 0x88, 0x88, 0x88, 0x88, 0x99, 0x99, 0x89, 0x99, 0x99, 
	0x99, 0x99, 0x99, 0x99, 0x99, 0x99, 0x99, 0x99, 0x88, 0x77, 0x77, 0x65, 0x56, 0x65, 0x45, 
	0x55, 0x43, 0x34, 0x43, 0x45, 0x55, 0x55, 0x55, 0x55, 0x55, 0x55, 0x55, 0x55, 0x55, 0x55, 
	0x56, 0x66, 0x66, 0x66, 0x66, 0x66, 0x66, 0x54, 0x44, 0x33, 0x43, 0x32, 0x23, 0x32, 0x23, 
	0x33, 0x33, 0x33, 0x44, 0x43, 0x34, 0x44, 0x34, 0x44, 0x44, 0x45, 0x55, 0x66, 0x66, 0x66, 
	0x65, 0x43, 0x22, 0x21, 0x11, 0x00, 0x00, 0x00, 0x01, 0x22, 0x45, 0x65, 0x55, 0x45, 0x8A, 
	0x99, 0x87, 0x77, 0x66, 0x66, 0x66, 0x66, 0x66, 0x66, 0x66, 0x66, 0x66, 0x66, 0x66, 0x66, 
	0x65, 0x55, 0x55, 0x54, 0x45, 0x44, 0x44, 0x32, 0x22, 0x21, 0x22, 0x12, 0x12, 0x11, 0x11, 
	0x12, 0x11, 0x11, 0x11, 0x11, 0x11, 0x11, 0x21, 0x10, 0x11, 0x11, 0x11, 0x11, 0x11, 0x11, 
	0x22, 0x22, 0x22, 0x21, 0x22, 0x12, 0x23, 0x33, 0x33, 0x32, 0x33, 0x22, 0x23, 0x33, 0x33, 
	0x44, 0x44, 0x33, 0x33, 0x33, 0x33, 0x33, 0x22, 0x33, 0x33, 0x44, 0x44, 0x45, 0x64, 0x22, 
	0x34, 0x32, 0x24, 0x67, 0x87, 0x87, 0x77, 0x77, 0x9A, 0x9A, 0xAA, 0xAA, 0xA9, 0xAB, 0xC8, 
	0x55, 0x54, 0x44, 0x45, 0x78, 0x87, 0x77, 0x67, 0x76, 0x66, 0x56, 0x55, 0x67, 0x77, 0x80, 
	0x08, 0x88, 0x89, 0x99, 0x99, 0x99, 0x99, 0x99, 0x86, 0x66, 0x66, 0x66, 0x77, 0x77, 0x78, 
	0x89, 0x99, 0x99, 0x99, 0x99, 0x88, 0x88, 0x89, 0x99, 0x99, 0x9A, 0xAA, 0xAA, 0xAA, 0xAA, 
	0xAA, 0xAA, 0xAA, 0xAA, 0xAA, 0xAA, 0xAA, 0xAA, 0xBB, 0xBB, 0xAB, 0xAA, 0xAA, 0xBB, 0xBB, 
	0xBB, 0xBB, 0xBB, 0xBB, 0xBB, 0xBB, 0xBB, 0xBB, 0xA9, 0x98, 0x64, 0x44, 0x67, 0x64, 0x33, 
	0x22, 0x22, 0x22, 0x22, 0x21, 0x11, 0x11, 0x11, 0x12, 0x22, 0x22, 0x22, 0x22, 0x22, 0x22, 
	0x11, 0x21, 0x11, 0x11, 0x11, 0x11, 0x22, 0x22, 0x12, 0x33, 0x34, 0x44, 0x44, 0x44, 0x33, 
	0x33, 0x33, 0x22, 0x33, 0x33, 0x44, 0x44, 0x44, 0x44, 0x43, 0x43, 0x33, 0x44, 0x34, 0x44, 
	0x44, 0x34, 0x45, 0x55, 0x66, 0x77, 0x78, 0x88, 0x88, 0x89, 0x99, 0x99, 0x89, 0x99, 0x99, 
	0x99, 0x99, 0x99, 0x99, 0x99, 0x99, 0x98, 0x88, 0x88, 0x87, 0x77, 0x65, 0x66, 0x65, 0x45, 
	0x55, 0x43, 0x34, 0x44, 0x44, 0x55, 0x55, 0x55, 0x55, 0x54, 0x44, 0x45, 0x55, 0x55, 0x55, 
	0x45, 0x66, 0x77, 0x66, 0x66, 0x66, 0x66, 0x54, 0x43, 0x33, 0x44, 0x33, 0x22, 0x33, 0x33, 
	0x33, 0x33, 0x33, 0x33, 0x44, 0x44, 0x44, 0x44, 0x44, 0x44, 0x55, 0x55, 0x56, 0x66, 0x66, 
	0x65, 0x43, 0x21, 0x11, 0x10, 0x00, 0x00, 0x11, 0x11, 0x12, 0x45, 0x65, 0x55, 0x56, 0x99, 
	0x99, 0x87, 0x77, 0x66, 0x65, 0x66, 0x66, 0x55, 0x56, 0x66, 0x66, 0x66, 0x66, 0x66, 0x66, 
	0x66, 0x66, 0x55, 0x55, 0x55, 0x54, 0x44, 0x33, 0x32, 0x21, 0x22, 0x22, 0x21, 0x11, 0x11, 
	0x11, 0x11, 0x11, 0x11, 0x11, 0x11, 0x11, 0x11, 0x11, 0x21, 0x11, 0x11, 0x21, 0x11, 0x12, 
	0x22, 0x22, 0x22, 0x21, 0x22, 0x22, 0x22, 0x33, 0x23, 0x33, 0x33, 0x22, 0x33, 0x33, 0x33, 
	0x44, 0x44, 0x33, 0x33, 0x33, 0x33, 0x33, 0x22, 0x33, 0x33, 0x44, 0x44, 0x45, 0x64, 0x23, 
	0x34, 0x32, 0x23, 0x67, 0x77, 0x77, 0x67, 0x77, 0x78, 0x9A, 0xAA, 0xAA, 0x99, 0xAB, 0xB8, 
	0x65, 0x55, 0x55, 0x45, 0x78, 0x77, 0x77, 0x77, 0x66, 0x66, 0x66, 0x66, 0x66, 0x67, 0x70, 
	0x08, 0x88, 0x89, 0x99, 0x99, 0x99, 0x99, 0x99, 0x86, 0x66, 0x66, 0x66, 0x77, 0x77, 0x78, 
	0x89, 0x98, 0x99, 0x99, 0x99, 0x88, 0x88, 0x89, 0x99, 0x99, 0x9A, 0xAA, 0xAA, 0xAA, 0xAA, 
	0xAA, 0xAA, 0xAA, 0xAA, 0xAA, 0xAA, 0xAA, 0xAA, 0xBB, 0xBB, 0xAA, 0xAA, 0xAA, 0xBB, 0xBB, 
	0xBB, 0xBB, 0xBB, 0xBB, 0xBB, 0xBB, 0xBB, 0xBA, 0xA9, 0x97, 0x43, 0x57, 0x88, 0x85, 0x22, 
	0x22, 0x22, 0x22, 0x22, 0x11, 0x11, 0x11, 0x11, 0x11, 0x22, 0x22, 0x22, 0x22, 0x21, 0x22, 
	0x22, 0x11, 0x11, 0x10, 0x11, 0x11, 0x11, 0x12, 0x22, 0x23, 0x34, 0x44, 0x44, 0x43, 0x33, 
	0x33, 0x33, 0x22, 0x23, 0x34, 0x44, 0x33, 0x44, 0x44, 0x44, 0x44, 0x33, 0x44, 0x34, 0x33, 
	0x23, 0x44, 0x55, 0x55, 0x66, 0x67, 0x77, 0x88, 0x88, 0x89, 0x98, 0x98, 0x89, 0x99, 0x99, 
	0x99, 0x99, 0x99, 0x99, 0x99, 0x99, 0x98, 0x88, 0x87, 0x87, 0x77, 0x66, 0x65, 0x66, 0x44, 
	0x55, 0x43, 0x23, 0x44, 0x44, 0x45, 0x55, 0x56, 0x65, 0x55, 0x43, 0x33, 0x45, 0x55, 0x66, 
	0x54, 0x45, 0x66, 0x66, 0x66, 0x66, 0x65, 0x55, 0x43, 0x33, 0x33, 0x33, 0x32, 0x33, 0x33, 
	0x33, 0x33, 0x33, 0x33, 0x34, 0x33, 0x44, 0x44, 0x44, 0x44, 0x45, 0x55, 0x56, 0x66, 0x66, 
	0x65, 0x43, 0x31, 0x11, 0x10, 0x00, 0x01, 0x10, 0x11, 0x13, 0x45, 0x55, 0x55, 0x46, 0x99, 
	0x98, 0x77, 0x77, 0x66, 0x66, 0x66, 0x65, 0x55, 0x66, 0x66, 0x66, 0x66, 0x66, 0x66, 0x66, 
	0x66, 0x66, 0x66, 0x66, 0x55, 0x55, 0x54, 0x43, 0x33, 0x22, 0x21, 0x22, 0x21, 0x11, 0x11, 
	0x11, 0x11, 0x11, 0x11, 0x11, 0x21, 0x11, 0x11, 0x11, 0x10, 0x11, 0x11, 0x11, 0x11, 0x22, 
	0x22, 0x22, 0x22, 0x11, 0x21, 0x22, 0x32, 0x33, 0x33, 0x33, 0x22, 0x22, 0x23, 0x33, 0x33, 
	0x44, 0x44, 0x33, 0x33, 0x34, 0x33, 0x33, 0x23, 0x33, 0x33, 0x44, 0x54, 0x45, 0x64, 0x33, 
	0x22, 0x33, 0x22, 0x67, 0x77, 0x77, 0x76, 0x67, 0x78, 0x9B, 0xBB, 0x88, 0x8A, 0x9A, 0x97, 
	0x55, 0x55, 0x44, 0x45, 0x67, 0x87, 0x66, 0x76, 0x56, 0x65, 0x65, 0x65, 0x56, 0x67, 0x70, 
	0x08, 0x88, 0x89, 0x99, 0x99, 0x99, 0x99, 0x99, 0x86, 0x66, 0x66, 0x66, 0x77, 0x77, 0x78, 
	0x88, 0x99, 0x99, 0x99, 0x99, 0x88, 0x88, 0x89, 0x99, 0x99, 0x9A, 0xAA, 0xAA, 0xAA, 0xAA, 
	0xAA, 0xAA, 0xAA, 0xAA, 0xAA, 0xAA, 0xAA, 0xAA, 0xAB, 0xBA, 0xAA, 0xAA, 0xAA, 0xAB, 0xBB, 
	0xBB, 0xBB, 0xBB, 0xBB, 0xBB, 0xBB, 0xBB, 0xBB, 0xAA, 0x96, 0x44, 0x69, 0x88, 0x86, 0x31, 
	0x23, 0x44, 0x32, 0x21, 0x11, 0x11, 0x11, 0x11, 0x11, 0x22, 0x22, 0x22, 0x22, 0x22, 0x22, 
	0x21, 0x11, 0x11, 0x11, 0x11, 0x11, 0x11, 0x12, 0x23, 0x22, 0x34, 0x44, 0x44, 0x43, 0x33, 
	0x33, 0x22, 0x22, 0x22, 0x34, 0x44, 0x34, 0x44, 0x44, 0x44, 0x44, 0x43, 0x33, 0x22, 0x33, 
	0x23, 0x43, 0x55, 0x56, 0x55, 0x66, 0x77, 0x88, 0x88, 0x89, 0x88, 0x88, 0x89, 0x99, 0x99, 
	0x99, 0x99, 0x99, 0x99, 0x99, 0x99, 0x98, 0x88, 0x88, 0x87, 0x77, 0x66, 0x65, 0x66, 0x54, 
	0x54, 0x43, 0x33, 0x34, 0x54, 0x45, 0x55, 0x55, 0x65, 0x55, 0x44, 0x33, 0x34, 0x55, 0x55, 
	0x66, 0x54, 0x56, 0x66, 0x66, 0x66, 0x65, 0x55, 0x44, 0x33, 0x33, 0x33, 0x33, 0x32, 0x33, 
	0x33, 0x33, 0x33, 0x33, 0x33, 0x33, 0x44, 0x44, 0x44, 0x44, 0x44, 0x55, 0x55, 0x66, 0x66, 
	0x66, 0x54, 0x33, 0x22, 0x10, 0x01, 0x11, 0x10, 0x11, 0x22, 0x34, 0x55, 0x54, 0x45, 0x89, 
	0x98, 0x77, 0x76, 0x66, 0x66, 0x66, 0x66, 0x66, 0x66, 0x65, 0x56, 0x66, 0x66, 0x66, 0x66, 
	0x66, 0x66, 0x66, 0x66, 0x66, 0x55, 0x54, 0x43, 0x33, 0x22, 0x22, 0x22, 0x22, 0x11, 0x11, 
	0x11, 0x11, 0x11, 0x11, 0x11, 0x21, 0x11, 0x11, 0x11, 0x11, 0x11, 0x11, 0x11, 0x12, 0x22, 
	0x22, 0x22, 0x21, 0x11, 0x21, 0x22, 0x22, 0x32, 0x33, 0x22, 0x22, 0x22, 0x22, 0x33, 0x33, 
	0x34, 0x44, 0x33, 0x33, 0x34, 0x33, 0x33, 0x33, 0x33, 0x33, 0x45, 0x54, 0x46, 0x55, 0x42, 
	0x13, 0x63, 0x22, 0x67, 0x77, 0x77, 0x66, 0x77, 0x78, 0x9B, 0xCC, 0x97, 0x78, 0x78, 0x87, 
	0x66, 0x65, 0x55, 0x55, 0x67, 0x87, 0x77, 0x65, 0x56, 0x65, 0x55, 0x44, 0x45, 0x67, 0x60, 
	0x08, 0x88, 0x89, 0x99, 0x99, 0x99, 0x99, 0x99, 0x86, 0x66, 0x66, 0x66, 0x77, 0x77, 0x77, 
	0x88, 0x99, 0x99, 0x99, 0x99, 0x88, 0x88, 0x88, 0x88, 0x99, 0x9A, 0xAA, 0xAA, 0xAA, 0xAA, 
	0xAA, 0xAA, 0xAA, 0xAA, 0xAA, 0xAA, 0xAA, 0xAA, 0xAB, 0xAA, 0xAA, 0xAA, 0xAA, 0xAB, 0xAB, 
	0xBB, 0xBB, 0xBB, 0xBB, 0xBB, 0xBB, 0xBA, 0xBB, 0xA9, 0x84, 0x36, 0x88, 0x88, 0x75, 0x33, 
	0x45, 0x65, 0x54, 0x21, 0x11, 0x10, 0x01, 0x11, 0x11, 0x11, 0x11, 0x12, 0x22, 0x22, 0x21, 
	0x21, 0x11, 0x11, 0x11, 0x10, 0x11, 0x11, 0x11, 0x11, 0x22, 0x34, 0x44, 0x44, 0x44, 0x33, 
	0x32, 0x22, 0x22, 0x22, 0x23, 0x34, 0x44, 0x33, 0x43, 0x33, 0x44, 0x43, 0x33, 0x22, 0x33, 
	0x23, 0x44, 0x55, 0x56, 0x66, 0x67, 0x77, 0x78, 0x88, 0x98, 0x88, 0x89, 0x99, 0x99, 0x99, 
	0x99, 0x99, 0x99, 0x9A, 0x99, 0x99, 0x98, 0x88, 0x88, 0x87, 0x77, 0x66, 0x66, 0x55, 0x54, 
	0x54, 0x34, 0x33, 0x34, 0x45, 0x45, 0x55, 0x55, 0x55, 0x55, 0x44, 0x44, 0x43, 0x45, 0x56, 
	0x66, 0x66, 0x55, 0x56, 0x66, 0x66, 0x66, 0x55, 0x54, 0x44, 0x33, 0x33, 0x33, 0x33, 0x22, 
	0x33, 0x33, 0x33, 0x33, 0x43, 0x33, 0x33, 0x44, 0x44, 0x44, 0x44, 0x55, 0x55, 0x55, 0x66, 
	0x66, 0x65, 0x43, 0x32, 0x11, 0x11, 0x11, 0x11, 0x11, 0x12, 0x35, 0x55, 0x54, 0x45, 0x89, 
	0x98, 0x88, 0x76, 0x77, 0x66, 0x66, 0x66, 0x66, 0x56, 0x65, 0x56, 0x66, 0x66, 0x66, 0x76, 
	0x66, 0x66, 0x66, 0x66, 0x66, 0x55, 0x55, 0x44, 0x43, 0x22, 0x11, 0x11, 0x22, 0x21, 0x11, 
	0x11, 0x11, 0x11, 0x11, 0x11, 0x11, 0x11, 0x11, 0x10, 0x11, 0x11, 0x11, 0x11, 0x11, 0x11, 
	0x22, 0x22, 0x21, 0x11, 0x12, 0x22, 0x23, 0x23, 0x22, 0x33, 0x23, 0x22, 0x32, 0x33, 0x33, 
	0x44, 0x44, 0x33, 0x33, 0x33, 0x33, 0x33, 0x32, 0x33, 0x34, 0x45, 0x54, 0x56, 0x74, 0x32, 
	0x25, 0x63, 0x12, 0x57, 0x77, 0x76, 0x66, 0x67, 0x78, 0x99, 0xBB, 0x87, 0x66, 0x77, 0x66, 
	0x66, 0x66, 0x65, 0x55, 0x78, 0x88, 0x77, 0x65, 0x67, 0x76, 0x65, 0x44, 0x56, 0x66, 0x60, 
	0x08, 0x88, 0x88, 0x99, 0x99, 0x99, 0x99, 0x99, 0x87, 0x66, 0x66, 0x66, 0x67, 0x77, 0x77, 
	0x88, 0x89, 0x99, 0x99, 0x99, 0x88, 0x88, 0x88, 0x89, 0x99, 0x99, 0xAA, 0xAA, 0xAA, 0xAA, 
	0xAA, 0xAA, 0xAA, 0xAA, 0xAA, 0xAA, 0xAA, 0xAA, 0xBB, 0xAA, 0xAA, 0xAA, 0xAA, 0xBB, 0xBB, 
	0xBB, 0xBB, 0xBB, 0xBB, 0xAA, 0xBB, 0xBB, 0xBA, 0xA9, 0x63, 0x57, 0x88, 0x77, 0x74, 0x35, 
	0x76, 0x55, 0x44, 0x41, 0x01, 0x21, 0x11, 0x01, 0x01, 0x11, 0x12, 0x12, 0x22, 0x22, 0x11, 
	0x12, 0x11, 0x11, 0x11, 0x11, 0x01, 0x11, 0x01, 0x12, 0x22, 0x34, 0x44, 0x44, 0x44, 0x33, 
	0x33, 0x22, 0x22, 0x22, 0x33, 0x34, 0x44, 0x44, 0x43, 0x44, 0x44, 0x44, 0x43, 0x33, 0x43, 
	0x34, 0x34, 0x45, 0x56, 0x65, 0x67, 0x77, 0x78, 0x88, 0x88, 0x88, 0x99, 0x99, 0x99, 0x99, 
	0x99, 0x99, 0x9A, 0xA9, 0x99, 0x99, 0x99, 0x99, 0x88, 0x87, 0x76, 0x66, 0x65, 0x55, 0x65, 
	0x43, 0x33, 0x34, 0x34, 0x44, 0x45, 0x55, 0x55, 0x55, 0x55, 0x55, 0x55, 0x54, 0x44, 0x55, 
	0x66, 0x66, 0x65, 0x55, 0x66, 0x65, 0x66, 0x55, 0x54, 0x44, 0x33, 0x33, 0x33, 0x33, 0x32, 
	0x23, 0x34, 0x33, 0x33, 0x33, 0x43, 0x34, 0x34, 0x44, 0x44, 0x44, 0x45, 0x55, 0x55, 0x55, 
	0x66, 0x65, 0x44, 0x33, 0x33, 0x22, 0x21, 0x21, 0x11, 0x12, 0x34, 0x65, 0x55, 0x44, 0x68, 
	0x88, 0x77, 0x77, 0x76, 0x66, 0x66, 0x66, 0x66, 0x66, 0x65, 0x55, 0x65, 0x66, 0x66, 0x76, 
	0x66, 0x67, 0x66, 0x66, 0x65, 0x65, 0x55, 0x44, 0x43, 0x22, 0x11, 0x11, 0x12, 0x22, 0x11, 
	0x11, 0x11, 0x11, 0x10, 0x11, 0x01, 0x11, 0x11, 0x11, 0x11, 0x00, 0x01, 0x11, 0x12, 0x22, 
	0x12, 0x21, 0x22, 0x11, 0x21, 0x22, 0x23, 0x23, 0x32, 0x22, 0x22, 0x22, 0x23, 0x33, 0x33, 
	0x44, 0x44, 0x33, 0x33, 0x33, 0x33, 0x33, 0x32, 0x33, 0x34, 0x45, 0x54, 0x57, 0xB5, 0x33, 
	0x24, 0x43, 0x24, 0x67, 0x77, 0x76, 0x66, 0x67, 0x78, 0x88, 0x98, 0x76, 0x66, 0x66, 0x66, 
	0x66, 0x66, 0x65, 0x56, 0x78, 0x88, 0x87, 0x65, 0x77, 0x77, 0x76, 0x55, 0x55, 0x55, 0x50, 
	0x08, 0x88, 0x88, 0x99, 0x99, 0x99, 0x99, 0x99, 0x97, 0x56, 0x66, 0x66, 0x66, 0x77, 0x77, 
	0x88, 0x89, 0x99, 0x99, 0x99, 0x88, 0x88, 0x88, 0x89, 0x99, 0x99, 0xAA, 0xAA, 0xAA, 0xAA, 
	0xAA, 0xAA, 0xAA, 0xAA, 0xAA, 0xAA, 0xAA, 0xAA, 0xAA, 0xAA, 0xAA, 0xAB, 0xAA, 0xBB, 0xAA, 
	0xAB, 0xBB, 0xBB, 0xBB, 0xBB, 0xBB, 0xBB, 0xAA, 0xA8, 0x44, 0x66, 0x77, 0x77, 0x64, 0x56, 
	0x65, 0x54, 0x44, 0x43, 0x12, 0x32, 0x22, 0x10, 0x11, 0x11, 0x11, 0x12, 0x12, 0x21, 0x22, 
	0x21, 0x11, 0x11, 0x11, 0x11, 0x11, 0x11, 0x12, 0x22, 0x22, 0x33, 0x44, 0x44, 0x43, 0x33, 
	0x33, 0x22, 0x22, 0x23, 0x33, 0x34, 0x44, 0x44, 0x44, 0x44, 0x44, 0x45, 0x43, 0x44, 0x44, 
	0x54, 0x33, 0x54, 0x56, 0x65, 0x67, 0x77, 0x78, 0x88, 0x78, 0x88, 0x99, 0x99, 0x99, 0x99, 
	0x99, 0x99, 0xAA, 0xA9, 0x99, 0x99, 0x99, 0x99, 0x99, 0x87, 0x77, 0x66, 0x55, 0x55, 0x66, 
	0x43, 0x33, 0x44, 0x44, 0x54, 0x45, 0x55, 0x55, 0x55, 0x55, 0x55, 0x56, 0x65, 0x55, 0x55, 
	0x56, 0x66, 0x66, 0x66, 0x56, 0x66, 0x66, 0x55, 0x54, 0x44, 0x33, 0x33, 0x33, 0x33, 0x33, 
	0x33, 0x33, 0x33, 0x33, 0x43, 0x33, 0x33, 0x34, 0x44, 0x44, 0x44, 0x44, 0x54, 0x55, 0x56, 
	0x65, 0x55, 0x54, 0x44, 0x43, 0x32, 0x21, 0x11, 0x11, 0x11, 0x45, 0x55, 0x44, 0x44, 0x67, 
	0x77, 0x77, 0x76, 0x66, 0x66, 0x66, 0x66, 0x66, 0x65, 0x55, 0x55, 0x65, 0x66, 0x66, 0x66, 
	0x76, 0x67, 0x77, 0x66, 0x65, 0x55, 0x55, 0x54, 0x43, 0x32, 0x11, 0x11, 0x11, 0x22, 0x11, 
	0x11, 0x11, 0x11, 0x10, 0x00, 0x01, 0x11, 0x11, 0x11, 0x00, 0x11, 0x01, 0x11, 0x11, 0x12, 
	0x22, 0x22, 0x11, 0x11, 0x11, 0x22, 0x22, 0x33, 0x33, 0x22, 0x22, 0x22, 0x22, 0x33, 0x33, 
	0x44, 0x44, 0x33, 0x33, 0x34, 0x33, 0x33, 0x33, 0x33, 0x33, 0x45, 0x54, 0x6A, 0xC9, 0x42, 
	0x35, 0x34, 0x23, 0x67, 0x78, 0x77, 0x65, 0x67, 0x77, 0x78, 0x78, 0x76, 0x66, 0x66, 0x66, 
	0x66, 0x66, 0x66, 0x56, 0x78, 0x88, 0x87, 0x65, 0x77, 0x87, 0x76, 0x55, 0x55, 0x55, 0x50, 
	0x08, 0x88, 0x88, 0x99, 0x99, 0x99, 0x99, 0x99, 0x97, 0x56, 0x66, 0x66, 0x67, 0x77, 0x77, 
	0x88, 0x99, 0x99, 0x99, 0x99, 0x98, 0x88, 0x88, 0x88, 0x99, 0x99, 0xAA, 0xAA, 0xAA, 0xAA, 
	0xAA, 0xAA, 0xAA, 0xAA, 0xAA, 0xAA, 0xAA, 0xAA, 0xAA, 0xAB, 0xBA, 0xAA, 0xAB, 0xBA, 0xBB, 
	0xAA, 0xBA, 0xAB, 0xBA, 0xAB, 0xBB, 0xBB, 0xBA, 0xA6, 0x35, 0x54, 0x66, 0x55, 0x54, 0x65, 
	0x54, 0x44, 0x43, 0x44, 0x33, 0x43, 0x22, 0x11, 0x11, 0x11, 0x11, 0x11, 0x11, 0x11, 0x22, 
	0x21, 0x21, 0x11, 0x11, 0x12, 0x11, 0x11, 0x11, 0x11, 0x22, 0x23, 0x44, 0x44, 0x44, 0x43, 
	0x33, 0x23, 0x22, 0x23, 0x33, 0x34, 0x43, 0x34, 0x44, 0x44, 0x44, 0x44, 0x44, 0x44, 0x45, 
	0x43, 0x34, 0x44, 0x55, 0x56, 0x66, 0x77, 0x78, 0x87, 0x78, 0x88, 0x99, 0x99, 0x99, 0x99, 
	0x99, 0x99, 0xAA, 0xA9, 0x99, 0x99, 0x99, 0x99, 0x98, 0x87, 0x77, 0x66, 0x65, 0x55, 0x65, 
	0x43, 0x34, 0x54, 0x54, 0x54, 0x55, 0x56, 0x65, 0x54, 0x55, 0x55, 0x66, 0x66, 0x55, 0x66, 
	0x66, 0x66, 0x66, 0x66, 0x66, 0x66, 0x66, 0x55, 0x54, 0x43, 0x33, 0x33, 0x33, 0x33, 0x33, 
	0x33, 0x33, 0x33, 0x33, 0x33, 0x33, 0x33, 0x33, 0x44, 0x44, 0x44, 0x44, 0x44, 0x55, 0x55, 
	0x66, 0x65, 0x44, 0x33, 0x33, 0x32, 0x22, 0x11, 0x11, 0x13, 0x55, 0x54, 0x44, 0x44, 0x56, 
	0x67, 0x66, 0x66, 0x66, 0x66, 0x66, 0x66, 0x66, 0x55, 0x55, 0x55, 0x65, 0x66, 0x66, 0x66, 
	0x66, 0x67, 0x66, 0x66, 0x65, 0x55, 0x55, 0x54, 0x43, 0x32, 0x22, 0x11, 0x01, 0x22, 0x22, 
	0x11, 0x11, 0x11, 0x11, 0x01, 0x00, 0x10, 0x00, 0x01, 0x01, 0x10, 0x10, 0x01, 0x11, 0x12, 
	0x11, 0x22, 0x11, 0x21, 0x11, 0x22, 0x22, 0x23, 0x32, 0x22, 0x22, 0x22, 0x22, 0x33, 0x33, 
	0x44, 0x44, 0x33, 0x33, 0x34, 0x34, 0x33, 0x33, 0x33, 0x34, 0x45, 0x57, 0x9B, 0xCC, 0x72, 
	0x33, 0x33, 0x23, 0x57, 0x77, 0x77, 0x66, 0x66, 0x77, 0x79, 0xBA, 0x87, 0x66, 0x66, 0x66, 
	0x66, 0x66, 0x66, 0x56, 0x67, 0x77, 0x75, 0x56, 0x78, 0x88, 0x76, 0x55, 0x45, 0x54, 0x60, 
	0x08, 0x88, 0x88, 0x99, 0x99, 0x99, 0x99, 0x99, 0x98, 0x66, 0x66, 0x66, 0x67, 0x77, 0x77, 
	0x88, 0x99, 0x99, 0x99, 0x99, 0x98, 0x88, 0x88, 0x88, 0x99, 0x99, 0xAA, 0x99, 0xAA, 0xAA, 
	0xAA, 0xAA, 0xAA, 0xAA, 0xAA, 0xAA, 0xAA, 0xAA, 0xAA, 0xAA, 0xAA, 0xBB, 0xAA, 0xAA, 0xAB, 
	0xAA, 0xAB, 0xBB, 0xBB, 0xBB, 0xBB, 0xBA, 0xAB, 0x94, 0x45, 0x43, 0x44, 0x34, 0x55, 0x54, 
	0x44, 0x44, 0x33, 0x34, 0x44, 0x43, 0x22, 0x21, 0x11, 0x10, 0x11, 0x11, 0x11, 0x21, 0x12, 
	0x21, 0x21, 0x11, 0x10, 0x01, 0x11, 0x11, 0x11, 0x11, 0x22, 0x23, 0x44, 0x44, 0x44, 0x33, 
	0x33, 0x22, 0x22, 0x32, 0x23, 0x33, 0x34, 0x44, 0x44, 0x44, 0x45, 0x44, 0x44, 0x44, 0x44, 
	0x34, 0x34, 0x45, 0x55, 0x56, 0x66, 0x77, 0x78, 0x88, 0x88, 0x89, 0x99, 0x99, 0x99, 0x99, 
	0x99, 0x9A, 0xA9, 0x99, 0x99, 0x99, 0x99, 0x99, 0x98, 0x87, 0x77, 0x76, 0x66, 0x65, 0x65, 
	0x44, 0x44, 0x54, 0x55, 0x55, 0x65, 0x55, 0x55, 0x54, 0x55, 0x55, 0x55, 0x66, 0x66, 0x66, 
	0x66, 0x66, 0x66, 0x66, 0x66, 0x66, 0x66, 0x55, 0x55, 0x43, 0x33, 0x33, 0x33, 0x33, 0x33, 
	0x33, 0x33, 0x33, 0x33, 0x33, 0x33, 0x33, 0x33, 0x33, 0x44, 0x44, 0x44, 0x55, 0x55, 0x55, 
	0x55, 0x65, 0x44, 0x33, 0x32, 0x32, 0x22, 0x11, 0x11, 0x24, 0x55, 0x55, 0x44, 0x43, 0x45, 
	0x66, 0x65, 0x56, 0x66, 0x55, 0x66, 0x66, 0x65, 0x56, 0x66, 0x66, 0x65, 0x55, 0x66, 0x66, 
	0x66, 0x66, 0x66, 0x66, 0x65, 0x55, 0x55, 0x54, 0x43, 0x32, 0x22, 0x10, 0x00, 0x11, 0x22, 
	0x11, 0x11, 0x11, 0x11, 0x11, 0x00, 0x10, 0x00, 0x00, 0x01, 0x10, 0x00, 0x01, 0x11, 0x11, 
	0x21, 0x21, 0x11, 0x11, 0x12, 0x22, 0x23, 0x22, 0x32, 0x22, 0x22, 0x32, 0x22, 0x33, 0x33, 
	0x34, 0x44, 0x33, 0x33, 0x33, 0x33, 0x33, 0x33, 0x33, 0x34, 0x46, 0x79, 0xBB, 0xBC, 0xB5, 
	0x63, 0x43, 0x24, 0x76, 0x67, 0x76, 0x66, 0x66, 0x77, 0x79, 0xCB, 0x97, 0x77, 0x66, 0x66, 
	0x66, 0x66, 0x66, 0x66, 0x56, 0x66, 0x64, 0x46, 0x77, 0x88, 0x76, 0x65, 0x55, 0x44, 0x50, 
	0x08, 0x88, 0x88, 0x99, 0x99, 0x99, 0x99, 0x99, 0x98, 0x66, 0x66, 0x66, 0x66, 0x77, 0x77, 
	0x78, 0x89, 0x99, 0x99, 0x99, 0x98, 0x88, 0x88, 0x88, 0x99, 0x99, 0xAA, 0xAA, 0xAA, 0xAA, 
	0xAA, 0xAA, 0xAA, 0xAA, 0xAA, 0xAA, 0xAA, 0xAA, 0xAA, 0xAA, 0xBA, 0x98, 0x87, 0x77, 0x89, 
	0xAA, 0xBB, 0xAA, 0xBA, 0xAB, 0xBB, 0xBA, 0xAB, 0x84, 0x44, 0x33, 0x34, 0x44, 0x44, 0x54, 
	0x44, 0x33, 0x33, 0x34, 0x44, 0x43, 0x32, 0x21, 0x11, 0x11, 0x11, 0x10, 0x11, 0x22, 0x22, 
	0x22, 0x12, 0x11, 0x11, 0x11, 0x01, 0x11, 0x11, 0x22, 0x22, 0x23, 0x44, 0x44, 0x44, 0x33, 
	0x33, 0x22, 0x22, 0x22, 0x23, 0x33, 0x34, 0x44, 0x44, 0x44, 0x44, 0x44, 0x44, 0x44, 0x34, 
	0x33, 0x55, 0x45, 0x45, 0x56, 0x66, 0x77, 0x77, 0x78, 0x88, 0x89, 0x99, 0x99, 0x99, 0x99, 
	0x99, 0x9A, 0x99, 0x99, 0x99, 0x99, 0x99, 0x99, 0x88, 0x88, 0x77, 0x76, 0x56, 0x66, 0x55, 
	0x44, 0x44, 0x54, 0x55, 0x55, 0x55, 0x55, 0x55, 0x55, 0x55, 0x56, 0x55, 0x56, 0x66, 0x55, 
	0x55, 0x66, 0x66, 0x66, 0x66, 0x66, 0x66, 0x55, 0x55, 0x44, 0x33, 0x33, 0x33, 0x33, 0x33, 
	0x33, 0x33, 0x33, 0x33, 0x33, 0x33, 0x33, 0x33, 0x33, 0x33, 0x34, 0x44, 0x44, 0x55, 0x55, 
	0x55, 0x55, 0x54, 0x43, 0x33, 0x32, 0x12, 0x11, 0x12, 0x33, 0x55, 0x54, 0x44, 0x44, 0x44, 
	0x55, 0x55, 0x66, 0x65, 0x55, 0x66, 0x66, 0x65, 0x56, 0x66, 0x66, 0x65, 0x55, 0x55, 0x56, 
	0x66, 0x66, 0x66, 0x66, 0x55, 0x55, 0x54, 0x44, 0x33, 0x22, 0x21, 0x11, 0x00, 0x01, 0x11, 
	0x11, 0x11, 0x11, 0x11, 0x11, 0x00, 0x10, 0x11, 0x10, 0x00, 0x10, 0x01, 0x11, 0x11, 0x11, 
	0x22, 0x22, 0x11, 0x11, 0x12, 0x22, 0x23, 0x22, 0x32, 0x22, 0x22, 0x22, 0x22, 0x33, 0x33, 
	0x34, 0x44, 0x33, 0x33, 0x33, 0x33, 0x44, 0x43, 0x33, 0x44, 0x68, 0x9A, 0xBB, 0xBC, 0xCA, 
	0x52, 0x43, 0x24, 0x76, 0x66, 0x67, 0x66, 0x67, 0x77, 0x78, 0xAA, 0x87, 0x77, 0x77, 0x77, 
	0x66, 0x67, 0x66, 0x66, 0x56, 0x66, 0x53, 0x46, 0x77, 0x77, 0x76, 0x66, 0x55, 0x44, 0x40, 
	0x07, 0x88, 0x88, 0x88, 0x99, 0x99, 0x99, 0x99, 0x98, 0x66, 0x66, 0x66, 0x66, 0x77, 0x77, 
	0x78, 0x89, 0x99, 0x99, 0x99, 0x98, 0x88, 0x88, 0x88, 0x99, 0x99, 0x99, 0x99, 0xAA, 0xAA, 
	0xAA, 0xAA, 0xAA, 0xAA, 0xAA, 0xAA, 0xAA, 0xAA, 0xAA, 0xAA, 0xA7, 0x55, 0x54, 0x44, 0x45, 
	0x78, 0x9A, 0xBB, 0xBB, 0xAA, 0xBB, 0xBA, 0xBA, 0x64, 0x44, 0x34, 0x55, 0x43, 0x34, 0x44, 
	0x33, 0x33, 0x33, 0x33, 0x44, 0x43, 0x33, 0x21, 0x11, 0x11, 0x11, 0x11, 0x11, 0x12, 0x21, 
	0x22, 0x12, 0x11, 0x12, 0x11, 0x11, 0x11, 0x12, 0x22, 0x23, 0x33, 0x44, 0x44, 0x44, 0x33, 
	0x32, 0x22, 0x21, 0x22, 0x23, 0x33, 0x44, 0x44, 0x44, 0x44, 0x44, 0x44, 0x33, 0x44, 0x33, 
	0x34, 0x55, 0x54, 0x45, 0x56, 0x66, 0x77, 0x77, 0x78, 0x88, 0x89, 0x99, 0x99, 0x99, 0x99, 
	0x99, 0x99, 0x99, 0x99, 0x99, 0x99, 0x99, 0x99, 0x88, 0x88, 0x77, 0x66, 0x56, 0x76, 0x54, 
	0x44, 0x54, 0x55, 0x56, 0x55, 0x55, 0x55, 0x55, 0x55, 0x66, 0x66, 0x55, 0x55, 0x56, 0x65, 
	0x55, 0x55, 0x56, 0x66, 0x66, 0x66, 0x65, 0x55, 0x54, 0x44, 0x43, 0x33, 0x33, 0x33, 0x33, 
	0x33, 0x33, 0x33, 0x33, 0x33, 0x33, 0x33, 0x33, 0x33, 0x33, 0x44, 0x44, 0x44, 0x44, 0x55, 
	0x55, 0x55, 0x54, 0x43, 0x33, 0x22, 0x22, 0x11, 0x12, 0x33, 0x45, 0x54, 0x44, 0x44, 0x33, 
	0x34, 0x55, 0x66, 0x55, 0x55, 0x66, 0x56, 0x66, 0x66, 0x65, 0x66, 0x66, 0x65, 0x55, 0x56, 
	0x66, 0x66, 0x66, 0x66, 0x55, 0x55, 0x54, 0x44, 0x33, 0x22, 0x21, 0x11, 0x00, 0x01, 0x11, 
	0x21, 0x21, 0x11, 0x01, 0x11, 0x00, 0x11, 0x11, 0x00, 0x00, 0x10, 0x00, 0x11, 0x11, 0x11, 
	0x12, 0x11, 0x21, 0x11, 0x11, 0x22, 0x22, 0x33, 0x32, 0x22, 0x22, 0x22, 0x22, 0x33, 0x33, 
	0x44, 0x44, 0x33, 0x34, 0x33, 0x33, 0x44, 0x43, 0x34, 0x57, 0x89, 0xAA, 0xBB, 0xCC, 0xCC, 
	0x54, 0x52, 0x24, 0x76, 0x66, 0x67, 0x66, 0x66, 0x77, 0x78, 0x88, 0x77, 0x77, 0x77, 0x77, 
	0x76, 0x67, 0x66, 0x66, 0x66, 0x66, 0x55, 0x56, 0x66, 0x77, 0x77, 0x76, 0x65, 0x54, 0x40, 
	0x07, 0x78, 0x88, 0x88, 0x99, 0x99, 0x99, 0x99, 0x98, 0x65, 0x56, 0x66, 0x66, 0x77, 0x77, 
	0x78, 0x88, 0x99, 0x99, 0x99, 0x98, 0x88, 0x88, 0x88, 0x99, 0x99, 0x99, 0x99, 0xAA, 0xAA, 
	0xAA, 0xAA, 0xAA, 0xAA, 0xAA, 0xAA, 0xAA, 0xAA, 0xAA, 0xA9, 0x65, 0x55, 0x54, 0x45, 0x55, 
	0x45, 0x67, 0x89, 0xAA, 0xBB, 0xBA, 0xAA, 0xB9, 0x44, 0x44, 0x45, 0x55, 0x33, 0x44, 0x33, 
	0x33, 0x33, 0x33, 0x33, 0x23, 0x44, 0x32, 0x11, 0x10, 0x11, 0x11, 0x22, 0x11, 0x11, 0x11, 
	0x22, 0x11, 0x11, 0x11, 0x11, 0x11, 0x01, 0x11, 0x22, 0x22, 0x23, 0x34, 0x43, 0x33, 0x33, 
	0x22, 0x22, 0x22, 0x22, 0x22, 0x23, 0x34, 0x44, 0x44, 0x33, 0x43, 0x34, 0x33, 0x43, 0x33, 
	0x45, 0x55, 0x45, 0x55, 0x56, 0x66, 0x77, 0x67, 0x78, 0x88, 0x89, 0x99, 0x99, 0x99, 0x99, 
	0x99, 0x99, 0x99, 0x99, 0x99, 0x99, 0x99, 0x99, 0x98, 0x88, 0x77, 0x76, 0x66, 0x76, 0x43, 
	0x34, 0x54, 0x55, 0x55, 0x55, 0x56, 0x55, 0x44, 0x45, 0x66, 0x55, 0x55, 0x55, 0x55, 0x55, 
	0x55, 0x55, 0x56, 0x66, 0x66, 0x56, 0x66, 0x55, 0x54, 0x44, 0x44, 0x44, 0x33, 0x33, 0x33, 
	0x33, 0x33, 0x33, 0x33, 0x33, 0x33, 0x33, 0x33, 0x33, 0x34, 0x44, 0x44, 0x44, 0x54, 0x55, 
	0x55, 0x55, 0x54, 0x43, 0x33, 0x22, 0x22, 0x11, 0x11, 0x24, 0x45, 0x54, 0x44, 0x44, 0x33, 
	0x34, 0x55, 0x55, 0x55, 0x55, 0x65, 0x56, 0x66, 0x66, 0x65, 0x66, 0x66, 0x65, 0x55, 0x56, 
	0x56, 0x66, 0x66, 0x66, 0x55, 0x55, 0x54, 0x44, 0x33, 0x33, 0x22, 0x11, 0x01, 0x10, 0x00, 
	0x12, 0x12, 0x11, 0x10, 0x11, 0x11, 0x11, 0x10, 0x00, 0x00, 0x10, 0x00, 0x00, 0x11, 0x11, 
	0x22, 0x11, 0x22, 0x11, 0x11, 0x22, 0x22, 0x33, 0x22, 0x21, 0x22, 0x22, 0x22, 0x23, 0x33, 
	0x44, 0x44, 0x33, 0x34, 0x33, 0x33, 0x34, 0x44, 0x55, 0x79, 0x9A, 0xAA, 0xBB, 0xCC, 0xCC, 
	0x96, 0x31, 0x23, 0x56, 0x66, 0x67, 0x66, 0x66, 0x77, 0x78, 0x98, 0x88, 0x77, 0x88, 0x77, 
	0x66, 0x77, 0x76, 0x66, 0x67, 0x76, 0x66, 0x65, 0x66, 0x77, 0x77, 0x76, 0x66, 0x65, 0x50, 
	0x07, 0x77, 0x88, 0x89, 0x99, 0x99, 0x99, 0x99, 0x99, 0x75, 0x66, 0x66, 0x66, 0x67, 0x77, 
	0x78, 0x88, 0x89, 0x99, 0x99, 0x98, 0x88, 0x88, 0x88, 0x88, 0x99, 0x99, 0xAA, 0xAA, 0xAA, 
	0xAA, 0xAA, 0xAA, 0xAA, 0xAA, 0xAA, 0xAA, 0xAA, 0xAA, 0x97, 0x66, 0x76, 0x55, 0x55, 0x55, 
	0x55, 0x54, 0x56, 0x78, 0x9A, 0xBA, 0xAA, 0xA8, 0x44, 0x44, 0x35, 0x54, 0x44, 0x44, 0x43, 
	0x33, 0x33, 0x22, 0x22, 0x23, 0x33, 0x33, 0x21, 0x10, 0x11, 0x11, 0x12, 0x22, 0x11, 0x11, 
	0x11, 0x12, 0x21, 0x11, 0x11, 0x11, 0x11, 0x10, 0x12, 0x22, 0x22, 0x33, 0x33, 0x33, 0x33, 
	0x32, 0x32, 0x22, 0x22, 0x22, 0x23, 0x23, 0x34, 0x44, 0x44, 0x33, 0x34, 0x43, 0x33, 0x44, 
	0x44, 0x54, 0x44, 0x55, 0x66, 0x66, 0x66, 0x67, 0x77, 0x88, 0x89, 0x99, 0x99, 0x99, 0x99, 
	0x99, 0x99, 0x99, 0x99, 0x99, 0x99, 0x99, 0x99, 0x88, 0x98, 0x77, 0x76, 0x66, 0x65, 0x33, 
	0x34, 0x54, 0x45, 0x55, 0x55, 0x55, 0x54, 0x44, 0x55, 0x56, 0x65, 0x55, 0x55, 0x55, 0x55, 
	0x55, 0x55, 0x55, 0x55, 0x66, 0x66, 0x65, 0x55, 0x55, 0x44, 0x43, 0x44, 0x43, 0x33, 0x33, 
	0x33, 0x33, 0x33, 0x32, 0x33, 0x33, 0x33, 0x44, 0x43, 0x34, 0x44, 0x44, 0x44, 0x44, 0x55, 
	0x55, 0x65, 0x54, 0x33, 0x33, 0x22, 0x12, 0x22, 0x22, 0x23, 0x45, 0x54, 0x44, 0x43, 0x33, 
	0x23, 0x44, 0x54, 0x55, 0x55, 0x55, 0x66, 0x66, 0x66, 0x65, 0x66, 0x66, 0x66, 0x65, 0x66, 
	0x55, 0x66, 0x66, 0x66, 0x55, 0x55, 0x44, 0x44, 0x33, 0x32, 0x21, 0x01, 0x10, 0x10, 0x10, 
	0x11, 0x12, 0x11, 0x10, 0x11, 0x11, 0x00, 0x00, 0x11, 0x10, 0x11, 0x01, 0x10, 0x11, 0x21, 
	0x11, 0x12, 0x21, 0x11, 0x12, 0x12, 0x23, 0x22, 0x22, 0x22, 0x22, 0x22, 0x32, 0x23, 0x34, 
	0x44, 0x44, 0x33, 0x34, 0x43, 0x44, 0x44, 0x56, 0x89, 0x9A, 0xAA, 0xAB, 0xBC, 0xCC, 0xCD, 
	0xA3, 0x12, 0x22, 0x45, 0x66, 0x67, 0x76, 0x67, 0x77, 0x67, 0xAA, 0xCC, 0xAA, 0xBB, 0xA8, 
	0x66, 0x66, 0x66, 0x66, 0x67, 0x76, 0x77, 0x55, 0x66, 0x67, 0x66, 0x77, 0x77, 0x76, 0x60, 
	0x07, 0x78, 0x88, 0x89, 0x99, 0x99, 0x99, 0x99, 0x99, 0x75, 0x56, 0x66, 0x66, 0x77, 0x77, 
	0x78, 0x88, 0x99, 0x99, 0x99, 0x98, 0x88, 0x88, 0x88, 0x89, 0x99, 0x99, 0x99, 0x99, 0xAA, 
	0xAA, 0xAA, 0xAA, 0xAA, 0xAA, 0xAA, 0xAA, 0x9A, 0xA9, 0x66, 0x76, 0x67, 0x66, 0x66, 0x64, 
	0x45, 0x55, 0x45, 0x66, 0x68, 0x89, 0xAA, 0xA8, 0x34, 0x44, 0x35, 0x43, 0x44, 0x33, 0x43, 
	0x33, 0x32, 0x22, 0x22, 0x22, 0x33, 0x33, 0x22, 0x00, 0x11, 0x11, 0x12, 0x22, 0x11, 0x11, 
	0x11, 0x22, 0x21, 0x11, 0x11, 0x11, 0x11, 0x11, 0x01, 0x22, 0x23, 0x34, 0x44, 0x33, 0x33, 
	0x33, 0x22, 0x22, 0x21, 0x22, 0x22, 0x23, 0x34, 0x44, 0x43, 0x34, 0x44, 0x44, 0x44, 0x34, 
	0x44, 0x44, 0x45, 0x55, 0x65, 0x56, 0x66, 0x67, 0x77, 0x88, 0x89, 0x99, 0x98, 0x99, 0x99, 
	0x99, 0x99, 0x99, 0x99, 0x99, 0x99, 0x99, 0x99, 0x98, 0x88, 0x77, 0x76, 0x77, 0x65, 0x43, 
	0x34, 0x54, 0x54, 0x56, 0x55, 0x56, 0x65, 0x45, 0x55, 0x55, 0x65, 0x56, 0x65, 0x55, 0x44, 
	0x55, 0x55, 0x55, 0x65, 0x56, 0x66, 0x66, 0x55, 0x55, 0x43, 0x34, 0x44, 0x44, 0x33, 0x33, 
	0x33, 0x33, 0x33, 0x33, 0x33, 0x33, 0x33, 0x33, 0x43, 0x43, 0x44, 0x44, 0x44, 0x44, 0x45, 
	0x55, 0x55, 0x55, 0x44, 0x43, 0x32, 0x22, 0x21, 0x22, 0x23, 0x45, 0x44, 0x44, 0x33, 0x32, 
	0x22, 0x34, 0x43, 0x45, 0x55, 0x56, 0x56, 0x66, 0x66, 0x56, 0x66, 0x66, 0x65, 0x66, 0x66, 
	0x65, 0x66, 0x66, 0x66, 0x65, 0x55, 0x44, 0x44, 0x43, 0x33, 0x20, 0x11, 0x10, 0x10, 0x00, 
	0x11, 0x12, 0x11, 0x11, 0x11, 0x01, 0x11, 0x01, 0x11, 0x00, 0x11, 0x00, 0x11, 0x11, 0x11, 
	0x21, 0x11, 0x11, 0x11, 0x11, 0x22, 0x22, 0x32, 0x22, 0x22, 0x21, 0x22, 0x22, 0x33, 0x33, 
	0x34, 0x54, 0x33, 0x34, 0x44, 0x45, 0x67, 0x89, 0x9A, 0xAA, 0xAA, 0xAB, 0xBB, 0xCC, 0xDC, 
	0xA3, 0x13, 0x23, 0x57, 0x65, 0x66, 0x76, 0x67, 0x76, 0x66, 0x9B, 0xCC, 0xBB, 0xBB, 0xA8, 
	0x77, 0x67, 0x76, 0x66, 0x77, 0x77, 0x66, 0x65, 0x45, 0x66, 0x77, 0x77, 0x77, 0x77, 0x70, 
	0x07, 0x78, 0x88, 0x89, 0x99, 0x99, 0x99, 0x99, 0x99, 0x76, 0x66, 0x66, 0x66, 0x67, 0x77, 
	0x77, 0x88, 0x99, 0x99, 0x99, 0x98, 0x88, 0x88, 0x88, 0x88, 0x99, 0x99, 0x99, 0x99, 0xAA, 
	0x9A, 0xAA, 0x9A, 0xAA, 0x9A, 0xAA, 0xAA, 0xA9, 0x76, 0x55, 0x65, 0x56, 0x77, 0x88, 0x76, 
	0x55, 0x65, 0x44, 0x55, 0x55, 0x55, 0x68, 0xA7, 0x34, 0x33, 0x34, 0x43, 0x43, 0x32, 0x33, 
	0x33, 0x33, 0x32, 0x32, 0x22, 0x22, 0x33, 0x21, 0x11, 0x11, 0x11, 0x12, 0x12, 0x22, 0x21, 
	0x12, 0x11, 0x21, 0x11, 0x11, 0x11, 0x11, 0x11, 0x11, 0x12, 0x23, 0x33, 0x43, 0x33, 0x33, 
	0x32, 0x22, 0x22, 0x22, 0x22, 0x32, 0x33, 0x34, 0x44, 0x43, 0x44, 0x44, 0x33, 0x44, 0x44, 
	0x44, 0x44, 0x45, 0x55, 0x65, 0x45, 0x66, 0x67, 0x78, 0x88, 0x99, 0x88, 0x89, 0x99, 0x99, 
	0x99, 0x99, 0x99, 0x99, 0x99, 0x99, 0x99, 0x99, 0x89, 0x98, 0x77, 0x77, 0x76, 0x65, 0x44, 
	0x45, 0x55, 0x54, 0x56, 0x56, 0x55, 0x55, 0x55, 0x55, 0x55, 0x56, 0x66, 0x56, 0x55, 0x54, 
	0x45, 0x55, 0x55, 0x55, 0x55, 0x66, 0x66, 0x65, 0x55, 0x44, 0x44, 0x43, 0x33, 0x33, 0x33, 
	0x33, 0x33, 0x33, 0x33, 0x33, 0x33, 0x33, 0x33, 0x33, 0x33, 0x34, 0x44, 0x44, 0x44, 0x45, 
	0x55, 0x55, 0x54, 0x44, 0x33, 0x22, 0x21, 0x22, 0x11, 0x23, 0x44, 0x44, 0x44, 0x33, 0x33, 
	0x32, 0x22, 0x33, 0x44, 0x55, 0x55, 0x55, 0x66, 0x66, 0x56, 0x66, 0x66, 0x66, 0x66, 0x66, 
	0x66, 0x66, 0x66, 0x56, 0x65, 0x55, 0x44, 0x44, 0x33, 0x32, 0x21, 0x10, 0x10, 0x11, 0x11, 
	0x11, 0x11, 0x11, 0x11, 0x11, 0x11, 0x10, 0x11, 0x10, 0x11, 0x10, 0x01, 0x11, 0x21, 0x11, 
	0x11, 0x11, 0x11, 0x22, 0x11, 0x22, 0x22, 0x22, 0x22, 0x22, 0x22, 0x32, 0x22, 0x33, 0x33, 
	0x44, 0x44, 0x33, 0x45, 0x56, 0x77, 0x88, 0x99, 0x9A, 0xAA, 0xAA, 0xBB, 0xBC, 0xCC, 0xCC, 
	0xB6, 0x65, 0x22, 0x46, 0x65, 0x66, 0x77, 0x66, 0x77, 0x66, 0x79, 0xAB, 0x99, 0x99, 0x87, 
	0x67, 0x76, 0x76, 0x66, 0x77, 0x66, 0x77, 0x65, 0x55, 0x56, 0x77, 0x67, 0x77, 0x77, 0x70, 
	0x07, 0x77, 0x88, 0x88, 0x99, 0x99, 0x99, 0x99, 0x99, 0x76, 0x56, 0x66, 0x66, 0x67, 0x77, 
	0x77, 0x88, 0x88, 0x99, 0x99, 0x98, 0x88, 0x88, 0x88, 0x88, 0x99, 0x99, 0x99, 0x99, 0xAA, 
	0xAA, 0xAA, 0xAA, 0xAA, 0xA9, 0x9A, 0xAA, 0x96, 0x55, 0x55, 0x55, 0x57, 0x89, 0x99, 0x99, 
	0x87, 0x77, 0x54, 0x44, 0x44, 0x53, 0x44, 0x66, 0x54, 0x33, 0x33, 0x43, 0x32, 0x33, 0x33, 
	0x33, 0x33, 0x32, 0x22, 0x22, 0x22, 0x33, 0x32, 0x11, 0x11, 0x11, 0x11, 0x22, 0x22, 0x21, 
	0x11, 0x11, 0x21, 0x11, 0x11, 0x11, 0x11, 0x12, 0x12, 0x12, 0x23, 0x33, 0x33, 0x33, 0x33, 
	0x22, 0x22, 0x22, 0x23, 0x22, 0x22, 0x33, 0x34, 0x44, 0x44, 0x44, 0x33, 0x33, 0x44, 0x44, 
	0x44, 0x44, 0x45, 0x55, 0x55, 0x44, 0x66, 0x67, 0x78, 0x88, 0x98, 0x88, 0x89, 0x99, 0x99, 
	0x99, 0x99, 0x99, 0x99, 0x99, 0x99, 0x99, 0x99, 0x89, 0x88, 0x88, 0x78, 0x76, 0x65, 0x44, 
	0x55, 0x55, 0x54, 0x55, 0x56, 0x55, 0x55, 0x55, 0x55, 0x55, 0x55, 0x66, 0x55, 0x65, 0x54, 
	0x44, 0x54, 0x45, 0x55, 0x55, 0x66, 0x66, 0x66, 0x55, 0x54, 0x43, 0x33, 0x33, 0x34, 0x33, 
	0x33, 0x33, 0x33, 0x33, 0x33, 0x33, 0x33, 0x33, 0x33, 0x33, 0x33, 0x44, 0x44, 0x44, 0x44, 
	0x45, 0x55, 0x54, 0x43, 0x32, 0x21, 0x11, 0x12, 0x11, 0x23, 0x44, 0x44, 0x44, 0x33, 0x33, 
	0x32, 0x22, 0x23, 0x34, 0x44, 0x45, 0x55, 0x66, 0x66, 0x56, 0x66, 0x66, 0x66, 0x66, 0x66, 
	0x66, 0x66, 0x65, 0x56, 0x65, 0x55, 0x44, 0x43, 0x33, 0x32, 0x11, 0x00, 0x11, 0x11, 0x11, 
	0x10, 0x01, 0x11, 0x11, 0x11, 0x11, 0x11, 0x11, 0x10, 0x11, 0x10, 0x01, 0x11, 0x21, 0x12, 
	0x11, 0x11, 0x11, 0x11, 0x11, 0x22, 0x23, 0x21, 0x22, 0x21, 0x22, 0x22, 0x23, 0x33, 0x33, 
	0x34, 0x44, 0x45, 0x66, 0x78, 0x88, 0x89, 0x9A, 0xAA, 0xAA, 0xAA, 0xBB, 0xBC, 0xCC, 0xCC, 
	0xC7, 0x64, 0x22, 0x46, 0x65, 0x66, 0x77, 0x76, 0x66, 0x66, 0x77, 0x88, 0x77, 0x88, 0x77, 
	0x77, 0x76, 0x66, 0x67, 0x77, 0x66, 0x77, 0x65, 0x66, 0x66, 0x77, 0x78, 0x87, 0x77, 0x70, 
	0x07, 0x77, 0x88, 0x88, 0x99, 0x99, 0x99, 0x99, 0x99, 0x86, 0x55, 0x66, 0x66, 0x66, 0x77, 
	0x77, 0x88, 0x88, 0x99, 0x99, 0x98, 0x88, 0x88, 0x88, 0x88, 0x99, 0x99, 0x99, 0x99, 0xAA, 
	0xAA, 0xAA, 0xAA, 0xAA, 0xA9, 0xAA, 0xA9, 0x65, 0x54, 0x44, 0x55, 0x56, 0x79, 0x99, 0x99, 
	0xA8, 0x66, 0x65, 0x44, 0x44, 0x43, 0x45, 0x55, 0x66, 0x54, 0x33, 0x43, 0x34, 0x44, 0x44, 
	0x43, 0x33, 0x33, 0x22, 0x12, 0x22, 0x22, 0x32, 0x10, 0x11, 0x01, 0x11, 0x11, 0x12, 0x22, 
	0x11, 0x11, 0x11, 0x11, 0x21, 0x22, 0x11, 0x11, 0x12, 0x21, 0x22, 0x33, 0x33, 0x33, 0x33, 
	0x22, 0x22, 0x22, 0x22, 0x12, 0x22, 0x22, 0x33, 0x33, 0x44, 0x43, 0x33, 0x33, 0x44, 0x44, 
	0x44, 0x44, 0x55, 0x55, 0x44, 0x44, 0x66, 0x77, 0x78, 0x88, 0x88, 0x88, 0x89, 0x99, 0x99, 
	0x99, 0x99, 0x99, 0x99, 0x99, 0x99, 0x99, 0x99, 0x98, 0x88, 0x88, 0x88, 0x77, 0x65, 0x44, 
	0x55, 0x44, 0x44, 0x55, 0x55, 0x55, 0x55, 0x55, 0x55, 0x66, 0x55, 0x56, 0x55, 0x55, 0x55, 
	0x43, 0x44, 0x44, 0x55, 0x65, 0x56, 0x56, 0x66, 0x65, 0x54, 0x43, 0x43, 0x43, 0x34, 0x33, 
	0x33, 0x34, 0x34, 0x33, 0x33, 0x33, 0x33, 0x33, 0x33, 0x33, 0x33, 0x44, 0x44, 0x44, 0x44, 
	0x44, 0x45, 0x54, 0x33, 0x32, 0x22, 0x22, 0x22, 0x11, 0x22, 0x34, 0x44, 0x44, 0x33, 0x32, 
	0x22, 0x22, 0x23, 0x33, 0x44, 0x45, 0x55, 0x56, 0x65, 0x56, 0x76, 0x66, 0x66, 0x66, 0x66, 
	0x66, 0x66, 0x65, 0x56, 0x65, 0x55, 0x44, 0x43, 0x33, 0x31, 0x11, 0x10, 0x11, 0x11, 0x11, 
	0x10, 0x01, 0x01, 0x11, 0x11, 0x11, 0x11, 0x01, 0x11, 0x11, 0x11, 0x11, 0x12, 0x22, 0x12, 
	0x21, 0x12, 0x21, 0x11, 0x11, 0x12, 0x22, 0x22, 0x32, 0x22, 0x22, 0x23, 0x23, 0x33, 0x33, 
	0x44, 0x56, 0x67, 0x78, 0x88, 0x88, 0x99, 0xAA, 0xAA, 0xAA, 0xAA, 0xBB, 0xBC, 0xCC, 0xCC, 
	0xC7, 0x21, 0x22, 0x56, 0x66, 0x66, 0x67, 0x77, 0x65, 0x55, 0x67, 0x77, 0x88, 0x89, 0x87, 
	0x77, 0x77, 0x66, 0x77, 0x77, 0x66, 0x77, 0x66, 0x67, 0x66, 0x77, 0x88, 0x87, 0x77, 0x70, 
	0x07, 0x77, 0x88, 0x88, 0x99, 0x99, 0x99, 0x99, 0x99, 0x86, 0x55, 0x66, 0x66, 0x67, 0x77, 
	0x77, 0x88, 0x88, 0x98, 0x89, 0x99, 0x88, 0x88, 0x88, 0x88, 0x99, 0x99, 0x99, 0x99, 0xAA, 
	0xAA, 0xAA, 0xAA, 0xAA, 0x9A, 0xA9, 0x76, 0x55, 0x54, 0x45, 0x55, 0x67, 0x77, 0x89, 0xA9, 
	0x98, 0x76, 0x66, 0x53, 0x45, 0x56, 0x44, 0x55, 0x66, 0x66, 0x66, 0x54, 0x45, 0x44, 0x44, 
	0x54, 0x33, 0x23, 0x22, 0x12, 0x22, 0x22, 0x32, 0x10, 0x11, 0x01, 0x11, 0x12, 0x22, 0x22, 
	0x21, 0x11, 0x11, 0x11, 0x12, 0x22, 0x21, 0x11, 0x12, 0x21, 0x22, 0x33, 0x33, 0x33, 0x33, 
	0x32, 0x22, 0x22, 0x21, 0x22, 0x22, 0x22, 0x33, 0x33, 0x44, 0x43, 0x33, 0x34, 0x44, 0x44, 
	0x44, 0x44, 0x55, 0x55, 0x44, 0x45, 0x66, 0x67, 0x77, 0x88, 0x88, 0x88, 0x89, 0x99, 0x99, 
	0x89, 0x99, 0x99, 0x98, 0x99, 0x99, 0x99, 0x99, 0x98, 0x88, 0x88, 0x87, 0x77, 0x65, 0x45, 
	0x55, 0x43, 0x44, 0x56, 0x54, 0x55, 0x55, 0x55, 0x55, 0x55, 0x65, 0x55, 0x56, 0x55, 0x55, 
	0x43, 0x33, 0x45, 0x55, 0x55, 0x55, 0x55, 0x56, 0x66, 0x54, 0x43, 0x43, 0x43, 0x34, 0x33, 
	0x33, 0x33, 0x33, 0x33, 0x33, 0x33, 0x33, 0x33, 0x33, 0x33, 0x34, 0x44, 0x44, 0x44, 0x44, 
	0x44, 0x44, 0x44, 0x33, 0x22, 0x22, 0x22, 0x11, 0x11, 0x12, 0x34, 0x44, 0x44, 0x33, 0x22, 
	0x22, 0x22, 0x22, 0x22, 0x33, 0x45, 0x54, 0x55, 0x55, 0x56, 0x66, 0x66, 0x66, 0x66, 0x66, 
	0x66, 0x66, 0x66, 0x66, 0x55, 0x55, 0x44, 0x33, 0x32, 0x21, 0x01, 0x10, 0x00, 0x11, 0x11, 
	0x11, 0x11, 0x01, 0x01, 0x11, 0x11, 0x01, 0x11, 0x01, 0x11, 0x11, 0x11, 0x23, 0x32, 0x22, 
	0x21, 0x22, 0x21, 0x22, 0x11, 0x22, 0x22, 0x22, 0x22, 0x22, 0x22, 0x22, 0x33, 0x33, 0x34, 
	0x55, 0x67, 0x88, 0x88, 0x89, 0x99, 0x99, 0xAA, 0xAA, 0xAA, 0xAA, 0xBB, 0xBC, 0xCC, 0xCC, 
	0xC7, 0x11, 0x22, 0x45, 0x65, 0x66, 0x66, 0x67, 0x65, 0x44, 0x47, 0x88, 0x88, 0x99, 0x98, 
	0x77, 0x77, 0x67, 0x77, 0x76, 0x66, 0x77, 0x77, 0x87, 0x77, 0x78, 0x89, 0x87, 0x77, 0x70, 
	0x07, 0x77, 0x78, 0x88, 0x99, 0x99, 0x99, 0x99, 0x99, 0x86, 0x55, 0x66, 0x66, 0x67, 0x77, 
	0x77, 0x88, 0x88, 0x88, 0x89, 0x99, 0x88, 0x88, 0x88, 0x88, 0x89, 0x99, 0x99, 0xA9, 0xAA, 
	0xAA, 0xAA, 0x99, 0xAA, 0xA9, 0x87, 0x55, 0x45, 0x45, 0x55, 0x66, 0x77, 0x66, 0x79, 0xAA, 
	0x98, 0x87, 0x66, 0x54, 0x34, 0x44, 0x55, 0x34, 0x45, 0x67, 0x77, 0x77, 0x64, 0x43, 0x34, 
	0x44, 0x33, 0x22, 0x21, 0x11, 0x22, 0x23, 0x32, 0x11, 0x11, 0x00, 0x11, 0x11, 0x11, 0x21, 
	0x11, 0x11, 0x11, 0x11, 0x12, 0x22, 0x22, 0x00, 0x11, 0x11, 0x22, 0x33, 0x33, 0x33, 0x33, 
	0x33, 0x22, 0x22, 0x21, 0x22, 0x22, 0x22, 0x23, 0x33, 0x44, 0x33, 0x33, 0x34, 0x45, 0x44, 
	0x44, 0x44, 0x55, 0x55, 0x44, 0x56, 0x55, 0x67, 0x87, 0x87, 0x78, 0x88, 0x99, 0x99, 0x98, 
	0x89, 0x99, 0x98, 0x88, 0x89, 0x99, 0x99, 0x99, 0x88, 0x89, 0x88, 0x87, 0x87, 0x65, 0x55, 
	0x54, 0x44, 0x44, 0x45, 0x53, 0x44, 0x45, 0x55, 0x55, 0x55, 0x56, 0x65, 0x55, 0x54, 0x44, 
	0x55, 0x33, 0x44, 0x55, 0x55, 0x55, 0x45, 0x56, 0x66, 0x55, 0x43, 0x33, 0x33, 0x34, 0x33, 
	0x33, 0x33, 0x33, 0x33, 0x33, 0x33, 0x33, 0x23, 0x33, 0x33, 0x44, 0x44, 0x44, 0x44, 0x44, 
	0x44, 0x45, 0x54, 0x33, 0x22, 0x11, 0x11, 0x01, 0x11, 0x12, 0x44, 0x44, 0x43, 0x33, 0x22, 
	0x22, 0x22, 0x11, 0x12, 0x23, 0x44, 0x44, 0x45, 0x55, 0x56, 0x66, 0x76, 0x66, 0x66, 0x66, 
	0x66, 0x66, 0x66, 0x65, 0x55, 0x54, 0x44, 0x33, 0x32, 0x11, 0x01, 0x10, 0x00, 0x11, 0x11, 
	0x11, 0x11, 0x11, 0x11, 0x11, 0x11, 0x11, 0x11, 0x11, 0x11, 0x11, 0x11, 0x23, 0x33, 0x32, 
	0x22, 0x22, 0x22, 0x22, 0x22, 0x22, 0x22, 0x32, 0x22, 0x22, 0x22, 0x33, 0x34, 0x44, 0x56, 
	0x67, 0x88, 0x88, 0x89, 0x99, 0x99, 0x99, 0xAA, 0xAB, 0xAA, 0xAA, 0xBB, 0xBC, 0xCC, 0xCC, 
	0xC7, 0x21, 0x23, 0x45, 0x55, 0x66, 0x66, 0x67, 0x75, 0x43, 0x47, 0x77, 0x88, 0x89, 0xAB, 
	0x98, 0x77, 0x77, 0x77, 0x76, 0x66, 0x78, 0x89, 0xAA, 0xBA, 0x88, 0x88, 0x88, 0x77, 0x70, 
	0x07, 0x77, 0x77, 0x88, 0x99, 0x99, 0x99, 0x99, 0x99, 0x87, 0x65, 0x66, 0x66, 0x66, 0x77, 
	0x77, 0x78, 0x88, 0x88, 0x89, 0x99, 0x88, 0x88, 0x88, 0x88, 0x89, 0x99, 0x99, 0x99, 0xAA, 
	0xAA, 0xAA, 0xA9, 0xAA, 0x97, 0x65, 0x55, 0x44, 0x54, 0x56, 0x66, 0x66, 0x66, 0x66, 0x79, 
	0x98, 0x76, 0x55, 0x53, 0x32, 0x23, 0x35, 0x53, 0x35, 0x55, 0x67, 0x66, 0x77, 0x64, 0x43, 
	0x33, 0x32, 0x22, 0x21, 0x11, 0x22, 0x22, 0x22, 0x11, 0x11, 0x11, 0x01, 0x11, 0x11, 0x22, 
	0x22, 0x22, 0x11, 0x11, 0x11, 0x12, 0x21, 0x11, 0x11, 0x11, 0x22, 0x23, 0x33, 0x33, 0x33, 
	0x33, 0x22, 0x22, 0x21, 0x12, 0x22, 0x22, 0x22, 0x34, 0x34, 0x34, 0x43, 0x34, 0x44, 0x44, 
	0x44, 0x44, 0x44, 0x44, 0x44, 0x55, 0x56, 0x67, 0x77, 0x77, 0x78, 0x88, 0x99, 0x99, 0x98, 
	0x99, 0x99, 0x88, 0x88, 0x88, 0x99, 0x99, 0x99, 0x88, 0x98, 0x88, 0x88, 0x87, 0x65, 0x55, 
	0x54, 0x54, 0x54, 0x44, 0x43, 0x34, 0x44, 0x55, 0x65, 0x65, 0x55, 0x55, 0x54, 0x44, 0x44, 
	0x55, 0x44, 0x44, 0x45, 0x55, 0x55, 0x44, 0x45, 0x66, 0x55, 0x43, 0x33, 0x33, 0x33, 0x33, 
	0x33, 0x33, 0x33, 0x33, 0x33, 0x33, 0x33, 0x33, 0x32, 0x33, 0x34, 0x44, 0x44, 0x44, 0x43, 
	0x44, 0x44, 0x44, 0x32, 0x22, 0x12, 0x11, 0x11, 0x11, 0x22, 0x34, 0x44, 0x44, 0x33, 0x22, 
	0x22, 0x22, 0x11, 0x11, 0x23, 0x34, 0x44, 0x45, 0x55, 0x55, 0x66, 0x76, 0x66, 0x66, 0x66, 
	0x66, 0x66, 0x65, 0x55, 0x55, 0x44, 0x43, 0x32, 0x21, 0x11, 0x10, 0x00, 0x11, 0x11, 0x11, 
	0x11, 0x11, 0x11, 0x10, 0x00, 0x11, 0x11, 0x11, 0x11, 0x11, 0x11, 0x11, 0x23, 0x33, 0x33, 
	0x33, 0x32, 0x33, 0x33, 0x32, 0x12, 0x32, 0x23, 0x33, 0x22, 0x33, 0x34, 0x44, 0x56, 0x78, 
	0x88, 0x99, 0x99, 0x99, 0x99, 0x99, 0x99, 0xAA, 0xAA, 0xAB, 0xBB, 0xBB, 0xBC, 0xCC, 0xCC, 
	0xC8, 0x21, 0x24, 0x54, 0x55, 0x66, 0x66, 0x66, 0x65, 0x43, 0x35, 0x77, 0x88, 0x87, 0x9B, 
	0xB8, 0x77, 0x77, 0x77, 0x76, 0x67, 0x78, 0x9A, 0xDE, 0xFD, 0x99, 0x98, 0x88, 0x76, 0x70, 
	0x07, 0x77, 0x78, 0x88, 0x98, 0x99, 0x99, 0x99, 0x99, 0x87, 0x65, 0x66, 0x66, 0x66, 0x67, 
	0x77, 0x78, 0x88, 0x88, 0x89, 0x99, 0x88, 0x88, 0x88, 0x88, 0x89, 0x99, 0x9A, 0xA9, 0xAA, 
	0xAA, 0xAA, 0xAA, 0xA9, 0x75, 0x55, 0x54, 0x56, 0x65, 0x67, 0x55, 0x55, 0x56, 0x65, 0x67, 
	0x77, 0x65, 0x44, 0x54, 0x33, 0x33, 0x22, 0x45, 0x34, 0x65, 0x45, 0x66, 0x66, 0x77, 0x75, 
	0x43, 0x32, 0x22, 0x21, 0x22, 0x22, 0x22, 0x22, 0x11, 0x11, 0x11, 0x01, 0x11, 0x12, 0x22, 
	0x22, 0x12, 0x11, 0x11, 0x11, 0x11, 0x11, 0x11, 0x11, 0x11, 0x11, 0x22, 0x33, 0x33, 0x33, 
	0x33, 0x22, 0x22, 0x21, 0x12, 0x22, 0x12, 0x22, 0x34, 0x33, 0x34, 0x33, 0x44, 0x44, 0x44, 
	0x44, 0x44, 0x44, 0x44, 0x55, 0x65, 0x56, 0x77, 0x77, 0x77, 0x78, 0x88, 0x89, 0x99, 0x89, 
	0x99, 0x99, 0x88, 0x88, 0x88, 0x99, 0x99, 0x99, 0x89, 0x88, 0x98, 0x88, 0x88, 0x76, 0x55, 
	0x54, 0x55, 0x54, 0x44, 0x43, 0x34, 0x45, 0x55, 0x55, 0x55, 0x55, 0x55, 0x55, 0x43, 0x34, 
	0x55, 0x54, 0x44, 0x44, 0x44, 0x45, 0x54, 0x44, 0x56, 0x65, 0x43, 0x33, 0x34, 0x33, 0x44, 
	0x33, 0x33, 0x33, 0x33, 0x33, 0x33, 0x33, 0x33, 0x32, 0x23, 0x33, 0x33, 0x34, 0x44, 0x44, 
	0x44, 0x44, 0x44, 0x33, 0x22, 0x11, 0x11, 0x11, 0x01, 0x12, 0x34, 0x44, 0x44, 0x33, 0x22, 
	0x22, 0x21, 0x11, 0x11, 0x22, 0x23, 0x44, 0x45, 0x54, 0x56, 0x55, 0x65, 0x56, 0x66, 0x66, 
	0x55, 0x65, 0x65, 0x55, 0x54, 0x44, 0x33, 0x21, 0x11, 0x10, 0x10, 0x01, 0x11, 0x11, 0x11, 
	0x11, 0x11, 0x10, 0x00, 0x11, 0x11, 0x11, 0x11, 0x11, 0x11, 0x11, 0x11, 0x23, 0x43, 0x34, 
	0x43, 0x34, 0x43, 0x33, 0x33, 0x33, 0x33, 0x34, 0x34, 0x44, 0x44, 0x55, 0x66, 0x67, 0x98, 
	0x89, 0x99, 0x99, 0x99, 0x99, 0x99, 0x99, 0xAA, 0xAA, 0xBB, 0xBB, 0xBB, 0xBC, 0xCC, 0xCC, 
	0xC9, 0x21, 0x24, 0x65, 0x55, 0x56, 0x66, 0x66, 0x65, 0x43, 0x35, 0x88, 0x77, 0x87, 0x79, 
	0x97, 0x77, 0x77, 0x77, 0x66, 0x77, 0x77, 0x8B, 0xFF, 0xFE, 0xB9, 0x98, 0x89, 0x77, 0x70, 
	0x07, 0x77, 0x77, 0x88, 0x89, 0x99, 0x99, 0x99, 0x99, 0x97, 0x56, 0x66, 0x66, 0x66, 0x77, 
	0x77, 0x78, 0x88, 0x88, 0x99, 0x99, 0x88, 0x88, 0x88, 0x88, 0x89, 0x99, 0x99, 0x9A, 0xAA, 
	0xAA, 0x9A, 0xAA, 0x96, 0x55, 0x44, 0x55, 0x66, 0x65, 0x66, 0x67, 0x66, 0x64, 0x45, 0x44, 
	0x45, 0x56, 0x55, 0x55, 0x43, 0x23, 0x32, 0x23, 0x32, 0x35, 0x53, 0x45, 0x54, 0x45, 0x55, 
	0x65, 0x42, 0x21, 0x11, 0x12, 0x22, 0x22, 0x22, 0x11, 0x10, 0x11, 0x11, 0x11, 0x11, 0x12, 
	0x22, 0x22, 0x22, 0x21, 0x01, 0x11, 0x11, 0x21, 0x11, 0x12, 0x22, 0x33, 0x33, 0x33, 0x33, 
	0x33, 0x33, 0x22, 0x12, 0x21, 0x21, 0x22, 0x23, 0x33, 0x33, 0x43, 0x34, 0x44, 0x33, 0x43, 
	0x44, 0x34, 0x43, 0x34, 0x55, 0x55, 0x67, 0x67, 0x67, 0x67, 0x78, 0x88, 0x89, 0x98, 0x89, 
	0x99, 0x99, 0x88, 0x88, 0x89, 0x98, 0x99, 0x99, 0x98, 0x88, 0x98, 0x88, 0x88, 0x76, 0x56, 
	0x55, 0x45, 0x45, 0x34, 0x43, 0x34, 0x45, 0x55, 0x55, 0x55, 0x55, 0x55, 0x55, 0x54, 0x33, 
	0x45, 0x54, 0x44, 0x44, 0x44, 0x44, 0x45, 0x44, 0x45, 0x55, 0x44, 0x33, 0x33, 0x34, 0x33, 
	0x43, 0x33, 0x33, 0x33, 0x33, 0x23, 0x33, 0x33, 0x23, 0x33, 0x33, 0x33, 0x44, 0x44, 0x43, 
	0x44, 0x44, 0x43, 0x32, 0x11, 0x11, 0x11, 0x00, 0x11, 0x12, 0x34, 0x44, 0x43, 0x32, 0x22, 
	0x22, 0x11, 0x12, 0x12, 0x11, 0x23, 0x44, 0x34, 0x44, 0x65, 0x45, 0x65, 0x66, 0x66, 0x65, 
	0x65, 0x55, 0x55, 0x44, 0x44, 0x43, 0x23, 0x11, 0x11, 0x00, 0x11, 0x11, 0x11, 0x11, 0x11, 
	0x21, 0x11, 0x11, 0x11, 0x10, 0x11, 0x11, 0x11, 0x11, 0x11, 0x11, 0x11, 0x13, 0x33, 0x33, 
	0x43, 0x44, 0x44, 0x44, 0x43, 0x33, 0x44, 0x44, 0x45, 0x55, 0x66, 0x66, 0x77, 0x89, 0x99, 
	0x99, 0x99, 0x99, 0x99, 0x99, 0x9A, 0xA9, 0x9A, 0xAA, 0xAA, 0xBB, 0xBB, 0xBB, 0xBC, 0xCC, 
	0xC9, 0x31, 0x25, 0x65, 0x55, 0x56, 0x66, 0x66, 0x55, 0x43, 0x34, 0x77, 0x77, 0x77, 0x77, 
	0x77, 0x77, 0x77, 0x77, 0x77, 0x77, 0x77, 0x9C, 0xEF, 0xFE, 0xB9, 0x98, 0x88, 0x77, 0x70, 
	0x07, 0x77, 0x77, 0x88, 0x89, 0x99, 0x99, 0x99, 0x99, 0x98, 0x66, 0x66, 0x66, 0x66, 0x77, 
	0x77, 0x78, 0x88, 0x88, 0x99, 0x99, 0x88, 0x88, 0x88, 0x88, 0x89, 0x99, 0x99, 0xA9, 0x9A, 
	0xA9, 0xAA, 0xA8, 0x65, 0x55, 0x55, 0x56, 0x65, 0x55, 0x66, 0x65, 0x44, 0x54, 0x44, 0x44, 
	0x44, 0x44, 0x45, 0x45, 0x42, 0x22, 0x22, 0x12, 0x22, 0x23, 0x33, 0x23, 0x33, 0x33, 0x33, 
	0x45, 0x54, 0x32, 0x11, 0x12, 0x21, 0x22, 0x22, 0x21, 0x11, 0x10, 0x11, 0x10, 0x11, 0x01, 
	0x11, 0x22, 0x22, 0x21, 0x01, 0x11, 0x11, 0x22, 0x22, 0x22, 0x22, 0x23, 0x33, 0x33, 0x33, 
	0x33, 0x22, 0x22, 0x22, 0x22, 0x22, 0x22, 0x23, 0x33, 0x33, 0x43, 0x44, 0x44, 0x44, 0x35, 
	0x54, 0x44, 0x34, 0x44, 0x55, 0x55, 0x67, 0x66, 0x67, 0x67, 0x78, 0x88, 0x89, 0x98, 0x89, 
	0x99, 0x99, 0x88, 0x88, 0x88, 0x88, 0x89, 0x99, 0x88, 0x88, 0x88, 0x88, 0x87, 0x75, 0x56, 
	0x55, 0x44, 0x44, 0x34, 0x54, 0x44, 0x55, 0x55, 0x55, 0x54, 0x44, 0x44, 0x55, 0x45, 0x43, 
	0x34, 0x55, 0x55, 0x44, 0x54, 0x55, 0x45, 0x44, 0x45, 0x55, 0x44, 0x44, 0x33, 0x33, 0x33, 
	0x44, 0x44, 0x43, 0x33, 0x33, 0x32, 0x22, 0x33, 0x33, 0x33, 0x33, 0x33, 0x44, 0x44, 0x44, 
	0x43, 0x34, 0x43, 0x21, 0x11, 0x11, 0x00, 0x00, 0x11, 0x11, 0x23, 0x44, 0x43, 0x33, 0x23, 
	0x22, 0x22, 0x22, 0x12, 0x11, 0x22, 0x34, 0x33, 0x34, 0x44, 0x35, 0x55, 0x66, 0x55, 0x55, 
	0x55, 0x55, 0x55, 0x44, 0x43, 0x32, 0x22, 0x11, 0x11, 0x01, 0x00, 0x11, 0x11, 0x11, 0x11, 
	0x11, 0x11, 0x11, 0x11, 0x11, 0x11, 0x10, 0x11, 0x11, 0x10, 0x11, 0x01, 0x12, 0x33, 0x44, 
	0x44, 0x44, 0x44, 0x44, 0x44, 0x44, 0x44, 0x45, 0x55, 0x66, 0x66, 0x77, 0x88, 0x89, 0xA9, 
	0x99, 0x99, 0x99, 0x99, 0x99, 0x9A, 0x99, 0x99, 0xAA, 0xAA, 0xAB, 0xBB, 0xBB, 0xBC, 0xCC, 
	0xC9, 0x31, 0x24, 0x55, 0x55, 0x55, 0x55, 0x55, 0x55, 0x43, 0x24, 0x66, 0x77, 0x77, 0x77, 
	0x77, 0x77, 0x78, 0x77, 0x67, 0x77, 0x77, 0x89, 0xDF, 0xED, 0xB9, 0x88, 0x77, 0x87, 0x70, 
	0x07, 0x77, 0x77, 0x88, 0x88, 0x99, 0x99, 0x99, 0x99, 0x98, 0x65, 0x56, 0x66, 0x66, 0x67, 
	0x77, 0x78, 0x88, 0x89, 0x98, 0x99, 0x98, 0x88, 0x88, 0x88, 0x89, 0x99, 0x99, 0xA9, 0x9A, 
	0xAA, 0xA8, 0x65, 0x54, 0x56, 0x66, 0x66, 0x66, 0x66, 0x54, 0x45, 0x44, 0x44, 0x44, 0x33, 
	0x33, 0x45, 0x54, 0x45, 0x43, 0x12, 0x21, 0x11, 0x12, 0x22, 0x23, 0x22, 0x22, 0x23, 0x23, 
	0x34, 0x44, 0x44, 0x32, 0x11, 0x12, 0x21, 0x22, 0x21, 0x11, 0x11, 0x11, 0x01, 0x10, 0x01, 
	0x11, 0x22, 0x23, 0x32, 0x11, 0x11, 0x11, 0x11, 0x22, 0x33, 0x22, 0x22, 0x33, 0x33, 0x33, 
	0x33, 0x22, 0x22, 0x22, 0x22, 0x22, 0x22, 0x23, 0x33, 0x33, 0x33, 0x44, 0x44, 0x44, 0x35, 
	0x44, 0x44, 0x44, 0x44, 0x44, 0x56, 0x66, 0x66, 0x66, 0x67, 0x78, 0x88, 0x88, 0x89, 0x99, 
	0x99, 0x98, 0x88, 0x88, 0x88, 0x88, 0x88, 0x98, 0x88, 0x88, 0x88, 0x88, 0x87, 0x65, 0x66, 
	0x65, 0x43, 0x44, 0x44, 0x55, 0x55, 0x55, 0x45, 0x55, 0x54, 0x34, 0x44, 0x44, 0x45, 0x54, 
	0x33, 0x45, 0x54, 0x44, 0x44, 0x44, 0x55, 0x54, 0x55, 0x54, 0x44, 0x44, 0x43, 0x33, 0x43, 
	0x33, 0x33, 0x33, 0x34, 0x33, 0x33, 0x22, 0x22, 0x23, 0x33, 0x33, 0x33, 0x34, 0x44, 0x44, 
	0x44, 0x33, 0x33, 0x32, 0x21, 0x11, 0x11, 0x00, 0x11, 0x11, 0x24, 0x44, 0x43, 0x33, 0x33, 
	0x22, 0x21, 0x22, 0x22, 0x21, 0x22, 0x33, 0x32, 0x33, 0x43, 0x35, 0x55, 0x55, 0x55, 0x55, 
	0x55, 0x44, 0x44, 0x34, 0x32, 0x21, 0x11, 0x11, 0x11, 0x01, 0x00, 0x11, 0x11, 0x12, 0x11, 
	0x12, 0x21, 0x11, 0x11, 0x11, 0x11, 0x11, 0x11, 0x11, 0x11, 0x01, 0x01, 0x12, 0x33, 0x44, 
	0x34, 0x44, 0x44, 0x44, 0x54, 0x44, 0x55, 0x55, 0x56, 0x66, 0x77, 0x78, 0x99, 0x99, 0x99, 
	0x99, 0x99, 0x99, 0x99, 0x9A, 0x9A, 0x99, 0x99, 0x9A, 0xAA, 0xAB, 0xBB, 0xBB, 0xBB, 0xCC, 
	0xC9, 0x42, 0x35, 0x55, 0x55, 0x55, 0x55, 0x53, 0x34, 0x43, 0x34, 0x67, 0x77, 0x77, 0x77, 
	0x77, 0x77, 0x88, 0x77, 0x67, 0x77, 0x77, 0x77, 0xAD, 0xDC, 0xA9, 0x88, 0x77, 0x77, 0x60, 
	0x07, 0x77, 0x77, 0x78, 0x88, 0x99, 0x99, 0x99, 0x99, 0x98, 0x65, 0x66, 0x66, 0x66, 0x67, 
	0x77, 0x78, 0x88, 0x89, 0x99, 0x99, 0x98, 0x88, 0x88, 0x88, 0x88, 0x99, 0x99, 0x9A, 0xAA, 
	0xA9, 0x75, 0x55, 0x56, 0x66, 0x65, 0x55, 0x66, 0x55, 0x54, 0x34, 0x44, 0x44, 0x43, 0x33, 
	0x33, 0x45, 0x55, 0x55, 0x43, 0x22, 0x11, 0x11, 0x11, 0x22, 0x22, 0x22, 0x22, 0x23, 0x22, 
	0x33, 0x33, 0x44, 0x44, 0x32, 0x22, 0x22, 0x22, 0x21, 0x11, 0x11, 0x11, 0x01, 0x11, 0x11, 
	0x01, 0x22, 0x22, 0x32, 0x11, 0x11, 0x11, 0x11, 0x22, 0x33, 0x32, 0x22, 0x33, 0x33, 0x33, 
	0x33, 0x32, 0x22, 0x22, 0x21, 0x22, 0x22, 0x23, 0x33, 0x33, 0x33, 0x44, 0x44, 0x43, 0x44, 
	0x44, 0x44, 0x44, 0x54, 0x44, 0x56, 0x66, 0x66, 0x76, 0x77, 0x77, 0x78, 0x88, 0x89, 0x99, 
	0x89, 0x98, 0x88, 0x88, 0x98, 0x89, 0x88, 0x88, 0x98, 0x98, 0x88, 0x88, 0x76, 0x66, 0x66, 
	0x65, 0x43, 0x44, 0x45, 0x55, 0x55, 0x55, 0x44, 0x54, 0x44, 0x44, 0x44, 0x44, 0x44, 0x45, 
	0x43, 0x45, 0x54, 0x44, 0x44, 0x44, 0x44, 0x55, 0x55, 0x54, 0x44, 0x43, 0x33, 0x34, 0x44, 
	0x33, 0x33, 0x33, 0x34, 0x33, 0x33, 0x22, 0x22, 0x32, 0x23, 0x33, 0x33, 0x34, 0x44, 0x43, 
	0x44, 0x44, 0x43, 0x32, 0x21, 0x11, 0x11, 0x00, 0x01, 0x12, 0x34, 0x44, 0x43, 0x33, 0x22, 
	0x22, 0x11, 0x11, 0x22, 0x11, 0x12, 0x23, 0x32, 0x22, 0x22, 0x23, 0x33, 0x44, 0x44, 0x44, 
	0x43, 0x32, 0x33, 0x22, 0x22, 0x11, 0x11, 0x11, 0x11, 0x00, 0x00, 0x11, 0x11, 0x12, 0x12, 
	0x21, 0x11, 0x11, 0x11, 0x11, 0x11, 0x11, 0x11, 0x11, 0x11, 0x10, 0x10, 0x12, 0x33, 0x34, 
	0x44, 0x44, 0x44, 0x45, 0x55, 0x55, 0x55, 0x55, 0x56, 0x67, 0x77, 0x78, 0x89, 0x99, 0x99, 
	0x98, 0x99, 0x99, 0x99, 0x9A, 0x99, 0x99, 0x99, 0x9A, 0xAA, 0xAB, 0xBB, 0xBC, 0xBC, 0xCC, 
	0xCA, 0x41, 0x24, 0x44, 0x45, 0x55, 0x55, 0x54, 0x33, 0x33, 0x23, 0x56, 0x77, 0x77, 0x77, 
	0x77, 0x77, 0x87, 0x77, 0x77, 0x77, 0x77, 0x77, 0x8A, 0xBA, 0x98, 0x88, 0x87, 0x77, 0x60, 
	0x07, 0x77, 0x77, 0x78, 0x88, 0x99, 0x99, 0x99, 0x99, 0x98, 0x65, 0x66, 0x66, 0x66, 0x66, 
	0x77, 0x77, 0x88, 0x88, 0x99, 0x99, 0x98, 0x88, 0x88, 0x88, 0x88, 0x99, 0x9A, 0xA9, 0xA9, 
	0x76, 0x54, 0x45, 0x67, 0x75, 0x66, 0x66, 0x65, 0x33, 0x33, 0x44, 0x43, 0x33, 0x33, 0x44, 
	0x43, 0x34, 0x67, 0x76, 0x54, 0x32, 0x11, 0x01, 0x11, 0x11, 0x11, 0x22, 0x22, 0x22, 0x22, 
	0x22, 0x33, 0x34, 0x44, 0x44, 0x33, 0x21, 0x22, 0x21, 0x11, 0x11, 0x11, 0x10, 0x01, 0x11, 
	0x11, 0x12, 0x22, 0x32, 0x11, 0x11, 0x11, 0x22, 0x23, 0x33, 0x33, 0x22, 0x33, 0x33, 0x33, 
	0x33, 0x22, 0x21, 0x22, 0x22, 0x22, 0x22, 0x22, 0x33, 0x33, 0x33, 0x34, 0x44, 0x44, 0x44, 
	0x44, 0x54, 0x44, 0x43, 0x45, 0x56, 0x66, 0x66, 0x76, 0x77, 0x77, 0x78, 0x88, 0x88, 0x88, 
	0x89, 0x88, 0x88, 0x89, 0x88, 0x89, 0x88, 0x88, 0x88, 0x88, 0x88, 0x88, 0x76, 0x66, 0x76, 
	0x65, 0x43, 0x44, 0x55, 0x55, 0x54, 0x45, 0x44, 0x44, 0x44, 0x44, 0x44, 0x44, 0x44, 0x55, 
	0x54, 0x44, 0x55, 0x44, 0x54, 0x44, 0x44, 0x45, 0x55, 0x54, 0x33, 0x44, 0x43, 0x33, 0x34, 
	0x33, 0x33, 0x33, 0x33, 0x33, 0x33, 0x32, 0x22, 0x32, 0x23, 0x32, 0x33, 0x33, 0x33, 0x44, 
	0x33, 0x44, 0x43, 0x22, 0x11, 0x11, 0x10, 0x01, 0x01, 0x12, 0x33, 0x34, 0x43, 0x33, 0x32, 
	0x22, 0x11, 0x11, 0x21, 0x11, 0x12, 0x23, 0x33, 0x21, 0x21, 0x12, 0x22, 0x22, 0x22, 0x33, 
	0x22, 0x12, 0x22, 0x11, 0x11, 0x11, 0x11, 0x11, 0x11, 0x11, 0x11, 0x11, 0x11, 0x12, 0x11, 
	0x11, 0x11, 0x11, 0x11, 0x11, 0x11, 0x11, 0x21, 0x11, 0x12, 0x11, 0x01, 0x11, 0x23, 0x33, 
	0x44, 0x44, 0x44, 0x45, 0x55, 0x55, 0x55, 0x55, 0x66, 0x67, 0x77, 0x78, 0x89, 0x99, 0x99, 
	0x98, 0x99, 0x99, 0x99, 0x9A, 0x99, 0x99, 0x99, 0x9A, 0xAA, 0xAB, 0xBB, 0xBC, 0xBC, 0xCC, 
	0xCA, 0x52, 0x34, 0x44, 0x44, 0x55, 0x55, 0x55, 0x33, 0x33, 0x22, 0x46, 0x66, 0x67, 0x76, 
	0x66, 0x77, 0x88, 0x87, 0x77, 0x77, 0x77, 0x77, 0x78, 0x99, 0x99, 0x88, 0x88, 0x87, 0x70, 
	0x07, 0x77, 0x77, 0x78, 0x88, 0x99, 0x99, 0x99, 0x99, 0x98, 0x75, 0x66, 0x66, 0x66, 0x66, 
	0x77, 0x77, 0x88, 0x88, 0x89, 0x99, 0x98, 0x88, 0x88, 0x88, 0x89, 0x99, 0x9A, 0xA9, 0x96, 
	0x45, 0x45, 0x56, 0x66, 0x65, 0x44, 0x45, 0x44, 0x33, 0x33, 0x34, 0x43, 0x33, 0x33, 0x34, 
	0x43, 0x34, 0x67, 0x77, 0x65, 0x42, 0x11, 0x11, 0x11, 0x11, 0x11, 0x22, 0x22, 0x22, 0x22, 
	0x33, 0x33, 0x33, 0x33, 0x44, 0x55, 0x42, 0x22, 0x21, 0x11, 0x11, 0x11, 0x11, 0x00, 0x11, 
	0x11, 0x11, 0x21, 0x11, 0x11, 0x11, 0x11, 0x12, 0x33, 0x33, 0x33, 0x22, 0x23, 0x33, 0x22, 
	0x32, 0x22, 0x22, 0x22, 0x22, 0x22, 0x22, 0x22, 0x33, 0x33, 0x33, 0x44, 0x43, 0x44, 0x44, 
	0x44, 0x44, 0x44, 0x33, 0x45, 0x66, 0x56, 0x66, 0x76, 0x77, 0x77, 0x88, 0x88, 0x88, 0x88, 
	0x88, 0x88, 0x99, 0x89, 0x88, 0x88, 0x88, 0x88, 0x88, 0x88, 0x88, 0x87, 0x77, 0x77, 0x76, 
	0x65, 0x43, 0x45, 0x55, 0x44, 0x44, 0x44, 0x44, 0x44, 0x44, 0x44, 0x44, 0x44, 0x45, 0x55, 
	0x55, 0x55, 0x45, 0x44, 0x45, 0x44, 0x44, 0x45, 0x55, 0x54, 0x44, 0x44, 0x43, 0x43, 0x33, 
	0x33, 0x33, 0x33, 0x32, 0x33, 0x32, 0x33, 0x22, 0x23, 0x32, 0x23, 0x33, 0x33, 0x34, 0x43, 
	0x33, 0x44, 0x43, 0x32, 0x11, 0x01, 0x11, 0x11, 0x11, 0x12, 0x23, 0x34, 0x43, 0x33, 0x32, 
	0x21, 0x11, 0x21, 0x22, 0x12, 0x11, 0x12, 0x33, 0x22, 0x22, 0x12, 0x12, 0x11, 0x12, 0x22, 
	0x11, 0x11, 0x11, 0x11, 0x11, 0x11, 0x11, 0x11, 0x11, 0x10, 0x11, 0x11, 0x11, 0x11, 0x21, 
	0x11, 0x22, 0x12, 0x11, 0x11, 0x11, 0x11, 0x21, 0x12, 0x11, 0x11, 0x11, 0x11, 0x23, 0x33, 
	0x34, 0x44, 0x44, 0x45, 0x55, 0x55, 0x55, 0x56, 0x66, 0x66, 0x77, 0x78, 0x89, 0x99, 0x99, 
	0x88, 0x88, 0x99, 0x99, 0x99, 0x99, 0x99, 0x99, 0x9A, 0xAA, 0xAB, 0xBB, 0xBB, 0xBC, 0xCC, 
	0xCB, 0x53, 0x44, 0x44, 0x43, 0x44, 0x55, 0x44, 0x43, 0x22, 0x32, 0x35, 0x54, 0x66, 0x66, 
	0x66, 0x78, 0x87, 0x77, 0x77, 0x77, 0x77, 0x77, 0x78, 0x88, 0x99, 0x88, 0x99, 0x87, 0x60, 
	0x07, 0x77, 0x77, 0x78, 0x88, 0x89, 0x99, 0x99, 0x99, 0x98, 0x75, 0x66, 0x66, 0x66, 0x66, 
	0x77, 0x77, 0x88, 0x88, 0x89, 0x99, 0x98, 0x88, 0x88, 0x88, 0x99, 0x99, 0x99, 0x99, 0x74, 
	0x45, 0x56, 0x66, 0x56, 0x66, 0x54, 0x44, 0x33, 0x33, 0x33, 0x34, 0x43, 0x33, 0x33, 0x33, 
	0x44, 0x44, 0x56, 0x77, 0x77, 0x53, 0x11, 0x11, 0x00, 0x11, 0x11, 0x11, 0x22, 0x21, 0x12, 
	0x33, 0x23, 0x33, 0x33, 0x34, 0x55, 0x55, 0x43, 0x22, 0x21, 0x11, 0x11, 0x01, 0x10, 0x11, 
	0x00, 0x11, 0x11, 0x11, 0x22, 0x33, 0x22, 0x22, 0x33, 0x33, 0x22, 0x22, 0x22, 0x33, 0x33, 
	0x33, 0x23, 0x22, 0x22, 0x22, 0x22, 0x22, 0x22, 0x33, 0x33, 0x33, 0x34, 0x43, 0x44, 0x44, 
	0x45, 0x43, 0x43, 0x33, 0x45, 0x55, 0x55, 0x67, 0x76, 0x77, 0x77, 0x78, 0x88, 0x88, 0x98, 
	0x98, 0x89, 0x99, 0x88, 0x88, 0x88, 0x88, 0x88, 0x88, 0x88, 0x88, 0x87, 0x77, 0x77, 0x76, 
	0x65, 0x44, 0x55, 0x55, 0x44, 0x54, 0x44, 0x44, 0x44, 0x44, 0x44, 0x44, 0x44, 0x55, 0x55, 
	0x65, 0x55, 0x55, 0x55, 0x55, 0x55, 0x44, 0x55, 0x55, 0x54, 0x43, 0x34, 0x44, 0x44, 0x33, 
	0x34, 0x33, 0x33, 0x32, 0x23, 0x32, 0x22, 0x32, 0x22, 0x32, 0x33, 0x33, 0x34, 0x44, 0x33, 
	0x44, 0x44, 0x44, 0x32, 0x21, 0x11, 0x11, 0x11, 0x11, 0x12, 0x22, 0x34, 0x43, 0x32, 0x22, 
	0x21, 0x22, 0x22, 0x22, 0x12, 0x00, 0x12, 0x33, 0x21, 0x11, 0x22, 0x12, 0x12, 0x22, 0x21, 
	0x22, 0x21, 0x11, 0x11, 0x11, 0x11, 0x11, 0x11, 0x11, 0x10, 0x11, 0x11, 0x11, 0x11, 0x11, 
	0x11, 0x21, 0x11, 0x11, 0x11, 0x11, 0x12, 0x11, 0x11, 0x21, 0x11, 0x01, 0x11, 0x33, 0x33, 
	0x33, 0x44, 0x44, 0x44, 0x44, 0x55, 0x55, 0x56, 0x66, 0x66, 0x77, 0x88, 0x88, 0x99, 0x98, 
	0x89, 0x88, 0x99, 0x99, 0x99, 0x99, 0x99, 0x99, 0x9A, 0xAA, 0xAB, 0xBB, 0xBB, 0xBC, 0xCC, 
	0xCB, 0x63, 0x33, 0x44, 0x33, 0x44, 0x45, 0x34, 0x54, 0x22, 0x23, 0x34, 0x54, 0x56, 0x67, 
	0x76, 0x78, 0x77, 0x66, 0x66, 0x77, 0x77, 0x77, 0x77, 0x77, 0x88, 0x87, 0x88, 0x87, 0x60, 
	0x07, 0x77, 0x77, 0x77, 0x88, 0x88, 0x99, 0x99, 0x99, 0x98, 0x76, 0x66, 0x66, 0x66, 0x66, 
	0x77, 0x77, 0x88, 0x88, 0x88, 0x99, 0x98, 0x88, 0x88, 0x88, 0x89, 0x99, 0x99, 0x96, 0x55, 
	0x56, 0x66, 0x66, 0x55, 0x54, 0x33, 0x33, 0x33, 0x33, 0x33, 0x44, 0x43, 0x33, 0x33, 0x44, 
	0x33, 0x44, 0x56, 0x77, 0x77, 0x65, 0x32, 0x11, 0x11, 0x11, 0x11, 0x11, 0x12, 0x22, 0x22, 
	0x23, 0x32, 0x23, 0x33, 0x34, 0x44, 0x45, 0x55, 0x43, 0x32, 0x11, 0x11, 0x10, 0x11, 0x11, 
	0x11, 0x11, 0x11, 0x11, 0x22, 0x34, 0x44, 0x33, 0x32, 0x22, 0x22, 0x22, 0x23, 0x33, 0x33, 
	0x32, 0x22, 0x22, 0x22, 0x22, 0x22, 0x22, 0x22, 0x22, 0x33, 0x33, 0x34, 0x34, 0x44, 0x34, 
	0x44, 0x44, 0x43, 0x45, 0x55, 0x44, 0x55, 0x67, 0x66, 0x77, 0x77, 0x78, 0x88, 0x78, 0x88, 
	0x98, 0x89, 0x98, 0x88, 0x88, 0x88, 0x88, 0x88, 0x88, 0x98, 0x98, 0x87, 0x78, 0x77, 0x66, 
	0x65, 0x45, 0x66, 0x64, 0x44, 0x45, 0x54, 0x44, 0x44, 0x44, 0x44, 0x44, 0x44, 0x55, 0x56, 
	0x66, 0x65, 0x56, 0x65, 0x55, 0x55, 0x54, 0x45, 0x55, 0x54, 0x43, 0x34, 0x43, 0x33, 0x43, 
	0x33, 0x33, 0x33, 0x33, 0x22, 0x22, 0x22, 0x32, 0x22, 0x22, 0x22, 0x33, 0x33, 0x44, 0x43, 
	0x33, 0x44, 0x33, 0x32, 0x22, 0x11, 0x10, 0x00, 0x01, 0x11, 0x22, 0x23, 0x43, 0x33, 0x22, 
	0x22, 0x22, 0x22, 0x22, 0x11, 0x11, 0x12, 0x33, 0x32, 0x11, 0x11, 0x12, 0x12, 0x22, 0x21, 
	0x22, 0x21, 0x11, 0x12, 0x11, 0x21, 0x12, 0x10, 0x00, 0x10, 0x11, 0x11, 0x11, 0x11, 0x12, 
	0x11, 0x11, 0x11, 0x11, 0x11, 0x21, 0x12, 0x11, 0x11, 0x12, 0x11, 0x01, 0x01, 0x23, 0x33, 
	0x33, 0x44, 0x44, 0x44, 0x44, 0x55, 0x55, 0x55, 0x66, 0x66, 0x77, 0x78, 0x89, 0x89, 0x88, 
	0x89, 0x89, 0x99, 0x99, 0x99, 0x99, 0x99, 0x99, 0x9A, 0xAB, 0xBA, 0xBB, 0xBB, 0xBB, 0xCC, 
	0xCB, 0x73, 0x44, 0x34, 0x34, 0x54, 0x45, 0x44, 0x45, 0x53, 0x12, 0x34, 0x66, 0x66, 0x77, 
	0x66, 0x76, 0x66, 0x66, 0x66, 0x56, 0x66, 0x76, 0x77, 0x66, 0x77, 0x77, 0x77, 0x77, 0x60, 
	0x07, 0x77, 0x77, 0x77, 0x88, 0x88, 0x89, 0x99, 0x89, 0x99, 0x86, 0x56, 0x66, 0x66, 0x66, 
	0x67, 0x77, 0x88, 0x88, 0x88, 0x99, 0x99, 0x88, 0x88, 0x88, 0x98, 0x89, 0x99, 0x65, 0x56, 
	0x76, 0x55, 0x55, 0x55, 0x43, 0x34, 0x34, 0x33, 0x33, 0x43, 0x33, 0x44, 0x44, 0x44, 0x34, 
	0x44, 0x43, 0x34, 0x67, 0x77, 0x65, 0x42, 0x21, 0x11, 0x11, 0x11, 0x12, 0x22, 0x22, 0x22, 
	0x22, 0x22, 0x22, 0x23, 0x34, 0x33, 0x45, 0x55, 0x56, 0x53, 0x21, 0x11, 0x11, 0x11, 0x11, 
	0x11, 0x11, 0x10, 0x11, 0x22, 0x34, 0x55, 0x43, 0x21, 0x22, 0x21, 0x22, 0x33, 0x33, 0x22, 
	0x33, 0x32, 0x22, 0x22, 0x22, 0x22, 0x22, 0x22, 0x22, 0x33, 0x23, 0x44, 0x44, 0x43, 0x44, 
	0x44, 0x44, 0x44, 0x44, 0x55, 0x45, 0x56, 0x76, 0x66, 0x77, 0x76, 0x78, 0x78, 0x88, 0x88, 
	0x88, 0x89, 0x99, 0x88, 0x88, 0x88, 0x88, 0x88, 0x88, 0x88, 0x88, 0x87, 0x78, 0x77, 0x76, 
	0x55, 0x45, 0x66, 0x65, 0x34, 0x44, 0x54, 0x44, 0x34, 0x44, 0x44, 0x44, 0x55, 0x56, 0x56, 
	0x66, 0x56, 0x55, 0x66, 0x55, 0x55, 0x56, 0x55, 0x55, 0x54, 0x44, 0x43, 0x33, 0x33, 0x33, 
	0x33, 0x33, 0x43, 0x33, 0x33, 0x22, 0x22, 0x32, 0x22, 0x22, 0x33, 0x33, 0x33, 0x33, 0x34, 
	0x34, 0x44, 0x33, 0x22, 0x22, 0x21, 0x10, 0x11, 0x01, 0x11, 0x22, 0x33, 0x33, 0x33, 0x22, 
	0x22, 0x22, 0x22, 0x22, 0x22, 0x22, 0x22, 0x33, 0x32, 0x21, 0x22, 0x22, 0x23, 0x22, 0x22, 
	0x22, 0x22, 0x21, 0x11, 0x11, 0x12, 0x11, 0x11, 0x11, 0x10, 0x11, 0x11, 0x11, 0x11, 0x12, 
	0x11, 0x11, 0x11, 0x11, 0x11, 0x11, 0x11, 0x11, 0x22, 0x11, 0x11, 0x10, 0x11, 0x23, 0x33, 
	0x44, 0x44, 0x44, 0x44, 0x44, 0x45, 0x55, 0x55, 0x66, 0x66, 0x77, 0x78, 0x88, 0x98, 0x89, 
	0x89, 0x88, 0x98, 0x99, 0x89, 0x99, 0x99, 0x99, 0x9A, 0xAA, 0xBB, 0xBB, 0xBB, 0xBB, 0xBC, 
	0xCB, 0x73, 0x33, 0x33, 0x45, 0x54, 0x55, 0x54, 0x44, 0x54, 0x33, 0x46, 0x55, 0x55, 0x66, 
	0x55, 0x66, 0x55, 0x44, 0x44, 0x66, 0x55, 0x67, 0x66, 0x76, 0x66, 0x66, 0x77, 0x77, 0x60, 
	0x07, 0x77, 0x77, 0x77, 0x88, 0x88, 0x89, 0x99, 0x99, 0x99, 0x86, 0x56, 0x56, 0x66, 0x66, 
	0x77, 0x77, 0x88, 0x88, 0x89, 0x99, 0x99, 0x88, 0x88, 0x98, 0x89, 0x99, 0x75, 0x66, 0x66, 
	0x65, 0x54, 0x54, 0x44, 0x43, 0x33, 0x33, 0x33, 0x33, 0x33, 0x34, 0x43, 0x33, 0x44, 0x33, 
	0x33, 0x33, 0x34, 0x55, 0x76, 0x66, 0x53, 0x22, 0x10, 0x01, 0x11, 0x12, 0x22, 0x22, 0x22, 
	0x32, 0x22, 0x22, 0x22, 0x33, 0x33, 0x33, 0x44, 0x45, 0x54, 0x33, 0x21, 0x21, 0x11, 0x11, 
	0x11, 0x11, 0x11, 0x11, 0x24, 0x45, 0x55, 0x54, 0x32, 0x22, 0x22, 0x22, 0x23, 0x33, 0x33, 
	0x32, 0x22, 0x22, 0x22, 0x22, 0x22, 0x22, 0x22, 0x22, 0x22, 0x33, 0x33, 0x44, 0x33, 0x34, 
	0x44, 0x44, 0x44, 0x44, 0x44, 0x45, 0x56, 0x66, 0x67, 0x77, 0x66, 0x77, 0x78, 0x77, 0x88, 
	0x88, 0x99, 0x99, 0x88, 0x88, 0x88, 0x88, 0x88, 0x88, 0x88, 0x88, 0x87, 0x78, 0x77, 0x76, 
	0x55, 0x55, 0x66, 0x55, 0x45, 0x45, 0x44, 0x44, 0x34, 0x34, 0x44, 0x45, 0x55, 0x66, 0x55, 
	0x66, 0x66, 0x66, 0x66, 0x56, 0x55, 0x55, 0x55, 0x55, 0x54, 0x44, 0x44, 0x33, 0x43, 0x33, 
	0x33, 0x33, 0x43, 0x22, 0x22, 0x22, 0x22, 0x33, 0x33, 0x22, 0x22, 0x33, 0x33, 0x33, 0x33, 
	0x33, 0x33, 0x33, 0x22, 0x21, 0x11, 0x11, 0x11, 0x11, 0x11, 0x22, 0x22, 0x33, 0x32, 0x22, 
	0x22, 0x12, 0x22, 0x22, 0x11, 0x22, 0x11, 0x23, 0x32, 0x21, 0x12, 0x23, 0x22, 0x32, 0x22, 
	0x22, 0x22, 0x22, 0x22, 0x21, 0x11, 0x11, 0x11, 0x11, 0x11, 0x11, 0x11, 0x22, 0x21, 0x11, 
	0x11, 0x11, 0x11, 0x11, 0x11, 0x11, 0x11, 0x11, 0x12, 0x11, 0x11, 0x11, 0x10, 0x12, 0x33, 
	0x33, 0x34, 0x44, 0x44, 0x44, 0x55, 0x55, 0x55, 0x56, 0x66, 0x67, 0x88, 0x88, 0x88, 0x88, 
	0x88, 0x88, 0x98, 0x89, 0x98, 0x99, 0x99, 0x99, 0x9A, 0xAA, 0xBB, 0xBB, 0xBB, 0xBB, 0xCB, 
	0xBB, 0x83, 0x32, 0x23, 0x34, 0x44, 0x46, 0x65, 0x44, 0x45, 0x56, 0x55, 0x44, 0x44, 0x45, 
	0x54, 0x56, 0x65, 0x55, 0x66, 0x67, 0x64, 0x46, 0x76, 0x66, 0x65, 0x56, 0x77, 0x76, 0x60, 
	0x07, 0x77, 0x77, 0x77, 0x78, 0x88, 0x88, 0x98, 0x99, 0x89, 0x86, 0x55, 0x66, 0x66, 0x66, 
	0x77, 0x77, 0x88, 0x88, 0x89, 0x99, 0x99, 0x88, 0x88, 0x88, 0x88, 0x86, 0x56, 0x55, 0x66, 
	0x65, 0x55, 0x54, 0x44, 0x43, 0x33, 0x34, 0x33, 0x44, 0x33, 0x44, 0x45, 0x54, 0x44, 0x44, 
	0x44, 0x33, 0x34, 0x44, 0x55, 0x65, 0x54, 0x32, 0x11, 0x11, 0x11, 0x11, 0x11, 0x21, 0x12, 
	0x22, 0x22, 0x22, 0x22, 0x32, 0x12, 0x33, 0x33, 0x33, 0x44, 0x44, 0x43, 0x21, 0x11, 0x11, 
	0x11, 0x11, 0x11, 0x11, 0x23, 0x45, 0x55, 0x54, 0x32, 0x22, 0x22, 0x22, 0x22, 0x33, 0x32, 
	0x22, 0x23, 0x22, 0x22, 0x22, 0x22, 0x22, 0x22, 0x22, 0x13, 0x33, 0x34, 0x44, 0x33, 0x35, 
	0x43, 0x44, 0x44, 0x44, 0x45, 0x55, 0x56, 0x55, 0x67, 0x76, 0x67, 0x87, 0x78, 0x77, 0x88, 
	0x88, 0x89, 0x98, 0x88, 0x88, 0x88, 0x88, 0x88, 0x88, 0x88, 0x88, 0x87, 0x88, 0x77, 0x76, 
	0x65, 0x55, 0x66, 0x44, 0x44, 0x44, 0x33, 0x43, 0x33, 0x34, 0x45, 0x55, 0x65, 0x66, 0x55, 
	0x66, 0x66, 0x66, 0x66, 0x66, 0x55, 0x56, 0x56, 0x55, 0x54, 0x44, 0x44, 0x43, 0x33, 0x33, 
	0x33, 0x33, 0x33, 0x33, 0x22, 0x22, 0x22, 0x22, 0x33, 0x22, 0x22, 0x32, 0x33, 0x33, 0x33, 
	0x33, 0x33, 0x32, 0x21, 0x11, 0x11, 0x11, 0x11, 0x11, 0x11, 0x22, 0x22, 0x23, 0x33, 0x32, 
	0x22, 0x22, 0x22, 0x22, 0x22, 0x22, 0x22, 0x24, 0x43, 0x22, 0x22, 0x22, 0x22, 0x22, 0x23, 
	0x32, 0x23, 0x22, 0x22, 0x22, 0x22, 0x21, 0x11, 0x11, 0x11, 0x11, 0x11, 0x12, 0x21, 0x11, 
	0x11, 0x11, 0x12, 0x11, 0x11, 0x11, 0x11, 0x11, 0x12, 0x11, 0x22, 0x11, 0x11, 0x12, 0x33, 
	0x33, 0x34, 0x44, 0x44, 0x44, 0x44, 0x45, 0x55, 0x55, 0x66, 0x67, 0x88, 0x88, 0x88, 0x88, 
	0x88, 0x89, 0x98, 0x89, 0x98, 0x89, 0x99, 0x99, 0x9A, 0xAA, 0xAB, 0xBB, 0xBB, 0xBB, 0xBB, 
	0xCC, 0xA4, 0x22, 0x33, 0x43, 0x44, 0x46, 0x55, 0x54, 0x45, 0x55, 0x44, 0x44, 0x43, 0x44, 
	0x55, 0x66, 0x77, 0x66, 0x76, 0x57, 0x76, 0x55, 0x67, 0x66, 0x66, 0x56, 0x66, 0x76, 0x60, 
	0x07, 0x77, 0x77, 0x77, 0x78, 0x88, 0x88, 0x88, 0x98, 0x89, 0x87, 0x65, 0x66, 0x66, 0x66, 
	0x77, 0x77, 0x78, 0x88, 0x89, 0x99, 0x99, 0x88, 0x88, 0x88, 0x87, 0x65, 0x55, 0x55, 0x55, 
	0x54, 0x43, 0x33, 0x34, 0x33, 0x34, 0x34, 0x33, 0x34, 0x43, 0x45, 0x44, 0x44, 0x44, 0x44, 
	0x44, 0x33, 0x22, 0x22, 0x34, 0x56, 0x44, 0x32, 0x11, 0x11, 0x11, 0x22, 0x11, 0x12, 0x21, 
	0x11, 0x22, 0x21, 0x11, 0x21, 0x11, 0x22, 0x22, 0x23, 0x33, 0x33, 0x45, 0x53, 0x31, 0x12, 
	0x11, 0x11, 0x01, 0x11, 0x22, 0x45, 0x55, 0x53, 0x22, 0x12, 0x12, 0x12, 0x22, 0x32, 0x32, 
	0x22, 0x23, 0x22, 0x22, 0x22, 0x22, 0x22, 0x22, 0x23, 0x23, 0x34, 0x44, 0x44, 0x33, 0x34, 
	0x33, 0x44, 0x44, 0x44, 0x45, 0x55, 0x55, 0x55, 0x67, 0x66, 0x67, 0x77, 0x77, 0x78, 0x88, 
	0x88, 0x88, 0x88, 0x88, 0x88, 0x88, 0x88, 0x88, 0x88, 0x88, 0x87, 0x88, 0x78, 0x88, 0x76, 
	0x65, 0x56, 0x65, 0x44, 0x34, 0x43, 0x33, 0x33, 0x33, 0x44, 0x45, 0x56, 0x66, 0x66, 0x65, 
	0x56, 0x66, 0x66, 0x66, 0x66, 0x55, 0x55, 0x55, 0x65, 0x54, 0x44, 0x44, 0x44, 0x43, 0x33, 
	0x33, 0x33, 0x33, 0x33, 0x22, 0x22, 0x22, 0x22, 0x22, 0x22, 0x33, 0x32, 0x23, 0x33, 0x33, 
	0x33, 0x43, 0x32, 0x11, 0x12, 0x21, 0x11, 0x11, 0x11, 0x22, 0x22, 0x22, 0x22, 0x23, 0x33, 
	0x22, 0x22, 0x22, 0x22, 0x22, 0x22, 0x22, 0x23, 0x43, 0x22, 0x22, 0x22, 0x23, 0x22, 0x22, 
	0x33, 0x33, 0x22, 0x22, 0x22, 0x22, 0x22, 0x11, 0x11, 0x11, 0x11, 0x11, 0x11, 0x21, 0x11, 
	0x11, 0x12, 0x11, 0x11, 0x11, 0x11, 0x11, 0x11, 0x22, 0x11, 0x21, 0x11, 0x11, 0x12, 0x33, 
	0x33, 0x34, 0x44, 0x44, 0x44, 0x44, 0x45, 0x55, 0x55, 0x66, 0x67, 0x88, 0x88, 0x88, 0x88, 
	0x88, 0x89, 0x98, 0x88, 0x98, 0x89, 0x99, 0x99, 0x9A, 0xAB, 0xAA, 0xBB, 0xBB, 0xBB, 0xBC, 
	0xCC, 0xC7, 0x22, 0x33, 0x33, 0x44, 0x45, 0x44, 0x65, 0x55, 0x43, 0x33, 0x44, 0x33, 0x33, 
	0x45, 0x67, 0x77, 0x76, 0x66, 0x56, 0x66, 0x66, 0x66, 0x76, 0x66, 0x66, 0x55, 0x66, 0x60, 
	0x06, 0x77, 0x77, 0x77, 0x78, 0x88, 0x88, 0x88, 0x98, 0x88, 0x87, 0x65, 0x56, 0x66, 0x66, 
	0x77, 0x77, 0x78, 0x88, 0x88, 0x99, 0x99, 0x88, 0x88, 0x87, 0x65, 0x65, 0x45, 0x45, 0x43, 
	0x44, 0x43, 0x44, 0x43, 0x33, 0x33, 0x34, 0x44, 0x55, 0x44, 0x34, 0x44, 0x43, 0x34, 0x54, 
	0x43, 0x43, 0x32, 0x23, 0x23, 0x45, 0x55, 0x43, 0x21, 0x11, 0x11, 0x11, 0x11, 0x11, 0x11, 
	0x11, 0x11, 0x11, 0x11, 0x11, 0x11, 0x12, 0x22, 0x22, 0x22, 0x22, 0x24, 0x54, 0x54, 0x21, 
	0x11, 0x11, 0x11, 0x11, 0x22, 0x24, 0x44, 0x43, 0x21, 0x11, 0x12, 0x22, 0x22, 0x22, 0x33, 
	0x33, 0x22, 0x22, 0x22, 0x22, 0x22, 0x22, 0x22, 0x23, 0x33, 0x33, 0x33, 0x44, 0x33, 0x43, 
	0x33, 0x44, 0x43, 0x44, 0x45, 0x54, 0x55, 0x55, 0x66, 0x66, 0x67, 0x76, 0x77, 0x78, 0x88, 
	0x88, 0x88, 0x88, 0x88, 0x88, 0x88, 0x88, 0x88, 0x88, 0x88, 0x87, 0x77, 0x77, 0x88, 0x76, 
	0x66, 0x66, 0x54, 0x43, 0x34, 0x43, 0x33, 0x23, 0x44, 0x44, 0x45, 0x55, 0x66, 0x66, 0x65, 
	0x55, 0x65, 0x55, 0x65, 0x55, 0x55, 0x55, 0x56, 0x55, 0x54, 0x44, 0x44, 0x44, 0x43, 0x33, 
	0x33, 0x33, 0x33, 0x33, 0x22, 0x22, 0x22, 0x22, 0x22, 0x22, 0x22, 0x32, 0x23, 0x33, 0x33, 
	0x33, 0x33, 0x32, 0x22, 0x12, 0x22, 0x21, 0x11, 0x11, 0x22, 0x21, 0x12, 0x22, 0x22, 0x23, 
	0x32, 0x22, 0x22, 0x32, 0x22, 0x12, 0x22, 0x23, 0x33, 0x22, 0x22, 0x23, 0x33, 0x22, 0x23, 
	0x33, 0x22, 0x32, 0x22, 0x22, 0x22, 0x22, 0x22, 0x11, 0x11, 0x11, 0x21, 0x12, 0x11, 0x11, 
	0x11, 0x11, 0x11, 0x11, 0x11, 0x10, 0x11, 0x11, 0x12, 0x22, 0x21, 0x12, 0x11, 0x11, 0x23, 
	0x33, 0x34, 0x44, 0x44, 0x44, 0x44, 0x45, 0x55, 0x55, 0x56, 0x67, 0x78, 0x87, 0x77, 0x88, 
	0x88, 0x88, 0x88, 0x88, 0x98, 0x89, 0x99, 0x99, 0xAA, 0xAB, 0xAA, 0xAB, 0xBB, 0xBB, 0xBC, 
	0xBB, 0xC8, 0x21, 0x22, 0x23, 0x34, 0x45, 0x44, 0x65, 0x53, 0x33, 0x22, 0x33, 0x33, 0x34, 
	0x66, 0x77, 0x78, 0x77, 0x65, 0x45, 0x55, 0x56, 0x66, 0x77, 0x66, 0x65, 0x54, 0x55, 0x60, 
	0x06, 0x77, 0x77, 0x77, 0x78, 0x88, 0x88, 0x89, 0x98, 0x88, 0x87, 0x65, 0x56, 0x66, 0x66, 
	0x66, 0x77, 0x78, 0x88, 0x88, 0x99, 0x99, 0x88, 0x88, 0x74, 0x56, 0x65, 0x55, 0x54, 0x32, 
	0x23, 0x33, 0x33, 0x33, 0x33, 0x33, 0x44, 0x44, 0x44, 0x44, 0x44, 0x44, 0x44, 0x43, 0x34, 
	0x43, 0x33, 0x33, 0x23, 0x33, 0x45, 0x65, 0x43, 0x21, 0x11, 0x11, 0x00, 0x11, 0x11, 0x11, 
	0x11, 0x00, 0x01, 0x11, 0x11, 0x11, 0x11, 0x11, 0x12, 0x22, 0x22, 0x23, 0x34, 0x55, 0x43, 
	0x22, 0x11, 0x11, 0x11, 0x21, 0x12, 0x22, 0x22, 0x21, 0x11, 0x22, 0x22, 0x22, 0x22, 0x32, 
	0x22, 0x22, 0x22, 0x22, 0x22, 0x22, 0x21, 0x22, 0x22, 0x23, 0x33, 0x34, 0x44, 0x33, 0x33, 
	0x34, 0x44, 0x33, 0x44, 0x45, 0x44, 0x54, 0x56, 0x66, 0x66, 0x77, 0x77, 0x77, 0x78, 0x77, 
	0x88, 0x88, 0x88, 0x88, 0x88, 0x88, 0x88, 0x88, 0x88, 0x88, 0x87, 0x88, 0x78, 0x88, 0x77, 
	0x76, 0x66, 0x55, 0x43, 0x43, 0x34, 0x23, 0x33, 0x44, 0x44, 0x44, 0x55, 0x56, 0x66, 0x65, 
	0x55, 0x66, 0x55, 0x55, 0x55, 0x55, 0x55, 0x55, 0x55, 0x55, 0x44, 0x44, 0x44, 0x43, 0x33, 
	0x33, 0x33, 0x33, 0x23, 0x22, 0x22, 0x22, 0x22, 0x22, 0x22, 0x22, 0x32, 0x23, 0x33, 0x33, 
	0x33, 0x33, 0x33, 0x22, 0x21, 0x11, 0x11, 0x01, 0x12, 0x22, 0x22, 0x22, 0x22, 0x22, 0x22, 
	0x22, 0x22, 0x22, 0x22, 0x22, 0x22, 0x21, 0x12, 0x33, 0x32, 0x22, 0x23, 0x22, 0x22, 0x23, 
	0x32, 0x33, 0x32, 0x22, 0x22, 0x22, 0x22, 0x22, 0x11, 0x11, 0x11, 0x21, 0x12, 0x22, 0x11, 
	0x21, 0x21, 0x22, 0x11, 0x11, 0x11, 0x11, 0x11, 0x11, 0x11, 0x11, 0x11, 0x11, 0x12, 0x22, 
	0x33, 0x33, 0x34, 0x44, 0x44, 0x44, 0x44, 0x45, 0x55, 0x55, 0x67, 0x78, 0x87, 0x77, 0x78, 
	0x88, 0x88, 0x88, 0x88, 0x88, 0x89, 0x99, 0x99, 0xAA, 0xAA, 0xAA, 0xAB, 0xBB, 0xBB, 0xBB, 
	0xCB, 0xB8, 0x21, 0x23, 0x12, 0x23, 0x45, 0x45, 0x44, 0x32, 0x22, 0x33, 0x32, 0x23, 0x45, 
	0x67, 0x77, 0x76, 0x66, 0x65, 0x44, 0x44, 0x44, 0x55, 0x67, 0x76, 0x65, 0x54, 0x45, 0x50, 
	0x06, 0x77, 0x77, 0x77, 0x78, 0x88, 0x88, 0x89, 0x98, 0x88, 0x87, 0x65, 0x66, 0x66, 0x66, 
	0x66, 0x77, 0x78, 0x88, 0x88, 0x99, 0x88, 0x88, 0x76, 0x55, 0x66, 0x65, 0x44, 0x43, 0x33, 
	0x33, 0x23, 0x33, 0x33, 0x33, 0x34, 0x44, 0x55, 0x44, 0x33, 0x45, 0x54, 0x44, 0x44, 0x23, 
	0x32, 0x33, 0x33, 0x32, 0x23, 0x34, 0x55, 0x54, 0x21, 0x11, 0x11, 0x10, 0x01, 0x10, 0x01, 
	0x11, 0x10, 0x01, 0x11, 0x11, 0x11, 0x11, 0x11, 0x12, 0x11, 0x12, 0x22, 0x33, 0x45, 0x43, 
	0x33, 0x22, 0x22, 0x22, 0x22, 0x22, 0x11, 0x11, 0x22, 0x22, 0x22, 0x21, 0x23, 0x23, 0x22, 
	0x22, 0x23, 0x22, 0x22, 0x22, 0x32, 0x22, 0x32, 0x22, 0x33, 0x33, 0x34, 0x43, 0x34, 0x33, 
	0x34, 0x43, 0x34, 0x54, 0x44, 0x55, 0x54, 0x56, 0x66, 0x66, 0x77, 0x77, 0x77, 0x77, 0x77, 
	0x78, 0x88, 0x88, 0x88, 0x88, 0x88, 0x88, 0x88, 0x88, 0x88, 0x88, 0x88, 0x78, 0x88, 0x77, 
	0x76, 0x66, 0x55, 0x43, 0x43, 0x23, 0x23, 0x44, 0x44, 0x44, 0x44, 0x56, 0x66, 0x66, 0x66, 
	0x66, 0x66, 0x65, 0x66, 0x55, 0x55, 0x55, 0x55, 0x55, 0x55, 0x44, 0x44, 0x44, 0x33, 0x33, 
	0x33, 0x33, 0x33, 0x23, 0x33, 0x22, 0x22, 0x22, 0x22, 0x22, 0x22, 0x22, 0x22, 0x33, 0x33, 
	0x33, 0x33, 0x32, 0x21, 0x11, 0x01, 0x11, 0x11, 0x12, 0x22, 0x22, 0x22, 0x32, 0x22, 0x22, 
	0x22, 0x22, 0x22, 0x22, 0x22, 0x22, 0x21, 0x12, 0x33, 0x32, 0x22, 0x22, 0x22, 0x22, 0x33, 
	0x33, 0x23, 0x33, 0x32, 0x22, 0x22, 0x22, 0x22, 0x22, 0x11, 0x11, 0x21, 0x12, 0x22, 0x11, 
	0x11, 0x11, 0x21, 0x11, 0x11, 0x12, 0x11, 0x11, 0x11, 0x11, 0x11, 0x11, 0x11, 0x11, 0x22, 
	0x23, 0x33, 0x33, 0x44, 0x44, 0x44, 0x44, 0x45, 0x55, 0x55, 0x66, 0x77, 0x76, 0x77, 0x78, 
	0x88, 0x88, 0x88, 0x88, 0x89, 0x89, 0x99, 0x99, 0x9A, 0xAA, 0xAA, 0xAB, 0xBB, 0xBB, 0xBB, 
	0xBB, 0xBA, 0x31, 0x22, 0x12, 0x22, 0x24, 0x44, 0x32, 0x22, 0x22, 0x34, 0x32, 0x33, 0x46, 
	0x77, 0x66, 0x64, 0x54, 0x44, 0x34, 0x44, 0x44, 0x45, 0x55, 0x67, 0x65, 0x54, 0x45, 0x50, 
	0x06, 0x77, 0x77, 0x77, 0x78, 0x88, 0x88, 0x88, 0x88, 0x89, 0x98, 0x65, 0x56, 0x66, 0x66, 
	0x77, 0x77, 0x78, 0x88, 0x88, 0x88, 0x88, 0x88, 0x65, 0x67, 0x76, 0x55, 0x43, 0x33, 0x22, 
	0x22, 0x33, 0x33, 0x33, 0x34, 0x44, 0x44, 0x43, 0x34, 0x44, 0x43, 0x44, 0x42, 0x33, 0x33, 
	0x33, 0x32, 0x23, 0x23, 0x33, 0x33, 0x35, 0x55, 0x32, 0x11, 0x11, 0x11, 0x11, 0x00, 0x11, 
	0x10, 0x11, 0x11, 0x11, 0x11, 0x11, 0x01, 0x11, 0x11, 0x11, 0x11, 0x22, 0x23, 0x44, 0x44, 
	0x44, 0x33, 0x32, 0x21, 0x21, 0x11, 0x11, 0x11, 0x22, 0x23, 0x32, 0x22, 0x22, 0x23, 0x23, 
	0x32, 0x22, 0x22, 0x22, 0x12, 0x22, 0x22, 0x22, 0x32, 0x22, 0x23, 0x33, 0x33, 0x43, 0x34, 
	0x33, 0x33, 0x45, 0x44, 0x44, 0x55, 0x44, 0x56, 0x65, 0x66, 0x77, 0x77, 0x77, 0x77, 0x77, 
	0x77, 0x78, 0x88, 0x77, 0x88, 0x88, 0x88, 0x88, 0x88, 0x88, 0x88, 0x87, 0x78, 0x88, 0x77, 
	0x77, 0x66, 0x55, 0x44, 0x43, 0x33, 0x23, 0x34, 0x44, 0x44, 0x45, 0x56, 0x66, 0x66, 0x56, 
	0x66, 0x56, 0x65, 0x65, 0x65, 0x55, 0x65, 0x55, 0x55, 0x55, 0x44, 0x44, 0x44, 0x33, 0x43, 
	0x33, 0x33, 0x32, 0x33, 0x33, 0x32, 0x32, 0x22, 0x22, 0x22, 0x22, 0x22, 0x22, 0x23, 0x33, 
	0x33, 0x33, 0x21, 0x12, 0x11, 0x11, 0x01, 0x11, 0x12, 0x22, 0x22, 0x22, 0x32, 0x22, 0x23, 
	0x32, 0x22, 0x21, 0x12, 0x22, 0x22, 0x21, 0x22, 0x33, 0x32, 0x22, 0x22, 0x22, 0x22, 0x22, 
	0x33, 0x32, 0x23, 0x22, 0x22, 0x23, 0x22, 0x22, 0x21, 0x11, 0x12, 0x12, 0x21, 0x21, 0x11, 
	0x12, 0x12, 0x11, 0x11, 0x21, 0x11, 0x11, 0x11, 0x11, 0x11, 0x11, 0x11, 0x10, 0x11, 0x12, 
	0x33, 0x33, 0x33, 0x44, 0x44, 0x44, 0x55, 0x55, 0x55, 0x55, 0x67, 0x77, 0x76, 0x77, 0x78, 
	0x87, 0x88, 0x88, 0x88, 0x88, 0x89, 0x99, 0x99, 0x99, 0xAA, 0xAA, 0xAA, 0xBB, 0xBB, 0xBA, 
	0xBB, 0xAA, 0x62, 0x12, 0x23, 0x32, 0x23, 0x42, 0x22, 0x22, 0x22, 0x33, 0x33, 0x44, 0x35, 
	0x56, 0x55, 0x55, 0x55, 0x54, 0x45, 0x44, 0x46, 0x66, 0x65, 0x57, 0x76, 0x54, 0x55, 0x50, 
	0x06, 0x67, 0x77, 0x77, 0x77, 0x88, 0x88, 0x88, 0x88, 0x98, 0x88, 0x65, 0x56, 0x66, 0x66, 
	0x77, 0x77, 0x78, 0x88, 0x88, 0x88, 0x99, 0x76, 0x66, 0x65, 0x55, 0x43, 0x33, 0x33, 0x22, 
	0x22, 0x22, 0x21, 0x23, 0x34, 0x54, 0x44, 0x54, 0x44, 0x33, 0x33, 0x33, 0x33, 0x22, 0x23, 
	0x33, 0x22, 0x33, 0x22, 0x22, 0x33, 0x44, 0x55, 0x42, 0x11, 0x00, 0x01, 0x11, 0x11, 0x10, 
	0x11, 0x01, 0x10, 0x10, 0x11, 0x11, 0x11, 0x11, 0x11, 0x11, 0x11, 0x22, 0x22, 0x23, 0x45, 
	0x43, 0x33, 0x33, 0x22, 0x11, 0x11, 0x11, 0x11, 0x12, 0x33, 0x33, 0x22, 0x22, 0x23, 0x32, 
	0x22, 0x22, 0x22, 0x22, 0x22, 0x22, 0x22, 0x22, 0x22, 0x22, 0x22, 0x23, 0x33, 0x33, 0x44, 
	0x33, 0x33, 0x45, 0x44, 0x34, 0x54, 0x44, 0x66, 0x55, 0x65, 0x76, 0x77, 0x77, 0x77, 0x77, 
	0x77, 0x77, 0x88, 0x78, 0x88, 0x88, 0x88, 0x88, 0x88, 0x88, 0x87, 0x88, 0x78, 0x87, 0x88, 
	0x77, 0x76, 0x65, 0x44, 0x33, 0x33, 0x33, 0x44, 0x44, 0x54, 0x55, 0x56, 0x66, 0x66, 0x66, 
	0x65, 0x65, 0x55, 0x56, 0x65, 0x45, 0x66, 0x66, 0x55, 0x55, 0x54, 0x44, 0x44, 0x33, 0x33, 
	0x33, 0x33, 0x33, 0x33, 0x33, 0x32, 0x22, 0x22, 0x22, 0x22, 0x22, 0x23, 0x22, 0x22, 0x33, 
	0x33, 0x33, 0x22, 0x21, 0x11, 0x11, 0x01, 0x11, 0x22, 0x22, 0x22, 0x22, 0x22, 0x32, 0x22, 
	0x32, 0x22, 0x21, 0x22, 0x22, 0x22, 0x21, 0x22, 0x23, 0x22, 0x22, 0x22, 0x22, 0x22, 0x23, 
	0x32, 0x33, 0x33, 0x33, 0x32, 0x22, 0x22, 0x22, 0x22, 0x11, 0x11, 0x11, 0x12, 0x21, 0x21, 
	0x11, 0x11, 0x11, 0x11, 0x11, 0x11, 0x01, 0x11, 0x11, 0x11, 0x11, 0x11, 0x21, 0x00, 0x12, 
	0x33, 0x33, 0x33, 0x34, 0x44, 0x44, 0x54, 0x44, 0x55, 0x55, 0x66, 0x76, 0x66, 0x77, 0x77, 
	0x77, 0x88, 0x88, 0x88, 0x89, 0x88, 0x99, 0x99, 0xA9, 0xAA, 0xAA, 0xAA, 0xBA, 0xBB, 0xAA, 
	0xAA, 0x99, 0x72, 0x12, 0x23, 0x32, 0x23, 0x32, 0x22, 0x21, 0x23, 0x33, 0x33, 0x34, 0x33, 
	0x44, 0x43, 0x44, 0x56, 0x66, 0x77, 0x66, 0x56, 0x66, 0x65, 0x55, 0x76, 0x65, 0x66, 0x60, 
	0x06, 0x77, 0x77, 0x77, 0x77, 0x88, 0x88, 0x88, 0x88, 0x98, 0x88, 0x65, 0x56, 0x66, 0x66, 
	0x66, 0x77, 0x77, 0x88, 0x88, 0x88, 0x98, 0x66, 0x66, 0x54, 0x34, 0x43, 0x33, 0x22, 0x22, 
	0x22, 0x22, 0x23, 0x33, 0x33, 0x33, 0x44, 0x55, 0x44, 0x32, 0x33, 0x33, 0x33, 0x32, 0x22, 
	0x33, 0x22, 0x22, 0x22, 0x22, 0x23, 0x34, 0x45, 0x43, 0x21, 0x11, 0x11, 0x10, 0x01, 0x10, 
	0x11, 0x10, 0x00, 0x01, 0x11, 0x11, 0x11, 0x11, 0x10, 0x11, 0x11, 0x11, 0x11, 0x33, 0x22, 
	0x33, 0x33, 0x33, 0x32, 0x11, 0x11, 0x11, 0x11, 0x23, 0x33, 0x33, 0x33, 0x32, 0x22, 0x22, 
	0x22, 0x22, 0x22, 0x22, 0x22, 0x22, 0x22, 0x22, 0x22, 0x22, 0x22, 0x33, 0x33, 0x34, 0x43, 
	0x33, 0x44, 0x33, 0x44, 0x44, 0x44, 0x45, 0x55, 0x55, 0x56, 0x76, 0x77, 0x77, 0x77, 0x77, 
	0x77, 0x77, 0x87, 0x77, 0x88, 0x88, 0x88, 0x88, 0x88, 0x88, 0x87, 0x87, 0x78, 0x88, 0x88, 
	0x77, 0x76, 0x65, 0x44, 0x33, 0x43, 0x44, 0x44, 0x55, 0x55, 0x66, 0x56, 0x66, 0x66, 0x66, 
	0x66, 0x65, 0x55, 0x55, 0x56, 0x55, 0x55, 0x66, 0x55, 0x55, 0x44, 0x43, 0x34, 0x43, 0x33, 
	0x33, 0x33, 0x33, 0x33, 0x33, 0x32, 0x22, 0x22, 0x22, 0x22, 0x22, 0x22, 0x22, 0x23, 0x22, 
	0x33, 0x33, 0x32, 0x21, 0x11, 0x01, 0x01, 0x12, 0x22, 0x32, 0x22, 0x22, 0x22, 0x33, 0x33, 
	0x22, 0x22, 0x22, 0x22, 0x11, 0x22, 0x11, 0x11, 0x33, 0x32, 0x22, 0x22, 0x22, 0x33, 0x23, 
	0x33, 0x33, 0x32, 0x22, 0x22, 0x23, 0x22, 0x22, 0x21, 0x11, 0x11, 0x12, 0x11, 0x12, 0x11, 
	0x22, 0x12, 0x11, 0x11, 0x11, 0x11, 0x11, 0x11, 0x11, 0x11, 0x11, 0x10, 0x12, 0x11, 0x12, 
	0x22, 0x33, 0x33, 0x34, 0x34, 0x44, 0x44, 0x44, 0x55, 0x55, 0x56, 0x66, 0x66, 0x77, 0x77, 
	0x77, 0x88, 0x88, 0x88, 0x88, 0x98, 0x99, 0x99, 0x99, 0xAA, 0xAA, 0xAA, 0xAA, 0xAA, 0xAA, 
	0x99, 0x98, 0x63, 0x11, 0x11, 0x12, 0x33, 0x21, 0x12, 0x11, 0x33, 0x33, 0x43, 0x34, 0x33, 
	0x33, 0x55, 0x66, 0x67, 0x88, 0x76, 0x55, 0x55, 0x55, 0x76, 0x66, 0x56, 0x76, 0x66, 0x60, 
	0x06, 0x77, 0x77, 0x77, 0x77, 0x88, 0x88, 0x88, 0x88, 0x88, 0x88, 0x75, 0x56, 0x66, 0x66, 
	0x66, 0x67, 0x77, 0x88, 0x88, 0x89, 0x75, 0x55, 0x66, 0x44, 0x44, 0x44, 0x44, 0x44, 0x55, 
	0x44, 0x44, 0x33, 0x44, 0x45, 0x44, 0x45, 0x43, 0x34, 0x32, 0x33, 0x23, 0x33, 0x33, 0x22, 
	0x32, 0x22, 0x22, 0x22, 0x22, 0x22, 0x23, 0x35, 0x55, 0x32, 0x10, 0x11, 0x11, 0x11, 0x01, 
	0x10, 0x10, 0x11, 0x11, 0x00, 0x11, 0x11, 0x11, 0x22, 0x22, 0x23, 0x33, 0x32, 0x33, 0x43, 
	0x22, 0x33, 0x33, 0x33, 0x33, 0x21, 0x11, 0x11, 0x22, 0x22, 0x22, 0x22, 0x22, 0x22, 0x22, 
	0x22, 0x22, 0x22, 0x22, 0x22, 0x22, 0x22, 0x22, 0x22, 0x22, 0x22, 0x33, 0x33, 0x34, 0x33, 
	0x33, 0x43, 0x33, 0x44, 0x54, 0x44, 0x45, 0x55, 0x56, 0x56, 0x67, 0x77, 0x77, 0x77, 0x77, 
	0x77, 0x77, 0x87, 0x77, 0x87, 0x88, 0x88, 0x88, 0x88, 0x88, 0x87, 0x77, 0x78, 0x88, 0x88, 
	0x77, 0x76, 0x65, 0x44, 0x33, 0x44, 0x44, 0x54, 0x55, 0x56, 0x56, 0x56, 0x66, 0x66, 0x66, 
	0x65, 0x65, 0x55, 0x55, 0x55, 0x65, 0x55, 0x56, 0x66, 0x55, 0x44, 0x44, 0x33, 0x33, 0x33, 
	0x33, 0x33, 0x33, 0x33, 0x32, 0x33, 0x33, 0x32, 0x22, 0x22, 0x22, 0x22, 0x32, 0x22, 0x22, 
	0x33, 0x33, 0x32, 0x21, 0x11, 0x11, 0x10, 0x12, 0x33, 0x33, 0x34, 0x33, 0x32, 0x22, 0x22, 
	0x22, 0x22, 0x12, 0x11, 0x12, 0x11, 0x11, 0x11, 0x23, 0x33, 0x22, 0x22, 0x22, 0x33, 0x32, 
	0x33, 0x22, 0x33, 0x32, 0x22, 0x22, 0x22, 0x22, 0x22, 0x11, 0x11, 0x12, 0x11, 0x12, 0x11, 
	0x21, 0x11, 0x11, 0x21, 0x11, 0x11, 0x01, 0x11, 0x11, 0x11, 0x11, 0x11, 0x11, 0x11, 0x12, 
	0x22, 0x23, 0x33, 0x34, 0x44, 0x44, 0x44, 0x44, 0x55, 0x55, 0x56, 0x66, 0x66, 0x77, 0x77, 
	0x77, 0x88, 0x88, 0x88, 0x88, 0x98, 0x89, 0x99, 0x9A, 0x9A, 0xAA, 0xAA, 0xAA, 0xA9, 0xAB, 
	0xA9, 0x88, 0x63, 0x22, 0x11, 0x12, 0x22, 0x11, 0x21, 0x12, 0x33, 0x34, 0x43, 0x33, 0x33, 
	0x34, 0x67, 0x78, 0x98, 0x99, 0x76, 0x65, 0x54, 0x34, 0x55, 0x66, 0x55, 0x66, 0x66, 0x60, 
	0x06, 0x67, 0x77, 0x77, 0x77, 0x88, 0x88, 0x88, 0x88, 0x88, 0x88, 0x75, 0x56, 0x66, 0x66, 
	0x66, 0x67, 0x77, 0x88, 0x88, 0x87, 0x54, 0x45, 0x54, 0x33, 0x44, 0x33, 0x45, 0x55, 0x55, 
	0x45, 0x54, 0x44, 0x45, 0x54, 0x55, 0x66, 0x66, 0x65, 0x55, 0x65, 0x44, 0x44, 0x33, 0x33, 
	0x32, 0x22, 0x22, 0x32, 0x22, 0x22, 0x22, 0x34, 0x55, 0x42, 0x21, 0x11, 0x11, 0x11, 0x00, 
	0x11, 0x10, 0x11, 0x11, 0x11, 0x10, 0x12, 0x34, 0x55, 0x65, 0x54, 0x33, 0x33, 0x33, 0x22, 
	0x32, 0x23, 0x32, 0x34, 0x33, 0x33, 0x32, 0x22, 0x33, 0x33, 0x33, 0x22, 0x21, 0x32, 0x22, 
	0x22, 0x22, 0x32, 0x22, 0x22, 0x22, 0x22, 0x22, 0x22, 0x22, 0x22, 0x23, 0x33, 0x33, 0x34, 
	0x44, 0x33, 0x33, 0x33, 0x44, 0x44, 0x45, 0x55, 0x55, 0x56, 0x67, 0x76, 0x67, 0x77, 0x76, 
	0x77, 0x77, 0x77, 0x77, 0x77, 0x88, 0x87, 0x88, 0x88, 0x88, 0x87, 0x77, 0x78, 0x88, 0x88, 
	0x77, 0x76, 0x65, 0x44, 0x34, 0x44, 0x44, 0x44, 0x55, 0x56, 0x65, 0x65, 0x66, 0x66, 0x65, 
	0x55, 0x55, 0x55, 0x55, 0x55, 0x55, 0x55, 0x56, 0x66, 0x55, 0x44, 0x44, 0x44, 0x33, 0x33, 
	0x33, 0x33, 0x33, 0x33, 0x33, 0x33, 0x33, 0x33, 0x22, 0x23, 0x22, 0x22, 0x22, 0x33, 0x23, 
	0x33, 0x33, 0x22, 0x11, 0x11, 0x11, 0x11, 0x23, 0x44, 0x44, 0x56, 0x54, 0x32, 0x22, 0x22, 
	0x22, 0x22, 0x22, 0x12, 0x22, 0x11, 0x12, 0x21, 0x23, 0x32, 0x22, 0x22, 0x22, 0x32, 0x32, 
	0x33, 0x22, 0x33, 0x32, 0x22, 0x22, 0x22, 0x22, 0x21, 0x11, 0x11, 0x11, 0x11, 0x11, 0x21, 
	0x11, 0x11, 0x11, 0x11, 0x11, 0x11, 0x11, 0x10, 0x10, 0x11, 0x11, 0x11, 0x11, 0x11, 0x12, 
	0x22, 0x23, 0x33, 0x34, 0x43, 0x34, 0x44, 0x44, 0x44, 0x45, 0x56, 0x66, 0x66, 0x77, 0x77, 
	0x67, 0x78, 0x88, 0x88, 0x88, 0x88, 0x89, 0x99, 0x99, 0x99, 0x9A, 0xAA, 0xAA, 0x99, 0xAA, 
	0xA9, 0x77, 0x53, 0x32, 0x11, 0x22, 0x21, 0x11, 0x21, 0x12, 0x22, 0x33, 0x34, 0x33, 0x33, 
	0x23, 0x67, 0x88, 0x88, 0x88, 0x66, 0x65, 0x44, 0x44, 0x44, 0x45, 0x65, 0x77, 0x54, 0x40, 
	0x06, 0x66, 0x77, 0x77, 0x77, 0x88, 0x88, 0x88, 0x88, 0x88, 0x88, 0x76, 0x56, 0x66, 0x66, 
	0x66, 0x67, 0x77, 0x88, 0x88, 0x84, 0x45, 0x55, 0x44, 0x33, 0x33, 0x33, 0x45, 0x55, 0x65, 
	0x55, 0x43, 0x34, 0x44, 0x64, 0x66, 0x56, 0x66, 0x56, 0x65, 0x55, 0x55, 0x55, 0x55, 0x44, 
	0x33, 0x32, 0x22, 0x32, 0x22, 0x22, 0x22, 0x33, 0x34, 0x53, 0x21, 0x11, 0x11, 0x01, 0x10, 
	0x01, 0x10, 0x11, 0x11, 0x11, 0x23, 0x45, 0x44, 0x45, 0x43, 0x33, 0x22, 0x23, 0x22, 0x22, 
	0x22, 0x33, 0x32, 0x23, 0x33, 0x33, 0x33, 0x33, 0x33, 0x23, 0x33, 0x33, 0x33, 0x32, 0x22, 
	0x22, 0x22, 0x22, 0x12, 0x22, 0x22, 0x22, 0x22, 0x22, 0x22, 0x22, 0x23, 0x33, 0x33, 0x44, 
	0x33, 0x33, 0x33, 0x33, 0x44, 0x43, 0x45, 0x54, 0x55, 0x56, 0x67, 0x66, 0x67, 0x76, 0x66, 
	0x77, 0x77, 0x76, 0x77, 0x77, 0x78, 0x87, 0x78, 0x78, 0x88, 0x87, 0x77, 0x78, 0x88, 0x88, 
	0x77, 0x76, 0x65, 0x43, 0x44, 0x44, 0x44, 0x44, 0x55, 0x56, 0x65, 0x66, 0x65, 0x66, 0x65, 
	0x55, 0x55, 0x55, 0x44, 0x55, 0x55, 0x55, 0x55, 0x66, 0x65, 0x54, 0x44, 0x44, 0x43, 0x33, 
	0x33, 0x33, 0x33, 0x33, 0x33, 0x22, 0x22, 0x33, 0x23, 0x33, 0x23, 0x32, 0x22, 0x22, 0x22, 
	0x33, 0x32, 0x21, 0x11, 0x00, 0x11, 0x12, 0x34, 0x34, 0x56, 0x66, 0x55, 0x43, 0x22, 0x22, 
	0x22, 0x22, 0x22, 0x12, 0x21, 0x12, 0x11, 0x21, 0x23, 0x32, 0x22, 0x22, 0x23, 0x32, 0x22, 
	0x33, 0x23, 0x33, 0x33, 0x32, 0x22, 0x22, 0x22, 0x21, 0x11, 0x11, 0x11, 0x11, 0x11, 0x11, 
	0x11, 0x11, 0x11, 0x11, 0x11, 0x11, 0x11, 0x10, 0x11, 0x11, 0x11, 0x11, 0x11, 0x10, 0x12, 
	0x22, 0x23, 0x33, 0x33, 0x43, 0x44, 0x44, 0x44, 0x44, 0x45, 0x55, 0x56, 0x56, 0x77, 0x77, 
	0x67, 0x77, 0x88, 0x88, 0x88, 0x89, 0x88, 0x89, 0x99, 0x99, 0x99, 0x99, 0xA9, 0x99, 0xAA, 
	0xA9, 0x65, 0x43, 0x21, 0x02, 0x32, 0x11, 0x11, 0x11, 0x22, 0x22, 0x33, 0x33, 0x32, 0x23, 
	0x23, 0x67, 0x87, 0x78, 0x87, 0x54, 0x44, 0x34, 0x33, 0x43, 0x34, 0x45, 0x66, 0x53, 0x20, 
	0x06, 0x66, 0x77, 0x77, 0x77, 0x78, 0x88, 0x88, 0x88, 0x88, 0x88, 0x86, 0x56, 0x66, 0x66, 
	0x66, 0x67, 0x77, 0x78, 0x98, 0x54, 0x55, 0x55, 0x44, 0x33, 0x33, 0x23, 0x34, 0x35, 0x55, 
	0x54, 0x34, 0x54, 0x45, 0x46, 0x55, 0x76, 0x55, 0x54, 0x45, 0x44, 0x44, 0x44, 0x44, 0x45, 
	0x55, 0x54, 0x44, 0x44, 0x44, 0x44, 0x43, 0x44, 0x44, 0x44, 0x33, 0x22, 0x22, 0x22, 0x32, 
	0x22, 0x22, 0x33, 0x33, 0x44, 0x44, 0x44, 0x33, 0x43, 0x33, 0x22, 0x22, 0x22, 0x22, 0x23, 
	0x33, 0x33, 0x33, 0x23, 0x33, 0x23, 0x33, 0x33, 0x33, 0x22, 0x22, 0x33, 0x33, 0x33, 0x33, 
	0x33, 0x22, 0x22, 0x23, 0x22, 0x22, 0x22, 0x22, 0x22, 0x22, 0x22, 0x22, 0x33, 0x33, 0x33, 
	0x33, 0x33, 0x33, 0x33, 0x44, 0x33, 0x45, 0x54, 0x55, 0x56, 0x67, 0x66, 0x67, 0x66, 0x66, 
	0x77, 0x77, 0x66, 0x67, 0x77, 0x78, 0x77, 0x78, 0x77, 0x88, 0x87, 0x77, 0x78, 0x88, 0x87, 
	0x77, 0x76, 0x65, 0x44, 0x44, 0x44, 0x44, 0x44, 0x55, 0x56, 0x65, 0x56, 0x55, 0x55, 0x55, 
	0x55, 0x44, 0x55, 0x54, 0x55, 0x55, 0x55, 0x55, 0x66, 0x65, 0x54, 0x44, 0x44, 0x43, 0x33, 
	0x33, 0x33, 0x33, 0x33, 0x32, 0x22, 0x22, 0x33, 0x23, 0x33, 0x23, 0x22, 0x22, 0x22, 0x33, 
	0x33, 0x32, 0x21, 0x11, 0x21, 0x21, 0x23, 0x44, 0x23, 0x46, 0x66, 0x65, 0x43, 0x22, 0x22, 
	0x22, 0x22, 0x22, 0x11, 0x11, 0x12, 0x11, 0x12, 0x12, 0x33, 0x22, 0x22, 0x23, 0x32, 0x23, 
	0x32, 0x23, 0x33, 0x33, 0x32, 0x22, 0x22, 0x22, 0x22, 0x11, 0x11, 0x10, 0x11, 0x11, 0x01, 
	0x21, 0x11, 0x12, 0x21, 0x11, 0x11, 0x11, 0x10, 0x11, 0x11, 0x01, 0x21, 0x11, 0x11, 0x11, 
	0x22, 0x23, 0x23, 0x33, 0x44, 0x44, 0x44, 0x44, 0x44, 0x55, 0x55, 0x56, 0x66, 0x76, 0x77, 
	0x66, 0x77, 0x77, 0x78, 0x88, 0x89, 0x98, 0x89, 0x99, 0x99, 0x99, 0x99, 0x99, 0x89, 0xAA, 
	0xA9, 0x63, 0x34, 0x22, 0x22, 0x21, 0x11, 0x22, 0x11, 0x22, 0x23, 0x33, 0x33, 0x22, 0x34, 
	0x45, 0x67, 0x77, 0x76, 0x55, 0x54, 0x33, 0x33, 0x22, 0x34, 0x44, 0x34, 0x45, 0x64, 0x10, 
	0x06, 0x66, 0x77, 0x77, 0x77, 0x78, 0x88, 0x88, 0x88, 0x88, 0x88, 0x86, 0x55, 0x66, 0x66, 
	0x66, 0x67, 0x77, 0x78, 0x86, 0x44, 0x44, 0x55, 0x42, 0x22, 0x22, 0x22, 0x24, 0x44, 0x45, 
	0x53, 0x46, 0x55, 0x53, 0x44, 0x46, 0x54, 0x55, 0x43, 0x44, 0x44, 0x34, 0x44, 0x44, 0x44, 
	0x44, 0x45, 0x55, 0x45, 0x54, 0x45, 0x44, 0x44, 0x44, 0x44, 0x34, 0x44, 0x44, 0x44, 0x45, 
	0x55, 0x65, 0x66, 0x55, 0x44, 0x33, 0x33, 0x33, 0x32, 0x23, 0x22, 0x11, 0x12, 0x22, 0x33, 
	0x22, 0x22, 0x33, 0x33, 0x23, 0x32, 0x22, 0x22, 0x22, 0x22, 0x22, 0x23, 0x23, 0x23, 0x33, 
	0x33, 0x33, 0x33, 0x44, 0x31, 0x22, 0x22, 0x22, 0x22, 0x22, 0x12, 0x22, 0x22, 0x33, 0x33, 
	0x33, 0x32, 0x23, 0x44, 0x33, 0x33, 0x55, 0x44, 0x55, 0x56, 0x66, 0x66, 0x67, 0x66, 0x66, 
	0x66, 0x76, 0x66, 0x66, 0x77, 0x78, 0x77, 0x78, 0x77, 0x78, 0x87, 0x77, 0x78, 0x88, 0x87, 
	0x77, 0x77, 0x65, 0x44, 0x44, 0x44, 0x44, 0x45, 0x55, 0x65, 0x55, 0x55, 0x55, 0x55, 0x55, 
	0x55, 0x44, 0x45, 0x55, 0x55, 0x55, 0x55, 0x55, 0x56, 0x65, 0x55, 0x44, 0x44, 0x33, 0x33, 
	0x23, 0x33, 0x22, 0x33, 0x32, 0x22, 0x32, 0x22, 0x22, 0x33, 0x22, 0x32, 0x22, 0x23, 0x33, 
	0x23, 0x32, 0x22, 0x12, 0x21, 0x11, 0x23, 0x33, 0x33, 0x34, 0x55, 0x55, 0x42, 0x11, 0x11, 
	0x12, 0x21, 0x21, 0x12, 0x12, 0x11, 0x21, 0x11, 0x12, 0x33, 0x22, 0x22, 0x22, 0x22, 0x23, 
	0x32, 0x22, 0x22, 0x22, 0x33, 0x33, 0x22, 0x22, 0x21, 0x11, 0x11, 0x10, 0x01, 0x11, 0x11, 
	0x21, 0x11, 0x11, 0x11, 0x11, 0x11, 0x11, 0x10, 0x11, 0x10, 0x01, 0x11, 0x11, 0x11, 0x11, 
	0x12, 0x23, 0x33, 0x33, 0x34, 0x43, 0x44, 0x44, 0x44, 0x44, 0x55, 0x55, 0x66, 0x66, 0x66, 
	0x76, 0x76, 0x67, 0x77, 0x77, 0x88, 0x98, 0x89, 0x99, 0x99, 0x99, 0x98, 0x99, 0x88, 0x9A, 
	0x98, 0x43, 0x33, 0x23, 0x31, 0x11, 0x11, 0x21, 0x12, 0x33, 0x33, 0x33, 0x33, 0x22, 0x34, 
	0x44, 0x45, 0x54, 0x43, 0x44, 0x44, 0x33, 0x34, 0x33, 0x34, 0x44, 0x44, 0x34, 0x54, 0x20, 
	0x06, 0x66, 0x67, 0x77, 0x77, 0x78, 0x88, 0x88, 0x88, 0x89, 0x88, 0x86, 0x55, 0x66, 0x66, 
	0x66, 0x67, 0x67, 0x78, 0x74, 0x44, 0x44, 0x54, 0x23, 0x22, 0x22, 0x22, 0x33, 0x44, 0x55, 
	0x54, 0x55, 0x45, 0x34, 0x54, 0x44, 0x33, 0x44, 0x34, 0x43, 0x34, 0x44, 0x44, 0x44, 0x44, 
	0x55, 0x45, 0x44, 0x34, 0x44, 0x44, 0x44, 0x44, 0x44, 0x44, 0x44, 0x44, 0x44, 0x43, 0x35, 
	0x45, 0x66, 0x64, 0x43, 0x33, 0x22, 0x34, 0x33, 0x22, 0x22, 0x22, 0x11, 0x11, 0x22, 0x33, 
	0x32, 0x22, 0x22, 0x22, 0x22, 0x33, 0x22, 0x22, 0x22, 0x23, 0x22, 0x22, 0x22, 0x23, 0x33, 
	0x43, 0x34, 0x34, 0x34, 0x32, 0x33, 0x22, 0x22, 0x22, 0x21, 0x12, 0x22, 0x22, 0x33, 0x33, 
	0x33, 0x32, 0x33, 0x33, 0x33, 0x33, 0x45, 0x34, 0x55, 0x56, 0x66, 0x66, 0x66, 0x66, 0x66, 
	0x66, 0x76, 0x66, 0x56, 0x77, 0x77, 0x77, 0x77, 0x77, 0x78, 0x87, 0x77, 0x88, 0x88, 0x87, 
	0x77, 0x77, 0x65, 0x44, 0x44, 0x44, 0x44, 0x45, 0x55, 0x55, 0x65, 0x55, 0x55, 0x55, 0x65, 
	0x54, 0x44, 0x44, 0x45, 0x44, 0x55, 0x55, 0x55, 0x56, 0x65, 0x54, 0x44, 0x43, 0x33, 0x33, 
	0x32, 0x33, 0x32, 0x33, 0x32, 0x22, 0x22, 0x33, 0x22, 0x22, 0x22, 0x22, 0x22, 0x22, 0x23, 
	0x23, 0x22, 0x21, 0x12, 0x21, 0x11, 0x22, 0x33, 0x33, 0x33, 0x33, 0x44, 0x32, 0x21, 0x12, 
	0x12, 0x11, 0x21, 0x22, 0x11, 0x11, 0x21, 0x11, 0x22, 0x33, 0x32, 0x33, 0x22, 0x22, 0x22, 
	0x22, 0x32, 0x33, 0x22, 0x23, 0x32, 0x22, 0x22, 0x21, 0x11, 0x01, 0x11, 0x11, 0x11, 0x11, 
	0x11, 0x11, 0x21, 0x11, 0x11, 0x11, 0x11, 0x11, 0x11, 0x11, 0x11, 0x11, 0x11, 0x11, 0x11, 
	0x11, 0x23, 0x33, 0x33, 0x34, 0x44, 0x44, 0x44, 0x44, 0x54, 0x55, 0x55, 0x56, 0x66, 0x66, 
	0x76, 0x66, 0x67, 0x77, 0x77, 0x78, 0x88, 0x88, 0x99, 0x88, 0x89, 0x88, 0x88, 0x88, 0x88, 
	0x97, 0x32, 0x33, 0x22, 0x21, 0x11, 0x11, 0x11, 0x12, 0x33, 0x33, 0x32, 0x22, 0x22, 0x34, 
	0x44, 0x44, 0x44, 0x43, 0x44, 0x45, 0x43, 0x33, 0x43, 0x44, 0x44, 0x44, 0x33, 0x45, 0x50, 
	};

