const unsigned char ImageResource_cat3_600x400[120000] = {
	0x00, 0x00, 0x00, 0x00, 0x00, 0x00, 0x00, 0x00, 0x00, 0x00, 0x00, 0x00, 0x00, 0x00, 0x00, 
	0x00, 0x00, 0x00, 0x00, 0x00, 0x00, 0x00, 0x00, 0x00, 0x00, 0x00, 0x00, 0x00, 0x00, 0x00, 
	0x00, 0x00, 0x00, 0x00, 0x00, 0x00, 0x00, 0x00, 0x00, 0x00, 0x00, 0x00, 0x00, 0x00, 0x00, 
	0xBB, 0xBB, 0xBC, 0xCC, 0xBA, 0xAB, 0xBB, 0xBB, 0xBB, 0xBB, 0xBB, 0xAA, 0xBB, 0xBB, 0xBC, 
	0xCB, 0xCC, 0xCD, 0xDC, 0xBB, 0xBC, 0xCC, 0xCC, 0xCC, 0xCC, 0xCC, 0xCC, 0xCC, 0xCC, 0xCC, 
	0xCC, 0xCC, 0xCC, 0xCC, 0xCC, 0xCB, 0xBA, 0xA9, 0x8A, 0x97, 0x47, 0x8A, 0x97, 0x64, 0x78, 
	0x42, 0x23, 0x32, 0x32, 0x32, 0x33, 0x22, 0x22, 0x22, 0x9D, 0x72, 0x22, 0x22, 0x21, 0x21, 
	0x11, 0x22, 0x21, 0x21, 0x11, 0x11, 0x11, 0x11, 0x11, 0x11, 0x12, 0x11, 0x11, 0x11, 0x22, 
	0x21, 0x22, 0x11, 0x12, 0x11, 0x22, 0x23, 0x65, 0x37, 0xC8, 0x47, 0xB4, 0x13, 0x73, 0x12, 
	0x21, 0x12, 0x21, 0x22, 0x11, 0x11, 0x11, 0x11, 0x11, 0x21, 0x11, 0x11, 0x22, 0x22, 0x22, 
	0x22, 0x22, 0x11, 0x11, 0x11, 0x11, 0x11, 0x12, 0x22, 0x23, 0x33, 0x33, 0x34, 0x33, 0x33, 
	0x33, 0x33, 0x33, 0x35, 0x53, 0x33, 0x45, 0x43, 0x43, 0x33, 0x34, 0x55, 0x44, 0x47, 0xCB, 
	0xBB, 0xCC, 0xCC, 0xCC, 0xCC, 0xCC, 0xCC, 0xCC, 0xCC, 0xCC, 0xCC, 0xCC, 0xCC, 0xCC, 0xCC, 
	0xCC, 0xCC, 0xCC, 0xCC, 0xCC, 0xCC, 0xCC, 0xDD, 0xDD, 0xDD, 0xDD, 0xDD, 0xDD, 0xDD, 0xDD, 
	0xDD, 0xDE, 0xEE, 0xDE, 0xEE, 0xED, 0xEE, 0xEE, 0xEE, 0xEE, 0xEE, 0xEE, 0xEE, 0xEE, 0xEE, 
	0xEE, 0xEE, 0xEE, 0xDC, 0xCD, 0xDE, 0xED, 0xCB, 0xBC, 0xCC, 0xCC, 0xCC, 0xCC, 0xCC, 0xCC, 
	0xCC, 0xCC, 0xCC, 0xCC, 0xCC, 0xCC, 0xCC, 0xCC, 0xCC, 0xCC, 0xCC, 0xCB, 0xBB, 0xBB, 0xBB, 
	0x00, 0x00, 0x00, 0x00, 0x00, 0x00, 0x00, 0x00, 0x00, 0x00, 0x00, 0x00, 0x00, 0x00, 0x00, 
	0x00, 0x00, 0x00, 0x00, 0x00, 0x00, 0x00, 0x00, 0x00, 0x00, 0x00, 0x00, 0x00, 0x00, 0x00, 
	0x00, 0x00, 0x00, 0x00, 0x00, 0x00, 0x00, 0x00, 0x00, 0x00, 0x00, 0x00, 0x00, 0x00, 0x00, 
	0x00, 0x00, 0x00, 0x00, 0x00, 0x00, 0x00, 0x00, 0x00, 0x00, 0x00, 0x00, 0x00, 0x00, 0x00, 
	0x00, 0x00, 0x00, 0x00, 0x00, 0x00, 0x00, 0x00, 0x00, 0x00, 0x00, 0x00, 0x00, 0x00, 0x00, 
	0x00, 0x00, 0x00, 0x00, 0x00, 0x00, 0x00, 0x00, 0x00, 0x00, 0x00, 0x00, 0x00, 0x00, 0x00, 
	0xBB, 0xBB, 0xBC, 0xCC, 0xBB, 0xAA, 0xBB, 0xBB, 0xBB, 0xBB, 0xBB, 0xAA, 0xBB, 0xBB, 0xBC, 
	0xCB, 0xCC, 0xCD, 0xDC, 0xBB, 0xBC, 0xCC, 0xCC, 0xCC, 0xCC, 0xCC, 0xCC, 0xCC, 0xCC, 0xCC, 
	0xCC, 0xCC, 0xCC, 0xCC, 0xCC, 0xBB, 0x99, 0x99, 0x88, 0x89, 0x64, 0x67, 0x88, 0x86, 0x68, 
	0x74, 0x33, 0x33, 0x32, 0x23, 0x32, 0x22, 0x32, 0x12, 0x6A, 0x62, 0x22, 0x22, 0x21, 0x11, 
	0x11, 0x22, 0x11, 0x11, 0x11, 0x11, 0x11, 0x11, 0x11, 0x11, 0x12, 0x11, 0x12, 0x12, 0x22, 
	0x21, 0x12, 0x11, 0x22, 0x12, 0x11, 0x11, 0x32, 0x25, 0x86, 0x4A, 0xE7, 0x38, 0xE7, 0x22, 
	0x42, 0x11, 0x22, 0x22, 0x21, 0x11, 0x12, 0x12, 0x21, 0x12, 0x11, 0x12, 0x21, 0x22, 0x22, 
	0x22, 0x22, 0x11, 0x11, 0x11, 0x11, 0x11, 0x12, 0x22, 0x23, 0x33, 0x33, 0x33, 0x33, 0x33, 
	0x33, 0x33, 0x34, 0x45, 0x43, 0x34, 0x45, 0x54, 0x44, 0x34, 0x34, 0x55, 0x44, 0x5A, 0xBB, 
	0xBB, 0xCC, 0xCC, 0xCC, 0xCC, 0xCC, 0xCC, 0xCC, 0xCC, 0xCC, 0xCC, 0xCC, 0xCC, 0xCC, 0xCC, 
	0xCC, 0xCC, 0xCC, 0xCC, 0xCC, 0xCC, 0xCC, 0xDD, 0xDD, 0xDD, 0xDD, 0xDD, 0xDD, 0xDD, 0xDD, 
	0xDD, 0xDE, 0xEE, 0xDE, 0xEE, 0xED, 0xDE, 0xEE, 0xEE, 0xEE, 0xEE, 0xEE, 0xEE, 0xEE, 0xEE, 
	0xEE, 0xEE, 0xEE, 0xDC, 0xCD, 0xDE, 0xED, 0xCB, 0xCC, 0xCC, 0xCC, 0xCC, 0xCC, 0xCC, 0xCC, 
	0xCC, 0xCC, 0xCC, 0xCC, 0xCC, 0xCC, 0xCC, 0xCC, 0xCC, 0xCC, 0xCC, 0xBB, 0xBB, 0xBB, 0xBB, 
	0x00, 0x00, 0x00, 0x00, 0x00, 0x00, 0x00, 0x00, 0x00, 0x00, 0x00, 0x00, 0x00, 0x00, 0x00, 
	0x00, 0x00, 0x00, 0x00, 0x00, 0x00, 0x00, 0x00, 0x00, 0x00, 0x00, 0x00, 0x00, 0x00, 0x00, 
	0x00, 0x00, 0x00, 0x00, 0x00, 0x00, 0x00, 0x00, 0x00, 0x00, 0x00, 0x00, 0x00, 0x00, 0x00, 
	0x00, 0x00, 0x00, 0x00, 0x00, 0x00, 0x00, 0x00, 0x00, 0x00, 0x00, 0x00, 0x00, 0x00, 0x00, 
	0x00, 0x00, 0x00, 0x00, 0x00, 0x00, 0x00, 0x00, 0x00, 0x00, 0x00, 0x00, 0x00, 0x00, 0x00, 
	0x00, 0x00, 0x00, 0x00, 0x00, 0x00, 0x00, 0x00, 0x00, 0x00, 0x00, 0x00, 0x00, 0x00, 0x00, 
	0xBB, 0xBB, 0xBB, 0xCC, 0xBB, 0xAA, 0xAB, 0xBB, 0xBB, 0xBB, 0xBB, 0xBA, 0xAB, 0xBB, 0xBB, 
	0xBC, 0xCC, 0xCC, 0xDC, 0xBB, 0xBC, 0xCC, 0xCC, 0xCC, 0xCC, 0xCC, 0xCC, 0xCC, 0xCC, 0xCC, 
	0xCC, 0xCC, 0xCC, 0xCC, 0xCC, 0xBA, 0x97, 0x68, 0x86, 0x68, 0x95, 0x45, 0x68, 0x99, 0x77, 
	0x86, 0x33, 0x33, 0x33, 0x23, 0x32, 0x22, 0x32, 0x58, 0x66, 0x42, 0x22, 0x22, 0x21, 0x11, 
	0x11, 0x11, 0x11, 0x11, 0x11, 0x11, 0x11, 0x11, 0x11, 0x11, 0x12, 0x11, 0x12, 0x12, 0x22, 
	0x21, 0x12, 0x11, 0x22, 0x22, 0x11, 0x11, 0x21, 0x12, 0x33, 0x37, 0xA6, 0x49, 0xF8, 0x48, 
	0xC6, 0x12, 0x32, 0x22, 0x21, 0x21, 0x22, 0x21, 0x22, 0x12, 0x11, 0x22, 0x21, 0x11, 0x12, 
	0x21, 0x11, 0x11, 0x11, 0x11, 0x11, 0x11, 0x11, 0x22, 0x22, 0x22, 0x22, 0x33, 0x33, 0x33, 
	0x33, 0x33, 0x34, 0x44, 0x33, 0x34, 0x45, 0x64, 0x44, 0x45, 0x55, 0x55, 0x44, 0x7B, 0xBB, 
	0xBB, 0xCC, 0xCC, 0xCC, 0xCC, 0xCC, 0xCC, 0xCC, 0xCC, 0xCC, 0xCC, 0xCC, 0xCC, 0xCC, 0xCC, 
	0xCC, 0xCC, 0xCC, 0xCC, 0xCC, 0xCC, 0xCC, 0xDD, 0xDD, 0xDD, 0xDD, 0xDD, 0xDD, 0xDD, 0xDD, 
	0xDD, 0xDE, 0xEE, 0xEE, 0xEE, 0xED, 0xDE, 0xEE, 0xEE, 0xEE, 0xEE, 0xEE, 0xEE, 0xEE, 0xEE, 
	0xEE, 0xEE, 0xEE, 0xDC, 0xCD, 0xDE, 0xED, 0xCB, 0xCC, 0xCC, 0xCC, 0xCC, 0xCC, 0xCC, 0xCC, 
	0xCC, 0xCC, 0xCC, 0xCC, 0xCC, 0xCC, 0xCC, 0xCC, 0xCC, 0xCC, 0xCC, 0xBB, 0xBB, 0xBB, 0xBB, 
	0x00, 0x00, 0x00, 0x00, 0x00, 0x00, 0x00, 0x00, 0x00, 0x00, 0x00, 0x00, 0x00, 0x00, 0x00, 
	0x00, 0x00, 0x00, 0x00, 0x00, 0x00, 0x00, 0x00, 0x00, 0x00, 0x00, 0x00, 0x00, 0x00, 0x00, 
	0x00, 0x00, 0x00, 0x00, 0x00, 0x00, 0x00, 0x00, 0x00, 0x00, 0x00, 0x00, 0x00, 0x00, 0x00, 
	0x00, 0x00, 0x00, 0x00, 0x00, 0x00, 0x00, 0x00, 0x00, 0x00, 0x00, 0x00, 0x00, 0x00, 0x00, 
	0x00, 0x00, 0x00, 0x00, 0x00, 0x00, 0x00, 0x00, 0x00, 0x00, 0x00, 0x00, 0x00, 0x00, 0x00, 
	0x00, 0x00, 0x00, 0x00, 0x00, 0x00, 0x00, 0x00, 0x00, 0x00, 0x00, 0x00, 0x00, 0x00, 0x00, 
	0xBB, 0xBB, 0xBB, 0xCC, 0xBB, 0xAA, 0xAB, 0xBB, 0xBB, 0xBB, 0xBB, 0xAA, 0xAB, 0xBB, 0xBB, 
	0xBC, 0xCC, 0xCC, 0xDC, 0xBB, 0xBC, 0xCC, 0xCC, 0xCC, 0xCC, 0xCC, 0xCC, 0xCC, 0xCC, 0xCC, 
	0xCC, 0xCC, 0xCC, 0xCC, 0xCC, 0xB9, 0x98, 0x55, 0x97, 0x56, 0x97, 0x45, 0x67, 0x9B, 0xA8, 
	0x66, 0x53, 0x33, 0x33, 0x22, 0x22, 0x22, 0x33, 0x8E, 0x93, 0x22, 0x21, 0x22, 0x11, 0x11, 
	0x11, 0x11, 0x12, 0x11, 0x11, 0x11, 0x11, 0x11, 0x11, 0x11, 0x11, 0x11, 0x22, 0x21, 0x22, 
	0x22, 0x12, 0x11, 0x22, 0x22, 0x22, 0x22, 0x22, 0x11, 0x12, 0x23, 0x43, 0x36, 0xA5, 0x49, 
	0xD8, 0x37, 0xC5, 0x22, 0x22, 0x12, 0x11, 0x22, 0x12, 0x22, 0x11, 0x12, 0x22, 0x11, 0x12, 
	0x21, 0x11, 0x21, 0x11, 0x11, 0x11, 0x11, 0x11, 0x12, 0x22, 0x22, 0x22, 0x33, 0x33, 0x33, 
	0x33, 0x33, 0x23, 0x33, 0x34, 0x44, 0x45, 0x64, 0x44, 0x55, 0x65, 0x44, 0x44, 0x8B, 0xBC, 
	0xBC, 0xCC, 0xCC, 0xCC, 0xCC, 0xCC, 0xCC, 0xCC, 0xCC, 0xCC, 0xCC, 0xCC, 0xCC, 0xCC, 0xCC, 
	0xCC, 0xCC, 0xCC, 0xCC, 0xCC, 0xCC, 0xCC, 0xDD, 0xDD, 0xDD, 0xDD, 0xDD, 0xDD, 0xDD, 0xDD, 
	0xDD, 0xDE, 0xDD, 0xEE, 0xEE, 0xED, 0xDE, 0xEE, 0xEE, 0xEE, 0xEE, 0xEE, 0xEE, 0xEE, 0xEE, 
	0xEE, 0xEE, 0xEE, 0xDC, 0xCD, 0xEE, 0xED, 0xCB, 0xCC, 0xCC, 0xCC, 0xCC, 0xCC, 0xCC, 0xCC, 
	0xCC, 0xCC, 0xCC, 0xCC, 0xCC, 0xCC, 0xCC, 0xCC, 0xCC, 0xCC, 0xCC, 0xBB, 0xBB, 0xBB, 0xBB, 
	0x00, 0x00, 0x00, 0x00, 0x00, 0x00, 0x00, 0x00, 0x00, 0x00, 0x00, 0x00, 0x00, 0x00, 0x00, 
	0x00, 0x00, 0x00, 0x00, 0x00, 0x00, 0x00, 0x00, 0x00, 0x00, 0x00, 0x00, 0x00, 0x00, 0x00, 
	0x00, 0x00, 0x00, 0x00, 0x00, 0x00, 0x00, 0x00, 0x00, 0x00, 0x00, 0x00, 0x00, 0x00, 0x00, 
	0x00, 0x00, 0x00, 0x00, 0x00, 0x00, 0x00, 0x00, 0x00, 0x00, 0x00, 0x00, 0x00, 0x00, 0x00, 
	0x00, 0x00, 0x00, 0x00, 0x00, 0x00, 0x00, 0x00, 0x00, 0x00, 0x00, 0x00, 0x00, 0x00, 0x00, 
	0x00, 0x00, 0x00, 0x00, 0x00, 0x00, 0x00, 0x00, 0x00, 0x00, 0x00, 0x00, 0x00, 0x00, 0x00, 
	0xBB, 0xBB, 0xBB, 0xBB, 0xBB, 0xAA, 0xAB, 0xBB, 0xBB, 0xBB, 0xBB, 0xAA, 0xAB, 0xBB, 0xBC, 
	0xBC, 0xCC, 0xCC, 0xDC, 0xBB, 0xBB, 0xCC, 0xCC, 0xCC, 0xCC, 0xCC, 0xCC, 0xCC, 0xCC, 0xCC, 
	0xCC, 0xCC, 0xCC, 0xCC, 0xCC, 0xC9, 0x79, 0x65, 0x78, 0x56, 0x68, 0x65, 0x56, 0x7A, 0xCA, 
	0x75, 0x64, 0x33, 0x33, 0x23, 0x32, 0x22, 0x32, 0x5C, 0x93, 0x22, 0x22, 0x22, 0x11, 0x11, 
	0x11, 0x11, 0x11, 0x11, 0x11, 0x11, 0x11, 0x11, 0x11, 0x11, 0x12, 0x11, 0x23, 0x22, 0x22, 
	0x32, 0x23, 0x21, 0x22, 0x22, 0x22, 0x22, 0x22, 0x22, 0x11, 0x22, 0x22, 0x22, 0x43, 0x25, 
	0x86, 0x48, 0xF8, 0x33, 0x32, 0x22, 0x21, 0x22, 0x21, 0x21, 0x11, 0x11, 0x22, 0x11, 0x12, 
	0x21, 0x11, 0x22, 0x11, 0x12, 0x21, 0x11, 0x11, 0x11, 0x22, 0x22, 0x22, 0x23, 0x33, 0x33, 
	0x33, 0x32, 0x23, 0x34, 0x34, 0x44, 0x35, 0x56, 0x54, 0x55, 0x56, 0x54, 0x34, 0x7A, 0xBB, 
	0xBB, 0xCC, 0xCC, 0xCC, 0xCC, 0xCC, 0xCC, 0xCC, 0xCC, 0xCC, 0xCC, 0xCC, 0xCC, 0xCC, 0xCC, 
	0xCC, 0xCC, 0xCC, 0xCC, 0xCC, 0xCC, 0xCC, 0xDD, 0xDD, 0xDD, 0xDD, 0xDD, 0xDD, 0xDD, 0xDD, 
	0xDD, 0xDE, 0xDD, 0xEE, 0xEE, 0xED, 0xDD, 0xEE, 0xEE, 0xEE, 0xEE, 0xEE, 0xEE, 0xEE, 0xEE, 
	0xEE, 0xEE, 0xEE, 0xDC, 0xCD, 0xEE, 0xDD, 0xCB, 0xCC, 0xCC, 0xCC, 0xCC, 0xCC, 0xCC, 0xCC, 
	0xCC, 0xCC, 0xCC, 0xCC, 0xCC, 0xCC, 0xCC, 0xCC, 0xCC, 0xCC, 0xCC, 0xCB, 0xBB, 0xBB, 0xBB, 
	0x00, 0x00, 0x00, 0x00, 0x00, 0x00, 0x00, 0x00, 0x00, 0x00, 0x00, 0x00, 0x00, 0x00, 0x00, 
	0x00, 0x00, 0x00, 0x00, 0x00, 0x00, 0x00, 0x00, 0x00, 0x00, 0x00, 0x00, 0x00, 0x00, 0x00, 
	0x00, 0x00, 0x00, 0x00, 0x00, 0x00, 0x00, 0x00, 0x00, 0x00, 0x00, 0x00, 0x00, 0x00, 0x00, 
	0x00, 0x00, 0x00, 0x00, 0x00, 0x00, 0x00, 0x00, 0x00, 0x00, 0x00, 0x00, 0x00, 0x00, 0x00, 
	0x00, 0x00, 0x00, 0x00, 0x00, 0x00, 0x00, 0x00, 0x00, 0x00, 0x00, 0x00, 0x00, 0x00, 0x00, 
	0x00, 0x00, 0x00, 0x00, 0x00, 0x00, 0x00, 0x00, 0x00, 0x00, 0x00, 0x00, 0x00, 0x00, 0x00, 
	0xBB, 0xBB, 0xBB, 0xBB, 0xBB, 0xAA, 0xAB, 0xBB, 0xBB, 0xBB, 0xBB, 0xAA, 0xBB, 0xBB, 0xBC, 
	0xBC, 0xBC, 0xCC, 0xDC, 0xCB, 0xBB, 0xCC, 0xBC, 0xCC, 0xCC, 0xCC, 0xCC, 0xCC, 0xCC, 0xCC, 
	0xCC, 0xCC, 0xCC, 0xCC, 0xCC, 0xCB, 0x77, 0x75, 0x57, 0x56, 0x67, 0x76, 0x45, 0x57, 0xAA, 
	0x87, 0x55, 0x33, 0x23, 0x34, 0x32, 0x22, 0x35, 0x47, 0x52, 0x22, 0x33, 0x32, 0x22, 0x11, 
	0x11, 0x11, 0x11, 0x11, 0x11, 0x11, 0x11, 0x11, 0x11, 0x11, 0x12, 0x11, 0x34, 0x32, 0x22, 
	0x32, 0x23, 0x32, 0x21, 0x23, 0x22, 0x22, 0x22, 0x12, 0x11, 0x22, 0x21, 0x22, 0x22, 0x23, 
	0x32, 0x36, 0xA6, 0x48, 0x94, 0x22, 0x12, 0x21, 0x21, 0x21, 0x11, 0x11, 0x22, 0x11, 0x12, 
	0x11, 0x12, 0x22, 0x21, 0x22, 0x22, 0x21, 0x11, 0x11, 0x22, 0x22, 0x22, 0x22, 0x33, 0x33, 
	0x33, 0x22, 0x22, 0x34, 0x33, 0x45, 0x44, 0x57, 0x65, 0x44, 0x56, 0x75, 0x45, 0x7B, 0xBB, 
	0xBB, 0xCC, 0xCC, 0xCC, 0xCC, 0xCC, 0xCC, 0xCC, 0xCC, 0xCC, 0xCC, 0xCC, 0xCC, 0xCC, 0xCC, 
	0xCC, 0xCC, 0xCC, 0xCC, 0xCC, 0xCC, 0xCC, 0xDD, 0xDD, 0xDD, 0xDD, 0xDD, 0xDD, 0xDD, 0xDD, 
	0xDD, 0xEE, 0xDE, 0xEE, 0xEE, 0xDD, 0xDE, 0xEE, 0xEE, 0xEE, 0xEE, 0xEE, 0xEE, 0xEE, 0xEE, 
	0xEE, 0xEE, 0xEE, 0xDC, 0xCD, 0xEE, 0xDC, 0xCB, 0xCC, 0xCC, 0xCC, 0xCC, 0xCC, 0xCC, 0xCC, 
	0xCC, 0xCC, 0xCC, 0xCC, 0xCC, 0xCC, 0xCC, 0xCC, 0xCC, 0xCC, 0xCC, 0xCB, 0xBB, 0xBB, 0xBB, 
	0x00, 0x00, 0x00, 0x00, 0x00, 0x00, 0x00, 0x00, 0x00, 0x00, 0x00, 0x00, 0x00, 0x00, 0x00, 
	0x00, 0x00, 0x00, 0x00, 0x00, 0x00, 0x00, 0x00, 0x00, 0x00, 0x00, 0x00, 0x00, 0x00, 0x00, 
	0x00, 0x00, 0x00, 0x00, 0x00, 0x00, 0x00, 0x00, 0x00, 0x00, 0x00, 0x00, 0x00, 0x00, 0x00, 
	0x00, 0x00, 0x00, 0x00, 0x00, 0x00, 0x00, 0x00, 0x00, 0x00, 0x00, 0x00, 0x00, 0x00, 0x00, 
	0x00, 0x00, 0x00, 0x00, 0x00, 0x00, 0x00, 0x00, 0x00, 0x00, 0x00, 0x00, 0x00, 0x00, 0x00, 
	0x00, 0x00, 0x00, 0x00, 0x00, 0x00, 0x00, 0x00, 0x00, 0x00, 0x00, 0x00, 0x00, 0x00, 0x00, 
	0xBB, 0xBB, 0xBB, 0xBB, 0xBB, 0xAA, 0xAB, 0xBB, 0xBB, 0xBB, 0xBB, 0xBA, 0xBB, 0xBB, 0xBB, 
	0xBC, 0xBC, 0xCC, 0xDC, 0xCB, 0xBB, 0xCC, 0xBC, 0xCC, 0xCC, 0xCC, 0xCC, 0xBC, 0xCC, 0xCC, 
	0xCC, 0xCC, 0xCC, 0xCC, 0xCB, 0xBC, 0x96, 0x65, 0x45, 0x55, 0x66, 0x66, 0x55, 0x54, 0x77, 
	0x68, 0x64, 0x32, 0x22, 0x33, 0x32, 0x22, 0x4B, 0x84, 0x22, 0x23, 0x33, 0x33, 0x32, 0x21, 
	0x11, 0x11, 0x11, 0x11, 0x11, 0x11, 0x11, 0x11, 0x11, 0x11, 0x12, 0x22, 0x44, 0x22, 0x22, 
	0x22, 0x23, 0x32, 0x21, 0x23, 0x22, 0x22, 0x22, 0x12, 0x12, 0x22, 0x22, 0x22, 0x22, 0x23, 
	0x22, 0x34, 0x43, 0x4B, 0xB6, 0x22, 0x12, 0x21, 0x22, 0x21, 0x11, 0x11, 0x22, 0x11, 0x11, 
	0x11, 0x12, 0x21, 0x11, 0x22, 0x22, 0x22, 0x11, 0x11, 0x22, 0x22, 0x22, 0x22, 0x33, 0x33, 
	0x32, 0x22, 0x22, 0x34, 0x43, 0x46, 0x44, 0x68, 0x67, 0x64, 0x47, 0x97, 0x67, 0x9B, 0xBB, 
	0xBB, 0xCC, 0xCC, 0xCC, 0xCC, 0xCC, 0xCC, 0xCC, 0xCC, 0xCC, 0xCC, 0xCC, 0xCC, 0xCC, 0xCC, 
	0xCC, 0xCC, 0xCC, 0xCC, 0xCC, 0xCC, 0xCC, 0xDD, 0xDD, 0xDD, 0xDD, 0xDD, 0xDD, 0xDD, 0xDD, 
	0xDD, 0xEE, 0xEE, 0xEE, 0xED, 0xDD, 0xDE, 0xEE, 0xEE, 0xEE, 0xEE, 0xEE, 0xEE, 0xEE, 0xEE, 
	0xEE, 0xEE, 0xED, 0xDC, 0xDD, 0xEE, 0xDC, 0xCB, 0xCC, 0xCC, 0xCC, 0xCC, 0xCC, 0xCC, 0xCC, 
	0xCC, 0xCC, 0xCC, 0xCC, 0xCC, 0xCC, 0xCC, 0xCC, 0xCC, 0xCC, 0xCC, 0xBB, 0xBB, 0xBB, 0xBB, 
	0x00, 0x00, 0x00, 0x00, 0x00, 0x00, 0x00, 0x00, 0x00, 0x00, 0x00, 0x00, 0x00, 0x00, 0x00, 
	0x00, 0x00, 0x00, 0x00, 0x00, 0x00, 0x00, 0x00, 0x00, 0x00, 0x00, 0x00, 0x00, 0x00, 0x00, 
	0x00, 0x00, 0x00, 0x00, 0x00, 0x00, 0x00, 0x00, 0x00, 0x00, 0x00, 0x00, 0x00, 0x00, 0x00, 
	0x00, 0x00, 0x00, 0x00, 0x00, 0x00, 0x00, 0x00, 0x00, 0x00, 0x00, 0x00, 0x00, 0x00, 0x00, 
	0x00, 0x00, 0x00, 0x00, 0x00, 0x00, 0x00, 0x00, 0x00, 0x00, 0x00, 0x00, 0x00, 0x00, 0x00, 
	0x00, 0x00, 0x00, 0x00, 0x00, 0x00, 0x00, 0x00, 0x00, 0x00, 0x00, 0x00, 0x00, 0x00, 0x00, 
	0xBB, 0xBB, 0xBB, 0xBB, 0xBB, 0xAA, 0xAB, 0xBB, 0xBB, 0xBB, 0xBB, 0xBA, 0xBB, 0xBB, 0xBB, 
	0xBC, 0xBC, 0xCC, 0xDC, 0xCB, 0xBB, 0xCC, 0xCC, 0xCC, 0xCC, 0xCC, 0xCC, 0xBB, 0xCC, 0xCC, 
	0xCC, 0xCC, 0xCC, 0xCC, 0xCB, 0xBC, 0xB7, 0x55, 0x43, 0x44, 0x66, 0x55, 0x54, 0x55, 0x44, 
	0x56, 0x53, 0x32, 0x22, 0x22, 0x32, 0x22, 0x4B, 0x94, 0x22, 0x22, 0x33, 0x33, 0x33, 0x22, 
	0x11, 0x11, 0x11, 0x11, 0x11, 0x11, 0x11, 0x11, 0x11, 0x22, 0x22, 0x22, 0x43, 0x22, 0x22, 
	0x22, 0x22, 0x22, 0x22, 0x22, 0x23, 0x22, 0x22, 0x22, 0x22, 0x22, 0x22, 0x21, 0x22, 0x22, 
	0x23, 0x35, 0x52, 0x37, 0x96, 0x46, 0x31, 0x22, 0x12, 0x21, 0x11, 0x12, 0x22, 0x11, 0x21, 
	0x11, 0x11, 0x11, 0x12, 0x12, 0x22, 0x22, 0x21, 0x11, 0x22, 0x21, 0x22, 0x22, 0x22, 0x32, 
	0x22, 0x22, 0x22, 0x33, 0x44, 0x56, 0x55, 0x56, 0x69, 0x84, 0x58, 0x99, 0x78, 0xBB, 0xBB, 
	0xBC, 0xCC, 0xCC, 0xCC, 0xCC, 0xCC, 0xCC, 0xCC, 0xCC, 0xCC, 0xCC, 0xCC, 0xCC, 0xCC, 0xCC, 
	0xCC, 0xCC, 0xCC, 0xCC, 0xCC, 0xCC, 0xCC, 0xCD, 0xDD, 0xDD, 0xDD, 0xDD, 0xDD, 0xDD, 0xDD, 
	0xDD, 0xEE, 0xEE, 0xEE, 0xDD, 0xDD, 0xDE, 0xEE, 0xEE, 0xEE, 0xEE, 0xEE, 0xEE, 0xEE, 0xEE, 
	0xEE, 0xEE, 0xED, 0xDC, 0xDD, 0xEE, 0xDC, 0xCB, 0xCC, 0xCC, 0xCC, 0xCC, 0xCC, 0xCC, 0xCC, 
	0xCC, 0xCC, 0xCC, 0xCC, 0xCC, 0xCC, 0xCC, 0xCC, 0xCC, 0xCC, 0xCC, 0xBB, 0xBB, 0xBB, 0xBB, 
	0x00, 0x00, 0x00, 0x00, 0x00, 0x00, 0x00, 0x00, 0x00, 0x00, 0x00, 0x00, 0x00, 0x00, 0x00, 
	0x00, 0x00, 0x00, 0x00, 0x00, 0x00, 0x00, 0x00, 0x00, 0x00, 0x00, 0x00, 0x00, 0x00, 0x00, 
	0x00, 0x00, 0x00, 0x00, 0x00, 0x00, 0x00, 0x00, 0x00, 0x00, 0x00, 0x00, 0x00, 0x00, 0x00, 
	0x00, 0x00, 0x00, 0x00, 0x00, 0x00, 0x00, 0x00, 0x00, 0x00, 0x00, 0x00, 0x00, 0x00, 0x00, 
	0x00, 0x00, 0x00, 0x00, 0x00, 0x00, 0x00, 0x00, 0x00, 0x00, 0x00, 0x00, 0x00, 0x00, 0x00, 
	0x00, 0x00, 0x00, 0x00, 0x00, 0x00, 0x00, 0x00, 0x00, 0x00, 0x00, 0x00, 0x00, 0x00, 0x00, 
	0xBB, 0xBB, 0xBB, 0xBB, 0xBB, 0xAA, 0xAB, 0xBB, 0xBB, 0xBB, 0xAB, 0xBB, 0xAB, 0xBB, 0xBB, 
	0xBC, 0xBC, 0xCC, 0xCD, 0xCB, 0xBB, 0xBC, 0xCC, 0xCC, 0xCC, 0xCC, 0xCB, 0xBB, 0xCC, 0xCC, 
	0xCC, 0xCC, 0xCC, 0xCC, 0xCB, 0xBB, 0xA8, 0x56, 0x53, 0x34, 0x44, 0x54, 0x44, 0x45, 0x53, 
	0x46, 0x53, 0x22, 0x22, 0x22, 0x22, 0x22, 0x37, 0x73, 0x22, 0x22, 0x22, 0x33, 0x22, 0x21, 
	0x11, 0x11, 0x11, 0x11, 0x11, 0x11, 0x11, 0x11, 0x11, 0x22, 0x23, 0x33, 0x33, 0x22, 0x23, 
	0x22, 0x22, 0x22, 0x22, 0x22, 0x22, 0x22, 0x22, 0x33, 0x32, 0x22, 0x22, 0x21, 0x22, 0x22, 
	0x22, 0x45, 0x64, 0x24, 0x44, 0x8E, 0x73, 0x22, 0x11, 0x21, 0x22, 0x12, 0x21, 0x11, 0x11, 
	0x11, 0x11, 0x11, 0x22, 0x12, 0x22, 0x23, 0x32, 0x21, 0x22, 0x22, 0x22, 0x22, 0x22, 0x22, 
	0x22, 0x32, 0x23, 0x24, 0x43, 0x56, 0x65, 0x56, 0x69, 0x85, 0x57, 0x99, 0x9A, 0xBC, 0xBB, 
	0xBB, 0xCC, 0xCC, 0xCC, 0xCC, 0xCC, 0xCC, 0xCC, 0xCC, 0xCC, 0xCC, 0xCC, 0xCC, 0xCC, 0xCC, 
	0xCC, 0xCC, 0xCB, 0xCC, 0xCC, 0xCC, 0xCC, 0xCC, 0xDD, 0xDD, 0xDD, 0xDD, 0xDD, 0xDD, 0xDD, 
	0xDD, 0xDE, 0xEE, 0xEE, 0xED, 0xDD, 0xDE, 0xEE, 0xEE, 0xEE, 0xEE, 0xEE, 0xEE, 0xEE, 0xEE, 
	0xEE, 0xEE, 0xED, 0xCC, 0xDD, 0xDE, 0xDC, 0xBB, 0xCC, 0xCC, 0xCC, 0xCC, 0xCC, 0xCC, 0xCC, 
	0xCC, 0xCC, 0xCC, 0xCC, 0xCC, 0xCC, 0xCC, 0xCC, 0xCC, 0xCC, 0xCC, 0xBB, 0xBB, 0xBB, 0xCC, 
	0x00, 0x00, 0x00, 0x00, 0x00, 0x00, 0x00, 0x00, 0x00, 0x00, 0x00, 0x00, 0x00, 0x00, 0x00, 
	0x00, 0x00, 0x00, 0x00, 0x00, 0x00, 0x00, 0x00, 0x00, 0x00, 0x00, 0x00, 0x00, 0x00, 0x00, 
	0x00, 0x00, 0x00, 0x00, 0x00, 0x00, 0x00, 0x00, 0x00, 0x00, 0x00, 0x00, 0x00, 0x00, 0x00, 
	0x00, 0x00, 0x00, 0x00, 0x00, 0x00, 0x00, 0x00, 0x00, 0x00, 0x00, 0x00, 0x00, 0x00, 0x00, 
	0x00, 0x00, 0x00, 0x00, 0x00, 0x00, 0x00, 0x00, 0x00, 0x00, 0x00, 0x00, 0x00, 0x00, 0x00, 
	0x00, 0x00, 0x00, 0x00, 0x00, 0x00, 0x00, 0x00, 0x00, 0x00, 0x00, 0x00, 0x00, 0x00, 0x00, 
	0xBB, 0xBB, 0xBB, 0xBB, 0xBB, 0xBA, 0xAB, 0xBB, 0xBB, 0xBB, 0xAB, 0xAA, 0xAB, 0xBB, 0xBB, 
	0xBB, 0xBB, 0xCC, 0xCC, 0xCB, 0xBB, 0xBC, 0xCC, 0xCC, 0xCC, 0xCC, 0xCB, 0xBB, 0xCC, 0xCC, 
	0xCC, 0xCC, 0xCC, 0xCC, 0xCC, 0xCB, 0x87, 0x54, 0x65, 0x33, 0x45, 0x54, 0x43, 0x34, 0x54, 
	0x35, 0x43, 0x22, 0x22, 0x22, 0x22, 0x25, 0x65, 0x43, 0x22, 0x22, 0x22, 0x33, 0x22, 0x11, 
	0x11, 0x11, 0x11, 0x11, 0x11, 0x11, 0x11, 0x11, 0x11, 0x11, 0x22, 0x33, 0x33, 0x32, 0x22, 
	0x22, 0x22, 0x23, 0x22, 0x22, 0x22, 0x22, 0x33, 0x32, 0x22, 0x11, 0x22, 0x22, 0x22, 0x22, 
	0x22, 0x33, 0x44, 0x33, 0x32, 0x6D, 0x94, 0x55, 0x12, 0x22, 0x11, 0x12, 0x21, 0x11, 0x11, 
	0x11, 0x11, 0x22, 0x13, 0x32, 0x23, 0x13, 0x32, 0x22, 0x32, 0x43, 0x24, 0x42, 0x33, 0x22, 
	0x22, 0x32, 0x33, 0x45, 0x34, 0x76, 0x65, 0x77, 0x68, 0x96, 0x67, 0x8A, 0xBB, 0xCB, 0xBB, 
	0xBB, 0xCC, 0xCC, 0xCC, 0xCC, 0xCC, 0xCC, 0xCC, 0xCC, 0xCC, 0xCC, 0xCC, 0xCC, 0xCC, 0xCC, 
	0xCC, 0xCC, 0xCC, 0xCC, 0xCC, 0xCC, 0xCC, 0xCC, 0xDD, 0xDD, 0xDD, 0xDD, 0xDD, 0xDD, 0xDD, 
	0xDD, 0xEE, 0xEE, 0xEE, 0xED, 0xDD, 0xDE, 0xEE, 0xEE, 0xEE, 0xEE, 0xEE, 0xEE, 0xEE, 0xEE, 
	0xEE, 0xEE, 0xED, 0xCC, 0xDD, 0xEE, 0xDC, 0xBB, 0xCC, 0xCC, 0xCC, 0xCC, 0xCC, 0xCC, 0xCC, 
	0xCC, 0xCC, 0xCC, 0xCC, 0xCC, 0xCC, 0xCC, 0xCC, 0xCC, 0xCC, 0xCC, 0xBB, 0xBB, 0xBB, 0xCC, 
	0x00, 0x00, 0x00, 0x00, 0x00, 0x00, 0x00, 0x00, 0x00, 0x00, 0x00, 0x00, 0x00, 0x00, 0x00, 
	0x00, 0x00, 0x00, 0x00, 0x00, 0x00, 0x00, 0x00, 0x00, 0x00, 0x00, 0x00, 0x00, 0x00, 0x00, 
	0x00, 0x00, 0x00, 0x00, 0x00, 0x00, 0x00, 0x00, 0x00, 0x00, 0x00, 0x00, 0x00, 0x00, 0x00, 
	0x00, 0x00, 0x00, 0x00, 0x00, 0x00, 0x00, 0x00, 0x00, 0x00, 0x00, 0x00, 0x00, 0x00, 0x00, 
	0x00, 0x00, 0x00, 0x00, 0x00, 0x00, 0x00, 0x00, 0x00, 0x00, 0x00, 0x00, 0x00, 0x00, 0x00, 
	0x00, 0x00, 0x00, 0x00, 0x00, 0x00, 0x00, 0x00, 0x00, 0x00, 0x00, 0x00, 0x00, 0x00, 0x00, 
	0xBB, 0xBB, 0xBB, 0xBB, 0xBB, 0xBA, 0xAB, 0xBB, 0xBB, 0xBB, 0xAB, 0xAA, 0xAB, 0xBB, 0xBB, 
	0xBB, 0xBC, 0xCC, 0xCC, 0xCB, 0xBB, 0xBB, 0xCC, 0xBB, 0xBC, 0xCC, 0xBB, 0xBB, 0xCC, 0xCC, 
	0xCB, 0xBB, 0xBC, 0xCC, 0xCC, 0xBB, 0x75, 0x64, 0x56, 0x43, 0x45, 0x44, 0x43, 0x33, 0x43, 
	0x34, 0x33, 0x32, 0x22, 0x22, 0x22, 0x28, 0xA4, 0x33, 0x23, 0x22, 0x22, 0x32, 0x22, 0x12, 
	0x21, 0x11, 0x11, 0x11, 0x11, 0x11, 0x11, 0x11, 0x11, 0x11, 0x22, 0x23, 0x33, 0x33, 0x22, 
	0x22, 0x22, 0x33, 0x32, 0x32, 0x22, 0x22, 0x22, 0x22, 0x21, 0x11, 0x22, 0x22, 0x22, 0x22, 
	0x32, 0x32, 0x22, 0x22, 0x22, 0x47, 0x65, 0xCC, 0x41, 0x22, 0x11, 0x11, 0x21, 0x11, 0x11, 
	0x11, 0x12, 0x32, 0x14, 0x52, 0x33, 0x23, 0x33, 0x22, 0x33, 0x53, 0x57, 0x53, 0x54, 0x22, 
	0x43, 0x33, 0x64, 0x66, 0x36, 0x76, 0x66, 0xA8, 0x57, 0x98, 0x87, 0x9B, 0xCB, 0xBB, 0xBB, 
	0xBB, 0xCC, 0xCC, 0xCC, 0xCC, 0xCC, 0xCC, 0xCC, 0xCC, 0xCC, 0xCC, 0xCC, 0xCC, 0xCC, 0xCC, 
	0xCC, 0xCC, 0xCC, 0xCC, 0xCC, 0xCC, 0xCC, 0xCC, 0xDD, 0xDD, 0xDD, 0xDD, 0xDD, 0xDD, 0xDD, 
	0xDD, 0xEE, 0xEE, 0xEE, 0xED, 0xDD, 0xEE, 0xEE, 0xEE, 0xEE, 0xEE, 0xEE, 0xEE, 0xEE, 0xEE, 
	0xEE, 0xEE, 0xED, 0xCC, 0xDD, 0xEE, 0xDC, 0xBB, 0xCC, 0xCC, 0xCC, 0xCC, 0xCC, 0xCC, 0xCC, 
	0xCC, 0xCC, 0xCC, 0xCC, 0xCC, 0xCC, 0xCC, 0xCC, 0xCC, 0xCC, 0xCC, 0xCB, 0xBB, 0xBC, 0xCC, 
	0x00, 0x00, 0x00, 0x00, 0x00, 0x00, 0x00, 0x00, 0x00, 0x00, 0x00, 0x00, 0x00, 0x00, 0x00, 
	0x00, 0x00, 0x00, 0x00, 0x00, 0x00, 0x00, 0x00, 0x00, 0x00, 0x00, 0x00, 0x00, 0x00, 0x00, 
	0x00, 0x00, 0x00, 0x00, 0x00, 0x00, 0x00, 0x00, 0x00, 0x00, 0x00, 0x00, 0x00, 0x00, 0x00, 
	0x00, 0x00, 0x00, 0x00, 0x00, 0x00, 0x00, 0x00, 0x00, 0x00, 0x00, 0x00, 0x00, 0x00, 0x00, 
	0x00, 0x00, 0x00, 0x00, 0x00, 0x00, 0x00, 0x00, 0x00, 0x00, 0x00, 0x00, 0x00, 0x00, 0x00, 
	0x00, 0x00, 0x00, 0x00, 0x00, 0x00, 0x00, 0x00, 0x00, 0x00, 0x00, 0x00, 0x00, 0x00, 0x00, 
	0xBB, 0xBB, 0xBB, 0xBB, 0xBB, 0xBA, 0xAB, 0xBB, 0xBB, 0xBA, 0xAA, 0xBA, 0xAB, 0xBB, 0xBB, 
	0xBB, 0xCC, 0xCC, 0xCC, 0xCB, 0xBB, 0xBC, 0xCB, 0xBB, 0xBB, 0xBC, 0xCC, 0xBB, 0xCC, 0xCC, 
	0xCB, 0xBB, 0xBC, 0xCC, 0xCC, 0xBB, 0x84, 0x55, 0x45, 0x53, 0x34, 0x43, 0x44, 0x33, 0x33, 
	0x33, 0x33, 0x42, 0x22, 0x22, 0x21, 0x25, 0x94, 0x32, 0x22, 0x22, 0x22, 0x22, 0x21, 0x12, 
	0x21, 0x11, 0x11, 0x11, 0x11, 0x11, 0x11, 0x11, 0x11, 0x11, 0x12, 0x23, 0x33, 0x33, 0x33, 
	0x22, 0x33, 0x32, 0x22, 0x32, 0x22, 0x22, 0x22, 0x21, 0x11, 0x11, 0x22, 0x22, 0x22, 0x22, 
	0x22, 0x22, 0x22, 0x22, 0x22, 0x23, 0x34, 0xCC, 0x62, 0x21, 0x11, 0x12, 0x22, 0x11, 0x11, 
	0x11, 0x22, 0x22, 0x24, 0x42, 0x33, 0x33, 0x23, 0x22, 0x23, 0x43, 0x77, 0x43, 0x53, 0x23, 
	0x63, 0x45, 0x65, 0x74, 0x37, 0x77, 0x57, 0xA8, 0x57, 0x89, 0xA9, 0xAB, 0xBB, 0xBB, 0xBB, 
	0xBB, 0xCC, 0xCC, 0xCC, 0xCC, 0xCC, 0xCC, 0xCC, 0xCC, 0xCC, 0xCC, 0xCC, 0xCC, 0xCC, 0xCC, 
	0xCC, 0xCC, 0xCC, 0xCC, 0xCC, 0xCC, 0xCC, 0xCD, 0xDD, 0xDD, 0xDD, 0xDD, 0xDD, 0xDD, 0xDD, 
	0xDD, 0xDE, 0xEE, 0xEE, 0xED, 0xDD, 0xEE, 0xEE, 0xEE, 0xEE, 0xEE, 0xEE, 0xEE, 0xEE, 0xEE, 
	0xEE, 0xEE, 0xED, 0xCC, 0xDD, 0xED, 0xDC, 0xBC, 0xCC, 0xCC, 0xCC, 0xCC, 0xCC, 0xCC, 0xCC, 
	0xCC, 0xCC, 0xCC, 0xCC, 0xCC, 0xCC, 0xCC, 0xCC, 0xCC, 0xCC, 0xCC, 0xCC, 0xBB, 0xCC, 0xCC, 
	0x00, 0x00, 0x00, 0x00, 0x00, 0x00, 0x00, 0x00, 0x00, 0x00, 0x00, 0x00, 0x00, 0x00, 0x00, 
	0x00, 0x00, 0x00, 0x00, 0x00, 0x00, 0x00, 0x00, 0x00, 0x00, 0x00, 0x00, 0x00, 0x00, 0x00, 
	0x00, 0x00, 0x00, 0x00, 0x00, 0x00, 0x00, 0x00, 0x00, 0x00, 0x00, 0x00, 0x00, 0x00, 0x00, 
	0x00, 0x00, 0x00, 0x00, 0x00, 0x00, 0x00, 0x00, 0x00, 0x00, 0x00, 0x00, 0x00, 0x00, 0x00, 
	0x00, 0x00, 0x00, 0x00, 0x00, 0x00, 0x00, 0x00, 0x00, 0x00, 0x00, 0x00, 0x00, 0x00, 0x00, 
	0x00, 0x00, 0x00, 0x00, 0x00, 0x00, 0x00, 0x00, 0x00, 0x00, 0x00, 0x00, 0x00, 0x00, 0x00, 
	0xBB, 0xBB, 0xBB, 0xBB, 0xBB, 0xBA, 0xAB, 0xBB, 0xBB, 0xBA, 0xAA, 0xBA, 0xAA, 0xBB, 0xBB, 
	0xBB, 0xBB, 0xBC, 0xCC, 0xCC, 0xBB, 0xBC, 0xBB, 0xBB, 0xBB, 0xBC, 0xCC, 0xCC, 0xCC, 0xCC, 
	0xCB, 0xBB, 0xBB, 0xBB, 0xBB, 0xCB, 0x96, 0x55, 0x44, 0x54, 0x33, 0x43, 0x34, 0x33, 0x33, 
	0x34, 0x33, 0x32, 0x22, 0x23, 0x24, 0x53, 0x53, 0x32, 0x22, 0x22, 0x22, 0x22, 0x21, 0x22, 
	0x11, 0x11, 0x11, 0x22, 0x11, 0x11, 0x11, 0x11, 0x11, 0x11, 0x11, 0x22, 0x22, 0x33, 0x33, 
	0x33, 0x33, 0x32, 0x22, 0x22, 0x22, 0x22, 0x22, 0x11, 0x11, 0x12, 0x22, 0x22, 0x22, 0x22, 
	0x22, 0x22, 0x33, 0x22, 0x22, 0x22, 0x23, 0x88, 0x54, 0x83, 0x22, 0x11, 0x22, 0x11, 0x11, 
	0x11, 0x22, 0x21, 0x24, 0x33, 0x43, 0x33, 0x32, 0x22, 0x22, 0x24, 0x74, 0x32, 0x42, 0x24, 
	0x53, 0x46, 0x46, 0x52, 0x47, 0x76, 0x48, 0x86, 0x56, 0x7A, 0xA8, 0xAB, 0xCB, 0xBB, 0xBB, 
	0xBB, 0xCC, 0xCC, 0xCC, 0xCC, 0xCC, 0xCC, 0xCC, 0xCC, 0xCC, 0xCC, 0xCC, 0xCC, 0xCC, 0xCC, 
	0xCC, 0xCC, 0xCC, 0xCC, 0xCC, 0xCC, 0xCC, 0xCD, 0xDD, 0xDD, 0xDD, 0xDD, 0xDD, 0xDD, 0xDD, 
	0xDD, 0xDD, 0xEE, 0xEE, 0xED, 0xDD, 0xEE, 0xEE, 0xEE, 0xEE, 0xEE, 0xEE, 0xEE, 0xEE, 0xEE, 
	0xEE, 0xEE, 0xDD, 0xCC, 0xDE, 0xED, 0xCC, 0xBC, 0xCC, 0xCC, 0xCC, 0xCC, 0xCC, 0xCC, 0xCC, 
	0xCC, 0xCC, 0xCC, 0xCC, 0xCC, 0xCC, 0xCC, 0xCC, 0xCC, 0xCC, 0xCC, 0xCC, 0xCB, 0xCC, 0xCC, 
	0x00, 0x00, 0x00, 0x00, 0x00, 0x00, 0x00, 0x00, 0x00, 0x00, 0x00, 0x00, 0x00, 0x00, 0x00, 
	0x00, 0x00, 0x00, 0x00, 0x00, 0x00, 0x00, 0x00, 0x00, 0x00, 0x00, 0x00, 0x00, 0x00, 0x00, 
	0x00, 0x00, 0x00, 0x00, 0x00, 0x00, 0x00, 0x00, 0x00, 0x00, 0x00, 0x00, 0x00, 0x00, 0x00, 
	0x00, 0x00, 0x00, 0x00, 0x00, 0x00, 0x00, 0x00, 0x00, 0x00, 0x00, 0x00, 0x00, 0x00, 0x00, 
	0x00, 0x00, 0x00, 0x00, 0x00, 0x00, 0x00, 0x00, 0x00, 0x00, 0x00, 0x00, 0x00, 0x00, 0x00, 
	0x00, 0x00, 0x00, 0x00, 0x00, 0x00, 0x00, 0x00, 0x00, 0x00, 0x00, 0x00, 0x00, 0x00, 0x00, 
	0xBB, 0xBB, 0xBB, 0xBB, 0xBB, 0xBA, 0xAB, 0xBB, 0xBB, 0xBB, 0xAA, 0xAA, 0xAA, 0xBB, 0xBB, 
	0xBB, 0xBC, 0xBC, 0xCC, 0xCC, 0xBB, 0xBC, 0xBB, 0xBB, 0xBB, 0xBB, 0xCC, 0xBC, 0xCC, 0xCB, 
	0xBB, 0xBB, 0xBB, 0xBB, 0xBB, 0xCB, 0x97, 0x65, 0x44, 0x56, 0x43, 0x44, 0x33, 0x43, 0x33, 
	0x44, 0x32, 0x22, 0x32, 0x22, 0x27, 0xA5, 0x22, 0x32, 0x22, 0x22, 0x22, 0x22, 0x21, 0x21, 
	0x11, 0x12, 0x11, 0x22, 0x11, 0x11, 0x11, 0x11, 0x11, 0x11, 0x11, 0x22, 0x22, 0x33, 0x33, 
	0x34, 0x43, 0x32, 0x22, 0x22, 0x22, 0x22, 0x22, 0x22, 0x22, 0x22, 0x22, 0x22, 0x22, 0x22, 
	0x22, 0x22, 0x22, 0x22, 0x23, 0x32, 0x22, 0x33, 0x48, 0xE7, 0x31, 0x11, 0x22, 0x11, 0x11, 
	0x12, 0x21, 0x21, 0x24, 0x33, 0x44, 0x43, 0x32, 0x22, 0x23, 0x36, 0x52, 0x22, 0x32, 0x23, 
	0x33, 0x34, 0x55, 0x34, 0x56, 0x65, 0x57, 0x65, 0x55, 0x8A, 0x87, 0xAB, 0xCB, 0xBB, 0xBB, 
	0xBB, 0xCC, 0xCC, 0xCC, 0xCC, 0xCC, 0xCC, 0xCC, 0xCC, 0xCC, 0xCC, 0xCC, 0xCC, 0xCC, 0xCC, 
	0xCC, 0xCC, 0xCC, 0xCC, 0xCC, 0xCC, 0xCC, 0xCD, 0xDD, 0xDD, 0xDD, 0xDD, 0xDD, 0xDD, 0xDD, 
	0xDD, 0xDD, 0xEE, 0xEE, 0xED, 0xDD, 0xEE, 0xEE, 0xEE, 0xEE, 0xEE, 0xEE, 0xEE, 0xEE, 0xEE, 
	0xEE, 0xEE, 0xDD, 0xCC, 0xDD, 0xED, 0xCC, 0xBC, 0xCC, 0xCC, 0xCC, 0xCC, 0xCC, 0xCC, 0xCC, 
	0xCC, 0xCC, 0xCC, 0xCC, 0xCC, 0xCC, 0xCC, 0xCC, 0xCC, 0xCC, 0xCC, 0xCC, 0xCC, 0xCC, 0xCC, 
	0x00, 0x00, 0x00, 0x00, 0x00, 0x00, 0x00, 0x00, 0x00, 0x00, 0x00, 0x00, 0x00, 0x00, 0x00, 
	0x00, 0x00, 0x00, 0x00, 0x00, 0x00, 0x00, 0x00, 0x00, 0x00, 0x00, 0x00, 0x00, 0x00, 0x00, 
	0x00, 0x00, 0x00, 0x00, 0x00, 0x00, 0x00, 0x00, 0x00, 0x00, 0x00, 0x00, 0x00, 0x00, 0x00, 
	0x00, 0x00, 0x00, 0x00, 0x00, 0x00, 0x00, 0x00, 0x00, 0x00, 0x00, 0x00, 0x00, 0x00, 0x00, 
	0x00, 0x00, 0x00, 0x00, 0x00, 0x00, 0x00, 0x00, 0x00, 0x00, 0x00, 0x00, 0x00, 0x00, 0x00, 
	0x00, 0x00, 0x00, 0x00, 0x00, 0x00, 0x00, 0x00, 0x00, 0x00, 0x00, 0x00, 0x00, 0x00, 0x00, 
	0xBB, 0xBB, 0xBB, 0xBB, 0xBB, 0xBA, 0xAB, 0xBB, 0xBB, 0xBB, 0xAA, 0xAA, 0xAA, 0xBB, 0xBB, 
	0xBB, 0xCC, 0xBC, 0xCC, 0xCC, 0xBB, 0xBB, 0xBC, 0xBB, 0xBB, 0xBB, 0xBB, 0xBB, 0xBB, 0xBB, 
	0xBB, 0xBB, 0xBB, 0xBB, 0xBB, 0xBB, 0xA8, 0x76, 0x46, 0x77, 0x53, 0x44, 0x33, 0x33, 0x33, 
	0x43, 0x32, 0x22, 0x22, 0x22, 0x25, 0x95, 0x22, 0x33, 0x12, 0x22, 0x22, 0x22, 0x21, 0x11, 
	0x11, 0x22, 0x11, 0x11, 0x11, 0x11, 0x11, 0x11, 0x11, 0x11, 0x12, 0x22, 0x22, 0x23, 0x33, 
	0x34, 0x33, 0x22, 0x22, 0x22, 0x22, 0x22, 0x22, 0x22, 0x22, 0x22, 0x22, 0x22, 0x22, 0x22, 
	0x22, 0x22, 0x12, 0x22, 0x22, 0x21, 0x22, 0x11, 0x16, 0x98, 0x32, 0x22, 0x22, 0x11, 0x11, 
	0x12, 0x22, 0x11, 0x23, 0x22, 0x33, 0x32, 0x22, 0x22, 0x24, 0x45, 0x32, 0x12, 0x22, 0x22, 
	0x22, 0x33, 0x64, 0x44, 0x44, 0x43, 0x43, 0x45, 0x55, 0x87, 0x68, 0xAB, 0xBB, 0xBB, 0xBB, 
	0xBB, 0xCC, 0xCC, 0xCC, 0xCC, 0xCC, 0xCC, 0xCC, 0xCC, 0xCC, 0xCC, 0xCC, 0xCC, 0xCC, 0xCC, 
	0xCC, 0xCC, 0xCC, 0xCC, 0xCC, 0xCC, 0xCC, 0xCD, 0xDD, 0xDD, 0xDD, 0xDD, 0xDD, 0xDD, 0xDD, 
	0xDD, 0xDE, 0xEE, 0xEE, 0xED, 0xDD, 0xEE, 0xEE, 0xEE, 0xEE, 0xEE, 0xEE, 0xEE, 0xEE, 0xEE, 
	0xEE, 0xEE, 0xDD, 0xCD, 0xDE, 0xED, 0xCC, 0xCC, 0xCC, 0xCC, 0xCC, 0xCC, 0xCC, 0xCC, 0xCC, 
	0xCC, 0xCC, 0xCC, 0xCC, 0xCC, 0xCC, 0xCC, 0xCC, 0xCC, 0xCC, 0xCC, 0xCC, 0xCC, 0xCC, 0xCC, 
	0x00, 0x00, 0x00, 0x00, 0x00, 0x00, 0x00, 0x00, 0x00, 0x00, 0x00, 0x00, 0x00, 0x00, 0x00, 
	0x00, 0x00, 0x00, 0x00, 0x00, 0x00, 0x00, 0x00, 0x00, 0x00, 0x00, 0x00, 0x00, 0x00, 0x00, 
	0x00, 0x00, 0x00, 0x00, 0x00, 0x00, 0x00, 0x00, 0x00, 0x00, 0x00, 0x00, 0x00, 0x00, 0x00, 
	0x00, 0x00, 0x00, 0x00, 0x00, 0x00, 0x00, 0x00, 0x00, 0x00, 0x00, 0x00, 0x00, 0x00, 0x00, 
	0x00, 0x00, 0x00, 0x00, 0x00, 0x00, 0x00, 0x00, 0x00, 0x00, 0x00, 0x00, 0x00, 0x00, 0x00, 
	0x00, 0x00, 0x00, 0x00, 0x00, 0x00, 0x00, 0x00, 0x00, 0x00, 0x00, 0x00, 0x00, 0x00, 0x00, 
	0xBB, 0xBB, 0xBB, 0xBA, 0xAB, 0xBA, 0xAA, 0xBB, 0xBB, 0xBB, 0xAA, 0xAB, 0xBA, 0xBB, 0xBB, 
	0xBB, 0xBB, 0xBC, 0xCC, 0xCC, 0xBB, 0xBB, 0xBC, 0xBB, 0xBB, 0xBB, 0xBB, 0xBB, 0xBB, 0xBB, 
	0xBB, 0xBB, 0xBB, 0xBB, 0xBB, 0xBB, 0xA9, 0x74, 0x58, 0x86, 0x44, 0x33, 0x33, 0x33, 0x34, 
	0x43, 0x33, 0x22, 0x22, 0x23, 0x34, 0x53, 0x22, 0x22, 0x12, 0x22, 0x22, 0x22, 0x21, 0x11, 
	0x11, 0x11, 0x11, 0x11, 0x11, 0x11, 0x11, 0x11, 0x11, 0x11, 0x11, 0x22, 0x22, 0x22, 0x33, 
	0x33, 0x22, 0x22, 0x22, 0x22, 0x22, 0x22, 0x11, 0x22, 0x22, 0x22, 0x22, 0x21, 0x12, 0x22, 
	0x22, 0x12, 0x11, 0x22, 0x21, 0x21, 0x21, 0x11, 0x13, 0x56, 0x59, 0x32, 0x22, 0x21, 0x11, 
	0x12, 0x22, 0x21, 0x23, 0x23, 0x23, 0x22, 0x22, 0x22, 0x35, 0x33, 0x22, 0x22, 0x22, 0x22, 
	0x22, 0x14, 0x54, 0x43, 0x34, 0x43, 0x33, 0x55, 0x45, 0x85, 0x67, 0xAB, 0xBB, 0xBB, 0xBB, 
	0xBC, 0xCC, 0xCC, 0xCC, 0xCC, 0xCC, 0xCC, 0xCC, 0xCC, 0xCC, 0xCC, 0xCC, 0xCC, 0xCC, 0xCC, 
	0xCC, 0xCC, 0xCC, 0xCC, 0xCC, 0xCC, 0xCC, 0xCD, 0xDD, 0xDD, 0xDD, 0xDD, 0xDD, 0xDD, 0xDD, 
	0xDD, 0xEE, 0xEE, 0xEE, 0xDD, 0xDD, 0xEE, 0xEE, 0xEE, 0xEE, 0xEE, 0xEE, 0xEE, 0xEE, 0xEE, 
	0xEE, 0xEE, 0xDD, 0xCD, 0xDE, 0xED, 0xCC, 0xCC, 0xCC, 0xCC, 0xCC, 0xCC, 0xCC, 0xCC, 0xCC, 
	0xCC, 0xCC, 0xCC, 0xCC, 0xCC, 0xCC, 0xCC, 0xCC, 0xCC, 0xCC, 0xCC, 0xCC, 0xCB, 0xBC, 0xCC, 
	0x00, 0x00, 0x00, 0x00, 0x00, 0x00, 0x00, 0x00, 0x00, 0x00, 0x00, 0x00, 0x00, 0x00, 0x00, 
	0x00, 0x00, 0x00, 0x00, 0x00, 0x00, 0x00, 0x00, 0x00, 0x00, 0x00, 0x00, 0x00, 0x00, 0x00, 
	0x00, 0x00, 0x00, 0x00, 0x00, 0x00, 0x00, 0x00, 0x00, 0x00, 0x00, 0x00, 0x00, 0x00, 0x00, 
	0x00, 0x00, 0x00, 0x00, 0x00, 0x00, 0x00, 0x00, 0x00, 0x00, 0x00, 0x00, 0x00, 0x00, 0x00, 
	0x00, 0x00, 0x00, 0x00, 0x00, 0x00, 0x00, 0x00, 0x00, 0x00, 0x00, 0x00, 0x00, 0x00, 0x00, 
	0x00, 0x00, 0x00, 0x00, 0x00, 0x00, 0x00, 0x00, 0x00, 0x00, 0x00, 0x00, 0x00, 0x00, 0x00, 
	0xBB, 0xBB, 0xBB, 0xAA, 0xAB, 0xAA, 0xAA, 0xBB, 0xBB, 0xBB, 0xAA, 0xAB, 0xBA, 0xBB, 0xBB, 
	0xBB, 0xBB, 0xBB, 0xCC, 0xCC, 0xBB, 0xBB, 0xBB, 0xCC, 0xBB, 0xBB, 0xBB, 0xBB, 0xBB, 0xCB, 
	0xBB, 0xBB, 0xBB, 0xBB, 0xCB, 0xBB, 0xBA, 0x74, 0x58, 0x85, 0x44, 0x44, 0x43, 0x33, 0x34, 
	0x43, 0x33, 0x32, 0x23, 0x23, 0x85, 0x32, 0x22, 0x22, 0x22, 0x22, 0x22, 0x22, 0x22, 0x21, 
	0x12, 0x21, 0x21, 0x11, 0x11, 0x11, 0x11, 0x11, 0x11, 0x11, 0x11, 0x22, 0x22, 0x22, 0x22, 
	0x33, 0x32, 0x22, 0x22, 0x22, 0x22, 0x22, 0x21, 0x22, 0x22, 0x22, 0x22, 0x21, 0x12, 0x22, 
	0x22, 0x22, 0x22, 0x22, 0x22, 0x21, 0x11, 0x22, 0x22, 0x23, 0xAE, 0x73, 0x21, 0x11, 0x11, 
	0x12, 0x11, 0x22, 0x22, 0x33, 0x22, 0x22, 0x12, 0x23, 0x43, 0x22, 0x22, 0x22, 0x22, 0x22, 
	0x22, 0x23, 0x65, 0x33, 0x23, 0x33, 0x33, 0x45, 0x45, 0x55, 0x56, 0x9A, 0xBB, 0xBB, 0xBB, 
	0xBB, 0xBB, 0xBC, 0xCC, 0xCC, 0xCB, 0xBC, 0xCC, 0xCC, 0xCC, 0xCC, 0xCC, 0xCC, 0xCC, 0xCC, 
	0xCC, 0xCC, 0xCC, 0xCC, 0xCC, 0xCC, 0xCC, 0xCD, 0xDD, 0xDD, 0xDD, 0xDD, 0xDD, 0xDD, 0xDD, 
	0xDD, 0xDE, 0xEE, 0xEE, 0xDD, 0xDD, 0xEE, 0xEE, 0xEE, 0xEE, 0xEE, 0xEE, 0xEE, 0xEE, 0xEE, 
	0xEE, 0xEE, 0xDC, 0xCD, 0xDE, 0xED, 0xCB, 0xBC, 0xCC, 0xCC, 0xCC, 0xCC, 0xCC, 0xCC, 0xCC, 
	0xCC, 0xCC, 0xCC, 0xCC, 0xCC, 0xCC, 0xCC, 0xCC, 0xCC, 0xCB, 0xBB, 0xBC, 0xCC, 0xCC, 0xCC, 
	0x00, 0x00, 0x00, 0x00, 0x00, 0x00, 0x00, 0x00, 0x00, 0x00, 0x00, 0x00, 0x00, 0x00, 0x00, 
	0x00, 0x00, 0x00, 0x00, 0x00, 0x00, 0x00, 0x00, 0x00, 0x00, 0x00, 0x00, 0x00, 0x00, 0x00, 
	0x00, 0x00, 0x00, 0x00, 0x00, 0x00, 0x00, 0x00, 0x00, 0x00, 0x00, 0x00, 0x00, 0x00, 0x00, 
	0x00, 0x00, 0x00, 0x00, 0x00, 0x00, 0x00, 0x00, 0x00, 0x00, 0x00, 0x00, 0x00, 0x00, 0x00, 
	0x00, 0x00, 0x00, 0x00, 0x00, 0x00, 0x00, 0x00, 0x00, 0x00, 0x00, 0x00, 0x00, 0x00, 0x00, 
	0x00, 0x00, 0x00, 0x00, 0x00, 0x00, 0x00, 0x00, 0x00, 0x00, 0x00, 0x00, 0x00, 0x00, 0x00, 
	0xBB, 0xBB, 0xBB, 0xAA, 0xAA, 0xAA, 0xAA, 0xBB, 0xBB, 0xBB, 0xAA, 0xAB, 0xBA, 0xBB, 0xBB, 
	0xBB, 0xBB, 0xBB, 0xCC, 0xCC, 0xBB, 0xBB, 0xBB, 0xBB, 0xBB, 0xBB, 0xBB, 0xBB, 0xBB, 0xBB, 
	0xBB, 0xBB, 0xBB, 0xBB, 0xBB, 0xBB, 0xBA, 0x63, 0x58, 0x74, 0x35, 0x45, 0x53, 0x33, 0x33, 
	0x33, 0x33, 0x33, 0x22, 0x23, 0x87, 0x22, 0x22, 0x22, 0x22, 0x22, 0x22, 0x22, 0x22, 0x22, 
	0x22, 0x21, 0x21, 0x11, 0x11, 0x11, 0x11, 0x11, 0x11, 0x11, 0x11, 0x12, 0x22, 0x22, 0x22, 
	0x22, 0x22, 0x22, 0x22, 0x22, 0x22, 0x22, 0x22, 0x22, 0x22, 0x22, 0x22, 0x22, 0x12, 0x22, 
	0x21, 0x21, 0x22, 0x22, 0x22, 0x22, 0x22, 0x22, 0x22, 0x21, 0x8B, 0x72, 0x22, 0x12, 0x11, 
	0x11, 0x12, 0x21, 0x22, 0x32, 0x22, 0x21, 0x22, 0x23, 0x22, 0x22, 0x22, 0x22, 0x22, 0x22, 
	0x22, 0x23, 0x54, 0x32, 0x33, 0x23, 0x34, 0x44, 0x45, 0x55, 0x57, 0x9A, 0xBB, 0xBB, 0xBB, 
	0xBB, 0xCC, 0xCC, 0xCB, 0xCC, 0xCC, 0xCC, 0xCC, 0xCC, 0xCC, 0xCC, 0xCC, 0xCC, 0xCC, 0xCC, 
	0xCC, 0xCC, 0xCC, 0xCC, 0xCC, 0xCC, 0xCC, 0xCD, 0xDD, 0xDD, 0xDD, 0xDD, 0xDD, 0xDD, 0xDD, 
	0xDD, 0xDE, 0xEE, 0xEE, 0xDD, 0xDD, 0xEE, 0xEE, 0xEE, 0xEE, 0xEE, 0xEE, 0xEE, 0xEE, 0xEE, 
	0xEE, 0xEE, 0xDC, 0xCD, 0xDE, 0xED, 0xCB, 0xCC, 0xCC, 0xCC, 0xCC, 0xCC, 0xCC, 0xCC, 0xCC, 
	0xCC, 0xCC, 0xCC, 0xCC, 0xCC, 0xCC, 0xCC, 0xCC, 0xCC, 0xCB, 0xBB, 0xCC, 0xBC, 0xCC, 0xCC, 
	0x00, 0x00, 0x00, 0x00, 0x00, 0x00, 0x00, 0x00, 0x00, 0x00, 0x00, 0x00, 0x00, 0x00, 0x00, 
	0x00, 0x00, 0x00, 0x00, 0x00, 0x00, 0x00, 0x00, 0x00, 0x00, 0x00, 0x00, 0x00, 0x00, 0x00, 
	0x00, 0x00, 0x00, 0x00, 0x00, 0x00, 0x00, 0x00, 0x00, 0x00, 0x00, 0x00, 0x00, 0x00, 0x00, 
	0x00, 0x00, 0x00, 0x00, 0x00, 0x00, 0x00, 0x00, 0x00, 0x00, 0x00, 0x00, 0x00, 0x00, 0x00, 
	0x00, 0x00, 0x00, 0x00, 0x00, 0x00, 0x00, 0x00, 0x00, 0x00, 0x00, 0x00, 0x00, 0x00, 0x00, 
	0x00, 0x00, 0x00, 0x00, 0x00, 0x00, 0x00, 0x00, 0x00, 0x00, 0x00, 0x00, 0x00, 0x00, 0x00, 
	0xBB, 0xBB, 0xBB, 0xAA, 0xAA, 0xAA, 0xAA, 0xBB, 0xBB, 0xBB, 0xAA, 0xAB, 0xBB, 0xAB, 0xBB, 
	0xBB, 0xBB, 0xBC, 0xCC, 0xCC, 0xCB, 0xBB, 0xBB, 0xBB, 0xBB, 0xBB, 0xBB, 0xBB, 0xBB, 0xBB, 
	0xBB, 0xBB, 0xBB, 0xBB, 0xBB, 0xBB, 0xCB, 0x74, 0x57, 0x64, 0x57, 0x67, 0x64, 0x23, 0x44, 
	0x33, 0x33, 0x32, 0x22, 0x22, 0x55, 0x22, 0x22, 0x22, 0x22, 0x22, 0x22, 0x22, 0x22, 0x23, 
	0x21, 0x22, 0x21, 0x11, 0x11, 0x11, 0x11, 0x11, 0x11, 0x11, 0x11, 0x11, 0x11, 0x22, 0x22, 
	0x22, 0x22, 0x22, 0x22, 0x22, 0x22, 0x22, 0x22, 0x22, 0x11, 0x11, 0x22, 0x22, 0x11, 0x12, 
	0x21, 0x11, 0x23, 0x21, 0x22, 0x22, 0x22, 0x22, 0x22, 0x21, 0x46, 0x66, 0x72, 0x11, 0x11, 
	0x12, 0x11, 0x21, 0x23, 0x31, 0x22, 0x21, 0x22, 0x22, 0x12, 0x22, 0x22, 0x22, 0x22, 0x22, 
	0x22, 0x22, 0x34, 0x33, 0x33, 0x33, 0x46, 0x44, 0x55, 0x55, 0x69, 0xAA, 0xBB, 0xBB, 0xBB, 
	0xBB, 0xCC, 0xCC, 0xCB, 0xCC, 0xCC, 0xCC, 0xBB, 0xCC, 0xCC, 0xCC, 0xCC, 0xCC, 0xCC, 0xCC, 
	0xCC, 0xCC, 0xCC, 0xCC, 0xCC, 0xCC, 0xCC, 0xCD, 0xDD, 0xDD, 0xDD, 0xDD, 0xDD, 0xDD, 0xDD, 
	0xDD, 0xDE, 0xEE, 0xEE, 0xDD, 0xDD, 0xEE, 0xEE, 0xEE, 0xEE, 0xEE, 0xEE, 0xEE, 0xEE, 0xEE, 
	0xEE, 0xED, 0xDC, 0xCD, 0xEE, 0xDD, 0xCB, 0xCC, 0xCC, 0xCC, 0xCC, 0xCC, 0xCC, 0xCC, 0xCC, 
	0xCC, 0xCC, 0xCC, 0xCC, 0xCC, 0xCC, 0xCC, 0xCC, 0xCC, 0xCC, 0xBB, 0xCC, 0xBC, 0xCC, 0xCC, 
	0x00, 0x00, 0x00, 0x00, 0x00, 0x00, 0x00, 0x00, 0x00, 0x00, 0x00, 0x00, 0x00, 0x00, 0x00, 
	0x00, 0x00, 0x00, 0x00, 0x00, 0x00, 0x00, 0x00, 0x00, 0x00, 0x00, 0x00, 0x00, 0x00, 0x00, 
	0x00, 0x00, 0x00, 0x00, 0x00, 0x00, 0x00, 0x00, 0x00, 0x00, 0x00, 0x00, 0x00, 0x00, 0x00, 
	0x00, 0x00, 0x00, 0x00, 0x00, 0x00, 0x00, 0x00, 0x00, 0x00, 0x00, 0x00, 0x00, 0x00, 0x00, 
	0x00, 0x00, 0x00, 0x00, 0x00, 0x00, 0x00, 0x00, 0x00, 0x00, 0x00, 0x00, 0x00, 0x00, 0x00, 
	0x00, 0x00, 0x00, 0x00, 0x00, 0x00, 0x00, 0x00, 0x00, 0x00, 0x00, 0x00, 0x00, 0x00, 0x00, 
	0xBB, 0xBB, 0xBB, 0xBA, 0xAA, 0xBA, 0xAA, 0xAB, 0xBB, 0xBB, 0xAA, 0xAB, 0xBB, 0xAB, 0xBB, 
	0xBB, 0xBB, 0xBB, 0xCC, 0xCC, 0xCB, 0xBB, 0xBB, 0xBB, 0xBB, 0xBB, 0xBB, 0xBB, 0xBB, 0xBB, 
	0xBB, 0xBB, 0xBB, 0xBB, 0xBB, 0xBB, 0xBB, 0x96, 0x76, 0x65, 0x68, 0x67, 0x64, 0x33, 0x34, 
	0x33, 0x23, 0x32, 0x32, 0x23, 0x33, 0x22, 0x22, 0x22, 0x22, 0x22, 0x22, 0x22, 0x22, 0x23, 
	0x21, 0x12, 0x21, 0x11, 0x11, 0x11, 0x11, 0x11, 0x11, 0x11, 0x11, 0x11, 0x11, 0x22, 0x22, 
	0x22, 0x22, 0x22, 0x22, 0x22, 0x32, 0x22, 0x22, 0x22, 0x11, 0x11, 0x11, 0x11, 0x11, 0x22, 
	0x21, 0x11, 0x33, 0x21, 0x12, 0x22, 0x22, 0x22, 0x22, 0x21, 0x23, 0x4B, 0xD4, 0x11, 0x11, 
	0x11, 0x22, 0x11, 0x22, 0x21, 0x22, 0x12, 0x13, 0x31, 0x22, 0x33, 0x22, 0x22, 0x22, 0x22, 
	0x22, 0x22, 0x34, 0x33, 0x45, 0x33, 0x45, 0x46, 0x65, 0x55, 0x69, 0xAB, 0xBB, 0xBB, 0xBB, 
	0xBB, 0xBB, 0xBB, 0xBC, 0xBC, 0xCC, 0xCB, 0xBB, 0xCC, 0xCC, 0xCC, 0xCC, 0xCC, 0xCC, 0xCC, 
	0xCC, 0xCC, 0xCC, 0xCC, 0xCC, 0xCC, 0xCC, 0xCD, 0xDD, 0xDD, 0xDD, 0xDD, 0xDD, 0xDD, 0xDD, 
	0xDD, 0xDE, 0xDE, 0xEE, 0xDD, 0xDD, 0xEE, 0xEE, 0xEE, 0xEE, 0xEE, 0xEE, 0xEE, 0xEE, 0xEE, 
	0xEE, 0xED, 0xDC, 0xCD, 0xEE, 0xDC, 0xCB, 0xCC, 0xCC, 0xCC, 0xCC, 0xCC, 0xCC, 0xCC, 0xCC, 
	0xCC, 0xCC, 0xCC, 0xCC, 0xCC, 0xCC, 0xCC, 0xCC, 0xCC, 0xCC, 0xBB, 0xCC, 0xBC, 0xCC, 0xCC, 
	0x00, 0x00, 0x00, 0x00, 0x00, 0x00, 0x00, 0x00, 0x00, 0x00, 0x00, 0x00, 0x00, 0x00, 0x00, 
	0x00, 0x00, 0x00, 0x00, 0x00, 0x00, 0x00, 0x00, 0x00, 0x00, 0x00, 0x00, 0x00, 0x00, 0x00, 
	0x00, 0x00, 0x00, 0x00, 0x00, 0x00, 0x00, 0x00, 0x00, 0x00, 0x00, 0x00, 0x00, 0x00, 0x00, 
	0x00, 0x00, 0x00, 0x00, 0x00, 0x00, 0x00, 0x00, 0x00, 0x00, 0x00, 0x00, 0x00, 0x00, 0x00, 
	0x00, 0x00, 0x00, 0x00, 0x00, 0x00, 0x00, 0x00, 0x00, 0x00, 0x00, 0x00, 0x00, 0x00, 0x00, 
	0x00, 0x00, 0x00, 0x00, 0x00, 0x00, 0x00, 0x00, 0x00, 0x00, 0x00, 0x00, 0x00, 0x00, 0x00, 
	0xBB, 0xBB, 0xBB, 0xAA, 0xAA, 0xBB, 0xAA, 0xAB, 0xBB, 0xBB, 0xAA, 0xBB, 0xBB, 0xBB, 0xBB, 
	0xBB, 0xBB, 0xBB, 0xCC, 0xCC, 0xCB, 0xBB, 0xBB, 0xBB, 0xBB, 0xBB, 0xBB, 0xBB, 0xBB, 0xBB, 
	0xBB, 0xBB, 0xBB, 0xBB, 0xBB, 0xBB, 0xBC, 0xA9, 0x97, 0x75, 0x67, 0x65, 0x54, 0x43, 0x33, 
	0x33, 0x33, 0x32, 0x23, 0x47, 0x53, 0x22, 0x33, 0x22, 0x22, 0x22, 0x22, 0x22, 0x22, 0x23, 
	0x21, 0x11, 0x21, 0x11, 0x11, 0x11, 0x11, 0x11, 0x11, 0x11, 0x11, 0x11, 0x11, 0x22, 0x22, 
	0x22, 0x22, 0x22, 0x22, 0x22, 0x22, 0x22, 0x22, 0x22, 0x21, 0x11, 0x11, 0x11, 0x12, 0x22, 
	0x21, 0x22, 0x22, 0x22, 0x21, 0x22, 0x22, 0x22, 0x22, 0x11, 0x22, 0x3B, 0xB6, 0x34, 0x11, 
	0x11, 0x12, 0x12, 0x22, 0x12, 0x33, 0x12, 0x24, 0x42, 0x22, 0x54, 0x22, 0x22, 0x22, 0x12, 
	0x22, 0x22, 0x34, 0x63, 0x45, 0x44, 0x44, 0x46, 0x65, 0x65, 0x79, 0xAB, 0xBB, 0xBB, 0xBB, 
	0xBC, 0xCB, 0xCC, 0xBB, 0xBB, 0xCC, 0xCB, 0xBB, 0xBC, 0xCC, 0xCC, 0xCC, 0xCC, 0xCC, 0xCC, 
	0xCC, 0xCC, 0xCC, 0xCC, 0xCC, 0xCC, 0xCC, 0xCD, 0xDD, 0xDD, 0xDD, 0xDD, 0xDD, 0xDD, 0xDD, 
	0xDD, 0xDD, 0xDD, 0xDD, 0xDD, 0xDD, 0xEE, 0xEE, 0xEE, 0xEE, 0xEE, 0xEE, 0xEE, 0xEE, 0xEE, 
	0xEE, 0xED, 0xCC, 0xCD, 0xEE, 0xDC, 0xCC, 0xCC, 0xCC, 0xCC, 0xCC, 0xCC, 0xCC, 0xCC, 0xCC, 
	0xCC, 0xCC, 0xCC, 0xCC, 0xCC, 0xCC, 0xCC, 0xCC, 0xCC, 0xCC, 0xBB, 0xCC, 0xBC, 0xCC, 0xCC, 
	0x00, 0x00, 0x00, 0x00, 0x00, 0x00, 0x00, 0x00, 0x00, 0x00, 0x00, 0x00, 0x00, 0x00, 0x00, 
	0x00, 0x00, 0x00, 0x00, 0x00, 0x00, 0x00, 0x00, 0x00, 0x00, 0x00, 0x00, 0x00, 0x00, 0x00, 
	0x00, 0x00, 0x00, 0x00, 0x00, 0x00, 0x00, 0x00, 0x00, 0x00, 0x00, 0x00, 0x00, 0x00, 0x00, 
	0x00, 0x00, 0x00, 0x00, 0x00, 0x00, 0x00, 0x00, 0x00, 0x00, 0x00, 0x00, 0x00, 0x00, 0x00, 
	0x00, 0x00, 0x00, 0x00, 0x00, 0x00, 0x00, 0x00, 0x00, 0x00, 0x00, 0x00, 0x00, 0x00, 0x00, 
	0x00, 0x00, 0x00, 0x00, 0x00, 0x00, 0x00, 0x00, 0x00, 0x00, 0x00, 0x00, 0x00, 0x00, 0x00, 
	0xBB, 0xBB, 0xBB, 0xAA, 0xAA, 0xBB, 0xAA, 0xAB, 0xBB, 0xBB, 0xAA, 0xBB, 0xBB, 0xBB, 0xBB, 
	0xBB, 0xBB, 0xBB, 0xCC, 0xCC, 0xCB, 0xBB, 0xBB, 0xBB, 0xBB, 0xBB, 0xBB, 0xBB, 0xBB, 0xBB, 
	0xBB, 0xBB, 0xBB, 0xBB, 0xBB, 0xBB, 0xBB, 0xBB, 0xA8, 0x76, 0x65, 0x54, 0x44, 0x44, 0x44, 
	0x33, 0x33, 0x33, 0x23, 0x37, 0x62, 0x22, 0x22, 0x22, 0x22, 0x22, 0x22, 0x22, 0x22, 0x22, 
	0x21, 0x11, 0x11, 0x11, 0x11, 0x11, 0x11, 0x11, 0x11, 0x11, 0x11, 0x11, 0x11, 0x22, 0x22, 
	0x22, 0x22, 0x21, 0x11, 0x22, 0x22, 0x12, 0x22, 0x22, 0x22, 0x22, 0x11, 0x11, 0x12, 0x22, 
	0x21, 0x11, 0x22, 0x22, 0x21, 0x22, 0x11, 0x22, 0x22, 0x22, 0x22, 0x36, 0x64, 0x8C, 0x42, 
	0x12, 0x12, 0x22, 0x32, 0x22, 0x34, 0x21, 0x14, 0x43, 0x22, 0x54, 0x33, 0x22, 0x22, 0x22, 
	0x22, 0x33, 0x34, 0x34, 0x65, 0x54, 0x44, 0x45, 0x55, 0x54, 0x89, 0xAB, 0xBB, 0xAB, 0xBA, 
	0xAB, 0xBB, 0xCC, 0xBB, 0xBB, 0xBB, 0xBB, 0xBB, 0xBB, 0xCC, 0xCC, 0xCC, 0xCC, 0xCC, 0xCC, 
	0xCC, 0xCC, 0xCC, 0xCC, 0xCC, 0xCC, 0xCC, 0xDD, 0xDD, 0xDD, 0xDD, 0xDD, 0xDD, 0xDD, 0xDD, 
	0xDD, 0xDD, 0xDD, 0xDD, 0xDD, 0xDE, 0xEE, 0xEE, 0xEE, 0xEE, 0xEE, 0xEE, 0xEE, 0xEE, 0xEE, 
	0xEE, 0xED, 0xCC, 0xCD, 0xEE, 0xDC, 0xBC, 0xCC, 0xCC, 0xCC, 0xCC, 0xCC, 0xCC, 0xCC, 0xCC, 
	0xCC, 0xCC, 0xCC, 0xCC, 0xCC, 0xCC, 0xCC, 0xCC, 0xCC, 0xCC, 0xCB, 0xBC, 0xBC, 0xCC, 0xCC, 
	0x00, 0x00, 0x00, 0x00, 0x00, 0x00, 0x00, 0x00, 0x00, 0x00, 0x00, 0x00, 0x00, 0x00, 0x00, 
	0x00, 0x00, 0x00, 0x00, 0x00, 0x00, 0x00, 0x00, 0x00, 0x00, 0x00, 0x00, 0x00, 0x00, 0x00, 
	0x00, 0x00, 0x00, 0x00, 0x00, 0x00, 0x00, 0x00, 0x00, 0x00, 0x00, 0x00, 0x00, 0x00, 0x00, 
	0x00, 0x00, 0x00, 0x00, 0x00, 0x00, 0x00, 0x00, 0x00, 0x00, 0x00, 0x00, 0x00, 0x00, 0x00, 
	0x00, 0x00, 0x00, 0x00, 0x00, 0x00, 0x00, 0x00, 0x00, 0x00, 0x00, 0x00, 0x00, 0x00, 0x00, 
	0x00, 0x00, 0x00, 0x00, 0x00, 0x00, 0x00, 0x00, 0x00, 0x00, 0x00, 0x00, 0x00, 0x00, 0x00, 
	0xBB, 0xBB, 0xBB, 0xBA, 0xAA, 0xBB, 0xBA, 0xAB, 0xBB, 0xBB, 0xBB, 0xBB, 0xCC, 0xBB, 0xBB, 
	0xBB, 0xBB, 0xBB, 0xBC, 0xCC, 0xCC, 0xBB, 0xBB, 0xBB, 0xBB, 0xBB, 0xBB, 0xBB, 0xBB, 0xBB, 
	0xBB, 0xBB, 0xBB, 0xBB, 0xBB, 0xBB, 0xBB, 0xBB, 0xB9, 0x77, 0x66, 0x54, 0x44, 0x44, 0x45, 
	0x32, 0x34, 0x33, 0x32, 0x34, 0x42, 0x22, 0x22, 0x22, 0x22, 0x22, 0x22, 0x22, 0x22, 0x22, 
	0x21, 0x11, 0x11, 0x11, 0x11, 0x11, 0x11, 0x11, 0x11, 0x11, 0x11, 0x11, 0x12, 0x22, 0x22, 
	0x22, 0x21, 0x12, 0x11, 0x22, 0x21, 0x11, 0x11, 0x11, 0x22, 0x22, 0x11, 0x12, 0x22, 0x22, 
	0x21, 0x11, 0x11, 0x22, 0x22, 0x22, 0x12, 0x22, 0x11, 0x22, 0x22, 0x22, 0x34, 0xBF, 0x72, 
	0x22, 0x12, 0x22, 0x34, 0x32, 0x33, 0x32, 0x12, 0x33, 0x22, 0x33, 0x53, 0x22, 0x22, 0x22, 
	0x23, 0x34, 0x43, 0x36, 0x65, 0x55, 0x66, 0x64, 0x55, 0x44, 0x98, 0x9B, 0xCB, 0xAB, 0x97, 
	0x9A, 0xAA, 0xBB, 0xBB, 0xBB, 0xBB, 0xBB, 0xBC, 0xBB, 0xBC, 0xCC, 0xCC, 0xCC, 0xCC, 0xCC, 
	0xCC, 0xCC, 0xCC, 0xCC, 0xCC, 0xCC, 0xCC, 0xDD, 0xDD, 0xDD, 0xDD, 0xDD, 0xDD, 0xDD, 0xDD, 
	0xDD, 0xDD, 0xDD, 0xDD, 0xDD, 0xDE, 0xEE, 0xEE, 0xEE, 0xEE, 0xEE, 0xEE, 0xEE, 0xEE, 0xEE, 
	0xEE, 0xED, 0xCC, 0xCD, 0xEE, 0xDC, 0xBB, 0xCC, 0xCC, 0xCC, 0xCC, 0xCC, 0xCC, 0xCC, 0xCC, 
	0xCC, 0xCC, 0xCC, 0xCC, 0xCC, 0xCC, 0xCC, 0xCC, 0xCC, 0xCC, 0xCB, 0xBB, 0xBC, 0xCC, 0xCC, 
	0x00, 0x00, 0x00, 0x00, 0x00, 0x00, 0x00, 0x00, 0x00, 0x00, 0x00, 0x00, 0x00, 0x00, 0x00, 
	0x00, 0x00, 0x00, 0x00, 0x00, 0x00, 0x00, 0x00, 0x00, 0x00, 0x00, 0x00, 0x00, 0x00, 0x00, 
	0x00, 0x00, 0x00, 0x00, 0x00, 0x00, 0x00, 0x00, 0x00, 0x00, 0x00, 0x00, 0x00, 0x00, 0x00, 
	0x00, 0x00, 0x00, 0x00, 0x00, 0x00, 0x00, 0x00, 0x00, 0x00, 0x00, 0x00, 0x00, 0x00, 0x00, 
	0x00, 0x00, 0x00, 0x00, 0x00, 0x00, 0x00, 0x00, 0x00, 0x00, 0x00, 0x00, 0x00, 0x00, 0x00, 
	0x00, 0x00, 0x00, 0x00, 0x00, 0x00, 0x00, 0x00, 0x00, 0x00, 0x00, 0x00, 0x00, 0x00, 0x00, 
	0xBB, 0xBB, 0xBB, 0xAA, 0xAA, 0xBB, 0xBA, 0xAB, 0xBB, 0xBB, 0xBB, 0xBB, 0xCC, 0xBB, 0xBB, 
	0xBB, 0xBB, 0xBB, 0xBC, 0xCC, 0xCC, 0xBB, 0xBB, 0xBB, 0xBB, 0xBB, 0xBB, 0xBB, 0xBB, 0xBB, 
	0xBB, 0xBB, 0xBB, 0xBB, 0xBB, 0xBB, 0xBB, 0xBB, 0xA9, 0x88, 0x77, 0x64, 0x34, 0x43, 0x45, 
	0x32, 0x35, 0x32, 0x33, 0x96, 0x22, 0x22, 0x22, 0x22, 0x22, 0x22, 0x21, 0x12, 0x22, 0x22, 
	0x22, 0x11, 0x11, 0x11, 0x11, 0x11, 0x11, 0x11, 0x11, 0x11, 0x11, 0x11, 0x22, 0x22, 0x22, 
	0x22, 0x21, 0x22, 0x21, 0x22, 0x22, 0x11, 0x11, 0x11, 0x11, 0x11, 0x11, 0x12, 0x21, 0x12, 
	0x21, 0x11, 0x11, 0x22, 0x12, 0x22, 0x22, 0x22, 0x11, 0x22, 0x22, 0x23, 0x33, 0x79, 0x64, 
	0x87, 0x32, 0x23, 0x46, 0x53, 0x44, 0x32, 0x12, 0x33, 0x22, 0x23, 0x52, 0x22, 0x22, 0x22, 
	0x24, 0x33, 0x33, 0x35, 0x66, 0x66, 0x88, 0x74, 0x44, 0x26, 0xA8, 0xAB, 0xBA, 0xA9, 0x66, 
	0x8A, 0xAA, 0xBB, 0xBB, 0xBB, 0xBB, 0xBB, 0xCC, 0xBB, 0xBB, 0xCC, 0xCC, 0xCC, 0xCC, 0xCC, 
	0xCC, 0xCC, 0xCC, 0xCC, 0xCC, 0xCC, 0xCC, 0xDD, 0xDD, 0xDD, 0xDD, 0xDD, 0xDD, 0xDD, 0xDD, 
	0xDD, 0xDD, 0xDD, 0xDD, 0xDD, 0xDE, 0xEE, 0xEE, 0xEE, 0xEE, 0xEE, 0xEE, 0xEE, 0xEE, 0xEE, 
	0xEE, 0xED, 0xCC, 0xDD, 0xEE, 0xDC, 0xBB, 0xCC, 0xCC, 0xCC, 0xCC, 0xCC, 0xCC, 0xCC, 0xCC, 
	0xCC, 0xCC, 0xCC, 0xCC, 0xCC, 0xCC, 0xCC, 0xCC, 0xCC, 0xCC, 0xCB, 0xBB, 0xBC, 0xCC, 0xCC, 
	0x00, 0x00, 0x00, 0x00, 0x00, 0x00, 0x00, 0x00, 0x00, 0x00, 0x00, 0x00, 0x00, 0x00, 0x00, 
	0x00, 0x00, 0x00, 0x00, 0x00, 0x00, 0x00, 0x00, 0x00, 0x00, 0x00, 0x00, 0x00, 0x00, 0x00, 
	0x00, 0x00, 0x00, 0x00, 0x00, 0x00, 0x00, 0x00, 0x00, 0x00, 0x00, 0x00, 0x00, 0x00, 0x00, 
	0x00, 0x00, 0x00, 0x00, 0x00, 0x00, 0x00, 0x00, 0x00, 0x00, 0x00, 0x00, 0x00, 0x00, 0x00, 
	0x00, 0x00, 0x00, 0x00, 0x00, 0x00, 0x00, 0x00, 0x00, 0x00, 0x00, 0x00, 0x00, 0x00, 0x00, 
	0x00, 0x00, 0x00, 0x00, 0x00, 0x00, 0x00, 0x00, 0x00, 0x00, 0x00, 0x00, 0x00, 0x00, 0x00, 
	0xBB, 0xBB, 0xBA, 0xAA, 0xAA, 0xBB, 0xBB, 0xAA, 0xBB, 0xBB, 0xBB, 0xBB, 0xCC, 0xBB, 0xBB, 
	0xBB, 0xBB, 0xBB, 0xBB, 0xCC, 0xCC, 0xBB, 0xBB, 0xBB, 0xBB, 0xBB, 0xBB, 0xBB, 0xBB, 0xBB, 
	0xBB, 0xBB, 0xBB, 0xBB, 0xBB, 0xBB, 0xBB, 0xBB, 0xBA, 0xAA, 0xA9, 0x75, 0x55, 0x54, 0x34, 
	0x43, 0x44, 0x33, 0x23, 0xBA, 0x31, 0x22, 0x22, 0x22, 0x22, 0x21, 0x11, 0x12, 0x22, 0x22, 
	0x22, 0x21, 0x11, 0x11, 0x11, 0x11, 0x11, 0x21, 0x11, 0x11, 0x11, 0x11, 0x22, 0x22, 0x22, 
	0x22, 0x21, 0x12, 0x22, 0x12, 0x22, 0x22, 0x21, 0x11, 0x11, 0x11, 0x11, 0x21, 0x11, 0x12, 
	0x11, 0x11, 0x11, 0x11, 0x11, 0x22, 0x22, 0x21, 0x22, 0x22, 0x22, 0x33, 0x32, 0x34, 0x45, 
	0xD9, 0x52, 0x22, 0x35, 0x54, 0x34, 0x33, 0x12, 0x63, 0x22, 0x13, 0x32, 0x22, 0x22, 0x22, 
	0x23, 0x33, 0x43, 0x55, 0x66, 0x67, 0x88, 0x65, 0x44, 0x37, 0xA7, 0x99, 0xBA, 0x85, 0x47, 
	0xAB, 0xBB, 0xBB, 0xBB, 0xBB, 0xBB, 0xBB, 0xBB, 0xCB, 0xBB, 0xCC, 0xCC, 0xCC, 0xCB, 0xCC, 
	0xCC, 0xCC, 0xCC, 0xCC, 0xCC, 0xCC, 0xCC, 0xCD, 0xDD, 0xDD, 0xDD, 0xDD, 0xDD, 0xDD, 0xDD, 
	0xDD, 0xDD, 0xDD, 0xDD, 0xDD, 0xDD, 0xEE, 0xEE, 0xEE, 0xEE, 0xEE, 0xEE, 0xEE, 0xEE, 0xEE, 
	0xEE, 0xED, 0xCC, 0xDD, 0xEE, 0xDC, 0xBB, 0xCC, 0xCC, 0xCC, 0xCC, 0xCC, 0xCC, 0xCC, 0xCC, 
	0xCC, 0xCC, 0xCC, 0xCC, 0xCC, 0xCC, 0xCC, 0xCC, 0xCC, 0xCC, 0xCC, 0xCB, 0xCC, 0xCC, 0xCC, 
	0x00, 0x00, 0x00, 0x00, 0x00, 0x00, 0x00, 0x00, 0x00, 0x00, 0x00, 0x00, 0x00, 0x00, 0x00, 
	0x00, 0x00, 0x00, 0x00, 0x00, 0x00, 0x00, 0x00, 0x00, 0x00, 0x00, 0x00, 0x00, 0x00, 0x00, 
	0x00, 0x00, 0x00, 0x00, 0x00, 0x00, 0x00, 0x00, 0x00, 0x00, 0x00, 0x00, 0x00, 0x00, 0x00, 
	0x00, 0x00, 0x00, 0x00, 0x00, 0x00, 0x00, 0x00, 0x00, 0x00, 0x00, 0x00, 0x00, 0x00, 0x00, 
	0x00, 0x00, 0x00, 0x00, 0x00, 0x00, 0x00, 0x00, 0x00, 0x00, 0x00, 0x00, 0x00, 0x00, 0x00, 
	0x00, 0x00, 0x00, 0x00, 0x00, 0x00, 0x00, 0x00, 0x00, 0x00, 0x00, 0x00, 0x00, 0x00, 0x00, 
	0xBB, 0xBA, 0xAA, 0xAA, 0xAA, 0xBB, 0xBB, 0xAA, 0xBB, 0xBB, 0xBB, 0xBB, 0xCC, 0xBB, 0xBB, 
	0xBB, 0xBB, 0xBB, 0xBB, 0xCC, 0xCC, 0xBB, 0xBB, 0xBB, 0xBB, 0xBB, 0xBB, 0xBB, 0xBB, 0xBB, 
	0xBB, 0xBB, 0xBB, 0xBB, 0xBB, 0xBB, 0xBB, 0xBB, 0xBB, 0xBB, 0xAA, 0x86, 0x66, 0x55, 0x54, 
	0x54, 0x44, 0x33, 0x33, 0x67, 0x32, 0x22, 0x22, 0x22, 0x21, 0x11, 0x12, 0x22, 0x12, 0x22, 
	0x22, 0x21, 0x11, 0x11, 0x11, 0x11, 0x11, 0x11, 0x11, 0x11, 0x11, 0x11, 0x12, 0x22, 0x21, 
	0x22, 0x22, 0x22, 0x21, 0x12, 0x22, 0x22, 0x21, 0x11, 0x11, 0x11, 0x11, 0x11, 0x11, 0x12, 
	0x11, 0x11, 0x11, 0x11, 0x12, 0x22, 0x22, 0x22, 0x22, 0x22, 0x22, 0x33, 0x33, 0x33, 0x34, 
	0x88, 0x63, 0x53, 0x24, 0x53, 0x33, 0x44, 0x22, 0x43, 0x22, 0x22, 0x22, 0x22, 0x22, 0x22, 
	0x23, 0x33, 0x45, 0x54, 0x56, 0x78, 0x96, 0x34, 0x54, 0x49, 0x95, 0x68, 0x97, 0x44, 0x47, 
	0xAB, 0xBB, 0xCB, 0xBC, 0xBB, 0xBB, 0xBB, 0xBB, 0xCB, 0xBB, 0xCC, 0xCC, 0xCC, 0xCC, 0xCC, 
	0xCC, 0xCC, 0xCC, 0xCC, 0xCC, 0xCC, 0xCC, 0xCC, 0xDD, 0xDD, 0xDD, 0xDD, 0xDD, 0xDD, 0xDD, 
	0xDD, 0xDD, 0xDD, 0xDD, 0xDD, 0xDD, 0xEE, 0xEE, 0xEE, 0xEE, 0xEE, 0xEE, 0xEE, 0xEE, 0xEE, 
	0xEE, 0xED, 0xCC, 0xDD, 0xED, 0xCB, 0xBC, 0xCC, 0xCC, 0xCC, 0xCC, 0xCC, 0xCC, 0xCC, 0xCC, 
	0xCC, 0xCC, 0xCC, 0xCC, 0xCC, 0xCC, 0xCC, 0xCC, 0xCC, 0xCC, 0xCC, 0xBB, 0xBC, 0xCC, 0xCC, 
	0x00, 0x00, 0x00, 0x00, 0x00, 0x00, 0x00, 0x00, 0x00, 0x00, 0x00, 0x00, 0x00, 0x00, 0x00, 
	0x00, 0x00, 0x00, 0x00, 0x00, 0x00, 0x00, 0x00, 0x00, 0x00, 0x00, 0x00, 0x00, 0x00, 0x00, 
	0x00, 0x00, 0x00, 0x00, 0x00, 0x00, 0x00, 0x00, 0x00, 0x00, 0x00, 0x00, 0x00, 0x00, 0x00, 
	0x00, 0x00, 0x00, 0x00, 0x00, 0x00, 0x00, 0x00, 0x00, 0x00, 0x00, 0x00, 0x00, 0x00, 0x00, 
	0x00, 0x00, 0x00, 0x00, 0x00, 0x00, 0x00, 0x00, 0x00, 0x00, 0x00, 0x00, 0x00, 0x00, 0x00, 
	0x00, 0x00, 0x00, 0x00, 0x00, 0x00, 0x00, 0x00, 0x00, 0x00, 0x00, 0x00, 0x00, 0x00, 0x00, 
	0xBB, 0xAA, 0xAA, 0xAA, 0xAA, 0xBB, 0xCB, 0xBA, 0xBB, 0xBB, 0xBB, 0xBB, 0xCC, 0xCB, 0xBB, 
	0xBB, 0xBB, 0xBB, 0xBB, 0xCC, 0xCC, 0xBA, 0xBB, 0xBB, 0xBB, 0xBB, 0xBB, 0xBB, 0xBB, 0xBB, 
	0xBB, 0xBB, 0xBB, 0xBB, 0xBB, 0xBB, 0xBB, 0xBB, 0xBB, 0xBB, 0xBA, 0x86, 0x77, 0x55, 0x55, 
	0x64, 0x57, 0x42, 0x36, 0x54, 0x22, 0x22, 0x22, 0x11, 0x22, 0x22, 0x11, 0x22, 0x12, 0x22, 
	0x22, 0x22, 0x11, 0x11, 0x11, 0x11, 0x11, 0x11, 0x11, 0x11, 0x11, 0x11, 0x11, 0x22, 0x22, 
	0x12, 0x22, 0x22, 0x21, 0x12, 0x22, 0x22, 0x21, 0x11, 0x11, 0x11, 0x11, 0x11, 0x11, 0x11, 
	0x11, 0x11, 0x11, 0x11, 0x11, 0x12, 0x11, 0x12, 0x22, 0x22, 0x23, 0x33, 0x33, 0x22, 0x33, 
	0x45, 0x59, 0xD6, 0x42, 0x23, 0x43, 0x33, 0x22, 0x32, 0x22, 0x22, 0x22, 0x22, 0x22, 0x22, 
	0x23, 0x34, 0x34, 0x44, 0x46, 0x88, 0x63, 0x33, 0x43, 0x59, 0x64, 0x46, 0x54, 0x44, 0x46, 
	0xAB, 0xBB, 0xBB, 0xBB, 0xBB, 0xBB, 0xBB, 0xBC, 0xBC, 0xCC, 0xCC, 0xCC, 0xCB, 0xCC, 0xCC, 
	0xCC, 0xCC, 0xCC, 0xCC, 0xCC, 0xCC, 0xCC, 0xCC, 0xDD, 0xDD, 0xDD, 0xDD, 0xDD, 0xDD, 0xDD, 
	0xDD, 0xDD, 0xDD, 0xDD, 0xDD, 0xDD, 0xEE, 0xEE, 0xEE, 0xEE, 0xEE, 0xEE, 0xEE, 0xEE, 0xEE, 
	0xEE, 0xDD, 0xCC, 0xDD, 0xED, 0xCB, 0xBC, 0xCC, 0xCC, 0xCC, 0xCC, 0xCC, 0xCC, 0xCC, 0xCC, 
	0xCC, 0xCC, 0xCC, 0xCC, 0xCC, 0xCC, 0xCC, 0xCC, 0xCC, 0xCC, 0xCC, 0xBB, 0xBC, 0xCC, 0xCC, 
	0x00, 0x00, 0x00, 0x00, 0x00, 0x00, 0x00, 0x00, 0x00, 0x00, 0x00, 0x00, 0x00, 0x00, 0x00, 
	0x00, 0x00, 0x00, 0x00, 0x00, 0x00, 0x00, 0x00, 0x00, 0x00, 0x00, 0x00, 0x00, 0x00, 0x00, 
	0x00, 0x00, 0x00, 0x00, 0x00, 0x00, 0x00, 0x00, 0x00, 0x00, 0x00, 0x00, 0x00, 0x00, 0x00, 
	0x00, 0x00, 0x00, 0x00, 0x00, 0x00, 0x00, 0x00, 0x00, 0x00, 0x00, 0x00, 0x00, 0x00, 0x00, 
	0x00, 0x00, 0x00, 0x00, 0x00, 0x00, 0x00, 0x00, 0x00, 0x00, 0x00, 0x00, 0x00, 0x00, 0x00, 
	0x00, 0x00, 0x00, 0x00, 0x00, 0x00, 0x00, 0x00, 0x00, 0x00, 0x00, 0x00, 0x00, 0x00, 0x00, 
	0xBB, 0xAA, 0xAA, 0xAA, 0xAB, 0xBC, 0xCB, 0xBA, 0xBB, 0xBB, 0xBB, 0xBB, 0xBC, 0xCB, 0xBB, 
	0xBB, 0xBB, 0xBB, 0xBB, 0xCC, 0xCC, 0xBA, 0xBB, 0xBB, 0xBB, 0xBB, 0xBB, 0xBB, 0xBB, 0xBB, 
	0xBB, 0xBB, 0xBB, 0xBB, 0xBB, 0xBB, 0xBB, 0xBB, 0xBB, 0xBB, 0xAA, 0x87, 0x76, 0x65, 0x45, 
	0x63, 0x5B, 0x83, 0x39, 0xA5, 0x53, 0x12, 0x22, 0x22, 0x12, 0x21, 0x12, 0x21, 0x12, 0x22, 
	0x22, 0x21, 0x11, 0x11, 0x11, 0x11, 0x11, 0x11, 0x11, 0x11, 0x11, 0x11, 0x11, 0x11, 0x22, 
	0x12, 0x21, 0x22, 0x21, 0x12, 0x22, 0x22, 0x11, 0x11, 0x11, 0x11, 0x11, 0x11, 0x11, 0x11, 
	0x11, 0x11, 0x11, 0x11, 0x11, 0x11, 0x12, 0x22, 0x22, 0x22, 0x22, 0x33, 0x44, 0x23, 0x33, 
	0x33, 0x4B, 0xD7, 0x54, 0x44, 0x35, 0x52, 0x12, 0x22, 0x12, 0x22, 0x22, 0x22, 0x32, 0x22, 
	0x33, 0x45, 0x34, 0x54, 0x45, 0x78, 0x54, 0x34, 0x43, 0x44, 0x45, 0x44, 0x43, 0x34, 0x45, 
	0x9B, 0xBB, 0xBB, 0xCB, 0xBB, 0xBB, 0xBB, 0xBC, 0xBC, 0xCC, 0xCC, 0xCC, 0xCC, 0xCC, 0xCC, 
	0xCC, 0xCC, 0xCC, 0xCC, 0xCC, 0xCC, 0xCC, 0xCC, 0xDD, 0xDD, 0xDD, 0xDD, 0xDD, 0xDD, 0xDD, 
	0xDD, 0xDD, 0xDD, 0xDD, 0xDD, 0xDD, 0xEE, 0xEE, 0xEE, 0xEE, 0xEE, 0xEE, 0xEE, 0xEE, 0xEE, 
	0xEE, 0xDC, 0xCC, 0xDD, 0xED, 0xCB, 0xBC, 0xCC, 0xCC, 0xCC, 0xCC, 0xCC, 0xCC, 0xCC, 0xCC, 
	0xCC, 0xCC, 0xCC, 0xCC, 0xCC, 0xCC, 0xCC, 0xCB, 0xCC, 0xCC, 0xCB, 0xBB, 0xCC, 0xCC, 0xCC, 
	0x00, 0x00, 0x00, 0x00, 0x00, 0x00, 0x00, 0x00, 0x00, 0x00, 0x00, 0x00, 0x00, 0x00, 0x00, 
	0x00, 0x00, 0x00, 0x00, 0x00, 0x00, 0x00, 0x00, 0x00, 0x00, 0x00, 0x00, 0x00, 0x00, 0x00, 
	0x00, 0x00, 0x00, 0x00, 0x00, 0x00, 0x00, 0x00, 0x00, 0x00, 0x00, 0x00, 0x00, 0x00, 0x00, 
	0x00, 0x00, 0x00, 0x00, 0x00, 0x00, 0x00, 0x00, 0x00, 0x00, 0x00, 0x00, 0x00, 0x00, 0x00, 
	0x00, 0x00, 0x00, 0x00, 0x00, 0x00, 0x00, 0x00, 0x00, 0x00, 0x00, 0x00, 0x00, 0x00, 0x00, 
	0x00, 0x00, 0x00, 0x00, 0x00, 0x00, 0x00, 0x00, 0x00, 0x00, 0x00, 0x00, 0x00, 0x00, 0x00, 
	0xBA, 0xAA, 0xAA, 0xAA, 0xBB, 0xBC, 0xCB, 0xBA, 0xBB, 0xBB, 0xBB, 0xBB, 0xBC, 0xCB, 0xBB, 
	0xBB, 0xBB, 0xBB, 0xBB, 0xCC, 0xCC, 0xCB, 0xAB, 0xBB, 0xBB, 0xBB, 0xBB, 0xBB, 0xBB, 0xBB, 
	0xBB, 0xBB, 0xBB, 0xBB, 0xBB, 0xCB, 0xBB, 0xBB, 0xBB, 0xBB, 0xBA, 0x88, 0x87, 0x86, 0x56, 
	0x64, 0x4A, 0xA4, 0x26, 0xA7, 0x86, 0x22, 0x22, 0x21, 0x22, 0x22, 0x22, 0x11, 0x22, 0x22, 
	0x22, 0x21, 0x11, 0x11, 0x11, 0x11, 0x11, 0x11, 0x11, 0x11, 0x11, 0x11, 0x11, 0x11, 0x11, 
	0x22, 0x22, 0x22, 0x22, 0x12, 0x22, 0x11, 0x11, 0x11, 0x11, 0x11, 0x11, 0x11, 0x11, 0x11, 
	0x11, 0x11, 0x11, 0x11, 0x11, 0x11, 0x12, 0x22, 0x22, 0x22, 0x22, 0x23, 0x44, 0x23, 0x33, 
	0x34, 0x36, 0x76, 0x6B, 0x95, 0x46, 0x52, 0x22, 0x22, 0x22, 0x22, 0x22, 0x22, 0x33, 0x23, 
	0x33, 0x45, 0x33, 0x65, 0x44, 0x54, 0x34, 0x44, 0x33, 0x33, 0x45, 0x43, 0x44, 0x45, 0x56, 
	0x78, 0x9A, 0xBB, 0xBB, 0xBB, 0xBB, 0xBB, 0xBC, 0xBC, 0xCC, 0xCB, 0xCC, 0xCC, 0xCC, 0xBC, 
	0xCC, 0xCC, 0xCC, 0xCC, 0xCC, 0xCC, 0xCC, 0xCC, 0xDD, 0xDD, 0xDD, 0xDD, 0xDD, 0xDD, 0xDD, 
	0xDD, 0xDD, 0xDD, 0xDD, 0xDD, 0xDD, 0xEE, 0xEE, 0xEE, 0xEE, 0xEE, 0xEE, 0xEE, 0xEE, 0xEE, 
	0xEE, 0xDC, 0xCC, 0xDE, 0xED, 0xCB, 0xBC, 0xCC, 0xCC, 0xCC, 0xCC, 0xCC, 0xCC, 0xCC, 0xCC, 
	0xCC, 0xCC, 0xCC, 0xCC, 0xCC, 0xCC, 0xCC, 0xBB, 0xBB, 0xBB, 0xBB, 0xBB, 0xCC, 0xCC, 0xCC, 
	0x00, 0x00, 0x00, 0x00, 0x00, 0x00, 0x00, 0x00, 0x00, 0x00, 0x00, 0x00, 0x00, 0x00, 0x00, 
	0x00, 0x00, 0x00, 0x00, 0x00, 0x00, 0x00, 0x00, 0x00, 0x00, 0x00, 0x00, 0x00, 0x00, 0x00, 
	0x00, 0x00, 0x00, 0x00, 0x00, 0x00, 0x00, 0x00, 0x00, 0x00, 0x00, 0x00, 0x00, 0x00, 0x00, 
	0x00, 0x00, 0x00, 0x00, 0x00, 0x00, 0x00, 0x00, 0x00, 0x00, 0x00, 0x00, 0x00, 0x00, 0x00, 
	0x00, 0x00, 0x00, 0x00, 0x00, 0x00, 0x00, 0x00, 0x00, 0x00, 0x00, 0x00, 0x00, 0x00, 0x00, 
	0x00, 0x00, 0x00, 0x00, 0x00, 0x00, 0x00, 0x00, 0x00, 0x00, 0x00, 0x00, 0x00, 0x00, 0x00, 
	0xBA, 0xAA, 0xAA, 0xAA, 0xBB, 0xBC, 0xCC, 0xBA, 0xAB, 0xBB, 0xBB, 0xBB, 0xBC, 0xCB, 0xBB, 
	0xBB, 0xBB, 0xBB, 0xBB, 0xCC, 0xCC, 0xCB, 0xAB, 0xBB, 0xBB, 0xBB, 0xBB, 0xBB, 0xBB, 0xBB, 
	0xBB, 0xBB, 0xBB, 0xBB, 0xBB, 0xBB, 0xBB, 0xBB, 0xBB, 0xBB, 0xBA, 0x89, 0x99, 0xA9, 0x89, 
	0x87, 0x47, 0x95, 0x34, 0x78, 0x99, 0x42, 0x12, 0x22, 0x21, 0x11, 0x12, 0x21, 0x22, 0x21, 
	0x22, 0x22, 0x21, 0x11, 0x11, 0x11, 0x11, 0x11, 0x11, 0x11, 0x11, 0x11, 0x11, 0x11, 0x11, 
	0x22, 0x21, 0x12, 0x22, 0x11, 0x22, 0x21, 0x11, 0x11, 0x11, 0x11, 0x11, 0x11, 0x11, 0x11, 
	0x11, 0x11, 0x11, 0x11, 0x11, 0x11, 0x12, 0x22, 0x22, 0x22, 0x22, 0x22, 0x33, 0x23, 0x33, 
	0x43, 0x23, 0x44, 0x6E, 0xA5, 0x58, 0x52, 0x32, 0x22, 0x21, 0x22, 0x22, 0x22, 0x33, 0x33, 
	0x33, 0x44, 0x33, 0x43, 0x34, 0x43, 0x44, 0x44, 0x43, 0x34, 0x45, 0x43, 0x34, 0x66, 0x57, 
	0x88, 0x77, 0x9A, 0xBB, 0xBB, 0xBB, 0xBB, 0xBB, 0xBB, 0xCC, 0xCC, 0xCC, 0xBC, 0xCC, 0xCC, 
	0xCC, 0xCC, 0xCC, 0xCC, 0xCC, 0xCC, 0xCC, 0xCC, 0xDD, 0xDD, 0xDD, 0xDD, 0xDD, 0xDD, 0xDD, 
	0xDD, 0xDD, 0xDD, 0xDD, 0xDD, 0xDE, 0xEE, 0xEE, 0xEE, 0xEE, 0xEE, 0xEE, 0xEE, 0xEE, 0xEE, 
	0xEE, 0xDC, 0xCC, 0xDE, 0xDD, 0xCB, 0xBC, 0xCC, 0xCC, 0xCC, 0xCC, 0xCC, 0xCC, 0xCC, 0xCC, 
	0xCC, 0xCC, 0xCC, 0xCC, 0xCC, 0xBB, 0xBB, 0xBB, 0xBB, 0xBB, 0xBB, 0xBB, 0xCC, 0xCC, 0xCC, 
	0x00, 0x00, 0x00, 0x00, 0x00, 0x00, 0x00, 0x00, 0x00, 0x00, 0x00, 0x00, 0x00, 0x00, 0x00, 
	0x00, 0x00, 0x00, 0x00, 0x00, 0x00, 0x00, 0x00, 0x00, 0x00, 0x00, 0x00, 0x00, 0x00, 0x00, 
	0x00, 0x00, 0x00, 0x00, 0x00, 0x00, 0x00, 0x00, 0x00, 0x00, 0x00, 0x00, 0x00, 0x00, 0x00, 
	0x00, 0x00, 0x00, 0x00, 0x00, 0x00, 0x00, 0x00, 0x00, 0x00, 0x00, 0x00, 0x00, 0x00, 0x00, 
	0x00, 0x00, 0x00, 0x00, 0x00, 0x00, 0x00, 0x00, 0x00, 0x00, 0x00, 0x00, 0x00, 0x00, 0x00, 
	0x00, 0x00, 0x00, 0x00, 0x00, 0x00, 0x00, 0x00, 0x00, 0x00, 0x00, 0x00, 0x00, 0x00, 0x00, 
	0xBB, 0xAA, 0xAA, 0xAA, 0xBB, 0xBC, 0xCC, 0xBB, 0xAB, 0xBB, 0xBB, 0xBB, 0xBC, 0xCB, 0xBB, 
	0xBB, 0xBB, 0xBB, 0xBB, 0xBC, 0xCC, 0xCB, 0xAB, 0xBB, 0xBB, 0xBB, 0xBB, 0xBB, 0xBB, 0xBB, 
	0xBB, 0xBB, 0xBB, 0xBB, 0xBB, 0xBB, 0xBB, 0xBB, 0xBB, 0xBB, 0xBB, 0x99, 0x99, 0xBA, 0xBB, 
	0xB9, 0x56, 0x85, 0x69, 0x67, 0x9A, 0x64, 0x22, 0x22, 0x35, 0x32, 0x12, 0x42, 0x22, 0x22, 
	0x22, 0x12, 0x21, 0x11, 0x11, 0x11, 0x11, 0x11, 0x11, 0x11, 0x11, 0x11, 0x11, 0x11, 0x11, 
	0x21, 0x11, 0x11, 0x11, 0x11, 0x12, 0x21, 0x11, 0x11, 0x11, 0x11, 0x11, 0x11, 0x11, 0x11, 
	0x11, 0x11, 0x11, 0x11, 0x11, 0x22, 0x22, 0x22, 0x32, 0x22, 0x22, 0x33, 0x33, 0x33, 0x22, 
	0x43, 0x33, 0x33, 0x47, 0x66, 0x8D, 0x64, 0x43, 0x12, 0x22, 0x23, 0x22, 0x22, 0x23, 0x33, 
	0x22, 0x43, 0x33, 0x33, 0x35, 0x34, 0x43, 0x44, 0x43, 0x44, 0x33, 0x33, 0x34, 0x45, 0x69, 
	0xBA, 0x87, 0x8B, 0xCC, 0xBB, 0xBB, 0xBB, 0xBB, 0xBB, 0xBB, 0xCC, 0xCC, 0xBC, 0xCC, 0xCC, 
	0xCC, 0xCC, 0xCC, 0xCC, 0xCC, 0xCC, 0xCC, 0xCC, 0xCD, 0xDD, 0xDD, 0xDD, 0xDD, 0xDD, 0xDD, 
	0xDD, 0xDD, 0xDD, 0xDD, 0xDD, 0xDE, 0xEE, 0xEE, 0xEE, 0xEE, 0xEE, 0xEE, 0xEE, 0xEE, 0xEE, 
	0xEE, 0xDC, 0xCC, 0xDE, 0xDC, 0xBB, 0xCC, 0xCC, 0xCC, 0xCC, 0xCC, 0xCC, 0xCC, 0xCC, 0xCC, 
	0xCC, 0xCC, 0xCC, 0xCC, 0xCC, 0xBB, 0xBB, 0xBB, 0xBB, 0xBB, 0xBB, 0xBB, 0xBC, 0xCC, 0xCC, 
	0x00, 0x00, 0x00, 0x00, 0x00, 0x00, 0x00, 0x00, 0x00, 0x00, 0x00, 0x00, 0x00, 0x00, 0x00, 
	0x00, 0x00, 0x00, 0x00, 0x00, 0x00, 0x00, 0x00, 0x00, 0x00, 0x00, 0x00, 0x00, 0x00, 0x00, 
	0x00, 0x00, 0x00, 0x00, 0x00, 0x00, 0x00, 0x00, 0x00, 0x00, 0x00, 0x00, 0x00, 0x00, 0x00, 
	0x00, 0x00, 0x00, 0x00, 0x00, 0x00, 0x00, 0x00, 0x00, 0x00, 0x00, 0x00, 0x00, 0x00, 0x00, 
	0x00, 0x00, 0x00, 0x00, 0x00, 0x00, 0x00, 0x00, 0x00, 0x00, 0x00, 0x00, 0x00, 0x00, 0x00, 
	0x00, 0x00, 0x00, 0x00, 0x00, 0x00, 0x00, 0x00, 0x00, 0x00, 0x00, 0x00, 0x00, 0x00, 0x00, 
	0xBA, 0xAA, 0xAA, 0xAA, 0xBB, 0xBC, 0xCC, 0xBB, 0xAB, 0xBB, 0xBB, 0xBB, 0xBC, 0xCB, 0xBB, 
	0xBB, 0xBB, 0xBB, 0xBB, 0xBC, 0xCC, 0xCB, 0xAB, 0xBB, 0xBB, 0xBB, 0xBB, 0xBB, 0xBB, 0xBB, 
	0xBB, 0xBB, 0xBB, 0xBB, 0xBB, 0xBB, 0xBB, 0xBB, 0xBB, 0xBB, 0xBB, 0xAA, 0xAA, 0xBB, 0xBB, 
	0xBA, 0x65, 0x88, 0x7B, 0x65, 0x68, 0x97, 0x55, 0x43, 0x48, 0x86, 0x32, 0x33, 0x21, 0x22, 
	0x33, 0x22, 0x22, 0x11, 0x11, 0x11, 0x11, 0x11, 0x11, 0x11, 0x11, 0x11, 0x11, 0x11, 0x11, 
	0x21, 0x11, 0x11, 0x11, 0x21, 0x11, 0x11, 0x11, 0x11, 0x11, 0x11, 0x11, 0x11, 0x11, 0x11, 
	0x11, 0x11, 0x11, 0x12, 0x22, 0x22, 0x22, 0x23, 0x33, 0x23, 0x32, 0x33, 0x33, 0x33, 0x33, 
	0x33, 0x23, 0x23, 0x34, 0x45, 0xAE, 0x74, 0x43, 0x22, 0x22, 0x23, 0x22, 0x22, 0x22, 0x23, 
	0x22, 0x33, 0x44, 0x33, 0x44, 0x44, 0x33, 0x34, 0x55, 0x43, 0x44, 0x33, 0x33, 0x44, 0x7A, 
	0xBB, 0xB9, 0xAC, 0xBB, 0xBB, 0xBB, 0xBB, 0xBB, 0xBB, 0xBB, 0xCC, 0xCB, 0xCC, 0xCB, 0xCC, 
	0xCC, 0xCC, 0xCC, 0xCC, 0xCC, 0xCC, 0xCC, 0xCC, 0xCD, 0xDD, 0xDD, 0xDD, 0xDD, 0xDD, 0xDD, 
	0xDD, 0xDD, 0xDD, 0xDD, 0xDD, 0xDD, 0xEE, 0xDD, 0xEE, 0xEE, 0xEE, 0xEE, 0xEE, 0xEE, 0xED, 
	0xEE, 0xDC, 0xCC, 0xDE, 0xDC, 0xBB, 0xCC, 0xCC, 0xCC, 0xCC, 0xCC, 0xCC, 0xCC, 0xCC, 0xCC, 
	0xCC, 0xCC, 0xCB, 0xCC, 0xCC, 0xBB, 0xBB, 0xBB, 0xBB, 0xBB, 0xBB, 0xBB, 0xCC, 0xCC, 0xCC, 
	0x00, 0x00, 0x00, 0x00, 0x00, 0x00, 0x00, 0x00, 0x00, 0x00, 0x00, 0x00, 0x00, 0x00, 0x00, 
	0x00, 0x00, 0x00, 0x00, 0x00, 0x00, 0x00, 0x00, 0x00, 0x00, 0x00, 0x00, 0x00, 0x00, 0x00, 
	0x00, 0x00, 0x00, 0x00, 0x00, 0x00, 0x00, 0x00, 0x00, 0x00, 0x00, 0x00, 0x00, 0x00, 0x00, 
	0x00, 0x00, 0x00, 0x00, 0x00, 0x00, 0x00, 0x00, 0x00, 0x00, 0x00, 0x00, 0x00, 0x00, 0x00, 
	0x00, 0x00, 0x00, 0x00, 0x00, 0x00, 0x00, 0x00, 0x00, 0x00, 0x00, 0x00, 0x00, 0x00, 0x00, 
	0x00, 0x00, 0x00, 0x00, 0x00, 0x00, 0x00, 0x00, 0x00, 0x00, 0x00, 0x00, 0x00, 0x00, 0x00, 
	0xAA, 0xAA, 0xAA, 0xAA, 0xBB, 0xBB, 0xCC, 0xCB, 0xAB, 0xBB, 0xBB, 0xBB, 0xBB, 0xCC, 0xBB, 
	0xBB, 0xBB, 0xBB, 0xBB, 0xBC, 0xCC, 0xCB, 0xAA, 0xBB, 0xBB, 0xBB, 0xBB, 0xBB, 0xBB, 0xBB, 
	0xBB, 0xBB, 0xBB, 0xBB, 0xBB, 0xBB, 0xBB, 0xBB, 0xBB, 0xBB, 0xBB, 0xBB, 0xBB, 0xBB, 0xBB, 
	0xA9, 0x65, 0x89, 0x77, 0x53, 0x33, 0x46, 0x89, 0x85, 0x45, 0x77, 0x53, 0x12, 0x22, 0x11, 
	0x23, 0x21, 0x21, 0x11, 0x11, 0x11, 0x11, 0x11, 0x11, 0x11, 0x11, 0x11, 0x11, 0x11, 0x11, 
	0x11, 0x11, 0x11, 0x11, 0x11, 0x11, 0x11, 0x11, 0x11, 0x11, 0x11, 0x11, 0x11, 0x11, 0x11, 
	0x11, 0x11, 0x11, 0x12, 0x33, 0x32, 0x22, 0x22, 0x33, 0x32, 0x22, 0x23, 0x33, 0x33, 0x32, 
	0x22, 0x22, 0x32, 0x33, 0x35, 0x67, 0x65, 0xB9, 0x33, 0x33, 0x33, 0x32, 0x22, 0x23, 0x22, 
	0x33, 0x23, 0x33, 0x43, 0x46, 0x43, 0x33, 0x33, 0x78, 0x53, 0x44, 0x33, 0x34, 0x46, 0x8A, 
	0xCB, 0xBB, 0xBB, 0xBB, 0xBB, 0xBB, 0xBB, 0xBC, 0xBB, 0xBB, 0xBC, 0xCC, 0xCC, 0xCB, 0xBC, 
	0xCC, 0xCC, 0xCC, 0xCC, 0xCC, 0xCC, 0xCC, 0xCC, 0xCC, 0xDD, 0xDD, 0xDD, 0xDD, 0xDD, 0xDD, 
	0xDD, 0xDD, 0xDD, 0xDD, 0xDD, 0xDD, 0xED, 0xDD, 0xEE, 0xEE, 0xEE, 0xEE, 0xEE, 0xEE, 0xEE, 
	0xED, 0xCC, 0xCD, 0xDE, 0xDC, 0xBB, 0xBC, 0xCC, 0xCC, 0xCC, 0xCC, 0xCC, 0xCC, 0xCC, 0xCC, 
	0xCC, 0xCC, 0xCC, 0xCB, 0xCC, 0xCC, 0xBB, 0xBB, 0xBB, 0xBB, 0xBB, 0xBB, 0xCC, 0xCC, 0xCB, 
	0x00, 0x00, 0x00, 0x00, 0x00, 0x00, 0x00, 0x00, 0x00, 0x00, 0x00, 0x00, 0x00, 0x00, 0x00, 
	0x00, 0x00, 0x00, 0x00, 0x00, 0x00, 0x00, 0x00, 0x00, 0x00, 0x00, 0x00, 0x00, 0x00, 0x00, 
	0x00, 0x00, 0x00, 0x00, 0x00, 0x00, 0x00, 0x00, 0x00, 0x00, 0x00, 0x00, 0x00, 0x00, 0x00, 
	0x00, 0x00, 0x00, 0x00, 0x00, 0x00, 0x00, 0x00, 0x00, 0x00, 0x00, 0x00, 0x00, 0x00, 0x00, 
	0x00, 0x00, 0x00, 0x00, 0x00, 0x00, 0x00, 0x00, 0x00, 0x00, 0x00, 0x00, 0x00, 0x00, 0x00, 
	0x00, 0x00, 0x00, 0x00, 0x00, 0x00, 0x00, 0x00, 0x00, 0x00, 0x00, 0x00, 0x00, 0x00, 0x00, 
	0xAA, 0xAA, 0xAA, 0xAA, 0xAB, 0xBB, 0xCC, 0xCB, 0xAB, 0xBB, 0xBB, 0xBB, 0xBB, 0xCC, 0xBB, 
	0xBB, 0xBB, 0xBB, 0xBB, 0xBC, 0xCC, 0xCB, 0xBA, 0xBB, 0xBB, 0xBB, 0xBB, 0xBB, 0xBB, 0xBB, 
	0xBB, 0xBB, 0xBB, 0xBB, 0xBB, 0xBB, 0xBB, 0xBB, 0xBB, 0xBB, 0xBB, 0xBB, 0xBB, 0xBB, 0xBA, 
	0x87, 0x77, 0x89, 0x97, 0x44, 0x33, 0x23, 0x47, 0x96, 0x44, 0x34, 0x43, 0x21, 0x22, 0x11, 
	0x22, 0x21, 0x11, 0x11, 0x11, 0x11, 0x11, 0x11, 0x11, 0x11, 0x11, 0x11, 0x11, 0x11, 0x11, 
	0x11, 0x11, 0x11, 0x11, 0x11, 0x11, 0x11, 0x11, 0x11, 0x11, 0x11, 0x11, 0x11, 0x11, 0x11, 
	0x11, 0x11, 0x11, 0x12, 0x33, 0x33, 0x32, 0x22, 0x33, 0x33, 0x22, 0x33, 0x32, 0x22, 0x22, 
	0x33, 0x32, 0x33, 0x33, 0x33, 0x33, 0x34, 0xD9, 0x65, 0x44, 0x33, 0x22, 0x12, 0x33, 0x22, 
	0x22, 0x33, 0x34, 0x32, 0x48, 0x53, 0x33, 0x34, 0x97, 0x54, 0x43, 0x33, 0x33, 0x57, 0x8A, 
	0xBB, 0xBB, 0xBB, 0xBB, 0xBB, 0xBB, 0xBB, 0xBB, 0xBB, 0xBB, 0xBC, 0xCC, 0xCC, 0xCC, 0xCC, 
	0xCC, 0xCC, 0xCC, 0xCC, 0xCC, 0xCC, 0xCC, 0xCC, 0xCC, 0xCD, 0xDD, 0xDD, 0xDD, 0xDD, 0xDD, 
	0xDD, 0xDD, 0xDD, 0xDD, 0xDD, 0xDD, 0xDD, 0xDD, 0xEE, 0xEE, 0xEE, 0xEE, 0xEE, 0xEE, 0xEE, 
	0xED, 0xCC, 0xCD, 0xDD, 0xDC, 0xBB, 0xBC, 0xCC, 0xCC, 0xCC, 0xCC, 0xCC, 0xCC, 0xCC, 0xCC, 
	0xCC, 0xCC, 0xCC, 0xCB, 0xCC, 0xCC, 0xBB, 0xBB, 0xBB, 0xBB, 0xBB, 0xBB, 0xCC, 0xCC, 0xBB, 
	0x00, 0x00, 0x00, 0x00, 0x00, 0x00, 0x00, 0x00, 0x00, 0x00, 0x00, 0x00, 0x00, 0x00, 0x00, 
	0x00, 0x00, 0x00, 0x00, 0x00, 0x00, 0x00, 0x00, 0x00, 0x00, 0x00, 0x00, 0x00, 0x00, 0x00, 
	0x00, 0x00, 0x00, 0x00, 0x00, 0x00, 0x00, 0x00, 0x00, 0x00, 0x00, 0x00, 0x00, 0x00, 0x00, 
	0x00, 0x00, 0x00, 0x00, 0x00, 0x00, 0x00, 0x00, 0x00, 0x00, 0x00, 0x00, 0x00, 0x00, 0x00, 
	0x00, 0x00, 0x00, 0x00, 0x00, 0x00, 0x00, 0x00, 0x00, 0x00, 0x00, 0x00, 0x00, 0x00, 0x00, 
	0x00, 0x00, 0x00, 0x00, 0x00, 0x00, 0x00, 0x00, 0x00, 0x00, 0x00, 0x00, 0x00, 0x00, 0x00, 
	0xAA, 0xAA, 0xAA, 0xAA, 0xAB, 0xBB, 0xCC, 0xCB, 0xAB, 0xBB, 0xBB, 0xBB, 0xBB, 0xCC, 0xBB, 
	0xBB, 0xBB, 0xBB, 0xBB, 0xBB, 0xCC, 0xCC, 0xBA, 0xBB, 0xBB, 0xBB, 0xBB, 0xBB, 0xBB, 0xBB, 
	0xBB, 0xBB, 0xBB, 0xBB, 0xBB, 0xBB, 0xBB, 0xBB, 0xBB, 0xBC, 0xBA, 0xBB, 0xBB, 0xBB, 0xA8, 
	0x76, 0x89, 0xBB, 0xAA, 0x54, 0x44, 0x32, 0x23, 0x44, 0x34, 0x11, 0x22, 0x11, 0x12, 0x22, 
	0x22, 0x21, 0x11, 0x11, 0x11, 0x11, 0x12, 0x21, 0x11, 0x11, 0x11, 0x11, 0x11, 0x11, 0x11, 
	0x12, 0x21, 0x11, 0x11, 0x11, 0x11, 0x11, 0x11, 0x11, 0x11, 0x11, 0x11, 0x21, 0x11, 0x11, 
	0x11, 0x11, 0x11, 0x11, 0x22, 0x33, 0x32, 0x22, 0x32, 0x33, 0x23, 0x44, 0x32, 0x23, 0x22, 
	0x23, 0x33, 0x23, 0x43, 0x33, 0x33, 0x33, 0x55, 0x56, 0x95, 0x33, 0x32, 0x22, 0x22, 0x22, 
	0x23, 0x43, 0x35, 0x33, 0x35, 0x54, 0x23, 0x38, 0xA6, 0x43, 0x33, 0x33, 0x45, 0x56, 0x89, 
	0xAB, 0xBB, 0xBB, 0xBB, 0xBB, 0xBB, 0xBB, 0xBB, 0xBB, 0xBB, 0xBB, 0xCC, 0xCC, 0xCC, 0xCC, 
	0xCC, 0xCC, 0xCC, 0xCC, 0xCC, 0xCC, 0xCC, 0xCC, 0xCD, 0xCC, 0xDD, 0xDD, 0xDD, 0xDD, 0xDD, 
	0xDD, 0xDD, 0xDD, 0xDD, 0xDD, 0xDD, 0xDD, 0xDD, 0xDE, 0xEE, 0xEE, 0xEE, 0xEE, 0xEE, 0xEE, 
	0xED, 0xCC, 0xCD, 0xDD, 0xDC, 0xBB, 0xCC, 0xCC, 0xCC, 0xCC, 0xCC, 0xCC, 0xCC, 0xCC, 0xCC, 
	0xCC, 0xCC, 0xCC, 0xCB, 0xCC, 0xCC, 0xCC, 0xCC, 0xBB, 0xBB, 0xBB, 0xBB, 0xCC, 0xCC, 0xBB, 
	0x00, 0x00, 0x00, 0x00, 0x00, 0x00, 0x00, 0x00, 0x00, 0x00, 0x00, 0x00, 0x00, 0x00, 0x00, 
	0x00, 0x00, 0x00, 0x00, 0x00, 0x00, 0x00, 0x00, 0x00, 0x00, 0x00, 0x00, 0x00, 0x00, 0x00, 
	0x00, 0x00, 0x00, 0x00, 0x00, 0x00, 0x00, 0x00, 0x00, 0x00, 0x00, 0x00, 0x00, 0x00, 0x00, 
	0x00, 0x00, 0x00, 0x00, 0x00, 0x00, 0x00, 0x00, 0x00, 0x00, 0x00, 0x00, 0x00, 0x00, 0x00, 
	0x00, 0x00, 0x00, 0x00, 0x00, 0x00, 0x00, 0x00, 0x00, 0x00, 0x00, 0x00, 0x00, 0x00, 0x00, 
	0x00, 0x00, 0x00, 0x00, 0x00, 0x00, 0x00, 0x00, 0x00, 0x00, 0x00, 0x00, 0x00, 0x00, 0x00, 
	0xAA, 0xAA, 0xAA, 0xAA, 0xAA, 0xBB, 0xCC, 0xCB, 0xAA, 0xBB, 0xBB, 0xBB, 0xBB, 0xBC, 0xCB, 
	0xBB, 0xBB, 0xBB, 0xBB, 0xBB, 0xCC, 0xCC, 0xBA, 0xBB, 0xBB, 0xBB, 0xBB, 0xBB, 0xBB, 0xBB, 
	0xBB, 0xBB, 0xBB, 0xBB, 0xBB, 0xBB, 0xBB, 0xBB, 0xBB, 0xBB, 0xBA, 0x9A, 0xAB, 0xBA, 0x87, 
	0x77, 0x9B, 0xDD, 0x98, 0x54, 0x44, 0x32, 0x22, 0x22, 0x22, 0x21, 0x11, 0x11, 0x12, 0x22, 
	0x22, 0x22, 0x12, 0x21, 0x11, 0x11, 0x24, 0x22, 0x11, 0x11, 0x11, 0x11, 0x11, 0x11, 0x11, 
	0x13, 0x53, 0x11, 0x12, 0x11, 0x11, 0x11, 0x11, 0x11, 0x11, 0x11, 0x11, 0x11, 0x11, 0x11, 
	0x11, 0x11, 0x11, 0x11, 0x22, 0x23, 0x32, 0x23, 0x32, 0x33, 0x33, 0x44, 0x33, 0x33, 0x33, 
	0x22, 0x33, 0x24, 0x43, 0x22, 0x33, 0x33, 0x33, 0x49, 0xB6, 0x57, 0x51, 0x12, 0x22, 0x22, 
	0x24, 0x32, 0x34, 0x33, 0x34, 0x44, 0x33, 0x8A, 0x65, 0x43, 0x33, 0x33, 0x48, 0x67, 0xAA, 
	0xAA, 0xBB, 0xBB, 0xBB, 0xBB, 0xBB, 0xBB, 0xBB, 0xBB, 0xBB, 0xBB, 0xCC, 0xCC, 0xCC, 0xCC, 
	0xCC, 0xCC, 0xCC, 0xCC, 0xCC, 0xCC, 0xCC, 0xCC, 0xCD, 0xCD, 0xDD, 0xDD, 0xDD, 0xDD, 0xDD, 
	0xDD, 0xDD, 0xDD, 0xDD, 0xDD, 0xDD, 0xDD, 0xDD, 0xDD, 0xEE, 0xEE, 0xEE, 0xEE, 0xEE, 0xEE, 
	0xDD, 0xCC, 0xCD, 0xDD, 0xDC, 0xBB, 0xCC, 0xCC, 0xCC, 0xCC, 0xCC, 0xCC, 0xCC, 0xCC, 0xCC, 
	0xCC, 0xCC, 0xCC, 0xBC, 0xCC, 0xCC, 0xCC, 0xCC, 0xBB, 0xBB, 0xBB, 0xBB, 0xCC, 0xCC, 0xBB, 
	0x00, 0x00, 0x00, 0x00, 0x00, 0x00, 0x00, 0x00, 0x00, 0x00, 0x00, 0x00, 0x00, 0x00, 0x00, 
	0x00, 0x00, 0x00, 0x00, 0x00, 0x00, 0x00, 0x00, 0x00, 0x00, 0x00, 0x00, 0x00, 0x00, 0x00, 
	0x00, 0x00, 0x00, 0x00, 0x00, 0x00, 0x00, 0x00, 0x00, 0x00, 0x00, 0x00, 0x00, 0x00, 0x00, 
	0x00, 0x00, 0x00, 0x00, 0x00, 0x00, 0x00, 0x00, 0x00, 0x00, 0x00, 0x00, 0x00, 0x00, 0x00, 
	0x00, 0x00, 0x00, 0x00, 0x00, 0x00, 0x00, 0x00, 0x00, 0x00, 0x00, 0x00, 0x00, 0x00, 0x00, 
	0x00, 0x00, 0x00, 0x00, 0x00, 0x00, 0x00, 0x00, 0x00, 0x00, 0x00, 0x00, 0x00, 0x00, 0x00, 
	0xAA, 0xAA, 0xAA, 0xAA, 0xAA, 0xBB, 0xBC, 0xCB, 0xBA, 0xBB, 0xBB, 0xBB, 0xBB, 0xBC, 0xCB, 
	0xBB, 0xBB, 0xBB, 0xBB, 0xBB, 0xCC, 0xCC, 0xBA, 0xBB, 0xBB, 0xBB, 0xBB, 0xBB, 0xBB, 0xBB, 
	0xBB, 0xBB, 0xBB, 0xBB, 0xBB, 0xBB, 0xBB, 0xBB, 0xBA, 0xBB, 0xBA, 0x87, 0x67, 0x88, 0x77, 
	0x88, 0xBD, 0xEE, 0xC7, 0x65, 0x54, 0x22, 0x22, 0x22, 0x21, 0x11, 0x21, 0x12, 0x12, 0x23, 
	0x23, 0x22, 0x12, 0x21, 0x11, 0x11, 0x23, 0x21, 0x11, 0x11, 0x11, 0x11, 0x11, 0x11, 0x11, 
	0x13, 0x64, 0x32, 0x23, 0x21, 0x11, 0x11, 0x11, 0x11, 0x11, 0x11, 0x11, 0x11, 0x22, 0x11, 
	0x11, 0x11, 0x12, 0x22, 0x22, 0x22, 0x22, 0x33, 0x32, 0x33, 0x23, 0x44, 0x33, 0x33, 0x33, 
	0x32, 0x33, 0x34, 0x33, 0x22, 0x33, 0x33, 0x32, 0x25, 0x65, 0x9D, 0x63, 0x23, 0x33, 0x22, 
	0x23, 0x23, 0x33, 0x33, 0x54, 0x44, 0x38, 0xB8, 0x76, 0x42, 0x33, 0x33, 0x46, 0x6A, 0xAB, 
	0xAA, 0xBB, 0xBB, 0xBB, 0xBB, 0xBB, 0xBB, 0xBB, 0xBB, 0xBB, 0xBB, 0xBC, 0xCC, 0xCB, 0xBC, 
	0xCC, 0xCC, 0xCC, 0xCC, 0xCC, 0xCC, 0xCC, 0xCC, 0xCD, 0xCD, 0xDD, 0xDD, 0xDD, 0xDD, 0xDD, 
	0xDD, 0xDD, 0xDD, 0xDD, 0xDD, 0xDD, 0xDD, 0xDD, 0xDD, 0xDD, 0xEE, 0xEE, 0xEE, 0xEE, 0xEE, 
	0xDD, 0xCC, 0xDD, 0xDD, 0xCB, 0xBB, 0xCC, 0xCC, 0xCC, 0xCC, 0xCC, 0xCC, 0xCC, 0xCC, 0xCC, 
	0xCC, 0xCC, 0xCB, 0xBC, 0xCC, 0xCC, 0xCB, 0xBB, 0xBB, 0xBB, 0xBB, 0xBB, 0xCC, 0xCC, 0xBB, 
	0x00, 0x00, 0x00, 0x00, 0x00, 0x00, 0x00, 0x00, 0x00, 0x00, 0x00, 0x00, 0x00, 0x00, 0x00, 
	0x00, 0x00, 0x00, 0x00, 0x00, 0x00, 0x00, 0x00, 0x00, 0x00, 0x00, 0x00, 0x00, 0x00, 0x00, 
	0x00, 0x00, 0x00, 0x00, 0x00, 0x00, 0x00, 0x00, 0x00, 0x00, 0x00, 0x00, 0x00, 0x00, 0x00, 
	0x00, 0x00, 0x00, 0x00, 0x00, 0x00, 0x00, 0x00, 0x00, 0x00, 0x00, 0x00, 0x00, 0x00, 0x00, 
	0x00, 0x00, 0x00, 0x00, 0x00, 0x00, 0x00, 0x00, 0x00, 0x00, 0x00, 0x00, 0x00, 0x00, 0x00, 
	0x00, 0x00, 0x00, 0x00, 0x00, 0x00, 0x00, 0x00, 0x00, 0x00, 0x00, 0x00, 0x00, 0x00, 0x00, 
	0xAA, 0xAA, 0xAA, 0xAA, 0xAA, 0xBB, 0xBC, 0xCB, 0xBA, 0xBB, 0xBB, 0xBB, 0xBB, 0xBC, 0xCB, 
	0xBB, 0xBB, 0xBB, 0xBB, 0xBB, 0xBC, 0xCC, 0xBA, 0xAB, 0xBB, 0xBB, 0xBB, 0xBB, 0xBB, 0xBB, 
	0xBB, 0xBB, 0xBB, 0xBB, 0xBB, 0xBB, 0xBB, 0xBB, 0xA9, 0x9B, 0xBA, 0x97, 0x44, 0x57, 0x77, 
	0x9B, 0xDF, 0xFF, 0xD8, 0x66, 0x43, 0x22, 0x22, 0x21, 0x11, 0x22, 0x21, 0x12, 0x22, 0x22, 
	0x22, 0x22, 0x12, 0x22, 0x11, 0x11, 0x11, 0x11, 0x11, 0x22, 0x11, 0x11, 0x11, 0x11, 0x11, 
	0x12, 0x75, 0x23, 0x33, 0x31, 0x11, 0x11, 0x11, 0x11, 0x11, 0x11, 0x11, 0x21, 0x11, 0x11, 
	0x11, 0x11, 0x12, 0x22, 0x22, 0x22, 0x22, 0x23, 0x33, 0x33, 0x23, 0x34, 0x44, 0x43, 0x33, 
	0x33, 0x33, 0x33, 0x33, 0x33, 0x44, 0x32, 0x34, 0x44, 0x44, 0x8A, 0x9A, 0x43, 0x41, 0x22, 
	0x22, 0x35, 0x33, 0x33, 0x55, 0x33, 0x9C, 0x85, 0x77, 0x43, 0x33, 0x64, 0x45, 0x69, 0xBB, 
	0xBB, 0xBB, 0xBB, 0xBB, 0xBB, 0xBB, 0xBB, 0xBB, 0xBB, 0xBB, 0xBB, 0xBB, 0xCC, 0xCB, 0xBB, 
	0xCC, 0xCC, 0xCC, 0xCC, 0xCC, 0xCC, 0xCC, 0xCC, 0xCC, 0xCC, 0xDD, 0xDD, 0xDD, 0xDD, 0xDD, 
	0xDD, 0xDD, 0xDD, 0xDD, 0xDD, 0xDD, 0xDD, 0xDD, 0xDD, 0xDD, 0xEE, 0xEE, 0xEE, 0xEE, 0xEE, 
	0xDC, 0xCC, 0xDD, 0xDD, 0xCB, 0xBB, 0xCC, 0xCC, 0xCC, 0xCC, 0xCC, 0xCC, 0xCC, 0xCC, 0xCC, 
	0xCC, 0xCC, 0xBB, 0xBC, 0xCC, 0xCB, 0xBB, 0xBB, 0xBB, 0xBB, 0xBB, 0xBB, 0xCC, 0xCC, 0xBB, 
	0x00, 0x00, 0x00, 0x00, 0x00, 0x00, 0x00, 0x00, 0x00, 0x00, 0x00, 0x00, 0x00, 0x00, 0x00, 
	0x00, 0x00, 0x00, 0x00, 0x00, 0x00, 0x00, 0x00, 0x00, 0x00, 0x00, 0x00, 0x00, 0x00, 0x00, 
	0x00, 0x00, 0x00, 0x00, 0x00, 0x00, 0x00, 0x00, 0x00, 0x00, 0x00, 0x00, 0x00, 0x00, 0x00, 
	0x00, 0x00, 0x00, 0x00, 0x00, 0x00, 0x00, 0x00, 0x00, 0x00, 0x00, 0x00, 0x00, 0x00, 0x00, 
	0x00, 0x00, 0x00, 0x00, 0x00, 0x00, 0x00, 0x00, 0x00, 0x00, 0x00, 0x00, 0x00, 0x00, 0x00, 
	0x00, 0x00, 0x00, 0x00, 0x00, 0x00, 0x00, 0x00, 0x00, 0x00, 0x00, 0x00, 0x00, 0x00, 0x00, 
	0xAA, 0xAA, 0xAA, 0xAA, 0xAA, 0xAB, 0xBC, 0xCC, 0xBA, 0xBB, 0xBB, 0xBB, 0xBB, 0xBC, 0xCB, 
	0xBB, 0xBB, 0xBB, 0xBB, 0xBB, 0xBC, 0xCC, 0xBB, 0xAB, 0xBB, 0xBB, 0xBB, 0xBB, 0xBB, 0xBB, 
	0xBB, 0xBB, 0xBB, 0xBB, 0xBB, 0xBB, 0xBB, 0xBA, 0x98, 0x89, 0xBB, 0xAA, 0x86, 0x56, 0x78, 
	0xAC, 0xEF, 0xFF, 0xC7, 0x56, 0x54, 0x32, 0x22, 0x22, 0x11, 0x22, 0x22, 0x22, 0x21, 0x22, 
	0x22, 0x21, 0x12, 0x22, 0x21, 0x12, 0x11, 0x11, 0x11, 0x22, 0x11, 0x11, 0x11, 0x11, 0x11, 
	0x12, 0x54, 0x24, 0x32, 0x20, 0x11, 0x11, 0x11, 0x11, 0x11, 0x11, 0x12, 0x21, 0x11, 0x11, 
	0x11, 0x11, 0x22, 0x22, 0x22, 0x22, 0x22, 0x23, 0x32, 0x23, 0x33, 0x34, 0x44, 0x44, 0x33, 
	0x33, 0x33, 0x33, 0x33, 0x33, 0x33, 0x33, 0x34, 0x34, 0x42, 0x34, 0x9C, 0x64, 0x22, 0x23, 
	0x33, 0x44, 0x33, 0x33, 0x46, 0x45, 0xD9, 0x66, 0x68, 0x42, 0x25, 0x62, 0x34, 0x59, 0xAB, 
	0xBB, 0xBB, 0xBB, 0xBB, 0xBB, 0xBB, 0xBB, 0xBB, 0xBB, 0xBB, 0xBB, 0xBB, 0xCC, 0xCC, 0xBB, 
	0xCC, 0xCC, 0xCC, 0xCC, 0xCC, 0xCC, 0xCC, 0xCC, 0xCC, 0xCC, 0xCD, 0xDD, 0xDD, 0xDD, 0xDD, 
	0xDD, 0xDD, 0xDD, 0xDD, 0xDD, 0xDD, 0xDD, 0xDD, 0xDD, 0xDD, 0xEE, 0xEE, 0xEE, 0xEE, 0xEE, 
	0xDC, 0xCC, 0xDD, 0xDD, 0xCB, 0xBB, 0xCC, 0xCC, 0xCC, 0xCC, 0xCC, 0xCC, 0xCC, 0xCC, 0xCC, 
	0xCC, 0xCB, 0xBB, 0xCB, 0xCC, 0xCB, 0xBB, 0xBB, 0xBB, 0xBB, 0xBB, 0xBB, 0xCC, 0xCC, 0xBB, 
	0x00, 0x00, 0x00, 0x00, 0x00, 0x00, 0x00, 0x00, 0x00, 0x00, 0x00, 0x00, 0x00, 0x00, 0x00, 
	0x00, 0x00, 0x00, 0x00, 0x00, 0x00, 0x00, 0x00, 0x00, 0x00, 0x00, 0x00, 0x00, 0x00, 0x00, 
	0x00, 0x00, 0x00, 0x00, 0x00, 0x00, 0x00, 0x00, 0x00, 0x00, 0x00, 0x00, 0x00, 0x00, 0x00, 
	0x00, 0x00, 0x00, 0x00, 0x00, 0x00, 0x00, 0x00, 0x00, 0x00, 0x00, 0x00, 0x00, 0x00, 0x00, 
	0x00, 0x00, 0x00, 0x00, 0x00, 0x00, 0x00, 0x00, 0x00, 0x00, 0x00, 0x00, 0x00, 0x00, 0x00, 
	0x00, 0x00, 0x00, 0x00, 0x00, 0x00, 0x00, 0x00, 0x00, 0x00, 0x00, 0x00, 0x00, 0x00, 0x00, 
	0xAA, 0xAA, 0xAA, 0xAA, 0xAA, 0xAB, 0xBC, 0xCC, 0xBA, 0xAB, 0xBB, 0xBB, 0xBB, 0xBC, 0xCB, 
	0xBB, 0xBB, 0xBB, 0xBB, 0xBB, 0xBC, 0xCC, 0xCB, 0xAB, 0xBB, 0xBB, 0xBB, 0xBB, 0xBB, 0xBB, 
	0xBB, 0xBB, 0xBB, 0xBB, 0xBB, 0xBB, 0xBB, 0xBA, 0x86, 0x77, 0x9B, 0xBA, 0xA9, 0x66, 0x78, 
	0xAD, 0xEF, 0xFF, 0xD7, 0x77, 0x55, 0x43, 0x22, 0x21, 0x11, 0x23, 0x22, 0x22, 0x22, 0x22, 
	0x22, 0x21, 0x22, 0x22, 0x21, 0x11, 0x11, 0x12, 0x21, 0x11, 0x11, 0x11, 0x11, 0x11, 0x11, 
	0x13, 0x32, 0x23, 0x33, 0x21, 0x11, 0x11, 0x11, 0x11, 0x11, 0x11, 0x22, 0x23, 0x33, 0x21, 
	0x11, 0x11, 0x22, 0x22, 0x32, 0x23, 0x32, 0x33, 0x32, 0x33, 0x23, 0x34, 0x43, 0x34, 0x33, 
	0x33, 0x33, 0x33, 0x22, 0x33, 0x33, 0x23, 0x34, 0x42, 0x22, 0x22, 0x57, 0x87, 0x33, 0x33, 
	0x23, 0x32, 0x33, 0x33, 0x45, 0x6C, 0x95, 0x67, 0x77, 0x43, 0x35, 0x33, 0x33, 0x57, 0xAB, 
	0xBB, 0xBB, 0xBB, 0xBB, 0xBB, 0xBB, 0xBB, 0xBB, 0xBB, 0xBB, 0xCC, 0xCB, 0xCC, 0xCC, 0xCC, 
	0xCC, 0xCC, 0xCC, 0xCC, 0xCC, 0xCC, 0xCC, 0xCC, 0xCC, 0xCC, 0xCC, 0xCD, 0xDD, 0xDD, 0xDD, 
	0xDD, 0xDD, 0xDD, 0xDD, 0xDD, 0xDD, 0xDD, 0xDD, 0xDD, 0xDD, 0xEE, 0xEE, 0xEE, 0xEE, 0xDE, 
	0xDC, 0xCC, 0xDD, 0xDD, 0xCB, 0xBB, 0xCC, 0xCC, 0xCC, 0xCC, 0xCC, 0xCC, 0xCC, 0xCC, 0xCC, 
	0xCC, 0xCC, 0xBC, 0xCB, 0xCC, 0xCB, 0xBB, 0xBB, 0xBB, 0xBB, 0xBB, 0xBB, 0xCC, 0xCC, 0xBB, 
	0x00, 0x00, 0x00, 0x00, 0x00, 0x00, 0x00, 0x00, 0x00, 0x00, 0x00, 0x00, 0x00, 0x00, 0x00, 
	0x00, 0x00, 0x00, 0x00, 0x00, 0x00, 0x00, 0x00, 0x00, 0x00, 0x00, 0x00, 0x00, 0x00, 0x00, 
	0x00, 0x00, 0x00, 0x00, 0x00, 0x00, 0x00, 0x00, 0x00, 0x00, 0x00, 0x00, 0x00, 0x00, 0x00, 
	0x00, 0x00, 0x00, 0x00, 0x00, 0x00, 0x00, 0x00, 0x00, 0x00, 0x00, 0x00, 0x00, 0x00, 0x00, 
	0x00, 0x00, 0x00, 0x00, 0x00, 0x00, 0x00, 0x00, 0x00, 0x00, 0x00, 0x00, 0x00, 0x00, 0x00, 
	0x00, 0x00, 0x00, 0x00, 0x00, 0x00, 0x00, 0x00, 0x00, 0x00, 0x00, 0x00, 0x00, 0x00, 0x00, 
	0xAA, 0xAA, 0xAA, 0xAA, 0xAA, 0xAA, 0xBB, 0xCC, 0xBA, 0xAB, 0xBB, 0xBB, 0xBB, 0xBB, 0xCC, 
	0xBB, 0xBB, 0xBB, 0xBB, 0xBB, 0xBB, 0xCC, 0xCB, 0xAB, 0xBB, 0xBB, 0xBB, 0xBB, 0xBB, 0xBB, 
	0xBB, 0xBB, 0xBB, 0xBB, 0xBB, 0xBA, 0xAA, 0xBA, 0x75, 0x55, 0x56, 0x88, 0x87, 0x66, 0x78, 
	0xAC, 0xEF, 0xFF, 0xE8, 0x77, 0x65, 0x43, 0x22, 0x21, 0x12, 0x22, 0x22, 0x22, 0x22, 0x22, 
	0x22, 0x22, 0x12, 0x22, 0x21, 0x11, 0x11, 0x22, 0x22, 0x11, 0x11, 0x11, 0x11, 0x11, 0x11, 
	0x12, 0x32, 0x12, 0x33, 0x12, 0x11, 0x11, 0x11, 0x11, 0x22, 0x34, 0x56, 0x77, 0x66, 0x65, 
	0x32, 0x12, 0x22, 0x22, 0x22, 0x22, 0x33, 0x33, 0x32, 0x33, 0x33, 0x43, 0x32, 0x33, 0x33, 
	0x33, 0x33, 0x32, 0x22, 0x33, 0x22, 0x23, 0x34, 0x42, 0x21, 0x22, 0x23, 0x89, 0xB6, 0x22, 
	0x22, 0x33, 0x32, 0x23, 0x37, 0xAA, 0x74, 0x67, 0x66, 0x54, 0x43, 0x32, 0x33, 0x46, 0xAB, 
	0xBB, 0xBB, 0xBB, 0xBB, 0xBB, 0xBB, 0xBC, 0xBB, 0xBB, 0xBB, 0xBB, 0xBC, 0xCC, 0xCB, 0xBB, 
	0xCC, 0xCC, 0xCC, 0xCC, 0xCC, 0xCC, 0xCC, 0xCC, 0xCC, 0xCC, 0xCC, 0xCC, 0xDD, 0xDD, 0xDD, 
	0xDD, 0xDD, 0xDD, 0xDD, 0xDD, 0xDD, 0xDD, 0xDD, 0xDD, 0xDD, 0xDD, 0xDD, 0xDE, 0xEE, 0xEE, 
	0xDC, 0xBC, 0xDD, 0xDD, 0xCB, 0xBC, 0xCC, 0xCC, 0xCC, 0xCC, 0xCC, 0xCC, 0xCC, 0xCC, 0xCC, 
	0xCC, 0xCC, 0xCC, 0xCB, 0xCC, 0xCB, 0xBB, 0xBB, 0xBB, 0xBB, 0xBB, 0xBC, 0xCC, 0xCB, 0xBB, 
	0x00, 0x00, 0x00, 0x00, 0x00, 0x00, 0x00, 0x00, 0x00, 0x00, 0x00, 0x00, 0x00, 0x00, 0x00, 
	0x00, 0x00, 0x00, 0x00, 0x00, 0x00, 0x00, 0x00, 0x00, 0x00, 0x00, 0x00, 0x00, 0x00, 0x00, 
	0x00, 0x00, 0x00, 0x00, 0x00, 0x00, 0x00, 0x00, 0x00, 0x00, 0x00, 0x00, 0x00, 0x00, 0x00, 
	0x00, 0x00, 0x00, 0x00, 0x00, 0x00, 0x00, 0x00, 0x00, 0x00, 0x00, 0x00, 0x00, 0x00, 0x00, 
	0x00, 0x00, 0x00, 0x00, 0x00, 0x00, 0x00, 0x00, 0x00, 0x00, 0x00, 0x00, 0x00, 0x00, 0x00, 
	0x00, 0x00, 0x00, 0x00, 0x00, 0x00, 0x00, 0x00, 0x00, 0x00, 0x00, 0x00, 0x00, 0x00, 0x00, 
	0xAA, 0xAA, 0xAA, 0xAA, 0xAA, 0xAA, 0xBB, 0xCC, 0xBB, 0xAB, 0xBB, 0xBB, 0xBB, 0xBB, 0xCC, 
	0xBB, 0xBB, 0xBB, 0xBB, 0xBB, 0xBB, 0xCC, 0xCB, 0xAA, 0xBB, 0xBB, 0xBB, 0xBB, 0xBB, 0xBB, 
	0xBB, 0xBB, 0xBB, 0xBB, 0xBB, 0xAA, 0x98, 0x8A, 0x96, 0x56, 0x43, 0x47, 0x76, 0x56, 0x78, 
	0xAC, 0xEF, 0xFE, 0xC8, 0x57, 0x65, 0x43, 0x22, 0x21, 0x12, 0x11, 0x22, 0x22, 0x22, 0x22, 
	0x22, 0x22, 0x22, 0x22, 0x21, 0x12, 0x21, 0x11, 0x11, 0x11, 0x11, 0x11, 0x11, 0x11, 0x11, 
	0x11, 0x22, 0x22, 0x22, 0x21, 0x11, 0x11, 0x12, 0x23, 0x45, 0x78, 0x99, 0x85, 0x56, 0x67, 
	0x64, 0x21, 0x22, 0x22, 0x12, 0x32, 0x22, 0x32, 0x23, 0x33, 0x33, 0x33, 0x32, 0x33, 0x33, 
	0x33, 0x32, 0x22, 0x33, 0x33, 0x23, 0x23, 0x33, 0x42, 0x22, 0x12, 0x23, 0x58, 0xE9, 0x66, 
	0x42, 0x13, 0x23, 0x68, 0x8C, 0xA6, 0x54, 0x55, 0x66, 0x77, 0x75, 0x43, 0x34, 0x35, 0xAB, 
	0xBB, 0xBB, 0xBB, 0xBB, 0xBB, 0xBB, 0xBB, 0xBB, 0xBB, 0xBB, 0xCB, 0xBB, 0xCC, 0xCC, 0xBC, 
	0xCC, 0xCC, 0xCC, 0xCC, 0xCC, 0xCC, 0xCC, 0xCC, 0xCC, 0xCC, 0xCC, 0xCD, 0xDD, 0xDD, 0xDD, 
	0xDD, 0xDD, 0xDD, 0xDD, 0xDD, 0xDD, 0xDD, 0xDD, 0xDD, 0xDD, 0xDD, 0xDD, 0xDD, 0xEE, 0xED, 
	0xDC, 0xCC, 0xDD, 0xDD, 0xBB, 0xBC, 0xCC, 0xCC, 0xCC, 0xCC, 0xCC, 0xCC, 0xCC, 0xCC, 0xCC, 
	0xCC, 0xCC, 0xCC, 0xBB, 0xBB, 0xBB, 0xBB, 0xBB, 0xBB, 0xBB, 0xBB, 0xBC, 0xCC, 0xCB, 0xBB, 
	0x00, 0x00, 0x00, 0x00, 0x00, 0x00, 0x00, 0x00, 0x00, 0x00, 0x00, 0x00, 0x00, 0x00, 0x00, 
	0x00, 0x00, 0x00, 0x00, 0x00, 0x00, 0x00, 0x00, 0x00, 0x00, 0x00, 0x00, 0x00, 0x00, 0x00, 
	0x00, 0x00, 0x00, 0x00, 0x00, 0x00, 0x00, 0x00, 0x00, 0x00, 0x00, 0x00, 0x00, 0x00, 0x00, 
	0x00, 0x00, 0x00, 0x00, 0x00, 0x00, 0x00, 0x00, 0x00, 0x00, 0x00, 0x00, 0x00, 0x00, 0x00, 
	0x00, 0x00, 0x00, 0x00, 0x00, 0x00, 0x00, 0x00, 0x00, 0x00, 0x00, 0x00, 0x00, 0x00, 0x00, 
	0x00, 0x00, 0x00, 0x00, 0x00, 0x00, 0x00, 0x00, 0x00, 0x00, 0x00, 0x00, 0x00, 0x00, 0x00, 
	0xAA, 0xAA, 0xAA, 0xAA, 0xAA, 0xAA, 0xAB, 0xCC, 0xCB, 0xAA, 0xBB, 0xBB, 0xBB, 0xBB, 0xBC, 
	0xBA, 0xBB, 0xBB, 0xBB, 0xBB, 0xBB, 0xCC, 0xCB, 0xAA, 0xBB, 0xBB, 0xBB, 0xBB, 0xBB, 0xBB, 
	0xBB, 0xBB, 0xBB, 0xBB, 0xBB, 0xA9, 0x88, 0x66, 0x76, 0x56, 0x76, 0x44, 0x66, 0x55, 0x78, 
	0x9B, 0xDE, 0xEC, 0x86, 0x66, 0x55, 0x43, 0x22, 0x21, 0x12, 0x11, 0x12, 0x23, 0x22, 0x22, 
	0x22, 0x22, 0x22, 0x22, 0x22, 0x12, 0x22, 0x11, 0x11, 0x11, 0x11, 0x11, 0x11, 0x11, 0x11, 
	0x11, 0x11, 0x11, 0x12, 0x21, 0x11, 0x12, 0x35, 0x67, 0x89, 0xAA, 0x87, 0x53, 0x46, 0x66, 
	0x77, 0x53, 0x22, 0x22, 0x23, 0x43, 0x33, 0x33, 0x33, 0x33, 0x22, 0x33, 0x22, 0x22, 0x33, 
	0x33, 0x32, 0x33, 0x44, 0x22, 0x34, 0x33, 0x34, 0x22, 0x32, 0x22, 0x12, 0x24, 0x77, 0x8B, 
	0x74, 0x54, 0x6A, 0x9B, 0x97, 0x65, 0x44, 0x57, 0x78, 0x87, 0x87, 0x65, 0x44, 0x46, 0xAB, 
	0xBB, 0xBB, 0xBB, 0xBB, 0xBB, 0xBB, 0xBB, 0xBB, 0xBB, 0xBB, 0xBB, 0xBB, 0xCC, 0xCC, 0xBB, 
	0xCC, 0xCC, 0xCC, 0xCC, 0xCC, 0xCC, 0xCC, 0xCC, 0xCC, 0xCC, 0xCC, 0xCC, 0xDD, 0xDD, 0xDD, 
	0xDD, 0xDD, 0xDD, 0xDD, 0xDD, 0xDD, 0xDD, 0xDD, 0xDD, 0xDD, 0xDD, 0xDD, 0xDD, 0xDD, 0xED, 
	0xCC, 0xCD, 0xDD, 0xDC, 0xBB, 0xBC, 0xCC, 0xCC, 0xCC, 0xCC, 0xCC, 0xCC, 0xCC, 0xCC, 0xCC, 
	0xCC, 0xCC, 0xCC, 0xBB, 0xBB, 0xBB, 0xBB, 0xBB, 0xBB, 0xBB, 0xBB, 0xBC, 0xBB, 0xCB, 0xBB, 
	0x00, 0x00, 0x00, 0x00, 0x00, 0x00, 0x00, 0x00, 0x00, 0x00, 0x00, 0x00, 0x00, 0x00, 0x00, 
	0x00, 0x00, 0x00, 0x00, 0x00, 0x00, 0x00, 0x00, 0x00, 0x00, 0x00, 0x00, 0x00, 0x00, 0x00, 
	0x00, 0x00, 0x00, 0x00, 0x00, 0x00, 0x00, 0x00, 0x00, 0x00, 0x00, 0x00, 0x00, 0x00, 0x00, 
	0x00, 0x00, 0x00, 0x00, 0x00, 0x00, 0x00, 0x00, 0x00, 0x00, 0x00, 0x00, 0x00, 0x00, 0x00, 
	0x00, 0x00, 0x00, 0x00, 0x00, 0x00, 0x00, 0x00, 0x00, 0x00, 0x00, 0x00, 0x00, 0x00, 0x00, 
	0x00, 0x00, 0x00, 0x00, 0x00, 0x00, 0x00, 0x00, 0x00, 0x00, 0x00, 0x00, 0x00, 0x00, 0x00, 
	0xAA, 0xAA, 0xAA, 0xAA, 0xAA, 0xAA, 0xAB, 0xCC, 0xCB, 0xAA, 0xBB, 0xBB, 0xBB, 0xBB, 0xBC, 
	0xBA, 0xBB, 0xBB, 0xBB, 0xBB, 0xBB, 0xCC, 0xCB, 0xAA, 0xBB, 0xBB, 0xBB, 0xBB, 0xBB, 0xBB, 
	0xBB, 0xBB, 0xBB, 0xBB, 0xBB, 0xBB, 0xA8, 0x77, 0x67, 0x63, 0x68, 0x84, 0x45, 0x45, 0x67, 
	0x8A, 0xCD, 0xDC, 0xA5, 0x65, 0x44, 0x33, 0x22, 0x21, 0x22, 0x21, 0x11, 0x23, 0x22, 0x22, 
	0x22, 0x22, 0x22, 0x22, 0x21, 0x12, 0x21, 0x11, 0x11, 0x11, 0x11, 0x11, 0x11, 0x11, 0x11, 
	0x11, 0x11, 0x11, 0x12, 0x21, 0x12, 0x45, 0x67, 0x89, 0xAA, 0x86, 0x43, 0x34, 0x45, 0x76, 
	0x77, 0x76, 0x42, 0x22, 0x22, 0x33, 0x34, 0x54, 0x32, 0x22, 0x22, 0x23, 0x22, 0x22, 0x23, 
	0x22, 0x23, 0x34, 0x44, 0x33, 0x34, 0x34, 0x43, 0x33, 0x22, 0x22, 0x22, 0x22, 0x24, 0x57, 
	0x89, 0xA9, 0xBA, 0x87, 0x54, 0x45, 0x56, 0x69, 0xAA, 0xA9, 0x78, 0x77, 0x54, 0x46, 0x9B, 
	0xBB, 0xBB, 0xBB, 0xBB, 0xBB, 0xBB, 0xBB, 0xBB, 0xBB, 0xBB, 0xBB, 0xBC, 0xCC, 0xCC, 0xCB, 
	0xCC, 0xCC, 0xCC, 0xCC, 0xCC, 0xCC, 0xCC, 0xCC, 0xCC, 0xCC, 0xCC, 0xCC, 0xDD, 0xDD, 0xDD, 
	0xDD, 0xDD, 0xDD, 0xDD, 0xDD, 0xDD, 0xDD, 0xDD, 0xDD, 0xDD, 0xDD, 0xDD, 0xDD, 0xDD, 0xDD, 
	0xCB, 0xCD, 0xDD, 0xDC, 0xBB, 0xBC, 0xCC, 0xCC, 0xCC, 0xCC, 0xCC, 0xCC, 0xCC, 0xCC, 0xCC, 
	0xCC, 0xCC, 0xCC, 0xBB, 0xBB, 0xBB, 0xBB, 0xBB, 0xBB, 0xBB, 0xBB, 0xBC, 0xBB, 0xCB, 0xBB, 
	0x00, 0x00, 0x00, 0x00, 0x00, 0x00, 0x00, 0x00, 0x00, 0x00, 0x00, 0x00, 0x00, 0x00, 0x00, 
	0x00, 0x00, 0x00, 0x00, 0x00, 0x00, 0x00, 0x00, 0x00, 0x00, 0x00, 0x00, 0x00, 0x00, 0x00, 
	0x00, 0x00, 0x00, 0x00, 0x00, 0x00, 0x00, 0x00, 0x00, 0x00, 0x00, 0x00, 0x00, 0x00, 0x00, 
	0x00, 0x00, 0x00, 0x00, 0x00, 0x00, 0x00, 0x00, 0x00, 0x00, 0x00, 0x00, 0x00, 0x00, 0x00, 
	0x00, 0x00, 0x00, 0x00, 0x00, 0x00, 0x00, 0x00, 0x00, 0x00, 0x00, 0x00, 0x00, 0x00, 0x00, 
	0x00, 0x00, 0x00, 0x00, 0x00, 0x00, 0x00, 0x00, 0x00, 0x00, 0x00, 0x00, 0x00, 0x00, 0x00, 
	0xAA, 0xAA, 0xAA, 0xAA, 0xAA, 0xAA, 0xAB, 0xBC, 0xCB, 0xAA, 0xBB, 0xBB, 0xBB, 0xBB, 0xBC, 
	0xCA, 0xBB, 0xBB, 0xBB, 0xBB, 0xBB, 0xCC, 0xCB, 0xBA, 0xBB, 0xBB, 0xBB, 0xBB, 0xBB, 0xBB, 
	0xBB, 0xBB, 0xBB, 0xBB, 0xBB, 0xAA, 0xA9, 0x88, 0x66, 0x76, 0x45, 0x65, 0x44, 0x45, 0x56, 
	0x79, 0xAC, 0xDB, 0xC7, 0x44, 0x43, 0x32, 0x22, 0x21, 0x22, 0x23, 0x22, 0x22, 0x32, 0x22, 
	0x22, 0x22, 0x22, 0x22, 0x21, 0x12, 0x21, 0x11, 0x11, 0x11, 0x12, 0x22, 0x11, 0x11, 0x11, 
	0x11, 0x12, 0x22, 0x11, 0x23, 0x45, 0x66, 0x66, 0x7A, 0xA7, 0x54, 0x33, 0x34, 0x45, 0x66, 
	0x77, 0x77, 0x86, 0x22, 0x22, 0x22, 0x33, 0x43, 0x32, 0x22, 0x22, 0x23, 0x22, 0x22, 0x22, 
	0x22, 0x23, 0x23, 0x33, 0x33, 0x33, 0x34, 0x44, 0x44, 0x32, 0x22, 0x22, 0x22, 0x22, 0x23, 
	0x57, 0x77, 0x76, 0x54, 0x44, 0x44, 0x67, 0x8B, 0xCD, 0xC9, 0x87, 0x88, 0x75, 0x45, 0x8B, 
	0xBB, 0xBB, 0xBB, 0xBB, 0xBB, 0xBB, 0xBB, 0xBB, 0xCC, 0xCB, 0xBB, 0xBB, 0xCC, 0xCC, 0xCB, 
	0xCC, 0xCC, 0xCC, 0xCC, 0xCC, 0xCC, 0xCC, 0xCC, 0xCC, 0xCC, 0xCC, 0xCC, 0xDD, 0xDD, 0xDD, 
	0xDD, 0xDD, 0xDD, 0xDD, 0xDD, 0xDD, 0xDD, 0xDD, 0xDD, 0xDD, 0xDD, 0xDD, 0xDD, 0xDD, 0xDD, 
	0xCB, 0xCD, 0xDD, 0xDC, 0xBB, 0xBC, 0xCC, 0xCC, 0xCC, 0xCC, 0xCC, 0xCC, 0xCC, 0xCC, 0xCC, 
	0xCC, 0xCC, 0xCC, 0xBB, 0xBB, 0xBB, 0xBB, 0xBB, 0xBB, 0xBB, 0xBB, 0xCC, 0xCC, 0xCB, 0xBB, 
	0x00, 0x00, 0x00, 0x00, 0x00, 0x00, 0x00, 0x00, 0x00, 0x00, 0x00, 0x00, 0x00, 0x00, 0x00, 
	0x00, 0x00, 0x00, 0x00, 0x00, 0x00, 0x00, 0x00, 0x00, 0x00, 0x00, 0x00, 0x00, 0x00, 0x00, 
	0x00, 0x00, 0x00, 0x00, 0x00, 0x00, 0x00, 0x00, 0x00, 0x00, 0x00, 0x00, 0x00, 0x00, 0x00, 
	0x00, 0x00, 0x00, 0x00, 0x00, 0x00, 0x00, 0x00, 0x00, 0x00, 0x00, 0x00, 0x00, 0x00, 0x00, 
	0x00, 0x00, 0x00, 0x00, 0x00, 0x00, 0x00, 0x00, 0x00, 0x00, 0x00, 0x00, 0x00, 0x00, 0x00, 
	0x00, 0x00, 0x00, 0x00, 0x00, 0x00, 0x00, 0x00, 0x00, 0x00, 0x00, 0x00, 0x00, 0x00, 0x00, 
	0xAA, 0xAA, 0xAA, 0xAA, 0xAA, 0xAA, 0xAB, 0xBC, 0xCB, 0xAA, 0xAB, 0xBB, 0xBB, 0xBB, 0xBC, 
	0xCB, 0xBB, 0xBB, 0xBB, 0xBB, 0xBB, 0xCC, 0xCC, 0xBA, 0xAB, 0xBB, 0xBB, 0xBB, 0xBB, 0xBB, 
	0xBB, 0xBB, 0xBB, 0xBB, 0xBA, 0xAA, 0x99, 0x86, 0x75, 0x57, 0x75, 0x44, 0x44, 0x44, 0x56, 
	0x78, 0x9B, 0xCA, 0x85, 0x44, 0x43, 0x32, 0x22, 0x11, 0x22, 0x23, 0x43, 0x33, 0x33, 0x22, 
	0x22, 0x22, 0x22, 0x22, 0x22, 0x22, 0x22, 0x11, 0x11, 0x11, 0x22, 0x22, 0x21, 0x11, 0x12, 
	0x11, 0x22, 0x32, 0x11, 0x35, 0x66, 0x55, 0x76, 0x68, 0x74, 0x33, 0x33, 0x33, 0x44, 0x56, 
	0x77, 0x77, 0x9B, 0x62, 0x22, 0x22, 0x22, 0x22, 0x22, 0x22, 0x22, 0x23, 0x23, 0x22, 0x22, 
	0x22, 0x22, 0x22, 0x23, 0x33, 0x34, 0x34, 0x44, 0x34, 0x22, 0x21, 0x22, 0x22, 0x22, 0x23, 
	0x23, 0x34, 0x44, 0x33, 0x54, 0x44, 0x56, 0x9C, 0xFD, 0xA9, 0x98, 0x88, 0x88, 0x65, 0x9B, 
	0xBB, 0xBB, 0xBB, 0xBB, 0xBB, 0xBB, 0xBB, 0xCC, 0xCC, 0xCC, 0xBB, 0xBB, 0xCB, 0xCC, 0xCC, 
	0xCC, 0xCC, 0xCC, 0xCC, 0xCC, 0xCC, 0xCC, 0xCC, 0xCC, 0xCC, 0xCC, 0xCD, 0xDD, 0xDD, 0xDD, 
	0xDD, 0xDD, 0xDD, 0xDD, 0xDD, 0xDD, 0xDD, 0xDD, 0xDD, 0xDD, 0xDD, 0xDD, 0xDD, 0xDD, 0xDD, 
	0xCC, 0xCD, 0xDD, 0xDB, 0xBB, 0xCC, 0xCC, 0xCC, 0xCC, 0xCC, 0xCC, 0xCC, 0xCC, 0xCC, 0xCC, 
	0xCC, 0xBB, 0xBC, 0xBB, 0xBB, 0xBB, 0xBB, 0xBB, 0xBB, 0xBB, 0xBB, 0xBC, 0xCC, 0xCB, 0xBB, 
	0x00, 0x00, 0x00, 0x00, 0x00, 0x00, 0x00, 0x00, 0x00, 0x00, 0x00, 0x00, 0x00, 0x00, 0x00, 
	0x00, 0x00, 0x00, 0x00, 0x00, 0x00, 0x00, 0x00, 0x00, 0x00, 0x00, 0x00, 0x00, 0x00, 0x00, 
	0x00, 0x00, 0x00, 0x00, 0x00, 0x00, 0x00, 0x00, 0x00, 0x00, 0x00, 0x00, 0x00, 0x00, 0x00, 
	0x00, 0x00, 0x00, 0x00, 0x00, 0x00, 0x00, 0x00, 0x00, 0x00, 0x00, 0x00, 0x00, 0x00, 0x00, 
	0x00, 0x00, 0x00, 0x00, 0x00, 0x00, 0x00, 0x00, 0x00, 0x00, 0x00, 0x00, 0x00, 0x00, 0x00, 
	0x00, 0x00, 0x00, 0x00, 0x00, 0x00, 0x00, 0x00, 0x00, 0x00, 0x00, 0x00, 0x00, 0x00, 0x00, 
	0xAA, 0xAA, 0xAA, 0xAA, 0xAA, 0xAA, 0xAB, 0xBC, 0xCB, 0xBA, 0xAB, 0xBB, 0xBB, 0xBB, 0xBB, 
	0xCB, 0xBB, 0xBB, 0xBB, 0xBB, 0xBB, 0xBC, 0xCC, 0xBA, 0xAB, 0xBB, 0xBB, 0xBB, 0xBB, 0xBB, 
	0xBB, 0xBB, 0xBB, 0xBB, 0xBB, 0xBA, 0x98, 0x86, 0x46, 0x44, 0x54, 0x43, 0x44, 0x44, 0x55, 
	0x67, 0x89, 0x9B, 0x84, 0x44, 0x33, 0x32, 0x22, 0x21, 0x22, 0x22, 0x33, 0x33, 0x33, 0x22, 
	0x22, 0x22, 0x22, 0x22, 0x22, 0x22, 0x22, 0x11, 0x11, 0x11, 0x22, 0x22, 0x21, 0x12, 0x21, 
	0x21, 0x23, 0x32, 0x34, 0x56, 0x66, 0x67, 0x86, 0x45, 0x43, 0x22, 0x33, 0x33, 0x34, 0x56, 
	0x66, 0x56, 0x6C, 0xC6, 0x22, 0x22, 0x22, 0x22, 0x22, 0x22, 0x22, 0x23, 0x33, 0x22, 0x22, 
	0x22, 0x22, 0x22, 0x23, 0x33, 0x33, 0x34, 0x42, 0x34, 0x22, 0x22, 0x22, 0x22, 0x22, 0x23, 
	0x22, 0x22, 0x44, 0x33, 0x44, 0x54, 0x78, 0x9D, 0xFE, 0xCC, 0xC9, 0x88, 0x88, 0x87, 0x9B, 
	0xBB, 0xBB, 0xBB, 0xBB, 0xBB, 0xBB, 0xBC, 0xCC, 0xBB, 0xCC, 0xCC, 0xBB, 0xBB, 0xCC, 0xCB, 
	0xCC, 0xCC, 0xCC, 0xCC, 0xCC, 0xCC, 0xCC, 0xCC, 0xCC, 0xCC, 0xCC, 0xCD, 0xDD, 0xDD, 0xDD, 
	0xDD, 0xDD, 0xDD, 0xDD, 0xDD, 0xDD, 0xDD, 0xDD, 0xDD, 0xDD, 0xDD, 0xDD, 0xDD, 0xDD, 0xDC, 
	0xCC, 0xCD, 0xDD, 0xCB, 0xBB, 0xCC, 0xCC, 0xCC, 0xCC, 0xCC, 0xCC, 0xCC, 0xBB, 0xCC, 0xCC, 
	0xCB, 0xBB, 0xBB, 0xBB, 0xBB, 0xBB, 0xBB, 0xBB, 0xBB, 0xBB, 0xBB, 0xBC, 0xCB, 0xBB, 0xBB, 
	0x00, 0x00, 0x00, 0x00, 0x00, 0x00, 0x00, 0x00, 0x00, 0x00, 0x00, 0x00, 0x00, 0x00, 0x00, 
	0x00, 0x00, 0x00, 0x00, 0x00, 0x00, 0x00, 0x00, 0x00, 0x00, 0x00, 0x00, 0x00, 0x00, 0x00, 
	0x00, 0x00, 0x00, 0x00, 0x00, 0x00, 0x00, 0x00, 0x00, 0x00, 0x00, 0x00, 0x00, 0x00, 0x00, 
	0x00, 0x00, 0x00, 0x00, 0x00, 0x00, 0x00, 0x00, 0x00, 0x00, 0x00, 0x00, 0x00, 0x00, 0x00, 
	0x00, 0x00, 0x00, 0x00, 0x00, 0x00, 0x00, 0x00, 0x00, 0x00, 0x00, 0x00, 0x00, 0x00, 0x00, 
	0x00, 0x00, 0x00, 0x00, 0x00, 0x00, 0x00, 0x00, 0x00, 0x00, 0x00, 0x00, 0x00, 0x00, 0x00, 
	0xAA, 0xAA, 0xAA, 0xAA, 0xAA, 0xAA, 0xAB, 0xBB, 0xCB, 0xBA, 0xAB, 0xBB, 0xBB, 0xBB, 0xBB, 
	0xCB, 0xBB, 0xBB, 0xBB, 0xBB, 0xBB, 0xBC, 0xCC, 0xBA, 0xAB, 0xBB, 0xBB, 0xBB, 0xBB, 0xBB, 
	0xBB, 0xBB, 0xBB, 0xBB, 0xBB, 0xBB, 0x98, 0x65, 0x44, 0x53, 0x34, 0x33, 0x34, 0x34, 0x45, 
	0x66, 0x78, 0x8A, 0xB4, 0x33, 0x33, 0x32, 0x22, 0x22, 0x22, 0x22, 0x33, 0x33, 0x32, 0x22, 
	0x22, 0x22, 0x22, 0x22, 0x22, 0x22, 0x22, 0x21, 0x11, 0x11, 0x22, 0x22, 0x22, 0x23, 0x22, 
	0x22, 0x33, 0x33, 0x56, 0x66, 0x78, 0x88, 0x75, 0x65, 0x32, 0x22, 0x33, 0x33, 0x44, 0x45, 
	0x67, 0x43, 0x38, 0xED, 0x83, 0x22, 0x22, 0x22, 0x22, 0x22, 0x32, 0x23, 0x32, 0x21, 0x22, 
	0x22, 0x23, 0x32, 0x23, 0x12, 0x31, 0x44, 0x32, 0x25, 0x32, 0x22, 0x22, 0x32, 0x22, 0x23, 
	0x32, 0x22, 0x33, 0x33, 0x44, 0x47, 0xC8, 0xBF, 0xFF, 0xEE, 0xB9, 0x98, 0x88, 0x88, 0xAB, 
	0xBB, 0xBB, 0xBB, 0xBB, 0xBB, 0xBC, 0xCC, 0xBB, 0xBB, 0xBB, 0xCC, 0xCB, 0xBB, 0xBC, 0xCB, 
	0xBC, 0xCC, 0xCC, 0xCC, 0xCC, 0xCC, 0xCC, 0xCC, 0xCC, 0xCC, 0xCC, 0xCC, 0xDD, 0xDD, 0xDD, 
	0xDD, 0xCD, 0xDC, 0xDD, 0xDD, 0xDD, 0xDD, 0xDD, 0xDD, 0xDD, 0xDD, 0xDD, 0xDD, 0xDD, 0xDC, 
	0xCC, 0xCD, 0xDD, 0xCB, 0xBB, 0xCC, 0xCC, 0xCC, 0xCC, 0xCC, 0xCC, 0xCC, 0xBB, 0xCC, 0xCB, 
	0xBB, 0xBB, 0xBB, 0xBB, 0xBB, 0xBB, 0xBB, 0xBB, 0xBB, 0xBB, 0xBB, 0xBC, 0xCB, 0xBB, 0xBB, 
	0x00, 0x00, 0x00, 0x00, 0x00, 0x00, 0x00, 0x00, 0x00, 0x00, 0x00, 0x00, 0x00, 0x00, 0x00, 
	0x00, 0x00, 0x00, 0x00, 0x00, 0x00, 0x00, 0x00, 0x00, 0x00, 0x00, 0x00, 0x00, 0x00, 0x00, 
	0x00, 0x00, 0x00, 0x00, 0x00, 0x00, 0x00, 0x00, 0x00, 0x00, 0x00, 0x00, 0x00, 0x00, 0x00, 
	0x00, 0x00, 0x00, 0x00, 0x00, 0x00, 0x00, 0x00, 0x00, 0x00, 0x00, 0x00, 0x00, 0x00, 0x00, 
	0x00, 0x00, 0x00, 0x00, 0x00, 0x00, 0x00, 0x00, 0x00, 0x00, 0x00, 0x00, 0x00, 0x00, 0x00, 
	0x00, 0x00, 0x00, 0x00, 0x00, 0x00, 0x00, 0x00, 0x00, 0x00, 0x00, 0x00, 0x00, 0x00, 0x00, 
	0xAA, 0xAA, 0xAA, 0xAA, 0xAA, 0xAA, 0xAA, 0xBB, 0xCC, 0xBA, 0xAA, 0xBB, 0xBB, 0xBB, 0xBB, 
	0xCB, 0xAB, 0xBB, 0xBB, 0xBB, 0xBB, 0xBC, 0xCC, 0xBB, 0xAB, 0xBB, 0xBB, 0xBB, 0xBB, 0xBB, 
	0xBB, 0xBB, 0xBB, 0xBB, 0xBB, 0xBB, 0x98, 0x75, 0x53, 0x33, 0x43, 0x33, 0x44, 0x33, 0x45, 
	0x56, 0x77, 0x88, 0x74, 0x33, 0x23, 0x22, 0x22, 0x22, 0x22, 0x22, 0x33, 0x32, 0x23, 0x32, 
	0x22, 0x22, 0x22, 0x21, 0x22, 0x12, 0x22, 0x22, 0x11, 0x11, 0x22, 0x32, 0x23, 0x33, 0x22, 
	0x22, 0x33, 0x45, 0x67, 0x77, 0x88, 0x75, 0x57, 0x63, 0x22, 0x22, 0x33, 0x34, 0x44, 0x55, 
	0x56, 0x63, 0x15, 0xAD, 0xE8, 0x32, 0x22, 0x22, 0x22, 0x22, 0x22, 0x24, 0x22, 0x22, 0x22, 
	0x22, 0x23, 0x33, 0x22, 0x23, 0x22, 0x63, 0x22, 0x25, 0x42, 0x21, 0x22, 0x22, 0x34, 0x33, 
	0x33, 0x43, 0x33, 0x33, 0x44, 0x48, 0x98, 0xCF, 0xFE, 0xEF, 0xA9, 0x88, 0x88, 0x89, 0xBB, 
	0xBB, 0xBB, 0xBB, 0xBB, 0xCC, 0xCC, 0xBB, 0xBB, 0xBB, 0xCC, 0xCC, 0xCC, 0xBB, 0xBB, 0xBC, 
	0xCB, 0xBC, 0xCC, 0xCC, 0xCB, 0xBC, 0xCC, 0xCC, 0xCC, 0xCC, 0xCC, 0xCC, 0xCC, 0xDD, 0xDD, 
	0xDD, 0xDD, 0xCC, 0xDD, 0xDD, 0xDD, 0xDD, 0xDD, 0xDD, 0xDD, 0xDD, 0xDD, 0xDD, 0xDD, 0xDC, 
	0xCC, 0xCD, 0xDD, 0xCB, 0xBC, 0xCC, 0xCC, 0xCC, 0xCC, 0xCC, 0xCC, 0xCC, 0xBB, 0xBB, 0xBB, 
	0xBB, 0xBB, 0xBB, 0xBB, 0xBB, 0xBB, 0xBB, 0xBB, 0xBB, 0xBB, 0xBB, 0xCC, 0xBB, 0xBB, 0xBB, 
	0x00, 0x00, 0x00, 0x00, 0x00, 0x00, 0x00, 0x00, 0x00, 0x00, 0x00, 0x00, 0x00, 0x00, 0x00, 
	0x00, 0x00, 0x00, 0x00, 0x00, 0x00, 0x00, 0x00, 0x00, 0x00, 0x00, 0x00, 0x00, 0x00, 0x00, 
	0x00, 0x00, 0x00, 0x00, 0x00, 0x00, 0x00, 0x00, 0x00, 0x00, 0x00, 0x00, 0x00, 0x00, 0x00, 
	0x00, 0x00, 0x00, 0x00, 0x00, 0x00, 0x00, 0x00, 0x00, 0x00, 0x00, 0x00, 0x00, 0x00, 0x00, 
	0x00, 0x00, 0x00, 0x00, 0x00, 0x00, 0x00, 0x00, 0x00, 0x00, 0x00, 0x00, 0x00, 0x00, 0x00, 
	0x00, 0x00, 0x00, 0x00, 0x00, 0x00, 0x00, 0x00, 0x00, 0x00, 0x00, 0x00, 0x00, 0x00, 0x00, 
	0xAA, 0xAA, 0xAA, 0xAA, 0xAA, 0xAA, 0xAA, 0xBB, 0xBC, 0xBA, 0xAA, 0xBB, 0xBB, 0xBB, 0xBB, 
	0xCB, 0xBB, 0xBB, 0xBB, 0xBB, 0xBB, 0xBB, 0xCC, 0xCB, 0xAB, 0xBB, 0xBB, 0xBB, 0xBB, 0xBB, 
	0xBB, 0xBB, 0xBB, 0xBB, 0xBB, 0xBA, 0xA8, 0x64, 0x45, 0x43, 0x34, 0x33, 0x44, 0x44, 0x44, 
	0x56, 0x77, 0x8B, 0x53, 0x33, 0x22, 0x22, 0x21, 0x11, 0x22, 0x22, 0x22, 0x22, 0x23, 0x22, 
	0x22, 0x22, 0x22, 0x11, 0x22, 0x12, 0x22, 0x22, 0x22, 0x11, 0x22, 0x33, 0x22, 0x22, 0x22, 
	0x22, 0x34, 0x45, 0x55, 0x55, 0x55, 0x55, 0x77, 0x32, 0x23, 0x22, 0x33, 0x34, 0x44, 0x55, 
	0x55, 0x65, 0x24, 0x9B, 0xDE, 0x92, 0x12, 0x22, 0x22, 0x22, 0x32, 0x23, 0x22, 0x22, 0x22, 
	0x22, 0x22, 0x33, 0x22, 0x23, 0x23, 0x42, 0x22, 0x24, 0x42, 0x22, 0x22, 0x23, 0x33, 0x44, 
	0x34, 0x43, 0x33, 0x43, 0x35, 0x45, 0x78, 0xCF, 0xEB, 0xEC, 0xA9, 0x99, 0x88, 0x88, 0xAB, 
	0xBB, 0xBB, 0xBB, 0xBC, 0xCC, 0xCB, 0xBB, 0xBB, 0xBB, 0xBB, 0xBB, 0xCC, 0xCC, 0xCB, 0xBB, 
	0xBB, 0xBC, 0xCC, 0xBB, 0xBB, 0xCC, 0xCC, 0xCC, 0xCC, 0xCC, 0xCC, 0xCC, 0xCC, 0xCD, 0xDC, 
	0xDD, 0xDD, 0xCC, 0xDD, 0xDD, 0xDD, 0xDD, 0xDD, 0xDD, 0xDD, 0xDD, 0xDD, 0xDD, 0xDD, 0xDC, 
	0xBC, 0xDD, 0xDD, 0xCB, 0xBC, 0xCC, 0xCC, 0xCC, 0xCC, 0xCC, 0xCC, 0xCC, 0xBB, 0xBB, 0xBB, 
	0xBB, 0xBB, 0xBB, 0xBB, 0xBB, 0xBB, 0xBB, 0xBB, 0xBB, 0xBB, 0xBB, 0xCC, 0xBB, 0xBB, 0xBB, 
	0x00, 0x00, 0x00, 0x00, 0x00, 0x00, 0x00, 0x00, 0x00, 0x00, 0x00, 0x00, 0x00, 0x00, 0x00, 
	0x00, 0x00, 0x00, 0x00, 0x00, 0x00, 0x00, 0x00, 0x00, 0x00, 0x00, 0x00, 0x00, 0x00, 0x00, 
	0x00, 0x00, 0x00, 0x00, 0x00, 0x00, 0x00, 0x00, 0x00, 0x00, 0x00, 0x00, 0x00, 0x00, 0x00, 
	0x00, 0x00, 0x00, 0x00, 0x00, 0x00, 0x00, 0x00, 0x00, 0x00, 0x00, 0x00, 0x00, 0x00, 0x00, 
	0x00, 0x00, 0x00, 0x00, 0x00, 0x00, 0x00, 0x00, 0x00, 0x00, 0x00, 0x00, 0x00, 0x00, 0x00, 
	0x00, 0x00, 0x00, 0x00, 0x00, 0x00, 0x00, 0x00, 0x00, 0x00, 0x00, 0x00, 0x00, 0x00, 0x00, 
	0xAA, 0xAA, 0xAA, 0xAA, 0xAA, 0xAA, 0xAA, 0xAB, 0xBB, 0xBB, 0xAA, 0xBB, 0xBB, 0xBB, 0xBB, 
	0xBC, 0xBA, 0xBB, 0xBB, 0xBB, 0xBB, 0xBB, 0xCC, 0xCB, 0xAA, 0xBB, 0xBB, 0xBB, 0xBB, 0xBB, 
	0xBB, 0xBB, 0xBB, 0xBB, 0xBB, 0xBA, 0xA9, 0x74, 0x44, 0x44, 0x33, 0x33, 0x34, 0x43, 0x44, 
	0x56, 0x58, 0xB8, 0x54, 0x32, 0x22, 0x22, 0x22, 0x22, 0x22, 0x22, 0x22, 0x22, 0x23, 0x22, 
	0x22, 0x22, 0x22, 0x21, 0x22, 0x12, 0x22, 0x22, 0x22, 0x22, 0x23, 0x33, 0x32, 0x22, 0x22, 
	0x22, 0x34, 0x44, 0x66, 0x56, 0x65, 0x67, 0x73, 0x22, 0x22, 0x23, 0x33, 0x34, 0x44, 0x45, 
	0x55, 0x66, 0x43, 0x9A, 0xAD, 0xD5, 0x22, 0x22, 0x12, 0x12, 0x33, 0x23, 0x22, 0x22, 0x22, 
	0x22, 0x22, 0x22, 0x22, 0x33, 0x23, 0x32, 0x23, 0x23, 0x32, 0x22, 0x22, 0x34, 0x33, 0x34, 
	0x34, 0x54, 0x33, 0x33, 0x44, 0x49, 0xC9, 0xCD, 0xCB, 0xBE, 0xB8, 0xBB, 0x88, 0x88, 0xAB, 
	0xBB, 0xBB, 0xBC, 0xCC, 0xBB, 0xBB, 0xBB, 0xBB, 0xBB, 0xBB, 0xBB, 0xCC, 0xCC, 0xCB, 0xBB, 
	0xBB, 0xCC, 0xBB, 0xBC, 0xCC, 0xCC, 0xCC, 0xCC, 0xCC, 0xCC, 0xCC, 0xCC, 0xCC, 0xCD, 0xDC, 
	0xCD, 0xDD, 0xCC, 0xDD, 0xDD, 0xDD, 0xDD, 0xDD, 0xDD, 0xDD, 0xDD, 0xDD, 0xDD, 0xDD, 0xDC, 
	0xBC, 0xDD, 0xDD, 0xBB, 0xBC, 0xCC, 0xCC, 0xCC, 0xCC, 0xCC, 0xCC, 0xCB, 0xBB, 0xBB, 0xBB, 
	0xBB, 0xBB, 0xBB, 0xBB, 0xBB, 0xBB, 0xBB, 0xBB, 0xBB, 0xBB, 0xBB, 0xCC, 0xBB, 0xBB, 0xBB, 
	0x00, 0x00, 0x00, 0x00, 0x00, 0x00, 0x00, 0x00, 0x00, 0x00, 0x00, 0x00, 0x00, 0x00, 0x00, 
	0x00, 0x00, 0x00, 0x00, 0x00, 0x00, 0x00, 0x00, 0x00, 0x00, 0x00, 0x00, 0x00, 0x00, 0x00, 
	0x00, 0x00, 0x00, 0x00, 0x00, 0x00, 0x00, 0x00, 0x00, 0x00, 0x00, 0x00, 0x00, 0x00, 0x00, 
	0x00, 0x00, 0x00, 0x00, 0x00, 0x00, 0x00, 0x00, 0x00, 0x00, 0x00, 0x00, 0x00, 0x00, 0x00, 
	0x00, 0x00, 0x00, 0x00, 0x00, 0x00, 0x00, 0x00, 0x00, 0x00, 0x00, 0x00, 0x00, 0x00, 0x00, 
	0x00, 0x00, 0x00, 0x00, 0x00, 0x00, 0x00, 0x00, 0x00, 0x00, 0x00, 0x00, 0x00, 0x00, 0x00, 
	0xAA, 0xAA, 0xAA, 0xAA, 0xAA, 0xAA, 0xAA, 0xAB, 0xBB, 0xCB, 0xAA, 0xBA, 0xAB, 0xBB, 0xBB, 
	0xBC, 0xBA, 0xBB, 0xBB, 0xBB, 0xBB, 0xBB, 0xCC, 0xCB, 0xAA, 0xBB, 0xBB, 0xBB, 0xBB, 0xBB, 
	0xBB, 0xBB, 0xCB, 0xBB, 0xAB, 0xBB, 0xAA, 0x85, 0x54, 0x34, 0x43, 0x33, 0x34, 0x54, 0x44, 
	0x46, 0x88, 0xD6, 0x33, 0x32, 0x22, 0x22, 0x22, 0x22, 0x22, 0x22, 0x22, 0x22, 0x22, 0x22, 
	0x22, 0x22, 0x22, 0x22, 0x22, 0x12, 0x22, 0x22, 0x22, 0x22, 0x23, 0x22, 0x22, 0x22, 0x22, 
	0x13, 0x44, 0x57, 0x77, 0x77, 0x77, 0x87, 0x42, 0x23, 0x33, 0x33, 0x33, 0x34, 0x44, 0x45, 
	0x55, 0x56, 0x53, 0x8A, 0xAA, 0xC9, 0x42, 0x22, 0x12, 0x22, 0x33, 0x22, 0x22, 0x22, 0x22, 
	0x22, 0x22, 0x22, 0x22, 0x33, 0x23, 0x22, 0x32, 0x23, 0x32, 0x23, 0x23, 0x34, 0x44, 0x33, 
	0x46, 0x55, 0x33, 0x33, 0x44, 0x49, 0x98, 0xAB, 0xA8, 0xCC, 0x88, 0x88, 0x78, 0x88, 0xAB, 
	0xBB, 0xBC, 0xCC, 0xBB, 0xBB, 0xBB, 0xBB, 0xBB, 0xBB, 0xBB, 0xBB, 0xBB, 0xCC, 0xCC, 0xBB, 
	0xBB, 0xBB, 0xBC, 0xCC, 0xCC, 0xCC, 0xCC, 0xCC, 0xCC, 0xCC, 0xCC, 0xCC, 0xCC, 0xCC, 0xDC, 
	0xDD, 0xDC, 0xCC, 0xDD, 0xDD, 0xDD, 0xDD, 0xDD, 0xDD, 0xDD, 0xDD, 0xDD, 0xDD, 0xDD, 0xDC, 
	0xBC, 0xDD, 0xDC, 0xBB, 0xBC, 0xCC, 0xCC, 0xCC, 0xCC, 0xCC, 0xCC, 0xBB, 0xBB, 0xBB, 0xBB, 
	0xBB, 0xBB, 0xBB, 0xBB, 0xBB, 0xBB, 0xBB, 0xBB, 0xBB, 0xBB, 0xBB, 0xCC, 0xBB, 0xBB, 0xBB, 
	0x00, 0x00, 0x00, 0x00, 0x00, 0x00, 0x00, 0x00, 0x00, 0x00, 0x00, 0x00, 0x00, 0x00, 0x00, 
	0x00, 0x00, 0x00, 0x00, 0x00, 0x00, 0x00, 0x00, 0x00, 0x00, 0x00, 0x00, 0x00, 0x00, 0x00, 
	0x00, 0x00, 0x00, 0x00, 0x00, 0x00, 0x00, 0x00, 0x00, 0x00, 0x00, 0x00, 0x00, 0x00, 0x00, 
	0x00, 0x00, 0x00, 0x00, 0x00, 0x00, 0x00, 0x00, 0x00, 0x00, 0x00, 0x00, 0x00, 0x00, 0x00, 
	0x00, 0x00, 0x00, 0x00, 0x00, 0x00, 0x00, 0x00, 0x00, 0x00, 0x00, 0x00, 0x00, 0x00, 0x00, 
	0x00, 0x00, 0x00, 0x00, 0x00, 0x00, 0x00, 0x00, 0x00, 0x00, 0x00, 0x00, 0x00, 0x00, 0x00, 
	0xAA, 0xAA, 0xAA, 0xAA, 0xAA, 0xAA, 0xAA, 0xAB, 0xBB, 0xCB, 0xAA, 0xAA, 0xBB, 0xBB, 0xBB, 
	0xBC, 0xBA, 0xBB, 0xBB, 0xBB, 0xBB, 0xBB, 0xCC, 0xCB, 0xAA, 0xBB, 0xBB, 0xBB, 0xBB, 0xBB, 
	0xBB, 0xBB, 0xAB, 0xBB, 0xAA, 0xB9, 0x9A, 0x97, 0x55, 0x43, 0x44, 0x33, 0x43, 0x44, 0x44, 
	0x55, 0xDA, 0x75, 0x34, 0x32, 0x22, 0x22, 0x22, 0x22, 0x22, 0x22, 0x22, 0x22, 0x22, 0x22, 
	0x23, 0x32, 0x22, 0x22, 0x12, 0x22, 0x22, 0x22, 0x33, 0x22, 0x22, 0x22, 0x22, 0x22, 0x22, 
	0x33, 0x56, 0x77, 0x77, 0x77, 0x88, 0x86, 0x32, 0x23, 0x33, 0x43, 0x34, 0x44, 0x45, 0x55, 
	0x55, 0x55, 0x64, 0x6B, 0xAA, 0xAB, 0x72, 0x22, 0x22, 0x22, 0x22, 0x23, 0x22, 0x22, 0x22, 
	0x21, 0x22, 0x22, 0x22, 0x32, 0x22, 0x23, 0x32, 0x23, 0x32, 0x23, 0x33, 0x33, 0x44, 0x32, 
	0x45, 0x45, 0x33, 0x33, 0x33, 0x47, 0x77, 0x79, 0x98, 0xA8, 0x78, 0x88, 0x88, 0x88, 0xAB, 
	0xBB, 0xBB, 0xBB, 0xBB, 0xBB, 0xBB, 0xBB, 0xBB, 0xBB, 0xBB, 0xBB, 0xBB, 0xBB, 0xCC, 0xCC, 
	0xBB, 0xCC, 0xCC, 0xCC, 0xCC, 0xCC, 0xCC, 0xCC, 0xCC, 0xCC, 0xCC, 0xCC, 0xCC, 0xCD, 0xDD, 
	0xDD, 0xDC, 0xCD, 0xDD, 0xDD, 0xDD, 0xDD, 0xDD, 0xDD, 0xDD, 0xDD, 0xDD, 0xDD, 0xDD, 0xDC, 
	0xCC, 0xDD, 0xDC, 0xBB, 0xBC, 0xCC, 0xCC, 0xCC, 0xCC, 0xCC, 0xCC, 0xCC, 0xCB, 0xBB, 0xBB, 
	0xBB, 0xBB, 0xBB, 0xBB, 0xBB, 0xBB, 0xBB, 0xBB, 0xBB, 0xBB, 0xBB, 0xCC, 0xBB, 0xBB, 0xBB, 
	0x00, 0x00, 0x00, 0x00, 0x00, 0x00, 0x00, 0x00, 0x00, 0x00, 0x00, 0x00, 0x00, 0x00, 0x00, 
	0x00, 0x00, 0x00, 0x00, 0x00, 0x00, 0x00, 0x00, 0x00, 0x00, 0x00, 0x00, 0x00, 0x00, 0x00, 
	0x00, 0x00, 0x00, 0x00, 0x00, 0x00, 0x00, 0x00, 0x00, 0x00, 0x00, 0x00, 0x00, 0x00, 0x00, 
	0x00, 0x00, 0x00, 0x00, 0x00, 0x00, 0x00, 0x00, 0x00, 0x00, 0x00, 0x00, 0x00, 0x00, 0x00, 
	0x00, 0x00, 0x00, 0x00, 0x00, 0x00, 0x00, 0x00, 0x00, 0x00, 0x00, 0x00, 0x00, 0x00, 0x00, 
	0x00, 0x00, 0x00, 0x00, 0x00, 0x00, 0x00, 0x00, 0x00, 0x00, 0x00, 0x00, 0x00, 0x00, 0x00, 
	0xAA, 0xAA, 0xAA, 0xAA, 0xAA, 0xAA, 0xAA, 0xAA, 0xBB, 0xBB, 0xAA, 0xAA, 0xBB, 0xBB, 0xBB, 
	0xBC, 0xBA, 0xAB, 0xBB, 0xBB, 0xBB, 0xBB, 0xBC, 0xCC, 0xBA, 0xAB, 0xBB, 0xBB, 0xBB, 0xBB, 
	0xBB, 0xBB, 0xBB, 0xAB, 0xB9, 0xB9, 0x79, 0x87, 0x54, 0x53, 0x34, 0x44, 0x43, 0x34, 0x44, 
	0x98, 0x99, 0x33, 0x33, 0x22, 0x32, 0x22, 0x22, 0x22, 0x22, 0x22, 0x22, 0x22, 0x22, 0x22, 
	0x23, 0x32, 0x22, 0x32, 0x22, 0x22, 0x22, 0x32, 0x25, 0x52, 0x22, 0x22, 0x22, 0x22, 0x22, 
	0x24, 0x65, 0x78, 0x78, 0x88, 0x89, 0x73, 0x12, 0x33, 0x33, 0x34, 0x44, 0x44, 0x44, 0x55, 
	0x55, 0x55, 0x65, 0x6A, 0x9A, 0x9A, 0x84, 0x22, 0x22, 0x22, 0x22, 0x23, 0x22, 0x22, 0x22, 
	0x21, 0x22, 0x22, 0x22, 0x22, 0x22, 0x23, 0x32, 0x23, 0x32, 0x34, 0x44, 0x44, 0x54, 0x22, 
	0x22, 0x34, 0x33, 0x33, 0x33, 0x45, 0x98, 0x58, 0x87, 0x77, 0x87, 0x78, 0x98, 0x99, 0x9B, 
	0xBB, 0xBB, 0xBB, 0xBB, 0xBB, 0xBB, 0xBB, 0xBB, 0xBB, 0xBB, 0xBB, 0xBB, 0xBB, 0xBB, 0xBC, 
	0xCC, 0xCC, 0xCC, 0xCC, 0xCC, 0xCC, 0xCC, 0xCC, 0xCC, 0xCC, 0xCC, 0xCC, 0xCC, 0xCC, 0xDC, 
	0xDD, 0xCC, 0xCD, 0xDD, 0xDD, 0xDD, 0xDD, 0xDD, 0xDD, 0xDD, 0xDD, 0xDD, 0xDD, 0xDD, 0xCB, 
	0xCD, 0xDD, 0xDC, 0xBB, 0xBC, 0xCC, 0xCC, 0xCC, 0xCC, 0xCC, 0xCB, 0xBB, 0xBB, 0xBB, 0xBB, 
	0xBB, 0xBB, 0xBB, 0xBB, 0xBB, 0xBB, 0xBB, 0xBB, 0xBB, 0xBB, 0xBB, 0xCC, 0xBB, 0xBB, 0xBB, 
	0x00, 0x00, 0x00, 0x00, 0x00, 0x00, 0x00, 0x00, 0x00, 0x00, 0x00, 0x00, 0x00, 0x00, 0x00, 
	0x00, 0x00, 0x00, 0x00, 0x00, 0x00, 0x00, 0x00, 0x00, 0x00, 0x00, 0x00, 0x00, 0x00, 0x00, 
	0x00, 0x00, 0x00, 0x00, 0x00, 0x00, 0x00, 0x00, 0x00, 0x00, 0x00, 0x00, 0x00, 0x00, 0x00, 
	0x00, 0x00, 0x00, 0x00, 0x00, 0x00, 0x00, 0x00, 0x00, 0x00, 0x00, 0x00, 0x00, 0x00, 0x00, 
	0x00, 0x00, 0x00, 0x00, 0x00, 0x00, 0x00, 0x00, 0x00, 0x00, 0x00, 0x00, 0x00, 0x00, 0x00, 
	0x00, 0x00, 0x00, 0x00, 0x00, 0x00, 0x00, 0x00, 0x00, 0x00, 0x00, 0x00, 0x00, 0x00, 0x00, 
	0xA9, 0xAA, 0xAA, 0xAA, 0xAA, 0xAA, 0xAA, 0xAA, 0xBB, 0xBB, 0xBA, 0xAA, 0xBB, 0xBB, 0xBB, 
	0xBB, 0xCB, 0xAB, 0xBB, 0xBB, 0xBB, 0xBB, 0xBC, 0xCC, 0xBA, 0xAB, 0xBB, 0xBB, 0xBB, 0xBB, 
	0xBB, 0xBA, 0xBB, 0xA9, 0xA9, 0xAA, 0x77, 0x75, 0x44, 0x43, 0x34, 0x44, 0x33, 0x56, 0x99, 
	0x9A, 0x44, 0x33, 0x33, 0x32, 0x22, 0x21, 0x12, 0x22, 0x22, 0x22, 0x22, 0x22, 0x22, 0x22, 
	0x23, 0x32, 0x22, 0x22, 0x22, 0x22, 0x22, 0x23, 0x36, 0x73, 0x22, 0x22, 0x22, 0x22, 0x23, 
	0x34, 0x55, 0x78, 0x87, 0x88, 0x76, 0x32, 0x23, 0x33, 0x44, 0x44, 0x44, 0x44, 0x44, 0x55, 
	0x55, 0x55, 0x56, 0x6A, 0xAA, 0xA9, 0x96, 0x22, 0x22, 0x22, 0x22, 0x23, 0x22, 0x22, 0x22, 
	0x21, 0x12, 0x11, 0x22, 0x22, 0x22, 0x23, 0x33, 0x23, 0x33, 0x34, 0x55, 0x66, 0x64, 0x22, 
	0x22, 0x34, 0x33, 0x32, 0x33, 0x44, 0x65, 0x67, 0x76, 0x67, 0x77, 0x89, 0x88, 0x88, 0x9A, 
	0xAA, 0xBB, 0xBB, 0xBB, 0xBB, 0xBB, 0xBB, 0xBB, 0xBB, 0xBB, 0xBB, 0xBB, 0xCB, 0xBB, 0xBC, 
	0xCC, 0xBB, 0xBB, 0xCC, 0xCB, 0xCC, 0xCC, 0xCC, 0xCC, 0xCC, 0xCC, 0xCC, 0xCC, 0xCC, 0xCC, 
	0xCD, 0xCC, 0xCD, 0xDD, 0xDD, 0xDD, 0xDD, 0xDD, 0xDD, 0xDD, 0xDD, 0xDD, 0xDD, 0xDD, 0xCB, 
	0xCD, 0xDD, 0xDC, 0xBB, 0xBC, 0xCC, 0xCC, 0xCC, 0xCC, 0xCC, 0xCB, 0xBB, 0xBB, 0xBB, 0xBB, 
	0xBB, 0xBB, 0xBB, 0xBB, 0xBB, 0xBB, 0xBB, 0xBB, 0xBB, 0xBB, 0xBB, 0xCC, 0xBB, 0xBB, 0xBB, 
	0x00, 0x00, 0x00, 0x00, 0x00, 0x00, 0x00, 0x00, 0x00, 0x00, 0x00, 0x00, 0x00, 0x00, 0x00, 
	0x00, 0x00, 0x00, 0x00, 0x00, 0x00, 0x00, 0x00, 0x00, 0x00, 0x00, 0x00, 0x00, 0x00, 0x00, 
	0x00, 0x00, 0x00, 0x00, 0x00, 0x00, 0x00, 0x00, 0x00, 0x00, 0x00, 0x00, 0x00, 0x00, 0x00, 
	0x00, 0x00, 0x00, 0x00, 0x00, 0x00, 0x00, 0x00, 0x00, 0x00, 0x00, 0x00, 0x00, 0x00, 0x00, 
	0x00, 0x00, 0x00, 0x00, 0x00, 0x00, 0x00, 0x00, 0x00, 0x00, 0x00, 0x00, 0x00, 0x00, 0x00, 
	0x00, 0x00, 0x00, 0x00, 0x00, 0x00, 0x00, 0x00, 0x00, 0x00, 0x00, 0x00, 0x00, 0x00, 0x00, 
	0x99, 0x9A, 0xAA, 0xAA, 0xAA, 0xAA, 0xAA, 0xAA, 0xBB, 0xBB, 0xBA, 0xAA, 0xBB, 0xBB, 0xBB, 
	0xBB, 0xCB, 0xAB, 0xBB, 0xBB, 0xBB, 0xBB, 0xBC, 0xCC, 0xBA, 0xAB, 0xBB, 0xBB, 0xBB, 0xBB, 
	0xBB, 0xBA, 0xAB, 0xB6, 0x79, 0x89, 0x76, 0x65, 0x43, 0x44, 0x44, 0x43, 0x34, 0x7A, 0xAA, 
	0x54, 0x33, 0x33, 0x33, 0x22, 0x22, 0x11, 0x22, 0x21, 0x22, 0x22, 0x22, 0x22, 0x22, 0x22, 
	0x23, 0x32, 0x22, 0x23, 0x22, 0x22, 0x22, 0x22, 0x33, 0x53, 0x22, 0x22, 0x22, 0x22, 0x23, 
	0x45, 0x67, 0x77, 0x88, 0x76, 0x43, 0x34, 0x23, 0x33, 0x44, 0x44, 0x44, 0x44, 0x44, 0x56, 
	0x65, 0x65, 0x56, 0x7A, 0xBA, 0xAA, 0x97, 0x32, 0x22, 0x22, 0x22, 0x23, 0x22, 0x12, 0x22, 
	0x11, 0x12, 0x22, 0x22, 0x22, 0x22, 0x22, 0x23, 0x22, 0x33, 0x44, 0x55, 0x55, 0x62, 0x12, 
	0x22, 0x33, 0x32, 0x23, 0x23, 0x44, 0x44, 0x55, 0x66, 0x78, 0x88, 0x87, 0x77, 0x77, 0x9A, 
	0xAB, 0xBB, 0xBB, 0xBB, 0xBB, 0xBB, 0xBB, 0xBB, 0xBB, 0xBB, 0xBB, 0xBB, 0xBB, 0xBC, 0xCC, 
	0xCC, 0xCB, 0xBB, 0xCC, 0xCC, 0xCC, 0xCC, 0xCC, 0xCC, 0xCC, 0xCC, 0xCC, 0xCC, 0xCC, 0xCC, 
	0xCD, 0xCC, 0xCD, 0xDD, 0xDD, 0xDD, 0xDD, 0xDD, 0xDD, 0xDD, 0xDD, 0xDD, 0xDD, 0xDD, 0xCB, 
	0xCD, 0xDD, 0xDB, 0xBB, 0xBC, 0xCC, 0xCC, 0xCC, 0xCC, 0xCC, 0xCB, 0xBB, 0xBB, 0xBB, 0xBB, 
	0xBB, 0xBB, 0xBB, 0xBB, 0xBB, 0xBB, 0xBB, 0xBB, 0xBB, 0xBB, 0xBC, 0xCC, 0xBB, 0xBB, 0xBB, 
	0x00, 0x00, 0x00, 0x00, 0x00, 0x00, 0x00, 0x00, 0x00, 0x00, 0x00, 0x00, 0x00, 0x00, 0x00, 
	0x00, 0x00, 0x00, 0x00, 0x00, 0x00, 0x00, 0x00, 0x00, 0x00, 0x00, 0x00, 0x00, 0x00, 0x00, 
	0x00, 0x00, 0x00, 0x00, 0x00, 0x00, 0x00, 0x00, 0x00, 0x00, 0x00, 0x00, 0x00, 0x00, 0x00, 
	0x00, 0x00, 0x00, 0x00, 0x00, 0x00, 0x00, 0x00, 0x00, 0x00, 0x00, 0x00, 0x00, 0x00, 0x00, 
	0x00, 0x00, 0x00, 0x00, 0x00, 0x00, 0x00, 0x00, 0x00, 0x00, 0x00, 0x00, 0x00, 0x00, 0x00, 
	0x00, 0x00, 0x00, 0x00, 0x00, 0x00, 0x00, 0x00, 0x00, 0x00, 0x00, 0x00, 0x00, 0x00, 0x00, 
	0xA9, 0x9A, 0xAA, 0xAA, 0xAA, 0xAA, 0xAA, 0xAA, 0xBB, 0xBB, 0xBA, 0xAA, 0xBB, 0xAB, 0xBB, 
	0xBB, 0xCB, 0xAB, 0xBB, 0xBB, 0xBB, 0xBB, 0xBC, 0xCC, 0xBA, 0xAA, 0xBB, 0xBB, 0xBB, 0xBB, 
	0xBB, 0xBA, 0x89, 0xB8, 0x46, 0x87, 0x86, 0x55, 0x43, 0x55, 0x43, 0x34, 0x44, 0x47, 0x65, 
	0x43, 0x33, 0x33, 0x33, 0x33, 0x32, 0x22, 0x11, 0x11, 0x12, 0x22, 0x22, 0x22, 0x22, 0x22, 
	0x33, 0x22, 0x22, 0x22, 0x22, 0x33, 0x22, 0x23, 0x23, 0x33, 0x32, 0x22, 0x22, 0x22, 0x24, 
	0x66, 0x77, 0x77, 0x65, 0x43, 0x33, 0x44, 0x23, 0x34, 0x43, 0x44, 0x44, 0x45, 0x55, 0x56, 
	0x65, 0x66, 0x55, 0x7B, 0xCB, 0xAA, 0xA9, 0x42, 0x22, 0x22, 0x22, 0x23, 0x22, 0x22, 0x22, 
	0x11, 0x11, 0x11, 0x22, 0x22, 0x22, 0x23, 0x22, 0x34, 0x44, 0x45, 0x54, 0x35, 0x42, 0x22, 
	0x21, 0x23, 0x22, 0x23, 0x32, 0x34, 0x45, 0x54, 0x56, 0x78, 0x77, 0x77, 0x77, 0x77, 0x9B, 
	0xAB, 0xBB, 0xBB, 0xBB, 0xBB, 0xBB, 0xBB, 0xBB, 0xBB, 0xBB, 0xBB, 0xBB, 0xBC, 0xCC, 0xCC, 
	0xCC, 0xCC, 0xCC, 0xBB, 0xCC, 0xCC, 0xCC, 0xCC, 0xCC, 0xCC, 0xCC, 0xCC, 0xCC, 0xCC, 0xCC, 
	0xCC, 0xCC, 0xCC, 0xDD, 0xDD, 0xDD, 0xDD, 0xDD, 0xDD, 0xDD, 0xDD, 0xDD, 0xDD, 0xDC, 0xBB, 
	0xCD, 0xDD, 0xCB, 0xBB, 0xCC, 0xCC, 0xCC, 0xCC, 0xCC, 0xCB, 0xBB, 0xBB, 0xBB, 0xBB, 0xBB, 
	0xBB, 0xBB, 0xBB, 0xBB, 0xBB, 0xBB, 0xBB, 0xBB, 0xBB, 0xBB, 0xBB, 0xBB, 0xBB, 0xBB, 0xBB, 
	0x00, 0x00, 0x00, 0x00, 0x00, 0x00, 0x00, 0x00, 0x00, 0x00, 0x00, 0x00, 0x00, 0x00, 0x00, 
	0x00, 0x00, 0x00, 0x00, 0x00, 0x00, 0x00, 0x00, 0x00, 0x00, 0x00, 0x00, 0x00, 0x00, 0x00, 
	0x00, 0x00, 0x00, 0x00, 0x00, 0x00, 0x00, 0x00, 0x00, 0x00, 0x00, 0x00, 0x00, 0x00, 0x00, 
	0x00, 0x00, 0x00, 0x00, 0x00, 0x00, 0x00, 0x00, 0x00, 0x00, 0x00, 0x00, 0x00, 0x00, 0x00, 
	0x00, 0x00, 0x00, 0x00, 0x00, 0x00, 0x00, 0x00, 0x00, 0x00, 0x00, 0x00, 0x00, 0x00, 0x00, 
	0x00, 0x00, 0x00, 0x00, 0x00, 0x00, 0x00, 0x00, 0x00, 0x00, 0x00, 0x00, 0x00, 0x00, 0x00, 
	0xA9, 0x9A, 0xAA, 0xAA, 0xAA, 0xAA, 0xAA, 0xAA, 0xAB, 0xBB, 0xBA, 0xAA, 0xAB, 0xAB, 0xBB, 
	0xBB, 0xCB, 0xAA, 0xBB, 0xBB, 0xBB, 0xBB, 0xBB, 0xCC, 0xBA, 0xAA, 0xBB, 0xBB, 0xBB, 0xBB, 
	0xBB, 0xAB, 0x86, 0x79, 0x84, 0x77, 0x66, 0x45, 0x34, 0x45, 0x44, 0x33, 0x54, 0x33, 0x44, 
	0x43, 0x23, 0x33, 0x33, 0x33, 0x33, 0x22, 0x21, 0x22, 0x22, 0x22, 0x22, 0x22, 0x22, 0x22, 
	0x33, 0x32, 0x22, 0x22, 0x22, 0x23, 0x33, 0x23, 0x33, 0x32, 0x22, 0x22, 0x22, 0x22, 0x35, 
	0x66, 0x55, 0x54, 0x43, 0x43, 0x33, 0x33, 0x23, 0x34, 0x44, 0x44, 0x44, 0x55, 0x55, 0x55, 
	0x66, 0x66, 0x66, 0x8A, 0xCC, 0xBA, 0xA9, 0x72, 0x22, 0x22, 0x22, 0x23, 0x22, 0x22, 0x22, 
	0x11, 0x22, 0x12, 0x22, 0x22, 0x22, 0x22, 0x23, 0x44, 0x65, 0x65, 0x33, 0x45, 0x22, 0x22, 
	0x22, 0x22, 0x22, 0x22, 0x33, 0x33, 0x45, 0x45, 0x67, 0x66, 0x66, 0x77, 0x77, 0x78, 0xAB, 
	0xAB, 0xBB, 0xBB, 0xBB, 0xBB, 0xBB, 0xBB, 0xBB, 0xBC, 0xCB, 0xBB, 0xBC, 0xCC, 0xCC, 0xCC, 
	0xCB, 0xCC, 0xCC, 0xCC, 0xCC, 0xCC, 0xCC, 0xCC, 0xCC, 0xCC, 0xCC, 0xCC, 0xCC, 0xCC, 0xCC, 
	0xCC, 0xCC, 0xCC, 0xDD, 0xDD, 0xDD, 0xDD, 0xDD, 0xDD, 0xDD, 0xDD, 0xDD, 0xDD, 0xDC, 0xBB, 
	0xCD, 0xDD, 0xCB, 0xBB, 0xCC, 0xCC, 0xCC, 0xCC, 0xCC, 0xBB, 0xBB, 0xBB, 0xBB, 0xBB, 0xBB, 
	0xBB, 0xBB, 0xBB, 0xBB, 0xBB, 0xBB, 0xBB, 0xBB, 0xBB, 0xBB, 0xBB, 0xBB, 0xBB, 0xBB, 0xBB, 
	0x00, 0x00, 0x00, 0x00, 0x00, 0x00, 0x00, 0x00, 0x00, 0x00, 0x00, 0x00, 0x00, 0x00, 0x00, 
	0x00, 0x00, 0x00, 0x00, 0x00, 0x00, 0x00, 0x00, 0x00, 0x00, 0x00, 0x00, 0x00, 0x00, 0x00, 
	0x00, 0x00, 0x00, 0x00, 0x00, 0x00, 0x00, 0x00, 0x00, 0x00, 0x00, 0x00, 0x00, 0x00, 0x00, 
	0x00, 0x00, 0x00, 0x00, 0x00, 0x00, 0x00, 0x00, 0x00, 0x00, 0x00, 0x00, 0x00, 0x00, 0x00, 
	0x00, 0x00, 0x00, 0x00, 0x00, 0x00, 0x00, 0x00, 0x00, 0x00, 0x00, 0x00, 0x00, 0x00, 0x00, 
	0x00, 0x00, 0x00, 0x00, 0x00, 0x00, 0x00, 0x00, 0x00, 0x00, 0x00, 0x00, 0x00, 0x00, 0x00, 
	0xA9, 0x9A, 0x9A, 0xAA, 0xAA, 0xAA, 0xAA, 0xAA, 0xAB, 0xBB, 0xBA, 0xAA, 0xAB, 0xAA, 0xBB, 
	0xBB, 0xBB, 0xBA, 0xBB, 0xBB, 0xBB, 0xBB, 0xBB, 0xCC, 0xCB, 0xAA, 0xBB, 0xBB, 0xBB, 0xBB, 
	0xBB, 0xBB, 0xB8, 0x55, 0xA7, 0x45, 0x65, 0x44, 0x43, 0x45, 0x54, 0x43, 0x44, 0x33, 0x44, 
	0x43, 0x23, 0x33, 0x23, 0x32, 0x22, 0x22, 0x21, 0x21, 0x12, 0x11, 0x12, 0x22, 0x22, 0x22, 
	0x33, 0x32, 0x33, 0x33, 0x33, 0x32, 0x33, 0x33, 0x32, 0x22, 0x22, 0x22, 0x22, 0x23, 0x23, 
	0x33, 0x33, 0x34, 0x44, 0x44, 0x34, 0x33, 0x33, 0x33, 0x44, 0x44, 0x45, 0x55, 0x55, 0x66, 
	0x66, 0x76, 0x77, 0x6A, 0xDD, 0xDC, 0xBA, 0x84, 0x22, 0x22, 0x22, 0x23, 0x22, 0x22, 0x22, 
	0x11, 0x22, 0x22, 0x22, 0x22, 0x22, 0x32, 0x34, 0x54, 0x44, 0x55, 0x44, 0x64, 0x22, 0x32, 
	0x22, 0x22, 0x22, 0x22, 0x22, 0x33, 0x45, 0x66, 0x65, 0x55, 0x66, 0x66, 0x66, 0x68, 0xAA, 
	0xBB, 0xBB, 0xBB, 0xBB, 0xBB, 0xBB, 0xBB, 0xBB, 0xBB, 0xBB, 0xBC, 0xCC, 0xCB, 0xBB, 0xBC, 
	0xCC, 0xBC, 0xCC, 0xCB, 0xBB, 0xBB, 0xCC, 0xCC, 0xCC, 0xCC, 0xCC, 0xCC, 0xCD, 0xDD, 0xCC, 
	0xCC, 0xCC, 0xCC, 0xCD, 0xDD, 0xDD, 0xDD, 0xDD, 0xDD, 0xDD, 0xDD, 0xDD, 0xDD, 0xDC, 0xBC, 
	0xCD, 0xDD, 0xCB, 0xBB, 0xCC, 0xCC, 0xCC, 0xCC, 0xCC, 0xBB, 0xBB, 0xBB, 0xBB, 0xBB, 0xBB, 
	0xBB, 0xBB, 0xBB, 0xBB, 0xBB, 0xBB, 0xBB, 0xBB, 0xBB, 0xBB, 0xBB, 0xBB, 0xBB, 0xBB, 0xBB, 
	0x00, 0x00, 0x00, 0x00, 0x00, 0x00, 0x00, 0x00, 0x00, 0x00, 0x00, 0x00, 0x00, 0x00, 0x00, 
	0x00, 0x00, 0x00, 0x00, 0x00, 0x00, 0x00, 0x00, 0x00, 0x00, 0x00, 0x00, 0x00, 0x00, 0x00, 
	0x00, 0x00, 0x00, 0x00, 0x00, 0x00, 0x00, 0x00, 0x00, 0x00, 0x00, 0x00, 0x00, 0x00, 0x00, 
	0x00, 0x00, 0x00, 0x00, 0x00, 0x00, 0x00, 0x00, 0x00, 0x00, 0x00, 0x00, 0x00, 0x00, 0x00, 
	0x00, 0x00, 0x00, 0x00, 0x00, 0x00, 0x00, 0x00, 0x00, 0x00, 0x00, 0x00, 0x00, 0x00, 0x00, 
	0x00, 0x00, 0x00, 0x00, 0x00, 0x00, 0x00, 0x00, 0x00, 0x00, 0x00, 0x00, 0x00, 0x00, 0x00, 
	0xA9, 0x9A, 0x9A, 0xAA, 0xAA, 0xAA, 0xAA, 0xAA, 0xAB, 0xBC, 0xBA, 0xAA, 0xAB, 0xAA, 0xBA, 
	0xBB, 0xBB, 0xBA, 0xBB, 0xBB, 0xBB, 0xBB, 0xBB, 0xCC, 0xCB, 0xAA, 0xBB, 0xBB, 0xBB, 0xBB, 
	0xBB, 0xBA, 0xBB, 0x83, 0x59, 0x74, 0x57, 0x63, 0x44, 0x34, 0x43, 0x43, 0x33, 0x43, 0x23, 
	0x43, 0x22, 0x33, 0x23, 0x32, 0x22, 0x22, 0x21, 0x21, 0x11, 0x12, 0x22, 0x22, 0x22, 0x12, 
	0x44, 0x33, 0x44, 0x66, 0x55, 0x44, 0x33, 0x33, 0x32, 0x33, 0x22, 0x22, 0x22, 0x23, 0x22, 
	0x23, 0x34, 0x44, 0x44, 0x45, 0x45, 0x43, 0x33, 0x33, 0x44, 0x45, 0x55, 0x55, 0x55, 0x66, 
	0x77, 0x77, 0x75, 0x38, 0xDD, 0xDD, 0xCA, 0x96, 0x22, 0x22, 0x22, 0x23, 0x22, 0x22, 0x22, 
	0x22, 0x22, 0x22, 0x22, 0x22, 0x23, 0x33, 0x45, 0x54, 0x35, 0x53, 0x24, 0x52, 0x22, 0x22, 
	0x22, 0x22, 0x22, 0x22, 0x22, 0x34, 0x56, 0x54, 0x44, 0x55, 0x56, 0x66, 0x66, 0x79, 0xAA, 
	0xBB, 0xBB, 0xBB, 0xBB, 0xBB, 0xBB, 0xBB, 0xBB, 0xBB, 0xBC, 0xCC, 0xCB, 0xBB, 0xBB, 0xBB, 
	0xCC, 0xBB, 0xCC, 0xCC, 0xBB, 0xCC, 0xCC, 0xCC, 0xCC, 0xCC, 0xCC, 0xCD, 0xDD, 0xCC, 0xCC, 
	0xCC, 0xCC, 0xCC, 0xDD, 0xDD, 0xDD, 0xDD, 0xDD, 0xDD, 0xDD, 0xDD, 0xDD, 0xDD, 0xDC, 0xBC, 
	0xCD, 0xDD, 0xCB, 0xBB, 0xCC, 0xCC, 0xCC, 0xCC, 0xCC, 0xBB, 0xBB, 0xBB, 0xBB, 0xBB, 0xBB, 
	0xBB, 0xBB, 0xBB, 0xBB, 0xBB, 0xBB, 0xBB, 0xBB, 0xBB, 0xBB, 0xBB, 0xBB, 0xBB, 0xBB, 0xBB, 
	0x00, 0x00, 0x00, 0x00, 0x00, 0x00, 0x00, 0x00, 0x00, 0x00, 0x00, 0x00, 0x00, 0x00, 0x00, 
	0x00, 0x00, 0x00, 0x00, 0x00, 0x00, 0x00, 0x00, 0x00, 0x00, 0x00, 0x00, 0x00, 0x00, 0x00, 
	0x00, 0x00, 0x00, 0x00, 0x00, 0x00, 0x00, 0x00, 0x00, 0x00, 0x00, 0x00, 0x00, 0x00, 0x00, 
	0x00, 0x00, 0x00, 0x00, 0x00, 0x00, 0x00, 0x00, 0x00, 0x00, 0x00, 0x00, 0x00, 0x00, 0x00, 
	0x00, 0x00, 0x00, 0x00, 0x00, 0x00, 0x00, 0x00, 0x00, 0x00, 0x00, 0x00, 0x00, 0x00, 0x00, 
	0x00, 0x00, 0x00, 0x00, 0x00, 0x00, 0x00, 0x00, 0x00, 0x00, 0x00, 0x00, 0x00, 0x00, 0x00, 
	0xA9, 0x99, 0x99, 0x99, 0xAA, 0xAA, 0xAA, 0xAA, 0xAA, 0xBB, 0xBB, 0xAA, 0xAA, 0xAA, 0xAA, 
	0xAB, 0xBB, 0xBA, 0xAB, 0xBB, 0xBB, 0xBB, 0xBB, 0xCB, 0xCB, 0xAA, 0xBB, 0xBB, 0xBB, 0xBB, 
	0xBB, 0xAB, 0xAA, 0xB7, 0x35, 0x96, 0x36, 0x95, 0x34, 0x44, 0x33, 0x33, 0x32, 0x25, 0x43, 
	0x33, 0x43, 0x32, 0x23, 0x32, 0x23, 0x22, 0x22, 0x22, 0x22, 0x22, 0x22, 0x22, 0x22, 0x34, 
	0x55, 0x45, 0x55, 0x55, 0x55, 0x55, 0x43, 0x32, 0x32, 0x33, 0x22, 0x22, 0x22, 0x23, 0x22, 
	0x33, 0x44, 0x44, 0x55, 0x55, 0x55, 0x44, 0x44, 0x45, 0x54, 0x45, 0x55, 0x55, 0x56, 0x67, 
	0x77, 0x56, 0x43, 0x27, 0xCE, 0xED, 0xDC, 0xA8, 0x42, 0x22, 0x22, 0x23, 0x22, 0x22, 0x22, 
	0x22, 0x22, 0x22, 0x22, 0x22, 0x34, 0x44, 0x53, 0x45, 0x55, 0x54, 0x46, 0x43, 0x32, 0x22, 
	0x22, 0x23, 0x23, 0x32, 0x23, 0x56, 0x53, 0x33, 0x45, 0x55, 0x55, 0x66, 0x66, 0x8A, 0xAA, 
	0xBB, 0xBB, 0xBB, 0xBB, 0xBB, 0xBB, 0xBB, 0xBB, 0xCC, 0xCC, 0xBB, 0xBB, 0xBB, 0xCC, 0xCB, 
	0xBC, 0xCB, 0xBC, 0xCC, 0xCC, 0xBB, 0xCC, 0xCC, 0xCC, 0xCC, 0xCC, 0xDD, 0xCC, 0xCC, 0xCC, 
	0xCC, 0xCC, 0xCD, 0xDD, 0xDD, 0xDD, 0xDD, 0xDD, 0xDD, 0xDD, 0xDD, 0xDD, 0xDD, 0xDC, 0xBC, 
	0xDD, 0xDC, 0xBB, 0xBB, 0xCC, 0xCC, 0xCC, 0xCC, 0xCC, 0xBB, 0xBB, 0xBB, 0xBB, 0xBB, 0xBB, 
	0xBB, 0xBB, 0xBB, 0xBB, 0xBB, 0xBB, 0xBB, 0xBB, 0xBB, 0xBB, 0xBB, 0xBB, 0xBB, 0xBB, 0xBB, 
	0x00, 0x00, 0x00, 0x00, 0x00, 0x00, 0x00, 0x00, 0x00, 0x00, 0x00, 0x00, 0x00, 0x00, 0x00, 
	0x00, 0x00, 0x00, 0x00, 0x00, 0x00, 0x00, 0x00, 0x00, 0x00, 0x00, 0x00, 0x00, 0x00, 0x00, 
	0x00, 0x00, 0x00, 0x00, 0x00, 0x00, 0x00, 0x00, 0x00, 0x00, 0x00, 0x00, 0x00, 0x00, 0x00, 
	0x00, 0x00, 0x00, 0x00, 0x00, 0x00, 0x00, 0x00, 0x00, 0x00, 0x00, 0x00, 0x00, 0x00, 0x00, 
	0x00, 0x00, 0x00, 0x00, 0x00, 0x00, 0x00, 0x00, 0x00, 0x00, 0x00, 0x00, 0x00, 0x00, 0x00, 
	0x00, 0x00, 0x00, 0x00, 0x00, 0x00, 0x00, 0x00, 0x00, 0x00, 0x00, 0x00, 0x00, 0x00, 0x00, 
	0xA9, 0x99, 0x99, 0x99, 0xAA, 0xAA, 0xAA, 0xAA, 0xAA, 0xBB, 0xBB, 0xAA, 0xAA, 0xAA, 0xAA, 
	0xAB, 0xBB, 0xBA, 0xAB, 0xBB, 0xBB, 0xBB, 0xBB, 0xBB, 0xCB, 0xAA, 0xAB, 0xBB, 0xBB, 0xBB, 
	0xBB, 0xBB, 0xA8, 0x99, 0x53, 0x58, 0x54, 0x78, 0x53, 0x54, 0x33, 0x33, 0x33, 0x33, 0x34, 
	0x43, 0x34, 0x33, 0x22, 0x22, 0x23, 0x22, 0x22, 0x22, 0x22, 0x22, 0x22, 0x22, 0x45, 0x66, 
	0x66, 0x55, 0x55, 0x56, 0x66, 0x66, 0x65, 0x43, 0x33, 0x33, 0x22, 0x22, 0x23, 0x22, 0x23, 
	0x44, 0x44, 0x44, 0x44, 0x55, 0x55, 0x44, 0x44, 0x45, 0x55, 0x45, 0x55, 0x55, 0x66, 0x66, 
	0x55, 0x54, 0x32, 0x26, 0xBD, 0xDD, 0xDC, 0xBA, 0x62, 0x22, 0x22, 0x23, 0x22, 0x22, 0x22, 
	0x22, 0x22, 0x22, 0x22, 0x22, 0x34, 0x46, 0x63, 0x45, 0x67, 0x78, 0x66, 0x56, 0x64, 0x32, 
	0x22, 0x23, 0x32, 0x22, 0x35, 0x53, 0x23, 0x44, 0x44, 0x44, 0x55, 0x66, 0x67, 0x9A, 0xAA, 
	0xAB, 0xBB, 0xBB, 0xBB, 0xBB, 0xBB, 0xBB, 0xBB, 0xCB, 0xBB, 0xBB, 0xBB, 0xBB, 0xBB, 0xCC, 
	0xCC, 0xCB, 0xBB, 0xCC, 0xCC, 0xBB, 0xCC, 0xCC, 0xCC, 0xCC, 0xDD, 0xCC, 0xCC, 0xCC, 0xCC, 
	0xCC, 0xCC, 0xCD, 0xDD, 0xDD, 0xDC, 0xDD, 0xDD, 0xDD, 0xDD, 0xDD, 0xDD, 0xDD, 0xDB, 0xBC, 
	0xDD, 0xDC, 0xBB, 0xBC, 0xCC, 0xCC, 0xCC, 0xCC, 0xCB, 0xBB, 0xBB, 0xBB, 0xBB, 0xBB, 0xBB, 
	0xBB, 0xBB, 0xBB, 0xBB, 0xBB, 0xBB, 0xBB, 0xBB, 0xBB, 0xBB, 0xBB, 0xBB, 0xBB, 0xBB, 0xBB, 
	0x00, 0x00, 0x00, 0x00, 0x00, 0x00, 0x00, 0x00, 0x00, 0x00, 0x00, 0x00, 0x00, 0x00, 0x00, 
	0x00, 0x00, 0x00, 0x00, 0x00, 0x00, 0x00, 0x00, 0x00, 0x00, 0x00, 0x00, 0x00, 0x00, 0x00, 
	0x00, 0x00, 0x00, 0x00, 0x00, 0x00, 0x00, 0x00, 0x00, 0x00, 0x00, 0x00, 0x00, 0x00, 0x00, 
	0x00, 0x00, 0x00, 0x00, 0x00, 0x00, 0x00, 0x00, 0x00, 0x00, 0x00, 0x00, 0x00, 0x00, 0x00, 
	0x00, 0x00, 0x00, 0x00, 0x00, 0x00, 0x00, 0x00, 0x00, 0x00, 0x00, 0x00, 0x00, 0x00, 0x00, 
	0x00, 0x00, 0x00, 0x00, 0x00, 0x00, 0x00, 0x00, 0x00, 0x00, 0x00, 0x00, 0x00, 0x00, 0x00, 
	0xAA, 0x99, 0x99, 0x99, 0xAA, 0xAA, 0xAA, 0xAA, 0xAA, 0xBB, 0xBB, 0xAA, 0xAA, 0xAA, 0xAA, 
	0xAB, 0xBB, 0xBB, 0xAA, 0xAB, 0xBB, 0xBB, 0xBB, 0xBB, 0xCB, 0xBA, 0xAB, 0xBB, 0xBB, 0xBB, 
	0xBB, 0xBB, 0xA8, 0x67, 0x74, 0x46, 0x75, 0x46, 0x74, 0x45, 0x43, 0x34, 0x43, 0x33, 0x33, 
	0x33, 0x34, 0x33, 0x22, 0x22, 0x23, 0x22, 0x22, 0x22, 0x22, 0x22, 0x23, 0x45, 0x67, 0x77, 
	0x76, 0x66, 0x55, 0x55, 0x55, 0x55, 0x55, 0x54, 0x44, 0x33, 0x22, 0x22, 0x22, 0x33, 0x34, 
	0x44, 0x33, 0x34, 0x44, 0x44, 0x45, 0x54, 0x44, 0x55, 0x54, 0x45, 0x65, 0x66, 0x54, 0x44, 
	0x45, 0x42, 0x22, 0x26, 0xCD, 0xDE, 0xED, 0xBA, 0x94, 0x22, 0x22, 0x23, 0x22, 0x22, 0x22, 
	0x22, 0x22, 0x22, 0x33, 0x23, 0x24, 0x78, 0x46, 0x66, 0x88, 0x54, 0x45, 0x78, 0x85, 0x42, 
	0x23, 0x23, 0x32, 0x35, 0x53, 0x22, 0x33, 0x43, 0x33, 0x44, 0x45, 0x65, 0x79, 0xAA, 0xAA, 
	0xAA, 0xBB, 0xBB, 0xBB, 0xBB, 0xBB, 0xBB, 0xBB, 0xBB, 0xBB, 0xBB, 0xBB, 0xBB, 0xBB, 0xBB, 
	0xBB, 0xBB, 0xBB, 0xCC, 0xCC, 0xCC, 0xBB, 0xBC, 0xCC, 0xCC, 0xCC, 0xCC, 0xCC, 0xCC, 0xCC, 
	0xCC, 0xCC, 0xCD, 0xDD, 0xCC, 0xCC, 0xDD, 0xDD, 0xDD, 0xDD, 0xDD, 0xDD, 0xDD, 0xCB, 0xBC, 
	0xDD, 0xDC, 0xBB, 0xBC, 0xCC, 0xCC, 0xCC, 0xCC, 0xCB, 0xBB, 0xBB, 0xBB, 0xBB, 0xBB, 0xBB, 
	0xBB, 0xBB, 0xBB, 0xBB, 0xBB, 0xBB, 0xBB, 0xBB, 0xBB, 0xBB, 0xBB, 0xBB, 0xBB, 0xBB, 0xBB, 
	0x00, 0x00, 0x00, 0x00, 0x00, 0x00, 0x00, 0x00, 0x00, 0x00, 0x00, 0x00, 0x00, 0x00, 0x00, 
	0x00, 0x00, 0x00, 0x00, 0x00, 0x00, 0x00, 0x00, 0x00, 0x00, 0x00, 0x00, 0x00, 0x00, 0x00, 
	0x00, 0x00, 0x00, 0x00, 0x00, 0x00, 0x00, 0x00, 0x00, 0x00, 0x00, 0x00, 0x00, 0x00, 0x00, 
	0x00, 0x00, 0x00, 0x00, 0x00, 0x00, 0x00, 0x00, 0x00, 0x00, 0x00, 0x00, 0x00, 0x00, 0x00, 
	0x00, 0x00, 0x00, 0x00, 0x00, 0x00, 0x00, 0x00, 0x00, 0x00, 0x00, 0x00, 0x00, 0x00, 0x00, 
	0x00, 0x00, 0x00, 0x00, 0x00, 0x00, 0x00, 0x00, 0x00, 0x00, 0x00, 0x00, 0x00, 0x00, 0x00, 
	0xAA, 0x99, 0x99, 0x99, 0x9A, 0xAA, 0xAA, 0xAA, 0xAA, 0xAB, 0xBB, 0xAA, 0xAA, 0xAA, 0xAA, 
	0xBA, 0xBB, 0xBB, 0xAA, 0xAB, 0xBB, 0xBB, 0xBB, 0xBC, 0xCB, 0xBA, 0xAB, 0xBB, 0xBB, 0xBB, 
	0xBB, 0xBB, 0xA9, 0x54, 0x65, 0x44, 0x67, 0x53, 0x56, 0x44, 0x44, 0x32, 0x33, 0x23, 0x33, 
	0x33, 0x23, 0x22, 0x22, 0x22, 0x33, 0x22, 0x22, 0x22, 0x22, 0x22, 0x35, 0x78, 0x88, 0x77, 
	0x76, 0x55, 0x55, 0x56, 0x55, 0x54, 0x55, 0x65, 0x44, 0x33, 0x32, 0x33, 0x33, 0x45, 0x43, 
	0x43, 0x33, 0x33, 0x44, 0x45, 0x55, 0x54, 0x44, 0x55, 0x55, 0x56, 0x55, 0x44, 0x44, 0x55, 
	0x54, 0x43, 0x32, 0x16, 0xDD, 0xED, 0xEE, 0xCB, 0xA6, 0x22, 0x22, 0x23, 0x32, 0x22, 0x22, 
	0x22, 0x22, 0x22, 0x33, 0x23, 0x25, 0x95, 0x68, 0x78, 0x75, 0x33, 0x78, 0x66, 0x43, 0x23, 
	0x32, 0x33, 0x34, 0x64, 0x22, 0x23, 0x33, 0x33, 0x33, 0x44, 0x45, 0x54, 0x69, 0x9A, 0xAA, 
	0xAA, 0xBB, 0xBB, 0xBB, 0xBB, 0xBB, 0xBB, 0xBB, 0xBB, 0xBB, 0xBB, 0xBB, 0xBB, 0xCB, 0xBB, 
	0xBC, 0xBB, 0xCC, 0xCC, 0xCC, 0xCC, 0xCC, 0xCC, 0xCC, 0xCC, 0xCC, 0xCC, 0xCC, 0xCC, 0xCC, 
	0xCC, 0xCC, 0xCC, 0xDC, 0xCC, 0xCC, 0xDD, 0xDD, 0xDD, 0xDD, 0xDD, 0xDD, 0xDD, 0xCB, 0xBC, 
	0xDD, 0xDC, 0xBB, 0xBC, 0xCC, 0xCC, 0xCC, 0xCC, 0xCB, 0xBB, 0xBB, 0xBB, 0xBB, 0xBB, 0xBB, 
	0xBB, 0xBB, 0xBB, 0xBB, 0xBB, 0xBB, 0xBB, 0xBB, 0xBB, 0xBB, 0xBB, 0xBB, 0xBB, 0xBB, 0xBB, 
	0x00, 0x00, 0x00, 0x00, 0x00, 0x00, 0x00, 0x00, 0x00, 0x00, 0x00, 0x00, 0x00, 0x00, 0x00, 
	0x00, 0x00, 0x00, 0x00, 0x00, 0x00, 0x00, 0x00, 0x00, 0x00, 0x00, 0x00, 0x00, 0x00, 0x00, 
	0x00, 0x00, 0x00, 0x00, 0x00, 0x00, 0x00, 0x00, 0x00, 0x00, 0x00, 0x00, 0x00, 0x00, 0x00, 
	0x00, 0x00, 0x00, 0x00, 0x00, 0x00, 0x00, 0x00, 0x00, 0x00, 0x00, 0x00, 0x00, 0x00, 0x00, 
	0x00, 0x00, 0x00, 0x00, 0x00, 0x00, 0x00, 0x00, 0x00, 0x00, 0x00, 0x00, 0x00, 0x00, 0x00, 
	0x00, 0x00, 0x00, 0x00, 0x00, 0x00, 0x00, 0x00, 0x00, 0x00, 0x00, 0x00, 0x00, 0x00, 0x00, 
	0xAA, 0xA9, 0x99, 0x99, 0x9A, 0xAA, 0xAA, 0xAA, 0xAA, 0xAB, 0xBB, 0xBA, 0xAA, 0xAA, 0xAA, 
	0xAA, 0xBB, 0xBB, 0xAA, 0xAB, 0xAA, 0xBB, 0xBB, 0xBB, 0xCC, 0xBA, 0xAA, 0xBB, 0xBB, 0xBB, 
	0xBB, 0xAA, 0xA8, 0x64, 0x45, 0x44, 0x46, 0x74, 0x45, 0x43, 0x34, 0x32, 0x33, 0x22, 0x23, 
	0x33, 0x33, 0x32, 0x22, 0x22, 0x33, 0x32, 0x22, 0x22, 0x22, 0x22, 0x47, 0x87, 0x77, 0x77, 
	0x76, 0x56, 0x55, 0x55, 0x55, 0x55, 0x55, 0x54, 0x33, 0x33, 0x34, 0x34, 0x44, 0x56, 0x43, 
	0x33, 0x33, 0x33, 0x34, 0x55, 0x55, 0x55, 0x56, 0x66, 0x55, 0x54, 0x44, 0x44, 0x55, 0x55, 
	0x44, 0x44, 0x43, 0x25, 0xDD, 0xDE, 0xEE, 0xDB, 0xA9, 0x32, 0x22, 0x24, 0x32, 0x22, 0x22, 
	0x22, 0x22, 0x22, 0x22, 0x22, 0x35, 0x56, 0x77, 0x75, 0x31, 0x36, 0x64, 0x22, 0x23, 0x23, 
	0x33, 0x33, 0x55, 0x42, 0x22, 0x23, 0x32, 0x23, 0x33, 0x34, 0x43, 0x33, 0x47, 0x9A, 0xAA, 
	0xAA, 0xAB, 0xBB, 0xBB, 0xBB, 0xBB, 0xBB, 0xBB, 0xBB, 0xBB, 0xBB, 0xBB, 0xBB, 0xBB, 0xBB, 
	0xBB, 0xBB, 0xBB, 0xCC, 0xCC, 0xCC, 0xCC, 0xCC, 0xCC, 0xCC, 0xCC, 0xCC, 0xCC, 0xCC, 0xCC, 
	0xCC, 0xCC, 0xCC, 0xCC, 0xCC, 0xDD, 0xDD, 0xDD, 0xDD, 0xDD, 0xDD, 0xDD, 0xDC, 0xCB, 0xCC, 
	0xDD, 0xCB, 0xBB, 0xBC, 0xCC, 0xCC, 0xCC, 0xCC, 0xCB, 0xBB, 0xBB, 0xBB, 0xBB, 0xBB, 0xBB, 
	0xBB, 0xBB, 0xBB, 0xBB, 0xBB, 0xBB, 0xBB, 0xBB, 0xBB, 0xBB, 0xBB, 0xBB, 0xBB, 0xBB, 0xBB, 
	0x00, 0x00, 0x00, 0x00, 0x00, 0x00, 0x00, 0x00, 0x00, 0x00, 0x00, 0x00, 0x00, 0x00, 0x00, 
	0x00, 0x00, 0x00, 0x00, 0x00, 0x00, 0x00, 0x00, 0x00, 0x00, 0x00, 0x00, 0x00, 0x00, 0x00, 
	0x00, 0x00, 0x00, 0x00, 0x00, 0x00, 0x00, 0x00, 0x00, 0x00, 0x00, 0x00, 0x00, 0x00, 0x00, 
	0x00, 0x00, 0x00, 0x00, 0x00, 0x00, 0x00, 0x00, 0x00, 0x00, 0x00, 0x00, 0x00, 0x00, 0x00, 
	0x00, 0x00, 0x00, 0x00, 0x00, 0x00, 0x00, 0x00, 0x00, 0x00, 0x00, 0x00, 0x00, 0x00, 0x00, 
	0x00, 0x00, 0x00, 0x00, 0x00, 0x00, 0x00, 0x00, 0x00, 0x00, 0x00, 0x00, 0x00, 0x00, 0x00, 
	0x99, 0x99, 0x99, 0x99, 0x9A, 0xAA, 0xAA, 0xAA, 0xAA, 0xAB, 0xBB, 0xBA, 0xAA, 0xAA, 0xAA, 
	0xAA, 0xBB, 0xBB, 0xAA, 0xAA, 0xAA, 0xBB, 0xBB, 0xBB, 0xBB, 0xBA, 0xAA, 0xBB, 0xBB, 0xBB, 
	0xBB, 0xAA, 0x98, 0x64, 0x44, 0x44, 0x34, 0x54, 0x33, 0x33, 0x33, 0x32, 0x33, 0x32, 0x23, 
	0x33, 0x33, 0x32, 0x23, 0x22, 0x33, 0x32, 0x23, 0x32, 0x22, 0x22, 0x47, 0x77, 0x77, 0x77, 
	0x76, 0x56, 0x55, 0x56, 0x66, 0x55, 0x44, 0x44, 0x43, 0x33, 0x45, 0x44, 0x33, 0x44, 0x32, 
	0x44, 0x44, 0x43, 0x33, 0x33, 0x44, 0x55, 0x55, 0x55, 0x44, 0x44, 0x45, 0x55, 0x55, 0x44, 
	0x44, 0x44, 0x44, 0x35, 0xCD, 0xDD, 0xDD, 0xDD, 0xBA, 0x62, 0x22, 0x24, 0x32, 0x22, 0x22, 
	0x22, 0x22, 0x22, 0x22, 0x24, 0x65, 0x67, 0x76, 0x42, 0x12, 0x33, 0x22, 0x33, 0x33, 0x45, 
	0x42, 0x46, 0x42, 0x22, 0x22, 0x33, 0x22, 0x23, 0x33, 0x44, 0x33, 0x33, 0x47, 0x9A, 0xAA, 
	0xAA, 0xAA, 0xBB, 0xBB, 0xBB, 0xBB, 0xBB, 0xBB, 0xBB, 0xBB, 0xBB, 0xBB, 0xBB, 0xBB, 0xBB, 
	0xBB, 0xBB, 0xBB, 0xCC, 0xCC, 0xCC, 0xCC, 0xCC, 0xCC, 0xCC, 0xCC, 0xCC, 0xCC, 0xCC, 0xCC, 
	0xCC, 0xCC, 0xCC, 0xCC, 0xCC, 0xCD, 0xDD, 0xDD, 0xDD, 0xDD, 0xDD, 0xDD, 0xDC, 0xCB, 0xCC, 
	0xDD, 0xCB, 0xBB, 0xBC, 0xCC, 0xCC, 0xCC, 0xCC, 0xCB, 0xBB, 0xBB, 0xBB, 0xBB, 0xBB, 0xBB, 
	0xBB, 0xBB, 0xBB, 0xBB, 0xBB, 0xBB, 0xBB, 0xBB, 0xBB, 0xBB, 0xBB, 0xBB, 0xBB, 0xBB, 0xBB, 
	0x00, 0x00, 0x00, 0x00, 0x00, 0x00, 0x00, 0x00, 0x00, 0x00, 0x00, 0x00, 0x00, 0x00, 0x00, 
	0x00, 0x00, 0x00, 0x00, 0x00, 0x00, 0x00, 0x00, 0x00, 0x00, 0x00, 0x00, 0x00, 0x00, 0x00, 
	0x00, 0x00, 0x00, 0x00, 0x00, 0x00, 0x00, 0x00, 0x00, 0x00, 0x00, 0x00, 0x00, 0x00, 0x00, 
	0x00, 0x00, 0x00, 0x00, 0x00, 0x00, 0x00, 0x00, 0x00, 0x00, 0x00, 0x00, 0x00, 0x00, 0x00, 
	0x00, 0x00, 0x00, 0x00, 0x00, 0x00, 0x00, 0x00, 0x00, 0x00, 0x00, 0x00, 0x00, 0x00, 0x00, 
	0x00, 0x00, 0x00, 0x00, 0x00, 0x00, 0x00, 0x00, 0x00, 0x00, 0x00, 0x00, 0x00, 0x00, 0x00, 
	0x99, 0x99, 0x99, 0x99, 0x9A, 0xAA, 0xAA, 0xAA, 0xAA, 0xAA, 0xBB, 0xBA, 0xAA, 0xAA, 0xAA, 
	0xAA, 0xAB, 0xBB, 0xAA, 0xAA, 0xAA, 0xBB, 0xBB, 0xBB, 0xBB, 0xBA, 0xAA, 0xBB, 0xBB, 0xBB, 
	0xBB, 0xBA, 0x86, 0x54, 0x44, 0x44, 0x43, 0x44, 0x33, 0x33, 0x33, 0x22, 0x22, 0x33, 0x22, 
	0x23, 0x33, 0x22, 0x23, 0x22, 0x23, 0x22, 0x33, 0x32, 0x22, 0x22, 0x37, 0x77, 0x76, 0x87, 
	0x76, 0x66, 0x55, 0x56, 0x66, 0x55, 0x44, 0x54, 0x54, 0x35, 0x66, 0x44, 0x33, 0x33, 0x32, 
	0x24, 0x55, 0x66, 0x55, 0x44, 0x43, 0x44, 0x44, 0x44, 0x45, 0x55, 0x55, 0x65, 0x54, 0x44, 
	0x44, 0x44, 0x45, 0x45, 0xBE, 0xDD, 0xDD, 0xEE, 0xDC, 0x82, 0x22, 0x34, 0x32, 0x22, 0x22, 
	0x22, 0x22, 0x22, 0x22, 0x59, 0x67, 0x78, 0x75, 0x21, 0x23, 0x22, 0x22, 0x32, 0x47, 0x77, 
	0x66, 0x54, 0x32, 0x22, 0x34, 0x22, 0x22, 0x23, 0x33, 0x34, 0x45, 0x54, 0x46, 0x9A, 0xAA, 
	0xAA, 0xAA, 0xAB, 0xBB, 0xBB, 0xBB, 0xBB, 0xBB, 0xBB, 0xBB, 0xBB, 0xBB, 0xBB, 0xBB, 0xBB, 
	0xBB, 0xBB, 0xBB, 0xBB, 0xBB, 0xCC, 0xCC, 0xCC, 0xCC, 0xCC, 0xCC, 0xCC, 0xCC, 0xCC, 0xCC, 
	0xCC, 0xCC, 0xCC, 0xCC, 0xCC, 0xCC, 0xDD, 0xDD, 0xDD, 0xDD, 0xDD, 0xDD, 0xDC, 0xBB, 0xCD, 
	0xDD, 0xCB, 0xBB, 0xCC, 0xCC, 0xCC, 0xCC, 0xCC, 0xBB, 0xBB, 0xBB, 0xBB, 0xBB, 0xBB, 0xBB, 
	0xBB, 0xBB, 0xBB, 0xBB, 0xBB, 0xBB, 0xBB, 0xBB, 0xBB, 0xBB, 0xBB, 0xBB, 0xBB, 0xBB, 0xBB, 
	0x00, 0x00, 0x00, 0x00, 0x00, 0x00, 0x00, 0x00, 0x00, 0x00, 0x00, 0x00, 0x00, 0x00, 0x00, 
	0x00, 0x00, 0x00, 0x00, 0x00, 0x00, 0x00, 0x00, 0x00, 0x00, 0x00, 0x00, 0x00, 0x00, 0x00, 
	0x00, 0x00, 0x00, 0x00, 0x00, 0x00, 0x00, 0x00, 0x00, 0x00, 0x00, 0x00, 0x00, 0x00, 0x00, 
	0x00, 0x00, 0x00, 0x00, 0x00, 0x00, 0x00, 0x00, 0x00, 0x00, 0x00, 0x00, 0x00, 0x00, 0x00, 
	0x00, 0x00, 0x00, 0x00, 0x00, 0x00, 0x00, 0x00, 0x00, 0x00, 0x00, 0x00, 0x00, 0x00, 0x00, 
	0x00, 0x00, 0x00, 0x00, 0x00, 0x00, 0x00, 0x00, 0x00, 0x00, 0x00, 0x00, 0x00, 0x00, 0x00, 
	0xAA, 0x99, 0x99, 0x99, 0x9A, 0xAA, 0xAA, 0xAA, 0xAA, 0xAA, 0xBB, 0xBA, 0xAA, 0xAA, 0xAA, 
	0xAA, 0xAB, 0xBB, 0xBA, 0xAA, 0xAA, 0xBB, 0xBB, 0xBB, 0xBB, 0xBB, 0xAA, 0xBB, 0xBB, 0xBB, 
	0xBB, 0xBA, 0x85, 0x56, 0x54, 0x44, 0x43, 0x44, 0x32, 0x33, 0x33, 0x32, 0x22, 0x33, 0x22, 
	0x23, 0x33, 0x22, 0x33, 0x32, 0x33, 0x22, 0x22, 0x22, 0x22, 0x22, 0x37, 0x77, 0x76, 0x87, 
	0x76, 0x67, 0x66, 0x56, 0x66, 0x65, 0x55, 0x55, 0x44, 0x56, 0x75, 0x44, 0x33, 0x33, 0x31, 
	0x23, 0x45, 0x66, 0x65, 0x66, 0x65, 0x54, 0x44, 0x55, 0x55, 0x55, 0x56, 0x55, 0x44, 0x45, 
	0x54, 0x54, 0x55, 0x55, 0xAD, 0xDD, 0xDD, 0xEE, 0xDD, 0xA3, 0x22, 0x24, 0x32, 0x22, 0x22, 
	0x22, 0x22, 0x22, 0x23, 0x98, 0x67, 0x66, 0x42, 0x24, 0x57, 0x76, 0x42, 0x33, 0x58, 0x77, 
	0x76, 0x33, 0x32, 0x24, 0x42, 0x22, 0x23, 0x33, 0x33, 0x23, 0x43, 0x56, 0x55, 0x8A, 0xAA, 
	0xAA, 0xAA, 0xAA, 0xBB, 0xBB, 0xBB, 0xBB, 0xBB, 0xBB, 0xBB, 0xBB, 0xBB, 0xBB, 0xBB, 0xBB, 
	0xBB, 0xBB, 0xBB, 0xBB, 0xBB, 0xCC, 0xCC, 0xCC, 0xCC, 0xCC, 0xCC, 0xCC, 0xCC, 0xCC, 0xCC, 
	0xCC, 0xCC, 0xCC, 0xCC, 0xCC, 0xCC, 0xDD, 0xDD, 0xDD, 0xDD, 0xDD, 0xDD, 0xDC, 0xBB, 0xCD, 
	0xDD, 0xCB, 0xBB, 0xCC, 0xCC, 0xCC, 0xCC, 0xCB, 0xBB, 0xBB, 0xBB, 0xBB, 0xBB, 0xBB, 0xBB, 
	0xBB, 0xBB, 0xBB, 0xBB, 0xBB, 0xBB, 0xBB, 0xBB, 0xBB, 0xBB, 0xBB, 0xBB, 0xBB, 0xBB, 0xBB, 
	0x00, 0x00, 0x00, 0x00, 0x00, 0x00, 0x00, 0x00, 0x00, 0x00, 0x00, 0x00, 0x00, 0x00, 0x00, 
	0x00, 0x00, 0x00, 0x00, 0x00, 0x00, 0x00, 0x00, 0x00, 0x00, 0x00, 0x00, 0x00, 0x00, 0x00, 
	0x00, 0x00, 0x00, 0x00, 0x00, 0x00, 0x00, 0x00, 0x00, 0x00, 0x00, 0x00, 0x00, 0x00, 0x00, 
	0x00, 0x00, 0x00, 0x00, 0x00, 0x00, 0x00, 0x00, 0x00, 0x00, 0x00, 0x00, 0x00, 0x00, 0x00, 
	0x00, 0x00, 0x00, 0x00, 0x00, 0x00, 0x00, 0x00, 0x00, 0x00, 0x00, 0x00, 0x00, 0x00, 0x00, 
	0x00, 0x00, 0x00, 0x00, 0x00, 0x00, 0x00, 0x00, 0x00, 0x00, 0x00, 0x00, 0x00, 0x00, 0x00, 
	0xAA, 0x99, 0x99, 0x99, 0x99, 0x9A, 0xAA, 0xAA, 0xAA, 0xAA, 0xBB, 0xBB, 0xAA, 0xAA, 0xAA, 
	0xAA, 0xAA, 0xBB, 0xBA, 0xAA, 0xAA, 0xBB, 0xAB, 0xBB, 0xBB, 0xBB, 0xAA, 0xBB, 0xBB, 0xBB, 
	0xBB, 0xBA, 0x85, 0x57, 0x64, 0x45, 0x53, 0x34, 0x43, 0x33, 0x33, 0x33, 0x22, 0x23, 0x32, 
	0x23, 0x33, 0x33, 0x33, 0x33, 0x33, 0x22, 0x22, 0x22, 0x22, 0x22, 0x36, 0x77, 0x76, 0x77, 
	0x76, 0x67, 0x65, 0x66, 0x77, 0x76, 0x66, 0x55, 0x56, 0x76, 0x55, 0x43, 0x44, 0x33, 0x31, 
	0x12, 0x12, 0x45, 0x44, 0x34, 0x55, 0x66, 0x65, 0x55, 0x66, 0x66, 0x55, 0x55, 0x55, 0x55, 
	0x54, 0x45, 0x55, 0x55, 0x9C, 0xDD, 0xDD, 0xDE, 0xDD, 0xB5, 0x22, 0x24, 0x32, 0x22, 0x22, 
	0x22, 0x22, 0x21, 0x34, 0x56, 0x64, 0x43, 0x22, 0x36, 0x86, 0x55, 0x33, 0x44, 0x44, 0x57, 
	0x53, 0x33, 0x33, 0x43, 0x22, 0x22, 0x23, 0x33, 0x33, 0x22, 0x45, 0x58, 0x76, 0x89, 0xAA, 
	0xAA, 0xAA, 0xAA, 0xBB, 0xBB, 0xBB, 0xBB, 0xBB, 0xBB, 0xBB, 0xBB, 0xBB, 0xBB, 0xBB, 0xBB, 
	0xBB, 0xCB, 0xBB, 0xBB, 0xBB, 0xBC, 0xCC, 0xCC, 0xCB, 0xCC, 0xCC, 0xCC, 0xCC, 0xCC, 0xCC, 
	0xCC, 0xCC, 0xCC, 0xCC, 0xCC, 0xCC, 0xDD, 0xDD, 0xDD, 0xDD, 0xDD, 0xDD, 0xCC, 0xBB, 0xCD, 
	0xDC, 0xBB, 0xBB, 0xCC, 0xCC, 0xCC, 0xCC, 0xBB, 0xBB, 0xBB, 0xBB, 0xBB, 0xBB, 0xBB, 0xBB, 
	0xBB, 0xBB, 0xBB, 0xBB, 0xBB, 0xBB, 0xBB, 0xBB, 0xBB, 0xBB, 0xBB, 0xBB, 0xBB, 0xBB, 0xBB, 
	0x00, 0x00, 0x00, 0x00, 0x00, 0x00, 0x00, 0x00, 0x00, 0x00, 0x00, 0x00, 0x00, 0x00, 0x00, 
	0x00, 0x00, 0x00, 0x00, 0x00, 0x00, 0x00, 0x00, 0x00, 0x00, 0x00, 0x00, 0x00, 0x00, 0x00, 
	0x00, 0x00, 0x00, 0x00, 0x00, 0x00, 0x00, 0x00, 0x00, 0x00, 0x00, 0x00, 0x00, 0x00, 0x00, 
	0x00, 0x00, 0x00, 0x00, 0x00, 0x00, 0x00, 0x00, 0x00, 0x00, 0x00, 0x00, 0x00, 0x00, 0x00, 
	0x00, 0x00, 0x00, 0x00, 0x00, 0x00, 0x00, 0x00, 0x00, 0x00, 0x00, 0x00, 0x00, 0x00, 0x00, 
	0x00, 0x00, 0x00, 0x00, 0x00, 0x00, 0x00, 0x00, 0x00, 0x00, 0x00, 0x00, 0x00, 0x00, 0x00, 
	0x99, 0x9A, 0xA9, 0x99, 0x99, 0x99, 0xAA, 0xAA, 0xAA, 0xAA, 0xAB, 0xBB, 0xAA, 0xAA, 0xAA, 
	0xAA, 0xAA, 0xBB, 0xBA, 0xAA, 0xAA, 0xAA, 0xAB, 0xBB, 0xBB, 0xBB, 0xAA, 0xAB, 0xBB, 0xBB, 
	0xBB, 0xBA, 0x97, 0x67, 0x55, 0x66, 0x53, 0x33, 0x42, 0x33, 0x33, 0x33, 0x23, 0x33, 0x32, 
	0x23, 0x33, 0x33, 0x33, 0x33, 0x33, 0x23, 0x22, 0x22, 0x22, 0x22, 0x35, 0x77, 0x77, 0x77, 
	0x76, 0x67, 0x66, 0x66, 0x77, 0x77, 0x66, 0x65, 0x78, 0x65, 0x55, 0x44, 0x44, 0x33, 0x32, 
	0x21, 0x12, 0x34, 0x56, 0x65, 0x44, 0x56, 0x76, 0x66, 0x66, 0x66, 0x55, 0x55, 0x44, 0x45, 
	0x44, 0x45, 0x55, 0x55, 0x8C, 0xDD, 0xDD, 0xDD, 0xED, 0xC7, 0x22, 0x24, 0x32, 0x22, 0x22, 
	0x22, 0x22, 0x23, 0x34, 0x44, 0x32, 0x33, 0x23, 0x45, 0x42, 0x22, 0x36, 0x76, 0x54, 0x64, 
	0x34, 0x34, 0x55, 0x33, 0x32, 0x33, 0x33, 0x33, 0x33, 0x44, 0x58, 0x78, 0x89, 0x99, 0x9A, 
	0xAA, 0xAA, 0xAA, 0xAB, 0xBB, 0xBB, 0xBB, 0xBB, 0xBB, 0xBB, 0xBB, 0xBB, 0xBB, 0xBB, 0xBB, 
	0xBB, 0xCB, 0xBB, 0xBB, 0xBB, 0xCB, 0xBC, 0xCC, 0xCC, 0xCC, 0xCC, 0xCC, 0xCC, 0xCC, 0xCC, 
	0xCC, 0xCC, 0xCC, 0xCC, 0xCC, 0xCC, 0xDD, 0xDD, 0xDD, 0xDD, 0xDD, 0xDD, 0xCB, 0xBC, 0xCD, 
	0xDC, 0xBB, 0xBB, 0xCC, 0xCC, 0xCC, 0xCC, 0xBB, 0xBB, 0xBB, 0xBB, 0xBB, 0xBB, 0xBB, 0xBB, 
	0xBB, 0xBB, 0xBB, 0xBB, 0xBB, 0xBB, 0xBB, 0xBB, 0xBB, 0xBB, 0xBB, 0xBB, 0xBB, 0xBB, 0xBB, 
	0x00, 0x00, 0x00, 0x00, 0x00, 0x00, 0x00, 0x00, 0x00, 0x00, 0x00, 0x00, 0x00, 0x00, 0x00, 
	0x00, 0x00, 0x00, 0x00, 0x00, 0x00, 0x00, 0x00, 0x00, 0x00, 0x00, 0x00, 0x00, 0x00, 0x00, 
	0x00, 0x00, 0x00, 0x00, 0x00, 0x00, 0x00, 0x00, 0x00, 0x00, 0x00, 0x00, 0x00, 0x00, 0x00, 
	0x00, 0x00, 0x00, 0x00, 0x00, 0x00, 0x00, 0x00, 0x00, 0x00, 0x00, 0x00, 0x00, 0x00, 0x00, 
	0x00, 0x00, 0x00, 0x00, 0x00, 0x00, 0x00, 0x00, 0x00, 0x00, 0x00, 0x00, 0x00, 0x00, 0x00, 
	0x00, 0x00, 0x00, 0x00, 0x00, 0x00, 0x00, 0x00, 0x00, 0x00, 0x00, 0x00, 0x00, 0x00, 0x00, 
	0x99, 0x99, 0xAA, 0x99, 0x99, 0x99, 0xAA, 0xAA, 0xAA, 0xAA, 0xAB, 0xBB, 0xAA, 0xAA, 0xAA, 
	0xAA, 0xAA, 0xBB, 0xBA, 0xAA, 0xAA, 0xAA, 0xAA, 0xBB, 0xBB, 0xBB, 0xBA, 0xAA, 0xBB, 0xBB, 
	0xBB, 0xAA, 0x9A, 0x86, 0x56, 0x86, 0x43, 0x32, 0x23, 0x33, 0x22, 0x23, 0x33, 0x32, 0x33, 
	0x33, 0x23, 0x33, 0x33, 0x33, 0x23, 0x23, 0x22, 0x22, 0x22, 0x22, 0x25, 0x77, 0x87, 0x77, 
	0x76, 0x67, 0x76, 0x66, 0x67, 0x77, 0x77, 0x76, 0x88, 0x55, 0x65, 0x44, 0x44, 0x43, 0x22, 
	0x22, 0x22, 0x23, 0x45, 0x56, 0x66, 0x66, 0x77, 0x67, 0x76, 0x66, 0x55, 0x54, 0x44, 0x44, 
	0x54, 0x55, 0x55, 0x55, 0x8C, 0xDE, 0xEE, 0xDD, 0xED, 0xD9, 0x32, 0x34, 0x32, 0x22, 0x22, 
	0x22, 0x22, 0x24, 0x44, 0x44, 0x65, 0x42, 0x22, 0x22, 0x21, 0x33, 0x57, 0x64, 0x57, 0x44, 
	0x65, 0x36, 0x54, 0x44, 0x33, 0x32, 0x23, 0x33, 0x34, 0x66, 0x57, 0x88, 0x89, 0x99, 0xAA, 
	0xAA, 0xAA, 0xAA, 0xAB, 0xBB, 0xBB, 0xBB, 0xBB, 0xBB, 0xBB, 0xBB, 0xBB, 0xBB, 0xBB, 0xBB, 
	0xBB, 0xCB, 0xBB, 0xBB, 0xBB, 0xCC, 0xBC, 0xCC, 0xCC, 0xCC, 0xCC, 0xCC, 0xCC, 0xCC, 0xCC, 
	0xCC, 0xCC, 0xCC, 0xCC, 0xCC, 0xCC, 0xDD, 0xDD, 0xDD, 0xDD, 0xDD, 0xDD, 0xCB, 0xBC, 0xDD, 
	0xDC, 0xBB, 0xBB, 0xCC, 0xCC, 0xCC, 0xCB, 0xBB, 0xBB, 0xBB, 0xBB, 0xBB, 0xBB, 0xBB, 0xBB, 
	0xBB, 0xBB, 0xBB, 0xBB, 0xBB, 0xBB, 0xBB, 0xBB, 0xBB, 0xBB, 0xBB, 0xBB, 0xBB, 0xBB, 0xBB, 
	0x00, 0x00, 0x00, 0x00, 0x00, 0x00, 0x00, 0x00, 0x00, 0x00, 0x00, 0x00, 0x00, 0x00, 0x00, 
	0x00, 0x00, 0x00, 0x00, 0x00, 0x00, 0x00, 0x00, 0x00, 0x00, 0x00, 0x00, 0x00, 0x00, 0x00, 
	0x00, 0x00, 0x00, 0x00, 0x00, 0x00, 0x00, 0x00, 0x00, 0x00, 0x00, 0x00, 0x00, 0x00, 0x00, 
	0x00, 0x00, 0x00, 0x00, 0x00, 0x00, 0x00, 0x00, 0x00, 0x00, 0x00, 0x00, 0x00, 0x00, 0x00, 
	0x00, 0x00, 0x00, 0x00, 0x00, 0x00, 0x00, 0x00, 0x00, 0x00, 0x00, 0x00, 0x00, 0x00, 0x00, 
	0x00, 0x00, 0x00, 0x00, 0x00, 0x00, 0x00, 0x00, 0x00, 0x00, 0x00, 0x00, 0x00, 0x00, 0x00, 
	0x99, 0x99, 0x9A, 0xAA, 0xA9, 0x99, 0x9A, 0x9A, 0xAA, 0xAA, 0xAB, 0xBB, 0xAA, 0xAA, 0xAA, 
	0xAA, 0xAA, 0xAB, 0xBB, 0xAA, 0xAA, 0xAA, 0xAA, 0xBA, 0xBB, 0xBB, 0xBA, 0xAA, 0xBB, 0xBB, 
	0xBA, 0xBA, 0xAB, 0xA6, 0x58, 0xA6, 0x33, 0x32, 0x23, 0x33, 0x22, 0x23, 0x32, 0x22, 0x33, 
	0x33, 0x23, 0x33, 0x32, 0x33, 0x22, 0x33, 0x22, 0x22, 0x22, 0x22, 0x24, 0x77, 0x87, 0x67, 
	0x77, 0x67, 0x76, 0x66, 0x77, 0x77, 0x77, 0x8A, 0xA8, 0x55, 0x55, 0x44, 0x44, 0x44, 0x21, 
	0x22, 0x11, 0x23, 0x43, 0x44, 0x56, 0x66, 0x77, 0x78, 0x87, 0x65, 0x54, 0x44, 0x44, 0x44, 
	0x45, 0x55, 0x55, 0x55, 0x8C, 0xDE, 0xEE, 0xEE, 0xED, 0xCA, 0x42, 0x34, 0x32, 0x22, 0x22, 
	0x22, 0x22, 0x22, 0x46, 0x67, 0x64, 0x32, 0x22, 0x23, 0x22, 0x23, 0x54, 0x25, 0x65, 0x35, 
	0x45, 0x55, 0x54, 0x44, 0x33, 0x34, 0x43, 0x33, 0x44, 0x78, 0x66, 0x88, 0x88, 0x99, 0xAA, 
	0xAA, 0xAA, 0xAA, 0xAB, 0xBB, 0xBB, 0xBB, 0xBB, 0xBB, 0xBB, 0xBB, 0xBB, 0xBB, 0xBB, 0xBB, 
	0xBB, 0xCB, 0xBB, 0xBB, 0xBB, 0xBB, 0xBC, 0xCC, 0xCB, 0xCC, 0xCC, 0xCC, 0xCC, 0xCC, 0xCC, 
	0xCC, 0xCC, 0xCC, 0xCC, 0xCC, 0xCC, 0xDD, 0xDD, 0xDD, 0xDD, 0xDD, 0xDD, 0xCB, 0xBC, 0xDD, 
	0xDC, 0xBB, 0xBB, 0xCC, 0xCC, 0xCC, 0xCB, 0xBB, 0xBB, 0xBB, 0xBB, 0xBB, 0xBB, 0xBB, 0xBB, 
	0xBB, 0xBB, 0xBB, 0xBB, 0xBB, 0xBB, 0xBB, 0xBB, 0xBB, 0xBB, 0xBB, 0xBB, 0xBB, 0xBB, 0xBB, 
	0x00, 0x00, 0x00, 0x00, 0x00, 0x00, 0x00, 0x00, 0x00, 0x00, 0x00, 0x00, 0x00, 0x00, 0x00, 
	0x00, 0x00, 0x00, 0x00, 0x00, 0x00, 0x00, 0x00, 0x00, 0x00, 0x00, 0x00, 0x00, 0x00, 0x00, 
	0x00, 0x00, 0x00, 0x00, 0x00, 0x00, 0x00, 0x00, 0x00, 0x00, 0x00, 0x00, 0x00, 0x00, 0x00, 
	0x00, 0x00, 0x00, 0x00, 0x00, 0x00, 0x00, 0x00, 0x00, 0x00, 0x00, 0x00, 0x00, 0x00, 0x00, 
	0x00, 0x00, 0x00, 0x00, 0x00, 0x00, 0x00, 0x00, 0x00, 0x00, 0x00, 0x00, 0x00, 0x00, 0x00, 
	0x00, 0x00, 0x00, 0x00, 0x00, 0x00, 0x00, 0x00, 0x00, 0x00, 0x00, 0x00, 0x00, 0x00, 0x00, 
	0x99, 0x99, 0x99, 0x9A, 0xAA, 0xA9, 0x99, 0xAA, 0xAA, 0xAA, 0xAA, 0xBB, 0xAA, 0xAA, 0xAA, 
	0xAA, 0xAA, 0xAB, 0xBB, 0xAA, 0xAA, 0xAA, 0xAA, 0xAA, 0xBB, 0xBB, 0xBA, 0xAA, 0xBB, 0xAB, 
	0xBB, 0xBA, 0xAA, 0xA8, 0x7A, 0xA7, 0x44, 0x43, 0x23, 0x23, 0x32, 0x22, 0x33, 0x23, 0x33, 
	0x33, 0x22, 0x23, 0x33, 0x32, 0x22, 0x22, 0x22, 0x22, 0x22, 0x22, 0x24, 0x77, 0x87, 0x67, 
	0x66, 0x77, 0x76, 0x66, 0x77, 0x78, 0x77, 0x8A, 0x98, 0x55, 0x45, 0x55, 0x44, 0x44, 0x31, 
	0x22, 0x22, 0x12, 0x34, 0x34, 0x44, 0x55, 0x67, 0x77, 0x76, 0x55, 0x44, 0x44, 0x44, 0x45, 
	0x55, 0x55, 0x55, 0x55, 0x7C, 0xEE, 0xEE, 0xDD, 0xDC, 0xCC, 0x62, 0x34, 0x32, 0x22, 0x22, 
	0x22, 0x22, 0x23, 0x55, 0x55, 0x32, 0x32, 0x33, 0x33, 0x32, 0x33, 0x43, 0x56, 0x54, 0x55, 
	0x56, 0x55, 0x64, 0x55, 0x44, 0x44, 0x44, 0x44, 0x45, 0x88, 0x88, 0x88, 0x88, 0x99, 0xAA, 
	0xAA, 0xAA, 0xAA, 0xBB, 0xBB, 0xBB, 0xBB, 0xBB, 0xBB, 0xBB, 0xBB, 0xBB, 0xBB, 0xBB, 0xBB, 
	0xBB, 0xBB, 0xBB, 0xBB, 0xBB, 0xBB, 0xBB, 0xBC, 0xCB, 0xCC, 0xCC, 0xCC, 0xCC, 0xCC, 0xCC, 
	0xCC, 0xCC, 0xCC, 0xCC, 0xCC, 0xCC, 0xDD, 0xDD, 0xDD, 0xDD, 0xDC, 0xDD, 0xCB, 0xBC, 0xDD, 
	0xDB, 0xBB, 0xBB, 0xCC, 0xCC, 0xCC, 0xCB, 0xBB, 0xBB, 0xBB, 0xBB, 0xBB, 0xBB, 0xBB, 0xBB, 
	0xBB, 0xBB, 0xBB, 0xBB, 0xBB, 0xBB, 0xBB, 0xBB, 0xBB, 0xBB, 0xBB, 0xBB, 0xBB, 0xBB, 0xBB, 
	0x00, 0x00, 0x00, 0x00, 0x00, 0x00, 0x00, 0x00, 0x00, 0x00, 0x00, 0x00, 0x00, 0x00, 0x00, 
	0x00, 0x00, 0x00, 0x00, 0x00, 0x00, 0x00, 0x00, 0x00, 0x00, 0x00, 0x00, 0x00, 0x00, 0x00, 
	0x00, 0x00, 0x00, 0x00, 0x00, 0x00, 0x00, 0x00, 0x00, 0x00, 0x00, 0x00, 0x00, 0x00, 0x00, 
	0x00, 0x00, 0x00, 0x00, 0x00, 0x00, 0x00, 0x00, 0x00, 0x00, 0x00, 0x00, 0x00, 0x00, 0x00, 
	0x00, 0x00, 0x00, 0x00, 0x00, 0x00, 0x00, 0x00, 0x00, 0x00, 0x00, 0x00, 0x00, 0x00, 0x00, 
	0x00, 0x00, 0x00, 0x00, 0x00, 0x00, 0x00, 0x00, 0x00, 0x00, 0x00, 0x00, 0x00, 0x00, 0x00, 
	0x99, 0x99, 0x99, 0x99, 0x99, 0xAA, 0xAA, 0xAA, 0xAA, 0xAA, 0xAA, 0xBB, 0xBA, 0xAA, 0xAA, 
	0xAA, 0xAA, 0xAB, 0xBB, 0xAA, 0xAA, 0xAA, 0xAA, 0xAA, 0xBB, 0xBB, 0xBA, 0xAA, 0xBB, 0xAB, 
	0xAA, 0xBB, 0xBB, 0xB9, 0x8A, 0xA7, 0x55, 0x64, 0x23, 0x22, 0x33, 0x22, 0x23, 0x33, 0x32, 
	0x32, 0x22, 0x22, 0x44, 0x42, 0x22, 0x22, 0x22, 0x33, 0x22, 0x22, 0x33, 0x67, 0x77, 0x56, 
	0x66, 0x77, 0x77, 0x77, 0x77, 0x87, 0x77, 0x89, 0x77, 0x54, 0x54, 0x55, 0x44, 0x45, 0x32, 
	0x11, 0x22, 0x12, 0x33, 0x44, 0x44, 0x44, 0x55, 0x55, 0x55, 0x44, 0x44, 0x44, 0x44, 0x55, 
	0x55, 0x55, 0x55, 0x55, 0x7C, 0xDE, 0xED, 0xED, 0xDC, 0xCC, 0x72, 0x34, 0x32, 0x22, 0x22, 
	0x22, 0x22, 0x23, 0x43, 0x33, 0x23, 0x33, 0x44, 0x44, 0x42, 0x24, 0x35, 0x64, 0x55, 0x77, 
	0x65, 0x57, 0x66, 0x65, 0x55, 0x65, 0x55, 0x55, 0x45, 0x88, 0x88, 0x88, 0x88, 0x99, 0xAA, 
	0xAA, 0xAA, 0xAA, 0xAB, 0xBB, 0xBB, 0xBB, 0xBB, 0xBB, 0xBB, 0xBB, 0xBB, 0xBB, 0xBB, 0xBB, 
	0xBB, 0xBB, 0xBB, 0xBB, 0xBB, 0xCB, 0xBB, 0xCC, 0xCC, 0xCC, 0xCC, 0xCC, 0xCC, 0xCC, 0xCC, 
	0xCC, 0xCC, 0xCC, 0xCC, 0xCC, 0xCD, 0xDD, 0xDD, 0xDD, 0xDD, 0xDC, 0xDC, 0xCB, 0xBC, 0xDD, 
	0xDB, 0xAB, 0xBB, 0xCC, 0xCC, 0xCC, 0xCB, 0xBB, 0xBB, 0xBB, 0xBA, 0xBB, 0xBB, 0xBB, 0xBB, 
	0xBB, 0xBB, 0xBB, 0xBB, 0xBB, 0xBB, 0xBB, 0xBB, 0xBB, 0xBB, 0xBB, 0xBB, 0xBB, 0xBB, 0xBB, 
	0x00, 0x00, 0x00, 0x00, 0x00, 0x00, 0x00, 0x00, 0x00, 0x00, 0x00, 0x00, 0x00, 0x00, 0x00, 
	0x00, 0x00, 0x00, 0x00, 0x00, 0x00, 0x00, 0x00, 0x00, 0x00, 0x00, 0x00, 0x00, 0x00, 0x00, 
	0x00, 0x00, 0x00, 0x00, 0x00, 0x00, 0x00, 0x00, 0x00, 0x00, 0x00, 0x00, 0x00, 0x00, 0x00, 
	0x00, 0x00, 0x00, 0x00, 0x00, 0x00, 0x00, 0x00, 0x00, 0x00, 0x00, 0x00, 0x00, 0x00, 0x00, 
	0x00, 0x00, 0x00, 0x00, 0x00, 0x00, 0x00, 0x00, 0x00, 0x00, 0x00, 0x00, 0x00, 0x00, 0x00, 
	0x00, 0x00, 0x00, 0x00, 0x00, 0x00, 0x00, 0x00, 0x00, 0x00, 0x00, 0x00, 0x00, 0x00, 0x00, 
	0x99, 0x99, 0x99, 0x99, 0x99, 0x9A, 0xAA, 0xAA, 0xAA, 0xAA, 0xAA, 0xBB, 0xBA, 0xAA, 0xAA, 
	0xAA, 0xAA, 0xAB, 0xBB, 0xAA, 0xAA, 0xAA, 0xAA, 0xAA, 0xAB, 0xBB, 0xBA, 0xAA, 0xBB, 0xBB, 
	0xBB, 0xAB, 0xAA, 0xBA, 0x99, 0xA7, 0x45, 0x64, 0x33, 0x31, 0x22, 0x22, 0x22, 0x22, 0x22, 
	0x22, 0x22, 0x22, 0x57, 0x42, 0x22, 0x22, 0x22, 0x33, 0x32, 0x32, 0x45, 0x57, 0x76, 0x56, 
	0x56, 0x67, 0x77, 0x77, 0x78, 0x87, 0x77, 0x78, 0x76, 0x55, 0x44, 0x55, 0x44, 0x44, 0x32, 
	0x21, 0x12, 0x22, 0x23, 0x43, 0x44, 0x44, 0x44, 0x44, 0x44, 0x44, 0x44, 0x44, 0x44, 0x55, 
	0x56, 0x55, 0x56, 0x66, 0x7C, 0xEE, 0xEE, 0xEE, 0xDC, 0xBC, 0x93, 0x34, 0x32, 0x22, 0x22, 
	0x22, 0x22, 0x24, 0x42, 0x22, 0x23, 0x33, 0x56, 0x65, 0x33, 0x44, 0x77, 0x45, 0x56, 0x87, 
	0x56, 0x87, 0x78, 0x76, 0x55, 0x66, 0x55, 0x66, 0x67, 0x88, 0x88, 0x88, 0x88, 0x99, 0xAA, 
	0xAA, 0xAA, 0xAA, 0xAB, 0xBB, 0xBB, 0xBB, 0xBB, 0xBB, 0xBB, 0xBB, 0xBB, 0xBB, 0xBB, 0xBB, 
	0xBB, 0xBB, 0xBB, 0xBB, 0xBB, 0xBB, 0xBB, 0xCC, 0xCC, 0xCC, 0xCC, 0xCC, 0xCC, 0xCC, 0xCC, 
	0xCC, 0xCC, 0xCC, 0xCC, 0xCC, 0xCD, 0xDD, 0xDD, 0xDD, 0xDD, 0xDD, 0xDC, 0xBB, 0xCC, 0xDD, 
	0xCB, 0xAB, 0xBB, 0xCC, 0xCC, 0xCC, 0xBB, 0xBB, 0xBB, 0xBB, 0xBB, 0xBB, 0xBB, 0xBB, 0xBB, 
	0xBB, 0xBB, 0xBB, 0xBB, 0xBB, 0xBB, 0xBB, 0xBB, 0xBB, 0xBB, 0xBB, 0xBB, 0xBB, 0xBB, 0xBB, 
	0x00, 0x00, 0x00, 0x00, 0x00, 0x00, 0x00, 0x00, 0x00, 0x00, 0x00, 0x00, 0x00, 0x00, 0x00, 
	0x00, 0x00, 0x00, 0x00, 0x00, 0x00, 0x00, 0x00, 0x00, 0x00, 0x00, 0x00, 0x00, 0x00, 0x00, 
	0x00, 0x00, 0x00, 0x00, 0x00, 0x00, 0x00, 0x00, 0x00, 0x00, 0x00, 0x00, 0x00, 0x00, 0x00, 
	0x00, 0x00, 0x00, 0x00, 0x00, 0x00, 0x00, 0x00, 0x00, 0x00, 0x00, 0x00, 0x00, 0x00, 0x00, 
	0x00, 0x00, 0x00, 0x00, 0x00, 0x00, 0x00, 0x00, 0x00, 0x00, 0x00, 0x00, 0x00, 0x00, 0x00, 
	0x00, 0x00, 0x00, 0x00, 0x00, 0x00, 0x00, 0x00, 0x00, 0x00, 0x00, 0x00, 0x00, 0x00, 0x00, 
	0x99, 0x99, 0x99, 0x99, 0x99, 0x99, 0x99, 0x9A, 0xAA, 0xAA, 0xAA, 0xAB, 0xBA, 0xAA, 0xAA, 
	0xAA, 0xAA, 0xAA, 0xBB, 0xBA, 0xAA, 0xAA, 0xAA, 0xAA, 0xAB, 0xBB, 0xBB, 0xAA, 0xAB, 0xBB, 
	0xBB, 0xBB, 0xAA, 0xAB, 0xAA, 0xA6, 0x57, 0x74, 0x44, 0x42, 0x22, 0x33, 0x22, 0x22, 0x22, 
	0x22, 0x22, 0x22, 0x46, 0x32, 0x22, 0x22, 0x22, 0x23, 0x32, 0x32, 0x56, 0x46, 0x65, 0x55, 
	0x66, 0x67, 0x77, 0x77, 0x78, 0x87, 0x77, 0x77, 0x77, 0x75, 0x35, 0x66, 0x54, 0x44, 0x42, 
	0x22, 0x11, 0x22, 0x22, 0x34, 0x44, 0x44, 0x44, 0x54, 0x44, 0x44, 0x44, 0x55, 0x55, 0x55, 
	0x56, 0x66, 0x66, 0x77, 0x7C, 0xEE, 0xEE, 0xEE, 0xEC, 0xBB, 0xA5, 0x24, 0x32, 0x22, 0x22, 
	0x22, 0x22, 0x34, 0x34, 0x33, 0x22, 0x34, 0x67, 0x53, 0x34, 0x58, 0x65, 0x66, 0x68, 0x85, 
	0x58, 0x87, 0x88, 0x66, 0x66, 0x66, 0x66, 0x66, 0x67, 0x88, 0x88, 0x88, 0x89, 0x99, 0x9A, 
	0xAA, 0xAA, 0xAA, 0xAB, 0xBB, 0xBB, 0xBB, 0xBB, 0xBB, 0xBB, 0xBB, 0xBB, 0xBB, 0xBB, 0xBB, 
	0xBB, 0xBB, 0xBB, 0xBB, 0xBB, 0xBB, 0xBB, 0xBC, 0xCC, 0xCC, 0xCC, 0xCC, 0xCC, 0xCC, 0xCC, 
	0xCC, 0xCC, 0xCC, 0xCC, 0xCC, 0xCC, 0xCC, 0xCC, 0xDD, 0xDD, 0xDD, 0xDC, 0xBB, 0xCD, 0xDD, 
	0xCB, 0xBB, 0xBC, 0xCC, 0xCC, 0xCC, 0xBB, 0xBB, 0xBB, 0xBA, 0xBC, 0xBB, 0xBB, 0xBB, 0xBB, 
	0xBB, 0xBB, 0xBB, 0xBB, 0xBB, 0xBB, 0xBB, 0xBB, 0xBB, 0xBB, 0xBB, 0xBB, 0xBB, 0xBB, 0xBB, 
	0x00, 0x00, 0x00, 0x00, 0x00, 0x00, 0x00, 0x00, 0x00, 0x00, 0x00, 0x00, 0x00, 0x00, 0x00, 
	0x00, 0x00, 0x00, 0x00, 0x00, 0x00, 0x00, 0x00, 0x00, 0x00, 0x00, 0x00, 0x00, 0x00, 0x00, 
	0x00, 0x00, 0x00, 0x00, 0x00, 0x00, 0x00, 0x00, 0x00, 0x00, 0x00, 0x00, 0x00, 0x00, 0x00, 
	0x00, 0x00, 0x00, 0x00, 0x00, 0x00, 0x00, 0x00, 0x00, 0x00, 0x00, 0x00, 0x00, 0x00, 0x00, 
	0x00, 0x00, 0x00, 0x00, 0x00, 0x00, 0x00, 0x00, 0x00, 0x00, 0x00, 0x00, 0x00, 0x00, 0x00, 
	0x00, 0x00, 0x00, 0x00, 0x00, 0x00, 0x00, 0x00, 0x00, 0x00, 0x00, 0x00, 0x00, 0x00, 0x00, 
	0x99, 0x99, 0x99, 0x99, 0x99, 0x99, 0x99, 0x9A, 0xAA, 0xAA, 0xAA, 0xAB, 0xBA, 0xAA, 0xAA, 
	0xAA, 0xAA, 0xAA, 0xBB, 0xBA, 0xAA, 0xAA, 0xAA, 0xAA, 0xAB, 0xBB, 0xBB, 0xAA, 0xAB, 0xBB, 
	0xAB, 0xBB, 0xBA, 0xBB, 0xAA, 0xA8, 0x79, 0x87, 0x56, 0x53, 0x32, 0x32, 0x22, 0x22, 0x32, 
	0x22, 0x22, 0x22, 0x24, 0x33, 0x32, 0x22, 0x22, 0x23, 0x32, 0x23, 0x54, 0x45, 0x55, 0x55, 
	0x66, 0x66, 0x67, 0x77, 0x88, 0x87, 0x77, 0x77, 0x77, 0x74, 0x46, 0x76, 0x55, 0x44, 0x42, 
	0x12, 0x11, 0x22, 0x11, 0x23, 0x44, 0x44, 0x44, 0x44, 0x44, 0x44, 0x44, 0x55, 0x55, 0x55, 
	0x66, 0x77, 0x77, 0x78, 0x8A, 0xEE, 0xEE, 0xDE, 0xED, 0xBB, 0xB7, 0x24, 0x32, 0x22, 0x22, 
	0x22, 0x22, 0x33, 0x45, 0x32, 0x23, 0x34, 0x54, 0x31, 0x45, 0x87, 0x46, 0x87, 0x9A, 0x98, 
	0x99, 0x99, 0x88, 0x67, 0x76, 0x55, 0x56, 0x66, 0x67, 0x88, 0x88, 0x88, 0x89, 0x99, 0x9A, 
	0xAA, 0xAA, 0xAA, 0xBB, 0xBB, 0xBB, 0xBB, 0xBB, 0xBB, 0xBB, 0xBB, 0xBB, 0xBB, 0xBB, 0xBB, 
	0xBB, 0xBB, 0xBB, 0xBB, 0xBB, 0xBB, 0xBB, 0xBB, 0xBC, 0xCC, 0xCC, 0xCC, 0xCC, 0xCC, 0xCC, 
	0xCC, 0xCC, 0xCC, 0xCC, 0xCC, 0xCC, 0xCC, 0xCC, 0xCD, 0xDD, 0xDD, 0xDC, 0xBB, 0xCD, 0xDC, 
	0xBB, 0xBB, 0xBC, 0xCC, 0xCC, 0xCC, 0xBB, 0xBB, 0xBB, 0xAB, 0xBB, 0xBB, 0xBB, 0xBB, 0xBB, 
	0xBB, 0xBB, 0xBB, 0xBB, 0xBB, 0xBB, 0xBB, 0xBB, 0xBB, 0xBB, 0xBB, 0xBB, 0xBB, 0xBB, 0xBB, 
	0x00, 0x00, 0x00, 0x00, 0x00, 0x00, 0x00, 0x00, 0x00, 0x00, 0x00, 0x00, 0x00, 0x00, 0x00, 
	0x00, 0x00, 0x00, 0x00, 0x00, 0x00, 0x00, 0x00, 0x00, 0x00, 0x00, 0x00, 0x00, 0x00, 0x00, 
	0x00, 0x00, 0x00, 0x00, 0x00, 0x00, 0x00, 0x00, 0x00, 0x00, 0x00, 0x00, 0x00, 0x00, 0x00, 
	0x00, 0x00, 0x00, 0x00, 0x00, 0x00, 0x00, 0x00, 0x00, 0x00, 0x00, 0x00, 0x00, 0x00, 0x00, 
	0x00, 0x00, 0x00, 0x00, 0x00, 0x00, 0x00, 0x00, 0x00, 0x00, 0x00, 0x00, 0x00, 0x00, 0x00, 
	0x00, 0x00, 0x00, 0x00, 0x00, 0x00, 0x00, 0x00, 0x00, 0x00, 0x00, 0x00, 0x00, 0x00, 0x00, 
	0x99, 0x99, 0x99, 0x99, 0x99, 0x99, 0x99, 0x99, 0xAA, 0xAA, 0xAA, 0xAB, 0xBB, 0xAA, 0xAA, 
	0xAA, 0xAA, 0xAA, 0xBB, 0xBA, 0xAA, 0xAA, 0xAA, 0xAA, 0xAB, 0xBB, 0xBB, 0xAA, 0xAA, 0xBB, 
	0xAB, 0xAA, 0xBA, 0xBA, 0xAA, 0xA9, 0xAA, 0x89, 0x76, 0x76, 0x53, 0x22, 0x22, 0x22, 0x32, 
	0x22, 0x22, 0x24, 0x32, 0x33, 0x33, 0x32, 0x22, 0x23, 0x32, 0x33, 0x43, 0x34, 0x44, 0x55, 
	0x56, 0x66, 0x67, 0x77, 0x88, 0x87, 0x77, 0x87, 0x87, 0x54, 0x57, 0x76, 0x55, 0x54, 0x43, 
	0x11, 0x21, 0x11, 0x12, 0x12, 0x44, 0x44, 0x44, 0x44, 0x54, 0x44, 0x45, 0x55, 0x66, 0x66, 
	0x66, 0x77, 0x77, 0x88, 0x89, 0xDE, 0xED, 0xDE, 0xEE, 0xCB, 0xC9, 0x45, 0x32, 0x22, 0x22, 
	0x22, 0x22, 0x32, 0x54, 0x22, 0x23, 0x44, 0x43, 0x22, 0x47, 0x85, 0x69, 0xAA, 0xBB, 0xBA, 
	0xAB, 0xBA, 0xA9, 0x88, 0x76, 0x65, 0x56, 0x66, 0x67, 0x88, 0x88, 0x88, 0x88, 0x99, 0x99, 
	0xAA, 0xAA, 0xAA, 0xBB, 0xBB, 0xBB, 0xBB, 0xBB, 0xBB, 0xBB, 0xBB, 0xBB, 0xBB, 0xBB, 0xBB, 
	0xBB, 0xBB, 0xBB, 0xBB, 0xBB, 0xBB, 0xBB, 0xBB, 0xBC, 0xCC, 0xCC, 0xCC, 0xCC, 0xCC, 0xCC, 
	0xCC, 0xCC, 0xCC, 0xCC, 0xCC, 0xCC, 0xCC, 0xCC, 0xCC, 0xCC, 0xCD, 0xCC, 0xBB, 0xCC, 0xDC, 
	0xBA, 0xBB, 0xBC, 0xCC, 0xCC, 0xCB, 0xBB, 0xBB, 0xBB, 0xBB, 0xBB, 0xBB, 0xBB, 0xBB, 0xBB, 
	0xBB, 0xBB, 0xBB, 0xBB, 0xBB, 0xBB, 0xBB, 0xBB, 0xBB, 0xBB, 0xBB, 0xBB, 0xBB, 0xBB, 0xBB, 
	0x00, 0x00, 0x00, 0x00, 0x00, 0x00, 0x00, 0x00, 0x00, 0x00, 0x00, 0x00, 0x00, 0x00, 0x00, 
	0x00, 0x00, 0x00, 0x00, 0x00, 0x00, 0x00, 0x00, 0x00, 0x00, 0x00, 0x00, 0x00, 0x00, 0x00, 
	0x00, 0x00, 0x00, 0x00, 0x00, 0x00, 0x00, 0x00, 0x00, 0x00, 0x00, 0x00, 0x00, 0x00, 0x00, 
	0x00, 0x00, 0x00, 0x00, 0x00, 0x00, 0x00, 0x00, 0x00, 0x00, 0x00, 0x00, 0x00, 0x00, 0x00, 
	0x00, 0x00, 0x00, 0x00, 0x00, 0x00, 0x00, 0x00, 0x00, 0x00, 0x00, 0x00, 0x00, 0x00, 0x00, 
	0x00, 0x00, 0x00, 0x00, 0x00, 0x00, 0x00, 0x00, 0x00, 0x00, 0x00, 0x00, 0x00, 0x00, 0x00, 
	0x99, 0x99, 0x99, 0x99, 0x99, 0x99, 0x99, 0x99, 0xAA, 0xAA, 0xAA, 0xAA, 0xBB, 0xAA, 0xAA, 
	0xAA, 0xAA, 0xAA, 0xAB, 0xBA, 0xAA, 0xAA, 0xAA, 0xAA, 0xAA, 0xBB, 0xBB, 0xAA, 0xAA, 0xBB, 
	0xBB, 0xBB, 0xBB, 0xBA, 0xAA, 0xBA, 0xAA, 0x89, 0x98, 0x75, 0x53, 0x33, 0x32, 0x22, 0x23, 
	0x22, 0x22, 0x25, 0x52, 0x22, 0x23, 0x32, 0x22, 0x23, 0x32, 0x23, 0x33, 0x23, 0x44, 0x56, 
	0x66, 0x77, 0x66, 0x77, 0x88, 0x77, 0x78, 0x88, 0x85, 0x45, 0x67, 0x76, 0x55, 0x55, 0x54, 
	0x11, 0x21, 0x11, 0x22, 0x22, 0x34, 0x44, 0x44, 0x44, 0x55, 0x55, 0x55, 0x56, 0x66, 0x66, 
	0x67, 0x78, 0x88, 0x88, 0x88, 0xAD, 0xEC, 0xCD, 0xEE, 0xDC, 0xCA, 0x54, 0x32, 0x22, 0x22, 
	0x22, 0x22, 0x32, 0x43, 0x23, 0x33, 0x34, 0x44, 0x33, 0x67, 0x77, 0x9B, 0xBB, 0xCB, 0xBB, 
	0xBB, 0xCC, 0xCB, 0xA9, 0x66, 0x65, 0x55, 0x56, 0x67, 0x88, 0x88, 0x88, 0x88, 0x99, 0x99, 
	0xAA, 0xAA, 0xAB, 0xBB, 0xBB, 0xBB, 0xBB, 0xBB, 0xBB, 0xBB, 0xBB, 0xBB, 0xBB, 0xBB, 0xBB, 
	0xBB, 0xBB, 0xBB, 0xBB, 0xBB, 0xBB, 0xBB, 0xBB, 0xBC, 0xCC, 0xCC, 0xCC, 0xCC, 0xCC, 0xCC, 
	0xCC, 0xCC, 0xCC, 0xCC, 0xCC, 0xCC, 0xCC, 0xCC, 0xCC, 0xCC, 0xDC, 0xCB, 0xBB, 0xCC, 0xCC, 
	0xBA, 0xBB, 0xBB, 0xBB, 0xBC, 0xCB, 0xBB, 0xBB, 0xBC, 0xBB, 0xBB, 0xBB, 0xBB, 0xBB, 0xBB, 
	0xBB, 0xBB, 0xBB, 0xBB, 0xBB, 0xBB, 0xBB, 0xBB, 0xBB, 0xBB, 0xBB, 0xBB, 0xBB, 0xBB, 0xBB, 
	0x00, 0x00, 0x00, 0x00, 0x00, 0x00, 0x00, 0x00, 0x00, 0x00, 0x00, 0x00, 0x00, 0x00, 0x00, 
	0x00, 0x00, 0x00, 0x00, 0x00, 0x00, 0x00, 0x00, 0x00, 0x00, 0x00, 0x00, 0x00, 0x00, 0x00, 
	0x00, 0x00, 0x00, 0x00, 0x00, 0x00, 0x00, 0x00, 0x00, 0x00, 0x00, 0x00, 0x00, 0x00, 0x00, 
	0x00, 0x00, 0x00, 0x00, 0x00, 0x00, 0x00, 0x00, 0x00, 0x00, 0x00, 0x00, 0x00, 0x00, 0x00, 
	0x00, 0x00, 0x00, 0x00, 0x00, 0x00, 0x00, 0x00, 0x00, 0x00, 0x00, 0x00, 0x00, 0x00, 0x00, 
	0x00, 0x00, 0x00, 0x00, 0x00, 0x00, 0x00, 0x00, 0x00, 0x00, 0x00, 0x00, 0x00, 0x00, 0x00, 
	0x99, 0x99, 0x99, 0x99, 0x99, 0x99, 0x99, 0x99, 0xAA, 0xAA, 0xAA, 0xAA, 0xBB, 0xA9, 0xAA, 
	0xAA, 0xAA, 0xAA, 0xAB, 0xBB, 0xAA, 0xAA, 0xAA, 0xAA, 0xAA, 0xBB, 0xBB, 0xAA, 0xAA, 0xAB, 
	0xAA, 0xAB, 0xAB, 0xAB, 0xAB, 0xAB, 0xAA, 0xAA, 0xAA, 0x73, 0x56, 0x54, 0x32, 0x32, 0x23, 
	0x22, 0x23, 0x23, 0x52, 0x22, 0x22, 0x33, 0x21, 0x12, 0x22, 0x23, 0x32, 0x23, 0x44, 0x59, 
	0x77, 0x78, 0x77, 0x78, 0x88, 0x77, 0x77, 0x88, 0x55, 0x67, 0x88, 0x76, 0x65, 0x55, 0x55, 
	0x22, 0x11, 0x11, 0x21, 0x11, 0x13, 0x44, 0x44, 0x44, 0x55, 0x55, 0x55, 0x66, 0x66, 0x66, 
	0x67, 0x88, 0x88, 0x88, 0x87, 0x8B, 0xCB, 0xAC, 0xEE, 0xED, 0xCC, 0x75, 0x32, 0x22, 0x22, 
	0x22, 0x22, 0x33, 0x32, 0x33, 0x23, 0x45, 0x54, 0x45, 0x77, 0x9A, 0xBB, 0xBB, 0xBB, 0xBB, 
	0xBC, 0xCB, 0xBC, 0xCA, 0x87, 0x75, 0x55, 0x65, 0x57, 0x88, 0x88, 0x88, 0x88, 0x89, 0x99, 
	0xAA, 0xAA, 0xAB, 0xBA, 0xBB, 0xBB, 0xBB, 0xBB, 0xBB, 0xBB, 0xBB, 0xBB, 0xBB, 0xBB, 0xBB, 
	0xBB, 0xBB, 0xBC, 0xBB, 0xBB, 0xBB, 0xBB, 0xBB, 0xCC, 0xCC, 0xCC, 0xCC, 0xCC, 0xCC, 0xCC, 
	0xCC, 0xCC, 0xCC, 0xCC, 0xCC, 0xCC, 0xCC, 0xCC, 0xDD, 0xDC, 0xDC, 0xCB, 0xBC, 0xCC, 0xCC, 
	0xBA, 0xBB, 0xBB, 0xBB, 0xBC, 0xCB, 0xBB, 0xBB, 0xBB, 0xBB, 0xBB, 0xBB, 0xBB, 0xBB, 0xBB, 
	0xBB, 0xBB, 0xBB, 0xBB, 0xBB, 0xBB, 0xBB, 0xBB, 0xBB, 0xBB, 0xBB, 0xBB, 0xBB, 0xBB, 0xBB, 
	0x00, 0x00, 0x00, 0x00, 0x00, 0x00, 0x00, 0x00, 0x00, 0x00, 0x00, 0x00, 0x00, 0x00, 0x00, 
	0x00, 0x00, 0x00, 0x00, 0x00, 0x00, 0x00, 0x00, 0x00, 0x00, 0x00, 0x00, 0x00, 0x00, 0x00, 
	0x00, 0x00, 0x00, 0x00, 0x00, 0x00, 0x00, 0x00, 0x00, 0x00, 0x00, 0x00, 0x00, 0x00, 0x00, 
	0x00, 0x00, 0x00, 0x00, 0x00, 0x00, 0x00, 0x00, 0x00, 0x00, 0x00, 0x00, 0x00, 0x00, 0x00, 
	0x00, 0x00, 0x00, 0x00, 0x00, 0x00, 0x00, 0x00, 0x00, 0x00, 0x00, 0x00, 0x00, 0x00, 0x00, 
	0x00, 0x00, 0x00, 0x00, 0x00, 0x00, 0x00, 0x00, 0x00, 0x00, 0x00, 0x00, 0x00, 0x00, 0x00, 
	0x99, 0x99, 0x99, 0x99, 0x99, 0x99, 0x99, 0x99, 0x99, 0x9A, 0xAA, 0xAA, 0xBB, 0xBA, 0x9A, 
	0xAA, 0xAA, 0xAA, 0xAB, 0xBB, 0xAA, 0xAA, 0xAA, 0xAA, 0xAA, 0xBB, 0xBB, 0xBA, 0xAA, 0xAA, 
	0xAA, 0xAA, 0xAA, 0xAA, 0xAA, 0xAA, 0xAA, 0xAA, 0xA9, 0x87, 0x98, 0x75, 0x33, 0x33, 0x33, 
	0x22, 0x33, 0x33, 0x32, 0x22, 0x22, 0x23, 0x22, 0x22, 0x22, 0x22, 0x32, 0x22, 0x44, 0x57, 
	0x87, 0x78, 0x88, 0x78, 0x88, 0x77, 0x78, 0x87, 0x67, 0x88, 0x88, 0x76, 0x56, 0x65, 0x55, 
	0x31, 0x21, 0x21, 0x11, 0x12, 0x12, 0x34, 0x44, 0x44, 0x45, 0x55, 0x56, 0x66, 0x66, 0x76, 
	0x77, 0x78, 0x88, 0x88, 0x78, 0x7A, 0xBA, 0x9A, 0xDE, 0xED, 0xCB, 0x85, 0x32, 0x23, 0x22, 
	0x22, 0x22, 0x23, 0x22, 0x33, 0x34, 0x54, 0x55, 0x58, 0x79, 0xAB, 0xBB, 0xBB, 0xBA, 0xAA, 
	0xBB, 0xBB, 0xBC, 0xBB, 0xA9, 0x75, 0x56, 0x55, 0x57, 0x88, 0x88, 0x88, 0x88, 0x89, 0x99, 
	0xAA, 0xAA, 0xAB, 0xBA, 0xBB, 0xBB, 0xBB, 0xBB, 0xBB, 0xBB, 0xBB, 0xBB, 0xBB, 0xBB, 0xBB, 
	0xBB, 0xBB, 0xCB, 0xBB, 0xBB, 0xBB, 0xBB, 0xCC, 0xCC, 0xCC, 0xCC, 0xCC, 0xCC, 0xCC, 0xCC, 
	0xCC, 0xCC, 0xCC, 0xCC, 0xCC, 0xCC, 0xCC, 0xDD, 0xCC, 0xCC, 0xCC, 0xCB, 0xBC, 0xCD, 0xCB, 
	0xAB, 0xBB, 0xBB, 0xBB, 0xBC, 0xCB, 0xBB, 0xBB, 0xBB, 0xBB, 0xBB, 0xBB, 0xBB, 0xBB, 0xBB, 
	0xBB, 0xBB, 0xBB, 0xBB, 0xBB, 0xBB, 0xBB, 0xBB, 0xBB, 0xBB, 0xBB, 0xBB, 0xBB, 0xBB, 0xBB, 
	0x00, 0x00, 0x00, 0x00, 0x00, 0x00, 0x00, 0x00, 0x00, 0x00, 0x00, 0x00, 0x00, 0x00, 0x00, 
	0x00, 0x00, 0x00, 0x00, 0x00, 0x00, 0x00, 0x00, 0x00, 0x00, 0x00, 0x00, 0x00, 0x00, 0x00, 
	0x00, 0x00, 0x00, 0x00, 0x00, 0x00, 0x00, 0x00, 0x00, 0x00, 0x00, 0x00, 0x00, 0x00, 0x00, 
	0x00, 0x00, 0x00, 0x00, 0x00, 0x00, 0x00, 0x00, 0x00, 0x00, 0x00, 0x00, 0x00, 0x00, 0x00, 
	0x00, 0x00, 0x00, 0x00, 0x00, 0x00, 0x00, 0x00, 0x00, 0x00, 0x00, 0x00, 0x00, 0x00, 0x00, 
	0x00, 0x00, 0x00, 0x00, 0x00, 0x00, 0x00, 0x00, 0x00, 0x00, 0x00, 0x00, 0x00, 0x00, 0x00, 
	0x99, 0x99, 0x99, 0x99, 0x99, 0x99, 0x99, 0x99, 0x99, 0x9A, 0xAA, 0xAA, 0xBB, 0xBA, 0x9A, 
	0xAA, 0xAA, 0xAA, 0xAA, 0xBB, 0xAA, 0xAA, 0xAA, 0xAA, 0xAA, 0xBB, 0xBB, 0xBA, 0xAA, 0xAA, 
	0xAA, 0xAA, 0xAA, 0xAA, 0xAA, 0xAA, 0xAA, 0xAA, 0x98, 0x9A, 0xA9, 0x86, 0x54, 0x34, 0x54, 
	0x35, 0x74, 0x34, 0x33, 0x32, 0x12, 0x22, 0x22, 0x22, 0x22, 0x22, 0x22, 0x22, 0x35, 0x67, 
	0x77, 0x78, 0x88, 0x88, 0x88, 0x77, 0x88, 0x77, 0x77, 0x88, 0x88, 0x76, 0x66, 0x66, 0x55, 
	0x52, 0x11, 0x22, 0x11, 0x21, 0x22, 0x23, 0x44, 0x44, 0x44, 0x56, 0x67, 0x77, 0x77, 0x77, 
	0x88, 0x88, 0x88, 0x88, 0x87, 0x78, 0xBA, 0x9A, 0xCE, 0xEB, 0x86, 0x44, 0x42, 0x23, 0x32, 
	0x22, 0x22, 0x33, 0x33, 0x33, 0x45, 0x54, 0x46, 0x89, 0x9B, 0xBC, 0xBB, 0xBB, 0xA9, 0xAA, 
	0xAA, 0xAA, 0xBA, 0xAB, 0xBB, 0x86, 0x66, 0x66, 0x67, 0x88, 0x88, 0x88, 0x88, 0x99, 0x9A, 
	0xAA, 0xAA, 0xAB, 0xBA, 0xBB, 0xBB, 0xBB, 0xBB, 0xBB, 0xBB, 0xBB, 0xBB, 0xBB, 0xBB, 0xBB, 
	0xBB, 0xBB, 0xCB, 0xBC, 0xCB, 0xBB, 0xCC, 0xCC, 0xCC, 0xCC, 0xCC, 0xCC, 0xCC, 0xCC, 0xCC, 
	0xCC, 0xCC, 0xCC, 0xCC, 0xCC, 0xCD, 0xCC, 0xDC, 0xCC, 0xCC, 0xCC, 0xCB, 0xBC, 0xDD, 0xCB, 
	0xAB, 0xBB, 0xBC, 0xBB, 0xBC, 0xBB, 0xBB, 0xBB, 0xBB, 0xBB, 0xBB, 0xBB, 0xBB, 0xBB, 0xBB, 
	0xBB, 0xBB, 0xBB, 0xBB, 0xBB, 0xBB, 0xBB, 0xBB, 0xBB, 0xBB, 0xBB, 0xBB, 0xBB, 0xBB, 0xBB, 
	0x00, 0x00, 0x00, 0x00, 0x00, 0x00, 0x00, 0x00, 0x00, 0x00, 0x00, 0x00, 0x00, 0x00, 0x00, 
	0x00, 0x00, 0x00, 0x00, 0x00, 0x00, 0x00, 0x00, 0x00, 0x00, 0x00, 0x00, 0x00, 0x00, 0x00, 
	0x00, 0x00, 0x00, 0x00, 0x00, 0x00, 0x00, 0x00, 0x00, 0x00, 0x00, 0x00, 0x00, 0x00, 0x00, 
	0x00, 0x00, 0x00, 0x00, 0x00, 0x00, 0x00, 0x00, 0x00, 0x00, 0x00, 0x00, 0x00, 0x00, 0x00, 
	0x00, 0x00, 0x00, 0x00, 0x00, 0x00, 0x00, 0x00, 0x00, 0x00, 0x00, 0x00, 0x00, 0x00, 0x00, 
	0x00, 0x00, 0x00, 0x00, 0x00, 0x00, 0x00, 0x00, 0x00, 0x00, 0x00, 0x00, 0x00, 0x00, 0x00, 
	0x99, 0x99, 0x99, 0x99, 0x99, 0x99, 0x99, 0x99, 0x99, 0x99, 0xAA, 0xAA, 0xAB, 0xBA, 0x99, 
	0xAA, 0xAA, 0xAA, 0xAA, 0xBB, 0xAA, 0xAA, 0xAA, 0xAA, 0xAA, 0xAB, 0xBB, 0xBA, 0xAA, 0xAA, 
	0xAA, 0xAA, 0xAA, 0xAA, 0xAA, 0xAB, 0xAA, 0xAA, 0xA9, 0xAA, 0xA9, 0x87, 0x66, 0x55, 0x56, 
	0x58, 0x85, 0x33, 0x33, 0x63, 0x22, 0x22, 0x22, 0x22, 0x22, 0x22, 0x22, 0x22, 0x46, 0x66, 
	0x67, 0x78, 0x88, 0x88, 0x88, 0x77, 0x87, 0x77, 0x77, 0x88, 0x87, 0x76, 0x66, 0x66, 0x65, 
	0x53, 0x12, 0x22, 0x11, 0x12, 0x11, 0x22, 0x45, 0x54, 0x45, 0x56, 0x77, 0x77, 0x78, 0x77, 
	0x88, 0x88, 0x88, 0x88, 0x87, 0x77, 0xAA, 0x99, 0x9A, 0x87, 0x66, 0x44, 0x32, 0x23, 0x32, 
	0x22, 0x22, 0x33, 0x33, 0x33, 0x45, 0x43, 0x58, 0x9A, 0xBB, 0xCB, 0xBB, 0xBA, 0x99, 0xAA, 
	0xAA, 0x9A, 0xA9, 0xAA, 0xBB, 0xA8, 0x66, 0x66, 0x56, 0x77, 0x78, 0x88, 0x88, 0x99, 0xAA, 
	0xAA, 0xAA, 0xAA, 0xBB, 0xBB, 0xBB, 0xBB, 0xBB, 0xBB, 0xBB, 0xBB, 0xBB, 0xBB, 0xBB, 0xBB, 
	0xBB, 0xBB, 0xBB, 0xBC, 0xCB, 0xBC, 0xCC, 0xCC, 0xCC, 0xCC, 0xCC, 0xCC, 0xCC, 0xCC, 0xCC, 
	0xCC, 0xCC, 0xCC, 0xCC, 0xCC, 0xDD, 0xCC, 0xCC, 0xCC, 0xCC, 0xCC, 0xCB, 0xBC, 0xDD, 0xCB, 
	0xAB, 0xBB, 0xBC, 0xBB, 0xCC, 0xBB, 0xBB, 0xBB, 0xBB, 0xBB, 0xBB, 0xBB, 0xBB, 0xBB, 0xBB, 
	0xBB, 0xAB, 0xBB, 0xBB, 0xBB, 0xBB, 0xBB, 0xBB, 0xBB, 0xBB, 0xBB, 0xBB, 0xBB, 0xBB, 0xBB, 
	0x00, 0x00, 0x00, 0x00, 0x00, 0x00, 0x00, 0x00, 0x00, 0x00, 0x00, 0x00, 0x00, 0x00, 0x00, 
	0x00, 0x00, 0x00, 0x00, 0x00, 0x00, 0x00, 0x00, 0x00, 0x00, 0x00, 0x00, 0x00, 0x00, 0x00, 
	0x00, 0x00, 0x00, 0x00, 0x00, 0x00, 0x00, 0x00, 0x00, 0x00, 0x00, 0x00, 0x00, 0x00, 0x00, 
	0x00, 0x00, 0x00, 0x00, 0x00, 0x00, 0x00, 0x00, 0x00, 0x00, 0x00, 0x00, 0x00, 0x00, 0x00, 
	0x00, 0x00, 0x00, 0x00, 0x00, 0x00, 0x00, 0x00, 0x00, 0x00, 0x00, 0x00, 0x00, 0x00, 0x00, 
	0x00, 0x00, 0x00, 0x00, 0x00, 0x00, 0x00, 0x00, 0x00, 0x00, 0x00, 0x00, 0x00, 0x00, 0x00, 
	0x99, 0x99, 0x99, 0x99, 0x99, 0x99, 0x99, 0x99, 0x99, 0xA9, 0xAA, 0xAA, 0xAB, 0xBA, 0xA9, 
	0xAA, 0xAA, 0xAA, 0xAA, 0xBB, 0xBA, 0xAA, 0xAA, 0xAA, 0xAA, 0xAB, 0xBB, 0xBA, 0xAA, 0xAA, 
	0xAA, 0xAA, 0xAA, 0xAA, 0xAA, 0xAA, 0xAA, 0xAA, 0xAA, 0xAA, 0xAA, 0x97, 0x77, 0x87, 0x67, 
	0x88, 0x86, 0x44, 0x35, 0x64, 0x32, 0x22, 0x22, 0x22, 0x22, 0x22, 0x22, 0x22, 0x36, 0x66, 
	0x67, 0x87, 0x88, 0x88, 0x88, 0x87, 0x77, 0x87, 0x77, 0x77, 0x87, 0x77, 0x66, 0x67, 0x66, 
	0x63, 0x12, 0x11, 0x22, 0x12, 0x12, 0x22, 0x35, 0x65, 0x56, 0x67, 0x78, 0x88, 0x88, 0x88, 
	0x88, 0x88, 0x88, 0x88, 0x88, 0x78, 0x88, 0x88, 0x87, 0x66, 0x65, 0x45, 0x42, 0x23, 0x32, 
	0x22, 0x22, 0x33, 0x43, 0x44, 0x44, 0x44, 0x8A, 0xAB, 0xCB, 0xBB, 0xAA, 0xA9, 0x99, 0x9A, 
	0xAA, 0x9A, 0xA9, 0xAA, 0x9A, 0xB9, 0x65, 0x66, 0x56, 0x77, 0x77, 0x77, 0x88, 0x99, 0xAA, 
	0xAA, 0xAA, 0xAA, 0xBB, 0xBB, 0xBB, 0xBB, 0xBB, 0xBB, 0xBB, 0xBB, 0xBB, 0xBB, 0xBB, 0xBB, 
	0xBB, 0xBB, 0xBB, 0xBB, 0xCB, 0xBC, 0xCC, 0xCC, 0xCC, 0xCC, 0xCC, 0xCC, 0xCC, 0xCC, 0xCC, 
	0xCC, 0xCC, 0xCC, 0xCC, 0xCC, 0xCC, 0xCC, 0xCC, 0xCC, 0xCC, 0xCC, 0xBB, 0xBC, 0xDC, 0xCB, 
	0xAB, 0xBB, 0xBB, 0xBB, 0xCB, 0xBB, 0xBB, 0xBB, 0xBB, 0xBB, 0xBB, 0xBB, 0xBB, 0xBB, 0xBB, 
	0xAA, 0xAA, 0xBB, 0xBB, 0xBB, 0xBB, 0xBB, 0xBB, 0xBB, 0xBB, 0xBB, 0xBB, 0xBB, 0xBB, 0xBB, 
	0x00, 0x00, 0x00, 0x00, 0x00, 0x00, 0x00, 0x00, 0x00, 0x00, 0x00, 0x00, 0x00, 0x00, 0x00, 
	0x00, 0x00, 0x00, 0x00, 0x00, 0x00, 0x00, 0x00, 0x00, 0x00, 0x00, 0x00, 0x00, 0x00, 0x00, 
	0x00, 0x00, 0x00, 0x00, 0x00, 0x00, 0x00, 0x00, 0x00, 0x00, 0x00, 0x00, 0x00, 0x00, 0x00, 
	0x00, 0x00, 0x00, 0x00, 0x00, 0x00, 0x00, 0x00, 0x00, 0x00, 0x00, 0x00, 0x00, 0x00, 0x00, 
	0x00, 0x00, 0x00, 0x00, 0x00, 0x00, 0x00, 0x00, 0x00, 0x00, 0x00, 0x00, 0x00, 0x00, 0x00, 
	0x00, 0x00, 0x00, 0x00, 0x00, 0x00, 0x00, 0x00, 0x00, 0x00, 0x00, 0x00, 0x00, 0x00, 0x00, 
	0x99, 0x99, 0x99, 0x99, 0x99, 0x99, 0x99, 0x99, 0x99, 0x99, 0x9A, 0xAA, 0xAB, 0xBB, 0xA9, 
	0x9A, 0xAA, 0xAA, 0xAA, 0xAB, 0xBA, 0xAA, 0xAA, 0xAA, 0xAA, 0xAB, 0xBB, 0xBB, 0xAA, 0xAA, 
	0xAA, 0xAA, 0xAA, 0xAA, 0xAA, 0xAA, 0xAA, 0xAA, 0xAB, 0xAA, 0xAA, 0xA9, 0x77, 0x89, 0x98, 
	0xA9, 0x88, 0x76, 0x57, 0x64, 0x32, 0x22, 0x22, 0x22, 0x22, 0x22, 0x33, 0x32, 0x35, 0x76, 
	0x77, 0x77, 0x77, 0x88, 0x88, 0x87, 0x77, 0x88, 0x77, 0x77, 0x77, 0x77, 0x66, 0x77, 0x66, 
	0x64, 0x12, 0x22, 0x22, 0x21, 0x22, 0x22, 0x23, 0x66, 0x66, 0x77, 0x88, 0x88, 0x88, 0x88, 
	0x88, 0x88, 0x88, 0x88, 0x88, 0x78, 0x77, 0x77, 0x87, 0x76, 0x66, 0x55, 0x32, 0x23, 0x32, 
	0x22, 0x22, 0x23, 0x44, 0x44, 0x45, 0x57, 0x9A, 0xBC, 0xBB, 0xBB, 0xA9, 0x99, 0x99, 0xAA, 
	0xA9, 0x9A, 0x99, 0x99, 0x99, 0xAA, 0x85, 0x56, 0x66, 0x65, 0x67, 0x76, 0x68, 0x89, 0xAA, 
	0xAA, 0xAA, 0xAA, 0xAB, 0xBB, 0xBB, 0xBB, 0xBB, 0xBB, 0xBB, 0xBB, 0xBB, 0xBB, 0xBB, 0xBB, 
	0xBB, 0xBB, 0xBB, 0xBC, 0xCB, 0xCC, 0xCC, 0xCC, 0xCC, 0xCC, 0xCC, 0xCC, 0xCC, 0xCC, 0xCC, 
	0xCC, 0xCC, 0xCC, 0xCC, 0xCC, 0xCC, 0xCC, 0xCC, 0xCC, 0xCC, 0xCC, 0xBB, 0xBC, 0xCC, 0xBA, 
	0xAB, 0xBB, 0xBB, 0xBB, 0xCB, 0xBB, 0xBB, 0xBB, 0xBB, 0xBB, 0xBB, 0xBB, 0xBB, 0xBB, 0xAA, 
	0xAB, 0xBB, 0xBB, 0xBB, 0xBB, 0xBB, 0xBB, 0xBB, 0xBB, 0xBB, 0xBB, 0xBB, 0xBB, 0xBB, 0xBB, 
	0x00, 0x00, 0x00, 0x00, 0x00, 0x00, 0x00, 0x00, 0x00, 0x00, 0x00, 0x00, 0x00, 0x00, 0x00, 
	0x00, 0x00, 0x00, 0x00, 0x00, 0x00, 0x00, 0x00, 0x00, 0x00, 0x00, 0x00, 0x00, 0x00, 0x00, 
	0x00, 0x00, 0x00, 0x00, 0x00, 0x00, 0x00, 0x00, 0x00, 0x00, 0x00, 0x00, 0x00, 0x00, 0x00, 
	0x00, 0x00, 0x00, 0x00, 0x00, 0x00, 0x00, 0x00, 0x00, 0x00, 0x00, 0x00, 0x00, 0x00, 0x00, 
	0x00, 0x00, 0x00, 0x00, 0x00, 0x00, 0x00, 0x00, 0x00, 0x00, 0x00, 0x00, 0x00, 0x00, 0x00, 
	0x00, 0x00, 0x00, 0x00, 0x00, 0x00, 0x00, 0x00, 0x00, 0x00, 0x00, 0x00, 0x00, 0x00, 0x00, 
	0x89, 0x99, 0x99, 0x99, 0x99, 0x99, 0x99, 0x99, 0x99, 0x99, 0x99, 0xAA, 0xAA, 0xBB, 0xA9, 
	0x9A, 0xAA, 0xAA, 0xAA, 0xAB, 0xBA, 0xAA, 0xAA, 0xAA, 0xAA, 0xAA, 0xBB, 0xBB, 0xAA, 0xAA, 
	0xBB, 0xAA, 0xAA, 0xAA, 0xAA, 0xAA, 0xAA, 0xAA, 0xAA, 0xAA, 0xAA, 0x9A, 0x88, 0x8A, 0xA9, 
	0xAA, 0xAA, 0x97, 0x69, 0x85, 0x22, 0x22, 0x22, 0x22, 0x22, 0x25, 0x64, 0x32, 0x24, 0x66, 
	0x66, 0x66, 0x76, 0x78, 0x89, 0x87, 0x67, 0x87, 0x77, 0x77, 0x78, 0x87, 0x77, 0x77, 0x66, 
	0x65, 0x22, 0x22, 0x22, 0x22, 0x22, 0x22, 0x22, 0x36, 0x87, 0x77, 0x88, 0x88, 0x88, 0x88, 
	0x88, 0x88, 0x88, 0x88, 0x77, 0x77, 0x88, 0x77, 0x87, 0x76, 0x66, 0x55, 0x43, 0x33, 0x32, 
	0x22, 0x32, 0x23, 0x44, 0x45, 0x55, 0x69, 0xAA, 0xBB, 0xBB, 0xBB, 0xA9, 0x99, 0x99, 0xAA, 
	0x99, 0xAA, 0x99, 0x98, 0x99, 0x9B, 0xA7, 0x66, 0x66, 0x66, 0x77, 0x65, 0x68, 0x99, 0x9A, 
	0xAA, 0xAA, 0xAA, 0xAA, 0xAB, 0xBB, 0xBB, 0xBB, 0xBB, 0xBB, 0xBB, 0xBB, 0xBB, 0xBB, 0xBB, 
	0xBB, 0xBB, 0xBB, 0xCC, 0xCC, 0xCC, 0xCC, 0xCC, 0xCC, 0xCC, 0xCC, 0xCC, 0xCC, 0xCC, 0xCC, 
	0xCC, 0xCC, 0xCC, 0xCC, 0xCC, 0xCC, 0xCC, 0xCC, 0xCC, 0xCC, 0xCC, 0xBB, 0xCC, 0xCC, 0xBA, 
	0xBB, 0xBB, 0xBB, 0xBB, 0xCB, 0xBB, 0xBB, 0xBB, 0xBB, 0xBB, 0xBB, 0xBB, 0xBB, 0xBA, 0xAA, 
	0xBB, 0xBB, 0xBB, 0xBB, 0xBB, 0xBB, 0xBB, 0xBB, 0xBB, 0xBB, 0xBB, 0xBB, 0xBB, 0xBB, 0xBB, 
	0x00, 0x00, 0x00, 0x00, 0x00, 0x00, 0x00, 0x00, 0x00, 0x00, 0x00, 0x00, 0x00, 0x00, 0x00, 
	0x00, 0x00, 0x00, 0x00, 0x00, 0x00, 0x00, 0x00, 0x00, 0x00, 0x00, 0x00, 0x00, 0x00, 0x00, 
	0x00, 0x00, 0x00, 0x00, 0x00, 0x00, 0x00, 0x00, 0x00, 0x00, 0x00, 0x00, 0x00, 0x00, 0x00, 
	0x00, 0x00, 0x00, 0x00, 0x00, 0x00, 0x00, 0x00, 0x00, 0x00, 0x00, 0x00, 0x00, 0x00, 0x00, 
	0x00, 0x00, 0x00, 0x00, 0x00, 0x00, 0x00, 0x00, 0x00, 0x00, 0x00, 0x00, 0x00, 0x00, 0x00, 
	0x00, 0x00, 0x00, 0x00, 0x00, 0x00, 0x00, 0x00, 0x00, 0x00, 0x00, 0x00, 0x00, 0x00, 0x00, 
	0x99, 0x99, 0x99, 0x99, 0x99, 0x99, 0x99, 0x99, 0x99, 0x99, 0xA9, 0xA9, 0xAA, 0xAB, 0xA9, 
	0x9A, 0xAA, 0xAA, 0xAA, 0xAA, 0xBA, 0xAA, 0xAA, 0xAA, 0xAA, 0xAA, 0xBB, 0xBB, 0xAA, 0xAA, 
	0xAA, 0xAA, 0xAA, 0xAA, 0xAA, 0xBA, 0xAA, 0xAA, 0xAA, 0xAA, 0xAA, 0xAA, 0x88, 0xAA, 0xAA, 
	0x9A, 0xAA, 0xA9, 0x79, 0x98, 0x42, 0x33, 0x22, 0x22, 0x22, 0x27, 0x64, 0x43, 0x33, 0x56, 
	0x66, 0x66, 0x66, 0x77, 0x88, 0x76, 0x67, 0x77, 0x77, 0x77, 0x77, 0x77, 0x77, 0x77, 0x66, 
	0x66, 0x32, 0x21, 0x22, 0x22, 0x22, 0x22, 0x22, 0x24, 0x67, 0x77, 0x88, 0x88, 0x88, 0x88, 
	0x88, 0x88, 0x88, 0x88, 0x77, 0x77, 0x78, 0x88, 0x87, 0x66, 0x56, 0x66, 0x43, 0x34, 0x32, 
	0x22, 0x32, 0x23, 0x45, 0x46, 0x67, 0x9B, 0xBB, 0xBB, 0xCB, 0xBA, 0x99, 0x98, 0x89, 0xA9, 
	0x99, 0xAA, 0x98, 0x98, 0x89, 0x9A, 0xB9, 0x65, 0x65, 0x66, 0x76, 0x54, 0x68, 0x89, 0x9A, 
	0x99, 0xAA, 0xAA, 0xAA, 0xAB, 0xBB, 0xBB, 0xBB, 0xBB, 0xBB, 0xBB, 0xBB, 0xBB, 0xBB, 0xBB, 
	0xBB, 0xBB, 0xCC, 0xCB, 0xCC, 0xCC, 0xCC, 0xCC, 0xCC, 0xCC, 0xCC, 0xCC, 0xCC, 0xCC, 0xCC, 
	0xCC, 0xCC, 0xCC, 0xCC, 0xCC, 0xCC, 0xCC, 0xCC, 0xCC, 0xCC, 0xCB, 0xBB, 0xCC, 0xCC, 0xBA, 
	0xBB, 0xBB, 0xBB, 0xBB, 0xCB, 0xBB, 0xBB, 0xBB, 0xBB, 0xBB, 0xBB, 0xBB, 0xBB, 0xAA, 0xBB, 
	0xBB, 0xBB, 0xBB, 0xBB, 0xBB, 0xBB, 0xBB, 0xBB, 0xBB, 0xBB, 0xBB, 0xBB, 0xBB, 0xBB, 0xBB, 
	0x00, 0x00, 0x00, 0x00, 0x00, 0x00, 0x00, 0x00, 0x00, 0x00, 0x00, 0x00, 0x00, 0x00, 0x00, 
	0x00, 0x00, 0x00, 0x00, 0x00, 0x00, 0x00, 0x00, 0x00, 0x00, 0x00, 0x00, 0x00, 0x00, 0x00, 
	0x00, 0x00, 0x00, 0x00, 0x00, 0x00, 0x00, 0x00, 0x00, 0x00, 0x00, 0x00, 0x00, 0x00, 0x00, 
	0x00, 0x00, 0x00, 0x00, 0x00, 0x00, 0x00, 0x00, 0x00, 0x00, 0x00, 0x00, 0x00, 0x00, 0x00, 
	0x00, 0x00, 0x00, 0x00, 0x00, 0x00, 0x00, 0x00, 0x00, 0x00, 0x00, 0x00, 0x00, 0x00, 0x00, 
	0x00, 0x00, 0x00, 0x00, 0x00, 0x00, 0x00, 0x00, 0x00, 0x00, 0x00, 0x00, 0x00, 0x00, 0x00, 
	0x99, 0x89, 0x99, 0x99, 0x99, 0x99, 0x99, 0x99, 0x99, 0x9A, 0xAA, 0xAA, 0xAA, 0xAB, 0xAA, 
	0x9A, 0xAA, 0xAA, 0xAA, 0xAA, 0xBB, 0xAA, 0xAA, 0xAA, 0xAA, 0xAA, 0xBB, 0xBB, 0xAA, 0xAA, 
	0xAA, 0xAA, 0xAA, 0xAA, 0xAA, 0xAA, 0xAA, 0xAA, 0xAA, 0xAA, 0xAA, 0xAA, 0xA9, 0xAA, 0xAA, 
	0x9A, 0xAA, 0xA9, 0x7A, 0xA9, 0x52, 0x33, 0x22, 0x32, 0x22, 0x46, 0x54, 0x54, 0x43, 0x45, 
	0x55, 0x66, 0x67, 0x77, 0x76, 0x66, 0x77, 0x77, 0x77, 0x77, 0x77, 0x77, 0x77, 0x77, 0x66, 
	0x66, 0x31, 0x22, 0x22, 0x21, 0x22, 0x22, 0x22, 0x22, 0x47, 0x87, 0x88, 0x88, 0x88, 0x88, 
	0x88, 0x88, 0x88, 0x88, 0x87, 0x78, 0x77, 0x88, 0x87, 0x66, 0x66, 0x67, 0x43, 0x34, 0x33, 
	0x22, 0x33, 0x33, 0x55, 0x57, 0x89, 0xBB, 0xBB, 0xAB, 0xBA, 0xA9, 0x99, 0x98, 0x99, 0xA9, 
	0xAA, 0xA9, 0x98, 0x88, 0x89, 0x99, 0xA9, 0x65, 0x67, 0x68, 0x86, 0x55, 0x67, 0x89, 0x99, 
	0x99, 0xAA, 0xAA, 0xAB, 0xAA, 0xBB, 0xBB, 0xBB, 0xBB, 0xBB, 0xBB, 0xBB, 0xBB, 0xBB, 0xBB, 
	0xBC, 0xBB, 0xCC, 0xBB, 0xBC, 0xBB, 0xBC, 0xCC, 0xCC, 0xCC, 0xCC, 0xCC, 0xCC, 0xCC, 0xCC, 
	0xCC, 0xCC, 0xCC, 0xCC, 0xCC, 0xCC, 0xCC, 0xCC, 0xCC, 0xCC, 0xCB, 0xBB, 0xCC, 0xCC, 0xAA, 
	0xBB, 0xBB, 0xCB, 0xBB, 0xBB, 0xBB, 0xBB, 0xBB, 0xBB, 0xBB, 0xBB, 0xBB, 0xBB, 0xBB, 0xBB, 
	0xBB, 0xBB, 0xBB, 0xBB, 0xBB, 0xBB, 0xBB, 0xBB, 0xBB, 0xBB, 0xBB, 0xBB, 0xBB, 0xBB, 0xBB, 
	0x00, 0x00, 0x00, 0x00, 0x00, 0x00, 0x00, 0x00, 0x00, 0x00, 0x00, 0x00, 0x00, 0x00, 0x00, 
	0x00, 0x00, 0x00, 0x00, 0x00, 0x00, 0x00, 0x00, 0x00, 0x00, 0x00, 0x00, 0x00, 0x00, 0x00, 
	0x00, 0x00, 0x00, 0x00, 0x00, 0x00, 0x00, 0x00, 0x00, 0x00, 0x00, 0x00, 0x00, 0x00, 0x00, 
	0x00, 0x00, 0x00, 0x00, 0x00, 0x00, 0x00, 0x00, 0x00, 0x00, 0x00, 0x00, 0x00, 0x00, 0x00, 
	0x00, 0x00, 0x00, 0x00, 0x00, 0x00, 0x00, 0x00, 0x00, 0x00, 0x00, 0x00, 0x00, 0x00, 0x00, 
	0x00, 0x00, 0x00, 0x00, 0x00, 0x00, 0x00, 0x00, 0x00, 0x00, 0x00, 0x00, 0x00, 0x00, 0x00, 
	0x99, 0x89, 0x99, 0x99, 0x99, 0x99, 0x99, 0x99, 0x99, 0x99, 0x9A, 0xAA, 0xAA, 0xAA, 0xAA, 
	0x99, 0xAA, 0xAA, 0xAA, 0xAA, 0xBB, 0xAA, 0xAA, 0xAA, 0xAA, 0xAA, 0xBB, 0xBB, 0xBA, 0xAA, 
	0xAA, 0xAA, 0xAA, 0xAA, 0xAA, 0xAA, 0xAA, 0xAA, 0xAA, 0xAA, 0xAA, 0xAA, 0xAA, 0xAA, 0xAA, 
	0xAA, 0xAA, 0xA9, 0x99, 0xAA, 0x73, 0x23, 0x32, 0x33, 0x22, 0x66, 0x45, 0x45, 0x55, 0x56, 
	0x54, 0x66, 0x77, 0x76, 0x55, 0x67, 0x77, 0x77, 0x77, 0x77, 0x77, 0x77, 0x77, 0x77, 0x77, 
	0x66, 0x42, 0x22, 0x22, 0x21, 0x22, 0x22, 0x22, 0x22, 0x35, 0x88, 0x88, 0x88, 0x88, 0x88, 
	0x98, 0x88, 0x88, 0x88, 0x87, 0x88, 0x87, 0x88, 0x87, 0x66, 0x56, 0x67, 0x63, 0x34, 0x33, 
	0x33, 0x33, 0x34, 0x56, 0x68, 0x9B, 0xBB, 0xBB, 0xBB, 0xAA, 0x99, 0x99, 0x98, 0x9B, 0xA9, 
	0xAA, 0x99, 0x98, 0x88, 0x89, 0x89, 0xAA, 0x77, 0x79, 0x98, 0x75, 0x54, 0x57, 0x88, 0x99, 
	0x9A, 0xAA, 0xAA, 0xAB, 0xBB, 0xBB, 0xBB, 0xBB, 0xBB, 0xBB, 0xBB, 0xBB, 0xBB, 0xBB, 0xBB, 
	0xBB, 0xBB, 0xBB, 0xBB, 0xBB, 0xBB, 0xBB, 0xBB, 0xBB, 0xBC, 0xCC, 0xCC, 0xCC, 0xCC, 0xCC, 
	0xCC, 0xCC, 0xCC, 0xCC, 0xCC, 0xCC, 0xCC, 0xCC, 0xCC, 0xCC, 0xCB, 0xBC, 0xCC, 0xCB, 0xAA, 
	0xBB, 0xBC, 0xBB, 0xBB, 0xBB, 0xBB, 0xBB, 0xBB, 0xBB, 0xBB, 0xBB, 0xAA, 0xBB, 0xBB, 0xBB, 
	0xBB, 0xBB, 0xBB, 0xBB, 0xBB, 0xBB, 0xBB, 0xBB, 0xBB, 0xBB, 0xBB, 0xBB, 0xBB, 0xBB, 0xBB, 
	0x00, 0x00, 0x00, 0x00, 0x00, 0x00, 0x00, 0x00, 0x00, 0x00, 0x00, 0x00, 0x00, 0x00, 0x00, 
	0x00, 0x00, 0x00, 0x00, 0x00, 0x00, 0x00, 0x00, 0x00, 0x00, 0x00, 0x00, 0x00, 0x00, 0x00, 
	0x00, 0x00, 0x00, 0x00, 0x00, 0x00, 0x00, 0x00, 0x00, 0x00, 0x00, 0x00, 0x00, 0x00, 0x00, 
	0x00, 0x00, 0x00, 0x00, 0x00, 0x00, 0x00, 0x00, 0x00, 0x00, 0x00, 0x00, 0x00, 0x00, 0x00, 
	0x00, 0x00, 0x00, 0x00, 0x00, 0x00, 0x00, 0x00, 0x00, 0x00, 0x00, 0x00, 0x00, 0x00, 0x00, 
	0x00, 0x00, 0x00, 0x00, 0x00, 0x00, 0x00, 0x00, 0x00, 0x00, 0x00, 0x00, 0x00, 0x00, 0x00, 
	0x88, 0x89, 0x89, 0x99, 0x99, 0x99, 0x99, 0x99, 0x99, 0x99, 0x99, 0xAA, 0xAA, 0xAB, 0xAA, 
	0xAA, 0xAA, 0xAA, 0xAA, 0xAA, 0xBB, 0xAA, 0xAA, 0xAA, 0xAA, 0xAA, 0xAB, 0xBB, 0xBA, 0xAA, 
	0xAA, 0xAA, 0xAA, 0xAA, 0xAA, 0xAA, 0xAA, 0xAA, 0xAA, 0xAA, 0xAA, 0xAA, 0xAA, 0xAA, 0xAA, 
	0xAA, 0xAA, 0xAA, 0xAA, 0xAA, 0x97, 0x33, 0x32, 0x33, 0x24, 0x54, 0x34, 0x55, 0x88, 0x66, 
	0x65, 0x67, 0x76, 0x55, 0x56, 0x77, 0x77, 0x77, 0x77, 0x77, 0x77, 0x77, 0x77, 0x77, 0x77, 
	0x77, 0x42, 0x22, 0x22, 0x22, 0x22, 0x33, 0x22, 0x22, 0x24, 0x68, 0x87, 0x88, 0x88, 0x88, 
	0x88, 0x88, 0x88, 0x88, 0x88, 0x78, 0x88, 0x88, 0x87, 0x66, 0x56, 0x77, 0x74, 0x44, 0x44, 
	0x43, 0x44, 0x45, 0x67, 0x89, 0xAB, 0xBB, 0xBB, 0xBB, 0xAA, 0x98, 0x99, 0x89, 0xBA, 0xAA, 
	0xA9, 0x99, 0x99, 0x99, 0x99, 0x89, 0xAA, 0x87, 0x89, 0x87, 0x65, 0x54, 0x56, 0x77, 0x99, 
	0x99, 0xAA, 0xAA, 0xAA, 0xBB, 0xBB, 0xBB, 0xBB, 0xBB, 0xBB, 0xBB, 0xBB, 0xBB, 0xBB, 0xBB, 
	0xBB, 0xBB, 0xBB, 0xBB, 0xBB, 0xBB, 0xBB, 0xBB, 0xBB, 0xBC, 0xCC, 0xCC, 0xCC, 0xCC, 0xCC, 
	0xCC, 0xCC, 0xCC, 0xCC, 0xCC, 0xCC, 0xCC, 0xCC, 0xCC, 0xCC, 0xCB, 0xBC, 0xCC, 0xCB, 0xAB, 
	0xBB, 0xBB, 0xBB, 0xBB, 0xBB, 0xBB, 0xBB, 0xBB, 0xBB, 0xBB, 0xAA, 0xAB, 0xBB, 0xBB, 0xBB, 
	0xBB, 0xBB, 0xBB, 0xBB, 0xBB, 0xBB, 0xBB, 0xBB, 0xBB, 0xBB, 0xBB, 0xBB, 0xBB, 0xBB, 0xBB, 
	0x00, 0x00, 0x00, 0x00, 0x00, 0x00, 0x00, 0x00, 0x00, 0x00, 0x00, 0x00, 0x00, 0x00, 0x00, 
	0x00, 0x00, 0x00, 0x00, 0x00, 0x00, 0x00, 0x00, 0x00, 0x00, 0x00, 0x00, 0x00, 0x00, 0x00, 
	0x00, 0x00, 0x00, 0x00, 0x00, 0x00, 0x00, 0x00, 0x00, 0x00, 0x00, 0x00, 0x00, 0x00, 0x00, 
	0x00, 0x00, 0x00, 0x00, 0x00, 0x00, 0x00, 0x00, 0x00, 0x00, 0x00, 0x00, 0x00, 0x00, 0x00, 
	0x00, 0x00, 0x00, 0x00, 0x00, 0x00, 0x00, 0x00, 0x00, 0x00, 0x00, 0x00, 0x00, 0x00, 0x00, 
	0x00, 0x00, 0x00, 0x00, 0x00, 0x00, 0x00, 0x00, 0x00, 0x00, 0x00, 0x00, 0x00, 0x00, 0x00, 
	0x88, 0x89, 0x89, 0x99, 0x99, 0x99, 0x99, 0x99, 0x99, 0x99, 0x99, 0x99, 0xAA, 0xAB, 0xBA, 
	0xAA, 0xAA, 0xAA, 0xAA, 0xAA, 0xAB, 0xAA, 0xAA, 0xAA, 0xAA, 0xAA, 0xAA, 0xBB, 0xBA, 0xAA, 
	0xAA, 0xAA, 0xAA, 0xAA, 0xAA, 0xAA, 0xAA, 0xAA, 0xAA, 0xAA, 0xAA, 0xAA, 0xAA, 0xAA, 0xAA, 
	0xAA, 0xAA, 0xAA, 0xAA, 0xAA, 0xA9, 0x54, 0x33, 0x22, 0x25, 0x42, 0x34, 0x55, 0x98, 0x66, 
	0x66, 0x66, 0x54, 0x55, 0x66, 0x67, 0x77, 0x77, 0x77, 0x77, 0x77, 0x77, 0x77, 0x77, 0x77, 
	0x77, 0x52, 0x22, 0x22, 0x22, 0x22, 0x33, 0x22, 0x22, 0x23, 0x57, 0x88, 0x88, 0x89, 0x98, 
	0x88, 0x88, 0x88, 0x88, 0x88, 0x88, 0x88, 0x88, 0x88, 0x66, 0x56, 0x77, 0x75, 0x44, 0x45, 
	0x44, 0x44, 0x56, 0x78, 0x9A, 0xBB, 0xBB, 0xBA, 0xAA, 0xA9, 0x99, 0x99, 0x9B, 0xB9, 0xAA, 
	0xA9, 0x99, 0x88, 0x88, 0x88, 0x99, 0xAA, 0x89, 0x98, 0x76, 0x77, 0x64, 0x44, 0x47, 0x99, 
	0x9A, 0xAA, 0xAA, 0xAA, 0xAA, 0xBB, 0xBB, 0xBB, 0xBB, 0xBB, 0xBB, 0xBB, 0xBB, 0xBB, 0xBB, 
	0xBB, 0xBB, 0xBB, 0xBB, 0xBB, 0xBB, 0xBB, 0xBB, 0xBB, 0xBB, 0xCC, 0xCC, 0xCC, 0xCC, 0xCC, 
	0xCC, 0xCC, 0xCC, 0xCC, 0xCC, 0xCC, 0xCC, 0xCC, 0xCC, 0xCC, 0xBB, 0xBC, 0xCC, 0xCB, 0xAB, 
	0xBB, 0xBB, 0xBB, 0xBB, 0xBB, 0xBB, 0xBB, 0xBB, 0xBB, 0xBA, 0xAB, 0xBB, 0xBB, 0xBB, 0xBB, 
	0xBB, 0xBB, 0xBB, 0xBB, 0xBB, 0xBB, 0xBB, 0xBB, 0xBB, 0xBB, 0xBB, 0xBB, 0xBB, 0xBB, 0xAA, 
	0x00, 0x00, 0x00, 0x00, 0x00, 0x00, 0x00, 0x00, 0x00, 0x00, 0x00, 0x00, 0x00, 0x00, 0x00, 
	0x00, 0x00, 0x00, 0x00, 0x00, 0x00, 0x00, 0x00, 0x00, 0x00, 0x00, 0x00, 0x00, 0x00, 0x00, 
	0x00, 0x00, 0x00, 0x00, 0x00, 0x00, 0x00, 0x00, 0x00, 0x00, 0x00, 0x00, 0x00, 0x00, 0x00, 
	0x00, 0x00, 0x00, 0x00, 0x00, 0x00, 0x00, 0x00, 0x00, 0x00, 0x00, 0x00, 0x00, 0x00, 0x00, 
	0x00, 0x00, 0x00, 0x00, 0x00, 0x00, 0x00, 0x00, 0x00, 0x00, 0x00, 0x00, 0x00, 0x00, 0x00, 
	0x00, 0x00, 0x00, 0x00, 0x00, 0x00, 0x00, 0x00, 0x00, 0x00, 0x00, 0x00, 0x00, 0x00, 0x00, 
	0x88, 0x88, 0x89, 0x99, 0x99, 0x99, 0x99, 0x99, 0x99, 0x99, 0x99, 0x99, 0x9A, 0xAA, 0xBA, 
	0xAA, 0xAA, 0xAA, 0xAA, 0xAA, 0xAB, 0xBA, 0xAA, 0xAA, 0xAA, 0xAA, 0xAA, 0xBB, 0xBA, 0xAA, 
	0xAA, 0xAA, 0xAA, 0xAA, 0xAA, 0xAA, 0xAA, 0xAA, 0xAA, 0xAA, 0xAA, 0xAA, 0xAA, 0xAA, 0xAA, 
	0x9A, 0xAA, 0xAA, 0xAA, 0xAA, 0xA9, 0x76, 0x54, 0x22, 0x24, 0x33, 0x36, 0x65, 0x76, 0x47, 
	0x66, 0x55, 0x46, 0x76, 0x66, 0x66, 0x77, 0x77, 0x76, 0x77, 0x77, 0x77, 0x77, 0x77, 0x77, 
	0x77, 0x52, 0x22, 0x22, 0x22, 0x22, 0x33, 0x32, 0x22, 0x23, 0x45, 0x67, 0x88, 0x99, 0x98, 
	0x89, 0x88, 0x88, 0x88, 0x98, 0x88, 0x88, 0x88, 0x88, 0x75, 0x56, 0x77, 0x76, 0x54, 0x45, 
	0x54, 0x44, 0x66, 0x79, 0x9B, 0xAB, 0xBB, 0xBA, 0xAA, 0xA9, 0x99, 0x89, 0xAA, 0x99, 0xAA, 
	0xAA, 0x99, 0x88, 0x89, 0x88, 0x89, 0xAB, 0xA9, 0x87, 0x67, 0x76, 0x53, 0x33, 0x46, 0x99, 
	0xAA, 0xAA, 0xAA, 0xAA, 0xAA, 0xAA, 0xAA, 0xBB, 0xBB, 0xBB, 0xBB, 0xBB, 0xBB, 0xBB, 0xBB, 
	0xBB, 0xBB, 0xBB, 0xBB, 0xBB, 0xBB, 0xBB, 0xBB, 0xBB, 0xBB, 0xBC, 0xCC, 0xCC, 0xCC, 0xCC, 
	0xCC, 0xCC, 0xCC, 0xCC, 0xCC, 0xCC, 0xCC, 0xCC, 0xCC, 0xCC, 0xBB, 0xBC, 0xCC, 0xCA, 0xAB, 
	0xBB, 0xBB, 0xBB, 0xBB, 0xBB, 0xBB, 0xBB, 0xBB, 0xBB, 0xBB, 0xBB, 0xBB, 0xBB, 0xBB, 0xBB, 
	0xBB, 0xBB, 0xBB, 0xBB, 0xBB, 0xBB, 0xBB, 0xBB, 0xBB, 0xBB, 0xBB, 0xBB, 0xBB, 0xBB, 0xAA, 
	0x00, 0x00, 0x00, 0x00, 0x00, 0x00, 0x00, 0x00, 0x00, 0x00, 0x00, 0x00, 0x00, 0x00, 0x00, 
	0x00, 0x00, 0x00, 0x00, 0x00, 0x00, 0x00, 0x00, 0x00, 0x00, 0x00, 0x00, 0x00, 0x00, 0x00, 
	0x00, 0x00, 0x00, 0x00, 0x00, 0x00, 0x00, 0x00, 0x00, 0x00, 0x00, 0x00, 0x00, 0x00, 0x00, 
	0x00, 0x00, 0x00, 0x00, 0x00, 0x00, 0x00, 0x00, 0x00, 0x00, 0x00, 0x00, 0x00, 0x00, 0x00, 
	0x00, 0x00, 0x00, 0x00, 0x00, 0x00, 0x00, 0x00, 0x00, 0x00, 0x00, 0x00, 0x00, 0x00, 0x00, 
	0x00, 0x00, 0x00, 0x00, 0x00, 0x00, 0x00, 0x00, 0x00, 0x00, 0x00, 0x00, 0x00, 0x00, 0x00, 
	0x88, 0x88, 0x89, 0x89, 0x99, 0x99, 0x99, 0x99, 0x99, 0x99, 0x99, 0x99, 0x99, 0xAA, 0xAA, 
	0xA9, 0x9A, 0xAA, 0xAA, 0xAA, 0xAB, 0xBA, 0xAA, 0xAA, 0xAA, 0xAA, 0xAA, 0xBB, 0xBB, 0xA9, 
	0xAA, 0xAA, 0xAA, 0xAA, 0xAA, 0xAA, 0xAA, 0xAA, 0xAA, 0xAA, 0xAA, 0xAA, 0xAA, 0xAA, 0xAA, 
	0x99, 0xAA, 0xAA, 0xA9, 0x99, 0xA9, 0x77, 0x76, 0x42, 0x22, 0x45, 0x68, 0x76, 0x54, 0x46, 
	0x65, 0x45, 0x46, 0x76, 0x66, 0x66, 0x76, 0x77, 0x77, 0x77, 0x77, 0x77, 0x77, 0x77, 0x76, 
	0x77, 0x62, 0x22, 0x22, 0x22, 0x22, 0x23, 0x43, 0x23, 0x34, 0x56, 0x66, 0x78, 0x99, 0x88, 
	0x99, 0x98, 0x88, 0x99, 0x99, 0x88, 0x88, 0x87, 0x88, 0x86, 0x57, 0x78, 0x77, 0x65, 0x45, 
	0x65, 0x45, 0x67, 0x8A, 0xAB, 0xAA, 0xBB, 0xBA, 0xAA, 0xA9, 0x99, 0x9A, 0xA9, 0xAA, 0xBA, 
	0xA9, 0x98, 0x99, 0x88, 0x88, 0x89, 0xBB, 0xA7, 0x67, 0x75, 0x66, 0x43, 0x45, 0x68, 0x9A, 
	0x9A, 0xAA, 0xAA, 0xAA, 0xAA, 0xAB, 0xBB, 0xBB, 0xBB, 0xBB, 0xBB, 0xBB, 0xBB, 0xBB, 0xBB, 
	0xBB, 0xBB, 0xBB, 0xBB, 0xBB, 0xBB, 0xBB, 0xBB, 0xBB, 0xBB, 0xBB, 0xCC, 0xCC, 0xCC, 0xCC, 
	0xCC, 0xCC, 0xCC, 0xCC, 0xCC, 0xCC, 0xCC, 0xCC, 0xCC, 0xCC, 0xBB, 0xBC, 0xCC, 0xBA, 0xAB, 
	0xBB, 0xBB, 0xBB, 0xBB, 0xBB, 0xBB, 0xBB, 0xBB, 0xBB, 0xBB, 0xBB, 0xBB, 0xBB, 0xBB, 0xBB, 
	0xBB, 0xBB, 0xBB, 0xBB, 0xBB, 0xBB, 0xBB, 0xBB, 0xBB, 0xBB, 0xBB, 0xBB, 0xBB, 0xBB, 0xAA, 
	0x00, 0x00, 0x00, 0x00, 0x00, 0x00, 0x00, 0x00, 0x00, 0x00, 0x00, 0x00, 0x00, 0x00, 0x00, 
	0x00, 0x00, 0x00, 0x00, 0x00, 0x00, 0x00, 0x00, 0x00, 0x00, 0x00, 0x00, 0x00, 0x00, 0x00, 
	0x00, 0x00, 0x00, 0x00, 0x00, 0x00, 0x00, 0x00, 0x00, 0x00, 0x00, 0x00, 0x00, 0x00, 0x00, 
	0x00, 0x00, 0x00, 0x00, 0x00, 0x00, 0x00, 0x00, 0x00, 0x00, 0x00, 0x00, 0x00, 0x00, 0x00, 
	0x00, 0x00, 0x00, 0x00, 0x00, 0x00, 0x00, 0x00, 0x00, 0x00, 0x00, 0x00, 0x00, 0x00, 0x00, 
	0x00, 0x00, 0x00, 0x00, 0x00, 0x00, 0x00, 0x00, 0x00, 0x00, 0x00, 0x00, 0x00, 0x00, 0x00, 
	0x88, 0x88, 0x88, 0x89, 0x99, 0x99, 0x99, 0x99, 0x99, 0x99, 0x99, 0x99, 0x99, 0xAA, 0xAB, 
	0xA9, 0x9A, 0xAA, 0xAA, 0xAA, 0xAB, 0xBA, 0xAA, 0xAA, 0xAA, 0xAA, 0xAA, 0xBB, 0xBB, 0xAA, 
	0xAA, 0xAA, 0xAA, 0xAA, 0xAA, 0xAA, 0xAA, 0xAA, 0xAA, 0xAA, 0xAA, 0xAA, 0xA9, 0x99, 0x99, 
	0x99, 0x99, 0xA9, 0xA9, 0x87, 0x98, 0x66, 0x57, 0x63, 0x22, 0x35, 0x67, 0x55, 0x43, 0x23, 
	0x33, 0x22, 0x24, 0x76, 0x66, 0x66, 0x76, 0x77, 0x77, 0x77, 0x77, 0x77, 0x77, 0x77, 0x76, 
	0x77, 0x62, 0x22, 0x22, 0x22, 0x22, 0x23, 0x44, 0x33, 0x35, 0x56, 0x76, 0x78, 0x99, 0x99, 
	0x99, 0x98, 0x88, 0x99, 0x99, 0x88, 0x88, 0x87, 0x78, 0x87, 0x67, 0x78, 0x77, 0x76, 0x55, 
	0x65, 0x56, 0x67, 0x9A, 0xBB, 0xAA, 0xBB, 0xAA, 0xAA, 0xA9, 0x99, 0xAA, 0xAA, 0xBB, 0xA9, 
	0x98, 0x89, 0x99, 0x88, 0x89, 0xAB, 0xBA, 0xA8, 0x87, 0x47, 0x76, 0x66, 0x66, 0x67, 0x88, 
	0x99, 0x99, 0xAA, 0xAA, 0xAA, 0xBB, 0xBB, 0xBB, 0xBB, 0xBB, 0xBB, 0xBB, 0xBB, 0xBB, 0xBB, 
	0xBB, 0xBB, 0xBB, 0xBB, 0xBB, 0xBB, 0xBB, 0xBB, 0xBB, 0xBB, 0xBC, 0xCC, 0xCC, 0xCC, 0xCC, 
	0xCC, 0xCC, 0xCC, 0xCC, 0xCC, 0xCC, 0xCC, 0xCC, 0xCC, 0xCC, 0xBB, 0xCC, 0xCC, 0xBA, 0xAB, 
	0xBB, 0xBB, 0xBB, 0xBB, 0xBB, 0xBB, 0xBB, 0xBB, 0xBB, 0xBB, 0xBB, 0xBB, 0xBB, 0xBB, 0xBB, 
	0xBB, 0xBB, 0xBB, 0xBB, 0xBB, 0xBB, 0xBB, 0xBB, 0xBB, 0xBB, 0xBB, 0xBB, 0xBB, 0xBB, 0xAA, 
	0x00, 0x00, 0x00, 0x00, 0x00, 0x00, 0x00, 0x00, 0x00, 0x00, 0x00, 0x00, 0x00, 0x00, 0x00, 
	0x00, 0x00, 0x00, 0x00, 0x00, 0x00, 0x00, 0x00, 0x00, 0x00, 0x00, 0x00, 0x00, 0x00, 0x00, 
	0x00, 0x00, 0x00, 0x00, 0x00, 0x00, 0x00, 0x00, 0x00, 0x00, 0x00, 0x00, 0x00, 0x00, 0x00, 
	0x00, 0x00, 0x00, 0x00, 0x00, 0x00, 0x00, 0x00, 0x00, 0x00, 0x00, 0x00, 0x00, 0x00, 0x00, 
	0x00, 0x00, 0x00, 0x00, 0x00, 0x00, 0x00, 0x00, 0x00, 0x00, 0x00, 0x00, 0x00, 0x00, 0x00, 
	0x00, 0x00, 0x00, 0x00, 0x00, 0x00, 0x00, 0x00, 0x00, 0x00, 0x00, 0x00, 0x00, 0x00, 0x00, 
	0x88, 0x88, 0x88, 0x88, 0x99, 0x99, 0x99, 0x99, 0x99, 0x99, 0x99, 0x99, 0x99, 0xAA, 0xAA, 
	0xAA, 0x99, 0xAA, 0xAA, 0xAA, 0xAA, 0xBB, 0xAA, 0xAA, 0xAA, 0xAA, 0xAA, 0xAB, 0xBB, 0xAA, 
	0xAA, 0xAA, 0xAA, 0xAA, 0xAA, 0xAA, 0xAA, 0xAA, 0xAA, 0xAA, 0xAA, 0xAA, 0xAA, 0x98, 0x78, 
	0x98, 0x88, 0x99, 0xAA, 0x85, 0x77, 0x65, 0x35, 0x63, 0x22, 0x33, 0x45, 0x44, 0x43, 0x32, 
	0x22, 0x23, 0x34, 0x76, 0x66, 0x66, 0x67, 0x77, 0x77, 0x77, 0x77, 0x77, 0x77, 0x77, 0x76, 
	0x67, 0x63, 0x22, 0x22, 0x22, 0x23, 0x23, 0x44, 0x33, 0x45, 0x56, 0x77, 0x88, 0x99, 0x99, 
	0x99, 0x99, 0x88, 0x99, 0x99, 0x88, 0x88, 0x87, 0x77, 0x88, 0x77, 0x78, 0x87, 0x76, 0x65, 
	0x55, 0x66, 0x78, 0xAB, 0xBA, 0xAA, 0xAA, 0xAA, 0xAA, 0x99, 0x9A, 0xAA, 0xAB, 0xAA, 0x98, 
	0x99, 0x99, 0x98, 0x88, 0x9A, 0xA9, 0x99, 0xA9, 0x65, 0x98, 0x87, 0x76, 0x55, 0x55, 0x78, 
	0x89, 0x99, 0xAA, 0xAA, 0xAA, 0xAA, 0xAA, 0xAB, 0xBB, 0xBB, 0xBB, 0xBB, 0xBB, 0xBB, 0xBB, 
	0xBB, 0xBB, 0xBB, 0xBB, 0xBB, 0xBB, 0xBB, 0xBB, 0xBB, 0xBB, 0xCC, 0xCC, 0xCC, 0xCC, 0xCC, 
	0xCC, 0xCC, 0xCC, 0xCC, 0xCC, 0xCC, 0xCC, 0xCC, 0xCC, 0xCB, 0xBB, 0xCC, 0xCC, 0xBA, 0xBB, 
	0xBB, 0xBB, 0xBB, 0xBB, 0xBB, 0xBB, 0xBB, 0xBB, 0xBB, 0xBB, 0xBB, 0xBB, 0xBB, 0xBB, 0xBB, 
	0xBB, 0xBB, 0xBB, 0xBB, 0xBB, 0xBB, 0xBB, 0xBB, 0xBB, 0xBB, 0xBB, 0xBB, 0xBB, 0xBA, 0xAA, 
	0x00, 0x00, 0x00, 0x00, 0x00, 0x00, 0x00, 0x00, 0x00, 0x00, 0x00, 0x00, 0x00, 0x00, 0x00, 
	0x00, 0x00, 0x00, 0x00, 0x00, 0x00, 0x00, 0x00, 0x00, 0x00, 0x00, 0x00, 0x00, 0x00, 0x00, 
	0x00, 0x00, 0x00, 0x00, 0x00, 0x00, 0x00, 0x00, 0x00, 0x00, 0x00, 0x00, 0x00, 0x00, 0x00, 
	0x00, 0x00, 0x00, 0x00, 0x00, 0x00, 0x00, 0x00, 0x00, 0x00, 0x00, 0x00, 0x00, 0x00, 0x00, 
	0x00, 0x00, 0x00, 0x00, 0x00, 0x00, 0x00, 0x00, 0x00, 0x00, 0x00, 0x00, 0x00, 0x00, 0x00, 
	0x00, 0x00, 0x00, 0x00, 0x00, 0x00, 0x00, 0x00, 0x00, 0x00, 0x00, 0x00, 0x00, 0x00, 0x00, 
	0x88, 0x88, 0x88, 0x88, 0x89, 0x99, 0x99, 0x99, 0x99, 0x99, 0x99, 0x99, 0x99, 0x9A, 0xAA, 
	0xAA, 0x99, 0xAA, 0xAA, 0xAA, 0xAA, 0xBB, 0xAA, 0xAA, 0xAA, 0xAA, 0xAA, 0xAB, 0xBB, 0xAA, 
	0xAA, 0xAA, 0xAA, 0xAA, 0xAA, 0xAA, 0xAA, 0xAA, 0xAA, 0xAA, 0xAA, 0xAA, 0xAA, 0x97, 0x67, 
	0x88, 0x79, 0x88, 0x99, 0x85, 0x68, 0x76, 0x42, 0x34, 0x22, 0x22, 0x44, 0x35, 0x54, 0x34, 
	0x32, 0x33, 0x34, 0x76, 0x66, 0x66, 0x66, 0x77, 0x77, 0x77, 0x77, 0x77, 0x77, 0x77, 0x77, 
	0x77, 0x63, 0x22, 0x22, 0x23, 0x23, 0x33, 0x44, 0x54, 0x45, 0x56, 0x78, 0x88, 0x89, 0x99, 
	0x99, 0x99, 0x88, 0x99, 0x99, 0x88, 0x88, 0x87, 0x77, 0x87, 0x77, 0x78, 0x77, 0x77, 0x76, 
	0x66, 0x87, 0x79, 0xBB, 0xBA, 0xAA, 0xAA, 0xAA, 0xAA, 0x99, 0xAA, 0xAA, 0xAB, 0x99, 0x99, 
	0x99, 0x98, 0x89, 0x9A, 0x99, 0x88, 0x8B, 0xBA, 0x7A, 0x97, 0x66, 0x66, 0x76, 0x54, 0x58, 
	0x89, 0x99, 0x9A, 0xAA, 0xAA, 0xAB, 0xBB, 0xBB, 0xBB, 0xBB, 0xBB, 0xBB, 0xBB, 0xBB, 0xBB, 
	0xBB, 0xBB, 0xBB, 0xBB, 0xBB, 0xBB, 0xBB, 0xBB, 0xBB, 0xCC, 0xCC, 0xCC, 0xCC, 0xCC, 0xCC, 
	0xCC, 0xCC, 0xCC, 0xCC, 0xCC, 0xCC, 0xCC, 0xCC, 0xCC, 0xCB, 0xBB, 0xCC, 0xCC, 0xAA, 0xBB, 
	0xBB, 0xBB, 0xBB, 0xBB, 0xBB, 0xBB, 0xBB, 0xBB, 0xBB, 0xBB, 0xBB, 0xBB, 0xBB, 0xBB, 0xBB, 
	0xBB, 0xBB, 0xBB, 0xBB, 0xBB, 0xBB, 0xBB, 0xBB, 0xBB, 0xBB, 0xBB, 0xBB, 0xBA, 0xBA, 0xAA, 
	0x00, 0x00, 0x00, 0x00, 0x00, 0x00, 0x00, 0x00, 0x00, 0x00, 0x00, 0x00, 0x00, 0x00, 0x00, 
	0x00, 0x00, 0x00, 0x00, 0x00, 0x00, 0x00, 0x00, 0x00, 0x00, 0x00, 0x00, 0x00, 0x00, 0x00, 
	0x00, 0x00, 0x00, 0x00, 0x00, 0x00, 0x00, 0x00, 0x00, 0x00, 0x00, 0x00, 0x00, 0x00, 0x00, 
	0x00, 0x00, 0x00, 0x00, 0x00, 0x00, 0x00, 0x00, 0x00, 0x00, 0x00, 0x00, 0x00, 0x00, 0x00, 
	0x00, 0x00, 0x00, 0x00, 0x00, 0x00, 0x00, 0x00, 0x00, 0x00, 0x00, 0x00, 0x00, 0x00, 0x00, 
	0x00, 0x00, 0x00, 0x00, 0x00, 0x00, 0x00, 0x00, 0x00, 0x00, 0x00, 0x00, 0x00, 0x00, 0x00, 
	0x88, 0x88, 0x88, 0x88, 0x89, 0x99, 0x99, 0x99, 0x99, 0x99, 0x99, 0x99, 0x99, 0x99, 0xAA, 
	0xAA, 0x99, 0x9A, 0xAA, 0xAA, 0xAA, 0xBB, 0xAA, 0xAA, 0xAA, 0xBB, 0xAA, 0xAB, 0xBB, 0xBA, 
	0x9A, 0xAA, 0xAA, 0xAA, 0xAA, 0xAA, 0xAA, 0xAA, 0xAA, 0xAA, 0xAA, 0xAA, 0xA9, 0x97, 0x67, 
	0x76, 0x78, 0x87, 0x87, 0x76, 0x56, 0x75, 0x54, 0x22, 0x22, 0x23, 0x53, 0x55, 0x66, 0x45, 
	0x43, 0x33, 0x24, 0x76, 0x66, 0x66, 0x67, 0x77, 0x77, 0x77, 0x77, 0x77, 0x77, 0x77, 0x77, 
	0x67, 0x63, 0x22, 0x22, 0x22, 0x23, 0x43, 0x45, 0x55, 0x55, 0x56, 0x78, 0x88, 0x89, 0x99, 
	0x99, 0x99, 0x99, 0x99, 0x99, 0x88, 0x87, 0x78, 0x87, 0x88, 0x87, 0x78, 0x77, 0x87, 0x88, 
	0x67, 0x87, 0x8A, 0xBB, 0xA9, 0x9A, 0xAA, 0xAA, 0xA9, 0x99, 0xAA, 0xAA, 0xBA, 0x99, 0x98, 
	0x89, 0x99, 0x99, 0x9A, 0x98, 0x88, 0xAB, 0xBB, 0xA8, 0x76, 0x66, 0x88, 0x54, 0x56, 0x78, 
	0x89, 0x99, 0xA9, 0xAA, 0xAA, 0xAA, 0xAA, 0xBB, 0xBB, 0xBB, 0xBB, 0xBB, 0xBB, 0xBB, 0xBB, 
	0xBB, 0xBB, 0xBB, 0xBB, 0xBB, 0xBB, 0xBB, 0xBB, 0xBB, 0xBC, 0xCC, 0xCC, 0xCC, 0xCC, 0xCC, 
	0xCC, 0xCC, 0xCC, 0xCC, 0xCC, 0xCC, 0xCC, 0xCC, 0xCC, 0xCB, 0xAC, 0xCC, 0xCB, 0xAA, 0xBB, 
	0xBB, 0xBB, 0xBB, 0xBB, 0xBB, 0xBB, 0xBB, 0xBB, 0xBB, 0xBB, 0xBB, 0xBB, 0xBB, 0xBB, 0xBB, 
	0xBB, 0xBB, 0xBB, 0xBB, 0xBB, 0xBB, 0xBB, 0xBB, 0xBB, 0xBB, 0xBB, 0xBB, 0xBB, 0xAA, 0xAA, 
	0x00, 0x00, 0x00, 0x00, 0x00, 0x00, 0x00, 0x00, 0x00, 0x00, 0x00, 0x00, 0x00, 0x00, 0x00, 
	0x00, 0x00, 0x00, 0x00, 0x00, 0x00, 0x00, 0x00, 0x00, 0x00, 0x00, 0x00, 0x00, 0x00, 0x00, 
	0x00, 0x00, 0x00, 0x00, 0x00, 0x00, 0x00, 0x00, 0x00, 0x00, 0x00, 0x00, 0x00, 0x00, 0x00, 
	0x00, 0x00, 0x00, 0x00, 0x00, 0x00, 0x00, 0x00, 0x00, 0x00, 0x00, 0x00, 0x00, 0x00, 0x00, 
	0x00, 0x00, 0x00, 0x00, 0x00, 0x00, 0x00, 0x00, 0x00, 0x00, 0x00, 0x00, 0x00, 0x00, 0x00, 
	0x00, 0x00, 0x00, 0x00, 0x00, 0x00, 0x00, 0x00, 0x00, 0x00, 0x00, 0x00, 0x00, 0x00, 0x00, 
	0x88, 0x88, 0x88, 0x88, 0x88, 0x99, 0x99, 0x99, 0x99, 0x99, 0x99, 0x99, 0x99, 0x99, 0xAA, 
	0xAA, 0x99, 0x9A, 0xAA, 0xAA, 0xAA, 0xAA, 0xAA, 0xAA, 0xAA, 0xAA, 0xAB, 0xAB, 0xBB, 0xBA, 
	0xAA, 0xAA, 0xAA, 0xAA, 0xAA, 0xAA, 0xAA, 0xAA, 0xAA, 0xAA, 0xAA, 0xAA, 0x98, 0x76, 0x66, 
	0x66, 0x78, 0x77, 0x77, 0x86, 0x55, 0x53, 0x44, 0x32, 0x32, 0x23, 0x43, 0x44, 0x33, 0x34, 
	0x33, 0x33, 0x34, 0x77, 0x77, 0x77, 0x67, 0x77, 0x77, 0x66, 0x77, 0x77, 0x66, 0x77, 0x77, 
	0x67, 0x73, 0x22, 0x22, 0x22, 0x22, 0x44, 0x44, 0x55, 0x56, 0x67, 0x88, 0x88, 0x89, 0x99, 
	0x99, 0x99, 0x99, 0x99, 0xAA, 0x98, 0x88, 0x88, 0x88, 0x88, 0x87, 0x88, 0x78, 0x87, 0x78, 
	0x78, 0x88, 0x8A, 0xBB, 0xA9, 0x9A, 0xAA, 0xAA, 0x99, 0x9A, 0xAA, 0xAA, 0xA9, 0x99, 0x99, 
	0x99, 0x99, 0xAA, 0x98, 0x89, 0x9A, 0xBA, 0xBB, 0x97, 0x76, 0x67, 0x77, 0x64, 0x57, 0x88, 
	0x88, 0x99, 0x9A, 0xAA, 0xAA, 0xAA, 0xAA, 0xBB, 0xBB, 0xBB, 0xBB, 0xBB, 0xBB, 0xBB, 0xBB, 
	0xBB, 0xBB, 0xBB, 0xBB, 0xBB, 0xBB, 0xBB, 0xBB, 0xBB, 0xBC, 0xCC, 0xCC, 0xCC, 0xCC, 0xCC, 
	0xCC, 0xCC, 0xCC, 0xCC, 0xCC, 0xCC, 0xCC, 0xCC, 0xCC, 0xCB, 0xBC, 0xCC, 0xCB, 0xAA, 0xBB, 
	0xBB, 0xBB, 0xBB, 0xBB, 0xBB, 0xBB, 0xBB, 0xBB, 0xBB, 0xBB, 0xBB, 0xBB, 0xBB, 0xBB, 0xBB, 
	0xBB, 0xBB, 0xBB, 0xBB, 0xBB, 0xBB, 0xBB, 0xBA, 0xBB, 0xBB, 0xBB, 0xBA, 0xBA, 0xAA, 0xAA, 
	0x00, 0x00, 0x00, 0x00, 0x00, 0x00, 0x00, 0x00, 0x00, 0x00, 0x00, 0x00, 0x00, 0x00, 0x00, 
	0x00, 0x00, 0x00, 0x00, 0x00, 0x00, 0x00, 0x00, 0x00, 0x00, 0x00, 0x00, 0x00, 0x00, 0x00, 
	0x00, 0x00, 0x00, 0x00, 0x00, 0x00, 0x00, 0x00, 0x00, 0x00, 0x00, 0x00, 0x00, 0x00, 0x00, 
	0x00, 0x00, 0x00, 0x00, 0x00, 0x00, 0x00, 0x00, 0x00, 0x00, 0x00, 0x00, 0x00, 0x00, 0x00, 
	0x00, 0x00, 0x00, 0x00, 0x00, 0x00, 0x00, 0x00, 0x00, 0x00, 0x00, 0x00, 0x00, 0x00, 0x00, 
	0x00, 0x00, 0x00, 0x00, 0x00, 0x00, 0x00, 0x00, 0x00, 0x00, 0x00, 0x00, 0x00, 0x00, 0x00, 
	0x88, 0x88, 0x88, 0x88, 0x88, 0x89, 0x99, 0x99, 0x99, 0x99, 0x99, 0x99, 0x99, 0x99, 0xAA, 
	0xAA, 0x99, 0x99, 0xAA, 0xAA, 0xAA, 0xAB, 0xAA, 0xAA, 0xAA, 0xAA, 0xAB, 0xBB, 0xBB, 0xBA, 
	0xA9, 0xAA, 0xAA, 0xAA, 0xAA, 0xAA, 0xAA, 0xAA, 0xAA, 0xAA, 0xAA, 0xAA, 0x96, 0x66, 0x76, 
	0x67, 0x77, 0x78, 0x77, 0x87, 0x65, 0x53, 0x33, 0x33, 0x43, 0x22, 0x22, 0x33, 0x33, 0x33, 
	0x33, 0x33, 0x33, 0x77, 0x67, 0x77, 0x66, 0x67, 0x66, 0x66, 0x77, 0x77, 0x76, 0x67, 0x77, 
	0x77, 0x73, 0x23, 0x22, 0x22, 0x22, 0x34, 0x45, 0x56, 0x67, 0x78, 0x88, 0x88, 0x89, 0x99, 
	0x99, 0x99, 0x9A, 0xAA, 0xAA, 0x98, 0x88, 0x88, 0x88, 0x88, 0x88, 0x88, 0x78, 0x77, 0x77, 
	0x78, 0x89, 0x9A, 0xBA, 0xA9, 0xAA, 0xAB, 0xAA, 0x99, 0xAA, 0xAA, 0xAA, 0x99, 0x99, 0x99, 
	0x99, 0xAB, 0xA9, 0x9A, 0xAB, 0xBA, 0xAA, 0xAB, 0x97, 0x76, 0x76, 0x67, 0x66, 0x56, 0x88, 
	0x88, 0x99, 0xAA, 0xAA, 0xAA, 0xAA, 0xAA, 0xBB, 0xBB, 0xBB, 0xBB, 0xBB, 0xBB, 0xBB, 0xBB, 
	0xBB, 0xBB, 0xBB, 0xBB, 0xBB, 0xBB, 0xBB, 0xBB, 0xBB, 0xBB, 0xCC, 0xCC, 0xCC, 0xCC, 0xCC, 
	0xCC, 0xCC, 0xCC, 0xCC, 0xCC, 0xCC, 0xCC, 0xCC, 0xCC, 0xBB, 0xBC, 0xCC, 0xCB, 0xAA, 0xBB, 
	0xBB, 0xBB, 0xBB, 0xBB, 0xBB, 0xBB, 0xBB, 0xBB, 0xBB, 0xBB, 0xBB, 0xBB, 0xBB, 0xBB, 0xBB, 
	0xBB, 0xBB, 0xBB, 0xBB, 0xBB, 0xBB, 0xBB, 0xBB, 0xBB, 0xBB, 0xBA, 0xAA, 0xAA, 0xAA, 0xAA, 
	0x00, 0x00, 0x00, 0x00, 0x00, 0x00, 0x00, 0x00, 0x00, 0x00, 0x00, 0x00, 0x00, 0x00, 0x00, 
	0x00, 0x00, 0x00, 0x00, 0x00, 0x00, 0x00, 0x00, 0x00, 0x00, 0x00, 0x00, 0x00, 0x00, 0x00, 
	0x00, 0x00, 0x00, 0x00, 0x00, 0x00, 0x00, 0x00, 0x00, 0x00, 0x00, 0x00, 0x00, 0x00, 0x00, 
	0x00, 0x00, 0x00, 0x00, 0x00, 0x00, 0x00, 0x00, 0x00, 0x00, 0x00, 0x00, 0x00, 0x00, 0x00, 
	0x00, 0x00, 0x00, 0x00, 0x00, 0x00, 0x00, 0x00, 0x00, 0x00, 0x00, 0x00, 0x00, 0x00, 0x00, 
	0x00, 0x00, 0x00, 0x00, 0x00, 0x00, 0x00, 0x00, 0x00, 0x00, 0x00, 0x00, 0x00, 0x00, 0x00, 
	0x88, 0x88, 0x88, 0x88, 0x88, 0x88, 0x89, 0x99, 0x99, 0x99, 0x99, 0x99, 0x99, 0x99, 0x9A, 
	0xAA, 0xA9, 0x99, 0xAA, 0xAA, 0xAA, 0xAB, 0xAA, 0xAA, 0xAA, 0xAA, 0xAA, 0xAB, 0xBB, 0xBB, 
	0xA9, 0xAA, 0xAA, 0xAA, 0xAA, 0xAA, 0xAA, 0xAA, 0xAA, 0xAA, 0xAA, 0xAA, 0x97, 0x67, 0x76, 
	0x66, 0x78, 0x78, 0x88, 0x88, 0x87, 0x55, 0x43, 0x22, 0x43, 0x22, 0x23, 0x33, 0x33, 0x33, 
	0x33, 0x33, 0x33, 0x67, 0x67, 0x77, 0x77, 0x77, 0x77, 0x76, 0x77, 0x77, 0x77, 0x77, 0x77, 
	0x77, 0x73, 0x23, 0x33, 0x23, 0x22, 0x34, 0x45, 0x56, 0x67, 0x88, 0x89, 0x98, 0x89, 0x99, 
	0x9A, 0xA9, 0x9A, 0xAA, 0xAA, 0xA9, 0x88, 0x88, 0x88, 0x98, 0x88, 0x89, 0x88, 0x77, 0x77, 
	0x88, 0x8A, 0xAA, 0xA9, 0x99, 0xAA, 0xAA, 0xA9, 0xAA, 0xAA, 0xA9, 0x99, 0x99, 0xAA, 0x99, 
	0x9A, 0xBA, 0xAA, 0xAB, 0xBB, 0xA9, 0xAA, 0xBB, 0xA6, 0x68, 0x75, 0x67, 0x87, 0x77, 0x78, 
	0x88, 0x99, 0xAA, 0xAA, 0xAA, 0xAA, 0xAA, 0xBB, 0xBB, 0xBB, 0xBB, 0xBB, 0xBB, 0xBB, 0xBB, 
	0xBB, 0xBB, 0xBB, 0xBB, 0xBB, 0xBB, 0xBB, 0xBB, 0xBB, 0xBB, 0xCC, 0xCC, 0xCC, 0xCC, 0xCC, 
	0xCC, 0xCC, 0xCC, 0xCC, 0xCC, 0xCC, 0xCC, 0xCC, 0xCC, 0xBB, 0xBC, 0xCC, 0xCB, 0xAB, 0xBB, 
	0xBB, 0xBB, 0xBB, 0xBB, 0xBB, 0xBB, 0xBB, 0xBB, 0xBB, 0xBB, 0xBB, 0xBB, 0xBB, 0xBB, 0xBB, 
	0xAB, 0xBA, 0xAA, 0xBB, 0xBB, 0xBB, 0xBB, 0xBB, 0xBB, 0xBB, 0xAA, 0xAA, 0xAA, 0xBA, 0xAA, 
	0x00, 0x00, 0x00, 0x00, 0x00, 0x00, 0x00, 0x00, 0x00, 0x00, 0x00, 0x00, 0x00, 0x00, 0x00, 
	0x00, 0x00, 0x00, 0x00, 0x00, 0x00, 0x00, 0x00, 0x00, 0x00, 0x00, 0x00, 0x00, 0x00, 0x00, 
	0x00, 0x00, 0x00, 0x00, 0x00, 0x00, 0x00, 0x00, 0x00, 0x00, 0x00, 0x00, 0x00, 0x00, 0x00, 
	0x00, 0x00, 0x00, 0x00, 0x00, 0x00, 0x00, 0x00, 0x00, 0x00, 0x00, 0x00, 0x00, 0x00, 0x00, 
	0x00, 0x00, 0x00, 0x00, 0x00, 0x00, 0x00, 0x00, 0x00, 0x00, 0x00, 0x00, 0x00, 0x00, 0x00, 
	0x00, 0x00, 0x00, 0x00, 0x00, 0x00, 0x00, 0x00, 0x00, 0x00, 0x00, 0x00, 0x00, 0x00, 0x00, 
	0x88, 0x88, 0x88, 0x88, 0x88, 0x88, 0x89, 0x89, 0x98, 0x88, 0x99, 0x99, 0x99, 0x99, 0x9A, 
	0xAA, 0xA9, 0x99, 0xAA, 0xAA, 0xAA, 0xAA, 0xAA, 0xAA, 0xAA, 0xAA, 0xAA, 0xAA, 0xBB, 0xBB, 
	0xBA, 0xAA, 0xAA, 0xAA, 0xAA, 0xAA, 0xAA, 0xAA, 0xAA, 0xAA, 0xAA, 0xAA, 0x98, 0x77, 0x67, 
	0x76, 0x78, 0x77, 0x88, 0x88, 0x88, 0x65, 0x44, 0x33, 0x33, 0x32, 0x32, 0x33, 0x33, 0x33, 
	0x33, 0x33, 0x33, 0x67, 0x67, 0x77, 0x77, 0x77, 0x77, 0x76, 0x77, 0x77, 0x77, 0x77, 0x77, 
	0x77, 0x73, 0x23, 0x33, 0x33, 0x33, 0x34, 0x56, 0x67, 0x77, 0x88, 0x98, 0x99, 0x99, 0x99, 
	0x9A, 0xAA, 0xAA, 0xAA, 0xAA, 0xA9, 0x88, 0x98, 0x89, 0x98, 0x88, 0x89, 0x88, 0x78, 0x78, 
	0x89, 0x9A, 0xBB, 0xA9, 0x99, 0x9A, 0xAA, 0xAA, 0xAA, 0xAA, 0xA9, 0x9A, 0x99, 0xAA, 0xAA, 
	0xAA, 0xAA, 0xAB, 0xBA, 0xAA, 0xA9, 0xAC, 0xBB, 0x96, 0x66, 0x55, 0x57, 0x87, 0x77, 0x88, 
	0x88, 0x99, 0x9A, 0xAA, 0xAA, 0xAA, 0xAB, 0xBB, 0xBB, 0xBB, 0xBB, 0xBB, 0xBB, 0xBB, 0xBB, 
	0xBB, 0xBB, 0xBB, 0xBB, 0xBB, 0xBB, 0xBB, 0xBB, 0xBB, 0xBB, 0xBC, 0xCC, 0xCC, 0xCC, 0xCC, 
	0xCC, 0xCC, 0xCC, 0xCC, 0xCC, 0xCC, 0xCC, 0xCC, 0xCC, 0xBB, 0xBC, 0xCC, 0xBA, 0xAB, 0xBB, 
	0xBB, 0xBB, 0xBB, 0xBB, 0xBB, 0xBB, 0xBB, 0xBB, 0xBB, 0xBB, 0xBB, 0xBB, 0xBB, 0xBB, 0xBA, 
	0xA9, 0x9A, 0xBB, 0xBB, 0xBB, 0xBB, 0xBB, 0xBA, 0xBB, 0xBA, 0xAA, 0xAA, 0xBA, 0xBA, 0xAA, 
	0x00, 0x00, 0x00, 0x00, 0x00, 0x00, 0x00, 0x00, 0x00, 0x00, 0x00, 0x00, 0x00, 0x00, 0x00, 
	0x00, 0x00, 0x00, 0x00, 0x00, 0x00, 0x00, 0x00, 0x00, 0x00, 0x00, 0x00, 0x00, 0x00, 0x00, 
	0x00, 0x00, 0x00, 0x00, 0x00, 0x00, 0x00, 0x00, 0x00, 0x00, 0x00, 0x00, 0x00, 0x00, 0x00, 
	0x00, 0x00, 0x00, 0x00, 0x00, 0x00, 0x00, 0x00, 0x00, 0x00, 0x00, 0x00, 0x00, 0x00, 0x00, 
	0x00, 0x00, 0x00, 0x00, 0x00, 0x00, 0x00, 0x00, 0x00, 0x00, 0x00, 0x00, 0x00, 0x00, 0x00, 
	0x00, 0x00, 0x00, 0x00, 0x00, 0x00, 0x00, 0x00, 0x00, 0x00, 0x00, 0x00, 0x00, 0x00, 0x00, 
	0x88, 0x88, 0x88, 0x88, 0x88, 0x88, 0x89, 0x88, 0x88, 0x88, 0x99, 0x99, 0x99, 0x99, 0x9A, 
	0xAA, 0xAA, 0x99, 0x9A, 0xAA, 0xAA, 0xAA, 0xAA, 0xA9, 0xAA, 0xAA, 0xAA, 0xAA, 0xBB, 0xBB, 
	0xBA, 0xAA, 0xAA, 0xAA, 0xAA, 0xAA, 0xAA, 0xAA, 0xAA, 0xAA, 0xAA, 0xA9, 0x99, 0x77, 0x57, 
	0x87, 0x78, 0x87, 0x89, 0x89, 0x99, 0x96, 0x44, 0x44, 0x33, 0x32, 0x33, 0x33, 0x43, 0x34, 
	0x33, 0x43, 0x33, 0x57, 0x67, 0x77, 0x77, 0x77, 0x77, 0x77, 0x77, 0x77, 0x77, 0x77, 0x77, 
	0x77, 0x74, 0x33, 0x34, 0x43, 0x33, 0x34, 0x56, 0x78, 0x87, 0x88, 0x98, 0x89, 0x99, 0x99, 
	0x99, 0xAA, 0xAA, 0xBB, 0xBB, 0xA9, 0x99, 0x98, 0x99, 0x99, 0x88, 0x89, 0x98, 0x88, 0x88, 
	0x89, 0x9B, 0xBA, 0xA9, 0x9A, 0x99, 0x9A, 0xAA, 0xAA, 0xAA, 0xA9, 0x9A, 0x9A, 0xAB, 0xBB, 
	0xBA, 0xAB, 0xCB, 0xAA, 0xAA, 0xAB, 0xBA, 0xAB, 0xA8, 0x76, 0x66, 0x67, 0x88, 0x78, 0x88, 
	0x88, 0x99, 0xAA, 0xAA, 0xAA, 0xAA, 0xAB, 0xBB, 0xBB, 0xBB, 0xBB, 0xBB, 0xBB, 0xBB, 0xBB, 
	0xBB, 0xBB, 0xBB, 0xBB, 0xBB, 0xBB, 0xBB, 0xBB, 0xBB, 0xBB, 0xCC, 0xCC, 0xCC, 0xCC, 0xCC, 
	0xCC, 0xCC, 0xCC, 0xCC, 0xCC, 0xCC, 0xCC, 0xCC, 0xCC, 0xBB, 0xCC, 0xCC, 0xBA, 0xAB, 0xBB, 
	0xBB, 0xBB, 0xBB, 0xBB, 0xBB, 0xBB, 0xBB, 0xBB, 0xBB, 0xBB, 0xBB, 0xBB, 0xBB, 0xBB, 0xAA, 
	0x9A, 0xBB, 0xBB, 0xBB, 0xBB, 0xBB, 0xBB, 0xBB, 0xAA, 0xBA, 0xAA, 0xAA, 0xAA, 0xAA, 0xAA, 
	0x00, 0x00, 0x00, 0x00, 0x00, 0x00, 0x00, 0x00, 0x00, 0x00, 0x00, 0x00, 0x00, 0x00, 0x00, 
	0x00, 0x00, 0x00, 0x00, 0x00, 0x00, 0x00, 0x00, 0x00, 0x00, 0x00, 0x00, 0x00, 0x00, 0x00, 
	0x00, 0x00, 0x00, 0x00, 0x00, 0x00, 0x00, 0x00, 0x00, 0x00, 0x00, 0x00, 0x00, 0x00, 0x00, 
	0x00, 0x00, 0x00, 0x00, 0x00, 0x00, 0x00, 0x00, 0x00, 0x00, 0x00, 0x00, 0x00, 0x00, 0x00, 
	0x00, 0x00, 0x00, 0x00, 0x00, 0x00, 0x00, 0x00, 0x00, 0x00, 0x00, 0x00, 0x00, 0x00, 0x00, 
	0x00, 0x00, 0x00, 0x00, 0x00, 0x00, 0x00, 0x00, 0x00, 0x00, 0x00, 0x00, 0x00, 0x00, 0x00, 
	0x88, 0x88, 0x88, 0x88, 0x88, 0x88, 0x88, 0x88, 0x88, 0x88, 0x89, 0x99, 0x99, 0x99, 0x99, 
	0xAA, 0xAA, 0x99, 0x99, 0xAA, 0xAA, 0xAA, 0xAA, 0xA9, 0xAA, 0xAA, 0xAA, 0xAA, 0xAB, 0xBB, 
	0xBA, 0xAB, 0xBA, 0xAA, 0x99, 0x99, 0x9A, 0xAA, 0xAA, 0xAA, 0xAA, 0xA9, 0x99, 0x97, 0x66, 
	0x78, 0x88, 0x98, 0x78, 0x99, 0x99, 0x98, 0x64, 0x44, 0x44, 0x43, 0x33, 0x44, 0x53, 0x34, 
	0x44, 0x44, 0x43, 0x57, 0x67, 0x77, 0x77, 0x77, 0x77, 0x77, 0x77, 0x77, 0x77, 0x77, 0x77, 
	0x77, 0x74, 0x33, 0x34, 0x44, 0x44, 0x45, 0x66, 0x78, 0x88, 0x89, 0x99, 0x89, 0x99, 0x99, 
	0x99, 0xAA, 0xAB, 0xBC, 0xBB, 0xBA, 0x99, 0x99, 0x99, 0x99, 0x88, 0x9A, 0x99, 0x99, 0x98, 
	0x89, 0xAB, 0xBA, 0xAA, 0x9A, 0xA9, 0x9A, 0xAA, 0xAA, 0xAA, 0xAA, 0xAA, 0xAB, 0xBB, 0xBA, 
	0xBC, 0xCB, 0xBA, 0xAB, 0xAA, 0xAA, 0x9A, 0xAB, 0xA8, 0x78, 0x97, 0x78, 0x87, 0x77, 0x88, 
	0x88, 0x99, 0xAA, 0xAA, 0xAA, 0xAA, 0xAA, 0xAA, 0xBB, 0xBB, 0xBB, 0xBB, 0xBB, 0xBB, 0xBB, 
	0xBB, 0xBB, 0xBB, 0xBB, 0xBB, 0xBB, 0xBB, 0xBB, 0xBB, 0xBB, 0xBC, 0xCC, 0xCC, 0xCC, 0xCC, 
	0xCC, 0xCC, 0xCC, 0xCC, 0xCC, 0xCC, 0xCC, 0xCC, 0xCC, 0xBB, 0xCC, 0xCC, 0xBA, 0xBB, 0xBB, 
	0xBB, 0xBB, 0xBB, 0xBB, 0xBB, 0xBB, 0xBB, 0xBB, 0xBB, 0xBB, 0xBB, 0xBB, 0xBB, 0xBB, 0xAA, 
	0xBB, 0xBB, 0xAB, 0xBB, 0xBB, 0xBB, 0xBB, 0xBB, 0xAA, 0xAA, 0xAA, 0xAA, 0xAA, 0xAA, 0xAA, 
	0x00, 0x00, 0x00, 0x00, 0x00, 0x00, 0x00, 0x00, 0x00, 0x00, 0x00, 0x00, 0x00, 0x00, 0x00, 
	0x00, 0x00, 0x00, 0x00, 0x00, 0x00, 0x00, 0x00, 0x00, 0x00, 0x00, 0x00, 0x00, 0x00, 0x00, 
	0x00, 0x00, 0x00, 0x00, 0x00, 0x00, 0x00, 0x00, 0x00, 0x00, 0x00, 0x00, 0x00, 0x00, 0x00, 
	0x00, 0x00, 0x00, 0x00, 0x00, 0x00, 0x00, 0x00, 0x00, 0x00, 0x00, 0x00, 0x00, 0x00, 0x00, 
	0x00, 0x00, 0x00, 0x00, 0x00, 0x00, 0x00, 0x00, 0x00, 0x00, 0x00, 0x00, 0x00, 0x00, 0x00, 
	0x00, 0x00, 0x00, 0x00, 0x00, 0x00, 0x00, 0x00, 0x00, 0x00, 0x00, 0x00, 0x00, 0x00, 0x00, 
	0x88, 0x88, 0x88, 0x88, 0x88, 0x88, 0x88, 0x88, 0x88, 0x88, 0x89, 0x99, 0x99, 0x99, 0x99, 
	0xAA, 0xAA, 0x99, 0x99, 0x9A, 0xAA, 0xAA, 0xAA, 0xA9, 0xAA, 0xAA, 0xAA, 0xAA, 0xAA, 0xBB, 
	0xAA, 0x9A, 0xBB, 0xBB, 0xA9, 0x97, 0x78, 0x9A, 0xAA, 0xAA, 0xAA, 0xA9, 0x99, 0x99, 0x86, 
	0x68, 0x78, 0x89, 0x89, 0x99, 0x99, 0x98, 0x76, 0x55, 0x43, 0x34, 0x33, 0x45, 0x44, 0x44, 
	0x55, 0x45, 0x54, 0x47, 0x66, 0x67, 0x77, 0x88, 0x77, 0x77, 0x77, 0x77, 0x77, 0x77, 0x77, 
	0x77, 0x75, 0x43, 0x45, 0x55, 0x54, 0x56, 0x77, 0x78, 0x99, 0x99, 0x99, 0x89, 0x99, 0x9A, 
	0xA9, 0xAA, 0xBB, 0xCC, 0xCB, 0xBA, 0x99, 0x99, 0x99, 0x99, 0x89, 0xAA, 0x9A, 0x99, 0x99, 
	0x9A, 0xAB, 0xB9, 0xAA, 0xAA, 0xA9, 0xAA, 0xAA, 0xAA, 0xAA, 0xAA, 0xAA, 0xBB, 0xBA, 0xAB, 
	0xBC, 0xBB, 0xAA, 0xAA, 0xBB, 0x98, 0x8A, 0x9A, 0x96, 0x78, 0x75, 0x67, 0x76, 0x67, 0x76, 
	0x77, 0x89, 0x9A, 0xAA, 0xAA, 0xAA, 0xAA, 0xAA, 0xAB, 0xBB, 0xBB, 0xBB, 0xBB, 0xBB, 0xBB, 
	0xBB, 0xBB, 0xBB, 0xBB, 0xBB, 0xBB, 0xBB, 0xBB, 0xBB, 0xBB, 0xBB, 0xCC, 0xCC, 0xCC, 0xCC, 
	0xCC, 0xCC, 0xCC, 0xCC, 0xCC, 0xCC, 0xCC, 0xCC, 0xCC, 0xBB, 0xCC, 0xCB, 0xAA, 0xBB, 0xBB, 
	0xBB, 0xBB, 0xBB, 0xBB, 0xBB, 0xBB, 0xBB, 0xBB, 0xBB, 0xBB, 0xBB, 0xBB, 0xBB, 0xBB, 0xBB, 
	0xBA, 0xAA, 0xAA, 0xBB, 0xBB, 0xBB, 0xBA, 0xAA, 0xAA, 0xAA, 0xAA, 0xAA, 0xAA, 0xAA, 0xAA, 
	0x00, 0x00, 0x00, 0x00, 0x00, 0x00, 0x00, 0x00, 0x00, 0x00, 0x00, 0x00, 0x00, 0x00, 0x00, 
	0x00, 0x00, 0x00, 0x00, 0x00, 0x00, 0x00, 0x00, 0x00, 0x00, 0x00, 0x00, 0x00, 0x00, 0x00, 
	0x00, 0x00, 0x00, 0x00, 0x00, 0x00, 0x00, 0x00, 0x00, 0x00, 0x00, 0x00, 0x00, 0x00, 0x00, 
	0x00, 0x00, 0x00, 0x00, 0x00, 0x00, 0x00, 0x00, 0x00, 0x00, 0x00, 0x00, 0x00, 0x00, 0x00, 
	0x00, 0x00, 0x00, 0x00, 0x00, 0x00, 0x00, 0x00, 0x00, 0x00, 0x00, 0x00, 0x00, 0x00, 0x00, 
	0x00, 0x00, 0x00, 0x00, 0x00, 0x00, 0x00, 0x00, 0x00, 0x00, 0x00, 0x00, 0x00, 0x00, 0x00, 
	0x88, 0x88, 0x88, 0x88, 0x88, 0x88, 0x88, 0x88, 0x88, 0x88, 0x88, 0x89, 0x99, 0x99, 0x99, 
	0x9A, 0xAA, 0x99, 0x99, 0x9A, 0xAA, 0xAA, 0xAA, 0xAA, 0xAA, 0xAA, 0xAA, 0xAA, 0xAA, 0xBB, 
	0xAA, 0x9A, 0xAA, 0xBB, 0xA9, 0x88, 0x67, 0x88, 0x99, 0xAA, 0xAA, 0xA9, 0x88, 0x89, 0x97, 
	0x78, 0x88, 0x89, 0x98, 0x9A, 0x99, 0x99, 0x97, 0x65, 0x43, 0x34, 0x44, 0x43, 0x35, 0x54, 
	0x44, 0x44, 0x54, 0x46, 0x76, 0x67, 0x77, 0x78, 0x88, 0x77, 0x78, 0x78, 0x77, 0x87, 0x77, 
	0x78, 0x75, 0x44, 0x45, 0x67, 0x65, 0x67, 0x89, 0x89, 0xAA, 0x99, 0xA9, 0x99, 0x99, 0xAA, 
	0xAA, 0xBB, 0xBC, 0xCC, 0xCC, 0xBB, 0xAA, 0xAA, 0x99, 0x99, 0x99, 0xAA, 0xAA, 0xA9, 0x98, 
	0x9A, 0xAB, 0xAA, 0xAA, 0xAA, 0xAA, 0xAA, 0xAA, 0xAA, 0xAA, 0xAA, 0xAB, 0xBB, 0xAA, 0xBB, 
	0xCB, 0xBA, 0xA9, 0xAA, 0xBA, 0x99, 0xA8, 0x89, 0x99, 0x87, 0x67, 0x77, 0x65, 0x56, 0x45, 
	0x76, 0x78, 0x99, 0xAA, 0xAA, 0xAA, 0xAA, 0xAA, 0xAA, 0xBB, 0xBB, 0xBB, 0xBB, 0xBB, 0xBB, 
	0xBB, 0xBB, 0xBB, 0xBB, 0xBB, 0xBB, 0xBB, 0xBB, 0xBB, 0xBB, 0xBB, 0xCC, 0xCC, 0xCC, 0xCC, 
	0xCC, 0xCC, 0xCC, 0xCC, 0xCC, 0xCC, 0xCC, 0xCC, 0xCB, 0xBB, 0xCC, 0xCB, 0xAA, 0xBB, 0xBB, 
	0xBB, 0xBB, 0xBB, 0xBB, 0xBB, 0xBB, 0xBB, 0xBB, 0xBA, 0xAB, 0xBB, 0xBB, 0xBB, 0xBB, 0xBA, 
	0xBA, 0xAA, 0xAA, 0xBB, 0xBB, 0xBB, 0xAA, 0xAB, 0xAA, 0xAA, 0xAA, 0xAA, 0xAA, 0xAA, 0xAA, 
	0x00, 0x00, 0x00, 0x00, 0x00, 0x00, 0x00, 0x00, 0x00, 0x00, 0x00, 0x00, 0x00, 0x00, 0x00, 
	0x00, 0x00, 0x00, 0x00, 0x00, 0x00, 0x00, 0x00, 0x00, 0x00, 0x00, 0x00, 0x00, 0x00, 0x00, 
	0x00, 0x00, 0x00, 0x00, 0x00, 0x00, 0x00, 0x00, 0x00, 0x00, 0x00, 0x00, 0x00, 0x00, 0x00, 
	0x00, 0x00, 0x00, 0x00, 0x00, 0x00, 0x00, 0x00, 0x00, 0x00, 0x00, 0x00, 0x00, 0x00, 0x00, 
	0x00, 0x00, 0x00, 0x00, 0x00, 0x00, 0x00, 0x00, 0x00, 0x00, 0x00, 0x00, 0x00, 0x00, 0x00, 
	0x00, 0x00, 0x00, 0x00, 0x00, 0x00, 0x00, 0x00, 0x00, 0x00, 0x00, 0x00, 0x00, 0x00, 0x00, 
	0x98, 0x88, 0x88, 0x88, 0x88, 0x88, 0x88, 0x88, 0x88, 0x88, 0x88, 0x88, 0x99, 0x99, 0x99, 
	0x9A, 0xAA, 0xA9, 0x99, 0x99, 0xAA, 0xAA, 0xAA, 0xAA, 0x9A, 0xAA, 0xAA, 0xAA, 0xAA, 0xAB, 
	0xAA, 0x9A, 0x9A, 0xAA, 0xA9, 0x99, 0x65, 0x67, 0x78, 0x9A, 0x9A, 0xA8, 0x77, 0x78, 0x98, 
	0x88, 0x88, 0x89, 0x99, 0xAA, 0xAA, 0xAA, 0x98, 0x87, 0x54, 0x44, 0x55, 0x54, 0x34, 0x44, 
	0x44, 0x45, 0x55, 0x56, 0x66, 0x67, 0x77, 0x78, 0x88, 0x88, 0x88, 0x78, 0x77, 0x77, 0x77, 
	0x78, 0x75, 0x56, 0x66, 0x68, 0x87, 0x78, 0xAA, 0x9A, 0xAA, 0xAA, 0xBA, 0xAA, 0xAA, 0xAA, 
	0xAA, 0xBC, 0xCC, 0xCC, 0xCC, 0xCB, 0xAA, 0xAA, 0xAA, 0x99, 0x9A, 0xAB, 0xAA, 0xAA, 0x99, 
	0xAA, 0xBB, 0xAA, 0xAA, 0xAA, 0xAA, 0xAA, 0xAA, 0xAA, 0xA9, 0xAA, 0xAA, 0xAA, 0xAB, 0xBC, 
	0xBA, 0xAA, 0xAA, 0xBA, 0xBA, 0x99, 0x99, 0xAB, 0xA9, 0x77, 0x88, 0x65, 0x55, 0x44, 0x57, 
	0x75, 0x58, 0x99, 0x9A, 0xAA, 0xAA, 0xAA, 0xAA, 0xAA, 0xBB, 0xBB, 0xBB, 0xBB, 0xBB, 0xBB, 
	0xBB, 0xBB, 0xBB, 0xBB, 0xBB, 0xBB, 0xBB, 0xBB, 0xBB, 0xBB, 0xBB, 0xCC, 0xCC, 0xCC, 0xCC, 
	0xCC, 0xCC, 0xCC, 0xCC, 0xCC, 0xCC, 0xCC, 0xCC, 0xCB, 0xBB, 0xCC, 0xCB, 0xAA, 0xBB, 0xBB, 
	0xBB, 0xBB, 0xBB, 0xBB, 0xBB, 0xBB, 0xBB, 0xBB, 0xBA, 0xAB, 0xBB, 0xBB, 0xBB, 0xBB, 0xAA, 
	0xAA, 0xAA, 0xAB, 0xBB, 0xBB, 0xBB, 0xAA, 0xAA, 0xAA, 0xAA, 0xAA, 0xAA, 0xAA, 0xAA, 0xAA, 
	0x00, 0x00, 0x00, 0x00, 0x00, 0x00, 0x00, 0x00, 0x00, 0x00, 0x00, 0x00, 0x00, 0x00, 0x00, 
	0x00, 0x00, 0x00, 0x00, 0x00, 0x00, 0x00, 0x00, 0x00, 0x00, 0x00, 0x00, 0x00, 0x00, 0x00, 
	0x00, 0x00, 0x00, 0x00, 0x00, 0x00, 0x00, 0x00, 0x00, 0x00, 0x00, 0x00, 0x00, 0x00, 0x00, 
	0x00, 0x00, 0x00, 0x00, 0x00, 0x00, 0x00, 0x00, 0x00, 0x00, 0x00, 0x00, 0x00, 0x00, 0x00, 
	0x00, 0x00, 0x00, 0x00, 0x00, 0x00, 0x00, 0x00, 0x00, 0x00, 0x00, 0x00, 0x00, 0x00, 0x00, 
	0x00, 0x00, 0x00, 0x00, 0x00, 0x00, 0x00, 0x00, 0x00, 0x00, 0x00, 0x00, 0x00, 0x00, 0x00, 
	0x98, 0x88, 0x88, 0x88, 0x88, 0x88, 0x88, 0x88, 0x88, 0x88, 0x88, 0x88, 0x88, 0x99, 0x99, 
	0x9A, 0xAA, 0xA9, 0x99, 0x99, 0xAA, 0xAA, 0xAA, 0xAA, 0x9A, 0xAA, 0xAA, 0xAA, 0xAA, 0xAB, 
	0xAA, 0xAA, 0x9A, 0x98, 0x88, 0x99, 0x96, 0x45, 0x56, 0x78, 0x9A, 0x98, 0x77, 0x77, 0x89, 
	0x88, 0x89, 0x99, 0x99, 0xAA, 0xAA, 0xAA, 0xA9, 0x99, 0x75, 0x55, 0x66, 0x76, 0x43, 0x44, 
	0x55, 0x55, 0x56, 0x57, 0x77, 0x77, 0x77, 0x78, 0x89, 0x88, 0x88, 0x88, 0x88, 0x78, 0x87, 
	0x88, 0x76, 0x67, 0x77, 0x89, 0xAA, 0x9A, 0xBA, 0xAB, 0xBB, 0xBC, 0xCB, 0xBA, 0xAB, 0xBB, 
	0xBB, 0xCC, 0xCD, 0xDC, 0xCC, 0xCB, 0xAB, 0xBA, 0xAA, 0xAA, 0xAA, 0xBB, 0xAA, 0xAA, 0x99, 
	0xAB, 0xCB, 0xAA, 0xAA, 0xAA, 0xAA, 0xAA, 0xAA, 0xAA, 0xAA, 0xAA, 0xAA, 0xAB, 0xBB, 0xBB, 
	0xAA, 0xAA, 0xBB, 0xAA, 0xAA, 0x9A, 0xAB, 0xAB, 0xA7, 0x67, 0x65, 0x34, 0x55, 0x67, 0x65, 
	0x44, 0x58, 0x99, 0x9A, 0xAA, 0xAA, 0xAA, 0xAA, 0xBA, 0xBB, 0xBB, 0xBB, 0xBB, 0xBB, 0xBB, 
	0xBB, 0xBB, 0xBB, 0xBB, 0xBB, 0xBB, 0xBB, 0xBB, 0xBB, 0xBB, 0xBB, 0xCC, 0xCC, 0xCC, 0xCC, 
	0xCC, 0xCC, 0xCC, 0xCC, 0xCC, 0xCC, 0xCC, 0xCC, 0xBB, 0xBC, 0xCC, 0xCA, 0xAA, 0xBB, 0xBB, 
	0xBB, 0xBB, 0xBB, 0xBB, 0xBB, 0xBB, 0xBB, 0xBB, 0xBB, 0xBB, 0xBB, 0xBB, 0xBB, 0xAA, 0xAA, 
	0xAA, 0xAB, 0xBB, 0xBB, 0xBB, 0xBB, 0xAA, 0xAA, 0xAA, 0xAA, 0xAA, 0xAA, 0xAA, 0xAA, 0xAA, 
	0x00, 0x00, 0x00, 0x00, 0x00, 0x00, 0x00, 0x00, 0x00, 0x00, 0x00, 0x00, 0x00, 0x00, 0x00, 
	0x00, 0x00, 0x00, 0x00, 0x00, 0x00, 0x00, 0x00, 0x00, 0x00, 0x00, 0x00, 0x00, 0x00, 0x00, 
	0x00, 0x00, 0x00, 0x00, 0x00, 0x00, 0x00, 0x00, 0x00, 0x00, 0x00, 0x00, 0x00, 0x00, 0x00, 
	0x00, 0x00, 0x00, 0x00, 0x00, 0x00, 0x00, 0x00, 0x00, 0x00, 0x00, 0x00, 0x00, 0x00, 0x00, 
	0x00, 0x00, 0x00, 0x00, 0x00, 0x00, 0x00, 0x00, 0x00, 0x00, 0x00, 0x00, 0x00, 0x00, 0x00, 
	0x00, 0x00, 0x00, 0x00, 0x00, 0x00, 0x00, 0x00, 0x00, 0x00, 0x00, 0x00, 0x00, 0x00, 0x00, 
	0x98, 0x88, 0x88, 0x88, 0x88, 0x88, 0x88, 0x88, 0x88, 0x88, 0x88, 0x88, 0x88, 0x89, 0x99, 
	0x99, 0xAA, 0xA9, 0x99, 0x99, 0xAA, 0xAA, 0xAA, 0xA9, 0x99, 0xAA, 0xAA, 0xAA, 0xAA, 0xAA, 
	0xAA, 0xA9, 0x9A, 0x97, 0x68, 0x79, 0x98, 0x75, 0x45, 0x56, 0x78, 0x87, 0x66, 0x66, 0x79, 
	0x98, 0x89, 0x99, 0x99, 0xAA, 0xAA, 0xAA, 0xA9, 0x99, 0x87, 0x77, 0x78, 0x88, 0x63, 0x34, 
	0x55, 0x54, 0x56, 0x67, 0x77, 0x77, 0x77, 0x88, 0x8A, 0xA9, 0x99, 0x88, 0x88, 0x88, 0x88, 
	0x88, 0x76, 0x78, 0x88, 0xAA, 0xBC, 0xBB, 0xBB, 0xCC, 0xCC, 0xCD, 0xDC, 0xCB, 0xBC, 0xBB, 
	0xBC, 0xCD, 0xDD, 0xDD, 0xDD, 0xDB, 0xBB, 0xBB, 0xAA, 0xBA, 0xAB, 0xBB, 0xAA, 0xAA, 0xAA, 
	0xBB, 0xCB, 0xBA, 0xAA, 0xAA, 0xAA, 0xAA, 0xAA, 0xAA, 0xAA, 0x99, 0x99, 0xBC, 0xBB, 0xBA, 
	0xAA, 0xBB, 0xBA, 0xAA, 0x99, 0xAA, 0xAA, 0xAA, 0x97, 0x67, 0x65, 0x45, 0x68, 0x65, 0x44, 
	0x44, 0x57, 0x89, 0xA9, 0xAA, 0xAA, 0xAA, 0xAA, 0xBB, 0xAB, 0xBB, 0xBB, 0xBB, 0xBB, 0xBB, 
	0xBB, 0xBB, 0xBB, 0xBB, 0xBB, 0xBB, 0xBB, 0xBB, 0xBB, 0xBB, 0xBB, 0xBB, 0xCC, 0xCC, 0xCC, 
	0xCC, 0xCC, 0xCC, 0xCC, 0xCC, 0xCC, 0xCC, 0xCC, 0xBB, 0xBC, 0xCC, 0xBA, 0xAB, 0xBB, 0xBB, 
	0xBB, 0xBB, 0xBB, 0xBB, 0xBB, 0xBB, 0xBB, 0xBB, 0xBB, 0xBB, 0xBB, 0xBB, 0xBB, 0xBA, 0xAA, 
	0xAA, 0xAB, 0xBB, 0xBB, 0xBB, 0xBB, 0xAA, 0xAA, 0xAA, 0xAA, 0xAA, 0xAA, 0xAA, 0xAA, 0xAA, 
	0x00, 0x00, 0x00, 0x00, 0x00, 0x00, 0x00, 0x00, 0x00, 0x00, 0x00, 0x00, 0x00, 0x00, 0x00, 
	0x00, 0x00, 0x00, 0x00, 0x00, 0x00, 0x00, 0x00, 0x00, 0x00, 0x00, 0x00, 0x00, 0x00, 0x00, 
	0x00, 0x00, 0x00, 0x00, 0x00, 0x00, 0x00, 0x00, 0x00, 0x00, 0x00, 0x00, 0x00, 0x00, 0x00, 
	0x00, 0x00, 0x00, 0x00, 0x00, 0x00, 0x00, 0x00, 0x00, 0x00, 0x00, 0x00, 0x00, 0x00, 0x00, 
	0x00, 0x00, 0x00, 0x00, 0x00, 0x00, 0x00, 0x00, 0x00, 0x00, 0x00, 0x00, 0x00, 0x00, 0x00, 
	0x00, 0x00, 0x00, 0x00, 0x00, 0x00, 0x00, 0x00, 0x00, 0x00, 0x00, 0x00, 0x00, 0x00, 0x00, 
	0x98, 0x88, 0x88, 0x88, 0x88, 0x88, 0x88, 0x88, 0x88, 0x88, 0x88, 0x88, 0x88, 0x88, 0x99, 
	0x99, 0x9A, 0xA9, 0x99, 0x99, 0x99, 0xAA, 0xAA, 0xA9, 0x99, 0xAA, 0xAA, 0xAA, 0xAA, 0xAA, 
	0xAA, 0xA9, 0x99, 0x97, 0x66, 0x77, 0x67, 0x87, 0x64, 0x46, 0x67, 0x66, 0x56, 0x66, 0x78, 
	0x99, 0x99, 0x99, 0x9A, 0xAA, 0xAA, 0xAA, 0xA9, 0x9A, 0x99, 0x88, 0x89, 0x88, 0x75, 0x44, 
	0x45, 0x65, 0x56, 0x67, 0x88, 0x78, 0x78, 0x87, 0x8A, 0xBA, 0xAA, 0x98, 0x88, 0x89, 0x99, 
	0x89, 0x87, 0x88, 0x8A, 0xBC, 0xCD, 0xDC, 0xDD, 0xDD, 0xDD, 0xDD, 0xDD, 0xDC, 0xCC, 0xCC, 
	0xCC, 0xDD, 0xDD, 0xED, 0xDD, 0xDC, 0xBC, 0xCB, 0xBB, 0xAA, 0xAB, 0xCB, 0xBA, 0xBA, 0xAA, 
	0xAB, 0xCC, 0xBA, 0xAA, 0xAA, 0xAA, 0xAA, 0xAA, 0xAA, 0xAA, 0xA9, 0xAA, 0xBB, 0xAB, 0xBA, 
	0xAB, 0xBB, 0xAA, 0xA9, 0xAA, 0xBA, 0x9A, 0x9A, 0xA8, 0x76, 0x67, 0x99, 0x87, 0x55, 0x65, 
	0x44, 0x58, 0x99, 0x9A, 0xAA, 0xAA, 0xAA, 0xAA, 0xAA, 0xAA, 0xBB, 0xBB, 0xBB, 0xBB, 0xBB, 
	0xBB, 0xBB, 0xBB, 0xBB, 0xBB, 0xBB, 0xBB, 0xBB, 0xBB, 0xBB, 0xBB, 0xBB, 0xCC, 0xCC, 0xCC, 
	0xCC, 0xCC, 0xCC, 0xCC, 0xCC, 0xCC, 0xCC, 0xCC, 0xBB, 0xBC, 0xCC, 0xBA, 0xAB, 0xBB, 0xBB, 
	0xBB, 0xBB, 0xBB, 0xBB, 0xBB, 0xBB, 0xBB, 0xBB, 0xBB, 0xBB, 0xBB, 0xBB, 0xBB, 0xAA, 0xAA, 
	0xAA, 0xAB, 0xAA, 0xBB, 0xBB, 0xBA, 0xAA, 0xAA, 0xAA, 0xAA, 0xAA, 0xAA, 0xAA, 0xAA, 0xAA, 
	0x00, 0x00, 0x00, 0x00, 0x00, 0x00, 0x00, 0x00, 0x00, 0x00, 0x00, 0x00, 0x00, 0x00, 0x00, 
	0x00, 0x00, 0x00, 0x00, 0x00, 0x00, 0x00, 0x00, 0x00, 0x00, 0x00, 0x00, 0x00, 0x00, 0x00, 
	0x00, 0x00, 0x00, 0x00, 0x00, 0x00, 0x00, 0x00, 0x00, 0x00, 0x00, 0x00, 0x00, 0x00, 0x00, 
	0x00, 0x00, 0x00, 0x00, 0x00, 0x00, 0x00, 0x00, 0x00, 0x00, 0x00, 0x00, 0x00, 0x00, 0x00, 
	0x00, 0x00, 0x00, 0x00, 0x00, 0x00, 0x00, 0x00, 0x00, 0x00, 0x00, 0x00, 0x00, 0x00, 0x00, 
	0x00, 0x00, 0x00, 0x00, 0x00, 0x00, 0x00, 0x00, 0x00, 0x00, 0x00, 0x00, 0x00, 0x00, 0x00, 
	0x99, 0x88, 0x88, 0x88, 0x88, 0x88, 0x88, 0x88, 0x88, 0x88, 0x88, 0x88, 0x88, 0x88, 0x88, 
	0x99, 0x9A, 0xAA, 0x99, 0x99, 0x99, 0x9A, 0xA9, 0xA9, 0x99, 0x99, 0x99, 0x99, 0xAA, 0xAA, 
	0xAA, 0x98, 0x88, 0x88, 0x65, 0x56, 0x65, 0x56, 0x77, 0x66, 0x66, 0x65, 0x56, 0x77, 0x77, 
	0x89, 0x99, 0x99, 0x9A, 0xAA, 0xAA, 0xAA, 0xAA, 0x99, 0x99, 0x99, 0x99, 0x89, 0x96, 0x65, 
	0x45, 0x66, 0x67, 0x78, 0x89, 0x88, 0x88, 0x87, 0x89, 0xAB, 0xBB, 0xBA, 0x99, 0x99, 0x99, 
	0x99, 0x87, 0x89, 0x9A, 0xCD, 0xED, 0xED, 0xEE, 0xDE, 0xDD, 0xDD, 0xDD, 0xDD, 0xDC, 0xCC, 
	0xDD, 0xDD, 0xDE, 0xEE, 0xED, 0xDD, 0xCD, 0xCB, 0xBB, 0xAA, 0xBB, 0xCB, 0xBA, 0xBB, 0xAB, 
	0xAB, 0xBB, 0xBA, 0xAA, 0xAA, 0xAA, 0xAA, 0xAA, 0xAA, 0xAA, 0xAA, 0xBB, 0xBA, 0xAB, 0xBB, 
	0xAA, 0xBA, 0xAA, 0xBA, 0xAA, 0x99, 0x99, 0xA9, 0xA8, 0x57, 0x88, 0x65, 0x55, 0x56, 0x54, 
	0x44, 0x58, 0x99, 0x9A, 0xAA, 0xAA, 0xAA, 0xAA, 0xAA, 0xAA, 0xBB, 0xBB, 0xBB, 0xBB, 0xBB, 
	0xBB, 0xBB, 0xBB, 0xBB, 0xBB, 0xBB, 0xBB, 0xBB, 0xBB, 0xBB, 0xBB, 0xBB, 0xCC, 0xCC, 0xCC, 
	0xCC, 0xCC, 0xCC, 0xCC, 0xCC, 0xCC, 0xCC, 0xCC, 0xBB, 0xCC, 0xCC, 0xBA, 0xAB, 0xBB, 0xBB, 
	0xBB, 0xBB, 0xBB, 0xBB, 0xBB, 0xBB, 0xBB, 0xBB, 0xBB, 0xBB, 0xBB, 0xBB, 0xBB, 0xBA, 0xAA, 
	0xAA, 0xAA, 0xAB, 0xBB, 0xBB, 0xBA, 0xAA, 0xAA, 0xAA, 0xAA, 0xAA, 0xAA, 0xAA, 0xAA, 0xAA, 
	0x00, 0x00, 0x00, 0x00, 0x00, 0x00, 0x00, 0x00, 0x00, 0x00, 0x00, 0x00, 0x00, 0x00, 0x00, 
	0x00, 0x00, 0x00, 0x00, 0x00, 0x00, 0x00, 0x00, 0x00, 0x00, 0x00, 0x00, 0x00, 0x00, 0x00, 
	0x00, 0x00, 0x00, 0x00, 0x00, 0x00, 0x00, 0x00, 0x00, 0x00, 0x00, 0x00, 0x00, 0x00, 0x00, 
	0x00, 0x00, 0x00, 0x00, 0x00, 0x00, 0x00, 0x00, 0x00, 0x00, 0x00, 0x00, 0x00, 0x00, 0x00, 
	0x00, 0x00, 0x00, 0x00, 0x00, 0x00, 0x00, 0x00, 0x00, 0x00, 0x00, 0x00, 0x00, 0x00, 0x00, 
	0x00, 0x00, 0x00, 0x00, 0x00, 0x00, 0x00, 0x00, 0x00, 0x00, 0x00, 0x00, 0x00, 0x00, 0x00, 
	0x99, 0x88, 0x88, 0x88, 0x88, 0x88, 0x88, 0x88, 0x88, 0x88, 0x88, 0x88, 0x88, 0x88, 0x88, 
	0x89, 0x99, 0xAA, 0x99, 0x99, 0x99, 0x9A, 0xA9, 0x99, 0x88, 0x99, 0x99, 0x99, 0x99, 0xAA, 
	0xAA, 0x97, 0x77, 0x87, 0x65, 0x55, 0x45, 0x64, 0x47, 0x88, 0x65, 0x44, 0x55, 0x78, 0x78, 
	0x88, 0x99, 0x99, 0x99, 0xAA, 0xAA, 0xAA, 0xA9, 0x99, 0x99, 0x99, 0x98, 0x99, 0x98, 0x76, 
	0x56, 0x77, 0x78, 0x88, 0x99, 0x99, 0x89, 0x98, 0x89, 0xAB, 0xCC, 0xDC, 0xBA, 0xAA, 0xAA, 
	0x99, 0x99, 0x9A, 0xAB, 0xDE, 0xEE, 0xEE, 0xEE, 0xEE, 0xEE, 0xEE, 0xDE, 0xDE, 0xDD, 0xDD, 
	0xDD, 0xDE, 0xEE, 0xEE, 0xEE, 0xED, 0xDD, 0xCB, 0xBB, 0xBB, 0xBB, 0xCB, 0xBA, 0xBB, 0xBB, 
	0xBB, 0xBB, 0xBA, 0xAA, 0xAA, 0xAA, 0xAA, 0xAA, 0xAA, 0xAA, 0xAB, 0xBA, 0xAA, 0xBB, 0xBA, 
	0xAA, 0xAA, 0xAA, 0xBA, 0x99, 0x9A, 0xAA, 0x9A, 0x98, 0x98, 0x53, 0x32, 0x23, 0x33, 0x44, 
	0x44, 0x46, 0x89, 0x99, 0xAA, 0xAA, 0xAA, 0xAA, 0xAA, 0xAB, 0xBB, 0xBB, 0xBB, 0xBB, 0xBB, 
	0xBB, 0xBB, 0xBB, 0xBB, 0xBB, 0xBB, 0xBB, 0xBB, 0xBB, 0xBB, 0xBB, 0xBB, 0xCC, 0xCC, 0xCC, 
	0xCC, 0xCC, 0xCC, 0xCC, 0xCC, 0xCC, 0xCC, 0xCB, 0xBB, 0xCC, 0xCC, 0xAA, 0xBB, 0xBB, 0xBB, 
	0xBB, 0xBB, 0xBB, 0xBB, 0xBB, 0xBB, 0xBB, 0xBB, 0xBA, 0xAB, 0xBB, 0xBB, 0xBB, 0xAA, 0xAA, 
	0xAA, 0xAA, 0xBB, 0xBB, 0xBB, 0xAA, 0xAA, 0xAA, 0xAA, 0xAA, 0xAA, 0xAA, 0xAA, 0xAA, 0xAA, 
	0x00, 0x00, 0x00, 0x00, 0x00, 0x00, 0x00, 0x00, 0x00, 0x00, 0x00, 0x00, 0x00, 0x00, 0x00, 
	0x00, 0x00, 0x00, 0x00, 0x00, 0x00, 0x00, 0x00, 0x00, 0x00, 0x00, 0x00, 0x00, 0x00, 0x00, 
	0x00, 0x00, 0x00, 0x00, 0x00, 0x00, 0x00, 0x00, 0x00, 0x00, 0x00, 0x00, 0x00, 0x00, 0x00, 
	0x00, 0x00, 0x00, 0x00, 0x00, 0x00, 0x00, 0x00, 0x00, 0x00, 0x00, 0x00, 0x00, 0x00, 0x00, 
	0x00, 0x00, 0x00, 0x00, 0x00, 0x00, 0x00, 0x00, 0x00, 0x00, 0x00, 0x00, 0x00, 0x00, 0x00, 
	0x00, 0x00, 0x00, 0x00, 0x00, 0x00, 0x00, 0x00, 0x00, 0x00, 0x00, 0x00, 0x00, 0x00, 0x00, 
	0x99, 0x88, 0x88, 0x88, 0x88, 0x88, 0x88, 0x88, 0x88, 0x88, 0x88, 0x88, 0x88, 0x88, 0x88, 
	0x89, 0x99, 0xAA, 0x99, 0x99, 0x99, 0x99, 0x99, 0x99, 0x89, 0x9A, 0xAA, 0xAA, 0xAA, 0xAA, 
	0x99, 0x97, 0x66, 0x66, 0x55, 0x55, 0x55, 0x65, 0x44, 0x79, 0x86, 0x44, 0x56, 0x78, 0x77, 
	0x78, 0x99, 0xA9, 0x99, 0xAA, 0x9A, 0xAA, 0xA9, 0x99, 0x99, 0x99, 0x99, 0x88, 0x99, 0x77, 
	0x77, 0x88, 0x89, 0x88, 0x9A, 0xAA, 0x9A, 0xA9, 0x9A, 0xBC, 0xCD, 0xDD, 0xDC, 0xCC, 0xBB, 
	0xAA, 0xAA, 0xAB, 0xCD, 0xEE, 0xEF, 0xFE, 0xFE, 0xEE, 0xEE, 0xEE, 0xEE, 0xEE, 0xED, 0xDD, 
	0xEE, 0xEE, 0xEE, 0xEE, 0xEE, 0xEE, 0xDD, 0xDC, 0xBB, 0xBB, 0xBB, 0xCB, 0xBA, 0xBB, 0xBB, 
	0xBC, 0xBB, 0xBA, 0xAA, 0xAA, 0xAA, 0xAA, 0xAA, 0xAA, 0xAA, 0xAB, 0xAA, 0xBB, 0xBB, 0xBA, 
	0xAB, 0xBA, 0xAA, 0xA9, 0x9A, 0xAA, 0xAA, 0xAA, 0xA8, 0x75, 0x22, 0x33, 0x33, 0x33, 0x34, 
	0x44, 0x56, 0x89, 0x9A, 0xAA, 0xAA, 0xAA, 0xAA, 0xAA, 0xAB, 0xBB, 0xBB, 0xBB, 0xBB, 0xBB, 
	0xBB, 0xBB, 0xBB, 0xBB, 0xBB, 0xBB, 0xBB, 0xBB, 0xBB, 0xBB, 0xBB, 0xBB, 0xCC, 0xCC, 0xCC, 
	0xCC, 0xCC, 0xCC, 0xCC, 0xCC, 0xCC, 0xCC, 0xCB, 0xAB, 0xCC, 0xCB, 0xAA, 0xBB, 0xBB, 0xBB, 
	0xBB, 0xBB, 0xBB, 0xBB, 0xBB, 0xBB, 0xBA, 0xBB, 0xBA, 0xAB, 0xBB, 0xBB, 0xAA, 0xAA, 0xAA, 
	0xAA, 0xAA, 0xBB, 0xBB, 0xBB, 0xAA, 0xAA, 0xAA, 0xAA, 0xAA, 0xAA, 0xAA, 0xAA, 0xAA, 0xAA, 
	0x00, 0x00, 0x00, 0x00, 0x00, 0x00, 0x00, 0x00, 0x00, 0x00, 0x00, 0x00, 0x00, 0x00, 0x00, 
	0x00, 0x00, 0x00, 0x00, 0x00, 0x00, 0x00, 0x00, 0x00, 0x00, 0x00, 0x00, 0x00, 0x00, 0x00, 
	0x00, 0x00, 0x00, 0x00, 0x00, 0x00, 0x00, 0x00, 0x00, 0x00, 0x00, 0x00, 0x00, 0x00, 0x00, 
	0x00, 0x00, 0x00, 0x00, 0x00, 0x00, 0x00, 0x00, 0x00, 0x00, 0x00, 0x00, 0x00, 0x00, 0x00, 
	0x00, 0x00, 0x00, 0x00, 0x00, 0x00, 0x00, 0x00, 0x00, 0x00, 0x00, 0x00, 0x00, 0x00, 0x00, 
	0x00, 0x00, 0x00, 0x00, 0x00, 0x00, 0x00, 0x00, 0x00, 0x00, 0x00, 0x00, 0x00, 0x00, 0x00, 
	0x99, 0x98, 0x88, 0x88, 0x88, 0x88, 0x88, 0x88, 0x88, 0x88, 0x88, 0x88, 0x88, 0x88, 0x88, 
	0x88, 0x99, 0x9A, 0x99, 0x99, 0x99, 0x99, 0x99, 0x99, 0x9A, 0xCC, 0xCC, 0xCC, 0xCC, 0xCB, 
	0xA9, 0x98, 0x76, 0x65, 0x55, 0x65, 0x44, 0x56, 0x57, 0x88, 0x88, 0x85, 0x46, 0x77, 0x78, 
	0x78, 0x88, 0xAA, 0x98, 0x9A, 0x99, 0x99, 0xA9, 0x99, 0x99, 0x99, 0x99, 0x98, 0x98, 0x87, 
	0x78, 0x88, 0x9A, 0xAA, 0xAB, 0xBB, 0xAA, 0xBB, 0xBB, 0xCC, 0xDE, 0xEE, 0xED, 0xDD, 0xDD, 
	0xCC, 0xCC, 0xCC, 0xDE, 0xEF, 0xFF, 0xFF, 0xFF, 0xEE, 0xEE, 0xEE, 0xEE, 0xEE, 0xEE, 0xEE, 
	0xEE, 0xEE, 0xEE, 0xEE, 0xEE, 0xEE, 0xED, 0xDC, 0xBB, 0xCB, 0xBB, 0xCB, 0xBB, 0xBB, 0xBB, 
	0xCC, 0xBB, 0xBB, 0xAA, 0xBB, 0xAA, 0xBB, 0xAA, 0xAA, 0xBB, 0xAB, 0xBA, 0xBA, 0xAA, 0xBA, 
	0xAA, 0xBA, 0xAB, 0xAA, 0xAA, 0xBA, 0xAA, 0xAA, 0xA8, 0x64, 0x33, 0x33, 0x33, 0x33, 0x33, 
	0x44, 0x46, 0x99, 0x9A, 0xA9, 0xAA, 0xAA, 0xBA, 0xAA, 0xBB, 0xAA, 0xBA, 0xBB, 0xBB, 0xBB, 
	0xBB, 0xBB, 0xBB, 0xBB, 0xBB, 0xBB, 0xBB, 0xBB, 0xBB, 0xBB, 0xBB, 0xBC, 0xCC, 0xCC, 0xCC, 
	0xCC, 0xCC, 0xCC, 0xCC, 0xCC, 0xCC, 0xCC, 0xCB, 0xBB, 0xCC, 0xCB, 0xAA, 0xBB, 0xBB, 0xBB, 
	0xBB, 0xBB, 0xBB, 0xBB, 0xBB, 0xBB, 0xBB, 0xBB, 0xBB, 0xAB, 0xBB, 0xBB, 0xAA, 0xAA, 0xAA, 
	0xAA, 0xAA, 0xBB, 0xBB, 0xBB, 0xAA, 0xAA, 0xAA, 0xAA, 0xAA, 0xAA, 0xAA, 0xAA, 0xAA, 0xAA, 
	0x00, 0x00, 0x00, 0x00, 0x00, 0x00, 0x00, 0x00, 0x00, 0x00, 0x00, 0x00, 0x00, 0x00, 0x00, 
	0x00, 0x00, 0x00, 0x00, 0x00, 0x00, 0x00, 0x00, 0x00, 0x00, 0x00, 0x00, 0x00, 0x00, 0x00, 
	0x00, 0x00, 0x00, 0x00, 0x00, 0x00, 0x00, 0x00, 0x00, 0x00, 0x00, 0x00, 0x00, 0x00, 0x00, 
	0x00, 0x00, 0x00, 0x00, 0x00, 0x00, 0x00, 0x00, 0x00, 0x00, 0x00, 0x00, 0x00, 0x00, 0x00, 
	0x00, 0x00, 0x00, 0x00, 0x00, 0x00, 0x00, 0x00, 0x00, 0x00, 0x00, 0x00, 0x00, 0x00, 0x00, 
	0x00, 0x00, 0x00, 0x00, 0x00, 0x00, 0x00, 0x00, 0x00, 0x00, 0x00, 0x00, 0x00, 0x00, 0x00, 
	0x99, 0x98, 0x88, 0x88, 0x88, 0x88, 0x88, 0x88, 0x88, 0x88, 0x88, 0x88, 0x88, 0x88, 0x88, 
	0x88, 0x89, 0x9A, 0x99, 0x89, 0x99, 0x99, 0xAA, 0x99, 0xAB, 0xCC, 0xCC, 0xCC, 0xCC, 0xCC, 
	0xCC, 0xBB, 0xA8, 0x76, 0x54, 0x56, 0x44, 0x45, 0x89, 0x99, 0x65, 0x88, 0x66, 0x56, 0x77, 
	0x78, 0x87, 0x9A, 0xA9, 0x99, 0x99, 0x99, 0x99, 0x99, 0x99, 0x99, 0x99, 0x99, 0x98, 0x88, 
	0x88, 0x9A, 0xAB, 0xBB, 0xBB, 0xCC, 0xCB, 0xBB, 0xBC, 0xCD, 0xDE, 0xEE, 0xEE, 0xEE, 0xEE, 
	0xED, 0xDE, 0xDD, 0xEE, 0xFF, 0xFF, 0xFF, 0xFF, 0xFF, 0xFF, 0xFF, 0xFF, 0xFF, 0xEE, 0xEE, 
	0xEE, 0xEE, 0xEE, 0xEE, 0xEE, 0xEE, 0xEE, 0xDC, 0xCC, 0xCC, 0xBB, 0xCB, 0xBB, 0xBB, 0xBB, 
	0xCC, 0xBB, 0xBB, 0xAA, 0xAA, 0xAA, 0xCB, 0xAA, 0xAB, 0xBB, 0xBB, 0xAA, 0xAA, 0xAA, 0xBA, 
	0xAA, 0xBA, 0xAA, 0xAA, 0xBB, 0xAA, 0xA9, 0x99, 0xA7, 0x54, 0x33, 0x33, 0x33, 0x33, 0x33, 
	0x33, 0x47, 0x99, 0x99, 0xAA, 0xAA, 0xAA, 0xAA, 0xAA, 0xAA, 0xBB, 0xBB, 0xBB, 0xBB, 0xBB, 
	0xBB, 0xBB, 0xBB, 0xBB, 0xBB, 0xBB, 0xBB, 0xBB, 0xBB, 0xBB, 0xBB, 0xBC, 0xCC, 0xCC, 0xCC, 
	0xCC, 0xCC, 0xCC, 0xCC, 0xCC, 0xCC, 0xCC, 0xCB, 0xBC, 0xCC, 0xCA, 0xAA, 0xBB, 0xBB, 0xBB, 
	0xBB, 0xBB, 0xBB, 0xBB, 0xBB, 0xBB, 0xBB, 0xBB, 0xBA, 0xAB, 0xBB, 0xBB, 0xAA, 0xAA, 0xAA, 
	0xAA, 0xAB, 0xBB, 0xBB, 0xBA, 0xAA, 0xAA, 0xAA, 0xAA, 0xAA, 0xAA, 0xAA, 0xAA, 0xAA, 0xAA, 
	0x00, 0x00, 0x00, 0x00, 0x00, 0x00, 0x00, 0x00, 0x00, 0x00, 0x00, 0x00, 0x00, 0x00, 0x00, 
	0x00, 0x00, 0x00, 0x00, 0x00, 0x00, 0x00, 0x00, 0x00, 0x00, 0x00, 0x00, 0x00, 0x00, 0x00, 
	0x00, 0x00, 0x00, 0x00, 0x00, 0x00, 0x00, 0x00, 0x00, 0x00, 0x00, 0x00, 0x00, 0x00, 0x00, 
	0x00, 0x00, 0x00, 0x00, 0x00, 0x00, 0x00, 0x00, 0x00, 0x00, 0x00, 0x00, 0x00, 0x00, 0x00, 
	0x00, 0x00, 0x00, 0x00, 0x00, 0x00, 0x00, 0x00, 0x00, 0x00, 0x00, 0x00, 0x00, 0x00, 0x00, 
	0x00, 0x00, 0x00, 0x00, 0x00, 0x00, 0x00, 0x00, 0x00, 0x00, 0x00, 0x00, 0x00, 0x00, 0x00, 
	0x99, 0x99, 0x88, 0x88, 0x88, 0x88, 0x88, 0x88, 0x88, 0x88, 0x88, 0x88, 0x88, 0x88, 0x88, 
	0x88, 0x89, 0x99, 0x99, 0x99, 0x99, 0x99, 0x99, 0x9A, 0xBC, 0xCC, 0xCC, 0xCC, 0xCC, 0xCC, 
	0xCC, 0xCC, 0xCC, 0xA7, 0x65, 0x55, 0x44, 0x46, 0x99, 0x98, 0x54, 0x46, 0x88, 0x65, 0x66, 
	0x78, 0x98, 0x89, 0x99, 0x99, 0x99, 0x99, 0x9A, 0xA9, 0x99, 0x89, 0x99, 0x99, 0x98, 0x88, 
	0x88, 0xAB, 0xBB, 0xCC, 0xBC, 0xCD, 0xCC, 0xBB, 0xCC, 0xDD, 0xDE, 0xEE, 0xEE, 0xEE, 0xFF, 
	0xFE, 0xEF, 0xEE, 0xEF, 0xFF, 0xFF, 0xFF, 0xFF, 0xFF, 0xFF, 0xFF, 0xFF, 0xFF, 0xFF, 0xFF, 
	0xFF, 0xFF, 0xFF, 0xFF, 0xEE, 0xEE, 0xEE, 0xDD, 0xCC, 0xCC, 0xBC, 0xCC, 0xBC, 0xBB, 0xBC, 
	0xCC, 0xBB, 0xBB, 0xBB, 0xAA, 0xBB, 0xCA, 0xAB, 0xBB, 0xBA, 0xBB, 0xAA, 0xAA, 0xAB, 0xAA, 
	0xBB, 0xBA, 0xAA, 0xAA, 0xAA, 0xAA, 0xA8, 0x9A, 0x97, 0x53, 0x33, 0x44, 0x43, 0x33, 0x34, 
	0x33, 0x58, 0x99, 0x99, 0xA9, 0xAA, 0xAA, 0x9A, 0xAA, 0xAA, 0xBA, 0xAB, 0xBB, 0xBB, 0xBB, 
	0xBB, 0xBB, 0xBB, 0xBB, 0xBB, 0xBB, 0xBB, 0xBB, 0xBB, 0xBB, 0xBB, 0xBC, 0xCC, 0xCC, 0xCC, 
	0xCC, 0xCC, 0xCC, 0xCC, 0xCC, 0xCC, 0xCC, 0xBB, 0xBC, 0xCC, 0xBA, 0xAA, 0xBB, 0xBB, 0xBB, 
	0xBB, 0xBB, 0xBB, 0xBB, 0xBB, 0xBB, 0xBB, 0xBB, 0xBA, 0xBB, 0xBB, 0xBA, 0xAA, 0xAA, 0xAA, 
	0xAA, 0xAB, 0xBB, 0xBB, 0xAA, 0xAA, 0xAA, 0xAA, 0xAA, 0xAA, 0xAA, 0xAA, 0xAA, 0xAA, 0xAA, 
	0x00, 0x00, 0x00, 0x00, 0x00, 0x00, 0x00, 0x00, 0x00, 0x00, 0x00, 0x00, 0x00, 0x00, 0x00, 
	0x00, 0x00, 0x00, 0x00, 0x00, 0x00, 0x00, 0x00, 0x00, 0x00, 0x00, 0x00, 0x00, 0x00, 0x00, 
	0x00, 0x00, 0x00, 0x00, 0x00, 0x00, 0x00, 0x00, 0x00, 0x00, 0x00, 0x00, 0x00, 0x00, 0x00, 
	0x00, 0x00, 0x00, 0x00, 0x00, 0x00, 0x00, 0x00, 0x00, 0x00, 0x00, 0x00, 0x00, 0x00, 0x00, 
	0x00, 0x00, 0x00, 0x00, 0x00, 0x00, 0x00, 0x00, 0x00, 0x00, 0x00, 0x00, 0x00, 0x00, 0x00, 
	0x00, 0x00, 0x00, 0x00, 0x00, 0x00, 0x00, 0x00, 0x00, 0x00, 0x00, 0x00, 0x00, 0x00, 0x00, 
	0x89, 0x99, 0x88, 0x88, 0x88, 0x88, 0x88, 0x88, 0x88, 0x88, 0x88, 0x88, 0x88, 0x88, 0x88, 
	0x88, 0x88, 0x99, 0xA9, 0x99, 0x99, 0x99, 0x9A, 0xAB, 0xCD, 0xDC, 0xCC, 0xCC, 0xCC, 0xCC, 
	0xCC, 0xDC, 0xCC, 0xCB, 0x97, 0x44, 0x54, 0x57, 0x99, 0x97, 0x53, 0x33, 0x58, 0x97, 0x66, 
	0x77, 0x89, 0x99, 0x9A, 0x99, 0x88, 0x89, 0xAA, 0xAA, 0x98, 0x99, 0x99, 0x9A, 0x99, 0x88, 
	0x99, 0xAB, 0xBB, 0xCC, 0xCC, 0xDD, 0xDC, 0xCC, 0xCC, 0xDD, 0xDE, 0xEE, 0xFF, 0xEE, 0xFF, 
	0xFF, 0xFF, 0xFF, 0xFF, 0xFF, 0xFF, 0xFF, 0xFF, 0xFF, 0xFF, 0xFF, 0xFF, 0xFF, 0xFF, 0xFF, 
	0xFF, 0xFF, 0xFF, 0xFF, 0xFF, 0xEE, 0xEE, 0xDD, 0xDD, 0xDC, 0xCC, 0xCC, 0xBC, 0xCB, 0xBC, 
	0xCB, 0xBB, 0xBB, 0xBB, 0xBB, 0xBB, 0xCA, 0xAB, 0xBC, 0xBA, 0xBA, 0x99, 0xAA, 0xBB, 0xBB, 
	0xBA, 0xAA, 0xBB, 0xAA, 0xAA, 0xAA, 0xA9, 0x9A, 0x97, 0x44, 0x43, 0x44, 0x33, 0x44, 0x44, 
	0x45, 0x79, 0x98, 0x89, 0x9A, 0x99, 0xA8, 0x8A, 0xAA, 0xAA, 0xAA, 0xAB, 0xBB, 0xBB, 0xBB, 
	0xBB, 0xBB, 0xBB, 0xBB, 0xBB, 0xBB, 0xBB, 0xBB, 0xBB, 0xBB, 0xBB, 0xBC, 0xCC, 0xCC, 0xCC, 
	0xCC, 0xCC, 0xCC, 0xCC, 0xCC, 0xCC, 0xCC, 0xBB, 0xBC, 0xCC, 0xBA, 0xAB, 0xBB, 0xBB, 0xBB, 
	0xBB, 0xBB, 0xBB, 0xBB, 0xBB, 0xBB, 0xBB, 0xBB, 0xBA, 0xAB, 0xBA, 0xAA, 0xAA, 0xAA, 0xAA, 
	0xAA, 0xAB, 0xBB, 0xBB, 0xAA, 0xAA, 0xAA, 0xAA, 0xAA, 0xAA, 0xAA, 0xAA, 0xAA, 0xAA, 0xAA, 
	0x00, 0x00, 0x00, 0x00, 0x00, 0x00, 0x00, 0x00, 0x00, 0x00, 0x00, 0x00, 0x00, 0x00, 0x00, 
	0x00, 0x00, 0x00, 0x00, 0x00, 0x00, 0x00, 0x00, 0x00, 0x00, 0x00, 0x00, 0x00, 0x00, 0x00, 
	0x00, 0x00, 0x00, 0x00, 0x00, 0x00, 0x00, 0x00, 0x00, 0x00, 0x00, 0x00, 0x00, 0x00, 0x00, 
	0x00, 0x00, 0x00, 0x00, 0x00, 0x00, 0x00, 0x00, 0x00, 0x00, 0x00, 0x00, 0x00, 0x00, 0x00, 
	0x00, 0x00, 0x00, 0x00, 0x00, 0x00, 0x00, 0x00, 0x00, 0x00, 0x00, 0x00, 0x00, 0x00, 0x00, 
	0x00, 0x00, 0x00, 0x00, 0x00, 0x00, 0x00, 0x00, 0x00, 0x00, 0x00, 0x00, 0x00, 0x00, 0x00, 
	0x88, 0x99, 0x88, 0x88, 0x88, 0x88, 0x88, 0x88, 0x88, 0x88, 0x88, 0x88, 0x88, 0x88, 0x88, 
	0x88, 0x88, 0x99, 0xA9, 0x99, 0x99, 0x99, 0x99, 0xAC, 0xDD, 0xDC, 0xCC, 0xBC, 0xBB, 0xBC, 
	0xCC, 0xCC, 0xCC, 0xCC, 0xBA, 0x76, 0x55, 0x69, 0x99, 0x86, 0x54, 0x33, 0x44, 0x79, 0x97, 
	0x77, 0x89, 0xA9, 0xAA, 0xA9, 0x98, 0x89, 0xAA, 0x9A, 0x99, 0x99, 0xA9, 0x99, 0x99, 0x98, 
	0x9A, 0xBB, 0xBC, 0xCD, 0xDD, 0xDD, 0xDD, 0xCC, 0xCD, 0xDD, 0xEE, 0xEE, 0xFF, 0xFF, 0xFF, 
	0xFF, 0xFF, 0xFF, 0xFF, 0xFF, 0xFF, 0xFF, 0xFF, 0xFF, 0xFF, 0xFF, 0xFF, 0xFF, 0xFF, 0xFF, 
	0xFF, 0xFF, 0xFF, 0xFF, 0xFF, 0xEE, 0xEE, 0xED, 0xDD, 0xDD, 0xCC, 0xCC, 0xBC, 0xBB, 0xBC, 
	0xBB, 0xBB, 0xCB, 0xBB, 0xBB, 0xCB, 0xBB, 0xBB, 0xCC, 0xBA, 0xAA, 0x9A, 0xBB, 0xBB, 0xBB, 
	0xBA, 0xAB, 0xAA, 0x9A, 0xA9, 0xAB, 0xAA, 0xBA, 0xB7, 0x55, 0x44, 0x44, 0x44, 0x45, 0x67, 
	0x89, 0x99, 0x87, 0x89, 0x89, 0x89, 0x96, 0x8A, 0x98, 0xAA, 0xAB, 0xBA, 0xBB, 0xBB, 0xBB, 
	0xBB, 0xBB, 0xBB, 0xBB, 0xBB, 0xBB, 0xBB, 0xBB, 0xBB, 0xBB, 0xBB, 0xCC, 0xCC, 0xCC, 0xCC, 
	0xCC, 0xCC, 0xCC, 0xCC, 0xCC, 0xCC, 0xCB, 0xBB, 0xBC, 0xCC, 0xBA, 0xAB, 0xBB, 0xBB, 0xBB, 
	0xBB, 0xBB, 0xBB, 0xBB, 0xBB, 0xBB, 0xBB, 0xBB, 0xBA, 0xAA, 0xAA, 0xAA, 0xAA, 0xAA, 0xAA, 
	0xAA, 0xAB, 0xBB, 0xBB, 0xAA, 0xAA, 0xAA, 0xAA, 0xAA, 0xAA, 0xAA, 0xAA, 0xAA, 0xAA, 0xAA, 
	0x00, 0x00, 0x00, 0x00, 0x00, 0x00, 0x00, 0x00, 0x00, 0x00, 0x00, 0x00, 0x00, 0x00, 0x00, 
	0x00, 0x00, 0x00, 0x00, 0x00, 0x00, 0x00, 0x00, 0x00, 0x00, 0x00, 0x00, 0x00, 0x00, 0x00, 
	0x00, 0x00, 0x00, 0x00, 0x00, 0x00, 0x00, 0x00, 0x00, 0x00, 0x00, 0x00, 0x00, 0x00, 0x00, 
	0x00, 0x00, 0x00, 0x00, 0x00, 0x00, 0x00, 0x00, 0x00, 0x00, 0x00, 0x00, 0x00, 0x00, 0x00, 
	0x00, 0x00, 0x00, 0x00, 0x00, 0x00, 0x00, 0x00, 0x00, 0x00, 0x00, 0x00, 0x00, 0x00, 0x00, 
	0x00, 0x00, 0x00, 0x00, 0x00, 0x00, 0x00, 0x00, 0x00, 0x00, 0x00, 0x00, 0x00, 0x00, 0x00, 
	0x88, 0x99, 0x88, 0x88, 0x88, 0x88, 0x88, 0x88, 0x88, 0x88, 0x88, 0x88, 0x88, 0x88, 0x88, 
	0x88, 0x88, 0x99, 0x99, 0x99, 0x99, 0x98, 0x89, 0xBC, 0xDD, 0xCC, 0xBB, 0xBB, 0xBB, 0xBB, 
	0xCC, 0xCC, 0xCC, 0xCC, 0xCB, 0xB9, 0x66, 0x89, 0x99, 0x76, 0x54, 0x44, 0x44, 0x46, 0x9A, 
	0x87, 0x88, 0x99, 0xAA, 0xAA, 0x98, 0x88, 0x9A, 0x99, 0x99, 0x99, 0xAA, 0x99, 0xAA, 0xAA, 
	0x9A, 0xCB, 0xBC, 0xDD, 0xDD, 0xDD, 0xDD, 0xDD, 0xDD, 0xDD, 0xEE, 0xEE, 0xFF, 0xFF, 0xFF, 
	0xFF, 0xFF, 0xFF, 0xFF, 0xFF, 0xFF, 0xFF, 0xFF, 0xFF, 0xFF, 0xFF, 0xFF, 0xFF, 0xFF, 0xFF, 
	0xFF, 0xFF, 0xFF, 0xFF, 0xFF, 0xFF, 0xEE, 0xED, 0xDD, 0xDD, 0xDC, 0xCC, 0xCC, 0xBB, 0xBC, 
	0xBB, 0xBB, 0xBB, 0xBB, 0xBB, 0xBB, 0xBB, 0xCB, 0xCB, 0xAA, 0xAA, 0xAB, 0xBB, 0xBB, 0xBB, 
	0xAA, 0xAA, 0xA9, 0x99, 0xAA, 0xA9, 0x8A, 0xA9, 0xA7, 0x75, 0x46, 0x67, 0x78, 0x99, 0x99, 
	0x77, 0x78, 0x77, 0x88, 0x87, 0x89, 0x65, 0x89, 0x77, 0xAA, 0xAA, 0xBB, 0xAB, 0xBB, 0xBB, 
	0xBB, 0xBB, 0xBB, 0xBB, 0xBB, 0xBB, 0xBB, 0xBB, 0xBB, 0xBB, 0xBB, 0xCC, 0xCC, 0xCC, 0xCC, 
	0xCC, 0xCC, 0xCC, 0xCC, 0xCC, 0xCC, 0xCB, 0xBB, 0xBC, 0xCB, 0xAA, 0xAB, 0xBB, 0xBB, 0xBB, 
	0xBB, 0xBB, 0xBB, 0xBB, 0xBB, 0xBB, 0xBB, 0xBB, 0xBA, 0xAA, 0xAA, 0xAA, 0xAA, 0xAA, 0xAA, 
	0xAA, 0xAB, 0xBB, 0xBB, 0xAA, 0xAA, 0xAA, 0xAA, 0xAA, 0xAA, 0xAA, 0xAA, 0xAA, 0xAA, 0xAA, 
	0x00, 0x00, 0x00, 0x00, 0x00, 0x00, 0x00, 0x00, 0x00, 0x00, 0x00, 0x00, 0x00, 0x00, 0x00, 
	0x00, 0x00, 0x00, 0x00, 0x00, 0x00, 0x00, 0x00, 0x00, 0x00, 0x00, 0x00, 0x00, 0x00, 0x00, 
	0x00, 0x00, 0x00, 0x00, 0x00, 0x00, 0x00, 0x00, 0x00, 0x00, 0x00, 0x00, 0x00, 0x00, 0x00, 
	0x00, 0x00, 0x00, 0x00, 0x00, 0x00, 0x00, 0x00, 0x00, 0x00, 0x00, 0x00, 0x00, 0x00, 0x00, 
	0x00, 0x00, 0x00, 0x00, 0x00, 0x00, 0x00, 0x00, 0x00, 0x00, 0x00, 0x00, 0x00, 0x00, 0x00, 
	0x00, 0x00, 0x00, 0x00, 0x00, 0x00, 0x00, 0x00, 0x00, 0x00, 0x00, 0x00, 0x00, 0x00, 0x00, 
	0x88, 0x99, 0x98, 0x88, 0x88, 0x88, 0x88, 0x88, 0x88, 0x88, 0x88, 0x88, 0x88, 0x88, 0x88, 
	0x88, 0x88, 0x99, 0x99, 0x99, 0x99, 0x99, 0x9A, 0xBD, 0xDC, 0xCB, 0xBB, 0xBA, 0xBB, 0xBA, 
	0xBB, 0xBC, 0xCC, 0xBC, 0xCC, 0xBB, 0x98, 0x89, 0x98, 0x76, 0x54, 0x54, 0x44, 0x55, 0x69, 
	0xB9, 0x89, 0x89, 0xAA, 0xAA, 0xA9, 0x88, 0x9A, 0xAA, 0x99, 0x99, 0xAA, 0xAA, 0xAA, 0xBB, 
	0xAA, 0xCC, 0xCC, 0xDD, 0xDD, 0xDE, 0xED, 0xDD, 0xDD, 0xDE, 0xEE, 0xEF, 0xFF, 0xFF, 0xFF, 
	0xFF, 0xFF, 0xFF, 0xFF, 0xFF, 0xFF, 0xFF, 0xFF, 0xFF, 0xFF, 0xFF, 0xFF, 0xFF, 0xFF, 0xFF, 
	0xFF, 0xFF, 0xFF, 0xFF, 0xFF, 0xFF, 0xEE, 0xEE, 0xDD, 0xDD, 0xDC, 0xCC, 0xCC, 0xBB, 0xBC, 
	0xCB, 0xBB, 0xBB, 0xBB, 0xBB, 0xBB, 0xCC, 0xCC, 0xCB, 0xBB, 0xBB, 0xBB, 0xBB, 0xBB, 0xBB, 
	0xAA, 0xAA, 0x99, 0xAA, 0xAA, 0xA8, 0x8A, 0x99, 0x98, 0x88, 0xAA, 0xAA, 0xBB, 0xAB, 0xBA, 
	0x98, 0x88, 0x78, 0x87, 0x79, 0x96, 0x56, 0x67, 0x77, 0x99, 0xAA, 0xAB, 0xAB, 0xBB, 0xBB, 
	0xBB, 0xBB, 0xBB, 0xBB, 0xBB, 0xBB, 0xBB, 0xBB, 0xBB, 0xBB, 0xBB, 0xCC, 0xCC, 0xCC, 0xCC, 
	0xCC, 0xCC, 0xCC, 0xCC, 0xCC, 0xCC, 0xCB, 0xBB, 0xCC, 0xCB, 0xAA, 0xAB, 0xBB, 0xBB, 0xBB, 
	0xBB, 0xBB, 0xBB, 0xBB, 0xBB, 0xBB, 0xBB, 0xBB, 0xAA, 0xAA, 0xAA, 0xAA, 0xAA, 0xAA, 0xAA, 
	0xAA, 0xAB, 0xBB, 0xBA, 0xAA, 0xAA, 0xAA, 0xAA, 0xAA, 0xAA, 0xAA, 0xAA, 0xAA, 0xAA, 0xAA, 
	0x00, 0x00, 0x00, 0x00, 0x00, 0x00, 0x00, 0x00, 0x00, 0x00, 0x00, 0x00, 0x00, 0x00, 0x00, 
	0x00, 0x00, 0x00, 0x00, 0x00, 0x00, 0x00, 0x00, 0x00, 0x00, 0x00, 0x00, 0x00, 0x00, 0x00, 
	0x00, 0x00, 0x00, 0x00, 0x00, 0x00, 0x00, 0x00, 0x00, 0x00, 0x00, 0x00, 0x00, 0x00, 0x00, 
	0x00, 0x00, 0x00, 0x00, 0x00, 0x00, 0x00, 0x00, 0x00, 0x00, 0x00, 0x00, 0x00, 0x00, 0x00, 
	0x00, 0x00, 0x00, 0x00, 0x00, 0x00, 0x00, 0x00, 0x00, 0x00, 0x00, 0x00, 0x00, 0x00, 0x00, 
	0x00, 0x00, 0x00, 0x00, 0x00, 0x00, 0x00, 0x00, 0x00, 0x00, 0x00, 0x00, 0x00, 0x00, 0x00, 
	0x88, 0x88, 0x98, 0x88, 0x88, 0x88, 0x88, 0x88, 0x88, 0x88, 0x88, 0x88, 0x88, 0x88, 0x88, 
	0x88, 0x88, 0x89, 0x99, 0xA9, 0x99, 0x9A, 0xAA, 0xBC, 0xCC, 0xBB, 0xBB, 0xBA, 0xAA, 0xAA, 
	0xAA, 0xBB, 0xCC, 0xCB, 0xBC, 0xCC, 0xB9, 0x99, 0x99, 0x76, 0x55, 0x55, 0x45, 0x56, 0x57, 
	0x9B, 0xA8, 0x89, 0xAA, 0xAA, 0xAA, 0x98, 0x89, 0xAA, 0x99, 0x89, 0xAA, 0xAA, 0xAA, 0xAA, 
	0xAB, 0xBC, 0xDC, 0xDD, 0xDD, 0xDD, 0xDE, 0xDE, 0xEE, 0xEE, 0xEF, 0xFF, 0xFF, 0xFF, 0xFF, 
	0xFF, 0xFF, 0xFF, 0xFF, 0xFF, 0xFF, 0xFF, 0xFF, 0xFF, 0xFF, 0xFF, 0xFF, 0xFF, 0xFF, 0xFF, 
	0xFF, 0xFF, 0xFF, 0xFF, 0xFF, 0xFF, 0xEE, 0xEE, 0xEE, 0xDD, 0xDD, 0xCC, 0xCB, 0xBB, 0xCC, 
	0xCB, 0xBB, 0xBB, 0xBB, 0xCB, 0xBC, 0xCC, 0xCC, 0xCB, 0xBB, 0xBB, 0xBB, 0xBB, 0xBB, 0xBB, 
	0xAA, 0x9A, 0xAA, 0xAB, 0xAA, 0x98, 0x9A, 0x9A, 0xAA, 0xAA, 0xBC, 0xBB, 0xBB, 0xAA, 0xA9, 
	0x87, 0x77, 0x78, 0x77, 0x89, 0x75, 0x66, 0x78, 0x76, 0x78, 0xAB, 0xAA, 0xAA, 0xBB, 0xBB, 
	0xBB, 0xBB, 0xBB, 0xBB, 0xBB, 0xBB, 0xBB, 0xBB, 0xBB, 0xBB, 0xBC, 0xCC, 0xCC, 0xCC, 0xCC, 
	0xCC, 0xCC, 0xCC, 0xCC, 0xCC, 0xCC, 0xCB, 0xBB, 0xCC, 0xCB, 0xAA, 0xBB, 0xBB, 0xBB, 0xBB, 
	0xBB, 0xBB, 0xBB, 0xBB, 0xBB, 0xBB, 0xBB, 0xBA, 0xAA, 0xAA, 0xAA, 0xAA, 0xAA, 0xAA, 0xAA, 
	0xAA, 0xAB, 0xBB, 0xBA, 0xAA, 0xAA, 0xAA, 0xAA, 0xAA, 0xAA, 0xAA, 0xAA, 0xAA, 0xAA, 0xAA, 
	0x00, 0x00, 0x00, 0x00, 0x00, 0x00, 0x00, 0x00, 0x00, 0x00, 0x00, 0x00, 0x00, 0x00, 0x00, 
	0x00, 0x00, 0x00, 0x00, 0x00, 0x00, 0x00, 0x00, 0x00, 0x00, 0x00, 0x00, 0x00, 0x00, 0x00, 
	0x00, 0x00, 0x00, 0x00, 0x00, 0x00, 0x00, 0x00, 0x00, 0x00, 0x00, 0x00, 0x00, 0x00, 0x00, 
	0x00, 0x00, 0x00, 0x00, 0x00, 0x00, 0x00, 0x00, 0x00, 0x00, 0x00, 0x00, 0x00, 0x00, 0x00, 
	0x00, 0x00, 0x00, 0x00, 0x00, 0x00, 0x00, 0x00, 0x00, 0x00, 0x00, 0x00, 0x00, 0x00, 0x00, 
	0x00, 0x00, 0x00, 0x00, 0x00, 0x00, 0x00, 0x00, 0x00, 0x00, 0x00, 0x00, 0x00, 0x00, 0x00, 
	0x88, 0x89, 0x98, 0x88, 0x88, 0x88, 0x88, 0x88, 0x88, 0x88, 0x88, 0x88, 0x88, 0x88, 0x88, 
	0x88, 0x88, 0x89, 0x9A, 0xAA, 0x99, 0xAA, 0xAA, 0xBC, 0xCC, 0xCC, 0xCC, 0xCC, 0xBB, 0xAA, 
	0xAA, 0xAA, 0xBB, 0xBB, 0xBB, 0xCC, 0xCB, 0xA9, 0x9A, 0x87, 0x65, 0x56, 0x66, 0x56, 0x57, 
	0x89, 0xAB, 0xA9, 0xAA, 0x99, 0xAA, 0xA9, 0x99, 0x9A, 0x99, 0x99, 0xAA, 0xAA, 0xBA, 0xAB, 
	0xBB, 0xBC, 0xDD, 0xDD, 0xDD, 0xDE, 0xEE, 0xEE, 0xEE, 0xEE, 0xEF, 0xFF, 0xFF, 0xFF, 0xFF, 
	0xFF, 0xFF, 0xFF, 0xFF, 0xFF, 0xFF, 0xFF, 0xFF, 0xFF, 0xFF, 0xFF, 0xFF, 0xFF, 0xFF, 0xFF, 
	0xFF, 0xFF, 0xFF, 0xFF, 0xFF, 0xFE, 0xEE, 0xEE, 0xEE, 0xDD, 0xDD, 0xDC, 0xBB, 0xBB, 0xCC, 
	0xBB, 0xBB, 0xBB, 0xBC, 0xBB, 0xCC, 0xCC, 0xCC, 0xCB, 0xBB, 0xCB, 0xBB, 0xBB, 0xBB, 0xBA, 
	0x99, 0xAA, 0x9A, 0xAA, 0xAA, 0x9A, 0xAA, 0xAB, 0xAB, 0xBA, 0xAA, 0xA9, 0x88, 0x77, 0x77, 
	0x77, 0x65, 0x54, 0x57, 0x87, 0x55, 0x55, 0x77, 0x66, 0x78, 0xAA, 0xAA, 0xAA, 0xBB, 0xBB, 
	0xBB, 0xBB, 0xBB, 0xBB, 0xBB, 0xBB, 0xBB, 0xBB, 0xBB, 0xBB, 0xCC, 0xCC, 0xCC, 0xCC, 0xCC, 
	0xCC, 0xCC, 0xCC, 0xCC, 0xCC, 0xCC, 0xBB, 0xBC, 0xCC, 0xCB, 0xAA, 0xBB, 0xBB, 0xBB, 0xBB, 
	0xBB, 0xBB, 0xBB, 0xBB, 0xBA, 0xBB, 0xBB, 0xBA, 0xAA, 0xAA, 0xAA, 0xAA, 0xAA, 0xAA, 0xAA, 
	0xAA, 0xBB, 0xBB, 0xAA, 0xAA, 0xAA, 0xAA, 0xAA, 0xAA, 0xAA, 0xAA, 0xAA, 0xAA, 0xAA, 0xAA, 
	0x00, 0x00, 0x00, 0x00, 0x00, 0x00, 0x00, 0x00, 0x00, 0x00, 0x00, 0x00, 0x00, 0x00, 0x00, 
	0x00, 0x00, 0x00, 0x00, 0x00, 0x00, 0x00, 0x00, 0x00, 0x00, 0x00, 0x00, 0x00, 0x00, 0x00, 
	0x00, 0x00, 0x00, 0x00, 0x00, 0x00, 0x00, 0x00, 0x00, 0x00, 0x00, 0x00, 0x00, 0x00, 0x00, 
	0x00, 0x00, 0x00, 0x00, 0x00, 0x00, 0x00, 0x00, 0x00, 0x00, 0x00, 0x00, 0x00, 0x00, 0x00, 
	0x00, 0x00, 0x00, 0x00, 0x00, 0x00, 0x00, 0x00, 0x00, 0x00, 0x00, 0x00, 0x00, 0x00, 0x00, 
	0x00, 0x00, 0x00, 0x00, 0x00, 0x00, 0x00, 0x00, 0x00, 0x00, 0x00, 0x00, 0x00, 0x00, 0x00, 
	0x88, 0x88, 0x98, 0x88, 0x88, 0x88, 0x88, 0x88, 0x88, 0x88, 0x88, 0x88, 0x88, 0x88, 0x88, 
	0x88, 0x88, 0x89, 0x9A, 0xAA, 0xAA, 0xBB, 0xAB, 0xCD, 0xDD, 0xDD, 0xDD, 0xDD, 0xCC, 0xCB, 
	0xBB, 0xBA, 0xAA, 0xBB, 0xBB, 0xCC, 0xCC, 0xCB, 0xAA, 0x98, 0x65, 0x56, 0x77, 0x66, 0x56, 
	0x98, 0x9A, 0xBA, 0xAA, 0x99, 0xAA, 0xBA, 0x99, 0x9A, 0x99, 0xAA, 0xAA, 0xAB, 0xBB, 0xBB, 
	0xCC, 0xCC, 0xDD, 0xDD, 0xDD, 0xDE, 0xEE, 0xEE, 0xEE, 0xEE, 0xEF, 0xFF, 0xFF, 0xFF, 0xFF, 
	0xFF, 0xFF, 0xFF, 0xFF, 0xFF, 0xFF, 0xFF, 0xFF, 0xFF, 0xFF, 0xFF, 0xFF, 0xFF, 0xFF, 0xFF, 
	0xFF, 0xFF, 0xFF, 0xFF, 0xFF, 0xFE, 0xEE, 0xEE, 0xEE, 0xED, 0xDD, 0xDC, 0xBB, 0xAB, 0xCB, 
	0xBB, 0xBB, 0xBB, 0xBB, 0xBC, 0xCC, 0xCC, 0xCC, 0xCC, 0xCC, 0xCB, 0xBB, 0xAB, 0xBA, 0xAA, 
	0x99, 0xAA, 0xAA, 0xAA, 0xAA, 0xAA, 0xBB, 0xBB, 0xAA, 0xA9, 0x99, 0x99, 0x87, 0x77, 0x77, 
	0x87, 0x78, 0x76, 0x67, 0x76, 0x54, 0x55, 0x66, 0x57, 0x89, 0xAA, 0xAA, 0xAA, 0xAB, 0xBB, 
	0xBB, 0xBB, 0xBB, 0xBB, 0xBB, 0xBB, 0xBB, 0xBB, 0xBB, 0xBB, 0xBC, 0xCC, 0xCC, 0xCC, 0xCC, 
	0xCC, 0xCC, 0xCC, 0xCC, 0xCC, 0xCC, 0xBB, 0xBC, 0xCC, 0xBA, 0xAA, 0xBB, 0xBB, 0xBB, 0xBB, 
	0xBB, 0xBB, 0xBB, 0xBB, 0xBA, 0xBB, 0xBB, 0xAA, 0xAA, 0xAA, 0xAA, 0xAA, 0xAA, 0xAA, 0xAA, 
	0xAA, 0xBB, 0xBA, 0xAA, 0xAA, 0xAA, 0xAA, 0xAA, 0xAA, 0xAA, 0xAA, 0xAA, 0xAA, 0xAA, 0xAA, 
	0x00, 0x00, 0x00, 0x00, 0x00, 0x00, 0x00, 0x00, 0x00, 0x00, 0x00, 0x00, 0x00, 0x00, 0x00, 
	0x00, 0x00, 0x00, 0x00, 0x00, 0x00, 0x00, 0x00, 0x00, 0x00, 0x00, 0x00, 0x00, 0x00, 0x00, 
	0x00, 0x00, 0x00, 0x00, 0x00, 0x00, 0x00, 0x00, 0x00, 0x00, 0x00, 0x00, 0x00, 0x00, 0x00, 
	0x00, 0x00, 0x00, 0x00, 0x00, 0x00, 0x00, 0x00, 0x00, 0x00, 0x00, 0x00, 0x00, 0x00, 0x00, 
	0x00, 0x00, 0x00, 0x00, 0x00, 0x00, 0x00, 0x00, 0x00, 0x00, 0x00, 0x00, 0x00, 0x00, 0x00, 
	0x00, 0x00, 0x00, 0x00, 0x00, 0x00, 0x00, 0x00, 0x00, 0x00, 0x00, 0x00, 0x00, 0x00, 0x00, 
	0x88, 0x88, 0x98, 0x88, 0x88, 0x88, 0x88, 0x88, 0x88, 0x88, 0x88, 0x88, 0x88, 0x88, 0x88, 
	0x88, 0x88, 0x88, 0x99, 0xAA, 0xAA, 0xBB, 0xBC, 0xDD, 0xDD, 0xDC, 0xCC, 0xCC, 0xCC, 0xCC, 
	0xCC, 0xBB, 0xBB, 0xBB, 0xBB, 0xCC, 0xCC, 0xCC, 0xBB, 0xA9, 0x87, 0x56, 0x77, 0x77, 0x66, 
	0x88, 0x98, 0x9B, 0xB9, 0x99, 0xAA, 0xAA, 0xAA, 0xAA, 0xAA, 0xAA, 0xAA, 0xAA, 0xAB, 0xBB, 
	0xCC, 0xCD, 0xDD, 0xDD, 0xDD, 0xEE, 0xEE, 0xEE, 0xEE, 0xEE, 0xFF, 0xFF, 0xFF, 0xFF, 0xFF, 
	0xFF, 0xFF, 0xFF, 0xFF, 0xFF, 0xFF, 0xFF, 0xFF, 0xFF, 0xFF, 0xFF, 0xFF, 0xFF, 0xFF, 0xFF, 
	0xFF, 0xFF, 0xFF, 0xFF, 0xFF, 0xFE, 0xEE, 0xEE, 0xEE, 0xEE, 0xDD, 0xDD, 0xCB, 0xAB, 0xBB, 
	0xBB, 0xBC, 0xBB, 0xBB, 0xBC, 0xDC, 0xCC, 0xCC, 0xCC, 0xCC, 0xBB, 0xBB, 0xAA, 0xAA, 0xAA, 
	0xAA, 0xAA, 0xAA, 0xAA, 0xAA, 0xAA, 0xAB, 0xBB, 0xAB, 0x9A, 0xAA, 0xAA, 0x99, 0x99, 0x89, 
	0x98, 0x88, 0x76, 0x77, 0x66, 0x55, 0x55, 0x55, 0x57, 0x79, 0xAA, 0xAB, 0xAA, 0xAA, 0xBB, 
	0xBB, 0xBB, 0xBB, 0xBB, 0xBB, 0xBB, 0xBB, 0xBB, 0xBB, 0xBB, 0xBC, 0xCC, 0xCC, 0xCC, 0xCC, 
	0xCC, 0xCC, 0xCC, 0xCC, 0xCC, 0xCC, 0xBB, 0xBC, 0xCC, 0xBA, 0xAB, 0xBB, 0xBB, 0xBB, 0xBB, 
	0xBB, 0xBB, 0xAA, 0xBB, 0xBA, 0xAB, 0xBB, 0xAA, 0xAA, 0xAA, 0xAA, 0xAA, 0xAA, 0xAA, 0xAA, 
	0xAB, 0xBB, 0xBA, 0xAA, 0xAA, 0xAA, 0xAA, 0xAA, 0xAA, 0xAA, 0xAA, 0xAA, 0xAA, 0xAA, 0xAA, 
	0x00, 0x00, 0x00, 0x00, 0x00, 0x00, 0x00, 0x00, 0x00, 0x00, 0x00, 0x00, 0x00, 0x00, 0x00, 
	0x00, 0x00, 0x00, 0x00, 0x00, 0x00, 0x00, 0x00, 0x00, 0x00, 0x00, 0x00, 0x00, 0x00, 0x00, 
	0x00, 0x00, 0x00, 0x00, 0x00, 0x00, 0x00, 0x00, 0x00, 0x00, 0x00, 0x00, 0x00, 0x00, 0x00, 
	0x00, 0x00, 0x00, 0x00, 0x00, 0x00, 0x00, 0x00, 0x00, 0x00, 0x00, 0x00, 0x00, 0x00, 0x00, 
	0x00, 0x00, 0x00, 0x00, 0x00, 0x00, 0x00, 0x00, 0x00, 0x00, 0x00, 0x00, 0x00, 0x00, 0x00, 
	0x00, 0x00, 0x00, 0x00, 0x00, 0x00, 0x00, 0x00, 0x00, 0x00, 0x00, 0x00, 0x00, 0x00, 0x00, 
	0x88, 0x88, 0x88, 0x88, 0x88, 0x88, 0x88, 0x88, 0x88, 0x88, 0x88, 0x88, 0x88, 0x88, 0x88, 
	0x88, 0x88, 0x88, 0x99, 0xAA, 0xA9, 0x9A, 0xBC, 0xDD, 0xDD, 0xDC, 0xCC, 0xCC, 0xCC, 0xCC, 
	0xBB, 0xCB, 0xBB, 0xBB, 0xBB, 0xBB, 0xBC, 0xCC, 0xCB, 0xBA, 0xA9, 0x76, 0x77, 0x77, 0x67, 
	0x78, 0x88, 0x8A, 0xBB, 0xA9, 0xAA, 0xAA, 0xBB, 0xBA, 0xAA, 0xAA, 0xAA, 0xAA, 0xAA, 0xBB, 
	0xCC, 0xDD, 0xDD, 0xDD, 0xDE, 0xEE, 0xEE, 0xEE, 0xEE, 0xEE, 0xFF, 0xFF, 0xFF, 0xFF, 0xFF, 
	0xFF, 0xFF, 0xFF, 0xFF, 0xFF, 0xFF, 0xFF, 0xFF, 0xFF, 0xFF, 0xFF, 0xFF, 0xFF, 0xFF, 0xFF, 
	0xFF, 0xFF, 0xFF, 0xFF, 0xFF, 0xEE, 0xEE, 0xEE, 0xEE, 0xEE, 0xED, 0xDD, 0xCB, 0xBC, 0xBB, 
	0xBB, 0xBC, 0xBB, 0xBC, 0xCD, 0xDC, 0xCC, 0xCC, 0xCC, 0xCB, 0xBB, 0xAA, 0xAA, 0xAA, 0xBA, 
	0xAA, 0xAA, 0xAA, 0xAA, 0xAA, 0xAA, 0xAB, 0xBA, 0xAA, 0x9A, 0xAA, 0x98, 0x77, 0x76, 0x65, 
	0x55, 0x55, 0x45, 0x55, 0x55, 0x55, 0x55, 0x55, 0x66, 0x68, 0xAA, 0xAB, 0xAA, 0xAA, 0xBB, 
	0xBB, 0xBB, 0xBB, 0xBB, 0xBB, 0xBB, 0xBB, 0xBB, 0xBC, 0xBB, 0xBC, 0xCC, 0xCC, 0xCC, 0xCC, 
	0xCC, 0xCC, 0xCC, 0xCC, 0xCC, 0xCC, 0xBB, 0xBC, 0xCC, 0xBA, 0xAB, 0xBB, 0xBB, 0xBB, 0xBB, 
	0xBB, 0xBB, 0xAA, 0xBB, 0xAA, 0xAB, 0xBA, 0xAA, 0xAA, 0xAA, 0xAA, 0xAA, 0xAA, 0xAA, 0xAA, 
	0xAA, 0xBB, 0xAA, 0xAA, 0xAA, 0xAA, 0xAA, 0xAA, 0xAA, 0xAA, 0xAA, 0xAA, 0xAA, 0xAA, 0xAA, 
	0x00, 0x00, 0x00, 0x00, 0x00, 0x00, 0x00, 0x00, 0x00, 0x00, 0x00, 0x00, 0x00, 0x00, 0x00, 
	0x00, 0x00, 0x00, 0x00, 0x00, 0x00, 0x00, 0x00, 0x00, 0x00, 0x00, 0x00, 0x00, 0x00, 0x00, 
	0x00, 0x00, 0x00, 0x00, 0x00, 0x00, 0x00, 0x00, 0x00, 0x00, 0x00, 0x00, 0x00, 0x00, 0x00, 
	0x00, 0x00, 0x00, 0x00, 0x00, 0x00, 0x00, 0x00, 0x00, 0x00, 0x00, 0x00, 0x00, 0x00, 0x00, 
	0x00, 0x00, 0x00, 0x00, 0x00, 0x00, 0x00, 0x00, 0x00, 0x00, 0x00, 0x00, 0x00, 0x00, 0x00, 
	0x00, 0x00, 0x00, 0x00, 0x00, 0x00, 0x00, 0x00, 0x00, 0x00, 0x00, 0x00, 0x00, 0x00, 0x00, 
	0x88, 0x88, 0x88, 0x88, 0x88, 0x88, 0x88, 0x88, 0x88, 0x88, 0x88, 0x88, 0x88, 0x88, 0x88, 
	0x88, 0x88, 0x88, 0x99, 0xAA, 0xA9, 0xAA, 0xBB, 0xCC, 0xDD, 0xDD, 0xDD, 0xCC, 0xCC, 0xCC, 
	0xCC, 0xCC, 0xCB, 0xBB, 0xBB, 0xBB, 0xCC, 0xCC, 0xCB, 0xCB, 0xAA, 0xA8, 0x77, 0x77, 0x77, 
	0x78, 0x78, 0x89, 0xAB, 0xCB, 0xAA, 0xBA, 0xAB, 0xBB, 0xAA, 0xAA, 0xAA, 0xAA, 0xAA, 0xAB, 
	0xCC, 0xCD, 0xDD, 0xDD, 0xDE, 0xEE, 0xEE, 0xEE, 0xEE, 0xEE, 0xEF, 0xFF, 0xFF, 0xFF, 0xFF, 
	0xFF, 0xFF, 0xFF, 0xFF, 0xFF, 0xFF, 0xFF, 0xFF, 0xFF, 0xFF, 0xFF, 0xFF, 0xFF, 0xFF, 0xFF, 
	0xFF, 0xFF, 0xFF, 0xFF, 0xFF, 0xEE, 0xEE, 0xEE, 0xEE, 0xEE, 0xED, 0xDD, 0xCB, 0xBB, 0xBA, 
	0xBB, 0xBB, 0xBB, 0xCC, 0xDD, 0xCC, 0xCC, 0xCC, 0xCC, 0xBB, 0xBB, 0xAA, 0x9A, 0xBB, 0xBB, 
	0xAA, 0xAA, 0xAA, 0xAA, 0xAA, 0xAA, 0xBB, 0xAA, 0x99, 0x99, 0x76, 0x55, 0x54, 0x55, 0x54, 
	0x45, 0x43, 0x33, 0x44, 0x44, 0x55, 0x54, 0x56, 0x64, 0x58, 0xAA, 0xAA, 0xAA, 0xAA, 0xBB, 
	0xBB, 0xBB, 0xBB, 0xBB, 0xBB, 0xBB, 0xBB, 0xBB, 0xBC, 0xBB, 0xBC, 0xCC, 0xCC, 0xCC, 0xCC, 
	0xCC, 0xCC, 0xCC, 0xCC, 0xCC, 0xCC, 0xBB, 0xCC, 0xCC, 0xAA, 0xAB, 0xBB, 0xBB, 0xBB, 0xBB, 
	0xBB, 0xBB, 0xAA, 0xAA, 0xAA, 0xAA, 0xAA, 0xAA, 0xAA, 0xAA, 0xAA, 0xAA, 0xAA, 0xAA, 0xAA, 
	0xAA, 0xBA, 0xAA, 0xAA, 0xAA, 0xAA, 0xAA, 0xAA, 0xAA, 0xAA, 0xAA, 0xAA, 0xAA, 0xAA, 0xAA, 
	0x00, 0x00, 0x00, 0x00, 0x00, 0x00, 0x00, 0x00, 0x00, 0x00, 0x00, 0x00, 0x00, 0x00, 0x00, 
	0x00, 0x00, 0x00, 0x00, 0x00, 0x00, 0x00, 0x00, 0x00, 0x00, 0x00, 0x00, 0x00, 0x00, 0x00, 
	0x00, 0x00, 0x00, 0x00, 0x00, 0x00, 0x00, 0x00, 0x00, 0x00, 0x00, 0x00, 0x00, 0x00, 0x00, 
	0x00, 0x00, 0x00, 0x00, 0x00, 0x00, 0x00, 0x00, 0x00, 0x00, 0x00, 0x00, 0x00, 0x00, 0x00, 
	0x00, 0x00, 0x00, 0x00, 0x00, 0x00, 0x00, 0x00, 0x00, 0x00, 0x00, 0x00, 0x00, 0x00, 0x00, 
	0x00, 0x00, 0x00, 0x00, 0x00, 0x00, 0x00, 0x00, 0x00, 0x00, 0x00, 0x00, 0x00, 0x00, 0x00, 
	0x88, 0x88, 0x88, 0x88, 0x88, 0x88, 0x88, 0x88, 0x88, 0x88, 0x88, 0x88, 0x88, 0x88, 0x88, 
	0x88, 0x88, 0x88, 0x99, 0xAA, 0xAA, 0xAA, 0xAB, 0xCC, 0xCC, 0xCC, 0xCC, 0xCC, 0xDD, 0xDC, 
	0xCC, 0xCC, 0xCC, 0xBB, 0xBB, 0xBB, 0xBB, 0xCC, 0xCC, 0xCC, 0xA9, 0xAA, 0x88, 0x78, 0x87, 
	0x78, 0x88, 0x89, 0xA9, 0xBC, 0xBB, 0xBB, 0xAA, 0xBB, 0xBA, 0xAA, 0xAA, 0xAA, 0xAA, 0xAA, 
	0xBC, 0xCD, 0xDD, 0xDD, 0xDE, 0xEE, 0xEE, 0xEE, 0xEE, 0xEE, 0xFF, 0xEF, 0xFF, 0xFF, 0xFF, 
	0xFF, 0xFF, 0xFF, 0xFF, 0xFF, 0xFF, 0xFF, 0xFF, 0xFF, 0xFF, 0xFF, 0xFF, 0xFF, 0xFF, 0xFF, 
	0xFF, 0xFF, 0xFF, 0xFF, 0xFE, 0xEE, 0xEE, 0xEE, 0xEE, 0xEE, 0xEE, 0xDD, 0xCB, 0xBB, 0xAA, 
	0xBB, 0xBB, 0xBB, 0xCD, 0xCC, 0xCC, 0xCC, 0xCC, 0xCB, 0xBB, 0xBA, 0x9A, 0xAB, 0xBB, 0xBB, 
	0xAA, 0xAA, 0xAA, 0xAA, 0xAA, 0xAA, 0xAA, 0x9A, 0x99, 0x97, 0x65, 0x43, 0x44, 0x45, 0x66, 
	0x65, 0x54, 0x44, 0x44, 0x44, 0x55, 0x55, 0x56, 0x53, 0x59, 0xAA, 0xAA, 0xAA, 0xAA, 0xBB, 
	0xBB, 0xBB, 0xBB, 0xBB, 0xBB, 0xBB, 0xBB, 0xBB, 0xBB, 0xBB, 0xCC, 0xCC, 0xCC, 0xCC, 0xCC, 
	0xCC, 0xCC, 0xCC, 0xCC, 0xCC, 0xCB, 0xBB, 0xCC, 0xCB, 0xAA, 0xBB, 0xBB, 0xBB, 0xBB, 0xBB, 
	0xBB, 0xBB, 0xAA, 0xAA, 0xAA, 0xAA, 0xAA, 0xAA, 0xAA, 0xAA, 0xAA, 0xAA, 0xAA, 0xAA, 0xAA, 
	0xAB, 0xBA, 0xAA, 0xAA, 0xAA, 0xAA, 0xAA, 0xAA, 0xAA, 0xAA, 0xAA, 0xAA, 0xAA, 0xAA, 0xAA, 
	0x00, 0x00, 0x00, 0x00, 0x00, 0x00, 0x00, 0x00, 0x00, 0x00, 0x00, 0x00, 0x00, 0x00, 0x00, 
	0x00, 0x00, 0x00, 0x00, 0x00, 0x00, 0x00, 0x00, 0x00, 0x00, 0x00, 0x00, 0x00, 0x00, 0x00, 
	0x00, 0x00, 0x00, 0x00, 0x00, 0x00, 0x00, 0x00, 0x00, 0x00, 0x00, 0x00, 0x00, 0x00, 0x00, 
	0x00, 0x00, 0x00, 0x00, 0x00, 0x00, 0x00, 0x00, 0x00, 0x00, 0x00, 0x00, 0x00, 0x00, 0x00, 
	0x00, 0x00, 0x00, 0x00, 0x00, 0x00, 0x00, 0x00, 0x00, 0x00, 0x00, 0x00, 0x00, 0x00, 0x00, 
	0x00, 0x00, 0x00, 0x00, 0x00, 0x00, 0x00, 0x00, 0x00, 0x00, 0x00, 0x00, 0x00, 0x00, 0x00, 
	0x88, 0x88, 0x88, 0x88, 0x88, 0x88, 0x88, 0x88, 0x88, 0x88, 0x88, 0x88, 0x88, 0x88, 0x88, 
	0x88, 0x88, 0x88, 0x99, 0xAA, 0xBB, 0xBB, 0xCC, 0xDD, 0xDC, 0xCC, 0xCC, 0xBB, 0xCC, 0xDD, 
	0xDC, 0xCC, 0xCC, 0xCC, 0xCB, 0xAB, 0xBB, 0xBC, 0xCC, 0xCC, 0xCA, 0xAA, 0xA9, 0x77, 0x78, 
	0x78, 0x99, 0x98, 0xAA, 0x9B, 0xCC, 0xBB, 0xBA, 0xAB, 0xBB, 0xBA, 0xAA, 0xAA, 0xAA, 0xAA, 
	0xBC, 0xCD, 0xDD, 0xDD, 0xDE, 0xEE, 0xEE, 0xEE, 0xEE, 0xEF, 0xFF, 0xEF, 0xFF, 0xFF, 0xFF, 
	0xFF, 0xFF, 0xFF, 0xFF, 0xFF, 0xFF, 0xFF, 0xFF, 0xFF, 0xFF, 0xFF, 0xFF, 0xFF, 0xFF, 0xFF, 
	0xFF, 0xFF, 0xFF, 0xFF, 0xFE, 0xEE, 0xEE, 0xEE, 0xEE, 0xEE, 0xEE, 0xDC, 0xCB, 0xBB, 0xAA, 
	0xBB, 0xBB, 0xBC, 0xCC, 0xCC, 0xCD, 0xDD, 0xCC, 0xCB, 0xBB, 0xBA, 0xAB, 0xBB, 0xBB, 0xBA, 
	0x9A, 0xAA, 0xAA, 0xAA, 0xAA, 0xAA, 0xAA, 0xAA, 0xA9, 0x97, 0x77, 0x77, 0x65, 0x55, 0x55, 
	0x55, 0x55, 0x54, 0x44, 0x55, 0x55, 0x55, 0x55, 0x54, 0x69, 0xAA, 0xAB, 0xBB, 0xAA, 0xBB, 
	0xBB, 0xBB, 0xBB, 0xBB, 0xBB, 0xBB, 0xBB, 0xBB, 0xBB, 0xBB, 0xCC, 0xCC, 0xCC, 0xCC, 0xCC, 
	0xCC, 0xCC, 0xCC, 0xCC, 0xCC, 0xCB, 0xBB, 0xCC, 0xCB, 0xAA, 0xBB, 0xBB, 0xBB, 0xBB, 0xBB, 
	0xBB, 0xAA, 0xAA, 0xAA, 0xAA, 0xAA, 0xAA, 0xAA, 0xAA, 0xAA, 0xAA, 0xAA, 0xAA, 0xAA, 0xAA, 
	0xBB, 0xBA, 0xAA, 0xAA, 0xAA, 0xAA, 0xAA, 0xAA, 0xAA, 0xAA, 0xAA, 0xAA, 0xAA, 0xAA, 0xAA, 
	0x00, 0x00, 0x00, 0x00, 0x00, 0x00, 0x00, 0x00, 0x00, 0x00, 0x00, 0x00, 0x00, 0x00, 0x00, 
	0x00, 0x00, 0x00, 0x00, 0x00, 0x00, 0x00, 0x00, 0x00, 0x00, 0x00, 0x00, 0x00, 0x00, 0x00, 
	0x00, 0x00, 0x00, 0x00, 0x00, 0x00, 0x00, 0x00, 0x00, 0x00, 0x00, 0x00, 0x00, 0x00, 0x00, 
	0x00, 0x00, 0x00, 0x00, 0x00, 0x00, 0x00, 0x00, 0x00, 0x00, 0x00, 0x00, 0x00, 0x00, 0x00, 
	0x00, 0x00, 0x00, 0x00, 0x00, 0x00, 0x00, 0x00, 0x00, 0x00, 0x00, 0x00, 0x00, 0x00, 0x00, 
	0x00, 0x00, 0x00, 0x00, 0x00, 0x00, 0x00, 0x00, 0x00, 0x00, 0x00, 0x00, 0x00, 0x00, 0x00, 
	0x88, 0x88, 0x88, 0x99, 0x88, 0x88, 0x88, 0x88, 0x88, 0x88, 0x88, 0x88, 0x88, 0x88, 0x88, 
	0x88, 0x88, 0x88, 0x99, 0xAB, 0xBB, 0xBB, 0xCC, 0xDD, 0xCC, 0xCC, 0xCC, 0xCB, 0xBB, 0xCD, 
	0xDD, 0xDC, 0xCC, 0xCC, 0xCC, 0xCB, 0xAA, 0xBC, 0xCC, 0xCC, 0xCB, 0xBA, 0xAA, 0x98, 0x79, 
	0x99, 0x99, 0x9A, 0xA9, 0xAA, 0xBC, 0xCC, 0xBA, 0xAA, 0xBC, 0xBA, 0xAA, 0xAA, 0xAA, 0xAA, 
	0xAB, 0xCC, 0xCD, 0xDD, 0xED, 0xEE, 0xEE, 0xEE, 0xFE, 0xFF, 0xFF, 0xFF, 0xFF, 0xFF, 0xFF, 
	0xFF, 0xFF, 0xFF, 0xFF, 0xFF, 0xFF, 0xFF, 0xFF, 0xFF, 0xFF, 0xFF, 0xFF, 0xFF, 0xFF, 0xFF, 
	0xFF, 0xFF, 0xFF, 0xFF, 0xFE, 0xEE, 0xEE, 0xEE, 0xEE, 0xEE, 0xEE, 0xDD, 0xCB, 0xBA, 0xBA, 
	0xAB, 0xBB, 0xBC, 0xCC, 0xCD, 0xDD, 0xDD, 0xCC, 0xCB, 0xBB, 0xAB, 0xCC, 0xBB, 0xBB, 0xA9, 
	0x9A, 0xAA, 0xAA, 0xBA, 0xAA, 0xAA, 0xAA, 0xAA, 0x99, 0x65, 0x55, 0x57, 0x87, 0x77, 0x64, 
	0x44, 0x44, 0x55, 0x55, 0x55, 0x54, 0x44, 0x56, 0x56, 0x7A, 0xAA, 0xBA, 0xBB, 0xAA, 0xAB, 
	0xBB, 0xBB, 0xBB, 0xBB, 0xBB, 0xBB, 0xBB, 0xBB, 0xBB, 0xBB, 0xCC, 0xCC, 0xCC, 0xCC, 0xCC, 
	0xCC, 0xCC, 0xCC, 0xCC, 0xCC, 0xCB, 0xBB, 0xCC, 0xCB, 0x9A, 0xBB, 0xBB, 0xBB, 0xBB, 0xBB, 
	0xBA, 0xAA, 0xAA, 0xAA, 0xAA, 0xAB, 0xAA, 0xAA, 0xAA, 0xAA, 0xAA, 0xAA, 0xAA, 0xAA, 0xAA, 
	0xBB, 0xBA, 0xAA, 0xAA, 0xAA, 0xAA, 0xAA, 0xAA, 0xAA, 0xAA, 0xAA, 0xAA, 0xAA, 0xAA, 0xAA, 
	0x00, 0x00, 0x00, 0x00, 0x00, 0x00, 0x00, 0x00, 0x00, 0x00, 0x00, 0x00, 0x00, 0x00, 0x00, 
	0x00, 0x00, 0x00, 0x00, 0x00, 0x00, 0x00, 0x00, 0x00, 0x00, 0x00, 0x00, 0x00, 0x00, 0x00, 
	0x00, 0x00, 0x00, 0x00, 0x00, 0x00, 0x00, 0x00, 0x00, 0x00, 0x00, 0x00, 0x00, 0x00, 0x00, 
	0x00, 0x00, 0x00, 0x00, 0x00, 0x00, 0x00, 0x00, 0x00, 0x00, 0x00, 0x00, 0x00, 0x00, 0x00, 
	0x00, 0x00, 0x00, 0x00, 0x00, 0x00, 0x00, 0x00, 0x00, 0x00, 0x00, 0x00, 0x00, 0x00, 0x00, 
	0x00, 0x00, 0x00, 0x00, 0x00, 0x00, 0x00, 0x00, 0x00, 0x00, 0x00, 0x00, 0x00, 0x00, 0x00, 
	0x88, 0x78, 0x78, 0x88, 0x88, 0x88, 0x88, 0x88, 0x88, 0x88, 0x88, 0x88, 0x88, 0x88, 0x88, 
	0x88, 0x88, 0x88, 0x99, 0xAA, 0xAA, 0xBA, 0xAA, 0xBB, 0xCB, 0xCC, 0xCB, 0xAB, 0xBB, 0xBB, 
	0xBB, 0xDD, 0xDC, 0xCC, 0xCC, 0xBC, 0xBA, 0xBB, 0xCC, 0xCC, 0xCC, 0xBB, 0xAA, 0xA9, 0x99, 
	0xAA, 0xAA, 0xAA, 0xAA, 0xAA, 0xBC, 0xCD, 0xCA, 0xAA, 0xAB, 0xCB, 0x99, 0x99, 0x99, 0xAA, 
	0xAB, 0xCC, 0xCD, 0xDD, 0xDE, 0xEE, 0xEE, 0xEF, 0xFF, 0xEF, 0xFF, 0xFF, 0xFF, 0xFF, 0xFF, 
	0xFF, 0xFF, 0xFF, 0xFF, 0xFF, 0xFF, 0xFF, 0xFF, 0xFF, 0xFF, 0xFF, 0xFF, 0xFF, 0xFF, 0xFF, 
	0xFF, 0xFF, 0xFF, 0xFF, 0xEE, 0xEE, 0xEE, 0xEE, 0xEE, 0xEE, 0xEE, 0xDC, 0xCB, 0xBA, 0xAB, 
	0xBB, 0xBB, 0xCC, 0xCC, 0xCD, 0xDD, 0xDD, 0xCC, 0xCC, 0xCC, 0xCC, 0xCC, 0xBB, 0xAA, 0xAA, 
	0xAA, 0xAA, 0xBB, 0xBA, 0xAA, 0xAA, 0xAA, 0xAA, 0x87, 0x64, 0x55, 0x55, 0x45, 0x77, 0x76, 
	0x55, 0x44, 0x44, 0x45, 0x66, 0x65, 0x44, 0x66, 0x67, 0x9A, 0xAB, 0xAB, 0xAA, 0xBB, 0xAB, 
	0xBB, 0xBB, 0xBB, 0xBB, 0xBB, 0xBB, 0xBB, 0xBB, 0xBB, 0xBB, 0xBC, 0xCC, 0xCC, 0xCC, 0xCC, 
	0xCC, 0xCC, 0xCC, 0xCC, 0xCC, 0xBB, 0xBC, 0xCC, 0xCA, 0xAA, 0xBB, 0xBB, 0xBB, 0xBB, 0xBB, 
	0xBB, 0xBA, 0xAA, 0xAA, 0xAA, 0xAA, 0xAA, 0xAA, 0xAA, 0xAA, 0xAA, 0xAA, 0xAA, 0xAA, 0xAA, 
	0xAB, 0xAA, 0xAA, 0xAA, 0xAA, 0xAA, 0xAA, 0xAA, 0xAA, 0xAA, 0xAA, 0xAA, 0xAA, 0xAA, 0xAA, 
	0x00, 0x00, 0x00, 0x00, 0x00, 0x00, 0x00, 0x00, 0x00, 0x00, 0x00, 0x00, 0x00, 0x00, 0x00, 
	0x00, 0x00, 0x00, 0x00, 0x00, 0x00, 0x00, 0x00, 0x00, 0x00, 0x00, 0x00, 0x00, 0x00, 0x00, 
	0x00, 0x00, 0x00, 0x00, 0x00, 0x00, 0x00, 0x00, 0x00, 0x00, 0x00, 0x00, 0x00, 0x00, 0x00, 
	0x00, 0x00, 0x00, 0x00, 0x00, 0x00, 0x00, 0x00, 0x00, 0x00, 0x00, 0x00, 0x00, 0x00, 0x00, 
	0x00, 0x00, 0x00, 0x00, 0x00, 0x00, 0x00, 0x00, 0x00, 0x00, 0x00, 0x00, 0x00, 0x00, 0x00, 
	0x00, 0x00, 0x00, 0x00, 0x00, 0x00, 0x00, 0x00, 0x00, 0x00, 0x00, 0x00, 0x00, 0x00, 0x00, 
	0x88, 0x78, 0x78, 0x88, 0x88, 0x88, 0x88, 0x88, 0x88, 0x88, 0x88, 0x88, 0x88, 0x88, 0x88, 
	0x88, 0x88, 0x88, 0x88, 0x89, 0xBB, 0xAA, 0x99, 0xAB, 0xCC, 0xBB, 0xBC, 0xCC, 0xCC, 0xCC, 
	0xBB, 0xBC, 0xCC, 0xCC, 0xCC, 0xCC, 0xCB, 0xBB, 0xBB, 0xCB, 0xCC, 0xBB, 0xBA, 0xAA, 0xAA, 
	0xAA, 0xAA, 0xAA, 0xAA, 0xAA, 0xBB, 0xCC, 0xDC, 0xAA, 0xBA, 0xBC, 0xA9, 0x99, 0x99, 0xAA, 
	0xAB, 0xCC, 0xCD, 0xDD, 0xDE, 0xEE, 0xEE, 0xEF, 0xFF, 0xEF, 0xFF, 0xFF, 0xFF, 0xFF, 0xFF, 
	0xFF, 0xFF, 0xFF, 0xFF, 0xFF, 0xFF, 0xFF, 0xFF, 0xFF, 0xFF, 0xFF, 0xFF, 0xFF, 0xFF, 0xFF, 
	0xFF, 0xFF, 0xFF, 0xFF, 0xFE, 0xEE, 0xEE, 0xEE, 0xEE, 0xEE, 0xEE, 0xDD, 0xCC, 0xBA, 0xBB, 
	0xBB, 0xBB, 0xCC, 0xCC, 0xDD, 0xDD, 0xDC, 0xCC, 0xDC, 0xCC, 0xCC, 0xCB, 0xBB, 0xAA, 0xBB, 
	0xCB, 0xBB, 0xBB, 0xAB, 0xBA, 0xAA, 0xA9, 0x99, 0x87, 0x66, 0x56, 0x65, 0x55, 0x66, 0x65, 
	0x66, 0x55, 0x45, 0x55, 0x56, 0x54, 0x44, 0x56, 0x78, 0x9A, 0xAA, 0xBA, 0xAA, 0xBB, 0xBB, 
	0xBB, 0xBB, 0xBB, 0xBB, 0xBB, 0xBB, 0xBB, 0xBB, 0xBB, 0xBB, 0xBC, 0xCC, 0xCC, 0xCC, 0xCC, 
	0xCC, 0xCC, 0xCC, 0xCC, 0xCC, 0xBB, 0xBC, 0xCC, 0xBA, 0xAB, 0xBB, 0xBB, 0xBB, 0xBB, 0xBB, 
	0xBB, 0xAA, 0xAA, 0xAA, 0xAA, 0xAA, 0xAA, 0xAA, 0xAA, 0xAA, 0xAA, 0xAA, 0xAA, 0xAA, 0xAA, 
	0xAA, 0xAA, 0xAA, 0xAA, 0xAA, 0xAA, 0xAA, 0xAA, 0xAA, 0xAA, 0xAA, 0xAA, 0xAA, 0xAA, 0xAA, 
	0x00, 0x00, 0x00, 0x00, 0x00, 0x00, 0x00, 0x00, 0x00, 0x00, 0x00, 0x00, 0x00, 0x00, 0x00, 
	0x00, 0x00, 0x00, 0x00, 0x00, 0x00, 0x00, 0x00, 0x00, 0x00, 0x00, 0x00, 0x00, 0x00, 0x00, 
	0x00, 0x00, 0x00, 0x00, 0x00, 0x00, 0x00, 0x00, 0x00, 0x00, 0x00, 0x00, 0x00, 0x00, 0x00, 
	0x00, 0x00, 0x00, 0x00, 0x00, 0x00, 0x00, 0x00, 0x00, 0x00, 0x00, 0x00, 0x00, 0x00, 0x00, 
	0x00, 0x00, 0x00, 0x00, 0x00, 0x00, 0x00, 0x00, 0x00, 0x00, 0x00, 0x00, 0x00, 0x00, 0x00, 
	0x00, 0x00, 0x00, 0x00, 0x00, 0x00, 0x00, 0x00, 0x00, 0x00, 0x00, 0x00, 0x00, 0x00, 0x00, 
	0x88, 0x78, 0x78, 0x88, 0x88, 0x88, 0x88, 0x88, 0x88, 0x88, 0x88, 0x88, 0x88, 0x88, 0x88, 
	0x88, 0x88, 0x88, 0x88, 0x9A, 0xBA, 0xA9, 0x89, 0xAB, 0xBB, 0xAA, 0xAB, 0xCC, 0xCC, 0xCC, 
	0xBC, 0xBC, 0xCC, 0xCC, 0xCC, 0xCC, 0xCB, 0xBB, 0xBB, 0xBB, 0xBC, 0xBB, 0xBB, 0xBB, 0xBA, 
	0xAA, 0xBB, 0xBB, 0xBB, 0xAA, 0xBB, 0xBC, 0xCC, 0xBA, 0xAA, 0xAB, 0xCA, 0x99, 0x99, 0x9A, 
	0xBB, 0xCC, 0xCD, 0xDD, 0xDE, 0xEE, 0xEE, 0xEF, 0xFF, 0xEF, 0xFF, 0xFF, 0xFF, 0xFF, 0xFF, 
	0xFF, 0xFF, 0xFF, 0xFF, 0xFF, 0xFF, 0xFF, 0xFF, 0xFF, 0xFF, 0xFF, 0xFF, 0xFF, 0xFF, 0xFF, 
	0xFF, 0xFF, 0xFF, 0xFF, 0xEE, 0xEE, 0xEE, 0xEE, 0xEE, 0xEE, 0xEE, 0xDD, 0xCC, 0xBB, 0xBB, 
	0xCC, 0xBB, 0xCC, 0xCD, 0xDD, 0xDD, 0xDD, 0xCD, 0xDC, 0xCC, 0xCC, 0xCB, 0xBB, 0xCC, 0xCC, 
	0xCB, 0xBB, 0xBA, 0xBB, 0xBA, 0xAA, 0x99, 0xAA, 0x87, 0x66, 0x76, 0x54, 0x56, 0x55, 0x44, 
	0x45, 0x55, 0x56, 0x65, 0x56, 0x54, 0x45, 0x55, 0x89, 0xAA, 0xAA, 0xBA, 0xAA, 0xAB, 0xBB, 
	0xBB, 0xBB, 0xBB, 0xBB, 0xBB, 0xBB, 0xBB, 0xBB, 0xBB, 0xBB, 0xBC, 0xCC, 0xCC, 0xCC, 0xCC, 
	0xCC, 0xCC, 0xCC, 0xCC, 0xCC, 0xBB, 0xBC, 0xCC, 0xBA, 0xAB, 0xBB, 0xBB, 0xBB, 0xBB, 0xBB, 
	0xBB, 0xAA, 0xAA, 0xAA, 0xAA, 0xAA, 0xAA, 0xAA, 0xAA, 0xAA, 0xAA, 0xAA, 0xAA, 0xAA, 0xAA, 
	0xBA, 0xAA, 0xAA, 0xAA, 0xAA, 0xAA, 0xAA, 0xAA, 0xAA, 0xAA, 0xAA, 0xAA, 0xAA, 0xAA, 0xAB, 
	0x00, 0x00, 0x00, 0x00, 0x00, 0x00, 0x00, 0x00, 0x00, 0x00, 0x00, 0x00, 0x00, 0x00, 0x00, 
	0x00, 0x00, 0x00, 0x00, 0x00, 0x00, 0x00, 0x00, 0x00, 0x00, 0x00, 0x00, 0x00, 0x00, 0x00, 
	0x00, 0x00, 0x00, 0x00, 0x00, 0x00, 0x00, 0x00, 0x00, 0x00, 0x00, 0x00, 0x00, 0x00, 0x00, 
	0x00, 0x00, 0x00, 0x00, 0x00, 0x00, 0x00, 0x00, 0x00, 0x00, 0x00, 0x00, 0x00, 0x00, 0x00, 
	0x00, 0x00, 0x00, 0x00, 0x00, 0x00, 0x00, 0x00, 0x00, 0x00, 0x00, 0x00, 0x00, 0x00, 0x00, 
	0x00, 0x00, 0x00, 0x00, 0x00, 0x00, 0x00, 0x00, 0x00, 0x00, 0x00, 0x00, 0x00, 0x00, 0x00, 
	0x78, 0x88, 0x88, 0x88, 0x88, 0x88, 0x88, 0x88, 0x88, 0x88, 0x88, 0x88, 0x88, 0x88, 0x88, 
	0x88, 0x88, 0x88, 0x99, 0xAA, 0x99, 0x99, 0x9A, 0xAB, 0xBB, 0xBA, 0xBB, 0xBB, 0xCC, 0xCC, 
	0xCC, 0xBC, 0xCC, 0xCC, 0xCC, 0xCC, 0xCB, 0xBA, 0xAB, 0xBB, 0xBC, 0xBB, 0xAB, 0xAB, 0xBB, 
	0xBA, 0xAA, 0xBB, 0xBB, 0xAA, 0xAB, 0xCB, 0xBC, 0xCB, 0xAA, 0xAA, 0xBC, 0xA9, 0x89, 0x9A, 
	0xBB, 0xCC, 0xCC, 0xDD, 0xDE, 0xEE, 0xEE, 0xEE, 0xFF, 0xEF, 0xFF, 0xFF, 0xFF, 0xFF, 0xFF, 
	0xFF, 0xFF, 0xFF, 0xFF, 0xFF, 0xFF, 0xFF, 0xFF, 0xFF, 0xFF, 0xFF, 0xFF, 0xFF, 0xFF, 0xFF, 
	0xFF, 0xFF, 0xFF, 0xFF, 0xEE, 0xEE, 0xEE, 0xEE, 0xEE, 0xEE, 0xEE, 0xED, 0xCC, 0xBB, 0xCB, 
	0xBB, 0xBC, 0xCC, 0xDD, 0xDD, 0xDD, 0xDD, 0xDD, 0xDC, 0xCC, 0xCB, 0xBB, 0xCD, 0xDD, 0xDC, 
	0xBB, 0xAA, 0xAB, 0xBB, 0xBA, 0xAA, 0xAA, 0xAA, 0x87, 0x66, 0x65, 0x56, 0x66, 0x54, 0x44, 
	0x34, 0x55, 0x56, 0x54, 0x45, 0x54, 0x35, 0x54, 0x79, 0xAA, 0xBB, 0xAA, 0xAA, 0xAB, 0xBB, 
	0xBB, 0xBB, 0xBB, 0xBB, 0xBB, 0xBB, 0xBB, 0xBB, 0xBB, 0xBB, 0xBB, 0xBB, 0xCC, 0xCC, 0xCC, 
	0xCC, 0xCC, 0xCC, 0xCC, 0xCC, 0xBB, 0xCC, 0xCB, 0xAA, 0xAB, 0xBB, 0xBB, 0xBB, 0xBB, 0xBB, 
	0xBA, 0xAA, 0xAA, 0xAA, 0xAA, 0xAA, 0xAA, 0xAA, 0xAA, 0xAA, 0xAA, 0xAA, 0xAA, 0xAA, 0xAA, 
	0xBA, 0xAA, 0xAA, 0xAA, 0xAA, 0xAA, 0xAA, 0xAA, 0xAA, 0xAA, 0xAA, 0xAA, 0xAA, 0xAA, 0xAB, 
	0x00, 0x00, 0x00, 0x00, 0x00, 0x00, 0x00, 0x00, 0x00, 0x00, 0x00, 0x00, 0x00, 0x00, 0x00, 
	0x00, 0x00, 0x00, 0x00, 0x00, 0x00, 0x00, 0x00, 0x00, 0x00, 0x00, 0x00, 0x00, 0x00, 0x00, 
	0x00, 0x00, 0x00, 0x00, 0x00, 0x00, 0x00, 0x00, 0x00, 0x00, 0x00, 0x00, 0x00, 0x00, 0x00, 
	0x00, 0x00, 0x00, 0x00, 0x00, 0x00, 0x00, 0x00, 0x00, 0x00, 0x00, 0x00, 0x00, 0x00, 0x00, 
	0x00, 0x00, 0x00, 0x00, 0x00, 0x00, 0x00, 0x00, 0x00, 0x00, 0x00, 0x00, 0x00, 0x00, 0x00, 
	0x00, 0x00, 0x00, 0x00, 0x00, 0x00, 0x00, 0x00, 0x00, 0x00, 0x00, 0x00, 0x00, 0x00, 0x00, 
	0x78, 0x88, 0x88, 0x88, 0x88, 0x88, 0x88, 0x88, 0x88, 0x88, 0x88, 0x88, 0x88, 0x88, 0x88, 
	0x88, 0x88, 0x88, 0x99, 0x99, 0x99, 0xA9, 0x9A, 0xAB, 0xCC, 0xBB, 0xAA, 0xAA, 0xAB, 0xBB, 
	0xBC, 0xBC, 0xCC, 0xCC, 0xBC, 0xCC, 0xCB, 0xBB, 0xAA, 0xAB, 0xBC, 0xBB, 0xAA, 0xAA, 0xBB, 
	0xBA, 0xAA, 0xBC, 0xCC, 0xBA, 0xAB, 0xCC, 0xBB, 0xBC, 0xBA, 0xAA, 0xAA, 0xBA, 0x88, 0x89, 
	0xBB, 0xCC, 0xCC, 0xDD, 0xDE, 0xEE, 0xEE, 0xEE, 0xFF, 0xEF, 0xFF, 0xFF, 0xFF, 0xFF, 0xFF, 
	0xFF, 0xFF, 0xFF, 0xFF, 0xFF, 0xFF, 0xFF, 0xFF, 0xFF, 0xFF, 0xFF, 0xFF, 0xFF, 0xFF, 0xFF, 
	0xFF, 0xFF, 0xFF, 0xFE, 0xEE, 0xEE, 0xEE, 0xEE, 0xEE, 0xEE, 0xEE, 0xED, 0xDC, 0xCC, 0xCB, 
	0xBB, 0xBC, 0xCC, 0xDD, 0xDD, 0xDD, 0xDD, 0xDD, 0xDC, 0xCC, 0xBC, 0xCD, 0xDD, 0xCC, 0xCB, 
	0xAA, 0xAB, 0xBB, 0xBB, 0xBA, 0xAB, 0xAA, 0xA8, 0x77, 0x66, 0x55, 0x77, 0x65, 0x54, 0x44, 
	0x55, 0x55, 0x55, 0x44, 0x44, 0x43, 0x45, 0x54, 0x57, 0x9A, 0xAA, 0xAA, 0xAA, 0xAB, 0xBB, 
	0xAA, 0xBB, 0xBB, 0xBB, 0xBB, 0xBB, 0xBB, 0xBB, 0xBB, 0xBB, 0xBB, 0xBB, 0xCC, 0xCC, 0xCC, 
	0xCC, 0xCC, 0xCC, 0xCC, 0xCB, 0xBB, 0xCC, 0xCB, 0xAA, 0xBB, 0xBB, 0xBB, 0xBB, 0xBB, 0xBB, 
	0xAA, 0xAA, 0xAA, 0xAA, 0xAA, 0xAA, 0xAA, 0xAA, 0xAA, 0xAA, 0xAA, 0xAA, 0xAA, 0xAA, 0xAA, 
	0xBA, 0xAA, 0xAA, 0xAA, 0xAA, 0xAA, 0xAA, 0xAA, 0xAA, 0xAA, 0xAA, 0xAA, 0xAA, 0xAA, 0xAB, 
	0x00, 0x00, 0x00, 0x00, 0x00, 0x00, 0x00, 0x00, 0x00, 0x00, 0x00, 0x00, 0x00, 0x00, 0x00, 
	0x00, 0x00, 0x00, 0x00, 0x00, 0x00, 0x00, 0x00, 0x00, 0x00, 0x00, 0x00, 0x00, 0x00, 0x00, 
	0x00, 0x00, 0x00, 0x00, 0x00, 0x00, 0x00, 0x00, 0x00, 0x00, 0x00, 0x00, 0x00, 0x00, 0x00, 
	0x00, 0x00, 0x00, 0x00, 0x00, 0x00, 0x00, 0x00, 0x00, 0x00, 0x00, 0x00, 0x00, 0x00, 0x00, 
	0x00, 0x00, 0x00, 0x00, 0x00, 0x00, 0x00, 0x00, 0x00, 0x00, 0x00, 0x00, 0x00, 0x00, 0x00, 
	0x00, 0x00, 0x00, 0x00, 0x00, 0x00, 0x00, 0x00, 0x00, 0x00, 0x00, 0x00, 0x00, 0x00, 0x00, 
	0x77, 0x77, 0x88, 0x88, 0x88, 0x88, 0x88, 0x88, 0x88, 0x88, 0x88, 0x88, 0x88, 0x88, 0x88, 
	0x88, 0x88, 0x88, 0x99, 0x99, 0x9A, 0xAA, 0xAA, 0xBC, 0xCC, 0xBB, 0xBA, 0xBB, 0xBA, 0xAA, 
	0xBC, 0xCB, 0xCC, 0xCC, 0xBB, 0xBB, 0xCC, 0xCB, 0xBA, 0xAB, 0xBB, 0xBB, 0xAB, 0xAA, 0xBB, 
	0xBB, 0xAA, 0xAB, 0xBC, 0xCB, 0xAA, 0xBB, 0xBB, 0xBB, 0xCB, 0xAA, 0xA9, 0xAB, 0xA8, 0x89, 
	0xAB, 0xCC, 0xCC, 0xDD, 0xDE, 0xEE, 0xEE, 0xEE, 0xEF, 0xEF, 0xFF, 0xFF, 0xFF, 0xFF, 0xFF, 
	0xFF, 0xFF, 0xFF, 0xFF, 0xFF, 0xFF, 0xFF, 0xFF, 0xFF, 0xFF, 0xFF, 0xFF, 0xFF, 0xFF, 0xFF, 
	0xFF, 0xFF, 0xFF, 0xFE, 0xEE, 0xEE, 0xEE, 0xEE, 0xEE, 0xEE, 0xEE, 0xED, 0xDC, 0xDD, 0xCB, 
	0xBC, 0xCC, 0xCD, 0xDD, 0xDD, 0xDD, 0xDD, 0xDD, 0xDC, 0xCC, 0xCC, 0xCD, 0xDD, 0xCB, 0xBB, 
	0xBB, 0xBB, 0xBB, 0xBB, 0xBB, 0xBA, 0xA9, 0x98, 0x77, 0x66, 0x67, 0x76, 0x65, 0x44, 0x45, 
	0x55, 0x54, 0x56, 0x55, 0x45, 0x44, 0x55, 0x55, 0x55, 0x9B, 0xAA, 0xAA, 0xAA, 0xAB, 0xBB, 
	0xBB, 0xBB, 0xBB, 0xBB, 0xBB, 0xBB, 0xBB, 0xBB, 0xBB, 0xBB, 0xBB, 0xBB, 0xBC, 0xCC, 0xCC, 
	0xCC, 0xCC, 0xCC, 0xCC, 0xCB, 0xBB, 0xCC, 0xCB, 0xAA, 0xBB, 0xBB, 0xBB, 0xBB, 0xBB, 0xAA, 
	0xAA, 0xAA, 0xAA, 0xAA, 0xAA, 0xAA, 0xAA, 0xAA, 0xAA, 0xAA, 0xAA, 0xAA, 0xAA, 0xAA, 0xAA, 
	0xAA, 0xAA, 0xAA, 0xAA, 0xAA, 0xAA, 0xAA, 0xAA, 0xAA, 0xAA, 0xAA, 0xAA, 0xAA, 0xAA, 0xBB, 
	0x00, 0x00, 0x00, 0x00, 0x00, 0x00, 0x00, 0x00, 0x00, 0x00, 0x00, 0x00, 0x00, 0x00, 0x00, 
	0x00, 0x00, 0x00, 0x00, 0x00, 0x00, 0x00, 0x00, 0x00, 0x00, 0x00, 0x00, 0x00, 0x00, 0x00, 
	0x00, 0x00, 0x00, 0x00, 0x00, 0x00, 0x00, 0x00, 0x00, 0x00, 0x00, 0x00, 0x00, 0x00, 0x00, 
	0x00, 0x00, 0x00, 0x00, 0x00, 0x00, 0x00, 0x00, 0x00, 0x00, 0x00, 0x00, 0x00, 0x00, 0x00, 
	0x00, 0x00, 0x00, 0x00, 0x00, 0x00, 0x00, 0x00, 0x00, 0x00, 0x00, 0x00, 0x00, 0x00, 0x00, 
	0x00, 0x00, 0x00, 0x00, 0x00, 0x00, 0x00, 0x00, 0x00, 0x00, 0x00, 0x00, 0x00, 0x00, 0x00, 
	0x77, 0x77, 0x77, 0x88, 0x88, 0x88, 0x88, 0x88, 0x88, 0x88, 0x88, 0x88, 0x88, 0x88, 0x88, 
	0x88, 0x88, 0x88, 0x88, 0x99, 0x9A, 0xAB, 0xBB, 0xBB, 0xBC, 0xCC, 0xCB, 0xBB, 0xBB, 0xCC, 
	0xBB, 0xBB, 0xCC, 0xCC, 0xBB, 0xAB, 0xBC, 0xCB, 0xBB, 0xBB, 0xAA, 0xBB, 0xBB, 0xAA, 0xAB, 
	0xBB, 0xBA, 0xAB, 0xBC, 0xCC, 0xBB, 0xBB, 0xBB, 0xBB, 0xBC, 0xBA, 0xAA, 0xAA, 0xBA, 0x99, 
	0xAB, 0xBC, 0xCC, 0xDD, 0xDE, 0xEE, 0xEE, 0xEE, 0xEE, 0xEF, 0xFF, 0xFF, 0xFF, 0xFF, 0xFF, 
	0xFF, 0xFF, 0xFF, 0xFF, 0xFF, 0xFF, 0xFF, 0xFF, 0xFF, 0xFF, 0xFF, 0xFF, 0xFF, 0xFF, 0xFF, 
	0xFF, 0xFF, 0xFF, 0xEE, 0xEE, 0xEE, 0xEE, 0xEE, 0xEE, 0xEE, 0xEE, 0xED, 0xDD, 0xDC, 0xCB, 
	0xCC, 0xCC, 0xCD, 0xDD, 0xDC, 0xCD, 0xDD, 0xDD, 0xCC, 0xCC, 0xCD, 0xDD, 0xCC, 0xCC, 0xCC, 
	0xCB, 0xBC, 0xBB, 0xBB, 0xBB, 0xBA, 0xAA, 0xA9, 0x77, 0x76, 0x77, 0x77, 0x65, 0x45, 0x66, 
	0x55, 0x65, 0x56, 0x65, 0x44, 0x55, 0x65, 0x55, 0x66, 0x9A, 0xAA, 0xAA, 0xAA, 0xAB, 0xBB, 
	0xBB, 0xBB, 0xBB, 0xBB, 0xBB, 0xBB, 0xBB, 0xBB, 0xBB, 0xBB, 0xBB, 0xBB, 0xBC, 0xCC, 0xCC, 
	0xCC, 0xCC, 0xCC, 0xCC, 0xCB, 0xBB, 0xCC, 0xBA, 0xAA, 0xBB, 0xBB, 0xBB, 0xBB, 0xBB, 0xAA, 
	0xAA, 0xAA, 0xAA, 0xAA, 0xAA, 0xAA, 0xAA, 0xAA, 0xAA, 0xAA, 0xAA, 0xAA, 0xAA, 0xAA, 0xAB, 
	0xAA, 0xAA, 0xAA, 0xAA, 0xAA, 0xAA, 0xAA, 0xAA, 0xAA, 0xAA, 0xAA, 0xAA, 0xAA, 0xAA, 0xBB, 
	0x00, 0x00, 0x00, 0x00, 0x00, 0x00, 0x00, 0x00, 0x00, 0x00, 0x00, 0x00, 0x00, 0x00, 0x00, 
	0x00, 0x00, 0x00, 0x00, 0x00, 0x00, 0x00, 0x00, 0x00, 0x00, 0x00, 0x00, 0x00, 0x00, 0x00, 
	0x00, 0x00, 0x00, 0x00, 0x00, 0x00, 0x00, 0x00, 0x00, 0x00, 0x00, 0x00, 0x00, 0x00, 0x00, 
	0x00, 0x00, 0x00, 0x00, 0x00, 0x00, 0x00, 0x00, 0x00, 0x00, 0x00, 0x00, 0x00, 0x00, 0x00, 
	0x00, 0x00, 0x00, 0x00, 0x00, 0x00, 0x00, 0x00, 0x00, 0x00, 0x00, 0x00, 0x00, 0x00, 0x00, 
	0x00, 0x00, 0x00, 0x00, 0x00, 0x00, 0x00, 0x00, 0x00, 0x00, 0x00, 0x00, 0x00, 0x00, 0x00, 
	0x77, 0x77, 0x77, 0x78, 0x88, 0x88, 0x88, 0x88, 0x88, 0x88, 0x88, 0x88, 0x88, 0x88, 0x88, 
	0x88, 0x88, 0x88, 0x88, 0x99, 0x9A, 0xBB, 0xA9, 0x99, 0xAB, 0xBB, 0xBB, 0xBB, 0xBB, 0xBB, 
	0xBB, 0xBB, 0xBB, 0xBC, 0xCC, 0xBB, 0xAB, 0xBB, 0xBC, 0xBB, 0xAA, 0xBB, 0xBB, 0xBA, 0xAB, 
	0xBB, 0xBB, 0xAA, 0xBC, 0xBC, 0xCB, 0xBB, 0xBB, 0xBB, 0xBB, 0xBB, 0xAA, 0x99, 0xAB, 0xAA, 
	0xAB, 0xBC, 0xCD, 0xDD, 0xDD, 0xEE, 0xEE, 0xEE, 0xEE, 0xEF, 0xFF, 0xFF, 0xFF, 0xFF, 0xFF, 
	0xFF, 0xFF, 0xFF, 0xFF, 0xFF, 0xFF, 0xFF, 0xFF, 0xFF, 0xFF, 0xFF, 0xFF, 0xFF, 0xFF, 0xFF, 
	0xFF, 0xFF, 0xFE, 0xEE, 0xEE, 0xEE, 0xEE, 0xEE, 0xEE, 0xEE, 0xEE, 0xED, 0xDD, 0xDC, 0xCC, 
	0xCC, 0xCC, 0xCD, 0xDD, 0xDD, 0xDC, 0xCC, 0xDC, 0xCC, 0xCC, 0xDD, 0xDC, 0xCC, 0xCC, 0xCB, 
	0xBB, 0xBB, 0xBB, 0xBB, 0xBB, 0xBA, 0xAA, 0x98, 0x87, 0x67, 0x78, 0x77, 0x65, 0x66, 0x65, 
	0x55, 0x75, 0x56, 0x65, 0x34, 0x65, 0x55, 0x65, 0x67, 0x89, 0xAA, 0xAA, 0xAA, 0xAB, 0xBB, 
	0xBB, 0xBB, 0xBB, 0xBB, 0xBB, 0xBB, 0xBB, 0xBB, 0xBB, 0xBB, 0xBB, 0xBB, 0xBC, 0xCC, 0xCC, 
	0xCC, 0xCC, 0xCC, 0xCC, 0xCB, 0xBC, 0xCC, 0xBA, 0xAA, 0xBB, 0xBB, 0xBB, 0xBB, 0xBA, 0xAA, 
	0xAA, 0xAA, 0xAA, 0xAA, 0xAA, 0xAA, 0xAA, 0xAA, 0xAA, 0xAA, 0xAA, 0xAA, 0xAA, 0xAA, 0xAA, 
	0xAA, 0xAA, 0xAA, 0xAA, 0xAA, 0xAA, 0xAA, 0xAA, 0xAA, 0xAA, 0xAA, 0xAA, 0xAA, 0xAA, 0xBB, 
	0x00, 0x00, 0x00, 0x00, 0x00, 0x00, 0x00, 0x00, 0x00, 0x00, 0x00, 0x00, 0x00, 0x00, 0x00, 
	0x00, 0x00, 0x00, 0x00, 0x00, 0x00, 0x00, 0x00, 0x00, 0x00, 0x00, 0x00, 0x00, 0x00, 0x00, 
	0x00, 0x00, 0x00, 0x00, 0x00, 0x00, 0x00, 0x00, 0x00, 0x00, 0x00, 0x00, 0x00, 0x00, 0x00, 
	0x00, 0x00, 0x00, 0x00, 0x00, 0x00, 0x00, 0x00, 0x00, 0x00, 0x00, 0x00, 0x00, 0x00, 0x00, 
	0x00, 0x00, 0x00, 0x00, 0x00, 0x00, 0x00, 0x00, 0x00, 0x00, 0x00, 0x00, 0x00, 0x00, 0x00, 
	0x00, 0x00, 0x00, 0x00, 0x00, 0x00, 0x00, 0x00, 0x00, 0x00, 0x00, 0x00, 0x00, 0x00, 0x00, 
	0x67, 0x77, 0x87, 0x88, 0x88, 0x88, 0x87, 0x88, 0x88, 0x88, 0x88, 0x88, 0x88, 0x88, 0x88, 
	0x88, 0x88, 0x88, 0x88, 0x89, 0x9A, 0xAA, 0x98, 0x88, 0xAB, 0xBB, 0xBB, 0xBB, 0xBB, 0xBB, 
	0xBC, 0xCB, 0xBB, 0xBB, 0xBC, 0xBB, 0xBB, 0xBB, 0xBB, 0xBC, 0xCB, 0xBB, 0xAB, 0xBB, 0xBA, 
	0xBB, 0xBB, 0xAA, 0xBB, 0xCC, 0xCC, 0xCB, 0xBB, 0xBB, 0xBB, 0xAA, 0xAA, 0xAA, 0x99, 0xAA, 
	0xAA, 0xBB, 0xCD, 0xDD, 0xDE, 0xEE, 0xEE, 0xEE, 0xEE, 0xFE, 0xFF, 0xEF, 0xFF, 0xFF, 0xFF, 
	0xFF, 0xFF, 0xFF, 0xFF, 0xFF, 0xFF, 0xFF, 0xFF, 0xFF, 0xFF, 0xFF, 0xFF, 0xFF, 0xFF, 0xFF, 
	0xFF, 0xFF, 0xEE, 0xEE, 0xEE, 0xEE, 0xEE, 0xEE, 0xEE, 0xEE, 0xEE, 0xED, 0xDE, 0xDC, 0xCC, 
	0xDC, 0xCC, 0xDD, 0xDD, 0xCC, 0xCC, 0xDD, 0xCC, 0xCC, 0xCC, 0xCC, 0xDC, 0xCC, 0xCC, 0xBB, 
	0xBB, 0xBB, 0xBB, 0xBB, 0xBB, 0xBA, 0xAA, 0xA9, 0x87, 0x88, 0x77, 0x87, 0x67, 0x65, 0x66, 
	0x57, 0x65, 0x55, 0x55, 0x44, 0x45, 0x55, 0x66, 0x77, 0x89, 0xAB, 0xAA, 0xAA, 0xAA, 0xBB, 
	0xBB, 0xBB, 0xBB, 0xBB, 0xBB, 0xBB, 0xBB, 0xBB, 0xBB, 0xBB, 0xBB, 0xBB, 0xBC, 0xCC, 0xCC, 
	0xCC, 0xCC, 0xCC, 0xCC, 0xBB, 0xBC, 0xCC, 0xBA, 0xAB, 0xBB, 0xBB, 0xBB, 0xBB, 0xBB, 0xAA, 
	0xAA, 0xAA, 0xAA, 0xAA, 0xAA, 0xAA, 0xAA, 0xAA, 0xAA, 0xAA, 0xAA, 0xAA, 0xAA, 0xAA, 0xAA, 
	0xAA, 0xAA, 0xAA, 0xAA, 0xAA, 0xAA, 0xAA, 0xAA, 0xAA, 0xAA, 0xAA, 0xAA, 0xAA, 0xAB, 0xBB, 
	0x00, 0x00, 0x00, 0x00, 0x00, 0x00, 0x00, 0x00, 0x00, 0x00, 0x00, 0x00, 0x00, 0x00, 0x00, 
	0x00, 0x00, 0x00, 0x00, 0x00, 0x00, 0x00, 0x00, 0x00, 0x00, 0x00, 0x00, 0x00, 0x00, 0x00, 
	0x00, 0x00, 0x00, 0x00, 0x00, 0x00, 0x00, 0x00, 0x00, 0x00, 0x00, 0x00, 0x00, 0x00, 0x00, 
	0x00, 0x00, 0x00, 0x00, 0x00, 0x00, 0x00, 0x00, 0x00, 0x00, 0x00, 0x00, 0x00, 0x00, 0x00, 
	0x00, 0x00, 0x00, 0x00, 0x00, 0x00, 0x00, 0x00, 0x00, 0x00, 0x00, 0x00, 0x00, 0x00, 0x00, 
	0x00, 0x00, 0x00, 0x00, 0x00, 0x00, 0x00, 0x00, 0x00, 0x00, 0x00, 0x00, 0x00, 0x00, 0x00, 
	0x67, 0x77, 0x87, 0x77, 0x88, 0x88, 0x88, 0x88, 0x88, 0x88, 0x88, 0x88, 0x88, 0x88, 0x88, 
	0x88, 0x88, 0x88, 0x88, 0x99, 0x99, 0x9A, 0x99, 0x98, 0x9B, 0xCB, 0xBB, 0xCC, 0xCB, 0xBB, 
	0xBB, 0xCC, 0xCB, 0xBB, 0xBB, 0xBB, 0xBB, 0xBB, 0xBB, 0xBB, 0xBB, 0xAA, 0xAB, 0xBB, 0xBB, 
	0xBC, 0xBB, 0xBB, 0xBC, 0xCC, 0xCC, 0xCC, 0xCC, 0xBB, 0xBB, 0xBA, 0xAA, 0x99, 0x99, 0x89, 
	0xAA, 0xBB, 0xCC, 0xDD, 0xDD, 0xEE, 0xEE, 0xEE, 0xEE, 0xFE, 0xFF, 0xEF, 0xFF, 0xFF, 0xFF, 
	0xFF, 0xFF, 0xFF, 0xFF, 0xFF, 0xFF, 0xFF, 0xFF, 0xFF, 0xFF, 0xFF, 0xFF, 0xFF, 0xFF, 0xFF, 
	0xFF, 0xFF, 0xEE, 0xEE, 0xEE, 0xEE, 0xEE, 0xEE, 0xEE, 0xEE, 0xEE, 0xED, 0xDE, 0xDC, 0xCC, 
	0xCC, 0xCC, 0xCC, 0xCC, 0xCC, 0xCC, 0xCC, 0xCC, 0xCC, 0xCC, 0xCC, 0xCC, 0xBC, 0xCB, 0xBB, 
	0xBB, 0xBC, 0xBC, 0xCC, 0xBB, 0xBB, 0xBB, 0xBA, 0x99, 0x98, 0x77, 0x77, 0x77, 0x66, 0x65, 
	0x66, 0x64, 0x44, 0x55, 0x44, 0x44, 0x55, 0x67, 0x78, 0x9A, 0xAA, 0xAA, 0xAA, 0xAA, 0xBB, 
	0xBB, 0xBB, 0xBB, 0xBB, 0xBB, 0xBB, 0xBB, 0xBB, 0xBB, 0xBB, 0xBB, 0xBB, 0xBC, 0xCC, 0xCC, 
	0xCC, 0xCC, 0xCC, 0xCC, 0xBB, 0xBC, 0xCC, 0xAA, 0xAB, 0xBB, 0xBB, 0xBB, 0xBB, 0xBA, 0xAA, 
	0xAA, 0xAA, 0xAA, 0xAA, 0xAA, 0xAA, 0xAA, 0xAA, 0xAA, 0xAA, 0xAA, 0xAA, 0xAA, 0xAA, 0xAA, 
	0xAA, 0xAA, 0xAA, 0xAA, 0xAA, 0xAA, 0xAA, 0xAA, 0xAA, 0xAA, 0xAA, 0xAA, 0xAA, 0xAB, 0xBB, 
	0x00, 0x00, 0x00, 0x00, 0x00, 0x00, 0x00, 0x00, 0x00, 0x00, 0x00, 0x00, 0x00, 0x00, 0x00, 
	0x00, 0x00, 0x00, 0x00, 0x00, 0x00, 0x00, 0x00, 0x00, 0x00, 0x00, 0x00, 0x00, 0x00, 0x00, 
	0x00, 0x00, 0x00, 0x00, 0x00, 0x00, 0x00, 0x00, 0x00, 0x00, 0x00, 0x00, 0x00, 0x00, 0x00, 
	0x00, 0x00, 0x00, 0x00, 0x00, 0x00, 0x00, 0x00, 0x00, 0x00, 0x00, 0x00, 0x00, 0x00, 0x00, 
	0x00, 0x00, 0x00, 0x00, 0x00, 0x00, 0x00, 0x00, 0x00, 0x00, 0x00, 0x00, 0x00, 0x00, 0x00, 
	0x00, 0x00, 0x00, 0x00, 0x00, 0x00, 0x00, 0x00, 0x00, 0x00, 0x00, 0x00, 0x00, 0x00, 0x00, 
	0x67, 0x77, 0x77, 0x77, 0x88, 0x88, 0x88, 0x88, 0x88, 0x88, 0x88, 0x88, 0x88, 0x88, 0x88, 
	0x88, 0x88, 0x88, 0x88, 0x89, 0x99, 0x9A, 0x99, 0x88, 0x9B, 0xBB, 0xBB, 0xCC, 0xCC, 0xBB, 
	0xBB, 0xBC, 0xCC, 0xBB, 0xBB, 0xBB, 0xBB, 0xBB, 0xBB, 0xBB, 0xBB, 0xBA, 0xAB, 0xAB, 0xBB, 
	0xBB, 0xCC, 0xBB, 0xCC, 0xCC, 0xCC, 0xCC, 0xCC, 0xBB, 0xBA, 0xAA, 0xAA, 0xA9, 0x99, 0x99, 
	0x9A, 0xBB, 0xBC, 0xDD, 0xDD, 0xEE, 0xEE, 0xEE, 0xEE, 0xFE, 0xEF, 0xFF, 0xFF, 0xFF, 0xFF, 
	0xFF, 0xFF, 0xFF, 0xFF, 0xFF, 0xFF, 0xFF, 0xFF, 0xFF, 0xFF, 0xFF, 0xFF, 0xFF, 0xFF, 0xFF, 
	0xFF, 0xFF, 0xEE, 0xEE, 0xEE, 0xFF, 0xEE, 0xEE, 0xEE, 0xEE, 0xEE, 0xDD, 0xDD, 0xCC, 0xCC, 
	0xCB, 0xCC, 0xCD, 0xDC, 0xBC, 0xCC, 0xCC, 0xCC, 0xCC, 0xCC, 0xCC, 0xBB, 0xBC, 0xCB, 0xBB, 
	0xBB, 0xBC, 0xCC, 0xCB, 0xBB, 0xBB, 0xBB, 0xBB, 0xBB, 0xA9, 0x99, 0x88, 0x77, 0x76, 0x57, 
	0x76, 0x54, 0x44, 0x55, 0x44, 0x55, 0x56, 0x56, 0x78, 0x9A, 0xAA, 0xAA, 0xAA, 0xAA, 0xBB, 
	0xBB, 0xBB, 0xBB, 0xBB, 0xBB, 0xBB, 0xBB, 0xBB, 0xBB, 0xBB, 0xBB, 0xBB, 0xBC, 0xCC, 0xCC, 
	0xCC, 0xCC, 0xCC, 0xCC, 0xBB, 0xBC, 0xCB, 0xAA, 0xAB, 0xBB, 0xBB, 0xBB, 0xBB, 0xBA, 0xAA, 
	0xAA, 0xAA, 0xAA, 0xAA, 0xAA, 0xAA, 0xAA, 0xAA, 0xAA, 0xAA, 0xAA, 0xAA, 0xAA, 0xAA, 0xAA, 
	0xAA, 0xAA, 0xAA, 0xAA, 0xAA, 0xAA, 0xAA, 0xAA, 0xAA, 0xAA, 0xAA, 0xAA, 0xAA, 0xBB, 0xBB, 
	0x00, 0x00, 0x00, 0x00, 0x00, 0x00, 0x00, 0x00, 0x00, 0x00, 0x00, 0x00, 0x00, 0x00, 0x00, 
	0x00, 0x00, 0x00, 0x00, 0x00, 0x00, 0x00, 0x00, 0x00, 0x00, 0x00, 0x00, 0x00, 0x00, 0x00, 
	0x00, 0x00, 0x00, 0x00, 0x00, 0x00, 0x00, 0x00, 0x00, 0x00, 0x00, 0x00, 0x00, 0x00, 0x00, 
	0x00, 0x00, 0x00, 0x00, 0x00, 0x00, 0x00, 0x00, 0x00, 0x00, 0x00, 0x00, 0x00, 0x00, 0x00, 
	0x00, 0x00, 0x00, 0x00, 0x00, 0x00, 0x00, 0x00, 0x00, 0x00, 0x00, 0x00, 0x00, 0x00, 0x00, 
	0x00, 0x00, 0x00, 0x00, 0x00, 0x00, 0x00, 0x00, 0x00, 0x00, 0x00, 0x00, 0x00, 0x00, 0x00, 
	0x56, 0x77, 0x77, 0x77, 0x88, 0x88, 0x88, 0x87, 0x78, 0x88, 0x88, 0x88, 0x88, 0x88, 0x88, 
	0x88, 0x88, 0x88, 0x88, 0x88, 0x89, 0x9A, 0xA9, 0x99, 0xAB, 0xCC, 0xBA, 0xAB, 0xBC, 0xBB, 
	0xBC, 0xBB, 0xCC, 0xCB, 0xBB, 0xBB, 0xBA, 0xAB, 0xBB, 0xBB, 0xBB, 0xBA, 0x9A, 0xAA, 0xAA, 
	0xBB, 0xCC, 0xCC, 0xCC, 0xCC, 0xCC, 0xCC, 0xCC, 0xBB, 0xBA, 0xAA, 0x99, 0x99, 0x99, 0xA9, 
	0x9A, 0xBB, 0xCC, 0xDD, 0xDD, 0xEE, 0xEE, 0xEE, 0xEE, 0xFE, 0xEF, 0xFF, 0xFF, 0xFF, 0xFF, 
	0xFF, 0xFF, 0xFF, 0xFF, 0xFF, 0xFF, 0xFF, 0xFF, 0xFF, 0xFF, 0xFF, 0xFF, 0xFF, 0xFF, 0xFF, 
	0xFF, 0xFE, 0xEE, 0xEE, 0xEE, 0xFE, 0xEE, 0xEE, 0xEE, 0xEE, 0xED, 0xDD, 0xDD, 0xCC, 0xCC, 
	0xCB, 0xCC, 0xCD, 0xCB, 0xBC, 0xCC, 0xCC, 0xCC, 0xCC, 0xCC, 0xBB, 0xBB, 0xBB, 0xBB, 0xBB, 
	0xBB, 0xBB, 0xBB, 0xCC, 0xBB, 0xBB, 0xBB, 0xBB, 0xBA, 0xA9, 0x98, 0x88, 0x87, 0x76, 0x77, 
	0x65, 0x54, 0x44, 0x44, 0x54, 0x56, 0x55, 0x55, 0x78, 0x9A, 0xAA, 0xAA, 0xAA, 0xAA, 0xBB, 
	0xBB, 0xBB, 0xBB, 0xBB, 0xBB, 0xBB, 0xBB, 0xBB, 0xBB, 0xBB, 0xBB, 0xBB, 0xBC, 0xCC, 0xCC, 
	0xCC, 0xCC, 0xCC, 0xCB, 0xBB, 0xCC, 0xCB, 0xAA, 0xAB, 0xBB, 0xBB, 0xBB, 0xBB, 0xAA, 0xAA, 
	0xAA, 0xAA, 0xAA, 0xAA, 0xAA, 0xAA, 0xAA, 0xAA, 0xAA, 0xAA, 0xAA, 0xAA, 0xAA, 0xAA, 0xAA, 
	0xAA, 0xAA, 0xAA, 0xAA, 0xAA, 0xAA, 0xAA, 0xAA, 0xAA, 0xAA, 0xAA, 0xAA, 0xAA, 0xBB, 0xBB, 
	0x00, 0x00, 0x00, 0x00, 0x00, 0x00, 0x00, 0x00, 0x00, 0x00, 0x00, 0x00, 0x00, 0x00, 0x00, 
	0x00, 0x00, 0x00, 0x00, 0x00, 0x00, 0x00, 0x00, 0x00, 0x00, 0x00, 0x00, 0x00, 0x00, 0x00, 
	0x00, 0x00, 0x00, 0x00, 0x00, 0x00, 0x00, 0x00, 0x00, 0x00, 0x00, 0x00, 0x00, 0x00, 0x00, 
	0x00, 0x00, 0x00, 0x00, 0x00, 0x00, 0x00, 0x00, 0x00, 0x00, 0x00, 0x00, 0x00, 0x00, 0x00, 
	0x00, 0x00, 0x00, 0x00, 0x00, 0x00, 0x00, 0x00, 0x00, 0x00, 0x00, 0x00, 0x00, 0x00, 0x00, 
	0x00, 0x00, 0x00, 0x00, 0x00, 0x00, 0x00, 0x00, 0x00, 0x00, 0x00, 0x00, 0x00, 0x00, 0x00, 
	0x45, 0x67, 0x87, 0x77, 0x78, 0x88, 0x88, 0x88, 0x77, 0x88, 0x88, 0x88, 0x88, 0x88, 0x88, 
	0x88, 0x88, 0x88, 0x88, 0x88, 0x88, 0x99, 0xAA, 0xA9, 0xAB, 0xCC, 0xBB, 0xAB, 0xBB, 0xBB, 
	0xCC, 0xCB, 0xBC, 0xCC, 0xCB, 0xBB, 0xAA, 0xAA, 0xBB, 0xBA, 0xAB, 0xBB, 0xAA, 0xAA, 0xAB, 
	0xAB, 0xBB, 0xBC, 0xCC, 0xCC, 0xCC, 0xCC, 0xCC, 0xBB, 0xBA, 0xAA, 0x99, 0x88, 0x99, 0x9A, 
	0xA9, 0xAB, 0xCC, 0xDD, 0xDD, 0xDE, 0xEE, 0xEE, 0xEE, 0xEE, 0xEF, 0xFF, 0xFF, 0xFF, 0xFF, 
	0xFF, 0xFF, 0xFF, 0xFF, 0xFF, 0xFF, 0xFF, 0xFF, 0xFF, 0xFF, 0xFF, 0xFF, 0xFF, 0xFF, 0xFF, 
	0xFF, 0xFE, 0xEE, 0xEE, 0xEE, 0xEE, 0xEE, 0xEE, 0xEE, 0xEE, 0xED, 0xDD, 0xDC, 0xCC, 0xCC, 
	0xBB, 0xCC, 0xCC, 0xBB, 0xCC, 0xCC, 0xCC, 0xCC, 0xCB, 0xBB, 0xAA, 0xAA, 0xAA, 0xAA, 0xBB, 
	0xBB, 0xBB, 0xBB, 0xCB, 0xBB, 0xBA, 0xAA, 0xBA, 0x99, 0x99, 0x97, 0x88, 0x77, 0x77, 0x76, 
	0x66, 0x65, 0x45, 0x45, 0x44, 0x57, 0x65, 0x56, 0x78, 0xAA, 0xAA, 0xAA, 0xAA, 0xAA, 0xAB, 
	0xBB, 0xBB, 0xBB, 0xBB, 0xBB, 0xBB, 0xBB, 0xBB, 0xBB, 0xBB, 0xBB, 0xBB, 0xBC, 0xCC, 0xCC, 
	0xCC, 0xCC, 0xCC, 0xCB, 0xBB, 0xCC, 0xCA, 0xAA, 0xBB, 0xBB, 0xBB, 0xBB, 0xBA, 0xAA, 0xAA, 
	0xAA, 0xAA, 0xAA, 0xAA, 0xAA, 0xAA, 0xAA, 0xAA, 0xAA, 0xAA, 0xAA, 0xAA, 0xAA, 0xAA, 0xAA, 
	0xAA, 0xAA, 0xAA, 0xAA, 0xAA, 0xAA, 0xAA, 0xAA, 0xAA, 0xAA, 0xAA, 0xAA, 0xAA, 0xBB, 0xBB, 
	0x00, 0x00, 0x00, 0x00, 0x00, 0x00, 0x00, 0x00, 0x00, 0x00, 0x00, 0x00, 0x00, 0x00, 0x00, 
	0x00, 0x00, 0x00, 0x00, 0x00, 0x00, 0x00, 0x00, 0x00, 0x00, 0x00, 0x00, 0x00, 0x00, 0x00, 
	0x00, 0x00, 0x00, 0x00, 0x00, 0x00, 0x00, 0x00, 0x00, 0x00, 0x00, 0x00, 0x00, 0x00, 0x00, 
	0x00, 0x00, 0x00, 0x00, 0x00, 0x00, 0x00, 0x00, 0x00, 0x00, 0x00, 0x00, 0x00, 0x00, 0x00, 
	0x00, 0x00, 0x00, 0x00, 0x00, 0x00, 0x00, 0x00, 0x00, 0x00, 0x00, 0x00, 0x00, 0x00, 0x00, 
	0x00, 0x00, 0x00, 0x00, 0x00, 0x00, 0x00, 0x00, 0x00, 0x00, 0x00, 0x00, 0x00, 0x00, 0x00, 
	0x35, 0x67, 0x77, 0x77, 0x78, 0x88, 0x88, 0x88, 0x77, 0x88, 0x88, 0x88, 0x88, 0x88, 0x88, 
	0x88, 0x88, 0x88, 0x88, 0x88, 0x88, 0x89, 0xAA, 0xBA, 0xAB, 0xBC, 0xCC, 0xBB, 0xBB, 0xCC, 
	0xCC, 0xCC, 0xCB, 0xBC, 0xCC, 0xBB, 0xBA, 0xAA, 0xAB, 0xBA, 0xAA, 0xAB, 0xAA, 0xAA, 0xBB, 
	0xAA, 0xAA, 0xBB, 0xCC, 0xDC, 0xCC, 0xCC, 0xCC, 0xBB, 0xBA, 0xAA, 0xA9, 0x98, 0x99, 0xAA, 
	0xAA, 0xAA, 0xBC, 0xDD, 0xDD, 0xDE, 0xEE, 0xEE, 0xEE, 0xEE, 0xEF, 0xFF, 0xFF, 0xFF, 0xFF, 
	0xFF, 0xFF, 0xFF, 0xFF, 0xFF, 0xFF, 0xFF, 0xFF, 0xFF, 0xFF, 0xFF, 0xFF, 0xFF, 0xFF, 0xFF, 
	0xFF, 0xFE, 0xEE, 0xEE, 0xEE, 0xEE, 0xEE, 0xEE, 0xEE, 0xEE, 0xED, 0xDD, 0xDC, 0xCC, 0xCB, 
	0xBB, 0xCC, 0xCB, 0xBB, 0xCC, 0xCC, 0xCC, 0xCC, 0xBB, 0xAA, 0x9A, 0xAA, 0xAA, 0xAA, 0xAA, 
	0xAA, 0xAA, 0xBB, 0xBB, 0xBB, 0xAA, 0xAA, 0xAA, 0x99, 0xAA, 0xA9, 0x99, 0x77, 0x87, 0x66, 
	0x66, 0x55, 0x56, 0x54, 0x45, 0x56, 0x75, 0x68, 0x89, 0xAA, 0xAA, 0xAA, 0xAA, 0xAA, 0xAB, 
	0xBB, 0xBB, 0xBB, 0xBB, 0xBB, 0xBB, 0xBB, 0xBB, 0xBB, 0xBB, 0xBB, 0xBB, 0xCC, 0xCC, 0xCC, 
	0xCC, 0xCC, 0xCC, 0xBB, 0xBB, 0xCC, 0xBA, 0xAA, 0xBB, 0xBB, 0xBB, 0xBB, 0xBB, 0xAA, 0xAA, 
	0xAA, 0xAA, 0xAA, 0xAA, 0xAA, 0xAA, 0xAA, 0xAA, 0xAA, 0xAA, 0xAA, 0xAA, 0xAA, 0xAA, 0xAA, 
	0xAA, 0xAA, 0xAA, 0xAA, 0xAA, 0xAA, 0xAA, 0xAA, 0xAA, 0xAA, 0xAA, 0xAA, 0xAA, 0xBB, 0xBB, 
	0x00, 0x00, 0x00, 0x00, 0x00, 0x00, 0x00, 0x00, 0x00, 0x00, 0x00, 0x00, 0x00, 0x00, 0x00, 
	0x00, 0x00, 0x00, 0x00, 0x00, 0x00, 0x00, 0x00, 0x00, 0x00, 0x00, 0x00, 0x00, 0x00, 0x00, 
	0x00, 0x00, 0x00, 0x00, 0x00, 0x00, 0x00, 0x00, 0x00, 0x00, 0x00, 0x00, 0x00, 0x00, 0x00, 
	0x00, 0x00, 0x00, 0x00, 0x00, 0x00, 0x00, 0x00, 0x00, 0x00, 0x00, 0x00, 0x00, 0x00, 0x00, 
	0x00, 0x00, 0x00, 0x00, 0x00, 0x00, 0x00, 0x00, 0x00, 0x00, 0x00, 0x00, 0x00, 0x00, 0x00, 
	0x00, 0x00, 0x00, 0x00, 0x00, 0x00, 0x00, 0x00, 0x00, 0x00, 0x00, 0x00, 0x00, 0x00, 0x00, 
	0x34, 0x66, 0x77, 0x77, 0x78, 0x88, 0x88, 0x88, 0x77, 0x88, 0x88, 0x88, 0x88, 0x88, 0x88, 
	0x88, 0x88, 0x88, 0x88, 0x88, 0x88, 0x89, 0xAA, 0xAB, 0xBA, 0xBC, 0xCB, 0xBB, 0xCC, 0xBB, 
	0xCC, 0xCC, 0xCC, 0xBB, 0xCC, 0xCB, 0xBB, 0xAA, 0xAA, 0xAB, 0xAA, 0xAA, 0xAA, 0xAA, 0xBB, 
	0xBA, 0xAA, 0xBB, 0xBC, 0xCC, 0xCC, 0xCC, 0xCC, 0xCC, 0xBA, 0xAA, 0xA9, 0x99, 0x89, 0xAA, 
	0xAA, 0xAA, 0xBC, 0xDD, 0xDD, 0xEE, 0xEE, 0xEE, 0xEE, 0xEE, 0xEE, 0xEF, 0xFF, 0xFF, 0xFF, 
	0xFF, 0xFF, 0xFF, 0xFF, 0xFF, 0xFF, 0xFF, 0xFF, 0xFF, 0xFF, 0xFF, 0xFF, 0xFF, 0xFF, 0xFF, 
	0xFF, 0xEE, 0xEE, 0xEE, 0xEE, 0xEE, 0xEE, 0xEE, 0xEE, 0xEE, 0xED, 0xDD, 0xCC, 0xCC, 0xCB, 
	0xBC, 0xCC, 0xBB, 0xBB, 0xBC, 0xCC, 0xCC, 0xBB, 0xAA, 0x99, 0x99, 0x99, 0x99, 0x99, 0x9A, 
	0x99, 0xAA, 0xAA, 0xAA, 0xAA, 0xAA, 0xAA, 0xAA, 0xAA, 0xA9, 0x99, 0x98, 0x88, 0x88, 0x77, 
	0x76, 0x56, 0x67, 0x75, 0x66, 0x66, 0x77, 0x89, 0x9A, 0xAA, 0xAA, 0xAA, 0xAA, 0xAA, 0xAA, 
	0xBB, 0xBB, 0xBB, 0xBB, 0xBB, 0xBB, 0xBB, 0xBB, 0xBB, 0xBB, 0xBB, 0xBB, 0xCC, 0xCC, 0xCC, 
	0xCC, 0xCC, 0xCC, 0xBB, 0xBC, 0xCC, 0xBA, 0xAA, 0xBB, 0xBB, 0xBB, 0xBB, 0xBB, 0xAA, 0xAA, 
	0xAA, 0xAA, 0xAA, 0xAA, 0xAA, 0xAA, 0xAA, 0xAA, 0xAA, 0xAA, 0xAA, 0xAA, 0xAA, 0xAA, 0xAA, 
	0xAA, 0xAA, 0xAA, 0xAA, 0xAA, 0xAA, 0xAA, 0xAA, 0xAA, 0xAA, 0xAA, 0xAA, 0xAB, 0xBB, 0xBB, 
	0x00, 0x00, 0x00, 0x00, 0x00, 0x00, 0x00, 0x00, 0x00, 0x00, 0x00, 0x00, 0x00, 0x00, 0x00, 
	0x00, 0x00, 0x00, 0x00, 0x00, 0x00, 0x00, 0x00, 0x00, 0x00, 0x00, 0x00, 0x00, 0x00, 0x00, 
	0x00, 0x00, 0x00, 0x00, 0x00, 0x00, 0x00, 0x00, 0x00, 0x00, 0x00, 0x00, 0x00, 0x00, 0x00, 
	0x00, 0x00, 0x00, 0x00, 0x00, 0x00, 0x00, 0x00, 0x00, 0x00, 0x00, 0x00, 0x00, 0x00, 0x00, 
	0x00, 0x00, 0x00, 0x00, 0x00, 0x00, 0x00, 0x00, 0x00, 0x00, 0x00, 0x00, 0x00, 0x00, 0x00, 
	0x00, 0x00, 0x00, 0x00, 0x00, 0x00, 0x00, 0x00, 0x00, 0x00, 0x00, 0x00, 0x00, 0x00, 0x00, 
	0x24, 0x56, 0x77, 0x87, 0x77, 0x78, 0x88, 0x88, 0x88, 0x88, 0x88, 0x88, 0x88, 0x88, 0x88, 
	0x88, 0x88, 0x88, 0x88, 0x88, 0x88, 0x89, 0xAA, 0xA9, 0x89, 0xAC, 0xCC, 0xBB, 0xBB, 0xBC, 
	0xCC, 0xCB, 0xBC, 0xCB, 0xBB, 0xBB, 0xBB, 0xAA, 0xA9, 0xAA, 0xBA, 0xAA, 0xAA, 0xAA, 0xAB, 
	0xBB, 0xBB, 0xBB, 0xBC, 0xCC, 0xCC, 0xCC, 0xCC, 0xCC, 0xCB, 0xBA, 0xAA, 0x9A, 0x98, 0x9A, 
	0xAB, 0xBB, 0xBC, 0xCD, 0xDD, 0xEE, 0xEE, 0xEE, 0xEE, 0xEE, 0xEE, 0xEF, 0xFF, 0xFF, 0xFF, 
	0xFF, 0xFF, 0xFF, 0xFF, 0xFF, 0xFF, 0xFF, 0xFF, 0xFF, 0xFF, 0xFF, 0xFF, 0xFF, 0xFF, 0xFF, 
	0xFF, 0xEE, 0xEE, 0xEE, 0xEE, 0xEE, 0xEE, 0xEE, 0xEE, 0xEE, 0xED, 0xDD, 0xCC, 0xCC, 0xBB, 
	0xBC, 0xCB, 0xCB, 0xBC, 0xCB, 0xBB, 0xBB, 0xAA, 0x98, 0x89, 0x99, 0x88, 0x88, 0x88, 0x99, 
	0x99, 0x99, 0x99, 0xAA, 0x9A, 0xAA, 0xAA, 0xAA, 0xAA, 0xAA, 0xA9, 0x88, 0x99, 0x88, 0x78, 
	0x87, 0x66, 0x67, 0x86, 0x67, 0x88, 0x89, 0x9A, 0xAA, 0xAA, 0xAA, 0xAA, 0xAA, 0xAA, 0xAA, 
	0xAB, 0xBB, 0xBB, 0xBB, 0xBB, 0xBB, 0xBB, 0xBB, 0xBB, 0xBB, 0xBB, 0xBB, 0xCC, 0xCC, 0xCC, 
	0xCC, 0xCC, 0xCC, 0xBB, 0xBC, 0xCC, 0xBA, 0xAB, 0xBB, 0xBB, 0xBB, 0xBB, 0xBA, 0xAA, 0xAA, 
	0xAA, 0xAA, 0xAA, 0xAA, 0xAA, 0xAA, 0xAA, 0xAA, 0xAA, 0xAA, 0xAA, 0xAA, 0xAA, 0xAA, 0xAA, 
	0xAA, 0xAA, 0xAA, 0xAA, 0xAA, 0xAA, 0xAA, 0xAA, 0xAA, 0xAA, 0xAA, 0xAA, 0xAB, 0xBB, 0xBB, 
	0x00, 0x00, 0x00, 0x00, 0x00, 0x00, 0x00, 0x00, 0x00, 0x00, 0x00, 0x00, 0x00, 0x00, 0x00, 
	0x00, 0x00, 0x00, 0x00, 0x00, 0x00, 0x00, 0x00, 0x00, 0x00, 0x00, 0x00, 0x00, 0x00, 0x00, 
	0x00, 0x00, 0x00, 0x00, 0x00, 0x00, 0x00, 0x00, 0x00, 0x00, 0x00, 0x00, 0x00, 0x00, 0x00, 
	0x00, 0x00, 0x00, 0x00, 0x00, 0x00, 0x00, 0x00, 0x00, 0x00, 0x00, 0x00, 0x00, 0x00, 0x00, 
	0x00, 0x00, 0x00, 0x00, 0x00, 0x00, 0x00, 0x00, 0x00, 0x00, 0x00, 0x00, 0x00, 0x00, 0x00, 
	0x00, 0x00, 0x00, 0x00, 0x00, 0x00, 0x00, 0x00, 0x00, 0x00, 0x00, 0x00, 0x00, 0x00, 0x00, 
	0x23, 0x46, 0x77, 0x77, 0x77, 0x78, 0x88, 0x88, 0x88, 0x88, 0x88, 0x88, 0x88, 0x88, 0x88, 
	0x88, 0x88, 0x88, 0x88, 0x88, 0x88, 0x89, 0xAA, 0xA9, 0x88, 0x9B, 0xCC, 0xCC, 0xCC, 0xCC, 
	0xCB, 0xCC, 0xCB, 0xBC, 0xCB, 0xCB, 0xBB, 0xBA, 0xAA, 0xAA, 0xBA, 0xAA, 0xAA, 0xBA, 0xAB, 
	0xBB, 0xBB, 0xBB, 0xBC, 0xCC, 0xCD, 0xDC, 0xCC, 0xCC, 0xCB, 0xCC, 0xBB, 0xAA, 0xA9, 0x9A, 
	0xAB, 0xBC, 0xBC, 0xCD, 0xDD, 0xEE, 0xEE, 0xEE, 0xEE, 0xEE, 0xEE, 0xEE, 0xEF, 0xFF, 0xFF, 
	0xFF, 0xFF, 0xFF, 0xFF, 0xFF, 0xFF, 0xFF, 0xFF, 0xFF, 0xFF, 0xFF, 0xFF, 0xFF, 0xFF, 0xFF, 
	0xFF, 0xFE, 0xEE, 0xEE, 0xEE, 0xEE, 0xEE, 0xEE, 0xEE, 0xEE, 0xED, 0xDC, 0xCC, 0xCC, 0xBB, 
	0xCC, 0xCB, 0xBB, 0xBC, 0xBB, 0xBB, 0xBA, 0x98, 0x88, 0x78, 0x88, 0x77, 0x77, 0x77, 0x78, 
	0x88, 0x88, 0x89, 0x99, 0x99, 0xAA, 0xAA, 0xAA, 0xAA, 0xAA, 0xA9, 0x99, 0x78, 0x96, 0x78, 
	0x87, 0x88, 0x88, 0x88, 0x88, 0x99, 0x99, 0x99, 0xAA, 0xAA, 0xAA, 0xAA, 0xAA, 0xAA, 0xAB, 
	0xBB, 0xBB, 0xBB, 0xBB, 0xBB, 0xBB, 0xBB, 0xBB, 0xBB, 0xBB, 0xBB, 0xBB, 0xCC, 0xCC, 0xCC, 
	0xCC, 0xCC, 0xCC, 0xBB, 0xBC, 0xCB, 0xAA, 0xAB, 0xBB, 0xBB, 0xBB, 0xBA, 0xAA, 0xAA, 0xAA, 
	0xAA, 0xAA, 0xAA, 0xAA, 0xAA, 0xAA, 0xAA, 0xAA, 0xAA, 0xAA, 0xAA, 0xAA, 0xAA, 0xAA, 0xAA, 
	0xAA, 0xAA, 0xAA, 0xAA, 0xAA, 0xAA, 0xAA, 0xAA, 0xAA, 0xAA, 0xAA, 0xAA, 0xBB, 0xBB, 0xBA, 
	0x00, 0x00, 0x00, 0x00, 0x00, 0x00, 0x00, 0x00, 0x00, 0x00, 0x00, 0x00, 0x00, 0x00, 0x00, 
	0x00, 0x00, 0x00, 0x00, 0x00, 0x00, 0x00, 0x00, 0x00, 0x00, 0x00, 0x00, 0x00, 0x00, 0x00, 
	0x00, 0x00, 0x00, 0x00, 0x00, 0x00, 0x00, 0x00, 0x00, 0x00, 0x00, 0x00, 0x00, 0x00, 0x00, 
	0x00, 0x00, 0x00, 0x00, 0x00, 0x00, 0x00, 0x00, 0x00, 0x00, 0x00, 0x00, 0x00, 0x00, 0x00, 
	0x00, 0x00, 0x00, 0x00, 0x00, 0x00, 0x00, 0x00, 0x00, 0x00, 0x00, 0x00, 0x00, 0x00, 0x00, 
	0x00, 0x00, 0x00, 0x00, 0x00, 0x00, 0x00, 0x00, 0x00, 0x00, 0x00, 0x00, 0x00, 0x00, 0x00, 
	0x23, 0x45, 0x67, 0x77, 0x77, 0x78, 0x88, 0x88, 0x87, 0x78, 0x88, 0x88, 0x88, 0x88, 0x88, 
	0x88, 0x88, 0x88, 0x88, 0x88, 0x88, 0x99, 0x99, 0x99, 0x98, 0x8A, 0xCC, 0xBC, 0xCD, 0xDD, 
	0xCC, 0xCC, 0xCC, 0xCB, 0xBB, 0xBB, 0xBC, 0xBB, 0xAA, 0xAA, 0xAB, 0xAA, 0xAB, 0xAA, 0x9B, 
	0xBA, 0xBB, 0xBB, 0xBC, 0xCC, 0xDD, 0xCC, 0xCC, 0xCC, 0xCC, 0xCC, 0xCC, 0xBA, 0xAA, 0x9A, 
	0xAB, 0xBC, 0xCC, 0xCD, 0xDD, 0xDE, 0xEE, 0xEE, 0xEE, 0xEE, 0xEE, 0xEE, 0xEF, 0xFF, 0xFF, 
	0xFF, 0xFF, 0xFF, 0xFF, 0xFF, 0xFF, 0xFF, 0xFF, 0xFF, 0xFF, 0xFF, 0xFF, 0xFF, 0xFF, 0xFF, 
	0xFF, 0xFE, 0xEE, 0xEE, 0xEE, 0xEE, 0xEE, 0xEE, 0xEE, 0xEE, 0xDD, 0xDC, 0xCC, 0xCC, 0xBB, 
	0xCC, 0xCB, 0xBB, 0xBB, 0xAA, 0xAA, 0x99, 0x87, 0x77, 0x77, 0x76, 0x55, 0x66, 0x77, 0x66, 
	0x77, 0x77, 0x78, 0x99, 0x9A, 0xAA, 0xAA, 0xAA, 0xBB, 0xAA, 0xA9, 0x99, 0x89, 0x97, 0x78, 
	0x88, 0x88, 0x88, 0x88, 0x99, 0x89, 0x99, 0x9A, 0xAA, 0xAA, 0xAA, 0xAA, 0xAA, 0xAA, 0xAB, 
	0xBB, 0xBB, 0xBB, 0xBB, 0xBB, 0xBB, 0xBB, 0xBB, 0xBB, 0xBB, 0xBB, 0xBB, 0xBC, 0xCC, 0xCC, 
	0xCC, 0xCC, 0xCC, 0xBB, 0xCC, 0xCB, 0xAA, 0xAB, 0xBB, 0xBB, 0xBB, 0xBA, 0xAA, 0xAA, 0xAA, 
	0xAA, 0xAA, 0xAA, 0xAA, 0xAA, 0xAA, 0xAA, 0xAA, 0xAA, 0xAA, 0xAA, 0xAA, 0xAA, 0xAA, 0xAA, 
	0xAA, 0xAA, 0xAA, 0xAA, 0xAA, 0xAA, 0xAA, 0xAA, 0xAA, 0xAA, 0xAA, 0xAA, 0xBB, 0xBB, 0xBA, 
	0x00, 0x00, 0x00, 0x00, 0x00, 0x00, 0x00, 0x00, 0x00, 0x00, 0x00, 0x00, 0x00, 0x00, 0x00, 
	0x00, 0x00, 0x00, 0x00, 0x00, 0x00, 0x00, 0x00, 0x00, 0x00, 0x00, 0x00, 0x00, 0x00, 0x00, 
	0x00, 0x00, 0x00, 0x00, 0x00, 0x00, 0x00, 0x00, 0x00, 0x00, 0x00, 0x00, 0x00, 0x00, 0x00, 
	0x00, 0x00, 0x00, 0x00, 0x00, 0x00, 0x00, 0x00, 0x00, 0x00, 0x00, 0x00, 0x00, 0x00, 0x00, 
	0x00, 0x00, 0x00, 0x00, 0x00, 0x00, 0x00, 0x00, 0x00, 0x00, 0x00, 0x00, 0x00, 0x00, 0x00, 
	0x00, 0x00, 0x00, 0x00, 0x00, 0x00, 0x00, 0x00, 0x00, 0x00, 0x00, 0x00, 0x00, 0x00, 0x00, 
	0x12, 0x35, 0x67, 0x77, 0x77, 0x77, 0x88, 0x88, 0x88, 0x77, 0x88, 0x88, 0x88, 0x88, 0x88, 
	0x88, 0x88, 0x88, 0x88, 0x88, 0x88, 0x99, 0x99, 0x99, 0x99, 0xAA, 0xBB, 0xBC, 0xBB, 0xBC, 
	0xCC, 0xCC, 0xCC, 0xCB, 0xBB, 0xBB, 0xBB, 0xBB, 0xBA, 0xAA, 0xAB, 0xAA, 0xAB, 0xBA, 0x99, 
	0xAA, 0xBB, 0xBB, 0xBB, 0xCC, 0xCC, 0xCC, 0xCC, 0xCC, 0xCC, 0xCC, 0xCC, 0xBB, 0xAA, 0xAA, 
	0xAA, 0xBC, 0xCC, 0xDD, 0xDD, 0xDE, 0xEE, 0xEE, 0xEE, 0xEE, 0xEE, 0xEE, 0xEF, 0xFF, 0xFF, 
	0xFF, 0xFF, 0xFF, 0xFF, 0xFF, 0xFF, 0xFF, 0xFF, 0xFF, 0xFF, 0xFF, 0xFF, 0xFF, 0xFF, 0xFF, 
	0xFF, 0xFE, 0xEE, 0xEE, 0xEE, 0xEE, 0xEE, 0xEE, 0xEE, 0xED, 0xDD, 0xCC, 0xCD, 0xCC, 0xBC, 
	0xCC, 0xCB, 0xBB, 0xBA, 0xAA, 0x98, 0x87, 0x76, 0x66, 0x55, 0x54, 0x44, 0x55, 0x55, 0x56, 
	0x66, 0x77, 0x78, 0x89, 0x9A, 0xAA, 0xAA, 0xAB, 0xBB, 0xBA, 0xBB, 0xAA, 0x9A, 0x98, 0x99, 
	0x88, 0x77, 0x77, 0x78, 0x88, 0x99, 0x99, 0x9A, 0xAA, 0xAA, 0xAA, 0xAA, 0xAA, 0xAA, 0xAA, 
	0xBB, 0xBB, 0xBB, 0xBB, 0xBB, 0xBB, 0xBB, 0xBB, 0xBB, 0xBB, 0xBB, 0xBB, 0xBC, 0xCC, 0xCC, 
	0xCC, 0xCC, 0xCB, 0xBB, 0xCC, 0xCB, 0xAA, 0xAB, 0xBB, 0xBB, 0xBB, 0xBA, 0xAA, 0xAA, 0xAA, 
	0xAA, 0xAA, 0xAA, 0xAA, 0xAA, 0xAA, 0xAA, 0xAA, 0xAA, 0xAA, 0xAA, 0xAA, 0xAA, 0xAA, 0xAA, 
	0xAA, 0xAA, 0xAA, 0xAA, 0xAA, 0xAA, 0xAA, 0xAA, 0xAA, 0xAA, 0xAA, 0xAA, 0xBB, 0xBB, 0xBA, 
	0x00, 0x00, 0x00, 0x00, 0x00, 0x00, 0x00, 0x00, 0x00, 0x00, 0x00, 0x00, 0x00, 0x00, 0x00, 
	0x00, 0x00, 0x00, 0x00, 0x00, 0x00, 0x00, 0x00, 0x00, 0x00, 0x00, 0x00, 0x00, 0x00, 0x00, 
	0x00, 0x00, 0x00, 0x00, 0x00, 0x00, 0x00, 0x00, 0x00, 0x00, 0x00, 0x00, 0x00, 0x00, 0x00, 
	0x00, 0x00, 0x00, 0x00, 0x00, 0x00, 0x00, 0x00, 0x00, 0x00, 0x00, 0x00, 0x00, 0x00, 0x00, 
	0x00, 0x00, 0x00, 0x00, 0x00, 0x00, 0x00, 0x00, 0x00, 0x00, 0x00, 0x00, 0x00, 0x00, 0x00, 
	0x00, 0x00, 0x00, 0x00, 0x00, 0x00, 0x00, 0x00, 0x00, 0x00, 0x00, 0x00, 0x00, 0x00, 0x00, 
	0x12, 0x34, 0x56, 0x77, 0x77, 0x77, 0x88, 0x88, 0x88, 0x87, 0x77, 0x78, 0x88, 0x88, 0x88, 
	0x88, 0x88, 0x88, 0x88, 0x88, 0x88, 0x88, 0x89, 0x99, 0xAA, 0xAB, 0xCC, 0xCB, 0xBB, 0xBB, 
	0xCC, 0xCC, 0xCC, 0xCC, 0xBB, 0xBB, 0xBB, 0xAB, 0xBB, 0xAB, 0xBB, 0xBA, 0xAA, 0xBB, 0x99, 
	0xAA, 0xAB, 0xBB, 0xBC, 0xCC, 0xCC, 0xCC, 0xCC, 0xCC, 0xCC, 0xCC, 0xCC, 0xCB, 0xBA, 0xAA, 
	0xAA, 0xAB, 0xCC, 0xDD, 0xDD, 0xDD, 0xEE, 0xEE, 0xEE, 0xEE, 0xEE, 0xEE, 0xEE, 0xFF, 0xFF, 
	0xFF, 0xFF, 0xFF, 0xFF, 0xFF, 0xFF, 0xFF, 0xFF, 0xFF, 0xFF, 0xFF, 0xFF, 0xFF, 0xFF, 0xFF, 
	0xFF, 0xFE, 0xEE, 0xEE, 0xEE, 0xEE, 0xEE, 0xEE, 0xEE, 0xED, 0xDD, 0xCC, 0xCD, 0xCC, 0xCC, 
	0xCC, 0xBB, 0xBB, 0xAA, 0x99, 0x87, 0x76, 0x55, 0x54, 0x43, 0x44, 0x44, 0x44, 0x44, 0x45, 
	0x55, 0x67, 0x77, 0x89, 0x99, 0x9A, 0xAA, 0xAB, 0xBB, 0xAA, 0xAB, 0xAA, 0xBA, 0x99, 0x98, 
	0x88, 0x77, 0x77, 0x77, 0x88, 0x99, 0x99, 0x99, 0xAA, 0xAA, 0xAA, 0xAA, 0xAA, 0xAA, 0xAA, 
	0xBB, 0xBB, 0xBB, 0xBB, 0xBB, 0xBB, 0xBB, 0xBB, 0xBB, 0xBB, 0xBB, 0xBB, 0xCC, 0xCC, 0xCC, 
	0xCC, 0xCC, 0xCB, 0xBB, 0xCC, 0xCA, 0xAA, 0xBB, 0xBB, 0xBB, 0xBB, 0xBA, 0xAA, 0xAA, 0xAA, 
	0xAA, 0xAA, 0xAA, 0xAA, 0xAA, 0xAA, 0xAA, 0xAA, 0xAA, 0xAA, 0xAA, 0xAA, 0xAA, 0xAA, 0xAA, 
	0xAA, 0xAA, 0xAA, 0xAA, 0xAA, 0xAA, 0xAA, 0xAA, 0xAA, 0xAA, 0xAA, 0xAA, 0xBB, 0xBB, 0xAA, 
	0x00, 0x00, 0x00, 0x00, 0x00, 0x00, 0x00, 0x00, 0x00, 0x00, 0x00, 0x00, 0x00, 0x00, 0x00, 
	0x00, 0x00, 0x00, 0x00, 0x00, 0x00, 0x00, 0x00, 0x00, 0x00, 0x00, 0x00, 0x00, 0x00, 0x00, 
	0x00, 0x00, 0x00, 0x00, 0x00, 0x00, 0x00, 0x00, 0x00, 0x00, 0x00, 0x00, 0x00, 0x00, 0x00, 
	0x00, 0x00, 0x00, 0x00, 0x00, 0x00, 0x00, 0x00, 0x00, 0x00, 0x00, 0x00, 0x00, 0x00, 0x00, 
	0x00, 0x00, 0x00, 0x00, 0x00, 0x00, 0x00, 0x00, 0x00, 0x00, 0x00, 0x00, 0x00, 0x00, 0x00, 
	0x00, 0x00, 0x00, 0x00, 0x00, 0x00, 0x00, 0x00, 0x00, 0x00, 0x00, 0x00, 0x00, 0x00, 0x00, 
	0x11, 0x24, 0x56, 0x77, 0x77, 0x77, 0x78, 0x88, 0x88, 0x87, 0x77, 0x78, 0x88, 0x88, 0x88, 
	0x88, 0x88, 0x88, 0x88, 0x88, 0x88, 0x88, 0x88, 0x8A, 0xBB, 0xBB, 0xCC, 0xCB, 0xCC, 0xCB, 
	0xBC, 0xCC, 0xCC, 0xCC, 0xCB, 0xBB, 0xBB, 0xBA, 0xAA, 0xAB, 0xBB, 0xAA, 0xAA, 0xBC, 0xBA, 
	0xAA, 0xAA, 0xBB, 0xBB, 0xCC, 0xCC, 0xCC, 0xCC, 0xCC, 0xCC, 0xCC, 0xCC, 0xCC, 0xBB, 0xBB, 
	0xBB, 0xBB, 0xCC, 0xCD, 0xDD, 0xDD, 0xEE, 0xEE, 0xEE, 0xEE, 0xEE, 0xEE, 0xEE, 0xFF, 0xFF, 
	0xFF, 0xFF, 0xFF, 0xFF, 0xFF, 0xFF, 0xFF, 0xFF, 0xFF, 0xFF, 0xFF, 0xFF, 0xFF, 0xFF, 0xFF, 
	0xFF, 0xEE, 0xEE, 0xEE, 0xEE, 0xEE, 0xEE, 0xEE, 0xEE, 0xEE, 0xDD, 0xCD, 0xDD, 0xBC, 0xCC, 
	0xCC, 0xBB, 0xA9, 0x99, 0x87, 0x76, 0x55, 0x54, 0x44, 0x44, 0x44, 0x43, 0x33, 0x44, 0x45, 
	0x55, 0x66, 0x77, 0x88, 0x99, 0x99, 0xAA, 0xAA, 0xAA, 0xAA, 0xAA, 0xAA, 0xA9, 0x98, 0x88, 
	0x98, 0x66, 0x66, 0x67, 0x88, 0x88, 0x99, 0x99, 0xAA, 0xAA, 0xAA, 0xAA, 0xAA, 0xAA, 0xAB, 
	0xBB, 0xBB, 0xBB, 0xBB, 0xBB, 0xBB, 0xBB, 0xBB, 0xBB, 0xBB, 0xBB, 0xBB, 0xCC, 0xCC, 0xCC, 
	0xCC, 0xCC, 0xBB, 0xBB, 0xCC, 0xBA, 0xAA, 0xBB, 0xBB, 0xBB, 0xBB, 0xAA, 0xAA, 0xAA, 0xAA, 
	0xAA, 0xAA, 0xAA, 0xAA, 0xAA, 0xAA, 0xAA, 0xAA, 0xAA, 0xAA, 0xAA, 0xAA, 0xAA, 0xAA, 0xAA, 
	0xAA, 0xAA, 0xAA, 0xAA, 0xAA, 0xAA, 0xAA, 0xAA, 0xAA, 0xAA, 0xAA, 0xAB, 0xBB, 0xBB, 0xAA, 
	0x00, 0x00, 0x00, 0x00, 0x00, 0x00, 0x00, 0x00, 0x00, 0x00, 0x00, 0x00, 0x00, 0x00, 0x00, 
	0x00, 0x00, 0x00, 0x00, 0x00, 0x00, 0x00, 0x00, 0x00, 0x00, 0x00, 0x00, 0x00, 0x00, 0x00, 
	0x00, 0x00, 0x00, 0x00, 0x00, 0x00, 0x00, 0x00, 0x00, 0x00, 0x00, 0x00, 0x00, 0x00, 0x00, 
	0x00, 0x00, 0x00, 0x00, 0x00, 0x00, 0x00, 0x00, 0x00, 0x00, 0x00, 0x00, 0x00, 0x00, 0x00, 
	0x00, 0x00, 0x00, 0x00, 0x00, 0x00, 0x00, 0x00, 0x00, 0x00, 0x00, 0x00, 0x00, 0x00, 0x00, 
	0x00, 0x00, 0x00, 0x00, 0x00, 0x00, 0x00, 0x00, 0x00, 0x00, 0x00, 0x00, 0x00, 0x00, 0x00, 
	0x11, 0x23, 0x45, 0x67, 0x77, 0x77, 0x78, 0x88, 0x88, 0x77, 0x77, 0x77, 0x77, 0x77, 0x77, 
	0x77, 0x77, 0x77, 0x78, 0x77, 0x88, 0x88, 0x88, 0xAB, 0xBB, 0xBB, 0xCC, 0xCC, 0xCC, 0xCC, 
	0xCC, 0xCC, 0xCC, 0xCC, 0xCC, 0xBB, 0xAB, 0xBA, 0xAA, 0xAA, 0xBB, 0xAA, 0x9A, 0xAB, 0xBB, 
	0xBB, 0xBB, 0xBB, 0xBB, 0xCC, 0xCC, 0xCC, 0xCC, 0xCC, 0xCC, 0xCC, 0xCC, 0xCC, 0xCC, 0xBB, 
	0xBB, 0xBB, 0xCC, 0xCD, 0xDD, 0xDD, 0xEE, 0xEE, 0xEE, 0xEE, 0xEE, 0xEE, 0xEE, 0xEF, 0xFF, 
	0xFF, 0xFF, 0xFF, 0xFF, 0xFF, 0xFF, 0xFF, 0xFF, 0xFF, 0xFF, 0xFF, 0xFF, 0xFF, 0xFF, 0xFF, 
	0xFF, 0xEE, 0xEE, 0xEE, 0xEE, 0xEE, 0xEE, 0xEE, 0xEE, 0xEE, 0xDD, 0xDD, 0xDC, 0xBB, 0xBB, 
	0xCB, 0xBA, 0x99, 0x88, 0x76, 0x65, 0x44, 0x44, 0x44, 0x44, 0x44, 0x44, 0x44, 0x44, 0x44, 
	0x45, 0x56, 0x67, 0x77, 0x88, 0x89, 0xAA, 0xAA, 0xAA, 0xBB, 0xBB, 0xBB, 0xA9, 0x99, 0x88, 
	0x77, 0x65, 0x56, 0x67, 0x78, 0x89, 0x99, 0x9A, 0xAA, 0xAA, 0xAA, 0xAA, 0xAA, 0xAA, 0xBB, 
	0xBB, 0xBB, 0xBB, 0xBB, 0xBB, 0xBB, 0xBB, 0xBB, 0xBB, 0xBB, 0xBB, 0xBB, 0xCC, 0xCC, 0xCC, 
	0xCC, 0xCC, 0xBB, 0xBC, 0xCC, 0xA9, 0xAB, 0xBB, 0xBB, 0xBB, 0xBB, 0xAA, 0xAA, 0xAA, 0xAA, 
	0xAA, 0xAA, 0xAA, 0xAA, 0xAA, 0xAA, 0xAA, 0xAA, 0xAA, 0xAA, 0xAA, 0xAA, 0xAA, 0xAA, 0xAA, 
	0xAA, 0xAA, 0xAA, 0xAA, 0xAA, 0xAA, 0xAA, 0xAA, 0xAA, 0xAA, 0xAA, 0xAB, 0xBB, 0xBB, 0xAA, 
	0x00, 0x00, 0x00, 0x00, 0x00, 0x00, 0x00, 0x00, 0x00, 0x00, 0x00, 0x00, 0x00, 0x00, 0x00, 
	0x00, 0x00, 0x00, 0x00, 0x00, 0x00, 0x00, 0x00, 0x00, 0x00, 0x00, 0x00, 0x00, 0x00, 0x00, 
	0x00, 0x00, 0x00, 0x00, 0x00, 0x00, 0x00, 0x00, 0x00, 0x00, 0x00, 0x00, 0x00, 0x00, 0x00, 
	0x00, 0x00, 0x00, 0x00, 0x00, 0x00, 0x00, 0x00, 0x00, 0x00, 0x00, 0x00, 0x00, 0x00, 0x00, 
	0x00, 0x00, 0x00, 0x00, 0x00, 0x00, 0x00, 0x00, 0x00, 0x00, 0x00, 0x00, 0x00, 0x00, 0x00, 
	0x00, 0x00, 0x00, 0x00, 0x00, 0x00, 0x00, 0x00, 0x00, 0x00, 0x00, 0x00, 0x00, 0x00, 0x00, 
	0x11, 0x12, 0x45, 0x67, 0x77, 0x77, 0x77, 0x88, 0x88, 0x77, 0x77, 0x76, 0x67, 0x77, 0x77, 
	0x77, 0x77, 0x77, 0x77, 0x77, 0x77, 0x78, 0xAB, 0xBB, 0xBB, 0xBA, 0xBB, 0xBB, 0xBB, 0xCC, 
	0xCC, 0xCC, 0xCC, 0xCC, 0xBC, 0xCB, 0xBA, 0xAB, 0xBB, 0xAA, 0xAA, 0xAA, 0xAA, 0xAB, 0xBB, 
	0xBB, 0xBC, 0xBC, 0xCD, 0xDD, 0xCC, 0xDD, 0xCC, 0xCC, 0xCC, 0xCC, 0xCB, 0xBC, 0xCC, 0xCB, 
	0xBB, 0xCC, 0xCC, 0xCD, 0xDD, 0xDD, 0xEE, 0xEE, 0xEE, 0xEE, 0xEE, 0xEE, 0xEE, 0xEF, 0xFF, 
	0xFF, 0xFF, 0xFF, 0xFF, 0xFF, 0xFF, 0xFF, 0xFF, 0xFF, 0xFF, 0xFF, 0xFF, 0xFF, 0xFF, 0xFF, 
	0xFF, 0xEE, 0xEE, 0xEE, 0xEE, 0xEE, 0xEE, 0xEE, 0xEE, 0xED, 0xDD, 0xDD, 0xCC, 0xBB, 0xBB, 
	0xBB, 0xA9, 0x88, 0x76, 0x55, 0x54, 0x44, 0x44, 0x44, 0x44, 0x33, 0x44, 0x44, 0x33, 0x44, 
	0x45, 0x56, 0x66, 0x67, 0x78, 0x89, 0x9A, 0xAA, 0xAA, 0xBA, 0xAB, 0xBB, 0xAA, 0x99, 0x77, 
	0x66, 0x65, 0x56, 0x66, 0x66, 0x78, 0x89, 0x9A, 0xAA, 0xAA, 0xAA, 0xAA, 0xAA, 0xAA, 0xBB, 
	0xBB, 0xBB, 0xBB, 0xBB, 0xBB, 0xBB, 0xBB, 0xBB, 0xBB, 0xBB, 0xBB, 0xBB, 0xBC, 0xCC, 0xCC, 
	0xCC, 0xCC, 0xBB, 0xBC, 0xCB, 0xA9, 0xAB, 0xBB, 0xBB, 0xAB, 0xBA, 0xAA, 0xAA, 0xAA, 0xAA, 
	0xAA, 0xAA, 0xAA, 0xAA, 0xAA, 0xAA, 0xAA, 0xAA, 0xAA, 0xAA, 0xAA, 0xAA, 0xAA, 0xAA, 0xAA, 
	0xAA, 0xAA, 0xAA, 0xAA, 0xAA, 0xAA, 0xAA, 0xAA, 0xAA, 0xAA, 0xAA, 0xBB, 0xBB, 0xBA, 0xAA, 
	0x00, 0x00, 0x00, 0x00, 0x00, 0x00, 0x00, 0x00, 0x00, 0x00, 0x00, 0x00, 0x00, 0x00, 0x00, 
	0x00, 0x00, 0x00, 0x00, 0x00, 0x00, 0x00, 0x00, 0x00, 0x00, 0x00, 0x00, 0x00, 0x00, 0x00, 
	0x00, 0x00, 0x00, 0x00, 0x00, 0x00, 0x00, 0x00, 0x00, 0x00, 0x00, 0x00, 0x00, 0x00, 0x00, 
	0x00, 0x00, 0x00, 0x00, 0x00, 0x00, 0x00, 0x00, 0x00, 0x00, 0x00, 0x00, 0x00, 0x00, 0x00, 
	0x00, 0x00, 0x00, 0x00, 0x00, 0x00, 0x00, 0x00, 0x00, 0x00, 0x00, 0x00, 0x00, 0x00, 0x00, 
	0x00, 0x00, 0x00, 0x00, 0x00, 0x00, 0x00, 0x00, 0x00, 0x00, 0x00, 0x00, 0x00, 0x00, 0x00, 
	0x11, 0x12, 0x34, 0x66, 0x77, 0x77, 0x77, 0x88, 0x88, 0x87, 0x76, 0x77, 0x67, 0x77, 0x77, 
	0x77, 0x77, 0x77, 0x77, 0x77, 0x77, 0x8B, 0xBA, 0xAA, 0xAA, 0xAA, 0xBB, 0xCB, 0xBB, 0xCC, 
	0xCC, 0xCC, 0xCC, 0xCC, 0xBB, 0xBB, 0xBA, 0xAA, 0xAA, 0xBA, 0xAA, 0xBB, 0xA9, 0xAA, 0xBB, 
	0xAB, 0xBB, 0xBC, 0xCD, 0xDD, 0xDD, 0xDD, 0xDC, 0xCC, 0xCC, 0xCC, 0xCC, 0xBB, 0xBC, 0xCC, 
	0xBB, 0xCC, 0xCC, 0xDD, 0xDD, 0xDD, 0xDD, 0xEE, 0xEE, 0xEE, 0xEE, 0xEE, 0xEE, 0xEF, 0xFF, 
	0xFF, 0xFF, 0xFF, 0xFF, 0xFF, 0xFF, 0xFF, 0xFF, 0xFF, 0xFF, 0xFF, 0xFF, 0xFF, 0xFF, 0xFF, 
	0xFF, 0xEE, 0xEE, 0xEE, 0xEE, 0xEE, 0xEE, 0xEE, 0xEE, 0xED, 0xDD, 0xDC, 0xCC, 0xBB, 0xBB, 
	0xBA, 0x98, 0x76, 0x65, 0x54, 0x54, 0x44, 0x43, 0x34, 0x33, 0x33, 0x33, 0x33, 0x44, 0x44, 
	0x44, 0x44, 0x55, 0x56, 0x78, 0x88, 0x89, 0x9A, 0xAA, 0xAA, 0xAB, 0xBA, 0x99, 0x97, 0x88, 
	0x76, 0x64, 0x44, 0x56, 0x55, 0x55, 0x78, 0x99, 0x9A, 0xAA, 0xAA, 0xAA, 0xAA, 0xAA, 0xAA, 
	0xAA, 0xAB, 0xBB, 0xBB, 0xBB, 0xBB, 0xBB, 0xBB, 0xBB, 0xBB, 0xBB, 0xBB, 0xBC, 0xCC, 0xCC, 
	0xCC, 0xCC, 0xBB, 0xBC, 0xCB, 0xAA, 0xAB, 0xBA, 0xBB, 0xAB, 0xBA, 0xAA, 0xAA, 0xAA, 0xAA, 
	0xAA, 0xAA, 0xAA, 0xAA, 0xAA, 0xAA, 0xAA, 0xAA, 0xAA, 0xAA, 0xAA, 0xAA, 0xAA, 0xAA, 0xAA, 
	0xAA, 0xAA, 0xAA, 0xAA, 0xAA, 0xAA, 0xAA, 0xAA, 0xAA, 0xAA, 0xAA, 0xBB, 0xBB, 0xBA, 0xAA, 
	0x00, 0x00, 0x00, 0x00, 0x00, 0x00, 0x00, 0x00, 0x00, 0x00, 0x00, 0x00, 0x00, 0x00, 0x00, 
	0x00, 0x00, 0x00, 0x00, 0x00, 0x00, 0x00, 0x00, 0x00, 0x00, 0x00, 0x00, 0x00, 0x00, 0x00, 
	0x00, 0x00, 0x00, 0x00, 0x00, 0x00, 0x00, 0x00, 0x00, 0x00, 0x00, 0x00, 0x00, 0x00, 0x00, 
	0x00, 0x00, 0x00, 0x00, 0x00, 0x00, 0x00, 0x00, 0x00, 0x00, 0x00, 0x00, 0x00, 0x00, 0x00, 
	0x00, 0x00, 0x00, 0x00, 0x00, 0x00, 0x00, 0x00, 0x00, 0x00, 0x00, 0x00, 0x00, 0x00, 0x00, 
	0x00, 0x00, 0x00, 0x00, 0x00, 0x00, 0x00, 0x00, 0x00, 0x00, 0x00, 0x00, 0x00, 0x00, 0x00, 
	0x11, 0x12, 0x24, 0x56, 0x77, 0x77, 0x77, 0x78, 0x89, 0x98, 0x88, 0x88, 0x88, 0x88, 0x88, 
	0x88, 0x88, 0x88, 0x88, 0x88, 0x8A, 0xBA, 0x9A, 0xA9, 0x9A, 0xAB, 0xBB, 0xCC, 0xCC, 0xBB, 
	0xCC, 0xCC, 0xCC, 0xCC, 0xCB, 0xBB, 0xBB, 0xAA, 0xAA, 0xBB, 0xBA, 0xAB, 0xBA, 0xAA, 0xAA, 
	0xAA, 0xBB, 0xCC, 0xCD, 0xDD, 0xDD, 0xDD, 0xDD, 0xCC, 0xCC, 0xCC, 0xCC, 0xBB, 0xBC, 0xCC, 
	0xCC, 0xCC, 0xCC, 0xDD, 0xDD, 0xDD, 0xDE, 0xEE, 0xEE, 0xEE, 0xEE, 0xEE, 0xEE, 0xEE, 0xFF, 
	0xFF, 0xFF, 0xFF, 0xFF, 0xFF, 0xFF, 0xFF, 0xFF, 0xFF, 0xFF, 0xFF, 0xFF, 0xFF, 0xFF, 0xFF, 
	0xFE, 0xEE, 0xEE, 0xEE, 0xEE, 0xEE, 0xEE, 0xEE, 0xEE, 0xEE, 0xDD, 0xDC, 0xCB, 0xBB, 0xCB, 
	0xA9, 0x87, 0x66, 0x55, 0x54, 0x44, 0x44, 0x33, 0x33, 0x33, 0x33, 0x33, 0x33, 0x33, 0x33, 
	0x44, 0x44, 0x55, 0x56, 0x77, 0x88, 0x89, 0x9A, 0xAA, 0xAA, 0xAA, 0xAA, 0xAA, 0x98, 0x87, 
	0x65, 0x54, 0x45, 0x55, 0x55, 0x54, 0x56, 0x89, 0xAA, 0xAA, 0xAA, 0xAA, 0xAA, 0xAA, 0xAB, 
	0xBA, 0xAB, 0xBB, 0xBB, 0xBB, 0xBB, 0xBB, 0xBB, 0xBB, 0xBB, 0xBB, 0xBB, 0xCC, 0xCC, 0xCC, 
	0xCC, 0xCB, 0xBB, 0xCC, 0xCB, 0x9A, 0xAB, 0xBB, 0xBB, 0xBA, 0xAA, 0xAA, 0xAA, 0xAA, 0xAA, 
	0xAA, 0xAA, 0xAA, 0xAA, 0xAA, 0xAA, 0xAA, 0xAA, 0xAA, 0xAA, 0xAA, 0xAA, 0xAA, 0xAA, 0xAA, 
	0xAA, 0xAA, 0xAA, 0xAA, 0xAA, 0xAA, 0xAA, 0xAA, 0xAA, 0xAA, 0xAA, 0xBB, 0xBB, 0xAA, 0xAA, 
	0x00, 0x00, 0x00, 0x00, 0x00, 0x00, 0x00, 0x00, 0x00, 0x00, 0x00, 0x00, 0x00, 0x00, 0x00, 
	0x00, 0x00, 0x00, 0x00, 0x00, 0x00, 0x00, 0x00, 0x00, 0x00, 0x00, 0x00, 0x00, 0x00, 0x00, 
	0x00, 0x00, 0x00, 0x00, 0x00, 0x00, 0x00, 0x00, 0x00, 0x00, 0x00, 0x00, 0x00, 0x00, 0x00, 
	0x00, 0x00, 0x00, 0x00, 0x00, 0x00, 0x00, 0x00, 0x00, 0x00, 0x00, 0x00, 0x00, 0x00, 0x00, 
	0x00, 0x00, 0x00, 0x00, 0x00, 0x00, 0x00, 0x00, 0x00, 0x00, 0x00, 0x00, 0x00, 0x00, 0x00, 
	0x00, 0x00, 0x00, 0x00, 0x00, 0x00, 0x00, 0x00, 0x00, 0x00, 0x00, 0x00, 0x00, 0x00, 0x00, 
	0x11, 0x11, 0x23, 0x56, 0x77, 0x77, 0x77, 0x78, 0x89, 0x99, 0x99, 0x99, 0x99, 0x99, 0x99, 
	0x99, 0x99, 0x99, 0x99, 0x9A, 0xBB, 0xAA, 0xAA, 0xAA, 0xAB, 0xBB, 0xBB, 0xCC, 0xCC, 0xCC, 
	0xCC, 0xDC, 0xCC, 0xCB, 0xBB, 0xCC, 0xCB, 0xBA, 0xAA, 0xAB, 0xBB, 0xAB, 0xBA, 0xAA, 0xAB, 
	0xBB, 0xAA, 0xBB, 0xCC, 0xCC, 0xDD, 0xDD, 0xDD, 0xDC, 0xCC, 0xCC, 0xCC, 0xCB, 0xBB, 0xBC, 
	0xCC, 0xCC, 0xCC, 0xCD, 0xDD, 0xDD, 0xDE, 0xEE, 0xEE, 0xEE, 0xEE, 0xEE, 0xEE, 0xEE, 0xFF, 
	0xFF, 0xFF, 0xFF, 0xFF, 0xFF, 0xFF, 0xFF, 0xFF, 0xFF, 0xFF, 0xFF, 0xFF, 0xFF, 0xFF, 0xFF, 
	0xFE, 0xEE, 0xEE, 0xEE, 0xEE, 0xEE, 0xEE, 0xEE, 0xEE, 0xEE, 0xDD, 0xDC, 0xCB, 0xBB, 0xBA, 
	0x98, 0x76, 0x66, 0x55, 0x44, 0x43, 0x44, 0x33, 0x33, 0x43, 0x44, 0x44, 0x43, 0x33, 0x33, 
	0x44, 0x44, 0x45, 0x56, 0x67, 0x88, 0x89, 0x99, 0xAA, 0xAA, 0xAA, 0xBB, 0xBA, 0xA9, 0x87, 
	0x55, 0x56, 0x55, 0x55, 0x55, 0x55, 0x55, 0x79, 0xAA, 0xAA, 0xAA, 0xAA, 0xAA, 0xAA, 0xAB, 
	0xBA, 0xAB, 0xBB, 0xBB, 0xBB, 0xBB, 0xBB, 0xBB, 0xBB, 0xBB, 0xBB, 0xBB, 0xBB, 0xCC, 0xCC, 
	0xCC, 0xCB, 0xBB, 0xCC, 0xBA, 0x9A, 0xBB, 0xBB, 0xBB, 0xBA, 0xAA, 0xAA, 0xAA, 0xAA, 0xAA, 
	0xAA, 0xAA, 0xAA, 0xAA, 0xAA, 0xAA, 0xAA, 0xAA, 0xAA, 0xAA, 0xAA, 0xAA, 0xAA, 0xAA, 0xAA, 
	0xAA, 0xAA, 0xAA, 0xAA, 0xAA, 0xAA, 0xAA, 0xAA, 0xAA, 0xAA, 0xAA, 0xBB, 0xBB, 0xAA, 0xAA, 
	0x00, 0x00, 0x00, 0x00, 0x00, 0x00, 0x00, 0x00, 0x00, 0x00, 0x00, 0x00, 0x00, 0x00, 0x00, 
	0x00, 0x00, 0x00, 0x00, 0x00, 0x00, 0x00, 0x00, 0x00, 0x00, 0x00, 0x00, 0x00, 0x00, 0x00, 
	0x00, 0x00, 0x00, 0x00, 0x00, 0x00, 0x00, 0x00, 0x00, 0x00, 0x00, 0x00, 0x00, 0x00, 0x00, 
	0x00, 0x00, 0x00, 0x00, 0x00, 0x00, 0x00, 0x00, 0x00, 0x00, 0x00, 0x00, 0x00, 0x00, 0x00, 
	0x00, 0x00, 0x00, 0x00, 0x00, 0x00, 0x00, 0x00, 0x00, 0x00, 0x00, 0x00, 0x00, 0x00, 0x00, 
	0x00, 0x00, 0x00, 0x00, 0x00, 0x00, 0x00, 0x00, 0x00, 0x00, 0x00, 0x00, 0x00, 0x00, 0x00, 
	0x11, 0x11, 0x23, 0x45, 0x67, 0x77, 0x77, 0x77, 0x89, 0x9A, 0xAA, 0xAA, 0xAA, 0xAA, 0xAA, 
	0xAA, 0xAA, 0xAA, 0xAA, 0xBB, 0xBA, 0xBB, 0xBB, 0xBB, 0xCC, 0xCB, 0xCC, 0xDD, 0xCC, 0xCC, 
	0xCC, 0xCC, 0xCC, 0xCB, 0xBB, 0xBB, 0xBB, 0xBA, 0xAA, 0x9A, 0xBA, 0xAA, 0xAB, 0xAB, 0xAB, 
	0xBB, 0xBB, 0xBC, 0xCC, 0xBB, 0xCC, 0xCC, 0xCC, 0xCC, 0xCC, 0xCC, 0xCC, 0xCC, 0xBB, 0xBB, 
	0xCC, 0xCC, 0xDD, 0xDD, 0xDD, 0xDD, 0xDD, 0xEE, 0xEE, 0xEE, 0xEE, 0xEE, 0xEE, 0xEE, 0xEF, 
	0xFF, 0xFF, 0xFF, 0xFF, 0xFF, 0xFF, 0xFF, 0xFF, 0xFF, 0xFF, 0xFF, 0xFF, 0xFF, 0xFF, 0xFF, 
	0xFF, 0xEE, 0xEE, 0xEE, 0xEE, 0xEE, 0xFE, 0xEE, 0xEE, 0xEE, 0xDD, 0xDC, 0xCB, 0xBB, 0xA9, 
	0x77, 0x66, 0x55, 0x54, 0x44, 0x44, 0x33, 0x33, 0x34, 0x44, 0x44, 0x44, 0x44, 0x43, 0x33, 
	0x33, 0x44, 0x44, 0x55, 0x67, 0x77, 0x88, 0x99, 0xAA, 0xAA, 0xAA, 0xAA, 0xAA, 0x99, 0x86, 
	0x76, 0x77, 0x66, 0x66, 0x55, 0x55, 0x55, 0x58, 0xAA, 0xAA, 0xAA, 0xAA, 0xAA, 0xAA, 0xAB, 
	0xBA, 0xBB, 0xBB, 0xBB, 0xBB, 0xBB, 0xBB, 0xBB, 0xBB, 0xBB, 0xBB, 0xBB, 0xBB, 0xCC, 0xCC, 
	0xCC, 0xBB, 0xBB, 0xCC, 0xBA, 0x9A, 0xBB, 0xBB, 0xBB, 0xBA, 0xAA, 0xAA, 0xAA, 0xAA, 0xAA, 
	0xAA, 0xAA, 0xAA, 0xAA, 0xAA, 0xAA, 0xAA, 0xAA, 0xAA, 0xAA, 0xAA, 0xAA, 0xAA, 0xAA, 0xAA, 
	0xAA, 0xAA, 0xAA, 0xAA, 0xAA, 0xAA, 0xAA, 0xAA, 0xAA, 0xAA, 0xAB, 0xBB, 0xAA, 0xAA, 0xAA, 
	0x00, 0x00, 0x00, 0x00, 0x00, 0x00, 0x00, 0x00, 0x00, 0x00, 0x00, 0x00, 0x00, 0x00, 0x00, 
	0x00, 0x00, 0x00, 0x00, 0x00, 0x00, 0x00, 0x00, 0x00, 0x00, 0x00, 0x00, 0x00, 0x00, 0x00, 
	0x00, 0x00, 0x00, 0x00, 0x00, 0x00, 0x00, 0x00, 0x00, 0x00, 0x00, 0x00, 0x00, 0x00, 0x00, 
	0x00, 0x00, 0x00, 0x00, 0x00, 0x00, 0x00, 0x00, 0x00, 0x00, 0x00, 0x00, 0x00, 0x00, 0x00, 
	0x00, 0x00, 0x00, 0x00, 0x00, 0x00, 0x00, 0x00, 0x00, 0x00, 0x00, 0x00, 0x00, 0x00, 0x00, 
	0x00, 0x00, 0x00, 0x00, 0x00, 0x00, 0x00, 0x00, 0x00, 0x00, 0x00, 0x00, 0x00, 0x00, 0x00, 
	0x11, 0x11, 0x12, 0x35, 0x67, 0x77, 0x77, 0x77, 0x78, 0x88, 0x88, 0x89, 0x99, 0x99, 0x99, 
	0x99, 0x99, 0x99, 0xAA, 0xAA, 0xAA, 0xAA, 0xAB, 0xBC, 0xCC, 0xCC, 0xCC, 0xDD, 0xCC, 0xCC, 
	0xCC, 0xCC, 0xCC, 0xCB, 0xBB, 0xBB, 0xBB, 0xAA, 0xAA, 0xA9, 0x9A, 0xA9, 0xAA, 0xAB, 0xBA, 
	0xAB, 0xBC, 0xCC, 0xDC, 0xCC, 0xCC, 0xCC, 0xCC, 0xCC, 0xCC, 0xCC, 0xCC, 0xCC, 0xCB, 0xBB, 
	0xBB, 0xCC, 0xDD, 0xDD, 0xDD, 0xDD, 0xDD, 0xEE, 0xEE, 0xEE, 0xEE, 0xEE, 0xEE, 0xEE, 0xEE, 
	0xFF, 0xFF, 0xFF, 0xFF, 0xFF, 0xFF, 0xFF, 0xFF, 0xFF, 0xFF, 0xFF, 0xFF, 0xFF, 0xFF, 0xFF, 
	0xFF, 0xEE, 0xEE, 0xEE, 0xEE, 0xFF, 0xFF, 0xEE, 0xEE, 0xEE, 0xED, 0xDC, 0xBB, 0xBB, 0xA8, 
	0x76, 0x65, 0x55, 0x44, 0x43, 0x33, 0x33, 0x33, 0x34, 0x44, 0x44, 0x44, 0x44, 0x44, 0x43, 
	0x33, 0x44, 0x44, 0x55, 0x56, 0x67, 0x78, 0x99, 0xAA, 0xAA, 0xAA, 0xAA, 0xA9, 0x99, 0x87, 
	0x77, 0x77, 0x66, 0x66, 0x55, 0x55, 0x55, 0x56, 0x9A, 0xAA, 0xAA, 0xAA, 0xAA, 0xAA, 0xAB, 
	0xBB, 0xBB, 0xBB, 0xBB, 0xBB, 0xBB, 0xBB, 0xBB, 0xBB, 0xBB, 0xBB, 0xBB, 0xBB, 0xBB, 0xCC, 
	0xCC, 0xBB, 0xBB, 0xCC, 0xBA, 0xAA, 0xBB, 0xBB, 0xBB, 0xAA, 0xAA, 0xAA, 0xAA, 0xAA, 0xAA, 
	0xAA, 0xAA, 0xAA, 0xAA, 0xAA, 0xAA, 0xAA, 0xAA, 0xAA, 0xAA, 0xAA, 0xAA, 0xAA, 0xAA, 0xAA, 
	0xAA, 0xAA, 0xAA, 0xAA, 0xAA, 0xAA, 0xAA, 0xAA, 0xAA, 0xAA, 0xAB, 0xBB, 0xAA, 0xAA, 0xAA, 
	0x00, 0x00, 0x00, 0x00, 0x00, 0x00, 0x00, 0x00, 0x00, 0x00, 0x00, 0x00, 0x00, 0x00, 0x00, 
	0x00, 0x00, 0x00, 0x00, 0x00, 0x00, 0x00, 0x00, 0x00, 0x00, 0x00, 0x00, 0x00, 0x00, 0x00, 
	0x00, 0x00, 0x00, 0x00, 0x00, 0x00, 0x00, 0x00, 0x00, 0x00, 0x00, 0x00, 0x00, 0x00, 0x00, 
	0x00, 0x00, 0x00, 0x00, 0x00, 0x00, 0x00, 0x00, 0x00, 0x00, 0x00, 0x00, 0x00, 0x00, 0x00, 
	0x00, 0x00, 0x00, 0x00, 0x00, 0x00, 0x00, 0x00, 0x00, 0x00, 0x00, 0x00, 0x00, 0x00, 0x00, 
	0x00, 0x00, 0x00, 0x00, 0x00, 0x00, 0x00, 0x00, 0x00, 0x00, 0x00, 0x00, 0x00, 0x00, 0x00, 
	0x11, 0x11, 0x12, 0x34, 0x56, 0x77, 0x77, 0x77, 0x77, 0x77, 0x77, 0x77, 0x88, 0x88, 0x88, 
	0x88, 0x88, 0x88, 0x99, 0x89, 0xA9, 0x99, 0xAA, 0xBC, 0xCC, 0xCC, 0xCC, 0xCC, 0xCC, 0xCC, 
	0xCC, 0xCC, 0xCC, 0xCC, 0xBB, 0xBB, 0xBB, 0xBA, 0xAB, 0xBA, 0xAA, 0xA9, 0xAA, 0xAB, 0xBB, 
	0xBB, 0xCC, 0xCC, 0xDD, 0xDD, 0xDD, 0xCC, 0xCC, 0xCC, 0xCC, 0xCC, 0xBB, 0xBC, 0xCB, 0xBB, 
	0xBC, 0xBB, 0xCD, 0xDD, 0xDD, 0xDD, 0xDD, 0xEE, 0xEE, 0xEE, 0xEE, 0xEE, 0xEE, 0xEE, 0xEE, 
	0xFF, 0xFF, 0xFF, 0xFF, 0xFF, 0xFF, 0xFF, 0xFF, 0xFF, 0xFF, 0xFF, 0xFF, 0xFF, 0xFF, 0xFF, 
	0xFF, 0xFE, 0xEE, 0xEE, 0xEE, 0xFF, 0xFF, 0xFE, 0xEE, 0xEE, 0xED, 0xCB, 0xBB, 0xBA, 0x97, 
	0x66, 0x55, 0x44, 0x43, 0x33, 0x33, 0x33, 0x33, 0x34, 0x44, 0x44, 0x44, 0x44, 0x44, 0x44, 
	0x33, 0x43, 0x44, 0x55, 0x55, 0x67, 0x78, 0x89, 0x99, 0x99, 0xAA, 0xAA, 0xA9, 0x98, 0x78, 
	0x78, 0x87, 0x77, 0x76, 0x65, 0x55, 0x55, 0x45, 0x9A, 0xAA, 0xAA, 0xAA, 0xAA, 0xAA, 0xAA, 
	0xBB, 0xBB, 0xBB, 0xBB, 0xBB, 0xBB, 0xBB, 0xBB, 0xBB, 0xBB, 0xBC, 0xBB, 0xBB, 0xBB, 0xBC, 
	0xCC, 0xBB, 0xBB, 0xCB, 0xA9, 0xAA, 0xBB, 0xBB, 0xBB, 0xAA, 0xAA, 0xAA, 0xAA, 0xAA, 0xAA, 
	0xAA, 0xAA, 0xAA, 0xAA, 0xAA, 0xAA, 0xAA, 0xAA, 0xAA, 0xAA, 0xAA, 0xAA, 0xAA, 0xAA, 0xAA, 
	0xAA, 0xAA, 0xAA, 0xAA, 0xAA, 0xAA, 0xAA, 0xAA, 0xAA, 0xAA, 0xBB, 0xBB, 0xAA, 0xAA, 0xAA, 
	0x00, 0x00, 0x00, 0x00, 0x00, 0x00, 0x00, 0x00, 0x00, 0x00, 0x00, 0x00, 0x00, 0x00, 0x00, 
	0x00, 0x00, 0x00, 0x00, 0x00, 0x00, 0x00, 0x00, 0x00, 0x00, 0x00, 0x00, 0x00, 0x00, 0x00, 
	0x00, 0x00, 0x00, 0x00, 0x00, 0x00, 0x00, 0x00, 0x00, 0x00, 0x00, 0x00, 0x00, 0x00, 0x00, 
	0x00, 0x00, 0x00, 0x00, 0x00, 0x00, 0x00, 0x00, 0x00, 0x00, 0x00, 0x00, 0x00, 0x00, 0x00, 
	0x00, 0x00, 0x00, 0x00, 0x00, 0x00, 0x00, 0x00, 0x00, 0x00, 0x00, 0x00, 0x00, 0x00, 0x00, 
	0x00, 0x00, 0x00, 0x00, 0x00, 0x00, 0x00, 0x00, 0x00, 0x00, 0x00, 0x00, 0x00, 0x00, 0x00, 
	0x11, 0x11, 0x11, 0x34, 0x56, 0x77, 0x77, 0x77, 0x77, 0x77, 0x77, 0x77, 0x77, 0x88, 0x77, 
	0x88, 0x88, 0x88, 0x88, 0x99, 0x99, 0x9A, 0xBC, 0xCC, 0xCC, 0xCC, 0xCC, 0xCC, 0xCC, 0xCC, 
	0xCC, 0xCC, 0xCC, 0xCC, 0xBB, 0xBA, 0xAB, 0xBB, 0xBB, 0xBB, 0xBA, 0xAA, 0xBB, 0xBC, 0xCC, 
	0xCD, 0xDD, 0xDD, 0xCC, 0xCC, 0xCC, 0xCC, 0xCC, 0xCC, 0xCC, 0xCC, 0xCB, 0xBB, 0xBB, 0xBB, 
	0xBB, 0xBB, 0xBC, 0xDD, 0xDD, 0xDD, 0xDD, 0xEE, 0xEE, 0xEE, 0xEE, 0xEE, 0xEE, 0xEE, 0xEE, 
	0xEF, 0xFF, 0xFF, 0xFF, 0xFF, 0xFF, 0xFF, 0xFF, 0xFF, 0xFF, 0xFF, 0xFF, 0xFF, 0xFF, 0xFF, 
	0xFF, 0xFE, 0xEE, 0xEF, 0xFF, 0xFF, 0xFF, 0xFF, 0xEE, 0xEE, 0xDD, 0xCB, 0xBB, 0xB9, 0x86, 
	0x66, 0x54, 0x44, 0x43, 0x33, 0x33, 0x44, 0x44, 0x44, 0x44, 0x44, 0x44, 0x44, 0x55, 0x55, 
	0x44, 0x34, 0x44, 0x55, 0x55, 0x56, 0x67, 0x88, 0x99, 0x99, 0xAA, 0xAA, 0xAA, 0x98, 0x88, 
	0x88, 0x88, 0x77, 0x78, 0x66, 0x55, 0x55, 0x56, 0x89, 0xAA, 0xAA, 0xAA, 0xAA, 0xAA, 0xAA, 
	0xBB, 0xBB, 0xBB, 0xBB, 0xBB, 0xBB, 0xBB, 0xBB, 0xBB, 0xBB, 0xBB, 0xBB, 0xBB, 0xBB, 0xBC, 
	0xCB, 0xBB, 0xBC, 0xCB, 0xA9, 0xAB, 0xBB, 0xBB, 0xBA, 0xAA, 0xAA, 0xAA, 0xAA, 0xAA, 0xAA, 
	0xAA, 0xAA, 0xAA, 0xAA, 0xAA, 0xAA, 0xAA, 0xAA, 0xAA, 0xAA, 0xAA, 0xAA, 0xAA, 0xAA, 0xAA, 
	0xAA, 0xAA, 0xAA, 0xAA, 0xAA, 0xAA, 0xAA, 0xAA, 0xAA, 0xAA, 0xBB, 0xBA, 0xAA, 0xAA, 0xAA, 
	0x00, 0x00, 0x00, 0x00, 0x00, 0x00, 0x00, 0x00, 0x00, 0x00, 0x00, 0x00, 0x00, 0x00, 0x00, 
	0x00, 0x00, 0x00, 0x00, 0x00, 0x00, 0x00, 0x00, 0x00, 0x00, 0x00, 0x00, 0x00, 0x00, 0x00, 
	0x00, 0x00, 0x00, 0x00, 0x00, 0x00, 0x00, 0x00, 0x00, 0x00, 0x00, 0x00, 0x00, 0x00, 0x00, 
	0x00, 0x00, 0x00, 0x00, 0x00, 0x00, 0x00, 0x00, 0x00, 0x00, 0x00, 0x00, 0x00, 0x00, 0x00, 
	0x00, 0x00, 0x00, 0x00, 0x00, 0x00, 0x00, 0x00, 0x00, 0x00, 0x00, 0x00, 0x00, 0x00, 0x00, 
	0x00, 0x00, 0x00, 0x00, 0x00, 0x00, 0x00, 0x00, 0x00, 0x00, 0x00, 0x00, 0x00, 0x00, 0x00, 
	0x11, 0x11, 0x11, 0x23, 0x45, 0x67, 0x77, 0x77, 0x77, 0x77, 0x77, 0x77, 0x78, 0x88, 0x88, 
	0x87, 0x88, 0x88, 0x88, 0x99, 0xAA, 0xBB, 0xCC, 0xCC, 0xBC, 0xCC, 0xCC, 0xBC, 0xCC, 0xCC, 
	0xCC, 0xCB, 0xBB, 0xBB, 0xBB, 0xBB, 0xAB, 0xBB, 0xBB, 0xBB, 0xBA, 0xAB, 0xCC, 0xCD, 0xDD, 
	0xDD, 0xDD, 0xDD, 0xDC, 0xCC, 0xDD, 0xDC, 0xCC, 0xCC, 0xCC, 0xCC, 0xCB, 0xBB, 0xBB, 0xBB, 
	0xAB, 0xBB, 0xBB, 0xCD, 0xDD, 0xDD, 0xDD, 0xEE, 0xEE, 0xEE, 0xEE, 0xEE, 0xEE, 0xEE, 0xEE, 
	0xEF, 0xFF, 0xFF, 0xFF, 0xFF, 0xFF, 0xFF, 0xFF, 0xFF, 0xFF, 0xFF, 0xFF, 0xFF, 0xFF, 0xFF, 
	0xFF, 0xFF, 0xFF, 0xFF, 0xFF, 0xFF, 0xFF, 0xFF, 0xEE, 0xEE, 0xDD, 0xDB, 0xAA, 0xA8, 0x76, 
	0x55, 0x54, 0x44, 0x33, 0x34, 0x44, 0x44, 0x44, 0x44, 0x44, 0x44, 0x44, 0x45, 0x55, 0x55, 
	0x54, 0x44, 0x44, 0x55, 0x55, 0x56, 0x66, 0x78, 0x88, 0x99, 0x99, 0x9A, 0xAA, 0xA9, 0x99, 
	0x88, 0x88, 0x77, 0x78, 0x76, 0x55, 0x55, 0x56, 0x79, 0xAA, 0xAA, 0xAA, 0xAA, 0xAA, 0xAA, 
	0xBB, 0xBB, 0xBB, 0xBB, 0xBB, 0xBB, 0xBB, 0xBB, 0xBB, 0xBB, 0xBB, 0xBB, 0xBB, 0xBB, 0xBC, 
	0xBB, 0xBB, 0xCC, 0xBB, 0xA9, 0xAB, 0xBB, 0xBB, 0xBA, 0xAA, 0xAA, 0xAA, 0xAA, 0xAA, 0xAA, 
	0xAA, 0xAA, 0xAA, 0xAA, 0xAA, 0xAA, 0xAA, 0xAA, 0xAA, 0xAA, 0xAA, 0xAA, 0xAA, 0xAA, 0xAA, 
	0xAA, 0xAA, 0xAA, 0xAA, 0xAA, 0xAA, 0xAA, 0xAA, 0xAA, 0xAA, 0xBB, 0xBA, 0xAA, 0xAA, 0xAA, 
	0x00, 0x00, 0x00, 0x00, 0x00, 0x00, 0x00, 0x00, 0x00, 0x00, 0x00, 0x00, 0x00, 0x00, 0x00, 
	0x00, 0x00, 0x00, 0x00, 0x00, 0x00, 0x00, 0x00, 0x00, 0x00, 0x00, 0x00, 0x00, 0x00, 0x00, 
	0x00, 0x00, 0x00, 0x00, 0x00, 0x00, 0x00, 0x00, 0x00, 0x00, 0x00, 0x00, 0x00, 0x00, 0x00, 
	0x00, 0x00, 0x00, 0x00, 0x00, 0x00, 0x00, 0x00, 0x00, 0x00, 0x00, 0x00, 0x00, 0x00, 0x00, 
	0x00, 0x00, 0x00, 0x00, 0x00, 0x00, 0x00, 0x00, 0x00, 0x00, 0x00, 0x00, 0x00, 0x00, 0x00, 
	0x00, 0x00, 0x00, 0x00, 0x00, 0x00, 0x00, 0x00, 0x00, 0x00, 0x00, 0x00, 0x00, 0x00, 0x00, 
	0x11, 0x11, 0x11, 0x23, 0x45, 0x67, 0x77, 0x77, 0x77, 0x77, 0x77, 0x77, 0x77, 0x77, 0x77, 
	0x77, 0x88, 0x88, 0x89, 0xAA, 0xAA, 0xBB, 0xBB, 0xCC, 0xCC, 0xBB, 0xBB, 0xCC, 0xCC, 0xCC, 
	0xCC, 0xCB, 0xBB, 0xCB, 0xBA, 0xAA, 0xAA, 0xAA, 0xBA, 0xBA, 0xAA, 0xAB, 0xBC, 0xCC, 0xCC, 
	0xDD, 0xCC, 0xCC, 0xCC, 0xCC, 0xCC, 0xCC, 0xDC, 0xCB, 0xBB, 0xCB, 0xBB, 0xAB, 0xBB, 0xBA, 
	0xAA, 0xBB, 0xBA, 0xBC, 0xDD, 0xDD, 0xEE, 0xEE, 0xEE, 0xEE, 0xEE, 0xEE, 0xEE, 0xEE, 0xEE, 
	0xEF, 0xFF, 0xFF, 0xFF, 0xFF, 0xFF, 0xFF, 0xFF, 0xFF, 0xFF, 0xFF, 0xFF, 0xFF, 0xFF, 0xFF, 
	0xFF, 0xFF, 0xFF, 0xFF, 0xFF, 0xFF, 0xFF, 0xFF, 0xFF, 0xEE, 0xDD, 0xCB, 0xA9, 0x87, 0x66, 
	0x55, 0x44, 0x33, 0x33, 0x45, 0x67, 0x54, 0x44, 0x44, 0x44, 0x44, 0x44, 0x45, 0x55, 0x55, 
	0x55, 0x43, 0x44, 0x55, 0x55, 0x56, 0x66, 0x77, 0x88, 0x88, 0x99, 0x99, 0x99, 0x99, 0x99, 
	0x99, 0x88, 0x77, 0x77, 0x76, 0x65, 0x55, 0x66, 0x69, 0xAA, 0xAA, 0xAA, 0xAA, 0xAA, 0xAA, 
	0xBB, 0xBB, 0xBB, 0xBB, 0xBB, 0xBB, 0xBB, 0xBB, 0xBB, 0xBB, 0xBB, 0xBB, 0xBB, 0xBB, 0xBB, 
	0xBB, 0xBB, 0xCC, 0xBA, 0x99, 0xAB, 0xBB, 0xBB, 0xBA, 0xAA, 0xAA, 0xAA, 0xAA, 0xAA, 0xAA, 
	0xAA, 0xAA, 0xAA, 0xAA, 0xAA, 0xAA, 0xAA, 0xAA, 0xAA, 0xAA, 0xAA, 0xAA, 0xAA, 0xAA, 0xAA, 
	0xAA, 0xAA, 0xAA, 0xAA, 0xAA, 0xAA, 0xAA, 0xAA, 0xAA, 0xAB, 0xBB, 0xBA, 0xAA, 0xAA, 0xAA, 
	0x00, 0x00, 0x00, 0x00, 0x00, 0x00, 0x00, 0x00, 0x00, 0x00, 0x00, 0x00, 0x00, 0x00, 0x00, 
	0x00, 0x00, 0x00, 0x00, 0x00, 0x00, 0x00, 0x00, 0x00, 0x00, 0x00, 0x00, 0x00, 0x00, 0x00, 
	0x00, 0x00, 0x00, 0x00, 0x00, 0x00, 0x00, 0x00, 0x00, 0x00, 0x00, 0x00, 0x00, 0x00, 0x00, 
	0x00, 0x00, 0x00, 0x00, 0x00, 0x00, 0x00, 0x00, 0x00, 0x00, 0x00, 0x00, 0x00, 0x00, 0x00, 
	0x00, 0x00, 0x00, 0x00, 0x00, 0x00, 0x00, 0x00, 0x00, 0x00, 0x00, 0x00, 0x00, 0x00, 0x00, 
	0x00, 0x00, 0x00, 0x00, 0x00, 0x00, 0x00, 0x00, 0x00, 0x00, 0x00, 0x00, 0x00, 0x00, 0x00, 
	0x11, 0x11, 0x12, 0x22, 0x34, 0x66, 0x77, 0x77, 0x77, 0x77, 0x77, 0x77, 0x77, 0x78, 0x87, 
	0x88, 0x88, 0x88, 0x89, 0xAA, 0xBB, 0xBB, 0xBB, 0xBB, 0xBB, 0xCC, 0xCC, 0xCD, 0xDC, 0xCC, 
	0xCC, 0xBB, 0xBB, 0xBB, 0xAA, 0x99, 0xAA, 0xAA, 0xAA, 0xAA, 0xAA, 0x9A, 0xBB, 0xBC, 0xCC, 
	0xCC, 0xCC, 0xCC, 0xCB, 0xBB, 0xBA, 0xBB, 0xBB, 0xBA, 0xAA, 0xAA, 0xAA, 0xA9, 0x9A, 0xAA, 
	0xAA, 0xAA, 0xAA, 0xAB, 0xBC, 0xDD, 0xEE, 0xEE, 0xEE, 0xEE, 0xEE, 0xEE, 0xEE, 0xEE, 0xEE, 
	0xEE, 0xFF, 0xFF, 0xFF, 0xFF, 0xFF, 0xFF, 0xFF, 0xFF, 0xFF, 0xFF, 0xFF, 0xFF, 0xFF, 0xFF, 
	0xFF, 0xFF, 0xFF, 0xFF, 0xFF, 0xFF, 0xFF, 0xFF, 0xFF, 0xFE, 0xED, 0xCB, 0xA9, 0x77, 0x65, 
	0x54, 0x44, 0x34, 0x34, 0x47, 0xDF, 0xC6, 0x44, 0x44, 0x44, 0x44, 0x44, 0x45, 0x55, 0x55, 
	0x55, 0x54, 0x44, 0x55, 0x55, 0x56, 0x66, 0x67, 0x77, 0x88, 0x99, 0x89, 0x99, 0x99, 0x99, 
	0x88, 0x77, 0x77, 0x77, 0x87, 0x66, 0x56, 0x65, 0x79, 0xAA, 0xAA, 0xAA, 0xAA, 0xAA, 0xAA, 
	0xAB, 0xAB, 0xBB, 0xBB, 0xBB, 0xBB, 0xBB, 0xBB, 0xBB, 0xBB, 0xBB, 0xBB, 0xBB, 0xBB, 0xBB, 
	0xBB, 0xBB, 0xCC, 0xBA, 0x9A, 0xAA, 0xBA, 0xBB, 0xAA, 0xAA, 0xAA, 0xAA, 0xAA, 0xAA, 0xAA, 
	0xAA, 0xAA, 0xAA, 0xAA, 0xAA, 0xAA, 0xAA, 0xAA, 0xAA, 0xAA, 0xAA, 0xAA, 0xAA, 0xAA, 0xAA, 
	0xAA, 0xAA, 0xAA, 0xAA, 0xAA, 0xAA, 0xAA, 0xAA, 0xAA, 0xAB, 0xBB, 0xBA, 0xAA, 0xAA, 0xAA, 
	0x00, 0x00, 0x00, 0x00, 0x00, 0x00, 0x00, 0x00, 0x00, 0x00, 0x00, 0x00, 0x00, 0x00, 0x00, 
	0x00, 0x00, 0x00, 0x00, 0x00, 0x00, 0x00, 0x00, 0x00, 0x00, 0x00, 0x00, 0x00, 0x00, 0x00, 
	0x00, 0x00, 0x00, 0x00, 0x00, 0x00, 0x00, 0x00, 0x00, 0x00, 0x00, 0x00, 0x00, 0x00, 0x00, 
	0x00, 0x00, 0x00, 0x00, 0x00, 0x00, 0x00, 0x00, 0x00, 0x00, 0x00, 0x00, 0x00, 0x00, 0x00, 
	0x00, 0x00, 0x00, 0x00, 0x00, 0x00, 0x00, 0x00, 0x00, 0x00, 0x00, 0x00, 0x00, 0x00, 0x00, 
	0x00, 0x00, 0x00, 0x00, 0x00, 0x00, 0x00, 0x00, 0x00, 0x00, 0x00, 0x00, 0x00, 0x00, 0x00, 
	0x11, 0x11, 0x12, 0x22, 0x33, 0x56, 0x77, 0x77, 0x77, 0x77, 0x77, 0x77, 0x77, 0x77, 0x78, 
	0x78, 0x88, 0x89, 0x99, 0xAA, 0xAA, 0xBC, 0xBB, 0xBB, 0xCC, 0xCC, 0xDD, 0xCC, 0xCC, 0xCC, 
	0xCC, 0xCB, 0xBB, 0xBB, 0xBA, 0xAA, 0xAA, 0xAA, 0xAA, 0xAA, 0xAA, 0xAA, 0xAB, 0xCC, 0xCC, 
	0xCC, 0xCC, 0xCC, 0xCB, 0xBA, 0xAA, 0xA9, 0x99, 0x99, 0x98, 0x99, 0x99, 0x99, 0x88, 0x99, 
	0xAA, 0x99, 0x9A, 0xAA, 0xBB, 0xCD, 0xDE, 0xEE, 0xEE, 0xEE, 0xEE, 0xEE, 0xEE, 0xFE, 0xEE, 
	0xEE, 0xFF, 0xFF, 0xFF, 0xFF, 0xFF, 0xFF, 0xFF, 0xFF, 0xFF, 0xFF, 0xFF, 0xFF, 0xFF, 0xFF, 
	0xFF, 0xFF, 0xFF, 0xFF, 0xFF, 0xFF, 0xFF, 0xFF, 0xFF, 0xEE, 0xED, 0xCB, 0xA8, 0x77, 0x65, 
	0x44, 0x43, 0x33, 0x44, 0x48, 0xFF, 0xC6, 0x44, 0x44, 0x44, 0x44, 0x44, 0x45, 0x56, 0x66, 
	0x66, 0x66, 0x54, 0x55, 0x55, 0x66, 0x66, 0x67, 0x77, 0x88, 0x88, 0x88, 0x88, 0x88, 0x87, 
	0x77, 0x77, 0x77, 0x77, 0x97, 0x65, 0x67, 0x65, 0x79, 0xAA, 0xAA, 0xAA, 0xAA, 0xAA, 0xAA, 
	0xBB, 0xBB, 0xBB, 0xBB, 0xBB, 0xBB, 0xBB, 0xBB, 0xBB, 0xBB, 0xBB, 0xBB, 0xBB, 0xBB, 0xBB, 
	0xBB, 0xBB, 0xCC, 0xB9, 0x9A, 0xBB, 0xBA, 0xBB, 0xAA, 0xAA, 0xAA, 0xAA, 0xAA, 0xAA, 0xAA, 
	0xAA, 0xAA, 0xAA, 0xAA, 0xAA, 0xAA, 0xAA, 0xAA, 0xAA, 0xAA, 0xAA, 0xAA, 0xAA, 0xAA, 0xAA, 
	0xAA, 0xAA, 0xAA, 0xAA, 0xAA, 0xAA, 0xAA, 0xAA, 0xAA, 0xBB, 0xBB, 0xAA, 0xAA, 0xAA, 0xAA, 
	0x00, 0x00, 0x00, 0x00, 0x00, 0x00, 0x00, 0x00, 0x00, 0x00, 0x00, 0x00, 0x00, 0x00, 0x00, 
	0x00, 0x00, 0x00, 0x00, 0x00, 0x00, 0x00, 0x00, 0x00, 0x00, 0x00, 0x00, 0x00, 0x00, 0x00, 
	0x00, 0x00, 0x00, 0x00, 0x00, 0x00, 0x00, 0x00, 0x00, 0x00, 0x00, 0x00, 0x00, 0x00, 0x00, 
	0x00, 0x00, 0x00, 0x00, 0x00, 0x00, 0x00, 0x00, 0x00, 0x00, 0x00, 0x00, 0x00, 0x00, 0x00, 
	0x00, 0x00, 0x00, 0x00, 0x00, 0x00, 0x00, 0x00, 0x00, 0x00, 0x00, 0x00, 0x00, 0x00, 0x00, 
	0x00, 0x00, 0x00, 0x00, 0x00, 0x00, 0x00, 0x00, 0x00, 0x00, 0x00, 0x00, 0x00, 0x00, 0x00, 
	0x11, 0x11, 0x12, 0x22, 0x23, 0x45, 0x67, 0x77, 0x77, 0x77, 0x77, 0x77, 0x77, 0x77, 0x77, 
	0x77, 0x88, 0x88, 0x9A, 0xA9, 0xAB, 0xBB, 0xBB, 0xCC, 0xCC, 0xCC, 0xCC, 0xCC, 0xCC, 0xCC, 
	0xCB, 0xBB, 0xBB, 0xBA, 0xAB, 0xBB, 0xBB, 0xAA, 0xAA, 0xAA, 0xAB, 0xBB, 0xBC, 0xCC, 0xCC, 
	0xCC, 0xCC, 0xCB, 0xBB, 0xA9, 0x99, 0x99, 0x98, 0x88, 0x87, 0x77, 0x78, 0x88, 0x87, 0x77, 
	0x89, 0x99, 0x99, 0xAA, 0xAB, 0xBC, 0xDD, 0xEE, 0xEE, 0xEE, 0xEE, 0xEE, 0xEF, 0xFF, 0xEE, 
	0xEE, 0xFF, 0xFF, 0xFF, 0xFF, 0xFF, 0xFF, 0xFF, 0xFF, 0xFF, 0xFF, 0xFF, 0xFF, 0xFF, 0xFF, 
	0xFF, 0xFF, 0xFF, 0xFF, 0xFF, 0xFF, 0xFF, 0xFF, 0xFF, 0xFE, 0xED, 0xCB, 0x97, 0x76, 0x55, 
	0x44, 0x43, 0x43, 0x44, 0x45, 0x77, 0x54, 0x44, 0x44, 0x44, 0x34, 0x33, 0x34, 0x56, 0x77, 
	0x77, 0x77, 0x65, 0x55, 0x55, 0x66, 0x66, 0x66, 0x67, 0x77, 0x77, 0x77, 0x77, 0x77, 0x78, 
	0x88, 0x77, 0x78, 0x88, 0x88, 0x76, 0x76, 0x64, 0x79, 0xAA, 0xAA, 0xAA, 0xAA, 0xAA, 0xAA, 
	0xAA, 0xBB, 0xBB, 0xBB, 0xBB, 0xBB, 0xBB, 0xBB, 0xBB, 0xBB, 0xBB, 0xBB, 0xBB, 0xBB, 0xBB, 
	0xBB, 0xBB, 0xCB, 0xA9, 0xAA, 0xBB, 0xBA, 0xBB, 0xAA, 0xAA, 0xAA, 0xAA, 0xAA, 0xAA, 0xAA, 
	0xAA, 0xAA, 0xAA, 0xAA, 0xAA, 0xAA, 0xAA, 0xAA, 0xAA, 0xAA, 0xAA, 0xAA, 0xAA, 0xAA, 0xAA, 
	0xAA, 0xAA, 0xAA, 0xAA, 0xAA, 0xAA, 0xAA, 0xAA, 0xAA, 0xBB, 0xBA, 0xAA, 0xAA, 0xAA, 0xAA, 
	0x00, 0x00, 0x00, 0x00, 0x00, 0x00, 0x00, 0x00, 0x00, 0x00, 0x00, 0x00, 0x00, 0x00, 0x00, 
	0x00, 0x00, 0x00, 0x00, 0x00, 0x00, 0x00, 0x00, 0x00, 0x00, 0x00, 0x00, 0x00, 0x00, 0x00, 
	0x00, 0x00, 0x00, 0x00, 0x00, 0x00, 0x00, 0x00, 0x00, 0x00, 0x00, 0x00, 0x00, 0x00, 0x00, 
	0x00, 0x00, 0x00, 0x00, 0x00, 0x00, 0x00, 0x00, 0x00, 0x00, 0x00, 0x00, 0x00, 0x00, 0x00, 
	0x00, 0x00, 0x00, 0x00, 0x00, 0x00, 0x00, 0x00, 0x00, 0x00, 0x00, 0x00, 0x00, 0x00, 0x00, 
	0x00, 0x00, 0x00, 0x00, 0x00, 0x00, 0x00, 0x00, 0x00, 0x00, 0x00, 0x00, 0x00, 0x00, 0x00, 
	0x12, 0x12, 0x22, 0x22, 0x23, 0x44, 0x56, 0x77, 0x66, 0x66, 0x66, 0x66, 0x66, 0x67, 0x77, 
	0x77, 0x77, 0x89, 0x99, 0x9A, 0xBB, 0xBB, 0xBC, 0xCC, 0xCC, 0xCC, 0xBB, 0xBC, 0xCC, 0xCC, 
	0xCB, 0xBB, 0xBB, 0xBA, 0xAA, 0xBB, 0xBB, 0xBA, 0xAA, 0xBB, 0xBB, 0xCC, 0xCC, 0xCC, 0xCC, 
	0xBB, 0xBA, 0xBA, 0xAA, 0xA9, 0x88, 0x88, 0x87, 0x76, 0x66, 0x66, 0x66, 0x67, 0x66, 0x66, 
	0x67, 0x88, 0x89, 0x9A, 0xAA, 0xBB, 0xCD, 0xEE, 0xEE, 0xEE, 0xEE, 0xEE, 0xEF, 0xFF, 0xFE, 
	0xEE, 0xFF, 0xFF, 0xFF, 0xFF, 0xFF, 0xFF, 0xFF, 0xFF, 0xFF, 0xFF, 0xFF, 0xFF, 0xFF, 0xFF, 
	0xFF, 0xFF, 0xFF, 0xFF, 0xFF, 0xFF, 0xFF, 0xFF, 0xFF, 0xFE, 0xED, 0xCA, 0x87, 0x66, 0x54, 
	0x44, 0x43, 0x44, 0x44, 0x44, 0x44, 0x44, 0x44, 0x44, 0x44, 0x66, 0x43, 0x34, 0x55, 0x66, 
	0x78, 0x88, 0x86, 0x45, 0x56, 0x66, 0x66, 0x66, 0x66, 0x66, 0x66, 0x66, 0x77, 0x77, 0x78, 
	0x89, 0x88, 0x88, 0x89, 0x97, 0x77, 0x76, 0x67, 0x89, 0xAA, 0xAA, 0xAA, 0xAA, 0xAA, 0xAA, 
	0xBA, 0xAA, 0xBB, 0xBB, 0xBB, 0xBB, 0xBB, 0xBB, 0xBB, 0xBB, 0xBB, 0xBB, 0xBB, 0xBB, 0xBB, 
	0xBB, 0xBC, 0xCB, 0xA9, 0xAB, 0xBA, 0xBA, 0xBA, 0xAA, 0xAA, 0xAA, 0xAA, 0xAA, 0xAA, 0xAA, 
	0xAA, 0xAA, 0xAA, 0xAA, 0xAA, 0xAA, 0xAA, 0xAA, 0xAA, 0xAA, 0xAA, 0xAA, 0xAA, 0xAA, 0xAA, 
	0xAA, 0xAA, 0xAA, 0xAA, 0xAA, 0xAA, 0xAA, 0xAA, 0xAA, 0xBB, 0xBA, 0xAA, 0xAA, 0xAA, 0xAA, 
	0x00, 0x00, 0x00, 0x00, 0x00, 0x00, 0x00, 0x00, 0x00, 0x00, 0x00, 0x00, 0x00, 0x00, 0x00, 
	0x00, 0x00, 0x00, 0x00, 0x00, 0x00, 0x00, 0x00, 0x00, 0x00, 0x00, 0x00, 0x00, 0x00, 0x00, 
	0x00, 0x00, 0x00, 0x00, 0x00, 0x00, 0x00, 0x00, 0x00, 0x00, 0x00, 0x00, 0x00, 0x00, 0x00, 
	0x00, 0x00, 0x00, 0x00, 0x00, 0x00, 0x00, 0x00, 0x00, 0x00, 0x00, 0x00, 0x00, 0x00, 0x00, 
	0x00, 0x00, 0x00, 0x00, 0x00, 0x00, 0x00, 0x00, 0x00, 0x00, 0x00, 0x00, 0x00, 0x00, 0x00, 
	0x00, 0x00, 0x00, 0x00, 0x00, 0x00, 0x00, 0x00, 0x00, 0x00, 0x00, 0x00, 0x00, 0x00, 0x00, 
	0x12, 0x12, 0x22, 0x22, 0x23, 0x33, 0x46, 0x66, 0x65, 0x55, 0x55, 0x55, 0x55, 0x55, 0x56, 
	0x66, 0x67, 0x78, 0x99, 0x9A, 0xBB, 0xBB, 0xBB, 0xBB, 0xBB, 0xBB, 0xBB, 0xBB, 0xBC, 0xCC, 
	0xCC, 0xBC, 0xBB, 0xBB, 0xAA, 0xAA, 0xBB, 0xBB, 0xBB, 0xBB, 0xCC, 0xCC, 0xCC, 0xCC, 0xCB, 
	0xBA, 0xA9, 0x99, 0x88, 0x98, 0x88, 0x76, 0x65, 0x55, 0x55, 0x55, 0x55, 0x55, 0x55, 0x56, 
	0x55, 0x66, 0x77, 0x99, 0x9A, 0xAA, 0xBC, 0xDD, 0xEE, 0xEE, 0xEE, 0xEE, 0xEF, 0xFF, 0xFF, 
	0xFF, 0xFF, 0xFF, 0xFF, 0xFF, 0xFF, 0xFF, 0xFF, 0xFF, 0xFF, 0xFF, 0xFF, 0xFF, 0xFF, 0xFF, 
	0xFF, 0xFF, 0xFF, 0xFF, 0xFF, 0xFF, 0xFF, 0xFF, 0xFF, 0xFE, 0xEE, 0xDA, 0x87, 0x65, 0x44, 
	0x43, 0x44, 0x44, 0x44, 0x44, 0x44, 0x44, 0x44, 0x44, 0x43, 0x55, 0x33, 0x34, 0x45, 0x56, 
	0x77, 0x88, 0x87, 0x54, 0x57, 0x77, 0x77, 0x77, 0x77, 0x77, 0x76, 0x77, 0x77, 0x78, 0x89, 
	0x99, 0x98, 0x99, 0x99, 0x77, 0x98, 0x88, 0x77, 0x89, 0xAA, 0xAA, 0xAA, 0xAA, 0xAA, 0xAA, 
	0xAA, 0xAA, 0xBB, 0xBB, 0xBB, 0xBB, 0xBB, 0xBB, 0xBB, 0xBB, 0xBB, 0xBB, 0xBB, 0xBB, 0xBB, 
	0xBB, 0xBC, 0xCB, 0xA9, 0xAB, 0xBA, 0xBA, 0xBA, 0xAA, 0xAA, 0xAA, 0xAA, 0xAA, 0xAA, 0xAA, 
	0xAA, 0xAA, 0xAA, 0xAA, 0xAA, 0xAA, 0xAA, 0xAA, 0xAA, 0xAA, 0xA9, 0xAA, 0xAA, 0xAA, 0xAA, 
	0xAA, 0xAA, 0xAA, 0xAA, 0xAA, 0xAA, 0xAA, 0xAA, 0xAB, 0xBB, 0xAA, 0xAA, 0xAA, 0xAA, 0xAA, 
	0x00, 0x00, 0x00, 0x00, 0x00, 0x00, 0x00, 0x00, 0x00, 0x00, 0x00, 0x00, 0x00, 0x00, 0x00, 
	0x00, 0x00, 0x00, 0x00, 0x00, 0x00, 0x00, 0x00, 0x00, 0x00, 0x00, 0x00, 0x00, 0x00, 0x00, 
	0x00, 0x00, 0x00, 0x00, 0x00, 0x00, 0x00, 0x00, 0x00, 0x00, 0x00, 0x00, 0x00, 0x00, 0x00, 
	0x00, 0x00, 0x00, 0x00, 0x00, 0x00, 0x00, 0x00, 0x00, 0x00, 0x00, 0x00, 0x00, 0x00, 0x00, 
	0x00, 0x00, 0x00, 0x00, 0x00, 0x00, 0x00, 0x00, 0x00, 0x00, 0x00, 0x00, 0x00, 0x00, 0x00, 
	0x00, 0x00, 0x00, 0x00, 0x00, 0x00, 0x00, 0x00, 0x00, 0x00, 0x00, 0x00, 0x00, 0x00, 0x00, 
	0x11, 0x12, 0x22, 0x23, 0x22, 0x22, 0x45, 0x66, 0x66, 0x66, 0x55, 0x55, 0x55, 0x55, 0x55, 
	0x55, 0x67, 0x88, 0x88, 0x99, 0xAA, 0xAA, 0xAA, 0xBB, 0xBB, 0xBB, 0xBB, 0xBB, 0xBB, 0xBC, 
	0xCC, 0xBC, 0xBB, 0xBB, 0xBA, 0xAA, 0xBB, 0xBB, 0xBB, 0xBB, 0xCC, 0xCC, 0xDC, 0xBB, 0xBB, 
	0xAA, 0xA9, 0x98, 0x87, 0x77, 0x66, 0x65, 0x44, 0x44, 0x44, 0x44, 0x44, 0x45, 0x55, 0x55, 
	0x55, 0x56, 0x66, 0x78, 0x99, 0xAA, 0xAB, 0xCD, 0xEE, 0xEE, 0xEE, 0xEE, 0xEF, 0xFF, 0xFF, 
	0xFF, 0xFF, 0xFF, 0xFF, 0xFF, 0xFF, 0xFF, 0xFF, 0xFF, 0xFF, 0xFF, 0xFF, 0xFF, 0xFF, 0xFF, 
	0xFF, 0xFF, 0xFF, 0xFF, 0xFF, 0xFF, 0xFF, 0xFF, 0xFF, 0xFF, 0xEE, 0xDA, 0x87, 0x65, 0x44, 
	0x44, 0x44, 0x44, 0x44, 0x44, 0x44, 0x44, 0x44, 0x44, 0x44, 0x34, 0x34, 0x44, 0x45, 0x56, 
	0x67, 0x88, 0x88, 0x64, 0x57, 0x88, 0x88, 0x88, 0x99, 0x99, 0x88, 0x88, 0x77, 0x89, 0xAA, 
	0xAA, 0x99, 0xAA, 0x98, 0x99, 0xAA, 0x98, 0x88, 0x99, 0xAA, 0xAA, 0xAA, 0xAA, 0xAA, 0xAA, 
	0xAA, 0xAA, 0xBB, 0xBB, 0xBB, 0xBB, 0xBB, 0xBB, 0xBB, 0xBB, 0xBB, 0xBB, 0xBB, 0xBB, 0xBB, 
	0xBB, 0xBB, 0xBA, 0x99, 0xAB, 0xBA, 0xBA, 0xBA, 0xAA, 0xAA, 0xAA, 0xAA, 0xAA, 0xAA, 0xAA, 
	0xAA, 0xAA, 0xAA, 0xAA, 0xAA, 0xAA, 0xAA, 0xAA, 0xAA, 0xAA, 0xA9, 0xAA, 0xAA, 0xAA, 0xAA, 
	0xAA, 0xAA, 0xAA, 0xAA, 0xAA, 0xAA, 0xAA, 0xAA, 0xBB, 0xBA, 0xAA, 0xAA, 0xAA, 0xAA, 0xAA, 
	0x00, 0x00, 0x00, 0x00, 0x00, 0x00, 0x00, 0x00, 0x00, 0x00, 0x00, 0x00, 0x00, 0x00, 0x00, 
	0x00, 0x00, 0x00, 0x00, 0x00, 0x00, 0x00, 0x00, 0x00, 0x00, 0x00, 0x00, 0x00, 0x00, 0x00, 
	0x00, 0x00, 0x00, 0x00, 0x00, 0x00, 0x00, 0x00, 0x00, 0x00, 0x00, 0x00, 0x00, 0x00, 0x00, 
	0x00, 0x00, 0x00, 0x00, 0x00, 0x00, 0x00, 0x00, 0x00, 0x00, 0x00, 0x00, 0x00, 0x00, 0x00, 
	0x00, 0x00, 0x00, 0x00, 0x00, 0x00, 0x00, 0x00, 0x00, 0x00, 0x00, 0x00, 0x00, 0x00, 0x00, 
	0x00, 0x00, 0x00, 0x00, 0x00, 0x00, 0x00, 0x00, 0x00, 0x00, 0x00, 0x00, 0x00, 0x00, 0x00, 
	0x11, 0x12, 0x22, 0x32, 0x21, 0x12, 0x34, 0x66, 0x77, 0x76, 0x66, 0x66, 0x66, 0x66, 0x66, 
	0x67, 0x77, 0x88, 0x88, 0x8A, 0xA9, 0x9A, 0xAB, 0xBA, 0xAB, 0xBB, 0xBB, 0xBB, 0xBB, 0xBB, 
	0xBB, 0xBB, 0xBB, 0xBB, 0xBB, 0xBB, 0xAB, 0xBB, 0xBB, 0xBB, 0xBC, 0xCC, 0xCB, 0xBB, 0xAA, 
	0xAA, 0xA9, 0x98, 0x77, 0x65, 0x55, 0x44, 0x43, 0x33, 0x44, 0x44, 0x44, 0x44, 0x44, 0x55, 
	0x55, 0x55, 0x55, 0x57, 0x78, 0x99, 0xAA, 0xBC, 0xDE, 0xEE, 0xEE, 0xEE, 0xEF, 0xFF, 0xFF, 
	0xFF, 0xFF, 0xFF, 0xFF, 0xFF, 0xFF, 0xFF, 0xFF, 0xFF, 0xFF, 0xFF, 0xFF, 0xFF, 0xFF, 0xFF, 
	0xFF, 0xFF, 0xFF, 0xFF, 0xFF, 0xFF, 0xFF, 0xFF, 0xFF, 0xFF, 0xEE, 0xDB, 0x96, 0x65, 0x44, 
	0x44, 0x44, 0x44, 0x44, 0x44, 0x44, 0x44, 0x44, 0x44, 0x44, 0x34, 0x44, 0x44, 0x45, 0x56, 
	0x67, 0x78, 0x88, 0x74, 0x57, 0x89, 0x99, 0x99, 0xAB, 0xB9, 0x99, 0xAA, 0x99, 0xAA, 0xA9, 
	0xAB, 0xBB, 0xA9, 0x9A, 0xBA, 0x98, 0x99, 0x77, 0x89, 0x99, 0x99, 0x9A, 0xAA, 0xAA, 0xAA, 
	0xAA, 0xAA, 0xAB, 0xBB, 0xBB, 0xBB, 0xBB, 0xBB, 0xBB, 0xBB, 0xBB, 0xBB, 0xBB, 0xBB, 0xBB, 
	0xBB, 0xBB, 0xBA, 0x9A, 0xAA, 0xBB, 0xAA, 0xAA, 0xAA, 0xAA, 0xAA, 0xAA, 0xAA, 0xAA, 0xAA, 
	0xAA, 0xAA, 0xAA, 0xAA, 0xAA, 0xAA, 0xAA, 0xAA, 0xAA, 0xAA, 0x99, 0xAA, 0xAA, 0xAA, 0xAA, 
	0xAA, 0xAA, 0xAA, 0xAA, 0xAA, 0xAA, 0xAA, 0xAA, 0xBB, 0xBA, 0xAA, 0xAA, 0xAA, 0xAA, 0xAA, 
	0x00, 0x00, 0x00, 0x00, 0x00, 0x00, 0x00, 0x00, 0x00, 0x00, 0x00, 0x00, 0x00, 0x00, 0x00, 
	0x00, 0x00, 0x00, 0x00, 0x00, 0x00, 0x00, 0x00, 0x00, 0x00, 0x00, 0x00, 0x00, 0x00, 0x00, 
	0x00, 0x00, 0x00, 0x00, 0x00, 0x00, 0x00, 0x00, 0x00, 0x00, 0x00, 0x00, 0x00, 0x00, 0x00, 
	0x00, 0x00, 0x00, 0x00, 0x00, 0x00, 0x00, 0x00, 0x00, 0x00, 0x00, 0x00, 0x00, 0x00, 0x00, 
	0x00, 0x00, 0x00, 0x00, 0x00, 0x00, 0x00, 0x00, 0x00, 0x00, 0x00, 0x00, 0x00, 0x00, 0x00, 
	0x00, 0x00, 0x00, 0x00, 0x00, 0x00, 0x00, 0x00, 0x00, 0x00, 0x00, 0x00, 0x00, 0x00, 0x00, 
	0x11, 0x12, 0x23, 0x32, 0x11, 0x12, 0x34, 0x56, 0x77, 0x77, 0x77, 0x66, 0x76, 0x66, 0x77, 
	0x77, 0x88, 0x87, 0x79, 0xAA, 0x9A, 0xAA, 0xBB, 0xBA, 0xAB, 0xAA, 0xAB, 0xBB, 0xBB, 0xBB, 
	0xBB, 0xBB, 0xBB, 0xBB, 0xBB, 0xBB, 0xAB, 0xBB, 0xBB, 0xBB, 0xBB, 0xCC, 0xBC, 0xCC, 0xBA, 
	0xA9, 0x99, 0x87, 0x66, 0x55, 0x44, 0x43, 0x44, 0x43, 0x33, 0x34, 0x33, 0x33, 0x44, 0x44, 
	0x45, 0x44, 0x55, 0x46, 0x67, 0x89, 0x99, 0xAC, 0xDD, 0xEE, 0xEE, 0xEE, 0xFF, 0xFF, 0xFF, 
	0xFF, 0xFF, 0xFF, 0xFF, 0xFF, 0xFF, 0xFF, 0xFF, 0xFF, 0xFF, 0xFF, 0xFF, 0xFF, 0xFF, 0xFF, 
	0xFF, 0xFF, 0xFF, 0xFF, 0xFF, 0xFF, 0xFF, 0xFF, 0xFF, 0xFF, 0xFE, 0xDC, 0x96, 0x65, 0x44, 
	0x44, 0x44, 0x44, 0x44, 0x44, 0x45, 0x44, 0x54, 0x44, 0x44, 0x43, 0x44, 0x44, 0x44, 0x56, 
	0x67, 0x78, 0x88, 0x85, 0x46, 0x89, 0x9A, 0xAA, 0xBB, 0xBB, 0xBB, 0xBA, 0xAA, 0xAA, 0xAA, 
	0xBB, 0xBA, 0xAA, 0xAB, 0xBA, 0x89, 0x98, 0x78, 0x88, 0x88, 0x88, 0x89, 0x99, 0x99, 0x9A, 
	0xA9, 0xAA, 0xAA, 0xAA, 0xBB, 0xBB, 0xBB, 0xBB, 0xBB, 0xBB, 0xBB, 0xBB, 0xBB, 0xBB, 0xBB, 
	0xBB, 0xCB, 0xB9, 0x9A, 0xBA, 0xAA, 0xAA, 0xAA, 0xAA, 0xAA, 0xAA, 0xAA, 0xAA, 0xAA, 0xAA, 
	0xAA, 0xAA, 0xAA, 0xAA, 0xAA, 0xAA, 0xAA, 0xAA, 0xAA, 0xAA, 0x99, 0x9A, 0xAA, 0xAA, 0xAA, 
	0xAA, 0xAA, 0xAA, 0xAA, 0xAA, 0xAA, 0xAA, 0xAA, 0xAA, 0xAA, 0xAA, 0xAA, 0xAA, 0xAA, 0xAA, 
	0x00, 0x00, 0x00, 0x00, 0x00, 0x00, 0x00, 0x00, 0x00, 0x00, 0x00, 0x00, 0x00, 0x00, 0x00, 
	0x00, 0x00, 0x00, 0x00, 0x00, 0x00, 0x00, 0x00, 0x00, 0x00, 0x00, 0x00, 0x00, 0x00, 0x00, 
	0x00, 0x00, 0x00, 0x00, 0x00, 0x00, 0x00, 0x00, 0x00, 0x00, 0x00, 0x00, 0x00, 0x00, 0x00, 
	0x00, 0x00, 0x00, 0x00, 0x00, 0x00, 0x00, 0x00, 0x00, 0x00, 0x00, 0x00, 0x00, 0x00, 0x00, 
	0x00, 0x00, 0x00, 0x00, 0x00, 0x00, 0x00, 0x00, 0x00, 0x00, 0x00, 0x00, 0x00, 0x00, 0x00, 
	0x00, 0x00, 0x00, 0x00, 0x00, 0x00, 0x00, 0x00, 0x00, 0x00, 0x00, 0x00, 0x00, 0x00, 0x00, 
	0x11, 0x23, 0x33, 0x32, 0x11, 0x11, 0x23, 0x56, 0x77, 0x77, 0x77, 0x66, 0x77, 0x77, 0x77, 
	0x67, 0x88, 0x77, 0x8A, 0x99, 0x9A, 0xAA, 0xAA, 0xBA, 0xAA, 0xAA, 0xAA, 0xAB, 0xBB, 0xBB, 
	0xBB, 0xBB, 0xBB, 0xCC, 0xCB, 0xBB, 0xAB, 0xBA, 0xBB, 0xBC, 0xBB, 0xCC, 0xCC, 0xBB, 0xA9, 
	0x98, 0x77, 0x76, 0x55, 0x44, 0x43, 0x33, 0x33, 0x33, 0x33, 0x33, 0x33, 0x33, 0x33, 0x33, 
	0x34, 0x44, 0x45, 0x55, 0x56, 0x78, 0x99, 0x9A, 0xCD, 0xDE, 0xEE, 0xEE, 0xEF, 0xFF, 0xFF, 
	0xFF, 0xFF, 0xFF, 0xFF, 0xFF, 0xFF, 0xFF, 0xFF, 0xFF, 0xFF, 0xFF, 0xFF, 0xFF, 0xFF, 0xFF, 
	0xFF, 0xFF, 0xFF, 0xFF, 0xFF, 0xFF, 0xFF, 0xFF, 0xFF, 0xFF, 0xFE, 0xED, 0xA6, 0x65, 0x44, 
	0x44, 0x44, 0x44, 0x45, 0x58, 0x86, 0x54, 0x44, 0x44, 0x44, 0x44, 0x44, 0x43, 0x44, 0x55, 
	0x67, 0x88, 0x88, 0x86, 0x45, 0x79, 0xAA, 0xBB, 0xBC, 0xCC, 0xBB, 0xBB, 0xBC, 0xCB, 0xBB, 
	0xBB, 0xAA, 0xAA, 0xBB, 0xA9, 0x99, 0x98, 0x88, 0x88, 0x98, 0x88, 0x88, 0x88, 0x88, 0x99, 
	0x99, 0x99, 0x99, 0x9A, 0xAB, 0xBB, 0xBB, 0xBB, 0xBB, 0xBB, 0xBB, 0xBB, 0xBC, 0xCB, 0xBB, 
	0xBB, 0xCB, 0xA9, 0xAA, 0xAB, 0xAB, 0xAA, 0xAA, 0xAA, 0xAA, 0xAA, 0xAA, 0xAA, 0xAA, 0xAA, 
	0xAA, 0xAA, 0xAA, 0xAA, 0xAA, 0xAA, 0xAA, 0xAA, 0xAA, 0xA9, 0x99, 0x99, 0xAA, 0xAA, 0xAA, 
	0xAA, 0x9A, 0xAA, 0xAA, 0xAA, 0xAA, 0xAA, 0xAA, 0xBB, 0xAA, 0xAA, 0xAA, 0xAA, 0xAA, 0xAA, 
	0x00, 0x00, 0x00, 0x00, 0x00, 0x00, 0x00, 0x00, 0x00, 0x00, 0x00, 0x00, 0x00, 0x00, 0x00, 
	0x00, 0x00, 0x00, 0x00, 0x00, 0x00, 0x00, 0x00, 0x00, 0x00, 0x00, 0x00, 0x00, 0x00, 0x00, 
	0x00, 0x00, 0x00, 0x00, 0x00, 0x00, 0x00, 0x00, 0x00, 0x00, 0x00, 0x00, 0x00, 0x00, 0x00, 
	0x00, 0x00, 0x00, 0x00, 0x00, 0x00, 0x00, 0x00, 0x00, 0x00, 0x00, 0x00, 0x00, 0x00, 0x00, 
	0x00, 0x00, 0x00, 0x00, 0x00, 0x00, 0x00, 0x00, 0x00, 0x00, 0x00, 0x00, 0x00, 0x00, 0x00, 
	0x00, 0x00, 0x00, 0x00, 0x00, 0x00, 0x00, 0x00, 0x00, 0x00, 0x00, 0x00, 0x00, 0x00, 0x00, 
	0x12, 0x24, 0x44, 0x22, 0x11, 0x11, 0x23, 0x45, 0x67, 0x77, 0x77, 0x77, 0x66, 0x67, 0x77, 
	0x77, 0x77, 0x78, 0x98, 0x99, 0xAA, 0xAA, 0xAA, 0xAA, 0xAA, 0xAA, 0xAA, 0xBB, 0xBB, 0xBB, 
	0xBB, 0xBC, 0xCC, 0xCC, 0xBB, 0xBB, 0xAA, 0xBB, 0xBB, 0xBB, 0xBB, 0xBB, 0xBB, 0xA9, 0x98, 
	0x87, 0x77, 0x65, 0x44, 0x43, 0x33, 0x33, 0x33, 0x33, 0x33, 0x33, 0x33, 0x33, 0x33, 0x33, 
	0x33, 0x34, 0x44, 0x45, 0x55, 0x67, 0x88, 0x9A, 0xBD, 0xDE, 0xEE, 0xEE, 0xEF, 0xFF, 0xFF, 
	0xFF, 0xFF, 0xFF, 0xFF, 0xFF, 0xFF, 0xFF, 0xFF, 0xFF, 0xFF, 0xFF, 0xFF, 0xFF, 0xFF, 0xFF, 
	0xFF, 0xFF, 0xFF, 0xFF, 0xFF, 0xFF, 0xFF, 0xFF, 0xFF, 0xFF, 0xFE, 0xED, 0xA7, 0x65, 0x44, 
	0x44, 0x44, 0x44, 0x44, 0x7F, 0xFC, 0x55, 0x54, 0x44, 0x43, 0x33, 0x44, 0x43, 0x44, 0x45, 
	0x67, 0x77, 0x88, 0x87, 0x45, 0x79, 0xAA, 0xAB, 0xCC, 0xCC, 0xCC, 0xCC, 0xCC, 0xCB, 0xCC, 
	0xBB, 0xBA, 0xAB, 0xBA, 0x99, 0x9A, 0x98, 0x89, 0x99, 0x99, 0x99, 0x99, 0x99, 0x99, 0x99, 
	0x99, 0x99, 0x99, 0x99, 0xAA, 0xBB, 0xBB, 0xBB, 0xBB, 0xBB, 0xBB, 0xBB, 0xBB, 0xBB, 0xBB, 
	0xBB, 0xBB, 0xA9, 0xAA, 0xAB, 0xAB, 0xAA, 0xAA, 0xAA, 0xAA, 0xAA, 0xAA, 0xAA, 0xAA, 0xAA, 
	0xAA, 0xAA, 0xAA, 0xAA, 0xAA, 0xAA, 0xAA, 0xAA, 0xAA, 0x99, 0x99, 0x99, 0xAA, 0xAA, 0xAA, 
	0xAA, 0xAA, 0xAA, 0xAA, 0xAA, 0xAA, 0xAA, 0xAA, 0xAA, 0xAA, 0xAA, 0xAA, 0xAA, 0xAA, 0xAA, 
	0x00, 0x00, 0x00, 0x00, 0x00, 0x00, 0x00, 0x00, 0x00, 0x00, 0x00, 0x00, 0x00, 0x00, 0x00, 
	0x00, 0x00, 0x00, 0x00, 0x00, 0x00, 0x00, 0x00, 0x00, 0x00, 0x00, 0x00, 0x00, 0x00, 0x00, 
	0x00, 0x00, 0x00, 0x00, 0x00, 0x00, 0x00, 0x00, 0x00, 0x00, 0x00, 0x00, 0x00, 0x00, 0x00, 
	0x00, 0x00, 0x00, 0x00, 0x00, 0x00, 0x00, 0x00, 0x00, 0x00, 0x00, 0x00, 0x00, 0x00, 0x00, 
	0x00, 0x00, 0x00, 0x00, 0x00, 0x00, 0x00, 0x00, 0x00, 0x00, 0x00, 0x00, 0x00, 0x00, 0x00, 
	0x00, 0x00, 0x00, 0x00, 0x00, 0x00, 0x00, 0x00, 0x00, 0x00, 0x00, 0x00, 0x00, 0x00, 0x00, 
	0x23, 0x44, 0x43, 0x21, 0x11, 0x11, 0x22, 0x34, 0x67, 0x77, 0x77, 0x77, 0x66, 0x66, 0x77, 
	0x77, 0x77, 0x88, 0x88, 0x99, 0x99, 0x99, 0xAA, 0xAA, 0xAA, 0xAA, 0xAA, 0xAA, 0xAA, 0xBB, 
	0xBB, 0xBB, 0xBB, 0xBB, 0xBB, 0xBA, 0xAA, 0xBB, 0xBB, 0xBB, 0xBB, 0xBB, 0xAA, 0x99, 0x87, 
	0x77, 0x66, 0x54, 0x43, 0x33, 0x33, 0x33, 0x33, 0x33, 0x33, 0x33, 0x33, 0x33, 0x33, 0x33, 
	0x33, 0x33, 0x33, 0x45, 0x55, 0x56, 0x78, 0x89, 0xAC, 0xDD, 0xEE, 0xEE, 0xEF, 0xFF, 0xFF, 
	0xFF, 0xFF, 0xFF, 0xFF, 0xFF, 0xFF, 0xFF, 0xFF, 0xFF, 0xFF, 0xFF, 0xFF, 0xFF, 0xFF, 0xFF, 
	0xFF, 0xFF, 0xFF, 0xFF, 0xFF, 0xFF, 0xFF, 0xFF, 0xFF, 0xFF, 0xFF, 0xED, 0xB7, 0x65, 0x44, 
	0x44, 0x54, 0x44, 0x44, 0x8E, 0xD9, 0x55, 0x44, 0x44, 0x44, 0x33, 0x44, 0x43, 0x34, 0x45, 
	0x67, 0x78, 0x87, 0x87, 0x44, 0x68, 0x9A, 0xBB, 0xCC, 0xDC, 0xCC, 0xCC, 0xCB, 0xBB, 0xBB, 
	0xBA, 0xBB, 0xBB, 0xA9, 0x9B, 0xBA, 0xAA, 0x99, 0x99, 0xAA, 0xAA, 0xAA, 0xAA, 0xAA, 0xAA, 
	0xAA, 0xAA, 0xAA, 0xAA, 0xAB, 0xBB, 0xBB, 0xBB, 0xBB, 0xBB, 0xBB, 0xBB, 0xBB, 0xBB, 0xBB, 
	0xBB, 0xBB, 0xA9, 0xAB, 0xAA, 0xAA, 0xAA, 0xAA, 0xAA, 0xAA, 0xAA, 0xAA, 0xAA, 0xAA, 0xAA, 
	0xAA, 0xAA, 0xAA, 0xAA, 0xAA, 0xAA, 0xAA, 0xAA, 0xAA, 0x99, 0x99, 0x99, 0xAA, 0xA9, 0xAA, 
	0xAA, 0xAA, 0xAA, 0xAA, 0xAA, 0xAA, 0xAA, 0xAA, 0xAA, 0xAA, 0xAA, 0xAA, 0xAA, 0xAA, 0xAA, 
	0x00, 0x00, 0x00, 0x00, 0x00, 0x00, 0x00, 0x00, 0x00, 0x00, 0x00, 0x00, 0x00, 0x00, 0x00, 
	0x00, 0x00, 0x00, 0x00, 0x00, 0x00, 0x00, 0x00, 0x00, 0x00, 0x00, 0x00, 0x00, 0x00, 0x00, 
	0x00, 0x00, 0x00, 0x00, 0x00, 0x00, 0x00, 0x00, 0x00, 0x00, 0x00, 0x00, 0x00, 0x00, 0x00, 
	0x00, 0x00, 0x00, 0x00, 0x00, 0x00, 0x00, 0x00, 0x00, 0x00, 0x00, 0x00, 0x00, 0x00, 0x00, 
	0x00, 0x00, 0x00, 0x00, 0x00, 0x00, 0x00, 0x00, 0x00, 0x00, 0x00, 0x00, 0x00, 0x00, 0x00, 
	0x00, 0x00, 0x00, 0x00, 0x00, 0x00, 0x00, 0x00, 0x00, 0x00, 0x00, 0x00, 0x00, 0x00, 0x00, 
	0x34, 0x44, 0x22, 0x11, 0x11, 0x11, 0x12, 0x34, 0x56, 0x77, 0x77, 0x76, 0x66, 0x67, 0x77, 
	0x77, 0x78, 0x88, 0x89, 0x99, 0x99, 0xAA, 0xAA, 0xAA, 0xAA, 0xAA, 0xAA, 0xAA, 0xAA, 0xBB, 
	0xBB, 0xBB, 0xBB, 0xBB, 0xBB, 0xAA, 0xAB, 0xBB, 0xBB, 0xBB, 0xAA, 0xBB, 0xBA, 0x99, 0x88, 
	0x77, 0x65, 0x44, 0x33, 0x33, 0x33, 0x33, 0x33, 0x33, 0x22, 0x33, 0x33, 0x33, 0x33, 0x33, 
	0x33, 0x33, 0x33, 0x34, 0x45, 0x56, 0x67, 0x78, 0x9B, 0xDD, 0xEE, 0xEE, 0xEE, 0xFF, 0xFF, 
	0xFF, 0xFF, 0xFF, 0xFF, 0xFF, 0xFF, 0xFF, 0xFF, 0xFF, 0xFF, 0xFF, 0xFF, 0xFF, 0xFF, 0xFF, 
	0xFF, 0xFF, 0xFF, 0xFF, 0xFF, 0xFF, 0xFF, 0xFF, 0xFF, 0xFF, 0xFF, 0xEE, 0xB8, 0x65, 0x44, 
	0x44, 0x44, 0x44, 0x44, 0x56, 0x54, 0x54, 0x44, 0x44, 0x44, 0x44, 0x44, 0x43, 0x34, 0x55, 
	0x66, 0x78, 0x87, 0x87, 0x44, 0x67, 0x9A, 0xBC, 0xCC, 0xDC, 0xCC, 0xCC, 0xCC, 0xBB, 0xBB, 
	0xAB, 0xBB, 0xBA, 0xA9, 0xAB, 0xBB, 0xA9, 0x88, 0x9A, 0xBB, 0xBB, 0xBB, 0xBB, 0xBB, 0xBB, 
	0xBB, 0xBB, 0xBB, 0xBB, 0xBC, 0xCC, 0xBB, 0xBB, 0xBB, 0xBB, 0xBB, 0xBB, 0xBB, 0xBB, 0xBB, 
	0xBB, 0xBA, 0x99, 0xAA, 0xAA, 0xAA, 0xAA, 0xAA, 0xAA, 0xAA, 0xAA, 0xAA, 0xAA, 0xAA, 0xAA, 
	0xAA, 0xAA, 0xAA, 0xAA, 0xAA, 0xAA, 0xAA, 0xAA, 0xAA, 0x99, 0x99, 0x99, 0xAA, 0x99, 0x9A, 
	0x99, 0xAA, 0xAA, 0xAA, 0xAA, 0xAA, 0xAA, 0xAA, 0xAA, 0xAA, 0xAA, 0xAA, 0xAA, 0xAA, 0xAA, 
	0x00, 0x00, 0x00, 0x00, 0x00, 0x00, 0x00, 0x00, 0x00, 0x00, 0x00, 0x00, 0x00, 0x00, 0x00, 
	0x00, 0x00, 0x00, 0x00, 0x00, 0x00, 0x00, 0x00, 0x00, 0x00, 0x00, 0x00, 0x00, 0x00, 0x00, 
	0x00, 0x00, 0x00, 0x00, 0x00, 0x00, 0x00, 0x00, 0x00, 0x00, 0x00, 0x00, 0x00, 0x00, 0x00, 
	0x00, 0x00, 0x00, 0x00, 0x00, 0x00, 0x00, 0x00, 0x00, 0x00, 0x00, 0x00, 0x00, 0x00, 0x00, 
	0x00, 0x00, 0x00, 0x00, 0x00, 0x00, 0x00, 0x00, 0x00, 0x00, 0x00, 0x00, 0x00, 0x00, 0x00, 
	0x00, 0x00, 0x00, 0x00, 0x00, 0x00, 0x00, 0x00, 0x00, 0x00, 0x00, 0x00, 0x00, 0x00, 0x00, 
	0x34, 0x32, 0x21, 0x11, 0x11, 0x11, 0x11, 0x23, 0x56, 0x67, 0x77, 0x66, 0x66, 0x67, 0x77, 
	0x77, 0x77, 0x88, 0x99, 0x99, 0x9A, 0xA9, 0x9A, 0xAA, 0xAA, 0xAA, 0xAA, 0xAA, 0xAA, 0xBA, 
	0xAA, 0xBB, 0xBB, 0xBB, 0xBB, 0xBB, 0xBB, 0xBB, 0xBB, 0xBB, 0xBB, 0xBB, 0xAA, 0x88, 0x88, 
	0x76, 0x55, 0x44, 0x33, 0x33, 0x33, 0x33, 0x33, 0x33, 0x33, 0x33, 0x23, 0x33, 0x33, 0x33, 
	0x33, 0x33, 0x33, 0x33, 0x44, 0x55, 0x66, 0x77, 0x8B, 0xCD, 0xDE, 0xEE, 0xEE, 0xFF, 0xFF, 
	0xFF, 0xFF, 0xFF, 0xFF, 0xFF, 0xFF, 0xFF, 0xFF, 0xFF, 0xFF, 0xFF, 0xFF, 0xFF, 0xFF, 0xFF, 
	0xFF, 0xFF, 0xFF, 0xFF, 0xFF, 0xFF, 0xFF, 0xEE, 0xFF, 0xFF, 0xFF, 0xEE, 0xC9, 0x75, 0x44, 
	0x44, 0x44, 0x44, 0x44, 0x44, 0x45, 0x54, 0x44, 0x44, 0x43, 0x44, 0x44, 0x44, 0x44, 0x55, 
	0x66, 0x77, 0x88, 0x87, 0x45, 0x67, 0x9A, 0xBC, 0xCC, 0xDC, 0xCC, 0xCC, 0xCC, 0xBA, 0xAA, 
	0xAA, 0xA9, 0xAB, 0xBB, 0xBB, 0xBA, 0x98, 0x89, 0x99, 0xAA, 0xBB, 0xBC, 0xCC, 0xCC, 0xCC, 
	0xCC, 0xCC, 0xCC, 0xCC, 0xCD, 0xDD, 0xCB, 0xBB, 0xBB, 0xBB, 0xBB, 0xBB, 0xBB, 0xBB, 0xAB, 
	0xBB, 0xBA, 0x99, 0xAA, 0xAA, 0xAA, 0xAA, 0xAA, 0xAA, 0xAA, 0xAA, 0xAA, 0xAA, 0xAA, 0xAA, 
	0xAA, 0xAA, 0xAA, 0xA9, 0xAA, 0xAA, 0xAA, 0xAA, 0xA9, 0x99, 0x99, 0x99, 0xAA, 0x99, 0x99, 
	0x99, 0xAA, 0xAA, 0xAA, 0xAA, 0xAA, 0xAA, 0xAB, 0xAA, 0xAA, 0xAA, 0xAA, 0xAA, 0xAA, 0xAA, 
	0x00, 0x00, 0x00, 0x00, 0x00, 0x00, 0x00, 0x00, 0x00, 0x00, 0x00, 0x00, 0x00, 0x00, 0x00, 
	0x00, 0x00, 0x00, 0x00, 0x00, 0x00, 0x00, 0x00, 0x00, 0x00, 0x00, 0x00, 0x00, 0x00, 0x00, 
	0x00, 0x00, 0x00, 0x00, 0x00, 0x00, 0x00, 0x00, 0x00, 0x00, 0x00, 0x00, 0x00, 0x00, 0x00, 
	0x00, 0x00, 0x00, 0x00, 0x00, 0x00, 0x00, 0x00, 0x00, 0x00, 0x00, 0x00, 0x00, 0x00, 0x00, 
	0x00, 0x00, 0x00, 0x00, 0x00, 0x00, 0x00, 0x00, 0x00, 0x00, 0x00, 0x00, 0x00, 0x00, 0x00, 
	0x00, 0x00, 0x00, 0x00, 0x00, 0x00, 0x00, 0x00, 0x00, 0x00, 0x00, 0x00, 0x00, 0x00, 0x00, 
	0x34, 0x31, 0x11, 0x11, 0x11, 0x11, 0x11, 0x22, 0x45, 0x67, 0x77, 0x66, 0x66, 0x66, 0x66, 
	0x67, 0x77, 0x78, 0x99, 0x99, 0xAA, 0x99, 0x9A, 0x9A, 0xAA, 0xAA, 0xAA, 0xAA, 0xAA, 0xBB, 
	0xBB, 0xBB, 0xBB, 0xBB, 0xBB, 0xBB, 0xCC, 0xBB, 0xBB, 0xBB, 0xBB, 0xAA, 0xA9, 0x88, 0x77, 
	0x66, 0x54, 0x33, 0x33, 0x33, 0x33, 0x33, 0x33, 0x33, 0x33, 0x33, 0x34, 0x43, 0x33, 0x33, 
	0x33, 0x33, 0x33, 0x33, 0x33, 0x45, 0x56, 0x67, 0x8A, 0xCD, 0xDD, 0xEE, 0xEE, 0xFF, 0xFF, 
	0xFF, 0xFF, 0xFF, 0xFF, 0xFF, 0xFF, 0xFF, 0xFF, 0xFF, 0xFF, 0xFF, 0xFF, 0xFF, 0xFF, 0xFF, 
	0xFF, 0xFF, 0xFF, 0xFF, 0xFF, 0xFF, 0xEE, 0xEE, 0xFF, 0xFF, 0xFF, 0xEE, 0xDB, 0x85, 0x45, 
	0x44, 0x44, 0x44, 0x34, 0x44, 0x45, 0x44, 0x44, 0x44, 0x43, 0x44, 0x44, 0x33, 0x34, 0x55, 
	0x66, 0x77, 0x88, 0x86, 0x55, 0x67, 0x9A, 0xBC, 0xCC, 0xDC, 0xCC, 0xCC, 0xCC, 0xBA, 0xAA, 
	0xB9, 0x9A, 0xBB, 0xBA, 0xBA, 0xA9, 0xAA, 0xA9, 0x99, 0x9A, 0xBB, 0xBB, 0xBC, 0xCC, 0xCC, 
	0xDD, 0xDD, 0xDD, 0xDD, 0xDD, 0xDD, 0xCC, 0xBB, 0xBB, 0xBB, 0xBB, 0xBB, 0xBB, 0xBB, 0xAB, 
	0xBB, 0xA9, 0x9A, 0xAA, 0xAA, 0xAA, 0xAA, 0xAA, 0xAA, 0xAA, 0xAA, 0xAA, 0xAA, 0xAA, 0xAA, 
	0xAA, 0xAA, 0xAA, 0xA9, 0x9A, 0xAA, 0xAA, 0xAA, 0xA9, 0x99, 0x99, 0x99, 0x99, 0x99, 0x99, 
	0x99, 0xAA, 0xAA, 0xAA, 0xAA, 0xAA, 0xAA, 0xBB, 0xAA, 0xAA, 0xAA, 0xAA, 0xAA, 0xAA, 0xAA, 
	0x00, 0x00, 0x00, 0x00, 0x00, 0x00, 0x00, 0x00, 0x00, 0x00, 0x00, 0x00, 0x00, 0x00, 0x00, 
	0x00, 0x00, 0x00, 0x00, 0x00, 0x00, 0x00, 0x00, 0x00, 0x00, 0x00, 0x00, 0x00, 0x00, 0x00, 
	0x00, 0x00, 0x00, 0x00, 0x00, 0x00, 0x00, 0x00, 0x00, 0x00, 0x00, 0x00, 0x00, 0x00, 0x00, 
	0x00, 0x00, 0x00, 0x00, 0x00, 0x00, 0x00, 0x00, 0x00, 0x00, 0x00, 0x00, 0x00, 0x00, 0x00, 
	0x00, 0x00, 0x00, 0x00, 0x00, 0x00, 0x00, 0x00, 0x00, 0x00, 0x00, 0x00, 0x00, 0x00, 0x00, 
	0x00, 0x00, 0x00, 0x00, 0x00, 0x00, 0x00, 0x00, 0x00, 0x00, 0x00, 0x00, 0x00, 0x00, 0x00, 
	0x33, 0x21, 0x11, 0x11, 0x11, 0x11, 0x11, 0x12, 0x35, 0x66, 0x66, 0x55, 0x55, 0x56, 0x66, 
	0x66, 0x67, 0x88, 0x99, 0x99, 0xAA, 0x99, 0x99, 0x9A, 0xAA, 0xAA, 0xAA, 0xAA, 0xAA, 0xBB, 
	0xBB, 0xBB, 0xBB, 0xBB, 0xBB, 0xBB, 0xBB, 0xBB, 0xBB, 0xBB, 0xBA, 0xAA, 0xA9, 0x88, 0x66, 
	0x65, 0x44, 0x33, 0x33, 0x33, 0x33, 0x33, 0x33, 0x33, 0x33, 0x23, 0x44, 0x44, 0x43, 0x33, 
	0x33, 0x33, 0x33, 0x33, 0x33, 0x44, 0x55, 0x66, 0x79, 0xBC, 0xDD, 0xDE, 0xEE, 0xFF, 0xFF, 
	0xFF, 0xFF, 0xFF, 0xFF, 0xFF, 0xFF, 0xFF, 0xFF, 0xFF, 0xFF, 0xFF, 0xFF, 0xFF, 0xFF, 0xFF, 
	0xFF, 0xFF, 0xFF, 0xFF, 0xFF, 0xFF, 0xEE, 0xEE, 0xEE, 0xEE, 0xEF, 0xEE, 0xEC, 0x96, 0x55, 
	0x55, 0x44, 0x44, 0x44, 0x44, 0x55, 0x43, 0x44, 0x44, 0x44, 0x44, 0x33, 0x33, 0x44, 0x55, 
	0x66, 0x77, 0x88, 0x75, 0x56, 0x78, 0x9A, 0xBC, 0xCC, 0xCC, 0xCC, 0xCC, 0xBB, 0xBA, 0xAB, 
	0xAA, 0xAB, 0xBA, 0xAA, 0xAA, 0xAA, 0xBB, 0xA9, 0x89, 0x9A, 0xAA, 0xAA, 0xAB, 0xBC, 0xCC, 
	0xCC, 0xCD, 0xDD, 0xDD, 0xDD, 0xDD, 0xCB, 0xBB, 0xBB, 0xBB, 0xBB, 0xBB, 0xBB, 0xBA, 0xAB, 
	0xBB, 0xA9, 0x9A, 0xAA, 0xAA, 0xBA, 0xAA, 0xAA, 0xAA, 0xAA, 0xAA, 0xAA, 0xAA, 0xAA, 0xAA, 
	0xAA, 0x9A, 0xAA, 0x99, 0x9A, 0xAA, 0xAA, 0xAA, 0x99, 0x99, 0x99, 0x99, 0x99, 0x99, 0x99, 
	0x9A, 0xAA, 0xAA, 0xAA, 0xAA, 0xAA, 0xAA, 0xAA, 0xAA, 0xAA, 0xAA, 0xAA, 0xAA, 0xAA, 0xAA, 
	0x00, 0x00, 0x00, 0x00, 0x00, 0x00, 0x00, 0x00, 0x00, 0x00, 0x00, 0x00, 0x00, 0x00, 0x00, 
	0x00, 0x00, 0x00, 0x00, 0x00, 0x00, 0x00, 0x00, 0x00, 0x00, 0x00, 0x00, 0x00, 0x00, 0x00, 
	0x00, 0x00, 0x00, 0x00, 0x00, 0x00, 0x00, 0x00, 0x00, 0x00, 0x00, 0x00, 0x00, 0x00, 0x00, 
	0x00, 0x00, 0x00, 0x00, 0x00, 0x00, 0x00, 0x00, 0x00, 0x00, 0x00, 0x00, 0x00, 0x00, 0x00, 
	0x00, 0x00, 0x00, 0x00, 0x00, 0x00, 0x00, 0x00, 0x00, 0x00, 0x00, 0x00, 0x00, 0x00, 0x00, 
	0x00, 0x00, 0x00, 0x00, 0x00, 0x00, 0x00, 0x00, 0x00, 0x00, 0x00, 0x00, 0x00, 0x00, 0x00, 
	0x32, 0x11, 0x11, 0x11, 0x11, 0x11, 0x11, 0x12, 0x34, 0x56, 0x55, 0x33, 0x34, 0x45, 0x55, 
	0x55, 0x56, 0x88, 0x88, 0x99, 0xAA, 0x99, 0x99, 0xAA, 0xAA, 0xAA, 0xAA, 0xAA, 0xAA, 0xAA, 
	0xAB, 0xBB, 0xBB, 0xBB, 0xBB, 0xBB, 0xBB, 0xBB, 0xBB, 0xBB, 0xBA, 0xA9, 0x98, 0x77, 0x66, 
	0x54, 0x33, 0x33, 0x33, 0x33, 0x33, 0x33, 0x33, 0x33, 0x33, 0x33, 0x59, 0x97, 0x43, 0x33, 
	0x33, 0x33, 0x33, 0x33, 0x33, 0x34, 0x45, 0x66, 0x79, 0xBC, 0xCD, 0xDE, 0xEE, 0xEF, 0xFF, 
	0xFF, 0xFF, 0xFF, 0xFF, 0xFF, 0xFF, 0xFF, 0xFF, 0xFF, 0xFF, 0xFF, 0xFF, 0xFF, 0xFF, 0xFF, 
	0xFF, 0xFF, 0xFF, 0xFF, 0xFF, 0xFF, 0xFE, 0xEE, 0xEE, 0xEE, 0xEE, 0xEE, 0xED, 0xA7, 0x66, 
	0x56, 0x54, 0x44, 0x44, 0x45, 0x54, 0x44, 0x44, 0x34, 0x44, 0x33, 0x34, 0x44, 0x44, 0x55, 
	0x66, 0x78, 0x87, 0x65, 0x56, 0x79, 0xAB, 0xBC, 0xCC, 0xCB, 0xBC, 0xBB, 0xAA, 0xAA, 0xBB, 
	0xBB, 0xBA, 0xBA, 0xAA, 0xAA, 0xBB, 0xAA, 0x99, 0x99, 0x99, 0x99, 0x9A, 0xAA, 0xAA, 0xAA, 
	0xBB, 0xBB, 0xCC, 0xCC, 0xCC, 0xCC, 0xBB, 0xBB, 0xBB, 0xBB, 0xBB, 0xBB, 0xBB, 0xAA, 0xBB, 
	0xBB, 0xA9, 0x9A, 0xAA, 0xAA, 0xAA, 0xAA, 0xAA, 0xAA, 0xAA, 0xAA, 0xAA, 0xAA, 0xAA, 0xAA, 
	0xA9, 0x99, 0x9A, 0x99, 0x9A, 0xAA, 0xAA, 0xAA, 0x99, 0x9A, 0xA9, 0x99, 0x99, 0x99, 0x99, 
	0xAA, 0xAA, 0xAA, 0xAA, 0xAA, 0xAA, 0xAA, 0xAA, 0xAA, 0xAA, 0xAA, 0xAA, 0xAA, 0xAA, 0xAA, 
	0x00, 0x00, 0x00, 0x00, 0x00, 0x00, 0x00, 0x00, 0x00, 0x00, 0x00, 0x00, 0x00, 0x00, 0x00, 
	0x00, 0x00, 0x00, 0x00, 0x00, 0x00, 0x00, 0x00, 0x00, 0x00, 0x00, 0x00, 0x00, 0x00, 0x00, 
	0x00, 0x00, 0x00, 0x00, 0x00, 0x00, 0x00, 0x00, 0x00, 0x00, 0x00, 0x00, 0x00, 0x00, 0x00, 
	0x00, 0x00, 0x00, 0x00, 0x00, 0x00, 0x00, 0x00, 0x00, 0x00, 0x00, 0x00, 0x00, 0x00, 0x00, 
	0x00, 0x00, 0x00, 0x00, 0x00, 0x00, 0x00, 0x00, 0x00, 0x00, 0x00, 0x00, 0x00, 0x00, 0x00, 
	0x00, 0x00, 0x00, 0x00, 0x00, 0x00, 0x00, 0x00, 0x00, 0x00, 0x00, 0x00, 0x00, 0x00, 0x00, 
	0x11, 0x11, 0x11, 0x11, 0x11, 0x11, 0x11, 0x12, 0x34, 0x44, 0x43, 0x23, 0x45, 0x55, 0x55, 
	0x55, 0x66, 0x78, 0x88, 0x99, 0xAA, 0x99, 0x99, 0x99, 0x9A, 0xAA, 0xAA, 0xAA, 0xAA, 0xBB, 
	0xAA, 0xBB, 0xBB, 0xBB, 0xBB, 0xBB, 0xBB, 0xBB, 0xBB, 0xBA, 0xAA, 0x99, 0x88, 0x77, 0x65, 
	0x54, 0x43, 0x33, 0x33, 0x33, 0x33, 0x33, 0x33, 0x33, 0x33, 0x32, 0x6F, 0xFC, 0x43, 0x34, 
	0x34, 0x33, 0x33, 0x33, 0x33, 0x33, 0x44, 0x55, 0x68, 0xAB, 0xCC, 0xDE, 0xEE, 0xEF, 0xFF, 
	0xFF, 0xFF, 0xFF, 0xFF, 0xFF, 0xFF, 0xFF, 0xFF, 0xFF, 0xFF, 0xFF, 0xFF, 0xFF, 0xFF, 0xFF, 
	0xFF, 0xFF, 0xFF, 0xFF, 0xFF, 0xFF, 0xFE, 0xEE, 0xEE, 0xEE, 0xEE, 0xEE, 0xEE, 0xC9, 0x86, 
	0x56, 0x55, 0x45, 0x44, 0x55, 0x54, 0x44, 0x44, 0x44, 0x44, 0x44, 0x43, 0x44, 0x44, 0x56, 
	0x66, 0x78, 0x86, 0x55, 0x67, 0x9A, 0xBB, 0xBC, 0xCC, 0xCC, 0xBB, 0xAA, 0xAA, 0xAB, 0xBB, 
	0xBA, 0xAA, 0xAA, 0xAB, 0xBB, 0xBA, 0x99, 0xAA, 0xAA, 0x99, 0x99, 0x9A, 0xAA, 0xAA, 0xAA, 
	0xAA, 0xAA, 0xBB, 0xBB, 0xBB, 0xBB, 0xBB, 0xBB, 0xBB, 0xBB, 0xBB, 0xBB, 0xBB, 0xAA, 0xBB, 
	0xBA, 0x99, 0xAA, 0xAA, 0xAA, 0xAA, 0xAA, 0xAA, 0xAA, 0xAA, 0xAA, 0xAA, 0xAA, 0xAA, 0xAA, 
	0xAA, 0xA9, 0x99, 0xA9, 0xAA, 0xAA, 0xAA, 0xA9, 0x99, 0x99, 0x99, 0xA9, 0x99, 0x99, 0x99, 
	0xAA, 0xAA, 0xAA, 0xAA, 0xAA, 0xAA, 0xAA, 0xAA, 0xAA, 0xAA, 0xAA, 0xAA, 0xAA, 0xAA, 0xAA, 
	0x00, 0x00, 0x00, 0x00, 0x00, 0x00, 0x00, 0x00, 0x00, 0x00, 0x00, 0x00, 0x00, 0x00, 0x00, 
	0x00, 0x00, 0x00, 0x00, 0x00, 0x00, 0x00, 0x00, 0x00, 0x00, 0x00, 0x00, 0x00, 0x00, 0x00, 
	0x00, 0x00, 0x00, 0x00, 0x00, 0x00, 0x00, 0x00, 0x00, 0x00, 0x00, 0x00, 0x00, 0x00, 0x00, 
	0x00, 0x00, 0x00, 0x00, 0x00, 0x00, 0x00, 0x00, 0x00, 0x00, 0x00, 0x00, 0x00, 0x00, 0x00, 
	0x00, 0x00, 0x00, 0x00, 0x00, 0x00, 0x00, 0x00, 0x00, 0x00, 0x00, 0x00, 0x00, 0x00, 0x00, 
	0x00, 0x00, 0x00, 0x00, 0x00, 0x00, 0x00, 0x00, 0x00, 0x00, 0x00, 0x00, 0x00, 0x00, 0x00, 
	0x11, 0x11, 0x11, 0x11, 0x11, 0x11, 0x11, 0x22, 0x33, 0x22, 0x22, 0x34, 0x55, 0x66, 0x66, 
	0x66, 0x67, 0x77, 0x88, 0x99, 0xAA, 0x99, 0x99, 0x99, 0x9A, 0xAA, 0xAA, 0xAA, 0xAA, 0xAA, 
	0xBB, 0xBB, 0xBB, 0xBB, 0xBB, 0xBB, 0xBB, 0xBB, 0xBA, 0xAA, 0xAA, 0x99, 0x87, 0x76, 0x65, 
	0x54, 0x33, 0x33, 0x33, 0x33, 0x33, 0x33, 0x33, 0x33, 0x33, 0x33, 0x6F, 0xFE, 0x53, 0x33, 
	0x33, 0x44, 0x33, 0x33, 0x33, 0x33, 0x34, 0x55, 0x67, 0x9A, 0xCC, 0xDD, 0xEE, 0xEF, 0xFF, 
	0xFF, 0xFF, 0xFF, 0xFF, 0xFF, 0xFF, 0xFF, 0xFF, 0xFF, 0xFF, 0xFF, 0xFF, 0xFF, 0xFF, 0xFF, 
	0xFF, 0xFF, 0xFF, 0xFF, 0xFF, 0xFF, 0xFE, 0xEE, 0xEE, 0xEE, 0xEE, 0xEE, 0xEE, 0xDB, 0x97, 
	0x67, 0x65, 0x44, 0x55, 0x55, 0x44, 0x44, 0x44, 0x44, 0x44, 0x44, 0x45, 0x54, 0x45, 0x66, 
	0x67, 0x87, 0x64, 0x56, 0x78, 0x9A, 0xBB, 0xBC, 0xCD, 0xDC, 0xBB, 0xBA, 0xAA, 0xAA, 0xAB, 
	0xAA, 0xAB, 0xAB, 0xBB, 0xAA, 0xAA, 0xAA, 0xAA, 0xAA, 0xA9, 0x99, 0x9A, 0x9A, 0xAA, 0xAA, 
	0xAA, 0xAA, 0xAA, 0xBB, 0xBB, 0xBB, 0xBB, 0xBB, 0xBB, 0xBB, 0xBB, 0xBB, 0xBB, 0xAA, 0xBB, 
	0xBA, 0x99, 0xAA, 0xAA, 0xAA, 0xAA, 0xAA, 0xAA, 0xAA, 0xAA, 0xAA, 0xAA, 0xAA, 0xAA, 0xAA, 
	0xAA, 0x99, 0x99, 0x99, 0xAA, 0xAA, 0xAA, 0xA9, 0x99, 0x99, 0x99, 0x99, 0x99, 0x99, 0x99, 
	0xAA, 0xAA, 0xAA, 0xAA, 0xAA, 0xAA, 0xAA, 0xAA, 0xAA, 0xAA, 0xAA, 0xAA, 0xAA, 0xAA, 0xAA, 
	0x00, 0x00, 0x00, 0x00, 0x00, 0x00, 0x00, 0x00, 0x00, 0x00, 0x00, 0x00, 0x00, 0x00, 0x00, 
	0x00, 0x00, 0x00, 0x00, 0x00, 0x00, 0x00, 0x00, 0x00, 0x00, 0x00, 0x00, 0x00, 0x00, 0x00, 
	0x00, 0x00, 0x00, 0x00, 0x00, 0x00, 0x00, 0x00, 0x00, 0x00, 0x00, 0x00, 0x00, 0x00, 0x00, 
	0x00, 0x00, 0x00, 0x00, 0x00, 0x00, 0x00, 0x00, 0x00, 0x00, 0x00, 0x00, 0x00, 0x00, 0x00, 
	0x00, 0x00, 0x00, 0x00, 0x00, 0x00, 0x00, 0x00, 0x00, 0x00, 0x00, 0x00, 0x00, 0x00, 0x00, 
	0x00, 0x00, 0x00, 0x00, 0x00, 0x00, 0x00, 0x00, 0x00, 0x00, 0x00, 0x00, 0x00, 0x00, 0x00, 
	0x11, 0x11, 0x11, 0x11, 0x11, 0x11, 0x12, 0x22, 0x22, 0x22, 0x23, 0x45, 0x66, 0x66, 0x66, 
	0x66, 0x77, 0x77, 0x88, 0x99, 0xA9, 0x99, 0x99, 0x99, 0x9A, 0xAA, 0xAA, 0xAA, 0xAA, 0xAA, 
	0xBB, 0xBB, 0xBB, 0xBB, 0xBB, 0xBB, 0xBB, 0xBB, 0xAA, 0xAA, 0xA9, 0x99, 0x87, 0x65, 0x55, 
	0x44, 0x33, 0x33, 0x33, 0x33, 0x33, 0x33, 0x33, 0x33, 0x33, 0x33, 0x47, 0xA9, 0x43, 0x43, 
	0x33, 0x33, 0x43, 0x33, 0x33, 0x33, 0x34, 0x45, 0x56, 0x89, 0xBC, 0xDD, 0xEE, 0xEF, 0xFF, 
	0xFF, 0xFF, 0xFF, 0xFF, 0xFF, 0xFF, 0xFF, 0xFF, 0xFF, 0xFF, 0xFF, 0xFF, 0xFF, 0xFF, 0xFF, 
	0xFF, 0xFF, 0xFF, 0xFF, 0xFF, 0xFF, 0xFE, 0xEE, 0xEE, 0xEE, 0xEE, 0xEE, 0xEE, 0xEC, 0xB8, 
	0x78, 0x86, 0x55, 0x56, 0x65, 0x44, 0x44, 0x44, 0x44, 0x44, 0x44, 0x45, 0x54, 0x45, 0x56, 
	0x67, 0x66, 0x56, 0x77, 0x9A, 0xAA, 0xBB, 0xCC, 0xCC, 0xCC, 0xBB, 0xBB, 0xBA, 0xAA, 0xAA, 
	0xAB, 0xBB, 0xBB, 0xAA, 0xBB, 0xAA, 0xBA, 0xAA, 0xAA, 0xA9, 0x99, 0x99, 0x99, 0x9A, 0xAA, 
	0xAA, 0xAA, 0xAA, 0xAB, 0xBB, 0xBB, 0xBB, 0xBB, 0xBB, 0xBB, 0xBB, 0xBB, 0xBB, 0xAA, 0xBB, 
	0xA9, 0x99, 0xAA, 0xAA, 0xAA, 0xAA, 0xAA, 0xAA, 0xAA, 0xAA, 0xAA, 0xAA, 0xAA, 0xAA, 0xAA, 
	0xAA, 0x99, 0x99, 0x99, 0xAA, 0xAA, 0xAA, 0x99, 0x99, 0x99, 0x99, 0x99, 0x99, 0x99, 0x99, 
	0xAA, 0xAA, 0xAA, 0xAA, 0xAA, 0xAA, 0xAA, 0xAA, 0xAA, 0xAA, 0xAA, 0xAA, 0xAA, 0xAA, 0xAA, 
	0x00, 0x00, 0x00, 0x00, 0x00, 0x00, 0x00, 0x00, 0x00, 0x00, 0x00, 0x00, 0x00, 0x00, 0x00, 
	0x00, 0x00, 0x00, 0x00, 0x00, 0x00, 0x00, 0x00, 0x00, 0x00, 0x00, 0x00, 0x00, 0x00, 0x00, 
	0x00, 0x00, 0x00, 0x00, 0x00, 0x00, 0x00, 0x00, 0x00, 0x00, 0x00, 0x00, 0x00, 0x00, 0x00, 
	0x00, 0x00, 0x00, 0x00, 0x00, 0x00, 0x00, 0x00, 0x00, 0x00, 0x00, 0x00, 0x00, 0x00, 0x00, 
	0x00, 0x00, 0x00, 0x00, 0x00, 0x00, 0x00, 0x00, 0x00, 0x00, 0x00, 0x00, 0x00, 0x00, 0x00, 
	0x00, 0x00, 0x00, 0x00, 0x00, 0x00, 0x00, 0x00, 0x00, 0x00, 0x00, 0x00, 0x00, 0x00, 0x00, 
	0x11, 0x11, 0x11, 0x11, 0x11, 0x11, 0x22, 0x32, 0x12, 0x22, 0x33, 0x55, 0x66, 0x66, 0x66, 
	0x67, 0x77, 0x77, 0x88, 0x99, 0xA9, 0x99, 0x99, 0x99, 0x9A, 0xAA, 0xAA, 0xAA, 0xAA, 0xAA, 
	0xAB, 0xBB, 0xBB, 0xBB, 0xBB, 0xBB, 0xBB, 0xAA, 0xAA, 0xAA, 0xA9, 0x98, 0x77, 0x65, 0x54, 
	0x44, 0x33, 0x33, 0x33, 0x33, 0x34, 0x33, 0x33, 0x33, 0x33, 0x33, 0x43, 0x43, 0x43, 0x33, 
	0x33, 0x44, 0x33, 0x33, 0x33, 0x33, 0x33, 0x45, 0x56, 0x79, 0xAB, 0xCD, 0xDE, 0xEF, 0xFF, 
	0xFF, 0xFF, 0xFF, 0xFF, 0xFF, 0xFF, 0xFF, 0xFF, 0xFF, 0xFF, 0xFF, 0xFF, 0xFF, 0xFF, 0xFF, 
	0xFF, 0xFF, 0xFF, 0xFF, 0xFE, 0xEE, 0xEE, 0xEE, 0xEE, 0xEE, 0xEE, 0xEE, 0xEE, 0xEE, 0xCB, 
	0x99, 0x87, 0x66, 0x66, 0x55, 0x55, 0x44, 0x44, 0x44, 0x44, 0x44, 0x44, 0x44, 0x55, 0x56, 
	0x76, 0x56, 0x67, 0x89, 0x9A, 0xBA, 0xBC, 0xCB, 0xBB, 0xBB, 0xAA, 0xAA, 0xA9, 0x9A, 0xAB, 
	0xBB, 0xAA, 0xAA, 0xAB, 0xBA, 0xAA, 0xAA, 0xAA, 0xAA, 0x99, 0x99, 0x99, 0x99, 0x99, 0xAA, 
	0xAA, 0xAA, 0xAA, 0xAB, 0xBB, 0xBB, 0xBB, 0xBB, 0xBB, 0xBB, 0xBB, 0xBB, 0xBA, 0xAB, 0xBB, 
	0xA9, 0x9A, 0xAA, 0xAA, 0xAA, 0xAA, 0xAA, 0xAA, 0xAA, 0xAA, 0xAA, 0xAA, 0xAA, 0xAA, 0xAA, 
	0xA9, 0x99, 0x99, 0x99, 0xAA, 0xAA, 0xAA, 0x99, 0x99, 0x99, 0x99, 0x99, 0x99, 0x99, 0x99, 
	0xAA, 0xAA, 0xAA, 0xAA, 0xAA, 0xAA, 0xAA, 0xAA, 0xAA, 0xAA, 0xAA, 0xAA, 0xAA, 0xAA, 0xAA, 
	0x00, 0x00, 0x00, 0x00, 0x00, 0x00, 0x00, 0x00, 0x00, 0x00, 0x00, 0x00, 0x00, 0x00, 0x00, 
	0x00, 0x00, 0x00, 0x00, 0x00, 0x00, 0x00, 0x00, 0x00, 0x00, 0x00, 0x00, 0x00, 0x00, 0x00, 
	0x00, 0x00, 0x00, 0x00, 0x00, 0x00, 0x00, 0x00, 0x00, 0x00, 0x00, 0x00, 0x00, 0x00, 0x00, 
	0x00, 0x00, 0x00, 0x00, 0x00, 0x00, 0x00, 0x00, 0x00, 0x00, 0x00, 0x00, 0x00, 0x00, 0x00, 
	0x00, 0x00, 0x00, 0x00, 0x00, 0x00, 0x00, 0x00, 0x00, 0x00, 0x00, 0x00, 0x00, 0x00, 0x00, 
	0x00, 0x00, 0x00, 0x00, 0x00, 0x00, 0x00, 0x00, 0x00, 0x00, 0x00, 0x00, 0x00, 0x00, 0x00, 
	0x11, 0x11, 0x11, 0x11, 0x11, 0x12, 0x22, 0x22, 0x11, 0x22, 0x35, 0x66, 0x66, 0x66, 0x66, 
	0x77, 0x77, 0x88, 0x88, 0x99, 0x99, 0x99, 0x99, 0x99, 0x9A, 0xAA, 0xAA, 0xAA, 0xAA, 0xAA, 
	0xAA, 0xAB, 0xBB, 0xBA, 0xAA, 0xBB, 0xBA, 0xAA, 0xAA, 0xAA, 0x99, 0x87, 0x76, 0x55, 0x54, 
	0x43, 0x33, 0x33, 0x44, 0x43, 0x34, 0x33, 0x33, 0x33, 0x33, 0x33, 0x33, 0x33, 0x33, 0x33, 
	0x43, 0x7A, 0x53, 0x33, 0x33, 0x33, 0x33, 0x44, 0x45, 0x68, 0xAB, 0xCD, 0xDE, 0xEF, 0xFF, 
	0xFF, 0xFF, 0xFF, 0xFF, 0xFF, 0xFF, 0xFF, 0xFF, 0xFF, 0xFF, 0xFF, 0xFF, 0xFF, 0xFF, 0xFF, 
	0xFF, 0xFF, 0xFF, 0xFF, 0xEE, 0xEE, 0xEE, 0xEE, 0xEE, 0xEE, 0xEE, 0xEE, 0xEE, 0xEE, 0xDD, 
	0xCA, 0x99, 0x98, 0x87, 0x66, 0x65, 0x55, 0x55, 0x54, 0x44, 0x44, 0x44, 0x44, 0x55, 0x66, 
	0x76, 0x78, 0x88, 0x9A, 0xAB, 0xBB, 0xBC, 0xCB, 0xAA, 0xAA, 0xAA, 0xAA, 0x98, 0x99, 0xAA, 
	0x99, 0x9A, 0xAB, 0xBB, 0xAA, 0xA9, 0x99, 0x99, 0xA9, 0x88, 0x99, 0x99, 0x99, 0x99, 0xAA, 
	0xAA, 0xAA, 0xAA, 0xAB, 0xBB, 0xBB, 0xBB, 0xBB, 0xBB, 0xBB, 0xBB, 0xBB, 0xBA, 0xAB, 0xBB, 
	0xA9, 0x9A, 0xAA, 0xAA, 0xAA, 0xAA, 0xAA, 0xAA, 0xAA, 0xAA, 0xAA, 0xAA, 0xAA, 0xAA, 0xAA, 
	0x99, 0x99, 0x99, 0x99, 0xAA, 0xAA, 0xA9, 0x99, 0x99, 0x99, 0x99, 0x99, 0x99, 0x99, 0x99, 
	0x9A, 0xAA, 0xAA, 0xAA, 0xAA, 0xAA, 0xAA, 0xAA, 0xAA, 0xAA, 0xAA, 0xAA, 0xAA, 0xAA, 0xAA, 
	0x00, 0x00, 0x00, 0x00, 0x00, 0x00, 0x00, 0x00, 0x00, 0x00, 0x00, 0x00, 0x00, 0x00, 0x00, 
	0x00, 0x00, 0x00, 0x00, 0x00, 0x00, 0x00, 0x00, 0x00, 0x00, 0x00, 0x00, 0x00, 0x00, 0x00, 
	0x00, 0x00, 0x00, 0x00, 0x00, 0x00, 0x00, 0x00, 0x00, 0x00, 0x00, 0x00, 0x00, 0x00, 0x00, 
	0x00, 0x00, 0x00, 0x00, 0x00, 0x00, 0x00, 0x00, 0x00, 0x00, 0x00, 0x00, 0x00, 0x00, 0x00, 
	0x00, 0x00, 0x00, 0x00, 0x00, 0x00, 0x00, 0x00, 0x00, 0x00, 0x00, 0x00, 0x00, 0x00, 0x00, 
	0x00, 0x00, 0x00, 0x00, 0x00, 0x00, 0x00, 0x00, 0x00, 0x00, 0x00, 0x00, 0x00, 0x00, 0x00, 
	0x11, 0x11, 0x11, 0x11, 0x11, 0x22, 0x23, 0x21, 0x11, 0x23, 0x46, 0x66, 0x66, 0x66, 0x66, 
	0x77, 0x78, 0x88, 0x89, 0x99, 0x99, 0x9A, 0x99, 0x99, 0x99, 0xAA, 0xAA, 0xAA, 0xAA, 0xAA, 
	0xAA, 0xAA, 0xBB, 0xBA, 0xAA, 0xAA, 0xAA, 0xAA, 0xAA, 0xAA, 0x98, 0x77, 0x66, 0x55, 0x44, 
	0x33, 0x33, 0x33, 0x44, 0x44, 0x44, 0x43, 0x33, 0x33, 0x33, 0x33, 0x33, 0x33, 0x33, 0x33, 
	0x33, 0x6A, 0x73, 0x33, 0x33, 0x33, 0x33, 0x44, 0x44, 0x68, 0x9B, 0xCC, 0xDD, 0xEE, 0xFF, 
	0xFF, 0xFF, 0xFF, 0xFF, 0xFF, 0xFF, 0xFF, 0xFF, 0xFF, 0xFF, 0xFF, 0xFF, 0xFF, 0xFF, 0xFF, 
	0xFF, 0xFF, 0xFF, 0xFE, 0xEE, 0xEE, 0xEE, 0xEE, 0xEE, 0xEE, 0xEE, 0xEE, 0xEE, 0xEE, 0xEE, 
	0xDC, 0xCB, 0xAA, 0xAA, 0x99, 0x88, 0x76, 0x55, 0x55, 0x45, 0x55, 0x55, 0x66, 0x66, 0x77, 
	0x88, 0x9A, 0xAA, 0xAA, 0xBB, 0xBB, 0xBB, 0xBA, 0xAA, 0xA9, 0x9A, 0xAA, 0x99, 0x99, 0x99, 
	0x9A, 0xAA, 0xAA, 0xA9, 0xAA, 0x98, 0x89, 0x9A, 0x99, 0x99, 0x99, 0x99, 0x99, 0x99, 0xAA, 
	0xAA, 0xAA, 0xAA, 0xAA, 0xBB, 0xBB, 0xBB, 0xBB, 0xBB, 0xBB, 0xBB, 0xBB, 0xAA, 0xAB, 0xBA, 
	0x98, 0x9A, 0xAA, 0xAA, 0xAA, 0xAA, 0xAA, 0xAA, 0xAA, 0xAA, 0x99, 0x9A, 0xAA, 0xAA, 0xA9, 
	0x99, 0x99, 0x99, 0x9A, 0xAA, 0xAA, 0xA9, 0x99, 0x99, 0x99, 0x99, 0x99, 0x99, 0x99, 0x9A, 
	0x99, 0x99, 0xAA, 0xAA, 0xAA, 0xAA, 0xAA, 0xAA, 0xAA, 0xAA, 0xAA, 0xAA, 0xAA, 0xAA, 0xAA, 
	0x00, 0x00, 0x00, 0x00, 0x00, 0x00, 0x00, 0x00, 0x00, 0x00, 0x00, 0x00, 0x00, 0x00, 0x00, 
	0x00, 0x00, 0x00, 0x00, 0x00, 0x00, 0x00, 0x00, 0x00, 0x00, 0x00, 0x00, 0x00, 0x00, 0x00, 
	0x00, 0x00, 0x00, 0x00, 0x00, 0x00, 0x00, 0x00, 0x00, 0x00, 0x00, 0x00, 0x00, 0x00, 0x00, 
	0x00, 0x00, 0x00, 0x00, 0x00, 0x00, 0x00, 0x00, 0x00, 0x00, 0x00, 0x00, 0x00, 0x00, 0x00, 
	0x00, 0x00, 0x00, 0x00, 0x00, 0x00, 0x00, 0x00, 0x00, 0x00, 0x00, 0x00, 0x00, 0x00, 0x00, 
	0x00, 0x00, 0x00, 0x00, 0x00, 0x00, 0x00, 0x00, 0x00, 0x00, 0x00, 0x00, 0x00, 0x00, 0x00, 
	0x11, 0x11, 0x11, 0x11, 0x11, 0x22, 0x22, 0x11, 0x12, 0x24, 0x56, 0x66, 0x66, 0x66, 0x67, 
	0x78, 0x88, 0x88, 0x89, 0x99, 0x99, 0xAA, 0xAA, 0xAA, 0x9A, 0xAA, 0xAA, 0xAA, 0xAA, 0xAA, 
	0xAB, 0xAA, 0xAA, 0xAA, 0xAA, 0xAA, 0xAA, 0xAA, 0xAA, 0x99, 0x88, 0x77, 0x66, 0x55, 0x44, 
	0x33, 0x33, 0x34, 0x44, 0x44, 0x45, 0x43, 0x33, 0x33, 0x33, 0x34, 0x33, 0x33, 0x33, 0x33, 
	0x33, 0x34, 0x43, 0x33, 0x33, 0x33, 0x33, 0x33, 0x44, 0x57, 0x9A, 0xBC, 0xDD, 0xEE, 0xFF, 
	0xFF, 0xFF, 0xFF, 0xFF, 0xFF, 0xFF, 0xFF, 0xFF, 0xFF, 0xFF, 0xFF, 0xFF, 0xFF, 0xFF, 0xFF, 
	0xEE, 0xEE, 0xEE, 0xEE, 0xEE, 0xEE, 0xEE, 0xEE, 0xEE, 0xEE, 0xEE, 0xEE, 0xEE, 0xEE, 0xEE, 
	0xEE, 0xDC, 0xBB, 0xBC, 0xDD, 0xCC, 0xBB, 0xA9, 0x87, 0x77, 0x88, 0x89, 0x9A, 0xAA, 0xBB, 
	0xBB, 0xBC, 0xBB, 0xBB, 0xBC, 0xCC, 0xBB, 0xAA, 0xAA, 0xAA, 0xBB, 0xCB, 0xBB, 0xAA, 0xAA, 
	0xBC, 0xBA, 0xAA, 0x99, 0x98, 0x89, 0x99, 0x99, 0x89, 0x99, 0x98, 0x89, 0x99, 0x99, 0x9A, 
	0xAA, 0xAA, 0xAA, 0xAA, 0xAA, 0xBB, 0xBB, 0xBB, 0xBB, 0xBB, 0xBB, 0xBB, 0xAA, 0xAB, 0xBA, 
	0x98, 0xAA, 0xAA, 0xAA, 0xAA, 0xAA, 0xAA, 0xAA, 0xAA, 0xAA, 0x99, 0x99, 0x99, 0x99, 0x99, 
	0x99, 0x99, 0x99, 0xAA, 0xAA, 0xAA, 0x99, 0x99, 0x99, 0x99, 0x99, 0x99, 0x99, 0x99, 0x9A, 
	0x99, 0x99, 0xAA, 0xAA, 0xAA, 0xAA, 0xAA, 0xAA, 0xAA, 0xAA, 0xAA, 0xAA, 0xAA, 0xAA, 0xAA, 
	0x00, 0x00, 0x00, 0x00, 0x00, 0x00, 0x00, 0x00, 0x00, 0x00, 0x00, 0x00, 0x00, 0x00, 0x00, 
	0x00, 0x00, 0x00, 0x00, 0x00, 0x00, 0x00, 0x00, 0x00, 0x00, 0x00, 0x00, 0x00, 0x00, 0x00, 
	0x00, 0x00, 0x00, 0x00, 0x00, 0x00, 0x00, 0x00, 0x00, 0x00, 0x00, 0x00, 0x00, 0x00, 0x00, 
	0x00, 0x00, 0x00, 0x00, 0x00, 0x00, 0x00, 0x00, 0x00, 0x00, 0x00, 0x00, 0x00, 0x00, 0x00, 
	0x00, 0x00, 0x00, 0x00, 0x00, 0x00, 0x00, 0x00, 0x00, 0x00, 0x00, 0x00, 0x00, 0x00, 0x00, 
	0x00, 0x00, 0x00, 0x00, 0x00, 0x00, 0x00, 0x00, 0x00, 0x00, 0x00, 0x00, 0x00, 0x00, 0x00, 
	0x11, 0x11, 0x11, 0x11, 0x12, 0x22, 0x21, 0x11, 0x12, 0x35, 0x66, 0x66, 0x66, 0x66, 0x77, 
	0x88, 0x88, 0x88, 0x89, 0x99, 0x99, 0xAA, 0xAA, 0xAA, 0xAA, 0xAA, 0xAA, 0xAA, 0xAA, 0xAA, 
	0xAA, 0xAA, 0xAA, 0xAA, 0xAA, 0xAA, 0xAA, 0xA9, 0x99, 0x98, 0x87, 0x77, 0x66, 0x55, 0x44, 
	0x33, 0x33, 0x44, 0x44, 0x45, 0x55, 0x43, 0x33, 0x33, 0x33, 0x43, 0x33, 0x33, 0x33, 0x33, 
	0x33, 0x33, 0x33, 0x33, 0x33, 0x33, 0x33, 0x44, 0x34, 0x46, 0x89, 0xBC, 0xDD, 0xEE, 0xEF, 
	0xFF, 0xFF, 0xFF, 0xFF, 0xFF, 0xFF, 0xFF, 0xFF, 0xFF, 0xFF, 0xFF, 0xEE, 0xFF, 0xEE, 0xEE, 
	0xEE, 0xEE, 0xEE, 0xEE, 0xEE, 0xEE, 0xEE, 0xEE, 0xEE, 0xEE, 0xEE, 0xEE, 0xEE, 0xEE, 0xFE, 
	0xEE, 0xED, 0xDD, 0xDD, 0xEE, 0xEE, 0xEE, 0xEE, 0xDC, 0xCC, 0xCD, 0xDD, 0xDD, 0xDE, 0xEE, 
	0xEE, 0xEE, 0xDD, 0xCD, 0xDD, 0xDD, 0xCC, 0xBB, 0xBA, 0xBB, 0xBB, 0xBB, 0xBB, 0xAA, 0xBB, 
	0xCA, 0x9A, 0xAA, 0x99, 0x98, 0x88, 0x99, 0x88, 0x9A, 0xA9, 0x98, 0x88, 0x99, 0x99, 0x99, 
	0x9A, 0xAA, 0xAA, 0xAA, 0xBA, 0xAA, 0xAA, 0xAA, 0xAB, 0xBB, 0xBB, 0xBA, 0xAA, 0xBB, 0xAA, 
	0x89, 0xAA, 0xAA, 0xAA, 0xAA, 0xAA, 0xAA, 0xAA, 0xAA, 0xAA, 0xAA, 0xA9, 0x99, 0x99, 0x99, 
	0x99, 0x99, 0x99, 0xAA, 0xAA, 0xAA, 0x99, 0x99, 0x99, 0x99, 0x99, 0x99, 0x99, 0x99, 0xAA, 
	0x99, 0x99, 0xAA, 0xAA, 0xAA, 0xAA, 0xAA, 0xA9, 0xAA, 0xAA, 0xAA, 0xAA, 0xAA, 0xAA, 0xAA, 
	0x00, 0x00, 0x00, 0x00, 0x00, 0x00, 0x00, 0x00, 0x00, 0x00, 0x00, 0x00, 0x00, 0x00, 0x00, 
	0x00, 0x00, 0x00, 0x00, 0x00, 0x00, 0x00, 0x00, 0x00, 0x00, 0x00, 0x00, 0x00, 0x00, 0x00, 
	0x00, 0x00, 0x00, 0x00, 0x00, 0x00, 0x00, 0x00, 0x00, 0x00, 0x00, 0x00, 0x00, 0x00, 0x00, 
	0x00, 0x00, 0x00, 0x00, 0x00, 0x00, 0x00, 0x00, 0x00, 0x00, 0x00, 0x00, 0x00, 0x00, 0x00, 
	0x00, 0x00, 0x00, 0x00, 0x00, 0x00, 0x00, 0x00, 0x00, 0x00, 0x00, 0x00, 0x00, 0x00, 0x00, 
	0x00, 0x00, 0x00, 0x00, 0x00, 0x00, 0x00, 0x00, 0x00, 0x00, 0x00, 0x00, 0x00, 0x00, 0x00, 
	0x11, 0x11, 0x11, 0x11, 0x22, 0x22, 0x21, 0x11, 0x23, 0x45, 0x66, 0x66, 0x66, 0x66, 0x78, 
	0x88, 0x88, 0x88, 0x99, 0x99, 0x9A, 0xAA, 0xAA, 0xAA, 0xAA, 0xAA, 0xAA, 0xAA, 0xAA, 0xAA, 
	0xAA, 0xAA, 0xAA, 0xA9, 0x9A, 0xAA, 0x99, 0x99, 0x98, 0x88, 0x77, 0x76, 0x65, 0x54, 0x54, 
	0x33, 0x33, 0x45, 0x55, 0x56, 0x65, 0x43, 0x33, 0x33, 0x33, 0x33, 0x43, 0x33, 0x33, 0x33, 
	0x33, 0x33, 0x33, 0x43, 0x33, 0x44, 0x43, 0x34, 0x34, 0x45, 0x78, 0xAB, 0xCD, 0xEE, 0xEF, 
	0xFF, 0xFF, 0xFF, 0xFF, 0xFF, 0xFF, 0xFF, 0xFF, 0xFF, 0xFF, 0xFE, 0xEE, 0xEE, 0xEE, 0xEE, 
	0xEE, 0xEE, 0xEE, 0xEE, 0xEE, 0xDD, 0xDD, 0xEE, 0xEE, 0xEE, 0xEE, 0xEE, 0xEE, 0xEE, 0xEF, 
	0xEE, 0xEE, 0xEE, 0xEE, 0xEE, 0xEF, 0xFF, 0xFF, 0xFF, 0xFF, 0xFF, 0xFF, 0xFF, 0xFF, 0xFF, 
	0xFF, 0xEE, 0xEE, 0xEE, 0xEE, 0xDC, 0xCD, 0xCC, 0xCB, 0xBB, 0xBB, 0xCB, 0xBB, 0xBB, 0xBB, 
	0xBA, 0xAA, 0xAA, 0xA9, 0x98, 0x88, 0x77, 0x89, 0x99, 0x99, 0x88, 0x88, 0x88, 0x99, 0x99, 
	0x99, 0xAA, 0xAA, 0xAA, 0xAA, 0xAA, 0xAA, 0xAA, 0xBB, 0xBB, 0xBB, 0xBA, 0xAA, 0xAA, 0xA9, 
	0x99, 0xAA, 0xAA, 0xAA, 0xAA, 0xAA, 0xAA, 0xAA, 0x99, 0x99, 0xAA, 0xAA, 0x99, 0x99, 0x99, 
	0x99, 0x99, 0x99, 0x9A, 0xAA, 0xA9, 0x99, 0x99, 0x99, 0x99, 0x99, 0x99, 0x99, 0x99, 0x99, 
	0xA9, 0x9A, 0xAA, 0xAA, 0xAA, 0xAA, 0xAA, 0x99, 0xAA, 0xAA, 0xAA, 0xAA, 0xAA, 0xAA, 0xAA, 
	0x00, 0x00, 0x00, 0x00, 0x00, 0x00, 0x00, 0x00, 0x00, 0x00, 0x00, 0x00, 0x00, 0x00, 0x00, 
	0x00, 0x00, 0x00, 0x00, 0x00, 0x00, 0x00, 0x00, 0x00, 0x00, 0x00, 0x00, 0x00, 0x00, 0x00, 
	0x00, 0x00, 0x00, 0x00, 0x00, 0x00, 0x00, 0x00, 0x00, 0x00, 0x00, 0x00, 0x00, 0x00, 0x00, 
	0x00, 0x00, 0x00, 0x00, 0x00, 0x00, 0x00, 0x00, 0x00, 0x00, 0x00, 0x00, 0x00, 0x00, 0x00, 
	0x00, 0x00, 0x00, 0x00, 0x00, 0x00, 0x00, 0x00, 0x00, 0x00, 0x00, 0x00, 0x00, 0x00, 0x00, 
	0x00, 0x00, 0x00, 0x00, 0x00, 0x00, 0x00, 0x00, 0x00, 0x00, 0x00, 0x00, 0x00, 0x00, 0x00, 
	0x11, 0x11, 0x11, 0x12, 0x23, 0x22, 0x11, 0x12, 0x34, 0x56, 0x66, 0x66, 0x66, 0x66, 0x78, 
	0x88, 0x99, 0x99, 0x9A, 0xAA, 0xAA, 0xAA, 0xAA, 0xAA, 0xAA, 0xAA, 0xAA, 0x9A, 0xAA, 0xA9, 
	0x99, 0x9A, 0xAA, 0xAA, 0x99, 0x99, 0x99, 0x88, 0x88, 0x88, 0x77, 0x76, 0x55, 0x55, 0x54, 
	0x33, 0x34, 0x55, 0x66, 0x66, 0x55, 0x43, 0x33, 0x33, 0x35, 0x79, 0x53, 0x33, 0x33, 0x33, 
	0x33, 0x33, 0x33, 0x33, 0x34, 0x44, 0x44, 0x34, 0x43, 0x35, 0x68, 0x9A, 0xCD, 0xEE, 0xEE, 
	0xFE, 0xEE, 0xFF, 0xFF, 0xFF, 0xFF, 0xFF, 0xFF, 0xFF, 0xFE, 0xEE, 0xEE, 0xEE, 0xEE, 0xEE, 
	0xEE, 0xEE, 0xEE, 0xEE, 0xDD, 0xDD, 0xDD, 0xDD, 0xEE, 0xEE, 0xEE, 0xEE, 0xEE, 0xEE, 0xEF, 
	0xFF, 0xEE, 0xEE, 0xEE, 0xEF, 0xFF, 0xFF, 0xFF, 0xFF, 0xFF, 0xFF, 0xFF, 0xFF, 0xFF, 0xFF, 
	0xFF, 0xFF, 0xFF, 0xEE, 0xEE, 0xDD, 0xDD, 0xCC, 0xCB, 0xBB, 0xCC, 0xCB, 0xBC, 0xCC, 0xCC, 
	0xCB, 0xBB, 0xA9, 0xAA, 0x98, 0x88, 0x88, 0x99, 0x88, 0x88, 0x88, 0x88, 0x88, 0x88, 0x88, 
	0x89, 0x99, 0x9A, 0xAA, 0xAA, 0xAA, 0xAA, 0xAA, 0xAA, 0xAA, 0xAB, 0xAA, 0xAA, 0xAA, 0xA9, 
	0x99, 0xAA, 0xAA, 0xAA, 0xAA, 0xAA, 0xAA, 0xAA, 0x99, 0x99, 0xA9, 0x99, 0x99, 0x99, 0x99, 
	0x99, 0x99, 0x99, 0x9A, 0xAA, 0xA9, 0x99, 0x99, 0x99, 0x99, 0x99, 0x99, 0x99, 0x99, 0x99, 
	0xA9, 0x9A, 0xAA, 0xAA, 0xAA, 0xAA, 0xAA, 0xAA, 0xAA, 0xAA, 0xAA, 0xAA, 0xAA, 0xAA, 0xAA, 
	0x00, 0x00, 0x00, 0x00, 0x00, 0x00, 0x00, 0x00, 0x00, 0x00, 0x00, 0x00, 0x00, 0x00, 0x00, 
	0x00, 0x00, 0x00, 0x00, 0x00, 0x00, 0x00, 0x00, 0x00, 0x00, 0x00, 0x00, 0x00, 0x00, 0x00, 
	0x00, 0x00, 0x00, 0x00, 0x00, 0x00, 0x00, 0x00, 0x00, 0x00, 0x00, 0x00, 0x00, 0x00, 0x00, 
	0x00, 0x00, 0x00, 0x00, 0x00, 0x00, 0x00, 0x00, 0x00, 0x00, 0x00, 0x00, 0x00, 0x00, 0x00, 
	0x00, 0x00, 0x00, 0x00, 0x00, 0x00, 0x00, 0x00, 0x00, 0x00, 0x00, 0x00, 0x00, 0x00, 0x00, 
	0x00, 0x00, 0x00, 0x00, 0x00, 0x00, 0x00, 0x00, 0x00, 0x00, 0x00, 0x00, 0x00, 0x00, 0x00, 
	0x11, 0x11, 0x11, 0x22, 0x22, 0x21, 0x11, 0x23, 0x45, 0x66, 0x66, 0x67, 0x77, 0x88, 0x99, 
	0x99, 0x9A, 0xAA, 0xAA, 0xBB, 0xBA, 0xAA, 0xAA, 0xAA, 0xAA, 0xAA, 0xAA, 0xAA, 0xAA, 0xAA, 
	0xAA, 0x99, 0xA9, 0x99, 0x99, 0x88, 0x88, 0x88, 0x88, 0x77, 0x77, 0x66, 0x55, 0x54, 0x44, 
	0x33, 0x34, 0x66, 0x66, 0x66, 0x56, 0x43, 0x33, 0x33, 0x36, 0xFF, 0x94, 0x33, 0x33, 0x33, 
	0x33, 0x33, 0x33, 0x34, 0x33, 0x45, 0x44, 0x43, 0x44, 0x35, 0x57, 0x9A, 0xBD, 0xEE, 0xEE, 
	0xEE, 0xEE, 0xEE, 0xFF, 0xFF, 0xFF, 0xFF, 0xFF, 0xEE, 0xEE, 0xEE, 0xEE, 0xEE, 0xEE, 0xED, 
	0xDD, 0xDD, 0xDD, 0xDD, 0xDD, 0xDD, 0xDD, 0xDD, 0xDD, 0xEE, 0xEE, 0xEE, 0xEE, 0xEE, 0xEF, 
	0xFF, 0xFF, 0xFF, 0xFF, 0xFF, 0xFF, 0xFF, 0xFF, 0xFF, 0xFF, 0xFF, 0xFF, 0xFF, 0xFF, 0xFF, 
	0xFF, 0xFF, 0xFF, 0xFE, 0xEE, 0xEE, 0xEE, 0xED, 0xDD, 0xDD, 0xDC, 0xCB, 0xCC, 0xCC, 0xCC, 
	0xCB, 0xBA, 0x99, 0x99, 0x99, 0x99, 0x9A, 0xA9, 0x99, 0x89, 0x99, 0x99, 0x98, 0x87, 0x77, 
	0x77, 0x78, 0x88, 0x89, 0x99, 0x99, 0x99, 0xAA, 0xAA, 0xAA, 0xAA, 0xAA, 0xAA, 0xAA, 0x99, 
	0x9A, 0xAA, 0xAA, 0xAA, 0xAA, 0xAA, 0xAA, 0x99, 0x99, 0x99, 0x99, 0x99, 0x99, 0x99, 0x99, 
	0x99, 0x99, 0x99, 0xAA, 0xAA, 0x99, 0x99, 0x99, 0x99, 0x99, 0x99, 0x99, 0x99, 0x99, 0x99, 
	0x99, 0xAA, 0xAA, 0xAA, 0xAA, 0xAA, 0xAA, 0xAA, 0xAA, 0xAA, 0xAA, 0xAA, 0xAA, 0xAA, 0xAA, 
	0x00, 0x00, 0x00, 0x00, 0x00, 0x00, 0x00, 0x00, 0x00, 0x00, 0x00, 0x00, 0x00, 0x00, 0x00, 
	0x00, 0x00, 0x00, 0x00, 0x00, 0x00, 0x00, 0x00, 0x00, 0x00, 0x00, 0x00, 0x00, 0x00, 0x00, 
	0x00, 0x00, 0x00, 0x00, 0x00, 0x00, 0x00, 0x00, 0x00, 0x00, 0x00, 0x00, 0x00, 0x00, 0x00, 
	0x00, 0x00, 0x00, 0x00, 0x00, 0x00, 0x00, 0x00, 0x00, 0x00, 0x00, 0x00, 0x00, 0x00, 0x00, 
	0x00, 0x00, 0x00, 0x00, 0x00, 0x00, 0x00, 0x00, 0x00, 0x00, 0x00, 0x00, 0x00, 0x00, 0x00, 
	0x00, 0x00, 0x00, 0x00, 0x00, 0x00, 0x00, 0x00, 0x00, 0x00, 0x00, 0x00, 0x00, 0x00, 0x00, 
	0x11, 0x11, 0x11, 0x22, 0x22, 0x11, 0x11, 0x24, 0x56, 0x66, 0x66, 0x67, 0x78, 0x9A, 0xAA, 
	0xAA, 0xAA, 0xAA, 0xAB, 0xBB, 0xBB, 0xBA, 0xAA, 0xAA, 0xAA, 0xAA, 0xAA, 0x99, 0x99, 0xAA, 
	0xA9, 0x99, 0x98, 0x88, 0x87, 0x77, 0x77, 0x77, 0x77, 0x66, 0x66, 0x65, 0x55, 0x54, 0x44, 
	0x33, 0x45, 0x67, 0x76, 0x66, 0x65, 0x53, 0x33, 0x33, 0x34, 0xCF, 0xD3, 0x43, 0x33, 0x33, 
	0x33, 0x33, 0x33, 0x34, 0x33, 0x45, 0x55, 0x44, 0x44, 0x45, 0x57, 0x8A, 0xBD, 0xEE, 0xEE, 
	0xEE, 0xEE, 0xEE, 0xFF, 0xFF, 0xFF, 0xFF, 0xFE, 0xEE, 0xEE, 0xEE, 0xEE, 0xEE, 0xEE, 0xDD, 
	0xDD, 0xDD, 0xDD, 0xCD, 0xDD, 0xDD, 0xDD, 0xDD, 0xDD, 0xDD, 0xDD, 0xEE, 0xEE, 0xEE, 0xEF, 
	0xFF, 0xFF, 0xFF, 0xFF, 0xFF, 0xFF, 0xFF, 0xFF, 0xFF, 0xFF, 0xFF, 0xFF, 0xFF, 0xFF, 0xFF, 
	0xFF, 0xFF, 0xFF, 0xFF, 0xFE, 0xEF, 0xFE, 0xEE, 0xEE, 0xEE, 0xDD, 0xDC, 0xCC, 0xCC, 0xCC, 
	0xBA, 0xAA, 0xAA, 0xBA, 0x9A, 0xAA, 0xAA, 0xAA, 0x99, 0x99, 0x99, 0x88, 0x88, 0x87, 0x77, 
	0x77, 0x77, 0x77, 0x77, 0x88, 0x88, 0x88, 0x88, 0x99, 0x99, 0xAA, 0xAA, 0xAA, 0xAA, 0x99, 
	0xAA, 0xAA, 0xAA, 0xBA, 0xAA, 0xAA, 0x99, 0x99, 0x99, 0x99, 0x99, 0x99, 0x99, 0x99, 0x99, 
	0x99, 0x99, 0x99, 0xAA, 0xAA, 0x99, 0x99, 0x99, 0x99, 0x99, 0x99, 0x99, 0x99, 0x99, 0x99, 
	0xAA, 0xAA, 0xAA, 0xAA, 0xAA, 0xAA, 0xA9, 0x99, 0xAA, 0xAA, 0xAA, 0xAA, 0xAA, 0xAA, 0xAA, 
	0x00, 0x00, 0x00, 0x00, 0x00, 0x00, 0x00, 0x00, 0x00, 0x00, 0x00, 0x00, 0x00, 0x00, 0x00, 
	0x00, 0x00, 0x00, 0x00, 0x00, 0x00, 0x00, 0x00, 0x00, 0x00, 0x00, 0x00, 0x00, 0x00, 0x00, 
	0x00, 0x00, 0x00, 0x00, 0x00, 0x00, 0x00, 0x00, 0x00, 0x00, 0x00, 0x00, 0x00, 0x00, 0x00, 
	0x00, 0x00, 0x00, 0x00, 0x00, 0x00, 0x00, 0x00, 0x00, 0x00, 0x00, 0x00, 0x00, 0x00, 0x00, 
	0x00, 0x00, 0x00, 0x00, 0x00, 0x00, 0x00, 0x00, 0x00, 0x00, 0x00, 0x00, 0x00, 0x00, 0x00, 
	0x00, 0x00, 0x00, 0x00, 0x00, 0x00, 0x00, 0x00, 0x00, 0x00, 0x00, 0x00, 0x00, 0x00, 0x00, 
	0x22, 0x11, 0x12, 0x22, 0x21, 0x11, 0x22, 0x45, 0x66, 0x56, 0x66, 0x67, 0x78, 0x99, 0xAA, 
	0xAA, 0xBB, 0xBB, 0xBB, 0xBB, 0xBB, 0xBB, 0xBB, 0xAA, 0xAA, 0x99, 0xAA, 0x99, 0x99, 0x99, 
	0x99, 0x99, 0x98, 0x88, 0x77, 0x66, 0x66, 0x76, 0x66, 0x66, 0x66, 0x66, 0x55, 0x65, 0x43, 
	0x34, 0x45, 0x67, 0x76, 0x66, 0x55, 0x53, 0x33, 0x33, 0x33, 0x49, 0x74, 0x33, 0x33, 0x33, 
	0x33, 0x33, 0x33, 0x34, 0x33, 0x45, 0x55, 0x55, 0x55, 0x55, 0x56, 0x89, 0xBC, 0xEE, 0xEE, 
	0xEE, 0xEE, 0xEE, 0xFF, 0xFF, 0xFF, 0xFF, 0xEE, 0xEE, 0xEE, 0xEE, 0xED, 0xDD, 0xDD, 0xDD, 
	0xDC, 0xCC, 0xCC, 0xCC, 0xCC, 0xCC, 0xDD, 0xDD, 0xDD, 0xDD, 0xDD, 0xDE, 0xEE, 0xEE, 0xEF, 
	0xFF, 0xFF, 0xFF, 0xFF, 0xFF, 0xFF, 0xFF, 0xFF, 0xFF, 0xFF, 0xFF, 0xFF, 0xFF, 0xFF, 0xFF, 
	0xFF, 0xFF, 0xFF, 0xFF, 0xFF, 0xFF, 0xFE, 0xEE, 0xEE, 0xEE, 0xED, 0xDD, 0xDC, 0xCC, 0xCC, 
	0xBA, 0xAA, 0xAA, 0xAA, 0xAA, 0xAA, 0xA9, 0x99, 0x99, 0x98, 0x88, 0x88, 0x98, 0x88, 0x87, 
	0x77, 0x77, 0x77, 0x78, 0x88, 0x88, 0x88, 0x88, 0x88, 0x88, 0x88, 0x89, 0xAB, 0xAA, 0x99, 
	0xAA, 0xAA, 0xAB, 0xBB, 0xA9, 0x99, 0x99, 0x99, 0x99, 0x99, 0x99, 0x99, 0x99, 0x99, 0x99, 
	0x99, 0x99, 0x9A, 0xAA, 0xAA, 0x99, 0x99, 0x99, 0x99, 0x99, 0x99, 0x99, 0x99, 0x99, 0x99, 
	0xAA, 0xAA, 0xAA, 0xAA, 0xAA, 0xAA, 0x99, 0x99, 0xAA, 0xAA, 0xAA, 0xAA, 0xAA, 0xAA, 0xAA, 
	0x00, 0x00, 0x00, 0x00, 0x00, 0x00, 0x00, 0x00, 0x00, 0x00, 0x00, 0x00, 0x00, 0x00, 0x00, 
	0x00, 0x00, 0x00, 0x00, 0x00, 0x00, 0x00, 0x00, 0x00, 0x00, 0x00, 0x00, 0x00, 0x00, 0x00, 
	0x00, 0x00, 0x00, 0x00, 0x00, 0x00, 0x00, 0x00, 0x00, 0x00, 0x00, 0x00, 0x00, 0x00, 0x00, 
	0x00, 0x00, 0x00, 0x00, 0x00, 0x00, 0x00, 0x00, 0x00, 0x00, 0x00, 0x00, 0x00, 0x00, 0x00, 
	0x00, 0x00, 0x00, 0x00, 0x00, 0x00, 0x00, 0x00, 0x00, 0x00, 0x00, 0x00, 0x00, 0x00, 0x00, 
	0x00, 0x00, 0x00, 0x00, 0x00, 0x00, 0x00, 0x00, 0x00, 0x00, 0x00, 0x00, 0x00, 0x00, 0x00, 
	0x11, 0x11, 0x22, 0x22, 0x11, 0x11, 0x23, 0x55, 0x65, 0x56, 0x66, 0x67, 0x78, 0x9A, 0xAA, 
	0xAB, 0xBB, 0xBB, 0xBB, 0xCB, 0xBB, 0xBB, 0xBB, 0xAA, 0xA9, 0x99, 0x99, 0x99, 0x99, 0x99, 
	0x98, 0x88, 0x88, 0x88, 0x87, 0x77, 0x77, 0x77, 0x76, 0x67, 0x77, 0x77, 0x77, 0x75, 0x43, 
	0x34, 0x56, 0x77, 0x76, 0x66, 0x55, 0x53, 0x33, 0x32, 0x33, 0x33, 0x33, 0x33, 0x33, 0x33, 
	0x33, 0x33, 0x33, 0x33, 0x34, 0x44, 0x55, 0x65, 0x55, 0x55, 0x56, 0x89, 0xBC, 0xEE, 0xEE, 
	0xEE, 0xEE, 0xEE, 0xEE, 0xFF, 0xFF, 0xEE, 0xEE, 0xEE, 0xED, 0xDD, 0xDD, 0xDD, 0xDD, 0xDD, 
	0xCC, 0xCC, 0xCC, 0xCC, 0xCC, 0xCC, 0xCD, 0xDD, 0xDD, 0xDD, 0xDD, 0xDD, 0xDE, 0xEE, 0xEF, 
	0xFE, 0xFF, 0xFF, 0xFF, 0xFF, 0xFF, 0xFF, 0xFF, 0xFF, 0xFF, 0xFF, 0xFF, 0xFF, 0xFF, 0xFF, 
	0xFF, 0xFF, 0xFF, 0xFF, 0xFF, 0xFE, 0xEE, 0xEE, 0xEE, 0xEE, 0xED, 0xED, 0xDD, 0xDD, 0xDC, 
	0xCB, 0xBB, 0xAA, 0xAA, 0xAA, 0xAA, 0x99, 0x88, 0x99, 0x98, 0x77, 0x88, 0x88, 0x88, 0x88, 
	0x88, 0x88, 0x88, 0x88, 0x98, 0x89, 0x99, 0x88, 0x88, 0x88, 0x88, 0x89, 0xAB, 0xA9, 0x89, 
	0x9A, 0xAA, 0xAB, 0xCB, 0xA9, 0x99, 0x99, 0x99, 0x99, 0x99, 0x99, 0x99, 0x99, 0x99, 0x99, 
	0x99, 0x99, 0x9A, 0xAA, 0xA9, 0x99, 0x99, 0x99, 0x99, 0x99, 0x99, 0x99, 0x99, 0x99, 0x99, 
	0xAA, 0xAA, 0xAA, 0xAA, 0xAA, 0xA9, 0x9A, 0xAA, 0xAA, 0xAA, 0xAA, 0xAA, 0xAA, 0xAA, 0xAA, 
	0x00, 0x00, 0x00, 0x00, 0x00, 0x00, 0x00, 0x00, 0x00, 0x00, 0x00, 0x00, 0x00, 0x00, 0x00, 
	0x00, 0x00, 0x00, 0x00, 0x00, 0x00, 0x00, 0x00, 0x00, 0x00, 0x00, 0x00, 0x00, 0x00, 0x00, 
	0x00, 0x00, 0x00, 0x00, 0x00, 0x00, 0x00, 0x00, 0x00, 0x00, 0x00, 0x00, 0x00, 0x00, 0x00, 
	0x00, 0x00, 0x00, 0x00, 0x00, 0x00, 0x00, 0x00, 0x00, 0x00, 0x00, 0x00, 0x00, 0x00, 0x00, 
	0x00, 0x00, 0x00, 0x00, 0x00, 0x00, 0x00, 0x00, 0x00, 0x00, 0x00, 0x00, 0x00, 0x00, 0x00, 
	0x00, 0x00, 0x00, 0x00, 0x00, 0x00, 0x00, 0x00, 0x00, 0x00, 0x00, 0x00, 0x00, 0x00, 0x00, 
	0x11, 0x12, 0x22, 0x21, 0x11, 0x11, 0x34, 0x55, 0x55, 0x66, 0x66, 0x66, 0x79, 0xAA, 0xAB, 
	0xBB, 0xBB, 0xBB, 0xBB, 0xBB, 0xBB, 0xBB, 0xBB, 0xAA, 0xA9, 0x99, 0x88, 0x89, 0x99, 0x99, 
	0x98, 0x88, 0x88, 0x88, 0x88, 0x88, 0x87, 0x78, 0x87, 0x78, 0x88, 0x88, 0x88, 0x76, 0x53, 
	0x34, 0x56, 0x76, 0x66, 0x66, 0x65, 0x43, 0x33, 0x33, 0x33, 0x33, 0x43, 0x33, 0x33, 0x33, 
	0x33, 0x33, 0x33, 0x33, 0x34, 0x44, 0x56, 0x66, 0x66, 0x66, 0x66, 0x79, 0xBC, 0xEE, 0xFF, 
	0xFF, 0xFE, 0xEE, 0xEE, 0xFF, 0xEE, 0xEE, 0xED, 0xDD, 0xDD, 0xDD, 0xDD, 0xDD, 0xDC, 0xCC, 
	0xCC, 0xCC, 0xCC, 0xCC, 0xCC, 0xCC, 0xCC, 0xCC, 0xCC, 0xCC, 0xCC, 0xDD, 0xDD, 0xEE, 0xEF, 
	0xFE, 0xFF, 0xFF, 0xFF, 0xFF, 0xFF, 0xFF, 0xFF, 0xFF, 0xFF, 0xFF, 0xFF, 0xFF, 0xFF, 0xFF, 
	0xFF, 0xFF, 0xFF, 0xFF, 0xFF, 0xFF, 0xFE, 0xEE, 0xEE, 0xEE, 0xEE, 0xED, 0xDD, 0xDD, 0xDD, 
	0xDD, 0xCC, 0xCB, 0xBC, 0xBA, 0x98, 0x88, 0x99, 0x99, 0x98, 0x77, 0x78, 0x88, 0x88, 0x88, 
	0x88, 0x88, 0x89, 0x99, 0x99, 0x99, 0x99, 0x99, 0x99, 0x99, 0x99, 0x9A, 0xBB, 0xA9, 0x89, 
	0xAA, 0xAA, 0xBC, 0xDC, 0xA9, 0x99, 0x99, 0x99, 0x99, 0x99, 0x99, 0x99, 0x99, 0x99, 0x99, 
	0x99, 0x99, 0x9A, 0xAA, 0x99, 0x99, 0x99, 0x99, 0x99, 0x99, 0x99, 0x99, 0x99, 0x99, 0x99, 
	0xAA, 0xAA, 0xAA, 0xAA, 0xAA, 0x99, 0x9A, 0xAA, 0xAA, 0xAA, 0xAA, 0xAA, 0xAA, 0xAA, 0xAA, 
	0x00, 0x00, 0x00, 0x00, 0x00, 0x00, 0x00, 0x00, 0x00, 0x00, 0x00, 0x00, 0x00, 0x00, 0x00, 
	0x00, 0x00, 0x00, 0x00, 0x00, 0x00, 0x00, 0x00, 0x00, 0x00, 0x00, 0x00, 0x00, 0x00, 0x00, 
	0x00, 0x00, 0x00, 0x00, 0x00, 0x00, 0x00, 0x00, 0x00, 0x00, 0x00, 0x00, 0x00, 0x00, 0x00, 
	0x00, 0x00, 0x00, 0x00, 0x00, 0x00, 0x00, 0x00, 0x00, 0x00, 0x00, 0x00, 0x00, 0x00, 0x00, 
	0x00, 0x00, 0x00, 0x00, 0x00, 0x00, 0x00, 0x00, 0x00, 0x00, 0x00, 0x00, 0x00, 0x00, 0x00, 
	0x00, 0x00, 0x00, 0x00, 0x00, 0x00, 0x00, 0x00, 0x00, 0x00, 0x00, 0x00, 0x00, 0x00, 0x00, 
	0x11, 0x12, 0x22, 0x11, 0x11, 0x12, 0x34, 0x55, 0x56, 0x66, 0x66, 0x77, 0x89, 0xAA, 0xAB, 
	0xBB, 0xBB, 0xBC, 0xCB, 0xBB, 0xBB, 0xBB, 0xBB, 0xBA, 0xA9, 0x99, 0x88, 0x89, 0x9A, 0xAA, 
	0x99, 0x99, 0x89, 0x99, 0x99, 0x99, 0x88, 0x88, 0x99, 0x99, 0x99, 0x99, 0x88, 0x87, 0x64, 
	0x44, 0x56, 0x66, 0x77, 0x66, 0x65, 0x54, 0x33, 0x33, 0x33, 0x33, 0x33, 0x33, 0x33, 0x33, 
	0x33, 0x33, 0x33, 0x43, 0x44, 0x45, 0x66, 0x77, 0x77, 0x77, 0x77, 0x79, 0xAC, 0xEE, 0xFF, 
	0xFF, 0xFF, 0xEE, 0xEF, 0xFE, 0xEE, 0xEE, 0xDD, 0xDD, 0xDD, 0xDD, 0xDD, 0xCC, 0xCC, 0xCC, 
	0xCC, 0xCC, 0xCC, 0xCC, 0xCC, 0xCC, 0xCC, 0xCC, 0xCC, 0xCC, 0xCC, 0xCC, 0xCD, 0xDE, 0xEF, 
	0xFF, 0xFF, 0xFF, 0xFF, 0xFF, 0xFF, 0xFF, 0xFF, 0xFF, 0xFF, 0xFF, 0xFF, 0xFF, 0xFF, 0xFF, 
	0xFF, 0xFF, 0xFF, 0xFF, 0xFF, 0xFF, 0xFE, 0xFE, 0xEE, 0xEE, 0xED, 0xDD, 0xDD, 0xCC, 0xCC, 
	0xDC, 0xCC, 0xCC, 0xCC, 0xCB, 0x99, 0x89, 0x99, 0x98, 0x99, 0x88, 0x88, 0x89, 0x99, 0x88, 
	0x88, 0x88, 0x99, 0x99, 0x99, 0x9A, 0xAA, 0xAA, 0xAA, 0xAA, 0xAA, 0xAB, 0xBA, 0xA8, 0x89, 
	0xAA, 0xAA, 0xBC, 0xDB, 0xA9, 0x99, 0x99, 0x99, 0x99, 0x99, 0x99, 0x99, 0x99, 0x99, 0x99, 
	0x99, 0x99, 0x9A, 0xA9, 0x99, 0x99, 0x99, 0x99, 0x99, 0x99, 0x99, 0x99, 0x99, 0x99, 0x99, 
	0x9A, 0xAA, 0xAA, 0xAA, 0xAA, 0x99, 0x99, 0xAA, 0xAA, 0xAA, 0xAA, 0xAA, 0xAA, 0xAA, 0xAA, 
	0x00, 0x00, 0x00, 0x00, 0x00, 0x00, 0x00, 0x00, 0x00, 0x00, 0x00, 0x00, 0x00, 0x00, 0x00, 
	0x00, 0x00, 0x00, 0x00, 0x00, 0x00, 0x00, 0x00, 0x00, 0x00, 0x00, 0x00, 0x00, 0x00, 0x00, 
	0x00, 0x00, 0x00, 0x00, 0x00, 0x00, 0x00, 0x00, 0x00, 0x00, 0x00, 0x00, 0x00, 0x00, 0x00, 
	0x00, 0x00, 0x00, 0x00, 0x00, 0x00, 0x00, 0x00, 0x00, 0x00, 0x00, 0x00, 0x00, 0x00, 0x00, 
	0x00, 0x00, 0x00, 0x00, 0x00, 0x00, 0x00, 0x00, 0x00, 0x00, 0x00, 0x00, 0x00, 0x00, 0x00, 
	0x00, 0x00, 0x00, 0x00, 0x00, 0x00, 0x00, 0x00, 0x00, 0x00, 0x00, 0x00, 0x00, 0x00, 0x00, 
	0x11, 0x22, 0x22, 0x11, 0x11, 0x23, 0x44, 0x45, 0x56, 0x67, 0x77, 0x78, 0x99, 0xAA, 0xBB, 
	0xBB, 0xBB, 0xCC, 0xCC, 0xBB, 0xBB, 0xBB, 0xBA, 0xAA, 0xAA, 0x99, 0x88, 0x89, 0x9A, 0xAA, 
	0xAA, 0xAA, 0x99, 0xAA, 0xAA, 0xAA, 0x99, 0x88, 0x99, 0x9A, 0xAA, 0xA9, 0x99, 0x98, 0x64, 
	0x44, 0x57, 0x76, 0x77, 0x76, 0x65, 0x54, 0x32, 0x33, 0x33, 0x33, 0x33, 0x33, 0x33, 0x33, 
	0x33, 0x33, 0x34, 0x44, 0x34, 0x56, 0x78, 0x99, 0x88, 0x89, 0x99, 0xAB, 0xCD, 0xEE, 0xFF, 
	0xFF, 0xFF, 0xEF, 0xFF, 0xEE, 0xEE, 0xED, 0xDD, 0xDD, 0xDD, 0xDD, 0xDD, 0xCC, 0xCC, 0xCC, 
	0xCC, 0xCC, 0xCC, 0xCC, 0xCC, 0xCC, 0xCC, 0xCC, 0xCC, 0xCC, 0xCC, 0xCC, 0xCC, 0xDE, 0xEE, 
	0xEF, 0xFF, 0xFF, 0xFF, 0xFF, 0xFF, 0xFF, 0xFF, 0xFF, 0xFF, 0xFF, 0xFF, 0xFF, 0xFF, 0xFF, 
	0xFF, 0xFF, 0xFF, 0xFF, 0xFF, 0xFF, 0xFF, 0xFF, 0xFE, 0xEE, 0xDD, 0xDC, 0xCD, 0xCC, 0xCC, 
	0xCC, 0xBB, 0xBB, 0xBB, 0xBB, 0xBA, 0xAA, 0xA9, 0xA9, 0x99, 0x99, 0x98, 0x98, 0x89, 0x98, 
	0x88, 0x88, 0x88, 0x99, 0x99, 0x99, 0xAA, 0xAA, 0xAA, 0xAA, 0xAA, 0xAB, 0xAA, 0x98, 0x99, 
	0xAA, 0x9A, 0xAC, 0xCC, 0xA9, 0x99, 0x99, 0x99, 0x99, 0x99, 0x99, 0x99, 0x99, 0x99, 0x99, 
	0x99, 0x99, 0x9A, 0xA9, 0x99, 0x99, 0x99, 0x99, 0x99, 0x99, 0x99, 0x99, 0x99, 0x99, 0x9A, 
	0xAA, 0xAA, 0xAA, 0xAA, 0xA9, 0x99, 0x9A, 0xA9, 0xAA, 0xAA, 0xAA, 0xAA, 0xAA, 0xAA, 0xAA, 
	0x00, 0x00, 0x00, 0x00, 0x00, 0x00, 0x00, 0x00, 0x00, 0x00, 0x00, 0x00, 0x00, 0x00, 0x00, 
	0x00, 0x00, 0x00, 0x00, 0x00, 0x00, 0x00, 0x00, 0x00, 0x00, 0x00, 0x00, 0x00, 0x00, 0x00, 
	0x00, 0x00, 0x00, 0x00, 0x00, 0x00, 0x00, 0x00, 0x00, 0x00, 0x00, 0x00, 0x00, 0x00, 0x00, 
	0x00, 0x00, 0x00, 0x00, 0x00, 0x00, 0x00, 0x00, 0x00, 0x00, 0x00, 0x00, 0x00, 0x00, 0x00, 
	0x00, 0x00, 0x00, 0x00, 0x00, 0x00, 0x00, 0x00, 0x00, 0x00, 0x00, 0x00, 0x00, 0x00, 0x00, 
	0x00, 0x00, 0x00, 0x00, 0x00, 0x00, 0x00, 0x00, 0x00, 0x00, 0x00, 0x00, 0x00, 0x00, 0x00, 
	0x11, 0x22, 0x21, 0x11, 0x12, 0x24, 0x44, 0x45, 0x55, 0x66, 0x67, 0x78, 0x9A, 0xAB, 0xBB, 
	0xBB, 0xBB, 0xCC, 0xCC, 0xBB, 0xBB, 0xBB, 0xBA, 0xAA, 0x99, 0x99, 0x99, 0x99, 0x99, 0xAA, 
	0xBB, 0xBA, 0xAA, 0xAA, 0xAA, 0xAB, 0xBA, 0xA9, 0x9A, 0xAA, 0xBB, 0xBB, 0xAA, 0xA9, 0x75, 
	0x44, 0x46, 0x77, 0x77, 0x67, 0x65, 0x54, 0x33, 0x33, 0x33, 0x33, 0x33, 0x33, 0x33, 0x33, 
	0x33, 0x33, 0x44, 0x34, 0x45, 0x68, 0x99, 0xAA, 0xA9, 0x9A, 0xBB, 0xCD, 0xEE, 0xEF, 0xFF, 
	0xFF, 0xFF, 0xFF, 0xFF, 0xEE, 0xEE, 0xDD, 0xDD, 0xDD, 0xDD, 0xDD, 0xDD, 0xCC, 0xCC, 0xCC, 
	0xCC, 0xCC, 0xCC, 0xCC, 0xCC, 0xCC, 0xCC, 0xCC, 0xCC, 0xCC, 0xBB, 0xBB, 0xCC, 0xDD, 0xEE, 
	0xFF, 0xFF, 0xFF, 0xFF, 0xFF, 0xFF, 0xFF, 0xFF, 0xFF, 0xFF, 0xFF, 0xFF, 0xFF, 0xFF, 0xFF, 
	0xFF, 0xFF, 0xFF, 0xFF, 0xFF, 0xFF, 0xFF, 0xFF, 0xFE, 0xEE, 0xEE, 0xDD, 0xDD, 0xDD, 0xDC, 
	0xBB, 0xAA, 0xAB, 0xBB, 0xBB, 0xBB, 0xBA, 0xAA, 0xAA, 0x9A, 0xAA, 0x99, 0x88, 0x89, 0x98, 
	0x88, 0x88, 0x89, 0x99, 0x99, 0x99, 0xAA, 0xAA, 0xAA, 0xAA, 0xA9, 0xAA, 0xAA, 0x98, 0x99, 
	0x99, 0x9A, 0xAB, 0xCC, 0xA9, 0x99, 0x99, 0x99, 0x99, 0x99, 0x99, 0x99, 0x99, 0x99, 0x99, 
	0x99, 0x99, 0x9A, 0x99, 0x99, 0x99, 0x99, 0x99, 0x99, 0x99, 0x99, 0x99, 0x99, 0x99, 0x9A, 
	0xAA, 0xAA, 0xAA, 0xAA, 0x99, 0x99, 0x9A, 0xAA, 0xAA, 0xAA, 0xAA, 0xAA, 0xAA, 0xAA, 0xAA, 
	0x00, 0x00, 0x00, 0x00, 0x00, 0x00, 0x00, 0x00, 0x00, 0x00, 0x00, 0x00, 0x00, 0x00, 0x00, 
	0x00, 0x00, 0x00, 0x00, 0x00, 0x00, 0x00, 0x00, 0x00, 0x00, 0x00, 0x00, 0x00, 0x00, 0x00, 
	0x00, 0x00, 0x00, 0x00, 0x00, 0x00, 0x00, 0x00, 0x00, 0x00, 0x00, 0x00, 0x00, 0x00, 0x00, 
	0x00, 0x00, 0x00, 0x00, 0x00, 0x00, 0x00, 0x00, 0x00, 0x00, 0x00, 0x00, 0x00, 0x00, 0x00, 
	0x00, 0x00, 0x00, 0x00, 0x00, 0x00, 0x00, 0x00, 0x00, 0x00, 0x00, 0x00, 0x00, 0x00, 0x00, 
	0x00, 0x00, 0x00, 0x00, 0x00, 0x00, 0x00, 0x00, 0x00, 0x00, 0x00, 0x00, 0x00, 0x00, 0x00, 
	0x12, 0x22, 0x11, 0x11, 0x22, 0x34, 0x44, 0x55, 0x55, 0x66, 0x67, 0x78, 0x99, 0xAB, 0xBB, 
	0xBB, 0xCC, 0xBB, 0xBB, 0xBB, 0xBB, 0xBB, 0xAA, 0xA9, 0x99, 0x99, 0x99, 0x99, 0x99, 0xAA, 
	0xAB, 0xBB, 0xBB, 0xBB, 0xBA, 0xBB, 0xBB, 0xAA, 0xAB, 0xBB, 0xCC, 0xCB, 0xBB, 0xBA, 0x86, 
	0x44, 0x45, 0x77, 0x77, 0x77, 0x65, 0x55, 0x43, 0x33, 0x33, 0x33, 0x33, 0x33, 0x33, 0x33, 
	0x34, 0x33, 0x34, 0x46, 0x78, 0x9A, 0xBA, 0xBB, 0xCB, 0xCC, 0xCD, 0xDE, 0xEF, 0xFF, 0xFF, 
	0xFF, 0xFF, 0xFF, 0xFF, 0xFE, 0xEE, 0xDD, 0xDD, 0xDC, 0xCC, 0xDD, 0xDD, 0xCC, 0xCC, 0xCC, 
	0xCC, 0xCC, 0xCC, 0xCC, 0xCC, 0xCC, 0xCC, 0xCC, 0xCB, 0xBB, 0xBB, 0xBB, 0xBC, 0xCD, 0xDE, 
	0xEF, 0xFF, 0xFF, 0xFF, 0xFF, 0xFF, 0xFF, 0xFF, 0xFF, 0xFF, 0xFF, 0xFF, 0xFF, 0xFF, 0xFF, 
	0xFF, 0xFF, 0xFF, 0xFF, 0xFF, 0xFF, 0xFF, 0xFF, 0xEE, 0xEE, 0xEE, 0xEE, 0xDD, 0xDD, 0xDC, 
	0xCC, 0xBA, 0xBB, 0xBA, 0xAA, 0xAB, 0xBB, 0xAA, 0xAA, 0x9A, 0xAA, 0x98, 0x88, 0x88, 0x88, 
	0x88, 0x88, 0x99, 0x99, 0x99, 0x99, 0x9A, 0xAA, 0xAA, 0xAA, 0x99, 0xAA, 0xA9, 0x88, 0x99, 
	0x99, 0x9A, 0xAB, 0xCC, 0xA9, 0x99, 0x99, 0x99, 0x99, 0x99, 0x99, 0x99, 0x99, 0x99, 0x99, 
	0x99, 0x99, 0xAA, 0x99, 0x99, 0x99, 0x99, 0x99, 0x99, 0x99, 0x99, 0x99, 0x99, 0x99, 0x9A, 
	0xAA, 0xAA, 0xAA, 0xAA, 0x99, 0x99, 0xAA, 0xAA, 0xAA, 0xAA, 0xAA, 0xAA, 0xAA, 0xAA, 0xAA, 
	0x00, 0x00, 0x00, 0x00, 0x00, 0x00, 0x00, 0x00, 0x00, 0x00, 0x00, 0x00, 0x00, 0x00, 0x00, 
	0x00, 0x00, 0x00, 0x00, 0x00, 0x00, 0x00, 0x00, 0x00, 0x00, 0x00, 0x00, 0x00, 0x00, 0x00, 
	0x00, 0x00, 0x00, 0x00, 0x00, 0x00, 0x00, 0x00, 0x00, 0x00, 0x00, 0x00, 0x00, 0x00, 0x00, 
	0x00, 0x00, 0x00, 0x00, 0x00, 0x00, 0x00, 0x00, 0x00, 0x00, 0x00, 0x00, 0x00, 0x00, 0x00, 
	0x00, 0x00, 0x00, 0x00, 0x00, 0x00, 0x00, 0x00, 0x00, 0x00, 0x00, 0x00, 0x00, 0x00, 0x00, 
	0x00, 0x00, 0x00, 0x00, 0x00, 0x00, 0x00, 0x00, 0x00, 0x00, 0x00, 0x00, 0x00, 0x00, 0x00, 
	0x22, 0x21, 0x11, 0x11, 0x23, 0x44, 0x45, 0x55, 0x55, 0x66, 0x67, 0x78, 0x99, 0xAB, 0xBB, 
	0xBB, 0xCC, 0xBB, 0xBB, 0xBB, 0xBB, 0xBB, 0xAA, 0xA9, 0x99, 0x99, 0x99, 0x99, 0xAA, 0x9A, 
	0xAA, 0xBB, 0xBB, 0xBB, 0xBB, 0xBB, 0xBB, 0xBB, 0xBC, 0xCC, 0xCC, 0xCC, 0xCB, 0xBA, 0x97, 
	0x64, 0x44, 0x67, 0x77, 0x77, 0x76, 0x55, 0x43, 0x33, 0x33, 0x33, 0x33, 0x33, 0x33, 0x33, 
	0x34, 0x44, 0x45, 0x78, 0xAB, 0xCB, 0xBB, 0xBC, 0xDD, 0xDD, 0xEE, 0xEE, 0xFF, 0xFF, 0xFF, 
	0xFF, 0xFF, 0xFF, 0xFF, 0xEE, 0xEE, 0xDD, 0xDD, 0xDC, 0xCC, 0xDD, 0xCC, 0xCC, 0xCC, 0xCC, 
	0xCC, 0xBB, 0xBB, 0xBC, 0xCC, 0xCC, 0xCB, 0xBB, 0xBB, 0xBB, 0xBB, 0xAA, 0xBC, 0xCD, 0xDD, 
	0xEF, 0xFF, 0xFF, 0xFF, 0xFF, 0xFF, 0xFF, 0xFF, 0xFF, 0xFF, 0xFF, 0xFF, 0xFF, 0xFF, 0xFF, 
	0xFF, 0xFF, 0xFF, 0xFF, 0xFF, 0xFF, 0xFF, 0xEE, 0xEE, 0xEE, 0xEE, 0xED, 0xDD, 0xDD, 0xDD, 
	0xCC, 0xBB, 0xBB, 0xAA, 0xAA, 0xAA, 0xAA, 0xAA, 0xAA, 0xAA, 0xA9, 0x99, 0x88, 0x88, 0x88, 
	0x88, 0x88, 0x89, 0x99, 0x99, 0x99, 0xAA, 0xAA, 0xAA, 0xAA, 0x9A, 0xAA, 0xA9, 0x89, 0x99, 
	0x99, 0x99, 0xAA, 0xCC, 0xB9, 0x99, 0x99, 0x99, 0x99, 0x99, 0x99, 0x99, 0x99, 0x99, 0x99, 
	0x99, 0x9A, 0xAA, 0x99, 0x99, 0x99, 0x99, 0x99, 0x99, 0x99, 0x99, 0x99, 0x99, 0x99, 0x9A, 
	0xAA, 0xAA, 0xAA, 0xA9, 0x99, 0x99, 0xAA, 0xA9, 0xAA, 0xAA, 0xAA, 0xAA, 0xAA, 0xAA, 0xAA, 
	0x00, 0x00, 0x00, 0x00, 0x00, 0x00, 0x00, 0x00, 0x00, 0x00, 0x00, 0x00, 0x00, 0x00, 0x00, 
	0x00, 0x00, 0x00, 0x00, 0x00, 0x00, 0x00, 0x00, 0x00, 0x00, 0x00, 0x00, 0x00, 0x00, 0x00, 
	0x00, 0x00, 0x00, 0x00, 0x00, 0x00, 0x00, 0x00, 0x00, 0x00, 0x00, 0x00, 0x00, 0x00, 0x00, 
	0x00, 0x00, 0x00, 0x00, 0x00, 0x00, 0x00, 0x00, 0x00, 0x00, 0x00, 0x00, 0x00, 0x00, 0x00, 
	0x00, 0x00, 0x00, 0x00, 0x00, 0x00, 0x00, 0x00, 0x00, 0x00, 0x00, 0x00, 0x00, 0x00, 0x00, 
	0x00, 0x00, 0x00, 0x00, 0x00, 0x00, 0x00, 0x00, 0x00, 0x00, 0x00, 0x00, 0x00, 0x00, 0x00, 
	0x22, 0x21, 0x11, 0x12, 0x34, 0x44, 0x45, 0x55, 0x55, 0x56, 0x67, 0x88, 0x99, 0xAB, 0xBB, 
	0xBB, 0xCC, 0xBB, 0xBB, 0xBB, 0xBB, 0xAA, 0xAA, 0xA9, 0x99, 0xAA, 0xAA, 0x99, 0x99, 0x9A, 
	0xAA, 0xAB, 0xBB, 0xBC, 0xCB, 0xBB, 0xBC, 0xCC, 0xCC, 0xCC, 0xCD, 0xDC, 0xCC, 0xBB, 0xA9, 
	0x76, 0x44, 0x56, 0x77, 0x77, 0x76, 0x55, 0x54, 0x33, 0x33, 0x33, 0x33, 0x33, 0x33, 0x33, 
	0x33, 0x45, 0x68, 0x9B, 0xCD, 0xDC, 0xCD, 0xCD, 0xDE, 0xEE, 0xEE, 0xFF, 0xFF, 0xFF, 0xFF, 
	0xFF, 0xFF, 0xFF, 0xFF, 0xEE, 0xEE, 0xDD, 0xDD, 0xDC, 0xCC, 0xCC, 0xCC, 0xCC, 0xCC, 0xCC, 
	0xCC, 0xBB, 0xBB, 0xBB, 0xCC, 0xCC, 0xCB, 0xBB, 0xBB, 0xAA, 0xAA, 0xAA, 0xBB, 0xCC, 0xCD, 
	0xEF, 0xFF, 0xFF, 0xFF, 0xFF, 0xFF, 0xFF, 0xFF, 0xFF, 0xFF, 0xFF, 0xFF, 0xFF, 0xFF, 0xFF, 
	0xFF, 0xFF, 0xFF, 0xFF, 0xFF, 0xFF, 0xFF, 0xEE, 0xEE, 0xEE, 0xDD, 0xDD, 0xDD, 0xDD, 0xDC, 
	0xCC, 0xBB, 0xAA, 0xAA, 0xBB, 0xAA, 0xA9, 0xAA, 0xAA, 0xAA, 0xAA, 0x99, 0x99, 0x98, 0x89, 
	0x88, 0x88, 0x89, 0x99, 0x99, 0x9A, 0xAA, 0xAA, 0xA9, 0xA9, 0x9A, 0xAA, 0xA9, 0x89, 0x99, 
	0x99, 0x99, 0xAA, 0xCC, 0xB9, 0x99, 0x99, 0x99, 0x99, 0x99, 0x99, 0x99, 0x99, 0x99, 0x99, 
	0x99, 0x9A, 0xA9, 0x99, 0x99, 0x99, 0x99, 0x99, 0x99, 0x99, 0x99, 0x99, 0x99, 0x99, 0xAA, 
	0xAA, 0xAA, 0xAA, 0xA9, 0x99, 0x9A, 0xAA, 0xA9, 0xAA, 0xAA, 0xAA, 0xAA, 0xAA, 0xAA, 0xAA, 
	0x00, 0x00, 0x00, 0x00, 0x00, 0x00, 0x00, 0x00, 0x00, 0x00, 0x00, 0x00, 0x00, 0x00, 0x00, 
	0x00, 0x00, 0x00, 0x00, 0x00, 0x00, 0x00, 0x00, 0x00, 0x00, 0x00, 0x00, 0x00, 0x00, 0x00, 
	0x00, 0x00, 0x00, 0x00, 0x00, 0x00, 0x00, 0x00, 0x00, 0x00, 0x00, 0x00, 0x00, 0x00, 0x00, 
	0x00, 0x00, 0x00, 0x00, 0x00, 0x00, 0x00, 0x00, 0x00, 0x00, 0x00, 0x00, 0x00, 0x00, 0x00, 
	0x00, 0x00, 0x00, 0x00, 0x00, 0x00, 0x00, 0x00, 0x00, 0x00, 0x00, 0x00, 0x00, 0x00, 0x00, 
	0x00, 0x00, 0x00, 0x00, 0x00, 0x00, 0x00, 0x00, 0x00, 0x00, 0x00, 0x00, 0x00, 0x00, 0x00, 
	0x22, 0x11, 0x11, 0x23, 0x44, 0x55, 0x45, 0x45, 0x55, 0x56, 0x67, 0x88, 0x99, 0xAA, 0xBB, 
	0xBB, 0xCC, 0xCB, 0xBB, 0xBB, 0xBB, 0xAA, 0xAA, 0x99, 0x99, 0xAA, 0xAA, 0xAA, 0xA9, 0x99, 
	0xAA, 0xAA, 0xAA, 0xBC, 0xCC, 0xCC, 0xBB, 0xCC, 0xCC, 0xCC, 0xCC, 0xCC, 0xCC, 0xCB, 0xBA, 
	0x97, 0x65, 0x44, 0x56, 0x77, 0x76, 0x66, 0x65, 0x43, 0x33, 0x33, 0x33, 0x33, 0x33, 0x34, 
	0x44, 0x57, 0x9A, 0xCC, 0xDD, 0xDD, 0xDE, 0xEE, 0xEE, 0xEE, 0xEF, 0xFF, 0xFF, 0xFF, 0xFF, 
	0xFF, 0xFF, 0xFF, 0xFE, 0xFE, 0xEE, 0xDD, 0xDD, 0xCC, 0xCC, 0xCC, 0xCC, 0xCC, 0xCC, 0xCC, 
	0xCB, 0xBB, 0xBB, 0xBB, 0xBB, 0xBC, 0xBB, 0xBB, 0xBA, 0x99, 0x99, 0xAA, 0xAB, 0xBB, 0xBD, 
	0xEF, 0xFF, 0xFF, 0xFF, 0xFF, 0xFF, 0xFF, 0xFF, 0xFF, 0xFF, 0xFF, 0xFF, 0xFF, 0xFF, 0xFF, 
	0xFF, 0xFF, 0xFF, 0xFF, 0xFF, 0xFF, 0xFF, 0xEE, 0xEE, 0xEE, 0xDD, 0xDD, 0xDD, 0xDC, 0xCC, 
	0xBB, 0xBA, 0xAA, 0xAA, 0xAA, 0xA9, 0xAA, 0xAA, 0xAA, 0xAA, 0xAA, 0xAA, 0x99, 0x99, 0x99, 
	0x98, 0x99, 0x88, 0x99, 0x99, 0x9A, 0xAA, 0xAA, 0xAA, 0x99, 0x9A, 0xAA, 0x98, 0x99, 0x98, 
	0x99, 0x99, 0x9A, 0xBC, 0xCA, 0x99, 0x99, 0x99, 0x99, 0x99, 0x99, 0x99, 0x99, 0x99, 0x99, 
	0x99, 0x9A, 0x99, 0x99, 0x99, 0x99, 0x99, 0x99, 0x99, 0x99, 0x99, 0x99, 0x99, 0x99, 0xAA, 
	0xAA, 0xAA, 0xAA, 0xA9, 0x99, 0x99, 0xAA, 0xAA, 0xAA, 0xAA, 0xAA, 0xAA, 0xAA, 0xAA, 0xAA, 
	0x00, 0x00, 0x00, 0x00, 0x00, 0x00, 0x00, 0x00, 0x00, 0x00, 0x00, 0x00, 0x00, 0x00, 0x00, 
	0x00, 0x00, 0x00, 0x00, 0x00, 0x00, 0x00, 0x00, 0x00, 0x00, 0x00, 0x00, 0x00, 0x00, 0x00, 
	0x00, 0x00, 0x00, 0x00, 0x00, 0x00, 0x00, 0x00, 0x00, 0x00, 0x00, 0x00, 0x00, 0x00, 0x00, 
	0x00, 0x00, 0x00, 0x00, 0x00, 0x00, 0x00, 0x00, 0x00, 0x00, 0x00, 0x00, 0x00, 0x00, 0x00, 
	0x00, 0x00, 0x00, 0x00, 0x00, 0x00, 0x00, 0x00, 0x00, 0x00, 0x00, 0x00, 0x00, 0x00, 0x00, 
	0x00, 0x00, 0x00, 0x00, 0x00, 0x00, 0x00, 0x00, 0x00, 0x00, 0x00, 0x00, 0x00, 0x00, 0x00, 
	0x21, 0x11, 0x12, 0x24, 0x44, 0x44, 0x44, 0x45, 0x55, 0x56, 0x67, 0x88, 0x99, 0xAA, 0xBB, 
	0xBB, 0xCC, 0xCC, 0xBB, 0xBB, 0xBA, 0xAA, 0xA9, 0x99, 0x99, 0xAA, 0xAA, 0xBB, 0xBA, 0xA9, 
	0xAA, 0xBA, 0xAA, 0xBB, 0xCC, 0xCC, 0xCC, 0xCC, 0xCC, 0xCC, 0xCC, 0xCC, 0xCC, 0xCB, 0xBA, 
	0xA9, 0x76, 0x55, 0x44, 0x67, 0x77, 0x76, 0x66, 0x54, 0x33, 0x33, 0x34, 0x33, 0x34, 0x44, 
	0x56, 0x89, 0xBC, 0xDE, 0xEE, 0xEE, 0xEE, 0xEE, 0xEE, 0xFF, 0xFF, 0xFF, 0xFF, 0xFF, 0xFF, 
	0xFF, 0xFF, 0xFF, 0xFE, 0xEE, 0xED, 0xDD, 0xCC, 0xCC, 0xCC, 0xCB, 0xBB, 0xBB, 0xBB, 0xBB, 
	0xBB, 0xBB, 0xBB, 0xBB, 0xBB, 0xBB, 0xBB, 0xBB, 0xA9, 0x88, 0x99, 0x9A, 0xAA, 0xAA, 0xCE, 
	0xFF, 0xFF, 0xFF, 0xFF, 0xFF, 0xFF, 0xFF, 0xFF, 0xFF, 0xFF, 0xFF, 0xFF, 0xFF, 0xFF, 0xFF, 
	0xFF, 0xFF, 0xFF, 0xFF, 0xFF, 0xFF, 0xFF, 0xEE, 0xEE, 0xEE, 0xEE, 0xED, 0xDD, 0xDC, 0xCC, 
	0xBB, 0xBB, 0xBA, 0xAA, 0xAA, 0xAA, 0xAA, 0xA9, 0x9A, 0xAA, 0xBB, 0xAA, 0x99, 0x99, 0x99, 
	0x99, 0x99, 0x98, 0x89, 0x99, 0x99, 0x99, 0x9A, 0xAA, 0x99, 0x9A, 0xAA, 0x98, 0x99, 0x98, 
	0x89, 0x99, 0x9A, 0xBC, 0xCA, 0x99, 0x99, 0x99, 0x99, 0x99, 0x99, 0x99, 0x99, 0x99, 0x99, 
	0x99, 0xAA, 0x99, 0x99, 0x99, 0x99, 0x99, 0x99, 0x99, 0x99, 0x99, 0x99, 0x99, 0x99, 0xAA, 
	0xAA, 0xAA, 0xAA, 0x99, 0x99, 0x99, 0x9A, 0xAA, 0xAA, 0xAA, 0xAA, 0xAA, 0xAA, 0xAA, 0xAA, 
	0x00, 0x00, 0x00, 0x00, 0x00, 0x00, 0x00, 0x00, 0x00, 0x00, 0x00, 0x00, 0x00, 0x00, 0x00, 
	0x00, 0x00, 0x00, 0x00, 0x00, 0x00, 0x00, 0x00, 0x00, 0x00, 0x00, 0x00, 0x00, 0x00, 0x00, 
	0x00, 0x00, 0x00, 0x00, 0x00, 0x00, 0x00, 0x00, 0x00, 0x00, 0x00, 0x00, 0x00, 0x00, 0x00, 
	0x00, 0x00, 0x00, 0x00, 0x00, 0x00, 0x00, 0x00, 0x00, 0x00, 0x00, 0x00, 0x00, 0x00, 0x00, 
	0x00, 0x00, 0x00, 0x00, 0x00, 0x00, 0x00, 0x00, 0x00, 0x00, 0x00, 0x00, 0x00, 0x00, 0x00, 
	0x00, 0x00, 0x00, 0x00, 0x00, 0x00, 0x00, 0x00, 0x00, 0x00, 0x00, 0x00, 0x00, 0x00, 0x00, 
	0x11, 0x11, 0x12, 0x34, 0x44, 0x44, 0x44, 0x55, 0x55, 0x66, 0x77, 0x89, 0x9A, 0xAA, 0xBB, 
	0xBB, 0xBB, 0xCC, 0xBB, 0xBB, 0xAA, 0xAA, 0xA9, 0x99, 0x99, 0x9A, 0xAA, 0xBB, 0xBB, 0xBA, 
	0xAA, 0xBB, 0xBB, 0xBB, 0xBC, 0xCC, 0xCC, 0xCC, 0xCC, 0xBC, 0xCC, 0xCC, 0xCC, 0xCB, 0xBA, 
	0xA9, 0x98, 0x66, 0x55, 0x55, 0x56, 0x66, 0x66, 0x65, 0x44, 0x44, 0x44, 0x44, 0x45, 0x67, 
	0x89, 0xAC, 0xDD, 0xEE, 0xEE, 0xFF, 0xFF, 0xFF, 0xFF, 0xFF, 0xFF, 0xFF, 0xFF, 0xFF, 0xFF, 
	0xFF, 0xFF, 0xFF, 0xFE, 0xEE, 0xED, 0xDC, 0xCC, 0xCB, 0xBB, 0xBB, 0xBB, 0xBB, 0xBB, 0xBB, 
	0xBB, 0xBB, 0xBB, 0xBB, 0xBB, 0xBB, 0xBB, 0xBA, 0x87, 0x78, 0x89, 0x99, 0x99, 0x9A, 0xDE, 
	0xFF, 0xFF, 0xFF, 0xFF, 0xFF, 0xFF, 0xFF, 0xFF, 0xFF, 0xFF, 0xFF, 0xFF, 0xFF, 0xFF, 0xFF, 
	0xFF, 0xFF, 0xFF, 0xFF, 0xFF, 0xFF, 0xFF, 0xEE, 0xEE, 0xEE, 0xED, 0xDD, 0xDD, 0xDC, 0xCC, 
	0xCC, 0xCC, 0xCC, 0xBB, 0xAA, 0xA9, 0x99, 0xA9, 0x9A, 0xAA, 0xAA, 0xAA, 0x99, 0x89, 0x99, 
	0x99, 0x89, 0x99, 0x98, 0x88, 0x88, 0x88, 0x99, 0x99, 0x99, 0xAA, 0xA9, 0x98, 0x99, 0x98, 
	0x89, 0x99, 0x9A, 0xBC, 0xCA, 0x99, 0x99, 0x99, 0x99, 0x99, 0x99, 0x99, 0x99, 0x99, 0x99, 
	0x9A, 0xAA, 0x99, 0x99, 0x99, 0x99, 0x99, 0x99, 0x99, 0x99, 0x99, 0x99, 0x99, 0x9A, 0xAA, 
	0xAA, 0xAA, 0xA9, 0x99, 0x99, 0x99, 0x99, 0x99, 0xAA, 0xAA, 0xAA, 0xAA, 0xAA, 0xAA, 0xAA, 
	0x00, 0x00, 0x00, 0x00, 0x00, 0x00, 0x00, 0x00, 0x00, 0x00, 0x00, 0x00, 0x00, 0x00, 0x00, 
	0x00, 0x00, 0x00, 0x00, 0x00, 0x00, 0x00, 0x00, 0x00, 0x00, 0x00, 0x00, 0x00, 0x00, 0x00, 
	0x00, 0x00, 0x00, 0x00, 0x00, 0x00, 0x00, 0x00, 0x00, 0x00, 0x00, 0x00, 0x00, 0x00, 0x00, 
	0x00, 0x00, 0x00, 0x00, 0x00, 0x00, 0x00, 0x00, 0x00, 0x00, 0x00, 0x00, 0x00, 0x00, 0x00, 
	0x00, 0x00, 0x00, 0x00, 0x00, 0x00, 0x00, 0x00, 0x00, 0x00, 0x00, 0x00, 0x00, 0x00, 0x00, 
	0x00, 0x00, 0x00, 0x00, 0x00, 0x00, 0x00, 0x00, 0x00, 0x00, 0x00, 0x00, 0x00, 0x00, 0x00, 
	0x11, 0x11, 0x23, 0x44, 0x44, 0x44, 0x44, 0x45, 0x56, 0x66, 0x77, 0x89, 0x9A, 0xAB, 0xBB, 
	0xBB, 0xBC, 0xBB, 0xBB, 0xBA, 0xAA, 0xAA, 0x99, 0x99, 0x99, 0x99, 0xAA, 0xBB, 0xBB, 0xBB, 
	0xBB, 0xBB, 0xBB, 0xBB, 0xBB, 0xBB, 0xBC, 0xCB, 0xBB, 0xBB, 0xCC, 0xCC, 0xCC, 0xCC, 0xBB, 
	0xBA, 0xA9, 0x88, 0x76, 0x66, 0x66, 0x56, 0x66, 0x76, 0x66, 0x66, 0x66, 0x66, 0x78, 0x9A, 
	0xBC, 0xDD, 0xEE, 0xEE, 0xFF, 0xFF, 0xFF, 0xFF, 0xFF, 0xFF, 0xFF, 0xFF, 0xFF, 0xFF, 0xFF, 
	0xFF, 0xFF, 0xFF, 0xEE, 0xEE, 0xED, 0xCC, 0xCB, 0xBB, 0xBA, 0xAB, 0xBB, 0xBB, 0xBB, 0xBB, 
	0xBB, 0xBB, 0xBB, 0xAA, 0xBB, 0xBB, 0xBB, 0xA9, 0x76, 0x77, 0x88, 0x88, 0x89, 0x9C, 0xEF, 
	0xFF, 0xFF, 0xFF, 0xFF, 0xFF, 0xFF, 0xFF, 0xFF, 0xFF, 0xFF, 0xFF, 0xFF, 0xFF, 0xFF, 0xFF, 
	0xFF, 0xFF, 0xFF, 0xFF, 0xFF, 0xFF, 0xFE, 0xEE, 0xEE, 0xEE, 0xEE, 0xED, 0xDD, 0xDC, 0xCC, 
	0xCC, 0xCC, 0xBB, 0xBA, 0xAA, 0x99, 0x99, 0xAA, 0x9A, 0xAA, 0xAA, 0xAA, 0x98, 0x88, 0x99, 
	0x99, 0x99, 0x87, 0x76, 0x67, 0x78, 0x88, 0x99, 0x99, 0x99, 0xAA, 0xA9, 0x89, 0x99, 0x87, 
	0x79, 0x99, 0x99, 0xAC, 0xCB, 0x99, 0x99, 0x99, 0x99, 0x99, 0x99, 0x99, 0x99, 0x99, 0x99, 
	0x9A, 0x99, 0x99, 0x99, 0x99, 0x99, 0x99, 0x99, 0x99, 0x99, 0x99, 0x99, 0x99, 0x9A, 0xAA, 
	0xAA, 0xAA, 0x99, 0x99, 0x99, 0x99, 0x99, 0x99, 0x99, 0x99, 0x9A, 0xAA, 0xAA, 0xAA, 0xAA, 
	0x00, 0x00, 0x00, 0x00, 0x00, 0x00, 0x00, 0x00, 0x00, 0x00, 0x00, 0x00, 0x00, 0x00, 0x00, 
	0x00, 0x00, 0x00, 0x00, 0x00, 0x00, 0x00, 0x00, 0x00, 0x00, 0x00, 0x00, 0x00, 0x00, 0x00, 
	0x00, 0x00, 0x00, 0x00, 0x00, 0x00, 0x00, 0x00, 0x00, 0x00, 0x00, 0x00, 0x00, 0x00, 0x00, 
	0x00, 0x00, 0x00, 0x00, 0x00, 0x00, 0x00, 0x00, 0x00, 0x00, 0x00, 0x00, 0x00, 0x00, 0x00, 
	0x00, 0x00, 0x00, 0x00, 0x00, 0x00, 0x00, 0x00, 0x00, 0x00, 0x00, 0x00, 0x00, 0x00, 0x00, 
	0x00, 0x00, 0x00, 0x00, 0x00, 0x00, 0x00, 0x00, 0x00, 0x00, 0x00, 0x00, 0x00, 0x00, 0x00, 
	0x11, 0x12, 0x34, 0x44, 0x44, 0x44, 0x45, 0x55, 0x56, 0x66, 0x77, 0x89, 0xAA, 0xBB, 0xBB, 
	0xBB, 0xBB, 0xBB, 0xBB, 0xAA, 0xAA, 0xA9, 0x99, 0x99, 0x99, 0xAA, 0xBB, 0xBB, 0xBB, 0xBB, 
	0xBB, 0xBB, 0xBB, 0xCC, 0xBB, 0xBB, 0xBB, 0xBB, 0xBB, 0xBB, 0xCC, 0xCC, 0xCC, 0xCC, 0xCC, 
	0xBB, 0xBA, 0xA9, 0x98, 0x88, 0x88, 0x77, 0x77, 0x77, 0x78, 0x78, 0x88, 0x9A, 0xBC, 0xCD, 
	0xDE, 0xEE, 0xEF, 0xFF, 0xFF, 0xFF, 0xFF, 0xFF, 0xFF, 0xFF, 0xFF, 0xFF, 0xFF, 0xFF, 0xFF, 
	0xFF, 0xFF, 0xFF, 0xEE, 0xED, 0xDC, 0xCC, 0xCB, 0xBA, 0xAA, 0x99, 0xAA, 0xAB, 0xBB, 0xBB, 
	0xBB, 0xBB, 0xBA, 0xAA, 0xAB, 0xBB, 0xBA, 0x97, 0x65, 0x66, 0x66, 0x77, 0x89, 0xBD, 0xEF, 
	0xFF, 0xFF, 0xFF, 0xFF, 0xFF, 0xFF, 0xFF, 0xFF, 0xFF, 0xFF, 0xFF, 0xFF, 0xFF, 0xFF, 0xFF, 
	0xFF, 0xFF, 0xFF, 0xFF, 0xFF, 0xFF, 0xEE, 0xEE, 0xEE, 0xEE, 0xEE, 0xED, 0xDD, 0xDC, 0xCC, 
	0xCB, 0xBB, 0xAA, 0xAA, 0xAA, 0xAA, 0xAA, 0xAA, 0xAA, 0xAA, 0xAA, 0xAA, 0xA9, 0x99, 0x99, 
	0x9A, 0x98, 0x76, 0x77, 0x66, 0x76, 0x66, 0x77, 0x78, 0x89, 0xAA, 0xA8, 0x89, 0xA9, 0x87, 
	0x78, 0x99, 0x99, 0xAC, 0xCB, 0x99, 0x99, 0x99, 0x99, 0x99, 0x99, 0x99, 0x99, 0x99, 0x99, 
	0x9A, 0x99, 0x99, 0x99, 0x99, 0x99, 0x99, 0x99, 0x99, 0x99, 0x99, 0x99, 0x99, 0xAA, 0xAA, 
	0xAA, 0xAA, 0x99, 0x99, 0x99, 0x99, 0x99, 0x9A, 0x99, 0x99, 0x9A, 0xAA, 0xAA, 0xAA, 0xAA, 
	0x00, 0x00, 0x00, 0x00, 0x00, 0x00, 0x00, 0x00, 0x00, 0x00, 0x00, 0x00, 0x00, 0x00, 0x00, 
	0x00, 0x00, 0x00, 0x00, 0x00, 0x00, 0x00, 0x00, 0x00, 0x00, 0x00, 0x00, 0x00, 0x00, 0x00, 
	0x00, 0x00, 0x00, 0x00, 0x00, 0x00, 0x00, 0x00, 0x00, 0x00, 0x00, 0x00, 0x00, 0x00, 0x00, 
	0x00, 0x00, 0x00, 0x00, 0x00, 0x00, 0x00, 0x00, 0x00, 0x00, 0x00, 0x00, 0x00, 0x00, 0x00, 
	0x00, 0x00, 0x00, 0x00, 0x00, 0x00, 0x00, 0x00, 0x00, 0x00, 0x00, 0x00, 0x00, 0x00, 0x00, 
	0x00, 0x00, 0x00, 0x00, 0x00, 0x00, 0x00, 0x00, 0x00, 0x00, 0x00, 0x00, 0x00, 0x00, 0x00, 
	0x11, 0x23, 0x45, 0x44, 0x44, 0x44, 0x55, 0x55, 0x56, 0x66, 0x67, 0x89, 0xAA, 0xBB, 0xBB, 
	0xBB, 0xBB, 0xBB, 0xBB, 0xBA, 0xAA, 0x99, 0x99, 0x99, 0x99, 0xAB, 0xBB, 0xBB, 0xBB, 0xAA, 
	0xAB, 0xBB, 0xBB, 0xBB, 0xCB, 0xBB, 0xBB, 0xBA, 0xBB, 0xBB, 0xCC, 0xCC, 0xCC, 0xCC, 0xCC, 
	0xCC, 0xCB, 0xBA, 0xAA, 0xAA, 0xA9, 0x99, 0x88, 0x88, 0x89, 0x9A, 0xAA, 0xBC, 0xDD, 0xEE, 
	0xEE, 0xEE, 0xFF, 0xFF, 0xFF, 0xFF, 0xFF, 0xFF, 0xFF, 0xFF, 0xFF, 0xFF, 0xFF, 0xFF, 0xFF, 
	0xFF, 0xFF, 0xFF, 0xEE, 0xED, 0xCC, 0xCC, 0xCB, 0xAA, 0x99, 0x88, 0x88, 0x9A, 0xAA, 0xBB, 
	0xAB, 0xBA, 0xAA, 0xAA, 0xAA, 0xAA, 0xAA, 0x86, 0x55, 0x56, 0x66, 0x78, 0x9A, 0xDE, 0xFF, 
	0xFF, 0xFF, 0xFF, 0xFF, 0xFF, 0xFF, 0xFF, 0xFF, 0xFF, 0xFF, 0xFF, 0xFF, 0xFF, 0xFF, 0xFF, 
	0xFF, 0xFF, 0xFF, 0xFF, 0xFF, 0xFE, 0xEE, 0xEE, 0xEE, 0xEE, 0xEE, 0xED, 0xDD, 0xCC, 0xCC, 
	0xCC, 0xCC, 0xBB, 0xBB, 0xBB, 0xBB, 0xBB, 0xBA, 0xAB, 0xBB, 0xBB, 0xBB, 0xAA, 0xAA, 0xA9, 
	0x99, 0x99, 0x87, 0x88, 0x77, 0x76, 0x66, 0x66, 0x67, 0x89, 0xAA, 0x98, 0x89, 0x99, 0x87, 
	0x78, 0x99, 0x99, 0xAB, 0xCB, 0x98, 0x99, 0x99, 0x99, 0x99, 0x99, 0x99, 0x99, 0x99, 0x99, 
	0x99, 0x99, 0x99, 0x99, 0x99, 0x99, 0x99, 0x99, 0x99, 0x99, 0x99, 0x99, 0x9A, 0xAA, 0xAA, 
	0xAA, 0xA9, 0x99, 0x99, 0x99, 0x99, 0x99, 0x9A, 0x99, 0x99, 0x9A, 0xAA, 0xAA, 0xAA, 0xAA, 
	0x00, 0x00, 0x00, 0x00, 0x00, 0x00, 0x00, 0x00, 0x00, 0x00, 0x00, 0x00, 0x00, 0x00, 0x00, 
	0x00, 0x00, 0x00, 0x00, 0x00, 0x00, 0x00, 0x00, 0x00, 0x00, 0x00, 0x00, 0x00, 0x00, 0x00, 
	0x00, 0x00, 0x00, 0x00, 0x00, 0x00, 0x00, 0x00, 0x00, 0x00, 0x00, 0x00, 0x00, 0x00, 0x00, 
	0x00, 0x00, 0x00, 0x00, 0x00, 0x00, 0x00, 0x00, 0x00, 0x00, 0x00, 0x00, 0x00, 0x00, 0x00, 
	0x00, 0x00, 0x00, 0x00, 0x00, 0x00, 0x00, 0x00, 0x00, 0x00, 0x00, 0x00, 0x00, 0x00, 0x00, 
	0x00, 0x00, 0x00, 0x00, 0x00, 0x00, 0x00, 0x00, 0x00, 0x00, 0x00, 0x00, 0x00, 0x00, 0x00, 
	0x12, 0x24, 0x55, 0x55, 0x44, 0x44, 0x55, 0x45, 0x55, 0x66, 0x67, 0x89, 0x9A, 0xAB, 0xBB, 
	0xBB, 0xBB, 0xBB, 0xBB, 0xBA, 0xAA, 0x99, 0x99, 0x99, 0x9A, 0xAB, 0xBB, 0xCB, 0xBA, 0xAA, 
	0xAA, 0xAA, 0xAA, 0xAA, 0xBB, 0xBB, 0xBA, 0xAA, 0xBB, 0xBB, 0xBC, 0xCC, 0xCC, 0xCC, 0xCC, 
	0xCC, 0xCB, 0xBB, 0xBB, 0xAA, 0xAA, 0xAA, 0xAA, 0xA9, 0x9A, 0xAB, 0xCC, 0xCD, 0xDE, 0xEE, 
	0xEF, 0xFF, 0xFF, 0xFF, 0xFF, 0xFF, 0xFF, 0xFF, 0xFF, 0xFF, 0xFF, 0xFF, 0xFF, 0xFF, 0xFF, 
	0xFF, 0xFF, 0xFF, 0xEE, 0xED, 0xCB, 0xBB, 0xBB, 0xAA, 0x99, 0x87, 0x76, 0x78, 0xAA, 0xAB, 
	0xAA, 0xAA, 0xAA, 0xAA, 0xAA, 0xAA, 0xAA, 0x75, 0x55, 0x56, 0x67, 0x9A, 0xBC, 0xEE, 0xFF, 
	0xFF, 0xFF, 0xFF, 0xFF, 0xFF, 0xFF, 0xFF, 0xFF, 0xFF, 0xFF, 0xFF, 0xFF, 0xFF, 0xFF, 0xFF, 
	0xFF, 0xFF, 0xFF, 0xFF, 0xFF, 0xEE, 0xEE, 0xEE, 0xEE, 0xEE, 0xEE, 0xED, 0xDD, 0xDC, 0xCC, 
	0xCC, 0xCB, 0xBB, 0xBC, 0xBB, 0xBB, 0xBB, 0xAA, 0xAB, 0xBC, 0xBB, 0xBB, 0xBA, 0xAA, 0xAA, 
	0xAA, 0xAA, 0x99, 0x87, 0x77, 0x77, 0x77, 0x77, 0x77, 0x89, 0x99, 0x98, 0x9A, 0xA9, 0x87, 
	0x88, 0x99, 0x99, 0xAB, 0xCC, 0xA8, 0x99, 0x99, 0x99, 0x99, 0x99, 0x99, 0x99, 0x99, 0x99, 
	0x99, 0x99, 0x99, 0x99, 0x99, 0x99, 0x99, 0x99, 0x99, 0x99, 0x99, 0x99, 0x9A, 0xAA, 0xAA, 
	0xAA, 0x99, 0x99, 0x99, 0xA9, 0x99, 0x99, 0x99, 0x99, 0x99, 0x9A, 0xAA, 0xAA, 0xAA, 0xAA, 
	0x00, 0x00, 0x00, 0x00, 0x00, 0x00, 0x00, 0x00, 0x00, 0x00, 0x00, 0x00, 0x00, 0x00, 0x00, 
	0x00, 0x00, 0x00, 0x00, 0x00, 0x00, 0x00, 0x00, 0x00, 0x00, 0x00, 0x00, 0x00, 0x00, 0x00, 
	0x00, 0x00, 0x00, 0x00, 0x00, 0x00, 0x00, 0x00, 0x00, 0x00, 0x00, 0x00, 0x00, 0x00, 0x00, 
	0x00, 0x00, 0x00, 0x00, 0x00, 0x00, 0x00, 0x00, 0x00, 0x00, 0x00, 0x00, 0x00, 0x00, 0x00, 
	0x00, 0x00, 0x00, 0x00, 0x00, 0x00, 0x00, 0x00, 0x00, 0x00, 0x00, 0x00, 0x00, 0x00, 0x00, 
	0x00, 0x00, 0x00, 0x00, 0x00, 0x00, 0x00, 0x00, 0x00, 0x00, 0x00, 0x00, 0x00, 0x00, 0x00, 
	0x12, 0x34, 0x55, 0x55, 0x54, 0x55, 0x55, 0x44, 0x56, 0x66, 0x78, 0x89, 0x9A, 0xAA, 0xBB, 
	0xBB, 0xBB, 0xBB, 0xBB, 0xBA, 0xAA, 0xA9, 0x99, 0x99, 0x99, 0xAA, 0xBB, 0xBB, 0xBB, 0xAA, 
	0xAA, 0xAA, 0xAA, 0x9A, 0xAA, 0xAA, 0xAA, 0xAA, 0xAA, 0xAA, 0xBC, 0xCC, 0xBB, 0xCC, 0xCC, 
	0xCC, 0xCC, 0xBB, 0xBB, 0xBB, 0xBB, 0xBB, 0xBB, 0xBB, 0xBC, 0xCD, 0xDD, 0xEE, 0xEE, 0xEF, 
	0xFF, 0xFF, 0xFF, 0xFF, 0xFF, 0xFF, 0xFF, 0xFF, 0xFF, 0xFF, 0xFF, 0xFF, 0xFF, 0xFF, 0xFF, 
	0xFF, 0xFF, 0xFF, 0xFE, 0xDC, 0xBA, 0xBB, 0xBA, 0xAA, 0x98, 0x77, 0x65, 0x56, 0x8A, 0xAA, 
	0xAA, 0xAA, 0xA9, 0x9A, 0xAA, 0xAA, 0xA9, 0x65, 0x55, 0x56, 0x78, 0xAB, 0xCD, 0xEE, 0xFF, 
	0xFF, 0xFF, 0xFF, 0xFF, 0xFF, 0xFF, 0xFF, 0xFF, 0xFF, 0xFF, 0xFF, 0xFF, 0xFF, 0xFF, 0xFF, 
	0xEE, 0xFF, 0xEE, 0xEE, 0xEE, 0xEE, 0xEE, 0xEE, 0xEE, 0xEE, 0xEE, 0xEE, 0xDD, 0xDD, 0xDC, 
	0xCC, 0xBB, 0xBB, 0xBB, 0xBA, 0xAA, 0xAA, 0xAA, 0xBB, 0xBB, 0xBB, 0xBB, 0xBB, 0xAA, 0xAA, 
	0xAA, 0x99, 0x99, 0x87, 0x77, 0x77, 0x77, 0x77, 0x77, 0x78, 0x99, 0x99, 0x9A, 0xA9, 0x87, 
	0x89, 0x9A, 0x99, 0xAB, 0xCC, 0xA8, 0x99, 0x99, 0x99, 0x99, 0x99, 0x99, 0x99, 0x99, 0x99, 
	0x99, 0x99, 0x99, 0x99, 0x99, 0x99, 0x99, 0x99, 0x99, 0x99, 0x99, 0x99, 0x9A, 0xAA, 0xAA, 
	0xAA, 0x99, 0x99, 0x99, 0x99, 0x99, 0x99, 0x99, 0x99, 0x99, 0x9A, 0xAA, 0xA9, 0xAA, 0xAA, 
	0x00, 0x00, 0x00, 0x00, 0x00, 0x00, 0x00, 0x00, 0x00, 0x00, 0x00, 0x00, 0x00, 0x00, 0x00, 
	0x00, 0x00, 0x00, 0x00, 0x00, 0x00, 0x00, 0x00, 0x00, 0x00, 0x00, 0x00, 0x00, 0x00, 0x00, 
	0x00, 0x00, 0x00, 0x00, 0x00, 0x00, 0x00, 0x00, 0x00, 0x00, 0x00, 0x00, 0x00, 0x00, 0x00, 
	0x00, 0x00, 0x00, 0x00, 0x00, 0x00, 0x00, 0x00, 0x00, 0x00, 0x00, 0x00, 0x00, 0x00, 0x00, 
	0x00, 0x00, 0x00, 0x00, 0x00, 0x00, 0x00, 0x00, 0x00, 0x00, 0x00, 0x00, 0x00, 0x00, 0x00, 
	0x00, 0x00, 0x00, 0x00, 0x00, 0x00, 0x00, 0x00, 0x00, 0x00, 0x00, 0x00, 0x00, 0x00, 0x00, 
	0x23, 0x45, 0x55, 0x55, 0x55, 0x55, 0x54, 0x55, 0x56, 0x67, 0x78, 0x89, 0xAA, 0xAB, 0xBB, 
	0xBB, 0xBA, 0xAA, 0xAA, 0xAA, 0xAA, 0xA9, 0x99, 0x99, 0x99, 0x9A, 0xAA, 0xAB, 0xBB, 0xAA, 
	0xAA, 0xAA, 0xA9, 0x99, 0x9A, 0xAA, 0xAA, 0x99, 0x99, 0x99, 0xAB, 0xBB, 0xBB, 0xCC, 0xCC, 
	0xCC, 0xCB, 0xBB, 0xBB, 0xBB, 0xBB, 0xBC, 0xCC, 0xCD, 0xDD, 0xDE, 0xEE, 0xEE, 0xEE, 0xEF, 
	0xFF, 0xFF, 0xFF, 0xFF, 0xFF, 0xFF, 0xFF, 0xFF, 0xFF, 0xFF, 0xFF, 0xFF, 0xFF, 0xFF, 0xFF, 
	0xFF, 0xFF, 0xFF, 0xFF, 0xEC, 0xA9, 0x9A, 0xA9, 0x99, 0x87, 0x65, 0x54, 0x44, 0x68, 0xAA, 
	0xAA, 0xA9, 0x99, 0x99, 0x9A, 0xAA, 0xA8, 0x65, 0x56, 0x67, 0x9A, 0xBC, 0xDE, 0xEF, 0xFF, 
	0xFF, 0xFF, 0xFF, 0xFF, 0xFF, 0xFF, 0xFF, 0xFF, 0xFF, 0xFF, 0xFF, 0xFF, 0xFF, 0xFF, 0xFF, 
	0xFF, 0xFF, 0xEE, 0xEE, 0xEE, 0xEE, 0xEE, 0xEE, 0xEE, 0xEE, 0xEE, 0xEE, 0xEE, 0xED, 0xDC, 
	0xDC, 0xCC, 0xCC, 0xBB, 0xBB, 0xBB, 0xBA, 0xAB, 0xBB, 0xBB, 0xBB, 0xBB, 0xBA, 0xAA, 0x99, 
	0x99, 0x99, 0x99, 0x88, 0x77, 0x77, 0x77, 0x77, 0x77, 0x77, 0x88, 0x99, 0x9A, 0xA9, 0x99, 
	0x99, 0xAA, 0x99, 0xAA, 0xCC, 0xB8, 0x99, 0x99, 0x99, 0x99, 0x99, 0x99, 0x99, 0x99, 0x99, 
	0x99, 0x99, 0x99, 0x99, 0x99, 0x99, 0x99, 0x99, 0x99, 0x99, 0x99, 0x99, 0x9A, 0xAA, 0xAA, 
	0xAA, 0x99, 0x99, 0x99, 0x99, 0x99, 0x99, 0x99, 0x99, 0x99, 0x9A, 0xAA, 0xAA, 0xAA, 0xAA, 
	0x00, 0x00, 0x00, 0x00, 0x00, 0x00, 0x00, 0x00, 0x00, 0x00, 0x00, 0x00, 0x00, 0x00, 0x00, 
	0x00, 0x00, 0x00, 0x00, 0x00, 0x00, 0x00, 0x00, 0x00, 0x00, 0x00, 0x00, 0x00, 0x00, 0x00, 
	0x00, 0x00, 0x00, 0x00, 0x00, 0x00, 0x00, 0x00, 0x00, 0x00, 0x00, 0x00, 0x00, 0x00, 0x00, 
	0x00, 0x00, 0x00, 0x00, 0x00, 0x00, 0x00, 0x00, 0x00, 0x00, 0x00, 0x00, 0x00, 0x00, 0x00, 
	0x00, 0x00, 0x00, 0x00, 0x00, 0x00, 0x00, 0x00, 0x00, 0x00, 0x00, 0x00, 0x00, 0x00, 0x00, 
	0x00, 0x00, 0x00, 0x00, 0x00, 0x00, 0x00, 0x00, 0x00, 0x00, 0x00, 0x00, 0x00, 0x00, 0x00, 
	0x33, 0x44, 0x45, 0x55, 0x55, 0x55, 0x55, 0x66, 0x67, 0x78, 0x89, 0x9A, 0xAA, 0xBB, 0xBB, 
	0xBB, 0xBA, 0xAA, 0xAA, 0xAA, 0xAA, 0xA9, 0x99, 0x99, 0x99, 0x99, 0x99, 0xAA, 0xBB, 0xBB, 
	0xBB, 0xBA, 0xAA, 0xA9, 0xAA, 0xBB, 0xBA, 0xAA, 0xAA, 0x99, 0xAA, 0xBB, 0xBB, 0xBB, 0xBB, 
	0xBA, 0xAA, 0xAA, 0xAA, 0xBB, 0xBB, 0xCC, 0xCC, 0xDD, 0xDD, 0xDE, 0xEE, 0xEE, 0xEF, 0xFF, 
	0xFF, 0xFF, 0xFF, 0xFF, 0xFF, 0xFF, 0xFF, 0xFF, 0xFF, 0xFF, 0xFF, 0xFF, 0xFF, 0xFF, 0xFF, 
	0xFF, 0xFF, 0xFF, 0xFF, 0xFD, 0xCA, 0x99, 0x88, 0x77, 0x76, 0x55, 0x44, 0x44, 0x47, 0x9A, 
	0x9A, 0x99, 0x99, 0x99, 0x9A, 0xAA, 0xA8, 0x65, 0x66, 0x79, 0xAB, 0xCD, 0xEE, 0xFF, 0xFF, 
	0xFF, 0xFF, 0xFF, 0xFF, 0xFF, 0xFF, 0xFF, 0xFF, 0xFF, 0xFF, 0xFF, 0xFF, 0xFF, 0xFF, 0xFF, 
	0xFF, 0xFF, 0xFE, 0xEE, 0xEE, 0xEE, 0xEE, 0xEE, 0xEE, 0xEE, 0xEE, 0xEE, 0xED, 0xDD, 0xDC, 
	0xCC, 0xCC, 0xBB, 0xBB, 0xBB, 0xBB, 0xBA, 0xAA, 0xBB, 0xBB, 0xBB, 0xBB, 0xBA, 0xA9, 0x88, 
	0x99, 0x99, 0x99, 0x98, 0x77, 0x77, 0x77, 0x77, 0x77, 0x77, 0x77, 0x89, 0xAA, 0xBA, 0x99, 
	0x99, 0x99, 0x99, 0x9A, 0xBC, 0xB9, 0x89, 0x99, 0x99, 0x99, 0x99, 0x99, 0x99, 0x99, 0x99, 
	0x99, 0x99, 0x99, 0x99, 0x99, 0x99, 0x99, 0x99, 0x99, 0x99, 0x99, 0x99, 0xAA, 0xAA, 0xAA, 
	0xA9, 0x99, 0x99, 0x99, 0x99, 0x99, 0x99, 0x99, 0x99, 0x99, 0x9A, 0xAA, 0xAA, 0xAA, 0xAA, 
	0x00, 0x00, 0x00, 0x00, 0x00, 0x00, 0x00, 0x00, 0x00, 0x00, 0x00, 0x00, 0x00, 0x00, 0x00, 
	0x00, 0x00, 0x00, 0x00, 0x00, 0x00, 0x00, 0x00, 0x00, 0x00, 0x00, 0x00, 0x00, 0x00, 0x00, 
	0x00, 0x00, 0x00, 0x00, 0x00, 0x00, 0x00, 0x00, 0x00, 0x00, 0x00, 0x00, 0x00, 0x00, 0x00, 
	0x00, 0x00, 0x00, 0x00, 0x00, 0x00, 0x00, 0x00, 0x00, 0x00, 0x00, 0x00, 0x00, 0x00, 0x00, 
	0x00, 0x00, 0x00, 0x00, 0x00, 0x00, 0x00, 0x00, 0x00, 0x00, 0x00, 0x00, 0x00, 0x00, 0x00, 
	0x00, 0x00, 0x00, 0x00, 0x00, 0x00, 0x00, 0x00, 0x00, 0x00, 0x00, 0x00, 0x00, 0x00, 0x00, 
	0x34, 0x44, 0x44, 0x45, 0x55, 0x66, 0x66, 0x67, 0x78, 0x89, 0xAA, 0xAA, 0xAB, 0xBC, 0xCC, 
	0xBB, 0xBB, 0xBA, 0xAA, 0xAA, 0x9A, 0xAA, 0x99, 0x99, 0x99, 0xAA, 0xA9, 0xAA, 0xAA, 0xAA, 
	0xAA, 0xBA, 0xAB, 0xBB, 0xBA, 0xAB, 0xBB, 0xBB, 0xAA, 0xAA, 0xAA, 0xAA, 0x99, 0xAA, 0xAA, 
	0xA9, 0x88, 0x99, 0x99, 0xAA, 0xBC, 0xDD, 0xDD, 0xDD, 0xDD, 0xEE, 0xEE, 0xEE, 0xEE, 0xFF, 
	0xFF, 0xFF, 0xFF, 0xFF, 0xFF, 0xFF, 0xFF, 0xFF, 0xFF, 0xFF, 0xFF, 0xFF, 0xFF, 0xFF, 0xFF, 
	0xFF, 0xFF, 0xFF, 0xFF, 0xFE, 0xED, 0xB9, 0x88, 0x76, 0x65, 0x55, 0x44, 0x44, 0x46, 0x9A, 
	0x9A, 0x99, 0x99, 0x99, 0x99, 0x9A, 0xA8, 0x66, 0x67, 0x8A, 0xBC, 0xDE, 0xEF, 0xFF, 0xFF, 
	0xFF, 0xFF, 0xFF, 0xFF, 0xFF, 0xFF, 0xFF, 0xFF, 0xFF, 0xFF, 0xFF, 0xFF, 0xFF, 0xFF, 0xFF, 
	0xFF, 0xFF, 0xFE, 0xEE, 0xEE, 0xEE, 0xEE, 0xEE, 0xEE, 0xEE, 0xEE, 0xEE, 0xDD, 0xDD, 0xCC, 
	0xBB, 0xBA, 0xAA, 0xBB, 0xBB, 0xBA, 0xAB, 0xBB, 0xBB, 0xBB, 0xBB, 0xBB, 0xBA, 0xA9, 0x99, 
	0x99, 0x99, 0x99, 0x98, 0x88, 0x87, 0x77, 0x77, 0x77, 0x77, 0x88, 0x9A, 0xAA, 0xA9, 0x88, 
	0x78, 0x89, 0x99, 0x9A, 0xBC, 0xB9, 0x88, 0x99, 0x99, 0x99, 0x99, 0x99, 0x99, 0x99, 0xA9, 
	0x99, 0x99, 0x99, 0x99, 0x99, 0x99, 0x99, 0x99, 0x99, 0x99, 0x99, 0x99, 0xAA, 0xAA, 0xAA, 
	0x99, 0x99, 0x99, 0x99, 0x99, 0x99, 0x99, 0x99, 0x99, 0x99, 0x9A, 0xAA, 0xAA, 0xAA, 0xAA, 
	0x00, 0x00, 0x00, 0x00, 0x00, 0x00, 0x00, 0x00, 0x00, 0x00, 0x00, 0x00, 0x00, 0x00, 0x00, 
	0x00, 0x00, 0x00, 0x00, 0x00, 0x00, 0x00, 0x00, 0x00, 0x00, 0x00, 0x00, 0x00, 0x00, 0x00, 
	0x00, 0x00, 0x00, 0x00, 0x00, 0x00, 0x00, 0x00, 0x00, 0x00, 0x00, 0x00, 0x00, 0x00, 0x00, 
	0x00, 0x00, 0x00, 0x00, 0x00, 0x00, 0x00, 0x00, 0x00, 0x00, 0x00, 0x00, 0x00, 0x00, 0x00, 
	0x00, 0x00, 0x00, 0x00, 0x00, 0x00, 0x00, 0x00, 0x00, 0x00, 0x00, 0x00, 0x00, 0x00, 0x00, 
	0x00, 0x00, 0x00, 0x00, 0x00, 0x00, 0x00, 0x00, 0x00, 0x00, 0x00, 0x00, 0x00, 0x00, 0x00, 
	0x44, 0x44, 0x44, 0x55, 0x56, 0x66, 0x77, 0x78, 0x89, 0x9A, 0xAB, 0xBB, 0xBB, 0xCC, 0xCC, 
	0xCB, 0xBB, 0xBB, 0xAA, 0xAA, 0xA9, 0x99, 0x99, 0x99, 0x9A, 0xAA, 0xAA, 0xA9, 0xAA, 0x9A, 
	0xAA, 0xAA, 0xAB, 0xBB, 0xBB, 0xBB, 0xBB, 0xBB, 0xBA, 0xAA, 0xAA, 0x99, 0x99, 0xA9, 0x9A, 
	0xAA, 0x99, 0x99, 0x99, 0xAB, 0xBC, 0xDD, 0xDD, 0xDE, 0xEE, 0xEE, 0xEE, 0xEF, 0xFF, 0xFF, 
	0xFF, 0xFF, 0xFF, 0xFF, 0xFF, 0xFF, 0xFF, 0xFF, 0xFF, 0xFF, 0xFF, 0xFF, 0xFF, 0xFF, 0xFF, 
	0xFF, 0xFF, 0xFF, 0xFF, 0xFF, 0xEE, 0xDB, 0xA9, 0x87, 0x66, 0x55, 0x55, 0x44, 0x46, 0x89, 
	0x99, 0x99, 0x98, 0x89, 0x99, 0x9A, 0xA8, 0x76, 0x78, 0x9A, 0xBC, 0xEE, 0xFF, 0xFF, 0xFF, 
	0xFF, 0xFF, 0xFF, 0xFF, 0xFF, 0xFF, 0xFF, 0xFF, 0xFF, 0xFF, 0xFF, 0xFF, 0xFF, 0xFF, 0xFF, 
	0xFF, 0xFF, 0xFF, 0xEE, 0xEE, 0xEE, 0xEE, 0xEE, 0xEE, 0xEE, 0xEE, 0xED, 0xDD, 0xDD, 0xDC, 
	0xCB, 0xBB, 0xBB, 0xBB, 0xBB, 0xBB, 0xBC, 0xCC, 0xCC, 0xCB, 0xBB, 0xBC, 0xBB, 0xBA, 0xAA, 
	0x99, 0x99, 0x88, 0x88, 0x88, 0x87, 0x77, 0x77, 0x88, 0x99, 0x99, 0x98, 0x88, 0x88, 0x87, 
	0x78, 0x89, 0x99, 0x99, 0xBC, 0xB9, 0x89, 0x99, 0x99, 0x99, 0x99, 0x99, 0x99, 0x99, 0x99, 
	0x99, 0x99, 0x99, 0x99, 0x99, 0x99, 0x99, 0x99, 0x99, 0x99, 0x99, 0x9A, 0xAA, 0xAA, 0xA9, 
	0x99, 0x99, 0x99, 0x99, 0x99, 0x99, 0x99, 0x99, 0x99, 0x99, 0x99, 0xAA, 0xAA, 0xAA, 0xAA, 
	0x00, 0x00, 0x00, 0x00, 0x00, 0x00, 0x00, 0x00, 0x00, 0x00, 0x00, 0x00, 0x00, 0x00, 0x00, 
	0x00, 0x00, 0x00, 0x00, 0x00, 0x00, 0x00, 0x00, 0x00, 0x00, 0x00, 0x00, 0x00, 0x00, 0x00, 
	0x00, 0x00, 0x00, 0x00, 0x00, 0x00, 0x00, 0x00, 0x00, 0x00, 0x00, 0x00, 0x00, 0x00, 0x00, 
	0x00, 0x00, 0x00, 0x00, 0x00, 0x00, 0x00, 0x00, 0x00, 0x00, 0x00, 0x00, 0x00, 0x00, 0x00, 
	0x00, 0x00, 0x00, 0x00, 0x00, 0x00, 0x00, 0x00, 0x00, 0x00, 0x00, 0x00, 0x00, 0x00, 0x00, 
	0x00, 0x00, 0x00, 0x00, 0x00, 0x00, 0x00, 0x00, 0x00, 0x00, 0x00, 0x00, 0x00, 0x00, 0x00, 
	0x44, 0x44, 0x55, 0x55, 0x56, 0x66, 0x77, 0x89, 0x9A, 0xAA, 0xAB, 0xBB, 0xBC, 0xCC, 0xCC, 
	0xCC, 0xBB, 0xBB, 0xBA, 0xAA, 0xAA, 0xA9, 0x99, 0x9A, 0xAA, 0xAA, 0xAA, 0xAA, 0xAA, 0xA9, 
	0xAA, 0xAA, 0xAB, 0xBB, 0xBB, 0xBC, 0xCB, 0xBB, 0xBA, 0xAA, 0xAA, 0xA9, 0x9A, 0xAA, 0xAA, 
	0xBB, 0xAA, 0xBB, 0xBB, 0xBC, 0xCD, 0xDE, 0xEE, 0xEE, 0xEE, 0xEE, 0xFF, 0xFF, 0xFF, 0xFF, 
	0xFF, 0xFF, 0xFF, 0xFF, 0xFF, 0xFF, 0xFF, 0xFF, 0xFF, 0xFF, 0xFF, 0xFF, 0xFF, 0xFF, 0xFF, 
	0xFF, 0xFF, 0xFF, 0xFF, 0xFF, 0xFE, 0xED, 0xCB, 0xA9, 0x87, 0x76, 0x55, 0x55, 0x46, 0x89, 
	0x99, 0x99, 0x98, 0x88, 0x99, 0x99, 0x98, 0x77, 0x89, 0xAB, 0xCD, 0xEE, 0xEF, 0xFF, 0xFF, 
	0xFF, 0xFF, 0xFF, 0xFF, 0xFF, 0xFF, 0xFF, 0xFF, 0xFF, 0xFF, 0xFF, 0xFF, 0xFF, 0xFF, 0xFF, 
	0xFF, 0xFF, 0xFE, 0xEE, 0xEE, 0xEE, 0xEE, 0xEE, 0xEE, 0xEE, 0xEE, 0xEE, 0xEE, 0xDD, 0xDD, 
	0xCC, 0xCC, 0xBB, 0xBC, 0xCC, 0xCC, 0xCC, 0xCC, 0xCC, 0xCB, 0xBB, 0xBB, 0xBB, 0xBB, 0xAA, 
	0x99, 0x99, 0x99, 0x98, 0x87, 0x87, 0x77, 0x89, 0xAA, 0x98, 0x77, 0x77, 0x77, 0x77, 0x87, 
	0x77, 0x89, 0x99, 0x99, 0xBC, 0xCA, 0x99, 0x99, 0x99, 0x99, 0x99, 0x99, 0x99, 0x99, 0x99, 
	0x99, 0x99, 0x99, 0x99, 0x99, 0x99, 0x99, 0x99, 0x99, 0x99, 0x99, 0xAA, 0xAA, 0xAA, 0xA9, 
	0x99, 0x99, 0x99, 0x99, 0x99, 0x99, 0x99, 0x9A, 0x99, 0x99, 0x99, 0xAA, 0xAA, 0xAA, 0xAA, 
	0x00, 0x00, 0x00, 0x00, 0x00, 0x00, 0x00, 0x00, 0x00, 0x00, 0x00, 0x00, 0x00, 0x00, 0x00, 
	0x00, 0x00, 0x00, 0x00, 0x00, 0x00, 0x00, 0x00, 0x00, 0x00, 0x00, 0x00, 0x00, 0x00, 0x00, 
	0x00, 0x00, 0x00, 0x00, 0x00, 0x00, 0x00, 0x00, 0x00, 0x00, 0x00, 0x00, 0x00, 0x00, 0x00, 
	0x00, 0x00, 0x00, 0x00, 0x00, 0x00, 0x00, 0x00, 0x00, 0x00, 0x00, 0x00, 0x00, 0x00, 0x00, 
	0x00, 0x00, 0x00, 0x00, 0x00, 0x00, 0x00, 0x00, 0x00, 0x00, 0x00, 0x00, 0x00, 0x00, 0x00, 
	0x00, 0x00, 0x00, 0x00, 0x00, 0x00, 0x00, 0x00, 0x00, 0x00, 0x00, 0x00, 0x00, 0x00, 0x00, 
	0x44, 0x44, 0x55, 0x55, 0x66, 0x67, 0x78, 0x89, 0xAA, 0xAA, 0xAB, 0xBB, 0xBC, 0xCC, 0xCC, 
	0xCC, 0xCC, 0xBB, 0xBB, 0xBA, 0xAA, 0xA9, 0x99, 0x99, 0xAB, 0xBB, 0xBB, 0xBB, 0xBB, 0xAA, 
	0xAA, 0xAA, 0xAA, 0xBB, 0xBB, 0xBB, 0xBB, 0xBB, 0xBB, 0xAA, 0xAA, 0xAA, 0xAA, 0xAA, 0xAB, 
	0xBB, 0xBB, 0xCC, 0xCC, 0xDD, 0xDD, 0xEE, 0xEE, 0xEE, 0xEE, 0xFF, 0xFF, 0xFF, 0xFF, 0xFF, 
	0xFF, 0xFF, 0xFF, 0xFF, 0xFF, 0xFF, 0xFF, 0xFF, 0xFF, 0xFF, 0xFF, 0xFF, 0xFF, 0xFF, 0xFF, 
	0xFF, 0xFF, 0xFF, 0xFF, 0xFF, 0xFF, 0xEE, 0xDD, 0xBA, 0x99, 0x88, 0x77, 0x66, 0x67, 0x99, 
	0x99, 0x99, 0x88, 0x88, 0x89, 0x99, 0x99, 0x87, 0x9A, 0xBC, 0xDE, 0xEE, 0xFF, 0xFF, 0xFF, 
	0xFF, 0xFF, 0xFF, 0xFF, 0xFF, 0xFF, 0xFF, 0xFF, 0xFF, 0xFF, 0xFF, 0xFF, 0xFF, 0xFF, 0xFF, 
	0xFF, 0xFF, 0xFE, 0xEE, 0xEE, 0xEE, 0xEE, 0xEE, 0xEE, 0xEE, 0xEE, 0xEE, 0xEE, 0xEE, 0xDD, 
	0xCC, 0xCC, 0xCC, 0xCC, 0xCC, 0xCC, 0xCC, 0xBB, 0xBB, 0xBB, 0xBB, 0xBB, 0xBB, 0xBB, 0xAA, 
	0x98, 0x89, 0x99, 0x98, 0x88, 0x88, 0x89, 0xA9, 0x88, 0x77, 0x77, 0x77, 0x77, 0x77, 0x77, 
	0x77, 0x89, 0x99, 0x99, 0xAC, 0xCB, 0x99, 0x99, 0x99, 0x98, 0x98, 0x89, 0x99, 0x99, 0x99, 
	0x99, 0x99, 0x99, 0x99, 0x99, 0x99, 0x99, 0x99, 0x99, 0x99, 0x99, 0xAA, 0xAA, 0xAA, 0xA9, 
	0x99, 0x99, 0x99, 0x99, 0x99, 0x99, 0x99, 0xAA, 0x99, 0x99, 0x99, 0x9A, 0xAA, 0xAA, 0xAA, 
	0x00, 0x00, 0x00, 0x00, 0x00, 0x00, 0x00, 0x00, 0x00, 0x00, 0x00, 0x00, 0x00, 0x00, 0x00, 
	0x00, 0x00, 0x00, 0x00, 0x00, 0x00, 0x00, 0x00, 0x00, 0x00, 0x00, 0x00, 0x00, 0x00, 0x00, 
	0x00, 0x00, 0x00, 0x00, 0x00, 0x00, 0x00, 0x00, 0x00, 0x00, 0x00, 0x00, 0x00, 0x00, 0x00, 
	0x00, 0x00, 0x00, 0x00, 0x00, 0x00, 0x00, 0x00, 0x00, 0x00, 0x00, 0x00, 0x00, 0x00, 0x00, 
	0x00, 0x00, 0x00, 0x00, 0x00, 0x00, 0x00, 0x00, 0x00, 0x00, 0x00, 0x00, 0x00, 0x00, 0x00, 
	0x00, 0x00, 0x00, 0x00, 0x00, 0x00, 0x00, 0x00, 0x00, 0x00, 0x00, 0x00, 0x00, 0x00, 0x00, 
	0x44, 0x45, 0x55, 0x55, 0x66, 0x77, 0x78, 0x89, 0xAA, 0xAA, 0xBB, 0xBB, 0xCC, 0xCC, 0xCC, 
	0xCC, 0xCC, 0xBB, 0xBB, 0xBA, 0xAA, 0xAA, 0x99, 0x89, 0xAA, 0xBB, 0xBB, 0xBB, 0xBB, 0xBA, 
	0xAA, 0xBB, 0xBA, 0xBB, 0xBB, 0xBB, 0xBB, 0xBA, 0xAA, 0xAB, 0xBA, 0xAA, 0xBB, 0xBA, 0xBB, 
	0xBB, 0xBC, 0xCC, 0xDD, 0xDD, 0xEE, 0xEE, 0xEE, 0xEE, 0xEE, 0xFF, 0xFF, 0xFF, 0xFF, 0xFF, 
	0xFF, 0xFF, 0xFF, 0xFF, 0xFF, 0xFF, 0xFF, 0xFF, 0xFF, 0xFF, 0xFF, 0xFF, 0xFF, 0xFF, 0xFF, 
	0xFF, 0xFF, 0xFF, 0xFF, 0xFF, 0xFF, 0xFE, 0xEE, 0xDC, 0xAA, 0x99, 0x88, 0x88, 0x78, 0x99, 
	0x99, 0x99, 0x88, 0x88, 0x88, 0x99, 0x99, 0x88, 0x9A, 0xBD, 0xEE, 0xEF, 0xFF, 0xFF, 0xFF, 
	0xFF, 0xFF, 0xFF, 0xFF, 0xFF, 0xFF, 0xFF, 0xFF, 0xFF, 0xFF, 0xFF, 0xFF, 0xFF, 0xFF, 0xFF, 
	0xFF, 0xFF, 0xFE, 0xEE, 0xEE, 0xEE, 0xEE, 0xEE, 0xEE, 0xEE, 0xEE, 0xEE, 0xEE, 0xDD, 0xDD, 
	0xCC, 0xCC, 0xCC, 0xCC, 0xCC, 0xCC, 0xCB, 0xBB, 0xAA, 0xAA, 0xBB, 0xBB, 0xBB, 0xBB, 0xA9, 
	0x98, 0x99, 0x99, 0x99, 0x88, 0x99, 0xAA, 0x87, 0x76, 0x77, 0x77, 0x77, 0x77, 0x77, 0x77, 
	0x77, 0x89, 0x99, 0x9A, 0xAC, 0xCB, 0x98, 0x98, 0x88, 0x88, 0x88, 0x88, 0x99, 0x99, 0x99, 
	0x89, 0x99, 0x99, 0x99, 0x99, 0x99, 0x99, 0x99, 0x99, 0x99, 0x9A, 0xAA, 0xAA, 0xAA, 0x99, 
	0x99, 0x99, 0x99, 0x99, 0x99, 0x99, 0x99, 0x99, 0x99, 0x99, 0x99, 0x9A, 0xAA, 0xAA, 0xAA, 
	0x00, 0x00, 0x00, 0x00, 0x00, 0x00, 0x00, 0x00, 0x00, 0x00, 0x00, 0x00, 0x00, 0x00, 0x00, 
	0x00, 0x00, 0x00, 0x00, 0x00, 0x00, 0x00, 0x00, 0x00, 0x00, 0x00, 0x00, 0x00, 0x00, 0x00, 
	0x00, 0x00, 0x00, 0x00, 0x00, 0x00, 0x00, 0x00, 0x00, 0x00, 0x00, 0x00, 0x00, 0x00, 0x00, 
	0x00, 0x00, 0x00, 0x00, 0x00, 0x00, 0x00, 0x00, 0x00, 0x00, 0x00, 0x00, 0x00, 0x00, 0x00, 
	0x00, 0x00, 0x00, 0x00, 0x00, 0x00, 0x00, 0x00, 0x00, 0x00, 0x00, 0x00, 0x00, 0x00, 0x00, 
	0x00, 0x00, 0x00, 0x00, 0x00, 0x00, 0x00, 0x00, 0x00, 0x00, 0x00, 0x00, 0x00, 0x00, 0x00, 
	0x44, 0x55, 0x55, 0x55, 0x56, 0x67, 0x77, 0x89, 0x9A, 0xAA, 0xBB, 0xBB, 0xBC, 0xCC, 0xCC, 
	0xCC, 0xCB, 0xBB, 0xBB, 0xBA, 0xAA, 0xAA, 0x99, 0x99, 0x9A, 0xBB, 0xBC, 0xCC, 0xBB, 0xBB, 
	0xAA, 0xBB, 0xAA, 0xBB, 0xBB, 0xBB, 0xBB, 0xAA, 0xAA, 0xAB, 0xBA, 0xBB, 0xBB, 0xAB, 0xBB, 
	0xBB, 0xBC, 0xCC, 0xDD, 0xDD, 0xEE, 0xEE, 0xEE, 0xEE, 0xFF, 0xEF, 0xFF, 0xFF, 0xFF, 0xFF, 
	0xFF, 0xFF, 0xFF, 0xFF, 0xFF, 0xFF, 0xFF, 0xFF, 0xFF, 0xFF, 0xFF, 0xFF, 0xFF, 0xFF, 0xFF, 
	0xFF, 0xFF, 0xFF, 0xFF, 0xFF, 0xFF, 0xFF, 0xEE, 0xED, 0xCB, 0xAA, 0x99, 0x98, 0x88, 0x99, 
	0x99, 0x99, 0x98, 0x88, 0x88, 0x99, 0x99, 0x99, 0xAB, 0xCD, 0xEE, 0xEF, 0xFF, 0xFF, 0xFF, 
	0xFF, 0xFF, 0xFF, 0xFF, 0xFF, 0xFF, 0xFF, 0xFF, 0xFF, 0xFF, 0xFF, 0xFF, 0xFF, 0xFF, 0xFF, 
	0xFF, 0xFF, 0xFF, 0xFE, 0xEE, 0xEE, 0xEE, 0xEE, 0xEE, 0xEE, 0xEE, 0xEE, 0xDD, 0xDD, 0xDD, 
	0xDD, 0xDD, 0xCC, 0xCB, 0xBB, 0xBB, 0xBB, 0xBB, 0xAA, 0xAB, 0xBB, 0xBB, 0xBB, 0xBA, 0xA9, 
	0x99, 0x99, 0x99, 0x98, 0x9A, 0xAA, 0x97, 0x77, 0x77, 0x77, 0x77, 0x77, 0x77, 0x77, 0x87, 
	0x77, 0x89, 0x9A, 0xAA, 0xAB, 0xCB, 0x98, 0x88, 0x88, 0x88, 0x88, 0x89, 0x99, 0x99, 0x99, 
	0x99, 0x99, 0x99, 0x99, 0x99, 0x99, 0x99, 0x99, 0x99, 0x99, 0xAA, 0xAA, 0xAA, 0xA9, 0x99, 
	0x99, 0x99, 0x99, 0x99, 0x99, 0x99, 0x99, 0x99, 0x99, 0x99, 0x99, 0x9A, 0xAA, 0xAA, 0xAA, 
	0x00, 0x00, 0x00, 0x00, 0x00, 0x00, 0x00, 0x00, 0x00, 0x00, 0x00, 0x00, 0x00, 0x00, 0x00, 
	0x00, 0x00, 0x00, 0x00, 0x00, 0x00, 0x00, 0x00, 0x00, 0x00, 0x00, 0x00, 0x00, 0x00, 0x00, 
	0x00, 0x00, 0x00, 0x00, 0x00, 0x00, 0x00, 0x00, 0x00, 0x00, 0x00, 0x00, 0x00, 0x00, 0x00, 
	0x00, 0x00, 0x00, 0x00, 0x00, 0x00, 0x00, 0x00, 0x00, 0x00, 0x00, 0x00, 0x00, 0x00, 0x00, 
	0x00, 0x00, 0x00, 0x00, 0x00, 0x00, 0x00, 0x00, 0x00, 0x00, 0x00, 0x00, 0x00, 0x00, 0x00, 
	0x00, 0x00, 0x00, 0x00, 0x00, 0x00, 0x00, 0x00, 0x00, 0x00, 0x00, 0x00, 0x00, 0x00, 0x00, 
	0x54, 0x55, 0x55, 0x55, 0x55, 0x66, 0x78, 0x89, 0x99, 0xAA, 0xAB, 0xBB, 0xBC, 0xCC, 0xCC, 
	0xCC, 0xCB, 0xBB, 0xBB, 0xBA, 0xAA, 0xAA, 0x99, 0x99, 0x9A, 0xBB, 0xBC, 0xCC, 0xCB, 0xBB, 
	0xAA, 0xAA, 0xAA, 0xBB, 0xBB, 0xBB, 0xBB, 0xAA, 0xAA, 0xAA, 0xAA, 0xBB, 0xBB, 0xAB, 0xBB, 
	0xBB, 0xCC, 0xDD, 0xDD, 0xDE, 0xEE, 0xEE, 0xEE, 0xEE, 0xFF, 0xFF, 0xFF, 0xFF, 0xFF, 0xFF, 
	0xFF, 0xFF, 0xFF, 0xFF, 0xFF, 0xFF, 0xFF, 0xFF, 0xFF, 0xFF, 0xFF, 0xFF, 0xFF, 0xFF, 0xFF, 
	0xFF, 0xFF, 0xFF, 0xFF, 0xFF, 0xFF, 0xFF, 0xEE, 0xEE, 0xDC, 0xBB, 0xAA, 0x99, 0x99, 0x99, 
	0x99, 0x99, 0x98, 0x88, 0x88, 0x99, 0x99, 0x9A, 0xAB, 0xDE, 0xEE, 0xFF, 0xEE, 0xEE, 0xEF, 
	0xFF, 0xFF, 0xFF, 0xFF, 0xFF, 0xFF, 0xFF, 0xFF, 0xFF, 0xFF, 0xFF, 0xFF, 0xFF, 0xFF, 0xFF, 
	0xFF, 0xFF, 0xFF, 0xFF, 0xFF, 0xEE, 0xEE, 0xEE, 0xEE, 0xEE, 0xEE, 0xEE, 0xEE, 0xDD, 0xDD, 
	0xDD, 0xCC, 0xBB, 0xBB, 0xBB, 0xBB, 0xAA, 0xAA, 0xAA, 0xAB, 0xBB, 0xBB, 0xBB, 0xAA, 0x99, 
	0x99, 0x99, 0x99, 0x9A, 0xAB, 0x98, 0x78, 0x77, 0x77, 0x77, 0x67, 0x77, 0x77, 0x77, 0x88, 
	0x88, 0x99, 0xAA, 0xAA, 0xAB, 0xCB, 0x98, 0x88, 0x88, 0x88, 0x88, 0x89, 0x99, 0x99, 0x98, 
	0x99, 0x99, 0x99, 0x99, 0x99, 0x99, 0x99, 0x99, 0x99, 0x99, 0x9A, 0xAA, 0xAA, 0xA9, 0x99, 
	0x99, 0x99, 0x99, 0x99, 0x99, 0x99, 0x99, 0x99, 0x99, 0x99, 0x99, 0x9A, 0xAA, 0xAA, 0xAA, 
	0x00, 0x00, 0x00, 0x00, 0x00, 0x00, 0x00, 0x00, 0x00, 0x00, 0x00, 0x00, 0x00, 0x00, 0x00, 
	0x00, 0x00, 0x00, 0x00, 0x00, 0x00, 0x00, 0x00, 0x00, 0x00, 0x00, 0x00, 0x00, 0x00, 0x00, 
	0x00, 0x00, 0x00, 0x00, 0x00, 0x00, 0x00, 0x00, 0x00, 0x00, 0x00, 0x00, 0x00, 0x00, 0x00, 
	0x00, 0x00, 0x00, 0x00, 0x00, 0x00, 0x00, 0x00, 0x00, 0x00, 0x00, 0x00, 0x00, 0x00, 0x00, 
	0x00, 0x00, 0x00, 0x00, 0x00, 0x00, 0x00, 0x00, 0x00, 0x00, 0x00, 0x00, 0x00, 0x00, 0x00, 
	0x00, 0x00, 0x00, 0x00, 0x00, 0x00, 0x00, 0x00, 0x00, 0x00, 0x00, 0x00, 0x00, 0x00, 0x00, 
	0x54, 0x55, 0x55, 0x55, 0x66, 0x77, 0x88, 0x99, 0x9A, 0xAA, 0xBB, 0xBB, 0xBB, 0xBC, 0xCC, 
	0xCB, 0xBB, 0xBB, 0xBA, 0xAA, 0xAA, 0xA9, 0x99, 0x99, 0x9A, 0xAB, 0xBB, 0xCC, 0xCB, 0xBA, 
	0xBA, 0xAA, 0xAA, 0xBA, 0xAA, 0xAA, 0xAA, 0xBB, 0xBB, 0xBB, 0xBB, 0xBA, 0xAA, 0xAB, 0xCC, 
	0xCC, 0xCC, 0xDD, 0xDD, 0xDD, 0xEE, 0xEE, 0xEE, 0xEE, 0xEF, 0xFF, 0xFF, 0xFF, 0xFF, 0xFF, 
	0xFF, 0xFF, 0xFF, 0xFF, 0xFF, 0xFF, 0xFF, 0xFF, 0xFF, 0xFF, 0xFF, 0xFF, 0xFF, 0xFF, 0xFF, 
	0xFF, 0xFF, 0xFF, 0xFF, 0xFF, 0xFF, 0xFF, 0xFF, 0xEE, 0xED, 0xCC, 0xBB, 0xA9, 0x99, 0x99, 
	0x99, 0x99, 0x88, 0x88, 0x88, 0x99, 0x99, 0xAA, 0xBC, 0xDE, 0xEF, 0xFF, 0xEE, 0xEE, 0xFF, 
	0xFF, 0xFF, 0xFF, 0xFF, 0xFF, 0xFF, 0xFF, 0xFF, 0xFF, 0xFF, 0xFF, 0xFF, 0xFF, 0xFF, 0xFF, 
	0xFF, 0xFF, 0xFF, 0xFF, 0xFF, 0xFE, 0xEE, 0xEE, 0xEE, 0xEE, 0xEE, 0xEE, 0xEE, 0xED, 0xDD, 
	0xCC, 0xCB, 0xBB, 0xBB, 0xBB, 0xBA, 0xAA, 0xAA, 0xAA, 0xAB, 0xBB, 0xBB, 0xBB, 0xAA, 0x98, 
	0x88, 0x89, 0x99, 0xAB, 0xA9, 0x88, 0x87, 0x77, 0x77, 0x77, 0x77, 0x77, 0x77, 0x78, 0x89, 
	0x99, 0x99, 0x99, 0x99, 0x9B, 0xBB, 0xA8, 0x88, 0x88, 0x88, 0x88, 0x99, 0x99, 0x99, 0x99, 
	0x99, 0x99, 0x99, 0x99, 0x99, 0x99, 0x99, 0x99, 0x99, 0x99, 0xAA, 0xAA, 0xAA, 0x99, 0x99, 
	0x99, 0x99, 0x99, 0x99, 0x99, 0x99, 0x99, 0x99, 0x99, 0x99, 0x99, 0x9A, 0xAA, 0xAA, 0xAA, 
	0x00, 0x00, 0x00, 0x00, 0x00, 0x00, 0x00, 0x00, 0x00, 0x00, 0x00, 0x00, 0x00, 0x00, 0x00, 
	0x00, 0x00, 0x00, 0x00, 0x00, 0x00, 0x00, 0x00, 0x00, 0x00, 0x00, 0x00, 0x00, 0x00, 0x00, 
	0x00, 0x00, 0x00, 0x00, 0x00, 0x00, 0x00, 0x00, 0x00, 0x00, 0x00, 0x00, 0x00, 0x00, 0x00, 
	0x00, 0x00, 0x00, 0x00, 0x00, 0x00, 0x00, 0x00, 0x00, 0x00, 0x00, 0x00, 0x00, 0x00, 0x00, 
	0x00, 0x00, 0x00, 0x00, 0x00, 0x00, 0x00, 0x00, 0x00, 0x00, 0x00, 0x00, 0x00, 0x00, 0x00, 
	0x00, 0x00, 0x00, 0x00, 0x00, 0x00, 0x00, 0x00, 0x00, 0x00, 0x00, 0x00, 0x00, 0x00, 0x00, 
	0x54, 0x55, 0x56, 0x67, 0x77, 0x88, 0x89, 0x99, 0xAA, 0xAA, 0xBB, 0xBB, 0xBB, 0xBB, 0xCC, 
	0xBB, 0xBB, 0xBA, 0xAA, 0xAA, 0xAA, 0xA9, 0x99, 0x99, 0xAA, 0xAB, 0xBB, 0xCB, 0xBB, 0xBB, 
	0xAA, 0xAB, 0xBA, 0xAA, 0x99, 0xAA, 0xAA, 0xAB, 0xBB, 0xBB, 0xBB, 0xBA, 0x9A, 0xAB, 0xCC, 
	0xCC, 0xCC, 0xCC, 0xDD, 0xDD, 0xEE, 0xEE, 0xEE, 0xEE, 0xEF, 0xFF, 0xFF, 0xFF, 0xFF, 0xFF, 
	0xFF, 0xFF, 0xFF, 0xFF, 0xFF, 0xFF, 0xFF, 0xFF, 0xFF, 0xFF, 0xFF, 0xFF, 0xFF, 0xFF, 0xFF, 
	0xFF, 0xFF, 0xFF, 0xFF, 0xFF, 0xFF, 0xFF, 0xFF, 0xEE, 0xEE, 0xDD, 0xCC, 0xBA, 0xAA, 0x99, 
	0x99, 0x98, 0x88, 0x88, 0x88, 0x89, 0x99, 0xAB, 0xBC, 0xDE, 0xEF, 0xFF, 0xFF, 0xFF, 0xFF, 
	0xFF, 0xFF, 0xFF, 0xFF, 0xFF, 0xFF, 0xFF, 0xFF, 0xFF, 0xFF, 0xFF, 0xFF, 0xFF, 0xFF, 0xFF, 
	0xFF, 0xFF, 0xFF, 0xFF, 0xFF, 0xFE, 0xEE, 0xEE, 0xEE, 0xEE, 0xEE, 0xEE, 0xEE, 0xDD, 0xDD, 
	0xCC, 0xCC, 0xCC, 0xBB, 0xBA, 0xAA, 0xBB, 0xBB, 0xBB, 0xBB, 0xBB, 0xBB, 0xBB, 0xBA, 0x98, 
	0x88, 0x89, 0xAB, 0xBA, 0x98, 0x88, 0x88, 0x77, 0x77, 0x87, 0x78, 0x88, 0x88, 0x88, 0x99, 
	0x99, 0x99, 0x99, 0x99, 0x9A, 0xBB, 0xA8, 0x88, 0x88, 0x88, 0x88, 0x99, 0x99, 0x99, 0x99, 
	0x99, 0x89, 0x99, 0x99, 0x99, 0x99, 0x99, 0x99, 0x99, 0x99, 0xAA, 0xAA, 0xA9, 0x99, 0x99, 
	0x99, 0x99, 0x99, 0x99, 0x99, 0x99, 0x99, 0x99, 0x99, 0x99, 0x99, 0x9A, 0xAA, 0xAA, 0xAA, 
	0x00, 0x00, 0x00, 0x00, 0x00, 0x00, 0x00, 0x00, 0x00, 0x00, 0x00, 0x00, 0x00, 0x00, 0x00, 
	0x00, 0x00, 0x00, 0x00, 0x00, 0x00, 0x00, 0x00, 0x00, 0x00, 0x00, 0x00, 0x00, 0x00, 0x00, 
	0x00, 0x00, 0x00, 0x00, 0x00, 0x00, 0x00, 0x00, 0x00, 0x00, 0x00, 0x00, 0x00, 0x00, 0x00, 
	0x00, 0x00, 0x00, 0x00, 0x00, 0x00, 0x00, 0x00, 0x00, 0x00, 0x00, 0x00, 0x00, 0x00, 0x00, 
	0x00, 0x00, 0x00, 0x00, 0x00, 0x00, 0x00, 0x00, 0x00, 0x00, 0x00, 0x00, 0x00, 0x00, 0x00, 
	0x00, 0x00, 0x00, 0x00, 0x00, 0x00, 0x00, 0x00, 0x00, 0x00, 0x00, 0x00, 0x00, 0x00, 0x00, 
	0x44, 0x56, 0x66, 0x77, 0x88, 0x99, 0x99, 0x99, 0xAA, 0xAA, 0xBB, 0xBB, 0xBB, 0xBB, 0xCC, 
	0xBB, 0xBB, 0xAA, 0xAA, 0xAA, 0xAA, 0x99, 0x99, 0x99, 0xAA, 0xAB, 0xBB, 0xBB, 0xBB, 0xBB, 
	0xBB, 0xBB, 0xBA, 0xA9, 0x9A, 0xAA, 0xAA, 0xAA, 0xAA, 0xBB, 0xBB, 0xAA, 0xAA, 0xAB, 0xCC, 
	0xCC, 0xCC, 0xCC, 0xDD, 0xDD, 0xDE, 0xEE, 0xEE, 0xEE, 0xEE, 0xFF, 0xFF, 0xFF, 0xFF, 0xFF, 
	0xFF, 0xFF, 0xFF, 0xFF, 0xFF, 0xFF, 0xFF, 0xFF, 0xFF, 0xFF, 0xFF, 0xFF, 0xFF, 0xFF, 0xFF, 
	0xFF, 0xFF, 0xFF, 0xFF, 0xFF, 0xFF, 0xFF, 0xFF, 0xEE, 0xEE, 0xEE, 0xDD, 0xDC, 0xBA, 0xAA, 
	0x99, 0x99, 0x88, 0x88, 0x88, 0x89, 0x9A, 0xAB, 0xCD, 0xEE, 0xEE, 0xEF, 0xFF, 0xFF, 0xFF, 
	0xFF, 0xFF, 0xFF, 0xFF, 0xFF, 0xFF, 0xFF, 0xFF, 0xFF, 0xFF, 0xFF, 0xFF, 0xFE, 0xEE, 0xFF, 
	0xFF, 0xFF, 0xFF, 0xFF, 0xFF, 0xFF, 0xEE, 0xEE, 0xEE, 0xEE, 0xEE, 0xED, 0xDD, 0xDD, 0xDD, 
	0xDC, 0xCC, 0xCC, 0xBB, 0xBB, 0xBB, 0xBB, 0xBB, 0xBB, 0xBB, 0xBB, 0xBB, 0xBB, 0xAA, 0xA9, 
	0x99, 0x9A, 0xBB, 0xA9, 0x99, 0x88, 0x88, 0x88, 0x88, 0x88, 0x98, 0x88, 0x88, 0x88, 0x89, 
	0x88, 0x88, 0x99, 0x99, 0x9A, 0xBC, 0xA8, 0x88, 0x88, 0x88, 0x89, 0x99, 0x99, 0x99, 0x99, 
	0x99, 0x88, 0x89, 0x99, 0x99, 0x99, 0x99, 0x99, 0x99, 0x9A, 0xAA, 0xAA, 0xA9, 0x99, 0x99, 
	0x99, 0x99, 0x99, 0x99, 0x99, 0x99, 0x99, 0x99, 0x99, 0x99, 0x9A, 0xAA, 0xAA, 0xAA, 0xAA, 
	0x00, 0x00, 0x00, 0x00, 0x00, 0x00, 0x00, 0x00, 0x00, 0x00, 0x00, 0x00, 0x00, 0x00, 0x00, 
	0x00, 0x00, 0x00, 0x00, 0x00, 0x00, 0x00, 0x00, 0x00, 0x00, 0x00, 0x00, 0x00, 0x00, 0x00, 
	0x00, 0x00, 0x00, 0x00, 0x00, 0x00, 0x00, 0x00, 0x00, 0x00, 0x00, 0x00, 0x00, 0x00, 0x00, 
	0x00, 0x00, 0x00, 0x00, 0x00, 0x00, 0x00, 0x00, 0x00, 0x00, 0x00, 0x00, 0x00, 0x00, 0x00, 
	0x00, 0x00, 0x00, 0x00, 0x00, 0x00, 0x00, 0x00, 0x00, 0x00, 0x00, 0x00, 0x00, 0x00, 0x00, 
	0x00, 0x00, 0x00, 0x00, 0x00, 0x00, 0x00, 0x00, 0x00, 0x00, 0x00, 0x00, 0x00, 0x00, 0x00, 
	0x44, 0x55, 0x66, 0x67, 0x78, 0x88, 0x89, 0x99, 0x9A, 0xAA, 0xBB, 0xBB, 0xBB, 0xBB, 0xBB, 
	0xBB, 0xBB, 0xBA, 0xAA, 0xAA, 0xAA, 0xA9, 0x99, 0x89, 0x9A, 0xAB, 0xBB, 0xAB, 0xBB, 0xBB, 
	0xBB, 0xBB, 0xAA, 0xAA, 0xAA, 0xAA, 0xAA, 0xAA, 0xBB, 0xBB, 0xBB, 0xBA, 0xBB, 0xBB, 0xCC, 
	0xCC, 0xCC, 0xCC, 0xDD, 0xDD, 0xDD, 0xEE, 0xEE, 0xEE, 0xFF, 0xFF, 0xFF, 0xFF, 0xFF, 0xFF, 
	0xFF, 0xFF, 0xFF, 0xFF, 0xFF, 0xFF, 0xFF, 0xFF, 0xFF, 0xFF, 0xFF, 0xFF, 0xFF, 0xFF, 0xFF, 
	0xFF, 0xFF, 0xFF, 0xFF, 0xFF, 0xFF, 0xFF, 0xFF, 0xEE, 0xEE, 0xEE, 0xED, 0xDC, 0xBB, 0xBA, 
	0xA9, 0x99, 0x88, 0x88, 0x88, 0x89, 0x9A, 0xBB, 0xCD, 0xEE, 0xFF, 0xFF, 0xFF, 0xFF, 0xFF, 
	0xFF, 0xFF, 0xFF, 0xFF, 0xFF, 0xFF, 0xFF, 0xFF, 0xFF, 0xFF, 0xFF, 0xEE, 0xEE, 0xEE, 0xEE, 
	0xEE, 0xEE, 0xFF, 0xFF, 0xFF, 0xFF, 0xFE, 0xEE, 0xEE, 0xEE, 0xDD, 0xDD, 0xDD, 0xDD, 0xDD, 
	0xDD, 0xCC, 0xCC, 0xCB, 0xBB, 0xBB, 0xBB, 0xBB, 0xBB, 0xBB, 0xAA, 0xAA, 0xAA, 0xAA, 0xAA, 
	0xAA, 0xAB, 0xBA, 0x9A, 0xAA, 0x99, 0x99, 0x99, 0x99, 0x99, 0x98, 0x88, 0x88, 0x88, 0x88, 
	0x87, 0x78, 0x89, 0x89, 0x9A, 0xBC, 0xB8, 0x88, 0x88, 0x88, 0x99, 0x99, 0x99, 0x99, 0x88, 
	0x99, 0x89, 0x99, 0x99, 0x99, 0x99, 0x99, 0x99, 0x99, 0xAA, 0xAA, 0xAA, 0x99, 0x99, 0x99, 
	0x99, 0x99, 0x99, 0x99, 0x99, 0x99, 0x99, 0x99, 0x99, 0x99, 0xAA, 0xAA, 0xAA, 0xAA, 0xAA, 
	0x00, 0x00, 0x00, 0x00, 0x00, 0x00, 0x00, 0x00, 0x00, 0x00, 0x00, 0x00, 0x00, 0x00, 0x00, 
	0x00, 0x00, 0x00, 0x00, 0x00, 0x00, 0x00, 0x00, 0x00, 0x00, 0x00, 0x00, 0x00, 0x00, 0x00, 
	0x00, 0x00, 0x00, 0x00, 0x00, 0x00, 0x00, 0x00, 0x00, 0x00, 0x00, 0x00, 0x00, 0x00, 0x00, 
	0x00, 0x00, 0x00, 0x00, 0x00, 0x00, 0x00, 0x00, 0x00, 0x00, 0x00, 0x00, 0x00, 0x00, 0x00, 
	0x00, 0x00, 0x00, 0x00, 0x00, 0x00, 0x00, 0x00, 0x00, 0x00, 0x00, 0x00, 0x00, 0x00, 0x00, 
	0x00, 0x00, 0x00, 0x00, 0x00, 0x00, 0x00, 0x00, 0x00, 0x00, 0x00, 0x00, 0x00, 0x00, 0x00, 
	0x44, 0x55, 0x55, 0x66, 0x77, 0x77, 0x88, 0x89, 0x99, 0xAA, 0xAB, 0xBB, 0xBB, 0xBB, 0xBB, 
	0xBB, 0xBB, 0xAA, 0xAA, 0xAA, 0xAA, 0xAA, 0x99, 0x99, 0x9A, 0xAB, 0xBB, 0xAB, 0xBC, 0xCC, 
	0xBB, 0xBA, 0xAB, 0xBA, 0xAA, 0xAA, 0xAA, 0xAB, 0xBB, 0xBB, 0xBB, 0xBB, 0xBC, 0xCC, 0xCC, 
	0xCC, 0xCC, 0xCC, 0xDD, 0xDD, 0xDD, 0xEE, 0xEE, 0xEF, 0xFF, 0xFF, 0xFF, 0xFF, 0xFF, 0xFF, 
	0xFF, 0xFF, 0xFF, 0xFF, 0xFF, 0xFF, 0xFF, 0xFF, 0xFF, 0xFF, 0xFF, 0xFF, 0xFF, 0xFF, 0xFF, 
	0xFF, 0xFF, 0xFF, 0xFF, 0xFF, 0xFF, 0xFF, 0xFF, 0xEE, 0xEE, 0xEE, 0xEE, 0xED, 0xCC, 0xBB, 
	0xA9, 0x99, 0x88, 0x88, 0x89, 0x99, 0xAA, 0xBC, 0xDE, 0xEE, 0xFF, 0xFF, 0xFF, 0xFF, 0xFF, 
	0xFF, 0xFF, 0xFF, 0xFF, 0xFF, 0xFF, 0xFF, 0xFF, 0xFF, 0xFF, 0xFF, 0xEE, 0xEE, 0xEE, 0xEE, 
	0xEE, 0xEE, 0xEF, 0xFF, 0xFF, 0xFF, 0xFF, 0xEE, 0xEE, 0xEE, 0xDD, 0xDD, 0xDD, 0xDD, 0xDD, 
	0xDD, 0xDC, 0xCC, 0xCC, 0xCB, 0xBB, 0xBB, 0xBA, 0xAA, 0xAA, 0xAA, 0xAA, 0xAA, 0xAA, 0xAA, 
	0xBB, 0xCB, 0xAA, 0xAA, 0xAA, 0xAA, 0x99, 0x99, 0x99, 0x99, 0x99, 0x99, 0x88, 0x77, 0x77, 
	0x77, 0x77, 0x88, 0x88, 0x89, 0xBC, 0xB9, 0x88, 0x88, 0x88, 0x99, 0x99, 0x99, 0x99, 0x99, 
	0x99, 0x99, 0x99, 0x99, 0x99, 0x99, 0x99, 0x99, 0x99, 0xAA, 0xAA, 0xA9, 0x99, 0x99, 0x99, 
	0x99, 0x99, 0x99, 0x99, 0x99, 0x99, 0x99, 0x99, 0x99, 0x99, 0xAA, 0xAA, 0xAA, 0xAA, 0xAA, 
	0x00, 0x00, 0x00, 0x00, 0x00, 0x00, 0x00, 0x00, 0x00, 0x00, 0x00, 0x00, 0x00, 0x00, 0x00, 
	0x00, 0x00, 0x00, 0x00, 0x00, 0x00, 0x00, 0x00, 0x00, 0x00, 0x00, 0x00, 0x00, 0x00, 0x00, 
	0x00, 0x00, 0x00, 0x00, 0x00, 0x00, 0x00, 0x00, 0x00, 0x00, 0x00, 0x00, 0x00, 0x00, 0x00, 
	0x00, 0x00, 0x00, 0x00, 0x00, 0x00, 0x00, 0x00, 0x00, 0x00, 0x00, 0x00, 0x00, 0x00, 0x00, 
	0x00, 0x00, 0x00, 0x00, 0x00, 0x00, 0x00, 0x00, 0x00, 0x00, 0x00, 0x00, 0x00, 0x00, 0x00, 
	0x00, 0x00, 0x00, 0x00, 0x00, 0x00, 0x00, 0x00, 0x00, 0x00, 0x00, 0x00, 0x00, 0x00, 0x00, 
	0x44, 0x45, 0x55, 0x66, 0x66, 0x77, 0x78, 0x88, 0x99, 0xAA, 0xAB, 0xBB, 0xBB, 0xBB, 0xBB, 
	0xBB, 0xBB, 0xAA, 0xAA, 0xAA, 0xAA, 0xA9, 0x99, 0x99, 0xAA, 0xBB, 0xBB, 0xBB, 0xBC, 0xCB, 
	0xBB, 0xBB, 0xBB, 0xBA, 0xAA, 0xAA, 0xAA, 0xBB, 0xBB, 0xBB, 0xBC, 0xCC, 0xBC, 0xCC, 0xCC, 
	0xDC, 0xCC, 0xCC, 0xDD, 0xDD, 0xDE, 0xEE, 0xEE, 0xFF, 0xFF, 0xFF, 0xFF, 0xFF, 0xFF, 0xFF, 
	0xFF, 0xFF, 0xFF, 0xFF, 0xFF, 0xFF, 0xFF, 0xFF, 0xFF, 0xFF, 0xFF, 0xFF, 0xFF, 0xFF, 0xFF, 
	0xFF, 0xFF, 0xFF, 0xFF, 0xFF, 0xFF, 0xFF, 0xFF, 0xEE, 0xEE, 0xEE, 0xEE, 0xEE, 0xDC, 0xCB, 
	0xAA, 0x99, 0x99, 0x88, 0x89, 0x99, 0xAA, 0xBC, 0xDE, 0xEE, 0xFF, 0xFF, 0xFF, 0xFF, 0xFF, 
	0xFF, 0xFF, 0xFF, 0xFF, 0xFF, 0xFF, 0xFF, 0xFF, 0xFF, 0xFF, 0xFF, 0xFE, 0xFF, 0xFF, 0xEE, 
	0xEE, 0xEE, 0xEE, 0xEE, 0xFF, 0xFF, 0xFF, 0xEE, 0xFF, 0xEE, 0xEE, 0xEE, 0xEE, 0xED, 0xDD, 
	0xDD, 0xDD, 0xDD, 0xCC, 0xCB, 0xBB, 0xBB, 0xBB, 0xBB, 0xAA, 0xAA, 0xAB, 0xAB, 0xBB, 0xBB, 
	0xCC, 0xBA, 0xAA, 0xA9, 0x99, 0xAA, 0xAA, 0xA9, 0x99, 0x88, 0x77, 0x77, 0x76, 0x77, 0x77, 
	0x77, 0x77, 0x89, 0x98, 0x89, 0xAB, 0xBA, 0x88, 0x88, 0x88, 0x99, 0x99, 0x99, 0x99, 0x99, 
	0x99, 0x99, 0x99, 0x99, 0x99, 0x99, 0x99, 0x99, 0x9A, 0xAA, 0xAA, 0xA9, 0x99, 0x99, 0x99, 
	0x99, 0x99, 0x99, 0x99, 0x99, 0x99, 0x99, 0x99, 0x99, 0x99, 0x9A, 0xAA, 0xAA, 0xAA, 0xAA, 
	0x00, 0x00, 0x00, 0x00, 0x00, 0x00, 0x00, 0x00, 0x00, 0x00, 0x00, 0x00, 0x00, 0x00, 0x00, 
	0x00, 0x00, 0x00, 0x00, 0x00, 0x00, 0x00, 0x00, 0x00, 0x00, 0x00, 0x00, 0x00, 0x00, 0x00, 
	0x00, 0x00, 0x00, 0x00, 0x00, 0x00, 0x00, 0x00, 0x00, 0x00, 0x00, 0x00, 0x00, 0x00, 0x00, 
	0x00, 0x00, 0x00, 0x00, 0x00, 0x00, 0x00, 0x00, 0x00, 0x00, 0x00, 0x00, 0x00, 0x00, 0x00, 
	0x00, 0x00, 0x00, 0x00, 0x00, 0x00, 0x00, 0x00, 0x00, 0x00, 0x00, 0x00, 0x00, 0x00, 0x00, 
	0x00, 0x00, 0x00, 0x00, 0x00, 0x00, 0x00, 0x00, 0x00, 0x00, 0x00, 0x00, 0x00, 0x00, 0x00, 
	0x44, 0x55, 0x55, 0x56, 0x66, 0x67, 0x77, 0x88, 0x99, 0xAA, 0xBB, 0xBB, 0xBB, 0xBB, 0xBB, 
	0xBB, 0xBB, 0xAA, 0xAA, 0xAA, 0xAA, 0x99, 0x99, 0x99, 0xAB, 0xBB, 0xBB, 0xBB, 0xCC, 0xCB, 
	0xBB, 0xBB, 0xBA, 0xAA, 0xAA, 0xAA, 0xAA, 0xBB, 0xBB, 0xCB, 0xBC, 0xCB, 0xBB, 0xBB, 0xCC, 
	0xCC, 0xCC, 0xCD, 0xDD, 0xDE, 0xEE, 0xEE, 0xEE, 0xFF, 0xFF, 0xFF, 0xFF, 0xFF, 0xFF, 0xFF, 
	0xFF, 0xFF, 0xFF, 0xFF, 0xFF, 0xFF, 0xFF, 0xFF, 0xFF, 0xFF, 0xFF, 0xFF, 0xFF, 0xFF, 0xFF, 
	0xFF, 0xFF, 0xFF, 0xFF, 0xFF, 0xFF, 0xFF, 0xFF, 0xEE, 0xEE, 0xEE, 0xEE, 0xEE, 0xED, 0xCB, 
	0xBA, 0x99, 0x99, 0x99, 0x99, 0x9A, 0xAB, 0xCC, 0xDE, 0xEE, 0xFF, 0xFF, 0xFF, 0xFF, 0xFF, 
	0xFF, 0xFF, 0xFF, 0xFF, 0xFF, 0xFF, 0xFF, 0xFF, 0xFF, 0xFF, 0xFF, 0xFF, 0xFF, 0xFF, 0xEE, 
	0xEE, 0xEE, 0xEE, 0xEE, 0xEE, 0xEE, 0xEE, 0xEE, 0xFF, 0xFF, 0xFF, 0xEE, 0xEE, 0xEE, 0xEE, 
	0xDD, 0xDD, 0xDD, 0xDC, 0xCC, 0xCC, 0xCC, 0xBB, 0xBB, 0xBB, 0xBB, 0xBB, 0xCC, 0xCC, 0xBA, 
	0xAA, 0xAA, 0xA9, 0x99, 0xAA, 0xBA, 0xA9, 0x98, 0x87, 0x77, 0x77, 0x77, 0x78, 0x77, 0x77, 
	0x77, 0x77, 0x88, 0x88, 0x89, 0xAB, 0xBA, 0x88, 0x88, 0x88, 0x99, 0x99, 0x98, 0x89, 0x99, 
	0x99, 0x99, 0x99, 0x99, 0x99, 0x99, 0x99, 0x99, 0xAA, 0xAA, 0xAA, 0x99, 0x99, 0x99, 0x99, 
	0x99, 0x99, 0x99, 0x99, 0x99, 0x99, 0x99, 0x99, 0x99, 0x99, 0x99, 0xAA, 0xAA, 0xAA, 0xAA, 
	0x00, 0x00, 0x00, 0x00, 0x00, 0x00, 0x00, 0x00, 0x00, 0x00, 0x00, 0x00, 0x00, 0x00, 0x00, 
	0x00, 0x00, 0x00, 0x00, 0x00, 0x00, 0x00, 0x00, 0x00, 0x00, 0x00, 0x00, 0x00, 0x00, 0x00, 
	0x00, 0x00, 0x00, 0x00, 0x00, 0x00, 0x00, 0x00, 0x00, 0x00, 0x00, 0x00, 0x00, 0x00, 0x00, 
	0x00, 0x00, 0x00, 0x00, 0x00, 0x00, 0x00, 0x00, 0x00, 0x00, 0x00, 0x00, 0x00, 0x00, 0x00, 
	0x00, 0x00, 0x00, 0x00, 0x00, 0x00, 0x00, 0x00, 0x00, 0x00, 0x00, 0x00, 0x00, 0x00, 0x00, 
	0x00, 0x00, 0x00, 0x00, 0x00, 0x00, 0x00, 0x00, 0x00, 0x00, 0x00, 0x00, 0x00, 0x00, 0x00, 
	0x44, 0x44, 0x55, 0x55, 0x56, 0x66, 0x77, 0x78, 0x89, 0xAA, 0xBB, 0xBB, 0xBB, 0xBB, 0xBB, 
	0xBB, 0xBB, 0xAA, 0xBB, 0xBB, 0xAA, 0x99, 0x99, 0x99, 0xAA, 0xAA, 0xBB, 0xBB, 0xBC, 0xCB, 
	0xBB, 0xBB, 0xBA, 0xAA, 0xAA, 0xBA, 0xAA, 0xAB, 0xBB, 0xBB, 0xBB, 0xBB, 0xBB, 0xBB, 0xBC, 
	0xCC, 0xCC, 0xCD, 0xDE, 0xEE, 0xEE, 0xEE, 0xEE, 0xFF, 0xFF, 0xFF, 0xFF, 0xFF, 0xFF, 0xFF, 
	0xFF, 0xFF, 0xFF, 0xFF, 0xFF, 0xFF, 0xFF, 0xFF, 0xFF, 0xFF, 0xFF, 0xFF, 0xFF, 0xFF, 0xFF, 
	0xFF, 0xFF, 0xFF, 0xFF, 0xFF, 0xFF, 0xFF, 0xFF, 0xFE, 0xEE, 0xEF, 0xFE, 0xEE, 0xEE, 0xDC, 
	0xBB, 0xA9, 0x99, 0x99, 0x99, 0x9A, 0xBC, 0xCD, 0xEE, 0xEE, 0xFF, 0xFF, 0xFF, 0xFF, 0xFF, 
	0xFF, 0xFF, 0xFF, 0xFF, 0xFF, 0xFF, 0xFF, 0xFF, 0xFF, 0xFF, 0xFF, 0xFF, 0xFF, 0xFF, 0xFF, 
	0xFE, 0xEE, 0xEE, 0xEE, 0xEE, 0xEE, 0xEE, 0xEE, 0xEE, 0xEE, 0xFF, 0xEE, 0xEE, 0xEE, 0xEE, 
	0xEE, 0xED, 0xDD, 0xCC, 0xBB, 0xBB, 0xBB, 0xBB, 0xBB, 0xBB, 0xBB, 0xCC, 0xBB, 0xBA, 0xAA, 
	0xAA, 0xAA, 0xAA, 0xAB, 0xBB, 0xA9, 0x98, 0x88, 0x88, 0x88, 0x88, 0x77, 0x78, 0x88, 0x87, 
	0x77, 0x77, 0x88, 0x88, 0x99, 0xAB, 0xBA, 0x88, 0x88, 0x88, 0x99, 0x99, 0x98, 0x89, 0x99, 
	0x99, 0x99, 0x99, 0x99, 0x99, 0x99, 0x99, 0x99, 0xAA, 0xAA, 0xAA, 0x99, 0x99, 0x99, 0x99, 
	0x99, 0x99, 0x99, 0x99, 0x99, 0x99, 0x99, 0x99, 0x9A, 0xAA, 0x9A, 0xAA, 0xAA, 0xAA, 0xAA, 
	0x00, 0x00, 0x00, 0x00, 0x00, 0x00, 0x00, 0x00, 0x00, 0x00, 0x00, 0x00, 0x00, 0x00, 0x00, 
	0x00, 0x00, 0x00, 0x00, 0x00, 0x00, 0x00, 0x00, 0x00, 0x00, 0x00, 0x00, 0x00, 0x00, 0x00, 
	0x00, 0x00, 0x00, 0x00, 0x00, 0x00, 0x00, 0x00, 0x00, 0x00, 0x00, 0x00, 0x00, 0x00, 0x00, 
	0x00, 0x00, 0x00, 0x00, 0x00, 0x00, 0x00, 0x00, 0x00, 0x00, 0x00, 0x00, 0x00, 0x00, 0x00, 
	0x00, 0x00, 0x00, 0x00, 0x00, 0x00, 0x00, 0x00, 0x00, 0x00, 0x00, 0x00, 0x00, 0x00, 0x00, 
	0x00, 0x00, 0x00, 0x00, 0x00, 0x00, 0x00, 0x00, 0x00, 0x00, 0x00, 0x00, 0x00, 0x00, 0x00, 
	0x44, 0x44, 0x45, 0x55, 0x55, 0x66, 0x77, 0x88, 0x99, 0xAA, 0xBB, 0xBB, 0xBB, 0xBB, 0xBB, 
	0xBB, 0xBB, 0xBB, 0xBB, 0xBA, 0xAA, 0x99, 0x99, 0x99, 0xAA, 0xAA, 0xBB, 0xBB, 0xBC, 0xCB, 
	0xBB, 0xBB, 0xAA, 0x9A, 0xAA, 0xAA, 0xAA, 0xAA, 0xBB, 0xBB, 0xBB, 0xBB, 0xBB, 0xBB, 0xBB, 
	0xBC, 0xCD, 0xDD, 0xEE, 0xEE, 0xEE, 0xEE, 0xFE, 0xFF, 0xFF, 0xFF, 0xFF, 0xFF, 0xFF, 0xFF, 
	0xFF, 0xFF, 0xFF, 0xFF, 0xEE, 0xEF, 0xFF, 0xFF, 0xFF, 0xFF, 0xFF, 0xFF, 0xFF, 0xFF, 0xFF, 
	0xFF, 0xFF, 0xFF, 0xFF, 0xFF, 0xFF, 0xFF, 0xFF, 0xFF, 0xEE, 0xEF, 0xFE, 0xEE, 0xEE, 0xDC, 
	0xCB, 0xAA, 0xAA, 0x99, 0x99, 0xAA, 0xBC, 0xDD, 0xEE, 0xEE, 0xEF, 0xFF, 0xFF, 0xFF, 0xFF, 
	0xFF, 0xFF, 0xFF, 0xFF, 0xFF, 0xFF, 0xFF, 0xFF, 0xFF, 0xFF, 0xFF, 0xFF, 0xFF, 0xFF, 0xFF, 
	0xFF, 0xFF, 0xFE, 0xEE, 0xEE, 0xEE, 0xEE, 0xEE, 0xEE, 0xEE, 0xEE, 0xEE, 0xEE, 0xEE, 0xEE, 
	0xEE, 0xED, 0xDD, 0xCC, 0xBB, 0xBB, 0xBB, 0xCC, 0xBB, 0xBB, 0xBB, 0xBB, 0xBB, 0xBB, 0xBB, 
	0xAA, 0xAA, 0xAB, 0xBB, 0xAA, 0xA9, 0x99, 0x99, 0x88, 0x88, 0x88, 0x87, 0x77, 0x77, 0x77, 
	0x77, 0x77, 0x88, 0x88, 0x99, 0xAB, 0xBB, 0x88, 0x88, 0x99, 0x99, 0x99, 0x98, 0x99, 0x99, 
	0x99, 0x99, 0x99, 0x99, 0x99, 0x99, 0x99, 0x9A, 0xAA, 0xAA, 0xA9, 0x99, 0x99, 0x99, 0x99, 
	0x99, 0x99, 0x99, 0x99, 0x99, 0x99, 0x99, 0x99, 0x9A, 0xAA, 0xAA, 0xAA, 0xAA, 0xAA, 0xAA, 
	0x00, 0x00, 0x00, 0x00, 0x00, 0x00, 0x00, 0x00, 0x00, 0x00, 0x00, 0x00, 0x00, 0x00, 0x00, 
	0x00, 0x00, 0x00, 0x00, 0x00, 0x00, 0x00, 0x00, 0x00, 0x00, 0x00, 0x00, 0x00, 0x00, 0x00, 
	0x00, 0x00, 0x00, 0x00, 0x00, 0x00, 0x00, 0x00, 0x00, 0x00, 0x00, 0x00, 0x00, 0x00, 0x00, 
	0x00, 0x00, 0x00, 0x00, 0x00, 0x00, 0x00, 0x00, 0x00, 0x00, 0x00, 0x00, 0x00, 0x00, 0x00, 
	0x00, 0x00, 0x00, 0x00, 0x00, 0x00, 0x00, 0x00, 0x00, 0x00, 0x00, 0x00, 0x00, 0x00, 0x00, 
	0x00, 0x00, 0x00, 0x00, 0x00, 0x00, 0x00, 0x00, 0x00, 0x00, 0x00, 0x00, 0x00, 0x00, 0x00, 
	0x44, 0x44, 0x55, 0x56, 0x66, 0x66, 0x78, 0x89, 0xAA, 0xBB, 0xBB, 0xBB, 0xBB, 0xBB, 0xBB, 
	0xBB, 0xBB, 0xBB, 0xBB, 0xBA, 0xA9, 0x99, 0x99, 0x9A, 0xAB, 0xBB, 0xBB, 0xBB, 0xBB, 0xBB, 
	0xBB, 0xBA, 0xAA, 0x9A, 0xAA, 0xAA, 0xAA, 0xAA, 0xAB, 0xBB, 0xBB, 0xBC, 0xBB, 0xBB, 0xBB, 
	0xCC, 0xDD, 0xDD, 0xEE, 0xEE, 0xEE, 0xEE, 0xFF, 0xFF, 0xFF, 0xFF, 0xFF, 0xFF, 0xFF, 0xFF, 
	0xFF, 0xFF, 0xFF, 0xEE, 0xEE, 0xEE, 0xFF, 0xFF, 0xFF, 0xFF, 0xFF, 0xEF, 0xFF, 0xFF, 0xFF, 
	0xFF, 0xFF, 0xFF, 0xFF, 0xFF, 0xFF, 0xFF, 0xFF, 0xFF, 0xEE, 0xEF, 0xFE, 0xEE, 0xEE, 0xED, 
	0xCC, 0xBB, 0xAA, 0xA9, 0x9A, 0xAB, 0xCC, 0xDD, 0xEE, 0xEE, 0xEE, 0xEE, 0xFF, 0xFF, 0xFF, 
	0xFF, 0xFF, 0xFF, 0xFF, 0xFF, 0xFF, 0xFF, 0xFF, 0xFF, 0xFF, 0xFF, 0xFF, 0xFE, 0xEF, 0xFF, 
	0xFF, 0xFF, 0xFF, 0xEE, 0xEE, 0xEE, 0xEE, 0xEE, 0xEE, 0xEE, 0xEE, 0xEE, 0xEE, 0xEE, 0xEE, 
	0xEE, 0xEE, 0xDD, 0xDC, 0xCC, 0xBB, 0xBB, 0xBB, 0xBB, 0xBB, 0xBB, 0xBB, 0xBB, 0xBB, 0xBB, 
	0xBA, 0xBB, 0xBB, 0xA9, 0x9A, 0xA9, 0x99, 0x99, 0x88, 0x78, 0x88, 0x88, 0x77, 0x77, 0x77, 
	0x77, 0x77, 0x88, 0x88, 0x88, 0xAB, 0xCB, 0x97, 0x88, 0x99, 0x99, 0x99, 0x99, 0x99, 0x99, 
	0x99, 0x99, 0x99, 0x99, 0x99, 0x99, 0x99, 0x9A, 0xAA, 0xAA, 0xA9, 0x99, 0x99, 0x99, 0x99, 
	0x99, 0x99, 0x99, 0x99, 0x99, 0x99, 0x99, 0x99, 0x9A, 0xAA, 0xAA, 0xAA, 0xAA, 0xAA, 0xAA, 
	0x00, 0x00, 0x00, 0x00, 0x00, 0x00, 0x00, 0x00, 0x00, 0x00, 0x00, 0x00, 0x00, 0x00, 0x00, 
	0x00, 0x00, 0x00, 0x00, 0x00, 0x00, 0x00, 0x00, 0x00, 0x00, 0x00, 0x00, 0x00, 0x00, 0x00, 
	0x00, 0x00, 0x00, 0x00, 0x00, 0x00, 0x00, 0x00, 0x00, 0x00, 0x00, 0x00, 0x00, 0x00, 0x00, 
	0x00, 0x00, 0x00, 0x00, 0x00, 0x00, 0x00, 0x00, 0x00, 0x00, 0x00, 0x00, 0x00, 0x00, 0x00, 
	0x00, 0x00, 0x00, 0x00, 0x00, 0x00, 0x00, 0x00, 0x00, 0x00, 0x00, 0x00, 0x00, 0x00, 0x00, 
	0x00, 0x00, 0x00, 0x00, 0x00, 0x00, 0x00, 0x00, 0x00, 0x00, 0x00, 0x00, 0x00, 0x00, 0x00, 
	0x45, 0x55, 0x55, 0x56, 0x66, 0x77, 0x88, 0x9A, 0xAB, 0xBB, 0xBB, 0xBB, 0xBB, 0xBB, 0xBB, 
	0xBB, 0xBB, 0xBB, 0xAA, 0xAA, 0x99, 0x99, 0x99, 0x9A, 0xAB, 0xBB, 0xBB, 0xBB, 0xBB, 0xBB, 
	0xBA, 0xAA, 0x99, 0xAA, 0xAA, 0xAA, 0xBB, 0xAA, 0xAA, 0xBB, 0xBB, 0xBC, 0xCC, 0xCC, 0xCD, 
	0xDD, 0xDE, 0xEE, 0xEE, 0xEE, 0xEE, 0xEE, 0xFF, 0xFF, 0xFF, 0xFF, 0xFF, 0xFF, 0xFF, 0xFF, 
	0xFF, 0xFF, 0xFF, 0xFF, 0xFF, 0xFF, 0xFF, 0xFF, 0xFF, 0xFE, 0xEE, 0xEE, 0xFF, 0xFF, 0xFF, 
	0xFF, 0xFF, 0xFF, 0xFF, 0xFF, 0xFF, 0xFF, 0xFF, 0xFF, 0xEE, 0xEE, 0xFF, 0xEE, 0xEE, 0xED, 
	0xDC, 0xBB, 0xBA, 0xA9, 0x9A, 0xAB, 0xCD, 0xDD, 0xDE, 0xEE, 0xEE, 0xEE, 0xEF, 0xFF, 0xFF, 
	0xFF, 0xFF, 0xFF, 0xFF, 0xFF, 0xFF, 0xFF, 0xFF, 0xFF, 0xFF, 0xFF, 0xFE, 0xEE, 0xEE, 0xEE, 
	0xEE, 0xEF, 0xEE, 0xEE, 0xEE, 0xEE, 0xEE, 0xEE, 0xDD, 0xEE, 0xEE, 0xEE, 0xEE, 0xEE, 0xEE, 
	0xEE, 0xEE, 0xDD, 0xDD, 0xDC, 0xCB, 0xBB, 0xBB, 0xBB, 0xBB, 0xBB, 0xBB, 0xCC, 0xCC, 0xCC, 
	0xCC, 0xBB, 0xAA, 0xAA, 0xAA, 0xAA, 0xAA, 0x99, 0x99, 0x88, 0x88, 0x88, 0x78, 0x77, 0x77, 
	0x77, 0x77, 0x88, 0x99, 0x99, 0x9B, 0xCB, 0x98, 0x89, 0x99, 0x99, 0x99, 0x89, 0x99, 0x99, 
	0x99, 0x99, 0x99, 0x99, 0x99, 0x99, 0x99, 0x9A, 0xAA, 0xAA, 0x99, 0x99, 0x99, 0x99, 0x99, 
	0x99, 0x99, 0x99, 0x99, 0x99, 0x99, 0x99, 0x99, 0xAA, 0xA9, 0x9A, 0xAA, 0xAA, 0xAA, 0xAA, 
	0x00, 0x00, 0x00, 0x00, 0x00, 0x00, 0x00, 0x00, 0x00, 0x00, 0x00, 0x00, 0x00, 0x00, 0x00, 
	0x00, 0x00, 0x00, 0x00, 0x00, 0x00, 0x00, 0x00, 0x00, 0x00, 0x00, 0x00, 0x00, 0x00, 0x00, 
	0x00, 0x00, 0x00, 0x00, 0x00, 0x00, 0x00, 0x00, 0x00, 0x00, 0x00, 0x00, 0x00, 0x00, 0x00, 
	0x00, 0x00, 0x00, 0x00, 0x00, 0x00, 0x00, 0x00, 0x00, 0x00, 0x00, 0x00, 0x00, 0x00, 0x00, 
	0x00, 0x00, 0x00, 0x00, 0x00, 0x00, 0x00, 0x00, 0x00, 0x00, 0x00, 0x00, 0x00, 0x00, 0x00, 
	0x00, 0x00, 0x00, 0x00, 0x00, 0x00, 0x00, 0x00, 0x00, 0x00, 0x00, 0x00, 0x00, 0x00, 0x00, 
	0x45, 0x55, 0x55, 0x56, 0x66, 0x77, 0x88, 0x9A, 0xAA, 0xBB, 0xBB, 0xBB, 0xBB, 0xBB, 0xBB, 
	0xBB, 0xBB, 0xBB, 0xAA, 0xAA, 0x99, 0x99, 0x98, 0x99, 0xAB, 0xBB, 0xBB, 0xBB, 0xCB, 0xBB, 
	0xAA, 0xAA, 0x9A, 0xAA, 0xAA, 0xAA, 0xAA, 0xAA, 0xAA, 0xBB, 0xBB, 0xBC, 0xCC, 0xDD, 0xDD, 
	0xDD, 0xDD, 0xDD, 0xDE, 0xEE, 0xEE, 0xEE, 0xEF, 0xEF, 0xFF, 0xFF, 0xFF, 0xFF, 0xFF, 0xFF, 
	0xFF, 0xFF, 0xFF, 0xFF, 0xFF, 0xFF, 0xFF, 0xFF, 0xFF, 0xFF, 0xFF, 0xFF, 0xFF, 0xFF, 0xFF, 
	0xFF, 0xFF, 0xFF, 0xFF, 0xEF, 0xFF, 0xFF, 0xFF, 0xFF, 0xEE, 0xEF, 0xFF, 0xEE, 0xEE, 0xED, 
	0xDC, 0xCB, 0xBA, 0xA9, 0xAA, 0xBB, 0xCC, 0xDD, 0xDD, 0xDD, 0xEE, 0xEE, 0xEE, 0xEE, 0xEE, 
	0xEE, 0xEE, 0xEE, 0xFE, 0xEE, 0xEE, 0xFF, 0xFE, 0xEE, 0xEE, 0xEE, 0xEE, 0xEE, 0xEE, 0xEE, 
	0xEE, 0xEE, 0xEE, 0xEE, 0xEE, 0xEE, 0xEE, 0xED, 0xDD, 0xDD, 0xDD, 0xEE, 0xEE, 0xEE, 0xEE, 
	0xEE, 0xEE, 0xDD, 0xDC, 0xCB, 0xBA, 0xAA, 0xA9, 0x99, 0x99, 0x99, 0x9A, 0xAA, 0xAA, 0xAA, 
	0xAB, 0xAA, 0xAB, 0xBB, 0xBB, 0xBA, 0xAA, 0xAA, 0xAA, 0xA9, 0x99, 0x98, 0x89, 0x88, 0x88, 
	0x88, 0x77, 0x88, 0x99, 0x99, 0xAB, 0xCB, 0xA8, 0x89, 0x99, 0x99, 0x99, 0x89, 0x99, 0x99, 
	0x98, 0x89, 0x99, 0x99, 0x99, 0x99, 0x99, 0xAA, 0xAA, 0xA9, 0x99, 0x99, 0x99, 0x99, 0x99, 
	0x99, 0x99, 0x99, 0x99, 0x99, 0x99, 0x99, 0x99, 0x9A, 0xAA, 0xAA, 0xAA, 0xAA, 0xAA, 0xAA, 
	0x00, 0x00, 0x00, 0x00, 0x00, 0x00, 0x00, 0x00, 0x00, 0x00, 0x00, 0x00, 0x00, 0x00, 0x00, 
	0x00, 0x00, 0x00, 0x00, 0x00, 0x00, 0x00, 0x00, 0x00, 0x00, 0x00, 0x00, 0x00, 0x00, 0x00, 
	0x00, 0x00, 0x00, 0x00, 0x00, 0x00, 0x00, 0x00, 0x00, 0x00, 0x00, 0x00, 0x00, 0x00, 0x00, 
	0x00, 0x00, 0x00, 0x00, 0x00, 0x00, 0x00, 0x00, 0x00, 0x00, 0x00, 0x00, 0x00, 0x00, 0x00, 
	0x00, 0x00, 0x00, 0x00, 0x00, 0x00, 0x00, 0x00, 0x00, 0x00, 0x00, 0x00, 0x00, 0x00, 0x00, 
	0x00, 0x00, 0x00, 0x00, 0x00, 0x00, 0x00, 0x00, 0x00, 0x00, 0x00, 0x00, 0x00, 0x00, 0x00, 
	0x44, 0x55, 0x55, 0x66, 0x67, 0x77, 0x88, 0x9A, 0xAA, 0xBB, 0xBB, 0xBB, 0xBB, 0xBB, 0xBB, 
	0xBB, 0xBB, 0xBA, 0xAA, 0xAA, 0xA9, 0x99, 0x99, 0x99, 0xAA, 0xBB, 0xBB, 0xBB, 0xBB, 0xBA, 
	0xAA, 0xA9, 0xAA, 0xAA, 0xA9, 0x99, 0x9A, 0xAA, 0xAA, 0xAA, 0xBB, 0xCC, 0xCD, 0xDD, 0xDD, 
	0xDD, 0xDD, 0xDD, 0xDD, 0xDE, 0xEE, 0xEE, 0xEE, 0xEE, 0xEE, 0xFF, 0xFF, 0xFF, 0xFF, 0xFF, 
	0xFF, 0xFF, 0xFF, 0xFF, 0xFF, 0xFF, 0xFF, 0xFF, 0xFF, 0xFF, 0xFF, 0xFF, 0xFF, 0xFF, 0xFF, 
	0xFF, 0xFF, 0xFE, 0xEE, 0xEE, 0xEF, 0xFF, 0xFF, 0xFF, 0xEE, 0xEF, 0xFE, 0xEE, 0xEE, 0xDD, 
	0xDC, 0xCC, 0xBB, 0xAA, 0xAA, 0xBB, 0xCC, 0xDD, 0xDD, 0xDD, 0xDD, 0xDE, 0xEE, 0xEE, 0xEE, 
	0xEE, 0xEE, 0xEE, 0xEE, 0xEE, 0xEE, 0xEE, 0xEE, 0xEE, 0xEE, 0xEE, 0xEE, 0xEE, 0xEE, 0xEE, 
	0xEE, 0xEE, 0xEE, 0xEE, 0xEE, 0xEE, 0xEE, 0xEE, 0xED, 0xDE, 0xDD, 0xDD, 0xDD, 0xDD, 0xDE, 
	0xEE, 0xED, 0xDD, 0xCC, 0xCB, 0xA9, 0x99, 0x99, 0x88, 0x88, 0x88, 0x99, 0x99, 0x99, 0xAA, 
	0xAA, 0xBB, 0xBA, 0xAA, 0xAA, 0xA9, 0x99, 0x98, 0x88, 0x87, 0x77, 0x77, 0x88, 0x88, 0x88, 
	0x88, 0x78, 0x88, 0x99, 0x99, 0x9B, 0xBB, 0xA8, 0x89, 0x99, 0x99, 0x98, 0x88, 0x88, 0x88, 
	0x88, 0x89, 0x99, 0x99, 0x99, 0x99, 0x9A, 0xAA, 0xAA, 0x99, 0x99, 0x99, 0x99, 0x99, 0x99, 
	0x99, 0x99, 0x99, 0x99, 0x99, 0x99, 0x99, 0x99, 0x99, 0xAA, 0xAA, 0xAA, 0xAA, 0xAA, 0xAA, 
	0x00, 0x00, 0x00, 0x00, 0x00, 0x00, 0x00, 0x00, 0x00, 0x00, 0x00, 0x00, 0x00, 0x00, 0x00, 
	0x00, 0x00, 0x00, 0x00, 0x00, 0x00, 0x00, 0x00, 0x00, 0x00, 0x00, 0x00, 0x00, 0x00, 0x00, 
	0x00, 0x00, 0x00, 0x00, 0x00, 0x00, 0x00, 0x00, 0x00, 0x00, 0x00, 0x00, 0x00, 0x00, 0x00, 
	0x00, 0x00, 0x00, 0x00, 0x00, 0x00, 0x00, 0x00, 0x00, 0x00, 0x00, 0x00, 0x00, 0x00, 0x00, 
	0x00, 0x00, 0x00, 0x00, 0x00, 0x00, 0x00, 0x00, 0x00, 0x00, 0x00, 0x00, 0x00, 0x00, 0x00, 
	0x00, 0x00, 0x00, 0x00, 0x00, 0x00, 0x00, 0x00, 0x00, 0x00, 0x00, 0x00, 0x00, 0x00, 0x00, 
	0x55, 0x55, 0x55, 0x66, 0x77, 0x77, 0x89, 0x9A, 0xAA, 0xAB, 0xBB, 0xBB, 0xBB, 0xBB, 0xBB, 
	0xBB, 0xBB, 0xBA, 0xAA, 0xAA, 0xAA, 0xAA, 0x99, 0x9A, 0xAA, 0xBB, 0xBC, 0xCC, 0xCB, 0xAA, 
	0xAA, 0xAA, 0xAA, 0xAA, 0xAA, 0xAA, 0xAA, 0xBA, 0xAA, 0xAB, 0xBC, 0xCC, 0xDD, 0xDD, 0xDD, 
	0xDD, 0xDD, 0xDD, 0xDD, 0xDE, 0xEE, 0xEE, 0xEE, 0xEE, 0xEE, 0xFF, 0xFE, 0xEF, 0xFF, 0xFF, 
	0xFF, 0xFF, 0xFF, 0xFF, 0xFF, 0xFF, 0xFF, 0xFF, 0xFF, 0xFF, 0xFF, 0xFF, 0xFF, 0xFF, 0xFF, 
	0xFF, 0xFF, 0xEE, 0xEE, 0xEE, 0xEF, 0xFF, 0xFF, 0xFF, 0xFF, 0xFF, 0xFE, 0xEE, 0xEE, 0xDD, 
	0xDC, 0xCC, 0xCC, 0xBA, 0xAA, 0xBB, 0xBC, 0xCC, 0xDD, 0xDD, 0xDD, 0xDD, 0xEE, 0xEE, 0xEE, 
	0xEE, 0xEE, 0xEE, 0xEE, 0xEE, 0xEE, 0xEE, 0xEE, 0xEE, 0xEE, 0xEE, 0xEE, 0xEE, 0xEE, 0xDE, 
	0xEE, 0xEE, 0xED, 0xEE, 0xEE, 0xEE, 0xEE, 0xEE, 0xEE, 0xEE, 0xEE, 0xEE, 0xDD, 0xDD, 0xDD, 
	0xDE, 0xED, 0xDD, 0xDC, 0xCB, 0xAA, 0xAA, 0x99, 0x99, 0x99, 0x99, 0x99, 0x99, 0xAA, 0xAA, 
	0xAB, 0xBA, 0xAA, 0x99, 0x99, 0x99, 0x98, 0x88, 0x77, 0x77, 0x66, 0x66, 0x67, 0x77, 0x77, 
	0x77, 0x77, 0x78, 0x98, 0x99, 0x9A, 0xBB, 0xA8, 0x89, 0x99, 0x99, 0x88, 0x88, 0x88, 0x88, 
	0x88, 0x89, 0x99, 0x99, 0x99, 0x99, 0x9A, 0xAA, 0xAA, 0x99, 0x99, 0x99, 0x99, 0x99, 0x99, 
	0x99, 0x99, 0x99, 0x99, 0x99, 0x99, 0x99, 0x99, 0x99, 0xAA, 0xAA, 0xAA, 0xAA, 0xAA, 0xAA, 
	0x00, 0x00, 0x00, 0x00, 0x00, 0x00, 0x00, 0x00, 0x00, 0x00, 0x00, 0x00, 0x00, 0x00, 0x00, 
	0x00, 0x00, 0x00, 0x00, 0x00, 0x00, 0x00, 0x00, 0x00, 0x00, 0x00, 0x00, 0x00, 0x00, 0x00, 
	0x00, 0x00, 0x00, 0x00, 0x00, 0x00, 0x00, 0x00, 0x00, 0x00, 0x00, 0x00, 0x00, 0x00, 0x00, 
	0x00, 0x00, 0x00, 0x00, 0x00, 0x00, 0x00, 0x00, 0x00, 0x00, 0x00, 0x00, 0x00, 0x00, 0x00, 
	0x00, 0x00, 0x00, 0x00, 0x00, 0x00, 0x00, 0x00, 0x00, 0x00, 0x00, 0x00, 0x00, 0x00, 0x00, 
	0x00, 0x00, 0x00, 0x00, 0x00, 0x00, 0x00, 0x00, 0x00, 0x00, 0x00, 0x00, 0x00, 0x00, 0x00, 
	0x55, 0x56, 0x66, 0x77, 0x77, 0x78, 0x89, 0x99, 0xAA, 0xAB, 0xBB, 0xBB, 0xBB, 0xBB, 0xBB, 
	0xBB, 0xBB, 0xAA, 0xAA, 0xAA, 0xAA, 0xAA, 0xAA, 0x9A, 0xAA, 0xBB, 0xBC, 0xCC, 0xCB, 0xAA, 
	0x99, 0xAA, 0xAB, 0xBA, 0xAA, 0xAB, 0xBB, 0xBB, 0xAA, 0xBB, 0xCC, 0xDD, 0xDD, 0xDD, 0xDC, 
	0xDD, 0xDD, 0xDD, 0xDD, 0xEE, 0xEE, 0xEE, 0xEE, 0xEE, 0xEE, 0xEE, 0xEE, 0xEE, 0xFF, 0xFF, 
	0xFF, 0xFF, 0xFF, 0xFF, 0xFF, 0xFF, 0xFF, 0xFF, 0xFF, 0xFF, 0xFF, 0xFF, 0xFF, 0xFF, 0xFF, 
	0xFF, 0xEE, 0xEE, 0xEE, 0xEE, 0xFF, 0xFF, 0xFF, 0xFF, 0xFF, 0xFF, 0xEE, 0xEE, 0xED, 0xDD, 
	0xDD, 0xCC, 0xCC, 0xBA, 0xAA, 0xBB, 0xBC, 0xCC, 0xCC, 0xDD, 0xDD, 0xDD, 0xDD, 0xDD, 0xDD, 
	0xDD, 0xEE, 0xEE, 0xEE, 0xEE, 0xEE, 0xEE, 0xEE, 0xEE, 0xEE, 0xEE, 0xEE, 0xED, 0xDD, 0xDD, 
	0xDD, 0xEE, 0xED, 0xEE, 0xEE, 0xEE, 0xEE, 0xEE, 0xEE, 0xEE, 0xEE, 0xEE, 0xEE, 0xEE, 0xEE, 
	0xEE, 0xEE, 0xDD, 0xDD, 0xCC, 0xBB, 0xBA, 0xA9, 0x99, 0x99, 0x99, 0x99, 0xAA, 0xAA, 0xAA, 
	0xAA, 0xAA, 0xAA, 0xAA, 0xAA, 0x99, 0x98, 0x88, 0x88, 0x77, 0x66, 0x66, 0x66, 0x66, 0x66, 
	0x66, 0x66, 0x77, 0x88, 0x89, 0x9A, 0xBB, 0xA8, 0x89, 0x99, 0x99, 0x88, 0x88, 0x88, 0x88, 
	0x88, 0x89, 0x99, 0x99, 0x99, 0x99, 0xAA, 0xAA, 0xA9, 0x99, 0x99, 0x99, 0x99, 0x99, 0x99, 
	0x99, 0x99, 0x99, 0x99, 0x99, 0x99, 0x99, 0x99, 0x99, 0xAA, 0xAA, 0xAA, 0xA9, 0xA9, 0xAA, 
	0x00, 0x00, 0x00, 0x00, 0x00, 0x00, 0x00, 0x00, 0x00, 0x00, 0x00, 0x00, 0x00, 0x00, 0x00, 
	0x00, 0x00, 0x00, 0x00, 0x00, 0x00, 0x00, 0x00, 0x00, 0x00, 0x00, 0x00, 0x00, 0x00, 0x00, 
	0x00, 0x00, 0x00, 0x00, 0x00, 0x00, 0x00, 0x00, 0x00, 0x00, 0x00, 0x00, 0x00, 0x00, 0x00, 
	0x00, 0x00, 0x00, 0x00, 0x00, 0x00, 0x00, 0x00, 0x00, 0x00, 0x00, 0x00, 0x00, 0x00, 0x00, 
	0x00, 0x00, 0x00, 0x00, 0x00, 0x00, 0x00, 0x00, 0x00, 0x00, 0x00, 0x00, 0x00, 0x00, 0x00, 
	0x00, 0x00, 0x00, 0x00, 0x00, 0x00, 0x00, 0x00, 0x00, 0x00, 0x00, 0x00, 0x00, 0x00, 0x00, 
	0x55, 0x56, 0x66, 0x67, 0x77, 0x78, 0x88, 0x89, 0x9A, 0xAA, 0xBB, 0xBB, 0xBB, 0xBB, 0xBB, 
	0xBB, 0xBA, 0xAA, 0xAA, 0xAA, 0xAA, 0xAA, 0xAA, 0xAA, 0xBB, 0xBB, 0xBC, 0xCC, 0xBB, 0xAA, 
	0xAA, 0xAB, 0xBB, 0xBB, 0xBB, 0xBB, 0xBB, 0xAB, 0xBB, 0xCC, 0xCD, 0xDD, 0xDC, 0xCC, 0xCC, 
	0xDD, 0xDD, 0xDD, 0xEE, 0xEE, 0xEE, 0xEE, 0xEE, 0xEE, 0xEE, 0xEE, 0xEE, 0xEF, 0xFF, 0xFF, 
	0xFF, 0xFF, 0xFF, 0xFF, 0xFF, 0xFF, 0xFF, 0xFF, 0xFF, 0xFF, 0xFF, 0xFF, 0xEE, 0xEE, 0xEE, 
	0xEE, 0xEE, 0xEE, 0xFF, 0xEF, 0xFF, 0xFF, 0xFF, 0xFF, 0xFF, 0xFF, 0xEE, 0xEE, 0xDD, 0xDD, 
	0xDD, 0xCC, 0xBB, 0xBA, 0xAA, 0xBB, 0xBB, 0xCC, 0xCC, 0xCC, 0xDD, 0xDD, 0xDD, 0xDD, 0xDD, 
	0xDD, 0xEE, 0xEE, 0xEE, 0xEE, 0xEE, 0xEE, 0xEE, 0xEE, 0xEE, 0xEE, 0xEE, 0xDD, 0xDD, 0xDD, 
	0xDD, 0xDE, 0xDD, 0xDD, 0xDD, 0xEE, 0xEE, 0xEE, 0xEE, 0xEE, 0xEE, 0xEE, 0xEE, 0xEE, 0xEE, 
	0xEE, 0xEE, 0xEE, 0xDD, 0xDC, 0xCC, 0xBB, 0xAB, 0xAA, 0x99, 0x9A, 0xAA, 0x9A, 0xAA, 0xAA, 
	0xAA, 0xAA, 0xAA, 0xAA, 0xA9, 0x99, 0x98, 0x87, 0x77, 0x77, 0x66, 0x66, 0x66, 0x76, 0x66, 
	0x67, 0x66, 0x67, 0x88, 0x88, 0x9A, 0xBC, 0xB9, 0x89, 0x99, 0x88, 0x88, 0x88, 0x88, 0x88, 
	0x88, 0x89, 0x99, 0x99, 0x99, 0x99, 0xAA, 0xAA, 0xA9, 0x99, 0x99, 0x99, 0x99, 0x99, 0x99, 
	0x99, 0x99, 0x99, 0x99, 0x99, 0x99, 0x99, 0x99, 0x99, 0xAA, 0xAA, 0xAA, 0xA9, 0xA9, 0xAA, 
	0x00, 0x00, 0x00, 0x00, 0x00, 0x00, 0x00, 0x00, 0x00, 0x00, 0x00, 0x00, 0x00, 0x00, 0x00, 
	0x00, 0x00, 0x00, 0x00, 0x00, 0x00, 0x00, 0x00, 0x00, 0x00, 0x00, 0x00, 0x00, 0x00, 0x00, 
	0x00, 0x00, 0x00, 0x00, 0x00, 0x00, 0x00, 0x00, 0x00, 0x00, 0x00, 0x00, 0x00, 0x00, 0x00, 
	0x00, 0x00, 0x00, 0x00, 0x00, 0x00, 0x00, 0x00, 0x00, 0x00, 0x00, 0x00, 0x00, 0x00, 0x00, 
	0x00, 0x00, 0x00, 0x00, 0x00, 0x00, 0x00, 0x00, 0x00, 0x00, 0x00, 0x00, 0x00, 0x00, 0x00, 
	0x00, 0x00, 0x00, 0x00, 0x00, 0x00, 0x00, 0x00, 0x00, 0x00, 0x00, 0x00, 0x00, 0x00, 0x00, 
	0x56, 0x66, 0x66, 0x67, 0x77, 0x77, 0x88, 0x88, 0x9A, 0xAB, 0xBB, 0xBB, 0xBB, 0xBB, 0xBB, 
	0xBB, 0xBA, 0xAA, 0xAA, 0xAA, 0xAA, 0xAA, 0xAA, 0xAA, 0xBB, 0xBB, 0xBB, 0xCB, 0xBA, 0xAA, 
	0xAB, 0xBA, 0xAA, 0xAB, 0xBB, 0xBB, 0xBB, 0xBB, 0xCC, 0xCC, 0xCC, 0xCC, 0xCC, 0xCC, 0xCC, 
	0xDD, 0xDD, 0xDD, 0xEE, 0xEE, 0xEE, 0xEE, 0xEE, 0xEE, 0xEE, 0xEE, 0xEF, 0xFF, 0xFF, 0xFF, 
	0xFF, 0xFF, 0xFF, 0xFF, 0xFF, 0xFF, 0xFF, 0xFF, 0xEE, 0xEE, 0xEE, 0xEE, 0xEE, 0xEE, 0xEE, 
	0xEE, 0xEF, 0xFF, 0xFF, 0xFF, 0xFF, 0xFF, 0xFE, 0xFF, 0xFE, 0xEE, 0xEE, 0xED, 0xDD, 0xDD, 
	0xDD, 0xCC, 0xBB, 0xAA, 0xAA, 0xAB, 0xBB, 0xCC, 0xCC, 0xCD, 0xDD, 0xDD, 0xDD, 0xDD, 0xDD, 
	0xDD, 0xDD, 0xDE, 0xDD, 0xDD, 0xDE, 0xEE, 0xEE, 0xEE, 0xEE, 0xEE, 0xEE, 0xED, 0xDD, 0xDD, 
	0xDD, 0xDD, 0xDD, 0xDD, 0xDD, 0xDD, 0xDD, 0xEE, 0xEE, 0xEE, 0xEE, 0xEE, 0xEE, 0xEE, 0xEE, 
	0xEE, 0xEE, 0xEE, 0xDD, 0xDC, 0xCC, 0xCB, 0xBB, 0xBB, 0xBA, 0xAA, 0xAA, 0x9A, 0xAA, 0xAA, 
	0xAA, 0xAA, 0xAA, 0xAA, 0xAA, 0x99, 0x99, 0x88, 0x88, 0x77, 0x76, 0x66, 0x66, 0x66, 0x66, 
	0x67, 0x66, 0x67, 0x88, 0x88, 0x89, 0xBC, 0xB9, 0x89, 0x99, 0x88, 0x88, 0x88, 0x88, 0x88, 
	0x88, 0x89, 0x99, 0x99, 0x99, 0x99, 0xAA, 0xAA, 0x99, 0x99, 0x99, 0x99, 0x99, 0x99, 0x99, 
	0x99, 0x99, 0x99, 0x99, 0x99, 0x99, 0x99, 0x99, 0x9A, 0xAA, 0xAA, 0xAA, 0xA9, 0xA9, 0xAA, 
	0x00, 0x00, 0x00, 0x00, 0x00, 0x00, 0x00, 0x00, 0x00, 0x00, 0x00, 0x00, 0x00, 0x00, 0x00, 
	0x00, 0x00, 0x00, 0x00, 0x00, 0x00, 0x00, 0x00, 0x00, 0x00, 0x00, 0x00, 0x00, 0x00, 0x00, 
	0x00, 0x00, 0x00, 0x00, 0x00, 0x00, 0x00, 0x00, 0x00, 0x00, 0x00, 0x00, 0x00, 0x00, 0x00, 
	0x00, 0x00, 0x00, 0x00, 0x00, 0x00, 0x00, 0x00, 0x00, 0x00, 0x00, 0x00, 0x00, 0x00, 0x00, 
	0x00, 0x00, 0x00, 0x00, 0x00, 0x00, 0x00, 0x00, 0x00, 0x00, 0x00, 0x00, 0x00, 0x00, 0x00, 
	0x00, 0x00, 0x00, 0x00, 0x00, 0x00, 0x00, 0x00, 0x00, 0x00, 0x00, 0x00, 0x00, 0x00, 0x00, 
	0x55, 0x66, 0x66, 0x77, 0x77, 0x77, 0x78, 0x89, 0x99, 0xAB, 0xBB, 0xBB, 0xBB, 0xBB, 0xBB, 
	0xBB, 0xBB, 0xAA, 0xAA, 0xAA, 0xAA, 0xA9, 0x99, 0xAA, 0xBB, 0xBB, 0xBB, 0xBB, 0xAA, 0xAA, 
	0xAA, 0xAA, 0xAA, 0xAB, 0xBB, 0xBB, 0xBB, 0xBC, 0xCC, 0xCC, 0xCC, 0xCC, 0xCC, 0xCC, 0xCC, 
	0xCD, 0xDD, 0xDD, 0xEE, 0xEE, 0xEE, 0xEE, 0xEE, 0xEE, 0xEE, 0xEE, 0xFF, 0xFF, 0xFF, 0xFF, 
	0xFF, 0xFF, 0xFF, 0xFF, 0xFF, 0xFF, 0xFF, 0xEE, 0xEE, 0xEE, 0xEE, 0xEE, 0xEE, 0xEE, 0xEE, 
	0xFF, 0xFF, 0xFF, 0xFF, 0xFF, 0xFF, 0xFF, 0xFE, 0xFF, 0xEE, 0xEE, 0xEE, 0xED, 0xDD, 0xDD, 
	0xDC, 0xCC, 0xBB, 0xAA, 0xAA, 0xAB, 0xBB, 0xBC, 0xCC, 0xCC, 0xDD, 0xDD, 0xDD, 0xDD, 0xDD, 
	0xDD, 0xDD, 0xDD, 0xDD, 0xDD, 0xDD, 0xEE, 0xDD, 0xEE, 0xEE, 0xEE, 0xEE, 0xEE, 0xDD, 0xEE, 
	0xED, 0xDD, 0xDD, 0xDD, 0xDD, 0xDD, 0xDD, 0xDD, 0xDD, 0xEE, 0xEE, 0xEE, 0xEE, 0xEE, 0xEE, 
	0xDE, 0xED, 0xDD, 0xDD, 0xCC, 0xCC, 0xBB, 0xBB, 0xBB, 0xBB, 0xAA, 0xAA, 0xAA, 0xAA, 0xAA, 
	0xAA, 0xAA, 0xAA, 0xAA, 0xAA, 0x99, 0x99, 0x88, 0x77, 0x77, 0x77, 0x77, 0x66, 0x66, 0x66, 
	0x76, 0x66, 0x67, 0x88, 0x88, 0x89, 0xAB, 0xBA, 0x88, 0x98, 0x88, 0x88, 0x88, 0x88, 0x88, 
	0x88, 0x89, 0x99, 0x99, 0x99, 0x99, 0xAA, 0xAA, 0x99, 0x99, 0x99, 0x99, 0x99, 0x99, 0x99, 
	0x99, 0x99, 0x99, 0x99, 0x99, 0x99, 0x99, 0x99, 0x9A, 0xAA, 0xAA, 0xAA, 0xA9, 0xA9, 0x9A, 
	0x00, 0x00, 0x00, 0x00, 0x00, 0x00, 0x00, 0x00, 0x00, 0x00, 0x00, 0x00, 0x00, 0x00, 0x00, 
	0x00, 0x00, 0x00, 0x00, 0x00, 0x00, 0x00, 0x00, 0x00, 0x00, 0x00, 0x00, 0x00, 0x00, 0x00, 
	0x00, 0x00, 0x00, 0x00, 0x00, 0x00, 0x00, 0x00, 0x00, 0x00, 0x00, 0x00, 0x00, 0x00, 0x00, 
	0x00, 0x00, 0x00, 0x00, 0x00, 0x00, 0x00, 0x00, 0x00, 0x00, 0x00, 0x00, 0x00, 0x00, 0x00, 
	0x00, 0x00, 0x00, 0x00, 0x00, 0x00, 0x00, 0x00, 0x00, 0x00, 0x00, 0x00, 0x00, 0x00, 0x00, 
	0x00, 0x00, 0x00, 0x00, 0x00, 0x00, 0x00, 0x00, 0x00, 0x00, 0x00, 0x00, 0x00, 0x00, 0x00, 
	0x55, 0x56, 0x66, 0x77, 0x77, 0x77, 0x77, 0x88, 0x99, 0xAA, 0xBB, 0xBB, 0xBB, 0xBB, 0xBB, 
	0xBB, 0xBB, 0xBA, 0xAA, 0xAA, 0xAA, 0xA9, 0xAA, 0xAA, 0xAB, 0xBB, 0xBB, 0xBB, 0xAA, 0xA9, 
	0x99, 0x9A, 0xAA, 0xAB, 0xBB, 0xBB, 0xBB, 0xBC, 0xCC, 0xCB, 0xBB, 0xBB, 0xCB, 0xBC, 0xCC, 
	0xCC, 0xDD, 0xDD, 0xDE, 0xEE, 0xEE, 0xEE, 0xEE, 0xEE, 0xEE, 0xFF, 0xFF, 0xFF, 0xFF, 0xFF, 
	0xFF, 0xFF, 0xFF, 0xFF, 0xFF, 0xEE, 0xEE, 0xEE, 0xEE, 0xEE, 0xEE, 0xEE, 0xEE, 0xEE, 0xEF, 
	0xFF, 0xFF, 0xFF, 0xFF, 0xFF, 0xFF, 0xFE, 0xEE, 0xEE, 0xEE, 0xEE, 0xEE, 0xED, 0xDC, 0xCC, 
	0xCC, 0xCC, 0xBB, 0xAA, 0x99, 0xAA, 0xBB, 0xBB, 0xCC, 0xCC, 0xCC, 0xCD, 0xDC, 0xCC, 0xCC, 
	0xCC, 0xDD, 0xDD, 0xDD, 0xDD, 0xDD, 0xDD, 0xDD, 0xDD, 0xEE, 0xEE, 0xEE, 0xEE, 0xEE, 0xEE, 
	0xEE, 0xED, 0xDD, 0xDD, 0xDD, 0xDD, 0xDD, 0xDD, 0xDD, 0xDD, 0xDD, 0xDD, 0xEE, 0xED, 0xDD, 
	0xDD, 0xDD, 0xDD, 0xDC, 0xCC, 0xCB, 0xBB, 0xAA, 0xAA, 0xAA, 0xAA, 0xAA, 0xAA, 0xBA, 0xAA, 
	0xAA, 0xAA, 0xAA, 0xAA, 0xAA, 0x9A, 0xA9, 0x98, 0x87, 0x77, 0x77, 0x77, 0x67, 0x67, 0x77, 
	0x77, 0x66, 0x67, 0x88, 0x88, 0x99, 0xAB, 0xBA, 0x89, 0x88, 0x88, 0x88, 0x88, 0x88, 0x88, 
	0x88, 0x99, 0x99, 0x99, 0x99, 0x9A, 0xAA, 0xA9, 0x99, 0x99, 0x99, 0x99, 0x99, 0x99, 0x99, 
	0x99, 0x99, 0x99, 0x99, 0x99, 0x99, 0x99, 0x99, 0x99, 0xAA, 0xAA, 0xAA, 0x99, 0x99, 0xA9, 
	0x00, 0x00, 0x00, 0x00, 0x00, 0x00, 0x00, 0x00, 0x00, 0x00, 0x00, 0x00, 0x00, 0x00, 0x00, 
	0x00, 0x00, 0x00, 0x00, 0x00, 0x00, 0x00, 0x00, 0x00, 0x00, 0x00, 0x00, 0x00, 0x00, 0x00, 
	0x00, 0x00, 0x00, 0x00, 0x00, 0x00, 0x00, 0x00, 0x00, 0x00, 0x00, 0x00, 0x00, 0x00, 0x00, 
	0x00, 0x00, 0x00, 0x00, 0x00, 0x00, 0x00, 0x00, 0x00, 0x00, 0x00, 0x00, 0x00, 0x00, 0x00, 
	0x00, 0x00, 0x00, 0x00, 0x00, 0x00, 0x00, 0x00, 0x00, 0x00, 0x00, 0x00, 0x00, 0x00, 0x00, 
	0x00, 0x00, 0x00, 0x00, 0x00, 0x00, 0x00, 0x00, 0x00, 0x00, 0x00, 0x00, 0x00, 0x00, 0x00, 
	0x56, 0x66, 0x77, 0x77, 0x77, 0x77, 0x77, 0x88, 0x99, 0xAA, 0xAA, 0xBB, 0xBB, 0xBB, 0xBB, 
	0xBB, 0xAA, 0xAA, 0xAA, 0xAA, 0x9A, 0xAA, 0xAA, 0xAA, 0xAB, 0xBB, 0xBB, 0xBB, 0xBA, 0xA9, 
	0x99, 0x9A, 0xAB, 0xBB, 0xBB, 0xBB, 0xBB, 0xBC, 0xCC, 0xBA, 0xAA, 0xAA, 0xBB, 0xBB, 0xCC, 
	0xCD, 0xDD, 0xDD, 0xDE, 0xEE, 0xEE, 0xEE, 0xEE, 0xEE, 0xEE, 0xEE, 0xFF, 0xFF, 0xFF, 0xFF, 
	0xFF, 0xFF, 0xFF, 0xFF, 0xEE, 0xEE, 0xEE, 0xEE, 0xEE, 0xEE, 0xEE, 0xEE, 0xEE, 0xEE, 0xEF, 
	0xFF, 0xFF, 0xFF, 0xFF, 0xEE, 0xEE, 0xEE, 0xEE, 0xEE, 0xEE, 0xEE, 0xED, 0xDD, 0xDD, 0xDC, 
	0xCC, 0xCC, 0xBA, 0xAA, 0x99, 0xAA, 0xAB, 0xBB, 0xBB, 0xBB, 0xBB, 0xCC, 0xCC, 0xCC, 0xCC, 
	0xCC, 0xCD, 0xDD, 0xDD, 0xDD, 0xDD, 0xDD, 0xDD, 0xDD, 0xDE, 0xEE, 0xEE, 0xEE, 0xEE, 0xEE, 
	0xEE, 0xDD, 0xDD, 0xDD, 0xDD, 0xDD, 0xDD, 0xDD, 0xDD, 0xDD, 0xDD, 0xDD, 0xDD, 0xDD, 0xDD, 
	0xDD, 0xDD, 0xDD, 0xDD, 0xCC, 0xCB, 0xBB, 0xBA, 0xAA, 0xAA, 0xAA, 0xA9, 0xAA, 0xAA, 0xAA, 
	0xAA, 0xBB, 0xAA, 0xAA, 0xAA, 0xAA, 0xAA, 0x99, 0x98, 0x88, 0x77, 0x77, 0x77, 0x77, 0x77, 
	0x77, 0x77, 0x67, 0x88, 0x88, 0x99, 0xAC, 0xCB, 0x98, 0x88, 0x88, 0x88, 0x88, 0x88, 0x88, 
	0x88, 0x99, 0x99, 0x99, 0x99, 0xAA, 0xAA, 0x99, 0x99, 0x99, 0x99, 0x99, 0x99, 0x99, 0x99, 
	0x99, 0x99, 0x99, 0x99, 0x99, 0x99, 0x99, 0x99, 0x99, 0xAA, 0xAA, 0xAA, 0x99, 0x99, 0xA9, 
	0x00, 0x00, 0x00, 0x00, 0x00, 0x00, 0x00, 0x00, 0x00, 0x00, 0x00, 0x00, 0x00, 0x00, 0x00, 
	0x00, 0x00, 0x00, 0x00, 0x00, 0x00, 0x00, 0x00, 0x00, 0x00, 0x00, 0x00, 0x00, 0x00, 0x00, 
	0x00, 0x00, 0x00, 0x00, 0x00, 0x00, 0x00, 0x00, 0x00, 0x00, 0x00, 0x00, 0x00, 0x00, 0x00, 
	0x00, 0x00, 0x00, 0x00, 0x00, 0x00, 0x00, 0x00, 0x00, 0x00, 0x00, 0x00, 0x00, 0x00, 0x00, 
	0x00, 0x00, 0x00, 0x00, 0x00, 0x00, 0x00, 0x00, 0x00, 0x00, 0x00, 0x00, 0x00, 0x00, 0x00, 
	0x00, 0x00, 0x00, 0x00, 0x00, 0x00, 0x00, 0x00, 0x00, 0x00, 0x00, 0x00, 0x00, 0x00, 0x00, 
	0x66, 0x66, 0x66, 0x66, 0x66, 0x66, 0x77, 0x78, 0x89, 0x9A, 0xAA, 0xAB, 0xBB, 0xBB, 0xBA, 
	0xAA, 0xAA, 0xAA, 0xAA, 0xAA, 0xAA, 0x99, 0x9A, 0xAA, 0xBB, 0xBC, 0xCB, 0xBB, 0xBA, 0xAA, 
	0xAA, 0xAA, 0xBB, 0xBB, 0xBB, 0xBB, 0xBB, 0xBB, 0xBB, 0xAA, 0xAA, 0xAA, 0xBB, 0xBB, 0xCC, 
	0xCD, 0xDD, 0xDD, 0xDD, 0xEE, 0xEE, 0xEE, 0xEE, 0xEE, 0xEE, 0xEE, 0xFF, 0xFF, 0xFF, 0xFF, 
	0xFF, 0xFF, 0xFF, 0xFE, 0xEE, 0xEE, 0xEE, 0xEE, 0xEE, 0xEE, 0xEE, 0xEE, 0xEE, 0xFF, 0xFF, 
	0xFF, 0xFF, 0xFF, 0xFE, 0xEE, 0xEE, 0xEE, 0xEE, 0xEE, 0xEE, 0xED, 0xDD, 0xDD, 0xDD, 0xDD, 
	0xDC, 0xCC, 0xBA, 0xA9, 0x99, 0x99, 0xAA, 0xAA, 0xBB, 0xBB, 0xBB, 0xBB, 0xCC, 0xCC, 0xCC, 
	0xCC, 0xCC, 0xCC, 0xCC, 0xDD, 0xDD, 0xDD, 0xDD, 0xDD, 0xDD, 0xDD, 0xDE, 0xEE, 0xED, 0xEE, 
	0xEE, 0xED, 0xDD, 0xDD, 0xDD, 0xDD, 0xDD, 0xDD, 0xDD, 0xDD, 0xDD, 0xDD, 0xDD, 0xDD, 0xDD, 
	0xCC, 0xCC, 0xCC, 0xCC, 0xCC, 0xCB, 0xBB, 0xBB, 0xBB, 0xAA, 0xAA, 0xAA, 0xAA, 0xAA, 0xAB, 
	0xBB, 0xBB, 0xBB, 0xAB, 0xAA, 0xAA, 0xAA, 0xAA, 0x99, 0x98, 0x88, 0x88, 0x87, 0x77, 0x77, 
	0x77, 0x77, 0x77, 0x88, 0x88, 0x99, 0xAB, 0xBB, 0x98, 0x88, 0x88, 0x88, 0x88, 0x88, 0x88, 
	0x88, 0x99, 0x99, 0x99, 0x9A, 0xAA, 0xA9, 0x99, 0x99, 0x99, 0x99, 0x99, 0x99, 0x99, 0x99, 
	0x99, 0x99, 0x99, 0x99, 0x99, 0x99, 0x99, 0x99, 0x99, 0xAA, 0xAA, 0xAA, 0x9A, 0x99, 0xA9, 
	0x00, 0x00, 0x00, 0x00, 0x00, 0x00, 0x00, 0x00, 0x00, 0x00, 0x00, 0x00, 0x00, 0x00, 0x00, 
	0x00, 0x00, 0x00, 0x00, 0x00, 0x00, 0x00, 0x00, 0x00, 0x00, 0x00, 0x00, 0x00, 0x00, 0x00, 
	0x00, 0x00, 0x00, 0x00, 0x00, 0x00, 0x00, 0x00, 0x00, 0x00, 0x00, 0x00, 0x00, 0x00, 0x00, 
	0x00, 0x00, 0x00, 0x00, 0x00, 0x00, 0x00, 0x00, 0x00, 0x00, 0x00, 0x00, 0x00, 0x00, 0x00, 
	0x00, 0x00, 0x00, 0x00, 0x00, 0x00, 0x00, 0x00, 0x00, 0x00, 0x00, 0x00, 0x00, 0x00, 0x00, 
	0x00, 0x00, 0x00, 0x00, 0x00, 0x00, 0x00, 0x00, 0x00, 0x00, 0x00, 0x00, 0x00, 0x00, 0x00, 
	0x56, 0x55, 0x55, 0x55, 0x55, 0x66, 0x66, 0x77, 0x88, 0x99, 0xAA, 0xAA, 0xAA, 0xAA, 0xAA, 
	0xAA, 0xAA, 0xAA, 0xAA, 0xAA, 0xAA, 0x99, 0x9A, 0xAB, 0xBB, 0xBC, 0xCC, 0xBB, 0xBB, 0xAA, 
	0xBA, 0xBB, 0xBB, 0xBB, 0xBB, 0xCB, 0xBB, 0xBB, 0xAA, 0xAA, 0xAA, 0xAB, 0xBB, 0xCC, 0xCC, 
	0xCD, 0xDD, 0xDD, 0xDD, 0xDD, 0xEE, 0xEE, 0xEE, 0xEE, 0xEE, 0xEE, 0xFF, 0xFF, 0xFF, 0xFF, 
	0xFF, 0xFF, 0xFF, 0xEE, 0xEE, 0xEE, 0xEE, 0xEE, 0xEE, 0xEE, 0xEE, 0xEE, 0xEF, 0xFF, 0xFF, 
	0xFF, 0xFF, 0xFF, 0xEE, 0xEE, 0xEE, 0xEE, 0xEE, 0xEE, 0xED, 0xDD, 0xDD, 0xDD, 0xDD, 0xDD, 
	0xCC, 0xCB, 0xBA, 0xA9, 0x99, 0x99, 0x9A, 0xAA, 0xAB, 0xBB, 0xBB, 0xBB, 0xBB, 0xBB, 0xBB, 
	0xBB, 0xBC, 0xBC, 0xCC, 0xCD, 0xDD, 0xDD, 0xDD, 0xDD, 0xDD, 0xDD, 0xDD, 0xDD, 0xDD, 0xDD, 
	0xDD, 0xDD, 0xDD, 0xDD, 0xDD, 0xDD, 0xDD, 0xDD, 0xDD, 0xDD, 0xDD, 0xDD, 0xCC, 0xCC, 0xCC, 
	0xCC, 0xCC, 0xCC, 0xCB, 0xBB, 0xBB, 0xBB, 0xAA, 0xAA, 0xAA, 0xAA, 0x99, 0x99, 0x99, 0x99, 
	0xAA, 0xAA, 0xAA, 0xAA, 0xAA, 0xAA, 0xAA, 0xA9, 0x99, 0x99, 0x88, 0x88, 0x87, 0x77, 0x77, 
	0x77, 0x77, 0x77, 0x88, 0x88, 0x89, 0xAB, 0xBB, 0xA8, 0x88, 0x88, 0x88, 0x88, 0x88, 0x88, 
	0x89, 0x99, 0x99, 0x99, 0xAA, 0xAA, 0xA9, 0x99, 0x99, 0x99, 0x99, 0x99, 0x99, 0x99, 0x99, 
	0x99, 0x99, 0x99, 0x99, 0x99, 0x99, 0x99, 0x99, 0x99, 0x99, 0x99, 0x99, 0xAA, 0x99, 0x99, 
	0x00, 0x00, 0x00, 0x00, 0x00, 0x00, 0x00, 0x00, 0x00, 0x00, 0x00, 0x00, 0x00, 0x00, 0x00, 
	0x00, 0x00, 0x00, 0x00, 0x00, 0x00, 0x00, 0x00, 0x00, 0x00, 0x00, 0x00, 0x00, 0x00, 0x00, 
	0x00, 0x00, 0x00, 0x00, 0x00, 0x00, 0x00, 0x00, 0x00, 0x00, 0x00, 0x00, 0x00, 0x00, 0x00, 
	0x00, 0x00, 0x00, 0x00, 0x00, 0x00, 0x00, 0x00, 0x00, 0x00, 0x00, 0x00, 0x00, 0x00, 0x00, 
	0x00, 0x00, 0x00, 0x00, 0x00, 0x00, 0x00, 0x00, 0x00, 0x00, 0x00, 0x00, 0x00, 0x00, 0x00, 
	0x00, 0x00, 0x00, 0x00, 0x00, 0x00, 0x00, 0x00, 0x00, 0x00, 0x00, 0x00, 0x00, 0x00, 0x00, 
	0x55, 0x55, 0x55, 0x55, 0x55, 0x66, 0x66, 0x77, 0x78, 0x89, 0xAA, 0xAA, 0xAA, 0xAA, 0xAA, 
	0xAA, 0xAA, 0xAA, 0xAA, 0xAA, 0xAA, 0xAA, 0xAA, 0xBB, 0xBB, 0xBC, 0xCC, 0xBB, 0xBB, 0xBB, 
	0xBB, 0xBB, 0xBB, 0xBC, 0xCC, 0xCC, 0xBB, 0xBB, 0xAA, 0xAA, 0xAA, 0xAB, 0xBB, 0xBB, 0xCC, 
	0xCC, 0xDD, 0xDD, 0xDD, 0xDD, 0xDD, 0xEE, 0xEE, 0xEE, 0xEE, 0xEF, 0xFF, 0xFF, 0xFF, 0xFF, 
	0xFF, 0xFF, 0xEE, 0xEE, 0xEE, 0xEE, 0xEE, 0xEE, 0xEE, 0xEE, 0xEE, 0xEE, 0xFF, 0xFF, 0xFF, 
	0xFF, 0xFE, 0xEE, 0xEE, 0xEE, 0xEE, 0xEE, 0xEE, 0xEE, 0xDD, 0xDD, 0xDD, 0xDD, 0xDD, 0xDC, 
	0xCC, 0xCB, 0xAA, 0xAA, 0x99, 0x99, 0x9A, 0xAA, 0xAA, 0xAB, 0xBB, 0xBB, 0xBB, 0xAB, 0xBB, 
	0xBB, 0xBB, 0xBC, 0xCC, 0xCD, 0xDC, 0xCC, 0xDD, 0xCD, 0xDD, 0xDD, 0xDD, 0xDD, 0xDD, 0xDD, 
	0xDD, 0xDD, 0xDD, 0xDD, 0xDD, 0xDD, 0xDD, 0xDD, 0xDD, 0xDD, 0xDD, 0xDD, 0xDD, 0xDD, 0xDC, 
	0xCC, 0xCC, 0xCC, 0xCB, 0xBB, 0xBB, 0xBB, 0xAA, 0x99, 0x99, 0x98, 0x88, 0x88, 0x89, 0x99, 
	0x99, 0x9A, 0xAA, 0xAA, 0xAA, 0xAA, 0xAA, 0x99, 0x98, 0x88, 0x88, 0x87, 0x77, 0x77, 0x77, 
	0x77, 0x76, 0x67, 0x88, 0x88, 0x89, 0xAB, 0xBB, 0xA9, 0x88, 0x88, 0x88, 0x88, 0x88, 0x89, 
	0x99, 0x99, 0x99, 0x99, 0xAA, 0xAA, 0x99, 0x99, 0x99, 0x99, 0x99, 0x99, 0x99, 0x99, 0x99, 
	0x99, 0x99, 0x99, 0x99, 0x99, 0x99, 0x99, 0x99, 0x99, 0x99, 0x99, 0x99, 0xAA, 0x99, 0x99, 
	0x00, 0x00, 0x00, 0x00, 0x00, 0x00, 0x00, 0x00, 0x00, 0x00, 0x00, 0x00, 0x00, 0x00, 0x00, 
	0x00, 0x00, 0x00, 0x00, 0x00, 0x00, 0x00, 0x00, 0x00, 0x00, 0x00, 0x00, 0x00, 0x00, 0x00, 
	0x00, 0x00, 0x00, 0x00, 0x00, 0x00, 0x00, 0x00, 0x00, 0x00, 0x00, 0x00, 0x00, 0x00, 0x00, 
	0x00, 0x00, 0x00, 0x00, 0x00, 0x00, 0x00, 0x00, 0x00, 0x00, 0x00, 0x00, 0x00, 0x00, 0x00, 
	0x00, 0x00, 0x00, 0x00, 0x00, 0x00, 0x00, 0x00, 0x00, 0x00, 0x00, 0x00, 0x00, 0x00, 0x00, 
	0x00, 0x00, 0x00, 0x00, 0x00, 0x00, 0x00, 0x00, 0x00, 0x00, 0x00, 0x00, 0x00, 0x00, 0x00, 
	0x54, 0x44, 0x55, 0x55, 0x55, 0x66, 0x66, 0x67, 0x78, 0x99, 0xA9, 0xAA, 0xAA, 0xAA, 0xAA, 
	0xAA, 0xAA, 0xAA, 0xAA, 0xAA, 0xAA, 0xAA, 0xBB, 0xBC, 0xBB, 0xBB, 0xBB, 0xBB, 0xBB, 0xBB, 
	0xBC, 0xBB, 0xBC, 0xCC, 0xCC, 0xCB, 0xBB, 0xAA, 0xAA, 0xAA, 0xAA, 0xBB, 0xBB, 0xBB, 0xCC, 
	0xCC, 0xCD, 0xDD, 0xDD, 0xDD, 0xDD, 0xEE, 0xEE, 0xEE, 0xEE, 0xFF, 0xFF, 0xFF, 0xFF, 0xFF, 
	0xFF, 0xEE, 0xEE, 0xEE, 0xEE, 0xEE, 0xEE, 0xEE, 0xEE, 0xEE, 0xEE, 0xEE, 0xEE, 0xEE, 0xEE, 
	0xFE, 0xEE, 0xEE, 0xEE, 0xEE, 0xEE, 0xEE, 0xEE, 0xED, 0xDD, 0xDD, 0xDD, 0xDD, 0xDD, 0xCC, 
	0xCC, 0xBB, 0xAA, 0xAA, 0x99, 0x99, 0x99, 0xAA, 0xAA, 0xAA, 0xAA, 0xBB, 0xBB, 0xBB, 0xBB, 
	0xBB, 0xBB, 0xBB, 0xCC, 0xCC, 0xCC, 0xCC, 0xCC, 0xCC, 0xCD, 0xDD, 0xDD, 0xDD, 0xCC, 0xDD, 
	0xDD, 0xDD, 0xCC, 0xDD, 0xDD, 0xDD, 0xDD, 0xDD, 0xDD, 0xDD, 0xDD, 0xDD, 0xDD, 0xDD, 0xDD, 
	0xDD, 0xDD, 0xDC, 0xCC, 0xBB, 0xBB, 0xBB, 0xBA, 0xAA, 0xA9, 0x99, 0x99, 0x99, 0x99, 0x99, 
	0x99, 0x99, 0xAA, 0xAA, 0xAA, 0xAA, 0xAA, 0x99, 0x99, 0x88, 0x88, 0x87, 0x77, 0x77, 0x77, 
	0x77, 0x76, 0x66, 0x78, 0x88, 0x88, 0xAB, 0xBB, 0xA9, 0x88, 0x88, 0x99, 0x88, 0x88, 0x89, 
	0x99, 0x99, 0x99, 0x99, 0xAA, 0xAA, 0x99, 0x99, 0x99, 0x99, 0x99, 0x99, 0x99, 0x99, 0x99, 
	0x99, 0x99, 0x99, 0x99, 0x99, 0x99, 0x99, 0x99, 0x99, 0x99, 0x99, 0x9A, 0x9A, 0x99, 0xA9, 
	0x00, 0x00, 0x00, 0x00, 0x00, 0x00, 0x00, 0x00, 0x00, 0x00, 0x00, 0x00, 0x00, 0x00, 0x00, 
	0x00, 0x00, 0x00, 0x00, 0x00, 0x00, 0x00, 0x00, 0x00, 0x00, 0x00, 0x00, 0x00, 0x00, 0x00, 
	0x00, 0x00, 0x00, 0x00, 0x00, 0x00, 0x00, 0x00, 0x00, 0x00, 0x00, 0x00, 0x00, 0x00, 0x00, 
	0x00, 0x00, 0x00, 0x00, 0x00, 0x00, 0x00, 0x00, 0x00, 0x00, 0x00, 0x00, 0x00, 0x00, 0x00, 
	0x00, 0x00, 0x00, 0x00, 0x00, 0x00, 0x00, 0x00, 0x00, 0x00, 0x00, 0x00, 0x00, 0x00, 0x00, 
	0x00, 0x00, 0x00, 0x00, 0x00, 0x00, 0x00, 0x00, 0x00, 0x00, 0x00, 0x00, 0x00, 0x00, 0x00, 
	0x54, 0x44, 0x55, 0x55, 0x55, 0x56, 0x66, 0x77, 0x78, 0x89, 0x99, 0x99, 0xAA, 0xAA, 0xAA, 
	0xAA, 0xAA, 0xAA, 0xAA, 0xAA, 0xAA, 0xAA, 0xBB, 0xBB, 0xBB, 0xBB, 0xBB, 0xBB, 0xBB, 0xBB, 
	0xCC, 0xBC, 0xCC, 0xCC, 0xCB, 0xBB, 0xBA, 0xAA, 0xAA, 0xAA, 0xAA, 0xBB, 0xBB, 0xBC, 0xCC, 
	0xCC, 0xCC, 0xCD, 0xDD, 0xDD, 0xDE, 0xDE, 0xEE, 0xEE, 0xEF, 0xFF, 0xFF, 0xFF, 0xFF, 0xFF, 
	0xEE, 0xEE, 0xEE, 0xEE, 0xEE, 0xEE, 0xEE, 0xEE, 0xEE, 0xEE, 0xEE, 0xEE, 0xEE, 0xEE, 0xEE, 
	0xEE, 0xEE, 0xEE, 0xEE, 0xEE, 0xEE, 0xEE, 0xED, 0xDD, 0xDD, 0xDD, 0xDD, 0xDD, 0xDD, 0xCC, 
	0xBB, 0xBA, 0xAA, 0xA9, 0x98, 0x88, 0x89, 0x99, 0x99, 0x99, 0x9A, 0xAA, 0xAA, 0xAA, 0xAA, 
	0xAA, 0xBB, 0xBB, 0xBB, 0xBB, 0xBC, 0xCC, 0xCC, 0xCC, 0xCC, 0xCC, 0xCC, 0xCC, 0xCC, 0xCC, 
	0xCD, 0xDD, 0xDD, 0xDD, 0xDD, 0xDD, 0xDD, 0xDD, 0xDD, 0xDD, 0xDD, 0xDD, 0xDD, 0xDD, 0xDD, 
	0xDD, 0xDD, 0xDC, 0xCC, 0xBB, 0xAA, 0xAA, 0xAA, 0xAA, 0xAA, 0xAA, 0x99, 0x99, 0xAA, 0xAA, 
	0xA9, 0x99, 0x99, 0x99, 0xAA, 0xAA, 0xAA, 0xAA, 0x99, 0x88, 0x88, 0x87, 0x77, 0x66, 0x77, 
	0x77, 0x77, 0x67, 0x78, 0x88, 0x88, 0x9A, 0xBB, 0x99, 0x88, 0x88, 0x88, 0x88, 0x88, 0x89, 
	0x99, 0x99, 0x99, 0x99, 0xAA, 0xA9, 0x99, 0x99, 0x99, 0x99, 0x99, 0x99, 0x99, 0x99, 0x99, 
	0x99, 0x99, 0x99, 0x99, 0x99, 0x99, 0x99, 0x99, 0x99, 0x99, 0x99, 0x99, 0x99, 0x99, 0xA9, 
	0x00, 0x00, 0x00, 0x00, 0x00, 0x00, 0x00, 0x00, 0x00, 0x00, 0x00, 0x00, 0x00, 0x00, 0x00, 
	0x00, 0x00, 0x00, 0x00, 0x00, 0x00, 0x00, 0x00, 0x00, 0x00, 0x00, 0x00, 0x00, 0x00, 0x00, 
	0x00, 0x00, 0x00, 0x00, 0x00, 0x00, 0x00, 0x00, 0x00, 0x00, 0x00, 0x00, 0x00, 0x00, 0x00, 
	0x00, 0x00, 0x00, 0x00, 0x00, 0x00, 0x00, 0x00, 0x00, 0x00, 0x00, 0x00, 0x00, 0x00, 0x00, 
	0x00, 0x00, 0x00, 0x00, 0x00, 0x00, 0x00, 0x00, 0x00, 0x00, 0x00, 0x00, 0x00, 0x00, 0x00, 
	0x00, 0x00, 0x00, 0x00, 0x00, 0x00, 0x00, 0x00, 0x00, 0x00, 0x00, 0x00, 0x00, 0x00, 0x00, 
	0x54, 0x45, 0x55, 0x55, 0x55, 0x55, 0x66, 0x77, 0x78, 0x88, 0x99, 0x99, 0x9A, 0xAA, 0xAA, 
	0xAA, 0xAA, 0xAA, 0x99, 0x99, 0x99, 0xAA, 0xBB, 0xBB, 0xBB, 0xBB, 0xBB, 0xBB, 0xCC, 0xCC, 
	0xCB, 0xCC, 0xCC, 0xBB, 0xBB, 0xBB, 0xBA, 0xAA, 0xAA, 0xAA, 0xAA, 0xBB, 0xBB, 0xCC, 0xCC, 
	0xCC, 0xCC, 0xCD, 0xDD, 0xDD, 0xEE, 0xEE, 0xEE, 0xEF, 0xFF, 0xFF, 0xFF, 0xFF, 0xFF, 0xEE, 
	0xEE, 0xEE, 0xEE, 0xEE, 0xEE, 0xEE, 0xEE, 0xEE, 0xEE, 0xEE, 0xEE, 0xEE, 0xEE, 0xEE, 0xEE, 
	0xEE, 0xEE, 0xEE, 0xEE, 0xEE, 0xED, 0xDD, 0xDD, 0xDD, 0xDD, 0xDD, 0xDD, 0xCC, 0xCC, 0xCC, 
	0xBB, 0xBA, 0xAA, 0x99, 0x88, 0x88, 0x88, 0x99, 0x99, 0x88, 0x99, 0x99, 0x99, 0x99, 0xAA, 
	0xAA, 0xAA, 0xAA, 0xAA, 0xAA, 0xBB, 0xBB, 0xBC, 0xCC, 0xCC, 0xCC, 0xCC, 0xCC, 0xCC, 0xCC, 
	0xCC, 0xCC, 0xCC, 0xDD, 0xDD, 0xDD, 0xDD, 0xDD, 0xDC, 0xCC, 0xDD, 0xDD, 0xDD, 0xDD, 0xDD, 
	0xDD, 0xDD, 0xDC, 0xCC, 0xCB, 0xAA, 0xAA, 0xA9, 0x99, 0x99, 0x99, 0x99, 0x99, 0x99, 0xAA, 
	0xAA, 0x99, 0x99, 0x99, 0x9A, 0xA9, 0x99, 0x99, 0x98, 0x88, 0x88, 0x88, 0x87, 0x77, 0x77, 
	0x77, 0x77, 0x77, 0x78, 0x88, 0x88, 0x8A, 0xBA, 0x98, 0x88, 0x88, 0x88, 0x88, 0x88, 0x88, 
	0x99, 0x99, 0x99, 0x9A, 0xAA, 0x99, 0x99, 0x99, 0x99, 0x99, 0x99, 0x99, 0x99, 0x99, 0x99, 
	0x99, 0x99, 0x99, 0x99, 0x99, 0x99, 0x99, 0x99, 0x99, 0x99, 0x9A, 0x99, 0x99, 0x99, 0xA9, 
	0x00, 0x00, 0x00, 0x00, 0x00, 0x00, 0x00, 0x00, 0x00, 0x00, 0x00, 0x00, 0x00, 0x00, 0x00, 
	0x00, 0x00, 0x00, 0x00, 0x00, 0x00, 0x00, 0x00, 0x00, 0x00, 0x00, 0x00, 0x00, 0x00, 0x00, 
	0x00, 0x00, 0x00, 0x00, 0x00, 0x00, 0x00, 0x00, 0x00, 0x00, 0x00, 0x00, 0x00, 0x00, 0x00, 
	0x00, 0x00, 0x00, 0x00, 0x00, 0x00, 0x00, 0x00, 0x00, 0x00, 0x00, 0x00, 0x00, 0x00, 0x00, 
	0x00, 0x00, 0x00, 0x00, 0x00, 0x00, 0x00, 0x00, 0x00, 0x00, 0x00, 0x00, 0x00, 0x00, 0x00, 
	0x00, 0x00, 0x00, 0x00, 0x00, 0x00, 0x00, 0x00, 0x00, 0x00, 0x00, 0x00, 0x00, 0x00, 0x00, 
	0x54, 0x44, 0x44, 0x55, 0x55, 0x55, 0x66, 0x77, 0x78, 0x88, 0x99, 0x99, 0x99, 0x99, 0xAA, 
	0xAA, 0xAA, 0xA9, 0x99, 0x99, 0x99, 0xAA, 0xBB, 0xBB, 0xBB, 0xBB, 0xBB, 0xBB, 0xCC, 0xCB, 
	0xBB, 0xCC, 0xBB, 0xBB, 0xBB, 0xBB, 0xAA, 0x99, 0x9A, 0xAA, 0xAB, 0xBB, 0xBC, 0xCC, 0xCC, 
	0xCC, 0xCC, 0xCD, 0xDD, 0xDE, 0xEE, 0xEE, 0xEF, 0xFF, 0xFF, 0xFF, 0xFF, 0xEE, 0xEE, 0xEE, 
	0xEE, 0xEE, 0xEE, 0xEE, 0xEE, 0xEE, 0xEE, 0xEE, 0xEE, 0xEE, 0xEE, 0xEE, 0xEE, 0xEE, 0xEE, 
	0xDD, 0xDD, 0xDD, 0xDE, 0xDD, 0xDD, 0xDD, 0xDD, 0xDD, 0xDC, 0xDD, 0xDD, 0xCC, 0xCC, 0xBB, 
	0xBA, 0xAA, 0xA9, 0x98, 0x87, 0x77, 0x88, 0x88, 0x88, 0x88, 0x88, 0x88, 0x88, 0x99, 0x89, 
	0x99, 0x9A, 0xAA, 0xAA, 0xAA, 0xAA, 0xBB, 0xBB, 0xCB, 0xCC, 0xCC, 0xBB, 0xBB, 0xCC, 0xCC, 
	0xCC, 0xCC, 0xCC, 0xCC, 0xCC, 0xCC, 0xCC, 0xCC, 0xCC, 0xCC, 0xCC, 0xCC, 0xCC, 0xCD, 0xDD, 
	0xCC, 0xCC, 0xCC, 0xCC, 0xBB, 0xAA, 0xAA, 0x99, 0x99, 0x98, 0x88, 0x88, 0x88, 0x89, 0x99, 
	0x9A, 0x9A, 0xAA, 0x99, 0x99, 0xA9, 0x99, 0x99, 0x99, 0x88, 0x87, 0x77, 0x88, 0x87, 0x77, 
	0x77, 0x77, 0x67, 0x78, 0x88, 0x89, 0x89, 0x99, 0x98, 0x88, 0x88, 0x88, 0x88, 0x88, 0x89, 
	0x99, 0x99, 0x99, 0x9A, 0xAA, 0x99, 0x99, 0x99, 0x99, 0x99, 0x99, 0x99, 0x99, 0x99, 0x99, 
	0x99, 0x99, 0x99, 0x99, 0x99, 0x99, 0x99, 0x99, 0x99, 0x99, 0x99, 0x9A, 0xAA, 0x99, 0xAA, 
	0x00, 0x00, 0x00, 0x00, 0x00, 0x00, 0x00, 0x00, 0x00, 0x00, 0x00, 0x00, 0x00, 0x00, 0x00, 
	0x00, 0x00, 0x00, 0x00, 0x00, 0x00, 0x00, 0x00, 0x00, 0x00, 0x00, 0x00, 0x00, 0x00, 0x00, 
	0x00, 0x00, 0x00, 0x00, 0x00, 0x00, 0x00, 0x00, 0x00, 0x00, 0x00, 0x00, 0x00, 0x00, 0x00, 
	0x00, 0x00, 0x00, 0x00, 0x00, 0x00, 0x00, 0x00, 0x00, 0x00, 0x00, 0x00, 0x00, 0x00, 0x00, 
	0x00, 0x00, 0x00, 0x00, 0x00, 0x00, 0x00, 0x00, 0x00, 0x00, 0x00, 0x00, 0x00, 0x00, 0x00, 
	0x00, 0x00, 0x00, 0x00, 0x00, 0x00, 0x00, 0x00, 0x00, 0x00, 0x00, 0x00, 0x00, 0x00, 0x00, 
	0x44, 0x44, 0x45, 0x55, 0x55, 0x55, 0x67, 0x77, 0x88, 0x88, 0x88, 0x99, 0x99, 0x99, 0x9A, 
	0xA9, 0x99, 0x99, 0x99, 0x99, 0x99, 0x9A, 0xAB, 0xBB, 0xBB, 0xBB, 0xBB, 0xCC, 0xCC, 0xCB, 
	0xBB, 0xBB, 0xBB, 0xBA, 0xAA, 0xAA, 0x99, 0x99, 0xAA, 0xAA, 0xBB, 0xBC, 0xCC, 0xCC, 0xCC, 
	0xCC, 0xCC, 0xCC, 0xDD, 0xDD, 0xEE, 0xEE, 0xFF, 0xFF, 0xFF, 0xFF, 0xFE, 0xEE, 0xEE, 0xEE, 
	0xEE, 0xEE, 0xEE, 0xEE, 0xEE, 0xEE, 0xEE, 0xEE, 0xEE, 0xEE, 0xEE, 0xEE, 0xDD, 0xDD, 0xDD, 
	0xED, 0xDE, 0xEE, 0xEE, 0xDD, 0xDD, 0xDD, 0xDD, 0xDD, 0xCC, 0xCC, 0xCC, 0xCC, 0xCB, 0xBB, 
	0xBA, 0xAA, 0xA9, 0x98, 0x76, 0x66, 0x77, 0x77, 0x77, 0x87, 0x77, 0x77, 0x77, 0x78, 0x88, 
	0x88, 0x88, 0x99, 0x99, 0x9A, 0xAA, 0xAA, 0xBB, 0xBB, 0xBC, 0xCC, 0xCC, 0xBB, 0xBC, 0xCC, 
	0xCC, 0xCC, 0xCC, 0xCC, 0xCC, 0xCC, 0xCC, 0xCC, 0xCC, 0xCC, 0xCC, 0xCC, 0xCC, 0xCC, 0xCC, 
	0xCC, 0xCC, 0xCC, 0xCC, 0xBB, 0xAA, 0xA9, 0x98, 0x88, 0x88, 0x88, 0x88, 0x88, 0x88, 0x89, 
	0x99, 0x99, 0x99, 0x99, 0x99, 0x99, 0x99, 0x99, 0x99, 0x98, 0x87, 0x77, 0x77, 0x77, 0x77, 
	0x77, 0x77, 0x66, 0x78, 0x88, 0x88, 0x89, 0x99, 0x88, 0x88, 0x88, 0x88, 0x88, 0x88, 0x89, 
	0x99, 0x99, 0x99, 0xAA, 0xA9, 0x99, 0x99, 0x99, 0x99, 0x99, 0x99, 0x99, 0x99, 0x99, 0x99, 
	0x99, 0x99, 0x99, 0x99, 0x99, 0x99, 0x99, 0x99, 0x99, 0x99, 0x99, 0x99, 0xAA, 0x99, 0xAA, 
	0x00, 0x00, 0x00, 0x00, 0x00, 0x00, 0x00, 0x00, 0x00, 0x00, 0x00, 0x00, 0x00, 0x00, 0x00, 
	0x00, 0x00, 0x00, 0x00, 0x00, 0x00, 0x00, 0x00, 0x00, 0x00, 0x00, 0x00, 0x00, 0x00, 0x00, 
	0x00, 0x00, 0x00, 0x00, 0x00, 0x00, 0x00, 0x00, 0x00, 0x00, 0x00, 0x00, 0x00, 0x00, 0x00, 
	0x00, 0x00, 0x00, 0x00, 0x00, 0x00, 0x00, 0x00, 0x00, 0x00, 0x00, 0x00, 0x00, 0x00, 0x00, 
	0x00, 0x00, 0x00, 0x00, 0x00, 0x00, 0x00, 0x00, 0x00, 0x00, 0x00, 0x00, 0x00, 0x00, 0x00, 
	0x00, 0x00, 0x00, 0x00, 0x00, 0x00, 0x00, 0x00, 0x00, 0x00, 0x00, 0x00, 0x00, 0x00, 0x00, 
	0x44, 0x55, 0x55, 0x55, 0x55, 0x55, 0x66, 0x77, 0x88, 0x88, 0x89, 0x99, 0x9A, 0xA9, 0xAA, 
	0x99, 0x99, 0x99, 0x99, 0x99, 0x99, 0x9A, 0xAB, 0xBB, 0xBB, 0xBB, 0xBB, 0xCC, 0xCB, 0xBB, 
	0xBB, 0xBB, 0xBA, 0xAA, 0xAA, 0xA9, 0x99, 0x99, 0xAA, 0xAB, 0xBB, 0xCC, 0xCC, 0xCC, 0xBC, 
	0xCC, 0xCC, 0xCD, 0xDD, 0xEE, 0xEE, 0xFF, 0xFF, 0xFF, 0xFF, 0xFF, 0xEE, 0xEE, 0xEE, 0xEE, 
	0xEE, 0xEE, 0xEE, 0xEE, 0xEE, 0xEE, 0xEE, 0xEE, 0xEE, 0xEE, 0xEE, 0xDD, 0xDD, 0xDD, 0xDD, 
	0xDD, 0xDD, 0xEE, 0xDD, 0xDD, 0xDD, 0xDD, 0xDD, 0xDD, 0xCC, 0xCC, 0xCC, 0xCC, 0xBB, 0xBA, 
	0xAA, 0xA9, 0x88, 0x87, 0x65, 0x44, 0x45, 0x56, 0x66, 0x66, 0x66, 0x66, 0x77, 0x77, 0x77, 
	0x77, 0x88, 0x88, 0x99, 0x99, 0xAA, 0xAA, 0xAA, 0xAA, 0xBB, 0xBC, 0xCC, 0xBB, 0xBC, 0xCC, 
	0xCC, 0xCB, 0xCC, 0xCC, 0xCC, 0xCB, 0xBB, 0xBB, 0xBB, 0xBB, 0xCC, 0xCC, 0xCC, 0xCC, 0xCC, 
	0xCC, 0xCC, 0xCC, 0xCC, 0xBA, 0xAA, 0x99, 0x99, 0x88, 0x88, 0x88, 0x88, 0x88, 0x88, 0x89, 
	0x99, 0x99, 0x99, 0x99, 0x99, 0x99, 0x99, 0x99, 0x99, 0x98, 0x88, 0x87, 0x77, 0x77, 0x77, 
	0x77, 0x77, 0x76, 0x78, 0x88, 0x88, 0x88, 0x88, 0x88, 0x88, 0x88, 0x88, 0x88, 0x88, 0x89, 
	0x99, 0x99, 0x9A, 0xAA, 0x99, 0x99, 0x99, 0x99, 0x99, 0x99, 0x99, 0x99, 0x99, 0x99, 0x99, 
	0x99, 0x99, 0x99, 0x99, 0x99, 0x99, 0x99, 0x99, 0x99, 0x99, 0x99, 0x99, 0x99, 0x99, 0xA9, 
	0x00, 0x00, 0x00, 0x00, 0x00, 0x00, 0x00, 0x00, 0x00, 0x00, 0x00, 0x00, 0x00, 0x00, 0x00, 
	0x00, 0x00, 0x00, 0x00, 0x00, 0x00, 0x00, 0x00, 0x00, 0x00, 0x00, 0x00, 0x00, 0x00, 0x00, 
	0x00, 0x00, 0x00, 0x00, 0x00, 0x00, 0x00, 0x00, 0x00, 0x00, 0x00, 0x00, 0x00, 0x00, 0x00, 
	0x00, 0x00, 0x00, 0x00, 0x00, 0x00, 0x00, 0x00, 0x00, 0x00, 0x00, 0x00, 0x00, 0x00, 0x00, 
	0x00, 0x00, 0x00, 0x00, 0x00, 0x00, 0x00, 0x00, 0x00, 0x00, 0x00, 0x00, 0x00, 0x00, 0x00, 
	0x00, 0x00, 0x00, 0x00, 0x00, 0x00, 0x00, 0x00, 0x00, 0x00, 0x00, 0x00, 0x00, 0x00, 0x00, 
	0x55, 0x55, 0x55, 0x55, 0x55, 0x55, 0x66, 0x78, 0x88, 0x88, 0x99, 0x99, 0xAA, 0xAA, 0xAA, 
	0xAA, 0x99, 0x99, 0x99, 0x99, 0x99, 0xAA, 0xBB, 0xBB, 0xBB, 0xBB, 0xBB, 0xBB, 0xBB, 0xBB, 
	0xBB, 0xBB, 0xBA, 0xAA, 0xAA, 0x99, 0x99, 0x99, 0xAA, 0xAB, 0xBB, 0xBC, 0xCC, 0xCB, 0xBB, 
	0xCC, 0xCC, 0xDD, 0xDE, 0xEE, 0xEF, 0xFF, 0xFF, 0xFF, 0xFF, 0xEE, 0xEE, 0xEE, 0xEE, 0xEE, 
	0xEE, 0xEE, 0xEE, 0xEE, 0xEE, 0xEE, 0xEE, 0xEE, 0xEE, 0xED, 0xDD, 0xDD, 0xDD, 0xDD, 0xDD, 
	0xDD, 0xDD, 0xDD, 0xDD, 0xDD, 0xDC, 0xCD, 0xDD, 0xDD, 0xCC, 0xCC, 0xCC, 0xCB, 0xBB, 0xAA, 
	0xA9, 0x99, 0x88, 0x76, 0x64, 0x44, 0x44, 0x44, 0x44, 0x44, 0x55, 0x55, 0x66, 0x66, 0x77, 
	0x78, 0x89, 0x99, 0x99, 0x99, 0x99, 0xAA, 0xAA, 0xAA, 0xAA, 0xAB, 0xBC, 0xCB, 0xCC, 0xCC, 
	0xCC, 0xCC, 0xCC, 0xCC, 0xCC, 0xBB, 0xBB, 0xBB, 0xBB, 0xBB, 0xBB, 0xBB, 0xBB, 0xBB, 0xBB, 
	0xBB, 0xBC, 0xCC, 0xCC, 0xCB, 0xBA, 0xAA, 0xAA, 0x99, 0x88, 0x88, 0x88, 0x88, 0x88, 0x99, 
	0x99, 0x99, 0x99, 0x99, 0x88, 0x98, 0x88, 0x88, 0x88, 0x88, 0x88, 0x88, 0x77, 0x77, 0x77, 
	0x77, 0x77, 0x77, 0x78, 0x88, 0x88, 0x88, 0x88, 0x88, 0x88, 0x88, 0x88, 0x88, 0x88, 0x88, 
	0x99, 0x99, 0x9A, 0xA9, 0x99, 0x99, 0x99, 0x99, 0x99, 0x99, 0x99, 0x99, 0x99, 0x99, 0x99, 
	0x99, 0x99, 0x99, 0x99, 0x99, 0x99, 0x99, 0x99, 0x99, 0x99, 0x99, 0x99, 0x99, 0x99, 0x99, 
	0x00, 0x00, 0x00, 0x00, 0x00, 0x00, 0x00, 0x00, 0x00, 0x00, 0x00, 0x00, 0x00, 0x00, 0x00, 
	0x00, 0x00, 0x00, 0x00, 0x00, 0x00, 0x00, 0x00, 0x00, 0x00, 0x00, 0x00, 0x00, 0x00, 0x00, 
	0x00, 0x00, 0x00, 0x00, 0x00, 0x00, 0x00, 0x00, 0x00, 0x00, 0x00, 0x00, 0x00, 0x00, 0x00, 
	0x00, 0x00, 0x00, 0x00, 0x00, 0x00, 0x00, 0x00, 0x00, 0x00, 0x00, 0x00, 0x00, 0x00, 0x00, 
	0x00, 0x00, 0x00, 0x00, 0x00, 0x00, 0x00, 0x00, 0x00, 0x00, 0x00, 0x00, 0x00, 0x00, 0x00, 
	0x00, 0x00, 0x00, 0x00, 0x00, 0x00, 0x00, 0x00, 0x00, 0x00, 0x00, 0x00, 0x00, 0x00, 0x00, 
	0x55, 0x55, 0x55, 0x55, 0x55, 0x55, 0x67, 0x78, 0x88, 0x88, 0x99, 0x9A, 0xAA, 0xAA, 0xAA, 
	0xAA, 0xAA, 0xAA, 0xA9, 0x99, 0x9A, 0xAB, 0xBB, 0xBB, 0xBB, 0xBB, 0xBB, 0xBB, 0xBB, 0xBB, 
	0xBB, 0xBB, 0xAA, 0xA9, 0x99, 0x99, 0x99, 0x9A, 0xAA, 0xAB, 0xBB, 0xBC, 0xBB, 0xBB, 0xBB, 
	0xCC, 0xCC, 0xDD, 0xEE, 0xEE, 0xFF, 0xFF, 0xFF, 0xFE, 0xEE, 0xEE, 0xEE, 0xEE, 0xEE, 0xEE, 
	0xEE, 0xEE, 0xEE, 0xEE, 0xEE, 0xEE, 0xED, 0xDD, 0xDD, 0xDD, 0xDD, 0xDD, 0xDD, 0xDD, 0xDD, 
	0xDD, 0xDD, 0xDD, 0xDD, 0xDD, 0xCC, 0xCD, 0xDD, 0xDC, 0xCC, 0xCC, 0xBB, 0xBB, 0xBA, 0xAA, 
	0xA9, 0x88, 0x87, 0x76, 0x54, 0x44, 0x44, 0x44, 0x44, 0x44, 0x44, 0x44, 0x55, 0x66, 0x78, 
	0x99, 0x99, 0x99, 0x99, 0x99, 0x99, 0x99, 0x99, 0x99, 0x99, 0xAA, 0xBB, 0xCC, 0xCC, 0xCC, 
	0xCC, 0xCC, 0xCC, 0xCC, 0xCC, 0xCC, 0xBB, 0xBB, 0xBB, 0xBB, 0xBB, 0xBB, 0xBB, 0xBB, 0xBB, 
	0xBB, 0xBB, 0xBB, 0xBB, 0xBB, 0xBB, 0xBB, 0xAA, 0xAA, 0x99, 0x99, 0x88, 0x88, 0x88, 0x99, 
	0x99, 0x99, 0x99, 0x99, 0x99, 0x98, 0x88, 0x88, 0x88, 0x88, 0x87, 0x77, 0x77, 0x77, 0x77, 
	0x77, 0x77, 0x77, 0x78, 0x88, 0x88, 0x88, 0x88, 0x88, 0x88, 0x88, 0x88, 0x88, 0x88, 0x89, 
	0x99, 0x99, 0xAA, 0x99, 0x99, 0x99, 0x99, 0x99, 0x99, 0x99, 0x99, 0x99, 0x99, 0x99, 0x99, 
	0x99, 0x99, 0x99, 0x99, 0x99, 0x99, 0x99, 0x99, 0x99, 0x99, 0x99, 0x99, 0x99, 0x99, 0x99, 
	0x00, 0x00, 0x00, 0x00, 0x00, 0x00, 0x00, 0x00, 0x00, 0x00, 0x00, 0x00, 0x00, 0x00, 0x00, 
	0x00, 0x00, 0x00, 0x00, 0x00, 0x00, 0x00, 0x00, 0x00, 0x00, 0x00, 0x00, 0x00, 0x00, 0x00, 
	0x00, 0x00, 0x00, 0x00, 0x00, 0x00, 0x00, 0x00, 0x00, 0x00, 0x00, 0x00, 0x00, 0x00, 0x00, 
	0x00, 0x00, 0x00, 0x00, 0x00, 0x00, 0x00, 0x00, 0x00, 0x00, 0x00, 0x00, 0x00, 0x00, 0x00, 
	0x00, 0x00, 0x00, 0x00, 0x00, 0x00, 0x00, 0x00, 0x00, 0x00, 0x00, 0x00, 0x00, 0x00, 0x00, 
	0x00, 0x00, 0x00, 0x00, 0x00, 0x00, 0x00, 0x00, 0x00, 0x00, 0x00, 0x00, 0x00, 0x00, 0x00, 
	0x55, 0x55, 0x55, 0x55, 0x55, 0x56, 0x77, 0x77, 0x78, 0x89, 0x99, 0xAA, 0xAA, 0xAA, 0xAA, 
	0xAA, 0xAA, 0xAA, 0xAA, 0xA9, 0x9A, 0xBB, 0xBB, 0xBB, 0xBB, 0xBB, 0xBB, 0xBB, 0xBB, 0xBB, 
	0xBB, 0xBB, 0xAA, 0xA9, 0x99, 0x99, 0x99, 0x99, 0xAA, 0xAA, 0xBB, 0xBB, 0xBB, 0xBB, 0xBC, 
	0xCC, 0xCD, 0xDE, 0xEE, 0xEE, 0xFF, 0xFF, 0xEE, 0xEE, 0xEE, 0xEE, 0xEE, 0xEE, 0xEE, 0xEE, 
	0xEE, 0xEE, 0xEE, 0xEE, 0xDD, 0xEE, 0xDD, 0xDD, 0xDD, 0xDD, 0xDD, 0xDD, 0xDD, 0xDD, 0xDD, 
	0xDD, 0xDD, 0xDD, 0xDD, 0xDD, 0xCC, 0xDD, 0xDD, 0xCC, 0xCC, 0xBB, 0xBB, 0xBB, 0xAA, 0xAA, 
	0x98, 0x87, 0x76, 0x65, 0x54, 0x45, 0x55, 0x55, 0x55, 0x55, 0x55, 0x45, 0x56, 0x77, 0x89, 
	0x99, 0x99, 0x99, 0x99, 0x99, 0x99, 0x99, 0x99, 0x99, 0x99, 0x99, 0xAB, 0xBB, 0xBC, 0xCC, 
	0xCC, 0xCC, 0xCC, 0xCC, 0xCC, 0xCC, 0xCC, 0xBB, 0xBB, 0xCB, 0xBB, 0xCC, 0xBB, 0xBB, 0xBB, 
	0xBB, 0xBA, 0xAA, 0xAA, 0xAA, 0xAA, 0xAA, 0xAA, 0xAA, 0xAA, 0xA9, 0x99, 0x99, 0x99, 0x99, 
	0x99, 0x99, 0x99, 0x99, 0x99, 0x99, 0x99, 0x88, 0x88, 0x88, 0x87, 0x77, 0x77, 0x77, 0x77, 
	0x77, 0x77, 0x66, 0x77, 0x88, 0x88, 0x88, 0x88, 0x88, 0x88, 0x88, 0x88, 0x88, 0x88, 0x99, 
	0x99, 0x99, 0xAA, 0x99, 0x99, 0x99, 0x99, 0x99, 0x99, 0x99, 0x99, 0x99, 0x99, 0x99, 0x99, 
	0x99, 0x99, 0x99, 0x99, 0x99, 0x99, 0x99, 0x99, 0x99, 0x99, 0x99, 0x99, 0x99, 0x99, 0x99, 
	0x00, 0x00, 0x00, 0x00, 0x00, 0x00, 0x00, 0x00, 0x00, 0x00, 0x00, 0x00, 0x00, 0x00, 0x00, 
	0x00, 0x00, 0x00, 0x00, 0x00, 0x00, 0x00, 0x00, 0x00, 0x00, 0x00, 0x00, 0x00, 0x00, 0x00, 
	0x00, 0x00, 0x00, 0x00, 0x00, 0x00, 0x00, 0x00, 0x00, 0x00, 0x00, 0x00, 0x00, 0x00, 0x00, 
	0x00, 0x00, 0x00, 0x00, 0x00, 0x00, 0x00, 0x00, 0x00, 0x00, 0x00, 0x00, 0x00, 0x00, 0x00, 
	0x00, 0x00, 0x00, 0x00, 0x00, 0x00, 0x00, 0x00, 0x00, 0x00, 0x00, 0x00, 0x00, 0x00, 0x00, 
	0x00, 0x00, 0x00, 0x00, 0x00, 0x00, 0x00, 0x00, 0x00, 0x00, 0x00, 0x00, 0x00, 0x00, 0x00, 
	0x55, 0x55, 0x55, 0x55, 0x56, 0x67, 0x66, 0x66, 0x78, 0x89, 0x9A, 0xAA, 0xAA, 0xAA, 0xAA, 
	0xAA, 0xAA, 0xAA, 0xAA, 0xA9, 0xAA, 0xBB, 0xBB, 0xBB, 0xBB, 0xBB, 0xBB, 0xBB, 0xBC, 0xCB, 
	0xBB, 0xBA, 0xAA, 0xA9, 0x99, 0x99, 0x99, 0x99, 0xAA, 0xAA, 0xAB, 0xBB, 0xBB, 0xBB, 0xCC, 
	0xCC, 0xDD, 0xEE, 0xEE, 0xEE, 0xEE, 0xFE, 0xEE, 0xEE, 0xEE, 0xEE, 0xEE, 0xEE, 0xEE, 0xEE, 
	0xEE, 0xEE, 0xEE, 0xDD, 0xDD, 0xDD, 0xDD, 0xDD, 0xDD, 0xDD, 0xDD, 0xDD, 0xDD, 0xDD, 0xDD, 
	0xDD, 0xDD, 0xDD, 0xDD, 0xDD, 0xCC, 0xDD, 0xCC, 0xCC, 0xCB, 0xBB, 0xBA, 0xAA, 0xAA, 0x99, 
	0x88, 0x77, 0x66, 0x65, 0x55, 0x55, 0x65, 0x66, 0x66, 0x55, 0x65, 0x55, 0x67, 0x88, 0x89, 
	0x99, 0x99, 0x99, 0x99, 0x99, 0x99, 0x99, 0x99, 0x99, 0x99, 0x99, 0xAA, 0xBB, 0xBB, 0xBB, 
	0xBC, 0xCC, 0xCC, 0xCC, 0xCC, 0xCC, 0xCC, 0xCC, 0xCC, 0xCB, 0xBB, 0xBB, 0xBB, 0xBB, 0xBB, 
	0xBB, 0xBB, 0xAA, 0xAA, 0xA9, 0x99, 0x99, 0x99, 0x9A, 0xAA, 0xAA, 0x99, 0x99, 0x99, 0x99, 
	0x99, 0x99, 0x99, 0x99, 0x99, 0x99, 0x99, 0x98, 0x88, 0x88, 0x88, 0x77, 0x77, 0x66, 0x66, 
	0x66, 0x67, 0x66, 0x77, 0x88, 0x88, 0x88, 0x88, 0x88, 0x88, 0x88, 0x88, 0x88, 0x99, 0x99, 
	0x99, 0x9A, 0xA9, 0x99, 0x99, 0x99, 0x99, 0x99, 0x99, 0x99, 0x99, 0x99, 0x99, 0x99, 0x99, 
	0x99, 0x99, 0x99, 0x99, 0x99, 0x99, 0x99, 0x99, 0x99, 0x99, 0x99, 0x99, 0x99, 0x99, 0x99, 
	0x00, 0x00, 0x00, 0x00, 0x00, 0x00, 0x00, 0x00, 0x00, 0x00, 0x00, 0x00, 0x00, 0x00, 0x00, 
	0x00, 0x00, 0x00, 0x00, 0x00, 0x00, 0x00, 0x00, 0x00, 0x00, 0x00, 0x00, 0x00, 0x00, 0x00, 
	0x00, 0x00, 0x00, 0x00, 0x00, 0x00, 0x00, 0x00, 0x00, 0x00, 0x00, 0x00, 0x00, 0x00, 0x00, 
	0x00, 0x00, 0x00, 0x00, 0x00, 0x00, 0x00, 0x00, 0x00, 0x00, 0x00, 0x00, 0x00, 0x00, 0x00, 
	0x00, 0x00, 0x00, 0x00, 0x00, 0x00, 0x00, 0x00, 0x00, 0x00, 0x00, 0x00, 0x00, 0x00, 0x00, 
	0x00, 0x00, 0x00, 0x00, 0x00, 0x00, 0x00, 0x00, 0x00, 0x00, 0x00, 0x00, 0x00, 0x00, 0x00, 
	0x55, 0x55, 0x55, 0x55, 0x67, 0x76, 0x54, 0x56, 0x78, 0x89, 0x9A, 0xAA, 0xAA, 0xAA, 0xAA, 
	0xAA, 0xAA, 0xAA, 0xAA, 0x9A, 0xAB, 0xBB, 0xBB, 0xCB, 0xBC, 0xCB, 0xBC, 0xBB, 0xBB, 0xBB, 
	0xBB, 0xAA, 0xAA, 0x99, 0x98, 0x88, 0x99, 0x99, 0xAA, 0xAA, 0xAA, 0xBB, 0xBB, 0xBC, 0xCC, 
	0xCC, 0xDD, 0xEE, 0xEF, 0xFE, 0xEE, 0xEE, 0xEE, 0xEE, 0xEE, 0xEE, 0xEE, 0xEE, 0xEE, 0xEE, 
	0xDD, 0xDD, 0xDD, 0xDD, 0xDD, 0xDD, 0xDD, 0xDD, 0xDD, 0xDD, 0xDD, 0xDD, 0xDD, 0xDD, 0xDD, 
	0xDD, 0xDD, 0xDD, 0xDD, 0xCC, 0xCC, 0xCC, 0xCC, 0xCC, 0xCB, 0xBB, 0xAA, 0xA9, 0x99, 0x98, 
	0x77, 0x66, 0x66, 0x65, 0x56, 0x66, 0x66, 0x66, 0x66, 0x66, 0x65, 0x66, 0x77, 0x78, 0x98, 
	0x99, 0x99, 0x99, 0x99, 0x99, 0x99, 0x99, 0x99, 0x99, 0x98, 0x99, 0xAA, 0xAA, 0xAB, 0xBB, 
	0xBB, 0xBB, 0xCC, 0xCC, 0xCC, 0xCC, 0xCC, 0xCC, 0xCC, 0xCC, 0xCB, 0xCB, 0xBB, 0xBB, 0xBB, 
	0xBB, 0xBB, 0xBA, 0xAA, 0xA9, 0x99, 0x99, 0x88, 0x88, 0x99, 0x99, 0x99, 0x99, 0x99, 0x99, 
	0x99, 0x99, 0x99, 0x99, 0x99, 0x99, 0x99, 0x98, 0x88, 0x88, 0x88, 0x77, 0x77, 0x66, 0x66, 
	0x66, 0x67, 0x66, 0x77, 0x88, 0x88, 0x88, 0x88, 0x88, 0x88, 0x88, 0x88, 0x88, 0x99, 0x99, 
	0x99, 0x99, 0x99, 0x99, 0x98, 0x99, 0x99, 0x99, 0x99, 0x99, 0x99, 0x99, 0x99, 0x99, 0x99, 
	0x99, 0x99, 0x99, 0x99, 0x99, 0x99, 0x99, 0x99, 0x99, 0x99, 0x99, 0x99, 0x99, 0x99, 0x99, 
	0x00, 0x00, 0x00, 0x00, 0x00, 0x00, 0x00, 0x00, 0x00, 0x00, 0x00, 0x00, 0x00, 0x00, 0x00, 
	0x00, 0x00, 0x00, 0x00, 0x00, 0x00, 0x00, 0x00, 0x00, 0x00, 0x00, 0x00, 0x00, 0x00, 0x00, 
	0x00, 0x00, 0x00, 0x00, 0x00, 0x00, 0x00, 0x00, 0x00, 0x00, 0x00, 0x00, 0x00, 0x00, 0x00, 
	0x00, 0x00, 0x00, 0x00, 0x00, 0x00, 0x00, 0x00, 0x00, 0x00, 0x00, 0x00, 0x00, 0x00, 0x00, 
	0x00, 0x00, 0x00, 0x00, 0x00, 0x00, 0x00, 0x00, 0x00, 0x00, 0x00, 0x00, 0x00, 0x00, 0x00, 
	0x00, 0x00, 0x00, 0x00, 0x00, 0x00, 0x00, 0x00, 0x00, 0x00, 0x00, 0x00, 0x00, 0x00, 0x00, 
	0x55, 0x55, 0x55, 0x56, 0x77, 0x64, 0x45, 0x67, 0x77, 0x88, 0x9A, 0xAA, 0xAA, 0xAA, 0xAA, 
	0xAA, 0xAA, 0xAA, 0xAA, 0xAA, 0xAB, 0xBB, 0xBB, 0xCC, 0xCC, 0xCC, 0xBB, 0xBB, 0xBB, 0xBB, 
	0xBA, 0xAA, 0xAA, 0x99, 0x98, 0x89, 0x99, 0xAA, 0xAA, 0xAA, 0xAA, 0xBB, 0xBC, 0xCC, 0xCC, 
	0xCC, 0xDE, 0xEE, 0xEE, 0xEE, 0xEE, 0xEE, 0xEE, 0xEE, 0xEE, 0xEE, 0xEE, 0xEE, 0xDD, 0xDD, 
	0xDD, 0xDD, 0xDD, 0xDD, 0xDD, 0xDD, 0xDD, 0xDD, 0xDD, 0xDD, 0xDD, 0xDD, 0xDD, 0xDD, 0xDD, 
	0xDD, 0xDD, 0xDD, 0xDC, 0xCC, 0xCC, 0xCC, 0xCC, 0xCC, 0xBB, 0xAA, 0xA9, 0x99, 0x99, 0x87, 
	0x77, 0x76, 0x66, 0x66, 0x67, 0x67, 0x76, 0x77, 0x67, 0x77, 0x66, 0x67, 0x77, 0x88, 0x88, 
	0x99, 0x99, 0x99, 0x99, 0x99, 0x99, 0x99, 0x99, 0x98, 0x88, 0x89, 0x9A, 0xAA, 0xAA, 0xAB, 
	0xBB, 0xBB, 0xBC, 0xCC, 0xCC, 0xCC, 0xCC, 0xCC, 0xCC, 0xCC, 0xCC, 0xCB, 0xBB, 0xBB, 0xBB, 
	0xBB, 0xBB, 0xBB, 0xAA, 0xAA, 0x99, 0x99, 0x88, 0x88, 0x89, 0x98, 0x88, 0x88, 0x88, 0x99, 
	0x99, 0x99, 0x99, 0x99, 0x99, 0x99, 0x99, 0x98, 0x88, 0x88, 0x77, 0x77, 0x76, 0x66, 0x66, 
	0x66, 0x66, 0x66, 0x77, 0x88, 0x88, 0x88, 0x88, 0x88, 0x88, 0x88, 0x88, 0x89, 0x99, 0x99, 
	0x99, 0x99, 0x99, 0x99, 0x99, 0x99, 0x99, 0x99, 0x99, 0x99, 0x99, 0x99, 0x99, 0x99, 0x99, 
	0x99, 0x99, 0x99, 0x99, 0x99, 0x99, 0x99, 0x99, 0x99, 0x99, 0x99, 0x99, 0x99, 0x99, 0x99, 
	0x00, 0x00, 0x00, 0x00, 0x00, 0x00, 0x00, 0x00, 0x00, 0x00, 0x00, 0x00, 0x00, 0x00, 0x00, 
	0x00, 0x00, 0x00, 0x00, 0x00, 0x00, 0x00, 0x00, 0x00, 0x00, 0x00, 0x00, 0x00, 0x00, 0x00, 
	0x00, 0x00, 0x00, 0x00, 0x00, 0x00, 0x00, 0x00, 0x00, 0x00, 0x00, 0x00, 0x00, 0x00, 0x00, 
	0x00, 0x00, 0x00, 0x00, 0x00, 0x00, 0x00, 0x00, 0x00, 0x00, 0x00, 0x00, 0x00, 0x00, 0x00, 
	0x00, 0x00, 0x00, 0x00, 0x00, 0x00, 0x00, 0x00, 0x00, 0x00, 0x00, 0x00, 0x00, 0x00, 0x00, 
	0x00, 0x00, 0x00, 0x00, 0x00, 0x00, 0x00, 0x00, 0x00, 0x00, 0x00, 0x00, 0x00, 0x00, 0x00, 
	0x55, 0x55, 0x66, 0x66, 0x76, 0x55, 0x56, 0x67, 0x77, 0x89, 0x9A, 0xAA, 0xAA, 0xAA, 0xAA, 
	0xAA, 0xAA, 0xAA, 0xAA, 0xAA, 0xAA, 0xBB, 0xBB, 0xBB, 0xBC, 0xCB, 0xBB, 0xBB, 0xBB, 0xBB, 
	0xBA, 0xAA, 0xA9, 0x99, 0x99, 0x99, 0x9A, 0xAA, 0xAA, 0xAA, 0xBB, 0xBC, 0xCC, 0xCC, 0xCC, 
	0xCD, 0xDE, 0xEE, 0xEE, 0xEE, 0xEE, 0xEE, 0xEE, 0xEE, 0xEE, 0xEE, 0xDD, 0xDD, 0xDD, 0xDD, 
	0xDD, 0xDD, 0xDD, 0xDD, 0xDD, 0xDD, 0xDD, 0xDD, 0xDD, 0xDD, 0xDD, 0xDD, 0xDD, 0xDD, 0xDD, 
	0xDD, 0xDD, 0xCC, 0xCC, 0xCC, 0xCC, 0xCC, 0xCC, 0xBB, 0xAA, 0xA9, 0x99, 0x88, 0x88, 0x76, 
	0x67, 0x77, 0x77, 0x77, 0x78, 0x77, 0x77, 0x77, 0x77, 0x77, 0x66, 0x77, 0x78, 0x88, 0x88, 
	0x99, 0x99, 0x99, 0x99, 0x99, 0x99, 0x99, 0x99, 0x98, 0x88, 0x88, 0x99, 0xAA, 0xAA, 0xAB, 
	0xBB, 0xBB, 0xBB, 0xBB, 0xCC, 0xCC, 0xCC, 0xCC, 0xCC, 0xCC, 0xCC, 0xCB, 0xBB, 0xBB, 0xBB, 
	0xBB, 0xBB, 0xBB, 0xAA, 0xAA, 0xA9, 0x99, 0x88, 0x88, 0x88, 0x89, 0x98, 0x88, 0x88, 0x88, 
	0x88, 0x99, 0x99, 0x99, 0x99, 0x99, 0x99, 0x98, 0x88, 0x88, 0x88, 0x77, 0x77, 0x66, 0x66, 
	0x66, 0x66, 0x66, 0x67, 0x88, 0x88, 0x88, 0x88, 0x88, 0x88, 0x88, 0x88, 0x88, 0x99, 0x99, 
	0x99, 0x99, 0x99, 0x99, 0x99, 0x99, 0x99, 0x99, 0x99, 0x99, 0x99, 0x99, 0x99, 0x99, 0x99, 
	0x99, 0x99, 0x99, 0x99, 0x99, 0x99, 0x99, 0x99, 0x99, 0x99, 0x99, 0x99, 0x99, 0x99, 0x99, 
	0x00, 0x00, 0x00, 0x00, 0x00, 0x00, 0x00, 0x00, 0x00, 0x00, 0x00, 0x00, 0x00, 0x00, 0x00, 
	0x00, 0x00, 0x00, 0x00, 0x00, 0x00, 0x00, 0x00, 0x00, 0x00, 0x00, 0x00, 0x00, 0x00, 0x00, 
	0x00, 0x00, 0x00, 0x00, 0x00, 0x00, 0x00, 0x00, 0x00, 0x00, 0x00, 0x00, 0x00, 0x00, 0x00, 
	0x00, 0x00, 0x00, 0x00, 0x00, 0x00, 0x00, 0x00, 0x00, 0x00, 0x00, 0x00, 0x00, 0x00, 0x00, 
	0x00, 0x00, 0x00, 0x00, 0x00, 0x00, 0x00, 0x00, 0x00, 0x00, 0x00, 0x00, 0x00, 0x00, 0x00, 
	0x00, 0x00, 0x00, 0x00, 0x00, 0x00, 0x00, 0x00, 0x00, 0x00, 0x00, 0x00, 0x00, 0x00, 0x00, 
	0x55, 0x66, 0x66, 0x77, 0x66, 0x66, 0x66, 0x77, 0x77, 0x89, 0x9A, 0xAB, 0xBA, 0xBB, 0xBB, 
	0xAA, 0xAA, 0xAA, 0xAA, 0xAA, 0xAA, 0xBB, 0xBB, 0xBB, 0xBB, 0xBB, 0xAA, 0xAA, 0xAA, 0xAA, 
	0xAA, 0xAA, 0xAA, 0x99, 0x99, 0x99, 0xAA, 0xAA, 0xAA, 0xBB, 0xBB, 0xCC, 0xCC, 0xCC, 0xDD, 
	0xDD, 0xEE, 0xEE, 0xEE, 0xEE, 0xEE, 0xEE, 0xEE, 0xEE, 0xEE, 0xED, 0xDD, 0xDD, 0xDD, 0xDD, 
	0xDD, 0xDD, 0xDD, 0xDD, 0xDD, 0xDD, 0xDD, 0xDD, 0xDD, 0xDD, 0xDD, 0xDD, 0xDD, 0xDD, 0xDD, 
	0xDD, 0xDC, 0xCC, 0xCC, 0xCC, 0xCC, 0xCC, 0xBB, 0xAA, 0xA9, 0x99, 0x88, 0x87, 0x77, 0x76, 
	0x67, 0x77, 0x77, 0x77, 0x78, 0x88, 0x87, 0x78, 0x78, 0x77, 0x77, 0x78, 0x88, 0x88, 0x89, 
	0x99, 0x99, 0x99, 0x99, 0x99, 0x99, 0x99, 0x99, 0x88, 0x87, 0x78, 0x99, 0x9A, 0xAA, 0xAA, 
	0xBB, 0xBB, 0xBB, 0xBB, 0xBB, 0xCC, 0xCC, 0xCC, 0xCC, 0xCC, 0xCC, 0xCC, 0xBB, 0xBB, 0xBB, 
	0xBB, 0xBB, 0xBB, 0xBA, 0xAA, 0xA9, 0x99, 0x88, 0x88, 0x88, 0x89, 0x98, 0x88, 0x88, 0x88, 
	0x88, 0x89, 0x99, 0x99, 0x99, 0x99, 0x88, 0x98, 0x88, 0x88, 0x87, 0x77, 0x77, 0x66, 0x66, 
	0x66, 0x66, 0x76, 0x67, 0x88, 0x88, 0x88, 0x88, 0x88, 0x88, 0x88, 0x88, 0x89, 0x99, 0x99, 
	0x99, 0x99, 0x99, 0x99, 0x99, 0x99, 0x99, 0x99, 0x99, 0x99, 0x99, 0x99, 0x99, 0x99, 0x99, 
	0x99, 0x99, 0x99, 0x99, 0x99, 0x99, 0x99, 0x99, 0x99, 0x99, 0x99, 0x99, 0x99, 0x99, 0x99, 
	0x00, 0x00, 0x00, 0x00, 0x00, 0x00, 0x00, 0x00, 0x00, 0x00, 0x00, 0x00, 0x00, 0x00, 0x00, 
	0x00, 0x00, 0x00, 0x00, 0x00, 0x00, 0x00, 0x00, 0x00, 0x00, 0x00, 0x00, 0x00, 0x00, 0x00, 
	0x00, 0x00, 0x00, 0x00, 0x00, 0x00, 0x00, 0x00, 0x00, 0x00, 0x00, 0x00, 0x00, 0x00, 0x00, 
	0x00, 0x00, 0x00, 0x00, 0x00, 0x00, 0x00, 0x00, 0x00, 0x00, 0x00, 0x00, 0x00, 0x00, 0x00, 
	0x00, 0x00, 0x00, 0x00, 0x00, 0x00, 0x00, 0x00, 0x00, 0x00, 0x00, 0x00, 0x00, 0x00, 0x00, 
	0x00, 0x00, 0x00, 0x00, 0x00, 0x00, 0x00, 0x00, 0x00, 0x00, 0x00, 0x00, 0x00, 0x00, 0x00, 
	0x55, 0x56, 0x66, 0x67, 0x77, 0x77, 0x77, 0x66, 0x77, 0x88, 0x9A, 0xAA, 0xBB, 0xBB, 0xBB, 
	0xBB, 0xBA, 0xAA, 0xAA, 0xAB, 0xBB, 0xBB, 0xBB, 0xBB, 0xBB, 0xBA, 0xAA, 0xAA, 0xAB, 0xAA, 
	0xAA, 0xAA, 0xAA, 0xA9, 0x99, 0xAA, 0xAA, 0xAA, 0xAB, 0xBB, 0xBC, 0xCC, 0xCC, 0xDD, 0xDD, 
	0xDE, 0xEE, 0xEE, 0xEE, 0xEE, 0xEE, 0xEE, 0xEE, 0xEE, 0xED, 0xDD, 0xDD, 0xDC, 0xCC, 0xDD, 
	0xDD, 0xDD, 0xDD, 0xDD, 0xDD, 0xDD, 0xDD, 0xDD, 0xDD, 0xDD, 0xDD, 0xDD, 0xDC, 0xCD, 0xDD, 
	0xDD, 0xCC, 0xCC, 0xCC, 0xCC, 0xBB, 0xBB, 0xAA, 0xAA, 0x99, 0x88, 0x87, 0x77, 0x77, 0x77, 
	0x77, 0x87, 0x88, 0x88, 0x88, 0x88, 0x98, 0x88, 0x88, 0x77, 0x87, 0x78, 0x78, 0x88, 0x99, 
	0x99, 0x99, 0x99, 0x99, 0x99, 0x99, 0x99, 0x98, 0x87, 0x77, 0x78, 0x88, 0x99, 0x9A, 0xAA, 
	0xAA, 0xBB, 0xBB, 0xBB, 0xBB, 0xBB, 0xCC, 0xCC, 0xCC, 0xCC, 0xCC, 0xCC, 0xCB, 0xBB, 0xBB, 
	0xBB, 0xBB, 0xBB, 0xBA, 0xAA, 0xA9, 0x99, 0x99, 0x88, 0x88, 0x88, 0x88, 0x88, 0x99, 0x88, 
	0x89, 0x99, 0x99, 0x99, 0x99, 0x99, 0x88, 0x99, 0x88, 0x88, 0x87, 0x77, 0x76, 0x66, 0x66, 
	0x66, 0x66, 0x66, 0x67, 0x88, 0x88, 0x88, 0x88, 0x88, 0x88, 0x88, 0x88, 0x99, 0x99, 0x99, 
	0x99, 0x99, 0x99, 0x99, 0x99, 0x99, 0x99, 0x99, 0x99, 0x99, 0x99, 0x99, 0x99, 0x99, 0x99, 
	0x99, 0x99, 0x99, 0x99, 0x99, 0x99, 0x99, 0x99, 0x99, 0x99, 0x99, 0x99, 0x99, 0x99, 0x99, 
	0x00, 0x00, 0x00, 0x00, 0x00, 0x00, 0x00, 0x00, 0x00, 0x00, 0x00, 0x00, 0x00, 0x00, 0x00, 
	0x00, 0x00, 0x00, 0x00, 0x00, 0x00, 0x00, 0x00, 0x00, 0x00, 0x00, 0x00, 0x00, 0x00, 0x00, 
	0x00, 0x00, 0x00, 0x00, 0x00, 0x00, 0x00, 0x00, 0x00, 0x00, 0x00, 0x00, 0x00, 0x00, 0x00, 
	0x00, 0x00, 0x00, 0x00, 0x00, 0x00, 0x00, 0x00, 0x00, 0x00, 0x00, 0x00, 0x00, 0x00, 0x00, 
	0x00, 0x00, 0x00, 0x00, 0x00, 0x00, 0x00, 0x00, 0x00, 0x00, 0x00, 0x00, 0x00, 0x00, 0x00, 
	0x00, 0x00, 0x00, 0x00, 0x00, 0x00, 0x00, 0x00, 0x00, 0x00, 0x00, 0x00, 0x00, 0x00, 0x00, 
	0x55, 0x55, 0x66, 0x77, 0x77, 0x76, 0x67, 0x67, 0x77, 0x89, 0x99, 0xAA, 0xAB, 0xBB, 0xBB, 
	0xBB, 0xBB, 0xBB, 0xBB, 0xBB, 0xBB, 0xBB, 0xBB, 0xBB, 0xBB, 0xBB, 0xBB, 0xBB, 0xBB, 0xBB, 
	0xBB, 0xBA, 0xAA, 0xAA, 0xAA, 0xAA, 0xAA, 0xAA, 0xBB, 0xBB, 0xCC, 0xDD, 0xDD, 0xDD, 0xDD, 
	0xDE, 0xEE, 0xEE, 0xEE, 0xEE, 0xED, 0xDD, 0xEE, 0xED, 0xDD, 0xDD, 0xDD, 0xDD, 0xDD, 0xDD, 
	0xDD, 0xDD, 0xDD, 0xDD, 0xDD, 0xDD, 0xDD, 0xDD, 0xDD, 0xDD, 0xDD, 0xCC, 0xCC, 0xCD, 0xDD, 
	0xCC, 0xCC, 0xBB, 0xBB, 0xBB, 0xBB, 0xBB, 0xAA, 0xA9, 0x98, 0x87, 0x77, 0x77, 0x77, 0x77, 
	0x78, 0x88, 0x89, 0x99, 0x99, 0x99, 0x98, 0x89, 0x88, 0x77, 0x88, 0x88, 0x88, 0x99, 0x99, 
	0x99, 0x99, 0x99, 0x99, 0x99, 0x99, 0x99, 0x88, 0x77, 0x77, 0x77, 0x88, 0x89, 0x99, 0xAA, 
	0xAA, 0xBB, 0xBB, 0xBB, 0xBB, 0xBB, 0xBB, 0xCC, 0xCC, 0xCC, 0xCC, 0xCC, 0xCC, 0xBB, 0xBB, 
	0xAA, 0xAB, 0xBB, 0xBA, 0xBA, 0xA9, 0x99, 0x99, 0x99, 0x88, 0x88, 0x88, 0x88, 0x99, 0x98, 
	0x99, 0x99, 0x99, 0x99, 0x99, 0x99, 0x99, 0x99, 0x88, 0x88, 0x87, 0x77, 0x77, 0x66, 0x66, 
	0x66, 0x66, 0x66, 0x67, 0x88, 0x88, 0x88, 0x88, 0x88, 0x88, 0x88, 0x88, 0x89, 0x99, 0x99, 
	0x99, 0x99, 0x99, 0x99, 0x99, 0x99, 0x99, 0x99, 0x99, 0x99, 0x99, 0x99, 0x99, 0x99, 0x99, 
	0x99, 0x99, 0x99, 0x99, 0x99, 0x99, 0x99, 0x99, 0x99, 0x99, 0x99, 0x99, 0x99, 0x99, 0x99, 
	0x00, 0x00, 0x00, 0x00, 0x00, 0x00, 0x00, 0x00, 0x00, 0x00, 0x00, 0x00, 0x00, 0x00, 0x00, 
	0x00, 0x00, 0x00, 0x00, 0x00, 0x00, 0x00, 0x00, 0x00, 0x00, 0x00, 0x00, 0x00, 0x00, 0x00, 
	0x00, 0x00, 0x00, 0x00, 0x00, 0x00, 0x00, 0x00, 0x00, 0x00, 0x00, 0x00, 0x00, 0x00, 0x00, 
	0x00, 0x00, 0x00, 0x00, 0x00, 0x00, 0x00, 0x00, 0x00, 0x00, 0x00, 0x00, 0x00, 0x00, 0x00, 
	0x00, 0x00, 0x00, 0x00, 0x00, 0x00, 0x00, 0x00, 0x00, 0x00, 0x00, 0x00, 0x00, 0x00, 0x00, 
	0x00, 0x00, 0x00, 0x00, 0x00, 0x00, 0x00, 0x00, 0x00, 0x00, 0x00, 0x00, 0x00, 0x00, 0x00, 
	0x55, 0x55, 0x66, 0x77, 0x77, 0x76, 0x67, 0x77, 0x78, 0x89, 0x99, 0xAA, 0xBB, 0xBB, 0xBB, 
	0xBB, 0xBB, 0xBB, 0xBB, 0xBB, 0xCC, 0xCC, 0xCC, 0xBB, 0xBB, 0xBB, 0xBB, 0xBB, 0xBB, 0xBB, 
	0xBC, 0xBB, 0xBB, 0xBB, 0xBB, 0xBB, 0xBB, 0xBB, 0xBB, 0xCC, 0xCC, 0xDD, 0xDD, 0xDD, 0xDD, 
	0xDD, 0xDE, 0xEE, 0xEE, 0xDD, 0xDD, 0xDD, 0xDD, 0xDD, 0xDD, 0xDD, 0xDD, 0xDD, 0xDD, 0xCC, 
	0xDD, 0xDD, 0xDD, 0xDD, 0xDD, 0xDD, 0xDD, 0xDD, 0xDD, 0xDD, 0xCC, 0xCC, 0xCC, 0xCC, 0xCC, 
	0xCC, 0xBB, 0xBB, 0xBB, 0xBB, 0xBB, 0xBA, 0xA9, 0x99, 0x88, 0x77, 0x77, 0x67, 0x77, 0x77, 
	0x88, 0x88, 0x99, 0x9A, 0xA9, 0x9A, 0xA9, 0x99, 0x99, 0x88, 0x99, 0x99, 0x89, 0x99, 0x99, 
	0x99, 0x99, 0x99, 0x99, 0x99, 0x99, 0x99, 0x87, 0x76, 0x66, 0x67, 0x78, 0x89, 0x99, 0xAA, 
	0xAA, 0xAA, 0xAB, 0xBB, 0xBB, 0xBB, 0xCC, 0xCC, 0xCC, 0xCB, 0xBB, 0xCC, 0xCB, 0xBB, 0xBB, 
	0xBA, 0xAA, 0xAA, 0xBB, 0xAA, 0xAA, 0xA9, 0x99, 0x99, 0x98, 0x88, 0x88, 0x88, 0x88, 0x88, 
	0x99, 0x99, 0x99, 0x99, 0x99, 0x99, 0x99, 0x98, 0x88, 0x88, 0x88, 0x77, 0x76, 0x66, 0x66, 
	0x66, 0x66, 0x66, 0x66, 0x78, 0x88, 0x88, 0x88, 0x88, 0x88, 0x88, 0x88, 0x89, 0x99, 0x99, 
	0x99, 0x99, 0x99, 0x99, 0x99, 0x99, 0x99, 0x99, 0x99, 0x99, 0x99, 0x99, 0x99, 0x99, 0x99, 
	0x99, 0x99, 0x99, 0x99, 0x99, 0x99, 0x99, 0x99, 0x99, 0x99, 0x99, 0x99, 0x99, 0x99, 0x99, 
	0x00, 0x00, 0x00, 0x00, 0x00, 0x00, 0x00, 0x00, 0x00, 0x00, 0x00, 0x00, 0x00, 0x00, 0x00, 
	0x00, 0x00, 0x00, 0x00, 0x00, 0x00, 0x00, 0x00, 0x00, 0x00, 0x00, 0x00, 0x00, 0x00, 0x00, 
	0x00, 0x00, 0x00, 0x00, 0x00, 0x00, 0x00, 0x00, 0x00, 0x00, 0x00, 0x00, 0x00, 0x00, 0x00, 
	0x00, 0x00, 0x00, 0x00, 0x00, 0x00, 0x00, 0x00, 0x00, 0x00, 0x00, 0x00, 0x00, 0x00, 0x00, 
	0x00, 0x00, 0x00, 0x00, 0x00, 0x00, 0x00, 0x00, 0x00, 0x00, 0x00, 0x00, 0x00, 0x00, 0x00, 
	0x00, 0x00, 0x00, 0x00, 0x00, 0x00, 0x00, 0x00, 0x00, 0x00, 0x00, 0x00, 0x00, 0x00, 0x00, 
	0x55, 0x55, 0x66, 0x77, 0x76, 0x66, 0x67, 0x77, 0x78, 0x89, 0x99, 0xAA, 0xBB, 0xBB, 0xBB, 
	0xBB, 0xBB, 0xBB, 0xCC, 0xCC, 0xCC, 0xCC, 0xCC, 0xCB, 0xBB, 0xBA, 0xAA, 0xAA, 0xAB, 0xBB, 
	0xBB, 0xBB, 0xBB, 0xBB, 0xBB, 0xBB, 0xAB, 0xBB, 0xBC, 0xCC, 0xCC, 0xCD, 0xDD, 0xDD, 0xDD, 
	0xDD, 0xDD, 0xDD, 0xDD, 0xDD, 0xDD, 0xDD, 0xDD, 0xDD, 0xDD, 0xDD, 0xDD, 0xDD, 0xCC, 0xCC, 
	0xCD, 0xDD, 0xDD, 0xDD, 0xDD, 0xDD, 0xDD, 0xDD, 0xDC, 0xCC, 0xCC, 0xCC, 0xCC, 0xCC, 0xBB, 
	0xBB, 0xBB, 0xBB, 0xBB, 0xBB, 0xBA, 0xAA, 0x99, 0x98, 0x77, 0x77, 0x77, 0x77, 0x88, 0x88, 
	0x89, 0x99, 0xAA, 0x9A, 0xAA, 0xAA, 0xA9, 0x9A, 0x99, 0x99, 0x99, 0x99, 0x99, 0x99, 0x99, 
	0x99, 0x99, 0x99, 0x99, 0x99, 0x99, 0x88, 0x87, 0x66, 0x66, 0x67, 0x78, 0x88, 0x99, 0xAA, 
	0xAA, 0xAA, 0xAA, 0xBB, 0xBB, 0xBC, 0xCC, 0xCC, 0xCC, 0xCB, 0xBB, 0xBB, 0xBB, 0xBB, 0xBB, 
	0xBA, 0xAA, 0xAA, 0xAA, 0xAA, 0xAA, 0xA9, 0x99, 0x99, 0x99, 0x88, 0x88, 0x88, 0x88, 0x89, 
	0x99, 0x99, 0x99, 0x99, 0x99, 0x99, 0x99, 0x88, 0x88, 0x88, 0x88, 0x77, 0x76, 0x66, 0x66, 
	0x66, 0x66, 0x66, 0x66, 0x78, 0x88, 0x88, 0x88, 0x88, 0x88, 0x88, 0x88, 0x99, 0x99, 0x99, 
	0x99, 0x98, 0x89, 0x99, 0x99, 0x99, 0x99, 0x99, 0x99, 0x99, 0x99, 0x99, 0x99, 0x99, 0x99, 
	0x99, 0x99, 0x99, 0x99, 0x99, 0x99, 0x99, 0x99, 0x99, 0x99, 0x99, 0x99, 0x99, 0x99, 0x99, 
	0x00, 0x00, 0x00, 0x00, 0x00, 0x00, 0x00, 0x00, 0x00, 0x00, 0x00, 0x00, 0x00, 0x00, 0x00, 
	0x00, 0x00, 0x00, 0x00, 0x00, 0x00, 0x00, 0x00, 0x00, 0x00, 0x00, 0x00, 0x00, 0x00, 0x00, 
	0x00, 0x00, 0x00, 0x00, 0x00, 0x00, 0x00, 0x00, 0x00, 0x00, 0x00, 0x00, 0x00, 0x00, 0x00, 
	0x00, 0x00, 0x00, 0x00, 0x00, 0x00, 0x00, 0x00, 0x00, 0x00, 0x00, 0x00, 0x00, 0x00, 0x00, 
	0x00, 0x00, 0x00, 0x00, 0x00, 0x00, 0x00, 0x00, 0x00, 0x00, 0x00, 0x00, 0x00, 0x00, 0x00, 
	0x00, 0x00, 0x00, 0x00, 0x00, 0x00, 0x00, 0x00, 0x00, 0x00, 0x00, 0x00, 0x00, 0x00, 0x00, 
	0x55, 0x55, 0x67, 0x87, 0x75, 0x55, 0x66, 0x77, 0x78, 0x88, 0x89, 0xAA, 0xAB, 0xBB, 0xBC, 
	0xCC, 0xCC, 0xCC, 0xCC, 0xCC, 0xCC, 0xCC, 0xCB, 0xBB, 0xBA, 0xAA, 0x99, 0x99, 0x9A, 0xAA, 
	0xAA, 0xA9, 0x99, 0x99, 0x9A, 0xAA, 0xAA, 0xAA, 0xBB, 0xCC, 0xCC, 0xDD, 0xCC, 0xCC, 0xCD, 
	0xDD, 0xDD, 0xDD, 0xDD, 0xDD, 0xDD, 0xDD, 0xDD, 0xDD, 0xDD, 0xDD, 0xDD, 0xDD, 0xCC, 0xCC, 
	0xCC, 0xDD, 0xDD, 0xDD, 0xDD, 0xDD, 0xDD, 0xDD, 0xCC, 0xCC, 0xCC, 0xCC, 0xCB, 0xBB, 0xBB, 
	0xBB, 0xBB, 0xBB, 0xBA, 0xAA, 0xAA, 0xA9, 0x98, 0x87, 0x77, 0x76, 0x77, 0x78, 0x88, 0x99, 
	0x99, 0x99, 0xAA, 0xAA, 0xAA, 0xAA, 0xA9, 0x9A, 0x99, 0x99, 0x99, 0x99, 0x99, 0x99, 0x99, 
	0x99, 0x99, 0x99, 0x99, 0x99, 0x98, 0x88, 0x77, 0x66, 0x66, 0x67, 0x77, 0x88, 0x89, 0x99, 
	0xAA, 0xAA, 0xAA, 0xAA, 0xAB, 0xBC, 0xCC, 0xCC, 0xCC, 0xCB, 0xBB, 0xBB, 0xBB, 0xBB, 0xBB, 
	0xAA, 0xAA, 0xAA, 0xAA, 0xAA, 0xAA, 0x99, 0x99, 0x88, 0x89, 0x98, 0x88, 0x88, 0x88, 0x99, 
	0x99, 0x99, 0x99, 0x99, 0x99, 0x99, 0x99, 0x98, 0x88, 0x88, 0x88, 0x87, 0x76, 0x66, 0x66, 
	0x66, 0x66, 0x66, 0x66, 0x78, 0x88, 0x88, 0x88, 0x88, 0x88, 0x88, 0x99, 0x99, 0x99, 0x99, 
	0x99, 0x98, 0x89, 0x99, 0x99, 0x99, 0x99, 0x99, 0x99, 0x99, 0x99, 0x99, 0x99, 0x99, 0x99, 
	0x99, 0x99, 0x99, 0x99, 0x99, 0x99, 0x99, 0x99, 0x99, 0x99, 0x99, 0x99, 0x99, 0x99, 0x99, 
	0x00, 0x00, 0x00, 0x00, 0x00, 0x00, 0x00, 0x00, 0x00, 0x00, 0x00, 0x00, 0x00, 0x00, 0x00, 
	0x00, 0x00, 0x00, 0x00, 0x00, 0x00, 0x00, 0x00, 0x00, 0x00, 0x00, 0x00, 0x00, 0x00, 0x00, 
	0x00, 0x00, 0x00, 0x00, 0x00, 0x00, 0x00, 0x00, 0x00, 0x00, 0x00, 0x00, 0x00, 0x00, 0x00, 
	0x00, 0x00, 0x00, 0x00, 0x00, 0x00, 0x00, 0x00, 0x00, 0x00, 0x00, 0x00, 0x00, 0x00, 0x00, 
	0x00, 0x00, 0x00, 0x00, 0x00, 0x00, 0x00, 0x00, 0x00, 0x00, 0x00, 0x00, 0x00, 0x00, 0x00, 
	0x00, 0x00, 0x00, 0x00, 0x00, 0x00, 0x00, 0x00, 0x00, 0x00, 0x00, 0x00, 0x00, 0x00, 0x00, 
	0x55, 0x55, 0x67, 0x87, 0x64, 0x55, 0x56, 0x66, 0x77, 0x77, 0x88, 0x9A, 0xAB, 0xBB, 0xBB, 
	0xBC, 0xCC, 0xCC, 0xCC, 0xCC, 0xCC, 0xBB, 0xBB, 0xBA, 0xAA, 0xA9, 0x99, 0x99, 0xAA, 0xAA, 
	0xAA, 0x99, 0x99, 0x99, 0x99, 0x99, 0x99, 0xAA, 0xBC, 0xCC, 0xCD, 0xDC, 0xCC, 0xCC, 0xCD, 
	0xDD, 0xDD, 0xDD, 0xDD, 0xDD, 0xDD, 0xDD, 0xDD, 0xDD, 0xDD, 0xDD, 0xDD, 0xCC, 0xCC, 0xCC, 
	0xCC, 0xCD, 0xDD, 0xCC, 0xCC, 0xCC, 0xCC, 0xCC, 0xCC, 0xCC, 0xCC, 0xCC, 0xBB, 0xBB, 0xBB, 
	0xBB, 0xBB, 0xBB, 0xAA, 0xAA, 0xA9, 0x99, 0x88, 0x77, 0x66, 0x77, 0x78, 0x88, 0x99, 0x99, 
	0x99, 0x99, 0x9A, 0xAA, 0xAA, 0xAA, 0x99, 0x99, 0x99, 0x99, 0x99, 0x99, 0x99, 0x99, 0x99, 
	0x99, 0x99, 0x99, 0x99, 0x98, 0x88, 0x87, 0x76, 0x66, 0x66, 0x66, 0x77, 0x88, 0x89, 0x99, 
	0xAA, 0xAA, 0xAA, 0xAA, 0xAA, 0xAB, 0xBB, 0xCC, 0xCC, 0xBB, 0xBB, 0xBB, 0xBB, 0xBA, 0xAA, 
	0xAA, 0xAA, 0xAA, 0xAA, 0xAA, 0xAA, 0x99, 0x99, 0x88, 0x88, 0x88, 0x88, 0x88, 0x88, 0x89, 
	0x99, 0x99, 0x99, 0x99, 0x99, 0x99, 0x99, 0x98, 0x88, 0x88, 0x88, 0x87, 0x76, 0x76, 0x66, 
	0x66, 0x66, 0x66, 0x66, 0x78, 0x88, 0x88, 0x88, 0x88, 0x88, 0x88, 0x89, 0x99, 0x99, 0x99, 
	0x99, 0x88, 0x89, 0x99, 0x99, 0x99, 0x99, 0x99, 0x99, 0x99, 0x99, 0x99, 0x99, 0x99, 0x99, 
	0x99, 0x99, 0x99, 0x99, 0x99, 0x99, 0x99, 0x99, 0x99, 0x99, 0x99, 0x99, 0x99, 0x99, 0x99, 
	0x00, 0x00, 0x00, 0x00, 0x00, 0x00, 0x00, 0x00, 0x00, 0x00, 0x00, 0x00, 0x00, 0x00, 0x00, 
	0x00, 0x00, 0x00, 0x00, 0x00, 0x00, 0x00, 0x00, 0x00, 0x00, 0x00, 0x00, 0x00, 0x00, 0x00, 
	0x00, 0x00, 0x00, 0x00, 0x00, 0x00, 0x00, 0x00, 0x00, 0x00, 0x00, 0x00, 0x00, 0x00, 0x00, 
	0x00, 0x00, 0x00, 0x00, 0x00, 0x00, 0x00, 0x00, 0x00, 0x00, 0x00, 0x00, 0x00, 0x00, 0x00, 
	0x00, 0x00, 0x00, 0x00, 0x00, 0x00, 0x00, 0x00, 0x00, 0x00, 0x00, 0x00, 0x00, 0x00, 0x00, 
	0x00, 0x00, 0x00, 0x00, 0x00, 0x00, 0x00, 0x00, 0x00, 0x00, 0x00, 0x00, 0x00, 0x00, 0x00, 
	0x55, 0x56, 0x77, 0x76, 0x54, 0x45, 0x55, 0x66, 0x66, 0x67, 0x88, 0x99, 0xAA, 0xAB, 0xBB, 
	0xBB, 0xCC, 0xCC, 0xCC, 0xCC, 0xCB, 0xBB, 0xBB, 0xBA, 0xAA, 0xAA, 0xAA, 0x9A, 0xAA, 0xAA, 
	0x99, 0x99, 0x99, 0x99, 0x99, 0x99, 0x99, 0xAB, 0xCD, 0xCD, 0xDD, 0xCC, 0xCC, 0xCC, 0xCD, 
	0xDD, 0xDD, 0xDD, 0xDD, 0xDD, 0xDD, 0xDD, 0xDD, 0xDD, 0xDD, 0xDD, 0xCC, 0xCC, 0xCC, 0xCC, 
	0xCC, 0xCC, 0xCC, 0xCC, 0xCC, 0xCC, 0xCC, 0xCC, 0xCC, 0xCC, 0xCC, 0xCB, 0xBB, 0xBB, 0xBB, 
	0xBB, 0xBA, 0xAA, 0xAA, 0x99, 0x99, 0x98, 0x88, 0x77, 0x67, 0x77, 0x88, 0x99, 0x99, 0x99, 
	0x99, 0x99, 0x99, 0xAA, 0xAA, 0x99, 0x99, 0x99, 0x99, 0x99, 0x99, 0x99, 0x99, 0x99, 0x99, 
	0x99, 0x99, 0x99, 0x99, 0x88, 0x88, 0x77, 0x76, 0x66, 0x66, 0x66, 0x77, 0x78, 0x88, 0x99, 
	0x9A, 0xAA, 0xAA, 0xAA, 0xAA, 0xAA, 0xAA, 0xBB, 0xCC, 0xCB, 0xBB, 0xBB, 0xBB, 0xBA, 0xAA, 
	0xAA, 0xAA, 0xAA, 0xAA, 0x99, 0x99, 0x99, 0x98, 0x88, 0x88, 0x88, 0x88, 0x88, 0x88, 0x89, 
	0x99, 0x99, 0x99, 0x99, 0x99, 0x99, 0x99, 0x98, 0x88, 0x88, 0x88, 0x87, 0x77, 0x77, 0x66, 
	0x66, 0x66, 0x66, 0x66, 0x78, 0x88, 0x88, 0x88, 0x88, 0x88, 0x88, 0x89, 0x99, 0x99, 0x99, 
	0x99, 0x88, 0x99, 0x99, 0x99, 0x99, 0x99, 0x99, 0x99, 0x99, 0x99, 0x99, 0x99, 0x99, 0x99, 
	0x99, 0x99, 0x99, 0x99, 0x99, 0x99, 0x99, 0x99, 0x99, 0x99, 0x99, 0x99, 0x99, 0x99, 0x99, 
	0x00, 0x00, 0x00, 0x00, 0x00, 0x00, 0x00, 0x00, 0x00, 0x00, 0x00, 0x00, 0x00, 0x00, 0x00, 
	0x00, 0x00, 0x00, 0x00, 0x00, 0x00, 0x00, 0x00, 0x00, 0x00, 0x00, 0x00, 0x00, 0x00, 0x00, 
	0x00, 0x00, 0x00, 0x00, 0x00, 0x00, 0x00, 0x00, 0x00, 0x00, 0x00, 0x00, 0x00, 0x00, 0x00, 
	0x00, 0x00, 0x00, 0x00, 0x00, 0x00, 0x00, 0x00, 0x00, 0x00, 0x00, 0x00, 0x00, 0x00, 0x00, 
	0x00, 0x00, 0x00, 0x00, 0x00, 0x00, 0x00, 0x00, 0x00, 0x00, 0x00, 0x00, 0x00, 0x00, 0x00, 
	0x00, 0x00, 0x00, 0x00, 0x00, 0x00, 0x00, 0x00, 0x00, 0x00, 0x00, 0x00, 0x00, 0x00, 0x00, 
	0x55, 0x56, 0x67, 0x65, 0x55, 0x55, 0x55, 0x66, 0x66, 0x77, 0x78, 0x99, 0x9A, 0xAA, 0xAB, 
	0xBB, 0xBB, 0xCC, 0xCC, 0xCC, 0xCB, 0xBB, 0xBB, 0xBA, 0xAA, 0xAA, 0xAA, 0xAA, 0xAA, 0xAA, 
	0x99, 0x99, 0x99, 0x99, 0x99, 0x99, 0xAA, 0xBC, 0xDD, 0xDD, 0xDC, 0xCB, 0xBC, 0xCC, 0xCC, 
	0xCD, 0xDD, 0xDD, 0xDD, 0xDD, 0xDD, 0xDD, 0xDD, 0xDD, 0xCC, 0xCC, 0xCC, 0xCC, 0xCC, 0xCC, 
	0xCC, 0xCC, 0xCC, 0xCC, 0xCC, 0xCC, 0xCB, 0xBB, 0xBB, 0xBB, 0xBC, 0xBB, 0xBB, 0xBB, 0xBB, 
	0xBB, 0xAA, 0xAA, 0xA9, 0x99, 0x99, 0x88, 0x77, 0x77, 0x77, 0x88, 0x99, 0x99, 0x99, 0x99, 
	0x99, 0x99, 0x99, 0x99, 0x99, 0x99, 0x99, 0x99, 0x99, 0x99, 0x99, 0x99, 0x99, 0x99, 0x99, 
	0x99, 0x99, 0x99, 0x88, 0x88, 0x77, 0x77, 0x66, 0x66, 0x67, 0x77, 0x77, 0x77, 0x88, 0x99, 
	0x9A, 0xAA, 0xAA, 0xAA, 0xAA, 0xAA, 0xAA, 0xAA, 0xBB, 0xBB, 0xCC, 0xBB, 0xBB, 0xBB, 0xAA, 
	0xAA, 0xAA, 0x99, 0x99, 0x99, 0x99, 0x99, 0x98, 0x88, 0x88, 0x88, 0x88, 0x88, 0x88, 0x88, 
	0x99, 0x99, 0x99, 0x99, 0x99, 0x99, 0x99, 0x98, 0x88, 0x88, 0x87, 0x77, 0x77, 0x77, 0x66, 
	0x66, 0x66, 0x66, 0x66, 0x78, 0x88, 0x88, 0x88, 0x88, 0x88, 0x88, 0x99, 0x99, 0x99, 0x99, 
	0x98, 0x89, 0x99, 0x99, 0x99, 0x99, 0x99, 0x99, 0x99, 0x99, 0x99, 0x99, 0x99, 0x99, 0x99, 
	0x99, 0x99, 0x99, 0x99, 0x99, 0x99, 0x99, 0x99, 0x99, 0x99, 0x99, 0x99, 0x99, 0x99, 0x99, 
	0x00, 0x00, 0x00, 0x00, 0x00, 0x00, 0x00, 0x00, 0x00, 0x00, 0x00, 0x00, 0x00, 0x00, 0x00, 
	0x00, 0x00, 0x00, 0x00, 0x00, 0x00, 0x00, 0x00, 0x00, 0x00, 0x00, 0x00, 0x00, 0x00, 0x00, 
	0x00, 0x00, 0x00, 0x00, 0x00, 0x00, 0x00, 0x00, 0x00, 0x00, 0x00, 0x00, 0x00, 0x00, 0x00, 
	0x00, 0x00, 0x00, 0x00, 0x00, 0x00, 0x00, 0x00, 0x00, 0x00, 0x00, 0x00, 0x00, 0x00, 0x00, 
	0x00, 0x00, 0x00, 0x00, 0x00, 0x00, 0x00, 0x00, 0x00, 0x00, 0x00, 0x00, 0x00, 0x00, 0x00, 
	0x00, 0x00, 0x00, 0x00, 0x00, 0x00, 0x00, 0x00, 0x00, 0x00, 0x00, 0x00, 0x00, 0x00, 0x00, 
	0x55, 0x56, 0x66, 0x55, 0x55, 0x55, 0x55, 0x66, 0x77, 0x77, 0x78, 0x89, 0x9A, 0xAA, 0xAB, 
	0xBB, 0xBC, 0xCC, 0xCC, 0xCC, 0xCB, 0xBB, 0xBB, 0xBB, 0xAA, 0xAA, 0xAA, 0xAA, 0xAA, 0xAA, 
	0x99, 0x99, 0x99, 0x99, 0x99, 0x99, 0xAB, 0xCC, 0xCC, 0xDC, 0xCC, 0xBB, 0xBB, 0xCC, 0xCC, 
	0xCC, 0xCC, 0xCD, 0xDD, 0xDD, 0xDD, 0xDD, 0xDD, 0xDC, 0xCC, 0xCC, 0xCC, 0xCC, 0xCC, 0xCC, 
	0xCC, 0xCC, 0xCC, 0xCC, 0xCC, 0xCC, 0xCB, 0xBB, 0xBB, 0xBB, 0xBB, 0xBB, 0xBB, 0xBB, 0xBB, 
	0xBA, 0xAA, 0xAA, 0x99, 0x99, 0x98, 0x88, 0x77, 0x77, 0x78, 0x89, 0x99, 0x99, 0x99, 0x99, 
	0x99, 0x99, 0x99, 0x99, 0x99, 0x99, 0x99, 0x99, 0x99, 0x99, 0x99, 0x99, 0x99, 0x99, 0x99, 
	0x99, 0x99, 0x88, 0x88, 0x87, 0x77, 0x66, 0x66, 0x76, 0x77, 0x77, 0x77, 0x77, 0x88, 0x99, 
	0x9A, 0xAA, 0xAA, 0xAA, 0xAA, 0xAA, 0xAA, 0xAA, 0xAA, 0xBB, 0xBB, 0xBB, 0xBB, 0xBB, 0xAA, 
	0xAA, 0xAA, 0x99, 0x99, 0x99, 0x99, 0x99, 0x98, 0x88, 0x88, 0x88, 0x88, 0x88, 0x88, 0x88, 
	0x88, 0x99, 0x99, 0x99, 0x99, 0x99, 0x99, 0x98, 0x88, 0x88, 0x77, 0x77, 0x77, 0x77, 0x76, 
	0x66, 0x66, 0x66, 0x66, 0x78, 0x88, 0x88, 0x88, 0x88, 0x88, 0x88, 0x99, 0x99, 0x99, 0x99, 
	0x98, 0x89, 0x99, 0x99, 0x99, 0x99, 0x99, 0x99, 0x99, 0x99, 0x99, 0x99, 0x99, 0x99, 0x99, 
	0x99, 0x99, 0x99, 0x99, 0x99, 0x99, 0x99, 0x99, 0x99, 0x99, 0x99, 0x99, 0x99, 0x99, 0x99, 
	0x00, 0x00, 0x00, 0x00, 0x00, 0x00, 0x00, 0x00, 0x00, 0x00, 0x00, 0x00, 0x00, 0x00, 0x00, 
	0x00, 0x00, 0x00, 0x00, 0x00, 0x00, 0x00, 0x00, 0x00, 0x00, 0x00, 0x00, 0x00, 0x00, 0x00, 
	0x00, 0x00, 0x00, 0x00, 0x00, 0x00, 0x00, 0x00, 0x00, 0x00, 0x00, 0x00, 0x00, 0x00, 0x00, 
	0x00, 0x00, 0x00, 0x00, 0x00, 0x00, 0x00, 0x00, 0x00, 0x00, 0x00, 0x00, 0x00, 0x00, 0x00, 
	0x00, 0x00, 0x00, 0x00, 0x00, 0x00, 0x00, 0x00, 0x00, 0x00, 0x00, 0x00, 0x00, 0x00, 0x00, 
	0x00, 0x00, 0x00, 0x00, 0x00, 0x00, 0x00, 0x00, 0x00, 0x00, 0x00, 0x00, 0x00, 0x00, 0x00, 
	0x55, 0x55, 0x66, 0x55, 0x55, 0x55, 0x55, 0x66, 0x77, 0x77, 0x77, 0x88, 0x99, 0xAA, 0xBB, 
	0xBB, 0xCC, 0xCC, 0xCC, 0xCC, 0xCB, 0xBB, 0xBB, 0xBB, 0xAA, 0xAA, 0xAA, 0xAA, 0xAA, 0xAA, 
	0xAA, 0x9A, 0xAA, 0x99, 0x9A, 0xAA, 0xBC, 0xCC, 0xCD, 0xCC, 0xBB, 0xBB, 0xBB, 0xCC, 0xCC, 
	0xCC, 0xCC, 0xCD, 0xDD, 0xDD, 0xDD, 0xDD, 0xDD, 0xCC, 0xCC, 0xCC, 0xCC, 0xCC, 0xCC, 0xCC, 
	0xCC, 0xCC, 0xCC, 0xCC, 0xCC, 0xCC, 0xCC, 0xBB, 0xBC, 0xBB, 0xBB, 0xCB, 0xBB, 0xBB, 0xBB, 
	0xBA, 0xAA, 0xAA, 0x99, 0x99, 0x88, 0x77, 0x76, 0x77, 0x88, 0x99, 0x99, 0x99, 0x99, 0x99, 
	0x99, 0x99, 0x99, 0x99, 0x99, 0x99, 0x99, 0x99, 0x99, 0x99, 0x99, 0x99, 0x99, 0x99, 0x98, 
	0x88, 0x88, 0x88, 0x88, 0x77, 0x66, 0x66, 0x67, 0x77, 0x77, 0x77, 0x77, 0x77, 0x88, 0x89, 
	0x9A, 0xAA, 0xAA, 0xAA, 0x99, 0x9A, 0xAA, 0xAA, 0xAA, 0xAA, 0xAB, 0xBB, 0xBB, 0xBA, 0xAA, 
	0xAA, 0xA9, 0x99, 0x99, 0x99, 0x99, 0x99, 0x98, 0x88, 0x88, 0x88, 0x88, 0x88, 0x88, 0x88, 
	0x88, 0x88, 0x89, 0x99, 0x99, 0x99, 0x99, 0x98, 0x88, 0x87, 0x77, 0x77, 0x77, 0x77, 0x77, 
	0x66, 0x66, 0x66, 0x66, 0x78, 0x88, 0x88, 0x88, 0x88, 0x88, 0x89, 0x99, 0x99, 0x99, 0x99, 
	0x88, 0x89, 0x99, 0x99, 0x99, 0x99, 0x99, 0x99, 0x99, 0x99, 0x99, 0x99, 0x99, 0x99, 0x99, 
	0x99, 0x99, 0x99, 0x99, 0x99, 0x99, 0x99, 0x99, 0x99, 0x99, 0x99, 0x99, 0x99, 0x99, 0x99, 
	0x00, 0x00, 0x00, 0x00, 0x00, 0x00, 0x00, 0x00, 0x00, 0x00, 0x00, 0x00, 0x00, 0x00, 0x00, 
	0x00, 0x00, 0x00, 0x00, 0x00, 0x00, 0x00, 0x00, 0x00, 0x00, 0x00, 0x00, 0x00, 0x00, 0x00, 
	0x00, 0x00, 0x00, 0x00, 0x00, 0x00, 0x00, 0x00, 0x00, 0x00, 0x00, 0x00, 0x00, 0x00, 0x00, 
	0x00, 0x00, 0x00, 0x00, 0x00, 0x00, 0x00, 0x00, 0x00, 0x00, 0x00, 0x00, 0x00, 0x00, 0x00, 
	0x00, 0x00, 0x00, 0x00, 0x00, 0x00, 0x00, 0x00, 0x00, 0x00, 0x00, 0x00, 0x00, 0x00, 0x00, 
	0x00, 0x00, 0x00, 0x00, 0x00, 0x00, 0x00, 0x00, 0x00, 0x00, 0x00, 0x00, 0x00, 0x00, 0x00, 
	0x55, 0x56, 0x66, 0x66, 0x66, 0x55, 0x55, 0x67, 0x77, 0x77, 0x77, 0x78, 0x99, 0xAA, 0xBB, 
	0xBB, 0xCC, 0xCC, 0xCC, 0xCC, 0xCC, 0xBB, 0xBB, 0xBB, 0xBA, 0xAA, 0xAA, 0xAA, 0xAA, 0xAA, 
	0xAA, 0xAA, 0xAA, 0xAA, 0xAA, 0xAB, 0xCC, 0xDD, 0xCC, 0xCC, 0xBB, 0xBB, 0xBB, 0xBB, 0xCC, 
	0xCC, 0xCC, 0xCD, 0xDD, 0xDD, 0xDD, 0xCC, 0xCC, 0xCC, 0xCC, 0xCC, 0xCC, 0xCC, 0xCC, 0xCC, 
	0xCC, 0xCC, 0xCC, 0xCC, 0xCC, 0xCC, 0xCC, 0xCC, 0xCC, 0xCC, 0xBB, 0xBB, 0xBB, 0xBB, 0xBB, 
	0xBA, 0xAA, 0xA9, 0x99, 0x88, 0x87, 0x77, 0x76, 0x77, 0x89, 0x99, 0x99, 0x99, 0x99, 0x99, 
	0x99, 0x99, 0x99, 0x99, 0x99, 0x99, 0x99, 0x99, 0x99, 0x99, 0x99, 0x99, 0x99, 0x99, 0x88, 
	0x88, 0x88, 0x87, 0x77, 0x66, 0x66, 0x66, 0x67, 0x77, 0x77, 0x77, 0x77, 0x77, 0x88, 0x89, 
	0x99, 0x99, 0x9A, 0xAA, 0xA9, 0x99, 0xAA, 0xAA, 0xAA, 0xAA, 0xAA, 0xAA, 0xAA, 0xAA, 0xAA, 
	0xAA, 0xA9, 0x99, 0x99, 0x99, 0x99, 0x99, 0x98, 0x88, 0x88, 0x88, 0x88, 0x88, 0x88, 0x88, 
	0x88, 0x88, 0x89, 0x99, 0x99, 0x89, 0x99, 0x98, 0x88, 0x87, 0x77, 0x77, 0x77, 0x77, 0x77, 
	0x76, 0x66, 0x66, 0x66, 0x78, 0x88, 0x88, 0x88, 0x88, 0x88, 0x99, 0x99, 0x99, 0x99, 0x99, 
	0x88, 0x89, 0x99, 0x99, 0x99, 0x99, 0x99, 0x99, 0x99, 0x99, 0x99, 0x99, 0x99, 0x99, 0x99, 
	0x99, 0x99, 0x99, 0x99, 0x99, 0x99, 0x99, 0x99, 0x99, 0x99, 0x99, 0x99, 0x99, 0x99, 0x99, 
	0x00, 0x00, 0x00, 0x00, 0x00, 0x00, 0x00, 0x00, 0x00, 0x00, 0x00, 0x00, 0x00, 0x00, 0x00, 
	0x00, 0x00, 0x00, 0x00, 0x00, 0x00, 0x00, 0x00, 0x00, 0x00, 0x00, 0x00, 0x00, 0x00, 0x00, 
	0x00, 0x00, 0x00, 0x00, 0x00, 0x00, 0x00, 0x00, 0x00, 0x00, 0x00, 0x00, 0x00, 0x00, 0x00, 
	0x00, 0x00, 0x00, 0x00, 0x00, 0x00, 0x00, 0x00, 0x00, 0x00, 0x00, 0x00, 0x00, 0x00, 0x00, 
	0x00, 0x00, 0x00, 0x00, 0x00, 0x00, 0x00, 0x00, 0x00, 0x00, 0x00, 0x00, 0x00, 0x00, 0x00, 
	0x00, 0x00, 0x00, 0x00, 0x00, 0x00, 0x00, 0x00, 0x00, 0x00, 0x00, 0x00, 0x00, 0x00, 0x00, 
	0x55, 0x66, 0x66, 0x77, 0x65, 0x55, 0x56, 0x77, 0x77, 0x77, 0x78, 0x88, 0x99, 0xAA, 0xAB, 
	0xBB, 0xCC, 0xCC, 0xCB, 0xCC, 0xCC, 0xCC, 0xBB, 0xBB, 0xBB, 0xAA, 0xAA, 0xAA, 0xAA, 0xAA, 
	0xAA, 0xAA, 0xAA, 0xAA, 0xAB, 0xBC, 0xDC, 0xDC, 0xCB, 0xBB, 0xBB, 0xBB, 0xBB, 0xBB, 0xBB, 
	0xBC, 0xCC, 0xCC, 0xDD, 0xDD, 0xCC, 0xCC, 0xCC, 0xCC, 0xCC, 0xCC, 0xCC, 0xCC, 0xCC, 0xCC, 
	0xCC, 0xCC, 0xCC, 0xCC, 0xCC, 0xCC, 0xCC, 0xCC, 0xCC, 0xCC, 0xCC, 0xBB, 0xBB, 0xBB, 0xBB, 
	0xAA, 0xAA, 0xA9, 0x98, 0x88, 0x87, 0x77, 0x66, 0x77, 0x89, 0x99, 0x99, 0x99, 0x99, 0x99, 
	0x99, 0x99, 0x99, 0x99, 0x99, 0x99, 0x89, 0x99, 0x99, 0x99, 0x99, 0x99, 0x98, 0x88, 0x88, 
	0x88, 0x77, 0x76, 0x66, 0x66, 0x66, 0x66, 0x77, 0x77, 0x77, 0x77, 0x77, 0x77, 0x88, 0x89, 
	0x99, 0x99, 0x99, 0xAA, 0xAA, 0x99, 0x99, 0xAA, 0xAA, 0xAA, 0xAA, 0xAA, 0xAA, 0xAA, 0xAA, 
	0xAA, 0xA9, 0x99, 0x99, 0x99, 0x99, 0x88, 0x88, 0x88, 0x88, 0x88, 0x88, 0x88, 0x88, 0x88, 
	0x88, 0x88, 0x89, 0x99, 0x99, 0x99, 0x99, 0x98, 0x88, 0x87, 0x77, 0x77, 0x77, 0x77, 0x77, 
	0x76, 0x66, 0x66, 0x66, 0x78, 0x88, 0x88, 0x88, 0x88, 0x88, 0x99, 0x99, 0x99, 0x99, 0x88, 
	0x88, 0x89, 0x99, 0x99, 0x99, 0x99, 0x99, 0x99, 0x99, 0x99, 0x99, 0x99, 0x99, 0x99, 0x99, 
	0x99, 0x99, 0x99, 0x99, 0x99, 0x99, 0x99, 0x99, 0x99, 0x99, 0x99, 0x99, 0x99, 0x99, 0x99, 
	0x00, 0x00, 0x00, 0x00, 0x00, 0x00, 0x00, 0x00, 0x00, 0x00, 0x00, 0x00, 0x00, 0x00, 0x00, 
	0x00, 0x00, 0x00, 0x00, 0x00, 0x00, 0x00, 0x00, 0x00, 0x00, 0x00, 0x00, 0x00, 0x00, 0x00, 
	0x00, 0x00, 0x00, 0x00, 0x00, 0x00, 0x00, 0x00, 0x00, 0x00, 0x00, 0x00, 0x00, 0x00, 0x00, 
	0x00, 0x00, 0x00, 0x00, 0x00, 0x00, 0x00, 0x00, 0x00, 0x00, 0x00, 0x00, 0x00, 0x00, 0x00, 
	0x00, 0x00, 0x00, 0x00, 0x00, 0x00, 0x00, 0x00, 0x00, 0x00, 0x00, 0x00, 0x00, 0x00, 0x00, 
	0x00, 0x00, 0x00, 0x00, 0x00, 0x00, 0x00, 0x00, 0x00, 0x00, 0x00, 0x00, 0x00, 0x00, 0x00, 
	0x55, 0x56, 0x67, 0x77, 0x64, 0x44, 0x56, 0x67, 0x77, 0x77, 0x77, 0x78, 0x89, 0xAA, 0xBB, 
	0xBB, 0xCC, 0xCC, 0xCC, 0xCC, 0xCC, 0xCC, 0xCB, 0xBB, 0xBB, 0xAA, 0xAA, 0xAA, 0xAA, 0xAA, 
	0xAA, 0xAA, 0xAA, 0xAA, 0xBB, 0xCC, 0xCC, 0xCC, 0xBB, 0xBB, 0xAA, 0xBB, 0xBB, 0xBB, 0xBB, 
	0xBC, 0xCC, 0xCC, 0xCD, 0xDC, 0xCC, 0xCC, 0xCC, 0xCC, 0xCC, 0xCC, 0xCC, 0xCC, 0xCC, 0xCC, 
	0xCC, 0xCC, 0xCC, 0xCC, 0xCC, 0xCC, 0xCC, 0xCC, 0xCC, 0xCC, 0xCC, 0xBB, 0xBB, 0xBB, 0xBB, 
	0xAA, 0xAA, 0xA9, 0x98, 0x88, 0x77, 0x76, 0x66, 0x67, 0x99, 0x99, 0x99, 0x99, 0x99, 0x99, 
	0x99, 0x99, 0x99, 0x88, 0x88, 0x98, 0x89, 0x99, 0x99, 0x99, 0x99, 0x99, 0x88, 0x88, 0x88, 
	0x77, 0x76, 0x66, 0x66, 0x66, 0x66, 0x66, 0x77, 0x77, 0x66, 0x77, 0x77, 0x77, 0x88, 0x88, 
	0x99, 0x99, 0x99, 0x99, 0x99, 0x99, 0x99, 0x9A, 0xAA, 0xAA, 0xAA, 0xAA, 0xAA, 0xAA, 0xAA, 
	0xAA, 0xA9, 0x99, 0x99, 0x99, 0x99, 0x88, 0x88, 0x88, 0x88, 0x88, 0x88, 0x88, 0x88, 0x88, 
	0x88, 0x88, 0x88, 0x99, 0x99, 0x88, 0x88, 0x88, 0x88, 0x87, 0x77, 0x77, 0x77, 0x77, 0x77, 
	0x76, 0x66, 0x66, 0x66, 0x67, 0x88, 0x88, 0x88, 0x88, 0x88, 0x99, 0x99, 0x99, 0x98, 0x88, 
	0x89, 0x99, 0x99, 0x99, 0x99, 0x99, 0x99, 0x99, 0x99, 0x99, 0x99, 0x99, 0x99, 0x99, 0x99, 
	0x99, 0x99, 0x99, 0x99, 0x99, 0x99, 0x99, 0x99, 0x99, 0x99, 0x99, 0x99, 0x99, 0x99, 0x99, 
	0x00, 0x00, 0x00, 0x00, 0x00, 0x00, 0x00, 0x00, 0x00, 0x00, 0x00, 0x00, 0x00, 0x00, 0x00, 
	0x00, 0x00, 0x00, 0x00, 0x00, 0x00, 0x00, 0x00, 0x00, 0x00, 0x00, 0x00, 0x00, 0x00, 0x00, 
	0x00, 0x00, 0x00, 0x00, 0x00, 0x00, 0x00, 0x00, 0x00, 0x00, 0x00, 0x00, 0x00, 0x00, 0x00, 
	0x00, 0x00, 0x00, 0x00, 0x00, 0x00, 0x00, 0x00, 0x00, 0x00, 0x00, 0x00, 0x00, 0x00, 0x00, 
	0x00, 0x00, 0x00, 0x00, 0x00, 0x00, 0x00, 0x00, 0x00, 0x00, 0x00, 0x00, 0x00, 0x00, 0x00, 
	0x00, 0x00, 0x00, 0x00, 0x00, 0x00, 0x00, 0x00, 0x00, 0x00, 0x00, 0x00, 0x00, 0x00, 0x00, 
	0x55, 0x56, 0x77, 0x77, 0x54, 0x45, 0x56, 0x66, 0x77, 0x77, 0x78, 0x88, 0x89, 0x9A, 0xBB, 
	0xBB, 0xBB, 0xCC, 0xCC, 0xCC, 0xCC, 0xCC, 0xCC, 0xBB, 0xBB, 0xAA, 0xAA, 0xAA, 0xAA, 0xAA, 
	0xAA, 0xAA, 0xAA, 0xAB, 0xBB, 0xCD, 0xDC, 0xBB, 0xBB, 0xBB, 0xAA, 0xAB, 0xBB, 0xBB, 0xBB, 
	0xBC, 0xCC, 0xCC, 0xCC, 0xCC, 0xCC, 0xCC, 0xCC, 0xCC, 0xCC, 0xCC, 0xCC, 0xCC, 0xCC, 0xCC, 
	0xCC, 0xCC, 0xCC, 0xCC, 0xCC, 0xCC, 0xCC, 0xCC, 0xCC, 0xCC, 0xCC, 0xBB, 0xBB, 0xBB, 0xBB, 
	0xAA, 0xA9, 0x99, 0x88, 0x87, 0x76, 0x66, 0x55, 0x68, 0x89, 0x99, 0x99, 0x99, 0x99, 0x99, 
	0x99, 0x99, 0x99, 0x88, 0x89, 0x99, 0x99, 0x99, 0x99, 0x99, 0x88, 0x88, 0x88, 0x87, 0x77, 
	0x66, 0x55, 0x55, 0x56, 0x66, 0x66, 0x66, 0x66, 0x66, 0x66, 0x67, 0x77, 0x77, 0x88, 0x88, 
	0x99, 0x99, 0x99, 0x99, 0x99, 0x99, 0x99, 0x99, 0x9A, 0xAA, 0xAA, 0xAA, 0x9A, 0xAA, 0xAA, 
	0xAA, 0xAA, 0x99, 0x99, 0x98, 0x99, 0x88, 0x88, 0x88, 0x88, 0x88, 0x88, 0x88, 0x88, 0x88, 
	0x88, 0x88, 0x99, 0x88, 0x88, 0x88, 0x88, 0x88, 0x88, 0x87, 0x77, 0x77, 0x77, 0x66, 0x66, 
	0x66, 0x66, 0x66, 0x66, 0x67, 0x88, 0x88, 0x88, 0x88, 0x89, 0x99, 0x99, 0x99, 0x98, 0x88, 
	0x88, 0x99, 0x99, 0x99, 0x99, 0x99, 0x99, 0x99, 0x99, 0x99, 0x99, 0x99, 0x99, 0x99, 0x99, 
	0x99, 0x99, 0x99, 0x99, 0x99, 0x99, 0x99, 0x99, 0x99, 0x99, 0x99, 0x99, 0x99, 0x99, 0x99, 
	0x00, 0x00, 0x00, 0x00, 0x00, 0x00, 0x00, 0x00, 0x00, 0x00, 0x00, 0x00, 0x00, 0x00, 0x00, 
	0x00, 0x00, 0x00, 0x00, 0x00, 0x00, 0x00, 0x00, 0x00, 0x00, 0x00, 0x00, 0x00, 0x00, 0x00, 
	0x00, 0x00, 0x00, 0x00, 0x00, 0x00, 0x00, 0x00, 0x00, 0x00, 0x00, 0x00, 0x00, 0x00, 0x00, 
	0x00, 0x00, 0x00, 0x00, 0x00, 0x00, 0x00, 0x00, 0x00, 0x00, 0x00, 0x00, 0x00, 0x00, 0x00, 
	0x00, 0x00, 0x00, 0x00, 0x00, 0x00, 0x00, 0x00, 0x00, 0x00, 0x00, 0x00, 0x00, 0x00, 0x00, 
	0x00, 0x00, 0x00, 0x00, 0x00, 0x00, 0x00, 0x00, 0x00, 0x00, 0x00, 0x00, 0x00, 0x00, 0x00, 
	0x55, 0x56, 0x77, 0x76, 0x54, 0x44, 0x55, 0x66, 0x67, 0x77, 0x88, 0x88, 0x99, 0x9A, 0xBB, 
	0xBB, 0xBC, 0xCC, 0xCC, 0xCC, 0xCC, 0xCC, 0xCC, 0xBB, 0xBB, 0xBB, 0xAA, 0xAA, 0xAA, 0xAA, 
	0xAA, 0xAA, 0xAA, 0xBB, 0xCC, 0xDC, 0xCC, 0xBB, 0xBB, 0xBA, 0xAA, 0xBB, 0xBB, 0xBB, 0xBB, 
	0xCC, 0xCC, 0xCC, 0xCC, 0xCC, 0xCC, 0xCC, 0xCC, 0xCC, 0xCC, 0xCC, 0xCC, 0xCC, 0xCC, 0xCC, 
	0xCC, 0xCC, 0xCC, 0xCC, 0xCC, 0xCC, 0xCC, 0xCC, 0xCC, 0xCC, 0xCC, 0xBB, 0xBB, 0xBB, 0xBA, 
	0xAA, 0xAA, 0x99, 0x88, 0x87, 0x66, 0x65, 0x55, 0x57, 0x89, 0x99, 0x99, 0x99, 0x99, 0x99, 
	0x99, 0x99, 0x98, 0x88, 0x88, 0x88, 0x89, 0x99, 0x99, 0x98, 0x88, 0x88, 0x87, 0x76, 0x66, 
	0x55, 0x55, 0x55, 0x55, 0x66, 0x66, 0x66, 0x66, 0x66, 0x66, 0x67, 0x77, 0x77, 0x88, 0x88, 
	0x89, 0x99, 0x99, 0x99, 0x99, 0x99, 0x99, 0x99, 0x99, 0x99, 0xAA, 0xA9, 0x99, 0x99, 0x99, 
	0x99, 0xAA, 0xA9, 0x99, 0x99, 0x88, 0x88, 0x88, 0x88, 0x88, 0x88, 0x88, 0x88, 0x88, 0x88, 
	0x88, 0x88, 0x88, 0x88, 0x88, 0x88, 0x88, 0x88, 0x88, 0x87, 0x77, 0x77, 0x66, 0x66, 0x66, 
	0x66, 0x66, 0x66, 0x66, 0x67, 0x88, 0x88, 0x88, 0x89, 0x99, 0x99, 0x99, 0x99, 0x88, 0x88, 
	0x88, 0x89, 0x99, 0x99, 0x99, 0x99, 0x99, 0x99, 0x99, 0x99, 0x99, 0x99, 0x99, 0x99, 0x99, 
	0x99, 0x99, 0x99, 0x99, 0x99, 0x99, 0x99, 0x99, 0x99, 0x99, 0x99, 0x99, 0x99, 0x99, 0x99, 
	0x00, 0x00, 0x00, 0x00, 0x00, 0x00, 0x00, 0x00, 0x00, 0x00, 0x00, 0x00, 0x00, 0x00, 0x00, 
	0x00, 0x00, 0x00, 0x00, 0x00, 0x00, 0x00, 0x00, 0x00, 0x00, 0x00, 0x00, 0x00, 0x00, 0x00, 
	0x00, 0x00, 0x00, 0x00, 0x00, 0x00, 0x00, 0x00, 0x00, 0x00, 0x00, 0x00, 0x00, 0x00, 0x00, 
	0x00, 0x00, 0x00, 0x00, 0x00, 0x00, 0x00, 0x00, 0x00, 0x00, 0x00, 0x00, 0x00, 0x00, 0x00, 
	0x00, 0x00, 0x00, 0x00, 0x00, 0x00, 0x00, 0x00, 0x00, 0x00, 0x00, 0x00, 0x00, 0x00, 0x00, 
	0x00, 0x00, 0x00, 0x00, 0x00, 0x00, 0x00, 0x00, 0x00, 0x00, 0x00, 0x00, 0x00, 0x00, 0x00, 
	0x55, 0x56, 0x77, 0x76, 0x44, 0x44, 0x55, 0x66, 0x67, 0x78, 0x89, 0x99, 0x99, 0xAA, 0xAB, 
	0xBB, 0xCC, 0xCC, 0xCC, 0xCC, 0xCC, 0xCC, 0xCC, 0xBB, 0xBB, 0xBB, 0xAA, 0xAA, 0xAA, 0xAA, 
	0xAA, 0xAA, 0xAB, 0xBC, 0xCD, 0xDC, 0xCB, 0xBB, 0xBB, 0xAA, 0xAB, 0xBB, 0xBB, 0xBB, 0xBC, 
	0xCC, 0xCC, 0xCC, 0xCC, 0xCC, 0xCC, 0xCC, 0xCC, 0xCC, 0xCC, 0xCC, 0xCC, 0xCC, 0xCC, 0xCC, 
	0xCC, 0xCC, 0xCC, 0xCC, 0xCC, 0xCC, 0xCC, 0xCC, 0xCC, 0xCC, 0xCB, 0xBB, 0xBB, 0xBB, 0xBA, 
	0xAA, 0xAA, 0x99, 0x88, 0x77, 0x66, 0x65, 0x45, 0x56, 0x89, 0x89, 0x99, 0x99, 0x99, 0x99, 
	0x99, 0x99, 0x88, 0x89, 0x98, 0x88, 0x88, 0x88, 0x88, 0x88, 0x87, 0x77, 0x76, 0x65, 0x55, 
	0x55, 0x55, 0x55, 0x55, 0x66, 0x66, 0x66, 0x66, 0x66, 0x66, 0x66, 0x77, 0x77, 0x88, 0x88, 
	0x88, 0x99, 0x99, 0x99, 0x99, 0x99, 0x99, 0x99, 0x99, 0x99, 0x99, 0x99, 0x99, 0x99, 0x99, 
	0x99, 0x99, 0x99, 0x99, 0x99, 0x88, 0x88, 0x88, 0x88, 0x88, 0x88, 0x88, 0x88, 0x88, 0x88, 
	0x88, 0x88, 0x88, 0x88, 0x88, 0x88, 0x88, 0x88, 0x88, 0x87, 0x77, 0x77, 0x66, 0x66, 0x66, 
	0x66, 0x66, 0x66, 0x66, 0x67, 0x88, 0x88, 0x88, 0x99, 0x99, 0x99, 0x99, 0x98, 0x88, 0x88, 
	0x88, 0x89, 0x99, 0x99, 0x99, 0x99, 0x99, 0x99, 0x99, 0x99, 0x99, 0x99, 0x99, 0x99, 0x99, 
	0x99, 0x99, 0x99, 0x99, 0x99, 0x99, 0x99, 0x99, 0x99, 0x99, 0x99, 0x99, 0x99, 0x99, 0x99, 
	0x00, 0x00, 0x00, 0x00, 0x00, 0x00, 0x00, 0x00, 0x00, 0x00, 0x00, 0x00, 0x00, 0x00, 0x00, 
	0x00, 0x00, 0x00, 0x00, 0x00, 0x00, 0x00, 0x00, 0x00, 0x00, 0x00, 0x00, 0x00, 0x00, 0x00, 
	0x00, 0x00, 0x00, 0x00, 0x00, 0x00, 0x00, 0x00, 0x00, 0x00, 0x00, 0x00, 0x00, 0x00, 0x00, 
	0x00, 0x00, 0x00, 0x00, 0x00, 0x00, 0x00, 0x00, 0x00, 0x00, 0x00, 0x00, 0x00, 0x00, 0x00, 
	0x00, 0x00, 0x00, 0x00, 0x00, 0x00, 0x00, 0x00, 0x00, 0x00, 0x00, 0x00, 0x00, 0x00, 0x00, 
	0x00, 0x00, 0x00, 0x00, 0x00, 0x00, 0x00, 0x00, 0x00, 0x00, 0x00, 0x00, 0x00, 0x00, 0x00, 
	0x55, 0x56, 0x77, 0x76, 0x44, 0x44, 0x55, 0x56, 0x67, 0x88, 0x99, 0xAA, 0xAA, 0xAA, 0xBB, 
	0xBC, 0xCC, 0xCC, 0xCC, 0xCC, 0xCC, 0xCC, 0xCB, 0xBB, 0xBB, 0xBB, 0xBB, 0xAA, 0xAA, 0xAA, 
	0xAA, 0xAA, 0xBB, 0xCD, 0xDD, 0xCC, 0xBB, 0xBB, 0xBB, 0xBB, 0xBB, 0xBA, 0xBB, 0xBB, 0xCC, 
	0xCC, 0xCC, 0xCC, 0xCC, 0xCC, 0xCC, 0xCC, 0xCC, 0xCC, 0xCC, 0xCC, 0xCC, 0xCC, 0xCC, 0xCC, 
	0xCC, 0xCC, 0xCC, 0xCC, 0xCC, 0xCC, 0xCC, 0xCC, 0xCC, 0xCC, 0xBB, 0xBB, 0xBB, 0xAA, 0xAA, 
	0xAA, 0xA9, 0x98, 0x88, 0x77, 0x66, 0x65, 0x44, 0x45, 0x68, 0x88, 0x99, 0x88, 0x89, 0x99, 
	0x88, 0x88, 0x88, 0x88, 0x88, 0x88, 0x88, 0x88, 0x77, 0x77, 0x66, 0x66, 0x65, 0x55, 0x55, 
	0x55, 0x55, 0x55, 0x56, 0x66, 0x66, 0x66, 0x66, 0x66, 0x66, 0x67, 0x77, 0x77, 0x88, 0x88, 
	0x88, 0x89, 0x99, 0x99, 0x99, 0x99, 0x99, 0x99, 0x99, 0x99, 0x99, 0x99, 0x99, 0x99, 0x99, 
	0x99, 0x99, 0x98, 0x99, 0x98, 0x88, 0x88, 0x88, 0x88, 0x88, 0x88, 0x88, 0x88, 0x88, 0x88, 
	0x88, 0x88, 0x88, 0x88, 0x88, 0x88, 0x88, 0x88, 0x88, 0x87, 0x77, 0x77, 0x66, 0x66, 0x66, 
	0x66, 0x66, 0x66, 0x66, 0x77, 0x88, 0x88, 0x88, 0x99, 0x99, 0x99, 0x99, 0x88, 0x88, 0x88, 
	0x88, 0x88, 0x99, 0x99, 0x99, 0x99, 0x99, 0x99, 0x99, 0x99, 0x99, 0x99, 0x99, 0x99, 0x99, 
	0x99, 0x99, 0x99, 0x99, 0x99, 0x99, 0x99, 0x99, 0x99, 0x99, 0x99, 0x99, 0x99, 0x99, 0x99, 
	0x00, 0x00, 0x00, 0x00, 0x00, 0x00, 0x00, 0x00, 0x00, 0x00, 0x00, 0x00, 0x00, 0x00, 0x00, 
	0x00, 0x00, 0x00, 0x00, 0x00, 0x00, 0x00, 0x00, 0x00, 0x00, 0x00, 0x00, 0x00, 0x00, 0x00, 
	0x00, 0x00, 0x00, 0x00, 0x00, 0x00, 0x00, 0x00, 0x00, 0x00, 0x00, 0x00, 0x00, 0x00, 0x00, 
	0x00, 0x00, 0x00, 0x00, 0x00, 0x00, 0x00, 0x00, 0x00, 0x00, 0x00, 0x00, 0x00, 0x00, 0x00, 
	0x00, 0x00, 0x00, 0x00, 0x00, 0x00, 0x00, 0x00, 0x00, 0x00, 0x00, 0x00, 0x00, 0x00, 0x00, 
	0x00, 0x00, 0x00, 0x00, 0x00, 0x00, 0x00, 0x00, 0x00, 0x00, 0x00, 0x00, 0x00, 0x00, 0x00, 
	0x55, 0x67, 0x77, 0x65, 0x43, 0x44, 0x45, 0x56, 0x67, 0x88, 0x99, 0x99, 0xAA, 0xAB, 0xBB, 
	0xCC, 0xCC, 0xCC, 0xCC, 0xCC, 0xCC, 0xCC, 0xCC, 0xCB, 0xBB, 0xBB, 0xBB, 0xAA, 0xAA, 0xAA, 
	0xAA, 0xAB, 0xCC, 0xDD, 0xDC, 0xBB, 0xBB, 0xBB, 0xBB, 0xBB, 0xBB, 0xAA, 0xAB, 0xBB, 0xCC, 
	0xCC, 0xCC, 0xCC, 0xCC, 0xCC, 0xCC, 0xCC, 0xCC, 0xCC, 0xCC, 0xCC, 0xCC, 0xCC, 0xCC, 0xCC, 
	0xCC, 0xCC, 0xCC, 0xCC, 0xCC, 0xCC, 0xCC, 0xCC, 0xCC, 0xCC, 0xBB, 0xBB, 0xBB, 0xAA, 0xAA, 
	0xA9, 0x99, 0x98, 0x88, 0x77, 0x66, 0x55, 0x54, 0x44, 0x46, 0x78, 0x88, 0x88, 0x88, 0x88, 
	0x88, 0x88, 0x88, 0x88, 0x88, 0x87, 0x77, 0x76, 0x66, 0x65, 0x55, 0x55, 0x54, 0x44, 0x45, 
	0x55, 0x55, 0x55, 0x66, 0x66, 0x66, 0x66, 0x66, 0x66, 0x66, 0x77, 0x77, 0x78, 0x88, 0x88, 
	0x88, 0x89, 0x99, 0xA9, 0x99, 0x99, 0x99, 0x99, 0x99, 0x99, 0x99, 0x99, 0x99, 0x99, 0x99, 
	0x99, 0x99, 0x99, 0x99, 0x98, 0x88, 0x88, 0x88, 0x88, 0x88, 0x88, 0x88, 0x88, 0x88, 0x88, 
	0x88, 0x88, 0x88, 0x88, 0x88, 0x88, 0x87, 0x77, 0x88, 0x87, 0x77, 0x76, 0x66, 0x66, 0x66, 
	0x66, 0x66, 0x66, 0x66, 0x78, 0x88, 0x88, 0x89, 0x99, 0x99, 0x99, 0x99, 0x88, 0x88, 0x88, 
	0x88, 0x88, 0x89, 0x99, 0x99, 0x99, 0x99, 0x99, 0x99, 0x99, 0x99, 0x99, 0x99, 0x99, 0x99, 
	0x99, 0x99, 0x99, 0x99, 0x99, 0x99, 0x99, 0x99, 0x99, 0x99, 0x99, 0x99, 0x99, 0x99, 0x99, 
	0x00, 0x00, 0x00, 0x00, 0x00, 0x00, 0x00, 0x00, 0x00, 0x00, 0x00, 0x00, 0x00, 0x00, 0x00, 
	0x00, 0x00, 0x00, 0x00, 0x00, 0x00, 0x00, 0x00, 0x00, 0x00, 0x00, 0x00, 0x00, 0x00, 0x00, 
	0x00, 0x00, 0x00, 0x00, 0x00, 0x00, 0x00, 0x00, 0x00, 0x00, 0x00, 0x00, 0x00, 0x00, 0x00, 
	0x00, 0x00, 0x00, 0x00, 0x00, 0x00, 0x00, 0x00, 0x00, 0x00, 0x00, 0x00, 0x00, 0x00, 0x00, 
	0x00, 0x00, 0x00, 0x00, 0x00, 0x00, 0x00, 0x00, 0x00, 0x00, 0x00, 0x00, 0x00, 0x00, 0x00, 
	0x00, 0x00, 0x00, 0x00, 0x00, 0x00, 0x00, 0x00, 0x00, 0x00, 0x00, 0x00, 0x00, 0x00, 0x00, 
	0x55, 0x67, 0x77, 0x65, 0x44, 0x44, 0x45, 0x56, 0x67, 0x78, 0x88, 0x99, 0xAA, 0xBB, 0xBB, 
	0xCC, 0xCC, 0xCD, 0xCC, 0xCC, 0xCC, 0xCC, 0xCC, 0xCB, 0xBB, 0xBB, 0xBB, 0xBA, 0xAA, 0xAA, 
	0xBB, 0xBC, 0xCD, 0xDD, 0xDC, 0xBB, 0xBB, 0xBB, 0xBB, 0xBB, 0xAA, 0xAA, 0xBB, 0xBC, 0xCC, 
	0xCC, 0xCC, 0xCC, 0xCC, 0xCC, 0xCC, 0xCC, 0xCC, 0xCC, 0xCC, 0xCC, 0xCC, 0xCC, 0xCC, 0xCC, 
	0xCC, 0xCC, 0xCC, 0xCC, 0xCC, 0xCC, 0xCD, 0xDC, 0xCC, 0xCC, 0xBB, 0xBB, 0xBB, 0xAA, 0xAA, 
	0xA9, 0x99, 0x98, 0x88, 0x77, 0x65, 0x55, 0x55, 0x44, 0x44, 0x55, 0x67, 0x77, 0x88, 0x88, 
	0x88, 0x88, 0x88, 0x77, 0x77, 0x66, 0x66, 0x65, 0x55, 0x55, 0x55, 0x45, 0x54, 0x44, 0x55, 
	0x55, 0x55, 0x66, 0x66, 0x66, 0x66, 0x66, 0x66, 0x66, 0x67, 0x77, 0x77, 0x78, 0x88, 0x88, 
	0x88, 0x89, 0x99, 0x9A, 0x99, 0x99, 0x99, 0x99, 0x99, 0x99, 0x99, 0x99, 0x99, 0x99, 0x99, 
	0x99, 0x99, 0x99, 0x98, 0x88, 0x88, 0x88, 0x88, 0x88, 0x78, 0x88, 0x88, 0x88, 0x88, 0x88, 
	0x88, 0x88, 0x88, 0x88, 0x88, 0x88, 0x77, 0x77, 0x88, 0x88, 0x77, 0x66, 0x66, 0x66, 0x66, 
	0x66, 0x66, 0x66, 0x67, 0x78, 0x88, 0x88, 0x89, 0x99, 0xA9, 0x99, 0x98, 0x88, 0x88, 0x88, 
	0x88, 0x88, 0x88, 0x99, 0x99, 0x99, 0x99, 0x99, 0x99, 0x99, 0x99, 0x99, 0x99, 0x99, 0x99, 
	0x99, 0x99, 0x99, 0x99, 0x99, 0x99, 0x99, 0x99, 0x99, 0x99, 0x99, 0x99, 0x99, 0x99, 0x99, 
	0x00, 0x00, 0x00, 0x00, 0x00, 0x00, 0x00, 0x00, 0x00, 0x00, 0x00, 0x00, 0x00, 0x00, 0x00, 
	0x00, 0x00, 0x00, 0x00, 0x00, 0x00, 0x00, 0x00, 0x00, 0x00, 0x00, 0x00, 0x00, 0x00, 0x00, 
	0x00, 0x00, 0x00, 0x00, 0x00, 0x00, 0x00, 0x00, 0x00, 0x00, 0x00, 0x00, 0x00, 0x00, 0x00, 
	0x00, 0x00, 0x00, 0x00, 0x00, 0x00, 0x00, 0x00, 0x00, 0x00, 0x00, 0x00, 0x00, 0x00, 0x00, 
	0x00, 0x00, 0x00, 0x00, 0x00, 0x00, 0x00, 0x00, 0x00, 0x00, 0x00, 0x00, 0x00, 0x00, 0x00, 
	0x00, 0x00, 0x00, 0x00, 0x00, 0x00, 0x00, 0x00, 0x00, 0x00, 0x00, 0x00, 0x00, 0x00, 0x00, 
	0x56, 0x67, 0x77, 0x65, 0x55, 0x54, 0x45, 0x55, 0x66, 0x77, 0x88, 0x99, 0xAA, 0xBB, 0xBB, 
	0xCC, 0xCC, 0xCC, 0xCC, 0xCC, 0xCC, 0xCC, 0xCC, 0xCB, 0xBB, 0xBB, 0xBB, 0xBB, 0xBB, 0xBB, 
	0xBC, 0xCC, 0xDD, 0xDC, 0xCB, 0xBB, 0xBB, 0xBB, 0xBB, 0xAA, 0xAA, 0xAB, 0xBB, 0xCC, 0xCC, 
	0xCC, 0xCC, 0xCC, 0xCC, 0xCC, 0xCC, 0xCC, 0xCC, 0xCC, 0xCC, 0xCC, 0xCC, 0xCC, 0xCC, 0xCC, 
	0xCC, 0xCC, 0xCC, 0xCC, 0xCC, 0xCC, 0xCD, 0xCC, 0xCB, 0xCC, 0xCC, 0xBB, 0xBA, 0xAA, 0xAA, 
	0xA9, 0x99, 0x88, 0x88, 0x77, 0x65, 0x55, 0x55, 0x45, 0x44, 0x44, 0x44, 0x45, 0x55, 0x66, 
	0x77, 0x77, 0x66, 0x66, 0x65, 0x55, 0x55, 0x55, 0x55, 0x44, 0x44, 0x44, 0x54, 0x55, 0x55, 
	0x55, 0x56, 0x66, 0x66, 0x66, 0x66, 0x66, 0x66, 0x66, 0x77, 0x77, 0x77, 0x78, 0x88, 0x88, 
	0x88, 0x89, 0x99, 0x99, 0xA9, 0x99, 0x99, 0x99, 0x99, 0x99, 0x99, 0x99, 0x99, 0x99, 0x99, 
	0x99, 0x99, 0x99, 0x88, 0x88, 0x88, 0x88, 0x88, 0x88, 0x88, 0x88, 0x88, 0x88, 0x88, 0x88, 
	0x88, 0x88, 0x88, 0x88, 0x88, 0x88, 0x77, 0x77, 0x77, 0x87, 0x77, 0x66, 0x66, 0x66, 0x66, 
	0x66, 0x66, 0x66, 0x66, 0x78, 0x88, 0x88, 0x89, 0x9A, 0xAA, 0x99, 0x88, 0x88, 0x88, 0x88, 
	0x88, 0x88, 0x88, 0x99, 0x99, 0x99, 0x99, 0x99, 0x99, 0x99, 0x99, 0x99, 0x99, 0x99, 0x99, 
	0x99, 0x99, 0x99, 0x99, 0x99, 0x99, 0x99, 0x99, 0x99, 0x99, 0x99, 0x99, 0x99, 0x99, 0x99, 
	0x00, 0x00, 0x00, 0x00, 0x00, 0x00, 0x00, 0x00, 0x00, 0x00, 0x00, 0x00, 0x00, 0x00, 0x00, 
	0x00, 0x00, 0x00, 0x00, 0x00, 0x00, 0x00, 0x00, 0x00, 0x00, 0x00, 0x00, 0x00, 0x00, 0x00, 
	0x00, 0x00, 0x00, 0x00, 0x00, 0x00, 0x00, 0x00, 0x00, 0x00, 0x00, 0x00, 0x00, 0x00, 0x00, 
	0x00, 0x00, 0x00, 0x00, 0x00, 0x00, 0x00, 0x00, 0x00, 0x00, 0x00, 0x00, 0x00, 0x00, 0x00, 
	0x00, 0x00, 0x00, 0x00, 0x00, 0x00, 0x00, 0x00, 0x00, 0x00, 0x00, 0x00, 0x00, 0x00, 0x00, 
	0x00, 0x00, 0x00, 0x00, 0x00, 0x00, 0x00, 0x00, 0x00, 0x00, 0x00, 0x00, 0x00, 0x00, 0x00, 
	0x56, 0x67, 0x77, 0x66, 0x56, 0x54, 0x44, 0x45, 0x66, 0x77, 0x88, 0x89, 0xAA, 0xAB, 0xBB, 
	0xCC, 0xCC, 0xCC, 0xCC, 0xCC, 0xCC, 0xCC, 0xCC, 0xCC, 0xBB, 0xBB, 0xBB, 0xBB, 0xBB, 0xBB, 
	0xCC, 0xCD, 0xDD, 0xCC, 0xBB, 0xBB, 0xBB, 0xBB, 0xBB, 0xAA, 0xAA, 0xBB, 0xBC, 0xCC, 0xCC, 
	0xBC, 0xCC, 0xCC, 0xCC, 0xCC, 0xCC, 0xCC, 0xCC, 0xCC, 0xCC, 0xCC, 0xCC, 0xCC, 0xCC, 0xCC, 
	0xCC, 0xCC, 0xCC, 0xCC, 0xCC, 0xCC, 0xCC, 0xCC, 0xBB, 0xBB, 0xBC, 0xBB, 0xAA, 0xAA, 0xAA, 
	0xAA, 0xA9, 0x88, 0x88, 0x77, 0x65, 0x55, 0x55, 0x54, 0x44, 0x44, 0x44, 0x44, 0x33, 0x45, 
	0x56, 0x66, 0x65, 0x55, 0x55, 0x55, 0x54, 0x44, 0x44, 0x44, 0x55, 0x45, 0x55, 0x55, 0x55, 
	0x55, 0x66, 0x65, 0x55, 0x66, 0x66, 0x66, 0x66, 0x66, 0x77, 0x77, 0x78, 0x88, 0x88, 0x88, 
	0x99, 0x99, 0x99, 0x99, 0xAA, 0xA9, 0x99, 0x99, 0x99, 0x99, 0x99, 0x99, 0x99, 0x99, 0x99, 
	0x99, 0x99, 0x99, 0x88, 0x88, 0x88, 0x88, 0x88, 0x88, 0x88, 0x88, 0x88, 0x88, 0x88, 0x88, 
	0x88, 0x88, 0x88, 0x88, 0x88, 0x88, 0x87, 0x77, 0x77, 0x77, 0x77, 0x76, 0x66, 0x66, 0x66, 
	0x66, 0x66, 0x66, 0x66, 0x78, 0x88, 0x88, 0x99, 0xAB, 0xBB, 0x99, 0x88, 0x88, 0x88, 0x88, 
	0x88, 0x88, 0x89, 0x99, 0x99, 0x99, 0x99, 0x99, 0x99, 0x99, 0x99, 0x99, 0x99, 0x99, 0x99, 
	0x99, 0x99, 0x99, 0x99, 0x99, 0x99, 0x99, 0x99, 0x99, 0x99, 0x99, 0x99, 0x99, 0x99, 0x99, 
	0x00, 0x00, 0x00, 0x00, 0x00, 0x00, 0x00, 0x00, 0x00, 0x00, 0x00, 0x00, 0x00, 0x00, 0x00, 
	0x00, 0x00, 0x00, 0x00, 0x00, 0x00, 0x00, 0x00, 0x00, 0x00, 0x00, 0x00, 0x00, 0x00, 0x00, 
	0x00, 0x00, 0x00, 0x00, 0x00, 0x00, 0x00, 0x00, 0x00, 0x00, 0x00, 0x00, 0x00, 0x00, 0x00, 
	0x00, 0x00, 0x00, 0x00, 0x00, 0x00, 0x00, 0x00, 0x00, 0x00, 0x00, 0x00, 0x00, 0x00, 0x00, 
	0x00, 0x00, 0x00, 0x00, 0x00, 0x00, 0x00, 0x00, 0x00, 0x00, 0x00, 0x00, 0x00, 0x00, 0x00, 
	0x00, 0x00, 0x00, 0x00, 0x00, 0x00, 0x00, 0x00, 0x00, 0x00, 0x00, 0x00, 0x00, 0x00, 0x00, 
	0x55, 0x77, 0x77, 0x66, 0x76, 0x55, 0x44, 0x45, 0x66, 0x67, 0x78, 0x88, 0x99, 0xAA, 0xAB, 
	0xCC, 0xCC, 0xCC, 0xCC, 0xCC, 0xCC, 0xCC, 0xCC, 0xCC, 0xCC, 0xCC, 0xBB, 0xBB, 0xBB, 0xBC, 
	0xCC, 0xDD, 0xCC, 0xCB, 0xCC, 0xBB, 0xBB, 0xBB, 0xAA, 0xAA, 0xAB, 0xBC, 0xCC, 0xCB, 0xBB, 
	0xBB, 0xCC, 0xCC, 0xCC, 0xCC, 0xCC, 0xCC, 0xCC, 0xCC, 0xCC, 0xCC, 0xCC, 0xCC, 0xCC, 0xCC, 
	0xCC, 0xCC, 0xCC, 0xCC, 0xCC, 0xCC, 0xCC, 0xCC, 0xBC, 0xCB, 0xBB, 0xBA, 0xAA, 0xAA, 0xAA, 
	0xAA, 0x99, 0x88, 0x88, 0x76, 0x65, 0x55, 0x56, 0x55, 0x55, 0x44, 0x44, 0x44, 0x45, 0x44, 
	0x44, 0x56, 0x66, 0x55, 0x55, 0x54, 0x44, 0x44, 0x45, 0x55, 0x55, 0x55, 0x55, 0x55, 0x55, 
	0x55, 0x66, 0x66, 0x55, 0x56, 0x66, 0x66, 0x66, 0x67, 0x77, 0x77, 0x88, 0x88, 0x88, 0x99, 
	0x99, 0x99, 0x99, 0x99, 0x99, 0x99, 0x99, 0x99, 0x99, 0x99, 0x99, 0x99, 0x99, 0x99, 0x99, 
	0x99, 0x99, 0x99, 0x88, 0x88, 0x88, 0x88, 0x88, 0x87, 0x78, 0x88, 0x88, 0x88, 0x88, 0x88, 
	0x88, 0x88, 0x88, 0x88, 0x88, 0x87, 0x77, 0x77, 0x77, 0x77, 0x77, 0x76, 0x66, 0x66, 0x66, 
	0x66, 0x66, 0x65, 0x66, 0x78, 0x88, 0x88, 0x99, 0xAB, 0xCB, 0xA8, 0x88, 0x88, 0x88, 0x88, 
	0x88, 0x88, 0x99, 0x99, 0x99, 0x99, 0x99, 0x99, 0x99, 0x99, 0x99, 0x99, 0x99, 0x99, 0x99, 
	0x99, 0x99, 0x99, 0x99, 0x99, 0x99, 0x99, 0x99, 0x99, 0x99, 0x99, 0x99, 0x99, 0x99, 0x9A, 
	0x00, 0x00, 0x00, 0x00, 0x00, 0x00, 0x00, 0x00, 0x00, 0x00, 0x00, 0x00, 0x00, 0x00, 0x00, 
	0x00, 0x00, 0x00, 0x00, 0x00, 0x00, 0x00, 0x00, 0x00, 0x00, 0x00, 0x00, 0x00, 0x00, 0x00, 
	0x00, 0x00, 0x00, 0x00, 0x00, 0x00, 0x00, 0x00, 0x00, 0x00, 0x00, 0x00, 0x00, 0x00, 0x00, 
	0x00, 0x00, 0x00, 0x00, 0x00, 0x00, 0x00, 0x00, 0x00, 0x00, 0x00, 0x00, 0x00, 0x00, 0x00, 
	0x00, 0x00, 0x00, 0x00, 0x00, 0x00, 0x00, 0x00, 0x00, 0x00, 0x00, 0x00, 0x00, 0x00, 0x00, 
	0x00, 0x00, 0x00, 0x00, 0x00, 0x00, 0x00, 0x00, 0x00, 0x00, 0x00, 0x00, 0x00, 0x00, 0x00, 
	0x55, 0x77, 0x77, 0x77, 0x77, 0x64, 0x44, 0x55, 0x66, 0x66, 0x67, 0x78, 0x89, 0x9A, 0xAB, 
	0xBB, 0xBC, 0xCC, 0xCC, 0xCC, 0xCC, 0xCC, 0xCC, 0xCC, 0xCC, 0xCC, 0xBB, 0xBB, 0xBB, 0xCC, 
	0xDD, 0xCC, 0xCC, 0xCC, 0xBB, 0xBB, 0xBB, 0xBB, 0xBB, 0xAA, 0xBB, 0xBC, 0xCC, 0xCB, 0xBB, 
	0xBB, 0xCC, 0xCC, 0xCC, 0xCC, 0xCC, 0xCC, 0xCC, 0xCC, 0xCC, 0xCC, 0xCC, 0xCC, 0xCC, 0xCC, 
	0xCC, 0xCC, 0xCC, 0xCC, 0xCC, 0xCC, 0xCC, 0xBB, 0xBB, 0xBB, 0xBB, 0xBA, 0xAA, 0xAA, 0xAA, 
	0xAA, 0x99, 0x88, 0x88, 0x77, 0x65, 0x55, 0x56, 0x55, 0x55, 0x44, 0x44, 0x44, 0x55, 0x55, 
	0x44, 0x45, 0x56, 0x65, 0x55, 0x55, 0x44, 0x44, 0x45, 0x55, 0x55, 0x55, 0x55, 0x55, 0x56, 
	0x65, 0x55, 0x55, 0x55, 0x66, 0x66, 0x66, 0x66, 0x67, 0x77, 0x78, 0x88, 0x88, 0x89, 0x99, 
	0x99, 0x99, 0x99, 0x99, 0x99, 0xAA, 0x99, 0x99, 0x99, 0x99, 0x99, 0x99, 0x99, 0x98, 0x88, 
	0x99, 0x99, 0x99, 0x88, 0x88, 0x88, 0x88, 0x88, 0x88, 0x78, 0x88, 0x88, 0x88, 0x88, 0x88, 
	0x88, 0x88, 0x88, 0x88, 0x88, 0x87, 0x77, 0x77, 0x77, 0x77, 0x77, 0x76, 0x66, 0x66, 0x66, 
	0x66, 0x65, 0x65, 0x66, 0x78, 0x88, 0x88, 0x99, 0xAC, 0xCB, 0x98, 0x88, 0x88, 0x88, 0x88, 
	0x88, 0x88, 0x99, 0x99, 0x99, 0x99, 0x99, 0x99, 0x99, 0x99, 0x99, 0x99, 0x99, 0x99, 0x99, 
	0x99, 0x99, 0x99, 0x99, 0x99, 0x99, 0x99, 0x99, 0x99, 0x99, 0x99, 0x99, 0x99, 0x99, 0x9A, 
	0x00, 0x00, 0x00, 0x00, 0x00, 0x00, 0x00, 0x00, 0x00, 0x00, 0x00, 0x00, 0x00, 0x00, 0x00, 
	0x00, 0x00, 0x00, 0x00, 0x00, 0x00, 0x00, 0x00, 0x00, 0x00, 0x00, 0x00, 0x00, 0x00, 0x00, 
	0x00, 0x00, 0x00, 0x00, 0x00, 0x00, 0x00, 0x00, 0x00, 0x00, 0x00, 0x00, 0x00, 0x00, 0x00, 
	0x00, 0x00, 0x00, 0x00, 0x00, 0x00, 0x00, 0x00, 0x00, 0x00, 0x00, 0x00, 0x00, 0x00, 0x00, 
	0x00, 0x00, 0x00, 0x00, 0x00, 0x00, 0x00, 0x00, 0x00, 0x00, 0x00, 0x00, 0x00, 0x00, 0x00, 
	0x00, 0x00, 0x00, 0x00, 0x00, 0x00, 0x00, 0x00, 0x00, 0x00, 0x00, 0x00, 0x00, 0x00, 0x00, 
	0x56, 0x77, 0x77, 0x88, 0x87, 0x64, 0x45, 0x55, 0x55, 0x55, 0x56, 0x67, 0x78, 0x99, 0xAA, 
	0xAB, 0xBC, 0xCC, 0xCC, 0xCC, 0xCC, 0xCC, 0xCC, 0xCC, 0xCC, 0xCC, 0xBB, 0xBB, 0xCC, 0xCD, 
	0xDD, 0xCC, 0xCC, 0xCC, 0xBB, 0xBB, 0xAA, 0xBB, 0xBB, 0xAB, 0xBB, 0xCC, 0xCB, 0xCB, 0xBB, 
	0xBB, 0xCC, 0xCC, 0xCC, 0xCC, 0xCC, 0xCC, 0xCB, 0xCC, 0xCC, 0xCC, 0xCC, 0xCC, 0xCC, 0xCC, 
	0xCC, 0xCC, 0xCC, 0xCC, 0xCC, 0xCC, 0xCC, 0xBB, 0xBB, 0xBB, 0xBB, 0xBA, 0xAA, 0xAA, 0xAA, 
	0xAA, 0x99, 0x88, 0x88, 0x77, 0x65, 0x55, 0x56, 0x65, 0x55, 0x54, 0x44, 0x44, 0x66, 0x65, 
	0x55, 0x44, 0x55, 0x66, 0x65, 0x55, 0x44, 0x55, 0x55, 0x55, 0x55, 0x55, 0x55, 0x55, 0x55, 
	0x55, 0x56, 0x55, 0x56, 0x66, 0x66, 0x66, 0x66, 0x77, 0x77, 0x88, 0x88, 0x89, 0x99, 0x99, 
	0x99, 0x99, 0x99, 0x99, 0x99, 0xAA, 0xAA, 0x99, 0x99, 0x99, 0x99, 0x99, 0x99, 0x99, 0x88, 
	0x88, 0x88, 0x88, 0x88, 0x88, 0x88, 0x88, 0x88, 0x87, 0x77, 0x78, 0x88, 0x88, 0x88, 0x88, 
	0x88, 0x88, 0x88, 0x88, 0x77, 0x77, 0x77, 0x77, 0x77, 0x77, 0x77, 0x76, 0x66, 0x66, 0x66, 
	0x66, 0x65, 0x55, 0x66, 0x68, 0x88, 0x88, 0x99, 0xBC, 0xCB, 0x98, 0x88, 0x88, 0x88, 0x88, 
	0x88, 0x88, 0x99, 0x99, 0x99, 0x99, 0x99, 0x99, 0x99, 0x99, 0x99, 0x99, 0x99, 0x99, 0x99, 
	0x99, 0x99, 0x99, 0x99, 0x99, 0x99, 0x99, 0x99, 0x99, 0x99, 0x99, 0x99, 0x99, 0x9A, 0xAA, 
	0x00, 0x00, 0x00, 0x00, 0x00, 0x00, 0x00, 0x00, 0x00, 0x00, 0x00, 0x00, 0x00, 0x00, 0x00, 
	0x00, 0x00, 0x00, 0x00, 0x00, 0x00, 0x00, 0x00, 0x00, 0x00, 0x00, 0x00, 0x00, 0x00, 0x00, 
	0x00, 0x00, 0x00, 0x00, 0x00, 0x00, 0x00, 0x00, 0x00, 0x00, 0x00, 0x00, 0x00, 0x00, 0x00, 
	0x00, 0x00, 0x00, 0x00, 0x00, 0x00, 0x00, 0x00, 0x00, 0x00, 0x00, 0x00, 0x00, 0x00, 0x00, 
	0x00, 0x00, 0x00, 0x00, 0x00, 0x00, 0x00, 0x00, 0x00, 0x00, 0x00, 0x00, 0x00, 0x00, 0x00, 
	0x00, 0x00, 0x00, 0x00, 0x00, 0x00, 0x00, 0x00, 0x00, 0x00, 0x00, 0x00, 0x00, 0x00, 0x00, 
	0x56, 0x77, 0x77, 0x88, 0x87, 0x54, 0x45, 0x55, 0x54, 0x45, 0x55, 0x56, 0x77, 0x89, 0x9A, 
	0xAB, 0xBC, 0xCC, 0xCC, 0xCC, 0xCC, 0xCC, 0xCC, 0xCC, 0xCC, 0xCC, 0xCC, 0xCC, 0xCD, 0xDD, 
	0xDC, 0xBB, 0xBB, 0xBB, 0xBB, 0xBB, 0xAA, 0xBB, 0xBB, 0xBB, 0xBC, 0xCC, 0xCB, 0xBB, 0xBB, 
	0xBB, 0xCC, 0xCC, 0xCC, 0xCC, 0xCC, 0xCC, 0xCC, 0xCC, 0xCC, 0xCC, 0xCC, 0xCC, 0xCC, 0xCC, 
	0xCC, 0xCC, 0xBB, 0xCC, 0xCC, 0xCC, 0xBB, 0xBB, 0xBB, 0xBB, 0xBA, 0xAA, 0xAA, 0xAA, 0xAA, 
	0xAA, 0xA9, 0x98, 0x88, 0x77, 0x66, 0x56, 0x66, 0x66, 0x66, 0x54, 0x44, 0x34, 0x66, 0x65, 
	0x55, 0x55, 0x45, 0x56, 0x66, 0x55, 0x55, 0x54, 0x44, 0x55, 0x55, 0x55, 0x55, 0x55, 0x55, 
	0x55, 0x56, 0x56, 0x66, 0x66, 0x66, 0x67, 0x77, 0x77, 0x78, 0x88, 0x88, 0x99, 0x99, 0x99, 
	0x99, 0xAA, 0xAA, 0xAA, 0xAA, 0xAA, 0xAA, 0x99, 0x99, 0x99, 0x99, 0x99, 0x99, 0x99, 0x99, 
	0x99, 0x88, 0x88, 0x88, 0x88, 0x88, 0x87, 0x77, 0x77, 0x77, 0x77, 0x78, 0x88, 0x88, 0x88, 
	0x88, 0x88, 0x88, 0x88, 0x77, 0x77, 0x77, 0x77, 0x77, 0x77, 0x77, 0x77, 0x66, 0x66, 0x66, 
	0x66, 0x65, 0x55, 0x66, 0x68, 0x88, 0x88, 0x99, 0xBC, 0xCB, 0x98, 0x88, 0x88, 0x88, 0x88, 
	0x88, 0x88, 0x99, 0x99, 0x99, 0x99, 0x99, 0x99, 0x99, 0x99, 0x99, 0x99, 0x99, 0x99, 0x99, 
	0x99, 0x99, 0x99, 0x99, 0x99, 0x99, 0x99, 0x99, 0x99, 0x99, 0x99, 0x99, 0x9A, 0xAA, 0xAA, 
	0x00, 0x00, 0x00, 0x00, 0x00, 0x00, 0x00, 0x00, 0x00, 0x00, 0x00, 0x00, 0x00, 0x00, 0x00, 
	0x00, 0x00, 0x00, 0x00, 0x00, 0x00, 0x00, 0x00, 0x00, 0x00, 0x00, 0x00, 0x00, 0x00, 0x00, 
	0x00, 0x00, 0x00, 0x00, 0x00, 0x00, 0x00, 0x00, 0x00, 0x00, 0x00, 0x00, 0x00, 0x00, 0x00, 
	0x00, 0x00, 0x00, 0x00, 0x00, 0x00, 0x00, 0x00, 0x00, 0x00, 0x00, 0x00, 0x00, 0x00, 0x00, 
	0x00, 0x00, 0x00, 0x00, 0x00, 0x00, 0x00, 0x00, 0x00, 0x00, 0x00, 0x00, 0x00, 0x00, 0x00, 
	0x00, 0x00, 0x00, 0x00, 0x00, 0x00, 0x00, 0x00, 0x00, 0x00, 0x00, 0x00, 0x00, 0x00, 0x00, 
	0x66, 0x76, 0x78, 0x88, 0x87, 0x54, 0x44, 0x55, 0x54, 0x44, 0x55, 0x56, 0x77, 0x89, 0x9A, 
	0xBB, 0xBC, 0xCC, 0xCC, 0xCC, 0xCC, 0xCC, 0xCC, 0xCC, 0xCC, 0xCC, 0xCC, 0xCC, 0xDD, 0xDD, 
	0xCC, 0xBB, 0xBB, 0xBB, 0xBB, 0xBB, 0xAA, 0xBB, 0xBB, 0xBB, 0xCC, 0xCC, 0xCB, 0xBB, 0xBB, 
	0xBC, 0xCC, 0xCC, 0xCC, 0xCC, 0xCC, 0xCC, 0xCB, 0xCC, 0xCC, 0xCC, 0xCC, 0xCC, 0xCC, 0xCC, 
	0xCC, 0xCB, 0xBB, 0xCC, 0xCC, 0xCB, 0xBB, 0xBB, 0xBB, 0xBA, 0xAA, 0xAA, 0xAA, 0xAA, 0xAA, 
	0xAA, 0xA9, 0x98, 0x88, 0x77, 0x76, 0x66, 0x66, 0x66, 0x66, 0x64, 0x44, 0x44, 0x66, 0x66, 
	0x65, 0x55, 0x55, 0x55, 0x66, 0x66, 0x55, 0x44, 0x45, 0x45, 0x55, 0x55, 0x55, 0x55, 0x55, 
	0x55, 0x55, 0x66, 0x66, 0x66, 0x67, 0x77, 0x77, 0x77, 0x88, 0x89, 0x99, 0x99, 0x99, 0xAA, 
	0xAA, 0xAA, 0xAA, 0xAA, 0xAA, 0xAA, 0xAA, 0xAA, 0xA9, 0x99, 0x99, 0x99, 0x99, 0x99, 0x99, 
	0x99, 0x88, 0x88, 0x88, 0x88, 0x88, 0x88, 0x77, 0x77, 0x77, 0x87, 0x77, 0x88, 0x88, 0x88, 
	0x88, 0x88, 0x88, 0x87, 0x77, 0x77, 0x77, 0x77, 0x77, 0x77, 0x77, 0x77, 0x66, 0x66, 0x66, 
	0x66, 0x65, 0x55, 0x66, 0x68, 0x88, 0x88, 0x89, 0xAC, 0xCB, 0x98, 0x88, 0x88, 0x88, 0x88, 
	0x88, 0x88, 0x99, 0x99, 0x99, 0x99, 0x99, 0x99, 0x99, 0x99, 0x99, 0x99, 0x99, 0x99, 0x99, 
	0x99, 0x99, 0x99, 0x99, 0x99, 0x99, 0x99, 0x99, 0x99, 0x99, 0x99, 0x99, 0x9A, 0xAA, 0xAA, 
	0x00, 0x00, 0x00, 0x00, 0x00, 0x00, 0x00, 0x00, 0x00, 0x00, 0x00, 0x00, 0x00, 0x00, 0x00, 
	0x00, 0x00, 0x00, 0x00, 0x00, 0x00, 0x00, 0x00, 0x00, 0x00, 0x00, 0x00, 0x00, 0x00, 0x00, 
	0x00, 0x00, 0x00, 0x00, 0x00, 0x00, 0x00, 0x00, 0x00, 0x00, 0x00, 0x00, 0x00, 0x00, 0x00, 
	0x00, 0x00, 0x00, 0x00, 0x00, 0x00, 0x00, 0x00, 0x00, 0x00, 0x00, 0x00, 0x00, 0x00, 0x00, 
	0x00, 0x00, 0x00, 0x00, 0x00, 0x00, 0x00, 0x00, 0x00, 0x00, 0x00, 0x00, 0x00, 0x00, 0x00, 
	0x00, 0x00, 0x00, 0x00, 0x00, 0x00, 0x00, 0x00, 0x00, 0x00, 0x00, 0x00, 0x00, 0x00, 0x00, 
	0x66, 0x66, 0x78, 0x88, 0x86, 0x54, 0x44, 0x55, 0x55, 0x44, 0x55, 0x67, 0x78, 0x89, 0x9A, 
	0xAB, 0xBB, 0xCC, 0xCC, 0xCC, 0xCC, 0xCC, 0xCC, 0xCC, 0xCC, 0xCC, 0xCC, 0xDD, 0xDD, 0xDC, 
	0xCB, 0xBB, 0xBB, 0xBB, 0xBB, 0xBB, 0xAA, 0xBB, 0xBB, 0xBC, 0xCC, 0xCB, 0xCC, 0xBB, 0xBB, 
	0xBC, 0xCC, 0xCC, 0xCC, 0xCC, 0xCC, 0xCC, 0xCB, 0xCC, 0xCC, 0xCC, 0xCC, 0xCB, 0xBB, 0xBB, 
	0xBB, 0xBB, 0xBB, 0xCC, 0xCC, 0xBB, 0xBB, 0xBB, 0xBB, 0xBA, 0xAA, 0xAA, 0xAA, 0xAA, 0xAA, 
	0xAA, 0xA9, 0x99, 0x88, 0x87, 0x77, 0x66, 0x67, 0x77, 0x77, 0x64, 0x44, 0x45, 0x56, 0x67, 
	0x66, 0x65, 0x55, 0x55, 0x56, 0x66, 0x66, 0x55, 0x55, 0x45, 0x55, 0x55, 0x55, 0x55, 0x55, 
	0x55, 0x66, 0x66, 0x67, 0x77, 0x77, 0x77, 0x77, 0x77, 0x88, 0x89, 0x99, 0x99, 0x9A, 0xAA, 
	0xAA, 0xAA, 0xAA, 0xAA, 0xAA, 0xAA, 0xAA, 0xAA, 0xAA, 0x99, 0x99, 0x99, 0x99, 0x99, 0x99, 
	0x99, 0x88, 0x88, 0x88, 0x88, 0x88, 0x88, 0x87, 0x77, 0x77, 0x88, 0x87, 0x88, 0x88, 0x88, 
	0x88, 0x88, 0x88, 0x77, 0x77, 0x77, 0x77, 0x77, 0x77, 0x77, 0x77, 0x77, 0x66, 0x66, 0x66, 
	0x66, 0x66, 0x55, 0x66, 0x78, 0x88, 0x88, 0x89, 0xAC, 0xCB, 0xA8, 0x88, 0x88, 0x98, 0x88, 
	0x88, 0x88, 0x99, 0x99, 0x99, 0x99, 0x99, 0x99, 0x99, 0x99, 0x99, 0x99, 0x99, 0x99, 0x99, 
	0x99, 0x99, 0x99, 0x99, 0x99, 0x99, 0x99, 0x99, 0x99, 0x99, 0x99, 0x99, 0x9A, 0xAA, 0xAA, 
	0x00, 0x00, 0x00, 0x00, 0x00, 0x00, 0x00, 0x00, 0x00, 0x00, 0x00, 0x00, 0x00, 0x00, 0x00, 
	0x00, 0x00, 0x00, 0x00, 0x00, 0x00, 0x00, 0x00, 0x00, 0x00, 0x00, 0x00, 0x00, 0x00, 0x00, 
	0x00, 0x00, 0x00, 0x00, 0x00, 0x00, 0x00, 0x00, 0x00, 0x00, 0x00, 0x00, 0x00, 0x00, 0x00, 
	0x00, 0x00, 0x00, 0x00, 0x00, 0x00, 0x00, 0x00, 0x00, 0x00, 0x00, 0x00, 0x00, 0x00, 0x00, 
	0x00, 0x00, 0x00, 0x00, 0x00, 0x00, 0x00, 0x00, 0x00, 0x00, 0x00, 0x00, 0x00, 0x00, 0x00, 
	0x00, 0x00, 0x00, 0x00, 0x00, 0x00, 0x00, 0x00, 0x00, 0x00, 0x00, 0x00, 0x00, 0x00, 0x00, 
	0x66, 0x66, 0x78, 0x88, 0x76, 0x44, 0x44, 0x44, 0x55, 0x44, 0x55, 0x67, 0x77, 0x88, 0x9A, 
	0xAB, 0xBB, 0xCC, 0xCC, 0xCC, 0xCC, 0xCC, 0xCC, 0xCC, 0xCC, 0xCC, 0xCD, 0xDD, 0xDD, 0xCC, 
	0xCB, 0xCB, 0xBB, 0xBB, 0xBB, 0xAB, 0xBB, 0xBB, 0xBB, 0xCC, 0xCC, 0xBB, 0xBB, 0xBB, 0xBB, 
	0xBC, 0xCB, 0xCB, 0xBB, 0xCC, 0xCC, 0xCC, 0xCC, 0xCC, 0xCC, 0xCB, 0xBC, 0xCB, 0xBB, 0xBB, 
	0xBB, 0xBB, 0xBB, 0xCC, 0xCB, 0xBB, 0xBB, 0xBB, 0xBB, 0xAA, 0xAA, 0xAA, 0xAA, 0xAA, 0xAA, 
	0xAA, 0xAA, 0x99, 0x98, 0x87, 0x77, 0x77, 0x77, 0x77, 0x77, 0x75, 0x44, 0x56, 0x67, 0x77, 
	0x87, 0x76, 0x66, 0x65, 0x55, 0x66, 0x66, 0x66, 0x65, 0x55, 0x55, 0x55, 0x55, 0x55, 0x55, 
	0x56, 0x67, 0x67, 0x77, 0x77, 0x77, 0x77, 0x78, 0x88, 0x88, 0x89, 0x99, 0x9A, 0xAA, 0xAA, 
	0xAA, 0xAA, 0xAA, 0xAA, 0xAA, 0xAA, 0xAA, 0xAA, 0xAA, 0xA9, 0x99, 0x99, 0x99, 0x99, 0x99, 
	0x99, 0x88, 0x88, 0x88, 0x88, 0x88, 0x88, 0x87, 0x77, 0x77, 0x77, 0x78, 0x87, 0x78, 0x88, 
	0x88, 0x88, 0x88, 0x87, 0x77, 0x77, 0x77, 0x77, 0x77, 0x77, 0x77, 0x76, 0x66, 0x66, 0x66, 
	0x66, 0x66, 0x65, 0x66, 0x67, 0x88, 0x88, 0x89, 0xAB, 0xCB, 0xA8, 0x88, 0x88, 0x98, 0x88, 
	0x88, 0x88, 0x99, 0x99, 0x99, 0x99, 0x99, 0x99, 0x99, 0x99, 0x99, 0x99, 0x99, 0x99, 0x99, 
	0x99, 0x99, 0x99, 0x99, 0x99, 0x99, 0x99, 0x99, 0x99, 0x99, 0x99, 0x99, 0x9A, 0xAA, 0xAA, 
	0x00, 0x00, 0x00, 0x00, 0x00, 0x00, 0x00, 0x00, 0x00, 0x00, 0x00, 0x00, 0x00, 0x00, 0x00, 
	0x00, 0x00, 0x00, 0x00, 0x00, 0x00, 0x00, 0x00, 0x00, 0x00, 0x00, 0x00, 0x00, 0x00, 0x00, 
	0x00, 0x00, 0x00, 0x00, 0x00, 0x00, 0x00, 0x00, 0x00, 0x00, 0x00, 0x00, 0x00, 0x00, 0x00, 
	0x00, 0x00, 0x00, 0x00, 0x00, 0x00, 0x00, 0x00, 0x00, 0x00, 0x00, 0x00, 0x00, 0x00, 0x00, 
	0x00, 0x00, 0x00, 0x00, 0x00, 0x00, 0x00, 0x00, 0x00, 0x00, 0x00, 0x00, 0x00, 0x00, 0x00, 
	0x00, 0x00, 0x00, 0x00, 0x00, 0x00, 0x00, 0x00, 0x00, 0x00, 0x00, 0x00, 0x00, 0x00, 0x00, 
	0x66, 0x66, 0x78, 0x98, 0x75, 0x44, 0x55, 0x55, 0x55, 0x44, 0x55, 0x67, 0x77, 0x88, 0x99, 
	0xAB, 0xBC, 0xCC, 0xCC, 0xCC, 0xCC, 0xCC, 0xCC, 0xCC, 0xCC, 0xCD, 0xDD, 0xDE, 0xED, 0xCB, 
	0xBB, 0xBB, 0xBB, 0xBB, 0xBB, 0xBB, 0xBB, 0xBB, 0xBC, 0xCC, 0xCC, 0xBB, 0xBB, 0xBC, 0xCB, 
	0xBC, 0xBB, 0xBB, 0xBB, 0xBC, 0xCC, 0xCC, 0xCC, 0xBB, 0xCC, 0xBB, 0xBC, 0xCB, 0xBB, 0xBB, 
	0xBB, 0xBB, 0xBB, 0xBC, 0xBB, 0xBB, 0xBB, 0xBB, 0xBB, 0xAA, 0xAA, 0xAA, 0xAA, 0xAA, 0xAA, 
	0xAA, 0xAA, 0xA9, 0x99, 0x88, 0x88, 0x87, 0x78, 0x88, 0x88, 0x76, 0x54, 0x67, 0x77, 0x78, 
	0x88, 0x88, 0x87, 0x66, 0x66, 0x66, 0x66, 0x66, 0x66, 0x66, 0x65, 0x55, 0x55, 0x55, 0x66, 
	0x66, 0x66, 0x77, 0x77, 0x77, 0x77, 0x77, 0x88, 0x88, 0x88, 0x99, 0x99, 0xAA, 0xAA, 0xAA, 
	0xAA, 0xAA, 0xAA, 0xBB, 0xAA, 0xAA, 0xAA, 0xAA, 0xAA, 0xAA, 0x99, 0x99, 0x99, 0x99, 0x99, 
	0x99, 0x98, 0x88, 0x88, 0x88, 0x88, 0x88, 0x88, 0x77, 0x77, 0x77, 0x77, 0x77, 0x78, 0x88, 
	0x88, 0x88, 0x88, 0x87, 0x77, 0x77, 0x77, 0x66, 0x77, 0x77, 0x77, 0x76, 0x66, 0x66, 0x66, 
	0x66, 0x66, 0x65, 0x56, 0x67, 0x88, 0x88, 0x99, 0xAB, 0xCB, 0xA7, 0x88, 0x88, 0x98, 0x88, 
	0x88, 0x88, 0x99, 0x99, 0x99, 0x99, 0x99, 0x99, 0x99, 0x99, 0x99, 0x99, 0x99, 0x99, 0x99, 
	0x99, 0x99, 0x99, 0x99, 0x99, 0x99, 0x99, 0x99, 0x99, 0x99, 0x99, 0x99, 0xAA, 0xAA, 0xAA, 
	0x00, 0x00, 0x00, 0x00, 0x00, 0x00, 0x00, 0x00, 0x00, 0x00, 0x00, 0x00, 0x00, 0x00, 0x00, 
	0x00, 0x00, 0x00, 0x00, 0x00, 0x00, 0x00, 0x00, 0x00, 0x00, 0x00, 0x00, 0x00, 0x00, 0x00, 
	0x00, 0x00, 0x00, 0x00, 0x00, 0x00, 0x00, 0x00, 0x00, 0x00, 0x00, 0x00, 0x00, 0x00, 0x00, 
	0x00, 0x00, 0x00, 0x00, 0x00, 0x00, 0x00, 0x00, 0x00, 0x00, 0x00, 0x00, 0x00, 0x00, 0x00, 
	0x00, 0x00, 0x00, 0x00, 0x00, 0x00, 0x00, 0x00, 0x00, 0x00, 0x00, 0x00, 0x00, 0x00, 0x00, 
	0x00, 0x00, 0x00, 0x00, 0x00, 0x00, 0x00, 0x00, 0x00, 0x00, 0x00, 0x00, 0x00, 0x00, 0x00, 
	0x66, 0x66, 0x78, 0x88, 0x65, 0x55, 0x55, 0x55, 0x44, 0x54, 0x56, 0x66, 0x77, 0x78, 0x9A, 
	0xAB, 0xBB, 0xBB, 0xBB, 0xCC, 0xCC, 0xCC, 0xCC, 0xCC, 0xCC, 0xDD, 0xDD, 0xED, 0xCC, 0xCC, 
	0xCB, 0xBB, 0xBB, 0xBB, 0xBB, 0xBB, 0xBB, 0xBC, 0xCC, 0xCC, 0xCC, 0xBB, 0xBB, 0xBB, 0xCC, 
	0xBB, 0xBB, 0xBB, 0xBB, 0xBC, 0xCB, 0xCC, 0xCB, 0xBB, 0xCC, 0xCB, 0xBB, 0xBB, 0xBB, 0xBB, 
	0xBB, 0xBB, 0xBB, 0xBB, 0xBB, 0xBB, 0xBB, 0xBB, 0xBB, 0xAA, 0xAA, 0xAA, 0xAA, 0xAA, 0xAA, 
	0xAA, 0xAA, 0xA9, 0x99, 0x98, 0x88, 0x88, 0x88, 0x88, 0x88, 0x87, 0x66, 0x77, 0x88, 0x88, 
	0x88, 0x88, 0x88, 0x87, 0x77, 0x66, 0x66, 0x66, 0x66, 0x66, 0x66, 0x66, 0x66, 0x66, 0x66, 
	0x66, 0x77, 0x77, 0x77, 0x77, 0x78, 0x88, 0x88, 0x88, 0x99, 0x99, 0xAA, 0xAA, 0xAA, 0xAA, 
	0xAA, 0xAB, 0xBB, 0xBB, 0xBB, 0xAA, 0xAA, 0xAA, 0xAA, 0xAA, 0x99, 0x99, 0x99, 0x99, 0x99, 
	0x99, 0x99, 0x88, 0x88, 0x88, 0x88, 0x88, 0x88, 0x88, 0x77, 0x77, 0x77, 0x77, 0x78, 0x88, 
	0x88, 0x88, 0x88, 0x87, 0x77, 0x77, 0x77, 0x76, 0x77, 0x77, 0x77, 0x76, 0x66, 0x66, 0x66, 
	0x66, 0x66, 0x55, 0x66, 0x67, 0x88, 0x88, 0x89, 0xAB, 0xCB, 0xA8, 0x88, 0x88, 0x88, 0x99, 
	0x89, 0x99, 0x99, 0x99, 0x99, 0x99, 0x99, 0x99, 0x99, 0x99, 0x99, 0x99, 0x99, 0x99, 0x99, 
	0x99, 0x99, 0x99, 0x99, 0x99, 0x99, 0x99, 0x99, 0x99, 0x99, 0x99, 0xAA, 0xAA, 0xAA, 0xAA, 
	0x00, 0x00, 0x00, 0x00, 0x00, 0x00, 0x00, 0x00, 0x00, 0x00, 0x00, 0x00, 0x00, 0x00, 0x00, 
	0x00, 0x00, 0x00, 0x00, 0x00, 0x00, 0x00, 0x00, 0x00, 0x00, 0x00, 0x00, 0x00, 0x00, 0x00, 
	0x00, 0x00, 0x00, 0x00, 0x00, 0x00, 0x00, 0x00, 0x00, 0x00, 0x00, 0x00, 0x00, 0x00, 0x00, 
	0x00, 0x00, 0x00, 0x00, 0x00, 0x00, 0x00, 0x00, 0x00, 0x00, 0x00, 0x00, 0x00, 0x00, 0x00, 
	0x00, 0x00, 0x00, 0x00, 0x00, 0x00, 0x00, 0x00, 0x00, 0x00, 0x00, 0x00, 0x00, 0x00, 0x00, 
	0x00, 0x00, 0x00, 0x00, 0x00, 0x00, 0x00, 0x00, 0x00, 0x00, 0x00, 0x00, 0x00, 0x00, 0x00, 
	0x66, 0x66, 0x78, 0x87, 0x65, 0x66, 0x65, 0x55, 0x44, 0x45, 0x56, 0x66, 0x77, 0x78, 0x99, 
	0xAA, 0xBB, 0xBB, 0xBB, 0xBB, 0xBB, 0xCC, 0xCC, 0xCC, 0xDD, 0xDD, 0xDD, 0xDD, 0xCC, 0xCC, 
	0xCC, 0xBB, 0xBB, 0xBB, 0xBB, 0xBB, 0xBB, 0xBC, 0xCC, 0xCC, 0xCC, 0xBB, 0xBB, 0xBB, 0xBB, 
	0xBB, 0xBB, 0xBB, 0xBB, 0xBC, 0xCC, 0xCC, 0xCC, 0xBC, 0xCC, 0xCC, 0xBB, 0xBB, 0xBB, 0xBB, 
	0xBB, 0xBB, 0xBB, 0xBB, 0xBB, 0xBB, 0xBB, 0xBB, 0xBB, 0xAA, 0xAA, 0xAA, 0xAA, 0xAA, 0xAA, 
	0xAA, 0xAA, 0xAA, 0x99, 0x99, 0x99, 0x88, 0x88, 0x99, 0x99, 0x87, 0x67, 0x88, 0x88, 0x89, 
	0x99, 0x99, 0x99, 0x88, 0x87, 0x77, 0x76, 0x66, 0x66, 0x67, 0x66, 0x77, 0x67, 0x76, 0x77, 
	0x77, 0x77, 0x77, 0x78, 0x88, 0x88, 0x88, 0x88, 0x99, 0x99, 0x99, 0xAA, 0xAA, 0xAA, 0xAB, 
	0xBB, 0xBB, 0xBB, 0xBB, 0xBB, 0xBA, 0xAA, 0xAA, 0xAA, 0xAA, 0x99, 0x99, 0x99, 0x99, 0x99, 
	0x99, 0x99, 0x99, 0x88, 0x88, 0x88, 0x88, 0x88, 0x88, 0x88, 0x77, 0x77, 0x77, 0x77, 0x77, 
	0x78, 0x88, 0x88, 0x88, 0x77, 0x77, 0x77, 0x77, 0x67, 0x77, 0x77, 0x66, 0x66, 0x66, 0x66, 
	0x66, 0x66, 0x55, 0x56, 0x67, 0x88, 0x88, 0x89, 0xAB, 0xCB, 0xA8, 0x88, 0x88, 0x88, 0x88, 
	0x88, 0x89, 0x99, 0x99, 0x99, 0x99, 0x99, 0x99, 0x99, 0x99, 0x99, 0x99, 0x99, 0x99, 0x99, 
	0x99, 0x99, 0x99, 0x99, 0x99, 0x99, 0x99, 0x99, 0x99, 0x99, 0x99, 0xAA, 0xAA, 0xAA, 0xAA, 
	0x00, 0x00, 0x00, 0x00, 0x00, 0x00, 0x00, 0x00, 0x00, 0x00, 0x00, 0x00, 0x00, 0x00, 0x00, 
	0x00, 0x00, 0x00, 0x00, 0x00, 0x00, 0x00, 0x00, 0x00, 0x00, 0x00, 0x00, 0x00, 0x00, 0x00, 
	0x00, 0x00, 0x00, 0x00, 0x00, 0x00, 0x00, 0x00, 0x00, 0x00, 0x00, 0x00, 0x00, 0x00, 0x00, 
	0x00, 0x00, 0x00, 0x00, 0x00, 0x00, 0x00, 0x00, 0x00, 0x00, 0x00, 0x00, 0x00, 0x00, 0x00, 
	0x00, 0x00, 0x00, 0x00, 0x00, 0x00, 0x00, 0x00, 0x00, 0x00, 0x00, 0x00, 0x00, 0x00, 0x00, 
	0x00, 0x00, 0x00, 0x00, 0x00, 0x00, 0x00, 0x00, 0x00, 0x00, 0x00, 0x00, 0x00, 0x00, 0x00, 
	0x66, 0x67, 0x88, 0x77, 0x66, 0x77, 0x65, 0x44, 0x55, 0x55, 0x66, 0x66, 0x67, 0x78, 0x99, 
	0xAA, 0xAA, 0xAB, 0xBB, 0xBB, 0xBB, 0xBC, 0xCC, 0xCD, 0xDD, 0xDD, 0xDD, 0xCC, 0xCC, 0xCC, 
	0xCC, 0xCB, 0xBB, 0xBB, 0xBB, 0xBB, 0xBB, 0xBC, 0xCB, 0xCB, 0xBB, 0xBB, 0xBB, 0xBB, 0xBB, 
	0xBB, 0xBB, 0xBB, 0xBB, 0xBC, 0xCC, 0xCC, 0xCC, 0xCC, 0xCC, 0xCC, 0xBB, 0xBB, 0xBB, 0xBB, 
	0xBB, 0xBB, 0xBB, 0xBB, 0xBB, 0xBB, 0xBB, 0xBB, 0xBB, 0xAA, 0xAA, 0xAA, 0xAA, 0xAA, 0xAA, 
	0xAA, 0xAA, 0xAA, 0xAA, 0x99, 0x99, 0x99, 0x99, 0x99, 0x99, 0x98, 0x78, 0x88, 0x99, 0x99, 
	0x99, 0x99, 0x99, 0x99, 0x88, 0x88, 0x87, 0x77, 0x77, 0x77, 0x76, 0x67, 0x77, 0x77, 0x77, 
	0x77, 0x77, 0x78, 0x88, 0x88, 0x88, 0x89, 0x99, 0x99, 0x99, 0xAA, 0xAA, 0xAA, 0xAA, 0xAB, 
	0xBB, 0xBB, 0xBB, 0xBB, 0xBB, 0xBB, 0xAA, 0xAA, 0xAA, 0xAA, 0xA9, 0x99, 0x99, 0x99, 0x99, 
	0x99, 0x99, 0x99, 0x99, 0x88, 0x88, 0x77, 0x77, 0x88, 0x88, 0x87, 0x77, 0x77, 0x77, 0x77, 
	0x77, 0x87, 0x78, 0x87, 0x77, 0x77, 0x77, 0x77, 0x77, 0x77, 0x77, 0x66, 0x66, 0x66, 0x66, 
	0x66, 0x65, 0x55, 0x56, 0x67, 0x88, 0x88, 0x89, 0xAB, 0xCC, 0xA8, 0x78, 0x88, 0x88, 0x88, 
	0x88, 0x89, 0x99, 0x99, 0x99, 0x99, 0x99, 0x99, 0x99, 0x99, 0x99, 0x99, 0x99, 0x99, 0x99, 
	0x99, 0x99, 0x99, 0x99, 0x99, 0x99, 0x99, 0x99, 0x99, 0x99, 0x9A, 0xAA, 0xAA, 0xAA, 0xAA, 
	0x00, 0x00, 0x00, 0x00, 0x00, 0x00, 0x00, 0x00, 0x00, 0x00, 0x00, 0x00, 0x00, 0x00, 0x00, 
	0x00, 0x00, 0x00, 0x00, 0x00, 0x00, 0x00, 0x00, 0x00, 0x00, 0x00, 0x00, 0x00, 0x00, 0x00, 
	0x00, 0x00, 0x00, 0x00, 0x00, 0x00, 0x00, 0x00, 0x00, 0x00, 0x00, 0x00, 0x00, 0x00, 0x00, 
	0x00, 0x00, 0x00, 0x00, 0x00, 0x00, 0x00, 0x00, 0x00, 0x00, 0x00, 0x00, 0x00, 0x00, 0x00, 
	0x00, 0x00, 0x00, 0x00, 0x00, 0x00, 0x00, 0x00, 0x00, 0x00, 0x00, 0x00, 0x00, 0x00, 0x00, 
	0x00, 0x00, 0x00, 0x00, 0x00, 0x00, 0x00, 0x00, 0x00, 0x00, 0x00, 0x00, 0x00, 0x00, 0x00, 
	0x66, 0x67, 0x88, 0x76, 0x67, 0x88, 0x75, 0x54, 0x45, 0x55, 0x66, 0x66, 0x67, 0x78, 0x88, 
	0x99, 0x99, 0xAA, 0xAA, 0xBB, 0xBB, 0xBC, 0xCC, 0xCC, 0xDD, 0xEE, 0xDC, 0xCC, 0xCC, 0xCC, 
	0xCC, 0xCB, 0xBB, 0xBB, 0xBB, 0xBB, 0xCC, 0xCC, 0xCB, 0xCB, 0xBB, 0xBB, 0xBB, 0xBB, 0xBB, 
	0xBB, 0xBB, 0xBB, 0xCC, 0xCC, 0xCC, 0xCC, 0xCC, 0xCC, 0xCC, 0xCC, 0xCC, 0xBB, 0xBB, 0xBB, 
	0xBB, 0xBB, 0xBB, 0xBB, 0xBB, 0xBB, 0xBB, 0xBB, 0xBB, 0xAA, 0xAA, 0xAA, 0xAA, 0xAA, 0xAA, 
	0xAA, 0xAA, 0xAA, 0xAA, 0xAA, 0xA9, 0x99, 0x99, 0x99, 0x99, 0x99, 0x88, 0x99, 0x99, 0x99, 
	0x99, 0x99, 0x99, 0x99, 0x99, 0x99, 0x98, 0x88, 0x87, 0x77, 0x77, 0x77, 0x77, 0x77, 0x78, 
	0x77, 0x77, 0x88, 0x88, 0x88, 0x88, 0x99, 0x99, 0x99, 0x9A, 0xAA, 0xAA, 0xBA, 0xBB, 0xBB, 
	0xBB, 0xBB, 0xBB, 0xBB, 0xBB, 0xBB, 0xAA, 0xAA, 0xAA, 0xAA, 0xAA, 0x99, 0x99, 0x99, 0x99, 
	0x99, 0x99, 0x99, 0x99, 0x98, 0x88, 0x77, 0x77, 0x77, 0x88, 0x88, 0x77, 0x77, 0x77, 0x77, 
	0x77, 0x77, 0x77, 0x77, 0x77, 0x77, 0x77, 0x77, 0x77, 0x77, 0x77, 0x66, 0x66, 0x66, 0x66, 
	0x66, 0x65, 0x54, 0x55, 0x67, 0x88, 0x88, 0x89, 0x9B, 0xCC, 0xB8, 0x78, 0x88, 0x88, 0x88, 
	0x88, 0x99, 0x99, 0x99, 0x99, 0x99, 0x99, 0x99, 0x99, 0x99, 0x99, 0x99, 0x99, 0x99, 0x99, 
	0x99, 0x99, 0x99, 0x99, 0x99, 0x99, 0x99, 0x99, 0x99, 0x99, 0xAA, 0xAA, 0xAA, 0xAA, 0xAA, 
	0x00, 0x00, 0x00, 0x00, 0x00, 0x00, 0x00, 0x00, 0x00, 0x00, 0x00, 0x00, 0x00, 0x00, 0x00, 
	0x00, 0x00, 0x00, 0x00, 0x00, 0x00, 0x00, 0x00, 0x00, 0x00, 0x00, 0x00, 0x00, 0x00, 0x00, 
	0x00, 0x00, 0x00, 0x00, 0x00, 0x00, 0x00, 0x00, 0x00, 0x00, 0x00, 0x00, 0x00, 0x00, 0x00, 
	0x00, 0x00, 0x00, 0x00, 0x00, 0x00, 0x00, 0x00, 0x00, 0x00, 0x00, 0x00, 0x00, 0x00, 0x00, 
	0x00, 0x00, 0x00, 0x00, 0x00, 0x00, 0x00, 0x00, 0x00, 0x00, 0x00, 0x00, 0x00, 0x00, 0x00, 
	0x00, 0x00, 0x00, 0x00, 0x00, 0x00, 0x00, 0x00, 0x00, 0x00, 0x00, 0x00, 0x00, 0x00, 0x00, 
	0x66, 0x77, 0x77, 0x76, 0x78, 0x88, 0x76, 0x54, 0x44, 0x55, 0x66, 0x66, 0x66, 0x77, 0x77, 
	0x88, 0x89, 0x9A, 0xAA, 0xBB, 0xBB, 0xCC, 0xCD, 0xCD, 0xDE, 0xDD, 0xCC, 0xCC, 0xCC, 0xCC, 
	0xCB, 0xBB, 0xBB, 0xBB, 0xBB, 0xBC, 0xCC, 0xCC, 0xCB, 0xBB, 0xBB, 0xBB, 0xBB, 0xBB, 0xBB, 
	0xBB, 0xBB, 0xBC, 0xCC, 0xCC, 0xCC, 0xCC, 0xCC, 0xCC, 0xCC, 0xCC, 0xCC, 0xCC, 0xCC, 0xCC, 
	0xCB, 0xBB, 0xBB, 0xBB, 0xBB, 0xBB, 0xBB, 0xBB, 0xBB, 0xAA, 0xAA, 0xAA, 0xAA, 0xAA, 0xAA, 
	0xAA, 0xAA, 0xAA, 0xAA, 0xAA, 0xAA, 0xAA, 0xAA, 0xAA, 0xAA, 0xA9, 0x99, 0x99, 0x99, 0x99, 
	0x99, 0xAA, 0xAA, 0x99, 0x99, 0x99, 0x99, 0x98, 0x88, 0x87, 0x88, 0x87, 0x77, 0x88, 0x88, 
	0x88, 0x88, 0x88, 0x88, 0x89, 0x99, 0x99, 0xAA, 0xAA, 0xAA, 0xAA, 0xAB, 0xBB, 0xBB, 0xBB, 
	0xBB, 0xBB, 0xBB, 0xBB, 0xBB, 0xBA, 0xAA, 0xAA, 0xAA, 0xAA, 0x99, 0x99, 0x99, 0x99, 0x99, 
	0x99, 0x99, 0x99, 0x99, 0x99, 0x88, 0x88, 0x77, 0x78, 0x88, 0x88, 0x77, 0x77, 0x77, 0x77, 
	0x77, 0x77, 0x77, 0x77, 0x77, 0x77, 0x77, 0x77, 0x77, 0x77, 0x76, 0x66, 0x66, 0x66, 0x66, 
	0x66, 0x65, 0x54, 0x55, 0x67, 0x88, 0x88, 0x89, 0x9B, 0xCC, 0xB8, 0x78, 0x89, 0x88, 0x88, 
	0x88, 0x89, 0x99, 0x99, 0x99, 0x99, 0x99, 0x99, 0x99, 0x99, 0x99, 0x99, 0x99, 0x99, 0x99, 
	0x99, 0x99, 0x99, 0x99, 0x99, 0x99, 0x99, 0x99, 0x99, 0x99, 0xAA, 0xAA, 0xAA, 0xAA, 0xAA, 
	0x00, 0x00, 0x00, 0x00, 0x00, 0x00, 0x00, 0x00, 0x00, 0x00, 0x00, 0x00, 0x00, 0x00, 0x00, 
	0x00, 0x00, 0x00, 0x00, 0x00, 0x00, 0x00, 0x00, 0x00, 0x00, 0x00, 0x00, 0x00, 0x00, 0x00, 
	0x00, 0x00, 0x00, 0x00, 0x00, 0x00, 0x00, 0x00, 0x00, 0x00, 0x00, 0x00, 0x00, 0x00, 0x00, 
	0x00, 0x00, 0x00, 0x00, 0x00, 0x00, 0x00, 0x00, 0x00, 0x00, 0x00, 0x00, 0x00, 0x00, 0x00, 
	0x00, 0x00, 0x00, 0x00, 0x00, 0x00, 0x00, 0x00, 0x00, 0x00, 0x00, 0x00, 0x00, 0x00, 0x00, 
	0x00, 0x00, 0x00, 0x00, 0x00, 0x00, 0x00, 0x00, 0x00, 0x00, 0x00, 0x00, 0x00, 0x00, 0x00, 
	0x67, 0x77, 0x77, 0x77, 0x89, 0x98, 0x75, 0x54, 0x44, 0x55, 0x55, 0x55, 0x66, 0x56, 0x66, 
	0x77, 0x88, 0x99, 0xAA, 0xAB, 0xBB, 0xCC, 0xCD, 0xDD, 0xEE, 0xDC, 0xCC, 0xCC, 0xCC, 0xBC, 
	0xCB, 0xBB, 0xBB, 0xBC, 0xCB, 0xCC, 0xCC, 0xCC, 0xBB, 0xBB, 0xBB, 0xBB, 0xBB, 0xBB, 0xBB, 
	0xBB, 0xBB, 0xCC, 0xCC, 0xCC, 0xCC, 0xCC, 0xCC, 0xCC, 0xCC, 0xCC, 0xCC, 0xCC, 0xCC, 0xCC, 
	0xCC, 0xCC, 0xBB, 0xBB, 0xBB, 0xBB, 0xBB, 0xBB, 0xBB, 0xBA, 0xAB, 0xAA, 0xAA, 0xAA, 0xBB, 
	0xAA, 0xAB, 0xBB, 0xAA, 0xAA, 0xAA, 0xAA, 0xAA, 0xAA, 0xAA, 0xAA, 0xA9, 0xA9, 0x99, 0x99, 
	0x9A, 0xAA, 0xAA, 0xAA, 0xA9, 0xA9, 0x99, 0x99, 0x98, 0x98, 0x88, 0x88, 0x88, 0x88, 0x88, 
	0x88, 0x88, 0x89, 0x99, 0x99, 0x99, 0x9A, 0xAA, 0xAA, 0xAA, 0xAA, 0xAB, 0xBB, 0xBB, 0xBB, 
	0xBB, 0xBB, 0xBB, 0xBB, 0xBB, 0xBA, 0xAA, 0xAA, 0xAA, 0xAA, 0x99, 0x99, 0x99, 0x99, 0x99, 
	0x99, 0x99, 0x99, 0x98, 0x88, 0x88, 0x88, 0x87, 0x77, 0x77, 0x88, 0x77, 0x77, 0x77, 0x66, 
	0x77, 0x76, 0x67, 0x76, 0x77, 0x77, 0x77, 0x77, 0x77, 0x77, 0x66, 0x66, 0x66, 0x66, 0x66, 
	0x66, 0x65, 0x54, 0x45, 0x67, 0x88, 0x88, 0x89, 0x9A, 0xCC, 0xB9, 0x78, 0x89, 0x88, 0x88, 
	0x88, 0x88, 0x99, 0x99, 0x99, 0x99, 0x99, 0x99, 0x99, 0x99, 0x99, 0x99, 0x99, 0x99, 0x99, 
	0x99, 0x99, 0x99, 0x99, 0x99, 0x99, 0x99, 0x99, 0x99, 0x9A, 0xAA, 0xAA, 0xAA, 0xAA, 0x99, 
	0x00, 0x00, 0x00, 0x00, 0x00, 0x00, 0x00, 0x00, 0x00, 0x00, 0x00, 0x00, 0x00, 0x00, 0x00, 
	0x00, 0x00, 0x00, 0x00, 0x00, 0x00, 0x00, 0x00, 0x00, 0x00, 0x00, 0x00, 0x00, 0x00, 0x00, 
	0x00, 0x00, 0x00, 0x00, 0x00, 0x00, 0x00, 0x00, 0x00, 0x00, 0x00, 0x00, 0x00, 0x00, 0x00, 
	0x00, 0x00, 0x00, 0x00, 0x00, 0x00, 0x00, 0x00, 0x00, 0x00, 0x00, 0x00, 0x00, 0x00, 0x00, 
	0x00, 0x00, 0x00, 0x00, 0x00, 0x00, 0x00, 0x00, 0x00, 0x00, 0x00, 0x00, 0x00, 0x00, 0x00, 
	0x00, 0x00, 0x00, 0x00, 0x00, 0x00, 0x00, 0x00, 0x00, 0x00, 0x00, 0x00, 0x00, 0x00, 0x00, 
	0x77, 0x77, 0x77, 0x77, 0x89, 0x98, 0x75, 0x44, 0x44, 0x55, 0x55, 0x55, 0x55, 0x55, 0x66, 
	0x77, 0x78, 0x89, 0x9A, 0xAA, 0xBB, 0xCC, 0xCD, 0xDD, 0xDD, 0xCC, 0xCC, 0xCC, 0xCC, 0xBB, 
	0xBB, 0xBB, 0xBB, 0xCC, 0xCC, 0xCC, 0xCC, 0xCB, 0xBB, 0xBB, 0xBB, 0xBB, 0xBB, 0xCC, 0xCC, 
	0xCC, 0xCC, 0xCC, 0xCC, 0xCC, 0xCC, 0xCC, 0xCC, 0xCC, 0xCC, 0xCC, 0xCC, 0xCC, 0xCC, 0xCC, 
	0xCC, 0xCC, 0xCB, 0xBB, 0xBB, 0xBB, 0xBB, 0xBB, 0xBB, 0xBB, 0xBB, 0xBA, 0xAA, 0xBB, 0xBB, 
	0xBB, 0xBB, 0xBB, 0xBA, 0xAA, 0xAA, 0xAA, 0xAA, 0xAA, 0xAA, 0xAA, 0xAA, 0xA9, 0x99, 0xAA, 
	0xAA, 0xAA, 0xAA, 0xAA, 0xA9, 0x99, 0x99, 0x99, 0x98, 0x99, 0x98, 0x88, 0x99, 0x99, 0x99, 
	0x89, 0x99, 0x99, 0x99, 0x99, 0x99, 0xAA, 0xAA, 0xBB, 0xBB, 0xBB, 0xBB, 0xBB, 0xBB, 0xBB, 
	0xBB, 0xBB, 0xBB, 0xBB, 0xBB, 0xBA, 0xAA, 0xAA, 0xAA, 0xAA, 0x99, 0x99, 0x99, 0x99, 0x99, 
	0x99, 0x99, 0x99, 0x99, 0x88, 0x88, 0x88, 0x88, 0x77, 0x77, 0x88, 0x77, 0x77, 0x76, 0x66, 
	0x67, 0x76, 0x67, 0x66, 0x77, 0x77, 0x77, 0x77, 0x77, 0x77, 0x66, 0x66, 0x66, 0x66, 0x66, 
	0x66, 0x65, 0x54, 0x45, 0x66, 0x88, 0x88, 0x89, 0x9A, 0xCC, 0xB9, 0x78, 0x89, 0x88, 0x88, 
	0x88, 0x88, 0x99, 0x99, 0x99, 0x99, 0x99, 0x99, 0x99, 0x99, 0x99, 0x99, 0x99, 0x99, 0x99, 
	0x99, 0x99, 0x99, 0x99, 0x99, 0x99, 0x99, 0x99, 0x99, 0x9A, 0xAA, 0xAA, 0xAA, 0xA9, 0x99, 
	0x00, 0x00, 0x00, 0x00, 0x00, 0x00, 0x00, 0x00, 0x00, 0x00, 0x00, 0x00, 0x00, 0x00, 0x00, 
	0x00, 0x00, 0x00, 0x00, 0x00, 0x00, 0x00, 0x00, 0x00, 0x00, 0x00, 0x00, 0x00, 0x00, 0x00, 
	0x00, 0x00, 0x00, 0x00, 0x00, 0x00, 0x00, 0x00, 0x00, 0x00, 0x00, 0x00, 0x00, 0x00, 0x00, 
	0x00, 0x00, 0x00, 0x00, 0x00, 0x00, 0x00, 0x00, 0x00, 0x00, 0x00, 0x00, 0x00, 0x00, 0x00, 
	0x00, 0x00, 0x00, 0x00, 0x00, 0x00, 0x00, 0x00, 0x00, 0x00, 0x00, 0x00, 0x00, 0x00, 0x00, 
	0x00, 0x00, 0x00, 0x00, 0x00, 0x00, 0x00, 0x00, 0x00, 0x00, 0x00, 0x00, 0x00, 0x00, 0x00, 
	0x77, 0x77, 0x77, 0x78, 0x89, 0x98, 0x64, 0x44, 0x44, 0x45, 0x55, 0x55, 0x55, 0x55, 0x56, 
	0x67, 0x78, 0x89, 0x9A, 0xAA, 0xBB, 0xCC, 0xCD, 0xDD, 0xCB, 0xBB, 0xCB, 0xBB, 0xBC, 0xBB, 
	0xBB, 0xBB, 0xBC, 0xCC, 0xCC, 0xCC, 0xCC, 0xCB, 0xBB, 0xBB, 0xBB, 0xBB, 0xBC, 0xCC, 0xCC, 
	0xBC, 0xCC, 0xCC, 0xCC, 0xCC, 0xCC, 0xCC, 0xCC, 0xCC, 0xCC, 0xCC, 0xCC, 0xCC, 0xCC, 0xCC, 
	0xCC, 0xCC, 0xCC, 0xCC, 0xBB, 0xBB, 0xBB, 0xBC, 0xBB, 0xBB, 0xBB, 0xBB, 0xBB, 0xBB, 0xBB, 
	0xBB, 0xBB, 0xBB, 0xBB, 0xBB, 0xBB, 0xBB, 0xBA, 0xAA, 0xAA, 0xAA, 0xAA, 0xAA, 0xAA, 0xAA, 
	0xAA, 0xAA, 0xAA, 0xAA, 0xA9, 0x99, 0xA9, 0x99, 0x99, 0x99, 0x99, 0x99, 0x99, 0xAA, 0xA9, 
	0x9A, 0xA9, 0xA9, 0x9A, 0xAA, 0xAA, 0xAA, 0xAA, 0xBB, 0xBB, 0xBB, 0xBB, 0xBB, 0xBB, 0xBB, 
	0xBB, 0xBB, 0xBB, 0xBB, 0xBB, 0xBA, 0xAA, 0xAA, 0xAA, 0xAA, 0xA9, 0x99, 0x99, 0x99, 0x99, 
	0x99, 0x99, 0x99, 0x99, 0x99, 0x98, 0x88, 0x88, 0x88, 0x88, 0x88, 0x77, 0x77, 0x76, 0x66, 
	0x66, 0x66, 0x67, 0x66, 0x77, 0x77, 0x77, 0x77, 0x77, 0x77, 0x66, 0x66, 0x66, 0x66, 0x66, 
	0x66, 0x65, 0x54, 0x45, 0x66, 0x88, 0x88, 0x89, 0x9A, 0xBB, 0xB9, 0x88, 0x89, 0x88, 0x88, 
	0x88, 0x89, 0x99, 0x99, 0x99, 0x99, 0x99, 0x99, 0x99, 0x99, 0x99, 0x99, 0x99, 0x99, 0x99, 
	0x99, 0x99, 0x99, 0x99, 0x99, 0x99, 0x99, 0x99, 0x99, 0xAA, 0xAA, 0xAA, 0xA9, 0x99, 0x99, 
	0x00, 0x00, 0x00, 0x00, 0x00, 0x00, 0x00, 0x00, 0x00, 0x00, 0x00, 0x00, 0x00, 0x00, 0x00, 
	0x00, 0x00, 0x00, 0x00, 0x00, 0x00, 0x00, 0x00, 0x00, 0x00, 0x00, 0x00, 0x00, 0x00, 0x00, 
	0x00, 0x00, 0x00, 0x00, 0x00, 0x00, 0x00, 0x00, 0x00, 0x00, 0x00, 0x00, 0x00, 0x00, 0x00, 
	0x00, 0x00, 0x00, 0x00, 0x00, 0x00, 0x00, 0x00, 0x00, 0x00, 0x00, 0x00, 0x00, 0x00, 0x00, 
	0x00, 0x00, 0x00, 0x00, 0x00, 0x00, 0x00, 0x00, 0x00, 0x00, 0x00, 0x00, 0x00, 0x00, 0x00, 
	0x00, 0x00, 0x00, 0x00, 0x00, 0x00, 0x00, 0x00, 0x00, 0x00, 0x00, 0x00, 0x00, 0x00, 0x00, 
	0x77, 0x77, 0x77, 0x78, 0x9A, 0x97, 0x65, 0x44, 0x44, 0x45, 0x55, 0x55, 0x54, 0x55, 0x66, 
	0x77, 0x78, 0x88, 0x99, 0xAA, 0xBB, 0xCC, 0xDD, 0xCC, 0xBB, 0xBB, 0xBB, 0xBB, 0xBB, 0xBB, 
	0xBB, 0xBB, 0xBC, 0xCC, 0xCC, 0xCC, 0xCC, 0xCB, 0xBB, 0xBB, 0xBB, 0xBB, 0xBB, 0xCC, 0xCC, 
	0xCC, 0xCC, 0xCC, 0xCC, 0xCC, 0xCC, 0xCC, 0xCC, 0xCC, 0xCC, 0xCC, 0xCC, 0xCC, 0xCC, 0xCC, 
	0xCC, 0xCC, 0xCC, 0xCC, 0xCB, 0xCC, 0xCB, 0xCC, 0xBB, 0xBB, 0xBB, 0xBB, 0xBB, 0xBB, 0xBB, 
	0xBB, 0xBB, 0xBB, 0xBB, 0xBB, 0xBB, 0xBB, 0xBB, 0xBB, 0xAA, 0xAA, 0xAA, 0xAA, 0xAA, 0xAA, 
	0xAA, 0xAA, 0xAA, 0xAA, 0xAA, 0x9A, 0xA9, 0x99, 0x99, 0x99, 0x99, 0x9A, 0xAA, 0xAA, 0xAA, 
	0xAA, 0xAA, 0xAA, 0xAA, 0xAA, 0xAA, 0xAA, 0xAA, 0xAB, 0xBB, 0xBB, 0xBB, 0xBB, 0xBB, 0xBB, 
	0xBB, 0xBB, 0xBB, 0xBB, 0xBB, 0xAA, 0xAA, 0xAA, 0xAA, 0xAA, 0x99, 0x99, 0x99, 0x98, 0x89, 
	0x99, 0x99, 0x99, 0x99, 0x88, 0x89, 0x88, 0x88, 0x88, 0x88, 0x88, 0x87, 0x66, 0x66, 0x66, 
	0x66, 0x66, 0x67, 0x66, 0x77, 0x77, 0x77, 0x77, 0x77, 0x76, 0x66, 0x66, 0x66, 0x66, 0x66, 
	0x66, 0x65, 0x54, 0x45, 0x66, 0x88, 0x88, 0x89, 0x9A, 0xCC, 0xB9, 0x88, 0x88, 0x98, 0x88, 
	0x88, 0x88, 0x99, 0x99, 0x99, 0x99, 0x99, 0x99, 0x99, 0x99, 0x99, 0x99, 0x99, 0x99, 0x99, 
	0x99, 0x99, 0x99, 0x99, 0x99, 0x99, 0x99, 0x99, 0xAA, 0xAA, 0xAA, 0xAA, 0xA9, 0x99, 0x99, 
	0x00, 0x00, 0x00, 0x00, 0x00, 0x00, 0x00, 0x00, 0x00, 0x00, 0x00, 0x00, 0x00, 0x00, 0x00, 
	0x00, 0x00, 0x00, 0x00, 0x00, 0x00, 0x00, 0x00, 0x00, 0x00, 0x00, 0x00, 0x00, 0x00, 0x00, 
	0x00, 0x00, 0x00, 0x00, 0x00, 0x00, 0x00, 0x00, 0x00, 0x00, 0x00, 0x00, 0x00, 0x00, 0x00, 
	0x00, 0x00, 0x00, 0x00, 0x00, 0x00, 0x00, 0x00, 0x00, 0x00, 0x00, 0x00, 0x00, 0x00, 0x00, 
	0x00, 0x00, 0x00, 0x00, 0x00, 0x00, 0x00, 0x00, 0x00, 0x00, 0x00, 0x00, 0x00, 0x00, 0x00, 
	0x00, 0x00, 0x00, 0x00, 0x00, 0x00, 0x00, 0x00, 0x00, 0x00, 0x00, 0x00, 0x00, 0x00, 0x00, 
	0x77, 0x77, 0x77, 0x89, 0xAA, 0x97, 0x65, 0x44, 0x45, 0x54, 0x55, 0x76, 0x65, 0x55, 0x66, 
	0x76, 0x67, 0x89, 0x99, 0xAA, 0xBB, 0xCC, 0xCB, 0xBA, 0xAB, 0xBB, 0xBB, 0xBB, 0xBB, 0xBB, 
	0xBB, 0xBB, 0xCC, 0xCC, 0xCC, 0xCC, 0xCC, 0xCC, 0xBB, 0xBB, 0xBB, 0xCC, 0xCC, 0xCC, 0xCC, 
	0xCC, 0xCC, 0xCC, 0xCC, 0xCC, 0xCC, 0xCC, 0xCC, 0xCC, 0xCC, 0xCC, 0xCC, 0xCC, 0xCC, 0xCC, 
	0xCC, 0xCC, 0xCC, 0xCC, 0xCC, 0xCC, 0xCC, 0xCC, 0xCB, 0xBB, 0xBB, 0xBB, 0xBB, 0xBB, 0xBB, 
	0xBB, 0xBB, 0xBB, 0xBB, 0xBB, 0xBB, 0xBB, 0xBB, 0xBB, 0xAA, 0xAA, 0xAA, 0xAA, 0xAA, 0xAA, 
	0xAA, 0xAA, 0xAA, 0xAA, 0xAA, 0x9A, 0xAA, 0x99, 0x99, 0xAA, 0xA9, 0x9A, 0xAA, 0xAA, 0xAA, 
	0xAA, 0xAA, 0xAA, 0xAA, 0xAA, 0xAA, 0xAA, 0xAB, 0xBB, 0xBB, 0xBB, 0xBB, 0xBB, 0xBB, 0xBB, 
	0xBB, 0xBB, 0xBB, 0xBB, 0xBA, 0xAA, 0xAA, 0xAA, 0xAA, 0xA9, 0x99, 0x99, 0x99, 0x98, 0x88, 
	0x88, 0x88, 0x88, 0x88, 0x88, 0x88, 0x88, 0x88, 0x88, 0x88, 0x88, 0x87, 0x66, 0x66, 0x66, 
	0x66, 0x66, 0x77, 0x66, 0x77, 0x77, 0x77, 0x77, 0x77, 0x76, 0x66, 0x66, 0x66, 0x66, 0x66, 
	0x66, 0x65, 0x54, 0x45, 0x66, 0x78, 0x88, 0x89, 0x9A, 0xCC, 0xB9, 0x88, 0x88, 0x98, 0x88, 
	0x88, 0x88, 0x89, 0x99, 0x99, 0x99, 0x99, 0x99, 0x99, 0x99, 0x99, 0x99, 0x99, 0x99, 0x99, 
	0x99, 0x99, 0x99, 0x99, 0x99, 0x99, 0x99, 0x9A, 0xAA, 0xAA, 0xAA, 0xAA, 0x99, 0x99, 0x99, 
	0x00, 0x00, 0x00, 0x00, 0x00, 0x00, 0x00, 0x00, 0x00, 0x00, 0x00, 0x00, 0x00, 0x00, 0x00, 
	0x00, 0x00, 0x00, 0x00, 0x00, 0x00, 0x00, 0x00, 0x00, 0x00, 0x00, 0x00, 0x00, 0x00, 0x00, 
	0x00, 0x00, 0x00, 0x00, 0x00, 0x00, 0x00, 0x00, 0x00, 0x00, 0x00, 0x00, 0x00, 0x00, 0x00, 
	0x00, 0x00, 0x00, 0x00, 0x00, 0x00, 0x00, 0x00, 0x00, 0x00, 0x00, 0x00, 0x00, 0x00, 0x00, 
	0x00, 0x00, 0x00, 0x00, 0x00, 0x00, 0x00, 0x00, 0x00, 0x00, 0x00, 0x00, 0x00, 0x00, 0x00, 
	0x00, 0x00, 0x00, 0x00, 0x00, 0x00, 0x00, 0x00, 0x00, 0x00, 0x00, 0x00, 0x00, 0x00, 0x00, 
	0x77, 0x77, 0x77, 0x89, 0xAA, 0x97, 0x66, 0x65, 0x55, 0x55, 0x68, 0x86, 0x66, 0x66, 0x77, 
	0x67, 0x88, 0x99, 0x9A, 0xAA, 0xBB, 0xBB, 0xAA, 0xAA, 0xAA, 0xAA, 0xBB, 0xBB, 0xBB, 0xBB, 
	0xBB, 0xCC, 0xCC, 0xCC, 0xCC, 0xCC, 0xCC, 0xCC, 0xBB, 0xBB, 0xBC, 0xCC, 0xCC, 0xCC, 0xCC, 
	0xCC, 0xCC, 0xCC, 0xCC, 0xCC, 0xCC, 0xCC, 0xCC, 0xCC, 0xCC, 0xCC, 0xCC, 0xCC, 0xCC, 0xCC, 
	0xCC, 0xCC, 0xCC, 0xCC, 0xCC, 0xCC, 0xCC, 0xCC, 0xCC, 0xCC, 0xCC, 0xCC, 0xBB, 0xBB, 0xBB, 
	0xBB, 0xBB, 0xBB, 0xBB, 0xBB, 0xBB, 0xBB, 0xBB, 0xBB, 0xBB, 0xAA, 0xAA, 0xAA, 0xAA, 0xAA, 
	0xAA, 0xAA, 0xAA, 0xAA, 0xAA, 0xAA, 0xAA, 0xAA, 0xAA, 0xAA, 0xA9, 0x9A, 0xAA, 0xAA, 0xAA, 
	0xAA, 0xAA, 0xAA, 0xAA, 0xAA, 0xAA, 0xAA, 0xBB, 0xBB, 0xBB, 0xBB, 0xBB, 0xBB, 0xBB, 0xBB, 
	0xBB, 0xBB, 0xBB, 0xBB, 0xBA, 0xAA, 0xAA, 0xAA, 0xAA, 0xA9, 0x99, 0x99, 0x99, 0x99, 0x88, 
	0x88, 0x88, 0x88, 0x88, 0x88, 0x88, 0x88, 0x88, 0x88, 0x88, 0x87, 0x77, 0x66, 0x65, 0x66, 
	0x66, 0x66, 0x88, 0x77, 0x87, 0x77, 0x77, 0x77, 0x77, 0x66, 0x66, 0x66, 0x66, 0x66, 0x66, 
	0x66, 0x65, 0x54, 0x45, 0x56, 0x78, 0x88, 0x89, 0x9A, 0xBC, 0xBA, 0x88, 0x88, 0x98, 0x88, 
	0x88, 0x88, 0x88, 0x99, 0x99, 0x99, 0x99, 0x99, 0x99, 0x99, 0x99, 0x99, 0x99, 0x99, 0x99, 
	0x99, 0x99, 0x99, 0x99, 0x99, 0x99, 0x99, 0x9A, 0xAA, 0xAA, 0xAA, 0xA9, 0x99, 0x99, 0x99, 
	0x00, 0x00, 0x00, 0x00, 0x00, 0x00, 0x00, 0x00, 0x00, 0x00, 0x00, 0x00, 0x00, 0x00, 0x00, 
	0x00, 0x00, 0x00, 0x00, 0x00, 0x00, 0x00, 0x00, 0x00, 0x00, 0x00, 0x00, 0x00, 0x00, 0x00, 
	0x00, 0x00, 0x00, 0x00, 0x00, 0x00, 0x00, 0x00, 0x00, 0x00, 0x00, 0x00, 0x00, 0x00, 0x00, 
	0x00, 0x00, 0x00, 0x00, 0x00, 0x00, 0x00, 0x00, 0x00, 0x00, 0x00, 0x00, 0x00, 0x00, 0x00, 
	0x00, 0x00, 0x00, 0x00, 0x00, 0x00, 0x00, 0x00, 0x00, 0x00, 0x00, 0x00, 0x00, 0x00, 0x00, 
	0x00, 0x00, 0x00, 0x00, 0x00, 0x00, 0x00, 0x00, 0x00, 0x00, 0x00, 0x00, 0x00, 0x00, 0x00, 
	0x77, 0x77, 0x77, 0x8A, 0xAA, 0x99, 0x87, 0x77, 0x76, 0x68, 0x99, 0x87, 0x66, 0x66, 0x66, 
	0x78, 0x99, 0x9A, 0xAA, 0xAB, 0xBA, 0x99, 0x99, 0x9A, 0xAA, 0xAA, 0xAB, 0xBB, 0xBB, 0xBB, 
	0xBB, 0xCC, 0xCC, 0xCC, 0xCC, 0xCC, 0xCC, 0xCB, 0xBC, 0xCB, 0xBC, 0xCC, 0xCC, 0xCC, 0xCC, 
	0xCC, 0xCC, 0xCC, 0xCC, 0xCC, 0xCC, 0xCC, 0xCC, 0xCC, 0xCC, 0xCC, 0xCC, 0xCC, 0xCC, 0xCC, 
	0xCC, 0xCC, 0xCC, 0xCC, 0xCC, 0xCC, 0xCC, 0xCC, 0xCC, 0xCC, 0xCC, 0xCC, 0xCC, 0xCB, 0xBB, 
	0xBB, 0xBB, 0xBB, 0xBB, 0xBB, 0xBB, 0xBB, 0xBB, 0xBB, 0xBB, 0xBB, 0xAA, 0xAA, 0xAA, 0xAA, 
	0xAA, 0xAA, 0xAA, 0xAB, 0xAA, 0xAA, 0xAA, 0xAA, 0xAA, 0xAA, 0xAA, 0xAA, 0xAA, 0xAA, 0xAA, 
	0xAA, 0xAA, 0xAA, 0xAA, 0xAA, 0xAA, 0xAA, 0xAB, 0xBB, 0xBB, 0xBB, 0xBB, 0xBB, 0xBB, 0xBB, 
	0xBB, 0xBB, 0xBB, 0xBB, 0xBA, 0xAA, 0xAA, 0xAA, 0xAA, 0xA9, 0x99, 0x99, 0x99, 0x99, 0x99, 
	0x88, 0x88, 0x88, 0x88, 0x88, 0x88, 0x88, 0x88, 0x88, 0x78, 0x87, 0x76, 0x66, 0x55, 0x66, 
	0x77, 0x77, 0x88, 0x88, 0x97, 0x77, 0x77, 0x77, 0x77, 0x66, 0x66, 0x66, 0x66, 0x66, 0x66, 
	0x66, 0x65, 0x54, 0x45, 0x56, 0x78, 0x88, 0x88, 0x9A, 0xBC, 0xBA, 0x88, 0x88, 0x88, 0x88, 
	0x88, 0x88, 0x88, 0x99, 0x99, 0x99, 0x99, 0x99, 0x99, 0x99, 0x99, 0x99, 0x99, 0x99, 0x99, 
	0x99, 0x99, 0x99, 0x99, 0x99, 0x99, 0x99, 0xAA, 0xAA, 0xAA, 0xAA, 0x99, 0x99, 0x99, 0x99, 
	0x00, 0x00, 0x00, 0x00, 0x00, 0x00, 0x00, 0x00, 0x00, 0x00, 0x00, 0x00, 0x00, 0x00, 0x00, 
	0x00, 0x00, 0x00, 0x00, 0x00, 0x00, 0x00, 0x00, 0x00, 0x00, 0x00, 0x00, 0x00, 0x00, 0x00, 
	0x00, 0x00, 0x00, 0x00, 0x00, 0x00, 0x00, 0x00, 0x00, 0x00, 0x00, 0x00, 0x00, 0x00, 0x00, 
	0x00, 0x00, 0x00, 0x00, 0x00, 0x00, 0x00, 0x00, 0x00, 0x00, 0x00, 0x00, 0x00, 0x00, 0x00, 
	0x00, 0x00, 0x00, 0x00, 0x00, 0x00, 0x00, 0x00, 0x00, 0x00, 0x00, 0x00, 0x00, 0x00, 0x00, 
	0x00, 0x00, 0x00, 0x00, 0x00, 0x00, 0x00, 0x00, 0x00, 0x00, 0x00, 0x00, 0x00, 0x00, 0x00, 
	0x77, 0x88, 0x88, 0x9A, 0xBB, 0xAA, 0x99, 0x98, 0x87, 0x8A, 0xB9, 0x87, 0x77, 0x76, 0x77, 
	0x99, 0xAA, 0xAA, 0xAA, 0xBA, 0x98, 0x78, 0x88, 0x99, 0x99, 0xAA, 0xAB, 0xBB, 0xBB, 0xBC, 
	0xCC, 0xCC, 0xCC, 0xCC, 0xCC, 0xCC, 0xCC, 0xCB, 0xCC, 0xCC, 0xCC, 0xCC, 0xCC, 0xCC, 0xCC, 
	0xCC, 0xCC, 0xCC, 0xCC, 0xCC, 0xCC, 0xCC, 0xCC, 0xCC, 0xCC, 0xCC, 0xCC, 0xCC, 0xCC, 0xCC, 
	0xCC, 0xCC, 0xCC, 0xCC, 0xCC, 0xCC, 0xCC, 0xCC, 0xCC, 0xCC, 0xCC, 0xCC, 0xCC, 0xCC, 0xBB, 
	0xCB, 0xBB, 0xBB, 0xBB, 0xBB, 0xBB, 0xBB, 0xBB, 0xBB, 0xBB, 0xBB, 0xBA, 0xBA, 0xAA, 0xAA, 
	0xAA, 0xAA, 0xAA, 0xAB, 0xAA, 0xAA, 0xAA, 0xAA, 0xAA, 0xAA, 0xAA, 0xAA, 0xAA, 0xAA, 0xAA, 
	0xAB, 0xBB, 0xAA, 0xBB, 0xBA, 0xAA, 0xAA, 0xAA, 0xAB, 0xBB, 0xBB, 0xBB, 0xBB, 0xBB, 0xBB, 
	0xBB, 0xBB, 0xBB, 0xBA, 0xAA, 0xAA, 0xAA, 0xAA, 0xAA, 0x99, 0x99, 0x99, 0x99, 0x99, 0x99, 
	0x88, 0x88, 0x88, 0x88, 0x88, 0x88, 0x89, 0x88, 0x88, 0x77, 0x77, 0x76, 0x56, 0x66, 0x67, 
	0x77, 0x77, 0x88, 0x89, 0x98, 0x77, 0x77, 0x77, 0x77, 0x76, 0x66, 0x66, 0x66, 0x66, 0x66, 
	0x66, 0x65, 0x54, 0x45, 0x66, 0x78, 0x88, 0x88, 0x9A, 0xBC, 0xBA, 0x87, 0x88, 0x88, 0x88, 
	0x88, 0x88, 0x88, 0x99, 0x99, 0x99, 0x99, 0x99, 0x99, 0x99, 0x99, 0x99, 0x99, 0x99, 0x99, 
	0x99, 0x99, 0x99, 0x99, 0x99, 0x99, 0x9A, 0xAA, 0xAA, 0xAA, 0xA9, 0x99, 0x99, 0x99, 0x99, 
	0x00, 0x00, 0x00, 0x00, 0x00, 0x00, 0x00, 0x00, 0x00, 0x00, 0x00, 0x00, 0x00, 0x00, 0x00, 
	0x00, 0x00, 0x00, 0x00, 0x00, 0x00, 0x00, 0x00, 0x00, 0x00, 0x00, 0x00, 0x00, 0x00, 0x00, 
	0x00, 0x00, 0x00, 0x00, 0x00, 0x00, 0x00, 0x00, 0x00, 0x00, 0x00, 0x00, 0x00, 0x00, 0x00, 
	0x00, 0x00, 0x00, 0x00, 0x00, 0x00, 0x00, 0x00, 0x00, 0x00, 0x00, 0x00, 0x00, 0x00, 0x00, 
	0x00, 0x00, 0x00, 0x00, 0x00, 0x00, 0x00, 0x00, 0x00, 0x00, 0x00, 0x00, 0x00, 0x00, 0x00, 
	0x00, 0x00, 0x00, 0x00, 0x00, 0x00, 0x00, 0x00, 0x00, 0x00, 0x00, 0x00, 0x00, 0x00, 0x00, 
	0x77, 0x88, 0x89, 0xAB, 0xCC, 0xBB, 0xBB, 0xB9, 0x9A, 0xBB, 0xA9, 0x87, 0x66, 0x77, 0x78, 
	0xAA, 0xBB, 0xBB, 0xAA, 0x97, 0x66, 0x77, 0x78, 0x99, 0x99, 0x9A, 0xAA, 0xBB, 0xBB, 0xBC, 
	0xCC, 0xCC, 0xCC, 0xCC, 0xCC, 0xCC, 0xCC, 0xCC, 0xCC, 0xCC, 0xCC, 0xCC, 0xCC, 0xCC, 0xCC, 
	0xCC, 0xCC, 0xCC, 0xCC, 0xCC, 0xCC, 0xCC, 0xCC, 0xCC, 0xCC, 0xCC, 0xCC, 0xCC, 0xCC, 0xCC, 
	0xCC, 0xCC, 0xCC, 0xBC, 0xCC, 0xCC, 0xCC, 0xCC, 0xCC, 0xCC, 0xCC, 0xCC, 0xCC, 0xCC, 0xBB, 
	0xCC, 0xBB, 0xBB, 0xBB, 0xBB, 0xBB, 0xBB, 0xBB, 0xBB, 0xBB, 0xBB, 0xBB, 0xBB, 0xBB, 0xBB, 
	0xAA, 0xAA, 0xAA, 0xAB, 0xBA, 0xAA, 0xAA, 0xAA, 0xAA, 0xAA, 0xAA, 0xAA, 0xAA, 0xBA, 0xAA, 
	0xAB, 0xBB, 0xBB, 0xBB, 0xBB, 0xBB, 0xAA, 0xAA, 0xAA, 0xBB, 0xBB, 0xBB, 0xBB, 0xBB, 0xBB, 
	0xBB, 0xBA, 0xAA, 0xAA, 0xAA, 0xAA, 0xAA, 0xAA, 0xAA, 0x99, 0x99, 0x99, 0x99, 0x99, 0x99, 
	0x98, 0x88, 0x88, 0x88, 0x88, 0x88, 0x88, 0x88, 0x88, 0x77, 0x77, 0x76, 0x55, 0x66, 0x67, 
	0x77, 0x77, 0x88, 0x89, 0xA9, 0x87, 0x77, 0x77, 0x77, 0x77, 0x76, 0x66, 0x66, 0x66, 0x66, 
	0x66, 0x65, 0x54, 0x45, 0x66, 0x78, 0x88, 0x88, 0x9A, 0xBC, 0xBA, 0x87, 0x88, 0x88, 0x88, 
	0x88, 0x88, 0x88, 0x99, 0x99, 0x99, 0x99, 0x99, 0x99, 0x99, 0x99, 0x99, 0x99, 0x99, 0x99, 
	0x99, 0x99, 0x99, 0x99, 0x99, 0x99, 0xAA, 0xAA, 0xAA, 0xA9, 0x99, 0x99, 0x99, 0x99, 0x99, 
	0x00, 0x00, 0x00, 0x00, 0x00, 0x00, 0x00, 0x00, 0x00, 0x00, 0x00, 0x00, 0x00, 0x00, 0x00, 
	0x00, 0x00, 0x00, 0x00, 0x00, 0x00, 0x00, 0x00, 0x00, 0x00, 0x00, 0x00, 0x00, 0x00, 0x00, 
	0x00, 0x00, 0x00, 0x00, 0x00, 0x00, 0x00, 0x00, 0x00, 0x00, 0x00, 0x00, 0x00, 0x00, 0x00, 
	0x00, 0x00, 0x00, 0x00, 0x00, 0x00, 0x00, 0x00, 0x00, 0x00, 0x00, 0x00, 0x00, 0x00, 0x00, 
	0x00, 0x00, 0x00, 0x00, 0x00, 0x00, 0x00, 0x00, 0x00, 0x00, 0x00, 0x00, 0x00, 0x00, 0x00, 
	0x00, 0x00, 0x00, 0x00, 0x00, 0x00, 0x00, 0x00, 0x00, 0x00, 0x00, 0x00, 0x00, 0x00, 0x00, 
	0x77, 0x89, 0x9A, 0xBC, 0xDC, 0xCC, 0xCC, 0xCB, 0xBB, 0xBA, 0xA9, 0x87, 0x77, 0x88, 0x89, 
	0xBB, 0xBB, 0xBB, 0x97, 0x55, 0x55, 0x66, 0x78, 0x88, 0x99, 0x9A, 0xBB, 0xBB, 0xBB, 0xBC, 
	0xCC, 0xCC, 0xCC, 0xCC, 0xCC, 0xCC, 0xCC, 0xCC, 0xCC, 0xCC, 0xCC, 0xCC, 0xCC, 0xCC, 0xCC, 
	0xCC, 0xCC, 0xCC, 0xCC, 0xCC, 0xCC, 0xCC, 0xCC, 0xCC, 0xCC, 0xCC, 0xCC, 0xCC, 0xCC, 0xCC, 
	0xCC, 0xCC, 0xCB, 0xBC, 0xCC, 0xCC, 0xCC, 0xCC, 0xCC, 0xCC, 0xCC, 0xCC, 0xCC, 0xCC, 0xCC, 
	0xCC, 0xBB, 0xBB, 0xBB, 0xBB, 0xBB, 0xBB, 0xBB, 0xBB, 0xBB, 0xBB, 0xBB, 0xBB, 0xBB, 0xBB, 
	0xBA, 0xAB, 0xAA, 0xAB, 0xBB, 0xAA, 0xAA, 0xAA, 0xAA, 0xAA, 0xAA, 0xAA, 0xAA, 0xBB, 0xAA, 
	0xAB, 0xBB, 0xBB, 0xBB, 0xBB, 0xBB, 0xBA, 0xAA, 0xAA, 0xAA, 0xBB, 0xBB, 0xBB, 0xBB, 0xBB, 
	0xBB, 0xAA, 0xAA, 0xAA, 0xAA, 0xAA, 0xAA, 0xAA, 0xAA, 0x99, 0x99, 0x99, 0x99, 0x99, 0x99, 
	0x88, 0x88, 0x88, 0x88, 0x88, 0x88, 0x88, 0x88, 0x87, 0x77, 0x76, 0x66, 0x56, 0x66, 0x67, 
	0x77, 0x78, 0x88, 0x89, 0xAA, 0x98, 0x77, 0x77, 0x77, 0x77, 0x77, 0x66, 0x66, 0x66, 0x66, 
	0x66, 0x65, 0x54, 0x45, 0x66, 0x78, 0x88, 0x88, 0x99, 0xBC, 0xBA, 0x87, 0x88, 0x88, 0x88, 
	0x88, 0x88, 0x89, 0x99, 0x99, 0x99, 0x99, 0x99, 0x99, 0x99, 0x99, 0x99, 0x99, 0x99, 0x99, 
	0x99, 0x99, 0x99, 0x99, 0x99, 0x9A, 0xAA, 0xAA, 0xAA, 0xA9, 0x99, 0x99, 0x99, 0x99, 0x99, 
	0x00, 0x00, 0x00, 0x00, 0x00, 0x00, 0x00, 0x00, 0x00, 0x00, 0x00, 0x00, 0x00, 0x00, 0x00, 
	0x00, 0x00, 0x00, 0x00, 0x00, 0x00, 0x00, 0x00, 0x00, 0x00, 0x00, 0x00, 0x00, 0x00, 0x00, 
	0x00, 0x00, 0x00, 0x00, 0x00, 0x00, 0x00, 0x00, 0x00, 0x00, 0x00, 0x00, 0x00, 0x00, 0x00, 
	0x00, 0x00, 0x00, 0x00, 0x00, 0x00, 0x00, 0x00, 0x00, 0x00, 0x00, 0x00, 0x00, 0x00, 0x00, 
	0x00, 0x00, 0x00, 0x00, 0x00, 0x00, 0x00, 0x00, 0x00, 0x00, 0x00, 0x00, 0x00, 0x00, 0x00, 
	0x00, 0x00, 0x00, 0x00, 0x00, 0x00, 0x00, 0x00, 0x00, 0x00, 0x00, 0x00, 0x00, 0x00, 0x00, 
	0x77, 0x8A, 0xAC, 0xCD, 0xDD, 0xDD, 0xDD, 0xCB, 0xCB, 0xBA, 0x98, 0x76, 0x78, 0x88, 0xAB, 
	0xCC, 0xCC, 0xB8, 0x65, 0x54, 0x45, 0x66, 0x78, 0x88, 0x99, 0xAA, 0xAB, 0xBB, 0xBC, 0xCC, 
	0xCC, 0xCC, 0xCC, 0xCC, 0xCC, 0xCC, 0xCC, 0xCC, 0xCC, 0xCC, 0xCC, 0xCC, 0xCC, 0xCC, 0xCC, 
	0xCC, 0xCC, 0xCC, 0xCC, 0xCC, 0xCD, 0xCC, 0xCC, 0xCC, 0xDD, 0xCC, 0xCC, 0xCC, 0xCC, 0xCC, 
	0xCC, 0xCC, 0xBB, 0xCC, 0xCC, 0xCC, 0xCC, 0xCC, 0xCC, 0xCC, 0xCC, 0xCC, 0xCC, 0xCC, 0xCC, 
	0xCC, 0xBB, 0xBB, 0xBB, 0xBB, 0xBB, 0xBB, 0xBB, 0xBB, 0xBB, 0xBB, 0xBB, 0xBB, 0xBB, 0xBB, 
	0xBA, 0xAB, 0xAA, 0xAB, 0xBB, 0xBB, 0xBA, 0xAA, 0xAA, 0xAA, 0xAA, 0xAB, 0xAA, 0xAB, 0xBA, 
	0xBB, 0xBB, 0xBB, 0xBB, 0xBB, 0xBB, 0xBA, 0xAA, 0xAA, 0xAA, 0xBB, 0xAA, 0xAB, 0xBA, 0xAA, 
	0xAA, 0xAA, 0xAA, 0xAA, 0xAA, 0xAA, 0xAA, 0xA9, 0x99, 0x99, 0x99, 0x88, 0x99, 0x88, 0x88, 
	0x88, 0x88, 0x88, 0x88, 0x87, 0x78, 0x88, 0x88, 0x87, 0x77, 0x76, 0x66, 0x66, 0x66, 0x66, 
	0x77, 0x77, 0x78, 0x89, 0xA9, 0x98, 0x87, 0x77, 0x77, 0x77, 0x77, 0x66, 0x66, 0x66, 0x66, 
	0x66, 0x65, 0x54, 0x45, 0x56, 0x78, 0x88, 0x88, 0x99, 0xBC, 0xBA, 0x87, 0x88, 0x88, 0x88, 
	0x88, 0x88, 0x99, 0x99, 0x99, 0x99, 0x99, 0x99, 0x99, 0x99, 0x99, 0x99, 0x99, 0x99, 0x99, 
	0x99, 0x99, 0x99, 0x99, 0x99, 0xAA, 0xAA, 0xAA, 0xAA, 0x99, 0x99, 0x99, 0x99, 0x99, 0x99, 
	0x00, 0x00, 0x00, 0x00, 0x00, 0x00, 0x00, 0x00, 0x00, 0x00, 0x00, 0x00, 0x00, 0x00, 0x00, 
	0x00, 0x00, 0x00, 0x00, 0x00, 0x00, 0x00, 0x00, 0x00, 0x00, 0x00, 0x00, 0x00, 0x00, 0x00, 
	0x00, 0x00, 0x00, 0x00, 0x00, 0x00, 0x00, 0x00, 0x00, 0x00, 0x00, 0x00, 0x00, 0x00, 0x00, 
	0x00, 0x00, 0x00, 0x00, 0x00, 0x00, 0x00, 0x00, 0x00, 0x00, 0x00, 0x00, 0x00, 0x00, 0x00, 
	0x00, 0x00, 0x00, 0x00, 0x00, 0x00, 0x00, 0x00, 0x00, 0x00, 0x00, 0x00, 0x00, 0x00, 0x00, 
	0x00, 0x00, 0x00, 0x00, 0x00, 0x00, 0x00, 0x00, 0x00, 0x00, 0x00, 0x00, 0x00, 0x00, 0x00, 
	0x78, 0x9B, 0xBD, 0xDD, 0xDD, 0xDD, 0xDD, 0xCC, 0xCB, 0xBA, 0x97, 0x78, 0x88, 0x8A, 0xBC, 
	0xDD, 0xCA, 0x75, 0x55, 0x44, 0x55, 0x56, 0x77, 0x88, 0x99, 0xAA, 0xAB, 0xBB, 0xBC, 0xCC, 
	0xCC, 0xCC, 0xCC, 0xCC, 0xCC, 0xCC, 0xCC, 0xCC, 0xCC, 0xCC, 0xCC, 0xCC, 0xCC, 0xCC, 0xCC, 
	0xCC, 0xCC, 0xCC, 0xCC, 0xCC, 0xCC, 0xCC, 0xCC, 0xCD, 0xDC, 0xCC, 0xCC, 0xCC, 0xCC, 0xCC, 
	0xCC, 0xCC, 0xCC, 0xCC, 0xCC, 0xCC, 0xCC, 0xCC, 0xCC, 0xCC, 0xCC, 0xCC, 0xCC, 0xCC, 0xCC, 
	0xCC, 0xCC, 0xCC, 0xCC, 0xCC, 0xBB, 0xBB, 0xBB, 0xBB, 0xBB, 0xBB, 0xBB, 0xBB, 0xBB, 0xBB, 
	0xBB, 0xAB, 0xAA, 0xAB, 0xBB, 0xBB, 0xAA, 0xAA, 0xBB, 0xBB, 0xBB, 0xAA, 0xAA, 0xBB, 0xBB, 
	0xBB, 0xBB, 0xBB, 0xBB, 0xBB, 0xBB, 0xBA, 0xAA, 0xAB, 0xBB, 0xBA, 0xAA, 0xAA, 0xAA, 0xAA, 
	0xAA, 0xAA, 0xAA, 0xAA, 0xAA, 0xA9, 0x99, 0x99, 0x99, 0x99, 0x98, 0x88, 0x88, 0x88, 0x88, 
	0x88, 0x88, 0x88, 0x88, 0x88, 0x88, 0x88, 0x88, 0x78, 0x77, 0x76, 0x56, 0x66, 0x66, 0x66, 
	0x77, 0x77, 0x78, 0x89, 0x9A, 0xA9, 0x88, 0x77, 0x77, 0x77, 0x76, 0x66, 0x66, 0x66, 0x66, 
	0x66, 0x65, 0x54, 0x45, 0x66, 0x78, 0x88, 0x88, 0x89, 0xAB, 0xBA, 0x97, 0x88, 0x88, 0x88, 
	0x88, 0x88, 0x88, 0x99, 0x99, 0x99, 0x99, 0x99, 0x99, 0x99, 0x99, 0x99, 0x99, 0x99, 0x99, 
	0x99, 0x99, 0x99, 0x99, 0xAA, 0xAA, 0xAA, 0xAA, 0xA9, 0x99, 0x99, 0x99, 0x99, 0x99, 0x99, 
	0x00, 0x00, 0x00, 0x00, 0x00, 0x00, 0x00, 0x00, 0x00, 0x00, 0x00, 0x00, 0x00, 0x00, 0x00, 
	0x00, 0x00, 0x00, 0x00, 0x00, 0x00, 0x00, 0x00, 0x00, 0x00, 0x00, 0x00, 0x00, 0x00, 0x00, 
	0x00, 0x00, 0x00, 0x00, 0x00, 0x00, 0x00, 0x00, 0x00, 0x00, 0x00, 0x00, 0x00, 0x00, 0x00, 
	0x00, 0x00, 0x00, 0x00, 0x00, 0x00, 0x00, 0x00, 0x00, 0x00, 0x00, 0x00, 0x00, 0x00, 0x00, 
	0x00, 0x00, 0x00, 0x00, 0x00, 0x00, 0x00, 0x00, 0x00, 0x00, 0x00, 0x00, 0x00, 0x00, 0x00, 
	0x00, 0x00, 0x00, 0x00, 0x00, 0x00, 0x00, 0x00, 0x00, 0x00, 0x00, 0x00, 0x00, 0x00, 0x00, 
	0x78, 0xAC, 0xCD, 0xDD, 0xDD, 0xDD, 0xDD, 0xDD, 0xCC, 0xBA, 0x86, 0x78, 0x89, 0xAC, 0xDD, 
	0xDC, 0x97, 0x55, 0x55, 0x44, 0x45, 0x67, 0x77, 0x88, 0x99, 0x9A, 0xAA, 0xBB, 0xBC, 0xCC, 
	0xCC, 0xCC, 0xCC, 0xCC, 0xCC, 0xCC, 0xCC, 0xCC, 0xCC, 0xCC, 0xCD, 0xDD, 0xCC, 0xCC, 0xCC, 
	0xCC, 0xCC, 0xCC, 0xCC, 0xCC, 0xCC, 0xCD, 0xDC, 0xCD, 0xDC, 0xCC, 0xCC, 0xCC, 0xCC, 0xCC, 
	0xCC, 0xCC, 0xCC, 0xCC, 0xCC, 0xCC, 0xCC, 0xCC, 0xCC, 0xCC, 0xCC, 0xCC, 0xCC, 0xCC, 0xCC, 
	0xCC, 0xCC, 0xCB, 0xCC, 0xCC, 0xCB, 0xBB, 0xBB, 0xBB, 0xBB, 0xBB, 0xBB, 0xBB, 0xBB, 0xBB, 
	0xBB, 0xBB, 0xAA, 0xAB, 0xBB, 0xBB, 0xBA, 0xAA, 0xBB, 0xBB, 0xBB, 0xAB, 0xBB, 0xBB, 0xBB, 
	0xBB, 0xBB, 0xBB, 0xBB, 0xBB, 0xBB, 0xBB, 0xAA, 0xAA, 0xAA, 0xAA, 0xAA, 0xAA, 0xAA, 0xAA, 
	0xAA, 0xAA, 0xAA, 0xAA, 0xAA, 0xA9, 0x99, 0x99, 0x99, 0x99, 0x88, 0x88, 0x88, 0x88, 0x88, 
	0x88, 0x88, 0x88, 0x88, 0x88, 0x88, 0x87, 0x77, 0x77, 0x77, 0x76, 0x65, 0x65, 0x66, 0x66, 
	0x77, 0x77, 0x77, 0x89, 0x99, 0x99, 0x98, 0x77, 0x77, 0x77, 0x77, 0x76, 0x66, 0x76, 0x66, 
	0x66, 0x66, 0x55, 0x45, 0x66, 0x78, 0x88, 0x88, 0x89, 0xBC, 0xBB, 0x97, 0x88, 0x88, 0x88, 
	0x88, 0x89, 0x99, 0x99, 0x99, 0x99, 0x99, 0x99, 0x99, 0x99, 0x99, 0x99, 0x99, 0x99, 0x99, 
	0x99, 0x99, 0x99, 0x99, 0xAA, 0xAA, 0xAA, 0xA9, 0x99, 0x99, 0x99, 0x99, 0x99, 0x99, 0x99, 
	0x00, 0x00, 0x00, 0x00, 0x00, 0x00, 0x00, 0x00, 0x00, 0x00, 0x00, 0x00, 0x00, 0x00, 0x00, 
	0x00, 0x00, 0x00, 0x00, 0x00, 0x00, 0x00, 0x00, 0x00, 0x00, 0x00, 0x00, 0x00, 0x00, 0x00, 
	0x00, 0x00, 0x00, 0x00, 0x00, 0x00, 0x00, 0x00, 0x00, 0x00, 0x00, 0x00, 0x00, 0x00, 0x00, 
	0x00, 0x00, 0x00, 0x00, 0x00, 0x00, 0x00, 0x00, 0x00, 0x00, 0x00, 0x00, 0x00, 0x00, 0x00, 
	0x00, 0x00, 0x00, 0x00, 0x00, 0x00, 0x00, 0x00, 0x00, 0x00, 0x00, 0x00, 0x00, 0x00, 0x00, 
	0x00, 0x00, 0x00, 0x00, 0x00, 0x00, 0x00, 0x00, 0x00, 0x00, 0x00, 0x00, 0x00, 0x00, 0x00, 
	0x89, 0xBC, 0xCD, 0xDD, 0xDD, 0xDD, 0xDD, 0xDD, 0xCC, 0xB9, 0x78, 0x78, 0x8A, 0xCD, 0xDD, 
	0xB9, 0x76, 0x66, 0x55, 0x45, 0x56, 0x78, 0x87, 0x78, 0x88, 0x99, 0xAA, 0xBB, 0xBB, 0xBB, 
	0xCB, 0xBB, 0xBC, 0xCC, 0xCC, 0xCC, 0xCC, 0xCC, 0xDC, 0xCD, 0xDD, 0xDD, 0xDD, 0xCC, 0xCC, 
	0xCC, 0xCC, 0xCC, 0xCC, 0xCC, 0xCC, 0xDD, 0xDD, 0xDC, 0xCC, 0xCC, 0xCC, 0xCC, 0xCC, 0xCC, 
	0xCC, 0xCC, 0xCC, 0xCC, 0xCC, 0xCC, 0xCC, 0xCC, 0xCC, 0xCC, 0xCC, 0xCC, 0xCC, 0xCC, 0xCC, 
	0xCC, 0xCC, 0xCB, 0xCC, 0xCC, 0xCB, 0xBC, 0xCC, 0xBB, 0xBB, 0xBB, 0xBB, 0xBB, 0xBB, 0xBB, 
	0xBB, 0xBB, 0xAA, 0xBB, 0xBB, 0xBB, 0xBB, 0xAA, 0xBB, 0xBB, 0xBB, 0xBB, 0xBB, 0xBB, 0xBB, 
	0xBB, 0xBB, 0xBB, 0xBB, 0xBB, 0xBB, 0xBB, 0xBA, 0xAA, 0xAA, 0xAA, 0xAA, 0xAA, 0xAA, 0xAA, 
	0xAA, 0xAA, 0xAA, 0xAA, 0xAA, 0xA9, 0x99, 0x99, 0x99, 0x88, 0x88, 0x88, 0x88, 0x88, 0x88, 
	0x88, 0x88, 0x88, 0x88, 0x88, 0x88, 0x87, 0x76, 0x66, 0x67, 0x66, 0x65, 0x55, 0x56, 0x66, 
	0x67, 0x77, 0x77, 0x88, 0x99, 0xAA, 0x99, 0x88, 0x87, 0x77, 0x77, 0x77, 0x77, 0x66, 0x66, 
	0x66, 0x66, 0x55, 0x45, 0x66, 0x78, 0x88, 0x88, 0x89, 0xAC, 0xBB, 0x97, 0x88, 0x88, 0x88, 
	0x88, 0x89, 0x99, 0x99, 0x99, 0x99, 0x99, 0x99, 0x99, 0x99, 0x99, 0x99, 0x99, 0x99, 0x99, 
	0x99, 0x99, 0x99, 0x9A, 0xAA, 0xAA, 0xAA, 0xA9, 0x99, 0x99, 0x99, 0x99, 0x99, 0x99, 0x99, 
	0x00, 0x00, 0x00, 0x00, 0x00, 0x00, 0x00, 0x00, 0x00, 0x00, 0x00, 0x00, 0x00, 0x00, 0x00, 
	0x00, 0x00, 0x00, 0x00, 0x00, 0x00, 0x00, 0x00, 0x00, 0x00, 0x00, 0x00, 0x00, 0x00, 0x00, 
	0x00, 0x00, 0x00, 0x00, 0x00, 0x00, 0x00, 0x00, 0x00, 0x00, 0x00, 0x00, 0x00, 0x00, 0x00, 
	0x00, 0x00, 0x00, 0x00, 0x00, 0x00, 0x00, 0x00, 0x00, 0x00, 0x00, 0x00, 0x00, 0x00, 0x00, 
	0x00, 0x00, 0x00, 0x00, 0x00, 0x00, 0x00, 0x00, 0x00, 0x00, 0x00, 0x00, 0x00, 0x00, 0x00, 
	0x00, 0x00, 0x00, 0x00, 0x00, 0x00, 0x00, 0x00, 0x00, 0x00, 0x00, 0x00, 0x00, 0x00, 0x00, 
	0x8A, 0xBC, 0xCD, 0xDD, 0xDD, 0xDD, 0xDD, 0xDD, 0xCC, 0xB9, 0x78, 0x89, 0xAC, 0xCD, 0xDB, 
	0x98, 0x76, 0x66, 0x55, 0x56, 0x77, 0x88, 0x87, 0x77, 0x78, 0x89, 0x9A, 0xBB, 0xBB, 0xBB, 
	0xBB, 0xBB, 0xBC, 0xCC, 0xCC, 0xCC, 0xCC, 0xCC, 0xDD, 0xDD, 0xDD, 0xDD, 0xDC, 0xCC, 0xCC, 
	0xCC, 0xCC, 0xCC, 0xCC, 0xCC, 0xCD, 0xDD, 0xDD, 0xCC, 0xCC, 0xCC, 0xCC, 0xCC, 0xCC, 0xCC, 
	0xCC, 0xCC, 0xCC, 0xCC, 0xCC, 0xCC, 0xCC, 0xCC, 0xCC, 0xCC, 0xCC, 0xCC, 0xCC, 0xCC, 0xCC, 
	0xCC, 0xCC, 0xCC, 0xCC, 0xCC, 0xCC, 0xCC, 0xCC, 0xBB, 0xBC, 0xCC, 0xCB, 0xBB, 0xBB, 0xBB, 
	0xBB, 0xBB, 0xBB, 0xBB, 0xBB, 0xBB, 0xBB, 0xAB, 0xBB, 0xBB, 0xBB, 0xBB, 0xBB, 0xBB, 0xBB, 
	0xBB, 0xBB, 0xBB, 0xBB, 0xBB, 0xBB, 0xBB, 0xBA, 0xAA, 0xAA, 0xAA, 0xAA, 0xAA, 0xAA, 0xAA, 
	0xAA, 0xAA, 0xAA, 0xAA, 0xAA, 0x99, 0x99, 0x99, 0x99, 0x88, 0x88, 0x88, 0x88, 0x77, 0x87, 
	0x88, 0x88, 0x87, 0x88, 0x88, 0x88, 0x87, 0x76, 0x66, 0x56, 0x66, 0x65, 0x55, 0x56, 0x66, 
	0x66, 0x77, 0x77, 0x88, 0x89, 0x9A, 0x99, 0x88, 0x87, 0x77, 0x77, 0x77, 0x77, 0x66, 0x77, 
	0x76, 0x66, 0x55, 0x45, 0x66, 0x78, 0x88, 0x88, 0x89, 0xAB, 0xBB, 0x97, 0x88, 0x88, 0x88, 
	0x88, 0x88, 0x88, 0x99, 0x99, 0x99, 0x99, 0x99, 0x99, 0x99, 0x99, 0x99, 0x99, 0x99, 0x99, 
	0x99, 0x99, 0x99, 0xAA, 0xAA, 0xAA, 0xAA, 0x99, 0x99, 0x99, 0x99, 0x99, 0x99, 0x99, 0x99, 
	0x00, 0x00, 0x00, 0x00, 0x00, 0x00, 0x00, 0x00, 0x00, 0x00, 0x00, 0x00, 0x00, 0x00, 0x00, 
	0x00, 0x00, 0x00, 0x00, 0x00, 0x00, 0x00, 0x00, 0x00, 0x00, 0x00, 0x00, 0x00, 0x00, 0x00, 
	0x00, 0x00, 0x00, 0x00, 0x00, 0x00, 0x00, 0x00, 0x00, 0x00, 0x00, 0x00, 0x00, 0x00, 0x00, 
	0x00, 0x00, 0x00, 0x00, 0x00, 0x00, 0x00, 0x00, 0x00, 0x00, 0x00, 0x00, 0x00, 0x00, 0x00, 
	0x00, 0x00, 0x00, 0x00, 0x00, 0x00, 0x00, 0x00, 0x00, 0x00, 0x00, 0x00, 0x00, 0x00, 0x00, 
	0x00, 0x00, 0x00, 0x00, 0x00, 0x00, 0x00, 0x00, 0x00, 0x00, 0x00, 0x00, 0x00, 0x00, 0x00, 
	0x8A, 0xBC, 0xCC, 0xDD, 0xDD, 0xDD, 0xDD, 0xDD, 0xDC, 0xA8, 0x88, 0x9A, 0xBC, 0xCC, 0xCA, 
	0x97, 0x66, 0x66, 0x66, 0x67, 0x88, 0x88, 0x76, 0x66, 0x67, 0x89, 0x9A, 0xAA, 0xBB, 0xBB, 
	0xBB, 0xBB, 0xCC, 0xCC, 0xCC, 0xCC, 0xCC, 0xCC, 0xCD, 0xDD, 0xDD, 0xDC, 0xCC, 0xCC, 0xCC, 
	0xCC, 0xCC, 0xCC, 0xCC, 0xCC, 0xCC, 0xCC, 0xCC, 0xCC, 0xCC, 0xCC, 0xCC, 0xCC, 0xCC, 0xCC, 
	0xCC, 0xCC, 0xCC, 0xCC, 0xCC, 0xCC, 0xCC, 0xCC, 0xCC, 0xCC, 0xCC, 0xCC, 0xCC, 0xCC, 0xCC, 
	0xCC, 0xCC, 0xCC, 0xCC, 0xCC, 0xCC, 0xCC, 0xCC, 0xCC, 0xCC, 0xCC, 0xCC, 0xBB, 0xBB, 0xBB, 
	0xBB, 0xBB, 0xBB, 0xBB, 0xBB, 0xBA, 0xBB, 0xBB, 0xBB, 0xBB, 0xBB, 0xBB, 0xBB, 0xBB, 0xBB, 
	0xBB, 0xBB, 0xBB, 0xBB, 0xBB, 0xBB, 0xBB, 0xBA, 0xAA, 0xAA, 0xAA, 0xAA, 0xAA, 0xAA, 0xAA, 
	0xAA, 0xAA, 0xAA, 0xAA, 0xAA, 0x99, 0x99, 0x99, 0x99, 0x88, 0x88, 0x87, 0x77, 0x77, 0x77, 
	0x77, 0x77, 0x77, 0x78, 0x78, 0x88, 0x87, 0x76, 0x66, 0x55, 0x65, 0x55, 0x65, 0x56, 0x66, 
	0x66, 0x77, 0x77, 0x88, 0x89, 0x9A, 0x99, 0x88, 0x88, 0x88, 0x77, 0x77, 0x77, 0x77, 0x77, 
	0x77, 0x66, 0x65, 0x45, 0x66, 0x78, 0x88, 0x88, 0x89, 0xAB, 0xBB, 0x97, 0x88, 0x88, 0x88, 
	0x88, 0x88, 0x88, 0x99, 0x99, 0x99, 0x99, 0x99, 0x99, 0x99, 0x99, 0x99, 0x99, 0x99, 0x99, 
	0x99, 0x99, 0x9A, 0xAA, 0xAA, 0xAA, 0xA9, 0x99, 0x99, 0x99, 0x99, 0x99, 0x99, 0x99, 0x99, 
	0x00, 0x00, 0x00, 0x00, 0x00, 0x00, 0x00, 0x00, 0x00, 0x00, 0x00, 0x00, 0x00, 0x00, 0x00, 
	0x00, 0x00, 0x00, 0x00, 0x00, 0x00, 0x00, 0x00, 0x00, 0x00, 0x00, 0x00, 0x00, 0x00, 0x00, 
	0x00, 0x00, 0x00, 0x00, 0x00, 0x00, 0x00, 0x00, 0x00, 0x00, 0x00, 0x00, 0x00, 0x00, 0x00, 
	0x00, 0x00, 0x00, 0x00, 0x00, 0x00, 0x00, 0x00, 0x00, 0x00, 0x00, 0x00, 0x00, 0x00, 0x00, 
	0x00, 0x00, 0x00, 0x00, 0x00, 0x00, 0x00, 0x00, 0x00, 0x00, 0x00, 0x00, 0x00, 0x00, 0x00, 
	0x00, 0x00, 0x00, 0x00, 0x00, 0x00, 0x00, 0x00, 0x00, 0x00, 0x00, 0x00, 0x00, 0x00, 0x00, 
	0x9A, 0xBC, 0xCC, 0xCD, 0xDD, 0xDD, 0xDD, 0xDD, 0xDB, 0xAA, 0xA9, 0x9A, 0xBC, 0xCB, 0xA8, 
	0x76, 0x67, 0x77, 0x78, 0x99, 0x98, 0x87, 0x66, 0x56, 0x66, 0x79, 0x99, 0xAA, 0xAB, 0xBB, 
	0xBB, 0xBB, 0xCC, 0xCC, 0xCC, 0xCC, 0xCC, 0xCC, 0xDD, 0xDD, 0xDD, 0xDC, 0xCC, 0xCC, 0xCC, 
	0xCC, 0xCC, 0xCC, 0xCC, 0xCC, 0xCC, 0xCC, 0xCC, 0xCC, 0xCC, 0xCC, 0xCC, 0xCC, 0xCC, 0xCC, 
	0xCC, 0xCC, 0xCC, 0xCC, 0xCC, 0xCC, 0xCC, 0xCC, 0xCC, 0xCC, 0xCC, 0xCC, 0xCC, 0xCC, 0xCC, 
	0xCC, 0xCC, 0xCC, 0xCC, 0xCC, 0xCC, 0xCC, 0xCC, 0xCC, 0xCC, 0xCC, 0xCC, 0xCB, 0xBB, 0xBB, 
	0xBB, 0xBB, 0xBB, 0xBB, 0xBB, 0xBB, 0xBB, 0xBB, 0xBB, 0xBB, 0xBB, 0xBB, 0xBB, 0xBB, 0xBB, 
	0xBB, 0xBB, 0xBB, 0xBB, 0xBB, 0xBB, 0xBB, 0xBB, 0xAA, 0xAA, 0xAA, 0xAA, 0xAA, 0xAA, 0xAA, 
	0xAA, 0xAA, 0xAA, 0xAA, 0x99, 0x99, 0x99, 0x99, 0x99, 0x88, 0x88, 0x77, 0x77, 0x77, 0x77, 
	0x77, 0x77, 0x77, 0x77, 0x77, 0x77, 0x77, 0x76, 0x76, 0x55, 0x55, 0x45, 0x65, 0x56, 0x66, 
	0x66, 0x77, 0x78, 0x88, 0x89, 0x9A, 0x99, 0x88, 0x88, 0x88, 0x88, 0x87, 0x77, 0x77, 0x77, 
	0x77, 0x76, 0x65, 0x55, 0x66, 0x78, 0x88, 0x88, 0x89, 0xAB, 0xBB, 0x97, 0x88, 0x88, 0x88, 
	0x88, 0x88, 0x99, 0x89, 0x99, 0x99, 0x99, 0x99, 0x99, 0x99, 0x99, 0x99, 0x99, 0x99, 0x99, 
	0x99, 0x99, 0xAA, 0xAA, 0xAA, 0xA9, 0x99, 0x99, 0x99, 0x99, 0x99, 0x99, 0x99, 0x99, 0x99, 
	0x00, 0x00, 0x00, 0x00, 0x00, 0x00, 0x00, 0x00, 0x00, 0x00, 0x00, 0x00, 0x00, 0x00, 0x00, 
	0x00, 0x00, 0x00, 0x00, 0x00, 0x00, 0x00, 0x00, 0x00, 0x00, 0x00, 0x00, 0x00, 0x00, 0x00, 
	0x00, 0x00, 0x00, 0x00, 0x00, 0x00, 0x00, 0x00, 0x00, 0x00, 0x00, 0x00, 0x00, 0x00, 0x00, 
	0x00, 0x00, 0x00, 0x00, 0x00, 0x00, 0x00, 0x00, 0x00, 0x00, 0x00, 0x00, 0x00, 0x00, 0x00, 
	0x00, 0x00, 0x00, 0x00, 0x00, 0x00, 0x00, 0x00, 0x00, 0x00, 0x00, 0x00, 0x00, 0x00, 0x00, 
	0x00, 0x00, 0x00, 0x00, 0x00, 0x00, 0x00, 0x00, 0x00, 0x00, 0x00, 0x00, 0x00, 0x00, 0x00, 
	0x9B, 0xBC, 0xCD, 0xCD, 0xDD, 0xDD, 0xDD, 0xDD, 0xCC, 0xBB, 0xA8, 0xAB, 0xCC, 0xCA, 0x98, 
	0x77, 0x77, 0x78, 0x99, 0xA9, 0x98, 0x76, 0x65, 0x56, 0x66, 0x78, 0x99, 0x9A, 0xAB, 0xBB, 
	0xBB, 0xBB, 0xBC, 0xCC, 0xCC, 0xCC, 0xCC, 0xCC, 0xDD, 0xDD, 0xDD, 0xCC, 0xCC, 0xCC, 0xCC, 
	0xCC, 0xCC, 0xCC, 0xCC, 0xCC, 0xCC, 0xCC, 0xCC, 0xCC, 0xCC, 0xCC, 0xCC, 0xCC, 0xCC, 0xCC, 
	0xCC, 0xCC, 0xCC, 0xCC, 0xCC, 0xCC, 0xCC, 0xCC, 0xCC, 0xCC, 0xCC, 0xCC, 0xCC, 0xCC, 0xCC, 
	0xCC, 0xCC, 0xCC, 0xCC, 0xCC, 0xCC, 0xCC, 0xCC, 0xCC, 0xCC, 0xCC, 0xCC, 0xCB, 0xBB, 0xBB, 
	0xBB, 0xBB, 0xBB, 0xBB, 0xBB, 0xBB, 0xBB, 0xBB, 0xBB, 0xBB, 0xBB, 0xBB, 0xBB, 0xBB, 0xBB, 
	0xBB, 0xBB, 0xBB, 0xBB, 0xBB, 0xBB, 0xBB, 0xBB, 0xAA, 0xAA, 0xAA, 0xAA, 0xAA, 0xAA, 0xAA, 
	0xAA, 0xAA, 0xAA, 0xAA, 0x99, 0x99, 0x99, 0x99, 0x88, 0x88, 0x88, 0x77, 0x77, 0x77, 0x77, 
	0x77, 0x77, 0x77, 0x77, 0x77, 0x77, 0x77, 0x76, 0x66, 0x65, 0x55, 0x45, 0x65, 0x56, 0x66, 
	0x67, 0x78, 0x88, 0x88, 0x89, 0x99, 0x99, 0x87, 0x77, 0x77, 0x77, 0x77, 0x77, 0x66, 0x66, 
	0x66, 0x66, 0x65, 0x45, 0x66, 0x78, 0x88, 0x88, 0x89, 0xAB, 0xBB, 0x97, 0x88, 0x88, 0x88, 
	0x88, 0x88, 0x99, 0x89, 0x99, 0x99, 0x99, 0x99, 0x99, 0x99, 0x99, 0x99, 0x99, 0x99, 0x99, 
	0x99, 0x9A, 0xAA, 0xAA, 0xAA, 0x99, 0x99, 0x99, 0x99, 0x99, 0x99, 0x99, 0x99, 0x99, 0x99, 
	0x00, 0x00, 0x00, 0x00, 0x00, 0x00, 0x00, 0x00, 0x00, 0x00, 0x00, 0x00, 0x00, 0x00, 0x00, 
	0x00, 0x00, 0x00, 0x00, 0x00, 0x00, 0x00, 0x00, 0x00, 0x00, 0x00, 0x00, 0x00, 0x00, 0x00, 
	0x00, 0x00, 0x00, 0x00, 0x00, 0x00, 0x00, 0x00, 0x00, 0x00, 0x00, 0x00, 0x00, 0x00, 0x00, 
	0x00, 0x00, 0x00, 0x00, 0x00, 0x00, 0x00, 0x00, 0x00, 0x00, 0x00, 0x00, 0x00, 0x00, 0x00, 
	0x00, 0x00, 0x00, 0x00, 0x00, 0x00, 0x00, 0x00, 0x00, 0x00, 0x00, 0x00, 0x00, 0x00, 0x00, 
	0x00, 0x00, 0x00, 0x00, 0x00, 0x00, 0x00, 0x00, 0x00, 0x00, 0x00, 0x00, 0x00, 0x00, 0x00, 
	0x9A, 0xCC, 0xCC, 0xDD, 0xDD, 0xDD, 0xDD, 0xDD, 0xDC, 0xCA, 0xAA, 0xBC, 0xCC, 0xB9, 0x87, 
	0x77, 0x77, 0x89, 0xAA, 0xA9, 0x88, 0x66, 0x55, 0x66, 0x67, 0x88, 0x88, 0x99, 0xAA, 0xAB, 
	0xBB, 0xBB, 0xBB, 0xCC, 0xCC, 0xCC, 0xCC, 0xCC, 0xCD, 0xDD, 0xCC, 0xCC, 0xCC, 0xCC, 0xCC, 
	0xDD, 0xCC, 0xCC, 0xCC, 0xCC, 0xCC, 0xCC, 0xCC, 0xCC, 0xCC, 0xCC, 0xCC, 0xCC, 0xCC, 0xCC, 
	0xCC, 0xCC, 0xCC, 0xCC, 0xCC, 0xCC, 0xCC, 0xCC, 0xCC, 0xCC, 0xCC, 0xCC, 0xCC, 0xCC, 0xCC, 
	0xCC, 0xCC, 0xCC, 0xCC, 0xCC, 0xCC, 0xCC, 0xCC, 0xCC, 0xCC, 0xCC, 0xCC, 0xCC, 0xCC, 0xBB, 
	0xBB, 0xBB, 0xBB, 0xBB, 0xBB, 0xBB, 0xBB, 0xBB, 0xBB, 0xBB, 0xBB, 0xBB, 0xBB, 0xBB, 0xBB, 
	0xBB, 0xBB, 0xBB, 0xBB, 0xBB, 0xBB, 0xBB, 0xBA, 0xAA, 0xAA, 0xAA, 0xAA, 0xAA, 0xAA, 0xAA, 
	0xAA, 0xAA, 0xA9, 0xA9, 0x99, 0x99, 0x99, 0x88, 0x88, 0x88, 0x88, 0x77, 0x77, 0x76, 0x77, 
	0x66, 0x77, 0x77, 0x77, 0x77, 0x77, 0x77, 0x77, 0x66, 0x65, 0x55, 0x55, 0x55, 0x66, 0x66, 
	0x66, 0x78, 0x88, 0x88, 0x89, 0x99, 0x9A, 0x98, 0x77, 0x67, 0x76, 0x66, 0x66, 0x66, 0x66, 
	0x66, 0x66, 0x55, 0x45, 0x56, 0x67, 0x88, 0x88, 0x89, 0xAB, 0xBB, 0x97, 0x88, 0x88, 0x88, 
	0x88, 0x88, 0x88, 0x89, 0x99, 0x99, 0x99, 0x99, 0x99, 0x99, 0x99, 0x99, 0x99, 0x99, 0x99, 
	0x99, 0x9A, 0xAA, 0xAA, 0xA9, 0x99, 0x99, 0x99, 0x99, 0x99, 0x99, 0x99, 0x99, 0x99, 0x99, 
	0x00, 0x00, 0x00, 0x00, 0x00, 0x00, 0x00, 0x00, 0x00, 0x00, 0x00, 0x00, 0x00, 0x00, 0x00, 
	0x00, 0x00, 0x00, 0x00, 0x00, 0x00, 0x00, 0x00, 0x00, 0x00, 0x00, 0x00, 0x00, 0x00, 0x00, 
	0x00, 0x00, 0x00, 0x00, 0x00, 0x00, 0x00, 0x00, 0x00, 0x00, 0x00, 0x00, 0x00, 0x00, 0x00, 
	0x00, 0x00, 0x00, 0x00, 0x00, 0x00, 0x00, 0x00, 0x00, 0x00, 0x00, 0x00, 0x00, 0x00, 0x00, 
	0x00, 0x00, 0x00, 0x00, 0x00, 0x00, 0x00, 0x00, 0x00, 0x00, 0x00, 0x00, 0x00, 0x00, 0x00, 
	0x00, 0x00, 0x00, 0x00, 0x00, 0x00, 0x00, 0x00, 0x00, 0x00, 0x00, 0x00, 0x00, 0x00, 0x00, 
	0x9B, 0xBC, 0xCC, 0xDD, 0xDD, 0xDD, 0xDD, 0xDD, 0xDC, 0xBB, 0xBB, 0xBC, 0xCB, 0xA8, 0x77, 
	0x78, 0x77, 0x9A, 0xAA, 0x98, 0x87, 0x65, 0x55, 0x66, 0x78, 0x88, 0x88, 0x88, 0x9A, 0xAA, 
	0xAB, 0xBB, 0xBB, 0xBC, 0xCC, 0xCC, 0xCC, 0xCC, 0xCC, 0xCC, 0xCC, 0xCC, 0xCC, 0xCC, 0xDD, 
	0xDC, 0xCC, 0xCC, 0xCC, 0xCC, 0xCC, 0xCC, 0xCC, 0xCB, 0xCC, 0xCC, 0xCC, 0xCC, 0xCC, 0xCC, 
	0xCC, 0xCC, 0xCC, 0xCC, 0xCC, 0xCC, 0xCC, 0xCC, 0xCC, 0xCC, 0xCC, 0xCC, 0xCC, 0xCC, 0xCC, 
	0xCC, 0xCC, 0xCC, 0xCC, 0xCC, 0xCC, 0xCC, 0xCC, 0xCC, 0xCC, 0xCC, 0xCC, 0xCC, 0xCC, 0xBB, 
	0xBB, 0xBB, 0xBB, 0xBB, 0xBB, 0xBB, 0xBB, 0xBB, 0xBB, 0xBB, 0xBB, 0xBB, 0xBB, 0xBB, 0xBB, 
	0xBB, 0xBB, 0xBB, 0xBB, 0xBB, 0xBA, 0xAB, 0xBA, 0xAA, 0xAA, 0xAA, 0xAA, 0xAA, 0xAA, 0xAA, 
	0xAA, 0xAA, 0xA9, 0xA9, 0x99, 0x99, 0x99, 0x88, 0x88, 0x88, 0x77, 0x77, 0x77, 0x66, 0x66, 
	0x66, 0x77, 0x76, 0x66, 0x77, 0x67, 0x76, 0x77, 0x66, 0x66, 0x55, 0x55, 0x55, 0x56, 0x56, 
	0x66, 0x77, 0x87, 0x89, 0x89, 0x9A, 0x9A, 0xA8, 0x77, 0x76, 0x66, 0x66, 0x66, 0x66, 0x66, 
	0x66, 0x66, 0x55, 0x45, 0x56, 0x67, 0x88, 0x88, 0x89, 0xAB, 0xBB, 0x98, 0x78, 0x88, 0x88, 
	0x88, 0x88, 0x88, 0x88, 0x99, 0x99, 0x99, 0x99, 0x99, 0x99, 0x99, 0x99, 0x99, 0x99, 0x99, 
	0x99, 0xAA, 0xAA, 0xAA, 0x99, 0x99, 0x99, 0x99, 0x99, 0x99, 0x99, 0x99, 0x99, 0x99, 0x99, 
	0x00, 0x00, 0x00, 0x00, 0x00, 0x00, 0x00, 0x00, 0x00, 0x00, 0x00, 0x00, 0x00, 0x00, 0x00, 
	0x00, 0x00, 0x00, 0x00, 0x00, 0x00, 0x00, 0x00, 0x00, 0x00, 0x00, 0x00, 0x00, 0x00, 0x00, 
	0x00, 0x00, 0x00, 0x00, 0x00, 0x00, 0x00, 0x00, 0x00, 0x00, 0x00, 0x00, 0x00, 0x00, 0x00, 
	0x00, 0x00, 0x00, 0x00, 0x00, 0x00, 0x00, 0x00, 0x00, 0x00, 0x00, 0x00, 0x00, 0x00, 0x00, 
	0x00, 0x00, 0x00, 0x00, 0x00, 0x00, 0x00, 0x00, 0x00, 0x00, 0x00, 0x00, 0x00, 0x00, 0x00, 
	0x00, 0x00, 0x00, 0x00, 0x00, 0x00, 0x00, 0x00, 0x00, 0x00, 0x00, 0x00, 0x00, 0x00, 0x00, 
	0x9B, 0xBC, 0xDD, 0xDD, 0xDD, 0xDD, 0xDD, 0xDD, 0xDD, 0xCC, 0xCB, 0xCC, 0xBA, 0x97, 0x77, 
	0x77, 0x78, 0xAA, 0xAA, 0x88, 0x76, 0x55, 0x55, 0x67, 0x88, 0x88, 0x88, 0x88, 0x99, 0x9A, 
	0xAB, 0xBB, 0xBB, 0xBB, 0xCC, 0xCC, 0xCC, 0xCC, 0xCC, 0xCC, 0xCC, 0xCC, 0xCC, 0xCD, 0xDD, 
	0xDC, 0xCC, 0xCC, 0xCC, 0xCC, 0xCC, 0xCC, 0xCC, 0xCC, 0xCC, 0xCC, 0xCC, 0xCC, 0xCC, 0xCC, 
	0xCC, 0xCC, 0xCC, 0xCC, 0xCC, 0xCC, 0xCC, 0xCC, 0xCC, 0xCC, 0xCC, 0xCC, 0xCC, 0xCC, 0xCC, 
	0xCC, 0xCC, 0xCC, 0xCC, 0xCC, 0xCC, 0xCC, 0xCC, 0xCC, 0xCC, 0xCC, 0xCC, 0xCC, 0xCC, 0xBB, 
	0xBB, 0xBB, 0xBB, 0xBB, 0xBB, 0xBB, 0xBB, 0xBB, 0xBB, 0xBB, 0xBB, 0xBB, 0xBB, 0xBB, 0xBB, 
	0xBB, 0xBB, 0xBB, 0xBB, 0xBB, 0xBA, 0xAA, 0xAA, 0xAA, 0xAA, 0xAA, 0xAA, 0xAA, 0xAA, 0xAA, 
	0xAA, 0xAA, 0x99, 0x99, 0x99, 0x98, 0x88, 0x88, 0x88, 0x87, 0x77, 0x77, 0x77, 0x66, 0x66, 
	0x66, 0x67, 0x66, 0x66, 0x67, 0x66, 0x66, 0x77, 0x66, 0x66, 0x55, 0x55, 0x55, 0x56, 0x56, 
	0x66, 0x77, 0x88, 0x89, 0x89, 0x99, 0x9A, 0xA9, 0x87, 0x77, 0x77, 0x66, 0x66, 0x66, 0x66, 
	0x66, 0x66, 0x55, 0x45, 0x56, 0x67, 0x88, 0x88, 0x89, 0xAB, 0xBB, 0x98, 0x78, 0x88, 0x88, 
	0x88, 0x88, 0x88, 0x99, 0x99, 0x99, 0x99, 0x99, 0x99, 0x99, 0x99, 0x99, 0x99, 0x99, 0x99, 
	0x9A, 0xAA, 0xAA, 0xA9, 0x99, 0x99, 0x99, 0x99, 0x99, 0x99, 0x99, 0x99, 0x99, 0x99, 0x99, 
	0x00, 0x00, 0x00, 0x00, 0x00, 0x00, 0x00, 0x00, 0x00, 0x00, 0x00, 0x00, 0x00, 0x00, 0x00, 
	0x00, 0x00, 0x00, 0x00, 0x00, 0x00, 0x00, 0x00, 0x00, 0x00, 0x00, 0x00, 0x00, 0x00, 0x00, 
	0x00, 0x00, 0x00, 0x00, 0x00, 0x00, 0x00, 0x00, 0x00, 0x00, 0x00, 0x00, 0x00, 0x00, 0x00, 
	0x00, 0x00, 0x00, 0x00, 0x00, 0x00, 0x00, 0x00, 0x00, 0x00, 0x00, 0x00, 0x00, 0x00, 0x00, 
	0x00, 0x00, 0x00, 0x00, 0x00, 0x00, 0x00, 0x00, 0x00, 0x00, 0x00, 0x00, 0x00, 0x00, 0x00, 
	0x00, 0x00, 0x00, 0x00, 0x00, 0x00, 0x00, 0x00, 0x00, 0x00, 0x00, 0x00, 0x00, 0x00, 0x00, 
	0xAB, 0xCC, 0xDD, 0xDD, 0xDD, 0xDD, 0xDD, 0xDD, 0xDD, 0xDC, 0xCC, 0xCC, 0xA9, 0x86, 0x67, 
	0x77, 0x8A, 0xAA, 0xA9, 0x88, 0x65, 0x55, 0x55, 0x67, 0x88, 0x88, 0x77, 0x88, 0x88, 0x99, 
	0xAA, 0xAB, 0xBB, 0xBB, 0xBB, 0xCC, 0xCC, 0xCC, 0xCC, 0xCC, 0xCC, 0xCC, 0xCC, 0xCD, 0xDD, 
	0xCC, 0xCC, 0xCC, 0xCC, 0xCC, 0xCC, 0xCC, 0xCC, 0xCC, 0xCC, 0xCC, 0xCC, 0xCC, 0xCC, 0xCC, 
	0xCC, 0xCC, 0xCC, 0xCC, 0xCC, 0xCC, 0xCC, 0xCC, 0xCC, 0xCC, 0xCC, 0xCC, 0xCC, 0xCC, 0xCC, 
	0xCC, 0xCC, 0xCC, 0xCC, 0xCC, 0xCC, 0xCC, 0xCC, 0xCC, 0xCC, 0xCC, 0xCC, 0xCC, 0xCC, 0xBB, 
	0xBB, 0xBB, 0xBB, 0xBB, 0xBB, 0xBB, 0xBB, 0xBB, 0xBB, 0xCB, 0xBB, 0xBB, 0xBB, 0xBB, 0xBB, 
	0xBB, 0xBB, 0xBB, 0xBB, 0xBB, 0xBA, 0xAA, 0xAA, 0xAA, 0xAA, 0xAA, 0xAA, 0xAA, 0xAA, 0xAA, 
	0xAA, 0x99, 0x99, 0x99, 0x99, 0x98, 0x88, 0x88, 0x77, 0x77, 0x77, 0x77, 0x76, 0x66, 0x66, 
	0x56, 0x66, 0x66, 0x66, 0x66, 0x66, 0x66, 0x66, 0x76, 0x66, 0x65, 0x55, 0x55, 0x56, 0x66, 
	0x77, 0x77, 0x88, 0x89, 0x99, 0x99, 0x9A, 0xA9, 0x97, 0x77, 0x66, 0x66, 0x66, 0x66, 0x66, 
	0x66, 0x66, 0x55, 0x45, 0x56, 0x67, 0x88, 0x88, 0x89, 0x9B, 0xBB, 0xA8, 0x78, 0x88, 0x88, 
	0x88, 0x88, 0x88, 0x99, 0x99, 0x99, 0x99, 0x99, 0x99, 0x99, 0x99, 0x99, 0x99, 0x99, 0x9A, 
	0xAA, 0xAA, 0xAA, 0x99, 0x99, 0x99, 0x99, 0x99, 0x99, 0x99, 0x99, 0x99, 0x99, 0x99, 0x99, 
	0x00, 0x00, 0x00, 0x00, 0x00, 0x00, 0x00, 0x00, 0x00, 0x00, 0x00, 0x00, 0x00, 0x00, 0x00, 
	0x00, 0x00, 0x00, 0x00, 0x00, 0x00, 0x00, 0x00, 0x00, 0x00, 0x00, 0x00, 0x00, 0x00, 0x00, 
	0x00, 0x00, 0x00, 0x00, 0x00, 0x00, 0x00, 0x00, 0x00, 0x00, 0x00, 0x00, 0x00, 0x00, 0x00, 
	0x00, 0x00, 0x00, 0x00, 0x00, 0x00, 0x00, 0x00, 0x00, 0x00, 0x00, 0x00, 0x00, 0x00, 0x00, 
	0x00, 0x00, 0x00, 0x00, 0x00, 0x00, 0x00, 0x00, 0x00, 0x00, 0x00, 0x00, 0x00, 0x00, 0x00, 
	0x00, 0x00, 0x00, 0x00, 0x00, 0x00, 0x00, 0x00, 0x00, 0x00, 0x00, 0x00, 0x00, 0x00, 0x00, 
	0xAB, 0xCC, 0xCD, 0xDD, 0xDD, 0xDD, 0xDD, 0xED, 0xDD, 0xDC, 0xCC, 0xBB, 0x98, 0x76, 0x67, 
	0x78, 0x9B, 0xBA, 0x98, 0x77, 0x65, 0x55, 0x56, 0x78, 0x88, 0x87, 0x77, 0x77, 0x88, 0x89, 
	0x99, 0xAA, 0xAB, 0xBB, 0xBB, 0xCC, 0xCC, 0xCC, 0xCC, 0xCC, 0xCC, 0xCC, 0xCC, 0xDD, 0xDC, 
	0xCC, 0xCC, 0xCC, 0xCC, 0xCC, 0xCC, 0xCC, 0xCC, 0xCC, 0xCD, 0xCC, 0xCC, 0xCC, 0xCC, 0xCC, 
	0xCC, 0xCC, 0xCC, 0xCC, 0xCC, 0xCC, 0xCC, 0xCC, 0xCC, 0xBB, 0xBB, 0xCC, 0xCC, 0xCC, 0xCC, 
	0xCC, 0xCC, 0xCC, 0xCC, 0xCC, 0xCC, 0xCB, 0xCC, 0xCC, 0xCC, 0xCC, 0xCC, 0xCC, 0xCC, 0xBB, 
	0xBB, 0xBB, 0xBB, 0xBB, 0xBB, 0xBB, 0xBB, 0xBB, 0xBB, 0xCB, 0xBB, 0xBB, 0xBB, 0xBB, 0xBB, 
	0xBB, 0xBB, 0xBB, 0xBB, 0xBB, 0xBA, 0xAA, 0xAA, 0xAA, 0xAA, 0xAA, 0xAA, 0xAA, 0xAA, 0xAA, 
	0xA9, 0x99, 0x99, 0x99, 0x99, 0x99, 0x88, 0x88, 0x77, 0x77, 0x77, 0x76, 0x66, 0x66, 0x66, 
	0x55, 0x65, 0x66, 0x55, 0x55, 0x66, 0x66, 0x55, 0x66, 0x66, 0x65, 0x55, 0x55, 0x56, 0x66, 
	0x77, 0x77, 0x88, 0x89, 0x99, 0x99, 0xAA, 0xA9, 0x98, 0x77, 0x66, 0x66, 0x66, 0x66, 0x66, 
	0x66, 0x66, 0x55, 0x45, 0x56, 0x67, 0x88, 0x88, 0x89, 0x9B, 0xBB, 0xA8, 0x78, 0x88, 0x88, 
	0x88, 0x88, 0x88, 0x99, 0x99, 0x99, 0x99, 0x99, 0x99, 0x99, 0x99, 0x99, 0x99, 0x99, 0x9A, 
	0xAA, 0xAA, 0xA9, 0x99, 0x99, 0x99, 0x99, 0x99, 0x99, 0x99, 0x99, 0x99, 0x99, 0x99, 0x99, 
	0x00, 0x00, 0x00, 0x00, 0x00, 0x00, 0x00, 0x00, 0x00, 0x00, 0x00, 0x00, 0x00, 0x00, 0x00, 
	0x00, 0x00, 0x00, 0x00, 0x00, 0x00, 0x00, 0x00, 0x00, 0x00, 0x00, 0x00, 0x00, 0x00, 0x00, 
	0x00, 0x00, 0x00, 0x00, 0x00, 0x00, 0x00, 0x00, 0x00, 0x00, 0x00, 0x00, 0x00, 0x00, 0x00, 
	0x00, 0x00, 0x00, 0x00, 0x00, 0x00, 0x00, 0x00, 0x00, 0x00, 0x00, 0x00, 0x00, 0x00, 0x00, 
	0x00, 0x00, 0x00, 0x00, 0x00, 0x00, 0x00, 0x00, 0x00, 0x00, 0x00, 0x00, 0x00, 0x00, 0x00, 
	0x00, 0x00, 0x00, 0x00, 0x00, 0x00, 0x00, 0x00, 0x00, 0x00, 0x00, 0x00, 0x00, 0x00, 0x00, 
	0xAB, 0xCC, 0xCD, 0xDD, 0xDD, 0xDD, 0xDD, 0xDD, 0xDD, 0xDD, 0xDC, 0xBA, 0x87, 0x66, 0x66, 
	0x8A, 0xBB, 0xA9, 0x88, 0x76, 0x55, 0x55, 0x78, 0x88, 0x88, 0x87, 0x66, 0x67, 0x77, 0x89, 
	0x99, 0x99, 0xAA, 0xAB, 0xBB, 0xBB, 0xBB, 0xBC, 0xCC, 0xCC, 0xCC, 0xCC, 0xCC, 0xCC, 0xCC, 
	0xCC, 0xCC, 0xCC, 0xCC, 0xCC, 0xCC, 0xCC, 0xCC, 0xCC, 0xDD, 0xDC, 0xCC, 0xCC, 0xCC, 0xCC, 
	0xCC, 0xCC, 0xCC, 0xCC, 0xCC, 0xCC, 0xCC, 0xBB, 0xBB, 0xBB, 0xBB, 0xBC, 0xCC, 0xCC, 0xCC, 
	0xCC, 0xCC, 0xCC, 0xCC, 0xCC, 0xCC, 0xBB, 0xBC, 0xCC, 0xCC, 0xCC, 0xCC, 0xCC, 0xCC, 0xBB, 
	0xBB, 0xBB, 0xBB, 0xBB, 0xBB, 0xBB, 0xBB, 0xBB, 0xBB, 0xBB, 0xBB, 0xBB, 0xBB, 0xBB, 0xBB, 
	0xBB, 0xBB, 0xBB, 0xBB, 0xBB, 0xBA, 0xAA, 0xAA, 0xAA, 0xAA, 0xAA, 0xA9, 0x99, 0x99, 0x99, 
	0x99, 0x99, 0x99, 0x99, 0x88, 0x88, 0x88, 0x87, 0x77, 0x77, 0x66, 0x66, 0x66, 0x66, 0x66, 
	0x55, 0x55, 0x55, 0x55, 0x54, 0x55, 0x55, 0x55, 0x55, 0x55, 0x55, 0x55, 0x55, 0x56, 0x66, 
	0x77, 0x76, 0x78, 0x89, 0x99, 0x99, 0xAA, 0x99, 0x98, 0x77, 0x66, 0x66, 0x66, 0x66, 0x66, 
	0x66, 0x66, 0x55, 0x45, 0x56, 0x67, 0x88, 0x88, 0x89, 0x9B, 0xBB, 0xA8, 0x78, 0x88, 0x88, 
	0x88, 0x88, 0x88, 0x88, 0x99, 0x99, 0x99, 0x99, 0x99, 0x99, 0x99, 0x99, 0x99, 0x99, 0xAA, 
	0xAA, 0xAA, 0x99, 0x99, 0x99, 0x99, 0x99, 0x99, 0x99, 0x99, 0x99, 0x99, 0x99, 0x99, 0x99, 
	0x00, 0x00, 0x00, 0x00, 0x00, 0x00, 0x00, 0x00, 0x00, 0x00, 0x00, 0x00, 0x00, 0x00, 0x00, 
	0x00, 0x00, 0x00, 0x00, 0x00, 0x00, 0x00, 0x00, 0x00, 0x00, 0x00, 0x00, 0x00, 0x00, 0x00, 
	0x00, 0x00, 0x00, 0x00, 0x00, 0x00, 0x00, 0x00, 0x00, 0x00, 0x00, 0x00, 0x00, 0x00, 0x00, 
	0x00, 0x00, 0x00, 0x00, 0x00, 0x00, 0x00, 0x00, 0x00, 0x00, 0x00, 0x00, 0x00, 0x00, 0x00, 
	0x00, 0x00, 0x00, 0x00, 0x00, 0x00, 0x00, 0x00, 0x00, 0x00, 0x00, 0x00, 0x00, 0x00, 0x00, 
	0x00, 0x00, 0x00, 0x00, 0x00, 0x00, 0x00, 0x00, 0x00, 0x00, 0x00, 0x00, 0x00, 0x00, 0x00, 
	0xAB, 0xCC, 0xCD, 0xDD, 0xDD, 0xDD, 0xDD, 0xDD, 0xDD, 0xDD, 0xDC, 0xB9, 0x76, 0x66, 0x67, 
	0x9B, 0xBB, 0xA9, 0x87, 0x66, 0x55, 0x67, 0x88, 0x88, 0x88, 0x76, 0x66, 0x66, 0x77, 0x78, 
	0x89, 0x99, 0x9A, 0xAA, 0xAA, 0xBB, 0xBB, 0xBB, 0xCC, 0xCC, 0xCC, 0xCC, 0xCC, 0xCC, 0xCC, 
	0xCB, 0xCC, 0xCC, 0xCC, 0xCC, 0xCC, 0xCC, 0xCC, 0xCC, 0xDD, 0xDC, 0xCC, 0xCC, 0xCC, 0xCC, 
	0xCC, 0xCC, 0xCC, 0xCC, 0xCC, 0xCB, 0xBB, 0xBB, 0xBB, 0xBB, 0xBB, 0xBB, 0xBC, 0xCC, 0xCC, 
	0xCC, 0xCC, 0xCC, 0xCC, 0xCC, 0xCC, 0xBB, 0xBC, 0xCC, 0xCC, 0xCC, 0xCC, 0xCC, 0xCC, 0xBB, 
	0xBB, 0xBB, 0xBB, 0xBB, 0xBB, 0xBB, 0xCB, 0xBB, 0xBB, 0xBB, 0xBB, 0xBB, 0xBB, 0xBB, 0xBB, 
	0xBB, 0xBB, 0xBB, 0xBB, 0xBB, 0xAA, 0xAA, 0xAA, 0xAA, 0xAA, 0xAA, 0xA9, 0x99, 0x99, 0x99, 
	0x99, 0x99, 0x99, 0x88, 0x88, 0x88, 0x87, 0x77, 0x77, 0x76, 0x66, 0x66, 0x66, 0x66, 0x66, 
	0x55, 0x55, 0x55, 0x55, 0x54, 0x45, 0x55, 0x55, 0x55, 0x55, 0x55, 0x55, 0x55, 0x56, 0x66, 
	0x67, 0x76, 0x78, 0x99, 0x99, 0x99, 0x9A, 0xAA, 0x98, 0x77, 0x66, 0x66, 0x66, 0x66, 0x66, 
	0x66, 0x66, 0x55, 0x45, 0x56, 0x67, 0x88, 0x88, 0x88, 0x9B, 0xBB, 0xA8, 0x78, 0x88, 0x88, 
	0x88, 0x88, 0x88, 0x88, 0x99, 0x99, 0x99, 0x99, 0x99, 0x99, 0x99, 0x99, 0x99, 0xAA, 0xAA, 
	0xAA, 0x99, 0x99, 0x99, 0x99, 0x99, 0x99, 0x99, 0x99, 0x99, 0x99, 0x99, 0x99, 0x99, 0x99, 
	0x00, 0x00, 0x00, 0x00, 0x00, 0x00, 0x00, 0x00, 0x00, 0x00, 0x00, 0x00, 0x00, 0x00, 0x00, 
	0x00, 0x00, 0x00, 0x00, 0x00, 0x00, 0x00, 0x00, 0x00, 0x00, 0x00, 0x00, 0x00, 0x00, 0x00, 
	0x00, 0x00, 0x00, 0x00, 0x00, 0x00, 0x00, 0x00, 0x00, 0x00, 0x00, 0x00, 0x00, 0x00, 0x00, 
	0x00, 0x00, 0x00, 0x00, 0x00, 0x00, 0x00, 0x00, 0x00, 0x00, 0x00, 0x00, 0x00, 0x00, 0x00, 
	0x00, 0x00, 0x00, 0x00, 0x00, 0x00, 0x00, 0x00, 0x00, 0x00, 0x00, 0x00, 0x00, 0x00, 0x00, 
	0x00, 0x00, 0x00, 0x00, 0x00, 0x00, 0x00, 0x00, 0x00, 0x00, 0x00, 0x00, 0x00, 0x00, 0x00, 
	0xAB, 0xBC, 0xCD, 0xDD, 0xDD, 0xDD, 0xDD, 0xDD, 0xDD, 0xDD, 0xDD, 0xB8, 0x66, 0x56, 0x79, 
	0xBB, 0xBA, 0xA9, 0x76, 0x66, 0x66, 0x78, 0x99, 0x99, 0x87, 0x65, 0x55, 0x66, 0x77, 0x77, 
	0x78, 0x88, 0x99, 0x99, 0x99, 0xAA, 0xBB, 0xBB, 0xBC, 0xCC, 0xCC, 0xCC, 0xCC, 0xCC, 0xCB, 
	0xBC, 0xCC, 0xCC, 0xCC, 0xCC, 0xCC, 0xCC, 0xCC, 0xCC, 0xCC, 0xCC, 0xCC, 0xCC, 0xCC, 0xCC, 
	0xCC, 0xCC, 0xCC, 0xCC, 0xCC, 0xBB, 0xBB, 0xBB, 0xBB, 0xBB, 0xBB, 0xBB, 0xBC, 0xCC, 0xCC, 
	0xCC, 0xCC, 0xCC, 0xCC, 0xCC, 0xCC, 0xBB, 0xBC, 0xCC, 0xCC, 0xCC, 0xCC, 0xCC, 0xCB, 0xBB, 
	0xBB, 0xBB, 0xBB, 0xBB, 0xBB, 0xBB, 0xBB, 0xBB, 0xBB, 0xBB, 0xBB, 0xBB, 0xBB, 0xBB, 0xAA, 
	0xAA, 0xAB, 0xBB, 0xAA, 0xAA, 0xAA, 0xAA, 0xAA, 0xAA, 0xAA, 0x99, 0xA9, 0x99, 0x99, 0x99, 
	0x99, 0x99, 0x98, 0x88, 0x88, 0x88, 0x77, 0x77, 0x77, 0x66, 0x66, 0x66, 0x66, 0x66, 0x65, 
	0x55, 0x55, 0x55, 0x55, 0x55, 0x45, 0x54, 0x44, 0x45, 0x55, 0x55, 0x55, 0x55, 0x56, 0x66, 
	0x66, 0x77, 0x78, 0x98, 0x99, 0x99, 0x9A, 0xAA, 0xA9, 0x87, 0x66, 0x66, 0x66, 0x66, 0x66, 
	0x66, 0x66, 0x55, 0x45, 0x56, 0x67, 0x88, 0x88, 0x88, 0x9B, 0xBB, 0xA8, 0x78, 0x88, 0x88, 
	0x88, 0x88, 0x88, 0x88, 0x88, 0x99, 0x98, 0x99, 0x99, 0x99, 0x99, 0x99, 0x99, 0xAA, 0xAA, 
	0xA9, 0x99, 0x99, 0x99, 0x99, 0x99, 0x99, 0x99, 0x99, 0x99, 0x99, 0x99, 0x99, 0x99, 0x99, 
	0x00, 0x00, 0x00, 0x00, 0x00, 0x00, 0x00, 0x00, 0x00, 0x00, 0x00, 0x00, 0x00, 0x00, 0x00, 
	0x00, 0x00, 0x00, 0x00, 0x00, 0x00, 0x00, 0x00, 0x00, 0x00, 0x00, 0x00, 0x00, 0x00, 0x00, 
	0x00, 0x00, 0x00, 0x00, 0x00, 0x00, 0x00, 0x00, 0x00, 0x00, 0x00, 0x00, 0x00, 0x00, 0x00, 
	0x00, 0x00, 0x00, 0x00, 0x00, 0x00, 0x00, 0x00, 0x00, 0x00, 0x00, 0x00, 0x00, 0x00, 0x00, 
	0x00, 0x00, 0x00, 0x00, 0x00, 0x00, 0x00, 0x00, 0x00, 0x00, 0x00, 0x00, 0x00, 0x00, 0x00, 
	0x00, 0x00, 0x00, 0x00, 0x00, 0x00, 0x00, 0x00, 0x00, 0x00, 0x00, 0x00, 0x00, 0x00, 0x00, 
	0xAA, 0xBC, 0xCD, 0xCC, 0xDD, 0xDD, 0xDD, 0xDD, 0xDD, 0xDD, 0xDC, 0xA8, 0x76, 0x67, 0x8B, 
	0xBB, 0xBA, 0x87, 0x76, 0x66, 0x78, 0x99, 0x99, 0x98, 0x76, 0x55, 0x56, 0x66, 0x77, 0x77, 
	0x77, 0x77, 0x78, 0x88, 0x99, 0xAA, 0xAB, 0xBB, 0xBB, 0xBC, 0xCB, 0xBC, 0xCB, 0xBB, 0xBB, 
	0xBC, 0xCC, 0xCC, 0xCC, 0xCC, 0xCC, 0xCC, 0xCC, 0xCC, 0xCC, 0xCC, 0xCC, 0xCC, 0xCC, 0xCC, 
	0xCC, 0xCC, 0xCB, 0xCC, 0xBB, 0xBB, 0xBB, 0xBB, 0xBB, 0xBB, 0xBB, 0xBB, 0xBB, 0xBB, 0xCC, 
	0xCC, 0xCC, 0xCC, 0xCC, 0xCC, 0xBB, 0xBB, 0xCC, 0xCC, 0xCC, 0xCC, 0xCC, 0xCC, 0xCB, 0xBB, 
	0xBB, 0xBB, 0xBB, 0xBB, 0xBB, 0xCB, 0xBB, 0xBB, 0xBB, 0xBB, 0xBB, 0xBB, 0xBB, 0xBA, 0xAA, 
	0xAA, 0xAA, 0xBB, 0xAA, 0xAA, 0xAA, 0xAA, 0xAA, 0xAA, 0xA9, 0x99, 0x99, 0x99, 0x99, 0x99, 
	0x99, 0x99, 0x88, 0x88, 0x77, 0x77, 0x77, 0x77, 0x76, 0x66, 0x66, 0x66, 0x66, 0x66, 0x65, 
	0x55, 0x55, 0x55, 0x55, 0x55, 0x44, 0x54, 0x44, 0x45, 0x55, 0x55, 0x55, 0x66, 0x66, 0x66, 
	0x67, 0x77, 0x78, 0x88, 0x99, 0x99, 0xAA, 0xAA, 0xAA, 0x87, 0x76, 0x77, 0x66, 0x66, 0x66, 
	0x66, 0x65, 0x55, 0x55, 0x56, 0x67, 0x88, 0x88, 0x88, 0x9A, 0xBB, 0xA8, 0x78, 0x88, 0x88, 
	0x88, 0x88, 0x88, 0x88, 0x88, 0x89, 0x98, 0x98, 0x99, 0x99, 0x99, 0x99, 0x9A, 0xAA, 0xAA, 
	0x99, 0x99, 0x99, 0x99, 0x99, 0x99, 0x99, 0x99, 0x99, 0x99, 0x99, 0x99, 0x99, 0x99, 0x99, 
	0x00, 0x00, 0x00, 0x00, 0x00, 0x00, 0x00, 0x00, 0x00, 0x00, 0x00, 0x00, 0x00, 0x00, 0x00, 
	0x00, 0x00, 0x00, 0x00, 0x00, 0x00, 0x00, 0x00, 0x00, 0x00, 0x00, 0x00, 0x00, 0x00, 0x00, 
	0x00, 0x00, 0x00, 0x00, 0x00, 0x00, 0x00, 0x00, 0x00, 0x00, 0x00, 0x00, 0x00, 0x00, 0x00, 
	0x00, 0x00, 0x00, 0x00, 0x00, 0x00, 0x00, 0x00, 0x00, 0x00, 0x00, 0x00, 0x00, 0x00, 0x00, 
	0x00, 0x00, 0x00, 0x00, 0x00, 0x00, 0x00, 0x00, 0x00, 0x00, 0x00, 0x00, 0x00, 0x00, 0x00, 
	0x00, 0x00, 0x00, 0x00, 0x00, 0x00, 0x00, 0x00, 0x00, 0x00, 0x00, 0x00, 0x00, 0x00, 0x00, 
	0x9A, 0xBC, 0xCC, 0xCD, 0xDD, 0xDD, 0xDD, 0xDD, 0xDD, 0xDD, 0xDC, 0xA8, 0x87, 0x79, 0xAB, 
	0xBB, 0xA8, 0x76, 0x66, 0x67, 0x89, 0x99, 0x98, 0x87, 0x65, 0x55, 0x56, 0x67, 0x77, 0x77, 
	0x66, 0x66, 0x77, 0x77, 0x89, 0x9A, 0xAA, 0xBB, 0xBB, 0xBB, 0xBB, 0xBB, 0xBB, 0xBB, 0xBC, 
	0xCC, 0xCC, 0xCC, 0xCC, 0xCC, 0xCC, 0xCC, 0xCC, 0xCC, 0xCC, 0xCC, 0xCC, 0xCC, 0xCC, 0xCC, 
	0xCC, 0xCC, 0xCC, 0xBB, 0xBB, 0xBB, 0xBB, 0xBB, 0xBB, 0xBB, 0xBB, 0xBB, 0xBB, 0xBB, 0xBC, 
	0xCC, 0xCC, 0xCC, 0xCB, 0xCC, 0xBB, 0xBB, 0xBC, 0xCC, 0xCC, 0xCC, 0xCC, 0xCC, 0xBB, 0xBB, 
	0xBB, 0xBB, 0xBB, 0xBB, 0xBB, 0xBB, 0xBB, 0xBB, 0xBB, 0xBB, 0xBB, 0xBB, 0xBB, 0xBA, 0xAA, 
	0xAA, 0xAA, 0xAA, 0xAA, 0xAA, 0xAA, 0xAA, 0xAA, 0xAA, 0x99, 0x99, 0x99, 0x99, 0x99, 0x99, 
	0x98, 0x88, 0x88, 0x88, 0x77, 0x77, 0x77, 0x77, 0x76, 0x66, 0x66, 0x66, 0x66, 0x66, 0x66, 
	0x55, 0x55, 0x55, 0x55, 0x55, 0x54, 0x44, 0x44, 0x44, 0x55, 0x55, 0x55, 0x66, 0x66, 0x66, 
	0x77, 0x77, 0x78, 0x88, 0x89, 0x99, 0xAA, 0xAA, 0xA9, 0x97, 0x77, 0x66, 0x76, 0x66, 0x66, 
	0x66, 0x66, 0x55, 0x45, 0x56, 0x67, 0x88, 0x88, 0x88, 0x9A, 0xBB, 0xA8, 0x78, 0x88, 0x88, 
	0x88, 0x88, 0x88, 0x88, 0x88, 0x88, 0x99, 0x99, 0x99, 0x99, 0x99, 0x99, 0x9A, 0xAA, 0x99, 
	0x99, 0x99, 0x99, 0x99, 0x99, 0x99, 0x99, 0x99, 0x99, 0x99, 0x99, 0x99, 0x99, 0x99, 0x99, 
	0x00, 0x00, 0x00, 0x00, 0x00, 0x00, 0x00, 0x00, 0x00, 0x00, 0x00, 0x00, 0x00, 0x00, 0x00, 
	0x00, 0x00, 0x00, 0x00, 0x00, 0x00, 0x00, 0x00, 0x00, 0x00, 0x00, 0x00, 0x00, 0x00, 0x00, 
	0x00, 0x00, 0x00, 0x00, 0x00, 0x00, 0x00, 0x00, 0x00, 0x00, 0x00, 0x00, 0x00, 0x00, 0x00, 
	0x00, 0x00, 0x00, 0x00, 0x00, 0x00, 0x00, 0x00, 0x00, 0x00, 0x00, 0x00, 0x00, 0x00, 0x00, 
	0x00, 0x00, 0x00, 0x00, 0x00, 0x00, 0x00, 0x00, 0x00, 0x00, 0x00, 0x00, 0x00, 0x00, 0x00, 
	0x00, 0x00, 0x00, 0x00, 0x00, 0x00, 0x00, 0x00, 0x00, 0x00, 0x00, 0x00, 0x00, 0x00, 0x00, 
	0x9A, 0xBB, 0xCC, 0xCD, 0xDD, 0xDD, 0xDD, 0xDD, 0xDD, 0xDD, 0xCC, 0xA9, 0x88, 0x8A, 0xBB, 
	0xAA, 0x87, 0x66, 0x67, 0x78, 0x99, 0x99, 0x98, 0x76, 0x55, 0x55, 0x56, 0x77, 0x78, 0x77, 
	0x66, 0x66, 0x66, 0x77, 0x88, 0x99, 0xAA, 0xAA, 0xAA, 0xBA, 0xAA, 0xAA, 0xBA, 0xBB, 0xBB, 
	0xBB, 0xCC, 0xCC, 0xBC, 0xCC, 0xCC, 0xCC, 0xCC, 0xCC, 0xCC, 0xCC, 0xCC, 0xCC, 0xCC, 0xCC, 
	0xCC, 0xCC, 0xCC, 0xBB, 0xBB, 0xBB, 0xBB, 0xBB, 0xBB, 0xBB, 0xBB, 0xBB, 0xBB, 0xBB, 0xBB, 
	0xBB, 0xBB, 0xBB, 0xBB, 0xCB, 0xBB, 0xBB, 0xBC, 0xCC, 0xCC, 0xCC, 0xCC, 0xCB, 0xBB, 0xBB, 
	0xBB, 0xBB, 0xBB, 0xBB, 0xBB, 0xBB, 0xBB, 0xBB, 0xBB, 0xBB, 0xBB, 0xBB, 0xBB, 0xAA, 0xAA, 
	0xAA, 0xAA, 0xAA, 0xAA, 0xAA, 0xAA, 0xAA, 0xAA, 0xAA, 0x99, 0x99, 0x99, 0x99, 0x99, 0x99, 
	0x88, 0x88, 0x88, 0x87, 0x76, 0x66, 0x66, 0x66, 0x66, 0x66, 0x66, 0x66, 0x66, 0x66, 0x66, 
	0x65, 0x55, 0x55, 0x55, 0x55, 0x54, 0x44, 0x43, 0x34, 0x44, 0x55, 0x55, 0x66, 0x66, 0x66, 
	0x77, 0x77, 0x78, 0x88, 0x88, 0x99, 0x99, 0x9A, 0xAA, 0x97, 0x77, 0x66, 0x76, 0x66, 0x66, 
	0x66, 0x66, 0x55, 0x45, 0x56, 0x67, 0x88, 0x88, 0x88, 0x9A, 0xBB, 0xA8, 0x78, 0x88, 0x88, 
	0x88, 0x88, 0x88, 0x88, 0x88, 0x88, 0x89, 0x99, 0x99, 0x99, 0x99, 0x99, 0xAA, 0xA9, 0x99, 
	0x99, 0x99, 0x99, 0x99, 0x99, 0x99, 0x99, 0x99, 0x99, 0x99, 0x99, 0x99, 0x99, 0x99, 0x99, 
	0x00, 0x00, 0x00, 0x00, 0x00, 0x00, 0x00, 0x00, 0x00, 0x00, 0x00, 0x00, 0x00, 0x00, 0x00, 
	0x00, 0x00, 0x00, 0x00, 0x00, 0x00, 0x00, 0x00, 0x00, 0x00, 0x00, 0x00, 0x00, 0x00, 0x00, 
	0x00, 0x00, 0x00, 0x00, 0x00, 0x00, 0x00, 0x00, 0x00, 0x00, 0x00, 0x00, 0x00, 0x00, 0x00, 
	0x00, 0x00, 0x00, 0x00, 0x00, 0x00, 0x00, 0x00, 0x00, 0x00, 0x00, 0x00, 0x00, 0x00, 0x00, 
	0x00, 0x00, 0x00, 0x00, 0x00, 0x00, 0x00, 0x00, 0x00, 0x00, 0x00, 0x00, 0x00, 0x00, 0x00, 
	0x00, 0x00, 0x00, 0x00, 0x00, 0x00, 0x00, 0x00, 0x00, 0x00, 0x00, 0x00, 0x00, 0x00, 0x00, 
	0x9A, 0xAB, 0xCC, 0xCD, 0xDD, 0xDD, 0xDD, 0xDD, 0xDD, 0xCD, 0xDC, 0xB9, 0x99, 0xAB, 0xBA, 
	0x98, 0x76, 0x66, 0x67, 0x89, 0x99, 0x98, 0x87, 0x65, 0x44, 0x45, 0x56, 0x77, 0x87, 0x76, 
	0x66, 0x66, 0x66, 0x67, 0x88, 0x89, 0x99, 0x99, 0xAA, 0xAA, 0xAA, 0xAA, 0xAA, 0xBB, 0xBB, 
	0xBC, 0xCC, 0xBB, 0xBB, 0xCC, 0xCC, 0xCC, 0xCC, 0xCC, 0xCC, 0xCC, 0xCC, 0xCB, 0xBB, 0xCC, 
	0xCC, 0xCC, 0xBB, 0xBB, 0xBB, 0xBB, 0xBB, 0xBB, 0xBB, 0xBB, 0xBB, 0xBB, 0xBB, 0xBB, 0xBB, 
	0xBB, 0xBB, 0xBB, 0xBB, 0xBB, 0xBB, 0xBB, 0xCC, 0xCC, 0xCC, 0xCC, 0xCC, 0xBB, 0xBB, 0xBB, 
	0xBB, 0xBB, 0xBB, 0xBB, 0xBB, 0xBB, 0xBB, 0xBB, 0xBB, 0xBB, 0xBB, 0xBA, 0xAA, 0xAA, 0xAA, 
	0xAA, 0xAA, 0xAA, 0xAA, 0xAA, 0xAA, 0xAA, 0xAA, 0xA9, 0x99, 0x99, 0x99, 0x99, 0x99, 0x99, 
	0x88, 0x88, 0x87, 0x77, 0x76, 0x66, 0x66, 0x66, 0x66, 0x66, 0x66, 0x56, 0x65, 0x66, 0x56, 
	0x65, 0x55, 0x44, 0x44, 0x55, 0x54, 0x44, 0x43, 0x33, 0x44, 0x55, 0x55, 0x56, 0x66, 0x66, 
	0x77, 0x77, 0x78, 0x88, 0x88, 0x99, 0x99, 0x9A, 0xAA, 0x98, 0x77, 0x77, 0x76, 0x66, 0x66, 
	0x66, 0x66, 0x65, 0x45, 0x55, 0x67, 0x88, 0x88, 0x88, 0x9A, 0xBB, 0xA8, 0x78, 0x88, 0x88, 
	0x88, 0x88, 0x88, 0x88, 0x88, 0x88, 0x89, 0x99, 0x99, 0x99, 0x99, 0xAA, 0xA9, 0x99, 0x99, 
	0x99, 0x99, 0x99, 0x99, 0x99, 0x99, 0x99, 0x99, 0x99, 0x99, 0x99, 0x99, 0x99, 0x99, 0x99, 
	0x00, 0x00, 0x00, 0x00, 0x00, 0x00, 0x00, 0x00, 0x00, 0x00, 0x00, 0x00, 0x00, 0x00, 0x00, 
	0x00, 0x00, 0x00, 0x00, 0x00, 0x00, 0x00, 0x00, 0x00, 0x00, 0x00, 0x00, 0x00, 0x00, 0x00, 
	0x00, 0x00, 0x00, 0x00, 0x00, 0x00, 0x00, 0x00, 0x00, 0x00, 0x00, 0x00, 0x00, 0x00, 0x00, 
	0x00, 0x00, 0x00, 0x00, 0x00, 0x00, 0x00, 0x00, 0x00, 0x00, 0x00, 0x00, 0x00, 0x00, 0x00, 
	0x00, 0x00, 0x00, 0x00, 0x00, 0x00, 0x00, 0x00, 0x00, 0x00, 0x00, 0x00, 0x00, 0x00, 0x00, 
	0x00, 0x00, 0x00, 0x00, 0x00, 0x00, 0x00, 0x00, 0x00, 0x00, 0x00, 0x00, 0x00, 0x00, 0x00, 
	0x9A, 0xAB, 0xCC, 0xCD, 0xDD, 0xDD, 0xDD, 0xDC, 0xCC, 0xCD, 0xCC, 0xBA, 0xAA, 0xAB, 0xA9, 
	0x87, 0x66, 0x66, 0x67, 0x88, 0x89, 0x87, 0x76, 0x54, 0x33, 0x45, 0x56, 0x77, 0x77, 0x66, 
	0x66, 0x66, 0x66, 0x67, 0x78, 0x88, 0x88, 0x89, 0x99, 0x99, 0x9A, 0xAA, 0xAB, 0xBB, 0xBB, 
	0xCC, 0xCC, 0xBB, 0xBB, 0xCC, 0xCC, 0xCC, 0xCC, 0xCC, 0xCC, 0xCC, 0xCC, 0xCB, 0xBB, 0xCC, 
	0xCC, 0xBB, 0xBB, 0xBB, 0xBB, 0xBB, 0xBB, 0xBB, 0xBB, 0xBB, 0xBB, 0xBB, 0xBB, 0xBB, 0xBB, 
	0xBB, 0xBB, 0xBB, 0xBB, 0xBB, 0xBB, 0xBB, 0xCC, 0xCC, 0xCC, 0xCC, 0xBC, 0xBB, 0xBB, 0xBB, 
	0xBB, 0xBB, 0xBB, 0xBB, 0xBB, 0xBB, 0xBB, 0xBB, 0xBB, 0xBB, 0xBB, 0xAA, 0xAA, 0xAA, 0xAA, 
	0xAA, 0xAA, 0xAA, 0xAA, 0xAA, 0xAA, 0xA9, 0x99, 0x99, 0x99, 0x99, 0x99, 0x99, 0x99, 0x98, 
	0x88, 0x88, 0x87, 0x77, 0x76, 0x66, 0x66, 0x66, 0x66, 0x66, 0x66, 0x55, 0x55, 0x55, 0x55, 
	0x55, 0x54, 0x44, 0x44, 0x45, 0x54, 0x43, 0x43, 0x33, 0x44, 0x45, 0x55, 0x56, 0x66, 0x66, 
	0x77, 0x77, 0x78, 0x88, 0x88, 0x99, 0x99, 0x9A, 0xAA, 0xA9, 0x87, 0x77, 0x77, 0x67, 0x66, 
	0x66, 0x66, 0x65, 0x45, 0x56, 0x67, 0x88, 0x88, 0x88, 0x9A, 0xBB, 0xA8, 0x78, 0x88, 0x88, 
	0x88, 0x88, 0x88, 0x88, 0x88, 0x88, 0x99, 0x99, 0x99, 0x99, 0x9A, 0xAA, 0x99, 0x99, 0x99, 
	0x99, 0x99, 0x99, 0x99, 0x99, 0x99, 0x99, 0x99, 0x99, 0x99, 0x99, 0x99, 0x99, 0x99, 0x99, 
	0x00, 0x00, 0x00, 0x00, 0x00, 0x00, 0x00, 0x00, 0x00, 0x00, 0x00, 0x00, 0x00, 0x00, 0x00, 
	0x00, 0x00, 0x00, 0x00, 0x00, 0x00, 0x00, 0x00, 0x00, 0x00, 0x00, 0x00, 0x00, 0x00, 0x00, 
	0x00, 0x00, 0x00, 0x00, 0x00, 0x00, 0x00, 0x00, 0x00, 0x00, 0x00, 0x00, 0x00, 0x00, 0x00, 
	0x00, 0x00, 0x00, 0x00, 0x00, 0x00, 0x00, 0x00, 0x00, 0x00, 0x00, 0x00, 0x00, 0x00, 0x00, 
	0x00, 0x00, 0x00, 0x00, 0x00, 0x00, 0x00, 0x00, 0x00, 0x00, 0x00, 0x00, 0x00, 0x00, 0x00, 
	0x00, 0x00, 0x00, 0x00, 0x00, 0x00, 0x00, 0x00, 0x00, 0x00, 0x00, 0x00, 0x00, 0x00, 0x00, 
	0x99, 0xAB, 0xBC, 0xCC, 0xDC, 0xCC, 0xCC, 0xCC, 0xCB, 0xCC, 0xCC, 0xBB, 0xBA, 0xA9, 0x87, 
	0x76, 0x66, 0x66, 0x67, 0x77, 0x77, 0x76, 0x64, 0x43, 0x33, 0x44, 0x56, 0x67, 0x66, 0x66, 
	0x66, 0x66, 0x66, 0x77, 0x77, 0x78, 0x88, 0x88, 0x89, 0x99, 0x9A, 0xAA, 0xBB, 0xBB, 0xBB, 
	0xBB, 0xBB, 0xBB, 0xBB, 0xCC, 0xCC, 0xCC, 0xCC, 0xCC, 0xCC, 0xCC, 0xBB, 0xBB, 0xBB, 0xBB, 
	0xBB, 0xBB, 0xBB, 0xBB, 0xBB, 0xBB, 0xBB, 0xBB, 0xBB, 0xBB, 0xBB, 0xBB, 0xBB, 0xBB, 0xBB, 
	0xBB, 0xBB, 0xBB, 0xBB, 0xBB, 0xBB, 0xBB, 0xBB, 0xBB, 0xBB, 0xCB, 0xBB, 0xBB, 0xBB, 0xBB, 
	0xBB, 0xBB, 0xBB, 0xBB, 0xBB, 0xBB, 0xBB, 0xBB, 0xBB, 0xBB, 0xBB, 0xAA, 0xAA, 0xAA, 0xAA, 
	0xAA, 0xAA, 0xAA, 0xAA, 0xAA, 0xAA, 0x99, 0x99, 0x99, 0x99, 0x99, 0x99, 0x99, 0x99, 0x98, 
	0x88, 0x77, 0x77, 0x76, 0x66, 0x55, 0x55, 0x55, 0x55, 0x66, 0x65, 0x55, 0x55, 0x55, 0x55, 
	0x55, 0x55, 0x44, 0x44, 0x45, 0x55, 0x43, 0x43, 0x33, 0x34, 0x45, 0x55, 0x56, 0x66, 0x66, 
	0x77, 0x77, 0x88, 0x88, 0x88, 0x88, 0x99, 0x9A, 0xAA, 0xA9, 0x87, 0x77, 0x77, 0x77, 0x66, 
	0x66, 0x66, 0x65, 0x55, 0x56, 0x67, 0x88, 0x88, 0x88, 0x9A, 0xBB, 0xA8, 0x78, 0x88, 0x88, 
	0x88, 0x88, 0x88, 0x88, 0x88, 0x88, 0x99, 0x99, 0x99, 0x99, 0xAA, 0xAA, 0x99, 0x99, 0x99, 
	0x89, 0x99, 0x99, 0x99, 0x99, 0x99, 0x99, 0x99, 0x99, 0x99, 0x99, 0x99, 0x99, 0x99, 0x99, 
	0x00, 0x00, 0x00, 0x00, 0x00, 0x00, 0x00, 0x00, 0x00, 0x00, 0x00, 0x00, 0x00, 0x00, 0x00, 
	0x00, 0x00, 0x00, 0x00, 0x00, 0x00, 0x00, 0x00, 0x00, 0x00, 0x00, 0x00, 0x00, 0x00, 0x00, 
	0x00, 0x00, 0x00, 0x00, 0x00, 0x00, 0x00, 0x00, 0x00, 0x00, 0x00, 0x00, 0x00, 0x00, 0x00, 
	0x00, 0x00, 0x00, 0x00, 0x00, 0x00, 0x00, 0x00, 0x00, 0x00, 0x00, 0x00, 0x00, 0x00, 0x00, 
	0x00, 0x00, 0x00, 0x00, 0x00, 0x00, 0x00, 0x00, 0x00, 0x00, 0x00, 0x00, 0x00, 0x00, 0x00, 
	0x00, 0x00, 0x00, 0x00, 0x00, 0x00, 0x00, 0x00, 0x00, 0x00, 0x00, 0x00, 0x00, 0x00, 0x00, 
	0x89, 0xAB, 0xBC, 0xCC, 0xCC, 0xCC, 0xCC, 0xCB, 0xBB, 0xBB, 0xBC, 0xBB, 0xA9, 0x88, 0x76, 
	0x55, 0x56, 0x65, 0x55, 0x55, 0x55, 0x55, 0x44, 0x33, 0x33, 0x34, 0x45, 0x56, 0x55, 0x66, 
	0x66, 0x66, 0x66, 0x66, 0x67, 0x78, 0x88, 0x88, 0x89, 0x99, 0xAA, 0xBB, 0xBB, 0xBB, 0xBB, 
	0xBB, 0xBB, 0xBB, 0xBB, 0xBB, 0xBB, 0xBC, 0xCC, 0xCC, 0xCC, 0xCC, 0xBB, 0xBB, 0xBB, 0xBB, 
	0xBB, 0xBB, 0xBB, 0xBB, 0xBB, 0xBB, 0xBB, 0xBB, 0xBB, 0xBB, 0xBB, 0xBB, 0xBB, 0xBB, 0xBB, 
	0xBB, 0xBB, 0xBB, 0xBB, 0xBB, 0xBB, 0xBB, 0xBB, 0xBB, 0xBB, 0xCB, 0xBB, 0xBA, 0xAB, 0xBB, 
	0xBB, 0xBB, 0xBB, 0xBB, 0xBB, 0xBB, 0xBB, 0xBB, 0xAA, 0xBB, 0xBA, 0xAA, 0xAA, 0xAA, 0xAA, 
	0xAA, 0xAA, 0xAA, 0xAA, 0xAA, 0x99, 0x99, 0x99, 0x99, 0x99, 0x99, 0x98, 0x88, 0x88, 0x88, 
	0x88, 0x77, 0x77, 0x66, 0x65, 0x55, 0x55, 0x55, 0x55, 0x55, 0x65, 0x55, 0x55, 0x55, 0x45, 
	0x45, 0x55, 0x44, 0x44, 0x44, 0x55, 0x54, 0x33, 0x33, 0x34, 0x45, 0x55, 0x56, 0x66, 0x67, 
	0x77, 0x78, 0x87, 0x88, 0x88, 0x88, 0x89, 0xAA, 0xAA, 0xAA, 0x98, 0x77, 0x76, 0x77, 0x76, 
	0x66, 0x66, 0x55, 0x55, 0x56, 0x67, 0x88, 0x88, 0x88, 0x9A, 0xBB, 0xA8, 0x78, 0x88, 0x88, 
	0x88, 0x88, 0x88, 0x88, 0x88, 0x88, 0x99, 0x99, 0x99, 0x99, 0xAA, 0x99, 0x99, 0x99, 0x99, 
	0x99, 0x99, 0x99, 0x99, 0x99, 0x99, 0x99, 0x99, 0x99, 0x99, 0x99, 0x99, 0x99, 0x99, 0x99, 
	0x00, 0x00, 0x00, 0x00, 0x00, 0x00, 0x00, 0x00, 0x00, 0x00, 0x00, 0x00, 0x00, 0x00, 0x00, 
	0x00, 0x00, 0x00, 0x00, 0x00, 0x00, 0x00, 0x00, 0x00, 0x00, 0x00, 0x00, 0x00, 0x00, 0x00, 
	0x00, 0x00, 0x00, 0x00, 0x00, 0x00, 0x00, 0x00, 0x00, 0x00, 0x00, 0x00, 0x00, 0x00, 0x00, 
	0x00, 0x00, 0x00, 0x00, 0x00, 0x00, 0x00, 0x00, 0x00, 0x00, 0x00, 0x00, 0x00, 0x00, 0x00, 
	0x00, 0x00, 0x00, 0x00, 0x00, 0x00, 0x00, 0x00, 0x00, 0x00, 0x00, 0x00, 0x00, 0x00, 0x00, 
	0x00, 0x00, 0x00, 0x00, 0x00, 0x00, 0x00, 0x00, 0x00, 0x00, 0x00, 0x00, 0x00, 0x00, 0x00, 
	0x88, 0x9B, 0xBC, 0xCC, 0xCC, 0xBB, 0xBB, 0xBB, 0xA9, 0xAA, 0xBC, 0xBA, 0x98, 0x76, 0x55, 
	0x55, 0x55, 0x54, 0x44, 0x44, 0x44, 0x44, 0x44, 0x33, 0x33, 0x33, 0x34, 0x44, 0x44, 0x55, 
	0x55, 0x55, 0x66, 0x66, 0x67, 0x77, 0x78, 0x88, 0x89, 0x9A, 0xAA, 0xBB, 0xBB, 0xBB, 0xBB, 
	0xBB, 0xBB, 0xBB, 0xBB, 0xBB, 0xBB, 0xBC, 0xCC, 0xCC, 0xCC, 0xCB, 0xBB, 0xBB, 0xBB, 0xBB, 
	0xBB, 0xBB, 0xBB, 0xBB, 0xBB, 0xBB, 0xBB, 0xBB, 0xBB, 0xBB, 0xBB, 0xBB, 0xBB, 0xBB, 0xBB, 
	0xBB, 0xBB, 0xBB, 0xBB, 0xBB, 0xBB, 0xBB, 0xBB, 0xBB, 0xBB, 0xBB, 0xBB, 0xBA, 0xAB, 0xBB, 
	0xBB, 0xBB, 0xBB, 0xBB, 0xBB, 0xBA, 0xAA, 0xAA, 0xAA, 0xBB, 0xAA, 0xAA, 0xAA, 0xAA, 0xAA, 
	0xAA, 0xAA, 0xAA, 0x99, 0x99, 0x99, 0x99, 0x99, 0x99, 0x99, 0x98, 0x88, 0x88, 0x88, 0x88, 
	0x87, 0x76, 0x66, 0x66, 0x65, 0x55, 0x55, 0x55, 0x54, 0x55, 0x65, 0x55, 0x55, 0x55, 0x45, 
	0x44, 0x55, 0x54, 0x44, 0x54, 0x55, 0x54, 0x33, 0x33, 0x34, 0x45, 0x55, 0x55, 0x66, 0x67, 
	0x77, 0x78, 0x87, 0x88, 0x88, 0x98, 0x99, 0xAA, 0xAA, 0xAA, 0x98, 0x77, 0x77, 0x77, 0x76, 
	0x66, 0x66, 0x55, 0x55, 0x56, 0x67, 0x88, 0x88, 0x88, 0x9A, 0xBB, 0xA8, 0x77, 0x88, 0x88, 
	0x88, 0x88, 0x88, 0x88, 0x88, 0x88, 0x99, 0x99, 0x99, 0x99, 0x99, 0x99, 0x99, 0x88, 0x89, 
	0x99, 0x99, 0x99, 0x99, 0x99, 0x99, 0x99, 0x99, 0x99, 0x99, 0x99, 0x99, 0x98, 0x98, 0x88, 
	0x00, 0x00, 0x00, 0x00, 0x00, 0x00, 0x00, 0x00, 0x00, 0x00, 0x00, 0x00, 0x00, 0x00, 0x00, 
	0x00, 0x00, 0x00, 0x00, 0x00, 0x00, 0x00, 0x00, 0x00, 0x00, 0x00, 0x00, 0x00, 0x00, 0x00, 
	0x00, 0x00, 0x00, 0x00, 0x00, 0x00, 0x00, 0x00, 0x00, 0x00, 0x00, 0x00, 0x00, 0x00, 0x00, 
	0x00, 0x00, 0x00, 0x00, 0x00, 0x00, 0x00, 0x00, 0x00, 0x00, 0x00, 0x00, 0x00, 0x00, 0x00, 
	0x00, 0x00, 0x00, 0x00, 0x00, 0x00, 0x00, 0x00, 0x00, 0x00, 0x00, 0x00, 0x00, 0x00, 0x00, 
	0x00, 0x00, 0x00, 0x00, 0x00, 0x00, 0x00, 0x00, 0x00, 0x00, 0x00, 0x00, 0x00, 0x00, 0x00, 
	0x88, 0x9B, 0xCC, 0xCB, 0xBB, 0xBB, 0xAA, 0xAA, 0x88, 0x8A, 0xBB, 0xA9, 0x65, 0x54, 0x44, 
	0x44, 0x44, 0x44, 0x33, 0x33, 0x33, 0x44, 0x44, 0x33, 0x33, 0x23, 0x33, 0x34, 0x44, 0x55, 
	0x55, 0x55, 0x55, 0x56, 0x67, 0x77, 0x77, 0x88, 0x99, 0x9A, 0xAA, 0xAA, 0xBB, 0xBB, 0xBB, 
	0xBB, 0xBB, 0xBB, 0xBB, 0xBB, 0xBB, 0xBB, 0xBB, 0xCC, 0xCB, 0xCB, 0xBB, 0xBB, 0xBB, 0xBB, 
	0xBB, 0xBB, 0xBB, 0xBB, 0xBB, 0xBB, 0xBB, 0xBB, 0xBB, 0xBB, 0xBB, 0xBB, 0xBB, 0xBB, 0xBB, 
	0xBB, 0xBB, 0xBB, 0xBB, 0xBB, 0xBB, 0xBB, 0xBB, 0xBB, 0xBB, 0xBB, 0xBB, 0xBA, 0xAB, 0xBA, 
	0xAB, 0xBB, 0xBB, 0xBB, 0xBB, 0xAA, 0xAA, 0xAA, 0xAA, 0xAA, 0xAA, 0xAA, 0xAA, 0xAA, 0xAA, 
	0xAA, 0xAA, 0xA9, 0x99, 0x99, 0x99, 0x99, 0x98, 0x89, 0x99, 0x88, 0x88, 0x88, 0x88, 0x88, 
	0x87, 0x66, 0x66, 0x66, 0x65, 0x55, 0x55, 0x55, 0x54, 0x45, 0x55, 0x55, 0x55, 0x55, 0x45, 
	0x44, 0x55, 0x55, 0x45, 0x55, 0x55, 0x55, 0x33, 0x33, 0x34, 0x44, 0x55, 0x45, 0x66, 0x67, 
	0x77, 0x78, 0x87, 0x88, 0x89, 0x98, 0x9A, 0xAA, 0xAA, 0xAA, 0x98, 0x77, 0x77, 0x77, 0x76, 
	0x66, 0x66, 0x55, 0x55, 0x56, 0x67, 0x88, 0x88, 0x89, 0x9A, 0xBB, 0xA8, 0x77, 0x88, 0x88, 
	0x88, 0x88, 0x88, 0x88, 0x88, 0x89, 0x99, 0x99, 0x99, 0x99, 0x99, 0x99, 0x98, 0x88, 0x89, 
	0x99, 0x99, 0x99, 0x99, 0x99, 0x99, 0x99, 0x99, 0x99, 0x99, 0x99, 0x99, 0x98, 0x88, 0x88, 
	0x00, 0x00, 0x00, 0x00, 0x00, 0x00, 0x00, 0x00, 0x00, 0x00, 0x00, 0x00, 0x00, 0x00, 0x00, 
	0x00, 0x00, 0x00, 0x00, 0x00, 0x00, 0x00, 0x00, 0x00, 0x00, 0x00, 0x00, 0x00, 0x00, 0x00, 
	0x00, 0x00, 0x00, 0x00, 0x00, 0x00, 0x00, 0x00, 0x00, 0x00, 0x00, 0x00, 0x00, 0x00, 0x00, 
	0x00, 0x00, 0x00, 0x00, 0x00, 0x00, 0x00, 0x00, 0x00, 0x00, 0x00, 0x00, 0x00, 0x00, 0x00, 
	0x00, 0x00, 0x00, 0x00, 0x00, 0x00, 0x00, 0x00, 0x00, 0x00, 0x00, 0x00, 0x00, 0x00, 0x00, 
	0x00, 0x00, 0x00, 0x00, 0x00, 0x00, 0x00, 0x00, 0x00, 0x00, 0x00, 0x00, 0x00, 0x00, 0x00, 
	0x78, 0x9B, 0xCC, 0xBB, 0xAA, 0x98, 0x9A, 0x98, 0x77, 0x8A, 0xAA, 0x97, 0x55, 0x44, 0x33, 
	0x44, 0x44, 0x33, 0x33, 0x33, 0x33, 0x44, 0x44, 0x33, 0x32, 0x22, 0x22, 0x33, 0x44, 0x44, 
	0x44, 0x55, 0x44, 0x55, 0x66, 0x67, 0x78, 0x89, 0x99, 0x9A, 0xAA, 0xAA, 0xAA, 0xAA, 0xAA, 
	0xAA, 0xBB, 0xAB, 0xBB, 0xBB, 0xBB, 0xBB, 0xBB, 0xBB, 0xBB, 0xBB, 0xBB, 0xBB, 0xBB, 0xBB, 
	0xBB, 0xBB, 0xBB, 0xBB, 0xBB, 0xBB, 0xBB, 0xBB, 0xBB, 0xBB, 0xBB, 0xBB, 0xBB, 0xBB, 0xBB, 
	0xBB, 0xBA, 0xBB, 0xBA, 0xBB, 0xAA, 0xBB, 0xBB, 0xBB, 0xBB, 0xBB, 0xBA, 0xAA, 0xAA, 0xBA, 
	0xAA, 0xBB, 0xBB, 0xBB, 0xBB, 0xAA, 0xAA, 0xAA, 0xAA, 0xAA, 0xAA, 0xAA, 0xAA, 0xAA, 0xAA, 
	0xAA, 0xAA, 0xA9, 0x99, 0x99, 0x99, 0x98, 0x88, 0x88, 0x88, 0x98, 0x88, 0x88, 0x88, 0x87, 
	0x77, 0x76, 0x65, 0x66, 0x65, 0x55, 0x55, 0x44, 0x44, 0x44, 0x55, 0x55, 0x55, 0x55, 0x55, 
	0x54, 0x45, 0x55, 0x55, 0x55, 0x55, 0x55, 0x43, 0x33, 0x34, 0x44, 0x45, 0x55, 0x66, 0x67, 
	0x77, 0x78, 0x88, 0x88, 0x88, 0x88, 0x99, 0xAA, 0xAA, 0xA9, 0x99, 0x77, 0x77, 0x77, 0x77, 
	0x66, 0x66, 0x55, 0x55, 0x56, 0x67, 0x88, 0x88, 0x88, 0x9A, 0xBB, 0xA8, 0x77, 0x88, 0x88, 
	0x88, 0x88, 0x88, 0x88, 0x89, 0x99, 0x99, 0x99, 0x99, 0x99, 0x99, 0x99, 0x99, 0x98, 0x89, 
	0x99, 0x99, 0x99, 0x99, 0x99, 0x99, 0x99, 0x99, 0x99, 0x99, 0x99, 0x98, 0x88, 0x88, 0x89, 
	0x00, 0x00, 0x00, 0x00, 0x00, 0x00, 0x00, 0x00, 0x00, 0x00, 0x00, 0x00, 0x00, 0x00, 0x00, 
	0x00, 0x00, 0x00, 0x00, 0x00, 0x00, 0x00, 0x00, 0x00, 0x00, 0x00, 0x00, 0x00, 0x00, 0x00, 
	0x00, 0x00, 0x00, 0x00, 0x00, 0x00, 0x00, 0x00, 0x00, 0x00, 0x00, 0x00, 0x00, 0x00, 0x00, 
	0x00, 0x00, 0x00, 0x00, 0x00, 0x00, 0x00, 0x00, 0x00, 0x00, 0x00, 0x00, 0x00, 0x00, 0x00, 
	0x00, 0x00, 0x00, 0x00, 0x00, 0x00, 0x00, 0x00, 0x00, 0x00, 0x00, 0x00, 0x00, 0x00, 0x00, 
	0x00, 0x00, 0x00, 0x00, 0x00, 0x00, 0x00, 0x00, 0x00, 0x00, 0x00, 0x00, 0x00, 0x00, 0x00, 
	0x78, 0xAC, 0xCC, 0xBB, 0x98, 0x88, 0x99, 0x88, 0x77, 0x8A, 0xA9, 0x86, 0x55, 0x43, 0x33, 
	0x34, 0x43, 0x33, 0x33, 0x33, 0x33, 0x44, 0x44, 0x33, 0x22, 0x22, 0x22, 0x33, 0x34, 0x44, 
	0x44, 0x44, 0x44, 0x45, 0x56, 0x67, 0x78, 0x88, 0x89, 0x99, 0x99, 0xAA, 0xAA, 0xAA, 0xAA, 
	0xAA, 0xAA, 0xAA, 0xAB, 0xBB, 0xBB, 0xBB, 0xBB, 0xBB, 0xBB, 0xBB, 0xBB, 0xBB, 0xBB, 0xBB, 
	0xBB, 0xBB, 0xBB, 0xBB, 0xBB, 0xBB, 0xBB, 0xBB, 0xBB, 0xBB, 0xBB, 0xBB, 0xBB, 0xBB, 0xBA, 
	0xAB, 0xBA, 0xAA, 0xAA, 0xAA, 0xAA, 0xBB, 0xBA, 0xBB, 0xBB, 0xBB, 0xBA, 0xAA, 0xAA, 0xAA, 
	0xAA, 0xAB, 0xBB, 0xAA, 0xAA, 0xAA, 0xAA, 0xAA, 0xAA, 0xAA, 0xAA, 0xAA, 0xAA, 0xAA, 0xAA, 
	0x99, 0x99, 0x99, 0x99, 0x99, 0x99, 0x88, 0x88, 0x88, 0x88, 0x88, 0x88, 0x88, 0x87, 0x77, 
	0x77, 0x76, 0x65, 0x66, 0x65, 0x55, 0x55, 0x44, 0x54, 0x44, 0x55, 0x55, 0x55, 0x55, 0x44, 
	0x54, 0x45, 0x55, 0x55, 0x55, 0x55, 0x55, 0x43, 0x33, 0x34, 0x44, 0x45, 0x55, 0x66, 0x67, 
	0x77, 0x77, 0x88, 0x89, 0x99, 0x99, 0x99, 0xAA, 0xAA, 0xA9, 0x99, 0x87, 0x77, 0x77, 0x77, 
	0x66, 0x65, 0x55, 0x55, 0x56, 0x67, 0x88, 0x88, 0x88, 0x9A, 0xBB, 0xA8, 0x77, 0x88, 0x88, 
	0x88, 0x88, 0x88, 0x88, 0x89, 0x99, 0x99, 0x99, 0x99, 0x99, 0x99, 0x98, 0x89, 0x98, 0x89, 
	0x99, 0x99, 0x99, 0x99, 0x99, 0x99, 0x99, 0x99, 0x99, 0x99, 0x99, 0x98, 0x88, 0x88, 0x99, 
	0x00, 0x00, 0x00, 0x00, 0x00, 0x00, 0x00, 0x00, 0x00, 0x00, 0x00, 0x00, 0x00, 0x00, 0x00, 
	0x00, 0x00, 0x00, 0x00, 0x00, 0x00, 0x00, 0x00, 0x00, 0x00, 0x00, 0x00, 0x00, 0x00, 0x00, 
	0x00, 0x00, 0x00, 0x00, 0x00, 0x00, 0x00, 0x00, 0x00, 0x00, 0x00, 0x00, 0x00, 0x00, 0x00, 
	0x00, 0x00, 0x00, 0x00, 0x00, 0x00, 0x00, 0x00, 0x00, 0x00, 0x00, 0x00, 0x00, 0x00, 0x00, 
	0x00, 0x00, 0x00, 0x00, 0x00, 0x00, 0x00, 0x00, 0x00, 0x00, 0x00, 0x00, 0x00, 0x00, 0x00, 
	0x00, 0x00, 0x00, 0x00, 0x00, 0x00, 0x00, 0x00, 0x00, 0x00, 0x00, 0x00, 0x00, 0x00, 0x00, 
	0x79, 0xBC, 0xCC, 0xBA, 0x87, 0x77, 0x89, 0x88, 0x77, 0x89, 0x99, 0x76, 0x55, 0x44, 0x44, 
	0x43, 0x33, 0x33, 0x33, 0x33, 0x34, 0x44, 0x43, 0x32, 0x22, 0x22, 0x23, 0x33, 0x34, 0x43, 
	0x33, 0x33, 0x33, 0x44, 0x55, 0x66, 0x77, 0x77, 0x78, 0x88, 0x88, 0x99, 0x99, 0x99, 0xAA, 
	0xAA, 0xAA, 0xAA, 0xAB, 0xBB, 0xBB, 0xBB, 0xBB, 0xBB, 0xBB, 0xBB, 0xBB, 0xBB, 0xBB, 0xBB, 
	0xBB, 0xBB, 0xBB, 0xBB, 0xBB, 0xBB, 0xBB, 0xBB, 0xBB, 0xBB, 0xBB, 0xAA, 0xAA, 0xBB, 0xAA, 
	0xAA, 0xBA, 0xAA, 0xAA, 0xAA, 0xAA, 0xAA, 0xAA, 0xAA, 0xAB, 0xBB, 0xAA, 0xAA, 0xAA, 0xAA, 
	0xAA, 0xAA, 0xAA, 0xAA, 0xAA, 0xAA, 0xAA, 0xAA, 0xAA, 0xAA, 0xAA, 0xAA, 0xAA, 0x99, 0x99, 
	0x99, 0x99, 0x99, 0x99, 0x99, 0x99, 0x88, 0x88, 0x77, 0x77, 0x78, 0x88, 0x87, 0x77, 0x77, 
	0x77, 0x76, 0x65, 0x55, 0x55, 0x55, 0x54, 0x44, 0x44, 0x44, 0x55, 0x55, 0x55, 0x55, 0x44, 
	0x54, 0x44, 0x45, 0x55, 0x55, 0x54, 0x45, 0x44, 0x33, 0x34, 0x44, 0x45, 0x55, 0x67, 0x77, 
	0x77, 0x78, 0x88, 0x89, 0x99, 0x99, 0x99, 0x9A, 0xAA, 0xA9, 0xA9, 0x87, 0x77, 0x66, 0x77, 
	0x76, 0x65, 0x55, 0x55, 0x56, 0x67, 0x78, 0x88, 0x88, 0x9A, 0xBB, 0xA8, 0x78, 0x88, 0x88, 
	0x88, 0x88, 0x88, 0x88, 0x99, 0x99, 0x99, 0x99, 0x99, 0x99, 0x98, 0x88, 0x89, 0x99, 0x99, 
	0x99, 0x99, 0x99, 0x99, 0x99, 0x99, 0x99, 0x99, 0x99, 0x99, 0x88, 0x88, 0x88, 0x89, 0x99, 
	0x00, 0x00, 0x00, 0x00, 0x00, 0x00, 0x00, 0x00, 0x00, 0x00, 0x00, 0x00, 0x00, 0x00, 0x00, 
	0x00, 0x00, 0x00, 0x00, 0x00, 0x00, 0x00, 0x00, 0x00, 0x00, 0x00, 0x00, 0x00, 0x00, 0x00, 
	0x00, 0x00, 0x00, 0x00, 0x00, 0x00, 0x00, 0x00, 0x00, 0x00, 0x00, 0x00, 0x00, 0x00, 0x00, 
	0x00, 0x00, 0x00, 0x00, 0x00, 0x00, 0x00, 0x00, 0x00, 0x00, 0x00, 0x00, 0x00, 0x00, 0x00, 
	0x00, 0x00, 0x00, 0x00, 0x00, 0x00, 0x00, 0x00, 0x00, 0x00, 0x00, 0x00, 0x00, 0x00, 0x00, 
	0x00, 0x00, 0x00, 0x00, 0x00, 0x00, 0x00, 0x00, 0x00, 0x00, 0x00, 0x00, 0x00, 0x00, 0x00, 
	0x8B, 0xCC, 0xCC, 0xA9, 0x87, 0x77, 0x89, 0x88, 0x66, 0x89, 0x98, 0x76, 0x54, 0x44, 0x44, 
	0x44, 0x33, 0x33, 0x33, 0x33, 0x44, 0x44, 0x33, 0x32, 0x22, 0x22, 0x33, 0x33, 0x33, 0x33, 
	0x33, 0x33, 0x33, 0x44, 0x45, 0x55, 0x55, 0x56, 0x67, 0x77, 0x78, 0x88, 0x89, 0x99, 0x9A, 
	0xAA, 0xAA, 0xAA, 0xBB, 0xBB, 0xBB, 0xBB, 0xBB, 0xBB, 0xBB, 0xBA, 0xAA, 0xBB, 0xBB, 0xBB, 
	0xBB, 0xBB, 0xBA, 0xBB, 0xBB, 0xBB, 0xBB, 0xBB, 0xBA, 0xAA, 0xAA, 0xAA, 0xAA, 0xAA, 0xAA, 
	0xAA, 0xAA, 0xAA, 0xAA, 0xAA, 0xAA, 0xAA, 0xAA, 0xAA, 0xAA, 0xAA, 0xAA, 0xAA, 0xAA, 0xAA, 
	0xAA, 0xAA, 0xAA, 0xAA, 0xAA, 0xAA, 0xAA, 0xAA, 0xAA, 0xAA, 0xAA, 0xAA, 0xAA, 0x99, 0x99, 
	0x99, 0x99, 0x99, 0x99, 0x99, 0x98, 0x88, 0x88, 0x77, 0x77, 0x77, 0x77, 0x77, 0x77, 0x77, 
	0x76, 0x66, 0x65, 0x55, 0x55, 0x44, 0x44, 0x44, 0x44, 0x44, 0x44, 0x44, 0x55, 0x55, 0x44, 
	0x44, 0x33, 0x44, 0x44, 0x45, 0x44, 0x44, 0x44, 0x43, 0x34, 0x44, 0x45, 0x55, 0x67, 0x77, 
	0x77, 0x78, 0x88, 0x89, 0x98, 0x99, 0x99, 0x9A, 0xAA, 0xAA, 0xA9, 0x87, 0x67, 0x66, 0x67, 
	0x77, 0x66, 0x55, 0x55, 0x56, 0x67, 0x88, 0x88, 0x88, 0x9A, 0xBB, 0xA8, 0x77, 0x88, 0x88, 
	0x88, 0x88, 0x88, 0x89, 0x99, 0x99, 0x99, 0x99, 0x99, 0x99, 0x88, 0x88, 0x89, 0x99, 0x99, 
	0x99, 0x99, 0x99, 0x99, 0x99, 0x99, 0x99, 0x99, 0x99, 0x98, 0x88, 0x88, 0x89, 0x99, 0x9A, 
	0x00, 0x00, 0x00, 0x00, 0x00, 0x00, 0x00, 0x00, 0x00, 0x00, 0x00, 0x00, 0x00, 0x00, 0x00, 
	0x00, 0x00, 0x00, 0x00, 0x00, 0x00, 0x00, 0x00, 0x00, 0x00, 0x00, 0x00, 0x00, 0x00, 0x00, 
	0x00, 0x00, 0x00, 0x00, 0x00, 0x00, 0x00, 0x00, 0x00, 0x00, 0x00, 0x00, 0x00, 0x00, 0x00, 
	0x00, 0x00, 0x00, 0x00, 0x00, 0x00, 0x00, 0x00, 0x00, 0x00, 0x00, 0x00, 0x00, 0x00, 0x00, 
	0x00, 0x00, 0x00, 0x00, 0x00, 0x00, 0x00, 0x00, 0x00, 0x00, 0x00, 0x00, 0x00, 0x00, 0x00, 
	0x00, 0x00, 0x00, 0x00, 0x00, 0x00, 0x00, 0x00, 0x00, 0x00, 0x00, 0x00, 0x00, 0x00, 0x00, 
	0xAC, 0xCD, 0xCC, 0xA8, 0x77, 0x77, 0x88, 0x87, 0x66, 0x78, 0x88, 0x66, 0x54, 0x55, 0x55, 
	0x54, 0x33, 0x33, 0x33, 0x34, 0x44, 0x43, 0x33, 0x32, 0x22, 0x33, 0x33, 0x33, 0x33, 0x32, 
	0x23, 0x33, 0x33, 0x44, 0x44, 0x44, 0x44, 0x45, 0x56, 0x67, 0x77, 0x88, 0x89, 0x99, 0x99, 
	0xAA, 0xAA, 0xAB, 0xBB, 0xBB, 0xBB, 0xBB, 0xBB, 0xBB, 0xBB, 0xAA, 0xAA, 0xBB, 0xBB, 0xBB, 
	0xAB, 0xBA, 0xAA, 0xAB, 0xBB, 0xBB, 0xBB, 0xBB, 0xAA, 0xAA, 0xAA, 0xAA, 0xAA, 0xAA, 0xAA, 
	0xAA, 0xAA, 0xAA, 0xAA, 0xAA, 0xAA, 0xAA, 0xAA, 0xAA, 0xAA, 0xAA, 0xAA, 0xAA, 0xAA, 0xAA, 
	0xAA, 0xAA, 0xAA, 0xAA, 0xAA, 0xAA, 0xAA, 0xAA, 0xAA, 0xAA, 0xAA, 0x99, 0x99, 0x99, 0x99, 
	0x99, 0x99, 0x99, 0x99, 0x98, 0x88, 0x88, 0x88, 0x77, 0x76, 0x77, 0x67, 0x77, 0x77, 0x76, 
	0x66, 0x66, 0x55, 0x55, 0x44, 0x44, 0x44, 0x44, 0x44, 0x44, 0x44, 0x44, 0x44, 0x55, 0x44, 
	0x44, 0x43, 0x44, 0x44, 0x45, 0x55, 0x44, 0x44, 0x43, 0x33, 0x44, 0x45, 0x55, 0x56, 0x67, 
	0x77, 0x78, 0x88, 0x89, 0x98, 0x88, 0x99, 0x9A, 0xAA, 0xAA, 0xAA, 0x97, 0x67, 0x76, 0x66, 
	0x76, 0x66, 0x55, 0x55, 0x56, 0x67, 0x88, 0x88, 0x88, 0x9A, 0xBB, 0xA8, 0x77, 0x88, 0x88, 
	0x88, 0x88, 0x88, 0x99, 0x99, 0x99, 0x99, 0x99, 0x99, 0x98, 0x88, 0x88, 0x89, 0x99, 0x99, 
	0x99, 0x99, 0x99, 0x99, 0x99, 0x99, 0x99, 0x98, 0x88, 0x88, 0x88, 0x88, 0x99, 0x9A, 0xAA, 
	0x00, 0x00, 0x00, 0x00, 0x00, 0x00, 0x00, 0x00, 0x00, 0x00, 0x00, 0x00, 0x00, 0x00, 0x00, 
	0x00, 0x00, 0x00, 0x00, 0x00, 0x00, 0x00, 0x00, 0x00, 0x00, 0x00, 0x00, 0x00, 0x00, 0x00, 
	0x00, 0x00, 0x00, 0x00, 0x00, 0x00, 0x00, 0x00, 0x00, 0x00, 0x00, 0x00, 0x00, 0x00, 0x00, 
	0x00, 0x00, 0x00, 0x00, 0x00, 0x00, 0x00, 0x00, 0x00, 0x00, 0x00, 0x00, 0x00, 0x00, 0x00, 
	0x00, 0x00, 0x00, 0x00, 0x00, 0x00, 0x00, 0x00, 0x00, 0x00, 0x00, 0x00, 0x00, 0x00, 0x00, 
	0x00, 0x00, 0x00, 0x00, 0x00, 0x00, 0x00, 0x00, 0x00, 0x00, 0x00, 0x00, 0x00, 0x00, 0x00, 
	0xBC, 0xDE, 0xDC, 0xA8, 0x77, 0x67, 0x88, 0x76, 0x66, 0x78, 0x88, 0x65, 0x55, 0x66, 0x76, 
	0x54, 0x33, 0x33, 0x33, 0x44, 0x44, 0x33, 0x32, 0x22, 0x33, 0x33, 0x33, 0x33, 0x33, 0x32, 
	0x23, 0x33, 0x34, 0x44, 0x44, 0x33, 0x33, 0x44, 0x55, 0x56, 0x67, 0x78, 0x89, 0x99, 0xAA, 
	0xAA, 0xAA, 0xAB, 0xBB, 0xBB, 0xBB, 0xBB, 0xBB, 0xAA, 0xAA, 0xAA, 0xAA, 0xBB, 0xBB, 0xAA, 
	0xAA, 0xAA, 0xAA, 0xAB, 0xBB, 0xBB, 0xBB, 0xBB, 0xAA, 0xAA, 0xAA, 0xAA, 0xAA, 0xAA, 0xAA, 
	0xAA, 0xAA, 0xAA, 0xAA, 0xAA, 0xAA, 0xAA, 0xAA, 0xAA, 0xAA, 0xAA, 0xAA, 0xAA, 0xAA, 0xAA, 
	0xAA, 0xAA, 0xAA, 0xAA, 0xAA, 0xAA, 0xAA, 0xAA, 0xAA, 0xAA, 0x99, 0x99, 0x99, 0x99, 0x99, 
	0x99, 0x99, 0x99, 0x99, 0x98, 0x88, 0x88, 0x77, 0x77, 0x76, 0x66, 0x66, 0x77, 0x77, 0x66, 
	0x66, 0x66, 0x55, 0x55, 0x44, 0x44, 0x44, 0x44, 0x44, 0x44, 0x43, 0x33, 0x44, 0x44, 0x44, 
	0x44, 0x44, 0x44, 0x45, 0x55, 0x55, 0x54, 0x44, 0x43, 0x33, 0x44, 0x45, 0x55, 0x56, 0x67, 
	0x77, 0x78, 0x88, 0x88, 0x99, 0x89, 0x99, 0x9A, 0xAA, 0xAA, 0xAA, 0x98, 0x76, 0x66, 0x66, 
	0x76, 0x66, 0x65, 0x55, 0x56, 0x67, 0x88, 0x88, 0x88, 0x9A, 0xBB, 0xA8, 0x77, 0x88, 0x88, 
	0x88, 0x88, 0x88, 0x99, 0x99, 0x99, 0x99, 0x99, 0x88, 0x88, 0x88, 0x99, 0x99, 0x99, 0x99, 
	0x99, 0x99, 0x99, 0x99, 0x99, 0x99, 0x99, 0x88, 0x88, 0x88, 0x88, 0x99, 0x99, 0xAA, 0xAB, 
	0x00, 0x00, 0x00, 0x00, 0x00, 0x00, 0x00, 0x00, 0x00, 0x00, 0x00, 0x00, 0x00, 0x00, 0x00, 
	0x00, 0x00, 0x00, 0x00, 0x00, 0x00, 0x00, 0x00, 0x00, 0x00, 0x00, 0x00, 0x00, 0x00, 0x00, 
	0x00, 0x00, 0x00, 0x00, 0x00, 0x00, 0x00, 0x00, 0x00, 0x00, 0x00, 0x00, 0x00, 0x00, 0x00, 
	0x00, 0x00, 0x00, 0x00, 0x00, 0x00, 0x00, 0x00, 0x00, 0x00, 0x00, 0x00, 0x00, 0x00, 0x00, 
	0x00, 0x00, 0x00, 0x00, 0x00, 0x00, 0x00, 0x00, 0x00, 0x00, 0x00, 0x00, 0x00, 0x00, 0x00, 
	0x00, 0x00, 0x00, 0x00, 0x00, 0x00, 0x00, 0x00, 0x00, 0x00, 0x00, 0x00, 0x00, 0x00, 0x00, 
	0xBD, 0xDE, 0xDC, 0xA7, 0x77, 0x67, 0x78, 0x76, 0x66, 0x78, 0x87, 0x65, 0x56, 0x78, 0x76, 
	0x54, 0x33, 0x33, 0x34, 0x44, 0x43, 0x33, 0x32, 0x23, 0x33, 0x33, 0x33, 0x33, 0x33, 0x32, 
	0x33, 0x33, 0x34, 0x44, 0x33, 0x33, 0x33, 0x34, 0x44, 0x55, 0x56, 0x77, 0x89, 0x99, 0xAA, 
	0xAA, 0xAA, 0xAA, 0xAB, 0xBB, 0xBB, 0xBA, 0xAA, 0xAA, 0x99, 0x9A, 0xAA, 0xBB, 0xAA, 0xAA, 
	0xAA, 0xAA, 0xAA, 0xAA, 0xBB, 0xBB, 0xBB, 0xAA, 0xAA, 0xAA, 0xAA, 0xAA, 0xAA, 0xAA, 0xAA, 
	0xAA, 0xAA, 0xAA, 0xAA, 0xAA, 0xAA, 0xAA, 0xAA, 0xAA, 0xAA, 0xAA, 0xAA, 0xAA, 0xAA, 0xA9, 
	0x9A, 0xAA, 0xAA, 0xAA, 0xAA, 0x99, 0x99, 0x99, 0x99, 0x99, 0x99, 0x99, 0x99, 0x99, 0x89, 
	0x99, 0x99, 0x89, 0x99, 0x88, 0x88, 0x87, 0x77, 0x77, 0x66, 0x66, 0x56, 0x66, 0x66, 0x66, 
	0x66, 0x65, 0x55, 0x55, 0x44, 0x44, 0x43, 0x44, 0x44, 0x44, 0x43, 0x33, 0x44, 0x44, 0x44, 
	0x44, 0x44, 0x44, 0x55, 0x55, 0x55, 0x55, 0x44, 0x33, 0x33, 0x34, 0x44, 0x55, 0x56, 0x67, 
	0x77, 0x77, 0x88, 0x88, 0x89, 0x99, 0x99, 0x9A, 0xAA, 0xAA, 0xAA, 0x98, 0x76, 0x66, 0x66, 
	0x66, 0x66, 0x65, 0x55, 0x56, 0x67, 0x88, 0x88, 0x88, 0x9A, 0xBB, 0xA8, 0x77, 0x88, 0x88, 
	0x88, 0x88, 0x88, 0x89, 0x99, 0x99, 0x99, 0x98, 0x88, 0x88, 0x88, 0x99, 0x99, 0x99, 0x99, 
	0x99, 0x99, 0x99, 0x99, 0x99, 0x99, 0x88, 0x88, 0x88, 0x88, 0x89, 0x99, 0x9A, 0xAB, 0xBB, 
	0x00, 0x00, 0x00, 0x00, 0x00, 0x00, 0x00, 0x00, 0x00, 0x00, 0x00, 0x00, 0x00, 0x00, 0x00, 
	0x00, 0x00, 0x00, 0x00, 0x00, 0x00, 0x00, 0x00, 0x00, 0x00, 0x00, 0x00, 0x00, 0x00, 0x00, 
	0x00, 0x00, 0x00, 0x00, 0x00, 0x00, 0x00, 0x00, 0x00, 0x00, 0x00, 0x00, 0x00, 0x00, 0x00, 
	0x00, 0x00, 0x00, 0x00, 0x00, 0x00, 0x00, 0x00, 0x00, 0x00, 0x00, 0x00, 0x00, 0x00, 0x00, 
	0x00, 0x00, 0x00, 0x00, 0x00, 0x00, 0x00, 0x00, 0x00, 0x00, 0x00, 0x00, 0x00, 0x00, 0x00, 
	0x00, 0x00, 0x00, 0x00, 0x00, 0x00, 0x00, 0x00, 0x00, 0x00, 0x00, 0x00, 0x00, 0x00, 0x00, 
	0xBD, 0xEE, 0xDC, 0x97, 0x77, 0x76, 0x67, 0x76, 0x66, 0x78, 0x87, 0x65, 0x56, 0x88, 0x87, 
	0x54, 0x33, 0x33, 0x34, 0x44, 0x33, 0x33, 0x33, 0x33, 0x33, 0x33, 0x33, 0x33, 0x22, 0x22, 
	0x33, 0x33, 0x43, 0x43, 0x33, 0x33, 0x33, 0x33, 0x44, 0x44, 0x56, 0x67, 0x88, 0x99, 0x99, 
	0x9A, 0xAA, 0xAA, 0xAA, 0xBB, 0xAA, 0xAA, 0x99, 0x99, 0x99, 0x99, 0xAA, 0xBB, 0xAA, 0xAA, 
	0xAA, 0x99, 0x9A, 0xAA, 0xBB, 0xBB, 0xBA, 0xAA, 0xAA, 0xAA, 0xAA, 0xAA, 0xAA, 0xAA, 0xAA, 
	0xAA, 0xAA, 0xA9, 0xAA, 0x99, 0x9A, 0xAA, 0x99, 0xAA, 0xAA, 0xAA, 0xA9, 0x9A, 0x99, 0x99, 
	0x9A, 0xAA, 0x9A, 0xAA, 0xAA, 0x99, 0x99, 0x99, 0x99, 0x99, 0x99, 0x99, 0x99, 0x98, 0x88, 
	0x88, 0x88, 0x88, 0x88, 0x88, 0x88, 0x87, 0x77, 0x77, 0x66, 0x55, 0x55, 0x56, 0x66, 0x65, 
	0x55, 0x55, 0x55, 0x55, 0x44, 0x44, 0x44, 0x34, 0x44, 0x44, 0x44, 0x44, 0x44, 0x44, 0x45, 
	0x54, 0x45, 0x55, 0x55, 0x55, 0x66, 0x55, 0x44, 0x33, 0x33, 0x34, 0x44, 0x45, 0x55, 0x67, 
	0x77, 0x77, 0x78, 0x88, 0x88, 0x99, 0x9A, 0xAA, 0xAA, 0xAA, 0xAA, 0x99, 0x76, 0x66, 0x66, 
	0x66, 0x66, 0x65, 0x55, 0x56, 0x67, 0x88, 0x88, 0x88, 0x9A, 0xBB, 0xA8, 0x78, 0x88, 0x88, 
	0x88, 0x88, 0x88, 0x89, 0x99, 0x98, 0x88, 0x88, 0x88, 0x88, 0x88, 0x99, 0x99, 0x99, 0x99, 
	0x99, 0x99, 0x99, 0x99, 0x99, 0x98, 0x88, 0x88, 0x88, 0x88, 0x99, 0x99, 0xAA, 0xBB, 0xBB, 
	0x00, 0x00, 0x00, 0x00, 0x00, 0x00, 0x00, 0x00, 0x00, 0x00, 0x00, 0x00, 0x00, 0x00, 0x00, 
	0x00, 0x00, 0x00, 0x00, 0x00, 0x00, 0x00, 0x00, 0x00, 0x00, 0x00, 0x00, 0x00, 0x00, 0x00, 
	0x00, 0x00, 0x00, 0x00, 0x00, 0x00, 0x00, 0x00, 0x00, 0x00, 0x00, 0x00, 0x00, 0x00, 0x00, 
	0x00, 0x00, 0x00, 0x00, 0x00, 0x00, 0x00, 0x00, 0x00, 0x00, 0x00, 0x00, 0x00, 0x00, 0x00, 
	0x00, 0x00, 0x00, 0x00, 0x00, 0x00, 0x00, 0x00, 0x00, 0x00, 0x00, 0x00, 0x00, 0x00, 0x00, 
	0x00, 0x00, 0x00, 0x00, 0x00, 0x00, 0x00, 0x00, 0x00, 0x00, 0x00, 0x00, 0x00, 0x00, 0x00, 
	0xBD, 0xEE, 0xDC, 0xA8, 0x77, 0x66, 0x67, 0x77, 0x66, 0x78, 0x87, 0x66, 0x67, 0x89, 0x87, 
	0x54, 0x33, 0x33, 0x34, 0x44, 0x33, 0x33, 0x33, 0x33, 0x33, 0x33, 0x33, 0x32, 0x22, 0x22, 
	0x33, 0x34, 0x44, 0x33, 0x33, 0x33, 0x33, 0x34, 0x44, 0x44, 0x56, 0x67, 0x78, 0x99, 0x99, 
	0x99, 0x99, 0xAA, 0xAA, 0xAA, 0xA9, 0x99, 0x99, 0x88, 0x98, 0x9A, 0xAA, 0xAA, 0xAA, 0xAA, 
	0xA9, 0x99, 0xAA, 0xAA, 0xBB, 0xBA, 0xAA, 0x9A, 0xAA, 0xAA, 0xAA, 0xAA, 0xAA, 0xAA, 0xAA, 
	0xAA, 0xA9, 0x99, 0x99, 0x99, 0x99, 0x99, 0x99, 0xAA, 0xAA, 0x99, 0x99, 0x99, 0xAA, 0x99, 
	0x99, 0xA9, 0x99, 0x99, 0x99, 0x99, 0x99, 0x99, 0x99, 0x99, 0x99, 0x99, 0x99, 0x98, 0x88, 
	0x88, 0x88, 0x88, 0x88, 0x88, 0x77, 0x77, 0x76, 0x66, 0x66, 0x55, 0x55, 0x55, 0x55, 0x55, 
	0x55, 0x55, 0x55, 0x55, 0x54, 0x44, 0x44, 0x33, 0x44, 0x44, 0x55, 0x44, 0x44, 0x44, 0x54, 
	0x55, 0x55, 0x55, 0x55, 0x56, 0x65, 0x66, 0x54, 0x43, 0x33, 0x33, 0x44, 0x45, 0x55, 0x66, 
	0x77, 0x77, 0x78, 0x88, 0x88, 0x99, 0x9A, 0xAA, 0xAA, 0xAA, 0xAA, 0xA9, 0x76, 0x66, 0x66, 
	0x66, 0x66, 0x65, 0x55, 0x55, 0x67, 0x78, 0x88, 0x88, 0x9A, 0xBB, 0xA8, 0x78, 0x88, 0x88, 
	0x88, 0x88, 0x88, 0x99, 0x99, 0x98, 0x88, 0x88, 0x88, 0x88, 0x88, 0x99, 0x99, 0x99, 0x99, 
	0x99, 0x99, 0x99, 0x99, 0x98, 0x88, 0x88, 0x88, 0x88, 0x89, 0x99, 0xAA, 0xAB, 0xBC, 0xCC, 
	0x00, 0x00, 0x00, 0x00, 0x00, 0x00, 0x00, 0x00, 0x00, 0x00, 0x00, 0x00, 0x00, 0x00, 0x00, 
	0x00, 0x00, 0x00, 0x00, 0x00, 0x00, 0x00, 0x00, 0x00, 0x00, 0x00, 0x00, 0x00, 0x00, 0x00, 
	0x00, 0x00, 0x00, 0x00, 0x00, 0x00, 0x00, 0x00, 0x00, 0x00, 0x00, 0x00, 0x00, 0x00, 0x00, 
	0x00, 0x00, 0x00, 0x00, 0x00, 0x00, 0x00, 0x00, 0x00, 0x00, 0x00, 0x00, 0x00, 0x00, 0x00, 
	0x00, 0x00, 0x00, 0x00, 0x00, 0x00, 0x00, 0x00, 0x00, 0x00, 0x00, 0x00, 0x00, 0x00, 0x00, 
	0x00, 0x00, 0x00, 0x00, 0x00, 0x00, 0x00, 0x00, 0x00, 0x00, 0x00, 0x00, 0x00, 0x00, 0x00, 
	0xBD, 0xEE, 0xDB, 0xA9, 0x87, 0x65, 0x67, 0x77, 0x66, 0x78, 0x87, 0x66, 0x78, 0x88, 0x87, 
	0x53, 0x33, 0x33, 0x34, 0x43, 0x33, 0x33, 0x33, 0x33, 0x33, 0x33, 0x33, 0x22, 0x22, 0x23, 
	0x33, 0x33, 0x33, 0x33, 0x33, 0x33, 0x34, 0x44, 0x44, 0x44, 0x55, 0x67, 0x77, 0x88, 0x88, 
	0x99, 0x99, 0x99, 0xA9, 0x99, 0x88, 0x88, 0x88, 0x88, 0x88, 0x9A, 0xAA, 0xAA, 0xAA, 0xAA, 
	0x99, 0x99, 0xAA, 0xAA, 0xBA, 0xAA, 0x99, 0x99, 0x99, 0xAA, 0xAA, 0xA9, 0x9A, 0xAA, 0xAA, 
	0x9A, 0x99, 0x99, 0x99, 0x99, 0x99, 0x99, 0x99, 0x99, 0x99, 0x99, 0x99, 0x99, 0x99, 0x99, 
	0x99, 0x99, 0x99, 0x99, 0x99, 0x99, 0x99, 0x99, 0x99, 0x99, 0x99, 0x99, 0x99, 0x88, 0x77, 
	0x88, 0x88, 0x88, 0x78, 0x87, 0x77, 0x77, 0x66, 0x66, 0x65, 0x55, 0x44, 0x55, 0x55, 0x55, 
	0x55, 0x55, 0x44, 0x55, 0x44, 0x33, 0x44, 0x33, 0x44, 0x43, 0x44, 0x43, 0x44, 0x44, 0x45, 
	0x44, 0x44, 0x55, 0x65, 0x55, 0x55, 0x55, 0x54, 0x43, 0x33, 0x34, 0x44, 0x45, 0x55, 0x66, 
	0x77, 0x77, 0x78, 0x88, 0x88, 0x99, 0x99, 0x99, 0x9A, 0xAA, 0xAA, 0xA9, 0x87, 0x66, 0x66, 
	0x66, 0x66, 0x65, 0x55, 0x56, 0x67, 0x88, 0x88, 0x88, 0x9A, 0xBB, 0xA8, 0x78, 0x88, 0x88, 
	0x88, 0x88, 0x88, 0x98, 0x88, 0x88, 0x88, 0x88, 0x88, 0x88, 0x88, 0x99, 0x99, 0x99, 0x99, 
	0x99, 0x99, 0x99, 0x99, 0x88, 0x88, 0x88, 0x88, 0x88, 0x99, 0x99, 0xAA, 0xBB, 0xCC, 0xCC, 
	0x00, 0x00, 0x00, 0x00, 0x00, 0x00, 0x00, 0x00, 0x00, 0x00, 0x00, 0x00, 0x00, 0x00, 0x00, 
	0x00, 0x00, 0x00, 0x00, 0x00, 0x00, 0x00, 0x00, 0x00, 0x00, 0x00, 0x00, 0x00, 0x00, 0x00, 
	0x00, 0x00, 0x00, 0x00, 0x00, 0x00, 0x00, 0x00, 0x00, 0x00, 0x00, 0x00, 0x00, 0x00, 0x00, 
	0x00, 0x00, 0x00, 0x00, 0x00, 0x00, 0x00, 0x00, 0x00, 0x00, 0x00, 0x00, 0x00, 0x00, 0x00, 
	0x00, 0x00, 0x00, 0x00, 0x00, 0x00, 0x00, 0x00, 0x00, 0x00, 0x00, 0x00, 0x00, 0x00, 0x00, 
	0x00, 0x00, 0x00, 0x00, 0x00, 0x00, 0x00, 0x00, 0x00, 0x00, 0x00, 0x00, 0x00, 0x00, 0x00, 
	0xBC, 0xDE, 0xDB, 0xA9, 0x87, 0x65, 0x67, 0x77, 0x77, 0x78, 0x87, 0x77, 0x78, 0x99, 0x86, 
	0x43, 0x33, 0x33, 0x33, 0x33, 0x33, 0x33, 0x33, 0x33, 0x43, 0x33, 0x32, 0x22, 0x22, 0x23, 
	0x33, 0x33, 0x33, 0x33, 0x33, 0x33, 0x34, 0x44, 0x44, 0x34, 0x45, 0x66, 0x66, 0x77, 0x88, 
	0x88, 0x89, 0x99, 0x98, 0x88, 0x87, 0x78, 0x77, 0x88, 0x78, 0x9A, 0xAA, 0xAA, 0xAA, 0x99, 
	0x99, 0x99, 0xAA, 0xAA, 0xAA, 0xA9, 0x99, 0x99, 0x99, 0xAA, 0xA9, 0x99, 0x99, 0x9A, 0xA9, 
	0x99, 0x99, 0x99, 0x89, 0x99, 0x99, 0x99, 0x99, 0x99, 0x99, 0x99, 0x99, 0x99, 0x99, 0x99, 
	0x99, 0x99, 0x99, 0x99, 0x99, 0x99, 0x99, 0x99, 0x99, 0x88, 0x89, 0x99, 0x99, 0x88, 0x77, 
	0x78, 0x88, 0x87, 0x77, 0x77, 0x77, 0x77, 0x65, 0x56, 0x65, 0x44, 0x44, 0x44, 0x44, 0x44, 
	0x55, 0x44, 0x44, 0x44, 0x44, 0x33, 0x33, 0x33, 0x33, 0x33, 0x34, 0x43, 0x34, 0x43, 0x34, 
	0x44, 0x44, 0x45, 0x55, 0x45, 0x55, 0x55, 0x54, 0x44, 0x33, 0x34, 0x44, 0x55, 0x56, 0x66, 
	0x77, 0x77, 0x78, 0x88, 0x88, 0x99, 0x99, 0x99, 0x99, 0xAA, 0xAA, 0x99, 0x87, 0x66, 0x66, 
	0x66, 0x66, 0x65, 0x55, 0x56, 0x67, 0x88, 0x88, 0x88, 0x9A, 0xBB, 0xA8, 0x78, 0x88, 0x88, 
	0x88, 0x88, 0x88, 0x88, 0x88, 0x88, 0x88, 0x88, 0x88, 0x88, 0x88, 0x99, 0x99, 0x99, 0x99, 
	0x99, 0x99, 0x99, 0x88, 0x88, 0x88, 0x88, 0x89, 0x89, 0x99, 0xAA, 0xBB, 0xBC, 0xCC, 0xCC, 
	0x00, 0x00, 0x00, 0x00, 0x00, 0x00, 0x00, 0x00, 0x00, 0x00, 0x00, 0x00, 0x00, 0x00, 0x00, 
	0x00, 0x00, 0x00, 0x00, 0x00, 0x00, 0x00, 0x00, 0x00, 0x00, 0x00, 0x00, 0x00, 0x00, 0x00, 
	0x00, 0x00, 0x00, 0x00, 0x00, 0x00, 0x00, 0x00, 0x00, 0x00, 0x00, 0x00, 0x00, 0x00, 0x00, 
	0x00, 0x00, 0x00, 0x00, 0x00, 0x00, 0x00, 0x00, 0x00, 0x00, 0x00, 0x00, 0x00, 0x00, 0x00, 
	0x00, 0x00, 0x00, 0x00, 0x00, 0x00, 0x00, 0x00, 0x00, 0x00, 0x00, 0x00, 0x00, 0x00, 0x00, 
	0x00, 0x00, 0x00, 0x00, 0x00, 0x00, 0x00, 0x00, 0x00, 0x00, 0x00, 0x00, 0x00, 0x00, 0x00, 
	0xBC, 0xDD, 0xDB, 0xA9, 0x76, 0x66, 0x77, 0x87, 0x77, 0x77, 0x87, 0x77, 0x78, 0x99, 0x85, 
	0x43, 0x34, 0x44, 0x33, 0x33, 0x33, 0x33, 0x34, 0x44, 0x33, 0x33, 0x32, 0x22, 0x22, 0x33, 
	0x33, 0x33, 0x33, 0x33, 0x33, 0x44, 0x44, 0x44, 0x44, 0x34, 0x45, 0x56, 0x66, 0x67, 0x77, 
	0x78, 0x88, 0x88, 0x77, 0x77, 0x77, 0x77, 0x77, 0x77, 0x68, 0x9A, 0xAA, 0xAA, 0x99, 0x99, 
	0x99, 0x99, 0xAA, 0xAA, 0xAA, 0x99, 0x99, 0x99, 0x99, 0x99, 0x99, 0x99, 0x99, 0x99, 0x99, 
	0x99, 0x99, 0x88, 0x88, 0x89, 0x99, 0x99, 0x89, 0x99, 0x99, 0x99, 0x99, 0x99, 0x99, 0x99, 
	0x99, 0x98, 0x89, 0x99, 0x99, 0x89, 0x98, 0x88, 0x99, 0x88, 0x88, 0x89, 0x99, 0x87, 0x77, 
	0x77, 0x77, 0x87, 0x76, 0x77, 0x77, 0x67, 0x65, 0x56, 0x55, 0x44, 0x44, 0x44, 0x44, 0x44, 
	0x44, 0x43, 0x34, 0x34, 0x44, 0x33, 0x32, 0x22, 0x22, 0x33, 0x33, 0x43, 0x33, 0x33, 0x34, 
	0x43, 0x34, 0x45, 0x55, 0x44, 0x45, 0x45, 0x54, 0x44, 0x33, 0x44, 0x45, 0x55, 0x56, 0x66, 
	0x77, 0x77, 0x78, 0x88, 0x88, 0x99, 0x99, 0x9A, 0xA9, 0x9A, 0xAA, 0x99, 0x77, 0x66, 0x66, 
	0x66, 0x66, 0x65, 0x55, 0x56, 0x67, 0x88, 0x88, 0x88, 0x9A, 0xBB, 0xA8, 0x77, 0x88, 0x88, 
	0x88, 0x88, 0x88, 0x88, 0x88, 0x88, 0x88, 0x88, 0x88, 0x88, 0x89, 0x99, 0x99, 0x99, 0x99, 
	0x99, 0x99, 0x98, 0x88, 0x88, 0x88, 0x88, 0x89, 0x99, 0x9A, 0xAA, 0xBB, 0xCC, 0xCC, 0xCC, 
	0x00, 0x00, 0x00, 0x00, 0x00, 0x00, 0x00, 0x00, 0x00, 0x00, 0x00, 0x00, 0x00, 0x00, 0x00, 
	0x00, 0x00, 0x00, 0x00, 0x00, 0x00, 0x00, 0x00, 0x00, 0x00, 0x00, 0x00, 0x00, 0x00, 0x00, 
	0x00, 0x00, 0x00, 0x00, 0x00, 0x00, 0x00, 0x00, 0x00, 0x00, 0x00, 0x00, 0x00, 0x00, 0x00, 
	0x00, 0x00, 0x00, 0x00, 0x00, 0x00, 0x00, 0x00, 0x00, 0x00, 0x00, 0x00, 0x00, 0x00, 0x00, 
	0x00, 0x00, 0x00, 0x00, 0x00, 0x00, 0x00, 0x00, 0x00, 0x00, 0x00, 0x00, 0x00, 0x00, 0x00, 
	0x00, 0x00, 0x00, 0x00, 0x00, 0x00, 0x00, 0x00, 0x00, 0x00, 0x00, 0x00, 0x00, 0x00, 0x00, 
	0xBC, 0xDD, 0xCB, 0xA9, 0x77, 0x77, 0x77, 0x87, 0x77, 0x77, 0x87, 0x76, 0x78, 0x98, 0x75, 
	0x44, 0x44, 0x44, 0x43, 0x33, 0x33, 0x33, 0x44, 0x44, 0x33, 0x33, 0x22, 0x22, 0x23, 0x33, 
	0x33, 0x33, 0x33, 0x23, 0x33, 0x44, 0x44, 0x44, 0x44, 0x34, 0x44, 0x45, 0x55, 0x66, 0x77, 
	0x77, 0x77, 0x77, 0x66, 0x66, 0x66, 0x66, 0x66, 0x66, 0x68, 0x9A, 0xAA, 0x99, 0x99, 0x99, 
	0x99, 0x99, 0xAA, 0xAA, 0x99, 0x88, 0x88, 0x89, 0x99, 0x99, 0x99, 0x99, 0x99, 0x99, 0x99, 
	0x99, 0x88, 0x88, 0x88, 0x88, 0x88, 0x88, 0x88, 0x89, 0x99, 0x88, 0x89, 0x99, 0x99, 0x89, 
	0x99, 0x88, 0x88, 0x89, 0x98, 0x88, 0x88, 0x88, 0x88, 0x88, 0x88, 0x88, 0x88, 0x87, 0x76, 
	0x66, 0x77, 0x77, 0x66, 0x66, 0x66, 0x66, 0x65, 0x55, 0x55, 0x44, 0x34, 0x43, 0x34, 0x43, 
	0x44, 0x33, 0x33, 0x33, 0x33, 0x33, 0x22, 0x22, 0x22, 0x23, 0x33, 0x33, 0x33, 0x33, 0x33, 
	0x43, 0x34, 0x44, 0x55, 0x44, 0x44, 0x45, 0x54, 0x44, 0x44, 0x44, 0x45, 0x55, 0x56, 0x66, 
	0x67, 0x77, 0x78, 0x88, 0x88, 0x99, 0x99, 0x99, 0x99, 0x99, 0xAA, 0xA9, 0x76, 0x66, 0x66, 
	0x66, 0x66, 0x65, 0x55, 0x56, 0x67, 0x88, 0x88, 0x88, 0x9A, 0xBB, 0xA8, 0x77, 0x88, 0x88, 
	0x88, 0x88, 0x88, 0x88, 0x88, 0x88, 0x88, 0x88, 0x88, 0x88, 0x89, 0x99, 0x99, 0x99, 0x99, 
	0x99, 0x99, 0x88, 0x88, 0x88, 0x88, 0x88, 0x99, 0x99, 0xAA, 0xAB, 0xBC, 0xCC, 0xCC, 0xCC, 
	0x00, 0x00, 0x00, 0x00, 0x00, 0x00, 0x00, 0x00, 0x00, 0x00, 0x00, 0x00, 0x00, 0x00, 0x00, 
	0x00, 0x00, 0x00, 0x00, 0x00, 0x00, 0x00, 0x00, 0x00, 0x00, 0x00, 0x00, 0x00, 0x00, 0x00, 
	0x00, 0x00, 0x00, 0x00, 0x00, 0x00, 0x00, 0x00, 0x00, 0x00, 0x00, 0x00, 0x00, 0x00, 0x00, 
	0x00, 0x00, 0x00, 0x00, 0x00, 0x00, 0x00, 0x00, 0x00, 0x00, 0x00, 0x00, 0x00, 0x00, 0x00, 
	0x00, 0x00, 0x00, 0x00, 0x00, 0x00, 0x00, 0x00, 0x00, 0x00, 0x00, 0x00, 0x00, 0x00, 0x00, 
	0x00, 0x00, 0x00, 0x00, 0x00, 0x00, 0x00, 0x00, 0x00, 0x00, 0x00, 0x00, 0x00, 0x00, 0x00, 
	0xBC, 0xCC, 0xCB, 0xA9, 0x87, 0x77, 0x77, 0x77, 0x77, 0x77, 0x87, 0x66, 0x78, 0x98, 0x75, 
	0x44, 0x55, 0x55, 0x43, 0x33, 0x33, 0x34, 0x44, 0x44, 0x33, 0x33, 0x33, 0x22, 0x33, 0x33, 
	0x33, 0x33, 0x22, 0x23, 0x34, 0x44, 0x44, 0x44, 0x44, 0x44, 0x44, 0x44, 0x55, 0x56, 0x66, 
	0x66, 0x66, 0x66, 0x66, 0x56, 0x66, 0x65, 0x65, 0x55, 0x78, 0x9A, 0x99, 0x99, 0x99, 0x99, 
	0x99, 0x99, 0x99, 0x99, 0x88, 0x77, 0x78, 0x88, 0x88, 0x89, 0x99, 0x99, 0x99, 0x99, 0x99, 
	0x88, 0x88, 0x87, 0x78, 0x88, 0x88, 0x88, 0x88, 0x88, 0x88, 0x88, 0x89, 0x89, 0x98, 0x88, 
	0x88, 0x88, 0x88, 0x88, 0x88, 0x88, 0x88, 0x88, 0x88, 0x88, 0x77, 0x88, 0x88, 0x87, 0x66, 
	0x66, 0x77, 0x77, 0x66, 0x66, 0x66, 0x66, 0x65, 0x55, 0x54, 0x43, 0x34, 0x43, 0x33, 0x33, 
	0x44, 0x33, 0x33, 0x33, 0x33, 0x43, 0x32, 0x23, 0x22, 0x23, 0x33, 0x33, 0x33, 0x33, 0x33, 
	0x43, 0x34, 0x55, 0x55, 0x54, 0x44, 0x55, 0x65, 0x44, 0x44, 0x44, 0x45, 0x55, 0x66, 0x66, 
	0x67, 0x77, 0x77, 0x88, 0x88, 0x89, 0x99, 0x99, 0x99, 0x99, 0x9A, 0xA9, 0x76, 0x66, 0x66, 
	0x66, 0x66, 0x65, 0x55, 0x56, 0x67, 0x88, 0x88, 0x88, 0x9A, 0xBB, 0xA8, 0x77, 0x88, 0x88, 
	0x88, 0x88, 0x88, 0x88, 0x88, 0x88, 0x88, 0x88, 0x88, 0x88, 0x89, 0x99, 0x99, 0x99, 0x99, 
	0x98, 0x88, 0x88, 0x88, 0x88, 0x88, 0x89, 0x99, 0xAA, 0xAA, 0xBB, 0xCC, 0xCC, 0xCC, 0xCB, 
	0x00, 0x00, 0x00, 0x00, 0x00, 0x00, 0x00, 0x00, 0x00, 0x00, 0x00, 0x00, 0x00, 0x00, 0x00, 
	0x00, 0x00, 0x00, 0x00, 0x00, 0x00, 0x00, 0x00, 0x00, 0x00, 0x00, 0x00, 0x00, 0x00, 0x00, 
	0x00, 0x00, 0x00, 0x00, 0x00, 0x00, 0x00, 0x00, 0x00, 0x00, 0x00, 0x00, 0x00, 0x00, 0x00, 
	0x00, 0x00, 0x00, 0x00, 0x00, 0x00, 0x00, 0x00, 0x00, 0x00, 0x00, 0x00, 0x00, 0x00, 0x00, 
	0x00, 0x00, 0x00, 0x00, 0x00, 0x00, 0x00, 0x00, 0x00, 0x00, 0x00, 0x00, 0x00, 0x00, 0x00, 
	0x00, 0x00, 0x00, 0x00, 0x00, 0x00, 0x00, 0x00, 0x00, 0x00, 0x00, 0x00, 0x00, 0x00, 0x00, 
	0xBB, 0xCC, 0xCC, 0xBA, 0x98, 0x87, 0x77, 0x77, 0x77, 0x77, 0x76, 0x55, 0x78, 0x88, 0x65, 
	0x44, 0x55, 0x55, 0x43, 0x33, 0x33, 0x34, 0x44, 0x43, 0x33, 0x33, 0x33, 0x33, 0x33, 0x33, 
	0x33, 0x22, 0x22, 0x23, 0x34, 0x44, 0x44, 0x43, 0x33, 0x34, 0x44, 0x44, 0x45, 0x55, 0x55, 
	0x55, 0x55, 0x65, 0x55, 0x55, 0x55, 0x54, 0x54, 0x56, 0x79, 0x99, 0x99, 0x98, 0x88, 0x89, 
	0x99, 0x99, 0x99, 0x98, 0x87, 0x66, 0x67, 0x77, 0x88, 0x88, 0x99, 0x99, 0x99, 0x99, 0x98, 
	0x88, 0x87, 0x77, 0x77, 0x88, 0x88, 0x88, 0x88, 0x88, 0x88, 0x87, 0x88, 0x88, 0x88, 0x88, 
	0x88, 0x88, 0x88, 0x88, 0x88, 0x88, 0x88, 0x88, 0x88, 0x87, 0x77, 0x78, 0x88, 0x87, 0x65, 
	0x55, 0x67, 0x77, 0x65, 0x55, 0x55, 0x55, 0x65, 0x54, 0x44, 0x43, 0x33, 0x33, 0x33, 0x33, 
	0x33, 0x33, 0x22, 0x33, 0x33, 0x44, 0x32, 0x23, 0x32, 0x23, 0x44, 0x34, 0x43, 0x34, 0x43, 
	0x44, 0x45, 0x65, 0x65, 0x55, 0x55, 0x56, 0x65, 0x44, 0x44, 0x44, 0x45, 0x56, 0x66, 0x66, 
	0x67, 0x77, 0x77, 0x78, 0x88, 0x89, 0x99, 0x99, 0x99, 0x99, 0x99, 0xA9, 0x86, 0x66, 0x66, 
	0x66, 0x66, 0x65, 0x55, 0x56, 0x67, 0x88, 0x88, 0x88, 0x9A, 0xBB, 0xA8, 0x78, 0x88, 0x88, 
	0x88, 0x88, 0x88, 0x88, 0x88, 0x88, 0x88, 0x88, 0x88, 0x88, 0x89, 0x99, 0x99, 0x99, 0x98, 
	0x88, 0x88, 0x88, 0x88, 0x88, 0x88, 0x99, 0xAA, 0xAA, 0xBB, 0xBC, 0xCC, 0xCC, 0xCC, 0xBB, 
	0x00, 0x00, 0x00, 0x00, 0x00, 0x00, 0x00, 0x00, 0x00, 0x00, 0x00, 0x00, 0x00, 0x00, 0x00, 
	0x00, 0x00, 0x00, 0x00, 0x00, 0x00, 0x00, 0x00, 0x00, 0x00, 0x00, 0x00, 0x00, 0x00, 0x00, 
	0x00, 0x00, 0x00, 0x00, 0x00, 0x00, 0x00, 0x00, 0x00, 0x00, 0x00, 0x00, 0x00, 0x00, 0x00, 
	0x00, 0x00, 0x00, 0x00, 0x00, 0x00, 0x00, 0x00, 0x00, 0x00, 0x00, 0x00, 0x00, 0x00, 0x00, 
	0x00, 0x00, 0x00, 0x00, 0x00, 0x00, 0x00, 0x00, 0x00, 0x00, 0x00, 0x00, 0x00, 0x00, 0x00, 
	0x00, 0x00, 0x00, 0x00, 0x00, 0x00, 0x00, 0x00, 0x00, 0x00, 0x00, 0x00, 0x00, 0x00, 0x00, 
	0xBB, 0xCC, 0xDC, 0xCB, 0xA9, 0x87, 0x67, 0x77, 0x77, 0x77, 0x76, 0x65, 0x77, 0x88, 0x64, 
	0x45, 0x66, 0x66, 0x53, 0x33, 0x23, 0x34, 0x44, 0x43, 0x33, 0x33, 0x33, 0x33, 0x33, 0x33, 
	0x22, 0x22, 0x22, 0x33, 0x34, 0x44, 0x33, 0x33, 0x33, 0x43, 0x34, 0x44, 0x44, 0x44, 0x45, 
	0x55, 0x55, 0x55, 0x54, 0x44, 0x44, 0x44, 0x44, 0x56, 0x79, 0x99, 0x88, 0x88, 0x88, 0x88, 
	0x88, 0x88, 0x88, 0x88, 0x76, 0x55, 0x66, 0x66, 0x77, 0x88, 0x99, 0x99, 0x99, 0x99, 0x88, 
	0x88, 0x77, 0x77, 0x77, 0x88, 0x88, 0x88, 0x77, 0x88, 0x88, 0x77, 0x78, 0x88, 0x88, 0x88, 
	0x88, 0x87, 0x77, 0x88, 0x88, 0x88, 0x77, 0x78, 0x88, 0x77, 0x77, 0x77, 0x77, 0x77, 0x65, 
	0x55, 0x56, 0x76, 0x65, 0x55, 0x55, 0x55, 0x55, 0x44, 0x43, 0x33, 0x33, 0x33, 0x33, 0x33, 
	0x33, 0x32, 0x22, 0x23, 0x33, 0x34, 0x33, 0x34, 0x43, 0x24, 0x54, 0x34, 0x43, 0x45, 0x54, 
	0x44, 0x45, 0x65, 0x66, 0x65, 0x55, 0x56, 0x66, 0x54, 0x44, 0x44, 0x55, 0x66, 0x66, 0x66, 
	0x66, 0x77, 0x77, 0x78, 0x88, 0x89, 0x99, 0x99, 0x99, 0x99, 0x99, 0xA9, 0x87, 0x66, 0x66, 
	0x66, 0x66, 0x65, 0x55, 0x56, 0x67, 0x88, 0x88, 0x88, 0x9A, 0xBB, 0xA8, 0x78, 0x88, 0x88, 
	0x88, 0x88, 0x88, 0x88, 0x88, 0x88, 0x88, 0x88, 0x88, 0x88, 0x89, 0x88, 0x99, 0x99, 0x88, 
	0x88, 0x88, 0x88, 0x88, 0x88, 0x99, 0x99, 0xAA, 0xAB, 0xBB, 0xBC, 0xCC, 0xCC, 0xBB, 0xAA, 
	0x00, 0x00, 0x00, 0x00, 0x00, 0x00, 0x00, 0x00, 0x00, 0x00, 0x00, 0x00, 0x00, 0x00, 0x00, 
	0x00, 0x00, 0x00, 0x00, 0x00, 0x00, 0x00, 0x00, 0x00, 0x00, 0x00, 0x00, 0x00, 0x00, 0x00, 
	0x00, 0x00, 0x00, 0x00, 0x00, 0x00, 0x00, 0x00, 0x00, 0x00, 0x00, 0x00, 0x00, 0x00, 0x00, 
	0x00, 0x00, 0x00, 0x00, 0x00, 0x00, 0x00, 0x00, 0x00, 0x00, 0x00, 0x00, 0x00, 0x00, 0x00, 
	0x00, 0x00, 0x00, 0x00, 0x00, 0x00, 0x00, 0x00, 0x00, 0x00, 0x00, 0x00, 0x00, 0x00, 0x00, 
	0x00, 0x00, 0x00, 0x00, 0x00, 0x00, 0x00, 0x00, 0x00, 0x00, 0x00, 0x00, 0x00, 0x00, 0x00, 
	0xDC, 0xCD, 0xDD, 0xDC, 0xA9, 0x87, 0x66, 0x77, 0x77, 0x77, 0x66, 0x65, 0x67, 0x87, 0x54, 
	0x45, 0x67, 0x76, 0x43, 0x33, 0x33, 0x44, 0x44, 0x33, 0x33, 0x32, 0x33, 0x33, 0x33, 0x33, 
	0x33, 0x22, 0x22, 0x33, 0x34, 0x43, 0x33, 0x33, 0x33, 0x33, 0x44, 0x44, 0x44, 0x34, 0x44, 
	0x44, 0x44, 0x44, 0x44, 0x44, 0x33, 0x34, 0x44, 0x56, 0x89, 0x88, 0x88, 0x88, 0x88, 0x88, 
	0x88, 0x88, 0x87, 0x77, 0x65, 0x55, 0x66, 0x66, 0x67, 0x88, 0x89, 0x99, 0x99, 0x88, 0x87, 
	0x87, 0x76, 0x66, 0x77, 0x78, 0x77, 0x77, 0x77, 0x77, 0x88, 0x76, 0x78, 0x88, 0x88, 0x87, 
	0x78, 0x77, 0x77, 0x78, 0x88, 0x88, 0x77, 0x77, 0x77, 0x77, 0x66, 0x66, 0x77, 0x77, 0x65, 
	0x55, 0x56, 0x66, 0x65, 0x55, 0x55, 0x55, 0x54, 0x43, 0x33, 0x33, 0x33, 0x33, 0x33, 0x33, 
	0x33, 0x22, 0x22, 0x22, 0x22, 0x34, 0x44, 0x23, 0x43, 0x23, 0x45, 0x43, 0x45, 0x34, 0x55, 
	0x45, 0x44, 0x56, 0x56, 0x65, 0x55, 0x55, 0x66, 0x55, 0x44, 0x44, 0x45, 0x66, 0x66, 0x66, 
	0x66, 0x77, 0x78, 0x78, 0x88, 0x89, 0x99, 0x99, 0x99, 0x99, 0x99, 0x99, 0x87, 0x66, 0x66, 
	0x66, 0x66, 0x65, 0x55, 0x55, 0x67, 0x88, 0x88, 0x88, 0x9A, 0xBB, 0xA8, 0x78, 0x88, 0x88, 
	0x88, 0x88, 0x88, 0x88, 0x88, 0x88, 0x88, 0x88, 0x88, 0x88, 0x88, 0x88, 0x98, 0x88, 0x88, 
	0x88, 0x88, 0x88, 0x88, 0x89, 0x99, 0xAA, 0xAA, 0xBB, 0xBB, 0xCC, 0xCB, 0xBB, 0xBA, 0xA9, 
	0x00, 0x00, 0x00, 0x00, 0x00, 0x00, 0x00, 0x00, 0x00, 0x00, 0x00, 0x00, 0x00, 0x00, 0x00, 
	0x00, 0x00, 0x00, 0x00, 0x00, 0x00, 0x00, 0x00, 0x00, 0x00, 0x00, 0x00, 0x00, 0x00, 0x00, 
	0x00, 0x00, 0x00, 0x00, 0x00, 0x00, 0x00, 0x00, 0x00, 0x00, 0x00, 0x00, 0x00, 0x00, 0x00, 
	0x00, 0x00, 0x00, 0x00, 0x00, 0x00, 0x00, 0x00, 0x00, 0x00, 0x00, 0x00, 0x00, 0x00, 0x00, 
	0x00, 0x00, 0x00, 0x00, 0x00, 0x00, 0x00, 0x00, 0x00, 0x00, 0x00, 0x00, 0x00, 0x00, 0x00, 
	0x00, 0x00, 0x00, 0x00, 0x00, 0x00, 0x00, 0x00, 0x00, 0x00, 0x00, 0x00, 0x00, 0x00, 0x00, 
	0xDD, 0xDE, 0xEE, 0xDC, 0xB9, 0x87, 0x66, 0x77, 0x76, 0x66, 0x66, 0x65, 0x67, 0x87, 0x54, 
	0x45, 0x68, 0x76, 0x43, 0x23, 0x33, 0x44, 0x43, 0x33, 0x33, 0x33, 0x33, 0x33, 0x33, 0x33, 
	0x22, 0x22, 0x22, 0x33, 0x33, 0x33, 0x33, 0x33, 0x33, 0x34, 0x44, 0x44, 0x33, 0x33, 0x44, 
	0x44, 0x43, 0x33, 0x33, 0x33, 0x33, 0x44, 0x55, 0x57, 0x88, 0x88, 0x87, 0x77, 0x78, 0x77, 
	0x77, 0x77, 0x76, 0x76, 0x54, 0x45, 0x66, 0x66, 0x67, 0x88, 0x89, 0x99, 0x99, 0x88, 0x87, 
	0x76, 0x66, 0x66, 0x67, 0x77, 0x77, 0x77, 0x76, 0x77, 0x77, 0x66, 0x77, 0x88, 0x77, 0x77, 
	0x77, 0x77, 0x77, 0x77, 0x77, 0x87, 0x77, 0x77, 0x77, 0x77, 0x66, 0x66, 0x67, 0x76, 0x65, 
	0x55, 0x55, 0x66, 0x55, 0x44, 0x44, 0x44, 0x54, 0x43, 0x33, 0x33, 0x33, 0x22, 0x33, 0x22, 
	0x23, 0x22, 0x22, 0x22, 0x22, 0x23, 0x33, 0x22, 0x43, 0x22, 0x34, 0x43, 0x35, 0x33, 0x45, 
	0x44, 0x44, 0x45, 0x55, 0x55, 0x55, 0x55, 0x66, 0x65, 0x55, 0x44, 0x55, 0x56, 0x66, 0x66, 
	0x67, 0x77, 0x77, 0x77, 0x88, 0x88, 0x99, 0x99, 0x99, 0x99, 0x99, 0x99, 0x97, 0x66, 0x66, 
	0x66, 0x66, 0x65, 0x55, 0x55, 0x67, 0x88, 0x88, 0x88, 0x9A, 0xBB, 0xA8, 0x78, 0x88, 0x88, 
	0x88, 0x88, 0x88, 0x88, 0x88, 0x88, 0x88, 0x88, 0x88, 0x88, 0x88, 0x88, 0x88, 0x88, 0x88, 
	0x88, 0x88, 0x88, 0x88, 0x99, 0x9A, 0xAA, 0xBB, 0xBB, 0xBB, 0xCB, 0xBB, 0xBA, 0xA9, 0x99, 
	0x00, 0x00, 0x00, 0x00, 0x00, 0x00, 0x00, 0x00, 0x00, 0x00, 0x00, 0x00, 0x00, 0x00, 0x00, 
	0x00, 0x00, 0x00, 0x00, 0x00, 0x00, 0x00, 0x00, 0x00, 0x00, 0x00, 0x00, 0x00, 0x00, 0x00, 
	0x00, 0x00, 0x00, 0x00, 0x00, 0x00, 0x00, 0x00, 0x00, 0x00, 0x00, 0x00, 0x00, 0x00, 0x00, 
	0x00, 0x00, 0x00, 0x00, 0x00, 0x00, 0x00, 0x00, 0x00, 0x00, 0x00, 0x00, 0x00, 0x00, 0x00, 
	0x00, 0x00, 0x00, 0x00, 0x00, 0x00, 0x00, 0x00, 0x00, 0x00, 0x00, 0x00, 0x00, 0x00, 0x00, 
	0x00, 0x00, 0x00, 0x00, 0x00, 0x00, 0x00, 0x00, 0x00, 0x00, 0x00, 0x00, 0x00, 0x00, 0x00, 
	0xEE, 0xEE, 0xFF, 0xED, 0xBA, 0x97, 0x66, 0x77, 0x66, 0x66, 0x66, 0x66, 0x77, 0x76, 0x54, 
	0x45, 0x78, 0x75, 0x43, 0x33, 0x33, 0x44, 0x43, 0x33, 0x33, 0x33, 0x33, 0x33, 0x33, 0x32, 
	0x22, 0x22, 0x22, 0x33, 0x33, 0x33, 0x33, 0x33, 0x33, 0x34, 0x44, 0x44, 0x33, 0x33, 0x33, 
	0x33, 0x32, 0x33, 0x33, 0x33, 0x34, 0x44, 0x55, 0x57, 0x87, 0x77, 0x77, 0x77, 0x77, 0x77, 
	0x67, 0x76, 0x66, 0x65, 0x44, 0x45, 0x66, 0x66, 0x77, 0x77, 0x89, 0x99, 0x98, 0x87, 0x77, 
	0x66, 0x65, 0x56, 0x66, 0x77, 0x77, 0x76, 0x66, 0x67, 0x76, 0x66, 0x77, 0x77, 0x77, 0x77, 
	0x77, 0x76, 0x66, 0x67, 0x77, 0x77, 0x66, 0x66, 0x77, 0x77, 0x65, 0x66, 0x66, 0x66, 0x65, 
	0x55, 0x44, 0x56, 0x55, 0x44, 0x43, 0x34, 0x44, 0x33, 0x33, 0x33, 0x33, 0x22, 0x22, 0x22, 
	0x22, 0x22, 0x22, 0x22, 0x22, 0x22, 0x33, 0x22, 0x33, 0x22, 0x23, 0x42, 0x34, 0x44, 0x44, 
	0x44, 0x44, 0x34, 0x54, 0x55, 0x45, 0x55, 0x56, 0x65, 0x55, 0x55, 0x55, 0x55, 0x66, 0x66, 
	0x67, 0x77, 0x77, 0x78, 0x88, 0x88, 0x99, 0x99, 0x99, 0x99, 0x99, 0x99, 0x97, 0x66, 0x66, 
	0x66, 0x66, 0x65, 0x55, 0x55, 0x67, 0x88, 0x88, 0x88, 0x9A, 0xBB, 0xA9, 0x88, 0x88, 0x88, 
	0x88, 0x88, 0x88, 0x88, 0x88, 0x88, 0x88, 0x88, 0x88, 0x88, 0x88, 0x88, 0x88, 0x88, 0x88, 
	0x88, 0x88, 0x88, 0x99, 0x99, 0xAA, 0xAB, 0xBB, 0xBB, 0xBB, 0xBB, 0xBA, 0xAA, 0x99, 0x88, 
	0x00, 0x00, 0x00, 0x00, 0x00, 0x00, 0x00, 0x00, 0x00, 0x00, 0x00, 0x00, 0x00, 0x00, 0x00, 
	0x00, 0x00, 0x00, 0x00, 0x00, 0x00, 0x00, 0x00, 0x00, 0x00, 0x00, 0x00, 0x00, 0x00, 0x00, 
	0x00, 0x00, 0x00, 0x00, 0x00, 0x00, 0x00, 0x00, 0x00, 0x00, 0x00, 0x00, 0x00, 0x00, 0x00, 
	0x00, 0x00, 0x00, 0x00, 0x00, 0x00, 0x00, 0x00, 0x00, 0x00, 0x00, 0x00, 0x00, 0x00, 0x00, 
	0x00, 0x00, 0x00, 0x00, 0x00, 0x00, 0x00, 0x00, 0x00, 0x00, 0x00, 0x00, 0x00, 0x00, 0x00, 
	0x00, 0x00, 0x00, 0x00, 0x00, 0x00, 0x00, 0x00, 0x00, 0x00, 0x00, 0x00, 0x00, 0x00, 0x00, 
	0xFF, 0xFF, 0xFF, 0xED, 0xCB, 0x98, 0x76, 0x66, 0x66, 0x66, 0x77, 0x66, 0x77, 0x66, 0x54, 
	0x46, 0x77, 0x76, 0x43, 0x33, 0x33, 0x43, 0x33, 0x33, 0x33, 0x33, 0x33, 0x33, 0x33, 0x22, 
	0x22, 0x22, 0x22, 0x33, 0x33, 0x33, 0x32, 0x22, 0x33, 0x44, 0x44, 0x44, 0x33, 0x33, 0x33, 
	0x22, 0x22, 0x23, 0x33, 0x33, 0x34, 0x44, 0x45, 0x67, 0x66, 0x77, 0x76, 0x66, 0x77, 0x76, 
	0x66, 0x66, 0x65, 0x55, 0x44, 0x45, 0x66, 0x66, 0x77, 0x78, 0x88, 0x88, 0x88, 0x77, 0x77, 
	0x66, 0x55, 0x55, 0x66, 0x67, 0x77, 0x66, 0x56, 0x66, 0x66, 0x55, 0x77, 0x77, 0x77, 0x66, 
	0x67, 0x76, 0x65, 0x56, 0x77, 0x76, 0x66, 0x66, 0x66, 0x77, 0x65, 0x55, 0x55, 0x66, 0x55, 
	0x54, 0x44, 0x55, 0x55, 0x44, 0x33, 0x34, 0x44, 0x33, 0x33, 0x22, 0x33, 0x22, 0x22, 0x22, 
	0x22, 0x22, 0x21, 0x22, 0x22, 0x22, 0x22, 0x22, 0x22, 0x22, 0x23, 0x33, 0x33, 0x34, 0x44, 
	0x44, 0x44, 0x44, 0x44, 0x44, 0x55, 0x55, 0x56, 0x55, 0x55, 0x55, 0x55, 0x56, 0x66, 0x66, 
	0x67, 0x77, 0x77, 0x88, 0x88, 0x98, 0x99, 0x99, 0x99, 0x99, 0x99, 0x99, 0x87, 0x66, 0x66, 
	0x66, 0x66, 0x65, 0x55, 0x55, 0x67, 0x88, 0x88, 0x88, 0x9A, 0xBB, 0xA9, 0x88, 0x88, 0x88, 
	0x88, 0x88, 0x88, 0x88, 0x88, 0x88, 0x88, 0x88, 0x88, 0x88, 0x88, 0x88, 0x88, 0x88, 0x88, 
	0x88, 0x88, 0x89, 0x99, 0xAA, 0xAA, 0xBB, 0xBB, 0xBB, 0xBB, 0xBA, 0xAA, 0x99, 0x88, 0x88, 
	0x00, 0x00, 0x00, 0x00, 0x00, 0x00, 0x00, 0x00, 0x00, 0x00, 0x00, 0x00, 0x00, 0x00, 0x00, 
	0x00, 0x00, 0x00, 0x00, 0x00, 0x00, 0x00, 0x00, 0x00, 0x00, 0x00, 0x00, 0x00, 0x00, 0x00, 
	0x00, 0x00, 0x00, 0x00, 0x00, 0x00, 0x00, 0x00, 0x00, 0x00, 0x00, 0x00, 0x00, 0x00, 0x00, 
	0x00, 0x00, 0x00, 0x00, 0x00, 0x00, 0x00, 0x00, 0x00, 0x00, 0x00, 0x00, 0x00, 0x00, 0x00, 
	0x00, 0x00, 0x00, 0x00, 0x00, 0x00, 0x00, 0x00, 0x00, 0x00, 0x00, 0x00, 0x00, 0x00, 0x00, 
	0x00, 0x00, 0x00, 0x00, 0x00, 0x00, 0x00, 0x00, 0x00, 0x00, 0x00, 0x00, 0x00, 0x00, 0x00, 
	0xFF, 0xFF, 0xFF, 0xEE, 0xDB, 0xA8, 0x66, 0x66, 0x66, 0x66, 0x66, 0x66, 0x66, 0x66, 0x55, 
	0x56, 0x77, 0x76, 0x43, 0x33, 0x33, 0x43, 0x33, 0x33, 0x33, 0x33, 0x43, 0x33, 0x33, 0x22, 
	0x22, 0x22, 0x23, 0x33, 0x33, 0x33, 0x32, 0x22, 0x34, 0x44, 0x44, 0x43, 0x33, 0x33, 0x22, 
	0x22, 0x22, 0x23, 0x33, 0x44, 0x44, 0x44, 0x44, 0x56, 0x56, 0x66, 0x55, 0x66, 0x66, 0x66, 
	0x66, 0x66, 0x55, 0x55, 0x44, 0x55, 0x65, 0x66, 0x77, 0x78, 0x88, 0x77, 0x77, 0x77, 0x76, 
	0x65, 0x55, 0x55, 0x55, 0x67, 0x76, 0x65, 0x55, 0x56, 0x66, 0x55, 0x67, 0x76, 0x66, 0x66, 
	0x66, 0x76, 0x55, 0x56, 0x67, 0x76, 0x55, 0x55, 0x56, 0x77, 0x65, 0x55, 0x55, 0x65, 0x54, 
	0x44, 0x44, 0x45, 0x44, 0x44, 0x33, 0x33, 0x44, 0x33, 0x32, 0x22, 0x22, 0x22, 0x22, 0x22, 
	0x22, 0x22, 0x21, 0x22, 0x22, 0x21, 0x22, 0x22, 0x22, 0x32, 0x23, 0x33, 0x33, 0x34, 0x45, 
	0x54, 0x55, 0x44, 0x45, 0x45, 0x55, 0x66, 0x66, 0x65, 0x55, 0x55, 0x55, 0x56, 0x66, 0x66, 
	0x67, 0x77, 0x78, 0x88, 0x88, 0x98, 0x99, 0x99, 0x99, 0x99, 0x99, 0x99, 0x87, 0x66, 0x66, 
	0x66, 0x66, 0x65, 0x55, 0x55, 0x67, 0x88, 0x88, 0x88, 0x9A, 0xBB, 0xA9, 0x88, 0x88, 0x88, 
	0x88, 0x88, 0x88, 0x88, 0x88, 0x88, 0x88, 0x88, 0x88, 0x88, 0x88, 0x88, 0x88, 0x88, 0x88, 
	0x88, 0x88, 0x99, 0x9A, 0xAA, 0xAB, 0xBB, 0xBB, 0xBB, 0xBA, 0xAA, 0x99, 0x99, 0x88, 0x89, 
	0x00, 0x00, 0x00, 0x00, 0x00, 0x00, 0x00, 0x00, 0x00, 0x00, 0x00, 0x00, 0x00, 0x00, 0x00, 
	0x00, 0x00, 0x00, 0x00, 0x00, 0x00, 0x00, 0x00, 0x00, 0x00, 0x00, 0x00, 0x00, 0x00, 0x00, 
	0x00, 0x00, 0x00, 0x00, 0x00, 0x00, 0x00, 0x00, 0x00, 0x00, 0x00, 0x00, 0x00, 0x00, 0x00, 
	0x00, 0x00, 0x00, 0x00, 0x00, 0x00, 0x00, 0x00, 0x00, 0x00, 0x00, 0x00, 0x00, 0x00, 0x00, 
	0x00, 0x00, 0x00, 0x00, 0x00, 0x00, 0x00, 0x00, 0x00, 0x00, 0x00, 0x00, 0x00, 0x00, 0x00, 
	0x00, 0x00, 0x00, 0x00, 0x00, 0x00, 0x00, 0x00, 0x00, 0x00, 0x00, 0x00, 0x00, 0x00, 0x00, 
	0xFF, 0xFF, 0xFF, 0xFE, 0xDC, 0xA8, 0x66, 0x66, 0x66, 0x66, 0x66, 0x65, 0x66, 0x66, 0x55, 
	0x56, 0x77, 0x76, 0x53, 0x33, 0x34, 0x44, 0x33, 0x33, 0x33, 0x34, 0x44, 0x33, 0x33, 0x32, 
	0x22, 0x22, 0x23, 0x33, 0x33, 0x33, 0x22, 0x23, 0x34, 0x44, 0x44, 0x43, 0x33, 0x32, 0x22, 
	0x22, 0x33, 0x33, 0x44, 0x44, 0x44, 0x44, 0x45, 0x55, 0x55, 0x55, 0x55, 0x66, 0x66, 0x56, 
	0x66, 0x65, 0x55, 0x55, 0x54, 0x45, 0x55, 0x66, 0x66, 0x77, 0x77, 0x77, 0x77, 0x76, 0x66, 
	0x65, 0x54, 0x45, 0x55, 0x66, 0x66, 0x55, 0x44, 0x45, 0x55, 0x55, 0x66, 0x66, 0x66, 0x65, 
	0x56, 0x66, 0x55, 0x55, 0x66, 0x76, 0x55, 0x55, 0x56, 0x66, 0x65, 0x54, 0x44, 0x55, 0x54, 
	0x44, 0x43, 0x44, 0x44, 0x43, 0x33, 0x33, 0x33, 0x32, 0x22, 0x22, 0x22, 0x22, 0x22, 0x22, 
	0x22, 0x22, 0x21, 0x11, 0x11, 0x11, 0x12, 0x22, 0x22, 0x43, 0x33, 0x44, 0x33, 0x35, 0x56, 
	0x65, 0x55, 0x55, 0x55, 0x45, 0x66, 0x66, 0x66, 0x66, 0x55, 0x55, 0x55, 0x55, 0x66, 0x66, 
	0x67, 0x77, 0x78, 0x88, 0x89, 0x99, 0x99, 0x99, 0x99, 0x99, 0x99, 0x99, 0x87, 0x66, 0x66, 
	0x66, 0x66, 0x65, 0x55, 0x55, 0x67, 0x88, 0x88, 0x88, 0x9A, 0xBB, 0xB9, 0x88, 0x88, 0x88, 
	0x88, 0x88, 0x88, 0x88, 0x88, 0x88, 0x88, 0x88, 0x88, 0x88, 0x88, 0x88, 0x88, 0x88, 0x88, 
	0x88, 0x99, 0x99, 0xAA, 0xAB, 0xBB, 0xBB, 0xBB, 0xBB, 0xAA, 0x99, 0x99, 0x99, 0x89, 0x99, 
	0x00, 0x00, 0x00, 0x00, 0x00, 0x00, 0x00, 0x00, 0x00, 0x00, 0x00, 0x00, 0x00, 0x00, 0x00, 
	0x00, 0x00, 0x00, 0x00, 0x00, 0x00, 0x00, 0x00, 0x00, 0x00, 0x00, 0x00, 0x00, 0x00, 0x00, 
	0x00, 0x00, 0x00, 0x00, 0x00, 0x00, 0x00, 0x00, 0x00, 0x00, 0x00, 0x00, 0x00, 0x00, 0x00, 
	0x00, 0x00, 0x00, 0x00, 0x00, 0x00, 0x00, 0x00, 0x00, 0x00, 0x00, 0x00, 0x00, 0x00, 0x00, 
	0x00, 0x00, 0x00, 0x00, 0x00, 0x00, 0x00, 0x00, 0x00, 0x00, 0x00, 0x00, 0x00, 0x00, 0x00, 
	0x00, 0x00, 0x00, 0x00, 0x00, 0x00, 0x00, 0x00, 0x00, 0x00, 0x00, 0x00, 0x00, 0x00, 0x00, 
	0xFF, 0xFF, 0xFF, 0xFF, 0xEC, 0xA8, 0x76, 0x66, 0x76, 0x66, 0x66, 0x65, 0x56, 0x66, 0x65, 
	0x66, 0x78, 0x87, 0x54, 0x33, 0x45, 0x54, 0x33, 0x33, 0x33, 0x34, 0x43, 0x33, 0x33, 0x32, 
	0x22, 0x33, 0x33, 0x33, 0x33, 0x33, 0x33, 0x33, 0x34, 0x44, 0x44, 0x43, 0x33, 0x33, 0x33, 
	0x33, 0x33, 0x34, 0x44, 0x44, 0x33, 0x33, 0x44, 0x44, 0x55, 0x44, 0x45, 0x55, 0x55, 0x56, 
	0x66, 0x55, 0x55, 0x56, 0x55, 0x44, 0x55, 0x55, 0x56, 0x66, 0x66, 0x66, 0x66, 0x66, 0x66, 
	0x55, 0x44, 0x44, 0x44, 0x56, 0x55, 0x54, 0x44, 0x45, 0x54, 0x44, 0x56, 0x66, 0x55, 0x55, 
	0x55, 0x55, 0x44, 0x55, 0x66, 0x66, 0x54, 0x44, 0x45, 0x56, 0x55, 0x44, 0x44, 0x44, 0x44, 
	0x43, 0x33, 0x34, 0x44, 0x33, 0x22, 0x22, 0x23, 0x22, 0x22, 0x22, 0x22, 0x22, 0x22, 0x22, 
	0x22, 0x22, 0x11, 0x11, 0x11, 0x11, 0x22, 0x22, 0x12, 0x44, 0x43, 0x45, 0x43, 0x35, 0x66, 
	0x66, 0x55, 0x56, 0x56, 0x55, 0x66, 0x66, 0x66, 0x65, 0x55, 0x55, 0x55, 0x55, 0x56, 0x66, 
	0x66, 0x77, 0x78, 0x88, 0x88, 0x99, 0x99, 0x99, 0x99, 0x99, 0x9A, 0x99, 0x87, 0x66, 0x66, 
	0x66, 0x66, 0x55, 0x55, 0x55, 0x67, 0x88, 0x88, 0x88, 0x9A, 0xBB, 0xB9, 0x88, 0x88, 0x88, 
	0x88, 0x88, 0x88, 0x88, 0x88, 0x88, 0x88, 0x88, 0x88, 0x88, 0x88, 0x88, 0x88, 0x88, 0x88, 
	0x89, 0x99, 0xAA, 0xAA, 0xBB, 0xBB, 0xBB, 0xBB, 0xAA, 0xA9, 0x99, 0x99, 0x99, 0x99, 0x99, 
	0x00, 0x00, 0x00, 0x00, 0x00, 0x00, 0x00, 0x00, 0x00, 0x00, 0x00, 0x00, 0x00, 0x00, 0x00, 
	0x00, 0x00, 0x00, 0x00, 0x00, 0x00, 0x00, 0x00, 0x00, 0x00, 0x00, 0x00, 0x00, 0x00, 0x00, 
	0x00, 0x00, 0x00, 0x00, 0x00, 0x00, 0x00, 0x00, 0x00, 0x00, 0x00, 0x00, 0x00, 0x00, 0x00, 
	0x00, 0x00, 0x00, 0x00, 0x00, 0x00, 0x00, 0x00, 0x00, 0x00, 0x00, 0x00, 0x00, 0x00, 0x00, 
	0x00, 0x00, 0x00, 0x00, 0x00, 0x00, 0x00, 0x00, 0x00, 0x00, 0x00, 0x00, 0x00, 0x00, 0x00, 
	0x00, 0x00, 0x00, 0x00, 0x00, 0x00, 0x00, 0x00, 0x00, 0x00, 0x00, 0x00, 0x00, 0x00, 0x00, 
	0xFF, 0xFF, 0xFF, 0xFF, 0xEC, 0xA8, 0x77, 0x67, 0x76, 0x66, 0x66, 0x55, 0x56, 0x66, 0x66, 
	0x67, 0x89, 0x87, 0x54, 0x44, 0x55, 0x54, 0x43, 0x33, 0x33, 0x34, 0x43, 0x33, 0x22, 0x33, 
	0x33, 0x33, 0x33, 0x33, 0x33, 0x33, 0x33, 0x33, 0x44, 0x44, 0x44, 0x43, 0x33, 0x32, 0x33, 
	0x33, 0x33, 0x44, 0x44, 0x43, 0x33, 0x33, 0x44, 0x44, 0x53, 0x33, 0x45, 0x44, 0x54, 0x55, 
	0x55, 0x55, 0x55, 0x56, 0x55, 0x44, 0x55, 0x54, 0x45, 0x55, 0x55, 0x55, 0x55, 0x55, 0x55, 
	0x55, 0x44, 0x44, 0x44, 0x55, 0x54, 0x44, 0x44, 0x44, 0x44, 0x44, 0x55, 0x55, 0x55, 0x54, 
	0x44, 0x44, 0x44, 0x55, 0x66, 0x55, 0x44, 0x44, 0x44, 0x44, 0x44, 0x44, 0x33, 0x44, 0x44, 
	0x43, 0x33, 0x33, 0x33, 0x33, 0x22, 0x22, 0x22, 0x22, 0x22, 0x22, 0x22, 0x22, 0x22, 0x22, 
	0x22, 0x22, 0x22, 0x12, 0x21, 0x12, 0x11, 0x12, 0x22, 0x44, 0x44, 0x45, 0x54, 0x34, 0x55, 
	0x55, 0x55, 0x56, 0x65, 0x55, 0x65, 0x56, 0x66, 0x55, 0x55, 0x55, 0x55, 0x55, 0x56, 0x66, 
	0x67, 0x77, 0x78, 0x88, 0x88, 0x99, 0x88, 0x99, 0x99, 0x9A, 0xAA, 0x99, 0x87, 0x66, 0x66, 
	0x66, 0x66, 0x55, 0x55, 0x55, 0x67, 0x88, 0x88, 0x88, 0x9A, 0xBB, 0xAA, 0x88, 0x88, 0x88, 
	0x88, 0x88, 0x88, 0x88, 0x88, 0x88, 0x88, 0x88, 0x88, 0x88, 0x88, 0x88, 0x88, 0x88, 0x88, 
	0x99, 0x9A, 0xAA, 0xAB, 0xBB, 0xBB, 0xBB, 0xAA, 0xA9, 0x99, 0x99, 0x99, 0x99, 0x9A, 0xA9, 
	0x00, 0x00, 0x00, 0x00, 0x00, 0x00, 0x00, 0x00, 0x00, 0x00, 0x00, 0x00, 0x00, 0x00, 0x00, 
	0x00, 0x00, 0x00, 0x00, 0x00, 0x00, 0x00, 0x00, 0x00, 0x00, 0x00, 0x00, 0x00, 0x00, 0x00, 
	0x00, 0x00, 0x00, 0x00, 0x00, 0x00, 0x00, 0x00, 0x00, 0x00, 0x00, 0x00, 0x00, 0x00, 0x00, 
	0x00, 0x00, 0x00, 0x00, 0x00, 0x00, 0x00, 0x00, 0x00, 0x00, 0x00, 0x00, 0x00, 0x00, 0x00, 
	0x00, 0x00, 0x00, 0x00, 0x00, 0x00, 0x00, 0x00, 0x00, 0x00, 0x00, 0x00, 0x00, 0x00, 0x00, 
	0x00, 0x00, 0x00, 0x00, 0x00, 0x00, 0x00, 0x00, 0x00, 0x00, 0x00, 0x00, 0x00, 0x00, 0x00, 
	0xFF, 0xFF, 0xFF, 0xFF, 0xED, 0xA8, 0x87, 0x76, 0x76, 0x66, 0x66, 0x65, 0x56, 0x77, 0x66, 
	0x67, 0x99, 0x86, 0x54, 0x56, 0x66, 0x65, 0x43, 0x33, 0x33, 0x44, 0x43, 0x33, 0x33, 0x33, 
	0x33, 0x33, 0x44, 0x44, 0x44, 0x33, 0x33, 0x33, 0x44, 0x44, 0x44, 0x33, 0x33, 0x33, 0x33, 
	0x33, 0x44, 0x44, 0x44, 0x33, 0x33, 0x33, 0x33, 0x44, 0x32, 0x33, 0x34, 0x44, 0x44, 0x55, 
	0x55, 0x44, 0x55, 0x55, 0x55, 0x55, 0x54, 0x44, 0x44, 0x44, 0x44, 0x44, 0x44, 0x44, 0x45, 
	0x54, 0x44, 0x44, 0x44, 0x55, 0x44, 0x44, 0x43, 0x34, 0x43, 0x34, 0x55, 0x55, 0x44, 0x44, 
	0x44, 0x44, 0x44, 0x44, 0x44, 0x44, 0x44, 0x33, 0x44, 0x34, 0x44, 0x44, 0x33, 0x33, 0x33, 
	0x43, 0x33, 0x23, 0x33, 0x33, 0x21, 0x22, 0x22, 0x22, 0x22, 0x22, 0x22, 0x22, 0x22, 0x22, 
	0x22, 0x22, 0x11, 0x22, 0x11, 0x22, 0x11, 0x11, 0x22, 0x24, 0x44, 0x44, 0x55, 0x43, 0x44, 
	0x44, 0x54, 0x45, 0x55, 0x55, 0x55, 0x44, 0x55, 0x55, 0x55, 0x55, 0x55, 0x55, 0x66, 0x66, 
	0x77, 0x77, 0x77, 0x88, 0x88, 0x88, 0x88, 0x99, 0x99, 0x99, 0xAA, 0x99, 0x87, 0x66, 0x66, 
	0x55, 0x66, 0x55, 0x55, 0x55, 0x67, 0x78, 0x88, 0x88, 0x9A, 0xBA, 0xA9, 0x98, 0x88, 0x88, 
	0x88, 0x88, 0x88, 0x88, 0x88, 0x88, 0x88, 0x88, 0x88, 0x88, 0x88, 0x88, 0x88, 0x88, 0x99, 
	0x99, 0xAA, 0xAA, 0xBB, 0xBB, 0xBB, 0xAA, 0x99, 0x99, 0x89, 0x99, 0x9A, 0xAA, 0xAA, 0xAA, 
	0x00, 0x00, 0x00, 0x00, 0x00, 0x00, 0x00, 0x00, 0x00, 0x00, 0x00, 0x00, 0x00, 0x00, 0x00, 
	0x00, 0x00, 0x00, 0x00, 0x00, 0x00, 0x00, 0x00, 0x00, 0x00, 0x00, 0x00, 0x00, 0x00, 0x00, 
	0x00, 0x00, 0x00, 0x00, 0x00, 0x00, 0x00, 0x00, 0x00, 0x00, 0x00, 0x00, 0x00, 0x00, 0x00, 
	0x00, 0x00, 0x00, 0x00, 0x00, 0x00, 0x00, 0x00, 0x00, 0x00, 0x00, 0x00, 0x00, 0x00, 0x00, 
	0x00, 0x00, 0x00, 0x00, 0x00, 0x00, 0x00, 0x00, 0x00, 0x00, 0x00, 0x00, 0x00, 0x00, 0x00, 
	0x00, 0x00, 0x00, 0x00, 0x00, 0x00, 0x00, 0x00, 0x00, 0x00, 0x00, 0x00, 0x00, 0x00, 0x00, 
	0xFF, 0xFF, 0xFF, 0xFF, 0xEC, 0xA9, 0x87, 0x76, 0x66, 0x66, 0x65, 0x55, 0x56, 0x77, 0x76, 
	0x67, 0x89, 0x86, 0x55, 0x56, 0x77, 0x65, 0x43, 0x33, 0x33, 0x44, 0x43, 0x33, 0x33, 0x33, 
	0x33, 0x44, 0x44, 0x44, 0x44, 0x44, 0x33, 0x34, 0x44, 0x44, 0x43, 0x33, 0x33, 0x33, 0x34, 
	0x44, 0x44, 0x44, 0x44, 0x33, 0x33, 0x33, 0x34, 0x44, 0x32, 0x23, 0x33, 0x34, 0x44, 0x44, 
	0x44, 0x44, 0x45, 0x45, 0x55, 0x55, 0x44, 0x44, 0x44, 0x43, 0x33, 0x34, 0x44, 0x33, 0x34, 
	0x44, 0x44, 0x44, 0x44, 0x54, 0x44, 0x33, 0x43, 0x33, 0x43, 0x34, 0x45, 0x44, 0x44, 0x44, 
	0x44, 0x44, 0x43, 0x33, 0x34, 0x44, 0x44, 0x33, 0x33, 0x33, 0x33, 0x44, 0x33, 0x33, 0x33, 
	0x33, 0x22, 0x22, 0x23, 0x33, 0x21, 0x11, 0x22, 0x22, 0x22, 0x22, 0x22, 0x22, 0x22, 0x22, 
	0x22, 0x22, 0x22, 0x22, 0x11, 0x22, 0x11, 0x11, 0x22, 0x23, 0x44, 0x33, 0x44, 0x44, 0x33, 
	0x43, 0x44, 0x44, 0x45, 0x55, 0x55, 0x44, 0x55, 0x55, 0x55, 0x55, 0x56, 0x66, 0x66, 0x66, 
	0x66, 0x77, 0x77, 0x88, 0x88, 0x88, 0x88, 0x89, 0x99, 0x99, 0xAA, 0xA9, 0x87, 0x66, 0x55, 
	0x55, 0x55, 0x55, 0x55, 0x55, 0x67, 0x88, 0x88, 0x88, 0x9A, 0xAA, 0xA9, 0x88, 0x88, 0x88, 
	0x88, 0x88, 0x88, 0x88, 0x88, 0x88, 0x88, 0x88, 0x88, 0x88, 0x88, 0x88, 0x88, 0x89, 0x99, 
	0x9A, 0xAA, 0xBB, 0xBB, 0xBB, 0xBA, 0xA9, 0x99, 0x88, 0x88, 0x99, 0xAA, 0xAA, 0xBB, 0xBB, 
	0x00, 0x00, 0x00, 0x00, 0x00, 0x00, 0x00, 0x00, 0x00, 0x00, 0x00, 0x00, 0x00, 0x00, 0x00, 
	0x00, 0x00, 0x00, 0x00, 0x00, 0x00, 0x00, 0x00, 0x00, 0x00, 0x00, 0x00, 0x00, 0x00, 0x00, 
	0x00, 0x00, 0x00, 0x00, 0x00, 0x00, 0x00, 0x00, 0x00, 0x00, 0x00, 0x00, 0x00, 0x00, 0x00, 
	0x00, 0x00, 0x00, 0x00, 0x00, 0x00, 0x00, 0x00, 0x00, 0x00, 0x00, 0x00, 0x00, 0x00, 0x00, 
	0x00, 0x00, 0x00, 0x00, 0x00, 0x00, 0x00, 0x00, 0x00, 0x00, 0x00, 0x00, 0x00, 0x00, 0x00, 
	0x00, 0x00, 0x00, 0x00, 0x00, 0x00, 0x00, 0x00, 0x00, 0x00, 0x00, 0x00, 0x00, 0x00, 0x00, 
	0xFF, 0xFF, 0xFF, 0xFF, 0xEC, 0xAA, 0x88, 0x76, 0x66, 0x66, 0x55, 0x55, 0x67, 0x77, 0x76, 
	0x67, 0x88, 0x75, 0x55, 0x67, 0x88, 0x76, 0x54, 0x33, 0x34, 0x44, 0x44, 0x33, 0x33, 0x33, 
	0x34, 0x44, 0x44, 0x55, 0x44, 0x43, 0x33, 0x33, 0x44, 0x44, 0x33, 0x33, 0x33, 0x33, 0x34, 
	0x44, 0x44, 0x44, 0x43, 0x33, 0x33, 0x33, 0x34, 0x43, 0x22, 0x33, 0x33, 0x44, 0x44, 0x33, 
	0x34, 0x44, 0x44, 0x44, 0x44, 0x44, 0x44, 0x44, 0x44, 0x33, 0x33, 0x33, 0x43, 0x33, 0x33, 
	0x44, 0x44, 0x44, 0x34, 0x54, 0x44, 0x33, 0x43, 0x33, 0x33, 0x33, 0x44, 0x44, 0x44, 0x44, 
	0x44, 0x34, 0x33, 0x33, 0x23, 0x33, 0x33, 0x33, 0x33, 0x33, 0x33, 0x33, 0x33, 0x23, 0x33, 
	0x33, 0x22, 0x22, 0x22, 0x23, 0x21, 0x11, 0x11, 0x11, 0x22, 0x22, 0x22, 0x22, 0x22, 0x22, 
	0x22, 0x21, 0x12, 0x21, 0x11, 0x22, 0x21, 0x11, 0x22, 0x12, 0x33, 0x33, 0x34, 0x54, 0x33, 
	0x33, 0x33, 0x33, 0x44, 0x55, 0x55, 0x55, 0x55, 0x55, 0x55, 0x55, 0x56, 0x66, 0x66, 0x66, 
	0x66, 0x77, 0x77, 0x88, 0x88, 0x88, 0x88, 0x89, 0x99, 0x99, 0xAA, 0x99, 0x87, 0x65, 0x55, 
	0x55, 0x55, 0x55, 0x55, 0x55, 0x67, 0x88, 0x88, 0x88, 0x89, 0xAA, 0x99, 0x88, 0x88, 0x88, 
	0x88, 0x88, 0x88, 0x88, 0x88, 0x88, 0x88, 0x88, 0x88, 0x88, 0x88, 0x88, 0x88, 0x99, 0x9A, 
	0xAA, 0xAB, 0xBB, 0xBB, 0xAA, 0xAA, 0x99, 0x88, 0x87, 0x88, 0x99, 0xAB, 0xBB, 0xBB, 0xBB, 
	0x00, 0x00, 0x00, 0x00, 0x00, 0x00, 0x00, 0x00, 0x00, 0x00, 0x00, 0x00, 0x00, 0x00, 0x00, 
	0x00, 0x00, 0x00, 0x00, 0x00, 0x00, 0x00, 0x00, 0x00, 0x00, 0x00, 0x00, 0x00, 0x00, 0x00, 
	0x00, 0x00, 0x00, 0x00, 0x00, 0x00, 0x00, 0x00, 0x00, 0x00, 0x00, 0x00, 0x00, 0x00, 0x00, 
	0x00, 0x00, 0x00, 0x00, 0x00, 0x00, 0x00, 0x00, 0x00, 0x00, 0x00, 0x00, 0x00, 0x00, 0x00, 
	0x00, 0x00, 0x00, 0x00, 0x00, 0x00, 0x00, 0x00, 0x00, 0x00, 0x00, 0x00, 0x00, 0x00, 0x00, 
	0x00, 0x00, 0x00, 0x00, 0x00, 0x00, 0x00, 0x00, 0x00, 0x00, 0x00, 0x00, 0x00, 0x00, 0x00, 
	0xFF, 0xFF, 0xFF, 0xFF, 0xEC, 0xBA, 0x88, 0x76, 0x66, 0x66, 0x65, 0x55, 0x67, 0x77, 0x76, 
	0x67, 0x77, 0x65, 0x55, 0x67, 0x88, 0x76, 0x54, 0x33, 0x34, 0x44, 0x44, 0x33, 0x33, 0x44, 
	0x44, 0x44, 0x55, 0x44, 0x44, 0x43, 0x33, 0x33, 0x33, 0x43, 0x33, 0x33, 0x32, 0x33, 0x34, 
	0x44, 0x44, 0x44, 0x43, 0x33, 0x33, 0x33, 0x44, 0x32, 0x22, 0x33, 0x33, 0x44, 0x33, 0x33, 
	0x33, 0x33, 0x33, 0x44, 0x43, 0x33, 0x34, 0x44, 0x43, 0x33, 0x33, 0x33, 0x33, 0x33, 0x33, 
	0x33, 0x34, 0x43, 0x34, 0x44, 0x34, 0x33, 0x33, 0x33, 0x33, 0x33, 0x44, 0x44, 0x33, 0x33, 
	0x33, 0x33, 0x33, 0x33, 0x33, 0x33, 0x33, 0x33, 0x33, 0x33, 0x23, 0x33, 0x32, 0x23, 0x22, 
	0x22, 0x21, 0x22, 0x22, 0x22, 0x21, 0x11, 0x11, 0x11, 0x22, 0x22, 0x11, 0x11, 0x22, 0x11, 
	0x22, 0x21, 0x11, 0x11, 0x12, 0x22, 0x21, 0x22, 0x22, 0x22, 0x23, 0x33, 0x33, 0x55, 0x33, 
	0x33, 0x33, 0x44, 0x44, 0x55, 0x55, 0x55, 0x55, 0x54, 0x55, 0x55, 0x56, 0x66, 0x66, 0x67, 
	0x77, 0x77, 0x77, 0x88, 0x88, 0x88, 0x88, 0x88, 0x99, 0x99, 0xAA, 0x99, 0x87, 0x66, 0x55, 
	0x55, 0x55, 0x55, 0x55, 0x55, 0x67, 0x88, 0x88, 0x88, 0x88, 0x99, 0x98, 0x88, 0x88, 0x88, 
	0x88, 0x88, 0x88, 0x88, 0x88, 0x88, 0x88, 0x88, 0x88, 0x88, 0x88, 0x88, 0x89, 0x99, 0xAA, 
	0xAA, 0xBB, 0xBB, 0xBA, 0xAA, 0x99, 0x88, 0x77, 0x77, 0x78, 0x8A, 0xBB, 0xBC, 0xCB, 0xBB, 
	0x00, 0x00, 0x00, 0x00, 0x00, 0x00, 0x00, 0x00, 0x00, 0x00, 0x00, 0x00, 0x00, 0x00, 0x00, 
	0x00, 0x00, 0x00, 0x00, 0x00, 0x00, 0x00, 0x00, 0x00, 0x00, 0x00, 0x00, 0x00, 0x00, 0x00, 
	0x00, 0x00, 0x00, 0x00, 0x00, 0x00, 0x00, 0x00, 0x00, 0x00, 0x00, 0x00, 0x00, 0x00, 0x00, 
	0x00, 0x00, 0x00, 0x00, 0x00, 0x00, 0x00, 0x00, 0x00, 0x00, 0x00, 0x00, 0x00, 0x00, 0x00, 
	0x00, 0x00, 0x00, 0x00, 0x00, 0x00, 0x00, 0x00, 0x00, 0x00, 0x00, 0x00, 0x00, 0x00, 0x00, 
	0x00, 0x00, 0x00, 0x00, 0x00, 0x00, 0x00, 0x00, 0x00, 0x00, 0x00, 0x00, 0x00, 0x00, 0x00, 
	0xFF, 0xFF, 0xFF, 0xFE, 0xDC, 0xBA, 0x98, 0x76, 0x66, 0x66, 0x56, 0x65, 0x67, 0x77, 0x76, 
	0x67, 0x77, 0x66, 0x66, 0x77, 0x88, 0x86, 0x54, 0x33, 0x34, 0x44, 0x44, 0x33, 0x34, 0x44, 
	0x44, 0x55, 0x55, 0x44, 0x44, 0x43, 0x33, 0x33, 0x33, 0x33, 0x33, 0x22, 0x23, 0x33, 0x34, 
	0x44, 0x44, 0x44, 0x33, 0x33, 0x33, 0x34, 0x43, 0x32, 0x23, 0x23, 0x34, 0x43, 0x33, 0x33, 
	0x43, 0x33, 0x34, 0x44, 0x33, 0x33, 0x34, 0x44, 0x43, 0x33, 0x33, 0x33, 0x32, 0x23, 0x33, 
	0x33, 0x33, 0x43, 0x33, 0x44, 0x33, 0x33, 0x33, 0x33, 0x33, 0x33, 0x33, 0x43, 0x33, 0x33, 
	0x33, 0x32, 0x23, 0x23, 0x33, 0x32, 0x23, 0x33, 0x32, 0x23, 0x33, 0x33, 0x22, 0x22, 0x22, 
	0x21, 0x12, 0x22, 0x21, 0x22, 0x21, 0x21, 0x11, 0x11, 0x22, 0x21, 0x11, 0x11, 0x11, 0x11, 
	0x12, 0x21, 0x11, 0x11, 0x22, 0x22, 0x22, 0x22, 0x22, 0x22, 0x22, 0x22, 0x34, 0x55, 0x54, 
	0x43, 0x34, 0x54, 0x55, 0x56, 0x55, 0x55, 0x55, 0x54, 0x55, 0x55, 0x55, 0x66, 0x66, 0x77, 
	0x77, 0x77, 0x77, 0x88, 0x88, 0x88, 0x88, 0x88, 0x99, 0x99, 0x99, 0x99, 0x87, 0x65, 0x55, 
	0x55, 0x55, 0x55, 0x55, 0x56, 0x67, 0x88, 0x88, 0x88, 0x88, 0x89, 0x98, 0x88, 0x88, 0x88, 
	0x88, 0x88, 0x88, 0x88, 0x88, 0x88, 0x88, 0x88, 0x88, 0x88, 0x88, 0x89, 0x99, 0x9A, 0xAA, 
	0xBB, 0xBB, 0xBB, 0xAA, 0xA9, 0x98, 0x77, 0x76, 0x66, 0x78, 0x9A, 0xBC, 0xCC, 0xCB, 0xBB, 
	0x00, 0x00, 0x00, 0x00, 0x00, 0x00, 0x00, 0x00, 0x00, 0x00, 0x00, 0x00, 0x00, 0x00, 0x00, 
	0x00, 0x00, 0x00, 0x00, 0x00, 0x00, 0x00, 0x00, 0x00, 0x00, 0x00, 0x00, 0x00, 0x00, 0x00, 
	0x00, 0x00, 0x00, 0x00, 0x00, 0x00, 0x00, 0x00, 0x00, 0x00, 0x00, 0x00, 0x00, 0x00, 0x00, 
	0x00, 0x00, 0x00, 0x00, 0x00, 0x00, 0x00, 0x00, 0x00, 0x00, 0x00, 0x00, 0x00, 0x00, 0x00, 
	0x00, 0x00, 0x00, 0x00, 0x00, 0x00, 0x00, 0x00, 0x00, 0x00, 0x00, 0x00, 0x00, 0x00, 0x00, 
	0x00, 0x00, 0x00, 0x00, 0x00, 0x00, 0x00, 0x00, 0x00, 0x00, 0x00, 0x00, 0x00, 0x00, 0x00, 
	0xFF, 0xFF, 0xFF, 0xFE, 0xDC, 0xBA, 0xA8, 0x76, 0x66, 0x66, 0x66, 0x66, 0x66, 0x78, 0x77, 
	0x76, 0x77, 0x77, 0x77, 0x77, 0x89, 0x87, 0x65, 0x33, 0x34, 0x44, 0x44, 0x34, 0x44, 0x44, 
	0x45, 0x55, 0x44, 0x44, 0x44, 0x33, 0x33, 0x33, 0x33, 0x33, 0x22, 0x22, 0x23, 0x33, 0x34, 
	0x44, 0x44, 0x33, 0x33, 0x33, 0x33, 0x34, 0x43, 0x33, 0x33, 0x23, 0x44, 0x43, 0x33, 0x44, 
	0x43, 0x33, 0x44, 0x43, 0x33, 0x33, 0x44, 0x44, 0x43, 0x33, 0x33, 0x32, 0x33, 0x33, 0x22, 
	0x22, 0x33, 0x33, 0x33, 0x44, 0x33, 0x33, 0x33, 0x33, 0x33, 0x33, 0x33, 0x33, 0x33, 0x22, 
	0x33, 0x32, 0x22, 0x22, 0x32, 0x22, 0x22, 0x32, 0x22, 0x22, 0x32, 0x22, 0x22, 0x22, 0x22, 
	0x11, 0x12, 0x12, 0x11, 0x22, 0x11, 0x21, 0x11, 0x11, 0x11, 0x11, 0x11, 0x11, 0x11, 0x11, 
	0x11, 0x12, 0x22, 0x11, 0x22, 0x22, 0x22, 0x22, 0x21, 0x12, 0x22, 0x22, 0x23, 0x45, 0x64, 
	0x54, 0x34, 0x55, 0x55, 0x66, 0x65, 0x66, 0x55, 0x54, 0x55, 0x55, 0x55, 0x66, 0x66, 0x77, 
	0x77, 0x77, 0x77, 0x78, 0x88, 0x88, 0x88, 0x89, 0x99, 0x99, 0x99, 0x98, 0x87, 0x65, 0x55, 
	0x55, 0x55, 0x55, 0x55, 0x56, 0x67, 0x88, 0x88, 0x88, 0x88, 0x88, 0x88, 0x88, 0x88, 0x88, 
	0x88, 0x88, 0x88, 0x88, 0x88, 0x88, 0x88, 0x88, 0x88, 0x88, 0x99, 0x99, 0x9A, 0xAA, 0xAB, 
	0xBB, 0xBB, 0xAA, 0xA9, 0x98, 0x87, 0x76, 0x66, 0x66, 0x78, 0x9A, 0xBC, 0xCC, 0xCB, 0xBB, 
	0x00, 0x00, 0x00, 0x00, 0x00, 0x00, 0x00, 0x00, 0x00, 0x00, 0x00, 0x00, 0x00, 0x00, 0x00, 
	0x00, 0x00, 0x00, 0x00, 0x00, 0x00, 0x00, 0x00, 0x00, 0x00, 0x00, 0x00, 0x00, 0x00, 0x00, 
	0x00, 0x00, 0x00, 0x00, 0x00, 0x00, 0x00, 0x00, 0x00, 0x00, 0x00, 0x00, 0x00, 0x00, 0x00, 
	0x00, 0x00, 0x00, 0x00, 0x00, 0x00, 0x00, 0x00, 0x00, 0x00, 0x00, 0x00, 0x00, 0x00, 0x00, 
	0x00, 0x00, 0x00, 0x00, 0x00, 0x00, 0x00, 0x00, 0x00, 0x00, 0x00, 0x00, 0x00, 0x00, 0x00, 
	0x00, 0x00, 0x00, 0x00, 0x00, 0x00, 0x00, 0x00, 0x00, 0x00, 0x00, 0x00, 0x00, 0x00, 0x00, 
	0xFF, 0xFF, 0xFF, 0xEE, 0xDC, 0xBB, 0xA8, 0x76, 0x66, 0x66, 0x66, 0x66, 0x67, 0x77, 0x77, 
	0x77, 0x78, 0x87, 0x77, 0x77, 0x89, 0x87, 0x65, 0x44, 0x44, 0x44, 0x44, 0x44, 0x55, 0x44, 
	0x45, 0x54, 0x44, 0x44, 0x43, 0x33, 0x33, 0x33, 0x33, 0x33, 0x22, 0x22, 0x23, 0x33, 0x34, 
	0x44, 0x33, 0x33, 0x33, 0x33, 0x33, 0x44, 0x33, 0x33, 0x33, 0x33, 0x44, 0x33, 0x34, 0x44, 
	0x33, 0x33, 0x44, 0x43, 0x33, 0x33, 0x44, 0x43, 0x34, 0x44, 0x43, 0x33, 0x44, 0x32, 0x22, 
	0x22, 0x33, 0x33, 0x33, 0x34, 0x33, 0x32, 0x23, 0x33, 0x23, 0x33, 0x33, 0x33, 0x32, 0x22, 
	0x22, 0x22, 0x22, 0x22, 0x22, 0x22, 0x22, 0x22, 0x22, 0x22, 0x22, 0x21, 0x11, 0x22, 0x21, 
	0x11, 0x12, 0x11, 0x11, 0x11, 0x11, 0x21, 0x11, 0x11, 0x11, 0x11, 0x11, 0x11, 0x11, 0x11, 
	0x11, 0x22, 0x22, 0x22, 0x22, 0x22, 0x22, 0x22, 0x22, 0x22, 0x22, 0x22, 0x22, 0x34, 0x55, 
	0x44, 0x44, 0x45, 0x55, 0x55, 0x55, 0x66, 0x55, 0x55, 0x55, 0x55, 0x55, 0x66, 0x66, 0x67, 
	0x77, 0x77, 0x77, 0x78, 0x88, 0x88, 0x88, 0x89, 0x99, 0x99, 0x99, 0x98, 0x76, 0x65, 0x55, 
	0x55, 0x55, 0x55, 0x55, 0x56, 0x67, 0x88, 0x88, 0x88, 0x88, 0x88, 0x88, 0x88, 0x88, 0x88, 
	0x88, 0x88, 0x88, 0x88, 0x88, 0x88, 0x88, 0x88, 0x88, 0x89, 0x99, 0x99, 0xAA, 0xAA, 0xBB, 
	0xBB, 0xBA, 0xA9, 0x99, 0x87, 0x77, 0x66, 0x66, 0x66, 0x78, 0x9A, 0xBC, 0xCC, 0xCB, 0xBB, 
	0x00, 0x00, 0x00, 0x00, 0x00, 0x00, 0x00, 0x00, 0x00, 0x00, 0x00, 0x00, 0x00, 0x00, 0x00, 
	0x00, 0x00, 0x00, 0x00, 0x00, 0x00, 0x00, 0x00, 0x00, 0x00, 0x00, 0x00, 0x00, 0x00, 0x00, 
	0x00, 0x00, 0x00, 0x00, 0x00, 0x00, 0x00, 0x00, 0x00, 0x00, 0x00, 0x00, 0x00, 0x00, 0x00, 
	0x00, 0x00, 0x00, 0x00, 0x00, 0x00, 0x00, 0x00, 0x00, 0x00, 0x00, 0x00, 0x00, 0x00, 0x00, 
	0x00, 0x00, 0x00, 0x00, 0x00, 0x00, 0x00, 0x00, 0x00, 0x00, 0x00, 0x00, 0x00, 0x00, 0x00, 
	0x00, 0x00, 0x00, 0x00, 0x00, 0x00, 0x00, 0x00, 0x00, 0x00, 0x00, 0x00, 0x00, 0x00, 0x00, 
	0xFF, 0xFF, 0xFF, 0xED, 0xDC, 0xCB, 0xA9, 0x87, 0x66, 0x66, 0x66, 0x77, 0x77, 0x77, 0x88, 
	0x88, 0x88, 0x88, 0x87, 0x78, 0x89, 0x88, 0x75, 0x44, 0x44, 0x44, 0x44, 0x44, 0x44, 0x44, 
	0x55, 0x54, 0x44, 0x43, 0x33, 0x33, 0x33, 0x33, 0x33, 0x32, 0x22, 0x22, 0x23, 0x33, 0x34, 
	0x44, 0x33, 0x23, 0x33, 0x33, 0x33, 0x43, 0x33, 0x33, 0x23, 0x34, 0x43, 0x23, 0x44, 0x43, 
	0x33, 0x34, 0x44, 0x43, 0x33, 0x43, 0x44, 0x43, 0x33, 0x33, 0x33, 0x33, 0x45, 0x32, 0x22, 
	0x22, 0x22, 0x22, 0x22, 0x33, 0x33, 0x32, 0x22, 0x22, 0x22, 0x22, 0x22, 0x22, 0x22, 0x22, 
	0x22, 0x22, 0x22, 0x22, 0x22, 0x22, 0x22, 0x22, 0x22, 0x22, 0x22, 0x11, 0x11, 0x12, 0x21, 
	0x11, 0x11, 0x11, 0x11, 0x11, 0x12, 0x11, 0x11, 0x11, 0x11, 0x11, 0x11, 0x11, 0x11, 0x11, 
	0x12, 0x22, 0x21, 0x22, 0x22, 0x22, 0x22, 0x22, 0x22, 0x22, 0x22, 0x22, 0x12, 0x22, 0x44, 
	0x34, 0x44, 0x44, 0x45, 0x55, 0x55, 0x55, 0x55, 0x55, 0x55, 0x55, 0x56, 0x56, 0x66, 0x66, 
	0x77, 0x77, 0x77, 0x77, 0x88, 0x88, 0x88, 0x89, 0x99, 0x99, 0x99, 0x98, 0x76, 0x65, 0x56, 
	0x55, 0x55, 0x55, 0x55, 0x56, 0x67, 0x78, 0x88, 0x88, 0x88, 0x88, 0x88, 0x88, 0x88, 0x88, 
	0x88, 0x88, 0x88, 0x88, 0x88, 0x88, 0x88, 0x88, 0x88, 0x89, 0x99, 0xAA, 0xAA, 0xAB, 0xBB, 
	0xAA, 0xAA, 0x99, 0x88, 0x77, 0x66, 0x65, 0x55, 0x66, 0x78, 0x9A, 0xCC, 0xCC, 0xCB, 0xBB, 
	0x00, 0x00, 0x00, 0x00, 0x00, 0x00, 0x00, 0x00, 0x00, 0x00, 0x00, 0x00, 0x00, 0x00, 0x00, 
	0x00, 0x00, 0x00, 0x00, 0x00, 0x00, 0x00, 0x00, 0x00, 0x00, 0x00, 0x00, 0x00, 0x00, 0x00, 
	0x00, 0x00, 0x00, 0x00, 0x00, 0x00, 0x00, 0x00, 0x00, 0x00, 0x00, 0x00, 0x00, 0x00, 0x00, 
	0x00, 0x00, 0x00, 0x00, 0x00, 0x00, 0x00, 0x00, 0x00, 0x00, 0x00, 0x00, 0x00, 0x00, 0x00, 
	0x00, 0x00, 0x00, 0x00, 0x00, 0x00, 0x00, 0x00, 0x00, 0x00, 0x00, 0x00, 0x00, 0x00, 0x00, 
	0x00, 0x00, 0x00, 0x00, 0x00, 0x00, 0x00, 0x00, 0x00, 0x00, 0x00, 0x00, 0x00, 0x00, 0x00, 
	0xFF, 0xFF, 0xFF, 0xED, 0xCC, 0xCB, 0xA9, 0x88, 0x76, 0x66, 0x67, 0x77, 0x77, 0x78, 0x88, 
	0x88, 0x88, 0x99, 0x88, 0x77, 0x89, 0x98, 0x76, 0x54, 0x44, 0x44, 0x44, 0x44, 0x44, 0x55, 
	0x45, 0x54, 0x33, 0x33, 0x33, 0x33, 0x33, 0x33, 0x33, 0x22, 0x22, 0x22, 0x23, 0x33, 0x33, 
	0x44, 0x33, 0x32, 0x22, 0x23, 0x33, 0x33, 0x33, 0x32, 0x22, 0x33, 0x22, 0x33, 0x33, 0x33, 
	0x33, 0x45, 0x54, 0x33, 0x34, 0x44, 0x34, 0x43, 0x33, 0x23, 0x33, 0x33, 0x34, 0x43, 0x22, 
	0x22, 0x22, 0x22, 0x33, 0x33, 0x33, 0x22, 0x22, 0x22, 0x22, 0x22, 0x22, 0x22, 0x22, 0x22, 
	0x22, 0x22, 0x22, 0x21, 0x22, 0x22, 0x12, 0x22, 0x22, 0x22, 0x11, 0x11, 0x11, 0x22, 0x11, 
	0x11, 0x11, 0x11, 0x11, 0x11, 0x11, 0x11, 0x11, 0x11, 0x11, 0x11, 0x11, 0x11, 0x11, 0x11, 
	0x11, 0x11, 0x12, 0x22, 0x22, 0x22, 0x22, 0x22, 0x22, 0x22, 0x22, 0x22, 0x22, 0x22, 0x23, 
	0x23, 0x44, 0x44, 0x44, 0x55, 0x55, 0x55, 0x55, 0x45, 0x55, 0x55, 0x66, 0x66, 0x66, 0x66, 
	0x77, 0x77, 0x77, 0x77, 0x88, 0x88, 0x88, 0x99, 0x99, 0x99, 0x99, 0x98, 0x76, 0x55, 0x66, 
	0x66, 0x55, 0x55, 0x55, 0x55, 0x67, 0x88, 0x88, 0x88, 0x88, 0x88, 0x88, 0x88, 0x88, 0x88, 
	0x88, 0x88, 0x88, 0x88, 0x88, 0x88, 0x88, 0x88, 0x89, 0x99, 0x99, 0xAA, 0xAA, 0xAA, 0xAA, 
	0xAA, 0x99, 0x98, 0x77, 0x66, 0x65, 0x55, 0x55, 0x55, 0x68, 0x9B, 0xCC, 0xCC, 0xCB, 0xBB, 
	0x00, 0x00, 0x00, 0x00, 0x00, 0x00, 0x00, 0x00, 0x00, 0x00, 0x00, 0x00, 0x00, 0x00, 0x00, 
	0x00, 0x00, 0x00, 0x00, 0x00, 0x00, 0x00, 0x00, 0x00, 0x00, 0x00, 0x00, 0x00, 0x00, 0x00, 
	0x00, 0x00, 0x00, 0x00, 0x00, 0x00, 0x00, 0x00, 0x00, 0x00, 0x00, 0x00, 0x00, 0x00, 0x00, 
	0x00, 0x00, 0x00, 0x00, 0x00, 0x00, 0x00, 0x00, 0x00, 0x00, 0x00, 0x00, 0x00, 0x00, 0x00, 
	0x00, 0x00, 0x00, 0x00, 0x00, 0x00, 0x00, 0x00, 0x00, 0x00, 0x00, 0x00, 0x00, 0x00, 0x00, 
	0x00, 0x00, 0x00, 0x00, 0x00, 0x00, 0x00, 0x00, 0x00, 0x00, 0x00, 0x00, 0x00, 0x00, 0x00, 
	0xFF, 0xFF, 0xFE, 0xDD, 0xCD, 0xDC, 0xA9, 0x98, 0x77, 0x77, 0x77, 0x77, 0x77, 0x78, 0x99, 
	0x88, 0x88, 0x99, 0x98, 0x77, 0x89, 0x98, 0x76, 0x54, 0x44, 0x55, 0x55, 0x45, 0x44, 0x45, 
	0x55, 0x44, 0x33, 0x33, 0x33, 0x33, 0x33, 0x33, 0x33, 0x22, 0x22, 0x22, 0x22, 0x33, 0x34, 
	0x44, 0x33, 0x32, 0x22, 0x22, 0x33, 0x33, 0x33, 0x32, 0x23, 0x32, 0x22, 0x33, 0x33, 0x33, 
	0x34, 0x44, 0x44, 0x34, 0x44, 0x44, 0x44, 0x43, 0x22, 0x22, 0x32, 0x22, 0x23, 0x43, 0x33, 
	0x32, 0x22, 0x22, 0x33, 0x33, 0x23, 0x22, 0x22, 0x22, 0x22, 0x22, 0x22, 0x22, 0x22, 0x22, 
	0x22, 0x22, 0x22, 0x21, 0x22, 0x22, 0x11, 0x11, 0x22, 0x21, 0x11, 0x11, 0x12, 0x11, 0x11, 
	0x11, 0x11, 0x11, 0x11, 0x11, 0x11, 0x11, 0x11, 0x11, 0x11, 0x11, 0x11, 0x11, 0x11, 0x11, 
	0x11, 0x11, 0x11, 0x22, 0x22, 0x22, 0x22, 0x22, 0x22, 0x22, 0x22, 0x22, 0x22, 0x22, 0x22, 
	0x22, 0x34, 0x44, 0x45, 0x55, 0x55, 0x65, 0x54, 0x45, 0x55, 0x55, 0x66, 0x66, 0x66, 0x66, 
	0x77, 0x77, 0x77, 0x77, 0x88, 0x88, 0x88, 0x99, 0x99, 0xAA, 0x99, 0x98, 0x76, 0x55, 0x55, 
	0x66, 0x65, 0x55, 0x55, 0x56, 0x67, 0x88, 0x88, 0x88, 0x88, 0x88, 0x88, 0x88, 0x88, 0x88, 
	0x88, 0x88, 0x88, 0x88, 0x88, 0x88, 0x88, 0x88, 0x99, 0x9A, 0xAA, 0xAA, 0xAA, 0xAA, 0xAA, 
	0x99, 0x98, 0x87, 0x76, 0x66, 0x55, 0x54, 0x55, 0x55, 0x78, 0x9B, 0xCC, 0xCC, 0xCC, 0xBA, 
	0x00, 0x00, 0x00, 0x00, 0x00, 0x00, 0x00, 0x00, 0x00, 0x00, 0x00, 0x00, 0x00, 0x00, 0x00, 
	0x00, 0x00, 0x00, 0x00, 0x00, 0x00, 0x00, 0x00, 0x00, 0x00, 0x00, 0x00, 0x00, 0x00, 0x00, 
	0x00, 0x00, 0x00, 0x00, 0x00, 0x00, 0x00, 0x00, 0x00, 0x00, 0x00, 0x00, 0x00, 0x00, 0x00, 
	0x00, 0x00, 0x00, 0x00, 0x00, 0x00, 0x00, 0x00, 0x00, 0x00, 0x00, 0x00, 0x00, 0x00, 0x00, 
	0x00, 0x00, 0x00, 0x00, 0x00, 0x00, 0x00, 0x00, 0x00, 0x00, 0x00, 0x00, 0x00, 0x00, 0x00, 
	0x00, 0x00, 0x00, 0x00, 0x00, 0x00, 0x00, 0x00, 0x00, 0x00, 0x00, 0x00, 0x00, 0x00, 0x00, 
	0xFF, 0xFF, 0xEE, 0xDD, 0xDD, 0xDB, 0xBA, 0x99, 0x87, 0x77, 0x77, 0x77, 0x77, 0x79, 0x99, 
	0x88, 0x88, 0x99, 0x98, 0x77, 0x89, 0x98, 0x76, 0x55, 0x55, 0x55, 0x65, 0x55, 0x54, 0x45, 
	0x54, 0x44, 0x33, 0x33, 0x33, 0x33, 0x33, 0x33, 0x33, 0x22, 0x22, 0x22, 0x23, 0x33, 0x34, 
	0x33, 0x33, 0x32, 0x22, 0x22, 0x33, 0x33, 0x33, 0x22, 0x22, 0x22, 0x22, 0x33, 0x32, 0x33, 
	0x44, 0x44, 0x43, 0x44, 0x44, 0x44, 0x44, 0x43, 0x22, 0x32, 0x22, 0x21, 0x12, 0x33, 0x33, 
	0x32, 0x22, 0x22, 0x22, 0x22, 0x23, 0x32, 0x22, 0x22, 0x22, 0x22, 0x22, 0x22, 0x22, 0x22, 
	0x22, 0x12, 0x22, 0x11, 0x22, 0x22, 0x11, 0x11, 0x11, 0x21, 0x11, 0x21, 0x12, 0x11, 0x11, 
	0x11, 0x11, 0x11, 0x11, 0x11, 0x11, 0x11, 0x11, 0x11, 0x11, 0x11, 0x11, 0x11, 0x11, 0x11, 
	0x11, 0x11, 0x11, 0x11, 0x22, 0x22, 0x22, 0x22, 0x22, 0x22, 0x22, 0x22, 0x22, 0x22, 0x22, 
	0x22, 0x35, 0x44, 0x45, 0x55, 0x66, 0x65, 0x55, 0x44, 0x45, 0x55, 0x66, 0x66, 0x66, 0x66, 
	0x77, 0x77, 0x77, 0x77, 0x78, 0x98, 0x88, 0x99, 0x99, 0xAA, 0x99, 0x88, 0x76, 0x55, 0x55, 
	0x66, 0x65, 0x55, 0x55, 0x56, 0x77, 0x88, 0x88, 0x88, 0x88, 0x88, 0x88, 0x88, 0x88, 0x88, 
	0x88, 0x88, 0x88, 0x88, 0x88, 0x88, 0x88, 0x89, 0x99, 0xAA, 0xAA, 0xAA, 0xAA, 0xAA, 0xA9, 
	0x98, 0x87, 0x77, 0x66, 0x55, 0x54, 0x44, 0x44, 0x55, 0x78, 0xAB, 0xCD, 0xCD, 0xCC, 0xB9, 
	0x00, 0x00, 0x00, 0x00, 0x00, 0x00, 0x00, 0x00, 0x00, 0x00, 0x00, 0x00, 0x00, 0x00, 0x00, 
	0x00, 0x00, 0x00, 0x00, 0x00, 0x00, 0x00, 0x00, 0x00, 0x00, 0x00, 0x00, 0x00, 0x00, 0x00, 
	0x00, 0x00, 0x00, 0x00, 0x00, 0x00, 0x00, 0x00, 0x00, 0x00, 0x00, 0x00, 0x00, 0x00, 0x00, 
	0x00, 0x00, 0x00, 0x00, 0x00, 0x00, 0x00, 0x00, 0x00, 0x00, 0x00, 0x00, 0x00, 0x00, 0x00, 
	0x00, 0x00, 0x00, 0x00, 0x00, 0x00, 0x00, 0x00, 0x00, 0x00, 0x00, 0x00, 0x00, 0x00, 0x00, 
	0x00, 0x00, 0x00, 0x00, 0x00, 0x00, 0x00, 0x00, 0x00, 0x00, 0x00, 0x00, 0x00, 0x00, 0x00, 
	0xFF, 0xFF, 0xED, 0xDD, 0xDD, 0xCB, 0xBA, 0x99, 0x87, 0x77, 0x77, 0x77, 0x77, 0x88, 0x99, 
	0x88, 0x88, 0x99, 0x87, 0x78, 0x89, 0x98, 0x77, 0x65, 0x55, 0x66, 0x66, 0x55, 0x44, 0x44, 
	0x44, 0x43, 0x33, 0x33, 0x33, 0x33, 0x33, 0x33, 0x32, 0x22, 0x22, 0x22, 0x23, 0x33, 0x33, 
	0x33, 0x32, 0x22, 0x22, 0x23, 0x33, 0x33, 0x33, 0x22, 0x22, 0x22, 0x22, 0x33, 0x22, 0x33, 
	0x33, 0x33, 0x43, 0x43, 0x34, 0x44, 0x44, 0x33, 0x33, 0x33, 0x22, 0x21, 0x12, 0x33, 0x33, 
	0x33, 0x33, 0x33, 0x22, 0x32, 0x22, 0x22, 0x22, 0x22, 0x22, 0x22, 0x22, 0x22, 0x22, 0x22, 
	0x21, 0x11, 0x11, 0x11, 0x11, 0x11, 0x11, 0x11, 0x22, 0x11, 0x11, 0x22, 0x22, 0x11, 0x11, 
	0x11, 0x11, 0x11, 0x11, 0x11, 0x11, 0x11, 0x11, 0x11, 0x11, 0x11, 0x11, 0x11, 0x11, 0x11, 
	0x11, 0x11, 0x11, 0x12, 0x22, 0x22, 0x22, 0x22, 0x22, 0x22, 0x22, 0x22, 0x21, 0x22, 0x22, 
	0x22, 0x35, 0x55, 0x45, 0x66, 0x66, 0x65, 0x55, 0x44, 0x45, 0x55, 0x66, 0x66, 0x66, 0x66, 
	0x77, 0x77, 0x77, 0x77, 0x88, 0x88, 0x99, 0x99, 0x9A, 0x99, 0x99, 0x88, 0x66, 0x55, 0x65, 
	0x66, 0x66, 0x55, 0x55, 0x56, 0x67, 0x88, 0x88, 0x88, 0x88, 0x88, 0x88, 0x88, 0x88, 0x88, 
	0x88, 0x88, 0x88, 0x88, 0x88, 0x88, 0x89, 0x99, 0x9A, 0xAA, 0xAA, 0xAA, 0xAA, 0xA9, 0x99, 
	0x87, 0x77, 0x66, 0x65, 0x55, 0x44, 0x44, 0x44, 0x55, 0x78, 0xAB, 0xCD, 0xDD, 0xCB, 0xA8, 
	0x00, 0x00, 0x00, 0x00, 0x00, 0x00, 0x00, 0x00, 0x00, 0x00, 0x00, 0x00, 0x00, 0x00, 0x00, 
	0x00, 0x00, 0x00, 0x00, 0x00, 0x00, 0x00, 0x00, 0x00, 0x00, 0x00, 0x00, 0x00, 0x00, 0x00, 
	0x00, 0x00, 0x00, 0x00, 0x00, 0x00, 0x00, 0x00, 0x00, 0x00, 0x00, 0x00, 0x00, 0x00, 0x00, 
	0x00, 0x00, 0x00, 0x00, 0x00, 0x00, 0x00, 0x00, 0x00, 0x00, 0x00, 0x00, 0x00, 0x00, 0x00, 
	0x00, 0x00, 0x00, 0x00, 0x00, 0x00, 0x00, 0x00, 0x00, 0x00, 0x00, 0x00, 0x00, 0x00, 0x00, 
	0x00, 0x00, 0x00, 0x00, 0x00, 0x00, 0x00, 0x00, 0x00, 0x00, 0x00, 0x00, 0x00, 0x00, 0x00, 
	0xFF, 0xFE, 0xED, 0xCD, 0xDD, 0xCB, 0xBA, 0xA9, 0x88, 0x87, 0x77, 0x77, 0x88, 0x88, 0x99, 
	0x88, 0x88, 0x99, 0x87, 0x87, 0x88, 0x88, 0x77, 0x66, 0x66, 0x77, 0x76, 0x55, 0x44, 0x44, 
	0x44, 0x43, 0x33, 0x33, 0x33, 0x33, 0x33, 0x33, 0x32, 0x22, 0x22, 0x22, 0x23, 0x33, 0x33, 
	0x33, 0x32, 0x22, 0x22, 0x23, 0x33, 0x33, 0x33, 0x22, 0x22, 0x22, 0x22, 0x22, 0x23, 0x33, 
	0x33, 0x44, 0x44, 0x33, 0x33, 0x44, 0x43, 0x33, 0x33, 0x33, 0x22, 0x22, 0x23, 0x33, 0x33, 
	0x33, 0x33, 0x33, 0x22, 0x33, 0x32, 0x22, 0x21, 0x22, 0x22, 0x22, 0x11, 0x22, 0x11, 0x11, 
	0x11, 0x11, 0x11, 0x11, 0x11, 0x12, 0x11, 0x11, 0x12, 0x11, 0x11, 0x22, 0x21, 0x11, 0x11, 
	0x11, 0x11, 0x11, 0x11, 0x11, 0x22, 0x11, 0x11, 0x11, 0x11, 0x11, 0x11, 0x11, 0x11, 0x11, 
	0x11, 0x11, 0x11, 0x12, 0x22, 0x22, 0x22, 0x22, 0x22, 0x22, 0x22, 0x22, 0x22, 0x22, 0x22, 
	0x22, 0x24, 0x55, 0x44, 0x66, 0x66, 0x65, 0x54, 0x45, 0x55, 0x55, 0x66, 0x66, 0x66, 0x66, 
	0x77, 0x77, 0x77, 0x88, 0x88, 0x88, 0x99, 0x99, 0x99, 0x99, 0x99, 0x98, 0x66, 0x55, 0x55, 
	0x66, 0x65, 0x55, 0x55, 0x56, 0x77, 0x88, 0x88, 0x88, 0x88, 0x88, 0x88, 0x88, 0x88, 0x88, 
	0x88, 0x88, 0x88, 0x88, 0x88, 0x88, 0x99, 0x9A, 0xAA, 0xAA, 0xAA, 0xAA, 0xA9, 0x99, 0x88, 
	0x77, 0x66, 0x66, 0x55, 0x54, 0x44, 0x44, 0x44, 0x45, 0x78, 0xAB, 0xCC, 0xDD, 0xCA, 0x86, 
	0x00, 0x00, 0x00, 0x00, 0x00, 0x00, 0x00, 0x00, 0x00, 0x00, 0x00, 0x00, 0x00, 0x00, 0x00, 
	0x00, 0x00, 0x00, 0x00, 0x00, 0x00, 0x00, 0x00, 0x00, 0x00, 0x00, 0x00, 0x00, 0x00, 0x00, 
	0x00, 0x00, 0x00, 0x00, 0x00, 0x00, 0x00, 0x00, 0x00, 0x00, 0x00, 0x00, 0x00, 0x00, 0x00, 
	0x00, 0x00, 0x00, 0x00, 0x00, 0x00, 0x00, 0x00, 0x00, 0x00, 0x00, 0x00, 0x00, 0x00, 0x00, 
	0x00, 0x00, 0x00, 0x00, 0x00, 0x00, 0x00, 0x00, 0x00, 0x00, 0x00, 0x00, 0x00, 0x00, 0x00, 
	0x00, 0x00, 0x00, 0x00, 0x00, 0x00, 0x00, 0x00, 0x00, 0x00, 0x00, 0x00, 0x00, 0x00, 0x00, 
	0xFF, 0xFE, 0xDC, 0xCC, 0xCC, 0xCC, 0xCB, 0x99, 0x88, 0x87, 0x77, 0x77, 0x88, 0x88, 0x89, 
	0x88, 0x88, 0x88, 0x88, 0x77, 0x78, 0x88, 0x77, 0x66, 0x67, 0x88, 0x76, 0x65, 0x44, 0x44, 
	0x44, 0x43, 0x33, 0x33, 0x33, 0x33, 0x43, 0x33, 0x32, 0x22, 0x22, 0x22, 0x22, 0x33, 0x33, 
	0x33, 0x22, 0x22, 0x22, 0x33, 0x33, 0x33, 0x33, 0x33, 0x22, 0x22, 0x22, 0x22, 0x33, 0x33, 
	0x34, 0x44, 0x43, 0x32, 0x33, 0x33, 0x33, 0x33, 0x44, 0x32, 0x22, 0x22, 0x33, 0x22, 0x32, 
	0x33, 0x33, 0x33, 0x33, 0x33, 0x32, 0x22, 0x22, 0x22, 0x11, 0x11, 0x11, 0x11, 0x11, 0x11, 
	0x11, 0x11, 0x11, 0x11, 0x11, 0x22, 0x11, 0x11, 0x22, 0x11, 0x11, 0x22, 0x11, 0x11, 0x11, 
	0x11, 0x11, 0x11, 0x11, 0x11, 0x22, 0x11, 0x11, 0x11, 0x11, 0x11, 0x11, 0x11, 0x11, 0x11, 
	0x11, 0x11, 0x11, 0x22, 0x22, 0x22, 0x22, 0x22, 0x22, 0x22, 0x22, 0x22, 0x22, 0x22, 0x22, 
	0x22, 0x23, 0x45, 0x44, 0x56, 0x66, 0x65, 0x44, 0x45, 0x55, 0x55, 0x55, 0x66, 0x66, 0x66, 
	0x77, 0x77, 0x77, 0x88, 0x88, 0x88, 0x99, 0x99, 0x99, 0x99, 0x99, 0x87, 0x65, 0x55, 0x55, 
	0x66, 0x65, 0x55, 0x55, 0x56, 0x78, 0x88, 0x88, 0x88, 0x88, 0x88, 0x88, 0x88, 0x88, 0x88, 
	0x88, 0x88, 0x88, 0x88, 0x88, 0x89, 0x99, 0xAA, 0xAA, 0xAA, 0xAA, 0xA9, 0x98, 0x88, 0x87, 
	0x76, 0x66, 0x65, 0x55, 0x44, 0x44, 0x43, 0x44, 0x45, 0x78, 0xAC, 0xCC, 0xDC, 0xB9, 0x75, 
	0x00, 0x00, 0x00, 0x00, 0x00, 0x00, 0x00, 0x00, 0x00, 0x00, 0x00, 0x00, 0x00, 0x00, 0x00, 
	0x00, 0x00, 0x00, 0x00, 0x00, 0x00, 0x00, 0x00, 0x00, 0x00, 0x00, 0x00, 0x00, 0x00, 0x00, 
	0x00, 0x00, 0x00, 0x00, 0x00, 0x00, 0x00, 0x00, 0x00, 0x00, 0x00, 0x00, 0x00, 0x00, 0x00, 
	0x00, 0x00, 0x00, 0x00, 0x00, 0x00, 0x00, 0x00, 0x00, 0x00, 0x00, 0x00, 0x00, 0x00, 0x00, 
	0x00, 0x00, 0x00, 0x00, 0x00, 0x00, 0x00, 0x00, 0x00, 0x00, 0x00, 0x00, 0x00, 0x00, 0x00, 
	0x00, 0x00, 0x00, 0x00, 0x00, 0x00, 0x00, 0x00, 0x00, 0x00, 0x00, 0x00, 0x00, 0x00, 0x00, 
	0xFF, 0xFE, 0xDC, 0xCC, 0xBB, 0xCC, 0xCB, 0x99, 0x88, 0x77, 0x77, 0x77, 0x88, 0x88, 0x88, 
	0x88, 0x88, 0x88, 0x88, 0x77, 0x78, 0x88, 0x77, 0x66, 0x68, 0x88, 0x77, 0x64, 0x44, 0x44, 
	0x43, 0x33, 0x33, 0x33, 0x33, 0x33, 0x43, 0x33, 0x32, 0x22, 0x22, 0x22, 0x22, 0x33, 0x33, 
	0x32, 0x22, 0x22, 0x22, 0x33, 0x33, 0x33, 0x33, 0x32, 0x22, 0x22, 0x22, 0x23, 0x33, 0x33, 
	0x44, 0x44, 0x33, 0x33, 0x33, 0x33, 0x23, 0x34, 0x43, 0x32, 0x23, 0x33, 0x32, 0x22, 0x22, 
	0x32, 0x23, 0x33, 0x33, 0x33, 0x33, 0x32, 0x22, 0x22, 0x21, 0x11, 0x11, 0x11, 0x11, 0x11, 
	0x11, 0x11, 0x11, 0x11, 0x11, 0x12, 0x11, 0x11, 0x22, 0x11, 0x11, 0x21, 0x11, 0x11, 0x11, 
	0x11, 0x11, 0x11, 0x11, 0x11, 0x11, 0x11, 0x11, 0x11, 0x11, 0x11, 0x11, 0x11, 0x11, 0x11, 
	0x11, 0x11, 0x11, 0x12, 0x22, 0x22, 0x22, 0x22, 0x22, 0x22, 0x22, 0x22, 0x22, 0x22, 0x22, 
	0x22, 0x23, 0x44, 0x44, 0x56, 0x76, 0x65, 0x44, 0x44, 0x55, 0x55, 0x55, 0x66, 0x66, 0x66, 
	0x67, 0x77, 0x78, 0x88, 0x88, 0x98, 0x99, 0x99, 0x99, 0x99, 0x99, 0x87, 0x65, 0x55, 0x66, 
	0x66, 0x65, 0x55, 0x55, 0x56, 0x78, 0x88, 0x88, 0x88, 0x88, 0x88, 0x88, 0x88, 0x88, 0x88, 
	0x88, 0x88, 0x88, 0x88, 0x89, 0x99, 0x9A, 0xAA, 0xAA, 0xAA, 0xA9, 0x99, 0x88, 0x87, 0x77, 
	0x66, 0x66, 0x65, 0x55, 0x44, 0x44, 0x44, 0x44, 0x56, 0x79, 0xAC, 0xCC, 0xDB, 0x97, 0x43, 
	0x00, 0x00, 0x00, 0x00, 0x00, 0x00, 0x00, 0x00, 0x00, 0x00, 0x00, 0x00, 0x00, 0x00, 0x00, 
	0x00, 0x00, 0x00, 0x00, 0x00, 0x00, 0x00, 0x00, 0x00, 0x00, 0x00, 0x00, 0x00, 0x00, 0x00, 
	0x00, 0x00, 0x00, 0x00, 0x00, 0x00, 0x00, 0x00, 0x00, 0x00, 0x00, 0x00, 0x00, 0x00, 0x00, 
	0x00, 0x00, 0x00, 0x00, 0x00, 0x00, 0x00, 0x00, 0x00, 0x00, 0x00, 0x00, 0x00, 0x00, 0x00, 
	0x00, 0x00, 0x00, 0x00, 0x00, 0x00, 0x00, 0x00, 0x00, 0x00, 0x00, 0x00, 0x00, 0x00, 0x00, 
	0x00, 0x00, 0x00, 0x00, 0x00, 0x00, 0x00, 0x00, 0x00, 0x00, 0x00, 0x00, 0x00, 0x00, 0x00, 
	0xFF, 0xED, 0xCB, 0xBB, 0xBB, 0xBB, 0xBA, 0xA9, 0x98, 0x77, 0x78, 0x88, 0x88, 0x88, 0x88, 
	0x88, 0x78, 0x88, 0x88, 0x77, 0x78, 0x88, 0x77, 0x66, 0x78, 0x88, 0x88, 0x64, 0x33, 0x44, 
	0x43, 0x33, 0x32, 0x23, 0x33, 0x33, 0x33, 0x33, 0x32, 0x22, 0x22, 0x22, 0x22, 0x33, 0x33, 
	0x22, 0x22, 0x22, 0x23, 0x33, 0x43, 0x33, 0x33, 0x22, 0x22, 0x22, 0x22, 0x33, 0x33, 0x33, 
	0x44, 0x43, 0x33, 0x33, 0x33, 0x33, 0x33, 0x33, 0x33, 0x33, 0x33, 0x33, 0x32, 0x22, 0x33, 
	0x32, 0x23, 0x33, 0x33, 0x33, 0x33, 0x32, 0x21, 0x22, 0x21, 0x11, 0x11, 0x11, 0x11, 0x11, 
	0x11, 0x11, 0x11, 0x11, 0x11, 0x11, 0x11, 0x11, 0x11, 0x11, 0x12, 0x21, 0x11, 0x11, 0x11, 
	0x11, 0x11, 0x11, 0x12, 0x11, 0x11, 0x11, 0x11, 0x11, 0x11, 0x11, 0x11, 0x11, 0x11, 0x11, 
	0x11, 0x11, 0x11, 0x12, 0x22, 0x22, 0x22, 0x22, 0x22, 0x22, 0x22, 0x22, 0x22, 0x22, 0x22, 
	0x22, 0x23, 0x44, 0x45, 0x66, 0x76, 0x55, 0x44, 0x44, 0x55, 0x55, 0x56, 0x66, 0x66, 0x66, 
	0x66, 0x77, 0x88, 0x87, 0x88, 0x89, 0x99, 0x99, 0x99, 0x99, 0x99, 0x87, 0x66, 0x66, 0x66, 
	0x66, 0x65, 0x55, 0x55, 0x56, 0x78, 0x88, 0x88, 0x88, 0x88, 0x88, 0x88, 0x88, 0x88, 0x88, 
	0x88, 0x88, 0x88, 0x89, 0x99, 0x99, 0xAA, 0xAA, 0xAA, 0xA9, 0x99, 0x88, 0x87, 0x77, 0x76, 
	0x66, 0x55, 0x55, 0x45, 0x44, 0x44, 0x44, 0x44, 0x56, 0x79, 0xAC, 0xCD, 0xCA, 0x75, 0x31, 
	0x00, 0x00, 0x00, 0x00, 0x00, 0x00, 0x00, 0x00, 0x00, 0x00, 0x00, 0x00, 0x00, 0x00, 0x00, 
	0x00, 0x00, 0x00, 0x00, 0x00, 0x00, 0x00, 0x00, 0x00, 0x00, 0x00, 0x00, 0x00, 0x00, 0x00, 
	0x00, 0x00, 0x00, 0x00, 0x00, 0x00, 0x00, 0x00, 0x00, 0x00, 0x00, 0x00, 0x00, 0x00, 0x00, 
	0x00, 0x00, 0x00, 0x00, 0x00, 0x00, 0x00, 0x00, 0x00, 0x00, 0x00, 0x00, 0x00, 0x00, 0x00, 
	0x00, 0x00, 0x00, 0x00, 0x00, 0x00, 0x00, 0x00, 0x00, 0x00, 0x00, 0x00, 0x00, 0x00, 0x00, 
	0x00, 0x00, 0x00, 0x00, 0x00, 0x00, 0x00, 0x00, 0x00, 0x00, 0x00, 0x00, 0x00, 0x00, 0x00, 
	0xFF, 0xEC, 0xBA, 0xAA, 0xAB, 0xBB, 0xBA, 0x99, 0x98, 0x77, 0x77, 0x88, 0x88, 0x87, 0x77, 
	0x88, 0x77, 0x88, 0x87, 0x77, 0x78, 0x88, 0x77, 0x66, 0x78, 0x99, 0x87, 0x54, 0x33, 0x43, 
	0x33, 0x33, 0x33, 0x23, 0x33, 0x33, 0x33, 0x33, 0x32, 0x22, 0x22, 0x22, 0x23, 0x33, 0x32, 
	0x22, 0x22, 0x22, 0x22, 0x33, 0x44, 0x33, 0x22, 0x22, 0x22, 0x22, 0x23, 0x33, 0x33, 0x34, 
	0x44, 0x43, 0x33, 0x33, 0x33, 0x33, 0x33, 0x33, 0x32, 0x23, 0x33, 0x33, 0x32, 0x23, 0x44, 
	0x32, 0x23, 0x43, 0x33, 0x33, 0x33, 0x22, 0x22, 0x12, 0x21, 0x11, 0x11, 0x11, 0x11, 0x11, 
	0x11, 0x11, 0x11, 0x11, 0x11, 0x11, 0x11, 0x11, 0x11, 0x11, 0x12, 0x11, 0x11, 0x11, 0x11, 
	0x11, 0x11, 0x22, 0x21, 0x11, 0x11, 0x11, 0x11, 0x11, 0x11, 0x11, 0x11, 0x11, 0x11, 0x11, 
	0x11, 0x22, 0x21, 0x22, 0x22, 0x22, 0x22, 0x22, 0x22, 0x22, 0x22, 0x22, 0x22, 0x22, 0x22, 
	0x22, 0x22, 0x34, 0x55, 0x67, 0x77, 0x64, 0x44, 0x44, 0x55, 0x55, 0x56, 0x66, 0x66, 0x66, 
	0x66, 0x67, 0x77, 0x78, 0x88, 0x89, 0x99, 0xAA, 0x99, 0x99, 0x99, 0x87, 0x66, 0x66, 0x66, 
	0x66, 0x66, 0x55, 0x55, 0x56, 0x78, 0x88, 0x88, 0x88, 0x88, 0x88, 0x88, 0x88, 0x88, 0x88, 
	0x88, 0x88, 0x89, 0x99, 0x99, 0xAA, 0xAA, 0xAA, 0x99, 0x99, 0x88, 0x88, 0x77, 0x76, 0x66, 
	0x66, 0x55, 0x55, 0x44, 0x44, 0x44, 0x44, 0x44, 0x56, 0x79, 0xAC, 0xCC, 0xA8, 0x53, 0x21, 
	0x00, 0x00, 0x00, 0x00, 0x00, 0x00, 0x00, 0x00, 0x00, 0x00, 0x00, 0x00, 0x00, 0x00, 0x00, 
	0x00, 0x00, 0x00, 0x00, 0x00, 0x00, 0x00, 0x00, 0x00, 0x00, 0x00, 0x00, 0x00, 0x00, 0x00, 
	0x00, 0x00, 0x00, 0x00, 0x00, 0x00, 0x00, 0x00, 0x00, 0x00, 0x00, 0x00, 0x00, 0x00, 0x00, 
	0x00, 0x00, 0x00, 0x00, 0x00, 0x00, 0x00, 0x00, 0x00, 0x00, 0x00, 0x00, 0x00, 0x00, 0x00, 
	0x00, 0x00, 0x00, 0x00, 0x00, 0x00, 0x00, 0x00, 0x00, 0x00, 0x00, 0x00, 0x00, 0x00, 0x00, 
	0x00, 0x00, 0x00, 0x00, 0x00, 0x00, 0x00, 0x00, 0x00, 0x00, 0x00, 0x00, 0x00, 0x00, 0x00, 
	0xFE, 0xDC, 0xA9, 0x9A, 0xAA, 0xAA, 0xAA, 0xA9, 0x98, 0x87, 0x77, 0x77, 0x78, 0x77, 0x77, 
	0x87, 0x77, 0x88, 0x87, 0x66, 0x78, 0x88, 0x77, 0x66, 0x78, 0x99, 0x97, 0x64, 0x33, 0x33, 
	0x33, 0x33, 0x33, 0x33, 0x33, 0x33, 0x33, 0x33, 0x32, 0x22, 0x22, 0x22, 0x33, 0x33, 0x22, 
	0x22, 0x22, 0x22, 0x33, 0x33, 0x33, 0x33, 0x22, 0x22, 0x22, 0x22, 0x33, 0x33, 0x33, 0x44, 
	0x44, 0x43, 0x33, 0x43, 0x33, 0x33, 0x32, 0x22, 0x33, 0x33, 0x33, 0x33, 0x32, 0x23, 0x33, 
	0x33, 0x34, 0x44, 0x33, 0x33, 0x32, 0x22, 0x22, 0x11, 0x11, 0x11, 0x11, 0x11, 0x11, 0x11, 
	0x11, 0x11, 0x11, 0x11, 0x11, 0x11, 0x11, 0x11, 0x11, 0x11, 0x11, 0x11, 0x11, 0x11, 0x11, 
	0x11, 0x11, 0x11, 0x11, 0x11, 0x11, 0x11, 0x11, 0x11, 0x11, 0x11, 0x11, 0x11, 0x11, 0x11, 
	0x12, 0x22, 0x22, 0x22, 0x22, 0x22, 0x22, 0x22, 0x22, 0x22, 0x22, 0x22, 0x22, 0x22, 0x22, 
	0x22, 0x22, 0x34, 0x56, 0x67, 0x77, 0x65, 0x44, 0x44, 0x55, 0x55, 0x55, 0x66, 0x66, 0x66, 
	0x67, 0x67, 0x77, 0x88, 0x88, 0x89, 0x99, 0xAA, 0xA9, 0x99, 0x99, 0x87, 0x65, 0x66, 0x66, 
	0x66, 0x66, 0x55, 0x55, 0x66, 0x77, 0x88, 0x88, 0x88, 0x88, 0x87, 0x78, 0x88, 0x88, 0x88, 
	0x88, 0x88, 0x99, 0x99, 0x9A, 0xAA, 0xAA, 0xA9, 0x99, 0x88, 0x88, 0x77, 0x76, 0x66, 0x66, 
	0x55, 0x55, 0x55, 0x44, 0x44, 0x44, 0x44, 0x44, 0x56, 0x89, 0xBC, 0xCB, 0x86, 0x42, 0x11, 
	0x00, 0x00, 0x00, 0x00, 0x00, 0x00, 0x00, 0x00, 0x00, 0x00, 0x00, 0x00, 0x00, 0x00, 0x00, 
	0x00, 0x00, 0x00, 0x00, 0x00, 0x00, 0x00, 0x00, 0x00, 0x00, 0x00, 0x00, 0x00, 0x00, 0x00, 
	0x00, 0x00, 0x00, 0x00, 0x00, 0x00, 0x00, 0x00, 0x00, 0x00, 0x00, 0x00, 0x00, 0x00, 0x00, 
	0x00, 0x00, 0x00, 0x00, 0x00, 0x00, 0x00, 0x00, 0x00, 0x00, 0x00, 0x00, 0x00, 0x00, 0x00, 
	0x00, 0x00, 0x00, 0x00, 0x00, 0x00, 0x00, 0x00, 0x00, 0x00, 0x00, 0x00, 0x00, 0x00, 0x00, 
	0x00, 0x00, 0x00, 0x00, 0x00, 0x00, 0x00, 0x00, 0x00, 0x00, 0x00, 0x00, 0x00, 0x00, 0x00, 
	0xFE, 0xCA, 0x88, 0x89, 0x99, 0x99, 0x9A, 0xA9, 0x88, 0x87, 0x77, 0x77, 0x77, 0x77, 0x77, 
	0x77, 0x77, 0x88, 0x87, 0x67, 0x78, 0x88, 0x77, 0x77, 0x78, 0x99, 0x87, 0x64, 0x33, 0x33, 
	0x33, 0x33, 0x33, 0x33, 0x33, 0x33, 0x33, 0x33, 0x22, 0x22, 0x22, 0x23, 0x33, 0x22, 0x22, 
	0x22, 0x22, 0x22, 0x33, 0x33, 0x33, 0x33, 0x22, 0x22, 0x22, 0x23, 0x33, 0x33, 0x33, 0x44, 
	0x43, 0x33, 0x34, 0x43, 0x33, 0x33, 0x32, 0x22, 0x33, 0x33, 0x33, 0x33, 0x33, 0x33, 0x33, 
	0x33, 0x34, 0x44, 0x44, 0x33, 0x22, 0x22, 0x21, 0x11, 0x11, 0x11, 0x11, 0x11, 0x11, 0x11, 
	0x11, 0x11, 0x11, 0x11, 0x11, 0x11, 0x11, 0x11, 0x11, 0x11, 0x11, 0x11, 0x11, 0x11, 0x11, 
	0x11, 0x11, 0x11, 0x11, 0x11, 0x11, 0x11, 0x11, 0x11, 0x11, 0x11, 0x11, 0x11, 0x11, 0x12, 
	0x22, 0x22, 0x22, 0x22, 0x22, 0x11, 0x22, 0x22, 0x22, 0x22, 0x22, 0x22, 0x22, 0x22, 0x22, 
	0x22, 0x22, 0x34, 0x56, 0x77, 0x77, 0x65, 0x44, 0x44, 0x55, 0x55, 0x55, 0x66, 0x66, 0x66, 
	0x77, 0x77, 0x77, 0x88, 0x88, 0x89, 0x99, 0x9A, 0x99, 0x99, 0x99, 0x87, 0x66, 0x66, 0x66, 
	0x66, 0x66, 0x55, 0x55, 0x66, 0x77, 0x88, 0x88, 0x88, 0x88, 0x87, 0x78, 0x88, 0x88, 0x88, 
	0x88, 0x89, 0x99, 0x99, 0x9A, 0xAA, 0x99, 0x99, 0x88, 0x87, 0x77, 0x66, 0x66, 0x66, 0x65, 
	0x55, 0x55, 0x55, 0x44, 0x44, 0x44, 0x44, 0x44, 0x56, 0x89, 0xBC, 0xB8, 0x63, 0x21, 0x11, 
	0x00, 0x00, 0x00, 0x00, 0x00, 0x00, 0x00, 0x00, 0x00, 0x00, 0x00, 0x00, 0x00, 0x00, 0x00, 
	0x00, 0x00, 0x00, 0x00, 0x00, 0x00, 0x00, 0x00, 0x00, 0x00, 0x00, 0x00, 0x00, 0x00, 0x00, 
	0x00, 0x00, 0x00, 0x00, 0x00, 0x00, 0x00, 0x00, 0x00, 0x00, 0x00, 0x00, 0x00, 0x00, 0x00, 
	0x00, 0x00, 0x00, 0x00, 0x00, 0x00, 0x00, 0x00, 0x00, 0x00, 0x00, 0x00, 0x00, 0x00, 0x00, 
	0x00, 0x00, 0x00, 0x00, 0x00, 0x00, 0x00, 0x00, 0x00, 0x00, 0x00, 0x00, 0x00, 0x00, 0x00, 
	0x00, 0x00, 0x00, 0x00, 0x00, 0x00, 0x00, 0x00, 0x00, 0x00, 0x00, 0x00, 0x00, 0x00, 0x00, 
	0xFE, 0xC9, 0x87, 0x88, 0x88, 0x88, 0x9A, 0xA9, 0x88, 0x77, 0x66, 0x77, 0x77, 0x77, 0x77, 
	0x77, 0x77, 0x77, 0x87, 0x77, 0x78, 0x88, 0x77, 0x77, 0x78, 0x89, 0x87, 0x64, 0x33, 0x33, 
	0x34, 0x43, 0x33, 0x33, 0x33, 0x33, 0x33, 0x33, 0x22, 0x22, 0x22, 0x23, 0x33, 0x32, 0x22, 
	0x22, 0x22, 0x22, 0x33, 0x33, 0x33, 0x32, 0x22, 0x22, 0x22, 0x23, 0x33, 0x33, 0x33, 0x33, 
	0x33, 0x33, 0x33, 0x33, 0x33, 0x43, 0x32, 0x23, 0x33, 0x33, 0x33, 0x33, 0x33, 0x33, 0x33, 
	0x33, 0x22, 0x34, 0x44, 0x32, 0x21, 0x11, 0x11, 0x11, 0x11, 0x11, 0x11, 0x11, 0x11, 0x11, 
	0x11, 0x11, 0x11, 0x11, 0x11, 0x11, 0x11, 0x11, 0x11, 0x11, 0x11, 0x11, 0x11, 0x11, 0x11, 
	0x11, 0x11, 0x11, 0x11, 0x11, 0x11, 0x11, 0x11, 0x11, 0x11, 0x11, 0x11, 0x11, 0x11, 0x22, 
	0x22, 0x22, 0x22, 0x22, 0x22, 0x11, 0x11, 0x12, 0x22, 0x22, 0x22, 0x22, 0x22, 0x22, 0x22, 
	0x22, 0x22, 0x34, 0x56, 0x77, 0x77, 0x65, 0x44, 0x44, 0x45, 0x55, 0x55, 0x66, 0x66, 0x67, 
	0x77, 0x77, 0x77, 0x88, 0x88, 0x89, 0x99, 0x99, 0x99, 0x99, 0x99, 0x87, 0x66, 0x66, 0x66, 
	0x66, 0x66, 0x65, 0x55, 0x66, 0x78, 0x88, 0x88, 0x88, 0x88, 0x88, 0x88, 0x88, 0x88, 0x88, 
	0x89, 0x99, 0x99, 0x99, 0x99, 0x99, 0x99, 0x88, 0x87, 0x77, 0x66, 0x66, 0x66, 0x66, 0x55, 
	0x55, 0x55, 0x55, 0x44, 0x44, 0x44, 0x44, 0x44, 0x56, 0x89, 0xBB, 0x96, 0x32, 0x12, 0x21, 
	0x00, 0x00, 0x00, 0x00, 0x00, 0x00, 0x00, 0x00, 0x00, 0x00, 0x00, 0x00, 0x00, 0x00, 0x00, 
	0x00, 0x00, 0x00, 0x00, 0x00, 0x00, 0x00, 0x00, 0x00, 0x00, 0x00, 0x00, 0x00, 0x00, 0x00, 
	0x00, 0x00, 0x00, 0x00, 0x00, 0x00, 0x00, 0x00, 0x00, 0x00, 0x00, 0x00, 0x00, 0x00, 0x00, 
	0x00, 0x00, 0x00, 0x00, 0x00, 0x00, 0x00, 0x00, 0x00, 0x00, 0x00, 0x00, 0x00, 0x00, 0x00, 
	0x00, 0x00, 0x00, 0x00, 0x00, 0x00, 0x00, 0x00, 0x00, 0x00, 0x00, 0x00, 0x00, 0x00, 0x00, 
	0x00, 0x00, 0x00, 0x00, 0x00, 0x00, 0x00, 0x00, 0x00, 0x00, 0x00, 0x00, 0x00, 0x00, 0x00, 
	0xED, 0xB9, 0x77, 0x77, 0x77, 0x78, 0x99, 0x99, 0x87, 0x76, 0x66, 0x77, 0x77, 0x77, 0x76, 
	0x77, 0x77, 0x77, 0x87, 0x77, 0x78, 0x88, 0x87, 0x77, 0x77, 0x88, 0x87, 0x65, 0x43, 0x33, 
	0x44, 0x44, 0x33, 0x33, 0x33, 0x34, 0x43, 0x33, 0x32, 0x22, 0x22, 0x23, 0x33, 0x32, 0x22, 
	0x22, 0x22, 0x22, 0x33, 0x33, 0x33, 0x32, 0x22, 0x22, 0x22, 0x23, 0x33, 0x33, 0x33, 0x33, 
	0x33, 0x33, 0x33, 0x33, 0x34, 0x33, 0x22, 0x33, 0x44, 0x33, 0x33, 0x34, 0x33, 0x33, 0x33, 
	0x22, 0x12, 0x23, 0x33, 0x22, 0x11, 0x11, 0x11, 0x11, 0x11, 0x11, 0x11, 0x11, 0x11, 0x11, 
	0x11, 0x11, 0x11, 0x11, 0x11, 0x11, 0x11, 0x11, 0x11, 0x11, 0x11, 0x11, 0x11, 0x11, 0x11, 
	0x11, 0x11, 0x11, 0x11, 0x11, 0x11, 0x11, 0x11, 0x11, 0x11, 0x11, 0x11, 0x11, 0x11, 0x22, 
	0x22, 0x22, 0x22, 0x22, 0x22, 0x22, 0x22, 0x22, 0x22, 0x22, 0x22, 0x22, 0x22, 0x22, 0x22, 
	0x22, 0x22, 0x34, 0x56, 0x77, 0x77, 0x65, 0x54, 0x44, 0x45, 0x55, 0x55, 0x66, 0x66, 0x67, 
	0x77, 0x77, 0x77, 0x78, 0x88, 0x99, 0x99, 0x99, 0x99, 0x99, 0x99, 0x87, 0x65, 0x66, 0x66, 
	0x66, 0x66, 0x65, 0x55, 0x66, 0x78, 0x88, 0x88, 0x88, 0x88, 0x88, 0x88, 0x88, 0x88, 0x89, 
	0x99, 0x99, 0x99, 0x99, 0x99, 0x99, 0x98, 0x88, 0x77, 0x76, 0x66, 0x66, 0x66, 0x55, 0x55, 
	0x55, 0x55, 0x55, 0x44, 0x44, 0x44, 0x44, 0x45, 0x57, 0x89, 0xA9, 0x74, 0x22, 0x22, 0x11, 
	0x00, 0x00, 0x00, 0x00, 0x00, 0x00, 0x00, 0x00, 0x00, 0x00, 0x00, 0x00, 0x00, 0x00, 0x00, 
	0x00, 0x00, 0x00, 0x00, 0x00, 0x00, 0x00, 0x00, 0x00, 0x00, 0x00, 0x00, 0x00, 0x00, 0x00, 
	0x00, 0x00, 0x00, 0x00, 0x00, 0x00, 0x00, 0x00, 0x00, 0x00, 0x00, 0x00, 0x00, 0x00, 0x00, 
	0x00, 0x00, 0x00, 0x00, 0x00, 0x00, 0x00, 0x00, 0x00, 0x00, 0x00, 0x00, 0x00, 0x00, 0x00, 
	0x00, 0x00, 0x00, 0x00, 0x00, 0x00, 0x00, 0x00, 0x00, 0x00, 0x00, 0x00, 0x00, 0x00, 0x00, 
	0x00, 0x00, 0x00, 0x00, 0x00, 0x00, 0x00, 0x00, 0x00, 0x00, 0x00, 0x00, 0x00, 0x00, 0x00, 
	0xEC, 0xB9, 0x87, 0x76, 0x66, 0x67, 0x89, 0x98, 0x86, 0x66, 0x66, 0x77, 0x77, 0x77, 0x66, 
	0x67, 0x77, 0x77, 0x77, 0x77, 0x77, 0x88, 0x88, 0x76, 0x67, 0x88, 0x87, 0x65, 0x44, 0x44, 
	0x45, 0x54, 0x43, 0x33, 0x33, 0x34, 0x43, 0x33, 0x32, 0x22, 0x22, 0x33, 0x33, 0x32, 0x22, 
	0x22, 0x22, 0x23, 0x33, 0x33, 0x33, 0x32, 0x22, 0x22, 0x22, 0x33, 0x33, 0x33, 0x33, 0x22, 
	0x23, 0x33, 0x22, 0x23, 0x43, 0x32, 0x23, 0x34, 0x43, 0x33, 0x34, 0x44, 0x44, 0x44, 0x33, 
	0x21, 0x11, 0x22, 0x22, 0x11, 0x11, 0x11, 0x21, 0x11, 0x11, 0x11, 0x12, 0x11, 0x11, 0x11, 
	0x11, 0x11, 0x11, 0x11, 0x11, 0x11, 0x11, 0x11, 0x11, 0x11, 0x11, 0x11, 0x11, 0x11, 0x11, 
	0x11, 0x11, 0x11, 0x11, 0x11, 0x11, 0x11, 0x11, 0x11, 0x11, 0x11, 0x22, 0x11, 0x12, 0x22, 
	0x22, 0x22, 0x22, 0x12, 0x22, 0x22, 0x22, 0x22, 0x22, 0x22, 0x22, 0x22, 0x22, 0x22, 0x22, 
	0x22, 0x22, 0x34, 0x67, 0x67, 0x76, 0x66, 0x54, 0x44, 0x45, 0x55, 0x55, 0x66, 0x66, 0x67, 
	0x77, 0x77, 0x77, 0x88, 0x88, 0x99, 0x99, 0x99, 0x99, 0x99, 0x98, 0x87, 0x66, 0x66, 0x66, 
	0x66, 0x66, 0x65, 0x55, 0x66, 0x78, 0x88, 0x77, 0x77, 0x88, 0x88, 0x88, 0x88, 0x88, 0x99, 
	0x99, 0x99, 0x99, 0x99, 0x99, 0x98, 0x88, 0x77, 0x76, 0x66, 0x66, 0x65, 0x55, 0x55, 0x55, 
	0x55, 0x55, 0x54, 0x44, 0x44, 0x44, 0x44, 0x45, 0x67, 0x89, 0x97, 0x42, 0x22, 0x11, 0x11, 
	0x00, 0x00, 0x00, 0x00, 0x00, 0x00, 0x00, 0x00, 0x00, 0x00, 0x00, 0x00, 0x00, 0x00, 0x00, 
	0x00, 0x00, 0x00, 0x00, 0x00, 0x00, 0x00, 0x00, 0x00, 0x00, 0x00, 0x00, 0x00, 0x00, 0x00, 
	0x00, 0x00, 0x00, 0x00, 0x00, 0x00, 0x00, 0x00, 0x00, 0x00, 0x00, 0x00, 0x00, 0x00, 0x00, 
	0x00, 0x00, 0x00, 0x00, 0x00, 0x00, 0x00, 0x00, 0x00, 0x00, 0x00, 0x00, 0x00, 0x00, 0x00, 
	0x00, 0x00, 0x00, 0x00, 0x00, 0x00, 0x00, 0x00, 0x00, 0x00, 0x00, 0x00, 0x00, 0x00, 0x00, 
	0x00, 0x00, 0x00, 0x00, 0x00, 0x00, 0x00, 0x00, 0x00, 0x00, 0x00, 0x00, 0x00, 0x00, 0x00, 
	0xEC, 0xA9, 0x87, 0x66, 0x66, 0x67, 0x78, 0x77, 0x76, 0x56, 0x66, 0x77, 0x87, 0x77, 0x66, 
	0x67, 0x77, 0x76, 0x77, 0x77, 0x67, 0x88, 0x88, 0x76, 0x67, 0x78, 0x77, 0x65, 0x44, 0x45, 
	0x55, 0x55, 0x44, 0x33, 0x33, 0x34, 0x33, 0x33, 0x22, 0x22, 0x23, 0x33, 0x33, 0x32, 0x22, 
	0x22, 0x22, 0x33, 0x33, 0x33, 0x33, 0x22, 0x22, 0x22, 0x23, 0x33, 0x33, 0x33, 0x22, 0x22, 
	0x22, 0x22, 0x22, 0x33, 0x33, 0x22, 0x33, 0x33, 0x33, 0x33, 0x33, 0x34, 0x34, 0x44, 0x33, 
	0x21, 0x11, 0x11, 0x11, 0x11, 0x11, 0x11, 0x21, 0x11, 0x22, 0x21, 0x11, 0x11, 0x11, 0x11, 
	0x11, 0x11, 0x11, 0x11, 0x11, 0x11, 0x11, 0x11, 0x11, 0x11, 0x11, 0x11, 0x11, 0x11, 0x11, 
	0x11, 0x11, 0x11, 0x11, 0x11, 0x11, 0x11, 0x11, 0x11, 0x11, 0x11, 0x22, 0x22, 0x22, 0x22, 
	0x22, 0x22, 0x22, 0x11, 0x11, 0x12, 0x22, 0x22, 0x22, 0x22, 0x22, 0x22, 0x22, 0x22, 0x22, 
	0x22, 0x23, 0x34, 0x67, 0x67, 0x66, 0x66, 0x54, 0x44, 0x44, 0x55, 0x55, 0x66, 0x66, 0x67, 
	0x77, 0x78, 0x88, 0x88, 0x88, 0x99, 0x99, 0x99, 0x99, 0x99, 0x98, 0x76, 0x66, 0x66, 0x66, 
	0x66, 0x66, 0x65, 0x55, 0x66, 0x78, 0x88, 0x77, 0x78, 0x88, 0x88, 0x88, 0x88, 0x99, 0x99, 
	0x99, 0x99, 0x99, 0x99, 0x98, 0x88, 0x77, 0x77, 0x66, 0x66, 0x65, 0x55, 0x55, 0x55, 0x55, 
	0x55, 0x55, 0x54, 0x44, 0x44, 0x44, 0x44, 0x45, 0x67, 0x88, 0x74, 0x21, 0x11, 0x11, 0x11, 
	0x00, 0x00, 0x00, 0x00, 0x00, 0x00, 0x00, 0x00, 0x00, 0x00, 0x00, 0x00, 0x00, 0x00, 0x00, 
	0x00, 0x00, 0x00, 0x00, 0x00, 0x00, 0x00, 0x00, 0x00, 0x00, 0x00, 0x00, 0x00, 0x00, 0x00, 
	0x00, 0x00, 0x00, 0x00, 0x00, 0x00, 0x00, 0x00, 0x00, 0x00, 0x00, 0x00, 0x00, 0x00, 0x00, 
	0x00, 0x00, 0x00, 0x00, 0x00, 0x00, 0x00, 0x00, 0x00, 0x00, 0x00, 0x00, 0x00, 0x00, 0x00, 
	0x00, 0x00, 0x00, 0x00, 0x00, 0x00, 0x00, 0x00, 0x00, 0x00, 0x00, 0x00, 0x00, 0x00, 0x00, 
	0x00, 0x00, 0x00, 0x00, 0x00, 0x00, 0x00, 0x00, 0x00, 0x00, 0x00, 0x00, 0x00, 0x00, 0x00, 
	0xEC, 0xAA, 0x87, 0x66, 0x66, 0x77, 0x67, 0x66, 0x66, 0x66, 0x66, 0x77, 0x88, 0x77, 0x66, 
	0x66, 0x77, 0x76, 0x67, 0x76, 0x66, 0x88, 0x88, 0x76, 0x66, 0x78, 0x77, 0x65, 0x45, 0x55, 
	0x66, 0x65, 0x54, 0x33, 0x33, 0x33, 0x33, 0x33, 0x33, 0x22, 0x33, 0x33, 0x33, 0x32, 0x22, 
	0x22, 0x22, 0x33, 0x33, 0x33, 0x32, 0x22, 0x22, 0x22, 0x33, 0x33, 0x33, 0x33, 0x22, 0x22, 
	0x22, 0x22, 0x22, 0x33, 0x32, 0x23, 0x33, 0x33, 0x33, 0x33, 0x33, 0x33, 0x34, 0x43, 0x32, 
	0x21, 0x21, 0x11, 0x11, 0x11, 0x11, 0x11, 0x21, 0x11, 0x22, 0x22, 0x11, 0x22, 0x11, 0x11, 
	0x11, 0x11, 0x11, 0x11, 0x11, 0x11, 0x11, 0x11, 0x11, 0x11, 0x11, 0x11, 0x11, 0x11, 0x11, 
	0x11, 0x11, 0x11, 0x11, 0x11, 0x11, 0x11, 0x11, 0x11, 0x11, 0x22, 0x22, 0x22, 0x22, 0x22, 
	0x22, 0x22, 0x22, 0x22, 0x21, 0x22, 0x22, 0x22, 0x22, 0x22, 0x22, 0x22, 0x22, 0x22, 0x22, 
	0x23, 0x33, 0x34, 0x56, 0x67, 0x66, 0x66, 0x54, 0x44, 0x44, 0x45, 0x55, 0x66, 0x66, 0x67, 
	0x77, 0x78, 0x88, 0x88, 0x89, 0x99, 0x99, 0x99, 0x99, 0x99, 0x98, 0x76, 0x66, 0x66, 0x66, 
	0x66, 0x66, 0x65, 0x55, 0x66, 0x78, 0x77, 0x88, 0x88, 0x88, 0x88, 0x88, 0x89, 0x99, 0x99, 
	0x99, 0x99, 0x99, 0x99, 0x88, 0x77, 0x76, 0x66, 0x66, 0x65, 0x55, 0x55, 0x55, 0x55, 0x55, 
	0x55, 0x55, 0x44, 0x44, 0x44, 0x44, 0x44, 0x45, 0x57, 0x77, 0x52, 0x12, 0x11, 0x11, 0x11, 
	0x00, 0x00, 0x00, 0x00, 0x00, 0x00, 0x00, 0x00, 0x00, 0x00, 0x00, 0x00, 0x00, 0x00, 0x00, 
	0x00, 0x00, 0x00, 0x00, 0x00, 0x00, 0x00, 0x00, 0x00, 0x00, 0x00, 0x00, 0x00, 0x00, 0x00, 
	0x00, 0x00, 0x00, 0x00, 0x00, 0x00, 0x00, 0x00, 0x00, 0x00, 0x00, 0x00, 0x00, 0x00, 0x00, 
	0x00, 0x00, 0x00, 0x00, 0x00, 0x00, 0x00, 0x00, 0x00, 0x00, 0x00, 0x00, 0x00, 0x00, 0x00, 
	0x00, 0x00, 0x00, 0x00, 0x00, 0x00, 0x00, 0x00, 0x00, 0x00, 0x00, 0x00, 0x00, 0x00, 0x00, 
	0x00, 0x00, 0x00, 0x00, 0x00, 0x00, 0x00, 0x00, 0x00, 0x00, 0x00, 0x00, 0x00, 0x00, 0x00, 
	0xDC, 0xBA, 0x87, 0x66, 0x76, 0x66, 0x66, 0x66, 0x66, 0x66, 0x66, 0x67, 0x88, 0x77, 0x66, 
	0x66, 0x66, 0x66, 0x67, 0x76, 0x66, 0x78, 0x88, 0x77, 0x66, 0x78, 0x77, 0x65, 0x55, 0x56, 
	0x76, 0x66, 0x54, 0x33, 0x33, 0x33, 0x33, 0x32, 0x22, 0x22, 0x33, 0x44, 0x43, 0x32, 0x22, 
	0x22, 0x22, 0x32, 0x23, 0x33, 0x22, 0x22, 0x22, 0x22, 0x33, 0x33, 0x33, 0x33, 0x33, 0x32, 
	0x22, 0x22, 0x23, 0x33, 0x22, 0x33, 0x33, 0x33, 0x33, 0x22, 0x22, 0x22, 0x33, 0x32, 0x22, 
	0x11, 0x11, 0x11, 0x11, 0x11, 0x11, 0x11, 0x22, 0x12, 0x22, 0x22, 0x22, 0x22, 0x11, 0x11, 
	0x11, 0x11, 0x11, 0x11, 0x11, 0x11, 0x11, 0x11, 0x11, 0x11, 0x11, 0x11, 0x11, 0x11, 0x11, 
	0x11, 0x11, 0x11, 0x11, 0x11, 0x11, 0x11, 0x11, 0x11, 0x11, 0x22, 0x22, 0x22, 0x22, 0x22, 
	0x22, 0x22, 0x22, 0x22, 0x21, 0x22, 0x22, 0x22, 0x22, 0x22, 0x22, 0x22, 0x22, 0x22, 0x22, 
	0x32, 0x33, 0x34, 0x56, 0x77, 0x77, 0x66, 0x55, 0x44, 0x44, 0x45, 0x55, 0x56, 0x66, 0x67, 
	0x78, 0x88, 0x88, 0x88, 0x99, 0x99, 0x99, 0x99, 0x99, 0x99, 0x98, 0x76, 0x66, 0x66, 0x66, 
	0x66, 0x66, 0x66, 0x65, 0x67, 0x78, 0x88, 0x88, 0x88, 0x88, 0x88, 0x89, 0x99, 0x99, 0x99, 
	0x99, 0x99, 0x99, 0x88, 0x87, 0x77, 0x66, 0x66, 0x65, 0x55, 0x55, 0x55, 0x55, 0x55, 0x55, 
	0x55, 0x55, 0x44, 0x44, 0x44, 0x44, 0x44, 0x45, 0x56, 0x64, 0x22, 0x11, 0x11, 0x11, 0x11, 
	0x00, 0x00, 0x00, 0x00, 0x00, 0x00, 0x00, 0x00, 0x00, 0x00, 0x00, 0x00, 0x00, 0x00, 0x00, 
	0x00, 0x00, 0x00, 0x00, 0x00, 0x00, 0x00, 0x00, 0x00, 0x00, 0x00, 0x00, 0x00, 0x00, 0x00, 
	0x00, 0x00, 0x00, 0x00, 0x00, 0x00, 0x00, 0x00, 0x00, 0x00, 0x00, 0x00, 0x00, 0x00, 0x00, 
	0x00, 0x00, 0x00, 0x00, 0x00, 0x00, 0x00, 0x00, 0x00, 0x00, 0x00, 0x00, 0x00, 0x00, 0x00, 
	0x00, 0x00, 0x00, 0x00, 0x00, 0x00, 0x00, 0x00, 0x00, 0x00, 0x00, 0x00, 0x00, 0x00, 0x00, 
	0x00, 0x00, 0x00, 0x00, 0x00, 0x00, 0x00, 0x00, 0x00, 0x00, 0x00, 0x00, 0x00, 0x00, 0x00, 
	0xDC, 0xB9, 0x87, 0x67, 0x66, 0x66, 0x66, 0x66, 0x66, 0x66, 0x66, 0x77, 0x88, 0x76, 0x66, 
	0x66, 0x66, 0x66, 0x66, 0x76, 0x66, 0x78, 0x88, 0x76, 0x66, 0x77, 0x77, 0x65, 0x45, 0x67, 
	0x77, 0x76, 0x54, 0x33, 0x33, 0x33, 0x33, 0x32, 0x22, 0x22, 0x33, 0x34, 0x33, 0x33, 0x22, 
	0x22, 0x22, 0x22, 0x23, 0x32, 0x22, 0x22, 0x22, 0x33, 0x33, 0x33, 0x33, 0x33, 0x33, 0x22, 
	0x22, 0x22, 0x23, 0x33, 0x22, 0x33, 0x33, 0x33, 0x33, 0x22, 0x11, 0x12, 0x22, 0x21, 0x11, 
	0x11, 0x11, 0x11, 0x11, 0x11, 0x11, 0x22, 0x22, 0x22, 0x22, 0x22, 0x22, 0x22, 0x11, 0x11, 
	0x11, 0x11, 0x11, 0x11, 0x11, 0x11, 0x11, 0x11, 0x11, 0x11, 0x11, 0x11, 0x11, 0x11, 0x11, 
	0x11, 0x11, 0x11, 0x11, 0x11, 0x11, 0x11, 0x11, 0x11, 0x11, 0x12, 0x22, 0x22, 0x22, 0x21, 
	0x11, 0x22, 0x22, 0x22, 0x22, 0x22, 0x22, 0x22, 0x22, 0x22, 0x22, 0x22, 0x22, 0x22, 0x23, 
	0x33, 0x43, 0x34, 0x46, 0x77, 0x76, 0x66, 0x65, 0x44, 0x44, 0x45, 0x55, 0x56, 0x66, 0x67, 
	0x78, 0x88, 0x88, 0x88, 0x99, 0x99, 0x99, 0x99, 0x99, 0x99, 0x98, 0x76, 0x66, 0x66, 0x56, 
	0x55, 0x66, 0x66, 0x66, 0x67, 0x78, 0x88, 0x88, 0x88, 0x88, 0x88, 0x99, 0x99, 0x99, 0x99, 
	0x99, 0x99, 0x88, 0x88, 0x77, 0x76, 0x66, 0x66, 0x55, 0x55, 0x55, 0x55, 0x55, 0x55, 0x55, 
	0x55, 0x55, 0x54, 0x44, 0x44, 0x44, 0x44, 0x45, 0x55, 0x42, 0x11, 0x11, 0x11, 0x11, 0x11, 
	0x00, 0x00, 0x00, 0x00, 0x00, 0x00, 0x00, 0x00, 0x00, 0x00, 0x00, 0x00, 0x00, 0x00, 0x00, 
	0x00, 0x00, 0x00, 0x00, 0x00, 0x00, 0x00, 0x00, 0x00, 0x00, 0x00, 0x00, 0x00, 0x00, 0x00, 
	0x00, 0x00, 0x00, 0x00, 0x00, 0x00, 0x00, 0x00, 0x00, 0x00, 0x00, 0x00, 0x00, 0x00, 0x00, 
	0x00, 0x00, 0x00, 0x00, 0x00, 0x00, 0x00, 0x00, 0x00, 0x00, 0x00, 0x00, 0x00, 0x00, 0x00, 
	0x00, 0x00, 0x00, 0x00, 0x00, 0x00, 0x00, 0x00, 0x00, 0x00, 0x00, 0x00, 0x00, 0x00, 0x00, 
	0x00, 0x00, 0x00, 0x00, 0x00, 0x00, 0x00, 0x00, 0x00, 0x00, 0x00, 0x00, 0x00, 0x00, 0x00, 
	0xED, 0xB9, 0x87, 0x77, 0x66, 0x66, 0x66, 0x66, 0x66, 0x66, 0x56, 0x66, 0x78, 0x76, 0x66, 
	0x66, 0x66, 0x66, 0x66, 0x66, 0x66, 0x67, 0x88, 0x76, 0x66, 0x77, 0x87, 0x66, 0x55, 0x67, 
	0x88, 0x76, 0x54, 0x33, 0x33, 0x33, 0x33, 0x33, 0x22, 0x22, 0x33, 0x33, 0x33, 0x32, 0x22, 
	0x22, 0x22, 0x22, 0x22, 0x22, 0x22, 0x22, 0x33, 0x33, 0x33, 0x33, 0x33, 0x33, 0x33, 0x22, 
	0x22, 0x22, 0x33, 0x33, 0x23, 0x33, 0x33, 0x34, 0x42, 0x11, 0x11, 0x11, 0x11, 0x11, 0x11, 
	0x11, 0x11, 0x11, 0x11, 0x11, 0x12, 0x22, 0x21, 0x22, 0x22, 0x22, 0x22, 0x22, 0x11, 0x21, 
	0x11, 0x11, 0x11, 0x11, 0x11, 0x11, 0x11, 0x11, 0x11, 0x11, 0x11, 0x11, 0x11, 0x11, 0x11, 
	0x11, 0x11, 0x11, 0x11, 0x11, 0x11, 0x11, 0x11, 0x11, 0x11, 0x12, 0x22, 0x22, 0x22, 0x21, 
	0x12, 0x22, 0x22, 0x22, 0x22, 0x22, 0x22, 0x22, 0x21, 0x12, 0x22, 0x22, 0x22, 0x23, 0x33, 
	0x33, 0x44, 0x33, 0x45, 0x66, 0x66, 0x66, 0x65, 0x44, 0x44, 0x44, 0x55, 0x56, 0x66, 0x67, 
	0x78, 0x88, 0x88, 0x89, 0x99, 0x99, 0x99, 0x99, 0x99, 0x99, 0x87, 0x66, 0x65, 0x55, 0x55, 
	0x55, 0x66, 0x66, 0x66, 0x67, 0x77, 0x88, 0x88, 0x88, 0x88, 0x99, 0x99, 0x99, 0x99, 0x99, 
	0x99, 0x88, 0x88, 0x77, 0x77, 0x66, 0x66, 0x55, 0x55, 0x55, 0x55, 0x55, 0x55, 0x55, 0x55, 
	0x55, 0x55, 0x55, 0x44, 0x44, 0x44, 0x44, 0x44, 0x43, 0x21, 0x11, 0x11, 0x11, 0x11, 0x11, 
	0x00, 0x00, 0x00, 0x00, 0x00, 0x00, 0x00, 0x00, 0x00, 0x00, 0x00, 0x00, 0x00, 0x00, 0x00, 
	0x00, 0x00, 0x00, 0x00, 0x00, 0x00, 0x00, 0x00, 0x00, 0x00, 0x00, 0x00, 0x00, 0x00, 0x00, 
	0x00, 0x00, 0x00, 0x00, 0x00, 0x00, 0x00, 0x00, 0x00, 0x00, 0x00, 0x00, 0x00, 0x00, 0x00, 
	0x00, 0x00, 0x00, 0x00, 0x00, 0x00, 0x00, 0x00, 0x00, 0x00, 0x00, 0x00, 0x00, 0x00, 0x00, 
	0x00, 0x00, 0x00, 0x00, 0x00, 0x00, 0x00, 0x00, 0x00, 0x00, 0x00, 0x00, 0x00, 0x00, 0x00, 
	0x00, 0x00, 0x00, 0x00, 0x00, 0x00, 0x00, 0x00, 0x00, 0x00, 0x00, 0x00, 0x00, 0x00, 0x00, 
	0xED, 0xBA, 0x98, 0x87, 0x66, 0x65, 0x56, 0x66, 0x66, 0x65, 0x55, 0x56, 0x67, 0x66, 0x66, 
	0x66, 0x67, 0x66, 0x66, 0x66, 0x66, 0x67, 0x88, 0x76, 0x66, 0x77, 0x87, 0x66, 0x65, 0x67, 
	0x88, 0x76, 0x54, 0x33, 0x33, 0x33, 0x33, 0x32, 0x22, 0x22, 0x33, 0x33, 0x33, 0x32, 0x22, 
	0x22, 0x22, 0x22, 0x22, 0x22, 0x22, 0x23, 0x33, 0x33, 0x33, 0x33, 0x33, 0x33, 0x33, 0x32, 
	0x22, 0x23, 0x33, 0x33, 0x33, 0x33, 0x34, 0x44, 0x32, 0x11, 0x11, 0x11, 0x11, 0x11, 0x11, 
	0x11, 0x11, 0x11, 0x11, 0x11, 0x11, 0x22, 0x11, 0x22, 0x22, 0x11, 0x12, 0x21, 0x11, 0x22, 
	0x11, 0x11, 0x11, 0x11, 0x11, 0x11, 0x11, 0x11, 0x11, 0x11, 0x11, 0x11, 0x11, 0x11, 0x11, 
	0x11, 0x11, 0x11, 0x11, 0x11, 0x11, 0x11, 0x11, 0x11, 0x11, 0x22, 0x22, 0x22, 0x22, 0x21, 
	0x12, 0x22, 0x22, 0x22, 0x22, 0x22, 0x22, 0x22, 0x22, 0x22, 0x22, 0x22, 0x22, 0x23, 0x33, 
	0x34, 0x44, 0x43, 0x34, 0x56, 0x66, 0x66, 0x65, 0x44, 0x44, 0x45, 0x55, 0x66, 0x66, 0x67, 
	0x77, 0x88, 0x88, 0x89, 0x99, 0x99, 0x99, 0x99, 0x99, 0x98, 0x87, 0x66, 0x66, 0x55, 0x56, 
	0x56, 0x66, 0x66, 0x66, 0x77, 0x78, 0x88, 0x88, 0x88, 0x88, 0x99, 0x99, 0x99, 0x99, 0x99, 
	0x88, 0x88, 0x88, 0x77, 0x76, 0x66, 0x65, 0x55, 0x55, 0x55, 0x55, 0x55, 0x55, 0x55, 0x55, 
	0x55, 0x55, 0x55, 0x54, 0x44, 0x44, 0x44, 0x43, 0x32, 0x21, 0x11, 0x11, 0x11, 0x11, 0x10, 
	0x00, 0x00, 0x00, 0x00, 0x00, 0x00, 0x00, 0x00, 0x00, 0x00, 0x00, 0x00, 0x00, 0x00, 0x00, 
	0x00, 0x00, 0x00, 0x00, 0x00, 0x00, 0x00, 0x00, 0x00, 0x00, 0x00, 0x00, 0x00, 0x00, 0x00, 
	0x00, 0x00, 0x00, 0x00, 0x00, 0x00, 0x00, 0x00, 0x00, 0x00, 0x00, 0x00, 0x00, 0x00, 0x00, 
	0x00, 0x00, 0x00, 0x00, 0x00, 0x00, 0x00, 0x00, 0x00, 0x00, 0x00, 0x00, 0x00, 0x00, 0x00, 
	0x00, 0x00, 0x00, 0x00, 0x00, 0x00, 0x00, 0x00, 0x00, 0x00, 0x00, 0x00, 0x00, 0x00, 0x00, 
	0x00, 0x00, 0x00, 0x00, 0x00, 0x00, 0x00, 0x00, 0x00, 0x00, 0x00, 0x00, 0x00, 0x00, 0x00, 
	0xED, 0xBA, 0xA9, 0x76, 0x55, 0x55, 0x56, 0x66, 0x65, 0x55, 0x45, 0x56, 0x66, 0x66, 0x66, 
	0x66, 0x66, 0x66, 0x66, 0x66, 0x66, 0x67, 0x88, 0x77, 0x66, 0x68, 0x87, 0x67, 0x66, 0x67, 
	0x88, 0x87, 0x65, 0x43, 0x33, 0x33, 0x33, 0x33, 0x22, 0x23, 0x33, 0x33, 0x33, 0x33, 0x22, 
	0x22, 0x22, 0x22, 0x22, 0x22, 0x22, 0x23, 0x33, 0x33, 0x33, 0x33, 0x33, 0x33, 0x33, 0x32, 
	0x22, 0x23, 0x33, 0x33, 0x33, 0x33, 0x34, 0x43, 0x21, 0x11, 0x11, 0x11, 0x11, 0x11, 0x11, 
	0x11, 0x11, 0x11, 0x11, 0x11, 0x11, 0x11, 0x11, 0x11, 0x22, 0x11, 0x11, 0x11, 0x11, 0x22, 
	0x11, 0x22, 0x11, 0x11, 0x11, 0x11, 0x11, 0x11, 0x11, 0x11, 0x11, 0x11, 0x11, 0x11, 0x11, 
	0x11, 0x11, 0x11, 0x11, 0x11, 0x11, 0x11, 0x11, 0x11, 0x11, 0x11, 0x22, 0x22, 0x22, 0x21, 
	0x12, 0x22, 0x22, 0x22, 0x22, 0x22, 0x22, 0x22, 0x22, 0x22, 0x22, 0x22, 0x23, 0x33, 0x33, 
	0x44, 0x44, 0x43, 0x34, 0x45, 0x66, 0x66, 0x65, 0x55, 0x45, 0x55, 0x55, 0x66, 0x66, 0x67, 
	0x77, 0x88, 0x88, 0x88, 0x89, 0x99, 0x99, 0x99, 0x99, 0x98, 0x87, 0x66, 0x66, 0x66, 0x66, 
	0x66, 0x66, 0x66, 0x77, 0x77, 0x88, 0x88, 0x88, 0x88, 0x89, 0x99, 0x99, 0x99, 0x99, 0x88, 
	0x88, 0x88, 0x77, 0x77, 0x66, 0x66, 0x55, 0x55, 0x55, 0x55, 0x55, 0x55, 0x55, 0x55, 0x55, 
	0x54, 0x45, 0x55, 0x54, 0x44, 0x44, 0x44, 0x32, 0x21, 0x11, 0x11, 0x11, 0x11, 0x11, 0x00, 
	0x00, 0x00, 0x00, 0x00, 0x00, 0x00, 0x00, 0x00, 0x00, 0x00, 0x00, 0x00, 0x00, 0x00, 0x00, 
	0x00, 0x00, 0x00, 0x00, 0x00, 0x00, 0x00, 0x00, 0x00, 0x00, 0x00, 0x00, 0x00, 0x00, 0x00, 
	0x00, 0x00, 0x00, 0x00, 0x00, 0x00, 0x00, 0x00, 0x00, 0x00, 0x00, 0x00, 0x00, 0x00, 0x00, 
	0x00, 0x00, 0x00, 0x00, 0x00, 0x00, 0x00, 0x00, 0x00, 0x00, 0x00, 0x00, 0x00, 0x00, 0x00, 
	0x00, 0x00, 0x00, 0x00, 0x00, 0x00, 0x00, 0x00, 0x00, 0x00, 0x00, 0x00, 0x00, 0x00, 0x00, 
	0x00, 0x00, 0x00, 0x00, 0x00, 0x00, 0x00, 0x00, 0x00, 0x00, 0x00, 0x00, 0x00, 0x00, 0x00, 
	0xED, 0xCB, 0xA9, 0x76, 0x55, 0x55, 0x55, 0x55, 0x65, 0x44, 0x44, 0x56, 0x66, 0x66, 0x66, 
	0x66, 0x66, 0x66, 0x66, 0x66, 0x66, 0x67, 0x88, 0x77, 0x66, 0x67, 0x77, 0x77, 0x65, 0x67, 
	0x78, 0x87, 0x65, 0x43, 0x33, 0x33, 0x33, 0x33, 0x22, 0x23, 0x33, 0x33, 0x33, 0x32, 0x22, 
	0x22, 0x33, 0x22, 0x22, 0x22, 0x22, 0x33, 0x33, 0x33, 0x33, 0x33, 0x33, 0x33, 0x33, 0x22, 
	0x22, 0x22, 0x33, 0x22, 0x22, 0x22, 0x33, 0x32, 0x21, 0x11, 0x11, 0x11, 0x11, 0x11, 0x11, 
	0x11, 0x11, 0x11, 0x22, 0x11, 0x11, 0x11, 0x11, 0x11, 0x22, 0x11, 0x11, 0x11, 0x11, 0x22, 
	0x22, 0x22, 0x21, 0x11, 0x11, 0x11, 0x11, 0x11, 0x11, 0x11, 0x11, 0x11, 0x11, 0x11, 0x00, 
	0x11, 0x11, 0x11, 0x11, 0x11, 0x11, 0x11, 0x11, 0x11, 0x11, 0x11, 0x11, 0x22, 0x22, 0x22, 
	0x22, 0x22, 0x22, 0x22, 0x22, 0x22, 0x22, 0x22, 0x22, 0x22, 0x22, 0x22, 0x23, 0x33, 0x33, 
	0x45, 0x55, 0x44, 0x33, 0x45, 0x56, 0x66, 0x65, 0x55, 0x55, 0x55, 0x55, 0x66, 0x66, 0x67, 
	0x77, 0x88, 0x88, 0x88, 0x88, 0x99, 0x99, 0x99, 0x99, 0x98, 0x87, 0x66, 0x66, 0x66, 0x56, 
	0x66, 0x66, 0x77, 0x77, 0x78, 0x88, 0x88, 0x88, 0x88, 0x88, 0x99, 0x99, 0x99, 0x88, 0x88, 
	0x88, 0x88, 0x77, 0x76, 0x66, 0x65, 0x55, 0x55, 0x55, 0x55, 0x55, 0x55, 0x55, 0x55, 0x54, 
	0x44, 0x45, 0x55, 0x54, 0x44, 0x44, 0x33, 0x22, 0x11, 0x11, 0x11, 0x11, 0x11, 0x10, 0x00, 
	0x00, 0x00, 0x00, 0x00, 0x00, 0x00, 0x00, 0x00, 0x00, 0x00, 0x00, 0x00, 0x00, 0x00, 0x00, 
	0x00, 0x00, 0x00, 0x00, 0x00, 0x00, 0x00, 0x00, 0x00, 0x00, 0x00, 0x00, 0x00, 0x00, 0x00, 
	0x00, 0x00, 0x00, 0x00, 0x00, 0x00, 0x00, 0x00, 0x00, 0x00, 0x00, 0x00, 0x00, 0x00, 0x00, 
	0x00, 0x00, 0x00, 0x00, 0x00, 0x00, 0x00, 0x00, 0x00, 0x00, 0x00, 0x00, 0x00, 0x00, 0x00, 
	0x00, 0x00, 0x00, 0x00, 0x00, 0x00, 0x00, 0x00, 0x00, 0x00, 0x00, 0x00, 0x00, 0x00, 0x00, 
	0x00, 0x00, 0x00, 0x00, 0x00, 0x00, 0x00, 0x00, 0x00, 0x00, 0x00, 0x00, 0x00, 0x00, 0x00, 
	0xED, 0xCB, 0xA9, 0x86, 0x55, 0x55, 0x55, 0x55, 0x54, 0x44, 0x44, 0x56, 0x66, 0x66, 0x66, 
	0x76, 0x66, 0x66, 0x66, 0x66, 0x66, 0x67, 0x77, 0x77, 0x66, 0x67, 0x78, 0x87, 0x65, 0x67, 
	0x77, 0x87, 0x65, 0x43, 0x33, 0x33, 0x43, 0x33, 0x23, 0x23, 0x33, 0x34, 0x43, 0x32, 0x22, 
	0x33, 0x33, 0x32, 0x22, 0x22, 0x22, 0x33, 0x33, 0x33, 0x33, 0x33, 0x33, 0x33, 0x33, 0x22, 
	0x22, 0x22, 0x23, 0x22, 0x22, 0x22, 0x22, 0x22, 0x11, 0x11, 0x11, 0x11, 0x11, 0x11, 0x11, 
	0x11, 0x11, 0x12, 0x22, 0x11, 0x11, 0x11, 0x11, 0x11, 0x21, 0x11, 0x11, 0x11, 0x11, 0x22, 
	0x22, 0x22, 0x22, 0x21, 0x11, 0x11, 0x11, 0x11, 0x11, 0x11, 0x11, 0x11, 0x11, 0x11, 0x00, 
	0x11, 0x11, 0x11, 0x11, 0x11, 0x11, 0x11, 0x11, 0x11, 0x11, 0x11, 0x11, 0x12, 0x22, 0x22, 
	0x22, 0x22, 0x22, 0x22, 0x22, 0x22, 0x22, 0x22, 0x22, 0x22, 0x22, 0x22, 0x23, 0x33, 0x34, 
	0x45, 0x55, 0x54, 0x33, 0x34, 0x55, 0x56, 0x65, 0x55, 0x55, 0x55, 0x55, 0x56, 0x66, 0x67, 
	0x77, 0x78, 0x88, 0x88, 0x88, 0x99, 0x99, 0x99, 0x99, 0x98, 0x77, 0x66, 0x66, 0x66, 0x66, 
	0x66, 0x67, 0x77, 0x77, 0x88, 0x88, 0x88, 0x88, 0x88, 0x88, 0x88, 0x88, 0x88, 0x88, 0x88, 
	0x88, 0x88, 0x77, 0x76, 0x66, 0x55, 0x55, 0x55, 0x55, 0x55, 0x55, 0x55, 0x55, 0x55, 0x44, 
	0x44, 0x44, 0x45, 0x55, 0x44, 0x43, 0x32, 0x11, 0x21, 0x11, 0x11, 0x11, 0x11, 0x00, 0x00, 
	0x00, 0x00, 0x00, 0x00, 0x00, 0x00, 0x00, 0x00, 0x00, 0x00, 0x00, 0x00, 0x00, 0x00, 0x00, 
	0x00, 0x00, 0x00, 0x00, 0x00, 0x00, 0x00, 0x00, 0x00, 0x00, 0x00, 0x00, 0x00, 0x00, 0x00, 
	0x00, 0x00, 0x00, 0x00, 0x00, 0x00, 0x00, 0x00, 0x00, 0x00, 0x00, 0x00, 0x00, 0x00, 0x00, 
	0x00, 0x00, 0x00, 0x00, 0x00, 0x00, 0x00, 0x00, 0x00, 0x00, 0x00, 0x00, 0x00, 0x00, 0x00, 
	0x00, 0x00, 0x00, 0x00, 0x00, 0x00, 0x00, 0x00, 0x00, 0x00, 0x00, 0x00, 0x00, 0x00, 0x00, 
	0x00, 0x00, 0x00, 0x00, 0x00, 0x00, 0x00, 0x00, 0x00, 0x00, 0x00, 0x00, 0x00, 0x00, 0x00, 
	0xED, 0xDC, 0xBA, 0x87, 0x66, 0x66, 0x65, 0x55, 0x54, 0x33, 0x44, 0x55, 0x56, 0x66, 0x66, 
	0x76, 0x66, 0x66, 0x66, 0x67, 0x77, 0x67, 0x77, 0x76, 0x66, 0x66, 0x78, 0x87, 0x65, 0x56, 
	0x78, 0x87, 0x65, 0x44, 0x33, 0x34, 0x44, 0x33, 0x33, 0x33, 0x33, 0x34, 0x33, 0x33, 0x33, 
	0x33, 0x33, 0x32, 0x22, 0x22, 0x23, 0x33, 0x33, 0x33, 0x33, 0x33, 0x33, 0x33, 0x33, 0x33, 
	0x22, 0x22, 0x22, 0x22, 0x22, 0x21, 0x21, 0x11, 0x21, 0x11, 0x11, 0x11, 0x11, 0x11, 0x11, 
	0x11, 0x11, 0x22, 0x22, 0x11, 0x12, 0x21, 0x11, 0x12, 0x21, 0x11, 0x11, 0x11, 0x11, 0x22, 
	0x22, 0x22, 0x22, 0x22, 0x22, 0x11, 0x11, 0x11, 0x11, 0x11, 0x11, 0x10, 0x11, 0x11, 0x11, 
	0x11, 0x11, 0x11, 0x11, 0x11, 0x11, 0x11, 0x11, 0x11, 0x11, 0x11, 0x11, 0x11, 0x22, 0x22, 
	0x22, 0x22, 0x22, 0x22, 0x22, 0x22, 0x22, 0x22, 0x22, 0x22, 0x22, 0x22, 0x23, 0x44, 0x44, 
	0x55, 0x55, 0x54, 0x43, 0x33, 0x45, 0x56, 0x65, 0x55, 0x55, 0x55, 0x55, 0x56, 0x66, 0x66, 
	0x77, 0x78, 0x88, 0x88, 0x88, 0x99, 0x99, 0x99, 0x99, 0x98, 0x76, 0x66, 0x66, 0x66, 0x66, 
	0x66, 0x77, 0x77, 0x78, 0x88, 0x88, 0x88, 0x88, 0x88, 0x88, 0x88, 0x88, 0x88, 0x88, 0x88, 
	0x88, 0x87, 0x77, 0x76, 0x65, 0x55, 0x55, 0x55, 0x55, 0x55, 0x55, 0x55, 0x54, 0x44, 0x44, 
	0x44, 0x44, 0x44, 0x55, 0x54, 0x33, 0x21, 0x11, 0x11, 0x11, 0x11, 0x11, 0x11, 0x00, 0x00, 
	0x00, 0x00, 0x00, 0x00, 0x00, 0x00, 0x00, 0x00, 0x00, 0x00, 0x00, 0x00, 0x00, 0x00, 0x00, 
	0x00, 0x00, 0x00, 0x00, 0x00, 0x00, 0x00, 0x00, 0x00, 0x00, 0x00, 0x00, 0x00, 0x00, 0x00, 
	0x00, 0x00, 0x00, 0x00, 0x00, 0x00, 0x00, 0x00, 0x00, 0x00, 0x00, 0x00, 0x00, 0x00, 0x00, 
	0x00, 0x00, 0x00, 0x00, 0x00, 0x00, 0x00, 0x00, 0x00, 0x00, 0x00, 0x00, 0x00, 0x00, 0x00, 
	0x00, 0x00, 0x00, 0x00, 0x00, 0x00, 0x00, 0x00, 0x00, 0x00, 0x00, 0x00, 0x00, 0x00, 0x00, 
	0x00, 0x00, 0x00, 0x00, 0x00, 0x00, 0x00, 0x00, 0x00, 0x00, 0x00, 0x00, 0x00, 0x00, 0x00, 
	0xEE, 0xCC, 0xCA, 0x88, 0x76, 0x66, 0x55, 0x44, 0x44, 0x43, 0x34, 0x45, 0x56, 0x66, 0x66, 
	0x67, 0x66, 0x66, 0x66, 0x66, 0x77, 0x76, 0x77, 0x77, 0x66, 0x67, 0x88, 0x87, 0x65, 0x56, 
	0x88, 0x88, 0x75, 0x54, 0x33, 0x44, 0x44, 0x43, 0x33, 0x33, 0x33, 0x44, 0x33, 0x33, 0x33, 
	0x33, 0x33, 0x33, 0x22, 0x22, 0x33, 0x33, 0x33, 0x33, 0x33, 0x33, 0x33, 0x33, 0x33, 0x32, 
	0x22, 0x22, 0x22, 0x22, 0x22, 0x22, 0x21, 0x11, 0x11, 0x11, 0x11, 0x11, 0x11, 0x11, 0x11, 
	0x11, 0x11, 0x12, 0x21, 0x11, 0x11, 0x11, 0x11, 0x12, 0x21, 0x11, 0x11, 0x11, 0x11, 0x12, 
	0x21, 0x12, 0x11, 0x22, 0x22, 0x22, 0x22, 0x11, 0x11, 0x11, 0x11, 0x11, 0x11, 0x11, 0x00, 
	0x11, 0x11, 0x11, 0x11, 0x11, 0x11, 0x11, 0x11, 0x11, 0x11, 0x11, 0x11, 0x11, 0x11, 0x22, 
	0x21, 0x12, 0x22, 0x22, 0x22, 0x22, 0x22, 0x22, 0x22, 0x22, 0x22, 0x22, 0x23, 0x44, 0x45, 
	0x55, 0x55, 0x55, 0x43, 0x33, 0x44, 0x55, 0x55, 0x55, 0x55, 0x55, 0x55, 0x55, 0x66, 0x66, 
	0x77, 0x77, 0x88, 0x98, 0x89, 0x99, 0x99, 0x99, 0x99, 0x88, 0x77, 0x76, 0x66, 0x66, 0x77, 
	0x77, 0x77, 0x88, 0x88, 0x88, 0x88, 0x88, 0x88, 0x88, 0x88, 0x88, 0x88, 0x88, 0x88, 0x88, 
	0x88, 0x88, 0x77, 0x76, 0x65, 0x55, 0x55, 0x55, 0x44, 0x45, 0x55, 0x55, 0x54, 0x44, 0x44, 
	0x44, 0x43, 0x34, 0x44, 0x43, 0x32, 0x11, 0x11, 0x11, 0x11, 0x11, 0x11, 0x00, 0x00, 0x00, 
	0x00, 0x00, 0x00, 0x00, 0x00, 0x00, 0x00, 0x00, 0x00, 0x00, 0x00, 0x00, 0x00, 0x00, 0x00, 
	0x00, 0x00, 0x00, 0x00, 0x00, 0x00, 0x00, 0x00, 0x00, 0x00, 0x00, 0x00, 0x00, 0x00, 0x00, 
	0x00, 0x00, 0x00, 0x00, 0x00, 0x00, 0x00, 0x00, 0x00, 0x00, 0x00, 0x00, 0x00, 0x00, 0x00, 
	0x00, 0x00, 0x00, 0x00, 0x00, 0x00, 0x00, 0x00, 0x00, 0x00, 0x00, 0x00, 0x00, 0x00, 0x00, 
	0x00, 0x00, 0x00, 0x00, 0x00, 0x00, 0x00, 0x00, 0x00, 0x00, 0x00, 0x00, 0x00, 0x00, 0x00, 
	0x00, 0x00, 0x00, 0x00, 0x00, 0x00, 0x00, 0x00, 0x00, 0x00, 0x00, 0x00, 0x00, 0x00, 0x00, 
	0xEE, 0xDD, 0xCA, 0x98, 0x87, 0x66, 0x54, 0x44, 0x43, 0x33, 0x34, 0x45, 0x56, 0x66, 0x66, 
	0x67, 0x76, 0x66, 0x66, 0x67, 0x77, 0x77, 0x77, 0x76, 0x65, 0x67, 0x88, 0x87, 0x65, 0x56, 
	0x88, 0x88, 0x75, 0x44, 0x34, 0x55, 0x55, 0x44, 0x33, 0x33, 0x34, 0x44, 0x33, 0x33, 0x33, 
	0x33, 0x33, 0x33, 0x22, 0x22, 0x33, 0x33, 0x33, 0x33, 0x33, 0x33, 0x33, 0x33, 0x33, 0x32, 
	0x22, 0x22, 0x22, 0x22, 0x22, 0x22, 0x22, 0x12, 0x21, 0x11, 0x11, 0x11, 0x11, 0x11, 0x11, 
	0x11, 0x11, 0x11, 0x11, 0x11, 0x11, 0x11, 0x11, 0x11, 0x11, 0x11, 0x11, 0x11, 0x11, 0x11, 
	0x11, 0x22, 0x11, 0x12, 0x22, 0x22, 0x22, 0x11, 0x11, 0x11, 0x11, 0x11, 0x11, 0x11, 0x11, 
	0x11, 0x11, 0x11, 0x11, 0x11, 0x11, 0x11, 0x11, 0x11, 0x11, 0x11, 0x11, 0x11, 0x11, 0x12, 
	0x11, 0x12, 0x22, 0x22, 0x22, 0x22, 0x22, 0x22, 0x22, 0x22, 0x22, 0x22, 0x33, 0x44, 0x44, 
	0x54, 0x55, 0x45, 0x43, 0x33, 0x34, 0x55, 0x55, 0x55, 0x55, 0x55, 0x56, 0x66, 0x66, 0x66, 
	0x77, 0x77, 0x88, 0x88, 0x88, 0x99, 0x99, 0x99, 0x99, 0x88, 0x77, 0x77, 0x66, 0x77, 0x77, 
	0x77, 0x78, 0x88, 0x88, 0x88, 0x88, 0x88, 0x88, 0x88, 0x88, 0x88, 0x88, 0x88, 0x88, 0x88, 
	0x88, 0x88, 0x87, 0x76, 0x65, 0x55, 0x55, 0x55, 0x44, 0x44, 0x55, 0x44, 0x44, 0x44, 0x44, 
	0x44, 0x33, 0x34, 0x44, 0x33, 0x22, 0x11, 0x11, 0x11, 0x11, 0x11, 0x10, 0x00, 0x00, 0x00, 
	0x00, 0x00, 0x00, 0x00, 0x00, 0x00, 0x00, 0x00, 0x00, 0x00, 0x00, 0x00, 0x00, 0x00, 0x00, 
	0x00, 0x00, 0x00, 0x00, 0x00, 0x00, 0x00, 0x00, 0x00, 0x00, 0x00, 0x00, 0x00, 0x00, 0x00, 
	0x00, 0x00, 0x00, 0x00, 0x00, 0x00, 0x00, 0x00, 0x00, 0x00, 0x00, 0x00, 0x00, 0x00, 0x00, 
	0x00, 0x00, 0x00, 0x00, 0x00, 0x00, 0x00, 0x00, 0x00, 0x00, 0x00, 0x00, 0x00, 0x00, 0x00, 
	0x00, 0x00, 0x00, 0x00, 0x00, 0x00, 0x00, 0x00, 0x00, 0x00, 0x00, 0x00, 0x00, 0x00, 0x00, 
	0x00, 0x00, 0x00, 0x00, 0x00, 0x00, 0x00, 0x00, 0x00, 0x00, 0x00, 0x00, 0x00, 0x00, 0x00, 
	0xEE, 0xDD, 0xCB, 0x99, 0x88, 0x66, 0x54, 0x45, 0x54, 0x43, 0x34, 0x45, 0x55, 0x56, 0x66, 
	0x66, 0x66, 0x66, 0x66, 0x67, 0x77, 0x77, 0x77, 0x77, 0x66, 0x67, 0x89, 0x87, 0x65, 0x56, 
	0x88, 0x98, 0x75, 0x44, 0x45, 0x66, 0x65, 0x54, 0x33, 0x33, 0x44, 0x44, 0x33, 0x33, 0x33, 
	0x33, 0x33, 0x33, 0x32, 0x22, 0x33, 0x33, 0x33, 0x33, 0x33, 0x33, 0x22, 0x32, 0x22, 0x22, 
	0x22, 0x33, 0x22, 0x22, 0x22, 0x22, 0x22, 0x22, 0x22, 0x11, 0x11, 0x11, 0x11, 0x11, 0x11, 
	0x11, 0x11, 0x11, 0x11, 0x11, 0x11, 0x11, 0x11, 0x11, 0x11, 0x11, 0x11, 0x11, 0x11, 0x11, 
	0x11, 0x22, 0x11, 0x12, 0x22, 0x22, 0x22, 0x11, 0x11, 0x11, 0x11, 0x11, 0x11, 0x11, 0x11, 
	0x11, 0x11, 0x11, 0x11, 0x11, 0x11, 0x11, 0x11, 0x11, 0x11, 0x11, 0x11, 0x11, 0x11, 0x11, 
	0x11, 0x12, 0x22, 0x22, 0x22, 0x22, 0x22, 0x22, 0x22, 0x22, 0x22, 0x22, 0x33, 0x44, 0x44, 
	0x44, 0x44, 0x44, 0x44, 0x33, 0x33, 0x55, 0x55, 0x55, 0x55, 0x55, 0x56, 0x66, 0x66, 0x66, 
	0x77, 0x77, 0x88, 0x89, 0x98, 0x99, 0x99, 0x99, 0x99, 0x88, 0x77, 0x77, 0x77, 0x77, 0x77, 
	0x77, 0x78, 0x88, 0x88, 0x88, 0x88, 0x88, 0x88, 0x88, 0x88, 0x88, 0x88, 0x88, 0x88, 0x88, 
	0x88, 0x88, 0x77, 0x66, 0x65, 0x55, 0x55, 0x55, 0x54, 0x44, 0x44, 0x44, 0x44, 0x44, 0x44, 
	0x33, 0x33, 0x33, 0x33, 0x22, 0x21, 0x11, 0x11, 0x11, 0x11, 0x11, 0x00, 0x00, 0x00, 0x00, 
	0x00, 0x00, 0x00, 0x00, 0x00, 0x00, 0x00, 0x00, 0x00, 0x00, 0x00, 0x00, 0x00, 0x00, 0x00, 
	0x00, 0x00, 0x00, 0x00, 0x00, 0x00, 0x00, 0x00, 0x00, 0x00, 0x00, 0x00, 0x00, 0x00, 0x00, 
	0x00, 0x00, 0x00, 0x00, 0x00, 0x00, 0x00, 0x00, 0x00, 0x00, 0x00, 0x00, 0x00, 0x00, 0x00, 
	0x00, 0x00, 0x00, 0x00, 0x00, 0x00, 0x00, 0x00, 0x00, 0x00, 0x00, 0x00, 0x00, 0x00, 0x00, 
	0x00, 0x00, 0x00, 0x00, 0x00, 0x00, 0x00, 0x00, 0x00, 0x00, 0x00, 0x00, 0x00, 0x00, 0x00, 
	0x00, 0x00, 0x00, 0x00, 0x00, 0x00, 0x00, 0x00, 0x00, 0x00, 0x00, 0x00, 0x00, 0x00, 0x00, 
	0xEE, 0xED, 0xCB, 0xA9, 0x98, 0x76, 0x55, 0x55, 0x54, 0x43, 0x34, 0x45, 0x55, 0x56, 0x66, 
	0x66, 0x66, 0x67, 0x77, 0x77, 0x78, 0x77, 0x77, 0x77, 0x76, 0x67, 0x88, 0x87, 0x65, 0x66, 
	0x88, 0x88, 0x75, 0x55, 0x56, 0x67, 0x66, 0x54, 0x44, 0x33, 0x44, 0x43, 0x33, 0x33, 0x33, 
	0x33, 0x33, 0x33, 0x22, 0x23, 0x33, 0x33, 0x33, 0x33, 0x33, 0x32, 0x22, 0x22, 0x22, 0x22, 
	0x23, 0x33, 0x22, 0x22, 0x22, 0x22, 0x22, 0x22, 0x22, 0x21, 0x11, 0x11, 0x11, 0x11, 0x11, 
	0x11, 0x11, 0x11, 0x11, 0x11, 0x11, 0x11, 0x11, 0x11, 0x11, 0x11, 0x11, 0x11, 0x11, 0x11, 
	0x11, 0x21, 0x11, 0x12, 0x22, 0x22, 0x11, 0x11, 0x11, 0x11, 0x11, 0x11, 0x11, 0x11, 0x11, 
	0x11, 0x11, 0x11, 0x11, 0x11, 0x11, 0x11, 0x11, 0x11, 0x11, 0x11, 0x11, 0x11, 0x11, 0x11, 
	0x11, 0x11, 0x22, 0x22, 0x22, 0x22, 0x22, 0x22, 0x22, 0x22, 0x22, 0x22, 0x34, 0x44, 0x44, 
	0x44, 0x44, 0x44, 0x44, 0x33, 0x33, 0x45, 0x55, 0x55, 0x55, 0x55, 0x66, 0x66, 0x66, 0x66, 
	0x77, 0x78, 0x88, 0x89, 0x99, 0x99, 0x99, 0x99, 0x98, 0x88, 0x87, 0x77, 0x77, 0x77, 0x77, 
	0x77, 0x78, 0x88, 0x88, 0x88, 0x77, 0x88, 0x78, 0x88, 0x88, 0x88, 0x88, 0x88, 0x88, 0x88, 
	0x88, 0x88, 0x77, 0x76, 0x65, 0x55, 0x55, 0x45, 0x44, 0x44, 0x44, 0x44, 0x44, 0x44, 0x43, 
	0x33, 0x33, 0x33, 0x32, 0x22, 0x11, 0x11, 0x11, 0x11, 0x11, 0x10, 0x00, 0x00, 0x00, 0x00, 
	0x00, 0x00, 0x00, 0x00, 0x00, 0x00, 0x00, 0x00, 0x00, 0x00, 0x00, 0x00, 0x00, 0x00, 0x00, 
	0x00, 0x00, 0x00, 0x00, 0x00, 0x00, 0x00, 0x00, 0x00, 0x00, 0x00, 0x00, 0x00, 0x00, 0x00, 
	0x00, 0x00, 0x00, 0x00, 0x00, 0x00, 0x00, 0x00, 0x00, 0x00, 0x00, 0x00, 0x00, 0x00, 0x00, 
	0x00, 0x00, 0x00, 0x00, 0x00, 0x00, 0x00, 0x00, 0x00, 0x00, 0x00, 0x00, 0x00, 0x00, 0x00, 
	0x00, 0x00, 0x00, 0x00, 0x00, 0x00, 0x00, 0x00, 0x00, 0x00, 0x00, 0x00, 0x00, 0x00, 0x00, 
	0x00, 0x00, 0x00, 0x00, 0x00, 0x00, 0x00, 0x00, 0x00, 0x00, 0x00, 0x00, 0x00, 0x00, 0x00, 
	0xDE, 0xED, 0xDB, 0xAA, 0x99, 0x86, 0x55, 0x55, 0x54, 0x43, 0x44, 0x45, 0x55, 0x56, 0x66, 
	0x66, 0x67, 0x77, 0x77, 0x77, 0x88, 0x87, 0x78, 0x88, 0x77, 0x77, 0x88, 0x87, 0x65, 0x66, 
	0x78, 0x87, 0x76, 0x55, 0x56, 0x78, 0x76, 0x65, 0x44, 0x44, 0x44, 0x43, 0x33, 0x33, 0x33, 
	0x33, 0x33, 0x33, 0x22, 0x23, 0x33, 0x33, 0x33, 0x33, 0x33, 0x22, 0x22, 0x22, 0x23, 0x22, 
	0x23, 0x32, 0x22, 0x22, 0x22, 0x22, 0x22, 0x22, 0x22, 0x22, 0x11, 0x12, 0x21, 0x11, 0x11, 
	0x11, 0x11, 0x11, 0x11, 0x11, 0x11, 0x11, 0x11, 0x11, 0x11, 0x11, 0x11, 0x11, 0x11, 0x11, 
	0x11, 0x11, 0x11, 0x22, 0x22, 0x11, 0x11, 0x11, 0x11, 0x11, 0x11, 0x11, 0x11, 0x11, 0x11, 
	0x11, 0x11, 0x11, 0x11, 0x11, 0x11, 0x11, 0x11, 0x11, 0x11, 0x11, 0x11, 0x11, 0x11, 0x11, 
	0x11, 0x11, 0x22, 0x22, 0x22, 0x22, 0x22, 0x22, 0x22, 0x22, 0x22, 0x22, 0x34, 0x44, 0x44, 
	0x44, 0x44, 0x44, 0x44, 0x33, 0x23, 0x45, 0x55, 0x55, 0x55, 0x55, 0x66, 0x66, 0x66, 0x77, 
	0x77, 0x78, 0x88, 0x89, 0x99, 0x99, 0x99, 0x99, 0x88, 0x88, 0x88, 0x87, 0x77, 0x77, 0x77, 
	0x77, 0x77, 0x78, 0x88, 0x88, 0x87, 0x88, 0x88, 0x88, 0x88, 0x88, 0x88, 0x88, 0x88, 0x88, 
	0x88, 0x88, 0x77, 0x76, 0x65, 0x55, 0x55, 0x44, 0x44, 0x44, 0x44, 0x44, 0x44, 0x43, 0x33, 
	0x33, 0x33, 0x32, 0x22, 0x11, 0x11, 0x11, 0x11, 0x11, 0x11, 0x00, 0x00, 0x00, 0x00, 0x00, 
	0x00, 0x00, 0x00, 0x00, 0x00, 0x00, 0x00, 0x00, 0x00, 0x00, 0x00, 0x00, 0x00, 0x00, 0x00, 
	0x00, 0x00, 0x00, 0x00, 0x00, 0x00, 0x00, 0x00, 0x00, 0x00, 0x00, 0x00, 0x00, 0x00, 0x00, 
	0x00, 0x00, 0x00, 0x00, 0x00, 0x00, 0x00, 0x00, 0x00, 0x00, 0x00, 0x00, 0x00, 0x00, 0x00, 
	0x00, 0x00, 0x00, 0x00, 0x00, 0x00, 0x00, 0x00, 0x00, 0x00, 0x00, 0x00, 0x00, 0x00, 0x00, 
	0x00, 0x00, 0x00, 0x00, 0x00, 0x00, 0x00, 0x00, 0x00, 0x00, 0x00, 0x00, 0x00, 0x00, 0x00, 
	0x00, 0x00, 0x00, 0x00, 0x00, 0x00, 0x00, 0x00, 0x00, 0x00, 0x00, 0x00, 0x00, 0x00, 0x00, 
	0xDD, 0xED, 0xCC, 0xBB, 0xA9, 0x87, 0x66, 0x66, 0x55, 0x44, 0x44, 0x45, 0x55, 0x66, 0x67, 
	0x66, 0x67, 0x77, 0x87, 0x88, 0x88, 0x88, 0x78, 0x88, 0x87, 0x67, 0x88, 0x87, 0x66, 0x66, 
	0x78, 0x88, 0x76, 0x65, 0x67, 0x88, 0x87, 0x65, 0x44, 0x44, 0x44, 0x33, 0x33, 0x33, 0x33, 
	0x44, 0x44, 0x33, 0x33, 0x33, 0x33, 0x33, 0x33, 0x32, 0x23, 0x22, 0x22, 0x22, 0x22, 0x22, 
	0x23, 0x32, 0x22, 0x22, 0x22, 0x22, 0x22, 0x22, 0x22, 0x22, 0x21, 0x22, 0x21, 0x11, 0x11, 
	0x11, 0x11, 0x11, 0x11, 0x11, 0x11, 0x11, 0x11, 0x11, 0x11, 0x11, 0x11, 0x11, 0x11, 0x11, 
	0x11, 0x11, 0x11, 0x12, 0x11, 0x11, 0x11, 0x11, 0x11, 0x11, 0x11, 0x11, 0x11, 0x11, 0x11, 
	0x11, 0x11, 0x11, 0x11, 0x11, 0x11, 0x11, 0x11, 0x11, 0x11, 0x11, 0x11, 0x11, 0x11, 0x11, 
	0x11, 0x11, 0x22, 0x22, 0x22, 0x22, 0x22, 0x22, 0x22, 0x33, 0x32, 0x32, 0x34, 0x44, 0x44, 
	0x44, 0x44, 0x44, 0x43, 0x33, 0x32, 0x35, 0x55, 0x55, 0x55, 0x56, 0x66, 0x66, 0x66, 0x77, 
	0x77, 0x78, 0x88, 0x89, 0x99, 0x99, 0x99, 0x99, 0x88, 0x88, 0x88, 0x88, 0x77, 0x77, 0x77, 
	0x77, 0x77, 0x88, 0x88, 0x77, 0x88, 0x88, 0x88, 0x88, 0x88, 0x89, 0x98, 0x89, 0x88, 0x88, 
	0x88, 0x88, 0x77, 0x66, 0x65, 0x55, 0x44, 0x44, 0x44, 0x44, 0x44, 0x44, 0x33, 0x33, 0x33, 
	0x33, 0x33, 0x22, 0x21, 0x11, 0x11, 0x11, 0x11, 0x11, 0x10, 0x00, 0x00, 0x00, 0x00, 0x00, 
	0x00, 0x00, 0x00, 0x00, 0x00, 0x00, 0x00, 0x00, 0x00, 0x00, 0x00, 0x00, 0x00, 0x00, 0x00, 
	0x00, 0x00, 0x00, 0x00, 0x00, 0x00, 0x00, 0x00, 0x00, 0x00, 0x00, 0x00, 0x00, 0x00, 0x00, 
	0x00, 0x00, 0x00, 0x00, 0x00, 0x00, 0x00, 0x00, 0x00, 0x00, 0x00, 0x00, 0x00, 0x00, 0x00, 
	0x00, 0x00, 0x00, 0x00, 0x00, 0x00, 0x00, 0x00, 0x00, 0x00, 0x00, 0x00, 0x00, 0x00, 0x00, 
	0x00, 0x00, 0x00, 0x00, 0x00, 0x00, 0x00, 0x00, 0x00, 0x00, 0x00, 0x00, 0x00, 0x00, 0x00, 
	0x00, 0x00, 0x00, 0x00, 0x00, 0x00, 0x00, 0x00, 0x00, 0x00, 0x00, 0x00, 0x00, 0x00, 0x00, 
	0xAC, 0xED, 0xCC, 0xCB, 0xAA, 0x87, 0x77, 0x76, 0x65, 0x54, 0x45, 0x55, 0x55, 0x66, 0x66, 
	0x66, 0x77, 0x78, 0x88, 0x88, 0x88, 0x88, 0x78, 0x88, 0x87, 0x77, 0x88, 0x87, 0x76, 0x66, 
	0x78, 0x88, 0x77, 0x65, 0x67, 0x88, 0x88, 0x76, 0x54, 0x44, 0x34, 0x43, 0x33, 0x33, 0x34, 
	0x44, 0x44, 0x33, 0x33, 0x33, 0x33, 0x33, 0x22, 0x22, 0x22, 0x22, 0x22, 0x22, 0x22, 0x22, 
	0x23, 0x33, 0x22, 0x22, 0x22, 0x22, 0x22, 0x22, 0x22, 0x22, 0x22, 0x22, 0x11, 0x11, 0x11, 
	0x11, 0x11, 0x11, 0x11, 0x11, 0x11, 0x11, 0x11, 0x11, 0x11, 0x11, 0x11, 0x11, 0x11, 0x11, 
	0x11, 0x11, 0x11, 0x11, 0x11, 0x11, 0x11, 0x11, 0x11, 0x11, 0x11, 0x11, 0x11, 0x11, 0x11, 
	0x11, 0x11, 0x11, 0x11, 0x11, 0x11, 0x11, 0x11, 0x11, 0x11, 0x11, 0x11, 0x11, 0x11, 0x11, 
	0x11, 0x11, 0x12, 0x22, 0x22, 0x22, 0x22, 0x22, 0x22, 0x33, 0x33, 0x33, 0x34, 0x44, 0x44, 
	0x44, 0x44, 0x44, 0x33, 0x33, 0x32, 0x34, 0x55, 0x55, 0x66, 0x66, 0x66, 0x66, 0x66, 0x77, 
	0x77, 0x78, 0x88, 0x89, 0x99, 0x99, 0x99, 0x98, 0x88, 0x88, 0x88, 0x88, 0x87, 0x77, 0x77, 
	0x77, 0x77, 0x78, 0x88, 0x87, 0x88, 0x88, 0x88, 0x88, 0x89, 0x99, 0x99, 0x99, 0x99, 0x98, 
	0x88, 0x88, 0x77, 0x66, 0x65, 0x55, 0x44, 0x44, 0x44, 0x44, 0x44, 0x43, 0x33, 0x33, 0x33, 
	0x33, 0x22, 0x22, 0x21, 0x11, 0x11, 0x11, 0x11, 0x11, 0x00, 0x00, 0x00, 0x00, 0x00, 0x00, 
	0x00, 0x00, 0x00, 0x00, 0x00, 0x00, 0x00, 0x00, 0x00, 0x00, 0x00, 0x00, 0x00, 0x00, 0x00, 
	0x00, 0x00, 0x00, 0x00, 0x00, 0x00, 0x00, 0x00, 0x00, 0x00, 0x00, 0x00, 0x00, 0x00, 0x00, 
	0x00, 0x00, 0x00, 0x00, 0x00, 0x00, 0x00, 0x00, 0x00, 0x00, 0x00, 0x00, 0x00, 0x00, 0x00, 
	0x00, 0x00, 0x00, 0x00, 0x00, 0x00, 0x00, 0x00, 0x00, 0x00, 0x00, 0x00, 0x00, 0x00, 0x00, 
	0x00, 0x00, 0x00, 0x00, 0x00, 0x00, 0x00, 0x00, 0x00, 0x00, 0x00, 0x00, 0x00, 0x00, 0x00, 
	0x00, 0x00, 0x00, 0x00, 0x00, 0x00, 0x00, 0x00, 0x00, 0x00, 0x00, 0x00, 0x00, 0x00, 0x00, 
	0x49, 0xCD, 0xDD, 0xCB, 0xBA, 0x98, 0x87, 0x77, 0x66, 0x55, 0x55, 0x55, 0x55, 0x66, 0x66, 
	0x66, 0x78, 0x78, 0x88, 0x88, 0x88, 0x88, 0x88, 0x98, 0x87, 0x78, 0x88, 0x87, 0x77, 0x67, 
	0x78, 0x88, 0x87, 0x66, 0x67, 0x89, 0x98, 0x75, 0x54, 0x44, 0x33, 0x43, 0x33, 0x33, 0x33, 
	0x33, 0x33, 0x33, 0x33, 0x33, 0x33, 0x32, 0x22, 0x22, 0x22, 0x22, 0x21, 0x12, 0x22, 0x22, 
	0x33, 0x32, 0x22, 0x22, 0x22, 0x22, 0x22, 0x22, 0x22, 0x22, 0x22, 0x22, 0x11, 0x11, 0x11, 
	0x11, 0x11, 0x11, 0x11, 0x11, 0x11, 0x11, 0x11, 0x11, 0x11, 0x11, 0x11, 0x11, 0x11, 0x11, 
	0x11, 0x11, 0x11, 0x11, 0x11, 0x11, 0x11, 0x11, 0x11, 0x11, 0x11, 0x11, 0x11, 0x11, 0x11, 
	0x11, 0x11, 0x11, 0x11, 0x11, 0x11, 0x11, 0x11, 0x11, 0x11, 0x11, 0x11, 0x11, 0x11, 0x11, 
	0x11, 0x11, 0x11, 0x12, 0x22, 0x22, 0x22, 0x22, 0x22, 0x33, 0x33, 0x43, 0x34, 0x44, 0x44, 
	0x44, 0x44, 0x44, 0x33, 0x33, 0x32, 0x24, 0x55, 0x55, 0x66, 0x66, 0x66, 0x66, 0x77, 0x77, 
	0x88, 0x88, 0x88, 0x99, 0x99, 0x99, 0x99, 0x98, 0x88, 0x88, 0x88, 0x88, 0x87, 0x77, 0x77, 
	0x77, 0x77, 0x78, 0x99, 0x88, 0x88, 0x88, 0x89, 0x99, 0x99, 0x99, 0x99, 0x99, 0x99, 0x99, 
	0x88, 0x88, 0x77, 0x66, 0x65, 0x55, 0x54, 0x44, 0x44, 0x44, 0x44, 0x43, 0x33, 0x33, 0x33, 
	0x32, 0x22, 0x11, 0x11, 0x11, 0x11, 0x11, 0x11, 0x10, 0x00, 0x00, 0x00, 0x00, 0x00, 0x00, 
	0x00, 0x00, 0x00, 0x00, 0x00, 0x00, 0x00, 0x00, 0x00, 0x00, 0x00, 0x00, 0x00, 0x00, 0x00, 
	0x00, 0x00, 0x00, 0x00, 0x00, 0x00, 0x00, 0x00, 0x00, 0x00, 0x00, 0x00, 0x00, 0x00, 0x00, 
	0x00, 0x00, 0x00, 0x00, 0x00, 0x00, 0x00, 0x00, 0x00, 0x00, 0x00, 0x00, 0x00, 0x00, 0x00, 
	0x00, 0x00, 0x00, 0x00, 0x00, 0x00, 0x00, 0x00, 0x00, 0x00, 0x00, 0x00, 0x00, 0x00, 0x00, 
	0x00, 0x00, 0x00, 0x00, 0x00, 0x00, 0x00, 0x00, 0x00, 0x00, 0x00, 0x00, 0x00, 0x00, 0x00, 
	0x00, 0x00, 0x00, 0x00, 0x00, 0x00, 0x00, 0x00, 0x00, 0x00, 0x00, 0x00, 0x00, 0x00, 0x00, 
	0x23, 0x7C, 0xDC, 0xCC, 0xBA, 0xA9, 0x88, 0x87, 0x66, 0x55, 0x55, 0x55, 0x56, 0x66, 0x67, 
	0x66, 0x78, 0x88, 0x89, 0x98, 0x88, 0x88, 0x88, 0x88, 0x87, 0x78, 0x88, 0x88, 0x77, 0x77, 
	0x78, 0x99, 0x87, 0x76, 0x67, 0x89, 0x98, 0x75, 0x54, 0x44, 0x34, 0x44, 0x33, 0x33, 0x33, 
	0x44, 0x33, 0x33, 0x33, 0x33, 0x33, 0x22, 0x22, 0x22, 0x22, 0x21, 0x12, 0x22, 0x22, 0x23, 
	0x33, 0x23, 0x22, 0x22, 0x22, 0x22, 0x22, 0x22, 0x22, 0x22, 0x22, 0x22, 0x11, 0x11, 0x11, 
	0x11, 0x11, 0x11, 0x11, 0x11, 0x11, 0x11, 0x11, 0x11, 0x11, 0x11, 0x11, 0x11, 0x11, 0x11, 
	0x11, 0x11, 0x11, 0x11, 0x11, 0x11, 0x11, 0x11, 0x11, 0x21, 0x11, 0x11, 0x11, 0x11, 0x11, 
	0x11, 0x11, 0x11, 0x11, 0x11, 0x11, 0x11, 0x11, 0x11, 0x11, 0x11, 0x11, 0x11, 0x11, 0x11, 
	0x11, 0x11, 0x11, 0x11, 0x12, 0x22, 0x22, 0x22, 0x23, 0x33, 0x43, 0x44, 0x44, 0x44, 0x44, 
	0x34, 0x44, 0x54, 0x33, 0x33, 0x32, 0x33, 0x45, 0x55, 0x56, 0x66, 0x66, 0x66, 0x77, 0x77, 
	0x88, 0x88, 0x88, 0x99, 0x99, 0x99, 0x98, 0x88, 0x88, 0x88, 0x88, 0x88, 0x87, 0x77, 0x77, 
	0x77, 0x77, 0x78, 0x99, 0x98, 0x88, 0x99, 0x99, 0x99, 0x99, 0x99, 0x99, 0x99, 0x99, 0x98, 
	0x88, 0x88, 0x77, 0x66, 0x55, 0x55, 0x44, 0x44, 0x44, 0x43, 0x33, 0x33, 0x33, 0x33, 0x33, 
	0x32, 0x21, 0x11, 0x11, 0x11, 0x11, 0x11, 0x11, 0x00, 0x00, 0x00, 0x00, 0x00, 0x00, 0x00, 
	0x00, 0x00, 0x00, 0x00, 0x00, 0x00, 0x00, 0x00, 0x00, 0x00, 0x00, 0x00, 0x00, 0x00, 0x00, 
	0x00, 0x00, 0x00, 0x00, 0x00, 0x00, 0x00, 0x00, 0x00, 0x00, 0x00, 0x00, 0x00, 0x00, 0x00, 
	0x00, 0x00, 0x00, 0x00, 0x00, 0x00, 0x00, 0x00, 0x00, 0x00, 0x00, 0x00, 0x00, 0x00, 0x00, 
	0x00, 0x00, 0x00, 0x00, 0x00, 0x00, 0x00, 0x00, 0x00, 0x00, 0x00, 0x00, 0x00, 0x00, 0x00, 
	0x00, 0x00, 0x00, 0x00, 0x00, 0x00, 0x00, 0x00, 0x00, 0x00, 0x00, 0x00, 0x00, 0x00, 0x00, 
	0x00, 0x00, 0x00, 0x00, 0x00, 0x00, 0x00, 0x00, 0x00, 0x00, 0x00, 0x00, 0x00, 0x00, 0x00, 
	0x32, 0x36, 0xBC, 0xCC, 0xCB, 0xAA, 0x98, 0x87, 0x76, 0x66, 0x65, 0x55, 0x56, 0x66, 0x66, 
	0x66, 0x78, 0x88, 0x88, 0x98, 0x88, 0x88, 0x88, 0x88, 0x87, 0x77, 0x88, 0x88, 0x77, 0x77, 
	0x78, 0x99, 0x98, 0x66, 0x68, 0x99, 0x99, 0x76, 0x54, 0x44, 0x44, 0x44, 0x43, 0x34, 0x43, 
	0x33, 0x33, 0x33, 0x33, 0x33, 0x33, 0x22, 0x22, 0x22, 0x22, 0x21, 0x12, 0x22, 0x22, 0x23, 
	0x33, 0x33, 0x22, 0x23, 0x33, 0x33, 0x33, 0x32, 0x22, 0x22, 0x22, 0x22, 0x22, 0x11, 0x11, 
	0x11, 0x11, 0x11, 0x11, 0x11, 0x11, 0x11, 0x11, 0x11, 0x11, 0x11, 0x11, 0x11, 0x11, 0x11, 
	0x11, 0x11, 0x11, 0x11, 0x11, 0x11, 0x11, 0x11, 0x11, 0x21, 0x11, 0x11, 0x11, 0x11, 0x11, 
	0x11, 0x11, 0x11, 0x11, 0x11, 0x11, 0x11, 0x11, 0x11, 0x11, 0x11, 0x11, 0x11, 0x11, 0x11, 
	0x11, 0x11, 0x11, 0x11, 0x11, 0x22, 0x22, 0x22, 0x33, 0x34, 0x43, 0x44, 0x44, 0x44, 0x44, 
	0x34, 0x44, 0x44, 0x33, 0x33, 0x33, 0x33, 0x44, 0x55, 0x56, 0x66, 0x66, 0x67, 0x77, 0x78, 
	0x88, 0x88, 0x99, 0x99, 0x99, 0x88, 0x88, 0x88, 0x88, 0x88, 0x77, 0x77, 0x77, 0x77, 0x77, 
	0x77, 0x77, 0x89, 0xAA, 0x99, 0x99, 0x99, 0x99, 0x99, 0x99, 0x99, 0x99, 0x99, 0x99, 0x98, 
	0x88, 0x88, 0x77, 0x66, 0x55, 0x55, 0x44, 0x44, 0x44, 0x44, 0x33, 0x33, 0x33, 0x33, 0x22, 
	0x22, 0x21, 0x11, 0x11, 0x11, 0x11, 0x11, 0x00, 0x00, 0x00, 0x00, 0x00, 0x00, 0x00, 0x00, 
	0x00, 0x00, 0x00, 0x00, 0x00, 0x00, 0x00, 0x00, 0x00, 0x00, 0x00, 0x00, 0x00, 0x00, 0x00, 
	0x00, 0x00, 0x00, 0x00, 0x00, 0x00, 0x00, 0x00, 0x00, 0x00, 0x00, 0x00, 0x00, 0x00, 0x00, 
	0x00, 0x00, 0x00, 0x00, 0x00, 0x00, 0x00, 0x00, 0x00, 0x00, 0x00, 0x00, 0x00, 0x00, 0x00, 
	0x00, 0x00, 0x00, 0x00, 0x00, 0x00, 0x00, 0x00, 0x00, 0x00, 0x00, 0x00, 0x00, 0x00, 0x00, 
	0x00, 0x00, 0x00, 0x00, 0x00, 0x00, 0x00, 0x00, 0x00, 0x00, 0x00, 0x00, 0x00, 0x00, 0x00, 
	0x00, 0x00, 0x00, 0x00, 0x00, 0x00, 0x00, 0x00, 0x00, 0x00, 0x00, 0x00, 0x00, 0x00, 0x00, 
	0x22, 0x22, 0x5A, 0xCB, 0xBB, 0xBA, 0x99, 0x88, 0x76, 0x66, 0x66, 0x55, 0x65, 0x66, 0x66, 
	0x67, 0x77, 0x88, 0x88, 0x88, 0x88, 0x88, 0x88, 0x88, 0x87, 0x77, 0x88, 0x88, 0x87, 0x77, 
	0x78, 0x99, 0x97, 0x66, 0x78, 0x9A, 0x98, 0x76, 0x54, 0x44, 0x44, 0x44, 0x43, 0x44, 0x43, 
	0x33, 0x34, 0x33, 0x33, 0x32, 0x22, 0x22, 0x22, 0x22, 0x22, 0x21, 0x12, 0x22, 0x22, 0x33, 
	0x33, 0x33, 0x33, 0x33, 0x33, 0x33, 0x33, 0x33, 0x22, 0x22, 0x22, 0x22, 0x22, 0x21, 0x11, 
	0x11, 0x11, 0x11, 0x11, 0x11, 0x11, 0x11, 0x11, 0x11, 0x11, 0x11, 0x11, 0x11, 0x11, 0x11, 
	0x11, 0x11, 0x11, 0x11, 0x11, 0x11, 0x11, 0x11, 0x11, 0x11, 0x11, 0x11, 0x11, 0x11, 0x11, 
	0x11, 0x11, 0x11, 0x11, 0x11, 0x11, 0x11, 0x11, 0x11, 0x11, 0x11, 0x11, 0x11, 0x11, 0x11, 
	0x11, 0x11, 0x11, 0x11, 0x11, 0x22, 0x22, 0x22, 0x33, 0x44, 0x44, 0x44, 0x44, 0x44, 0x44, 
	0x43, 0x34, 0x44, 0x33, 0x33, 0x33, 0x33, 0x44, 0x45, 0x56, 0x66, 0x66, 0x77, 0x77, 0x78, 
	0x89, 0x98, 0x99, 0x99, 0x98, 0x88, 0x88, 0x88, 0x88, 0x77, 0x77, 0x77, 0x77, 0x77, 0x77, 
	0x77, 0x77, 0x89, 0xAB, 0xA9, 0x99, 0x99, 0x99, 0x99, 0x99, 0x99, 0x99, 0x99, 0x99, 0x98, 
	0x88, 0x87, 0x76, 0x66, 0x55, 0x55, 0x44, 0x44, 0x44, 0x44, 0x33, 0x33, 0x33, 0x33, 0x22, 
	0x11, 0x11, 0x11, 0x11, 0x11, 0x11, 0x10, 0x00, 0x00, 0x00, 0x00, 0x00, 0x00, 0x00, 0x00, 
	0x00, 0x00, 0x00, 0x00, 0x00, 0x00, 0x00, 0x00, 0x00, 0x00, 0x00, 0x00, 0x00, 0x00, 0x00, 
	0x00, 0x00, 0x00, 0x00, 0x00, 0x00, 0x00, 0x00, 0x00, 0x00, 0x00, 0x00, 0x00, 0x00, 0x00, 
	0x00, 0x00, 0x00, 0x00, 0x00, 0x00, 0x00, 0x00, 0x00, 0x00, 0x00, 0x00, 0x00, 0x00, 0x00, 
	0x00, 0x00, 0x00, 0x00, 0x00, 0x00, 0x00, 0x00, 0x00, 0x00, 0x00, 0x00, 0x00, 0x00, 0x00, 
	0x00, 0x00, 0x00, 0x00, 0x00, 0x00, 0x00, 0x00, 0x00, 0x00, 0x00, 0x00, 0x00, 0x00, 0x00, 
	0x00, 0x00, 0x00, 0x00, 0x00, 0x00, 0x00, 0x00, 0x00, 0x00, 0x00, 0x00, 0x00, 0x00, 0x00, 
	0x22, 0x22, 0x24, 0x8B, 0xBB, 0xBA, 0xA9, 0x88, 0x76, 0x66, 0x66, 0x55, 0x56, 0x66, 0x66, 
	0x67, 0x77, 0x88, 0x87, 0x88, 0x88, 0x88, 0x88, 0x88, 0x87, 0x77, 0x78, 0x88, 0x87, 0x77, 
	0x89, 0x99, 0x87, 0x66, 0x78, 0x9A, 0x98, 0x76, 0x54, 0x44, 0x45, 0x54, 0x44, 0x34, 0x33, 
	0x33, 0x33, 0x33, 0x33, 0x22, 0x22, 0x22, 0x22, 0x22, 0x22, 0x22, 0x22, 0x22, 0x23, 0x33, 
	0x33, 0x32, 0x23, 0x33, 0x33, 0x33, 0x33, 0x33, 0x22, 0x22, 0x22, 0x22, 0x22, 0x21, 0x11, 
	0x12, 0x11, 0x11, 0x11, 0x11, 0x11, 0x11, 0x11, 0x11, 0x11, 0x11, 0x11, 0x11, 0x11, 0x11, 
	0x11, 0x11, 0x11, 0x11, 0x11, 0x11, 0x11, 0x11, 0x11, 0x11, 0x11, 0x11, 0x11, 0x11, 0x11, 
	0x11, 0x11, 0x11, 0x11, 0x11, 0x11, 0x11, 0x11, 0x11, 0x11, 0x11, 0x11, 0x11, 0x11, 0x11, 
	0x11, 0x11, 0x11, 0x11, 0x11, 0x22, 0x22, 0x22, 0x33, 0x44, 0x44, 0x44, 0x44, 0x44, 0x44, 
	0x43, 0x33, 0x34, 0x33, 0x33, 0x33, 0x33, 0x44, 0x45, 0x56, 0x66, 0x77, 0x77, 0x77, 0x88, 
	0x89, 0x98, 0x99, 0x99, 0x98, 0x88, 0x88, 0x88, 0x77, 0x77, 0x77, 0x77, 0x77, 0x77, 0x77, 
	0x77, 0x78, 0x8A, 0xBB, 0xBA, 0xAA, 0xAA, 0xA9, 0x99, 0x99, 0x99, 0x99, 0x99, 0x99, 0x88, 
	0x88, 0x77, 0x76, 0x66, 0x55, 0x55, 0x44, 0x44, 0x43, 0x44, 0x43, 0x33, 0x33, 0x32, 0x22, 
	0x11, 0x11, 0x11, 0x11, 0x11, 0x11, 0x10, 0x00, 0x00, 0x00, 0x00, 0x00, 0x00, 0x00, 0x00, 
	0x00, 0x00, 0x00, 0x00, 0x00, 0x00, 0x00, 0x00, 0x00, 0x00, 0x00, 0x00, 0x00, 0x00, 0x00, 
	0x00, 0x00, 0x00, 0x00, 0x00, 0x00, 0x00, 0x00, 0x00, 0x00, 0x00, 0x00, 0x00, 0x00, 0x00, 
	0x00, 0x00, 0x00, 0x00, 0x00, 0x00, 0x00, 0x00, 0x00, 0x00, 0x00, 0x00, 0x00, 0x00, 0x00, 
	0x00, 0x00, 0x00, 0x00, 0x00, 0x00, 0x00, 0x00, 0x00, 0x00, 0x00, 0x00, 0x00, 0x00, 0x00, 
	0x00, 0x00, 0x00, 0x00, 0x00, 0x00, 0x00, 0x00, 0x00, 0x00, 0x00, 0x00, 0x00, 0x00, 0x00, 
	0x00, 0x00, 0x00, 0x00, 0x00, 0x00, 0x00, 0x00, 0x00, 0x00, 0x00, 0x00, 0x00, 0x00, 0x00, 
	0x22, 0x22, 0x22, 0x37, 0xAB, 0xAA, 0xA9, 0x98, 0x77, 0x77, 0x66, 0x66, 0x66, 0x66, 0x66, 
	0x66, 0x77, 0x88, 0x77, 0x77, 0x88, 0x88, 0x88, 0x88, 0x77, 0x77, 0x78, 0x88, 0x88, 0x77, 
	0x89, 0x99, 0x87, 0x66, 0x78, 0x9A, 0x98, 0x76, 0x54, 0x54, 0x55, 0x55, 0x44, 0x33, 0x33, 
	0x33, 0x33, 0x33, 0x33, 0x22, 0x22, 0x22, 0x22, 0x22, 0x22, 0x22, 0x22, 0x22, 0x23, 0x33, 
	0x33, 0x32, 0x23, 0x33, 0x33, 0x33, 0x33, 0x33, 0x22, 0x22, 0x22, 0x22, 0x22, 0x22, 0x11, 
	0x12, 0x21, 0x11, 0x11, 0x11, 0x11, 0x11, 0x11, 0x11, 0x11, 0x11, 0x11, 0x11, 0x11, 0x11, 
	0x11, 0x11, 0x11, 0x11, 0x11, 0x11, 0x11, 0x11, 0x11, 0x11, 0x11, 0x11, 0x11, 0x11, 0x11, 
	0x11, 0x11, 0x11, 0x11, 0x11, 0x11, 0x11, 0x11, 0x11, 0x11, 0x11, 0x11, 0x11, 0x11, 0x11, 
	0x11, 0x11, 0x11, 0x11, 0x12, 0x22, 0x22, 0x23, 0x33, 0x44, 0x44, 0x44, 0x44, 0x44, 0x44, 
	0x43, 0x33, 0x33, 0x33, 0x33, 0x33, 0x33, 0x44, 0x45, 0x66, 0x66, 0x77, 0x77, 0x77, 0x88, 
	0x88, 0x98, 0x99, 0x99, 0x98, 0x87, 0x77, 0x77, 0x77, 0x77, 0x77, 0x77, 0x77, 0x77, 0x77, 
	0x77, 0x88, 0x9A, 0xBB, 0xBA, 0xAA, 0xAA, 0xAA, 0xA9, 0x99, 0x99, 0x99, 0x99, 0x98, 0x88, 
	0x88, 0x77, 0x76, 0x65, 0x55, 0x55, 0x44, 0x44, 0x33, 0x44, 0x44, 0x33, 0x33, 0x22, 0x22, 
	0x21, 0x11, 0x11, 0x11, 0x11, 0x11, 0x00, 0x00, 0x00, 0x00, 0x00, 0x00, 0x00, 0x00, 0x00, 
	0x00, 0x00, 0x00, 0x00, 0x00, 0x00, 0x00, 0x00, 0x00, 0x00, 0x00, 0x00, 0x00, 0x00, 0x00, 
	0x00, 0x00, 0x00, 0x00, 0x00, 0x00, 0x00, 0x00, 0x00, 0x00, 0x00, 0x00, 0x00, 0x00, 0x00, 
	0x00, 0x00, 0x00, 0x00, 0x00, 0x00, 0x00, 0x00, 0x00, 0x00, 0x00, 0x00, 0x00, 0x00, 0x00, 
	0x00, 0x00, 0x00, 0x00, 0x00, 0x00, 0x00, 0x00, 0x00, 0x00, 0x00, 0x00, 0x00, 0x00, 0x00, 
	0x00, 0x00, 0x00, 0x00, 0x00, 0x00, 0x00, 0x00, 0x00, 0x00, 0x00, 0x00, 0x00, 0x00, 0x00, 
	0x00, 0x00, 0x00, 0x00, 0x00, 0x00, 0x00, 0x00, 0x00, 0x00, 0x00, 0x00, 0x00, 0x00, 0x00, 
	0x22, 0x22, 0x23, 0x23, 0x59, 0xAA, 0xAA, 0x98, 0x87, 0x77, 0x66, 0x66, 0x66, 0x66, 0x66, 
	0x66, 0x77, 0x87, 0x77, 0x77, 0x77, 0x78, 0x88, 0x87, 0x77, 0x77, 0x77, 0x88, 0x88, 0x88, 
	0x88, 0x88, 0x87, 0x66, 0x78, 0x99, 0x98, 0x76, 0x55, 0x55, 0x56, 0x65, 0x44, 0x44, 0x33, 
	0x33, 0x33, 0x33, 0x32, 0x22, 0x22, 0x22, 0x22, 0x22, 0x22, 0x22, 0x22, 0x23, 0x33, 0x33, 
	0x33, 0x32, 0x33, 0x33, 0x33, 0x33, 0x33, 0x33, 0x32, 0x22, 0x22, 0x22, 0x22, 0x22, 0x22, 
	0x22, 0x21, 0x11, 0x22, 0x11, 0x11, 0x11, 0x11, 0x11, 0x11, 0x11, 0x11, 0x11, 0x11, 0x11, 
	0x11, 0x11, 0x11, 0x11, 0x11, 0x11, 0x11, 0x11, 0x11, 0x11, 0x11, 0x11, 0x11, 0x11, 0x11, 
	0x11, 0x11, 0x11, 0x11, 0x11, 0x11, 0x11, 0x11, 0x11, 0x11, 0x11, 0x11, 0x11, 0x11, 0x11, 
	0x11, 0x11, 0x11, 0x11, 0x12, 0x22, 0x22, 0x33, 0x34, 0x44, 0x44, 0x44, 0x44, 0x44, 0x44, 
	0x43, 0x32, 0x33, 0x33, 0x33, 0x33, 0x33, 0x44, 0x45, 0x66, 0x66, 0x77, 0x78, 0x88, 0x88, 
	0x88, 0x98, 0x89, 0x88, 0x88, 0x87, 0x77, 0x77, 0x77, 0x77, 0x77, 0x77, 0x77, 0x77, 0x77, 
	0x77, 0x88, 0x9A, 0xCC, 0xBB, 0xAA, 0xAA, 0xAA, 0x99, 0x99, 0x99, 0x99, 0x99, 0x88, 0x88, 
	0x87, 0x77, 0x66, 0x65, 0x55, 0x55, 0x54, 0x44, 0x34, 0x43, 0x34, 0x33, 0x32, 0x22, 0x11, 
	0x21, 0x11, 0x11, 0x11, 0x11, 0x00, 0x00, 0x00, 0x00, 0x00, 0x00, 0x00, 0x00, 0x00, 0x00, 
	0x00, 0x00, 0x00, 0x00, 0x00, 0x00, 0x00, 0x00, 0x00, 0x00, 0x00, 0x00, 0x00, 0x00, 0x00, 
	0x00, 0x00, 0x00, 0x00, 0x00, 0x00, 0x00, 0x00, 0x00, 0x00, 0x00, 0x00, 0x00, 0x00, 0x00, 
	0x00, 0x00, 0x00, 0x00, 0x00, 0x00, 0x00, 0x00, 0x00, 0x00, 0x00, 0x00, 0x00, 0x00, 0x00, 
	0x00, 0x00, 0x00, 0x00, 0x00, 0x00, 0x00, 0x00, 0x00, 0x00, 0x00, 0x00, 0x00, 0x00, 0x00, 
	0x00, 0x00, 0x00, 0x00, 0x00, 0x00, 0x00, 0x00, 0x00, 0x00, 0x00, 0x00, 0x00, 0x00, 0x00, 
	0x00, 0x00, 0x00, 0x00, 0x00, 0x00, 0x00, 0x00, 0x00, 0x00, 0x00, 0x00, 0x00, 0x00, 0x00, 
	0x22, 0x22, 0x22, 0x22, 0x24, 0x89, 0x99, 0x99, 0x87, 0x77, 0x76, 0x66, 0x66, 0x66, 0x66, 
	0x66, 0x77, 0x77, 0x77, 0x77, 0x77, 0x78, 0x88, 0x87, 0x77, 0x77, 0x67, 0x88, 0x88, 0x77, 
	0x78, 0x88, 0x87, 0x76, 0x78, 0x99, 0x98, 0x76, 0x55, 0x56, 0x66, 0x65, 0x55, 0x44, 0x33, 
	0x33, 0x33, 0x33, 0x32, 0x22, 0x22, 0x22, 0x23, 0x33, 0x22, 0x22, 0x23, 0x33, 0x33, 0x33, 
	0x32, 0x22, 0x33, 0x33, 0x33, 0x33, 0x33, 0x33, 0x32, 0x22, 0x22, 0x22, 0x22, 0x22, 0x22, 
	0x23, 0x22, 0x12, 0x22, 0x21, 0x22, 0x21, 0x11, 0x11, 0x11, 0x11, 0x11, 0x11, 0x11, 0x11, 
	0x11, 0x11, 0x11, 0x11, 0x11, 0x11, 0x11, 0x11, 0x11, 0x11, 0x11, 0x11, 0x11, 0x11, 0x11, 
	0x11, 0x11, 0x11, 0x11, 0x11, 0x11, 0x11, 0x11, 0x11, 0x11, 0x11, 0x11, 0x11, 0x11, 0x11, 
	0x11, 0x11, 0x11, 0x11, 0x22, 0x22, 0x22, 0x33, 0x34, 0x44, 0x44, 0x44, 0x44, 0x44, 0x44, 
	0x43, 0x22, 0x22, 0x33, 0x33, 0x33, 0x33, 0x44, 0x44, 0x66, 0x67, 0x77, 0x78, 0x88, 0x88, 
	0x88, 0x88, 0x88, 0x88, 0x88, 0x87, 0x77, 0x77, 0x77, 0x77, 0x77, 0x77, 0x77, 0x77, 0x77, 
	0x77, 0x88, 0x9B, 0xCC, 0xBB, 0xAA, 0xAA, 0xAA, 0xA9, 0x99, 0x99, 0x99, 0x98, 0x88, 0x88, 
	0x77, 0x76, 0x66, 0x55, 0x55, 0x55, 0x54, 0x44, 0x44, 0x44, 0x44, 0x33, 0x22, 0x21, 0x11, 
	0x11, 0x11, 0x11, 0x11, 0x10, 0x00, 0x00, 0x00, 0x00, 0x00, 0x00, 0x00, 0x00, 0x00, 0x00, 
	0x00, 0x00, 0x00, 0x00, 0x00, 0x00, 0x00, 0x00, 0x00, 0x00, 0x00, 0x00, 0x00, 0x00, 0x00, 
	0x00, 0x00, 0x00, 0x00, 0x00, 0x00, 0x00, 0x00, 0x00, 0x00, 0x00, 0x00, 0x00, 0x00, 0x00, 
	0x00, 0x00, 0x00, 0x00, 0x00, 0x00, 0x00, 0x00, 0x00, 0x00, 0x00, 0x00, 0x00, 0x00, 0x00, 
	0x00, 0x00, 0x00, 0x00, 0x00, 0x00, 0x00, 0x00, 0x00, 0x00, 0x00, 0x00, 0x00, 0x00, 0x00, 
	0x00, 0x00, 0x00, 0x00, 0x00, 0x00, 0x00, 0x00, 0x00, 0x00, 0x00, 0x00, 0x00, 0x00, 0x00, 
	0x00, 0x00, 0x00, 0x00, 0x00, 0x00, 0x00, 0x00, 0x00, 0x00, 0x00, 0x00, 0x00, 0x00, 0x00, 
	0x22, 0x22, 0x22, 0x22, 0x22, 0x37, 0x89, 0x88, 0x88, 0x77, 0x76, 0x66, 0x66, 0x66, 0x65, 
	0x56, 0x67, 0x77, 0x77, 0x77, 0x77, 0x78, 0x88, 0x87, 0x77, 0x77, 0x67, 0x78, 0x88, 0x77, 
	0x77, 0x88, 0x77, 0x77, 0x78, 0x99, 0x98, 0x76, 0x55, 0x56, 0x77, 0x66, 0x55, 0x44, 0x33, 
	0x33, 0x33, 0x33, 0x32, 0x22, 0x22, 0x23, 0x33, 0x33, 0x22, 0x22, 0x33, 0x33, 0x33, 0x33, 
	0x22, 0x22, 0x23, 0x33, 0x33, 0x33, 0x33, 0x33, 0x32, 0x22, 0x22, 0x22, 0x22, 0x22, 0x22, 
	0x33, 0x32, 0x22, 0x22, 0x22, 0x22, 0x21, 0x11, 0x11, 0x11, 0x11, 0x11, 0x11, 0x11, 0x11, 
	0x11, 0x11, 0x11, 0x11, 0x11, 0x11, 0x11, 0x11, 0x11, 0x11, 0x11, 0x11, 0x11, 0x11, 0x11, 
	0x11, 0x11, 0x11, 0x11, 0x11, 0x11, 0x11, 0x11, 0x11, 0x11, 0x11, 0x11, 0x11, 0x11, 0x11, 
	0x11, 0x11, 0x11, 0x12, 0x22, 0x22, 0x22, 0x33, 0x34, 0x44, 0x45, 0x44, 0x44, 0x44, 0x44, 
	0x43, 0x22, 0x22, 0x33, 0x33, 0x33, 0x33, 0x44, 0x44, 0x56, 0x67, 0x77, 0x78, 0x88, 0x88, 
	0x88, 0x88, 0x88, 0x88, 0x88, 0x77, 0x66, 0x77, 0x77, 0x77, 0x77, 0x77, 0x77, 0x77, 0x77, 
	0x77, 0x88, 0xAB, 0xCC, 0xCB, 0xAA, 0xAA, 0xAA, 0xAA, 0x99, 0x99, 0x99, 0x98, 0x88, 0x88, 
	0x77, 0x76, 0x66, 0x55, 0x55, 0x54, 0x44, 0x44, 0x44, 0x44, 0x44, 0x33, 0x22, 0x11, 0x11, 
	0x11, 0x11, 0x11, 0x11, 0x00, 0x00, 0x00, 0x00, 0x00, 0x00, 0x00, 0x00, 0x00, 0x00, 0x00, 
	0x00, 0x00, 0x00, 0x00, 0x00, 0x00, 0x00, 0x00, 0x00, 0x00, 0x00, 0x00, 0x00, 0x00, 0x00, 
	0x00, 0x00, 0x00, 0x00, 0x00, 0x00, 0x00, 0x00, 0x00, 0x00, 0x00, 0x00, 0x00, 0x00, 0x00, 
	0x00, 0x00, 0x00, 0x00, 0x00, 0x00, 0x00, 0x00, 0x00, 0x00, 0x00, 0x00, 0x00, 0x00, 0x00, 
	0x00, 0x00, 0x00, 0x00, 0x00, 0x00, 0x00, 0x00, 0x00, 0x00, 0x00, 0x00, 0x00, 0x00, 0x00, 
	0x00, 0x00, 0x00, 0x00, 0x00, 0x00, 0x00, 0x00, 0x00, 0x00, 0x00, 0x00, 0x00, 0x00, 0x00, 
	0x00, 0x00, 0x00, 0x00, 0x00, 0x00, 0x00, 0x00, 0x00, 0x00, 0x00, 0x00, 0x00, 0x00, 0x00, 
	0x22, 0x22, 0x22, 0x22, 0x22, 0x23, 0x58, 0x88, 0x88, 0x77, 0x67, 0x66, 0x66, 0x66, 0x55, 
	0x56, 0x66, 0x66, 0x77, 0x67, 0x77, 0x77, 0x88, 0x87, 0x77, 0x77, 0x66, 0x78, 0x87, 0x76, 
	0x67, 0x77, 0x77, 0x76, 0x77, 0x99, 0x98, 0x76, 0x55, 0x67, 0x77, 0x77, 0x65, 0x43, 0x33, 
	0x33, 0x33, 0x33, 0x32, 0x22, 0x23, 0x33, 0x33, 0x33, 0x32, 0x23, 0x33, 0x33, 0x32, 0x32, 
	0x22, 0x22, 0x33, 0x33, 0x33, 0x33, 0x33, 0x33, 0x32, 0x22, 0x22, 0x22, 0x22, 0x22, 0x23, 
	0x44, 0x32, 0x22, 0x22, 0x22, 0x22, 0x21, 0x11, 0x11, 0x11, 0x11, 0x11, 0x11, 0x11, 0x11, 
	0x11, 0x11, 0x11, 0x11, 0x11, 0x11, 0x11, 0x11, 0x11, 0x11, 0x11, 0x11, 0x11, 0x11, 0x11, 
	0x11, 0x11, 0x11, 0x11, 0x11, 0x11, 0x11, 0x11, 0x11, 0x11, 0x11, 0x11, 0x11, 0x11, 0x11, 
	0x11, 0x11, 0x11, 0x12, 0x22, 0x22, 0x23, 0x33, 0x44, 0x44, 0x45, 0x44, 0x44, 0x44, 0x44, 
	0x33, 0x22, 0x22, 0x23, 0x33, 0x33, 0x33, 0x34, 0x44, 0x56, 0x67, 0x77, 0x78, 0x88, 0x88, 
	0x88, 0x88, 0x87, 0x78, 0x87, 0x76, 0x66, 0x66, 0x67, 0x77, 0x77, 0x77, 0x77, 0x77, 0x77, 
	0x88, 0x89, 0xAB, 0xCC, 0xCB, 0xAA, 0xAA, 0xAA, 0xAA, 0x99, 0x99, 0x99, 0x99, 0x88, 0x88, 
	0x77, 0x76, 0x65, 0x55, 0x55, 0x55, 0x54, 0x44, 0x44, 0x44, 0x33, 0x22, 0x11, 0x21, 0x11, 
	0x11, 0x11, 0x11, 0x10, 0x00, 0x00, 0x00, 0x00, 0x00, 0x00, 0x00, 0x00, 0x00, 0x00, 0x00, 
	0x00, 0x00, 0x00, 0x00, 0x00, 0x00, 0x00, 0x00, 0x00, 0x00, 0x00, 0x00, 0x00, 0x00, 0x00, 
	0x00, 0x00, 0x00, 0x00, 0x00, 0x00, 0x00, 0x00, 0x00, 0x00, 0x00, 0x00, 0x00, 0x00, 0x00, 
	0x00, 0x00, 0x00, 0x00, 0x00, 0x00, 0x00, 0x00, 0x00, 0x00, 0x00, 0x00, 0x00, 0x00, 0x00, 
	0x00, 0x00, 0x00, 0x00, 0x00, 0x00, 0x00, 0x00, 0x00, 0x00, 0x00, 0x00, 0x00, 0x00, 0x00, 
	0x00, 0x00, 0x00, 0x00, 0x00, 0x00, 0x00, 0x00, 0x00, 0x00, 0x00, 0x00, 0x00, 0x00, 0x00, 
	0x00, 0x00, 0x00, 0x00, 0x00, 0x00, 0x00, 0x00, 0x00, 0x00, 0x00, 0x00, 0x00, 0x00, 0x00, 
	0x22, 0x22, 0x22, 0x22, 0x22, 0x22, 0x34, 0x67, 0x88, 0x76, 0x77, 0x76, 0x67, 0x76, 0x55, 
	0x56, 0x66, 0x66, 0x66, 0x66, 0x77, 0x77, 0x88, 0x77, 0x66, 0x77, 0x66, 0x78, 0x87, 0x76, 
	0x67, 0x77, 0x77, 0x76, 0x67, 0x89, 0x98, 0x76, 0x55, 0x67, 0x88, 0x87, 0x65, 0x43, 0x33, 
	0x33, 0x33, 0x33, 0x33, 0x33, 0x33, 0x33, 0x33, 0x33, 0x32, 0x33, 0x33, 0x33, 0x32, 0x22, 
	0x22, 0x22, 0x23, 0x33, 0x33, 0x33, 0x33, 0x33, 0x22, 0x22, 0x22, 0x23, 0x32, 0x22, 0x33, 
	0x44, 0x32, 0x22, 0x22, 0x22, 0x22, 0x22, 0x11, 0x11, 0x11, 0x11, 0x11, 0x11, 0x11, 0x11, 
	0x11, 0x11, 0x11, 0x11, 0x11, 0x11, 0x11, 0x11, 0x11, 0x11, 0x11, 0x11, 0x11, 0x11, 0x11, 
	0x11, 0x11, 0x11, 0x11, 0x11, 0x11, 0x11, 0x11, 0x11, 0x11, 0x11, 0x11, 0x11, 0x11, 0x11, 
	0x11, 0x11, 0x11, 0x22, 0x22, 0x23, 0x33, 0x33, 0x44, 0x44, 0x45, 0x44, 0x44, 0x44, 0x43, 
	0x33, 0x22, 0x22, 0x22, 0x33, 0x33, 0x33, 0x33, 0x33, 0x56, 0x67, 0x77, 0x78, 0x88, 0x88, 
	0x88, 0x88, 0x77, 0x77, 0x77, 0x76, 0x66, 0x66, 0x66, 0x77, 0x77, 0x77, 0x77, 0x77, 0x77, 
	0x78, 0x89, 0xAB, 0xCC, 0xCB, 0xAA, 0xAA, 0xAA, 0xAA, 0xAA, 0x99, 0x99, 0x98, 0x88, 0x87, 
	0x76, 0x66, 0x65, 0x55, 0x55, 0x44, 0x54, 0x54, 0x44, 0x43, 0x33, 0x21, 0x11, 0x11, 0x11, 
	0x11, 0x11, 0x11, 0x00, 0x00, 0x00, 0x00, 0x00, 0x00, 0x00, 0x00, 0x00, 0x00, 0x00, 0x00, 
	0x00, 0x00, 0x00, 0x00, 0x00, 0x00, 0x00, 0x00, 0x00, 0x00, 0x00, 0x00, 0x00, 0x00, 0x00, 
	0x00, 0x00, 0x00, 0x00, 0x00, 0x00, 0x00, 0x00, 0x00, 0x00, 0x00, 0x00, 0x00, 0x00, 0x00, 
	0x00, 0x00, 0x00, 0x00, 0x00, 0x00, 0x00, 0x00, 0x00, 0x00, 0x00, 0x00, 0x00, 0x00, 0x00, 
	0x00, 0x00, 0x00, 0x00, 0x00, 0x00, 0x00, 0x00, 0x00, 0x00, 0x00, 0x00, 0x00, 0x00, 0x00, 
	0x00, 0x00, 0x00, 0x00, 0x00, 0x00, 0x00, 0x00, 0x00, 0x00, 0x00, 0x00, 0x00, 0x00, 0x00, 
	0x00, 0x00, 0x00, 0x00, 0x00, 0x00, 0x00, 0x00, 0x00, 0x00, 0x00, 0x00, 0x00, 0x00, 0x00, 
	0x12, 0x22, 0x22, 0x22, 0x22, 0x22, 0x22, 0x36, 0x77, 0x76, 0x77, 0x77, 0x77, 0x76, 0x55, 
	0x55, 0x66, 0x66, 0x66, 0x66, 0x77, 0x87, 0x77, 0x76, 0x66, 0x77, 0x76, 0x77, 0x77, 0x76, 
	0x67, 0x77, 0x77, 0x76, 0x67, 0x89, 0x98, 0x76, 0x55, 0x57, 0x88, 0x88, 0x65, 0x44, 0x33, 
	0x33, 0x33, 0x33, 0x33, 0x33, 0x33, 0x33, 0x33, 0x33, 0x33, 0x33, 0x33, 0x33, 0x22, 0x22, 
	0x22, 0x22, 0x22, 0x33, 0x32, 0x33, 0x33, 0x33, 0x22, 0x22, 0x22, 0x33, 0x33, 0x33, 0x34, 
	0x54, 0x32, 0x22, 0x23, 0x32, 0x22, 0x22, 0x11, 0x11, 0x11, 0x11, 0x11, 0x11, 0x11, 0x11, 
	0x11, 0x11, 0x11, 0x11, 0x11, 0x11, 0x11, 0x11, 0x11, 0x11, 0x11, 0x11, 0x11, 0x11, 0x11, 
	0x11, 0x11, 0x11, 0x11, 0x11, 0x11, 0x11, 0x11, 0x11, 0x11, 0x11, 0x11, 0x11, 0x11, 0x11, 
	0x11, 0x11, 0x11, 0x22, 0x22, 0x23, 0x33, 0x33, 0x34, 0x44, 0x44, 0x44, 0x44, 0x44, 0x33, 
	0x33, 0x22, 0x22, 0x22, 0x33, 0x32, 0x33, 0x33, 0x33, 0x46, 0x67, 0x77, 0x78, 0x88, 0x88, 
	0x88, 0x87, 0x77, 0x66, 0x66, 0x66, 0x66, 0x66, 0x66, 0x66, 0x77, 0x77, 0x77, 0x77, 0x77, 
	0x77, 0x89, 0xAB, 0xCC, 0xBB, 0xAA, 0xAA, 0xAA, 0xAA, 0xAA, 0x99, 0x99, 0x98, 0x88, 0x77, 
	0x76, 0x66, 0x55, 0x55, 0x55, 0x55, 0x55, 0x54, 0x44, 0x33, 0x22, 0x11, 0x11, 0x11, 0x11, 
	0x11, 0x11, 0x00, 0x00, 0x00, 0x00, 0x00, 0x00, 0x00, 0x00, 0x00, 0x00, 0x00, 0x00, 0x00, 
	0x00, 0x00, 0x00, 0x00, 0x00, 0x00, 0x00, 0x00, 0x00, 0x00, 0x00, 0x00, 0x00, 0x00, 0x00, 
	0x00, 0x00, 0x00, 0x00, 0x00, 0x00, 0x00, 0x00, 0x00, 0x00, 0x00, 0x00, 0x00, 0x00, 0x00, 
	0x00, 0x00, 0x00, 0x00, 0x00, 0x00, 0x00, 0x00, 0x00, 0x00, 0x00, 0x00, 0x00, 0x00, 0x00, 
	0x00, 0x00, 0x00, 0x00, 0x00, 0x00, 0x00, 0x00, 0x00, 0x00, 0x00, 0x00, 0x00, 0x00, 0x00, 
	0x00, 0x00, 0x00, 0x00, 0x00, 0x00, 0x00, 0x00, 0x00, 0x00, 0x00, 0x00, 0x00, 0x00, 0x00, 
	0x00, 0x00, 0x00, 0x00, 0x00, 0x00, 0x00, 0x00, 0x00, 0x00, 0x00, 0x00, 0x00, 0x00, 0x00, 
	0x11, 0x22, 0x22, 0x22, 0x22, 0x22, 0x22, 0x23, 0x56, 0x66, 0x67, 0x77, 0x77, 0x66, 0x66, 
	0x55, 0x65, 0x56, 0x56, 0x66, 0x77, 0x88, 0x77, 0x76, 0x66, 0x77, 0x77, 0x67, 0x77, 0x76, 
	0x67, 0x77, 0x77, 0x76, 0x66, 0x88, 0x88, 0x76, 0x55, 0x67, 0x89, 0x98, 0x65, 0x44, 0x33, 
	0x33, 0x33, 0x33, 0x33, 0x33, 0x33, 0x33, 0x33, 0x33, 0x33, 0x33, 0x33, 0x33, 0x32, 0x22, 
	0x22, 0x22, 0x22, 0x33, 0x22, 0x33, 0x33, 0x33, 0x22, 0x22, 0x33, 0x33, 0x33, 0x33, 0x45, 
	0x55, 0x33, 0x33, 0x33, 0x33, 0x32, 0x22, 0x11, 0x11, 0x11, 0x11, 0x11, 0x11, 0x11, 0x11, 
	0x11, 0x11, 0x11, 0x11, 0x11, 0x11, 0x11, 0x11, 0x11, 0x11, 0x11, 0x11, 0x11, 0x11, 0x11, 
	0x11, 0x11, 0x11, 0x11, 0x11, 0x11, 0x11, 0x11, 0x11, 0x11, 0x11, 0x11, 0x11, 0x11, 0x11, 
	0x11, 0x11, 0x11, 0x22, 0x22, 0x33, 0x33, 0x33, 0x33, 0x44, 0x44, 0x44, 0x43, 0x33, 0x33, 
	0x33, 0x22, 0x22, 0x22, 0x33, 0x22, 0x33, 0x33, 0x33, 0x46, 0x77, 0x77, 0x78, 0x88, 0x88, 
	0x88, 0x87, 0x76, 0x66, 0x66, 0x66, 0x66, 0x66, 0x66, 0x66, 0x67, 0x77, 0x77, 0x88, 0x77, 
	0x77, 0x89, 0xBB, 0xCB, 0xBA, 0xAA, 0xAA, 0xAA, 0xAA, 0xAA, 0x99, 0x99, 0x98, 0x88, 0x77, 
	0x66, 0x65, 0x55, 0x55, 0x55, 0x55, 0x55, 0x54, 0x44, 0x32, 0x21, 0x11, 0x11, 0x11, 0x11, 
	0x11, 0x10, 0x00, 0x00, 0x00, 0x00, 0x00, 0x00, 0x00, 0x00, 0x00, 0x00, 0x00, 0x00, 0x00, 
	0x00, 0x00, 0x00, 0x00, 0x00, 0x00, 0x00, 0x00, 0x00, 0x00, 0x00, 0x00, 0x00, 0x00, 0x00, 
	0x00, 0x00, 0x00, 0x00, 0x00, 0x00, 0x00, 0x00, 0x00, 0x00, 0x00, 0x00, 0x00, 0x00, 0x00, 
	0x00, 0x00, 0x00, 0x00, 0x00, 0x00, 0x00, 0x00, 0x00, 0x00, 0x00, 0x00, 0x00, 0x00, 0x00, 
	0x00, 0x00, 0x00, 0x00, 0x00, 0x00, 0x00, 0x00, 0x00, 0x00, 0x00, 0x00, 0x00, 0x00, 0x00, 
	0x00, 0x00, 0x00, 0x00, 0x00, 0x00, 0x00, 0x00, 0x00, 0x00, 0x00, 0x00, 0x00, 0x00, 0x00, 
	0x00, 0x00, 0x00, 0x00, 0x00, 0x00, 0x00, 0x00, 0x00, 0x00, 0x00, 0x00, 0x00, 0x00, 0x00, 
	0x11, 0x12, 0x22, 0x22, 0x22, 0x22, 0x22, 0x22, 0x24, 0x56, 0x67, 0x77, 0x77, 0x66, 0x66, 
	0x55, 0x65, 0x55, 0x66, 0x66, 0x77, 0x88, 0x77, 0x77, 0x77, 0x77, 0x77, 0x77, 0x77, 0x77, 
	0x66, 0x77, 0x77, 0x76, 0x66, 0x88, 0x88, 0x77, 0x55, 0x67, 0x99, 0x98, 0x76, 0x54, 0x33, 
	0x33, 0x44, 0x43, 0x33, 0x33, 0x33, 0x33, 0x43, 0x33, 0x33, 0x33, 0x33, 0x33, 0x32, 0x22, 
	0x22, 0x22, 0x22, 0x33, 0x22, 0x33, 0x33, 0x32, 0x22, 0x23, 0x34, 0x44, 0x43, 0x33, 0x46, 
	0x65, 0x43, 0x33, 0x33, 0x33, 0x33, 0x32, 0x22, 0x11, 0x11, 0x11, 0x11, 0x11, 0x11, 0x11, 
	0x11, 0x11, 0x11, 0x11, 0x11, 0x11, 0x11, 0x11, 0x11, 0x11, 0x11, 0x11, 0x11, 0x11, 0x11, 
	0x11, 0x11, 0x11, 0x11, 0x11, 0x11, 0x11, 0x11, 0x11, 0x11, 0x11, 0x11, 0x11, 0x11, 0x11, 
	0x11, 0x11, 0x12, 0x22, 0x22, 0x33, 0x33, 0x33, 0x33, 0x34, 0x44, 0x44, 0x33, 0x33, 0x33, 
	0x33, 0x22, 0x22, 0x22, 0x32, 0x22, 0x23, 0x32, 0x33, 0x35, 0x77, 0x77, 0x78, 0x88, 0x88, 
	0x88, 0x77, 0x76, 0x66, 0x55, 0x55, 0x66, 0x65, 0x66, 0x66, 0x66, 0x77, 0x77, 0x77, 0x77, 
	0x77, 0x89, 0xBB, 0xBB, 0xBA, 0xAA, 0xAA, 0xAA, 0xAA, 0xAA, 0xAA, 0x99, 0x98, 0x87, 0x77, 
	0x66, 0x55, 0x55, 0x55, 0x55, 0x55, 0x55, 0x54, 0x33, 0x22, 0x11, 0x11, 0x11, 0x11, 0x11, 
	0x11, 0x00, 0x00, 0x00, 0x00, 0x00, 0x00, 0x00, 0x00, 0x00, 0x00, 0x00, 0x00, 0x00, 0x00, 
	0x00, 0x00, 0x00, 0x00, 0x00, 0x00, 0x00, 0x00, 0x00, 0x00, 0x00, 0x00, 0x00, 0x00, 0x00, 
	0x00, 0x00, 0x00, 0x00, 0x00, 0x00, 0x00, 0x00, 0x00, 0x00, 0x00, 0x00, 0x00, 0x00, 0x00, 
	0x00, 0x00, 0x00, 0x00, 0x00, 0x00, 0x00, 0x00, 0x00, 0x00, 0x00, 0x00, 0x00, 0x00, 0x00, 
	0x00, 0x00, 0x00, 0x00, 0x00, 0x00, 0x00, 0x00, 0x00, 0x00, 0x00, 0x00, 0x00, 0x00, 0x00, 
	0x00, 0x00, 0x00, 0x00, 0x00, 0x00, 0x00, 0x00, 0x00, 0x00, 0x00, 0x00, 0x00, 0x00, 0x00, 
	0x00, 0x00, 0x00, 0x00, 0x00, 0x00, 0x00, 0x00, 0x00, 0x00, 0x00, 0x00, 0x00, 0x00, 0x00, 
	0x11, 0x11, 0x11, 0x22, 0x22, 0x22, 0x22, 0x22, 0x22, 0x35, 0x67, 0x77, 0x76, 0x66, 0x66, 
	0x66, 0x65, 0x55, 0x66, 0x76, 0x77, 0x88, 0x77, 0x67, 0x77, 0x77, 0x77, 0x77, 0x77, 0x77, 
	0x77, 0x77, 0x77, 0x76, 0x66, 0x88, 0x88, 0x87, 0x55, 0x67, 0x99, 0x98, 0x76, 0x54, 0x44, 
	0x34, 0x44, 0x44, 0x33, 0x33, 0x33, 0x33, 0x43, 0x33, 0x33, 0x33, 0x33, 0x33, 0x33, 0x32, 
	0x22, 0x22, 0x22, 0x33, 0x22, 0x33, 0x33, 0x32, 0x22, 0x33, 0x44, 0x44, 0x44, 0x44, 0x56, 
	0x65, 0x43, 0x33, 0x33, 0x44, 0x43, 0x32, 0x22, 0x22, 0x11, 0x11, 0x11, 0x11, 0x11, 0x11, 
	0x11, 0x11, 0x11, 0x11, 0x11, 0x11, 0x11, 0x11, 0x11, 0x11, 0x11, 0x11, 0x11, 0x11, 0x11, 
	0x11, 0x11, 0x11, 0x11, 0x11, 0x11, 0x11, 0x11, 0x11, 0x11, 0x11, 0x11, 0x11, 0x11, 0x11, 
	0x11, 0x11, 0x12, 0x23, 0x32, 0x33, 0x33, 0x33, 0x33, 0x33, 0x33, 0x43, 0x33, 0x32, 0x33, 
	0x22, 0x22, 0x22, 0x22, 0x22, 0x22, 0x22, 0x22, 0x23, 0x35, 0x78, 0x77, 0x77, 0x77, 0x77, 
	0x77, 0x77, 0x66, 0x65, 0x55, 0x55, 0x56, 0x65, 0x56, 0x66, 0x66, 0x67, 0x77, 0x77, 0x77, 
	0x77, 0x89, 0xBB, 0xBB, 0xBA, 0xAA, 0xAA, 0xAA, 0xAA, 0xAA, 0xAA, 0xA9, 0x98, 0x87, 0x76, 
	0x66, 0x55, 0x55, 0x55, 0x55, 0x55, 0x55, 0x44, 0x32, 0x21, 0x12, 0x11, 0x11, 0x11, 0x11, 
	0x00, 0x00, 0x00, 0x00, 0x00, 0x00, 0x00, 0x00, 0x00, 0x00, 0x00, 0x00, 0x00, 0x00, 0x00, 
	0x00, 0x00, 0x00, 0x00, 0x00, 0x00, 0x00, 0x00, 0x00, 0x00, 0x00, 0x00, 0x00, 0x00, 0x00, 
	0x00, 0x00, 0x00, 0x00, 0x00, 0x00, 0x00, 0x00, 0x00, 0x00, 0x00, 0x00, 0x00, 0x00, 0x00, 
	0x00, 0x00, 0x00, 0x00, 0x00, 0x00, 0x00, 0x00, 0x00, 0x00, 0x00, 0x00, 0x00, 0x00, 0x00, 
	0x00, 0x00, 0x00, 0x00, 0x00, 0x00, 0x00, 0x00, 0x00, 0x00, 0x00, 0x00, 0x00, 0x00, 0x00, 
	0x00, 0x00, 0x00, 0x00, 0x00, 0x00, 0x00, 0x00, 0x00, 0x00, 0x00, 0x00, 0x00, 0x00, 0x00, 
	0x00, 0x00, 0x00, 0x00, 0x00, 0x00, 0x00, 0x00, 0x00, 0x00, 0x00, 0x00, 0x00, 0x00, 0x00, 
	0x11, 0x11, 0x11, 0x22, 0x21, 0x22, 0x22, 0x22, 0x22, 0x22, 0x46, 0x66, 0x76, 0x66, 0x66, 
	0x66, 0x65, 0x55, 0x66, 0x66, 0x77, 0x88, 0x77, 0x77, 0x78, 0x88, 0x77, 0x77, 0x77, 0x78, 
	0x77, 0x77, 0x88, 0x76, 0x66, 0x78, 0x88, 0x87, 0x65, 0x67, 0x99, 0x98, 0x76, 0x54, 0x44, 
	0x44, 0x55, 0x44, 0x43, 0x33, 0x33, 0x33, 0x33, 0x33, 0x33, 0x33, 0x33, 0x33, 0x33, 0x33, 
	0x22, 0x22, 0x22, 0x23, 0x22, 0x33, 0x33, 0x32, 0x23, 0x35, 0x55, 0x54, 0x44, 0x44, 0x56, 
	0x65, 0x44, 0x33, 0x34, 0x44, 0x44, 0x33, 0x22, 0x22, 0x21, 0x11, 0x11, 0x11, 0x11, 0x11, 
	0x11, 0x11, 0x11, 0x11, 0x11, 0x11, 0x11, 0x11, 0x11, 0x11, 0x11, 0x11, 0x11, 0x11, 0x11, 
	0x11, 0x11, 0x11, 0x11, 0x11, 0x11, 0x11, 0x11, 0x11, 0x11, 0x11, 0x11, 0x11, 0x12, 0x22, 
	0x21, 0x11, 0x22, 0x23, 0x33, 0x33, 0x33, 0x33, 0x33, 0x33, 0x33, 0x33, 0x22, 0x22, 0x23, 
	0x23, 0x22, 0x22, 0x22, 0x22, 0x22, 0x22, 0x23, 0x22, 0x34, 0x67, 0x77, 0x77, 0x77, 0x77, 
	0x76, 0x76, 0x66, 0x55, 0x55, 0x55, 0x56, 0x65, 0x56, 0x66, 0x66, 0x67, 0x77, 0x77, 0x77, 
	0x77, 0x8A, 0xBB, 0xBB, 0xAA, 0xAA, 0xAA, 0xAA, 0xAA, 0xAA, 0xAA, 0xA9, 0x98, 0x87, 0x76, 
	0x66, 0x55, 0x55, 0x55, 0x55, 0x55, 0x54, 0x33, 0x22, 0x21, 0x11, 0x11, 0x11, 0x11, 0x10, 
	0x00, 0x00, 0x00, 0x00, 0x00, 0x00, 0x00, 0x00, 0x00, 0x00, 0x00, 0x00, 0x00, 0x00, 0x00, 
	0x00, 0x00, 0x00, 0x00, 0x00, 0x00, 0x00, 0x00, 0x00, 0x00, 0x00, 0x00, 0x00, 0x00, 0x00, 
	0x00, 0x00, 0x00, 0x00, 0x00, 0x00, 0x00, 0x00, 0x00, 0x00, 0x00, 0x00, 0x00, 0x00, 0x00, 
	0x00, 0x00, 0x00, 0x00, 0x00, 0x00, 0x00, 0x00, 0x00, 0x00, 0x00, 0x00, 0x00, 0x00, 0x00, 
	0x00, 0x00, 0x00, 0x00, 0x00, 0x00, 0x00, 0x00, 0x00, 0x00, 0x00, 0x00, 0x00, 0x00, 0x00, 
	0x00, 0x00, 0x00, 0x00, 0x00, 0x00, 0x00, 0x00, 0x00, 0x00, 0x00, 0x00, 0x00, 0x00, 0x00, 
	0x00, 0x00, 0x00, 0x00, 0x00, 0x00, 0x00, 0x00, 0x00, 0x00, 0x00, 0x00, 0x00, 0x00, 0x00, 
	0x11, 0x11, 0x11, 0x12, 0x22, 0x22, 0x22, 0x22, 0x22, 0x22, 0x34, 0x66, 0x77, 0x66, 0x67, 
	0x76, 0x56, 0x55, 0x56, 0x67, 0x77, 0x88, 0x77, 0x77, 0x88, 0x88, 0x87, 0x77, 0x77, 0x78, 
	0x87, 0x78, 0x88, 0x76, 0x66, 0x78, 0x88, 0x87, 0x65, 0x67, 0x89, 0x98, 0x86, 0x55, 0x44, 
	0x45, 0x55, 0x44, 0x43, 0x33, 0x33, 0x33, 0x33, 0x33, 0x33, 0x33, 0x33, 0x33, 0x33, 0x33, 
	0x32, 0x22, 0x22, 0x23, 0x33, 0x33, 0x33, 0x22, 0x33, 0x46, 0x65, 0x54, 0x44, 0x44, 0x56, 
	0x66, 0x54, 0x43, 0x34, 0x45, 0x44, 0x33, 0x22, 0x22, 0x22, 0x22, 0x11, 0x11, 0x11, 0x11, 
	0x11, 0x11, 0x11, 0x11, 0x11, 0x11, 0x11, 0x11, 0x11, 0x11, 0x11, 0x11, 0x11, 0x11, 0x11, 
	0x11, 0x11, 0x11, 0x11, 0x11, 0x11, 0x11, 0x11, 0x11, 0x11, 0x11, 0x11, 0x11, 0x22, 0x22, 
	0x22, 0x12, 0x22, 0x23, 0x33, 0x33, 0x33, 0x33, 0x33, 0x33, 0x33, 0x33, 0x22, 0x22, 0x23, 
	0x23, 0x22, 0x22, 0x22, 0x22, 0x22, 0x22, 0x33, 0x22, 0x34, 0x57, 0x87, 0x77, 0x66, 0x66, 
	0x66, 0x66, 0x55, 0x55, 0x55, 0x55, 0x55, 0x65, 0x55, 0x66, 0x66, 0x67, 0x77, 0x77, 0x77, 
	0x77, 0x8A, 0xBB, 0xBB, 0xAA, 0xAA, 0xAA, 0xAA, 0xAA, 0xAA, 0xAA, 0x99, 0x98, 0x87, 0x76, 
	0x65, 0x55, 0x56, 0x56, 0x65, 0x55, 0x43, 0x22, 0x11, 0x21, 0x11, 0x11, 0x11, 0x11, 0x00, 
	0x00, 0x00, 0x00, 0x00, 0x00, 0x00, 0x00, 0x00, 0x00, 0x00, 0x00, 0x00, 0x00, 0x00, 0x00, 
	0x00, 0x00, 0x00, 0x00, 0x00, 0x00, 0x00, 0x00, 0x00, 0x00, 0x00, 0x00, 0x00, 0x00, 0x00, 
	0x00, 0x00, 0x00, 0x00, 0x00, 0x00, 0x00, 0x00, 0x00, 0x00, 0x00, 0x00, 0x00, 0x00, 0x00, 
	0x00, 0x00, 0x00, 0x00, 0x00, 0x00, 0x00, 0x00, 0x00, 0x00, 0x00, 0x00, 0x00, 0x00, 0x00, 
	};

