const unsigned char ImageResource_cat4_600x400[120000] = {
	0xCC, 0xCC, 0xCD, 0xDC, 0xCC, 0xCD, 0xDD, 0xCC, 0xCC, 0xCC, 0xCC, 0xCC, 0xCC, 0xCC, 0xCC, 
	0xCD, 0xDD, 0xCC, 0xCC, 0xCC, 0xCC, 0xDD, 0xDC, 0xDD, 0xEE, 0xDD, 0xDD, 0xDD, 0xDD, 0xDD, 
	0xDD, 0xEF, 0xFF, 0xFE, 0xEF, 0xFF, 0xEE, 0xEE, 0xEF, 0xFE, 0xEE, 0xEE, 0xEF, 0xEE, 0xEE, 
	0xEF, 0xFF, 0xEE, 0xFF, 0xFE, 0xEE, 0xEE, 0xEE, 0xEE, 0xEE, 0xEE, 0xEF, 0xFF, 0xFF, 0xEE, 
	0xFF, 0xFF, 0xFF, 0xFF, 0xEE, 0xEF, 0xFF, 0xEE, 0xFF, 0xFF, 0xFF, 0xEE, 0xEE, 0xFF, 0xFE, 
	0xFF, 0xFF, 0xFF, 0xFE, 0xEE, 0xEE, 0xEF, 0xFF, 0xFE, 0xFF, 0xFE, 0xEE, 0xEF, 0xFF, 0xFF, 
	0xFE, 0xEF, 0xFF, 0xFF, 0xFF, 0xEE, 0xEE, 0xEE, 0xFF, 0xFE, 0xDC, 0xCC, 0xBB, 0xBB, 0xBB, 
	0xBB, 0xBB, 0xBB, 0xAA, 0xAA, 0xAA, 0xA9, 0x9A, 0xAA, 0xAA, 0xA9, 0x99, 0x99, 0x99, 0x99, 
	0x99, 0x99, 0x99, 0x99, 0x98, 0x89, 0x99, 0x99, 0x99, 0x99, 0x98, 0x89, 0x99, 0x99, 0x99, 
	0x99, 0x99, 0x99, 0x99, 0x99, 0x99, 0x99, 0x99, 0x99, 0x99, 0x99, 0xAA, 0xA9, 0xA9, 0xAA, 
	0xAA, 0xA9, 0xAA, 0xAA, 0xAA, 0xAA, 0x99, 0x99, 0x99, 0xAA, 0xAA, 0xAA, 0xAB, 0xBB, 0xBA, 
	0xAB, 0xBB, 0xAA, 0xAA, 0xBB, 0xBB, 0xBB, 0xBA, 0xAA, 0xBB, 0xBB, 0xAA, 0xAB, 0xBB, 0xBB, 
	0xCC, 0xCB, 0xBB, 0xBB, 0xBB, 0xBB, 0xBB, 0xBB, 0xBB, 0xBB, 0xBB, 0xCC, 0xCC, 0xCC, 0xCC, 
	0xCC, 0xCC, 0xCC, 0xCC, 0xCC, 0xCC, 0xCC, 0xCC, 0xCC, 0xCC, 0xCB, 0xAA, 0x9A, 0xA9, 0x99, 
	0x99, 0x99, 0x99, 0x99, 0x99, 0x99, 0x99, 0x99, 0x99, 0xAA, 0x99, 0x99, 0x99, 0x99, 0x99, 
	0x99, 0x99, 0x99, 0x99, 0x99, 0x99, 0x99, 0x99, 0x99, 0x99, 0x99, 0x99, 0x99, 0x99, 0x99, 
	0x99, 0x99, 0x99, 0x99, 0x99, 0x99, 0x99, 0x99, 0x99, 0x99, 0x99, 0x99, 0x99, 0x99, 0x98, 
	0x89, 0x99, 0x99, 0x99, 0x99, 0x99, 0x99, 0x99, 0x99, 0x99, 0x99, 0x88, 0x99, 0x99, 0x88, 
	0x99, 0x98, 0x99, 0x99, 0x99, 0x99, 0x99, 0x89, 0x99, 0x99, 0x99, 0x99, 0x98, 0x99, 0x99, 
	0x99, 0x99, 0x99, 0x99, 0x99, 0x99, 0x99, 0x98, 0x89, 0x99, 0x99, 0x99, 0x98, 0x99, 0x99, 
	0xCC, 0xCC, 0xCC, 0xCC, 0xCC, 0xDD, 0xCC, 0xCC, 0xCC, 0xCD, 0xDD, 0xDD, 0xDD, 0xDC, 0xCC, 
	0xCD, 0xDD, 0xCB, 0xCC, 0xCC, 0xDD, 0xDD, 0xDD, 0xDE, 0xEE, 0xDD, 0xDD, 0xDD, 0xDE, 0xED, 
	0xEE, 0xEF, 0xFF, 0xEE, 0xEE, 0xEE, 0xEE, 0xEE, 0xEF, 0xFE, 0xEE, 0xEE, 0xFF, 0xEE, 0xEE, 
	0xFF, 0xFE, 0xEE, 0xEE, 0xEF, 0xFE, 0xEE, 0xEE, 0xEE, 0xEE, 0xEE, 0xFF, 0xFF, 0xFF, 0xEE, 
	0xEE, 0xEF, 0xFF, 0xFE, 0xEE, 0xFF, 0xFF, 0xFF, 0xFF, 0xFF, 0xFE, 0xEE, 0xEF, 0xFF, 0xEE, 
	0xEF, 0xFF, 0xFF, 0xEE, 0xEE, 0xFF, 0xFF, 0xEE, 0xEE, 0xFF, 0xFF, 0xEE, 0xEE, 0xEF, 0xFF, 
	0xFF, 0xFF, 0xFF, 0xFF, 0xFE, 0xEE, 0xEF, 0xFE, 0xFF, 0xFE, 0xDC, 0xCC, 0xBB, 0xBB, 0xBB, 
	0xBB, 0xBA, 0xAB, 0xAA, 0xAA, 0xAA, 0xAA, 0x9A, 0xAA, 0xAA, 0x99, 0x99, 0x99, 0x99, 0x99, 
	0x99, 0x99, 0x99, 0x89, 0x98, 0x89, 0x99, 0x99, 0x99, 0x99, 0x98, 0x88, 0x99, 0x98, 0x99, 
	0x98, 0x99, 0x99, 0x99, 0x99, 0x99, 0x99, 0x99, 0x99, 0x99, 0x99, 0x99, 0xAA, 0x99, 0x9A, 
	0xAA, 0xAA, 0xAA, 0xAA, 0xA9, 0x99, 0x99, 0x99, 0x99, 0x99, 0x99, 0x9A, 0xAA, 0xBB, 0xBB, 
	0xAA, 0xBB, 0xAA, 0xAA, 0xBB, 0xBB, 0xBB, 0xBA, 0xAA, 0xAB, 0xBB, 0xBA, 0xAB, 0xBB, 0xBB, 
	0xBB, 0xBB, 0xBB, 0xBB, 0xBB, 0xBC, 0xCB, 0xBB, 0xBB, 0xBB, 0xBB, 0xBB, 0xCC, 0xCC, 0xCC, 
	0xCC, 0xCC, 0xCC, 0xCC, 0xCC, 0xCC, 0xCC, 0xCC, 0xCC, 0xCC, 0xCB, 0xAA, 0x99, 0xA9, 0x99, 
	0x99, 0x99, 0x99, 0x99, 0x99, 0x99, 0x99, 0x99, 0x99, 0xAA, 0x99, 0x99, 0x99, 0x99, 0x99, 
	0x99, 0x99, 0x99, 0x99, 0x99, 0x99, 0x99, 0x99, 0x99, 0x99, 0x99, 0x99, 0x99, 0x99, 0x99, 
	0x99, 0x99, 0x99, 0x99, 0x99, 0x99, 0x99, 0x99, 0x99, 0x99, 0x99, 0x99, 0x99, 0x99, 0x88, 
	0x99, 0x99, 0x99, 0x99, 0x99, 0x99, 0x99, 0x99, 0x99, 0x99, 0x99, 0x99, 0x99, 0x99, 0x98, 
	0x89, 0x99, 0x99, 0x99, 0x99, 0x99, 0x99, 0x99, 0x99, 0x99, 0x99, 0x99, 0x88, 0x88, 0x99, 
	0x99, 0x99, 0x99, 0x99, 0x99, 0x99, 0x99, 0x99, 0x99, 0x99, 0x99, 0x99, 0x99, 0x99, 0x99, 
	0xDC, 0xDD, 0xDD, 0xDD, 0xCD, 0xDD, 0xDD, 0xDC, 0xCD, 0xDD, 0xDD, 0xDD, 0xDD, 0xDC, 0xCC, 
	0xCC, 0xDC, 0xBB, 0xBC, 0xDD, 0xDD, 0xDE, 0xEE, 0xEE, 0xEE, 0xDD, 0xDD, 0xDD, 0xEE, 0xED, 
	0xEE, 0xEE, 0xFF, 0xEE, 0xEE, 0xEE, 0xEE, 0xEE, 0xEF, 0xFF, 0xFF, 0xEE, 0xFF, 0xFF, 0xFF, 
	0xFE, 0xEE, 0xEE, 0xEE, 0xEF, 0xFF, 0xEE, 0xEE, 0xEE, 0xEE, 0xEE, 0xFF, 0xFF, 0xFF, 0xFE, 
	0xEE, 0xEE, 0xFF, 0xEE, 0xEE, 0xEF, 0xFF, 0xFF, 0xFF, 0xFF, 0xFE, 0xEE, 0xEF, 0xFF, 0xEE, 
	0xEE, 0xFF, 0xFE, 0xEE, 0xEE, 0xFF, 0xFF, 0xEE, 0xEE, 0xEE, 0xEE, 0xEE, 0xEE, 0xEE, 0xEF, 
	0xFF, 0xFE, 0xFF, 0xFF, 0xFE, 0xEE, 0xFF, 0xFF, 0xFF, 0xFE, 0xDC, 0xBB, 0xBB, 0xBB, 0xBB, 
	0xBA, 0xAA, 0xAA, 0xAA, 0xAA, 0xAA, 0xAA, 0xAA, 0x99, 0x99, 0x99, 0x99, 0x99, 0x99, 0x99, 
	0x99, 0x99, 0x98, 0x88, 0x88, 0x88, 0x99, 0x99, 0x99, 0x99, 0x98, 0x88, 0x89, 0x88, 0x99, 
	0x98, 0x89, 0x99, 0x99, 0x99, 0x99, 0x99, 0x99, 0x99, 0x99, 0x99, 0x99, 0xAA, 0x99, 0x99, 
	0xAA, 0xAA, 0xAA, 0xAA, 0x99, 0x99, 0x99, 0xA9, 0x99, 0x99, 0xA9, 0x99, 0xAA, 0xAA, 0xBB, 
	0xBA, 0xAA, 0xAA, 0xAA, 0xAB, 0xBB, 0xBB, 0xAA, 0xAA, 0xAB, 0xBB, 0xBA, 0xAA, 0xAA, 0xAB, 
	0xBB, 0xBB, 0xBB, 0xBB, 0xBB, 0xBC, 0xCC, 0xBB, 0xBB, 0xBB, 0xBB, 0xBB, 0xBB, 0xCC, 0xCC, 
	0xCC, 0xCC, 0xCC, 0xCC, 0xCC, 0xCC, 0xCC, 0xCC, 0xCC, 0xCC, 0xCB, 0xBA, 0x99, 0x99, 0x99, 
	0x99, 0x99, 0x9A, 0xA9, 0x99, 0x99, 0x99, 0x99, 0x99, 0x9A, 0x99, 0x99, 0x99, 0x99, 0x99, 
	0x99, 0x99, 0x99, 0x99, 0x99, 0x99, 0x99, 0x99, 0x99, 0x99, 0x99, 0x99, 0x98, 0x99, 0x99, 
	0x99, 0x99, 0x99, 0x99, 0x99, 0x99, 0x99, 0x99, 0x99, 0x99, 0x99, 0x99, 0x99, 0x99, 0x99, 
	0x99, 0x99, 0x99, 0x99, 0x99, 0x99, 0x99, 0x99, 0x99, 0x99, 0x99, 0x99, 0x99, 0x99, 0x98, 
	0x88, 0x99, 0x99, 0x99, 0x99, 0x88, 0x99, 0x99, 0x99, 0x99, 0x99, 0x99, 0x99, 0x99, 0x99, 
	0x99, 0x99, 0x99, 0x99, 0x99, 0x99, 0x99, 0x98, 0x89, 0x88, 0x89, 0x99, 0x99, 0x99, 0x99, 
	0xDD, 0xDE, 0xED, 0xDD, 0xDD, 0xED, 0xDD, 0xDD, 0xDD, 0xED, 0xDD, 0xDD, 0xDD, 0xDC, 0xCC, 
	0xCC, 0xCC, 0xBB, 0xCD, 0xDD, 0xDD, 0xDE, 0xED, 0xDE, 0xED, 0xDE, 0xED, 0xDE, 0xEE, 0xDD, 
	0xEE, 0xEE, 0xFF, 0xFE, 0xEE, 0xEE, 0xEF, 0xFE, 0xEE, 0xFF, 0xFF, 0xEE, 0xEF, 0xFF, 0xFF, 
	0xEE, 0xEE, 0xEF, 0xEE, 0xEF, 0xFF, 0xEE, 0xEE, 0xEE, 0xEE, 0xEE, 0xEF, 0xFF, 0xFF, 0xFF, 
	0xEE, 0xEE, 0xEF, 0xEE, 0xEE, 0xEE, 0xEF, 0xFF, 0xFF, 0xFF, 0xFE, 0xEE, 0xEE, 0xFE, 0xEE, 
	0xEE, 0xFF, 0xEE, 0xEE, 0xEF, 0xFF, 0xFE, 0xEE, 0xEE, 0xFF, 0xEE, 0xEE, 0xFF, 0xEE, 0xFF, 
	0xFF, 0xFE, 0xFE, 0xEE, 0xFF, 0xFE, 0xEF, 0xFF, 0xEE, 0xEE, 0xCB, 0xBB, 0xBB, 0xBB, 0xBA, 
	0xAA, 0xAA, 0xAA, 0xAA, 0xAA, 0xAA, 0xAA, 0xAA, 0x99, 0x99, 0x99, 0x99, 0x99, 0x99, 0x99, 
	0x99, 0x99, 0x98, 0x88, 0x88, 0x88, 0x88, 0x88, 0x88, 0x89, 0x98, 0x88, 0x88, 0x88, 0x99, 
	0x98, 0x88, 0x99, 0x99, 0x99, 0x99, 0x99, 0x99, 0x99, 0x99, 0x99, 0x99, 0x9A, 0x99, 0x99, 
	0xAA, 0xAA, 0xAA, 0x99, 0x9A, 0xAA, 0xAA, 0xAA, 0xAA, 0xAA, 0xAA, 0xA9, 0x9A, 0xAA, 0xAB, 
	0xBB, 0xAA, 0xAA, 0xAA, 0xAA, 0xBB, 0xBB, 0xAA, 0xAA, 0xBB, 0xBB, 0xBB, 0xAA, 0xAB, 0xBB, 
	0xBB, 0xBB, 0xBB, 0xBB, 0xBB, 0xBB, 0xCC, 0xBB, 0xBB, 0xBB, 0xBB, 0xBB, 0xBB, 0xCC, 0xCC, 
	0xCC, 0xCC, 0xCC, 0xCC, 0xCC, 0xCC, 0xCC, 0xDD, 0xCC, 0xCC, 0xCB, 0xBA, 0xA9, 0x99, 0x9A, 
	0x99, 0x99, 0x9A, 0xA9, 0xA9, 0x99, 0x99, 0x99, 0x99, 0x99, 0x99, 0x99, 0x99, 0x99, 0x99, 
	0x99, 0x99, 0x99, 0x99, 0x99, 0x99, 0x99, 0x99, 0x99, 0x99, 0x99, 0x99, 0x98, 0x99, 0x99, 
	0x99, 0x99, 0x99, 0x99, 0x99, 0x99, 0x99, 0x99, 0x99, 0x99, 0x89, 0x99, 0x99, 0x99, 0x99, 
	0x99, 0x99, 0x99, 0x99, 0x99, 0x88, 0x99, 0x99, 0x99, 0x99, 0x99, 0x99, 0x99, 0x99, 0x99, 
	0x99, 0x99, 0x99, 0x99, 0x99, 0x88, 0x99, 0x98, 0x89, 0x99, 0x99, 0x99, 0x99, 0x99, 0x99, 
	0x99, 0x99, 0x99, 0x98, 0x89, 0x99, 0x99, 0x88, 0x88, 0x88, 0x89, 0x99, 0x99, 0x99, 0x99, 
	0xDD, 0xDD, 0xDD, 0xDD, 0xDD, 0xDD, 0xDD, 0xDD, 0xDD, 0xEE, 0xDD, 0xDD, 0xDD, 0xDD, 0xDD, 
	0xCC, 0xCC, 0xCC, 0xDD, 0xDE, 0xDD, 0xDE, 0xEE, 0xDE, 0xED, 0xEE, 0xEE, 0xEE, 0xDD, 0xDD, 
	0xEE, 0xEF, 0xFF, 0xFE, 0xEE, 0xEE, 0xEF, 0xFE, 0xEE, 0xFF, 0xFF, 0xEE, 0xEE, 0xFF, 0xFE, 
	0xEE, 0xEE, 0xEF, 0xEE, 0xEE, 0xEE, 0xEE, 0xEE, 0xEE, 0xEE, 0xEE, 0xEE, 0xEF, 0xFF, 0xEE, 
	0xFE, 0xEE, 0xFF, 0xFF, 0xEE, 0xEE, 0xEE, 0xFF, 0xFF, 0xFF, 0xFF, 0xFF, 0xEE, 0xEE, 0xEE, 
	0xEE, 0xEE, 0xEE, 0xEE, 0xFF, 0xFE, 0xEE, 0xFF, 0xFE, 0xEF, 0xFE, 0xEE, 0xEE, 0xEE, 0xEF, 
	0xFE, 0xFF, 0xFF, 0xEE, 0xFF, 0xFE, 0xEE, 0xFF, 0xEE, 0xDD, 0xCB, 0xBB, 0xBB, 0xBB, 0xAA, 
	0xAA, 0xAA, 0xAA, 0xAA, 0xAA, 0xAA, 0xAA, 0xA9, 0x99, 0x99, 0x99, 0x99, 0xAA, 0x99, 0x88, 
	0x99, 0x99, 0x98, 0x88, 0x88, 0x88, 0x88, 0x88, 0x88, 0x88, 0x88, 0x88, 0x88, 0x88, 0x99, 
	0x98, 0x88, 0x88, 0x99, 0x99, 0x99, 0x99, 0x99, 0x99, 0x99, 0x99, 0x99, 0x99, 0x99, 0x89, 
	0x99, 0xAA, 0x99, 0x99, 0x9A, 0xAA, 0xBB, 0xAA, 0xAA, 0xAA, 0xAA, 0xAA, 0xAA, 0xAA, 0xAA, 
	0xBA, 0xAA, 0xAA, 0xAA, 0xAA, 0xAB, 0xBA, 0xAA, 0xAA, 0xBB, 0xBB, 0xBB, 0xBA, 0xBB, 0xBB, 
	0xBB, 0xBB, 0xBB, 0xBB, 0xBB, 0xBB, 0xBC, 0xCB, 0xBB, 0xBB, 0xBB, 0xBB, 0xBB, 0xCC, 0xCC, 
	0xCC, 0xCC, 0xCC, 0xCC, 0xCC, 0xCC, 0xCD, 0xDD, 0xDD, 0xCC, 0xCC, 0xBA, 0xA9, 0x99, 0x9A, 
	0xAA, 0x99, 0x99, 0x99, 0x99, 0x99, 0x99, 0x99, 0x99, 0x99, 0x99, 0x99, 0x99, 0x99, 0x99, 
	0x99, 0x99, 0x99, 0x99, 0x99, 0x99, 0x99, 0x99, 0x99, 0x99, 0x99, 0x99, 0x99, 0x99, 0x99, 
	0x99, 0x99, 0x99, 0x99, 0x99, 0x99, 0x99, 0x99, 0x99, 0x99, 0x99, 0x99, 0x99, 0x99, 0x99, 
	0x99, 0x99, 0x99, 0x99, 0x98, 0x89, 0x99, 0x99, 0x99, 0x99, 0x99, 0x99, 0x99, 0x89, 0x99, 
	0x99, 0x99, 0x99, 0x99, 0x99, 0x88, 0x99, 0x99, 0x89, 0x99, 0x99, 0x99, 0x99, 0x99, 0x99, 
	0x99, 0x99, 0x99, 0x98, 0x88, 0x99, 0x99, 0x88, 0x99, 0x98, 0x89, 0x99, 0x99, 0x99, 0x99, 
	0xDD, 0xDD, 0xDD, 0xDD, 0xDD, 0xDD, 0xDD, 0xDD, 0xDD, 0xEE, 0xEE, 0xDD, 0xDD, 0xDD, 0xDD, 
	0xCC, 0xDC, 0xCC, 0xDE, 0xEE, 0xDD, 0xDE, 0xEE, 0xEE, 0xDD, 0xDD, 0xDD, 0xDD, 0xDD, 0xDD, 
	0xDD, 0xDE, 0xEF, 0xFE, 0xEE, 0xEE, 0xEF, 0xFE, 0xEE, 0xFF, 0xFE, 0xEE, 0xEE, 0xEF, 0xFE, 
	0xEE, 0xEE, 0xEF, 0xFF, 0xEE, 0xEE, 0xEE, 0xEE, 0xEE, 0xEE, 0xEE, 0xEE, 0xEE, 0xEE, 0xEE, 
	0xFF, 0xEE, 0xFF, 0xFF, 0xEE, 0xEE, 0xEE, 0xEE, 0xEE, 0xEE, 0xEF, 0xFF, 0xEE, 0xEE, 0xEE, 
	0xEE, 0xEE, 0xEE, 0xFF, 0xFF, 0xFE, 0xEE, 0xFF, 0xEE, 0xEF, 0xFF, 0xFF, 0xFF, 0xEE, 0xEF, 
	0xFF, 0xEF, 0xFF, 0xFF, 0xFF, 0xEE, 0xEE, 0xFF, 0xED, 0xDC, 0xCB, 0xBC, 0xBB, 0xBA, 0xAA, 
	0xAA, 0xAA, 0xAA, 0x99, 0x99, 0xAA, 0xA9, 0x99, 0x99, 0x99, 0x99, 0x99, 0xA9, 0x99, 0x98, 
	0x99, 0x99, 0x99, 0x88, 0x88, 0x77, 0x78, 0x88, 0x99, 0x88, 0x88, 0x88, 0x88, 0x88, 0x89, 
	0x99, 0x88, 0x88, 0x89, 0x99, 0x99, 0x99, 0x99, 0x99, 0x99, 0x88, 0x99, 0x99, 0x98, 0x88, 
	0x99, 0x9A, 0x99, 0x99, 0xAA, 0xAA, 0xBA, 0xAA, 0xAA, 0xAA, 0xAA, 0xAA, 0xAA, 0xAA, 0xAA, 
	0xAA, 0xAA, 0xAB, 0xBB, 0xBB, 0xBB, 0xBA, 0xAA, 0xAA, 0xAB, 0xBB, 0xCB, 0xBB, 0xAB, 0xBB, 
	0xBB, 0xBB, 0xBB, 0xBB, 0xBB, 0xBB, 0xBB, 0xBB, 0xBB, 0xBB, 0xBB, 0xBB, 0xBB, 0xCC, 0xCC, 
	0xCC, 0xCC, 0xCC, 0xCC, 0xCC, 0xCC, 0xDD, 0xDD, 0xDD, 0xCC, 0xCC, 0xBB, 0xAA, 0x99, 0x9A, 
	0xAA, 0x99, 0x99, 0x99, 0x99, 0x99, 0x99, 0x99, 0x99, 0x99, 0x99, 0x99, 0x99, 0x99, 0x99, 
	0x99, 0x99, 0x99, 0x99, 0x99, 0x99, 0x99, 0x99, 0x99, 0x99, 0x99, 0x99, 0x99, 0x98, 0x89, 
	0x99, 0x99, 0x98, 0x99, 0x99, 0x99, 0x99, 0x99, 0x99, 0x99, 0x99, 0x99, 0x99, 0x99, 0x99, 
	0x99, 0x99, 0x99, 0x99, 0x98, 0x99, 0x99, 0x99, 0x99, 0x99, 0x88, 0x88, 0x88, 0x99, 0x99, 
	0x99, 0x99, 0x99, 0x99, 0x99, 0x88, 0x99, 0x99, 0x99, 0x99, 0x99, 0x99, 0x99, 0x99, 0x99, 
	0x99, 0x99, 0x99, 0x99, 0x98, 0x99, 0x99, 0x89, 0x99, 0x98, 0x88, 0x88, 0x88, 0x89, 0x99, 
	0xDC, 0xCC, 0xCC, 0xCD, 0xDD, 0xDD, 0xDD, 0xDD, 0xDD, 0xEE, 0xED, 0xDD, 0xDD, 0xDD, 0xDD, 
	0xCC, 0xDD, 0xCC, 0xDD, 0xDD, 0xDD, 0xDD, 0xEE, 0xED, 0xDD, 0xDC, 0xDD, 0xDD, 0xDD, 0xDD, 
	0xCC, 0xCD, 0xEF, 0xFF, 0xEE, 0xEE, 0xEF, 0xFE, 0xEE, 0xEE, 0xEE, 0xEE, 0xEE, 0xFF, 0xFF, 
	0xFE, 0xEE, 0xFF, 0xFF, 0xEE, 0xEE, 0xEE, 0xEE, 0xEE, 0xEF, 0xFF, 0xFF, 0xFF, 0xEE, 0xEE, 
	0xFF, 0xEE, 0xFF, 0xFF, 0xEE, 0xEE, 0xEE, 0xEE, 0xEE, 0xEE, 0xEE, 0xFF, 0xFF, 0xEE, 0xEE, 
	0xEE, 0xEE, 0xFF, 0xFF, 0xFF, 0xEE, 0xEE, 0xEE, 0xEE, 0xFF, 0xFE, 0xEE, 0xEE, 0xED, 0xEE, 
	0xFE, 0xEE, 0xFF, 0xFF, 0xFE, 0xEE, 0xEE, 0xFF, 0xED, 0xDC, 0xCB, 0xBB, 0xBB, 0xBB, 0xAA, 
	0xAA, 0xAA, 0xAA, 0x99, 0x99, 0x99, 0x99, 0x98, 0x88, 0x88, 0x89, 0x89, 0x99, 0x99, 0x99, 
	0x99, 0x99, 0x98, 0x88, 0x88, 0x77, 0x88, 0x88, 0x88, 0x88, 0x88, 0x88, 0x88, 0x88, 0x88, 
	0x88, 0x88, 0x88, 0x88, 0x89, 0x99, 0x99, 0x99, 0x99, 0x99, 0x88, 0x99, 0x99, 0x88, 0x88, 
	0x99, 0x99, 0x99, 0x99, 0x9A, 0xAA, 0xAA, 0x9A, 0xAA, 0x99, 0x9A, 0xAA, 0xAA, 0xAA, 0xAA, 
	0xAA, 0xAA, 0xAB, 0xBB, 0xBB, 0xBB, 0xAA, 0xAA, 0xBA, 0xAA, 0xBB, 0xBB, 0xBA, 0xAA, 0xBB, 
	0xBB, 0xBC, 0xBB, 0xBB, 0xBB, 0xBB, 0xBB, 0xBB, 0xBB, 0xBB, 0xBB, 0xBB, 0xBB, 0xCC, 0xCC, 
	0xCC, 0xCC, 0xCC, 0xCC, 0xCC, 0xCC, 0xDD, 0xDC, 0xCC, 0xCD, 0xDC, 0xCC, 0xBB, 0xA9, 0x99, 
	0x99, 0x99, 0x99, 0xA9, 0x99, 0x99, 0x99, 0x99, 0x99, 0x99, 0x99, 0x99, 0x99, 0x99, 0x99, 
	0x99, 0x99, 0x99, 0x99, 0x99, 0x99, 0x99, 0x99, 0x99, 0x99, 0x99, 0x99, 0x99, 0x99, 0x99, 
	0x99, 0x99, 0x99, 0x99, 0x99, 0x99, 0x99, 0x99, 0x99, 0x99, 0x99, 0x99, 0x99, 0x99, 0x99, 
	0x99, 0x99, 0x99, 0x99, 0x99, 0x99, 0x99, 0x99, 0x99, 0x99, 0x88, 0x88, 0x89, 0x99, 0x99, 
	0x99, 0x99, 0x99, 0x99, 0x99, 0x99, 0x99, 0x99, 0x99, 0x99, 0x99, 0x99, 0x99, 0x99, 0x99, 
	0x99, 0x99, 0x99, 0x99, 0x99, 0x99, 0x99, 0x99, 0x99, 0x98, 0x88, 0x88, 0x88, 0x89, 0x99, 
	0xDC, 0xCC, 0xCB, 0xBC, 0xDD, 0xDD, 0xDD, 0xDD, 0xDD, 0xDD, 0xDD, 0xDD, 0xDD, 0xDD, 0xDD, 
	0xDD, 0xDD, 0xCC, 0xCC, 0xCB, 0xBC, 0xCC, 0xDD, 0xDD, 0xCC, 0xCC, 0xCD, 0xDD, 0xDD, 0xDC, 
	0xCC, 0xDE, 0xEF, 0xFF, 0xFE, 0xEE, 0xEF, 0xFE, 0xEE, 0xEE, 0xEE, 0xEE, 0xEF, 0xFF, 0xFF, 
	0xFF, 0xFF, 0xFF, 0xFF, 0xFE, 0xEE, 0xEE, 0xEE, 0xEE, 0xFF, 0xFF, 0xFF, 0xFF, 0xFE, 0xEE, 
	0xFF, 0xEE, 0xEF, 0xFF, 0xFF, 0xFF, 0xFE, 0xEE, 0xEE, 0xEE, 0xEE, 0xFF, 0xFF, 0xEE, 0xEE, 
	0xEE, 0xFF, 0xFF, 0xFF, 0xEE, 0xEE, 0xFE, 0xEE, 0xEF, 0xFE, 0xED, 0xDD, 0xCC, 0xBB, 0xBD, 
	0xDD, 0xDD, 0xEF, 0xFF, 0xFE, 0xEF, 0xFF, 0xFF, 0xED, 0xDC, 0xCB, 0xBB, 0xBB, 0xBB, 0xBA, 
	0xAA, 0xAA, 0xAA, 0x99, 0x99, 0x99, 0x99, 0x98, 0x88, 0x88, 0x88, 0x88, 0x88, 0x99, 0x99, 
	0x99, 0x98, 0x88, 0x88, 0x88, 0x78, 0x88, 0x88, 0x88, 0x88, 0x88, 0x87, 0x88, 0x88, 0x88, 
	0x88, 0x88, 0x88, 0x88, 0x88, 0x88, 0x89, 0x99, 0x99, 0x89, 0x98, 0x88, 0x88, 0x88, 0x88, 
	0x99, 0x99, 0x99, 0x99, 0x99, 0x99, 0x99, 0x99, 0xAA, 0x99, 0x9A, 0xAA, 0xAA, 0xAA, 0xAA, 
	0xAA, 0xAA, 0xAB, 0xBB, 0xBB, 0xAA, 0xAA, 0xAA, 0xBB, 0xAA, 0xAB, 0xBB, 0xBA, 0xAA, 0xBB, 
	0xBB, 0xCC, 0xBB, 0xBB, 0xBB, 0xBB, 0xBB, 0xBC, 0xBB, 0xBB, 0xBB, 0xBB, 0xBB, 0xBC, 0xCC, 
	0xCC, 0xCC, 0xCC, 0xCC, 0xCC, 0xCC, 0xDD, 0xCC, 0xCC, 0xCD, 0xDC, 0xCC, 0xCB, 0xAA, 0x99, 
	0x99, 0x99, 0x99, 0x99, 0x99, 0x99, 0x99, 0xAA, 0xAA, 0x99, 0x99, 0x99, 0x99, 0x99, 0xA9, 
	0x99, 0x99, 0x99, 0xAA, 0xA9, 0x99, 0x98, 0x99, 0x99, 0x99, 0x99, 0x99, 0x99, 0x99, 0x99, 
	0x99, 0x99, 0x99, 0x99, 0x99, 0x9A, 0xA9, 0x99, 0x99, 0x99, 0x89, 0x99, 0x98, 0x99, 0x99, 
	0x99, 0x99, 0x99, 0x99, 0x99, 0x99, 0x99, 0x99, 0x99, 0x99, 0x99, 0x99, 0x99, 0x99, 0x88, 
	0x89, 0x99, 0x99, 0x99, 0x99, 0x99, 0x99, 0x99, 0x99, 0x99, 0x99, 0x99, 0x99, 0x99, 0x99, 
	0x99, 0x99, 0x88, 0x89, 0x99, 0x99, 0x99, 0x99, 0x99, 0x99, 0x88, 0x88, 0x99, 0x99, 0x99, 
	0xCC, 0xDD, 0xCC, 0xCC, 0xDD, 0xDD, 0xDD, 0xDE, 0xED, 0xDD, 0xDD, 0xDD, 0xDE, 0xEE, 0xED, 
	0xDD, 0xDD, 0xCB, 0xCC, 0xBB, 0xBB, 0xCC, 0xCC, 0xCC, 0xCC, 0xCC, 0xCD, 0xDD, 0xDE, 0xDD, 
	0xDD, 0xEE, 0xEF, 0xFF, 0xFE, 0xEE, 0xFE, 0xEE, 0xEE, 0xEE, 0xEE, 0xFF, 0xEE, 0xFF, 0xFF, 
	0xFF, 0xFF, 0xFE, 0xEE, 0xEF, 0xFF, 0xEE, 0xEE, 0xEF, 0xFF, 0xFF, 0xFF, 0xFF, 0xFF, 0xEE, 
	0xEF, 0xFE, 0xEE, 0xEF, 0xFF, 0xFF, 0xEE, 0xEE, 0xEE, 0xEE, 0xEE, 0xEE, 0xEF, 0xFF, 0xFE, 
	0xEF, 0xEF, 0xFF, 0xFF, 0xEE, 0xFF, 0xFE, 0xEE, 0xFF, 0xED, 0xCB, 0xAA, 0x99, 0x88, 0x9A, 
	0xBB, 0xBB, 0xCE, 0xFF, 0xFF, 0xFF, 0xFF, 0xFF, 0xED, 0xCC, 0xCB, 0xBB, 0xBB, 0xBB, 0xAA, 
	0xAA, 0xAA, 0xAA, 0xAA, 0x99, 0x99, 0x99, 0x98, 0x88, 0x88, 0x88, 0x78, 0x88, 0x88, 0x89, 
	0x99, 0x98, 0x88, 0x88, 0x88, 0x88, 0x88, 0x87, 0x77, 0x78, 0x88, 0x88, 0x88, 0x88, 0x88, 
	0x88, 0x88, 0x88, 0x88, 0x88, 0x88, 0x88, 0x88, 0x99, 0x98, 0x89, 0x99, 0x88, 0x88, 0x99, 
	0x88, 0x88, 0x89, 0x99, 0x99, 0x88, 0x99, 0x99, 0x99, 0x9A, 0xAA, 0x99, 0x9A, 0xAA, 0xAA, 
	0xAA, 0x99, 0xAA, 0xAA, 0xAA, 0xAA, 0x99, 0x9A, 0xBB, 0xAA, 0xAB, 0xBB, 0xBB, 0xAA, 0xAA, 
	0xBB, 0xCC, 0xBB, 0xBB, 0xBB, 0xBB, 0xBB, 0xBB, 0xBB, 0xBB, 0xBB, 0xBB, 0xBB, 0xCC, 0xCC, 
	0xCC, 0xCC, 0xCC, 0xCC, 0xCC, 0xCC, 0xCC, 0xCC, 0xCC, 0xCC, 0xCC, 0xCC, 0xCC, 0xBB, 0xA9, 
	0x99, 0x99, 0x99, 0xA9, 0x9A, 0x99, 0x99, 0x99, 0xAA, 0xA9, 0x99, 0x99, 0x99, 0x99, 0x99, 
	0x99, 0x99, 0x99, 0x99, 0x99, 0x99, 0x99, 0x99, 0x99, 0x99, 0x99, 0x99, 0x99, 0x99, 0x99, 
	0x99, 0x99, 0x99, 0x99, 0x99, 0x99, 0x99, 0x99, 0x99, 0x99, 0x98, 0x99, 0x98, 0x89, 0x99, 
	0x99, 0x99, 0x99, 0x99, 0x99, 0x99, 0x99, 0x99, 0x99, 0x99, 0x99, 0x99, 0x99, 0x99, 0x99, 
	0x99, 0x99, 0x99, 0x88, 0x89, 0x99, 0x99, 0x99, 0x99, 0x99, 0x99, 0x99, 0x99, 0x99, 0x99, 
	0x99, 0x88, 0x88, 0x89, 0x99, 0x99, 0x99, 0x99, 0x99, 0x99, 0x98, 0x99, 0x99, 0x88, 0x99, 
	0xDD, 0xDD, 0xDD, 0xDD, 0xDD, 0xDD, 0xDE, 0xED, 0xDE, 0xEE, 0xDD, 0xDD, 0xDD, 0xEE, 0xED, 
	0xDD, 0xDC, 0xBB, 0xBB, 0xBB, 0xBC, 0xCC, 0xCC, 0xCD, 0xDC, 0xCC, 0xCD, 0xDD, 0xEE, 0xDD, 
	0xDE, 0xEE, 0xEF, 0xFF, 0xFE, 0xEE, 0xEE, 0xEE, 0xEE, 0xEE, 0xEE, 0xFF, 0xEE, 0xEF, 0xFF, 
	0xFF, 0xFF, 0xEE, 0xEE, 0xEF, 0xFF, 0xFE, 0xEE, 0xFF, 0xFF, 0xFF, 0xFF, 0xFF, 0xFF, 0xEE, 
	0xEE, 0xEF, 0xFF, 0xFF, 0xEF, 0xFF, 0xEE, 0xEE, 0xEE, 0xEF, 0xFE, 0xEE, 0xEF, 0xFF, 0xFE, 
	0xEF, 0xFF, 0xFF, 0xFF, 0xEE, 0xEE, 0xFE, 0xFE, 0xFE, 0xDB, 0xA9, 0x88, 0x77, 0x77, 0x78, 
	0x99, 0x99, 0xAC, 0xDE, 0xEF, 0xFF, 0xFF, 0xFF, 0xED, 0xCC, 0xCB, 0xBB, 0xBA, 0xAA, 0xAA, 
	0xAA, 0xAA, 0xA9, 0x99, 0x99, 0x99, 0x99, 0x88, 0x88, 0x88, 0x87, 0x88, 0x88, 0x87, 0x88, 
	0x99, 0x88, 0x87, 0x77, 0x78, 0x87, 0x78, 0x88, 0x77, 0x78, 0x88, 0x88, 0x88, 0x88, 0x78, 
	0x88, 0x88, 0x88, 0x88, 0x88, 0x88, 0x88, 0x78, 0x99, 0x98, 0x89, 0x99, 0x88, 0x88, 0x88, 
	0x88, 0x88, 0x88, 0x99, 0x99, 0x88, 0x99, 0x99, 0x99, 0x99, 0xA9, 0x99, 0x99, 0xAA, 0xAA, 
	0xA9, 0x99, 0xAA, 0xAA, 0xAB, 0xBA, 0x99, 0x9A, 0xAB, 0xAA, 0xAB, 0xBB, 0xBB, 0xAA, 0xAA, 
	0xBB, 0xCC, 0xBB, 0xBB, 0xBB, 0xBB, 0xBB, 0xBB, 0xBB, 0xBB, 0xBB, 0xBB, 0xBB, 0xCC, 0xCC, 
	0xCC, 0xCC, 0xCC, 0xCC, 0xCC, 0xCC, 0xCC, 0xCC, 0xCC, 0xCC, 0xCC, 0xCC, 0xCC, 0xCB, 0xAA, 
	0x99, 0x99, 0x99, 0xA9, 0x99, 0x99, 0x99, 0x99, 0x9A, 0x99, 0x99, 0x99, 0x99, 0x99, 0xAA, 
	0x99, 0x99, 0x99, 0x99, 0x99, 0x99, 0x99, 0x99, 0x99, 0x99, 0x99, 0x99, 0x99, 0x99, 0x99, 
	0x89, 0x99, 0x99, 0x99, 0x99, 0x99, 0x99, 0x99, 0x99, 0x99, 0x99, 0x99, 0x99, 0x99, 0x99, 
	0x99, 0x99, 0x99, 0x99, 0x99, 0x99, 0x99, 0x99, 0x99, 0x99, 0x99, 0x99, 0x99, 0x99, 0x99, 
	0x99, 0x99, 0x88, 0x88, 0x88, 0x89, 0x89, 0x99, 0x99, 0x99, 0x99, 0x99, 0x99, 0x99, 0x99, 
	0x99, 0x99, 0x88, 0x99, 0x99, 0x99, 0x99, 0x99, 0x99, 0x99, 0x99, 0x99, 0x99, 0x99, 0x99, 
	0xEE, 0xEE, 0xEE, 0xDD, 0xEE, 0xEE, 0xEE, 0xED, 0xDE, 0xEE, 0xED, 0xDD, 0xDD, 0xDD, 0xDD, 
	0xDD, 0xDD, 0xCB, 0xBB, 0xBB, 0xCC, 0xDD, 0xCC, 0xDD, 0xDD, 0xDD, 0xDD, 0xDD, 0xEE, 0xED, 
	0xEE, 0xEE, 0xEF, 0xFF, 0xFE, 0xEF, 0xEE, 0xEE, 0xEE, 0xEE, 0xFF, 0xFF, 0xEE, 0xEE, 0xFF, 
	0xFF, 0xFE, 0xEE, 0xEE, 0xFF, 0xFF, 0xFF, 0xEE, 0xEF, 0xFF, 0xFF, 0xFF, 0xFF, 0xEE, 0xEE, 
	0xEE, 0xEF, 0xFF, 0xFF, 0xEE, 0xEE, 0xEE, 0xEE, 0xEE, 0xFF, 0xFF, 0xFF, 0xEF, 0xFF, 0xFE, 
	0xEF, 0xFF, 0xFF, 0xFF, 0xFE, 0xEE, 0xFE, 0xFE, 0xED, 0xBA, 0x98, 0x77, 0x77, 0x77, 0x77, 
	0x88, 0x88, 0x89, 0xAB, 0xDE, 0xEF, 0xFF, 0xFF, 0xED, 0xCC, 0xBB, 0xBB, 0xAA, 0xAA, 0xAA, 
	0xAA, 0xAA, 0x99, 0x99, 0x99, 0x99, 0x98, 0x88, 0x88, 0x88, 0x88, 0x88, 0x88, 0x87, 0x78, 
	0x88, 0x88, 0x77, 0x77, 0x78, 0x87, 0x78, 0x88, 0x88, 0x88, 0x88, 0x88, 0x88, 0x87, 0x78, 
	0x88, 0x87, 0x77, 0x88, 0x88, 0x88, 0x77, 0x78, 0x89, 0x88, 0x88, 0x99, 0x88, 0x88, 0x88, 
	0x88, 0x88, 0x88, 0x89, 0x99, 0x88, 0x88, 0x89, 0x99, 0x99, 0x99, 0x99, 0x99, 0x99, 0xAA, 
	0xA9, 0x99, 0xAA, 0xAA, 0xAB, 0xBA, 0x99, 0x99, 0xAA, 0xAA, 0xAB, 0xBB, 0xBB, 0xAA, 0xAA, 
	0xAB, 0xBB, 0xBB, 0xBB, 0xBB, 0xCC, 0xBB, 0xBB, 0xBB, 0xBB, 0xBB, 0xBB, 0xBB, 0xCC, 0xCC, 
	0xCC, 0xCC, 0xCC, 0xCC, 0xCC, 0xCC, 0xCC, 0xCC, 0xCC, 0xCC, 0xCD, 0xCC, 0xCC, 0xCB, 0xBA, 
	0x99, 0x99, 0x9A, 0xAA, 0x99, 0x99, 0x99, 0x99, 0x99, 0x99, 0x99, 0x99, 0x99, 0x9A, 0x99, 
	0x99, 0x99, 0x99, 0x99, 0x99, 0x99, 0x99, 0x99, 0x99, 0x99, 0x99, 0x99, 0x99, 0x99, 0x99, 
	0x89, 0x99, 0x99, 0x99, 0x99, 0x99, 0x99, 0x99, 0x99, 0x99, 0x99, 0x99, 0x99, 0x99, 0x99, 
	0x99, 0x99, 0x99, 0x99, 0x99, 0x99, 0x99, 0x99, 0x99, 0x99, 0x99, 0x99, 0x99, 0x99, 0x99, 
	0x99, 0x99, 0x89, 0x99, 0x98, 0x89, 0x88, 0x99, 0x99, 0x99, 0x99, 0x99, 0x99, 0x99, 0x99, 
	0x99, 0x99, 0x98, 0x99, 0x99, 0x98, 0x99, 0x99, 0x99, 0x99, 0x99, 0x99, 0x98, 0x99, 0x99, 
	0xEE, 0xEF, 0xEE, 0xED, 0xEE, 0xEE, 0xEE, 0xEE, 0xDE, 0xEE, 0xEE, 0xDD, 0xDD, 0xDD, 0xCC, 
	0xDE, 0xDD, 0xCC, 0xBB, 0xBB, 0xCC, 0xDD, 0xDD, 0xDD, 0xDD, 0xDD, 0xDD, 0xDD, 0xEE, 0xEE, 
	0xEE, 0xEE, 0xEF, 0xFF, 0xEE, 0xEF, 0xEE, 0xEE, 0xEE, 0xFF, 0xFF, 0xFF, 0xEE, 0xEE, 0xEE, 
	0xEE, 0xEE, 0xEE, 0xEF, 0xFF, 0xFF, 0xFE, 0xEE, 0xEF, 0xFF, 0xFF, 0xFF, 0xFE, 0xEE, 0xFF, 
	0xEE, 0xEF, 0xFF, 0xFF, 0xEE, 0xEE, 0xEE, 0xEE, 0xEE, 0xFF, 0xFF, 0xFF, 0xEE, 0xFF, 0xEE, 
	0xEF, 0xFF, 0xFF, 0xFF, 0xFE, 0xEE, 0xFE, 0xFE, 0xDB, 0x98, 0x87, 0x77, 0x77, 0x77, 0x78, 
	0x88, 0x88, 0x88, 0x89, 0xAB, 0xCD, 0xEE, 0xFE, 0xED, 0xCC, 0xBB, 0xBA, 0xAA, 0xAA, 0xAA, 
	0xAA, 0xA9, 0x99, 0x99, 0x89, 0x99, 0x88, 0x88, 0x88, 0x77, 0x88, 0x89, 0x88, 0x77, 0x77, 
	0x77, 0x87, 0x77, 0x77, 0x88, 0x87, 0x77, 0x88, 0x88, 0x88, 0x87, 0x78, 0x88, 0x87, 0x77, 
	0x88, 0x77, 0x77, 0x78, 0x88, 0x88, 0x77, 0x77, 0x89, 0x88, 0x88, 0x88, 0x88, 0x88, 0x88, 
	0x88, 0x98, 0x88, 0x88, 0x98, 0x88, 0x88, 0x88, 0x88, 0x88, 0x99, 0x99, 0x99, 0x99, 0xAA, 
	0xA9, 0x99, 0xAA, 0x99, 0xAA, 0xBA, 0xAA, 0x9A, 0xAA, 0xAA, 0xAA, 0xBB, 0xBB, 0xAA, 0xAA, 
	0xAB, 0xBB, 0xBB, 0xBB, 0xBB, 0xCC, 0xCB, 0xBB, 0xBB, 0xBB, 0xBB, 0xBB, 0xBC, 0xCC, 0xCC, 
	0xCC, 0xCC, 0xCC, 0xCC, 0xCC, 0xCC, 0xCC, 0xCC, 0xCC, 0xCC, 0xCC, 0xCC, 0xCC, 0xCB, 0xBA, 
	0x99, 0x99, 0x9A, 0xAA, 0x99, 0x99, 0x99, 0x99, 0x99, 0x99, 0x99, 0xA9, 0x99, 0x99, 0x99, 
	0x99, 0x99, 0x99, 0x99, 0x99, 0x99, 0x99, 0x99, 0x99, 0x99, 0x99, 0x99, 0x99, 0x99, 0x99, 
	0x89, 0x99, 0x99, 0x99, 0x99, 0x99, 0x99, 0x99, 0x99, 0x99, 0x99, 0x98, 0x99, 0x99, 0x99, 
	0x99, 0x99, 0x99, 0x99, 0x99, 0x99, 0x99, 0x99, 0x99, 0x99, 0x99, 0x98, 0x99, 0x99, 0x99, 
	0x99, 0x98, 0x99, 0x99, 0x99, 0x89, 0x89, 0x99, 0x98, 0x89, 0x88, 0x99, 0x99, 0x99, 0x99, 
	0x99, 0x99, 0x98, 0x89, 0x99, 0x99, 0x99, 0x99, 0x99, 0x99, 0x99, 0x99, 0x88, 0x89, 0x88, 
	0xEE, 0xEE, 0xEE, 0xDD, 0xDE, 0xEE, 0xEE, 0xEE, 0xDE, 0xEE, 0xEE, 0xDD, 0xDD, 0xDD, 0xCC, 
	0xDD, 0xDD, 0xDC, 0xCB, 0xBB, 0xCD, 0xDD, 0xDD, 0xDD, 0xCC, 0xDD, 0xDD, 0xDD, 0xDD, 0xED, 
	0xDD, 0xDE, 0xEF, 0xFF, 0xEE, 0xEF, 0xEE, 0xEE, 0xFF, 0xFF, 0xFE, 0xEE, 0xEE, 0xEE, 0xEE, 
	0xEE, 0xEE, 0xEE, 0xFF, 0xFF, 0xFF, 0xEE, 0xEE, 0xEF, 0xFF, 0xFF, 0xFF, 0xFE, 0xEE, 0xFF, 
	0xEE, 0xEF, 0xFF, 0xFE, 0xEF, 0xFF, 0xFE, 0xEE, 0xEE, 0xEF, 0xFF, 0xFF, 0xEE, 0xFF, 0xEE, 
	0xEE, 0xFF, 0xFF, 0xEE, 0xEF, 0xFF, 0xFF, 0xED, 0xB9, 0x88, 0x77, 0x76, 0x77, 0x77, 0x77, 
	0x88, 0x87, 0x78, 0x88, 0x99, 0xAB, 0xCD, 0xDD, 0xED, 0xCB, 0xBB, 0xBA, 0xAA, 0xAA, 0xAA, 
	0xA9, 0x99, 0x99, 0x99, 0x88, 0x88, 0x88, 0x88, 0x88, 0x77, 0x78, 0x88, 0x87, 0x77, 0x77, 
	0x77, 0x77, 0x77, 0x77, 0x77, 0x77, 0x77, 0x78, 0x88, 0x88, 0x77, 0x67, 0x87, 0x77, 0x77, 
	0x77, 0x77, 0x76, 0x77, 0x88, 0x88, 0x77, 0x77, 0x88, 0x88, 0x88, 0x88, 0x88, 0x77, 0x87, 
	0x88, 0x98, 0x88, 0x88, 0x88, 0x88, 0x88, 0x88, 0x88, 0x88, 0x89, 0x99, 0x99, 0x99, 0x99, 
	0xA9, 0x99, 0x9A, 0x99, 0x9A, 0xAA, 0xAA, 0xAA, 0xAA, 0xAA, 0xAA, 0xAB, 0xBB, 0xBA, 0xAA, 
	0xAA, 0xBB, 0xBB, 0xBB, 0xBB, 0xCC, 0xCC, 0xBB, 0xBB, 0xBB, 0xBB, 0xBB, 0xCC, 0xCC, 0xCC, 
	0xCC, 0xCC, 0xCC, 0xCC, 0xCC, 0xCC, 0xCC, 0xCC, 0xCC, 0xCC, 0xCC, 0xCC, 0xCC, 0xCB, 0xBA, 
	0xA9, 0xAA, 0x9A, 0xAA, 0x99, 0x99, 0x99, 0x99, 0x99, 0x99, 0x99, 0x99, 0x99, 0x99, 0x99, 
	0x99, 0x99, 0x99, 0x99, 0x99, 0x99, 0x99, 0x99, 0x99, 0x99, 0x99, 0x99, 0x98, 0x99, 0x99, 
	0x99, 0x99, 0x99, 0x99, 0x99, 0x99, 0x99, 0x99, 0x99, 0x99, 0x99, 0x98, 0x89, 0x99, 0x99, 
	0x99, 0x99, 0x99, 0x99, 0x99, 0x99, 0x99, 0x99, 0x99, 0x99, 0x99, 0x98, 0x89, 0x99, 0x99, 
	0x99, 0x88, 0x99, 0x99, 0x98, 0x88, 0x99, 0x98, 0x88, 0x89, 0x99, 0x99, 0x99, 0x99, 0x99, 
	0x89, 0x99, 0x98, 0x89, 0x99, 0x89, 0x99, 0x99, 0x99, 0x99, 0x99, 0x99, 0x88, 0x89, 0x88, 
	0xEE, 0xEE, 0xEE, 0xEE, 0xEE, 0xED, 0xDD, 0xED, 0xDE, 0xEE, 0xDE, 0xED, 0xDD, 0xDD, 0xCC, 
	0xCD, 0xCC, 0xCC, 0xCB, 0xCC, 0xCD, 0xDD, 0xDD, 0xCD, 0xDD, 0xDD, 0xDD, 0xDD, 0xDD, 0xDD, 
	0xDC, 0xCD, 0xDE, 0xFF, 0xEE, 0xEF, 0xEE, 0xEE, 0xFF, 0xFF, 0xEE, 0xEE, 0xEE, 0xEE, 0xEE, 
	0xEE, 0xEE, 0xEF, 0xFF, 0xFF, 0xFE, 0xEE, 0xFF, 0xFF, 0xFF, 0xFF, 0xFF, 0xFE, 0xEE, 0xFF, 
	0xFE, 0xEF, 0xFF, 0xFE, 0xFF, 0xFF, 0xFF, 0xFF, 0xEE, 0xEE, 0xEE, 0xEE, 0xEE, 0xFF, 0xEE, 
	0xEE, 0xFF, 0xFF, 0xEE, 0xEF, 0xFF, 0xFF, 0xEC, 0xA8, 0x77, 0x87, 0x76, 0x67, 0x77, 0x77, 
	0x88, 0x88, 0x78, 0x77, 0x88, 0x99, 0xAB, 0xCC, 0xDD, 0xCB, 0xCB, 0xBA, 0xAA, 0xAA, 0xAA, 
	0x99, 0x99, 0x99, 0x99, 0x87, 0x78, 0x88, 0x87, 0x88, 0x77, 0x77, 0x77, 0x76, 0x66, 0x66, 
	0x66, 0x66, 0x77, 0x66, 0x66, 0x77, 0x77, 0x66, 0x67, 0x77, 0x77, 0x67, 0x77, 0x77, 0x76, 
	0x66, 0x66, 0x66, 0x67, 0x77, 0x88, 0x77, 0x77, 0x88, 0x88, 0x88, 0x78, 0x87, 0x77, 0x77, 
	0x78, 0x88, 0x77, 0x88, 0x88, 0x88, 0x88, 0x88, 0x88, 0x88, 0x88, 0x99, 0x98, 0x88, 0x99, 
	0x99, 0x99, 0x99, 0x99, 0x99, 0xAB, 0xBA, 0xAA, 0xBB, 0xBA, 0xAA, 0xAA, 0xBB, 0xBB, 0xAA, 
	0xAA, 0xBB, 0xBA, 0xAA, 0xBB, 0xCC, 0xCC, 0xCB, 0xBB, 0xBC, 0xCC, 0xBB, 0xBB, 0xCC, 0xCC, 
	0xCC, 0xCC, 0xCC, 0xCC, 0xCC, 0xCC, 0xCC, 0xCC, 0xCC, 0xCC, 0xCC, 0xCC, 0xCC, 0xCB, 0xBA, 
	0xAA, 0xA9, 0x9A, 0xAA, 0x99, 0x99, 0x99, 0x99, 0x99, 0x99, 0x99, 0x99, 0x99, 0x99, 0x99, 
	0x99, 0x99, 0x99, 0x99, 0x99, 0x99, 0x98, 0x99, 0x99, 0x99, 0x99, 0x99, 0x99, 0x99, 0x99, 
	0x99, 0x99, 0x99, 0x99, 0x99, 0x99, 0x99, 0x99, 0x99, 0x99, 0x99, 0x99, 0x99, 0x99, 0x99, 
	0x99, 0x99, 0x98, 0x89, 0x99, 0x99, 0x99, 0x99, 0x99, 0x99, 0x99, 0x98, 0x89, 0x99, 0x99, 
	0x99, 0x99, 0x88, 0x89, 0x98, 0x88, 0x99, 0x98, 0x88, 0x99, 0x99, 0x99, 0x99, 0x99, 0x98, 
	0x88, 0x89, 0x99, 0x99, 0x99, 0x88, 0x99, 0x99, 0x99, 0x98, 0x99, 0x99, 0x88, 0x89, 0x98, 
	0xDE, 0xEE, 0xEE, 0xEE, 0xEE, 0xDC, 0xCD, 0xDD, 0xDD, 0xDD, 0xDD, 0xDD, 0xCC, 0xCD, 0xDC, 
	0xCD, 0xCC, 0xCC, 0xBB, 0xCC, 0xCD, 0xDD, 0xCD, 0xDD, 0xCD, 0xDD, 0xDD, 0xDD, 0xDC, 0xCC, 
	0xCB, 0xCC, 0xDE, 0xFF, 0xEE, 0xEF, 0xFE, 0xEE, 0xFF, 0xFF, 0xEE, 0xEE, 0xFF, 0xEE, 0xEE, 
	0xEE, 0xEE, 0xEE, 0xFF, 0xFF, 0xFE, 0xEE, 0xFF, 0xFF, 0xFF, 0xFF, 0xFF, 0xFF, 0xEE, 0xEF, 
	0xFE, 0xEE, 0xFF, 0xFF, 0xFF, 0xFF, 0xFF, 0xFF, 0xFF, 0xFE, 0xEE, 0xEE, 0xEE, 0xFF, 0xEE, 
	0xEE, 0xFF, 0xFF, 0xFE, 0xEF, 0xFF, 0xFF, 0xDA, 0x87, 0x77, 0x77, 0x76, 0x77, 0x77, 0x77, 
	0x77, 0x77, 0x78, 0x87, 0x88, 0x89, 0x99, 0xAB, 0xCC, 0xCC, 0xCB, 0xBA, 0xAA, 0xA9, 0x99, 
	0x99, 0x99, 0x99, 0x98, 0x87, 0x77, 0x77, 0x77, 0x77, 0x76, 0x66, 0x66, 0x65, 0x55, 0x55, 
	0x66, 0x66, 0x65, 0x55, 0x55, 0x66, 0x66, 0x66, 0x66, 0x67, 0x77, 0x76, 0x66, 0x66, 0x66, 
	0x66, 0x66, 0x66, 0x66, 0x77, 0x78, 0x77, 0x77, 0x78, 0x87, 0x77, 0x77, 0x77, 0x77, 0x77, 
	0x77, 0x77, 0x77, 0x88, 0x88, 0x88, 0x88, 0x88, 0x88, 0x88, 0x88, 0x88, 0x88, 0x88, 0x89, 
	0x99, 0x99, 0x99, 0x99, 0x99, 0x9A, 0xAA, 0xAA, 0xBB, 0xBB, 0xAA, 0xBA, 0xBB, 0xBB, 0xAA, 
	0xAA, 0xAB, 0xBA, 0xAA, 0xBB, 0xCC, 0xCC, 0xCB, 0xBB, 0xBC, 0xCC, 0xBB, 0xBB, 0xCC, 0xCC, 
	0xCC, 0xCC, 0xCC, 0xCC, 0xCC, 0xCC, 0xCC, 0xCC, 0xCC, 0xCC, 0xCC, 0xCC, 0xCC, 0xCB, 0xBB, 
	0xAA, 0xA9, 0x9A, 0xAA, 0x99, 0x99, 0x99, 0x99, 0x99, 0x99, 0x99, 0x99, 0x99, 0x99, 0x99, 
	0x99, 0x99, 0x99, 0x99, 0x99, 0x99, 0x99, 0x99, 0x99, 0x99, 0x99, 0x99, 0x99, 0x99, 0x99, 
	0x99, 0x99, 0x99, 0x99, 0x99, 0x99, 0x99, 0x99, 0x99, 0x99, 0x99, 0x99, 0x99, 0x99, 0x99, 
	0x98, 0x99, 0x99, 0x88, 0x99, 0x99, 0x99, 0x99, 0x99, 0x99, 0x99, 0x99, 0x99, 0x99, 0x99, 
	0x99, 0x99, 0x98, 0x89, 0x98, 0x88, 0x99, 0x99, 0x88, 0x99, 0x99, 0x99, 0x99, 0x98, 0x88, 
	0x88, 0x88, 0x89, 0x99, 0x99, 0x88, 0x99, 0x99, 0x99, 0x88, 0x99, 0x99, 0x98, 0x88, 0x99, 
	0xDD, 0xDD, 0xEE, 0xED, 0xDD, 0xCC, 0xBC, 0xCC, 0xCC, 0xCC, 0xCC, 0xCC, 0xBB, 0xCC, 0xDD, 
	0xDD, 0xCC, 0xCC, 0xBC, 0xCC, 0xCC, 0xCC, 0xCD, 0xDD, 0xCC, 0xCC, 0xCC, 0xCD, 0xCC, 0xBB, 
	0xBB, 0xCC, 0xDE, 0xFF, 0xEE, 0xEE, 0xFE, 0xEE, 0xFF, 0xEE, 0xEE, 0xEE, 0xFF, 0xFE, 0xEE, 
	0xEF, 0xFE, 0xEE, 0xEE, 0xEE, 0xFF, 0xFF, 0xFE, 0xEE, 0xEE, 0xEE, 0xFF, 0xFF, 0xEE, 0xEE, 
	0xFE, 0xEE, 0xFF, 0xFF, 0xFF, 0xFF, 0xFF, 0xFF, 0xFF, 0xFF, 0xEE, 0xEE, 0xEE, 0xFF, 0xEE, 
	0xEE, 0xFE, 0xFF, 0xFF, 0xEE, 0xFF, 0xFF, 0xD9, 0x76, 0x67, 0x77, 0x67, 0x77, 0x77, 0x77, 
	0x77, 0x77, 0x78, 0x88, 0x88, 0x88, 0x89, 0x9A, 0xBB, 0xBB, 0xBB, 0xBA, 0xAA, 0x99, 0x99, 
	0x99, 0x99, 0x99, 0x98, 0x77, 0x77, 0x66, 0x66, 0x66, 0x66, 0x55, 0x55, 0x55, 0x55, 0x55, 
	0x55, 0x55, 0x55, 0x55, 0x55, 0x55, 0x55, 0x56, 0x55, 0x66, 0x66, 0x66, 0x65, 0x55, 0x56, 
	0x65, 0x55, 0x66, 0x66, 0x66, 0x77, 0x77, 0x77, 0x78, 0x77, 0x77, 0x77, 0x77, 0x77, 0x77, 
	0x67, 0x77, 0x77, 0x77, 0x88, 0x88, 0x87, 0x78, 0x88, 0x88, 0x88, 0x88, 0x88, 0x88, 0x88, 
	0x99, 0x99, 0x99, 0x99, 0x98, 0x99, 0xAA, 0xAA, 0xAA, 0xAB, 0xBB, 0xBB, 0xBB, 0xBB, 0xBA, 
	0xAA, 0xAB, 0xBA, 0xAA, 0xBB, 0xCC, 0xCC, 0xCB, 0xBB, 0xBC, 0xCC, 0xCC, 0xBC, 0xCC, 0xCC, 
	0xCC, 0xCC, 0xCC, 0xCC, 0xCC, 0xCC, 0xCC, 0xCC, 0xCC, 0xCC, 0xCC, 0xCC, 0xCC, 0xCC, 0xBB, 
	0xBA, 0xA9, 0x99, 0xAA, 0x99, 0x99, 0x99, 0x99, 0x99, 0x99, 0x99, 0x99, 0x99, 0x99, 0x99, 
	0x99, 0x99, 0x99, 0x99, 0x99, 0x99, 0x99, 0x99, 0x99, 0x99, 0x99, 0x99, 0x99, 0x99, 0x99, 
	0x99, 0x99, 0x99, 0x99, 0x99, 0x99, 0x99, 0x99, 0x99, 0x99, 0x99, 0x99, 0x99, 0x89, 0x99, 
	0x88, 0x99, 0x99, 0x88, 0x99, 0x99, 0x99, 0x99, 0x99, 0x99, 0x99, 0x99, 0x99, 0x99, 0x99, 
	0x99, 0x99, 0x99, 0x99, 0x98, 0x88, 0x99, 0x99, 0x98, 0x89, 0x99, 0x99, 0x99, 0x98, 0x88, 
	0x98, 0x88, 0x88, 0x99, 0x99, 0x98, 0x99, 0x99, 0x98, 0x88, 0x99, 0x99, 0x98, 0x88, 0x99, 
	0xDC, 0xDD, 0xDD, 0xCC, 0xCC, 0xCB, 0xBB, 0xCB, 0xBB, 0xBB, 0xCC, 0xBB, 0xBB, 0xCD, 0xDD, 
	0xDE, 0xDD, 0xDC, 0xCC, 0xCC, 0xCC, 0xCC, 0xCD, 0xDC, 0xCC, 0xBB, 0xCC, 0xDD, 0xDC, 0xCC, 
	0xCD, 0xDD, 0xEE, 0xFF, 0xFE, 0xEE, 0xFF, 0xEE, 0xEF, 0xFE, 0xEF, 0xFF, 0xFF, 0xFF, 0xEE, 
	0xEE, 0xEE, 0xEE, 0xEE, 0xEF, 0xFF, 0xFF, 0xFF, 0xEE, 0xEE, 0xEE, 0xFF, 0xFF, 0xFE, 0xEF, 
	0xEF, 0xFF, 0xEF, 0xFF, 0xEF, 0xFF, 0xFF, 0xFF, 0xFF, 0xFE, 0xEE, 0xFF, 0xFF, 0xFF, 0xFF, 
	0xEE, 0xEE, 0xFF, 0xFF, 0xFE, 0xFF, 0xFE, 0xC8, 0x76, 0x77, 0x66, 0x66, 0x77, 0x77, 0x77, 
	0x77, 0x77, 0x77, 0x88, 0x88, 0x88, 0x99, 0x99, 0xAA, 0xBB, 0xBB, 0xBA, 0xAA, 0x99, 0x99, 
	0x98, 0x89, 0x88, 0x88, 0x77, 0x76, 0x66, 0x66, 0x66, 0x65, 0x55, 0x55, 0x44, 0x45, 0x44, 
	0x45, 0x55, 0x54, 0x44, 0x44, 0x44, 0x44, 0x45, 0x55, 0x55, 0x66, 0x65, 0x55, 0x55, 0x55, 
	0x55, 0x55, 0x56, 0x66, 0x66, 0x67, 0x77, 0x77, 0x76, 0x67, 0x76, 0x66, 0x77, 0x67, 0x77, 
	0x77, 0x77, 0x77, 0x77, 0x78, 0x88, 0x87, 0x78, 0x88, 0x88, 0x88, 0x88, 0x88, 0x89, 0x99, 
	0x99, 0x99, 0xA9, 0xAA, 0x98, 0x89, 0x99, 0xAA, 0xAA, 0xAA, 0xBB, 0xBB, 0xAB, 0xBB, 0xBB, 
	0xAA, 0xAA, 0xAA, 0xBA, 0xBB, 0xBB, 0xCC, 0xCC, 0xCC, 0xCC, 0xCC, 0xCC, 0xBC, 0xCC, 0xBB, 
	0xBC, 0xBC, 0xCC, 0xCC, 0xCC, 0xCC, 0xCC, 0xCC, 0xCC, 0xCC, 0xCC, 0xDD, 0xCC, 0xCC, 0xCC, 
	0xBA, 0xA9, 0x99, 0x99, 0x99, 0x99, 0x99, 0x99, 0x99, 0x99, 0x99, 0x99, 0x99, 0x99, 0x99, 
	0x99, 0x99, 0x99, 0x99, 0x99, 0x99, 0x99, 0x99, 0x99, 0x99, 0x99, 0x99, 0x99, 0x99, 0x99, 
	0x89, 0x99, 0x99, 0x99, 0x99, 0x99, 0x99, 0x99, 0x99, 0x99, 0x99, 0x99, 0x99, 0x99, 0x99, 
	0x88, 0x89, 0x99, 0x98, 0x99, 0x99, 0x99, 0x99, 0x99, 0x99, 0x99, 0x99, 0x99, 0x99, 0x99, 
	0x99, 0x88, 0x89, 0x99, 0x99, 0x99, 0x99, 0x99, 0x98, 0x89, 0x99, 0x88, 0x99, 0x98, 0x99, 
	0x99, 0x88, 0x89, 0x99, 0x99, 0x99, 0x99, 0x88, 0x89, 0x88, 0x89, 0x99, 0x98, 0x88, 0x99, 
	0xCC, 0xCC, 0xCC, 0xCC, 0xCC, 0xCB, 0xBC, 0xCC, 0xCC, 0xCC, 0xCC, 0xCC, 0xCD, 0xDD, 0xDE, 
	0xEE, 0xDD, 0xDD, 0xDC, 0xCC, 0xCC, 0xCC, 0xCC, 0xCC, 0xCC, 0xCC, 0xCC, 0xDD, 0xED, 0xDD, 
	0xDD, 0xEE, 0xEE, 0xFF, 0xEE, 0xEF, 0xFF, 0xEE, 0xEE, 0xEE, 0xEF, 0xFF, 0xEE, 0xEE, 0xEE, 
	0xEE, 0xEE, 0xEE, 0xEE, 0xEF, 0xFF, 0xFF, 0xFF, 0xEE, 0xEE, 0xEE, 0xFF, 0xFF, 0xFE, 0xEE, 
	0xFF, 0xFF, 0xFF, 0xFF, 0xEF, 0xFF, 0xFF, 0xFF, 0xFF, 0xFF, 0xFF, 0xFF, 0xFF, 0xFF, 0xFF, 
	0xFF, 0xEE, 0xEF, 0xFF, 0xFE, 0xFF, 0xFD, 0xB8, 0x66, 0x77, 0x66, 0x77, 0x77, 0x77, 0x78, 
	0x88, 0x87, 0x77, 0x88, 0x88, 0x88, 0x88, 0x88, 0x9A, 0xAB, 0xBA, 0xAA, 0xAA, 0x99, 0x99, 
	0x98, 0x99, 0x88, 0x87, 0x66, 0x66, 0x66, 0x65, 0x55, 0x55, 0x55, 0x55, 0x44, 0x55, 0x44, 
	0x45, 0x55, 0x54, 0x44, 0x44, 0x33, 0x44, 0x44, 0x45, 0x55, 0x55, 0x55, 0x45, 0x55, 0x55, 
	0x55, 0x55, 0x55, 0x55, 0x55, 0x66, 0x66, 0x66, 0x66, 0x66, 0x66, 0x66, 0x66, 0x67, 0x77, 
	0x77, 0x77, 0x77, 0x77, 0x77, 0x78, 0x87, 0x88, 0x88, 0x88, 0x88, 0x88, 0x88, 0x89, 0x98, 
	0x89, 0x9A, 0x99, 0x99, 0x99, 0x88, 0x89, 0xAA, 0xAA, 0x9A, 0xAB, 0xBB, 0xBB, 0xBB, 0xBB, 
	0xBB, 0xAA, 0xAB, 0xBB, 0xBA, 0xAB, 0xBB, 0xBB, 0xBC, 0xCC, 0xCC, 0xCC, 0xCC, 0xCC, 0xCB, 
	0xBB, 0xBB, 0xCC, 0xCC, 0xCC, 0xCC, 0xCC, 0xCC, 0xCC, 0xCC, 0xCC, 0xDD, 0xCC, 0xCC, 0xCB, 
	0xBA, 0xA9, 0x99, 0x99, 0x99, 0x99, 0x99, 0x99, 0x99, 0x99, 0x99, 0x99, 0x99, 0x99, 0x99, 
	0x99, 0x99, 0x99, 0x99, 0x99, 0x99, 0x99, 0x99, 0x99, 0x99, 0x99, 0x99, 0x99, 0x99, 0x99, 
	0x99, 0x99, 0x99, 0x99, 0x99, 0x99, 0x99, 0x99, 0x99, 0x99, 0x99, 0x99, 0x99, 0x99, 0x98, 
	0x88, 0x89, 0x99, 0x99, 0x99, 0x99, 0x99, 0x99, 0x99, 0x99, 0x99, 0x99, 0x99, 0x99, 0x99, 
	0x99, 0x99, 0x99, 0x99, 0x99, 0x99, 0x99, 0x99, 0x88, 0x89, 0x99, 0x99, 0x99, 0x98, 0x89, 
	0x99, 0x99, 0x99, 0x99, 0x99, 0x99, 0x99, 0x98, 0x99, 0x98, 0x89, 0x99, 0x98, 0x89, 0x98, 
	0xCC, 0xCC, 0xCD, 0xDC, 0xDD, 0xCC, 0xCD, 0xDD, 0xDD, 0xDD, 0xDD, 0xDD, 0xDE, 0xEE, 0xEE, 
	0xED, 0xDD, 0xDD, 0xDC, 0xCC, 0xCC, 0xCC, 0xBC, 0xCC, 0xDD, 0xDD, 0xDD, 0xDE, 0xEE, 0xEE, 
	0xEE, 0xEE, 0xEF, 0xFE, 0xEE, 0xEF, 0xFE, 0xEE, 0xEE, 0xEE, 0xEF, 0xFE, 0xEE, 0xEE, 0xEE, 
	0xEE, 0xEE, 0xEE, 0xEE, 0xEF, 0xFF, 0xFF, 0xEE, 0xFF, 0xFF, 0xFE, 0xEE, 0xEF, 0xFF, 0xEE, 
	0xFF, 0xFF, 0xFF, 0xFF, 0xEE, 0xFF, 0xFE, 0xFF, 0xFF, 0xFF, 0xFF, 0xFF, 0xFF, 0xFF, 0xFF, 
	0xFF, 0xEE, 0xEF, 0xFF, 0xFF, 0xFF, 0xEC, 0x97, 0x66, 0x77, 0x67, 0x77, 0x77, 0x77, 0x88, 
	0x88, 0x88, 0x88, 0x88, 0x88, 0x88, 0x88, 0x78, 0x89, 0xAA, 0xAA, 0xAA, 0xAA, 0xA9, 0x99, 
	0x98, 0x88, 0x88, 0x87, 0x65, 0x55, 0x56, 0x66, 0x55, 0x55, 0x55, 0x45, 0x44, 0x55, 0x44, 
	0x44, 0x44, 0x43, 0x33, 0x33, 0x33, 0x44, 0x44, 0x45, 0x55, 0x55, 0x55, 0x44, 0x55, 0x55, 
	0x54, 0x55, 0x55, 0x55, 0x55, 0x66, 0x66, 0x66, 0x66, 0x66, 0x66, 0x66, 0x66, 0x56, 0x67, 
	0x76, 0x66, 0x67, 0x87, 0x77, 0x77, 0x87, 0x88, 0x88, 0x88, 0x88, 0x88, 0x88, 0x88, 0x88, 
	0x89, 0x9A, 0x99, 0x99, 0x99, 0x88, 0x88, 0x99, 0xAA, 0x9A, 0xAB, 0xCB, 0xBB, 0xBB, 0xBB, 
	0xBB, 0xBA, 0xAB, 0xBB, 0xBB, 0xAB, 0xBB, 0xBB, 0xBB, 0xBB, 0xCC, 0xCC, 0xCC, 0xCC, 0xCC, 
	0xBB, 0xBB, 0xBB, 0xCC, 0xCC, 0xCC, 0xCC, 0xCB, 0xBB, 0xCC, 0xCC, 0xCC, 0xCC, 0xCC, 0xCC, 
	0xBB, 0xA9, 0x99, 0x99, 0x99, 0x99, 0x99, 0x99, 0x99, 0x99, 0x99, 0x99, 0x99, 0x99, 0x99, 
	0x99, 0x99, 0x99, 0x99, 0x99, 0x99, 0x99, 0x99, 0x99, 0x99, 0x99, 0x99, 0x99, 0x99, 0x99, 
	0x99, 0x99, 0x99, 0x99, 0x99, 0x99, 0x99, 0x99, 0x99, 0x99, 0x99, 0x98, 0x99, 0x99, 0x98, 
	0x88, 0x89, 0x99, 0x99, 0x99, 0x99, 0x99, 0x99, 0x99, 0x99, 0x99, 0x99, 0x99, 0x99, 0x99, 
	0x99, 0x99, 0x99, 0x99, 0x99, 0x99, 0x99, 0x99, 0x88, 0x89, 0x99, 0x99, 0x99, 0x98, 0x88, 
	0x89, 0x99, 0x99, 0x99, 0x99, 0x99, 0x99, 0x99, 0x99, 0x98, 0x89, 0x99, 0x98, 0x89, 0x98, 
	0xCD, 0xDD, 0xDD, 0xDD, 0xDD, 0xDD, 0xDD, 0xDD, 0xDD, 0xDD, 0xED, 0xDD, 0xEE, 0xDD, 0xDD, 
	0xDC, 0xDD, 0xDC, 0xCC, 0xCC, 0xCC, 0xCB, 0xBC, 0xCD, 0xDD, 0xDD, 0xDD, 0xEE, 0xEE, 0xEE, 
	0xEE, 0xEE, 0xEF, 0xFE, 0xEE, 0xEF, 0xFE, 0xEE, 0xEE, 0xEE, 0xEE, 0xFE, 0xEE, 0xFE, 0xEE, 
	0xEE, 0xEE, 0xEE, 0xEE, 0xFF, 0xFF, 0xFE, 0xEE, 0xFF, 0xFF, 0xFF, 0xEE, 0xEE, 0xFF, 0xFE, 
	0xFF, 0xFF, 0xFF, 0xFE, 0xEE, 0xEE, 0xEE, 0xFF, 0xFF, 0xFF, 0xFF, 0xFF, 0xFF, 0xFF, 0xFF, 
	0xFF, 0xFF, 0xEE, 0xEF, 0xFF, 0xFE, 0xDA, 0x87, 0x66, 0x66, 0x67, 0x77, 0x77, 0x77, 0x78, 
	0x89, 0x99, 0x88, 0x88, 0x88, 0x89, 0x88, 0x78, 0x88, 0x9A, 0xAA, 0xAA, 0xAA, 0x99, 0x99, 
	0x98, 0x88, 0x88, 0x86, 0x54, 0x45, 0x56, 0x66, 0x55, 0x54, 0x44, 0x44, 0x44, 0x55, 0x43, 
	0x33, 0x33, 0x32, 0x22, 0x22, 0x33, 0x44, 0x44, 0x45, 0x55, 0x55, 0x55, 0x44, 0x44, 0x55, 
	0x44, 0x55, 0x55, 0x55, 0x55, 0x66, 0x67, 0x76, 0x66, 0x66, 0x66, 0x66, 0x66, 0x56, 0x67, 
	0x76, 0x65, 0x67, 0x77, 0x66, 0x67, 0x77, 0x78, 0x77, 0x88, 0x88, 0x87, 0x77, 0x78, 0x87, 
	0x88, 0x99, 0x99, 0x99, 0x99, 0x98, 0x88, 0x88, 0x9A, 0xAA, 0xAB, 0xBB, 0xBB, 0xBB, 0xBC, 
	0xCC, 0xCB, 0xBB, 0xBB, 0xBB, 0xBB, 0xBC, 0xCB, 0xCC, 0xBC, 0xCC, 0xCC, 0xCC, 0xCC, 0xCC, 
	0xCB, 0xBB, 0xBB, 0xCC, 0xCC, 0xCC, 0xCC, 0xBB, 0xBC, 0xCC, 0xCC, 0xCC, 0xCC, 0xCC, 0xCC, 
	0xCB, 0xAA, 0x99, 0x99, 0x99, 0x99, 0x99, 0x99, 0x99, 0x99, 0x99, 0x99, 0x99, 0x99, 0x99, 
	0x99, 0x99, 0x99, 0x99, 0x99, 0x99, 0x99, 0x99, 0x99, 0x99, 0x99, 0x99, 0x99, 0x99, 0x99, 
	0x99, 0x99, 0x99, 0x99, 0x99, 0x99, 0x99, 0x99, 0x99, 0x99, 0x99, 0x98, 0x99, 0x99, 0x98, 
	0x88, 0x99, 0x99, 0x99, 0x99, 0x99, 0x99, 0x99, 0x99, 0x99, 0x99, 0x88, 0x99, 0x99, 0x99, 
	0x88, 0x99, 0x99, 0x99, 0x99, 0x99, 0x99, 0x98, 0x89, 0x99, 0x99, 0x99, 0x99, 0x99, 0x88, 
	0x89, 0x99, 0x98, 0x99, 0x99, 0x99, 0x99, 0x99, 0x99, 0x98, 0x89, 0x99, 0x88, 0x89, 0x98, 
	0xDD, 0xDD, 0xDE, 0xEE, 0xDD, 0xDD, 0xDD, 0xDD, 0xDD, 0xDD, 0xDD, 0xDD, 0xED, 0xCC, 0xDD, 
	0xCC, 0xCC, 0xCC, 0xCC, 0xCB, 0xBB, 0xBB, 0xCC, 0xDE, 0xDD, 0xDD, 0xEE, 0xEE, 0xEE, 0xEE, 
	0xED, 0xEE, 0xEF, 0xFE, 0xEE, 0xEF, 0xEE, 0xEE, 0xEE, 0xEE, 0xEE, 0xFF, 0xEF, 0xFE, 0xEE, 
	0xEE, 0xEE, 0xEE, 0xEF, 0xFF, 0xFF, 0xFE, 0xEE, 0xFF, 0xFF, 0xFE, 0xEE, 0xEE, 0xFF, 0xFE, 
	0xFF, 0xFF, 0xEF, 0xEE, 0xEE, 0xEE, 0xEE, 0xFF, 0xEF, 0xFF, 0xFF, 0xFF, 0xFF, 0xFF, 0xFF, 
	0xFF, 0xFF, 0xFE, 0xEF, 0xFF, 0xFE, 0xC9, 0x87, 0x66, 0x66, 0x66, 0x77, 0x77, 0x77, 0x78, 
	0x88, 0x99, 0x99, 0x99, 0x98, 0x99, 0x88, 0x88, 0x88, 0x89, 0x99, 0xAA, 0xAA, 0x99, 0x98, 
	0x88, 0x87, 0x77, 0x65, 0x43, 0x44, 0x55, 0x65, 0x55, 0x44, 0x44, 0x44, 0x44, 0x43, 0x22, 
	0x11, 0x11, 0x11, 0x22, 0x12, 0x23, 0x44, 0x45, 0x44, 0x55, 0x55, 0x54, 0x33, 0x44, 0x55, 
	0x44, 0x55, 0x55, 0x44, 0x56, 0x76, 0x67, 0x76, 0x66, 0x66, 0x66, 0x66, 0x66, 0x55, 0x66, 
	0x66, 0x66, 0x66, 0x66, 0x65, 0x67, 0x77, 0x77, 0x77, 0x78, 0x78, 0x87, 0x77, 0x78, 0x77, 
	0x78, 0x88, 0x99, 0x9A, 0xAA, 0xA9, 0x88, 0x78, 0x99, 0xAA, 0xAA, 0xAB, 0xBB, 0xBB, 0xBC, 
	0xCC, 0xCC, 0xCC, 0xCB, 0xBB, 0xBB, 0xBB, 0xBB, 0xCC, 0xCC, 0xCC, 0xCC, 0xCC, 0xCC, 0xCC, 
	0xCB, 0xBB, 0xBB, 0xBB, 0xBB, 0xBB, 0xCC, 0xCB, 0xBC, 0xCC, 0xCC, 0xCC, 0xCC, 0xCC, 0xBB, 
	0xCB, 0xBA, 0x99, 0x99, 0x99, 0x99, 0x99, 0x99, 0xAA, 0x99, 0x99, 0x99, 0x99, 0x99, 0x99, 
	0x99, 0x99, 0x99, 0x99, 0x99, 0x99, 0x99, 0x99, 0x99, 0x99, 0x99, 0x99, 0x99, 0x99, 0x99, 
	0x99, 0x99, 0x99, 0x99, 0x99, 0x99, 0x99, 0x99, 0x99, 0x99, 0x99, 0x99, 0x99, 0x99, 0x99, 
	0x99, 0x99, 0x98, 0x99, 0x99, 0x99, 0x99, 0x99, 0x99, 0x89, 0x98, 0x88, 0x99, 0x99, 0x99, 
	0x88, 0x88, 0x99, 0x98, 0x89, 0x99, 0x99, 0x98, 0x99, 0x99, 0x99, 0x99, 0x99, 0x99, 0x98, 
	0x89, 0x99, 0x99, 0x99, 0x99, 0x99, 0x99, 0x99, 0x88, 0x88, 0x89, 0x88, 0x88, 0x89, 0x99, 
	0xED, 0xDD, 0xDD, 0xDD, 0xDD, 0xDD, 0xDD, 0xDD, 0xDD, 0xDD, 0xDD, 0xDD, 0xDC, 0xCC, 0xCC, 
	0xCB, 0xCC, 0xCB, 0xBC, 0xCB, 0xBB, 0xBB, 0xCD, 0xEE, 0xEE, 0xDE, 0xEE, 0xEE, 0xEE, 0xEE, 
	0xED, 0xDE, 0xEF, 0xFF, 0xFE, 0xEE, 0xEE, 0xEE, 0xFF, 0xEE, 0xEF, 0xFF, 0xEE, 0xEE, 0xEE, 
	0xEE, 0xEE, 0xEE, 0xFF, 0xFF, 0xFF, 0xFF, 0xFF, 0xFF, 0xFE, 0xEE, 0xEE, 0xEE, 0xFF, 0xFE, 
	0xEF, 0xFF, 0xEE, 0xEE, 0xEE, 0xFF, 0xFF, 0xFF, 0xFF, 0xFF, 0xFF, 0xFF, 0xFF, 0xFF, 0xFF, 
	0xFF, 0xFF, 0xFF, 0xEF, 0xFF, 0xFD, 0xA8, 0x77, 0x76, 0x66, 0x66, 0x67, 0x77, 0x88, 0x88, 
	0x88, 0x89, 0x88, 0x89, 0x99, 0x99, 0x88, 0x88, 0x88, 0x88, 0x99, 0x99, 0xAA, 0xA9, 0x98, 
	0x88, 0x87, 0x75, 0x43, 0x33, 0x44, 0x55, 0x55, 0x54, 0x43, 0x33, 0x43, 0x33, 0x22, 0x11, 
	0x11, 0x11, 0x11, 0x11, 0x12, 0x33, 0x34, 0x44, 0x44, 0x44, 0x44, 0x43, 0x22, 0x34, 0x55, 
	0x44, 0x55, 0x44, 0x44, 0x56, 0x66, 0x66, 0x66, 0x56, 0x66, 0x66, 0x66, 0x66, 0x55, 0x66, 
	0x66, 0x66, 0x66, 0x66, 0x65, 0x67, 0x77, 0x77, 0x77, 0x77, 0x77, 0x77, 0x77, 0x77, 0x77, 
	0x77, 0x77, 0x8A, 0xAB, 0xAA, 0xAA, 0x98, 0x88, 0x89, 0x9A, 0x9A, 0xAB, 0xBB, 0xAA, 0xBB, 
	0xCC, 0xCC, 0xCC, 0xBB, 0xBB, 0xBB, 0xBB, 0xBB, 0xCC, 0xCC, 0xCC, 0xCC, 0xCC, 0xCC, 0xCC, 
	0xCB, 0xCC, 0xBB, 0xBB, 0xBB, 0xBB, 0xBC, 0xCC, 0xCC, 0xCC, 0xCC, 0xCC, 0xCC, 0xCC, 0xCC, 
	0xCC, 0xBA, 0x99, 0x99, 0x99, 0x99, 0x99, 0x9A, 0xAA, 0x99, 0x99, 0x99, 0x99, 0x99, 0x99, 
	0x99, 0x99, 0x99, 0x99, 0x99, 0x99, 0x99, 0x99, 0x99, 0x99, 0x99, 0x99, 0x99, 0x99, 0x99, 
	0x99, 0x99, 0x99, 0x99, 0x99, 0x99, 0x99, 0x99, 0x99, 0x99, 0x99, 0x99, 0x99, 0x99, 0x99, 
	0x99, 0x99, 0x88, 0x89, 0x99, 0x99, 0x99, 0x99, 0x99, 0x89, 0x99, 0x88, 0x99, 0x99, 0x99, 
	0x88, 0x89, 0x99, 0x88, 0x99, 0x99, 0x99, 0x99, 0x99, 0x99, 0x99, 0x99, 0x99, 0x99, 0x99, 
	0x99, 0x99, 0x99, 0x99, 0x99, 0x99, 0x99, 0x99, 0x88, 0x88, 0x89, 0x88, 0x88, 0x89, 0x99, 
	0xDD, 0xDD, 0xCD, 0xCC, 0xDD, 0xDC, 0xCD, 0xDD, 0xCD, 0xCC, 0xDD, 0xCD, 0xDC, 0xBB, 0xCB, 
	0xBB, 0xBB, 0xBB, 0xBB, 0xBB, 0xBB, 0xCC, 0xDD, 0xEE, 0xEE, 0xEE, 0xEE, 0xEE, 0xEE, 0xDE, 
	0xED, 0xDE, 0xEE, 0xFF, 0xFE, 0xEF, 0xEE, 0xEE, 0xFF, 0xEE, 0xEF, 0xFE, 0xEE, 0xEE, 0xFF, 
	0xFF, 0xFF, 0xEE, 0xFF, 0xFF, 0xFF, 0xFF, 0xFF, 0xFE, 0xEE, 0xEE, 0xFE, 0xEF, 0xFF, 0xFE, 
	0xEF, 0xFF, 0xFF, 0xFE, 0xEE, 0xFF, 0xFF, 0xFF, 0xFF, 0xFF, 0xFF, 0xFE, 0xFF, 0xFF, 0xFF, 
	0xFF, 0xFF, 0xFF, 0xFF, 0xFF, 0xFC, 0x97, 0x77, 0x66, 0x66, 0x66, 0x67, 0x77, 0x88, 0x88, 
	0x88, 0x88, 0x88, 0x89, 0x99, 0x98, 0x88, 0x88, 0x88, 0x88, 0x88, 0x89, 0xAA, 0xAA, 0x98, 
	0x87, 0x78, 0x75, 0x32, 0x33, 0x45, 0x54, 0x44, 0x44, 0x43, 0x33, 0x32, 0x22, 0x11, 0x11, 
	0x11, 0x11, 0x11, 0x11, 0x12, 0x22, 0x33, 0x33, 0x33, 0x33, 0x33, 0x22, 0x11, 0x34, 0x54, 
	0x44, 0x55, 0x44, 0x44, 0x44, 0x54, 0x44, 0x44, 0x44, 0x55, 0x66, 0x66, 0x65, 0x55, 0x66, 
	0x67, 0x66, 0x66, 0x66, 0x76, 0x67, 0x77, 0x77, 0x77, 0x77, 0x77, 0x77, 0x77, 0x77, 0x87, 
	0x77, 0x77, 0x78, 0xAA, 0xBA, 0xAA, 0x99, 0x98, 0x88, 0x99, 0x9A, 0xAA, 0xBA, 0xAA, 0xAA, 
	0xBB, 0xCC, 0xCC, 0xBB, 0xBB, 0xBB, 0xBB, 0xBB, 0xBC, 0xCC, 0xCC, 0xCC, 0xCC, 0xCC, 0xCC, 
	0xCB, 0xCC, 0xBB, 0xBB, 0xBB, 0xBB, 0xBC, 0xCC, 0xCC, 0xCC, 0xCC, 0xCC, 0xCC, 0xCC, 0xCC, 
	0xCC, 0xBB, 0xA9, 0x99, 0x99, 0x99, 0x99, 0x99, 0x99, 0x99, 0x99, 0x99, 0x99, 0x99, 0x99, 
	0x99, 0x99, 0x99, 0x99, 0x99, 0x99, 0x99, 0x99, 0x99, 0x99, 0x99, 0x99, 0x99, 0x99, 0x99, 
	0x99, 0x99, 0x99, 0x99, 0x99, 0x99, 0x99, 0x99, 0x99, 0x99, 0x99, 0x99, 0x99, 0x99, 0x99, 
	0x99, 0x99, 0x98, 0x89, 0x99, 0x99, 0x99, 0x99, 0x99, 0x89, 0x99, 0x99, 0x99, 0x99, 0x99, 
	0x99, 0x99, 0x99, 0x99, 0x99, 0x98, 0x99, 0x88, 0x88, 0x89, 0x89, 0x99, 0x99, 0x99, 0x99, 
	0x99, 0x99, 0x99, 0x99, 0x98, 0x99, 0x99, 0x98, 0x88, 0x98, 0x88, 0x88, 0x88, 0x88, 0x99, 
	0xDD, 0xCC, 0xCC, 0xCC, 0xCC, 0xDC, 0xCD, 0xDC, 0xCC, 0xBB, 0xCC, 0xCC, 0xCC, 0xCB, 0xBB, 
	0xBA, 0xBB, 0xBB, 0xBB, 0xBB, 0xBC, 0xDD, 0xDD, 0xEE, 0xEE, 0xEE, 0xEE, 0xEE, 0xDD, 0xDD, 
	0xDD, 0xDD, 0xDE, 0xEF, 0xFF, 0xEF, 0xEE, 0xEE, 0xFE, 0xEE, 0xEE, 0xEE, 0xEE, 0xFF, 0xFF, 
	0xFF, 0xFF, 0xEE, 0xEE, 0xFF, 0xFF, 0xFF, 0xFF, 0xEE, 0xEE, 0xEE, 0xFF, 0xFF, 0xFF, 0xFF, 
	0xEF, 0xFF, 0xFF, 0xFE, 0xEF, 0xFF, 0xFF, 0xFF, 0xFF, 0xFF, 0xFF, 0xFF, 0xFF, 0xFF, 0xFF, 
	0xFF, 0xEF, 0xFF, 0xFF, 0xFF, 0xEC, 0x97, 0x76, 0x66, 0x66, 0x66, 0x77, 0x77, 0x88, 0x88, 
	0x88, 0x88, 0x89, 0x98, 0x99, 0x88, 0x88, 0x88, 0x88, 0x78, 0x87, 0x78, 0x9A, 0xAA, 0x98, 
	0x87, 0x77, 0x64, 0x22, 0x34, 0x45, 0x43, 0x33, 0x34, 0x43, 0x33, 0x31, 0x11, 0x11, 0x11, 
	0x11, 0x11, 0x11, 0x11, 0x11, 0x22, 0x22, 0x22, 0x22, 0x21, 0x12, 0x11, 0x11, 0x34, 0x44, 
	0x44, 0x44, 0x43, 0x44, 0x43, 0x22, 0x22, 0x22, 0x23, 0x35, 0x56, 0x66, 0x65, 0x44, 0x67, 
	0x67, 0x65, 0x56, 0x77, 0x77, 0x77, 0x77, 0x77, 0x66, 0x77, 0x88, 0x77, 0x77, 0x78, 0x88, 
	0x77, 0x76, 0x77, 0x89, 0xAA, 0xAA, 0xA9, 0x99, 0x98, 0x89, 0x99, 0xAA, 0xAA, 0xAA, 0xAA, 
	0xAB, 0xCC, 0xCB, 0xBB, 0xAB, 0xBB, 0xBB, 0xBB, 0xBB, 0xBB, 0xBC, 0xCC, 0xCC, 0xCC, 0xCC, 
	0xCC, 0xCC, 0xCC, 0xCC, 0xCC, 0xCB, 0xBC, 0xCC, 0xCC, 0xCC, 0xCC, 0xCC, 0xCC, 0xCC, 0xCC, 
	0xCC, 0xBA, 0xA9, 0x99, 0x99, 0x99, 0x99, 0x99, 0x99, 0x99, 0x99, 0x99, 0x99, 0x99, 0x99, 
	0x99, 0x99, 0x99, 0x99, 0x99, 0x99, 0x99, 0x99, 0x99, 0x99, 0x99, 0x99, 0x99, 0x99, 0x99, 
	0x99, 0x99, 0x99, 0x99, 0x99, 0x99, 0x99, 0x99, 0x99, 0x99, 0x99, 0x99, 0x99, 0x98, 0x89, 
	0x99, 0x99, 0x99, 0x89, 0x99, 0x99, 0x99, 0x99, 0x99, 0x89, 0x99, 0x99, 0x98, 0x99, 0x99, 
	0x99, 0x99, 0x99, 0x99, 0x99, 0x88, 0x88, 0x88, 0x88, 0x89, 0x88, 0x99, 0x99, 0x99, 0x99, 
	0x99, 0x99, 0x98, 0x99, 0x88, 0x89, 0x98, 0x88, 0x89, 0x98, 0x88, 0x89, 0x98, 0x88, 0x89, 
	0xCC, 0xCC, 0xCC, 0xCC, 0xCC, 0xCC, 0xCC, 0xCC, 0xBB, 0xAB, 0xBB, 0xBB, 0xCB, 0xBB, 0xBB, 
	0xBB, 0xBB, 0xBB, 0xCC, 0xCB, 0xCD, 0xDD, 0xDD, 0xDD, 0xDD, 0xDD, 0xDD, 0xDD, 0xDC, 0xCC, 
	0xDD, 0xCC, 0xCD, 0xEF, 0xFE, 0xFF, 0xEE, 0xEE, 0xEE, 0xEE, 0xEE, 0xEE, 0xEE, 0xEF, 0xFF, 
	0xFF, 0xFF, 0xFE, 0xFF, 0xFF, 0xFF, 0xFF, 0xFF, 0xFE, 0xEE, 0xFF, 0xFF, 0xFF, 0xFF, 0xFE, 
	0xFF, 0xFF, 0xFF, 0xFF, 0xEF, 0xFF, 0xFF, 0xFE, 0xFF, 0xFE, 0xEF, 0xFF, 0xFF, 0xFF, 0xFF, 
	0xFF, 0xFF, 0xEF, 0xFF, 0xFF, 0xEC, 0x86, 0x66, 0x66, 0x66, 0x77, 0x77, 0x77, 0x77, 0x78, 
	0x88, 0x88, 0x88, 0x98, 0x99, 0x88, 0x88, 0x88, 0x88, 0x88, 0x87, 0x77, 0x89, 0xAA, 0x99, 
	0x87, 0x76, 0x53, 0x22, 0x23, 0x45, 0x43, 0x22, 0x23, 0x33, 0x22, 0x21, 0x11, 0x11, 0x11, 
	0x21, 0x12, 0x21, 0x11, 0x11, 0x11, 0x11, 0x11, 0x11, 0x11, 0x11, 0x01, 0x11, 0x23, 0x34, 
	0x43, 0x33, 0x33, 0x44, 0x42, 0x11, 0x11, 0x11, 0x12, 0x34, 0x55, 0x56, 0x55, 0x33, 0x56, 
	0x77, 0x65, 0x57, 0x77, 0x77, 0x76, 0x66, 0x66, 0x67, 0x68, 0x89, 0x88, 0x88, 0x88, 0x88, 
	0x77, 0x67, 0x76, 0x77, 0x8A, 0xAA, 0xAA, 0xA9, 0x98, 0x88, 0x99, 0x9A, 0xAA, 0xAA, 0xA9, 
	0xAA, 0xBB, 0xCB, 0xBB, 0xAA, 0xAB, 0xBB, 0xBB, 0xBB, 0xBB, 0xCC, 0xCC, 0xCC, 0xCC, 0xCC, 
	0xCC, 0xCC, 0xCC, 0xBC, 0xCC, 0xBB, 0xBB, 0xBB, 0xBC, 0xCC, 0xCC, 0xCC, 0xCC, 0xCC, 0xCC, 
	0xBB, 0xAA, 0x99, 0x99, 0x99, 0x99, 0x99, 0x99, 0x99, 0x99, 0x99, 0x99, 0x99, 0x99, 0x99, 
	0x99, 0x99, 0x99, 0x99, 0x99, 0x99, 0x99, 0x99, 0x99, 0x99, 0x99, 0x99, 0x99, 0x99, 0x99, 
	0x99, 0x99, 0x99, 0x99, 0x99, 0x88, 0x99, 0x99, 0x99, 0x99, 0x89, 0x99, 0x99, 0x99, 0x89, 
	0x99, 0x99, 0x99, 0x88, 0x99, 0x99, 0x99, 0x99, 0x99, 0x88, 0x99, 0x98, 0x88, 0x99, 0x99, 
	0x99, 0x99, 0x99, 0x99, 0x99, 0x98, 0x88, 0x99, 0x99, 0x88, 0x88, 0x89, 0x99, 0x99, 0x99, 
	0x99, 0x98, 0x88, 0x99, 0x99, 0x99, 0x88, 0x88, 0x89, 0x98, 0x88, 0x89, 0x99, 0x88, 0x89, 
	0xBC, 0xCB, 0xBB, 0xBB, 0xBB, 0xBB, 0xBC, 0xCB, 0xBB, 0xBA, 0xAB, 0xBB, 0xCB, 0xBB, 0xBB, 
	0xCB, 0xBC, 0xCC, 0xDD, 0xDD, 0xCD, 0xDD, 0xCC, 0xCC, 0xCC, 0xCC, 0xCC, 0xCC, 0xCC, 0xCC, 
	0xCC, 0xCC, 0xCD, 0xEF, 0xFE, 0xFE, 0xEE, 0xEE, 0xEE, 0xEE, 0xEE, 0xEE, 0xEE, 0xEF, 0xFF, 
	0xFF, 0xFF, 0xFF, 0xFF, 0xFF, 0xFE, 0xEE, 0xEE, 0xFF, 0xFF, 0xFF, 0xFF, 0xFF, 0xFF, 0xFF, 
	0xFF, 0xFF, 0xFF, 0xFF, 0xEE, 0xFF, 0xFF, 0xEE, 0xFF, 0xFE, 0xEF, 0xFF, 0xFF, 0xFF, 0xFF, 
	0xFF, 0xFF, 0xFF, 0xFF, 0xFF, 0xEC, 0x86, 0x56, 0x66, 0x66, 0x77, 0x77, 0x77, 0x77, 0x77, 
	0x78, 0x88, 0x88, 0x88, 0x88, 0x88, 0x88, 0x88, 0x88, 0x88, 0x87, 0x77, 0x89, 0x99, 0xAA, 
	0x98, 0x76, 0x43, 0x32, 0x23, 0x44, 0x43, 0x22, 0x23, 0x32, 0x22, 0x11, 0x11, 0x11, 0x11, 
	0x11, 0x12, 0x21, 0x11, 0x11, 0x11, 0x11, 0x11, 0x11, 0x11, 0x11, 0x11, 0x11, 0x12, 0x34, 
	0x32, 0x23, 0x33, 0x44, 0x32, 0x11, 0x11, 0x11, 0x11, 0x23, 0x33, 0x44, 0x44, 0x32, 0x35, 
	0x67, 0x65, 0x67, 0x76, 0x66, 0x66, 0x65, 0x55, 0x56, 0x68, 0x99, 0x88, 0x88, 0x88, 0x88, 
	0x77, 0x67, 0x77, 0x77, 0x78, 0x99, 0xAA, 0xAA, 0x98, 0x88, 0x89, 0x99, 0x99, 0x99, 0x99, 
	0x9A, 0xAB, 0xBB, 0xBA, 0xAA, 0xAB, 0xBB, 0xBC, 0xBB, 0xBB, 0xCC, 0xCC, 0xCC, 0xCC, 0xCC, 
	0xCC, 0xCC, 0xBB, 0xBB, 0xBB, 0xBB, 0xCB, 0xBB, 0xCC, 0xCC, 0xCC, 0xCC, 0xCC, 0xCC, 0xCC, 
	0xBA, 0x99, 0x99, 0x99, 0x99, 0x99, 0x99, 0x99, 0x99, 0x99, 0x99, 0x99, 0x99, 0x99, 0x99, 
	0x99, 0x99, 0x99, 0x99, 0x99, 0x99, 0x99, 0x99, 0x99, 0x99, 0x99, 0x99, 0x99, 0x99, 0x99, 
	0x99, 0x99, 0x99, 0x99, 0x99, 0x98, 0x99, 0x99, 0x99, 0x99, 0x99, 0x99, 0x99, 0x99, 0x99, 
	0x99, 0x99, 0x99, 0x99, 0x99, 0x99, 0x99, 0x99, 0x99, 0x88, 0x99, 0x98, 0x99, 0x99, 0x99, 
	0x99, 0x99, 0x99, 0x99, 0x99, 0x98, 0x89, 0x99, 0x99, 0x99, 0x88, 0x88, 0x99, 0x99, 0x99, 
	0x99, 0x99, 0x88, 0x99, 0x88, 0x99, 0x88, 0x88, 0x88, 0x88, 0x88, 0x89, 0x99, 0x88, 0x99, 
	0xBB, 0xBA, 0xAB, 0xAA, 0xAB, 0xBB, 0xBC, 0xCC, 0xCC, 0xCC, 0xCC, 0xCC, 0xCB, 0xBB, 0xCC, 
	0xDC, 0xCC, 0xDD, 0xDE, 0xEE, 0xDD, 0xCC, 0xCC, 0xCB, 0xBB, 0xBA, 0xAB, 0xBB, 0xCB, 0xCC, 
	0xCC, 0xCC, 0xCD, 0xEF, 0xFE, 0xEE, 0xEE, 0xEE, 0xEE, 0xEE, 0xEE, 0xFE, 0xEE, 0xEE, 0xFF, 
	0xFF, 0xFF, 0xFF, 0xFF, 0xFF, 0xEE, 0xEE, 0xEE, 0xFF, 0xFF, 0xFF, 0xFF, 0xFF, 0xFF, 0xFF, 
	0xFF, 0xFF, 0xFF, 0xFF, 0xEF, 0xFF, 0xFF, 0xFE, 0xEF, 0xFE, 0xEF, 0xFF, 0xFF, 0xFF, 0xFF, 
	0xFF, 0xFF, 0xFF, 0xFF, 0xFF, 0xEC, 0x86, 0x65, 0x56, 0x66, 0x67, 0x77, 0x77, 0x77, 0x77, 
	0x77, 0x77, 0x88, 0x88, 0x88, 0x88, 0x88, 0x88, 0x99, 0x88, 0x87, 0x77, 0x78, 0x89, 0xAA, 
	0xA9, 0x85, 0x32, 0x32, 0x23, 0x33, 0x33, 0x32, 0x22, 0x22, 0x21, 0x11, 0x11, 0x11, 0x11, 
	0x11, 0x11, 0x21, 0x11, 0x11, 0x11, 0x11, 0x11, 0x11, 0x11, 0x11, 0x11, 0x11, 0x01, 0x24, 
	0x32, 0x22, 0x33, 0x44, 0x32, 0x11, 0x11, 0x11, 0x11, 0x11, 0x11, 0x22, 0x32, 0x21, 0x13, 
	0x45, 0x44, 0x67, 0x76, 0x55, 0x44, 0x44, 0x44, 0x55, 0x68, 0x98, 0x77, 0x77, 0x77, 0x77, 
	0x77, 0x66, 0x77, 0x77, 0x77, 0x88, 0x9A, 0xAA, 0x98, 0x88, 0x88, 0x98, 0x89, 0x99, 0x99, 
	0x9A, 0xAA, 0xBB, 0xAA, 0xAA, 0xAA, 0xBB, 0xBC, 0xBB, 0xBB, 0xCC, 0xCC, 0xCC, 0xCC, 0xCC, 
	0xCC, 0xCC, 0xBB, 0xBB, 0xBB, 0xBC, 0xCB, 0xBB, 0xCC, 0xCC, 0xCC, 0xCC, 0xCC, 0xCC, 0xCC, 
	0xBA, 0x99, 0x99, 0x99, 0x99, 0x99, 0x99, 0x99, 0x99, 0x9A, 0xA9, 0x99, 0x99, 0x99, 0x99, 
	0x99, 0x99, 0x99, 0x99, 0x99, 0x99, 0x99, 0x99, 0x99, 0x99, 0x99, 0x99, 0x99, 0x99, 0x99, 
	0x99, 0x99, 0x99, 0x99, 0x99, 0x98, 0x99, 0x99, 0x99, 0x99, 0x99, 0x99, 0x99, 0x99, 0x99, 
	0x99, 0x99, 0x99, 0x99, 0x99, 0x99, 0x99, 0x99, 0x99, 0x88, 0x99, 0x99, 0x99, 0x99, 0x99, 
	0x99, 0x99, 0x99, 0x99, 0x99, 0x98, 0x89, 0x99, 0x99, 0x99, 0x88, 0x88, 0x99, 0x98, 0x89, 
	0x99, 0x99, 0x98, 0x88, 0x88, 0x99, 0x89, 0x88, 0x88, 0x88, 0x88, 0x89, 0x98, 0x88, 0x88, 
	0xBB, 0xAA, 0xAB, 0xBB, 0xBC, 0xDD, 0xCD, 0xDE, 0xEE, 0xEE, 0xED, 0xDD, 0xDC, 0xCC, 0xCD, 
	0xDD, 0xCC, 0xDD, 0xDE, 0xEE, 0xDC, 0xCC, 0xBC, 0xCB, 0xBB, 0xBA, 0xBB, 0xBB, 0xCC, 0xCC, 
	0xCC, 0xCC, 0xCD, 0xEF, 0xEE, 0xEE, 0xEE, 0xEE, 0xEE, 0xEE, 0xEF, 0xFE, 0xEE, 0xEE, 0xEE, 
	0xEF, 0xFF, 0xFF, 0xEE, 0xEE, 0xEE, 0xEE, 0xFF, 0xFF, 0xFF, 0xFE, 0xFF, 0xFF, 0xFF, 0xFF, 
	0xFF, 0xFF, 0xFF, 0xFE, 0xFF, 0xFF, 0xFF, 0xFF, 0xFF, 0xFF, 0xEF, 0xFE, 0xFF, 0xFF, 0xFF, 
	0xFF, 0xEE, 0xFF, 0xFF, 0xFF, 0xEB, 0x87, 0x66, 0x56, 0x66, 0x66, 0x66, 0x67, 0x67, 0x77, 
	0x77, 0x77, 0x77, 0x77, 0x78, 0x88, 0x88, 0x88, 0x89, 0x88, 0x88, 0x87, 0x77, 0x88, 0x9A, 
	0xAA, 0x96, 0x32, 0x33, 0x23, 0x33, 0x23, 0x33, 0x21, 0x11, 0x11, 0x11, 0x11, 0x11, 0x11, 
	0x11, 0x11, 0x22, 0x11, 0x11, 0x11, 0x11, 0x11, 0x11, 0x11, 0x11, 0x11, 0x11, 0x11, 0x23, 
	0x43, 0x12, 0x22, 0x34, 0x32, 0x11, 0x11, 0x11, 0x11, 0x11, 0x00, 0x11, 0x11, 0x11, 0x11, 
	0x22, 0x22, 0x45, 0x65, 0x43, 0x22, 0x33, 0x45, 0x54, 0x68, 0x86, 0x55, 0x45, 0x56, 0x77, 
	0x76, 0x66, 0x67, 0x77, 0x77, 0x77, 0x88, 0x99, 0x99, 0x99, 0x88, 0x88, 0x89, 0x99, 0xAA, 
	0x99, 0x9A, 0xAA, 0xAA, 0xAA, 0xAA, 0xAB, 0xBB, 0xCB, 0xBB, 0xBB, 0xBC, 0xCC, 0xCB, 0xBC, 
	0xCC, 0xCC, 0xCB, 0xBB, 0xBB, 0xCC, 0xCC, 0xCC, 0xCC, 0xCC, 0xCC, 0xCC, 0xCC, 0xCC, 0xCC, 
	0xBA, 0xA9, 0x99, 0xA9, 0x99, 0x99, 0x9A, 0xA9, 0x99, 0x9A, 0x99, 0x99, 0x99, 0x99, 0x99, 
	0x99, 0x99, 0x99, 0x99, 0x99, 0x99, 0x99, 0x99, 0x99, 0x99, 0x99, 0x99, 0x99, 0x99, 0x99, 
	0x99, 0x99, 0x99, 0x99, 0x99, 0x99, 0x99, 0x99, 0x99, 0x99, 0x99, 0x99, 0x99, 0x99, 0x99, 
	0x99, 0x99, 0x99, 0x99, 0x99, 0x99, 0x99, 0x99, 0x99, 0x98, 0x99, 0x99, 0x99, 0x99, 0x89, 
	0x99, 0x99, 0x99, 0x99, 0x99, 0x98, 0x89, 0x99, 0x99, 0x99, 0x88, 0x88, 0x88, 0x88, 0x88, 
	0x99, 0x99, 0x99, 0x89, 0x88, 0x99, 0x89, 0x88, 0x88, 0x88, 0x89, 0x89, 0x98, 0x88, 0x88, 
	0xBB, 0xBB, 0xBC, 0xDD, 0xCD, 0xED, 0xDE, 0xEE, 0xEF, 0xFF, 0xEE, 0xDD, 0xDD, 0xCC, 0xCD, 
	0xDD, 0xCC, 0xCD, 0xDD, 0xDE, 0xDC, 0xCB, 0xBB, 0xBA, 0xBB, 0xBB, 0xCC, 0xCC, 0xCC, 0xCC, 
	0xCC, 0xCC, 0xDD, 0xEF, 0xEE, 0xEE, 0xEE, 0xEE, 0xEE, 0xEE, 0xEE, 0xFF, 0xEE, 0xEE, 0xEE, 
	0xEE, 0xEE, 0xEF, 0xEE, 0xEE, 0xEE, 0xEE, 0xFF, 0xFF, 0xFF, 0xFF, 0xFF, 0xFF, 0xFF, 0xEE, 
	0xFF, 0xFF, 0xFF, 0xFE, 0xFF, 0xFF, 0xFF, 0xFF, 0xFF, 0xFF, 0xFF, 0xFE, 0xFF, 0xFF, 0xFF, 
	0xEE, 0xEE, 0xFF, 0xFF, 0xFF, 0xEB, 0x87, 0x66, 0x55, 0x66, 0x66, 0x66, 0x67, 0x77, 0x77, 
	0x77, 0x77, 0x77, 0x77, 0x77, 0x88, 0x87, 0x78, 0x88, 0x88, 0x88, 0x88, 0x77, 0x78, 0x88, 
	0x9A, 0x98, 0x64, 0x33, 0x33, 0x32, 0x22, 0x23, 0x22, 0x11, 0x11, 0x12, 0x22, 0x11, 0x11, 
	0x12, 0x11, 0x12, 0x11, 0x11, 0x11, 0x11, 0x11, 0x11, 0x11, 0x11, 0x11, 0x11, 0x11, 0x13, 
	0x33, 0x11, 0x11, 0x23, 0x33, 0x21, 0x10, 0x11, 0x11, 0x11, 0x11, 0x11, 0x11, 0x11, 0x11, 
	0x11, 0x11, 0x23, 0x45, 0x32, 0x12, 0x34, 0x55, 0x44, 0x67, 0x64, 0x33, 0x34, 0x45, 0x67, 
	0x76, 0x56, 0x67, 0x77, 0x77, 0x66, 0x67, 0x88, 0x89, 0x99, 0x99, 0x88, 0x99, 0x99, 0xAA, 
	0xA9, 0x99, 0xAA, 0xAA, 0xAA, 0xAA, 0xBB, 0xBB, 0xBB, 0xBB, 0xBB, 0xBB, 0xCC, 0xBB, 0xBC, 
	0xCC, 0xCC, 0xCC, 0xBB, 0xBB, 0xCC, 0xCC, 0xCC, 0xCC, 0xCC, 0xCC, 0xCC, 0xCC, 0xCC, 0xCC, 
	0xCB, 0xAA, 0xAA, 0xA9, 0x99, 0x99, 0x9A, 0xA9, 0x99, 0x99, 0x99, 0x99, 0x99, 0x99, 0x99, 
	0x99, 0x99, 0x99, 0x99, 0x99, 0x99, 0x99, 0x99, 0x99, 0x99, 0x99, 0x99, 0x99, 0x99, 0x99, 
	0x99, 0x99, 0x99, 0x99, 0x99, 0x99, 0x99, 0x99, 0x99, 0x99, 0x99, 0x99, 0x99, 0x99, 0x99, 
	0x99, 0x99, 0x99, 0x99, 0x99, 0x99, 0x98, 0x99, 0x99, 0x99, 0x99, 0x99, 0x99, 0x99, 0x89, 
	0x99, 0x99, 0x98, 0x99, 0x99, 0x99, 0x89, 0x99, 0x98, 0x88, 0x88, 0x98, 0x88, 0x89, 0x88, 
	0x99, 0x99, 0x98, 0x99, 0x98, 0x99, 0x99, 0x98, 0x89, 0x98, 0x88, 0x89, 0x98, 0x88, 0x88, 
	0xBC, 0xDC, 0xCD, 0xDE, 0xDD, 0xEE, 0xEE, 0xED, 0xEE, 0xEE, 0xDD, 0xDD, 0xDD, 0xCC, 0xCD, 
	0xDD, 0xCC, 0xDD, 0xDD, 0xDD, 0xDC, 0xCC, 0xCB, 0xBB, 0xBB, 0xBC, 0xCC, 0xCC, 0xCC, 0xDD, 
	0xDC, 0xCC, 0xDD, 0xEF, 0xFE, 0xEE, 0xEE, 0xEE, 0xEE, 0xEE, 0xEE, 0xEE, 0xEE, 0xEE, 0xEE, 
	0xEE, 0xEE, 0xEE, 0xEE, 0xEE, 0xFF, 0xFF, 0xEE, 0xEF, 0xFF, 0xFF, 0xFF, 0xFF, 0xFF, 0xEE, 
	0xFF, 0xFF, 0xFF, 0xFF, 0xFF, 0xFF, 0xFF, 0xFE, 0xEF, 0xFF, 0xFF, 0xFF, 0xEF, 0xFF, 0xFE, 
	0xEE, 0xFF, 0xFF, 0xFF, 0xFF, 0xFC, 0x87, 0x66, 0x55, 0x56, 0x66, 0x55, 0x66, 0x77, 0x77, 
	0x66, 0x66, 0x77, 0x77, 0x78, 0x88, 0x88, 0x78, 0x88, 0x87, 0x88, 0x88, 0x87, 0x78, 0x77, 
	0x89, 0x99, 0x86, 0x32, 0x33, 0x32, 0x22, 0x22, 0x22, 0x11, 0x22, 0x22, 0x22, 0x21, 0x12, 
	0x12, 0x11, 0x22, 0x21, 0x11, 0x11, 0x11, 0x11, 0x11, 0x11, 0x11, 0x11, 0x11, 0x00, 0x13, 
	0x32, 0x11, 0x11, 0x12, 0x23, 0x22, 0x11, 0x11, 0x11, 0x11, 0x11, 0x11, 0x11, 0x11, 0x11, 
	0x00, 0x11, 0x11, 0x23, 0x31, 0x13, 0x45, 0x54, 0x33, 0x44, 0x43, 0x22, 0x33, 0x45, 0x67, 
	0x65, 0x56, 0x67, 0x77, 0x77, 0x66, 0x67, 0x78, 0x88, 0x99, 0x99, 0x99, 0x99, 0x99, 0xAA, 
	0xAA, 0xA9, 0xAA, 0xBB, 0xAA, 0xAA, 0xBB, 0xBB, 0xBB, 0xBB, 0xBB, 0xBB, 0xCC, 0xBB, 0xBC, 
	0xCC, 0xCC, 0xCC, 0xCB, 0xCC, 0xCC, 0xCC, 0xCC, 0xCC, 0xCC, 0xCC, 0xCC, 0xCC, 0xCC, 0xCC, 
	0xCB, 0xBA, 0xAA, 0x99, 0x99, 0x99, 0xAA, 0x99, 0x99, 0x99, 0x99, 0x99, 0x99, 0x99, 0x99, 
	0x99, 0x99, 0x99, 0x99, 0x99, 0x99, 0x99, 0x99, 0x99, 0x99, 0x99, 0x99, 0x99, 0x99, 0x99, 
	0x99, 0x99, 0x99, 0x99, 0x99, 0x99, 0x99, 0x99, 0x89, 0x99, 0x99, 0x99, 0x99, 0x99, 0x99, 
	0x99, 0x99, 0x99, 0x99, 0x99, 0x99, 0x98, 0x99, 0x99, 0x99, 0x99, 0x99, 0x99, 0x99, 0x89, 
	0x99, 0x99, 0x99, 0x99, 0x99, 0x99, 0x99, 0x88, 0x88, 0x88, 0x99, 0x99, 0x88, 0x99, 0x88, 
	0x89, 0x99, 0x99, 0x99, 0x99, 0x99, 0x99, 0x98, 0x89, 0x98, 0x88, 0x88, 0x88, 0x88, 0x88, 
	0xCD, 0xED, 0xDD, 0xDD, 0xDD, 0xDE, 0xEE, 0xDD, 0xDD, 0xDD, 0xDD, 0xDD, 0xDD, 0xDC, 0xCD, 
	0xDC, 0xCD, 0xDD, 0xDD, 0xDC, 0xDD, 0xDD, 0xDC, 0xBB, 0xBC, 0xCC, 0xCC, 0xCC, 0xDD, 0xDD, 
	0xDD, 0xDD, 0xDD, 0xEF, 0xFE, 0xEF, 0xEE, 0xEE, 0xEE, 0xEF, 0xEE, 0xEE, 0xEE, 0xEE, 0xEE, 
	0xEE, 0xEE, 0xEE, 0xEE, 0xEE, 0xFF, 0xFF, 0xEE, 0xFF, 0xFF, 0xFF, 0xFF, 0xFF, 0xFF, 0xFF, 
	0xFF, 0xFF, 0xFF, 0xFF, 0xFF, 0xFF, 0xFF, 0xEE, 0xEF, 0xFF, 0xFF, 0xFF, 0xFF, 0xFF, 0xFE, 
	0xEE, 0xFF, 0xFF, 0xFF, 0xFF, 0xFD, 0x97, 0x66, 0x55, 0x55, 0x66, 0x55, 0x56, 0x67, 0x77, 
	0x66, 0x67, 0x77, 0x77, 0x87, 0x77, 0x88, 0x88, 0x88, 0x77, 0x78, 0x88, 0x88, 0x87, 0x77, 
	0x78, 0x89, 0x99, 0x63, 0x23, 0x32, 0x22, 0x22, 0x22, 0x22, 0x22, 0x22, 0x22, 0x21, 0x12, 
	0x22, 0x21, 0x22, 0x22, 0x11, 0x11, 0x11, 0x11, 0x11, 0x11, 0x11, 0x11, 0x11, 0x10, 0x13, 
	0x32, 0x11, 0x11, 0x11, 0x22, 0x22, 0x11, 0x11, 0x11, 0x11, 0x11, 0x11, 0x11, 0x11, 0x11, 
	0x11, 0x11, 0x11, 0x12, 0x21, 0x23, 0x43, 0x32, 0x22, 0x32, 0x22, 0x22, 0x23, 0x24, 0x66, 
	0x44, 0x45, 0x67, 0x87, 0x77, 0x76, 0x66, 0x77, 0x77, 0x88, 0x89, 0x99, 0x88, 0x89, 0x99, 
	0xAA, 0xAA, 0xAA, 0xBB, 0xBB, 0xAA, 0xBA, 0xAA, 0xBB, 0xBB, 0xBB, 0xBB, 0xCB, 0xBB, 0xBC, 
	0xCC, 0xCC, 0xCC, 0xCC, 0xCC, 0xCC, 0xCC, 0xCC, 0xCC, 0xCC, 0xCC, 0xCC, 0xCC, 0xCC, 0xCC, 
	0xCB, 0xAA, 0xAA, 0x99, 0x99, 0x99, 0x99, 0x99, 0x9A, 0x99, 0x99, 0x99, 0x99, 0x99, 0x99, 
	0x99, 0x99, 0x99, 0x99, 0x99, 0x99, 0x99, 0x99, 0x99, 0x99, 0x99, 0x99, 0x99, 0x99, 0x99, 
	0x99, 0x99, 0x99, 0x99, 0x99, 0x99, 0x99, 0x99, 0x99, 0x99, 0x99, 0x99, 0x99, 0x99, 0x99, 
	0x99, 0x99, 0x99, 0x99, 0x99, 0x99, 0x98, 0x99, 0x99, 0x99, 0x99, 0x99, 0x99, 0x99, 0x99, 
	0x99, 0x99, 0x99, 0x99, 0x99, 0x99, 0x99, 0x99, 0x99, 0x99, 0x99, 0x99, 0x88, 0x99, 0x98, 
	0x89, 0x99, 0x99, 0x99, 0x99, 0x99, 0x99, 0x98, 0x89, 0x98, 0x88, 0x88, 0x88, 0x99, 0x88, 
	0xDD, 0xED, 0xDD, 0xDD, 0xDD, 0xEE, 0xDD, 0xDC, 0xCC, 0xDD, 0xDD, 0xDD, 0xDD, 0xDD, 0xCD, 
	0xDC, 0xCD, 0xDD, 0xDD, 0xDC, 0xDD, 0xEE, 0xDC, 0xBB, 0xCC, 0xCC, 0xCC, 0xDD, 0xDD, 0xDD, 
	0xDD, 0xDD, 0xDD, 0xEF, 0xFE, 0xEE, 0xEE, 0xEE, 0xEE, 0xFF, 0xEE, 0xEE, 0xEE, 0xEE, 0xEE, 
	0xEE, 0xEE, 0xEE, 0xEE, 0xEF, 0xFF, 0xFF, 0xEF, 0xFF, 0xFF, 0xEE, 0xFF, 0xFF, 0xFF, 0xFF, 
	0xFF, 0xFF, 0xFF, 0xFF, 0xFF, 0xFF, 0xFF, 0xFE, 0xEF, 0xFE, 0xEF, 0xFF, 0xFF, 0xFF, 0xFE, 
	0xEE, 0xEE, 0xFF, 0xFF, 0xFF, 0xFD, 0xA7, 0x66, 0x55, 0x55, 0x66, 0x55, 0x55, 0x66, 0x76, 
	0x66, 0x67, 0x77, 0x77, 0x77, 0x77, 0x77, 0x78, 0x87, 0x77, 0x77, 0x78, 0x89, 0x87, 0x77, 
	0x87, 0x78, 0x9A, 0x95, 0x32, 0x22, 0x22, 0x22, 0x22, 0x22, 0x22, 0x23, 0x33, 0x22, 0x22, 
	0x22, 0x22, 0x22, 0x32, 0x11, 0x11, 0x11, 0x11, 0x11, 0x11, 0x11, 0x11, 0x11, 0x11, 0x12, 
	0x21, 0x11, 0x11, 0x11, 0x12, 0x22, 0x11, 0x11, 0x11, 0x11, 0x11, 0x11, 0x11, 0x11, 0x11, 
	0x11, 0x11, 0x11, 0x11, 0x11, 0x22, 0x21, 0x11, 0x11, 0x11, 0x12, 0x32, 0x22, 0x24, 0x65, 
	0x33, 0x45, 0x67, 0x88, 0x77, 0x65, 0x55, 0x55, 0x67, 0x77, 0x89, 0x98, 0x77, 0x78, 0x88, 
	0x9A, 0xA9, 0x9A, 0xBB, 0xCB, 0xBB, 0xBA, 0xAA, 0xBB, 0xBB, 0xBB, 0xBB, 0xBB, 0xBB, 0xBC, 
	0xCC, 0xCC, 0xCC, 0xCC, 0xCC, 0xCC, 0xCC, 0xCC, 0xCC, 0xCC, 0xCC, 0xCC, 0xCC, 0xCC, 0xCC, 
	0xBB, 0xAA, 0xA9, 0x99, 0x99, 0x9A, 0x99, 0x99, 0x9A, 0xA9, 0x99, 0x99, 0x99, 0x99, 0x99, 
	0x99, 0x99, 0x99, 0x99, 0x99, 0x99, 0x99, 0x99, 0x99, 0x99, 0x99, 0x99, 0x99, 0x99, 0x99, 
	0x99, 0x99, 0x99, 0x99, 0x89, 0x99, 0x99, 0x99, 0x99, 0x99, 0x99, 0x99, 0x99, 0x99, 0x99, 
	0x99, 0x99, 0x99, 0x99, 0x99, 0x99, 0x98, 0x99, 0x99, 0x99, 0x99, 0x99, 0x99, 0x99, 0x99, 
	0x99, 0x99, 0x99, 0x99, 0x99, 0x99, 0x99, 0x99, 0x99, 0x99, 0x99, 0x99, 0x88, 0x99, 0x98, 
	0x88, 0x88, 0x89, 0x99, 0x98, 0x99, 0x89, 0x98, 0x89, 0x99, 0x99, 0x98, 0x88, 0x99, 0x88, 
	0xDD, 0xDD, 0xDD, 0xDD, 0xDD, 0xDE, 0xDD, 0xDC, 0xCC, 0xDD, 0xDD, 0xDD, 0xDD, 0xDD, 0xDD, 
	0xCC, 0xCD, 0xDC, 0xDD, 0xCB, 0xBC, 0xDC, 0xCB, 0xBB, 0xCD, 0xDD, 0xCD, 0xDD, 0xED, 0xDD, 
	0xDD, 0xDD, 0xDD, 0xEE, 0xFE, 0xEE, 0xEE, 0xEE, 0xEE, 0xEF, 0xFE, 0xEE, 0xEE, 0xFF, 0xEE, 
	0xEE, 0xEE, 0xEE, 0xEE, 0xEE, 0xEE, 0xEF, 0xEE, 0xFF, 0xFF, 0xFF, 0xFF, 0xFF, 0xFF, 0xFF, 
	0xFF, 0xFF, 0xFF, 0xFF, 0xFF, 0xFF, 0xFF, 0xFF, 0xFF, 0xFE, 0xEE, 0xEF, 0xFF, 0xFF, 0xFF, 
	0xFF, 0xFF, 0xFE, 0xEF, 0xFF, 0xFE, 0xA6, 0x55, 0x55, 0x55, 0x56, 0x65, 0x56, 0x66, 0x66, 
	0x77, 0x77, 0x77, 0x66, 0x77, 0x76, 0x67, 0x77, 0x77, 0x77, 0x77, 0x77, 0x88, 0x88, 0x87, 
	0x77, 0x88, 0x89, 0xA8, 0x53, 0x22, 0x22, 0x22, 0x23, 0x33, 0x22, 0x33, 0x33, 0x22, 0x22, 
	0x22, 0x22, 0x12, 0x32, 0x11, 0x11, 0x11, 0x11, 0x11, 0x11, 0x11, 0x11, 0x11, 0x11, 0x12, 
	0x21, 0x11, 0x11, 0x11, 0x11, 0x11, 0x11, 0x11, 0x11, 0x11, 0x11, 0x11, 0x11, 0x11, 0x11, 
	0x11, 0x11, 0x11, 0x11, 0x11, 0x11, 0x11, 0x11, 0x11, 0x11, 0x12, 0x32, 0x21, 0x13, 0x65, 
	0x22, 0x35, 0x67, 0x88, 0x75, 0x44, 0x44, 0x55, 0x56, 0x78, 0x89, 0x87, 0x66, 0x67, 0x78, 
	0x88, 0x98, 0x99, 0x9A, 0xAB, 0xBB, 0xBA, 0xAB, 0xBB, 0xBB, 0xBC, 0xBB, 0xBB, 0xBB, 0xBB, 
	0xCC, 0xCC, 0xCC, 0xCC, 0xCC, 0xCC, 0xCC, 0xCC, 0xCC, 0xBC, 0xCC, 0xCC, 0xCC, 0xCD, 0xDC, 
	0xBA, 0xA9, 0x99, 0x99, 0x99, 0x9A, 0x99, 0x99, 0x99, 0x99, 0x99, 0xA9, 0x99, 0x98, 0x99, 
	0x99, 0x99, 0x99, 0x99, 0x99, 0x99, 0x99, 0x99, 0x99, 0x99, 0x99, 0x99, 0x99, 0x99, 0x99, 
	0x99, 0x99, 0x99, 0x99, 0x99, 0x99, 0x99, 0x99, 0x99, 0x99, 0x99, 0x99, 0x99, 0x89, 0x99, 
	0x99, 0x99, 0x99, 0x99, 0x99, 0x99, 0x99, 0x99, 0x99, 0x99, 0x99, 0x99, 0x99, 0x99, 0x99, 
	0x99, 0x99, 0x99, 0x99, 0x99, 0x99, 0x99, 0x99, 0x99, 0x99, 0x99, 0x99, 0x98, 0x89, 0x88, 
	0x88, 0x88, 0x89, 0x88, 0x88, 0x88, 0x88, 0x98, 0x89, 0x99, 0x99, 0x99, 0x98, 0x88, 0x88, 
	0xDD, 0xDD, 0xDD, 0xDD, 0xDD, 0xDD, 0xDC, 0xCC, 0xCD, 0xDD, 0xDD, 0xDD, 0xCD, 0xDD, 0xCC, 
	0xCC, 0xCC, 0xCC, 0xCC, 0xCB, 0xBB, 0xBA, 0xBB, 0xBB, 0xCD, 0xDD, 0xCC, 0xDD, 0xDD, 0xDD, 
	0xDD, 0xDD, 0xCC, 0xDE, 0xFF, 0xEE, 0xEE, 0xEE, 0xEE, 0xFF, 0xEE, 0xEE, 0xFF, 0xFF, 0xEE, 
	0xEE, 0xEE, 0xEE, 0xEE, 0xEE, 0xEE, 0xEE, 0xFF, 0xFF, 0xFF, 0xFF, 0xFF, 0xFF, 0xFF, 0xFF, 
	0xFF, 0xFF, 0xFF, 0xFF, 0xFF, 0xFF, 0xFF, 0xFF, 0xFF, 0xFE, 0xEE, 0xFF, 0xFF, 0xFF, 0xFF, 
	0xFF, 0xFF, 0xEE, 0xFF, 0xFF, 0xFE, 0xA6, 0x55, 0x55, 0x55, 0x66, 0x65, 0x56, 0x66, 0x66, 
	0x77, 0x77, 0x77, 0x77, 0x67, 0x77, 0x77, 0x77, 0x77, 0x77, 0x76, 0x67, 0x78, 0x88, 0x88, 
	0x87, 0x88, 0x78, 0x99, 0x86, 0x32, 0x22, 0x33, 0x33, 0x32, 0x22, 0x33, 0x33, 0x32, 0x22, 
	0x22, 0x22, 0x22, 0x32, 0x11, 0x11, 0x11, 0x11, 0x11, 0x11, 0x11, 0x11, 0x11, 0x11, 0x11, 
	0x11, 0x11, 0x11, 0x11, 0x11, 0x11, 0x11, 0x11, 0x11, 0x11, 0x11, 0x11, 0x11, 0x11, 0x11, 
	0x11, 0x11, 0x11, 0x11, 0x11, 0x11, 0x11, 0x11, 0x11, 0x11, 0x11, 0x21, 0x11, 0x13, 0x54, 
	0x22, 0x34, 0x56, 0x76, 0x44, 0x34, 0x44, 0x55, 0x56, 0x78, 0x88, 0x76, 0x66, 0x67, 0x77, 
	0x77, 0x88, 0x88, 0x99, 0xAA, 0xAA, 0xAA, 0xAB, 0xBB, 0xBB, 0xCC, 0xCB, 0xBB, 0xBB, 0xCC, 
	0xCC, 0xCC, 0xCC, 0xCC, 0xCB, 0xCC, 0xCC, 0xCC, 0xCC, 0xBB, 0xBC, 0xCC, 0xCD, 0xDD, 0xDC, 
	0xCB, 0xA9, 0x99, 0x99, 0x99, 0x99, 0x99, 0x99, 0x99, 0x99, 0x99, 0x99, 0x99, 0x98, 0x99, 
	0x99, 0x99, 0x99, 0x99, 0x99, 0x99, 0x99, 0x99, 0x99, 0x99, 0x99, 0x99, 0x99, 0x88, 0x99, 
	0x99, 0x99, 0x99, 0x99, 0x99, 0x99, 0x98, 0x89, 0x99, 0x99, 0x99, 0x99, 0x99, 0x99, 0x99, 
	0x99, 0x99, 0x99, 0x99, 0x99, 0x99, 0x99, 0x99, 0x99, 0x99, 0x99, 0x99, 0x99, 0x99, 0x99, 
	0x99, 0x99, 0x99, 0x99, 0x99, 0x99, 0x89, 0x99, 0x99, 0x98, 0x99, 0x99, 0x99, 0x99, 0x99, 
	0x99, 0x98, 0x99, 0x88, 0x88, 0x88, 0x89, 0x98, 0x89, 0x99, 0x99, 0x99, 0x99, 0x98, 0x88, 
	0xDD, 0xDD, 0xDD, 0xDD, 0xDC, 0xCC, 0xCB, 0xCB, 0xCC, 0xCC, 0xCC, 0xCB, 0xBC, 0xCC, 0xBC, 
	0xCC, 0xCC, 0xCC, 0xCC, 0xBB, 0xAA, 0xAA, 0xAB, 0xBB, 0xBC, 0xCC, 0xCC, 0xCC, 0xDD, 0xDC, 
	0xDD, 0xDC, 0xCC, 0xCD, 0xFF, 0xEE, 0xEE, 0xEE, 0xEF, 0xFF, 0xEE, 0xEE, 0xFF, 0xFE, 0xEE, 
	0xEE, 0xEE, 0xEE, 0xEE, 0xEE, 0xEE, 0xEE, 0xFF, 0xFF, 0xFF, 0xFF, 0xFF, 0xFF, 0xEE, 0xEE, 
	0xFF, 0xFF, 0xFF, 0xFF, 0xFF, 0xFF, 0xFF, 0xFF, 0xFF, 0xFF, 0xFF, 0xFF, 0xFF, 0xFF, 0xEE, 
	0xFF, 0xFE, 0xEF, 0xFF, 0xFF, 0xED, 0xA6, 0x55, 0x55, 0x56, 0x65, 0x55, 0x55, 0x55, 0x66, 
	0x77, 0x77, 0x78, 0x77, 0x66, 0x77, 0x77, 0x77, 0x77, 0x78, 0x77, 0x77, 0x77, 0x78, 0x88, 
	0x87, 0x88, 0x77, 0x89, 0xA8, 0x53, 0x32, 0x23, 0x33, 0x33, 0x22, 0x33, 0x33, 0x33, 0x22, 
	0x22, 0x22, 0x22, 0x32, 0x12, 0x11, 0x11, 0x11, 0x11, 0x11, 0x11, 0x11, 0x11, 0x11, 0x11, 
	0x11, 0x11, 0x11, 0x11, 0x11, 0x11, 0x11, 0x11, 0x11, 0x11, 0x11, 0x11, 0x11, 0x11, 0x11, 
	0x11, 0x11, 0x11, 0x11, 0x11, 0x11, 0x11, 0x11, 0x11, 0x11, 0x11, 0x11, 0x11, 0x12, 0x44, 
	0x32, 0x23, 0x34, 0x43, 0x22, 0x34, 0x44, 0x45, 0x56, 0x77, 0x76, 0x66, 0x66, 0x67, 0x76, 
	0x67, 0x78, 0x88, 0x88, 0x89, 0x99, 0x99, 0x9A, 0xAA, 0xBB, 0xBC, 0xCB, 0xBB, 0xCC, 0xCC, 
	0xCC, 0xCC, 0xCC, 0xCC, 0xCC, 0xCC, 0xCC, 0xCC, 0xCC, 0xBB, 0xBB, 0xCC, 0xCD, 0xDD, 0xDD, 
	0xCC, 0xA9, 0x99, 0x99, 0x99, 0x99, 0x99, 0x99, 0x99, 0x99, 0x99, 0x99, 0x99, 0x99, 0x99, 
	0x99, 0x99, 0x99, 0x99, 0x99, 0x99, 0x99, 0x99, 0x99, 0x99, 0x99, 0x99, 0x99, 0x99, 0x99, 
	0x99, 0x99, 0x99, 0x99, 0x99, 0x99, 0x98, 0x88, 0x99, 0x99, 0x99, 0x99, 0x99, 0x99, 0x99, 
	0x99, 0x99, 0x99, 0x89, 0x99, 0x99, 0x99, 0x99, 0x99, 0x99, 0x99, 0x99, 0x99, 0x99, 0x99, 
	0x99, 0x99, 0x99, 0x99, 0x99, 0x99, 0x89, 0x99, 0x99, 0x99, 0x99, 0x99, 0x99, 0x99, 0x99, 
	0x99, 0x99, 0x99, 0x99, 0x88, 0x88, 0x99, 0x99, 0x89, 0x99, 0x98, 0x99, 0x99, 0x98, 0x88, 
	0xDE, 0xED, 0xDD, 0xDC, 0xCC, 0xCB, 0xBB, 0xBB, 0xBC, 0xCC, 0xBB, 0xBA, 0xAB, 0xBB, 0xBB, 
	0xBB, 0xCC, 0xCC, 0xCC, 0xBB, 0xBB, 0xBB, 0xBB, 0xBB, 0xBB, 0xBB, 0xCC, 0xCC, 0xCC, 0xCC, 
	0xCC, 0xDC, 0xCB, 0xCD, 0xFF, 0xEE, 0xEE, 0xEE, 0xFF, 0xFF, 0xEE, 0xEE, 0xFF, 0xFE, 0xEE, 
	0xEE, 0xEE, 0xEE, 0xEE, 0xEE, 0xEE, 0xEF, 0xFF, 0xFF, 0xFF, 0xFF, 0xFF, 0xFF, 0xEE, 0xEE, 
	0xFF, 0xFF, 0xFF, 0xFF, 0xFF, 0xFF, 0xFF, 0xFF, 0xEF, 0xFF, 0xFF, 0xFF, 0xFF, 0xFE, 0xEE, 
	0xFF, 0xFE, 0xEF, 0xFF, 0xFF, 0xED, 0xA6, 0x55, 0x66, 0x56, 0x55, 0x56, 0x55, 0x55, 0x66, 
	0x66, 0x66, 0x77, 0x77, 0x66, 0x77, 0x77, 0x77, 0x77, 0x77, 0x87, 0x88, 0x77, 0x77, 0x77, 
	0x87, 0x77, 0x77, 0x89, 0xAA, 0x86, 0x43, 0x22, 0x33, 0x33, 0x33, 0x33, 0x22, 0x33, 0x33, 
	0x32, 0x23, 0x22, 0x33, 0x22, 0x11, 0x11, 0x11, 0x11, 0x11, 0x11, 0x11, 0x11, 0x11, 0x11, 
	0x11, 0x11, 0x11, 0x11, 0x11, 0x11, 0x11, 0x11, 0x11, 0x11, 0x11, 0x11, 0x11, 0x11, 0x11, 
	0x11, 0x11, 0x11, 0x11, 0x11, 0x11, 0x11, 0x11, 0x11, 0x11, 0x11, 0x11, 0x11, 0x01, 0x23, 
	0x32, 0x22, 0x23, 0x21, 0x12, 0x34, 0x44, 0x44, 0x55, 0x55, 0x55, 0x55, 0x66, 0x66, 0x66, 
	0x67, 0x78, 0x88, 0x77, 0x88, 0x99, 0x98, 0x99, 0x99, 0xAA, 0xBB, 0xCC, 0xCC, 0xCC, 0xCC, 
	0xCC, 0xCC, 0xCC, 0xCC, 0xCC, 0xCC, 0xCC, 0xBB, 0xBB, 0xBB, 0xBC, 0xCC, 0xDD, 0xDD, 0xDD, 
	0xDC, 0xBA, 0x99, 0x99, 0x99, 0x9A, 0x99, 0xAA, 0xA9, 0x99, 0x99, 0x99, 0x99, 0x99, 0x99, 
	0x99, 0x99, 0x99, 0x99, 0x99, 0x99, 0x99, 0x99, 0x99, 0x99, 0x99, 0x99, 0x99, 0x99, 0x99, 
	0x99, 0x99, 0x99, 0x99, 0x99, 0x99, 0x99, 0x99, 0x99, 0x99, 0x99, 0x99, 0x99, 0x99, 0x99, 
	0x99, 0x99, 0x99, 0x99, 0x99, 0x89, 0x99, 0x99, 0x99, 0x99, 0x99, 0x99, 0x99, 0x99, 0x99, 
	0x99, 0x99, 0x99, 0x99, 0x99, 0x99, 0x99, 0x99, 0x99, 0x99, 0x99, 0x99, 0x88, 0x99, 0x88, 
	0x99, 0x89, 0x99, 0x99, 0x99, 0x88, 0x99, 0x99, 0x98, 0x99, 0x88, 0x99, 0x99, 0x98, 0x88, 
	0xCD, 0xDD, 0xCC, 0xCC, 0xCB, 0xBB, 0xBB, 0xBB, 0xBC, 0xCB, 0xBB, 0xBB, 0xAA, 0xAB, 0xCC, 
	0xCC, 0xCC, 0xCC, 0xCC, 0xCB, 0xCC, 0xCC, 0xBB, 0xCC, 0xBB, 0xBB, 0xBC, 0xCC, 0xCC, 0xCB, 
	0xBC, 0xCC, 0xCC, 0xCE, 0xFF, 0xEE, 0xEE, 0xEF, 0xFF, 0xEE, 0xEE, 0xFF, 0xFE, 0xEE, 0xEE, 
	0xEE, 0xEE, 0xEE, 0xEE, 0xEE, 0xEF, 0xFF, 0xFF, 0xFF, 0xFF, 0xFF, 0xFF, 0xFF, 0xEE, 0xEE, 
	0xFF, 0xFF, 0xFF, 0xFF, 0xFF, 0xFF, 0xFF, 0xFE, 0xEF, 0xFF, 0xFF, 0xFF, 0xFF, 0xFE, 0xEF, 
	0xFF, 0xFE, 0xEF, 0xFF, 0xFF, 0xFE, 0xB7, 0x55, 0x56, 0x55, 0x55, 0x66, 0x65, 0x55, 0x66, 
	0x65, 0x66, 0x67, 0x77, 0x77, 0x77, 0x77, 0x77, 0x77, 0x77, 0x87, 0x78, 0x77, 0x77, 0x77, 
	0x77, 0x77, 0x66, 0x78, 0x99, 0xA9, 0x64, 0x33, 0x33, 0x33, 0x33, 0x33, 0x22, 0x33, 0x33, 
	0x32, 0x33, 0x22, 0x33, 0x21, 0x11, 0x11, 0x11, 0x11, 0x11, 0x11, 0x11, 0x11, 0x11, 0x11, 
	0x11, 0x11, 0x11, 0x11, 0x11, 0x11, 0x11, 0x11, 0x11, 0x11, 0x11, 0x11, 0x11, 0x11, 0x11, 
	0x11, 0x11, 0x11, 0x11, 0x11, 0x11, 0x11, 0x11, 0x11, 0x11, 0x11, 0x11, 0x11, 0x11, 0x12, 
	0x22, 0x11, 0x22, 0x11, 0x12, 0x23, 0x44, 0x44, 0x54, 0x44, 0x44, 0x55, 0x65, 0x54, 0x55, 
	0x67, 0x77, 0x77, 0x77, 0x78, 0x88, 0x88, 0x89, 0x99, 0xAA, 0xAB, 0xBC, 0xCC, 0xCC, 0xCC, 
	0xCC, 0xCC, 0xCC, 0xCC, 0xCC, 0xCC, 0xCB, 0xBB, 0xBB, 0xBC, 0xCC, 0xCC, 0xDD, 0xDD, 0xDD, 
	0xDC, 0xBA, 0xAA, 0x99, 0x99, 0x99, 0xA9, 0x9A, 0xAA, 0x99, 0x99, 0x99, 0x99, 0x99, 0x99, 
	0x99, 0x99, 0x99, 0x99, 0x99, 0x99, 0x99, 0x99, 0x99, 0x99, 0x99, 0x99, 0x99, 0x99, 0x99, 
	0x99, 0x99, 0x99, 0x99, 0x99, 0x99, 0x99, 0x99, 0x99, 0x99, 0x99, 0x99, 0x89, 0x99, 0x99, 
	0x99, 0x99, 0x99, 0x99, 0x99, 0x88, 0x99, 0x99, 0x99, 0x99, 0x99, 0x99, 0x99, 0x99, 0x99, 
	0x99, 0x99, 0x99, 0x99, 0x99, 0x88, 0x99, 0x99, 0x99, 0x99, 0x99, 0x99, 0x88, 0x89, 0x99, 
	0x99, 0x99, 0x99, 0x99, 0x99, 0x98, 0x99, 0x99, 0x98, 0x99, 0x88, 0x89, 0x99, 0x88, 0x99, 
	0xBB, 0xCC, 0xBB, 0xBB, 0xCB, 0xBC, 0xCC, 0xCC, 0xCC, 0xCC, 0xBB, 0xCC, 0xCB, 0xBC, 0xDD, 
	0xDD, 0xDD, 0xDD, 0xDD, 0xCC, 0xCC, 0xCC, 0xCC, 0xCB, 0xBB, 0xBB, 0xBB, 0xBC, 0xCC, 0xCB, 
	0xBC, 0xCC, 0xCC, 0xDE, 0xFF, 0xEE, 0xEE, 0xFF, 0xEE, 0xEE, 0xEE, 0xFF, 0xEE, 0xEF, 0xEE, 
	0xEE, 0xEE, 0xEE, 0xFE, 0xEE, 0xFF, 0xFF, 0xFF, 0xFF, 0xFF, 0xFF, 0xFF, 0xFF, 0xFE, 0xEF, 
	0xFF, 0xFF, 0xFF, 0xFF, 0xFF, 0xFF, 0xFF, 0xEE, 0xEF, 0xFF, 0xFF, 0xFE, 0xFF, 0xFF, 0xFF, 
	0xFF, 0xFF, 0xFE, 0xFF, 0xFF, 0xFE, 0xC8, 0x64, 0x55, 0x55, 0x55, 0x66, 0x55, 0x55, 0x56, 
	0x66, 0x66, 0x66, 0x67, 0x78, 0x77, 0x66, 0x77, 0x77, 0x77, 0x87, 0x77, 0x77, 0x77, 0x77, 
	0x77, 0x77, 0x66, 0x77, 0x88, 0x9A, 0x96, 0x43, 0x33, 0x33, 0x33, 0x33, 0x33, 0x33, 0x33, 
	0x32, 0x33, 0x22, 0x33, 0x21, 0x11, 0x11, 0x11, 0x11, 0x11, 0x11, 0x11, 0x11, 0x11, 0x11, 
	0x11, 0x11, 0x11, 0x11, 0x11, 0x11, 0x11, 0x11, 0x11, 0x11, 0x11, 0x11, 0x11, 0x11, 0x11, 
	0x01, 0x11, 0x11, 0x11, 0x11, 0x11, 0x11, 0x11, 0x11, 0x11, 0x11, 0x11, 0x11, 0x11, 0x11, 
	0x11, 0x11, 0x22, 0x21, 0x11, 0x23, 0x34, 0x44, 0x54, 0x43, 0x35, 0x66, 0x65, 0x44, 0x55, 
	0x66, 0x77, 0x77, 0x77, 0x78, 0x88, 0x88, 0x88, 0x89, 0x9A, 0xAA, 0xBC, 0xCC, 0xCC, 0xCC, 
	0xCC, 0xCC, 0xCC, 0xCC, 0xCC, 0xCC, 0xCB, 0xBB, 0xBB, 0xCC, 0xCC, 0xCC, 0xCC, 0xCD, 0xDD, 
	0xCC, 0xBA, 0xAA, 0x99, 0x99, 0x9A, 0xA9, 0x99, 0xAA, 0x99, 0x99, 0x99, 0x99, 0x99, 0x99, 
	0x99, 0x99, 0x99, 0x99, 0x99, 0x99, 0x99, 0x99, 0x99, 0x99, 0x99, 0x99, 0x99, 0x99, 0x99, 
	0x99, 0x99, 0x99, 0x99, 0x99, 0x99, 0x99, 0x99, 0x99, 0x99, 0x99, 0x99, 0x88, 0x99, 0x99, 
	0x99, 0x99, 0x99, 0x99, 0x99, 0x88, 0x99, 0x99, 0x99, 0x99, 0x99, 0x99, 0x99, 0x99, 0x99, 
	0x99, 0x99, 0x99, 0x99, 0x99, 0x88, 0x89, 0x99, 0x99, 0x99, 0x99, 0x99, 0x88, 0x89, 0x99, 
	0x99, 0x99, 0x99, 0x99, 0x99, 0x98, 0x88, 0x99, 0x99, 0x99, 0x98, 0x88, 0x88, 0x89, 0x99, 
	0xAB, 0xBB, 0xBB, 0xBC, 0xCC, 0xCC, 0xDD, 0xDD, 0xDD, 0xDD, 0xCD, 0xDD, 0xDD, 0xDD, 0xDD, 
	0xDD, 0xDD, 0xCC, 0xDD, 0xDC, 0xCC, 0xCC, 0xCC, 0xCB, 0xBB, 0xBB, 0xBB, 0xBB, 0xCC, 0xCC, 
	0xCC, 0xDD, 0xDC, 0xDE, 0xEF, 0xFF, 0xEE, 0xEE, 0xEE, 0xEE, 0xEE, 0xEF, 0xFE, 0xFF, 0xEE, 
	0xEE, 0xEE, 0xEE, 0xEE, 0xEE, 0xEF, 0xFF, 0xFF, 0xFF, 0xFF, 0xEE, 0xFF, 0xFF, 0xFF, 0xFF, 
	0xFF, 0xFF, 0xFF, 0xFF, 0xFF, 0xFF, 0xFF, 0xEE, 0xEE, 0xFF, 0xFF, 0xFF, 0xFF, 0xFF, 0xFF, 
	0xFF, 0xEF, 0xFE, 0xEF, 0xFE, 0xEE, 0xC9, 0x64, 0x55, 0x56, 0x66, 0x66, 0x55, 0x55, 0x66, 
	0x66, 0x66, 0x66, 0x67, 0x77, 0x77, 0x66, 0x66, 0x66, 0x77, 0x88, 0x77, 0x77, 0x77, 0x76, 
	0x66, 0x77, 0x76, 0x67, 0x77, 0x8A, 0xA8, 0x64, 0x33, 0x33, 0x33, 0x33, 0x33, 0x22, 0x23, 
	0x32, 0x33, 0x23, 0x23, 0x22, 0x11, 0x11, 0x11, 0x11, 0x11, 0x11, 0x11, 0x11, 0x21, 0x11, 
	0x11, 0x11, 0x11, 0x11, 0x11, 0x11, 0x11, 0x11, 0x11, 0x11, 0x11, 0x11, 0x11, 0x11, 0x11, 
	0x11, 0x11, 0x11, 0x11, 0x11, 0x11, 0x11, 0x11, 0x11, 0x11, 0x11, 0x11, 0x11, 0x11, 0x11, 
	0x11, 0x11, 0x22, 0x11, 0x11, 0x22, 0x33, 0x44, 0x54, 0x32, 0x35, 0x66, 0x65, 0x45, 0x55, 
	0x56, 0x66, 0x66, 0x67, 0x88, 0x88, 0x88, 0x77, 0x88, 0x9A, 0xAA, 0xBB, 0xBB, 0xCC, 0xCC, 
	0xCC, 0xCC, 0xCC, 0xCC, 0xCC, 0xCC, 0xCB, 0xBB, 0xBC, 0xCC, 0xCC, 0xCC, 0xCC, 0xCC, 0xCC, 
	0xCC, 0xBA, 0xA9, 0x99, 0x99, 0xAA, 0xA9, 0x99, 0x99, 0x99, 0x99, 0x99, 0x99, 0x99, 0x99, 
	0x99, 0x99, 0x99, 0x99, 0x99, 0x99, 0x99, 0x99, 0x99, 0x99, 0x99, 0x99, 0x99, 0x99, 0x99, 
	0x99, 0x99, 0x99, 0x99, 0x89, 0x99, 0x99, 0x99, 0x99, 0x99, 0x99, 0x99, 0x99, 0x99, 0x99, 
	0x99, 0x99, 0x99, 0x99, 0x99, 0x98, 0x99, 0x99, 0x99, 0x99, 0x99, 0x99, 0x99, 0x99, 0x99, 
	0x99, 0x99, 0x99, 0x99, 0x99, 0x99, 0x88, 0x99, 0x99, 0x98, 0x99, 0x99, 0x88, 0x88, 0x99, 
	0x99, 0x99, 0x99, 0x99, 0x99, 0x98, 0x88, 0x99, 0x89, 0x99, 0x99, 0x88, 0x88, 0x89, 0x99, 
	0xBB, 0xBB, 0xBC, 0xCC, 0xCD, 0xDD, 0xDD, 0xDD, 0xDD, 0xDD, 0xDD, 0xDD, 0xDD, 0xDD, 0xDD, 
	0xDD, 0xDD, 0xCC, 0xDD, 0xDD, 0xDC, 0xDC, 0xCC, 0xCC, 0xBB, 0xBC, 0xCC, 0xCB, 0xCC, 0xDD, 
	0xDD, 0xDD, 0xDD, 0xDD, 0xEF, 0xFF, 0xEE, 0xEE, 0xEE, 0xEE, 0xEE, 0xEE, 0xFF, 0xEE, 0xEE, 
	0xEF, 0xFF, 0xFF, 0xEE, 0xEE, 0xEF, 0xFF, 0xEE, 0xFF, 0xFE, 0xEE, 0xFF, 0xFF, 0xFF, 0xFF, 
	0xFF, 0xFF, 0xFF, 0xFF, 0xFF, 0xFF, 0xFF, 0xEE, 0xEE, 0xFF, 0xFF, 0xFF, 0xFF, 0xFF, 0xFF, 
	0xFE, 0xEF, 0xFE, 0xEF, 0xFE, 0xEE, 0xD9, 0x64, 0x55, 0x55, 0x66, 0x66, 0x66, 0x66, 0x66, 
	0x66, 0x66, 0x66, 0x66, 0x67, 0x77, 0x66, 0x66, 0x66, 0x77, 0x88, 0x77, 0x67, 0x77, 0x77, 
	0x76, 0x67, 0x66, 0x77, 0x67, 0x78, 0x99, 0x85, 0x33, 0x22, 0x33, 0x33, 0x33, 0x22, 0x22, 
	0x32, 0x33, 0x23, 0x23, 0x32, 0x22, 0x11, 0x11, 0x11, 0x11, 0x11, 0x11, 0x11, 0x11, 0x11, 
	0x11, 0x11, 0x11, 0x11, 0x11, 0x11, 0x11, 0x11, 0x11, 0x11, 0x11, 0x11, 0x11, 0x11, 0x11, 
	0x11, 0x11, 0x11, 0x11, 0x11, 0x11, 0x11, 0x11, 0x11, 0x11, 0x11, 0x11, 0x11, 0x11, 0x11, 
	0x11, 0x11, 0x22, 0x11, 0x11, 0x12, 0x23, 0x34, 0x54, 0x22, 0x35, 0x66, 0x54, 0x45, 0x66, 
	0x66, 0x66, 0x66, 0x67, 0x88, 0x87, 0x77, 0x78, 0x99, 0xAA, 0xAA, 0xBB, 0xCB, 0xBC, 0xCC, 
	0xCC, 0xCC, 0xCC, 0xCC, 0xCC, 0xCC, 0xCB, 0xBB, 0xCC, 0xCC, 0xCC, 0xCC, 0xCC, 0xCC, 0xCC, 
	0xCC, 0xBA, 0x99, 0x99, 0x99, 0x9A, 0xA9, 0x99, 0x99, 0x99, 0x99, 0x99, 0x99, 0xA9, 0x99, 
	0x99, 0x99, 0x99, 0x99, 0x99, 0x99, 0x99, 0x99, 0x99, 0x99, 0x99, 0x99, 0x99, 0x99, 0x99, 
	0x99, 0x99, 0x99, 0x99, 0x89, 0x99, 0x99, 0x99, 0x99, 0x99, 0x99, 0x99, 0x99, 0x99, 0x99, 
	0x99, 0x99, 0x99, 0x99, 0x99, 0x98, 0x99, 0x99, 0x99, 0x99, 0x99, 0x99, 0x99, 0x99, 0x99, 
	0x99, 0x99, 0x99, 0x99, 0x99, 0x99, 0x98, 0x88, 0x99, 0x98, 0x88, 0x88, 0x89, 0x88, 0x88, 
	0x89, 0x98, 0x99, 0x88, 0x89, 0x88, 0x88, 0x98, 0x89, 0x98, 0x88, 0x98, 0x88, 0x89, 0x99, 
	0xBB, 0xCC, 0xCC, 0xCC, 0xDD, 0xDD, 0xDC, 0xCD, 0xDD, 0xDD, 0xDE, 0xED, 0xDD, 0xEE, 0xED, 
	0xDD, 0xDD, 0xDD, 0xDD, 0xDD, 0xDD, 0xDC, 0xCC, 0xCC, 0xCB, 0xBC, 0xDD, 0xDC, 0xCC, 0xDD, 
	0xDD, 0xDD, 0xDD, 0xDE, 0xEF, 0xFF, 0xEF, 0xEE, 0xEE, 0xEE, 0xEE, 0xEE, 0xEE, 0xEE, 0xFE, 
	0xEE, 0xFF, 0xFE, 0xFF, 0xEE, 0xEE, 0xFF, 0xFF, 0xFF, 0xFE, 0xEE, 0xEE, 0xFF, 0xFF, 0xFF, 
	0xFF, 0xFF, 0xFF, 0xFF, 0xFF, 0xFF, 0xFF, 0xFF, 0xFF, 0xFF, 0xFF, 0xFF, 0xFF, 0xFF, 0xFF, 
	0xFF, 0xFF, 0xFF, 0xFF, 0xFF, 0xFE, 0xDA, 0x75, 0x45, 0x55, 0x66, 0x65, 0x66, 0x66, 0x66, 
	0x65, 0x56, 0x66, 0x65, 0x56, 0x66, 0x66, 0x66, 0x66, 0x77, 0x77, 0x77, 0x77, 0x77, 0x78, 
	0x87, 0x76, 0x66, 0x77, 0x66, 0x77, 0x8A, 0xA7, 0x53, 0x32, 0x33, 0x34, 0x33, 0x32, 0x22, 
	0x22, 0x33, 0x22, 0x23, 0x32, 0x11, 0x11, 0x11, 0x11, 0x11, 0x11, 0x11, 0x11, 0x11, 0x11, 
	0x11, 0x11, 0x11, 0x11, 0x11, 0x11, 0x11, 0x11, 0x11, 0x11, 0x11, 0x11, 0x11, 0x11, 0x11, 
	0x11, 0x11, 0x11, 0x11, 0x11, 0x11, 0x11, 0x11, 0x11, 0x11, 0x11, 0x11, 0x11, 0x11, 0x11, 
	0x11, 0x11, 0x11, 0x11, 0x11, 0x12, 0x23, 0x35, 0x53, 0x21, 0x35, 0x76, 0x43, 0x36, 0x77, 
	0x66, 0x66, 0x67, 0x78, 0x87, 0x65, 0x67, 0x78, 0x9A, 0xAB, 0xBA, 0xAB, 0xBB, 0xBC, 0xCC, 
	0xCC, 0xCC, 0xCC, 0xCC, 0xCC, 0xCC, 0xCB, 0xBB, 0xCC, 0xCC, 0xCC, 0xCC, 0xCC, 0xCC, 0xCC, 
	0xCC, 0xBA, 0x99, 0x99, 0x99, 0x99, 0x99, 0x99, 0x99, 0x99, 0x99, 0x99, 0x99, 0x99, 0x99, 
	0x99, 0x99, 0x99, 0x99, 0x99, 0x99, 0x99, 0x99, 0x99, 0x99, 0x99, 0x99, 0x99, 0x99, 0x99, 
	0x99, 0x99, 0x99, 0x99, 0x99, 0x99, 0x99, 0x98, 0x89, 0x99, 0x99, 0x99, 0x99, 0x99, 0x99, 
	0x99, 0x99, 0x99, 0x99, 0x98, 0x88, 0x99, 0x99, 0x99, 0x99, 0x98, 0x88, 0x89, 0x99, 0x99, 
	0x99, 0x99, 0x99, 0x99, 0x99, 0x99, 0x98, 0x88, 0x99, 0x99, 0x88, 0x88, 0x99, 0x98, 0x88, 
	0x88, 0x88, 0x89, 0x98, 0x88, 0x88, 0x99, 0x98, 0x99, 0x99, 0x99, 0x99, 0x88, 0x99, 0x88, 
	0xBC, 0xCC, 0xCC, 0xCC, 0xCC, 0xCC, 0xDC, 0xCC, 0xCC, 0xDD, 0xDE, 0xED, 0xDD, 0xEE, 0xED, 
	0xDD, 0xDE, 0xDD, 0xDD, 0xDD, 0xDD, 0xDC, 0xCC, 0xCD, 0xCC, 0xBC, 0xDD, 0xDC, 0xCC, 0xCD, 
	0xDD, 0xDD, 0xDD, 0xDD, 0xEF, 0xFE, 0xEF, 0xEE, 0xEE, 0xEF, 0xEE, 0xEE, 0xFF, 0xFF, 0xFE, 
	0xEE, 0xFF, 0xFF, 0xFF, 0xEE, 0xEE, 0xFF, 0xFF, 0xFF, 0xFF, 0xEE, 0xEE, 0xFF, 0xFF, 0xFF, 
	0xFF, 0xFF, 0xFE, 0xEF, 0xFF, 0xFF, 0xFF, 0xFF, 0xFF, 0xFF, 0xFF, 0xFF, 0xFF, 0xFF, 0xFF, 
	0xFF, 0xFF, 0xFF, 0xFF, 0xFF, 0xFF, 0xEB, 0x86, 0x55, 0x55, 0x56, 0x65, 0x55, 0x55, 0x55, 
	0x55, 0x55, 0x66, 0x65, 0x55, 0x56, 0x66, 0x66, 0x77, 0x77, 0x66, 0x77, 0x77, 0x77, 0x77, 
	0x77, 0x77, 0x77, 0x77, 0x66, 0x66, 0x79, 0xA9, 0x75, 0x32, 0x23, 0x33, 0x33, 0x32, 0x22, 
	0x32, 0x22, 0x22, 0x23, 0x33, 0x21, 0x11, 0x11, 0x11, 0x11, 0x11, 0x11, 0x11, 0x11, 0x11, 
	0x11, 0x11, 0x11, 0x11, 0x11, 0x11, 0x11, 0x11, 0x11, 0x11, 0x11, 0x11, 0x11, 0x11, 0x11, 
	0x11, 0x11, 0x11, 0x11, 0x11, 0x11, 0x11, 0x11, 0x11, 0x11, 0x11, 0x11, 0x11, 0x11, 0x11, 
	0x11, 0x11, 0x11, 0x11, 0x11, 0x11, 0x23, 0x44, 0x32, 0x11, 0x36, 0x74, 0x22, 0x46, 0x77, 
	0x66, 0x67, 0x77, 0x78, 0x76, 0x44, 0x56, 0x78, 0x9A, 0xAA, 0xAA, 0xAA, 0xBB, 0xCB, 0xBC, 
	0xCC, 0xCC, 0xCC, 0xCC, 0xCC, 0xCC, 0xCC, 0xBC, 0xCC, 0xCC, 0xCC, 0xCC, 0xCC, 0xCC, 0xCC, 
	0xCB, 0xBA, 0x99, 0x99, 0x99, 0x99, 0x99, 0x99, 0x99, 0x99, 0x99, 0x99, 0x99, 0x99, 0x99, 
	0x99, 0x99, 0x99, 0x99, 0x99, 0x99, 0x99, 0x99, 0x99, 0x99, 0x99, 0x99, 0x99, 0x99, 0x99, 
	0x99, 0x99, 0x99, 0x99, 0x99, 0x99, 0x99, 0x99, 0x99, 0x98, 0x88, 0x88, 0x99, 0x99, 0x99, 
	0x99, 0x99, 0x99, 0x99, 0x98, 0x99, 0x99, 0x99, 0x99, 0x99, 0x99, 0x88, 0x89, 0x99, 0x99, 
	0x99, 0x99, 0x99, 0x99, 0x99, 0x99, 0x98, 0x89, 0x99, 0x99, 0x98, 0x88, 0x89, 0x99, 0x88, 
	0x88, 0x98, 0x88, 0x88, 0x88, 0x88, 0x99, 0x98, 0x99, 0x99, 0x99, 0x99, 0x98, 0x89, 0x88, 
	0xBC, 0xCC, 0xCC, 0xCC, 0xBB, 0xBC, 0xDD, 0xCC, 0xCC, 0xDD, 0xDE, 0xDD, 0xDD, 0xEE, 0xED, 
	0xDC, 0xDE, 0xED, 0xDD, 0xDD, 0xDD, 0xDC, 0xCC, 0xCC, 0xCC, 0xCC, 0xCD, 0xCC, 0xCC, 0xCC, 
	0xDD, 0xDD, 0xDD, 0xDD, 0xEF, 0xFE, 0xEF, 0xEE, 0xEE, 0xEF, 0xEE, 0xEE, 0xFF, 0xFF, 0xEE, 
	0xEF, 0xFF, 0xFF, 0xFF, 0xEE, 0xEE, 0xEF, 0xFF, 0xFF, 0xFF, 0xFF, 0xEF, 0xFF, 0xFF, 0xFF, 
	0xFF, 0xFF, 0xEE, 0xEF, 0xFF, 0xFF, 0xFF, 0xFF, 0xFF, 0xFF, 0xFF, 0xFF, 0xFF, 0xFF, 0xFF, 
	0xFF, 0xFF, 0xFF, 0xFF, 0xFF, 0xFF, 0xEC, 0x85, 0x55, 0x55, 0x56, 0x66, 0x55, 0x55, 0x55, 
	0x55, 0x55, 0x55, 0x55, 0x55, 0x56, 0x77, 0x77, 0x78, 0x77, 0x66, 0x67, 0x77, 0x77, 0x66, 
	0x77, 0x77, 0x77, 0x77, 0x76, 0x66, 0x67, 0x9A, 0x97, 0x42, 0x22, 0x33, 0x33, 0x32, 0x22, 
	0x32, 0x22, 0x22, 0x22, 0x33, 0x21, 0x11, 0x12, 0x11, 0x11, 0x11, 0x11, 0x11, 0x11, 0x11, 
	0x11, 0x11, 0x11, 0x11, 0x11, 0x11, 0x11, 0x11, 0x11, 0x11, 0x11, 0x11, 0x11, 0x11, 0x11, 
	0x11, 0x11, 0x11, 0x11, 0x11, 0x11, 0x11, 0x11, 0x11, 0x11, 0x11, 0x11, 0x11, 0x11, 0x11, 
	0x11, 0x11, 0x11, 0x11, 0x11, 0x11, 0x23, 0x43, 0x21, 0x12, 0x36, 0x53, 0x12, 0x46, 0x66, 
	0x66, 0x77, 0x77, 0x76, 0x64, 0x34, 0x56, 0x67, 0x9A, 0xAA, 0xAA, 0xAA, 0xAB, 0xCC, 0xBC, 
	0xCC, 0xCC, 0xCC, 0xCC, 0xCC, 0xCC, 0xCC, 0xCC, 0xCC, 0xCC, 0xCC, 0xCC, 0xCC, 0xCC, 0xCC, 
	0xCB, 0xBA, 0x99, 0x99, 0x99, 0x99, 0x99, 0x99, 0x99, 0x99, 0x99, 0x99, 0x99, 0x99, 0x99, 
	0x99, 0x99, 0x99, 0x99, 0x99, 0x99, 0x99, 0x99, 0x99, 0x99, 0x99, 0x99, 0x99, 0x99, 0x99, 
	0x99, 0x99, 0x99, 0x99, 0x99, 0x99, 0x99, 0x99, 0x99, 0x99, 0x99, 0x99, 0x99, 0x99, 0x99, 
	0x99, 0x99, 0x99, 0x99, 0x98, 0x99, 0x99, 0x99, 0x99, 0x99, 0x99, 0x99, 0x99, 0x99, 0x99, 
	0x99, 0x99, 0x99, 0x99, 0x88, 0x99, 0x99, 0x99, 0x99, 0x98, 0x99, 0x99, 0x98, 0x99, 0x88, 
	0x89, 0x99, 0x88, 0x88, 0x88, 0x88, 0x99, 0x99, 0x99, 0x99, 0x99, 0x99, 0x99, 0x99, 0x88, 
	0xCC, 0xCC, 0xCB, 0xBB, 0xBB, 0xBC, 0xDD, 0xCC, 0xCC, 0xCC, 0xDD, 0xDD, 0xDD, 0xDD, 0xDD, 
	0xDD, 0xDD, 0xDD, 0xDD, 0xDD, 0xDC, 0xCC, 0xCC, 0xCB, 0xCC, 0xCC, 0xCC, 0xCC, 0xCC, 0xCC, 
	0xCD, 0xDD, 0xDD, 0xCD, 0xEF, 0xFE, 0xEF, 0xFE, 0xEE, 0xEF, 0xEE, 0xEE, 0xEE, 0xEF, 0xEE, 
	0xEF, 0xFF, 0xFF, 0xFE, 0xEE, 0xEE, 0xFF, 0xFF, 0xFF, 0xFF, 0xFF, 0xFF, 0xFF, 0xFF, 0xFF, 
	0xFF, 0xFF, 0xEE, 0xFF, 0xFF, 0xFF, 0xFF, 0xFF, 0xFF, 0xFF, 0xFF, 0xFF, 0xFF, 0xFE, 0xEF, 
	0xFF, 0xFE, 0xEF, 0xFF, 0xFE, 0xFF, 0xFC, 0x85, 0x55, 0x55, 0x56, 0x66, 0x66, 0x55, 0x55, 
	0x55, 0x55, 0x65, 0x55, 0x66, 0x67, 0x78, 0x77, 0x77, 0x76, 0x66, 0x77, 0x77, 0x77, 0x66, 
	0x67, 0x77, 0x77, 0x76, 0x66, 0x66, 0x66, 0x79, 0xA8, 0x64, 0x32, 0x33, 0x32, 0x22, 0x22, 
	0x22, 0x22, 0x22, 0x22, 0x33, 0x21, 0x11, 0x12, 0x21, 0x11, 0x11, 0x11, 0x11, 0x11, 0x11, 
	0x11, 0x11, 0x11, 0x11, 0x11, 0x11, 0x11, 0x11, 0x11, 0x11, 0x11, 0x11, 0x11, 0x11, 0x11, 
	0x11, 0x11, 0x11, 0x11, 0x11, 0x11, 0x11, 0x11, 0x11, 0x11, 0x11, 0x11, 0x11, 0x11, 0x11, 
	0x11, 0x11, 0x11, 0x11, 0x11, 0x11, 0x23, 0x32, 0x12, 0x22, 0x34, 0x42, 0x12, 0x35, 0x66, 
	0x56, 0x66, 0x66, 0x54, 0x43, 0x34, 0x55, 0x56, 0x89, 0xAA, 0xBB, 0xA9, 0xAB, 0xCC, 0xBB, 
	0xBB, 0xBC, 0xCC, 0xCC, 0xCC, 0xCC, 0xCC, 0xCC, 0xCC, 0xCC, 0xCC, 0xCC, 0xCC, 0xCC, 0xCC, 
	0xBB, 0xBA, 0x99, 0x99, 0x99, 0xA9, 0x99, 0x99, 0x99, 0x99, 0x99, 0x99, 0x99, 0x99, 0x99, 
	0x99, 0x99, 0x99, 0x99, 0x99, 0x99, 0x99, 0x99, 0x99, 0x99, 0x99, 0x99, 0x99, 0x99, 0x99, 
	0x99, 0x99, 0x99, 0x99, 0x99, 0x99, 0x99, 0x99, 0x99, 0x99, 0x99, 0x99, 0x99, 0x99, 0x99, 
	0x98, 0x99, 0x99, 0x99, 0x98, 0x99, 0x99, 0x99, 0x99, 0x99, 0x99, 0x99, 0x99, 0x99, 0x99, 
	0x99, 0x99, 0x99, 0x99, 0x99, 0x99, 0x89, 0x99, 0x99, 0x98, 0x99, 0x99, 0x98, 0x89, 0x98, 
	0x89, 0x99, 0x99, 0x89, 0x99, 0x88, 0x99, 0x99, 0x99, 0x99, 0x88, 0x99, 0x99, 0x99, 0x98, 
	0xCC, 0xCC, 0xCB, 0xBC, 0xCC, 0xCC, 0xCC, 0xCC, 0xCC, 0xBC, 0xCC, 0xCC, 0xDC, 0xCC, 0xCC, 
	0xCC, 0xDD, 0xCC, 0xCC, 0xCC, 0xCB, 0xBB, 0xBB, 0xBB, 0xBB, 0xCC, 0xCC, 0xCC, 0xDC, 0xCC, 
	0xCC, 0xCC, 0xCC, 0xCD, 0xEF, 0xFE, 0xEF, 0xEE, 0xEE, 0xEE, 0xEE, 0xEE, 0xEE, 0xEE, 0xEE, 
	0xEE, 0xFF, 0xFF, 0xEE, 0xEE, 0xFF, 0xFF, 0xFF, 0xFF, 0xFF, 0xFF, 0xFF, 0xFF, 0xFF, 0xFF, 
	0xFF, 0xFF, 0xFF, 0xFF, 0xFF, 0xFF, 0xFF, 0xFF, 0xFE, 0xEF, 0xFF, 0xFF, 0xFF, 0xFE, 0xEF, 
	0xFF, 0xFE, 0xEE, 0xFF, 0xFE, 0xEF, 0xFC, 0x85, 0x65, 0x55, 0x56, 0x66, 0x66, 0x66, 0x66, 
	0x66, 0x66, 0x66, 0x66, 0x66, 0x77, 0x77, 0x66, 0x66, 0x66, 0x66, 0x77, 0x77, 0x77, 0x66, 
	0x67, 0x77, 0x77, 0x66, 0x66, 0x66, 0x66, 0x68, 0x98, 0x86, 0x43, 0x33, 0x33, 0x22, 0x22, 
	0x32, 0x22, 0x22, 0x22, 0x23, 0x21, 0x11, 0x12, 0x21, 0x11, 0x11, 0x11, 0x11, 0x11, 0x21, 
	0x11, 0x11, 0x11, 0x11, 0x11, 0x11, 0x11, 0x11, 0x11, 0x11, 0x11, 0x11, 0x11, 0x11, 0x11, 
	0x11, 0x11, 0x11, 0x11, 0x11, 0x11, 0x11, 0x11, 0x11, 0x11, 0x11, 0x11, 0x11, 0x11, 0x11, 
	0x11, 0x11, 0x11, 0x11, 0x11, 0x11, 0x12, 0x11, 0x12, 0x12, 0x23, 0x21, 0x12, 0x34, 0x55, 
	0x54, 0x55, 0x44, 0x34, 0x33, 0x34, 0x54, 0x45, 0x78, 0x99, 0xBB, 0xA9, 0x9A, 0xBB, 0xCB, 
	0xBB, 0xBC, 0xCC, 0xCC, 0xCC, 0xCC, 0xCC, 0xCC, 0xCC, 0xCC, 0xCC, 0xCC, 0xCC, 0xCC, 0xCB, 
	0xBB, 0xAA, 0x99, 0x99, 0x99, 0x99, 0x99, 0x99, 0x99, 0x99, 0x99, 0x99, 0x99, 0x99, 0x99, 
	0x99, 0x99, 0x99, 0x99, 0x99, 0x99, 0x99, 0x99, 0x99, 0x99, 0x99, 0x99, 0x99, 0x99, 0x99, 
	0x99, 0x99, 0x99, 0x99, 0x99, 0x99, 0x99, 0x99, 0x99, 0x99, 0x98, 0x99, 0x99, 0x99, 0x99, 
	0x88, 0x99, 0x99, 0x99, 0x98, 0x99, 0x99, 0x99, 0x99, 0x99, 0x99, 0x99, 0x99, 0x99, 0x99, 
	0x99, 0x99, 0x99, 0x88, 0x99, 0x99, 0x89, 0x98, 0x89, 0x99, 0x99, 0x99, 0x98, 0x88, 0x88, 
	0x88, 0x88, 0x99, 0x99, 0x99, 0x98, 0x89, 0x99, 0x99, 0x99, 0x88, 0x88, 0x99, 0x98, 0x88, 
	0xCC, 0xCC, 0xCB, 0xBC, 0xCC, 0xCC, 0xCC, 0xCC, 0xCB, 0xBB, 0xBC, 0xCC, 0xCC, 0xBB, 0xBB, 
	0xBB, 0xCC, 0xCB, 0xBB, 0xBB, 0xBB, 0xBA, 0xAA, 0xAA, 0xBB, 0xBB, 0xCC, 0xCC, 0xCC, 0xCC, 
	0xCC, 0xCC, 0xCC, 0xCD, 0xEF, 0xFE, 0xEE, 0xEE, 0xEF, 0xEE, 0xEE, 0xFE, 0xEE, 0xEF, 0xFF, 
	0xEE, 0xFF, 0xFF, 0xFF, 0xFF, 0xFF, 0xFF, 0xFF, 0xFF, 0xFF, 0xFF, 0xFF, 0xFF, 0xFF, 0xFF, 
	0xFF, 0xFF, 0xFF, 0xFF, 0xFF, 0xFF, 0xFF, 0xFE, 0xFE, 0xEF, 0xFF, 0xFF, 0xFF, 0xFF, 0xFF, 
	0xFF, 0xFE, 0xEF, 0xFF, 0xFF, 0xEF, 0xFD, 0x96, 0x55, 0x55, 0x66, 0x66, 0x66, 0x66, 0x66, 
	0x77, 0x66, 0x67, 0x76, 0x77, 0x77, 0x76, 0x66, 0x66, 0x66, 0x67, 0x76, 0x66, 0x76, 0x66, 
	0x67, 0x77, 0x77, 0x66, 0x66, 0x66, 0x66, 0x67, 0x78, 0x87, 0x64, 0x33, 0x33, 0x22, 0x22, 
	0x33, 0x22, 0x22, 0x22, 0x23, 0x32, 0x11, 0x22, 0x21, 0x11, 0x11, 0x11, 0x11, 0x12, 0x22, 
	0x11, 0x11, 0x11, 0x11, 0x11, 0x11, 0x11, 0x11, 0x11, 0x11, 0x11, 0x11, 0x11, 0x11, 0x11, 
	0x11, 0x11, 0x11, 0x11, 0x11, 0x11, 0x11, 0x11, 0x11, 0x11, 0x11, 0x11, 0x11, 0x11, 0x11, 
	0x11, 0x11, 0x11, 0x11, 0x11, 0x11, 0x11, 0x11, 0x11, 0x11, 0x11, 0x11, 0x12, 0x24, 0x44, 
	0x44, 0x44, 0x33, 0x33, 0x33, 0x33, 0x44, 0x34, 0x68, 0x89, 0xAB, 0xA9, 0x88, 0xAB, 0xBB, 
	0xBB, 0xBC, 0xCC, 0xCC, 0xCC, 0xCC, 0xCC, 0xCC, 0xCC, 0xCC, 0xCC, 0xCC, 0xCC, 0xCC, 0xCB, 
	0xBA, 0xA9, 0x99, 0x99, 0x99, 0x99, 0x99, 0x99, 0x99, 0x99, 0x99, 0x99, 0x99, 0x99, 0x99, 
	0x99, 0x99, 0x99, 0x99, 0x99, 0x99, 0x99, 0x99, 0x99, 0x99, 0x99, 0x99, 0x99, 0x99, 0x99, 
	0x98, 0x89, 0x99, 0x99, 0x99, 0x99, 0x88, 0x89, 0x99, 0x88, 0x88, 0x99, 0x99, 0x99, 0x99, 
	0x88, 0x99, 0x99, 0x99, 0x98, 0x99, 0x99, 0x99, 0x99, 0x99, 0x99, 0x99, 0x99, 0x99, 0x99, 
	0x99, 0x99, 0x99, 0x88, 0x99, 0x99, 0x99, 0x98, 0x89, 0x99, 0x99, 0x88, 0x88, 0x89, 0x88, 
	0x88, 0x88, 0x99, 0x99, 0x99, 0x88, 0x88, 0x88, 0x99, 0x99, 0x99, 0x88, 0x99, 0x98, 0x88, 
	0xBB, 0xBB, 0xBB, 0xBB, 0xBC, 0xCC, 0xBB, 0xBB, 0xBB, 0xAB, 0xBB, 0xBB, 0xBB, 0xBB, 0xAA, 
	0xBB, 0xCC, 0xCB, 0xBB, 0xBB, 0xBB, 0xBB, 0xAA, 0xBB, 0xBB, 0xBB, 0xBC, 0xCB, 0xCC, 0xBB, 
	0xBC, 0xCC, 0xCC, 0xCC, 0xEF, 0xFE, 0xEF, 0xEE, 0xEF, 0xEE, 0xEF, 0xFF, 0xEE, 0xFF, 0xFF, 
	0xFE, 0xFF, 0xFF, 0xFF, 0xFF, 0xFF, 0xFF, 0xFF, 0xFF, 0xFF, 0xFF, 0xFF, 0xFF, 0xFF, 0xFF, 
	0xFF, 0xFF, 0xFF, 0xFF, 0xFF, 0xFF, 0xFF, 0xFE, 0xFF, 0xEE, 0xEF, 0xFF, 0xFF, 0xFF, 0xFF, 
	0xFF, 0xEE, 0xEF, 0xFF, 0xFF, 0xEF, 0xFE, 0xA6, 0x55, 0x56, 0x66, 0x66, 0x66, 0x66, 0x66, 
	0x66, 0x66, 0x77, 0x88, 0x77, 0x77, 0x77, 0x77, 0x77, 0x76, 0x67, 0x76, 0x66, 0x66, 0x66, 
	0x67, 0x77, 0x77, 0x76, 0x66, 0x66, 0x76, 0x66, 0x67, 0x77, 0x75, 0x43, 0x33, 0x32, 0x32, 
	0x33, 0x22, 0x22, 0x22, 0x33, 0x32, 0x22, 0x22, 0x21, 0x11, 0x11, 0x11, 0x11, 0x22, 0x22, 
	0x21, 0x11, 0x11, 0x11, 0x11, 0x11, 0x11, 0x11, 0x11, 0x11, 0x11, 0x11, 0x11, 0x11, 0x11, 
	0x11, 0x11, 0x11, 0x11, 0x11, 0x11, 0x11, 0x11, 0x11, 0x11, 0x11, 0x11, 0x11, 0x11, 0x11, 
	0x11, 0x11, 0x11, 0x11, 0x11, 0x11, 0x11, 0x11, 0x11, 0x11, 0x11, 0x11, 0x22, 0x24, 0x44, 
	0x43, 0x43, 0x33, 0x33, 0x33, 0x33, 0x44, 0x34, 0x56, 0x78, 0x9A, 0x98, 0x78, 0x9A, 0xBB, 
	0xBB, 0xBB, 0xCC, 0xCC, 0xCC, 0xCC, 0xCC, 0xCC, 0xCC, 0xCC, 0xCC, 0xCC, 0xCC, 0xCC, 0xCB, 
	0xBA, 0xA9, 0x99, 0x9A, 0x99, 0x99, 0x99, 0x99, 0x99, 0x99, 0x99, 0x99, 0x99, 0x99, 0x99, 
	0x99, 0x99, 0x99, 0x99, 0x99, 0x99, 0x99, 0x99, 0x99, 0x99, 0x99, 0x99, 0x99, 0x99, 0x99, 
	0x99, 0x99, 0x99, 0x99, 0x99, 0x99, 0x98, 0x89, 0x99, 0x89, 0x98, 0x99, 0x99, 0x99, 0x99, 
	0x99, 0x99, 0x99, 0x89, 0x99, 0x99, 0x99, 0x99, 0x99, 0x99, 0x99, 0x99, 0x99, 0x99, 0x99, 
	0x99, 0x99, 0x99, 0x88, 0x99, 0x99, 0x99, 0x99, 0x89, 0x99, 0x99, 0x99, 0x98, 0x89, 0x89, 
	0x88, 0x88, 0x88, 0x99, 0x98, 0x88, 0x88, 0x88, 0x99, 0x98, 0x89, 0x88, 0x99, 0x98, 0x88, 
	0xBB, 0xBB, 0xBB, 0xAA, 0xAB, 0xBB, 0xBB, 0xBB, 0xBB, 0xBC, 0xCB, 0xBB, 0xBB, 0xBB, 0xBB, 
	0xBC, 0xCC, 0xCB, 0xBB, 0xBB, 0xBB, 0xCC, 0xCC, 0xCC, 0xCC, 0xBB, 0xBB, 0xBB, 0xBB, 0xBA, 
	0xBC, 0xCC, 0xCC, 0xCC, 0xEF, 0xFF, 0xEF, 0xFE, 0xEE, 0xEE, 0xEF, 0xFF, 0xEE, 0xFF, 0xFF, 
	0xFF, 0xFF, 0xFF, 0xFF, 0xFF, 0xFF, 0xFF, 0xFF, 0xFF, 0xFF, 0xFF, 0xFF, 0xFF, 0xFF, 0xFF, 
	0xFF, 0xFF, 0xFF, 0xFF, 0xFF, 0xFF, 0xFF, 0xFE, 0xFF, 0xEE, 0xEE, 0xEE, 0xFF, 0xFF, 0xFF, 
	0xFF, 0xEE, 0xEF, 0xFF, 0xFF, 0xEF, 0xFE, 0xA6, 0x55, 0x55, 0x66, 0x65, 0x55, 0x66, 0x66, 
	0x66, 0x66, 0x77, 0x88, 0x87, 0x77, 0x77, 0x77, 0x77, 0x66, 0x66, 0x66, 0x55, 0x55, 0x66, 
	0x77, 0x77, 0x76, 0x77, 0x76, 0x66, 0x76, 0x65, 0x66, 0x67, 0x87, 0x43, 0x22, 0x23, 0x32, 
	0x22, 0x22, 0x22, 0x22, 0x33, 0x32, 0x22, 0x22, 0x22, 0x11, 0x11, 0x11, 0x11, 0x12, 0x22, 
	0x11, 0x11, 0x11, 0x11, 0x11, 0x11, 0x11, 0x11, 0x11, 0x11, 0x11, 0x11, 0x10, 0x11, 0x11, 
	0x11, 0x11, 0x11, 0x11, 0x11, 0x11, 0x11, 0x11, 0x11, 0x11, 0x11, 0x11, 0x11, 0x11, 0x11, 
	0x11, 0x11, 0x11, 0x11, 0x11, 0x11, 0x11, 0x11, 0x11, 0x11, 0x11, 0x11, 0x23, 0x34, 0x44, 
	0x43, 0x43, 0x33, 0x33, 0x33, 0x33, 0x44, 0x44, 0x45, 0x67, 0x9A, 0x97, 0x78, 0x99, 0xAB, 
	0xBB, 0xBB, 0xCC, 0xCC, 0xCC, 0xCC, 0xCC, 0xCC, 0xCC, 0xCC, 0xCC, 0xCC, 0xCC, 0xCC, 0xCB, 
	0xBA, 0xA9, 0x99, 0x9A, 0x99, 0x99, 0x99, 0x99, 0x99, 0x99, 0x99, 0x99, 0x99, 0x99, 0x99, 
	0x99, 0x99, 0x99, 0x99, 0x99, 0x99, 0x99, 0x99, 0x99, 0x99, 0x99, 0x99, 0x99, 0x99, 0x99, 
	0x99, 0x99, 0x98, 0x89, 0x99, 0x99, 0x99, 0x99, 0x98, 0x99, 0x99, 0x99, 0x99, 0x99, 0x99, 
	0x99, 0x99, 0x99, 0x89, 0x99, 0x99, 0x99, 0x99, 0x99, 0x99, 0x99, 0x99, 0x99, 0x99, 0x99, 
	0x99, 0x99, 0x99, 0x89, 0x99, 0x99, 0x99, 0x99, 0x99, 0x99, 0x99, 0x99, 0x98, 0x88, 0x89, 
	0x98, 0x88, 0x88, 0x88, 0x88, 0x88, 0x88, 0x89, 0x99, 0x98, 0x89, 0x99, 0x99, 0x99, 0x99, 
	0xCB, 0xAA, 0xBA, 0xAA, 0xAB, 0xBB, 0xBB, 0xBB, 0xCC, 0xCD, 0xCC, 0xCC, 0xCC, 0xCC, 0xCC, 
	0xCC, 0xCC, 0xCC, 0xBB, 0xCC, 0xCC, 0xCC, 0xCC, 0xCC, 0xCC, 0xCC, 0xCC, 0xCC, 0xBB, 0xBB, 
	0xBB, 0xCC, 0xCC, 0xCD, 0xEF, 0xFF, 0xFF, 0xEE, 0xEF, 0xEE, 0xFF, 0xFF, 0xFF, 0xFF, 0xFF, 
	0xFF, 0xFF, 0xFF, 0xFF, 0xFF, 0xFF, 0xFF, 0xFF, 0xFF, 0xFF, 0xFF, 0xFF, 0xFF, 0xFF, 0xFF, 
	0xFF, 0xFF, 0xFF, 0xFF, 0xFF, 0xFF, 0xFF, 0xFF, 0xFF, 0xEE, 0xEE, 0xEE, 0xFF, 0xFF, 0xFF, 
	0xFF, 0xFF, 0xFF, 0xFF, 0xFF, 0xEF, 0xFE, 0xB8, 0x65, 0x55, 0x56, 0x56, 0x55, 0x56, 0x66, 
	0x66, 0x67, 0x77, 0x88, 0x87, 0x77, 0x77, 0x77, 0x66, 0x66, 0x66, 0x66, 0x55, 0x55, 0x56, 
	0x66, 0x66, 0x66, 0x67, 0x76, 0x66, 0x76, 0x56, 0x66, 0x67, 0x78, 0x53, 0x22, 0x33, 0x32, 
	0x22, 0x22, 0x22, 0x12, 0x33, 0x32, 0x21, 0x22, 0x22, 0x22, 0x11, 0x11, 0x11, 0x11, 0x11, 
	0x11, 0x11, 0x11, 0x11, 0x11, 0x11, 0x11, 0x22, 0x21, 0x11, 0x11, 0x11, 0x11, 0x11, 0x11, 
	0x11, 0x11, 0x11, 0x11, 0x11, 0x11, 0x11, 0x11, 0x11, 0x12, 0x11, 0x11, 0x11, 0x11, 0x11, 
	0x11, 0x11, 0x11, 0x11, 0x11, 0x11, 0x11, 0x11, 0x11, 0x11, 0x11, 0x12, 0x23, 0x44, 0x34, 
	0x33, 0x33, 0x34, 0x33, 0x33, 0x44, 0x34, 0x54, 0x44, 0x57, 0x99, 0x75, 0x57, 0x89, 0x9A, 
	0xBB, 0xAB, 0xBC, 0xCB, 0xCC, 0xCC, 0xCC, 0xCC, 0xCC, 0xCC, 0xCC, 0xCC, 0xCC, 0xCB, 0xBB, 
	0xBA, 0xA9, 0x99, 0x99, 0x99, 0x99, 0x99, 0x99, 0x99, 0x99, 0x99, 0x99, 0x99, 0x99, 0x99, 
	0x99, 0x99, 0x99, 0x99, 0x99, 0x99, 0x99, 0x99, 0x89, 0x99, 0x99, 0x99, 0x99, 0x99, 0x99, 
	0x99, 0x99, 0x99, 0x98, 0x99, 0x99, 0x99, 0x98, 0x89, 0x99, 0x99, 0x99, 0x99, 0x88, 0x99, 
	0x99, 0x99, 0x98, 0x99, 0x99, 0x99, 0x99, 0x99, 0x99, 0x99, 0x99, 0x99, 0x99, 0x98, 0x99, 
	0x99, 0x99, 0x99, 0x99, 0x99, 0x99, 0x99, 0x89, 0x99, 0x98, 0x99, 0x99, 0x99, 0x88, 0x89, 
	0x99, 0x88, 0x88, 0x88, 0x88, 0x88, 0x88, 0x89, 0x99, 0x98, 0x88, 0x89, 0x99, 0x99, 0x99, 
	0xCB, 0xAA, 0xBA, 0xAA, 0xBB, 0xCC, 0xCC, 0xCC, 0xCC, 0xDD, 0xCC, 0xCC, 0xCB, 0xCC, 0xCC, 
	0xCC, 0xCC, 0xCC, 0xBC, 0xCC, 0xCC, 0xCC, 0xCC, 0xCC, 0xCC, 0xCC, 0xCC, 0xCC, 0xCB, 0xBB, 
	0xBC, 0xCC, 0xDD, 0xDD, 0xEF, 0xFF, 0xEF, 0xFE, 0xFF, 0xEE, 0xFF, 0xFF, 0xFF, 0xFF, 0xFF, 
	0xFF, 0xFF, 0xFF, 0xFF, 0xFF, 0xFF, 0xFF, 0xFF, 0xFF, 0xFF, 0xFF, 0xFF, 0xFF, 0xFF, 0xFF, 
	0xFF, 0xFF, 0xFF, 0xFF, 0xFF, 0xFF, 0xFF, 0xFE, 0xFF, 0xEE, 0xEE, 0xEF, 0xFF, 0xFF, 0xFF, 
	0xEE, 0xFF, 0xFF, 0xFF, 0xFF, 0xEF, 0xFF, 0xC8, 0x65, 0x55, 0x56, 0x66, 0x55, 0x66, 0x66, 
	0x66, 0x77, 0x77, 0x77, 0x76, 0x66, 0x66, 0x66, 0x66, 0x66, 0x66, 0x66, 0x55, 0x55, 0x56, 
	0x66, 0x66, 0x66, 0x67, 0x76, 0x66, 0x66, 0x56, 0x66, 0x66, 0x77, 0x64, 0x22, 0x23, 0x32, 
	0x22, 0x22, 0x22, 0x22, 0x33, 0x22, 0x22, 0x22, 0x22, 0x22, 0x22, 0x11, 0x11, 0x11, 0x11, 
	0x11, 0x11, 0x11, 0x11, 0x11, 0x11, 0x11, 0x22, 0x11, 0x11, 0x11, 0x11, 0x11, 0x11, 0x11, 
	0x11, 0x11, 0x11, 0x11, 0x11, 0x11, 0x11, 0x12, 0x11, 0x11, 0x11, 0x11, 0x11, 0x11, 0x11, 
	0x11, 0x11, 0x11, 0x11, 0x11, 0x11, 0x11, 0x11, 0x11, 0x11, 0x11, 0x22, 0x34, 0x44, 0x34, 
	0x33, 0x33, 0x34, 0x33, 0x33, 0x44, 0x44, 0x54, 0x44, 0x57, 0x98, 0x64, 0x57, 0x89, 0x99, 
	0xAA, 0x9A, 0xCC, 0xCB, 0xBC, 0xBB, 0xCC, 0xBB, 0xCC, 0xCC, 0xCC, 0xCC, 0xCC, 0xCC, 0xCB, 
	0xBA, 0xA9, 0x99, 0x99, 0x99, 0x9A, 0x99, 0x99, 0x99, 0x99, 0x99, 0x99, 0x99, 0x99, 0x99, 
	0x99, 0x99, 0x99, 0x99, 0x99, 0x99, 0x99, 0x99, 0x99, 0x99, 0x99, 0x99, 0x99, 0x99, 0x99, 
	0x99, 0x99, 0x99, 0x98, 0x99, 0x99, 0x99, 0x99, 0x99, 0x99, 0x99, 0x99, 0x99, 0x99, 0x99, 
	0x99, 0x99, 0x99, 0x99, 0x99, 0x98, 0x99, 0x98, 0x89, 0x99, 0x99, 0x99, 0x99, 0x99, 0x99, 
	0x99, 0x99, 0x99, 0x99, 0x99, 0x89, 0x98, 0x88, 0x99, 0x99, 0x98, 0x99, 0x99, 0x88, 0x89, 
	0x99, 0x88, 0x88, 0x88, 0x88, 0x88, 0x88, 0x88, 0x99, 0x88, 0x88, 0x89, 0x99, 0x99, 0x99, 
	0xCC, 0xBA, 0xBB, 0xBB, 0xBC, 0xCC, 0xDD, 0xCD, 0xDC, 0xCC, 0xBC, 0xCC, 0xBB, 0xBC, 0xCC, 
	0xCB, 0xBC, 0xCC, 0xCC, 0xCD, 0xCD, 0xDC, 0xCC, 0xCC, 0xCC, 0xDC, 0xCB, 0xCC, 0xCC, 0xBC, 
	0xCC, 0xDD, 0xDD, 0xEE, 0xEE, 0xFF, 0xEF, 0xFF, 0xFF, 0xEE, 0xFF, 0xFF, 0xFF, 0xFF, 0xFF, 
	0xFF, 0xFF, 0xFF, 0xFF, 0xFF, 0xFF, 0xFF, 0xFF, 0xFF, 0xFF, 0xFF, 0xFF, 0xFF, 0xFF, 0xFF, 
	0xFF, 0xFF, 0xFF, 0xFF, 0xFF, 0xFF, 0xFF, 0xFE, 0xFE, 0xEE, 0xEE, 0xFF, 0xFF, 0xEE, 0xEE, 
	0xEE, 0xFF, 0xFF, 0xFF, 0xFF, 0xEE, 0xFF, 0xD8, 0x55, 0x55, 0x55, 0x66, 0x66, 0x67, 0x77, 
	0x77, 0x77, 0x76, 0x66, 0x65, 0x56, 0x65, 0x55, 0x55, 0x55, 0x66, 0x66, 0x66, 0x55, 0x56, 
	0x65, 0x55, 0x66, 0x66, 0x66, 0x66, 0x66, 0x56, 0x66, 0x66, 0x67, 0x86, 0x43, 0x22, 0x22, 
	0x22, 0x22, 0x22, 0x22, 0x32, 0x22, 0x22, 0x22, 0x22, 0x22, 0x22, 0x11, 0x11, 0x11, 0x11, 
	0x12, 0x22, 0x21, 0x11, 0x11, 0x11, 0x11, 0x12, 0x11, 0x11, 0x11, 0x11, 0x11, 0x11, 0x11, 
	0x11, 0x11, 0x11, 0x11, 0x11, 0x11, 0x11, 0x11, 0x11, 0x11, 0x11, 0x11, 0x11, 0x11, 0x11, 
	0x11, 0x11, 0x11, 0x11, 0x11, 0x11, 0x11, 0x11, 0x11, 0x11, 0x11, 0x23, 0x44, 0x44, 0x33, 
	0x33, 0x33, 0x34, 0x33, 0x33, 0x44, 0x44, 0x44, 0x44, 0x57, 0x86, 0x54, 0x46, 0x89, 0x99, 
	0x99, 0x8A, 0xBC, 0xCC, 0xCB, 0xBB, 0xBC, 0xBB, 0xCC, 0xCC, 0xCC, 0xCC, 0xCC, 0xCC, 0xCB, 
	0xBA, 0x99, 0x99, 0x99, 0x99, 0x9A, 0x99, 0x99, 0x99, 0x99, 0x99, 0x99, 0x99, 0x99, 0x99, 
	0x99, 0x99, 0x99, 0x99, 0x99, 0x99, 0x99, 0x99, 0x99, 0x99, 0x99, 0x99, 0x99, 0x99, 0x99, 
	0x99, 0x99, 0x99, 0x99, 0x99, 0x99, 0x99, 0x99, 0x99, 0x99, 0x99, 0x99, 0x99, 0x99, 0x99, 
	0x99, 0x99, 0x99, 0x99, 0x99, 0x99, 0x99, 0x98, 0x89, 0x99, 0x99, 0x89, 0x99, 0x99, 0x99, 
	0x99, 0x99, 0x99, 0x89, 0x98, 0x88, 0x99, 0x88, 0x88, 0x99, 0x99, 0x99, 0x99, 0x88, 0x89, 
	0x99, 0x88, 0x88, 0x88, 0x88, 0x99, 0x98, 0x88, 0x88, 0x88, 0x88, 0x89, 0x99, 0x98, 0x88, 
	0xCC, 0xBB, 0xBB, 0xBB, 0xBC, 0xCC, 0xCC, 0xCC, 0xCC, 0xCC, 0xBC, 0xCC, 0xBB, 0xBC, 0xCC, 
	0xCB, 0xBB, 0xCC, 0xCC, 0xCD, 0xDD, 0xCC, 0xCB, 0xCC, 0xCC, 0xDC, 0xCB, 0xCC, 0xCC, 0xCC, 
	0xCD, 0xDD, 0xDD, 0xEE, 0xEE, 0xFF, 0xEF, 0xFF, 0xFE, 0xEF, 0xFF, 0xFF, 0xFF, 0xFF, 0xFF, 
	0xFF, 0xFF, 0xFF, 0xFF, 0xFF, 0xFF, 0xFF, 0xFF, 0xFF, 0xFF, 0xFF, 0xFF, 0xFF, 0xFF, 0xFF, 
	0xFF, 0xFF, 0xFF, 0xFF, 0xFF, 0xFF, 0xFF, 0xFF, 0xEE, 0xEE, 0xEE, 0xFF, 0xFF, 0xFF, 0xEE, 
	0xEE, 0xFF, 0xFF, 0xFF, 0xFF, 0xFE, 0xFF, 0xE9, 0x65, 0x54, 0x55, 0x66, 0x66, 0x77, 0x77, 
	0x77, 0x66, 0x66, 0x65, 0x55, 0x55, 0x55, 0x44, 0x55, 0x55, 0x56, 0x67, 0x66, 0x66, 0x66, 
	0x65, 0x55, 0x66, 0x66, 0x66, 0x66, 0x66, 0x66, 0x66, 0x55, 0x66, 0x88, 0x64, 0x22, 0x22, 
	0x22, 0x22, 0x22, 0x22, 0x32, 0x22, 0x22, 0x22, 0x22, 0x22, 0x22, 0x11, 0x11, 0x11, 0x11, 
	0x22, 0x22, 0x21, 0x11, 0x11, 0x11, 0x11, 0x12, 0x11, 0x11, 0x11, 0x21, 0x11, 0x11, 0x11, 
	0x11, 0x11, 0x11, 0x11, 0x11, 0x11, 0x11, 0x11, 0x11, 0x11, 0x11, 0x11, 0x11, 0x11, 0x11, 
	0x11, 0x11, 0x11, 0x11, 0x11, 0x11, 0x11, 0x11, 0x11, 0x11, 0x11, 0x23, 0x44, 0x44, 0x33, 
	0x33, 0x33, 0x33, 0x34, 0x43, 0x44, 0x44, 0x43, 0x45, 0x67, 0x65, 0x54, 0x46, 0x78, 0x98, 
	0x88, 0x89, 0xAB, 0xCC, 0xCC, 0xBB, 0xBC, 0xBC, 0xCC, 0xCC, 0xCC, 0xCC, 0xCC, 0xCC, 0xCB, 
	0xAA, 0x99, 0x99, 0x99, 0x99, 0x99, 0x99, 0x99, 0x99, 0x99, 0x99, 0x99, 0x99, 0x99, 0x99, 
	0x99, 0x99, 0x99, 0x99, 0x99, 0x99, 0x99, 0x99, 0x99, 0x99, 0x99, 0x99, 0x99, 0x99, 0x99, 
	0x99, 0x99, 0x99, 0x99, 0x99, 0x99, 0x99, 0x99, 0x99, 0x99, 0x99, 0x99, 0x99, 0x99, 0x99, 
	0x99, 0x99, 0x88, 0x99, 0x99, 0x99, 0x99, 0x99, 0x89, 0x99, 0x99, 0x99, 0x98, 0x99, 0x99, 
	0x89, 0x99, 0x98, 0x99, 0x98, 0x88, 0x99, 0x98, 0x89, 0x99, 0x99, 0x99, 0x99, 0x98, 0x88, 
	0x99, 0x99, 0x98, 0x88, 0x89, 0x99, 0x98, 0x88, 0x88, 0x88, 0x88, 0x88, 0x89, 0x88, 0x88, 
	0xCC, 0xCC, 0xCC, 0xCB, 0xCC, 0xCC, 0xCC, 0xCC, 0xDC, 0xCC, 0xCC, 0xCC, 0xCC, 0xCC, 0xCC, 
	0xCB, 0xBB, 0xCC, 0xCC, 0xCD, 0xDD, 0xCC, 0xBB, 0xBC, 0xCC, 0xDD, 0xCC, 0xCC, 0xCC, 0xCC, 
	0xCD, 0xDD, 0xDD, 0xDE, 0xEF, 0xFF, 0xEF, 0xFF, 0xEE, 0xEF, 0xFF, 0xFF, 0xFF, 0xFF, 0xFF, 
	0xFF, 0xFF, 0xFF, 0xFF, 0xFF, 0xFF, 0xFF, 0xFF, 0xFF, 0xFF, 0xFF, 0xFF, 0xFF, 0xFF, 0xFF, 
	0xFF, 0xFF, 0xFF, 0xFF, 0xFF, 0xFF, 0xFF, 0xEE, 0xEE, 0xEE, 0xEE, 0xFF, 0xFF, 0xFF, 0xFF, 
	0xEE, 0xFF, 0xFF, 0xFF, 0xFF, 0xFE, 0xFF, 0xFB, 0x65, 0x55, 0x55, 0x56, 0x66, 0x67, 0x77, 
	0x77, 0x66, 0x66, 0x55, 0x55, 0x55, 0x55, 0x55, 0x55, 0x56, 0x66, 0x67, 0x76, 0x77, 0x76, 
	0x66, 0x65, 0x55, 0x65, 0x56, 0x67, 0x66, 0x66, 0x66, 0x55, 0x56, 0x78, 0x75, 0x32, 0x22, 
	0x22, 0x22, 0x22, 0x12, 0x22, 0x23, 0x22, 0x22, 0x22, 0x22, 0x22, 0x11, 0x11, 0x11, 0x11, 
	0x22, 0x22, 0x21, 0x11, 0x11, 0x12, 0x11, 0x12, 0x11, 0x11, 0x11, 0x22, 0x11, 0x11, 0x11, 
	0x11, 0x11, 0x12, 0x21, 0x11, 0x11, 0x11, 0x22, 0x11, 0x11, 0x11, 0x11, 0x12, 0x11, 0x11, 
	0x11, 0x11, 0x11, 0x11, 0x11, 0x11, 0x11, 0x11, 0x11, 0x11, 0x12, 0x34, 0x44, 0x34, 0x44, 
	0x33, 0x33, 0x33, 0x33, 0x33, 0x44, 0x44, 0x44, 0x45, 0x56, 0x55, 0x54, 0x46, 0x77, 0x87, 
	0x77, 0x88, 0x9A, 0xCC, 0xCC, 0xBB, 0xCC, 0xBB, 0xCC, 0xCC, 0xCC, 0xCC, 0xCC, 0xCC, 0xBB, 
	0xA9, 0x99, 0x99, 0x99, 0x99, 0x99, 0x9A, 0xA9, 0x99, 0x99, 0x99, 0x99, 0x99, 0x99, 0x99, 
	0x99, 0x99, 0x99, 0x99, 0x99, 0x99, 0x99, 0x99, 0x99, 0x99, 0x99, 0x99, 0x99, 0x99, 0x99, 
	0x99, 0x99, 0x99, 0x99, 0x98, 0x99, 0x99, 0x99, 0x99, 0x99, 0x99, 0x99, 0x99, 0x99, 0x99, 
	0x99, 0x99, 0x99, 0x99, 0x99, 0x99, 0x99, 0x99, 0x99, 0x99, 0x99, 0x99, 0x99, 0x99, 0x98, 
	0x89, 0x99, 0x89, 0x99, 0x88, 0x88, 0x99, 0x99, 0x99, 0x99, 0x99, 0x88, 0x88, 0x88, 0x88, 
	0x88, 0x99, 0x98, 0x88, 0x89, 0x99, 0x98, 0x88, 0x88, 0x88, 0x88, 0x88, 0x99, 0x99, 0x88, 
	0xCC, 0xCC, 0xCD, 0xCC, 0xCC, 0xCC, 0xDD, 0xDD, 0xCC, 0xCC, 0xCC, 0xCC, 0xCC, 0xDD, 0xDC, 
	0xCB, 0xBC, 0xCC, 0xCC, 0xCC, 0xDD, 0xCC, 0xBB, 0xCC, 0xCC, 0xCC, 0xCC, 0xCC, 0xBC, 0xCC, 
	0xCC, 0xDD, 0xCD, 0xDE, 0xEF, 0xFF, 0xEF, 0xFE, 0xEE, 0xEF, 0xFF, 0xFF, 0xFF, 0xFF, 0xFF, 
	0xFF, 0xFF, 0xFF, 0xFF, 0xFF, 0xFF, 0xFF, 0xFF, 0xFF, 0xFF, 0xFF, 0xFF, 0xFF, 0xFF, 0xFF, 
	0xFF, 0xFF, 0xFF, 0xFF, 0xFF, 0xFF, 0xFE, 0xEE, 0xEE, 0xEE, 0xEE, 0xFF, 0xFF, 0xFF, 0xFF, 
	0xEE, 0xFF, 0xFF, 0xFF, 0xFF, 0xEF, 0xFF, 0xFC, 0x75, 0x55, 0x55, 0x55, 0x66, 0x66, 0x66, 
	0x66, 0x66, 0x66, 0x55, 0x55, 0x56, 0x65, 0x55, 0x55, 0x66, 0x66, 0x67, 0x77, 0x77, 0x76, 
	0x66, 0x65, 0x55, 0x55, 0x56, 0x77, 0x66, 0x65, 0x55, 0x55, 0x55, 0x56, 0x77, 0x53, 0x11, 
	0x22, 0x22, 0x21, 0x12, 0x22, 0x23, 0x22, 0x22, 0x22, 0x12, 0x22, 0x22, 0x11, 0x11, 0x11, 
	0x22, 0x22, 0x21, 0x11, 0x11, 0x12, 0x11, 0x12, 0x11, 0x11, 0x11, 0x11, 0x11, 0x11, 0x11, 
	0x11, 0x11, 0x12, 0x21, 0x11, 0x11, 0x11, 0x22, 0x22, 0x11, 0x21, 0x11, 0x22, 0x11, 0x11, 
	0x11, 0x11, 0x11, 0x11, 0x11, 0x11, 0x11, 0x11, 0x11, 0x11, 0x22, 0x34, 0x44, 0x44, 0x44, 
	0x33, 0x33, 0x33, 0x33, 0x34, 0x44, 0x44, 0x44, 0x55, 0x55, 0x54, 0x54, 0x46, 0x66, 0x67, 
	0x88, 0x77, 0x79, 0xBC, 0xCC, 0xBB, 0xCC, 0xCB, 0xCB, 0xCC, 0xCB, 0xCC, 0xCC, 0xCC, 0xBA, 
	0xAA, 0x99, 0x99, 0x99, 0x99, 0x99, 0xAA, 0xA9, 0x99, 0x99, 0x99, 0x99, 0x99, 0x99, 0x99, 
	0x99, 0x99, 0x99, 0x99, 0x99, 0x99, 0x99, 0x99, 0x99, 0x99, 0x99, 0x99, 0x99, 0x99, 0x99, 
	0x99, 0x99, 0x99, 0x99, 0x99, 0x99, 0x99, 0x89, 0x99, 0x99, 0x99, 0x99, 0x99, 0x99, 0x99, 
	0x89, 0x99, 0x99, 0x99, 0x99, 0x99, 0x99, 0x99, 0x99, 0x99, 0x99, 0x99, 0x99, 0x89, 0x98, 
	0x88, 0x99, 0x89, 0x99, 0x88, 0x99, 0x99, 0x99, 0x99, 0x88, 0x99, 0x99, 0x88, 0x88, 0x88, 
	0x88, 0x99, 0x98, 0x88, 0x89, 0x98, 0x88, 0x89, 0x99, 0x88, 0x89, 0x99, 0x99, 0x99, 0x99, 
	0xBC, 0xCC, 0xCD, 0xCC, 0xCC, 0xCC, 0xCD, 0xDD, 0xCC, 0xCC, 0xDC, 0xCC, 0xCC, 0xDC, 0xCC, 
	0xCB, 0xCC, 0xCC, 0xCC, 0xCC, 0xDC, 0xCC, 0xBB, 0xCC, 0xCC, 0xCC, 0xCB, 0xBB, 0xBC, 0xCD, 
	0xCC, 0xDD, 0xDD, 0xDD, 0xEE, 0xFF, 0xEF, 0xFE, 0xFE, 0xEF, 0xEF, 0xFF, 0xFF, 0xFF, 0xFF, 
	0xFF, 0xFF, 0xFF, 0xFF, 0xFF, 0xFF, 0xFF, 0xFF, 0xFF, 0xFF, 0xFF, 0xFF, 0xFF, 0xFF, 0xFF, 
	0xFF, 0xFF, 0xFF, 0xFF, 0xFF, 0xFF, 0xFE, 0xEE, 0xEE, 0xFF, 0xFF, 0xFF, 0xFF, 0xEE, 0xEF, 
	0xFF, 0xFF, 0xFF, 0xFF, 0xFF, 0xFF, 0xFF, 0xFD, 0x96, 0x55, 0x55, 0x56, 0x56, 0x66, 0x66, 
	0x66, 0x66, 0x55, 0x55, 0x55, 0x66, 0x66, 0x65, 0x55, 0x66, 0x66, 0x77, 0x77, 0x77, 0x76, 
	0x66, 0x65, 0x55, 0x56, 0x66, 0x77, 0x66, 0x65, 0x56, 0x65, 0x55, 0x55, 0x67, 0x74, 0x22, 
	0x22, 0x22, 0x21, 0x12, 0x21, 0x22, 0x22, 0x22, 0x22, 0x12, 0x22, 0x22, 0x11, 0x11, 0x12, 
	0x22, 0x22, 0x21, 0x11, 0x11, 0x12, 0x11, 0x12, 0x11, 0x11, 0x11, 0x11, 0x12, 0x11, 0x11, 
	0x11, 0x11, 0x11, 0x11, 0x11, 0x11, 0x11, 0x22, 0x22, 0x11, 0x21, 0x11, 0x11, 0x11, 0x11, 
	0x11, 0x11, 0x11, 0x11, 0x11, 0x11, 0x11, 0x11, 0x11, 0x12, 0x23, 0x44, 0x44, 0x44, 0x44, 
	0x33, 0x33, 0x33, 0x33, 0x34, 0x44, 0x44, 0x44, 0x45, 0x55, 0x44, 0x44, 0x46, 0x66, 0x67, 
	0x88, 0x87, 0x78, 0xAB, 0xBC, 0xBB, 0xCC, 0xCC, 0xCB, 0xCC, 0xCB, 0xCC, 0xCC, 0xCB, 0xBA, 
	0xA9, 0x99, 0x99, 0x99, 0x99, 0x99, 0x99, 0x99, 0x99, 0x99, 0x99, 0x99, 0x99, 0x99, 0x99, 
	0x99, 0x99, 0x99, 0x99, 0x99, 0x99, 0x99, 0x99, 0x99, 0x99, 0x99, 0x99, 0x99, 0x99, 0x99, 
	0x99, 0x99, 0x99, 0x99, 0x99, 0x99, 0x99, 0x99, 0x99, 0x99, 0x99, 0x99, 0x99, 0x99, 0x99, 
	0x99, 0x99, 0x99, 0x99, 0x99, 0x99, 0x99, 0x99, 0x99, 0x99, 0x99, 0x99, 0x99, 0x89, 0x98, 
	0x88, 0x99, 0x99, 0x99, 0x99, 0x99, 0x99, 0x99, 0x99, 0x88, 0x99, 0x99, 0x88, 0x88, 0x88, 
	0x88, 0x88, 0x88, 0x88, 0x88, 0x88, 0x88, 0x99, 0x99, 0x88, 0x89, 0x99, 0x99, 0x99, 0x99, 
	0xAB, 0xCC, 0xCD, 0xCC, 0xCC, 0xCC, 0xCD, 0xCC, 0xCC, 0xCC, 0xDC, 0xCC, 0xCC, 0xCB, 0xBC, 
	0xCC, 0xCC, 0xCC, 0xCC, 0xCC, 0xCC, 0xCC, 0xCB, 0xBC, 0xBB, 0xBC, 0xCB, 0xBA, 0xBC, 0xDD, 
	0xDD, 0xDD, 0xDD, 0xDD, 0xDE, 0xFF, 0xEF, 0xFF, 0xFF, 0xEF, 0xEE, 0xEE, 0xFF, 0xFF, 0xFF, 
	0xFF, 0xFF, 0xFF, 0xFF, 0xFF, 0xFF, 0xFF, 0xFF, 0xFF, 0xFF, 0xFF, 0xFF, 0xFF, 0xFF, 0xFF, 
	0xFF, 0xFF, 0xFF, 0xFF, 0xFF, 0xFF, 0xFF, 0xEE, 0xFF, 0xFF, 0xFF, 0xFF, 0xFF, 0xEE, 0xEF, 
	0xFF, 0xFF, 0xFF, 0xFF, 0xFF, 0xFE, 0xEF, 0xFE, 0xA7, 0x66, 0x55, 0x56, 0x55, 0x56, 0x66, 
	0x66, 0x66, 0x55, 0x55, 0x55, 0x55, 0x55, 0x55, 0x55, 0x67, 0x77, 0x88, 0x77, 0x77, 0x77, 
	0x77, 0x76, 0x65, 0x66, 0x77, 0x77, 0x65, 0x56, 0x66, 0x66, 0x55, 0x55, 0x67, 0x86, 0x42, 
	0x21, 0x22, 0x21, 0x11, 0x11, 0x22, 0x22, 0x22, 0x32, 0x12, 0x22, 0x21, 0x11, 0x11, 0x22, 
	0x22, 0x22, 0x21, 0x11, 0x12, 0x12, 0x21, 0x12, 0x22, 0x21, 0x11, 0x12, 0x21, 0x11, 0x11, 
	0x11, 0x11, 0x11, 0x11, 0x11, 0x11, 0x11, 0x22, 0x11, 0x12, 0x11, 0x11, 0x11, 0x11, 0x11, 
	0x11, 0x11, 0x11, 0x11, 0x11, 0x11, 0x11, 0x11, 0x11, 0x22, 0x34, 0x44, 0x44, 0x44, 0x43, 
	0x33, 0x43, 0x33, 0x44, 0x44, 0x44, 0x44, 0x44, 0x44, 0x44, 0x33, 0x33, 0x45, 0x56, 0x67, 
	0x88, 0x87, 0x78, 0x9A, 0xBB, 0xBB, 0xCC, 0xCC, 0xBB, 0xCC, 0xCC, 0xCC, 0xCC, 0xCB, 0xAA, 
	0xA9, 0x99, 0x99, 0x9A, 0xA9, 0x99, 0x99, 0x99, 0x99, 0x99, 0x99, 0x99, 0x99, 0x99, 0x99, 
	0x99, 0x99, 0x99, 0x99, 0x99, 0x99, 0x99, 0x99, 0x99, 0x99, 0x99, 0x99, 0x99, 0x99, 0x99, 
	0x99, 0x99, 0x99, 0x99, 0x99, 0x99, 0x99, 0x99, 0x99, 0x99, 0x98, 0x88, 0x99, 0x99, 0x99, 
	0x99, 0x99, 0x99, 0x99, 0x99, 0x99, 0x99, 0x89, 0x99, 0x99, 0x99, 0x99, 0x98, 0x89, 0x98, 
	0x88, 0x89, 0x99, 0x99, 0x99, 0x89, 0x98, 0x89, 0x99, 0x88, 0x89, 0x99, 0x98, 0x89, 0x99, 
	0x98, 0x88, 0x88, 0x88, 0x88, 0x88, 0x88, 0x99, 0x98, 0x88, 0x88, 0x88, 0x99, 0x99, 0x99, 
	0xAB, 0xCC, 0xCC, 0xCC, 0xCC, 0xCC, 0xCC, 0xCC, 0xCC, 0xCC, 0xCC, 0xCC, 0xCC, 0xCB, 0xBB, 
	0xCC, 0xCC, 0xCC, 0xCC, 0xCC, 0xBB, 0xCC, 0xCB, 0xBB, 0xBB, 0xBC, 0xCB, 0xBB, 0xCD, 0xDD, 
	0xDC, 0xDD, 0xDD, 0xDD, 0xDE, 0xEF, 0xEF, 0xFF, 0xFF, 0xEF, 0xEF, 0xFF, 0xEE, 0xFF, 0xFF, 
	0xFF, 0xFF, 0xFF, 0xFF, 0xFF, 0xFF, 0xFF, 0xFF, 0xFF, 0xFF, 0xFF, 0xFF, 0xFF, 0xFF, 0xFF, 
	0xFF, 0xFF, 0xFF, 0xFF, 0xFF, 0xFF, 0xFF, 0xFF, 0xFF, 0xFF, 0xFF, 0xFF, 0xEE, 0xFF, 0xFF, 
	0xFF, 0xFF, 0xFF, 0xFF, 0xFF, 0xEF, 0xEE, 0xFE, 0xC8, 0x76, 0x65, 0x55, 0x55, 0x55, 0x55, 
	0x66, 0x65, 0x55, 0x55, 0x55, 0x54, 0x45, 0x55, 0x66, 0x77, 0x77, 0x88, 0x77, 0x77, 0x77, 
	0x87, 0x76, 0x66, 0x77, 0x77, 0x77, 0x66, 0x66, 0x66, 0x66, 0x55, 0x55, 0x67, 0x77, 0x74, 
	0x12, 0x22, 0x22, 0x21, 0x11, 0x12, 0x21, 0x12, 0x32, 0x21, 0x22, 0x21, 0x11, 0x12, 0x22, 
	0x22, 0x22, 0x21, 0x11, 0x22, 0x22, 0x22, 0x22, 0x22, 0x21, 0x11, 0x22, 0x21, 0x11, 0x11, 
	0x11, 0x11, 0x11, 0x11, 0x11, 0x11, 0x11, 0x22, 0x22, 0x22, 0x21, 0x11, 0x11, 0x11, 0x11, 
	0x11, 0x11, 0x11, 0x11, 0x11, 0x11, 0x11, 0x11, 0x12, 0x23, 0x44, 0x44, 0x44, 0x44, 0x43, 
	0x33, 0x43, 0x34, 0x44, 0x44, 0x44, 0x44, 0x44, 0x44, 0x33, 0x33, 0x33, 0x34, 0x55, 0x56, 
	0x77, 0x77, 0x78, 0x89, 0xBB, 0xBB, 0xCB, 0xCB, 0xBB, 0xBC, 0xCC, 0xCC, 0xCC, 0xBA, 0xAA, 
	0x99, 0x99, 0x99, 0x99, 0x99, 0x99, 0x99, 0x99, 0x99, 0x99, 0x99, 0x99, 0x99, 0x99, 0x99, 
	0x99, 0x99, 0x99, 0x99, 0x99, 0x99, 0x99, 0x99, 0x99, 0x99, 0x99, 0x99, 0x99, 0x99, 0x99, 
	0x99, 0x99, 0x99, 0x99, 0x99, 0x99, 0x89, 0x99, 0x99, 0x99, 0x98, 0x89, 0x99, 0x99, 0x99, 
	0x89, 0x99, 0x99, 0x99, 0x99, 0x99, 0x98, 0x88, 0x99, 0x99, 0x99, 0x99, 0x99, 0x99, 0x99, 
	0x88, 0x99, 0x98, 0x99, 0x99, 0x98, 0x89, 0x99, 0x99, 0x88, 0x88, 0x88, 0x88, 0x99, 0x99, 
	0x98, 0x88, 0x88, 0x88, 0x88, 0x88, 0x88, 0x88, 0x88, 0x88, 0x89, 0x88, 0x99, 0x99, 0x99, 
	0xBB, 0xCC, 0xCC, 0xCC, 0xCC, 0xCC, 0xCC, 0xCC, 0xCC, 0xCC, 0xCC, 0xCC, 0xCC, 0xBB, 0xBB, 
	0xBC, 0xCC, 0xCC, 0xCC, 0xCB, 0xBB, 0xBC, 0xCB, 0xBB, 0xBB, 0xBC, 0xBB, 0xBC, 0xCD, 0xDD, 
	0xCC, 0xCD, 0xDD, 0xDD, 0xDE, 0xEF, 0xEF, 0xFF, 0xFF, 0xEF, 0xFF, 0xFF, 0xFF, 0xFF, 0xFF, 
	0xFF, 0xFF, 0xFF, 0xFF, 0xFF, 0xFF, 0xFF, 0xFF, 0xFF, 0xFF, 0xFF, 0xFF, 0xFF, 0xFF, 0xFF, 
	0xFF, 0xFF, 0xFF, 0xFF, 0xFF, 0xFF, 0xFF, 0xFF, 0xFF, 0xFF, 0xFF, 0xFF, 0xFF, 0xFF, 0xFF, 
	0xFF, 0xFF, 0xFF, 0xFF, 0xFF, 0xFF, 0xEF, 0xFF, 0xC9, 0x76, 0x66, 0x55, 0x55, 0x55, 0x55, 
	0x66, 0x55, 0x55, 0x55, 0x55, 0x44, 0x55, 0x55, 0x66, 0x67, 0x66, 0x77, 0x76, 0x77, 0x77, 
	0x76, 0x66, 0x67, 0x77, 0x77, 0x76, 0x55, 0x66, 0x66, 0x66, 0x55, 0x55, 0x56, 0x67, 0x75, 
	0x22, 0x22, 0x22, 0x22, 0x11, 0x12, 0x21, 0x12, 0x22, 0x21, 0x12, 0x22, 0x11, 0x12, 0x22, 
	0x22, 0x22, 0x21, 0x11, 0x22, 0x22, 0x32, 0x22, 0x22, 0x22, 0x11, 0x12, 0x21, 0x11, 0x12, 
	0x11, 0x11, 0x11, 0x12, 0x11, 0x11, 0x11, 0x12, 0x22, 0x22, 0x11, 0x12, 0x11, 0x12, 0x21, 
	0x11, 0x11, 0x11, 0x11, 0x11, 0x11, 0x11, 0x11, 0x22, 0x23, 0x45, 0x44, 0x44, 0x44, 0x43, 
	0x43, 0x34, 0x44, 0x44, 0x44, 0x44, 0x44, 0x44, 0x44, 0x44, 0x44, 0x44, 0x44, 0x45, 0x55, 
	0x66, 0x77, 0x78, 0x89, 0xBB, 0xBB, 0xBB, 0xCB, 0xBB, 0xBB, 0xCC, 0xCC, 0xCB, 0xAA, 0x99, 
	0x99, 0x99, 0x99, 0x99, 0x99, 0x99, 0x99, 0x99, 0x99, 0x99, 0x99, 0x99, 0x99, 0x99, 0x99, 
	0x99, 0x99, 0x99, 0x99, 0x99, 0x99, 0x99, 0x99, 0x99, 0x99, 0x99, 0x99, 0x99, 0x99, 0x99, 
	0x99, 0x99, 0x99, 0x99, 0x99, 0x99, 0x89, 0x99, 0x89, 0x99, 0x99, 0x99, 0x99, 0x99, 0x99, 
	0x88, 0x99, 0x99, 0x99, 0x99, 0x99, 0x99, 0x88, 0x99, 0x99, 0x99, 0x99, 0x99, 0x99, 0x89, 
	0x99, 0x99, 0x99, 0x99, 0x99, 0x98, 0x89, 0x99, 0x99, 0x88, 0x88, 0x88, 0x99, 0x99, 0x88, 
	0x88, 0x88, 0x88, 0x88, 0x88, 0x88, 0x88, 0x88, 0x98, 0x89, 0x99, 0x89, 0x99, 0x99, 0x99, 
	0xBB, 0xBB, 0xCB, 0xBB, 0xBC, 0xCC, 0xCC, 0xCC, 0xBB, 0xBC, 0xCC, 0xCC, 0xCC, 0xCC, 0xBB, 
	0xBB, 0xBC, 0xCC, 0xCC, 0xCC, 0xBB, 0xCC, 0xCB, 0xBC, 0xBB, 0xBB, 0xBB, 0xCC, 0xCC, 0xCC, 
	0xBB, 0xBB, 0xCC, 0xDD, 0xDE, 0xFF, 0xEF, 0xFF, 0xFF, 0xFF, 0xFF, 0xFF, 0xFF, 0xFF, 0xFF, 
	0xFF, 0xFF, 0xFF, 0xFF, 0xFF, 0xFF, 0xFF, 0xFF, 0xFF, 0xFF, 0xFF, 0xFF, 0xFF, 0xFF, 0xFF, 
	0xFF, 0xFF, 0xFF, 0xFF, 0xFF, 0xFF, 0xFF, 0xFF, 0xFF, 0xFF, 0xFF, 0xFF, 0xFF, 0xFF, 0xFF, 
	0xFF, 0xFF, 0xFF, 0xFF, 0xFF, 0xFF, 0xFF, 0xFF, 0xDA, 0x76, 0x66, 0x65, 0x55, 0x55, 0x55, 
	0x55, 0x55, 0x55, 0x55, 0x44, 0x55, 0x55, 0x66, 0x66, 0x66, 0x66, 0x66, 0x55, 0x66, 0x66, 
	0x66, 0x56, 0x67, 0x77, 0x76, 0x65, 0x55, 0x66, 0x65, 0x56, 0x55, 0x54, 0x44, 0x56, 0x77, 
	0x53, 0x22, 0x22, 0x32, 0x11, 0x12, 0x22, 0x12, 0x22, 0x21, 0x12, 0x22, 0x11, 0x11, 0x11, 
	0x11, 0x22, 0x22, 0x12, 0x22, 0x12, 0x32, 0x32, 0x22, 0x22, 0x21, 0x12, 0x22, 0x11, 0x11, 
	0x11, 0x11, 0x11, 0x12, 0x22, 0x11, 0x11, 0x12, 0x22, 0x22, 0x21, 0x12, 0x21, 0x22, 0x11, 
	0x11, 0x11, 0x11, 0x11, 0x11, 0x11, 0x11, 0x12, 0x23, 0x34, 0x45, 0x44, 0x44, 0x44, 0x44, 
	0x43, 0x34, 0x44, 0x33, 0x34, 0x44, 0x44, 0x44, 0x44, 0x44, 0x44, 0x44, 0x54, 0x44, 0x44, 
	0x55, 0x66, 0x77, 0x8A, 0xBB, 0xBB, 0xBB, 0xBB, 0xBB, 0xBB, 0xBC, 0xCC, 0xBB, 0x99, 0x99, 
	0x99, 0x99, 0x99, 0x99, 0x99, 0x99, 0x99, 0x99, 0x99, 0x99, 0x99, 0x99, 0x99, 0x99, 0x99, 
	0x99, 0x99, 0x99, 0x99, 0x99, 0x99, 0x99, 0x99, 0x99, 0x99, 0x99, 0x99, 0x98, 0x99, 0x99, 
	0x99, 0x99, 0x99, 0x99, 0x99, 0x99, 0x99, 0x99, 0x99, 0x99, 0x99, 0x99, 0x99, 0x99, 0x99, 
	0x98, 0x99, 0x99, 0x88, 0x99, 0x99, 0x99, 0x88, 0x88, 0x99, 0x99, 0x99, 0x99, 0x99, 0x99, 
	0x99, 0x99, 0x99, 0x99, 0x99, 0x98, 0x89, 0x99, 0x99, 0x98, 0x88, 0x88, 0x88, 0x88, 0x88, 
	0x99, 0x98, 0x89, 0x88, 0x88, 0x89, 0x98, 0x89, 0x99, 0x99, 0x98, 0x88, 0x99, 0x99, 0x99, 
	0xBB, 0xAB, 0xBB, 0xBB, 0xBB, 0xCC, 0xCB, 0xBB, 0xBB, 0xBC, 0xCC, 0xCC, 0xCC, 0xCC, 0xCB, 
	0xBB, 0xBC, 0xCC, 0xCC, 0xCC, 0xCC, 0xCC, 0xCB, 0xBC, 0xCB, 0xBB, 0xBC, 0xCB, 0xCC, 0xBB, 
	0xBB, 0xBB, 0xBC, 0xCC, 0xDE, 0xFF, 0xEF, 0xFF, 0xFF, 0xFF, 0xFF, 0xFF, 0xFE, 0xFF, 0xFF, 
	0xFF, 0xFF, 0xFF, 0xFF, 0xFF, 0xFF, 0xFF, 0xFF, 0xFF, 0xFF, 0xFF, 0xFF, 0xFF, 0xFF, 0xFF, 
	0xFF, 0xFF, 0xFF, 0xFF, 0xFF, 0xFF, 0xFF, 0xFF, 0xFF, 0xFF, 0xFF, 0xFF, 0xFF, 0xFF, 0xFF, 
	0xFF, 0xEF, 0xFF, 0xFF, 0xFF, 0xFF, 0xFF, 0xFF, 0xEA, 0x76, 0x77, 0x65, 0x55, 0x55, 0x55, 
	0x54, 0x44, 0x55, 0x55, 0x55, 0x55, 0x66, 0x66, 0x66, 0x66, 0x55, 0x55, 0x54, 0x56, 0x66, 
	0x66, 0x66, 0x67, 0x77, 0x66, 0x65, 0x56, 0x66, 0x55, 0x55, 0x55, 0x44, 0x43, 0x45, 0x67, 
	0x74, 0x22, 0x22, 0x22, 0x21, 0x22, 0x32, 0x22, 0x22, 0x21, 0x12, 0x22, 0x21, 0x11, 0x11, 
	0x11, 0x22, 0x22, 0x22, 0x22, 0x12, 0x32, 0x32, 0x22, 0x22, 0x21, 0x12, 0x22, 0x21, 0x11, 
	0x11, 0x11, 0x11, 0x11, 0x22, 0x21, 0x11, 0x12, 0x22, 0x22, 0x22, 0x22, 0x11, 0x11, 0x11, 
	0x11, 0x11, 0x22, 0x22, 0x11, 0x11, 0x11, 0x12, 0x33, 0x34, 0x44, 0x44, 0x44, 0x44, 0x44, 
	0x43, 0x34, 0x44, 0x33, 0x34, 0x44, 0x33, 0x33, 0x44, 0x44, 0x34, 0x44, 0x54, 0x44, 0x44, 
	0x55, 0x56, 0x67, 0x89, 0xAB, 0xBB, 0xAA, 0xBB, 0xBB, 0xBB, 0xBC, 0xCC, 0xBA, 0xAA, 0x99, 
	0xAA, 0x99, 0x9A, 0xA9, 0x99, 0x99, 0x99, 0x99, 0x99, 0x99, 0x99, 0x99, 0x99, 0x99, 0x99, 
	0x99, 0x99, 0x99, 0x99, 0x99, 0x99, 0x99, 0x99, 0x99, 0x99, 0x99, 0x99, 0x99, 0x99, 0x99, 
	0x99, 0x99, 0x99, 0x99, 0x99, 0x99, 0x99, 0x99, 0x99, 0x99, 0x99, 0x99, 0x98, 0x89, 0x99, 
	0x98, 0x99, 0x99, 0x88, 0x99, 0x99, 0x99, 0x88, 0x88, 0x89, 0x99, 0x99, 0x99, 0x99, 0x99, 
	0x99, 0x98, 0x99, 0x99, 0x99, 0x98, 0x89, 0x99, 0x99, 0x99, 0x99, 0x98, 0x88, 0x88, 0x99, 
	0x99, 0x88, 0x88, 0x88, 0x88, 0x88, 0x88, 0x89, 0x88, 0x99, 0x88, 0x88, 0x89, 0x99, 0x99, 
	0xBA, 0xAA, 0xBB, 0xAA, 0xAB, 0xBC, 0xCC, 0xBB, 0xAA, 0xBC, 0xDD, 0xDD, 0xCC, 0xCC, 0xCC, 
	0xCC, 0xCC, 0xCC, 0xCC, 0xCC, 0xCC, 0xCC, 0xCB, 0xBC, 0xCC, 0xBB, 0xCC, 0xCB, 0xCB, 0xBB, 
	0xCC, 0xCB, 0xBB, 0xCB, 0xCD, 0xEF, 0xFE, 0xFF, 0xFF, 0xFF, 0xFF, 0xFF, 0xFE, 0xEF, 0xFF, 
	0xFF, 0xFF, 0xFF, 0xFF, 0xFF, 0xFF, 0xFF, 0xFF, 0xFF, 0xFF, 0xFF, 0xFF, 0xFF, 0xFF, 0xFF, 
	0xFF, 0xFF, 0xFF, 0xFF, 0xFF, 0xFF, 0xFF, 0xFF, 0xFF, 0xFF, 0xFF, 0xFF, 0xEF, 0xFF, 0xFF, 
	0xFF, 0xEF, 0xFF, 0xFF, 0xFF, 0xFF, 0xFF, 0xFF, 0xEC, 0x87, 0x77, 0x76, 0x55, 0x55, 0x44, 
	0x44, 0x44, 0x55, 0x55, 0x55, 0x55, 0x66, 0x66, 0x66, 0x56, 0x55, 0x55, 0x55, 0x56, 0x66, 
	0x66, 0x66, 0x66, 0x66, 0x66, 0x66, 0x66, 0x55, 0x56, 0x66, 0x65, 0x54, 0x44, 0x44, 0x56, 
	0x86, 0x42, 0x22, 0x22, 0x22, 0x23, 0x32, 0x22, 0x22, 0x22, 0x22, 0x22, 0x21, 0x11, 0x11, 
	0x11, 0x12, 0x32, 0x22, 0x33, 0x23, 0x32, 0x33, 0x32, 0x32, 0x22, 0x22, 0x22, 0x22, 0x22, 
	0x22, 0x22, 0x11, 0x11, 0x22, 0x21, 0x11, 0x12, 0x22, 0x22, 0x22, 0x22, 0x21, 0x11, 0x11, 
	0x11, 0x12, 0x22, 0x22, 0x11, 0x11, 0x11, 0x12, 0x33, 0x44, 0x44, 0x44, 0x33, 0x44, 0x44, 
	0x43, 0x34, 0x43, 0x33, 0x44, 0x44, 0x33, 0x33, 0x44, 0x44, 0x44, 0x44, 0x44, 0x44, 0x55, 
	0x55, 0x55, 0x56, 0x78, 0x9A, 0xAB, 0xAA, 0xAB, 0xBB, 0xCB, 0xBB, 0xCC, 0xBB, 0xBB, 0xA9, 
	0xA9, 0x99, 0x9A, 0xA9, 0x99, 0x99, 0x99, 0x99, 0x99, 0x99, 0x99, 0x99, 0x99, 0x99, 0x99, 
	0x99, 0x99, 0x99, 0x99, 0x99, 0x99, 0x99, 0x99, 0x99, 0x99, 0x99, 0x99, 0x99, 0x99, 0x99, 
	0x99, 0x99, 0x99, 0x99, 0x99, 0x99, 0x99, 0x99, 0x99, 0x99, 0x99, 0x98, 0x98, 0x89, 0x99, 
	0x99, 0x99, 0x99, 0x88, 0x99, 0x99, 0x99, 0x99, 0x88, 0x89, 0x99, 0x99, 0x99, 0x99, 0x99, 
	0x88, 0x88, 0x99, 0x99, 0x89, 0x98, 0x88, 0x88, 0x89, 0x98, 0x99, 0x99, 0x99, 0x99, 0x99, 
	0x88, 0x88, 0x88, 0x98, 0x88, 0x88, 0x88, 0x89, 0x88, 0x88, 0x88, 0x88, 0x88, 0x99, 0x99, 
	0xBA, 0xAA, 0xBB, 0xA9, 0x99, 0xAB, 0xCD, 0xCC, 0xCC, 0xCD, 0xEE, 0xED, 0xDD, 0xDD, 0xDD, 
	0xDD, 0xDD, 0xCC, 0xCC, 0xCC, 0xCC, 0xCC, 0xCC, 0xCC, 0xCC, 0xCC, 0xCC, 0xCC, 0xCC, 0xBC, 
	0xCC, 0xCC, 0xBB, 0xBA, 0xBC, 0xEF, 0xFE, 0xEF, 0xEE, 0xFE, 0xFF, 0xFF, 0xFF, 0xFF, 0xFF, 
	0xFF, 0xFF, 0xFF, 0xFF, 0xFF, 0xFF, 0xFF, 0xFF, 0xFF, 0xFF, 0xFF, 0xFF, 0xFF, 0xFF, 0xFF, 
	0xFF, 0xFF, 0xFF, 0xFF, 0xFF, 0xFF, 0xFF, 0xFF, 0xFF, 0xFF, 0xFF, 0xFF, 0xFF, 0xFF, 0xFF, 
	0xFF, 0xFF, 0xFF, 0xFF, 0xFF, 0xFF, 0xFF, 0xFF, 0xED, 0x97, 0x66, 0x76, 0x65, 0x54, 0x44, 
	0x44, 0x44, 0x54, 0x45, 0x55, 0x56, 0x66, 0x66, 0x55, 0x55, 0x55, 0x67, 0x66, 0x77, 0x76, 
	0x66, 0x66, 0x66, 0x65, 0x56, 0x66, 0x66, 0x55, 0x66, 0x66, 0x66, 0x55, 0x44, 0x44, 0x45, 
	0x77, 0x53, 0x21, 0x12, 0x21, 0x22, 0x32, 0x22, 0x22, 0x22, 0x22, 0x22, 0x21, 0x11, 0x11, 
	0x11, 0x12, 0x22, 0x23, 0x34, 0x33, 0x32, 0x32, 0x22, 0x22, 0x22, 0x32, 0x22, 0x32, 0x22, 
	0x22, 0x21, 0x11, 0x11, 0x11, 0x11, 0x11, 0x12, 0x22, 0x22, 0x22, 0x22, 0x22, 0x11, 0x11, 
	0x11, 0x12, 0x22, 0x21, 0x11, 0x11, 0x12, 0x22, 0x33, 0x44, 0x44, 0x44, 0x33, 0x44, 0x43, 
	0x33, 0x33, 0x33, 0x34, 0x45, 0x54, 0x44, 0x44, 0x44, 0x44, 0x55, 0x54, 0x43, 0x44, 0x45, 
	0x56, 0x55, 0x56, 0x77, 0x89, 0xAB, 0xBA, 0xAB, 0xBB, 0xBB, 0xBB, 0xCC, 0xCB, 0xBB, 0xA9, 
	0x99, 0x99, 0x99, 0x99, 0x99, 0x99, 0x99, 0x99, 0x99, 0x99, 0x99, 0x99, 0x99, 0x99, 0x99, 
	0x99, 0x99, 0x99, 0x99, 0x99, 0x99, 0x99, 0x99, 0x99, 0x99, 0x98, 0x89, 0x99, 0x99, 0x99, 
	0x99, 0x99, 0x99, 0x99, 0x99, 0x99, 0x99, 0x99, 0x99, 0x99, 0x99, 0x99, 0x99, 0x99, 0x99, 
	0x99, 0x99, 0x98, 0x99, 0x99, 0x99, 0x99, 0x99, 0x99, 0x99, 0x99, 0x99, 0x99, 0x89, 0x99, 
	0x88, 0x89, 0x99, 0x98, 0x88, 0x88, 0x99, 0x88, 0x89, 0x88, 0x88, 0x99, 0x99, 0x98, 0x88, 
	0x88, 0x88, 0x89, 0x99, 0x88, 0x88, 0x88, 0x99, 0x98, 0x88, 0x88, 0x88, 0x88, 0x99, 0x99, 
	0xBA, 0xAA, 0xBB, 0xA9, 0x89, 0xAB, 0xCD, 0xDD, 0xDD, 0xEE, 0xEE, 0xEE, 0xDE, 0xED, 0xDD, 
	0xDD, 0xDD, 0xDD, 0xDD, 0xCC, 0xCC, 0xCC, 0xDD, 0xDD, 0xDD, 0xDD, 0xCC, 0xCC, 0xCC, 0xCC, 
	0xCC, 0xCB, 0xBB, 0xBB, 0xBC, 0xEF, 0xFE, 0xFF, 0xEE, 0xFE, 0xFF, 0xFF, 0xFF, 0xFF, 0xFF, 
	0xFF, 0xFF, 0xFF, 0xFF, 0xFF, 0xFF, 0xFF, 0xFF, 0xFF, 0xFF, 0xFF, 0xFF, 0xFF, 0xFF, 0xFF, 
	0xFF, 0xFF, 0xFF, 0xFF, 0xFF, 0xFF, 0xFF, 0xFF, 0xFF, 0xFF, 0xFF, 0xFF, 0xFF, 0xFF, 0xFF, 
	0xFF, 0xFF, 0xFF, 0xFE, 0xEE, 0xFF, 0xFF, 0xEE, 0xED, 0xA8, 0x76, 0x76, 0x65, 0x54, 0x44, 
	0x44, 0x44, 0x44, 0x44, 0x55, 0x66, 0x66, 0x55, 0x55, 0x55, 0x66, 0x67, 0x77, 0x77, 0x76, 
	0x66, 0x66, 0x66, 0x55, 0x56, 0x66, 0x66, 0x56, 0x66, 0x66, 0x55, 0x55, 0x45, 0x54, 0x45, 
	0x67, 0x65, 0x32, 0x11, 0x21, 0x22, 0x33, 0x32, 0x22, 0x22, 0x22, 0x22, 0x22, 0x11, 0x11, 
	0x11, 0x12, 0x22, 0x23, 0x44, 0x34, 0x33, 0x32, 0x22, 0x22, 0x22, 0x22, 0x23, 0x33, 0x22, 
	0x22, 0x21, 0x11, 0x11, 0x11, 0x11, 0x11, 0x22, 0x22, 0x22, 0x22, 0x22, 0x22, 0x11, 0x11, 
	0x11, 0x12, 0x22, 0x21, 0x11, 0x12, 0x22, 0x23, 0x34, 0x44, 0x44, 0x44, 0x44, 0x44, 0x33, 
	0x33, 0x33, 0x33, 0x44, 0x44, 0x44, 0x44, 0x44, 0x44, 0x45, 0x55, 0x55, 0x54, 0x44, 0x34, 
	0x55, 0x55, 0x67, 0x77, 0x78, 0x9A, 0xBA, 0xAB, 0xBB, 0xBB, 0xCC, 0xCC, 0xCC, 0xBA, 0xA9, 
	0x99, 0x99, 0x99, 0x99, 0x99, 0x99, 0x99, 0x99, 0x99, 0x99, 0x99, 0x99, 0x88, 0x99, 0x99, 
	0x99, 0x99, 0x99, 0x99, 0x99, 0x99, 0x99, 0x99, 0x99, 0x99, 0x98, 0x89, 0x99, 0x99, 0x99, 
	0x99, 0x99, 0x99, 0x99, 0x99, 0x99, 0x99, 0x99, 0x99, 0x99, 0x99, 0x99, 0x99, 0x99, 0x99, 
	0x99, 0x99, 0x99, 0x99, 0x98, 0x99, 0x99, 0x99, 0x99, 0x99, 0x99, 0x99, 0x99, 0x88, 0x88, 
	0x99, 0x99, 0x99, 0x88, 0x88, 0x88, 0x99, 0x99, 0x88, 0x88, 0x88, 0x89, 0x99, 0x99, 0x88, 
	0x88, 0x88, 0x99, 0x99, 0x98, 0x88, 0x88, 0x89, 0x98, 0x89, 0x98, 0x99, 0x99, 0x99, 0x99, 
	0xBB, 0xAA, 0xBB, 0xAA, 0xAA, 0xBC, 0xDE, 0xEE, 0xEE, 0xEE, 0xEE, 0xEE, 0xDE, 0xEE, 0xDD, 
	0xDD, 0xDD, 0xDD, 0xDD, 0xDD, 0xDD, 0xDC, 0xCD, 0xDC, 0xDD, 0xDD, 0xDD, 0xCC, 0xCC, 0xCC, 
	0xBB, 0xBB, 0xBB, 0xBB, 0xCD, 0xEF, 0xFE, 0xFF, 0xEF, 0xFF, 0xFF, 0xFF, 0xFF, 0xEE, 0xEF, 
	0xFF, 0xFF, 0xFF, 0xFF, 0xFF, 0xFF, 0xFF, 0xFF, 0xFF, 0xFF, 0xFF, 0xFF, 0xFF, 0xFF, 0xFF, 
	0xFF, 0xFF, 0xFF, 0xFF, 0xFF, 0xFF, 0xFF, 0xFF, 0xFF, 0xFF, 0xFF, 0xFF, 0xFF, 0xFF, 0xFF, 
	0xFF, 0xEE, 0xEF, 0xFE, 0xEE, 0xFF, 0xFF, 0xFE, 0xEE, 0xB9, 0x87, 0x76, 0x65, 0x54, 0x44, 
	0x44, 0x44, 0x54, 0x44, 0x45, 0x56, 0x65, 0x55, 0x55, 0x66, 0x66, 0x77, 0x76, 0x66, 0x65, 
	0x55, 0x67, 0x66, 0x55, 0x56, 0x66, 0x66, 0x66, 0x65, 0x55, 0x55, 0x45, 0x44, 0x44, 0x34, 
	0x66, 0x76, 0x53, 0x22, 0x22, 0x23, 0x34, 0x32, 0x22, 0x22, 0x22, 0x33, 0x22, 0x22, 0x21, 
	0x11, 0x12, 0x22, 0x23, 0x34, 0x44, 0x43, 0x32, 0x22, 0x12, 0x22, 0x22, 0x33, 0x33, 0x33, 
	0x32, 0x22, 0x22, 0x22, 0x21, 0x11, 0x22, 0x22, 0x22, 0x22, 0x22, 0x12, 0x22, 0x21, 0x22, 
	0x22, 0x22, 0x22, 0x21, 0x11, 0x22, 0x22, 0x23, 0x44, 0x44, 0x44, 0x45, 0x54, 0x44, 0x33, 
	0x33, 0x33, 0x33, 0x44, 0x44, 0x44, 0x44, 0x44, 0x44, 0x44, 0x55, 0x55, 0x55, 0x54, 0x44, 
	0x55, 0x55, 0x67, 0x77, 0x77, 0x8A, 0xAA, 0xAB, 0xBB, 0xBB, 0xCC, 0xCC, 0xCC, 0xBA, 0xAA, 
	0x99, 0x99, 0xA9, 0x99, 0x99, 0x99, 0x99, 0x99, 0x99, 0x99, 0x99, 0x99, 0x99, 0x99, 0x99, 
	0x99, 0x99, 0x99, 0x99, 0x99, 0x99, 0x99, 0x99, 0x99, 0x99, 0x99, 0x88, 0x99, 0x99, 0x99, 
	0x99, 0x99, 0x99, 0x99, 0x99, 0x99, 0x99, 0x88, 0x99, 0x99, 0x99, 0x99, 0x99, 0x99, 0x98, 
	0x99, 0x99, 0x99, 0x99, 0x98, 0x89, 0x99, 0x98, 0x99, 0x99, 0x98, 0x88, 0x88, 0x98, 0x88, 
	0x99, 0x99, 0x99, 0x88, 0x88, 0x89, 0x99, 0x99, 0x98, 0x88, 0x88, 0x88, 0x88, 0x89, 0x99, 
	0x99, 0x99, 0x99, 0x99, 0x99, 0x88, 0x88, 0x89, 0x98, 0x89, 0x99, 0x99, 0x99, 0x99, 0x88, 
	0xBA, 0xAA, 0xBB, 0xBB, 0xCC, 0xDD, 0xDE, 0xEE, 0xEE, 0xED, 0xDE, 0xED, 0xEE, 0xED, 0xDD, 
	0xDD, 0xDD, 0xDD, 0xDD, 0xDD, 0xDD, 0xDD, 0xDC, 0xCC, 0xDD, 0xCD, 0xDD, 0xCC, 0xCC, 0xCC, 
	0xBB, 0xBB, 0xBB, 0xBD, 0xDE, 0xEF, 0xFF, 0xFF, 0xEE, 0xFE, 0xEF, 0xFF, 0xFF, 0xEE, 0xFE, 
	0xEE, 0xEF, 0xFF, 0xFF, 0xFF, 0xFF, 0xFF, 0xFF, 0xFF, 0xFF, 0xFF, 0xFF, 0xFF, 0xFF, 0xFF, 
	0xFF, 0xFF, 0xFF, 0xFF, 0xFF, 0xFF, 0xFF, 0xFF, 0xFF, 0xFF, 0xFF, 0xFF, 0xFF, 0xFF, 0xFF, 
	0xEE, 0xEE, 0xEE, 0xFF, 0xFF, 0xEF, 0xFE, 0xEE, 0xFE, 0xC9, 0x87, 0x77, 0x66, 0x55, 0x44, 
	0x44, 0x44, 0x55, 0x44, 0x55, 0x55, 0x55, 0x66, 0x66, 0x66, 0x66, 0x66, 0x65, 0x55, 0x56, 
	0x67, 0x77, 0x66, 0x65, 0x56, 0x65, 0x55, 0x56, 0x55, 0x55, 0x44, 0x45, 0x43, 0x33, 0x33, 
	0x56, 0x66, 0x64, 0x32, 0x22, 0x22, 0x33, 0x32, 0x22, 0x22, 0x23, 0x33, 0x22, 0x22, 0x11, 
	0x11, 0x11, 0x12, 0x33, 0x33, 0x44, 0x44, 0x32, 0x21, 0x12, 0x22, 0x12, 0x32, 0x33, 0x33, 
	0x32, 0x23, 0x33, 0x22, 0x22, 0x22, 0x22, 0x22, 0x22, 0x11, 0x22, 0x11, 0x12, 0x22, 0x22, 
	0x22, 0x22, 0x22, 0x22, 0x22, 0x22, 0x22, 0x23, 0x45, 0x54, 0x44, 0x55, 0x55, 0x43, 0x33, 
	0x33, 0x34, 0x44, 0x44, 0x44, 0x44, 0x44, 0x44, 0x44, 0x45, 0x55, 0x55, 0x56, 0x66, 0x54, 
	0x45, 0x55, 0x67, 0x77, 0x66, 0x7A, 0xBA, 0x9A, 0xBB, 0xBB, 0xBB, 0xCB, 0xBB, 0xAA, 0xAA, 
	0xA9, 0x9A, 0x99, 0x99, 0x99, 0x99, 0x99, 0x99, 0x99, 0x99, 0x99, 0x99, 0x99, 0x99, 0x99, 
	0x99, 0x99, 0x99, 0x99, 0x99, 0x99, 0x99, 0x99, 0x99, 0x99, 0x99, 0x99, 0x99, 0x99, 0x99, 
	0x99, 0x89, 0x99, 0x98, 0x99, 0x99, 0x98, 0x88, 0x99, 0x99, 0x99, 0x99, 0x99, 0x99, 0x88, 
	0x99, 0x99, 0x99, 0x99, 0x98, 0x89, 0x99, 0x98, 0x99, 0x99, 0x99, 0x88, 0x88, 0x99, 0x99, 
	0x99, 0x99, 0x99, 0x99, 0x99, 0x99, 0x98, 0x88, 0x88, 0x88, 0x88, 0x99, 0x88, 0x89, 0x99, 
	0x99, 0x99, 0x98, 0x89, 0x99, 0x98, 0x99, 0x98, 0x88, 0x99, 0x99, 0x98, 0x88, 0x89, 0x98, 
	0xBA, 0xAA, 0xBC, 0xCC, 0xCD, 0xDD, 0xDE, 0xEE, 0xDD, 0xDD, 0xDD, 0xDD, 0xDD, 0xDD, 0xDE, 
	0xDD, 0xDD, 0xDD, 0xDD, 0xDD, 0xDE, 0xDD, 0xDD, 0xDD, 0xDD, 0xCC, 0xDD, 0xCC, 0xCC, 0xCC, 
	0xCB, 0xBB, 0xBB, 0xCD, 0xDE, 0xEF, 0xFF, 0xFF, 0xFF, 0xFF, 0xFF, 0xFF, 0xFF, 0xFF, 0xFF, 
	0xFF, 0xFF, 0xFF, 0xFF, 0xFF, 0xFF, 0xFF, 0xFF, 0xFF, 0xFF, 0xFF, 0xFF, 0xFF, 0xFF, 0xFF, 
	0xFF, 0xFF, 0xFF, 0xFF, 0xFF, 0xFF, 0xFF, 0xFF, 0xFF, 0xFF, 0xFF, 0xFF, 0xFF, 0xFF, 0xFF, 
	0xEE, 0xEE, 0xEF, 0xFF, 0xFE, 0xFF, 0xFE, 0xEE, 0xFF, 0xC8, 0x77, 0x77, 0x66, 0x65, 0x55, 
	0x44, 0x44, 0x55, 0x44, 0x55, 0x55, 0x56, 0x66, 0x66, 0x66, 0x55, 0x56, 0x66, 0x66, 0x77, 
	0x88, 0x87, 0x77, 0x66, 0x66, 0x65, 0x55, 0x55, 0x55, 0x55, 0x44, 0x45, 0x43, 0x33, 0x33, 
	0x45, 0x66, 0x65, 0x43, 0x22, 0x22, 0x33, 0x32, 0x22, 0x22, 0x33, 0x33, 0x22, 0x22, 0x21, 
	0x11, 0x11, 0x12, 0x33, 0x33, 0x44, 0x44, 0x32, 0x21, 0x12, 0x22, 0x22, 0x22, 0x22, 0x23, 
	0x22, 0x23, 0x33, 0x32, 0x33, 0x22, 0x12, 0x22, 0x22, 0x11, 0x11, 0x11, 0x12, 0x22, 0x22, 
	0x22, 0x22, 0x22, 0x22, 0x22, 0x22, 0x22, 0x23, 0x45, 0x55, 0x55, 0x44, 0x44, 0x44, 0x34, 
	0x44, 0x44, 0x45, 0x55, 0x54, 0x44, 0x44, 0x44, 0x55, 0x55, 0x55, 0x65, 0x66, 0x77, 0x65, 
	0x55, 0x55, 0x67, 0x77, 0x66, 0x79, 0xAA, 0x9A, 0xAB, 0xBB, 0xBB, 0xCB, 0xAA, 0x99, 0x9A, 
	0x99, 0x99, 0x99, 0x99, 0x99, 0x99, 0x99, 0x99, 0x99, 0x99, 0x99, 0x99, 0x99, 0x99, 0x99, 
	0x99, 0x99, 0x99, 0x99, 0x99, 0x99, 0x99, 0x99, 0x99, 0x99, 0x99, 0x99, 0x99, 0x99, 0x99, 
	0x99, 0x99, 0x99, 0x99, 0x99, 0x99, 0x99, 0x99, 0x99, 0x99, 0x99, 0x99, 0x89, 0x99, 0x88, 
	0x88, 0x89, 0x99, 0x99, 0x99, 0x99, 0x99, 0x98, 0x99, 0x99, 0x99, 0x99, 0x88, 0x99, 0x99, 
	0x99, 0x88, 0x89, 0x99, 0x99, 0x99, 0x98, 0x88, 0x88, 0x89, 0x88, 0x89, 0x98, 0x88, 0x99, 
	0x99, 0x99, 0x99, 0x88, 0x88, 0x88, 0x89, 0x88, 0x89, 0x99, 0x89, 0x88, 0x88, 0x99, 0x99, 
	0xAA, 0xAA, 0xBB, 0xCC, 0xDD, 0xDD, 0xDD, 0xDE, 0xDD, 0xDD, 0xDD, 0xDD, 0xDD, 0xDD, 0xEE, 
	0xED, 0xDD, 0xDD, 0xDD, 0xCD, 0xDD, 0xDD, 0xDD, 0xDD, 0xDD, 0xCC, 0xCC, 0xCC, 0xCD, 0xDD, 
	0xDC, 0xCB, 0xBB, 0xBC, 0xCD, 0xEF, 0xFF, 0xFF, 0xFF, 0xFF, 0xFF, 0xFF, 0xFF, 0xFF, 0xFF, 
	0xFF, 0xFF, 0xFF, 0xFF, 0xFF, 0xFF, 0xFF, 0xFF, 0xFF, 0xFF, 0xFF, 0xFF, 0xFF, 0xFF, 0xFF, 
	0xFF, 0xFF, 0xFF, 0xFF, 0xFF, 0xFF, 0xFF, 0xFF, 0xFF, 0xFF, 0xFF, 0xFF, 0xFF, 0xFF, 0xFF, 
	0xFE, 0xEE, 0xFF, 0xFF, 0xFE, 0xFF, 0xFF, 0xEE, 0xFF, 0xB7, 0x66, 0x77, 0x76, 0x66, 0x55, 
	0x54, 0x44, 0x55, 0x44, 0x55, 0x56, 0x66, 0x66, 0x65, 0x54, 0x55, 0x66, 0x66, 0x77, 0x88, 
	0x88, 0x77, 0x67, 0x66, 0x66, 0x65, 0x44, 0x55, 0x55, 0x54, 0x44, 0x45, 0x44, 0x44, 0x44, 
	0x44, 0x56, 0x66, 0x43, 0x32, 0x22, 0x23, 0x33, 0x22, 0x22, 0x33, 0x33, 0x22, 0x22, 0x21, 
	0x11, 0x11, 0x12, 0x23, 0x33, 0x44, 0x44, 0x32, 0x22, 0x21, 0x22, 0x22, 0x22, 0x22, 0x23, 
	0x22, 0x23, 0x33, 0x33, 0x33, 0x32, 0x22, 0x22, 0x21, 0x11, 0x11, 0x11, 0x22, 0x22, 0x22, 
	0x22, 0x22, 0x22, 0x22, 0x22, 0x22, 0x23, 0x33, 0x45, 0x55, 0x55, 0x44, 0x44, 0x44, 0x44, 
	0x44, 0x44, 0x55, 0x55, 0x55, 0x54, 0x45, 0x44, 0x55, 0x66, 0x66, 0x66, 0x66, 0x76, 0x65, 
	0x55, 0x45, 0x56, 0x77, 0x67, 0x79, 0xAA, 0xA9, 0x9A, 0xBB, 0xBB, 0xCB, 0xA9, 0x99, 0x99, 
	0x99, 0x99, 0x99, 0x99, 0x99, 0x99, 0x99, 0x99, 0x99, 0x99, 0x99, 0x99, 0x99, 0x99, 0x99, 
	0x99, 0x99, 0x99, 0x99, 0x99, 0x99, 0x99, 0x99, 0x99, 0x99, 0x99, 0x99, 0x99, 0x99, 0x99, 
	0x99, 0x99, 0x99, 0x99, 0x99, 0x99, 0x99, 0x99, 0x99, 0x99, 0x99, 0x99, 0x99, 0x99, 0x99, 
	0x98, 0x88, 0x99, 0x99, 0x99, 0x99, 0x99, 0x99, 0x89, 0x99, 0x99, 0x99, 0x98, 0x99, 0x89, 
	0x99, 0x88, 0x89, 0x99, 0x88, 0x89, 0x99, 0x99, 0x88, 0x99, 0x88, 0x88, 0x99, 0x88, 0x88, 
	0x99, 0x99, 0x99, 0x88, 0x88, 0x88, 0x88, 0x88, 0x89, 0x98, 0x88, 0x88, 0x88, 0x99, 0x99, 
	0xAA, 0xAA, 0xAB, 0xBC, 0xCD, 0xDD, 0xDD, 0xEE, 0xDD, 0xDD, 0xDD, 0xDD, 0xDD, 0xDD, 0xEE, 
	0xDD, 0xDD, 0xDD, 0xDD, 0xCC, 0xDD, 0xDD, 0xDD, 0xDD, 0xDD, 0xDC, 0xDD, 0xCD, 0xDD, 0xDD, 
	0xDC, 0xBB, 0xBB, 0xBB, 0xBD, 0xEF, 0xFF, 0xFF, 0xFF, 0xFF, 0xFF, 0xFF, 0xFF, 0xFF, 0xFF, 
	0xFF, 0xFF, 0xFF, 0xFF, 0xFF, 0xFF, 0xFF, 0xFF, 0xFF, 0xFF, 0xFF, 0xFF, 0xFF, 0xFF, 0xFF, 
	0xFF, 0xFF, 0xFF, 0xFF, 0xFF, 0xFF, 0xFF, 0xFF, 0xFF, 0xFF, 0xFF, 0xFF, 0xEF, 0xFF, 0xFF, 
	0xFF, 0xEE, 0xFF, 0xFF, 0xEE, 0xFF, 0xFF, 0xEE, 0xFF, 0xC6, 0x56, 0x77, 0x76, 0x66, 0x55, 
	0x54, 0x45, 0x55, 0x44, 0x55, 0x66, 0x66, 0x56, 0x65, 0x44, 0x56, 0x67, 0x77, 0x88, 0x77, 
	0x66, 0x66, 0x66, 0x77, 0x77, 0x76, 0x55, 0x55, 0x54, 0x44, 0x44, 0x45, 0x54, 0x44, 0x43, 
	0x44, 0x56, 0x65, 0x44, 0x32, 0x22, 0x33, 0x33, 0x22, 0x22, 0x23, 0x33, 0x22, 0x23, 0x32, 
	0x11, 0x11, 0x11, 0x13, 0x33, 0x44, 0x43, 0x22, 0x32, 0x22, 0x22, 0x22, 0x22, 0x22, 0x33, 
	0x32, 0x22, 0x33, 0x43, 0x33, 0x32, 0x22, 0x22, 0x22, 0x11, 0x21, 0x12, 0x22, 0x23, 0x22, 
	0x22, 0x22, 0x22, 0x22, 0x22, 0x22, 0x33, 0x33, 0x45, 0x55, 0x54, 0x44, 0x44, 0x44, 0x44, 
	0x44, 0x44, 0x55, 0x55, 0x55, 0x55, 0x55, 0x55, 0x55, 0x66, 0x56, 0x65, 0x56, 0x66, 0x66, 
	0x54, 0x44, 0x56, 0x76, 0x67, 0x78, 0x9A, 0x99, 0x99, 0xAB, 0xBC, 0xCB, 0xA9, 0x99, 0x99, 
	0x99, 0x99, 0x99, 0x99, 0x99, 0x99, 0x99, 0x99, 0x99, 0x99, 0x99, 0x99, 0x99, 0x99, 0x99, 
	0x99, 0x99, 0x99, 0x99, 0x99, 0x99, 0x99, 0x99, 0x99, 0x99, 0x99, 0x99, 0x99, 0x99, 0x99, 
	0x99, 0x99, 0x99, 0x99, 0x99, 0x99, 0x99, 0x99, 0x99, 0x99, 0x99, 0x99, 0x99, 0x99, 0x99, 
	0x98, 0x89, 0x99, 0x99, 0x99, 0x99, 0x99, 0x99, 0x88, 0x99, 0x99, 0x99, 0x99, 0x98, 0x89, 
	0x99, 0x88, 0x88, 0x99, 0x88, 0x88, 0x99, 0x99, 0x88, 0x89, 0x88, 0x88, 0x98, 0x88, 0x88, 
	0x99, 0x88, 0x88, 0x88, 0x88, 0x88, 0x88, 0x88, 0x89, 0x98, 0x88, 0x99, 0x88, 0x99, 0x88, 
	0xAA, 0x99, 0xAA, 0xBC, 0xCD, 0xDD, 0xDD, 0xDD, 0xDD, 0xDD, 0xDD, 0xDD, 0xDD, 0xDD, 0xDD, 
	0xDD, 0xDD, 0xCC, 0xCC, 0xCC, 0xDD, 0xDC, 0xDD, 0xDC, 0xDD, 0xDC, 0xCC, 0xCD, 0xDD, 0xCC, 
	0xCB, 0xAA, 0xBB, 0xBB, 0xBC, 0xDE, 0xFF, 0xFF, 0xFF, 0xFF, 0xFF, 0xFF, 0xFF, 0xFF, 0xFF, 
	0xFF, 0xFF, 0xFF, 0xFF, 0xFF, 0xFF, 0xFF, 0xFF, 0xFF, 0xFF, 0xFF, 0xFF, 0xFF, 0xFF, 0xFF, 
	0xFF, 0xFF, 0xFF, 0xFF, 0xFF, 0xFF, 0xFF, 0xFF, 0xFF, 0xFF, 0xFF, 0xFF, 0xEF, 0xFF, 0xFF, 
	0xFF, 0xEE, 0xFF, 0xFF, 0xEE, 0xEE, 0xFF, 0xFF, 0xFF, 0xC7, 0x45, 0x77, 0x76, 0x66, 0x55, 
	0x55, 0x45, 0x55, 0x55, 0x55, 0x55, 0x55, 0x56, 0x55, 0x56, 0x66, 0x67, 0x88, 0x77, 0x66, 
	0x55, 0x66, 0x66, 0x77, 0x77, 0x76, 0x55, 0x55, 0x44, 0x44, 0x44, 0x45, 0x55, 0x44, 0x43, 
	0x34, 0x56, 0x65, 0x44, 0x33, 0x23, 0x33, 0x33, 0x22, 0x22, 0x23, 0x33, 0x32, 0x23, 0x32, 
	0x11, 0x11, 0x11, 0x13, 0x34, 0x45, 0x43, 0x22, 0x22, 0x22, 0x22, 0x22, 0x22, 0x22, 0x33, 
	0x32, 0x21, 0x23, 0x34, 0x44, 0x33, 0x22, 0x22, 0x32, 0x11, 0x21, 0x12, 0x33, 0x22, 0x22, 
	0x23, 0x22, 0x22, 0x22, 0x23, 0x23, 0x34, 0x44, 0x45, 0x55, 0x54, 0x44, 0x44, 0x44, 0x44, 
	0x44, 0x44, 0x44, 0x44, 0x44, 0x44, 0x45, 0x55, 0x55, 0x66, 0x66, 0x66, 0x56, 0x66, 0x66, 
	0x54, 0x44, 0x55, 0x66, 0x67, 0x78, 0x89, 0x99, 0x99, 0xAB, 0xBC, 0xBA, 0xA9, 0x99, 0x99, 
	0x99, 0x99, 0x99, 0x99, 0x99, 0x99, 0x99, 0x99, 0x99, 0x99, 0x99, 0x99, 0x99, 0x99, 0x99, 
	0x99, 0x99, 0x99, 0x99, 0x99, 0x99, 0x99, 0x99, 0x99, 0x99, 0x99, 0x99, 0x99, 0x99, 0x99, 
	0x99, 0x99, 0x99, 0x99, 0x89, 0x99, 0x98, 0x99, 0x99, 0x88, 0x88, 0x99, 0x99, 0x99, 0x99, 
	0x88, 0x99, 0x99, 0x99, 0x99, 0x99, 0x99, 0x99, 0x88, 0x99, 0x99, 0x99, 0x98, 0x98, 0x89, 
	0x99, 0x98, 0x88, 0x89, 0x99, 0x99, 0x99, 0x98, 0x88, 0x88, 0x88, 0x88, 0x88, 0x88, 0x89, 
	0x99, 0x88, 0x88, 0x99, 0x88, 0x88, 0x88, 0x88, 0x99, 0x88, 0x88, 0x99, 0x99, 0x98, 0x88, 
	0xAA, 0xAA, 0xBB, 0xCC, 0xCD, 0xEE, 0xDD, 0xDD, 0xDD, 0xDD, 0xDD, 0xDD, 0xDD, 0xDD, 0xDD, 
	0xDD, 0xDD, 0xCC, 0xCC, 0xCC, 0xDD, 0xCC, 0xDD, 0xDC, 0xCC, 0xCB, 0xBB, 0xCC, 0xCC, 0xCB, 
	0xBB, 0xAA, 0xAB, 0xCC, 0xBC, 0xDF, 0xFF, 0xEF, 0xFF, 0xFF, 0xFF, 0xFF, 0xFE, 0xFF, 0xFF, 
	0xFF, 0xFF, 0xFF, 0xFF, 0xFF, 0xFF, 0xFF, 0xFF, 0xFF, 0xFF, 0xFF, 0xFF, 0xFF, 0xFF, 0xFF, 
	0xFF, 0xFF, 0xFF, 0xFF, 0xFF, 0xFF, 0xFF, 0xFF, 0xFF, 0xFF, 0xFF, 0xFF, 0xEF, 0xFF, 0xFF, 
	0xFF, 0xEE, 0xFF, 0xFF, 0xEE, 0xEF, 0xFF, 0xFF, 0xFF, 0xC8, 0x44, 0x67, 0x76, 0x66, 0x55, 
	0x55, 0x44, 0x55, 0x55, 0x55, 0x45, 0x55, 0x55, 0x66, 0x66, 0x76, 0x67, 0x87, 0x66, 0x66, 
	0x66, 0x77, 0x77, 0x87, 0x77, 0x65, 0x56, 0x55, 0x55, 0x54, 0x44, 0x44, 0x45, 0x44, 0x43, 
	0x34, 0x56, 0x66, 0x54, 0x33, 0x33, 0x33, 0x43, 0x33, 0x22, 0x22, 0x23, 0x32, 0x22, 0x32, 
	0x21, 0x11, 0x11, 0x12, 0x34, 0x55, 0x43, 0x22, 0x22, 0x22, 0x22, 0x22, 0x22, 0x22, 0x23, 
	0x33, 0x22, 0x22, 0x23, 0x44, 0x43, 0x33, 0x33, 0x33, 0x21, 0x22, 0x23, 0x33, 0x22, 0x22, 
	0x23, 0x22, 0x22, 0x22, 0x23, 0x33, 0x34, 0x44, 0x45, 0x55, 0x54, 0x45, 0x55, 0x55, 0x44, 
	0x44, 0x44, 0x44, 0x44, 0x44, 0x33, 0x34, 0x44, 0x45, 0x56, 0x66, 0x76, 0x66, 0x66, 0x66, 
	0x55, 0x45, 0x55, 0x56, 0x67, 0x77, 0x78, 0x99, 0x99, 0xAB, 0xBB, 0xBA, 0x99, 0x99, 0x99, 
	0x99, 0x99, 0x99, 0x99, 0x99, 0x99, 0x99, 0x99, 0x99, 0x99, 0x99, 0x99, 0x99, 0x99, 0x99, 
	0x99, 0x99, 0x99, 0x99, 0x99, 0x99, 0x99, 0x99, 0x99, 0x99, 0x99, 0x99, 0x99, 0x99, 0x99, 
	0x99, 0x99, 0x89, 0x99, 0x89, 0x99, 0x98, 0x99, 0x99, 0x98, 0x88, 0x99, 0x99, 0x99, 0x88, 
	0x88, 0x88, 0x88, 0x99, 0x99, 0x99, 0x88, 0x88, 0x88, 0x99, 0x98, 0x88, 0x88, 0x88, 0x89, 
	0x99, 0x98, 0x88, 0x88, 0x99, 0x99, 0x99, 0x88, 0x88, 0x88, 0x88, 0x88, 0x88, 0x88, 0x89, 
	0x99, 0x99, 0x89, 0x88, 0x88, 0x88, 0x88, 0x89, 0x99, 0x88, 0x88, 0x89, 0x99, 0x98, 0x88, 
	0xAA, 0xBB, 0xCC, 0xCC, 0xCD, 0xEE, 0xDD, 0xDD, 0xDD, 0xDD, 0xDD, 0xDD, 0xCC, 0xCC, 0xCC, 
	0xCC, 0xDD, 0xCC, 0xCC, 0xCC, 0xDD, 0xCC, 0xDD, 0xDC, 0xCC, 0xBB, 0xBB, 0xBC, 0xCC, 0xCC, 
	0xCB, 0xBB, 0xBB, 0xCC, 0xBC, 0xDE, 0xFF, 0xEF, 0xFF, 0xFF, 0xFF, 0xFF, 0xEE, 0xEF, 0xFF, 
	0xFF, 0xFF, 0xFF, 0xEF, 0xFF, 0xFF, 0xFF, 0xFF, 0xFF, 0xFF, 0xFF, 0xFF, 0xFF, 0xFF, 0xFF, 
	0xFF, 0xFF, 0xFF, 0xFF, 0xFF, 0xFF, 0xFF, 0xFF, 0xFF, 0xFF, 0xFF, 0xFE, 0xEF, 0xFF, 0xFE, 
	0xEF, 0xFF, 0xFF, 0xFF, 0xFE, 0xEF, 0xFF, 0xFF, 0xFE, 0xD8, 0x33, 0x57, 0x77, 0x66, 0x65, 
	0x55, 0x55, 0x55, 0x54, 0x44, 0x45, 0x55, 0x55, 0x66, 0x66, 0x67, 0x77, 0x76, 0x66, 0x67, 
	0x77, 0x77, 0x78, 0x77, 0x77, 0x66, 0x66, 0x66, 0x65, 0x55, 0x54, 0x44, 0x44, 0x44, 0x44, 
	0x34, 0x45, 0x66, 0x54, 0x43, 0x34, 0x34, 0x44, 0x33, 0x22, 0x22, 0x23, 0x32, 0x22, 0x23, 
	0x22, 0x22, 0x11, 0x12, 0x34, 0x55, 0x43, 0x21, 0x22, 0x22, 0x22, 0x22, 0x22, 0x22, 0x23, 
	0x33, 0x22, 0x21, 0x23, 0x44, 0x54, 0x44, 0x44, 0x43, 0x22, 0x22, 0x22, 0x33, 0x22, 0x32, 
	0x33, 0x22, 0x23, 0x32, 0x23, 0x33, 0x34, 0x54, 0x45, 0x55, 0x54, 0x55, 0x55, 0x54, 0x44, 
	0x44, 0x44, 0x44, 0x44, 0x44, 0x43, 0x33, 0x44, 0x44, 0x55, 0x56, 0x66, 0x66, 0x77, 0x76, 
	0x66, 0x55, 0x55, 0x56, 0x67, 0x77, 0x78, 0x89, 0x99, 0xAA, 0xBB, 0xBA, 0xA9, 0x99, 0x99, 
	0x99, 0x99, 0x99, 0x99, 0x99, 0x99, 0x99, 0x99, 0x99, 0x99, 0x99, 0x99, 0x99, 0x99, 0x99, 
	0x99, 0x99, 0x99, 0x99, 0x89, 0x99, 0x99, 0x99, 0x99, 0x99, 0x99, 0x99, 0x99, 0x99, 0x99, 
	0x99, 0x99, 0x89, 0x99, 0x99, 0x99, 0x98, 0x99, 0x99, 0x99, 0x99, 0x99, 0x99, 0x99, 0x88, 
	0x88, 0x88, 0x88, 0x88, 0x89, 0x99, 0x88, 0x89, 0x98, 0x99, 0x98, 0x88, 0x88, 0x89, 0x99, 
	0x88, 0x88, 0x88, 0x88, 0x88, 0x99, 0x99, 0x98, 0x88, 0x88, 0x89, 0x98, 0x88, 0x88, 0x89, 
	0x99, 0x99, 0x99, 0x88, 0x88, 0x88, 0x88, 0x88, 0x99, 0x98, 0x88, 0x88, 0x99, 0x99, 0x88, 
	0xAB, 0xBC, 0xCD, 0xCC, 0xBC, 0xDD, 0xDC, 0xCD, 0xDD, 0xDC, 0xCC, 0xCB, 0xBB, 0xBB, 0xAA, 
	0xBB, 0xBC, 0xCB, 0xBB, 0xBC, 0xCC, 0xCB, 0xCC, 0xCB, 0xBB, 0xBC, 0xCC, 0xCD, 0xDD, 0xDD, 
	0xDC, 0xCC, 0xCC, 0xCC, 0xBB, 0xCE, 0xFF, 0xEF, 0xFF, 0xFE, 0xFF, 0xFF, 0xFE, 0xFF, 0xFF, 
	0xFF, 0xFF, 0xFF, 0xEF, 0xFF, 0xFF, 0xFF, 0xFF, 0xFF, 0xFF, 0xFF, 0xFF, 0xFF, 0xFF, 0xFF, 
	0xFF, 0xFF, 0xFF, 0xFF, 0xFF, 0xFF, 0xFF, 0xFF, 0xFF, 0xFF, 0xFF, 0xFE, 0xEF, 0xFF, 0xFE, 
	0xEF, 0xFF, 0xFF, 0xFF, 0xFF, 0xEF, 0xFF, 0xEF, 0xEE, 0xD9, 0x33, 0x46, 0x67, 0x76, 0x66, 
	0x65, 0x55, 0x55, 0x54, 0x44, 0x45, 0x45, 0x55, 0x66, 0x66, 0x67, 0x77, 0x76, 0x66, 0x66, 
	0x66, 0x66, 0x67, 0x77, 0x77, 0x66, 0x66, 0x66, 0x66, 0x55, 0x55, 0x54, 0x33, 0x34, 0x44, 
	0x44, 0x45, 0x66, 0x54, 0x43, 0x44, 0x34, 0x44, 0x43, 0x22, 0x32, 0x23, 0x33, 0x22, 0x22, 
	0x22, 0x22, 0x21, 0x22, 0x34, 0x55, 0x44, 0x21, 0x11, 0x22, 0x22, 0x33, 0x22, 0x22, 0x23, 
	0x33, 0x33, 0x31, 0x12, 0x34, 0x54, 0x56, 0x55, 0x44, 0x33, 0x22, 0x22, 0x22, 0x33, 0x33, 
	0x33, 0x22, 0x23, 0x33, 0x33, 0x33, 0x34, 0x55, 0x45, 0x55, 0x54, 0x55, 0x55, 0x44, 0x44, 
	0x44, 0x44, 0x44, 0x44, 0x44, 0x44, 0x44, 0x44, 0x44, 0x44, 0x55, 0x66, 0x67, 0x78, 0x87, 
	0x66, 0x66, 0x55, 0x56, 0x66, 0x77, 0x77, 0x89, 0x99, 0x9A, 0xAA, 0xBA, 0xA9, 0x99, 0x99, 
	0x99, 0x99, 0x99, 0x99, 0x99, 0x99, 0x99, 0x99, 0x99, 0x98, 0x89, 0x99, 0x99, 0x99, 0x99, 
	0x99, 0x99, 0x99, 0x98, 0x88, 0x99, 0x99, 0x99, 0x99, 0x99, 0x99, 0x99, 0x99, 0x99, 0x99, 
	0x99, 0x98, 0x89, 0x99, 0x99, 0x99, 0x99, 0x89, 0x99, 0x99, 0x99, 0x99, 0x99, 0x88, 0x88, 
	0x88, 0x88, 0x88, 0x88, 0x88, 0x99, 0x88, 0x89, 0x99, 0x99, 0x88, 0x88, 0x88, 0x89, 0x99, 
	0x88, 0x88, 0x88, 0x88, 0x88, 0x88, 0x99, 0x98, 0x88, 0x88, 0x88, 0x88, 0x88, 0x88, 0x88, 
	0x99, 0x99, 0x99, 0x98, 0x88, 0x88, 0x88, 0x88, 0x99, 0x98, 0x88, 0x88, 0x99, 0x98, 0x88, 
	0xBB, 0xBB, 0xBB, 0xBA, 0xAB, 0xBB, 0xCC, 0xCC, 0xCC, 0xCC, 0xBB, 0xAA, 0xAA, 0xA9, 0xAA, 
	0xAA, 0xAA, 0xAA, 0xAA, 0xAA, 0xAA, 0xAB, 0xBB, 0xBB, 0xBC, 0xCD, 0xDE, 0xEE, 0xEF, 0xEE, 
	0xDD, 0xDD, 0xDD, 0xDC, 0xCB, 0xCE, 0xFF, 0xFF, 0xFF, 0xEE, 0xFF, 0xFF, 0xFF, 0xFF, 0xFF, 
	0xFF, 0xFF, 0xFF, 0xFF, 0xFF, 0xFF, 0xFF, 0xFF, 0xFF, 0xFF, 0xFF, 0xFF, 0xFF, 0xFF, 0xFF, 
	0xFF, 0xFF, 0xFF, 0xFF, 0xFF, 0xFF, 0xFF, 0xFF, 0xFF, 0xFF, 0xFF, 0xFE, 0xFF, 0xFF, 0xFF, 
	0xFF, 0xFF, 0xFF, 0xFF, 0xFF, 0xFF, 0xFF, 0xFF, 0xEE, 0xE9, 0x43, 0x45, 0x56, 0x66, 0x65, 
	0x55, 0x55, 0x55, 0x55, 0x55, 0x55, 0x55, 0x66, 0x66, 0x66, 0x66, 0x77, 0x66, 0x66, 0x65, 
	0x55, 0x55, 0x66, 0x67, 0x87, 0x65, 0x55, 0x66, 0x66, 0x55, 0x56, 0x54, 0x43, 0x34, 0x44, 
	0x44, 0x45, 0x65, 0x44, 0x43, 0x34, 0x44, 0x45, 0x43, 0x33, 0x33, 0x33, 0x33, 0x32, 0x22, 
	0x22, 0x23, 0x22, 0x23, 0x34, 0x44, 0x54, 0x32, 0x12, 0x22, 0x22, 0x33, 0x22, 0x22, 0x23, 
	0x33, 0x33, 0x32, 0x11, 0x22, 0x45, 0x55, 0x54, 0x44, 0x43, 0x33, 0x22, 0x22, 0x23, 0x33, 
	0x32, 0x22, 0x33, 0x33, 0x33, 0x44, 0x44, 0x55, 0x55, 0x55, 0x55, 0x55, 0x44, 0x44, 0x33, 
	0x43, 0x34, 0x44, 0x44, 0x33, 0x44, 0x44, 0x44, 0x44, 0x45, 0x55, 0x55, 0x67, 0x78, 0x87, 
	0x76, 0x67, 0x66, 0x66, 0x66, 0x77, 0x77, 0x78, 0x9A, 0xAA, 0xAA, 0xAA, 0xAA, 0x99, 0x99, 
	0x99, 0x99, 0x99, 0x99, 0x99, 0x99, 0x99, 0x99, 0x99, 0x98, 0x89, 0x99, 0x99, 0x99, 0x99, 
	0x99, 0x99, 0x99, 0x99, 0x99, 0x99, 0x99, 0x99, 0x99, 0x99, 0x99, 0x99, 0x99, 0x99, 0x99, 
	0x99, 0x99, 0x99, 0x99, 0x99, 0x88, 0x99, 0x98, 0x99, 0x99, 0x99, 0x99, 0x99, 0x98, 0x88, 
	0x88, 0x89, 0x99, 0x98, 0x88, 0x89, 0x99, 0x99, 0x88, 0x88, 0x99, 0x88, 0x88, 0x99, 0x99, 
	0x88, 0x88, 0x99, 0x98, 0x88, 0x89, 0x99, 0x99, 0x89, 0x99, 0x88, 0x88, 0x88, 0x88, 0x88, 
	0x99, 0x88, 0x99, 0x88, 0x99, 0x98, 0x88, 0x88, 0x88, 0x88, 0x88, 0x88, 0x99, 0x99, 0x88, 
	0xBB, 0xBA, 0xAA, 0xAA, 0xAA, 0xAB, 0xBB, 0xCC, 0xCB, 0xBA, 0xAA, 0x99, 0xAA, 0xAA, 0xAA, 
	0xBB, 0xBA, 0xAA, 0xAA, 0xAA, 0xAA, 0xAA, 0xBB, 0xCC, 0xCD, 0xDD, 0xEE, 0xEE, 0xEE, 0xEE, 
	0xEE, 0xEE, 0xEE, 0xED, 0xDC, 0xDE, 0xFF, 0xEF, 0xFE, 0xEF, 0xFF, 0xFF, 0xFF, 0xFF, 0xFF, 
	0xFF, 0xFF, 0xFF, 0xFF, 0xFF, 0xFF, 0xFF, 0xFF, 0xFF, 0xFF, 0xFF, 0xFF, 0xFF, 0xFF, 0xFF, 
	0xFF, 0xFF, 0xFF, 0xFF, 0xFF, 0xFF, 0xFF, 0xFF, 0xFF, 0xFF, 0xFF, 0xFE, 0xFF, 0xFF, 0xFF, 
	0xFF, 0xFF, 0xFF, 0xFF, 0xFF, 0xFF, 0xFF, 0xFF, 0xEE, 0xEA, 0x53, 0x35, 0x55, 0x55, 0x55, 
	0x55, 0x55, 0x55, 0x45, 0x55, 0x55, 0x55, 0x55, 0x65, 0x55, 0x55, 0x66, 0x67, 0x76, 0x65, 
	0x55, 0x56, 0x67, 0x78, 0x76, 0x55, 0x56, 0x66, 0x66, 0x55, 0x55, 0x55, 0x44, 0x43, 0x34, 
	0x45, 0x55, 0x65, 0x44, 0x44, 0x34, 0x44, 0x45, 0x43, 0x33, 0x33, 0x33, 0x33, 0x32, 0x22, 
	0x22, 0x22, 0x22, 0x23, 0x44, 0x45, 0x55, 0x42, 0x21, 0x12, 0x22, 0x33, 0x32, 0x22, 0x23, 
	0x33, 0x33, 0x32, 0x11, 0x22, 0x34, 0x55, 0x43, 0x34, 0x44, 0x33, 0x32, 0x23, 0x33, 0x33, 
	0x32, 0x22, 0x33, 0x34, 0x44, 0x44, 0x54, 0x55, 0x54, 0x55, 0x55, 0x44, 0x54, 0x44, 0x33, 
	0x33, 0x44, 0x44, 0x33, 0x33, 0x34, 0x44, 0x44, 0x44, 0x45, 0x55, 0x45, 0x66, 0x77, 0x77, 
	0x77, 0x77, 0x77, 0x76, 0x66, 0x77, 0x77, 0x89, 0xAA, 0xAA, 0xAA, 0xAA, 0x99, 0x99, 0x99, 
	0x99, 0x99, 0x99, 0x99, 0x99, 0x99, 0x99, 0x99, 0x99, 0x99, 0x99, 0x99, 0x99, 0x99, 0x99, 
	0x99, 0x99, 0x99, 0x99, 0x99, 0x99, 0x99, 0x99, 0x99, 0x99, 0x99, 0x99, 0x99, 0x99, 0x98, 
	0x99, 0x99, 0x99, 0x99, 0x99, 0x88, 0x99, 0x99, 0x98, 0x99, 0x99, 0x99, 0x98, 0x89, 0x99, 
	0x99, 0x89, 0x99, 0x99, 0x88, 0x89, 0x99, 0x88, 0x88, 0x88, 0x99, 0x88, 0x89, 0x89, 0x99, 
	0x88, 0x89, 0x99, 0x98, 0x88, 0x89, 0x99, 0x99, 0x99, 0x99, 0x99, 0x89, 0x98, 0x88, 0x88, 
	0x88, 0x88, 0x89, 0x99, 0x99, 0x98, 0x88, 0x88, 0x88, 0x88, 0x88, 0x88, 0x89, 0x99, 0x99, 
	0xBB, 0xBA, 0x99, 0x99, 0xAA, 0xAA, 0xBB, 0xBB, 0xAA, 0xA9, 0x9A, 0xAA, 0xBB, 0xBB, 0xBC, 
	0xCC, 0xCC, 0xCC, 0xCC, 0xCB, 0xBB, 0xCC, 0xCC, 0xDD, 0xDD, 0xDD, 0xDE, 0xEE, 0xEE, 0xEE, 
	0xEE, 0xEE, 0xDE, 0xEE, 0xED, 0xDE, 0xFF, 0xEE, 0xFF, 0xFF, 0xFF, 0xFF, 0xFF, 0xFF, 0xFF, 
	0xFF, 0xFF, 0xFF, 0xFF, 0xFF, 0xFF, 0xFF, 0xFF, 0xFF, 0xFF, 0xFF, 0xFF, 0xFF, 0xFF, 0xFF, 
	0xFF, 0xFF, 0xFF, 0xFF, 0xFF, 0xFF, 0xFF, 0xFF, 0xFF, 0xFF, 0xFF, 0xFF, 0xFF, 0xFF, 0xFF, 
	0xFF, 0xFF, 0xFF, 0xFF, 0xFE, 0xFF, 0xFF, 0xEE, 0xEE, 0xEB, 0x74, 0x35, 0x54, 0x44, 0x44, 
	0x55, 0x55, 0x55, 0x55, 0x55, 0x55, 0x55, 0x55, 0x44, 0x56, 0x65, 0x55, 0x66, 0x66, 0x55, 
	0x56, 0x66, 0x77, 0x77, 0x65, 0x55, 0x56, 0x66, 0x66, 0x55, 0x55, 0x55, 0x44, 0x33, 0x33, 
	0x45, 0x55, 0x65, 0x44, 0x44, 0x44, 0x44, 0x44, 0x43, 0x33, 0x33, 0x33, 0x33, 0x33, 0x22, 
	0x22, 0x22, 0x23, 0x45, 0x55, 0x45, 0x55, 0x44, 0x32, 0x12, 0x22, 0x33, 0x22, 0x22, 0x23, 
	0x33, 0x33, 0x32, 0x11, 0x11, 0x23, 0x44, 0x43, 0x33, 0x33, 0x44, 0x33, 0x34, 0x44, 0x33, 
	0x33, 0x33, 0x34, 0x33, 0x44, 0x44, 0x54, 0x56, 0x55, 0x55, 0x55, 0x44, 0x55, 0x44, 0x33, 
	0x34, 0x44, 0x44, 0x43, 0x33, 0x33, 0x44, 0x44, 0x55, 0x55, 0x55, 0x45, 0x55, 0x66, 0x66, 
	0x77, 0x77, 0x77, 0x77, 0x77, 0x77, 0x77, 0x89, 0xAA, 0xAA, 0xBB, 0xA9, 0x99, 0x99, 0x99, 
	0x99, 0x99, 0x99, 0x99, 0x99, 0x99, 0x99, 0x99, 0x99, 0x99, 0x99, 0x99, 0x99, 0x88, 0x99, 
	0x98, 0x89, 0x99, 0x99, 0x99, 0x99, 0x99, 0x99, 0x99, 0x99, 0x99, 0x99, 0x99, 0x99, 0x98, 
	0x99, 0x99, 0x99, 0x99, 0x99, 0x99, 0x99, 0x99, 0x98, 0x99, 0x99, 0x99, 0x99, 0x99, 0x99, 
	0x99, 0x88, 0x89, 0x99, 0x88, 0x89, 0x99, 0x88, 0x88, 0x89, 0x99, 0x98, 0x88, 0x89, 0x99, 
	0x88, 0x89, 0x98, 0x89, 0x99, 0x98, 0x99, 0x99, 0x99, 0x99, 0x99, 0x99, 0x88, 0x88, 0x88, 
	0x88, 0x88, 0x88, 0x99, 0x98, 0x88, 0x88, 0x88, 0x99, 0x88, 0x88, 0x99, 0x88, 0x89, 0x99, 
	0xBB, 0xBA, 0x99, 0xA9, 0xAA, 0xAA, 0xAA, 0xAA, 0xAA, 0xAA, 0xAB, 0xBC, 0xCD, 0xDD, 0xDD, 
	0xDD, 0xDD, 0xDD, 0xDD, 0xDD, 0xDD, 0xDD, 0xDD, 0xDD, 0xDD, 0xDD, 0xDD, 0xEE, 0xEE, 0xDE, 
	0xEE, 0xDD, 0xDD, 0xED, 0xDD, 0xDE, 0xFF, 0xFF, 0xFF, 0xFF, 0xFF, 0xFF, 0xFF, 0xFF, 0xFF, 
	0xFF, 0xFF, 0xFF, 0xFF, 0xFF, 0xFF, 0xFF, 0xFF, 0xFF, 0xFF, 0xFF, 0xFF, 0xFF, 0xFF, 0xFF, 
	0xFF, 0xFF, 0xFF, 0xFF, 0xFF, 0xFF, 0xFF, 0xFF, 0xFF, 0xFF, 0xFF, 0xFF, 0xFF, 0xFF, 0xFF, 
	0xFF, 0xFF, 0xFF, 0xFF, 0xEE, 0xEF, 0xFF, 0xEE, 0xEE, 0xDC, 0x84, 0x35, 0x54, 0x44, 0x44, 
	0x55, 0x55, 0x65, 0x55, 0x55, 0x55, 0x45, 0x55, 0x44, 0x56, 0x66, 0x55, 0x45, 0x55, 0x56, 
	0x67, 0x66, 0x77, 0x66, 0x54, 0x56, 0x66, 0x66, 0x66, 0x55, 0x55, 0x55, 0x44, 0x33, 0x33, 
	0x44, 0x45, 0x65, 0x54, 0x44, 0x44, 0x44, 0x34, 0x53, 0x33, 0x43, 0x33, 0x33, 0x33, 0x33, 
	0x22, 0x22, 0x24, 0x55, 0x54, 0x34, 0x44, 0x44, 0x42, 0x22, 0x22, 0x33, 0x22, 0x22, 0x23, 
	0x33, 0x34, 0x43, 0x21, 0x11, 0x22, 0x34, 0x44, 0x43, 0x33, 0x33, 0x32, 0x34, 0x54, 0x44, 
	0x44, 0x44, 0x34, 0x43, 0x44, 0x44, 0x54, 0x45, 0x55, 0x55, 0x55, 0x44, 0x55, 0x54, 0x33, 
	0x44, 0x44, 0x44, 0x44, 0x33, 0x33, 0x44, 0x44, 0x45, 0x54, 0x54, 0x45, 0x65, 0x55, 0x55, 
	0x66, 0x67, 0x77, 0x78, 0x77, 0x88, 0x88, 0x99, 0xAA, 0xAA, 0xBB, 0xA9, 0x99, 0x99, 0x99, 
	0x99, 0x99, 0x99, 0x99, 0x99, 0x99, 0x99, 0x99, 0x99, 0x99, 0x99, 0x99, 0x99, 0x88, 0x99, 
	0x98, 0x89, 0x99, 0x99, 0x99, 0x99, 0x99, 0x99, 0x99, 0x99, 0x99, 0x99, 0x99, 0x99, 0x99, 
	0x99, 0x99, 0x99, 0x99, 0x99, 0x99, 0x99, 0x99, 0x99, 0x99, 0x99, 0x99, 0x99, 0x99, 0x88, 
	0x99, 0x88, 0x88, 0x99, 0x88, 0x89, 0x99, 0x88, 0x88, 0x89, 0x99, 0x98, 0x88, 0x89, 0x98, 
	0x88, 0x88, 0x88, 0x89, 0x99, 0x98, 0x99, 0x99, 0x99, 0x99, 0x99, 0x98, 0x88, 0x88, 0x88, 
	0x88, 0x88, 0x88, 0x88, 0x88, 0x88, 0x88, 0x89, 0x99, 0x88, 0x88, 0x99, 0x98, 0x88, 0x88, 
	0xBB, 0xAA, 0xAA, 0xAA, 0xAA, 0xAA, 0xAA, 0xAA, 0xAB, 0xBB, 0xBC, 0xCD, 0xDD, 0xDD, 0xDD, 
	0xDD, 0xDD, 0xDD, 0xDD, 0xDE, 0xED, 0xDD, 0xDD, 0xDD, 0xDD, 0xDD, 0xDD, 0xDE, 0xED, 0xDD, 
	0xDD, 0xDD, 0xDD, 0xCC, 0xCB, 0xCD, 0xFF, 0xFF, 0xFF, 0xFF, 0xEF, 0xFF, 0xFF, 0xFF, 0xFF, 
	0xFF, 0xFF, 0xFF, 0xFF, 0xFF, 0xFF, 0xFF, 0xFF, 0xFF, 0xFF, 0xFF, 0xFF, 0xFF, 0xFF, 0xFF, 
	0xFF, 0xFF, 0xFF, 0xFF, 0xFF, 0xFF, 0xFF, 0xFF, 0xFF, 0xFF, 0xFF, 0xFF, 0xFF, 0xFF, 0xFF, 
	0xFF, 0xFF, 0xFF, 0xFE, 0xEE, 0xEE, 0xEE, 0xEE, 0xDD, 0xDC, 0x95, 0x34, 0x44, 0x44, 0x55, 
	0x55, 0x56, 0x66, 0x55, 0x55, 0x54, 0x45, 0x55, 0x54, 0x56, 0x65, 0x44, 0x44, 0x45, 0x66, 
	0x76, 0x66, 0x67, 0x65, 0x55, 0x56, 0x66, 0x55, 0x55, 0x55, 0x55, 0x55, 0x44, 0x33, 0x33, 
	0x34, 0x45, 0x56, 0x54, 0x44, 0x44, 0x44, 0x34, 0x54, 0x33, 0x43, 0x33, 0x33, 0x23, 0x33, 
	0x22, 0x11, 0x24, 0x65, 0x43, 0x33, 0x33, 0x34, 0x43, 0x22, 0x22, 0x33, 0x22, 0x22, 0x23, 
	0x33, 0x34, 0x43, 0x21, 0x12, 0x22, 0x23, 0x43, 0x43, 0x32, 0x22, 0x22, 0x34, 0x44, 0x44, 
	0x44, 0x54, 0x44, 0x43, 0x44, 0x44, 0x44, 0x45, 0x55, 0x55, 0x55, 0x44, 0x55, 0x54, 0x43, 
	0x44, 0x44, 0x44, 0x44, 0x33, 0x44, 0x44, 0x44, 0x45, 0x54, 0x44, 0x45, 0x66, 0x55, 0x55, 
	0x55, 0x66, 0x67, 0x88, 0x88, 0x89, 0x99, 0x9A, 0xAA, 0xAA, 0xAA, 0xAA, 0x99, 0x99, 0x99, 
	0x99, 0x99, 0x99, 0x99, 0x99, 0x99, 0x99, 0x99, 0x99, 0x99, 0x99, 0x99, 0x99, 0x99, 0x99, 
	0x98, 0x89, 0x99, 0x99, 0x99, 0x99, 0x99, 0x99, 0x99, 0x99, 0x99, 0x99, 0x99, 0x99, 0x99, 
	0x99, 0x99, 0x99, 0x98, 0x89, 0x99, 0x88, 0x88, 0x99, 0x99, 0x99, 0x99, 0x99, 0x99, 0x88, 
	0x99, 0x88, 0x88, 0x89, 0x88, 0x88, 0x88, 0x89, 0x99, 0x99, 0x99, 0x98, 0x88, 0x88, 0x88, 
	0x88, 0x88, 0x88, 0x88, 0x88, 0x88, 0x89, 0x99, 0x99, 0x99, 0x99, 0x98, 0x88, 0x88, 0x99, 
	0x98, 0x88, 0x88, 0x88, 0x88, 0x88, 0x88, 0x89, 0x99, 0x98, 0x88, 0x99, 0x99, 0x88, 0x88, 
	0xBB, 0xAA, 0xAA, 0xAA, 0x9A, 0xAB, 0xAA, 0xAB, 0xBC, 0xCC, 0xCD, 0xDD, 0xDD, 0xDD, 0xDC, 
	0xCD, 0xDD, 0xDD, 0xDD, 0xDE, 0xDD, 0xDD, 0xDD, 0xDD, 0xDD, 0xDD, 0xDD, 0xDD, 0xDD, 0xDD, 
	0xDD, 0xDD, 0xDC, 0xBA, 0xAA, 0xBD, 0xFF, 0xFF, 0xFF, 0xFF, 0xFF, 0xFE, 0xEE, 0xEF, 0xFF, 
	0xFF, 0xFF, 0xFF, 0xFF, 0xFF, 0xFF, 0xFF, 0xFF, 0xFF, 0xFF, 0xFF, 0xFF, 0xFF, 0xFF, 0xFF, 
	0xFF, 0xFF, 0xFF, 0xFF, 0xFF, 0xFF, 0xFF, 0xFF, 0xFF, 0xFF, 0xFF, 0xFF, 0xFF, 0xFF, 0xFF, 
	0xFF, 0xFF, 0xFF, 0xFF, 0xEE, 0xEE, 0xEE, 0xEE, 0xED, 0xDC, 0x96, 0x34, 0x45, 0x45, 0x55, 
	0x66, 0x66, 0x66, 0x65, 0x55, 0x54, 0x45, 0x56, 0x55, 0x54, 0x43, 0x33, 0x44, 0x55, 0x55, 
	0x65, 0x56, 0x66, 0x54, 0x56, 0x65, 0x56, 0x55, 0x55, 0x55, 0x55, 0x55, 0x44, 0x44, 0x33, 
	0x33, 0x44, 0x56, 0x55, 0x55, 0x44, 0x44, 0x44, 0x54, 0x43, 0x33, 0x33, 0x33, 0x33, 0x32, 
	0x22, 0x22, 0x24, 0x55, 0x32, 0x23, 0x32, 0x34, 0x43, 0x22, 0x11, 0x22, 0x23, 0x33, 0x33, 
	0x33, 0x33, 0x33, 0x22, 0x22, 0x22, 0x23, 0x33, 0x44, 0x32, 0x22, 0x22, 0x23, 0x33, 0x33, 
	0x44, 0x44, 0x44, 0x33, 0x45, 0x44, 0x44, 0x34, 0x45, 0x55, 0x56, 0x55, 0x55, 0x54, 0x44, 
	0x44, 0x44, 0x44, 0x33, 0x33, 0x34, 0x33, 0x44, 0x45, 0x54, 0x44, 0x45, 0x65, 0x55, 0x55, 
	0x55, 0x56, 0x67, 0x88, 0x88, 0x9A, 0xAA, 0x9A, 0xAB, 0xBA, 0xAA, 0xAA, 0x99, 0x99, 0x99, 
	0x99, 0x99, 0x99, 0x99, 0x99, 0x99, 0x99, 0x99, 0x99, 0x99, 0x99, 0x99, 0x99, 0x99, 0x99, 
	0x98, 0x89, 0x99, 0x99, 0x99, 0x99, 0x99, 0x99, 0x99, 0x99, 0x99, 0x99, 0x99, 0x99, 0x99, 
	0x88, 0x88, 0x98, 0x88, 0x88, 0x99, 0x99, 0x88, 0x88, 0x99, 0x99, 0x99, 0x99, 0x98, 0x88, 
	0x88, 0x99, 0x98, 0x88, 0x99, 0x98, 0x88, 0x88, 0x98, 0x99, 0x99, 0x99, 0x99, 0x88, 0x88, 
	0x88, 0x88, 0x88, 0x88, 0x88, 0x89, 0x89, 0x99, 0x99, 0x99, 0x99, 0x98, 0x88, 0x99, 0x88, 
	0x88, 0x88, 0x88, 0x88, 0x89, 0x88, 0x88, 0x89, 0x99, 0x98, 0x88, 0x88, 0x99, 0x99, 0x99, 
	0xBA, 0xAB, 0xBA, 0xAA, 0xAB, 0xBC, 0xCB, 0xBC, 0xCD, 0xDC, 0xDD, 0xDD, 0xDD, 0xDD, 0xDD, 
	0xCD, 0xCC, 0xDD, 0xDD, 0xDD, 0xDD, 0xDD, 0xDD, 0xDD, 0xDD, 0xDD, 0xDD, 0xDD, 0xDD, 0xDD, 
	0xDD, 0xDD, 0xDC, 0xBB, 0xAA, 0xBD, 0xEF, 0xFF, 0xFF, 0xFF, 0xFF, 0xFE, 0xEE, 0xEE, 0xFF, 
	0xFF, 0xFF, 0xFF, 0xFF, 0xFF, 0xFF, 0xFF, 0xFF, 0xFF, 0xFF, 0xFF, 0xFF, 0xFF, 0xFF, 0xFF, 
	0xFF, 0xFF, 0xFF, 0xFF, 0xFF, 0xFF, 0xFF, 0xFF, 0xFF, 0xFF, 0xFF, 0xFF, 0xFF, 0xFF, 0xFF, 
	0xFF, 0xFF, 0xFF, 0xFF, 0xFF, 0xFF, 0xEE, 0xFF, 0xEE, 0xDC, 0xA7, 0x44, 0x55, 0x55, 0x56, 
	0x66, 0x66, 0x66, 0x55, 0x55, 0x55, 0x55, 0x55, 0x54, 0x33, 0x33, 0x44, 0x45, 0x55, 0x55, 
	0x56, 0x66, 0x65, 0x55, 0x56, 0x65, 0x66, 0x55, 0x55, 0x55, 0x55, 0x55, 0x44, 0x44, 0x43, 
	0x33, 0x34, 0x55, 0x65, 0x55, 0x44, 0x45, 0x44, 0x55, 0x43, 0x33, 0x33, 0x33, 0x33, 0x32, 
	0x22, 0x22, 0x24, 0x54, 0x32, 0x22, 0x33, 0x33, 0x33, 0x22, 0x11, 0x12, 0x23, 0x33, 0x33, 
	0x33, 0x33, 0x33, 0x33, 0x22, 0x22, 0x23, 0x33, 0x34, 0x33, 0x22, 0x21, 0x22, 0x23, 0x23, 
	0x44, 0x44, 0x44, 0x33, 0x44, 0x44, 0x43, 0x44, 0x45, 0x55, 0x56, 0x65, 0x55, 0x54, 0x45, 
	0x55, 0x55, 0x43, 0x33, 0x33, 0x33, 0x33, 0x44, 0x44, 0x44, 0x44, 0x45, 0x55, 0x44, 0x55, 
	0x56, 0x66, 0x67, 0x88, 0x89, 0xAA, 0xAA, 0x9A, 0xAB, 0xBA, 0x99, 0x99, 0x99, 0x99, 0x99, 
	0x99, 0x99, 0x99, 0x99, 0x99, 0x99, 0x99, 0x99, 0x99, 0x99, 0x99, 0x99, 0x99, 0x99, 0x99, 
	0x99, 0x89, 0x99, 0x99, 0x99, 0x99, 0x99, 0x99, 0x99, 0x99, 0x99, 0x99, 0x99, 0x99, 0x99, 
	0x99, 0x99, 0x99, 0x88, 0x88, 0x99, 0x99, 0x99, 0x88, 0x89, 0x99, 0x99, 0x99, 0x98, 0x88, 
	0x88, 0x89, 0x99, 0x88, 0x99, 0x98, 0x88, 0x89, 0x98, 0x89, 0x98, 0x89, 0x99, 0x88, 0x88, 
	0x88, 0x88, 0x88, 0x98, 0x88, 0x89, 0x89, 0x99, 0x99, 0x99, 0x99, 0x98, 0x89, 0x98, 0x88, 
	0x88, 0x88, 0x88, 0x88, 0x99, 0x98, 0x88, 0x89, 0x99, 0x88, 0x88, 0x88, 0x89, 0x99, 0x99, 
	0xBA, 0xAA, 0xAA, 0xAB, 0xBC, 0xDD, 0xDC, 0xCD, 0xDD, 0xDC, 0xCD, 0xDD, 0xDD, 0xCD, 0xDD, 
	0xCD, 0xDD, 0xDD, 0xDD, 0xDD, 0xDD, 0xDD, 0xDD, 0xDD, 0xDD, 0xDD, 0xDD, 0xDD, 0xDD, 0xDD, 
	0xDE, 0xED, 0xED, 0xDC, 0xBB, 0xBD, 0xEF, 0xFF, 0xFF, 0xFF, 0xFF, 0xFF, 0xEE, 0xEE, 0xFF, 
	0xFF, 0xFF, 0xFF, 0xFF, 0xFF, 0xFF, 0xFF, 0xFF, 0xFF, 0xFF, 0xFF, 0xFF, 0xFF, 0xFF, 0xFF, 
	0xFF, 0xFF, 0xFF, 0xFF, 0xFF, 0xFF, 0xFF, 0xFF, 0xFF, 0xFF, 0xFF, 0xFF, 0xFF, 0xFF, 0xFF, 
	0xFF, 0xFF, 0xFF, 0xFF, 0xFF, 0xFF, 0xEE, 0xFF, 0xFE, 0xEC, 0xB8, 0x44, 0x55, 0x55, 0x56, 
	0x66, 0x66, 0x65, 0x54, 0x44, 0x55, 0x54, 0x44, 0x33, 0x22, 0x34, 0x55, 0x44, 0x54, 0x55, 
	0x66, 0x66, 0x66, 0x55, 0x65, 0x56, 0x65, 0x54, 0x55, 0x66, 0x55, 0x55, 0x44, 0x44, 0x44, 
	0x43, 0x33, 0x45, 0x55, 0x55, 0x55, 0x55, 0x55, 0x55, 0x43, 0x44, 0x34, 0x33, 0x33, 0x32, 
	0x23, 0x22, 0x23, 0x54, 0x32, 0x22, 0x33, 0x33, 0x33, 0x33, 0x21, 0x11, 0x22, 0x23, 0x33, 
	0x33, 0x22, 0x23, 0x33, 0x22, 0x11, 0x23, 0x32, 0x33, 0x44, 0x21, 0x11, 0x22, 0x22, 0x23, 
	0x44, 0x44, 0x44, 0x44, 0x43, 0x34, 0x44, 0x44, 0x44, 0x45, 0x66, 0x55, 0x44, 0x44, 0x55, 
	0x54, 0x44, 0x43, 0x33, 0x34, 0x44, 0x44, 0x44, 0x44, 0x44, 0x54, 0x45, 0x44, 0x44, 0x55, 
	0x66, 0x66, 0x67, 0x78, 0x99, 0xAA, 0xAA, 0x99, 0xAA, 0xA9, 0x99, 0x99, 0x99, 0x99, 0x99, 
	0x99, 0x99, 0x99, 0x99, 0x99, 0x99, 0x99, 0x99, 0x99, 0x98, 0x99, 0x99, 0x99, 0x99, 0x99, 
	0x99, 0x99, 0x99, 0x99, 0x99, 0x99, 0x99, 0x99, 0x99, 0x98, 0x89, 0x99, 0x99, 0x99, 0x99, 
	0x99, 0x99, 0x99, 0x98, 0x88, 0x89, 0x99, 0x99, 0x98, 0x89, 0x99, 0x99, 0x99, 0x98, 0x89, 
	0x98, 0x89, 0x99, 0x89, 0x99, 0x99, 0x89, 0x99, 0x99, 0x88, 0x88, 0x88, 0x88, 0x98, 0x88, 
	0x88, 0x89, 0x99, 0x99, 0x98, 0x99, 0x99, 0x99, 0x99, 0x99, 0x89, 0x98, 0x89, 0x98, 0x88, 
	0x88, 0x88, 0x99, 0x99, 0x99, 0x88, 0x88, 0x99, 0x98, 0x88, 0x88, 0x88, 0x89, 0x99, 0x99, 
	0xBA, 0xAA, 0xAA, 0xAB, 0xCC, 0xDD, 0xDC, 0xCC, 0xCD, 0xDC, 0xCD, 0xDD, 0xCC, 0xCD, 0xDD, 
	0xDD, 0xDD, 0xDD, 0xDD, 0xDD, 0xDD, 0xDD, 0xEE, 0xDD, 0xDD, 0xDD, 0xDD, 0xDD, 0xDE, 0xED, 
	0xDD, 0xEE, 0xEE, 0xED, 0xCB, 0xBD, 0xFF, 0xFF, 0xFE, 0xFE, 0xFF, 0xFF, 0xFE, 0xEF, 0xFF, 
	0xFF, 0xFF, 0xFF, 0xFF, 0xFF, 0xFF, 0xFF, 0xFF, 0xFF, 0xFF, 0xFF, 0xFF, 0xFF, 0xFF, 0xFF, 
	0xFF, 0xFF, 0xFF, 0xFF, 0xFF, 0xFF, 0xFF, 0xFF, 0xFF, 0xFF, 0xFF, 0xFE, 0xFF, 0xFF, 0xFF, 
	0xFF, 0xFF, 0xFF, 0xFE, 0xEF, 0xFF, 0xFF, 0xEE, 0xEE, 0xEC, 0xB8, 0x54, 0x45, 0x56, 0x66, 
	0x66, 0x66, 0x55, 0x44, 0x44, 0x55, 0x54, 0x33, 0x22, 0x22, 0x45, 0x66, 0x54, 0x45, 0x66, 
	0x66, 0x66, 0x66, 0x56, 0x65, 0x56, 0x65, 0x44, 0x55, 0x55, 0x54, 0x44, 0x54, 0x44, 0x44, 
	0x44, 0x33, 0x44, 0x55, 0x45, 0x55, 0x56, 0x55, 0x45, 0x44, 0x54, 0x43, 0x43, 0x44, 0x32, 
	0x33, 0x32, 0x23, 0x44, 0x32, 0x22, 0x23, 0x33, 0x33, 0x33, 0x22, 0x11, 0x22, 0x22, 0x33, 
	0x33, 0x32, 0x23, 0x44, 0x22, 0x11, 0x13, 0x43, 0x33, 0x44, 0x32, 0x21, 0x22, 0x11, 0x23, 
	0x44, 0x44, 0x34, 0x45, 0x43, 0x33, 0x44, 0x45, 0x54, 0x55, 0x55, 0x55, 0x44, 0x44, 0x55, 
	0x54, 0x44, 0x43, 0x33, 0x34, 0x44, 0x44, 0x44, 0x44, 0x44, 0x45, 0x55, 0x43, 0x34, 0x45, 
	0x66, 0x77, 0x66, 0x68, 0x99, 0xAA, 0xAA, 0xAA, 0xA9, 0x99, 0x99, 0x99, 0x99, 0x99, 0x99, 
	0x99, 0x99, 0x99, 0x99, 0x99, 0x99, 0x99, 0x99, 0x99, 0x99, 0x99, 0x99, 0x99, 0x99, 0x99, 
	0x99, 0x99, 0x99, 0x99, 0x99, 0x98, 0x89, 0x99, 0x99, 0x99, 0x99, 0x99, 0x99, 0x89, 0x99, 
	0x99, 0x99, 0x99, 0x99, 0x99, 0x99, 0x99, 0x99, 0x88, 0x99, 0x99, 0x99, 0x88, 0x88, 0x99, 
	0x99, 0x98, 0x88, 0x99, 0x99, 0x99, 0x99, 0x99, 0x98, 0x88, 0x89, 0x88, 0x89, 0x99, 0x98, 
	0x88, 0x88, 0x88, 0x98, 0x88, 0x99, 0x99, 0x99, 0x99, 0x88, 0x99, 0x98, 0x88, 0x89, 0x88, 
	0x88, 0x88, 0x89, 0x88, 0x88, 0x88, 0x99, 0x89, 0x98, 0x88, 0x89, 0x99, 0x89, 0x99, 0x88, 
	0xCA, 0xAA, 0x9A, 0xAB, 0xBC, 0xCC, 0xCC, 0xBC, 0xCC, 0xCB, 0xBC, 0xCC, 0xCC, 0xCD, 0xDD, 
	0xDD, 0xDD, 0xDD, 0xDD, 0xDD, 0xDD, 0xDD, 0xDD, 0xDD, 0xDD, 0xDC, 0xCD, 0xDD, 0xDD, 0xDD, 
	0xDD, 0xDE, 0xDD, 0xDD, 0xCB, 0xBD, 0xFF, 0xFF, 0xFE, 0xFF, 0xEF, 0xFF, 0xFF, 0xFF, 0xFF, 
	0xFF, 0xFF, 0xFF, 0xFF, 0xFF, 0xFF, 0xFF, 0xFF, 0xFF, 0xFF, 0xFF, 0xFF, 0xFF, 0xFF, 0xFF, 
	0xFF, 0xFF, 0xFF, 0xFF, 0xFF, 0xFF, 0xFF, 0xFF, 0xFF, 0xFF, 0xFF, 0xEE, 0xEE, 0xFF, 0xFF, 
	0xFF, 0xFF, 0xFF, 0xFE, 0xEF, 0xFF, 0xFF, 0xEE, 0xEE, 0xDB, 0xA8, 0x64, 0x55, 0x56, 0x66, 
	0x66, 0x65, 0x44, 0x44, 0x44, 0x44, 0x44, 0x33, 0x23, 0x34, 0x65, 0x55, 0x54, 0x56, 0x76, 
	0x65, 0x55, 0x66, 0x66, 0x65, 0x56, 0x55, 0x44, 0x44, 0x45, 0x44, 0x44, 0x44, 0x44, 0x44, 
	0x44, 0x33, 0x34, 0x44, 0x44, 0x55, 0x55, 0x54, 0x45, 0x54, 0x44, 0x44, 0x33, 0x44, 0x33, 
	0x33, 0x33, 0x33, 0x44, 0x32, 0x22, 0x23, 0x33, 0x33, 0x34, 0x21, 0x11, 0x22, 0x11, 0x23, 
	0x33, 0x32, 0x23, 0x44, 0x32, 0x11, 0x23, 0x43, 0x32, 0x34, 0x32, 0x22, 0x21, 0x12, 0x23, 
	0x44, 0x44, 0x44, 0x45, 0x43, 0x34, 0x44, 0x45, 0x55, 0x55, 0x55, 0x55, 0x44, 0x45, 0x55, 
	0x55, 0x55, 0x43, 0x33, 0x33, 0x33, 0x33, 0x44, 0x44, 0x43, 0x45, 0x55, 0x43, 0x34, 0x45, 
	0x66, 0x77, 0x77, 0x67, 0x89, 0xAA, 0xAA, 0xAA, 0xA9, 0x99, 0x99, 0x99, 0x99, 0x99, 0x99, 
	0x99, 0x99, 0x99, 0x99, 0x99, 0x99, 0x99, 0x99, 0x99, 0x99, 0x99, 0x99, 0x99, 0x99, 0x99, 
	0x99, 0x99, 0x99, 0x99, 0x99, 0x99, 0x89, 0x99, 0x99, 0x99, 0x99, 0x99, 0x99, 0x99, 0x99, 
	0x99, 0x88, 0x88, 0x99, 0x99, 0x99, 0x98, 0x88, 0x99, 0x99, 0x99, 0x98, 0x88, 0x88, 0x99, 
	0x99, 0x98, 0x89, 0x99, 0x99, 0x99, 0x99, 0x99, 0x98, 0x98, 0x89, 0x98, 0x99, 0x99, 0x98, 
	0x98, 0x88, 0x88, 0x88, 0x88, 0x99, 0x99, 0x99, 0x99, 0x99, 0x99, 0x98, 0x88, 0x88, 0x88, 
	0x88, 0x88, 0x88, 0x88, 0x88, 0x88, 0x88, 0x99, 0x98, 0x88, 0x89, 0x99, 0x98, 0x88, 0x88, 
	0xCB, 0xBB, 0xBB, 0xBB, 0xBB, 0xBB, 0xBB, 0xBB, 0xBB, 0xBB, 0xBB, 0xBC, 0xBC, 0xDD, 0xDD, 
	0xCD, 0xDD, 0xDD, 0xCC, 0xCC, 0xCD, 0xDD, 0xDD, 0xDD, 0xDD, 0xDD, 0xDD, 0xDD, 0xDE, 0xDD, 
	0xCC, 0xDD, 0xCC, 0xCC, 0xCB, 0xBD, 0xEF, 0xFF, 0xFE, 0xFF, 0xEE, 0xFF, 0xFF, 0xFF, 0xFF, 
	0xFF, 0xFF, 0xFF, 0xFF, 0xFF, 0xFF, 0xFF, 0xFF, 0xFF, 0xFF, 0xFF, 0xFF, 0xFF, 0xFF, 0xFF, 
	0xFF, 0xFF, 0xFF, 0xFF, 0xFF, 0xFF, 0xFF, 0xFF, 0xFF, 0xFF, 0xFF, 0xFF, 0xEF, 0xFF, 0xFF, 
	0xFF, 0xFF, 0xFF, 0xFF, 0xEF, 0xFF, 0xFE, 0xEE, 0xED, 0xDB, 0xA8, 0x64, 0x55, 0x66, 0x76, 
	0x65, 0x54, 0x44, 0x44, 0x44, 0x44, 0x43, 0x32, 0x35, 0x56, 0x65, 0x45, 0x55, 0x66, 0x66, 
	0x54, 0x45, 0x66, 0x76, 0x65, 0x55, 0x44, 0x44, 0x44, 0x44, 0x43, 0x44, 0x44, 0x44, 0x44, 
	0x43, 0x33, 0x33, 0x44, 0x34, 0x44, 0x44, 0x44, 0x45, 0x54, 0x44, 0x44, 0x43, 0x44, 0x33, 
	0x33, 0x33, 0x33, 0x33, 0x22, 0x21, 0x23, 0x33, 0x32, 0x34, 0x31, 0x11, 0x22, 0x11, 0x23, 
	0x33, 0x22, 0x23, 0x44, 0x32, 0x11, 0x12, 0x33, 0x32, 0x33, 0x33, 0x32, 0x11, 0x22, 0x22, 
	0x34, 0x44, 0x44, 0x45, 0x54, 0x44, 0x43, 0x45, 0x55, 0x44, 0x45, 0x55, 0x44, 0x45, 0x55, 
	0x55, 0x55, 0x44, 0x33, 0x33, 0x33, 0x33, 0x33, 0x34, 0x43, 0x44, 0x55, 0x42, 0x34, 0x45, 
	0x56, 0x78, 0x87, 0x67, 0x89, 0xAA, 0xAA, 0xAA, 0xA9, 0x99, 0xAA, 0x99, 0x99, 0x99, 0x99, 
	0x99, 0x99, 0x99, 0x99, 0x99, 0x99, 0x99, 0x99, 0x99, 0x99, 0x99, 0x98, 0x99, 0x99, 0x99, 
	0x89, 0x99, 0x99, 0x99, 0x99, 0x99, 0x99, 0x99, 0x99, 0x99, 0x99, 0x99, 0x99, 0x99, 0x99, 
	0x88, 0x88, 0x88, 0x88, 0x99, 0x99, 0x98, 0x88, 0x98, 0x99, 0x99, 0x88, 0x89, 0x99, 0x99, 
	0x99, 0x88, 0x99, 0x98, 0x88, 0x99, 0x99, 0x99, 0x99, 0x98, 0x89, 0x99, 0x99, 0x99, 0x88, 
	0x88, 0x88, 0x88, 0x88, 0x88, 0x99, 0x99, 0x99, 0x99, 0x99, 0x99, 0x88, 0x88, 0x88, 0x88, 
	0x98, 0x88, 0x88, 0x88, 0x88, 0x88, 0x88, 0x99, 0x88, 0x89, 0x98, 0x88, 0x88, 0x88, 0x88, 
	0xCB, 0xBC, 0xBB, 0xBB, 0xAA, 0xAA, 0xBB, 0xBB, 0xBB, 0xAB, 0xCC, 0xCB, 0xCC, 0xDD, 0xDD, 
	0xCC, 0xCC, 0xCC, 0xCC, 0xCC, 0xDD, 0xCC, 0xCC, 0xDD, 0xDD, 0xDD, 0xDD, 0xDD, 0xEE, 0xDD, 
	0xCC, 0xCC, 0xCB, 0xBB, 0xBB, 0xBD, 0xEF, 0xFF, 0xFE, 0xEF, 0xEF, 0xFF, 0xFF, 0xFF, 0xFF, 
	0xFF, 0xFF, 0xFF, 0xFF, 0xFF, 0xFF, 0xFF, 0xFF, 0xFF, 0xFF, 0xFF, 0xFF, 0xFF, 0xFF, 0xFF, 
	0xFF, 0xFF, 0xFF, 0xFF, 0xFF, 0xFF, 0xFF, 0xFF, 0xFF, 0xFF, 0xFF, 0xFF, 0xFF, 0xFF, 0xFF, 
	0xFF, 0xEF, 0xFF, 0xFF, 0xFF, 0xEF, 0xEE, 0xEE, 0xDD, 0xBB, 0xA9, 0x74, 0x56, 0x67, 0x76, 
	0x65, 0x54, 0x34, 0x44, 0x43, 0x33, 0x33, 0x34, 0x56, 0x55, 0x44, 0x46, 0x66, 0x66, 0x65, 
	0x44, 0x45, 0x67, 0x65, 0x55, 0x55, 0x43, 0x34, 0x44, 0x44, 0x44, 0x44, 0x44, 0x44, 0x44, 
	0x43, 0x33, 0x33, 0x43, 0x34, 0x44, 0x33, 0x33, 0x35, 0x55, 0x44, 0x44, 0x44, 0x33, 0x34, 
	0x33, 0x33, 0x33, 0x32, 0x22, 0x11, 0x23, 0x33, 0x32, 0x24, 0x31, 0x12, 0x22, 0x21, 0x12, 
	0x22, 0x22, 0x23, 0x33, 0x33, 0x21, 0x12, 0x22, 0x33, 0x33, 0x33, 0x32, 0x11, 0x22, 0x22, 
	0x33, 0x33, 0x44, 0x45, 0x55, 0x44, 0x43, 0x34, 0x44, 0x43, 0x44, 0x55, 0x44, 0x45, 0x55, 
	0x55, 0x55, 0x44, 0x33, 0x33, 0x33, 0x33, 0x33, 0x33, 0x33, 0x44, 0x55, 0x43, 0x34, 0x45, 
	0x66, 0x79, 0x98, 0x77, 0x99, 0xAA, 0x99, 0x9A, 0x99, 0x99, 0xAA, 0x99, 0x99, 0x99, 0x99, 
	0x99, 0x99, 0x99, 0x99, 0x99, 0x99, 0x99, 0x99, 0x99, 0x99, 0x99, 0x88, 0x99, 0x99, 0x99, 
	0x89, 0x99, 0x99, 0x99, 0x99, 0x99, 0x99, 0x99, 0x99, 0x99, 0x99, 0x99, 0x99, 0x99, 0x99, 
	0x99, 0x88, 0x88, 0x88, 0x99, 0x99, 0x99, 0x88, 0x88, 0x89, 0x99, 0x99, 0x89, 0x99, 0x99, 
	0x98, 0x89, 0x99, 0x98, 0x88, 0x99, 0x99, 0x99, 0x99, 0x98, 0x88, 0x99, 0x98, 0x99, 0x88, 
	0x88, 0x89, 0x99, 0x99, 0x99, 0x99, 0x99, 0x99, 0x99, 0x88, 0x98, 0x88, 0x88, 0x88, 0x88, 
	0x88, 0x88, 0x88, 0x98, 0x88, 0x88, 0x88, 0x99, 0x88, 0x88, 0x99, 0x88, 0x88, 0x88, 0x89, 
	0xBA, 0xAB, 0xAA, 0xAB, 0xAB, 0xBB, 0xBB, 0xBB, 0xBB, 0xBB, 0xCD, 0xCC, 0xCC, 0xCD, 0xCC, 
	0xCC, 0xCC, 0xCC, 0xCC, 0xCD, 0xDD, 0xDC, 0xCC, 0xCD, 0xDD, 0xDD, 0xDD, 0xDD, 0xDD, 0xDC, 
	0xCC, 0xCC, 0xCB, 0xBB, 0xBB, 0xCD, 0xEF, 0xFF, 0xFE, 0xEE, 0xFF, 0xFF, 0xFF, 0xFF, 0xFF, 
	0xFF, 0xFF, 0xFF, 0xFF, 0xFF, 0xFF, 0xFF, 0xFF, 0xFF, 0xFF, 0xFF, 0xFF, 0xFF, 0xFF, 0xFF, 
	0xFF, 0xFF, 0xFF, 0xFF, 0xFF, 0xFF, 0xFF, 0xFF, 0xFF, 0xFF, 0xFF, 0xFF, 0xFF, 0xFF, 0xFF, 
	0xFF, 0xFF, 0xFF, 0xFF, 0xEE, 0xEE, 0xEE, 0xED, 0xDC, 0xBA, 0x98, 0x74, 0x56, 0x67, 0x76, 
	0x55, 0x54, 0x33, 0x44, 0x33, 0x22, 0x33, 0x45, 0x66, 0x43, 0x44, 0x67, 0x66, 0x65, 0x54, 
	0x23, 0x46, 0x66, 0x55, 0x55, 0x54, 0x33, 0x34, 0x54, 0x34, 0x44, 0x44, 0x44, 0x44, 0x44, 
	0x43, 0x33, 0x33, 0x33, 0x33, 0x33, 0x33, 0x33, 0x34, 0x55, 0x43, 0x34, 0x34, 0x33, 0x34, 
	0x33, 0x33, 0x32, 0x22, 0x21, 0x11, 0x23, 0x43, 0x32, 0x24, 0x32, 0x21, 0x12, 0x22, 0x12, 
	0x22, 0x22, 0x22, 0x23, 0x43, 0x21, 0x12, 0x23, 0x34, 0x33, 0x33, 0x32, 0x22, 0x22, 0x22, 
	0x23, 0x23, 0x44, 0x44, 0x45, 0x54, 0x43, 0x34, 0x44, 0x33, 0x34, 0x44, 0x44, 0x45, 0x54, 
	0x44, 0x44, 0x33, 0x33, 0x33, 0x33, 0x33, 0x33, 0x33, 0x33, 0x44, 0x55, 0x43, 0x34, 0x46, 
	0x67, 0x78, 0x99, 0x88, 0x99, 0x99, 0x99, 0x99, 0x99, 0x99, 0x99, 0x99, 0x99, 0x99, 0x99, 
	0x99, 0x99, 0x99, 0x99, 0x99, 0x99, 0x99, 0x99, 0x99, 0x99, 0x99, 0x98, 0x89, 0x99, 0x99, 
	0x88, 0x89, 0x99, 0x99, 0x99, 0x99, 0x99, 0x89, 0x99, 0x99, 0x99, 0x99, 0x99, 0x99, 0x99, 
	0x99, 0x99, 0x88, 0x88, 0x99, 0x99, 0x89, 0x99, 0x88, 0x89, 0x99, 0x99, 0x89, 0x99, 0x88, 
	0x88, 0x88, 0x99, 0x88, 0x88, 0x99, 0x99, 0x98, 0x89, 0x99, 0x88, 0x88, 0x88, 0x99, 0x88, 
	0x99, 0x99, 0x99, 0x99, 0x98, 0x88, 0x99, 0x99, 0x98, 0x88, 0x98, 0x88, 0x89, 0x99, 0x88, 
	0x88, 0x88, 0x88, 0x99, 0x88, 0x88, 0x88, 0x89, 0x99, 0x88, 0x89, 0x88, 0x88, 0x88, 0x99, 
	0xA9, 0xAA, 0xAA, 0xBB, 0xBB, 0xBB, 0xBB, 0xBB, 0xBC, 0xBB, 0xCC, 0xCC, 0xDC, 0xCC, 0xCC, 
	0xCC, 0xCC, 0xCC, 0xCC, 0xCD, 0xDD, 0xDD, 0xCC, 0xCC, 0xDD, 0xDD, 0xDD, 0xCC, 0xCC, 0xCB, 
	0xBB, 0xBB, 0xBB, 0xBB, 0xBB, 0xBC, 0xEF, 0xFE, 0xFF, 0xFF, 0xFF, 0xFF, 0xFE, 0xEE, 0xFF, 
	0xFF, 0xFF, 0xFF, 0xFF, 0xFF, 0xFF, 0xFF, 0xFF, 0xFF, 0xFF, 0xFF, 0xFF, 0xFF, 0xFF, 0xFF, 
	0xFF, 0xFF, 0xFF, 0xFF, 0xFF, 0xFF, 0xFF, 0xFF, 0xFF, 0xFF, 0xFF, 0xFF, 0xFF, 0xFF, 0xFF, 
	0xFF, 0xFF, 0xFF, 0xFF, 0xEE, 0xEF, 0xFE, 0xEE, 0xDC, 0xBA, 0x98, 0x75, 0x66, 0x67, 0x76, 
	0x65, 0x54, 0x33, 0x44, 0x33, 0x22, 0x34, 0x45, 0x54, 0x34, 0x56, 0x77, 0x65, 0x43, 0x33, 
	0x34, 0x66, 0x65, 0x44, 0x44, 0x43, 0x32, 0x34, 0x44, 0x44, 0x54, 0x44, 0x43, 0x44, 0x44, 
	0x34, 0x44, 0x33, 0x33, 0x33, 0x43, 0x33, 0x33, 0x34, 0x45, 0x43, 0x33, 0x44, 0x33, 0x33, 
	0x33, 0x33, 0x22, 0x22, 0x11, 0x11, 0x24, 0x44, 0x32, 0x24, 0x32, 0x22, 0x12, 0x22, 0x12, 
	0x23, 0x23, 0x32, 0x23, 0x43, 0x21, 0x12, 0x23, 0x45, 0x44, 0x33, 0x32, 0x22, 0x22, 0x22, 
	0x22, 0x22, 0x34, 0x43, 0x44, 0x44, 0x44, 0x33, 0x44, 0x43, 0x34, 0x44, 0x44, 0x55, 0x54, 
	0x44, 0x44, 0x33, 0x33, 0x33, 0x33, 0x33, 0x33, 0x33, 0x33, 0x44, 0x44, 0x43, 0x34, 0x57, 
	0x77, 0x88, 0x98, 0x88, 0x89, 0x99, 0x98, 0x99, 0x99, 0x99, 0x99, 0x99, 0x99, 0x99, 0x99, 
	0x99, 0x99, 0x99, 0x99, 0x99, 0x99, 0x99, 0x99, 0x99, 0x99, 0x89, 0x98, 0x88, 0x89, 0x99, 
	0x88, 0x89, 0x99, 0x99, 0x99, 0x99, 0x99, 0x88, 0x99, 0x99, 0x99, 0x99, 0x89, 0x98, 0x89, 
	0x99, 0x99, 0x98, 0x88, 0x89, 0x98, 0x88, 0x98, 0x88, 0x88, 0x89, 0x98, 0x89, 0x99, 0x98, 
	0x88, 0x88, 0x88, 0x88, 0x99, 0x99, 0x89, 0x88, 0x88, 0x99, 0x88, 0x88, 0x88, 0x88, 0x89, 
	0x99, 0x89, 0x98, 0x89, 0x88, 0x88, 0x88, 0x99, 0x99, 0x99, 0x88, 0x88, 0x88, 0x99, 0x88, 
	0x88, 0x88, 0x89, 0x99, 0x98, 0x88, 0x88, 0x89, 0x99, 0x88, 0x88, 0x98, 0x88, 0x89, 0x99, 
	0x99, 0xAB, 0xBB, 0xCC, 0xCB, 0xBB, 0xBB, 0xCC, 0xCC, 0xCB, 0xBB, 0xCC, 0xDD, 0xCC, 0xCC, 
	0xCC, 0xCB, 0xBC, 0xCC, 0xCC, 0xCC, 0xCD, 0xDD, 0xCC, 0xCC, 0xCD, 0xDC, 0xCB, 0xBB, 0xBA, 
	0xAA, 0xAA, 0xAB, 0xBA, 0xBA, 0xAB, 0xDF, 0xFE, 0xFF, 0xFF, 0xFF, 0xFF, 0xFE, 0xEE, 0xEF, 
	0xFF, 0xFF, 0xFF, 0xFF, 0xFF, 0xFF, 0xFF, 0xFF, 0xFF, 0xFF, 0xFF, 0xFF, 0xFF, 0xFF, 0xFF, 
	0xFF, 0xFF, 0xFE, 0xEF, 0xFF, 0xFF, 0xFF, 0xFF, 0xFF, 0xFF, 0xFE, 0xFF, 0xFF, 0xFF, 0xFF, 
	0xFF, 0xFF, 0xFF, 0xFF, 0xFE, 0xFF, 0xFF, 0xFE, 0xED, 0xBA, 0x98, 0x65, 0x67, 0x77, 0x77, 
	0x65, 0x54, 0x33, 0x33, 0x33, 0x33, 0x44, 0x44, 0x44, 0x56, 0x76, 0x66, 0x54, 0x32, 0x23, 
	0x56, 0x76, 0x54, 0x44, 0x44, 0x32, 0x22, 0x34, 0x44, 0x44, 0x55, 0x44, 0x44, 0x44, 0x44, 
	0x44, 0x44, 0x33, 0x32, 0x33, 0x43, 0x33, 0x33, 0x44, 0x44, 0x43, 0x33, 0x44, 0x43, 0x43, 
	0x32, 0x22, 0x22, 0x22, 0x11, 0x12, 0x33, 0x43, 0x33, 0x33, 0x33, 0x32, 0x22, 0x32, 0x22, 
	0x23, 0x23, 0x32, 0x23, 0x44, 0x32, 0x12, 0x23, 0x45, 0x54, 0x43, 0x32, 0x22, 0x22, 0x22, 
	0x22, 0x22, 0x33, 0x33, 0x34, 0x44, 0x44, 0x34, 0x44, 0x43, 0x34, 0x44, 0x44, 0x55, 0x55, 
	0x54, 0x44, 0x33, 0x33, 0x33, 0x33, 0x33, 0x33, 0x33, 0x33, 0x44, 0x44, 0x33, 0x34, 0x47, 
	0x78, 0x88, 0x98, 0x87, 0x88, 0x99, 0x99, 0x99, 0x99, 0x99, 0x99, 0x99, 0x99, 0x99, 0x99, 
	0x99, 0x99, 0x99, 0x99, 0x99, 0x99, 0x99, 0x99, 0x99, 0x99, 0x88, 0x99, 0x99, 0x99, 0x99, 
	0x88, 0x89, 0x99, 0x89, 0x99, 0x99, 0x99, 0x88, 0x99, 0x99, 0x99, 0x99, 0x89, 0x99, 0x99, 
	0x99, 0x99, 0x99, 0x88, 0x89, 0x99, 0x99, 0x98, 0x88, 0x88, 0x89, 0x98, 0x89, 0x99, 0x99, 
	0x99, 0x88, 0x88, 0x89, 0x99, 0x98, 0x88, 0x98, 0x88, 0x99, 0x88, 0x88, 0x88, 0x88, 0x89, 
	0x98, 0x88, 0x98, 0x88, 0x88, 0x88, 0x88, 0x99, 0x99, 0x99, 0x88, 0x88, 0x88, 0x99, 0x99, 
	0x99, 0x88, 0x88, 0x99, 0x99, 0x88, 0x89, 0x88, 0x99, 0x98, 0x88, 0x98, 0x88, 0x89, 0x99, 
	0x99, 0xAB, 0xBC, 0xCC, 0xBB, 0xBB, 0xBB, 0xCD, 0xDC, 0xBB, 0xBB, 0xBC, 0xCC, 0xCB, 0xBB, 
	0xBB, 0xBA, 0xAB, 0xBB, 0xBB, 0xAB, 0xBC, 0xCC, 0xCC, 0xCC, 0xCC, 0xCB, 0xBA, 0xAA, 0xBA, 
	0xAA, 0xAA, 0xAA, 0xBA, 0xAA, 0x9A, 0xDF, 0xFF, 0xFF, 0xFF, 0xFF, 0xFF, 0xFF, 0xFF, 0xEF, 
	0xFF, 0xFF, 0xFF, 0xFF, 0xFF, 0xFF, 0xFF, 0xFF, 0xFF, 0xFF, 0xFF, 0xFF, 0xFF, 0xFF, 0xFF, 
	0xFF, 0xFF, 0xFE, 0xFF, 0xFF, 0xFF, 0xFF, 0xFF, 0xFF, 0xFF, 0xFF, 0xFF, 0xFF, 0xFF, 0xFF, 
	0xFF, 0xFF, 0xFE, 0xFF, 0xFF, 0xFF, 0xFE, 0xFE, 0xDC, 0xA9, 0x98, 0x55, 0x68, 0x88, 0x77, 
	0x65, 0x54, 0x33, 0x33, 0x33, 0x44, 0x44, 0x44, 0x45, 0x67, 0x76, 0x55, 0x54, 0x33, 0x34, 
	0x66, 0x65, 0x43, 0x34, 0x54, 0x22, 0x33, 0x34, 0x45, 0x55, 0x54, 0x44, 0x44, 0x44, 0x44, 
	0x44, 0x44, 0x43, 0x32, 0x23, 0x33, 0x32, 0x33, 0x33, 0x34, 0x33, 0x33, 0x34, 0x44, 0x44, 
	0x32, 0x22, 0x33, 0x22, 0x11, 0x12, 0x33, 0x33, 0x33, 0x33, 0x23, 0x33, 0x33, 0x33, 0x22, 
	0x22, 0x23, 0x32, 0x22, 0x34, 0x42, 0x22, 0x22, 0x34, 0x54, 0x43, 0x22, 0x21, 0x22, 0x22, 
	0x23, 0x32, 0x23, 0x32, 0x33, 0x44, 0x44, 0x44, 0x44, 0x43, 0x34, 0x44, 0x44, 0x54, 0x55, 
	0x54, 0x44, 0x33, 0x33, 0x33, 0x34, 0x44, 0x33, 0x33, 0x33, 0x34, 0x44, 0x33, 0x34, 0x46, 
	0x78, 0x88, 0x98, 0x87, 0x78, 0x99, 0x99, 0x99, 0x99, 0x99, 0x99, 0x99, 0x99, 0x99, 0x99, 
	0x99, 0x99, 0x99, 0x99, 0x99, 0x99, 0x99, 0x99, 0x99, 0x99, 0x88, 0x99, 0x99, 0x99, 0x99, 
	0x88, 0x89, 0x99, 0x88, 0x88, 0x99, 0x99, 0x88, 0x89, 0x99, 0x99, 0x99, 0x99, 0x99, 0x99, 
	0x99, 0x99, 0x99, 0x88, 0x89, 0x99, 0x99, 0x99, 0x88, 0x99, 0x89, 0x98, 0x89, 0x99, 0x99, 
	0x99, 0x98, 0x88, 0x89, 0x99, 0x88, 0x88, 0x99, 0x88, 0x89, 0x88, 0x88, 0x88, 0x88, 0x88, 
	0x88, 0x88, 0x88, 0x88, 0x98, 0x89, 0x89, 0x99, 0x99, 0x98, 0x99, 0x88, 0x89, 0x99, 0x99, 
	0x99, 0x98, 0x88, 0x88, 0x88, 0x88, 0x88, 0x88, 0x99, 0x99, 0x88, 0x98, 0x88, 0x89, 0x99, 
	0xA9, 0x9A, 0xBC, 0xCB, 0xBA, 0xAB, 0xBC, 0xCD, 0xCC, 0xCB, 0xBB, 0xBB, 0xBB, 0xBB, 0xAA, 
	0xAA, 0x99, 0xAA, 0xAB, 0xAA, 0x99, 0xAB, 0xBB, 0xAB, 0xBC, 0xBA, 0xAA, 0xAA, 0xAA, 0xBB, 
	0xBB, 0xCB, 0xAB, 0xBB, 0xBB, 0xAA, 0xCF, 0xFE, 0xFF, 0xEF, 0xFF, 0xFF, 0xFF, 0xFF, 0xEF, 
	0xFF, 0xFF, 0xFF, 0xFF, 0xFF, 0xFF, 0xFF, 0xFF, 0xFF, 0xFF, 0xFF, 0xFF, 0xFF, 0xFF, 0xFF, 
	0xFF, 0xFF, 0xFF, 0xFF, 0xFF, 0xFF, 0xFF, 0xFF, 0xFF, 0xFF, 0xFF, 0xFF, 0xFF, 0xFF, 0xFF, 
	0xFE, 0xEE, 0xFF, 0xFF, 0xFE, 0xEE, 0xEE, 0xEE, 0xCB, 0xA9, 0x98, 0x54, 0x78, 0x97, 0x67, 
	0x65, 0x44, 0x33, 0x44, 0x44, 0x44, 0x43, 0x45, 0x56, 0x66, 0x55, 0x45, 0x44, 0x33, 0x45, 
	0x66, 0x54, 0x33, 0x45, 0x53, 0x32, 0x33, 0x33, 0x45, 0x65, 0x54, 0x43, 0x45, 0x44, 0x55, 
	0x44, 0x44, 0x44, 0x32, 0x22, 0x32, 0x22, 0x33, 0x32, 0x23, 0x33, 0x43, 0x34, 0x44, 0x44, 
	0x33, 0x22, 0x33, 0x21, 0x22, 0x22, 0x33, 0x32, 0x33, 0x32, 0x23, 0x34, 0x43, 0x45, 0x32, 
	0x32, 0x23, 0x33, 0x22, 0x34, 0x43, 0x33, 0x32, 0x33, 0x44, 0x43, 0x22, 0x21, 0x11, 0x23, 
	0x33, 0x32, 0x22, 0x22, 0x33, 0x44, 0x44, 0x44, 0x43, 0x33, 0x33, 0x34, 0x44, 0x45, 0x55, 
	0x54, 0x45, 0x44, 0x44, 0x43, 0x44, 0x44, 0x33, 0x33, 0x33, 0x33, 0x33, 0x33, 0x33, 0x35, 
	0x68, 0x99, 0x98, 0x87, 0x78, 0x99, 0x99, 0x99, 0x99, 0x99, 0x99, 0x99, 0x99, 0x89, 0x99, 
	0x99, 0x99, 0x99, 0x99, 0x99, 0x99, 0x99, 0x99, 0x99, 0x99, 0x88, 0x99, 0x99, 0x98, 0x88, 
	0x89, 0x99, 0x99, 0x99, 0x99, 0x99, 0x88, 0x98, 0x89, 0x99, 0x99, 0x99, 0x99, 0x99, 0x99, 
	0x99, 0x99, 0x99, 0x98, 0x89, 0x99, 0x99, 0x88, 0x89, 0x99, 0x99, 0x88, 0x89, 0x99, 0x99, 
	0x98, 0x88, 0x88, 0x88, 0x88, 0x88, 0x88, 0x99, 0x88, 0x89, 0x98, 0x88, 0x89, 0x88, 0x88, 
	0x88, 0x88, 0x88, 0x88, 0x99, 0x98, 0x88, 0x98, 0x89, 0x88, 0x99, 0x88, 0x99, 0x99, 0x99, 
	0x99, 0x98, 0x88, 0x88, 0x88, 0x88, 0x89, 0x98, 0x89, 0x99, 0x88, 0x89, 0x99, 0x98, 0x99, 
	0xAA, 0xAA, 0xAA, 0xAA, 0xAA, 0xBB, 0xBB, 0xBB, 0xBC, 0xCB, 0xBB, 0xBB, 0xBA, 0xAA, 0x99, 
	0x99, 0x99, 0xAA, 0xAA, 0xAA, 0xA9, 0x99, 0xAA, 0xAA, 0xBB, 0xAA, 0xAB, 0xAA, 0xBB, 0xCC, 
	0xCC, 0xCB, 0xAB, 0xBB, 0xBB, 0xBB, 0xCE, 0xFE, 0xFF, 0xEF, 0xFF, 0xFF, 0xFF, 0xFF, 0xFF, 
	0xFF, 0xFF, 0xFF, 0xFF, 0xFF, 0xFF, 0xFF, 0xFF, 0xFF, 0xFF, 0xFF, 0xFF, 0xFF, 0xFF, 0xFF, 
	0xFF, 0xFF, 0xFF, 0xFF, 0xFF, 0xFF, 0xFF, 0xFF, 0xFF, 0xFF, 0xFF, 0xFF, 0xFF, 0xFF, 0xFF, 
	0xFF, 0xFF, 0xFF, 0xFF, 0xFF, 0xEE, 0xEE, 0xED, 0xCA, 0xA9, 0x98, 0x54, 0x69, 0x97, 0x66, 
	0x65, 0x44, 0x44, 0x44, 0x44, 0x43, 0x34, 0x56, 0x66, 0x65, 0x44, 0x44, 0x33, 0x34, 0x56, 
	0x65, 0x43, 0x33, 0x44, 0x43, 0x23, 0x33, 0x33, 0x46, 0x66, 0x54, 0x43, 0x45, 0x44, 0x55, 
	0x44, 0x44, 0x43, 0x32, 0x22, 0x23, 0x33, 0x22, 0x22, 0x23, 0x44, 0x43, 0x34, 0x44, 0x43, 
	0x32, 0x22, 0x33, 0x22, 0x22, 0x22, 0x32, 0x22, 0x34, 0x43, 0x33, 0x34, 0x44, 0x45, 0x42, 
	0x32, 0x23, 0x33, 0x33, 0x33, 0x34, 0x33, 0x33, 0x34, 0x44, 0x43, 0x22, 0x22, 0x11, 0x22, 
	0x33, 0x32, 0x22, 0x22, 0x22, 0x34, 0x43, 0x34, 0x43, 0x33, 0x33, 0x33, 0x44, 0x45, 0x66, 
	0x55, 0x55, 0x44, 0x44, 0x44, 0x44, 0x44, 0x44, 0x33, 0x33, 0x33, 0x33, 0x33, 0x33, 0x34, 
	0x67, 0x89, 0x98, 0x87, 0x78, 0x99, 0x98, 0x89, 0x99, 0x99, 0x99, 0x99, 0x99, 0x99, 0x99, 
	0x99, 0x99, 0x99, 0x99, 0x99, 0x99, 0x99, 0x99, 0x99, 0x99, 0x99, 0x99, 0x99, 0x98, 0x99, 
	0x99, 0x99, 0x99, 0x99, 0x99, 0x99, 0x88, 0x88, 0x89, 0x99, 0x99, 0x99, 0x99, 0x99, 0x99, 
	0x99, 0x99, 0x99, 0x98, 0x89, 0x99, 0x88, 0x88, 0x88, 0x88, 0x99, 0x88, 0x89, 0x99, 0x99, 
	0x98, 0x88, 0x99, 0x98, 0x88, 0x88, 0x89, 0x99, 0x88, 0x89, 0x98, 0x89, 0x99, 0x89, 0x99, 
	0x88, 0x88, 0x88, 0x88, 0x88, 0x88, 0x88, 0x88, 0x88, 0x88, 0x99, 0x88, 0x88, 0x89, 0x99, 
	0x99, 0x99, 0x99, 0x99, 0x98, 0x88, 0x89, 0x88, 0x89, 0x99, 0x89, 0x98, 0x88, 0x89, 0x99, 
	0xBC, 0xBA, 0xAA, 0xAA, 0xAA, 0xAA, 0xAA, 0xAA, 0xAB, 0xCB, 0xAA, 0xAA, 0xAA, 0xA9, 0x99, 
	0x9A, 0xBA, 0xBB, 0xBB, 0xBB, 0xBA, 0x99, 0xAA, 0xAA, 0xBB, 0xBA, 0xBB, 0xBB, 0xBC, 0xCD, 
	0xDD, 0xDB, 0xBB, 0xBB, 0xBB, 0xBC, 0xCE, 0xFE, 0xFF, 0xEF, 0xEF, 0xFF, 0xFF, 0xFF, 0xFF, 
	0xFF, 0xFF, 0xFF, 0xFF, 0xFF, 0xFF, 0xFF, 0xFF, 0xFF, 0xFF, 0xFF, 0xFF, 0xFF, 0xFF, 0xFF, 
	0xFF, 0xFF, 0xFF, 0xFF, 0xFF, 0xFF, 0xFF, 0xFF, 0xFF, 0xFF, 0xFF, 0xFF, 0xFF, 0xFF, 0xFF, 
	0xFF, 0xFF, 0xFF, 0xFF, 0xFF, 0xFE, 0xEE, 0xED, 0xBA, 0x98, 0x99, 0x64, 0x69, 0x97, 0x66, 
	0x65, 0x55, 0x54, 0x44, 0x44, 0x44, 0x45, 0x66, 0x55, 0x44, 0x34, 0x43, 0x33, 0x45, 0x66, 
	0x64, 0x33, 0x33, 0x44, 0x32, 0x23, 0x33, 0x23, 0x45, 0x66, 0x65, 0x43, 0x45, 0x44, 0x45, 
	0x44, 0x44, 0x43, 0x32, 0x22, 0x22, 0x33, 0x22, 0x22, 0x23, 0x45, 0x43, 0x34, 0x44, 0x33, 
	0x32, 0x22, 0x22, 0x22, 0x22, 0x22, 0x22, 0x22, 0x23, 0x43, 0x43, 0x33, 0x34, 0x56, 0x43, 
	0x22, 0x23, 0x33, 0x33, 0x22, 0x34, 0x43, 0x33, 0x44, 0x44, 0x33, 0x32, 0x22, 0x11, 0x22, 
	0x22, 0x22, 0x22, 0x22, 0x22, 0x23, 0x33, 0x34, 0x43, 0x33, 0x33, 0x33, 0x44, 0x55, 0x66, 
	0x55, 0x54, 0x44, 0x44, 0x44, 0x44, 0x44, 0x44, 0x44, 0x44, 0x33, 0x33, 0x33, 0x33, 0x23, 
	0x47, 0x88, 0x88, 0x88, 0x88, 0x99, 0x98, 0x89, 0x99, 0x99, 0x99, 0x99, 0x99, 0x99, 0x99, 
	0x99, 0x99, 0x99, 0x99, 0x99, 0x99, 0x99, 0x99, 0x99, 0x99, 0x99, 0x99, 0x99, 0x88, 0x99, 
	0x99, 0x99, 0x99, 0x99, 0x99, 0x99, 0x88, 0x88, 0x88, 0x89, 0x99, 0x99, 0x99, 0x99, 0x98, 
	0x88, 0x89, 0x99, 0x98, 0x99, 0x98, 0x88, 0x89, 0x98, 0x88, 0x99, 0x88, 0x89, 0x99, 0x99, 
	0x98, 0x88, 0x89, 0x98, 0x88, 0x88, 0x89, 0x99, 0x88, 0x99, 0x98, 0x99, 0x99, 0x88, 0x89, 
	0x98, 0x88, 0x88, 0x88, 0x88, 0x88, 0x88, 0x88, 0x88, 0x88, 0x99, 0x88, 0x88, 0x88, 0x88, 
	0x88, 0x99, 0x99, 0x99, 0x88, 0x88, 0x88, 0x88, 0x89, 0x88, 0x89, 0x98, 0x88, 0x89, 0x98, 
	0xCC, 0xCB, 0xBB, 0xBA, 0xAA, 0xA9, 0x99, 0x9A, 0xAA, 0xA9, 0x88, 0x89, 0x9A, 0xAA, 0xAA, 
	0xBC, 0xCC, 0xCC, 0xCC, 0xCC, 0xCB, 0xBB, 0xBB, 0xBB, 0xBB, 0xCC, 0xCC, 0xCC, 0xCC, 0xCC, 
	0xDD, 0xDC, 0xBB, 0xBB, 0xBB, 0xBB, 0xCE, 0xFF, 0xFF, 0xEF, 0xEF, 0xFF, 0xFF, 0xFF, 0xEF, 
	0xFF, 0xFF, 0xFF, 0xFF, 0xFF, 0xFF, 0xFF, 0xFF, 0xFF, 0xFF, 0xFF, 0xFF, 0xFF, 0xFF, 0xFF, 
	0xFF, 0xFF, 0xFF, 0xFF, 0xFF, 0xFF, 0xFF, 0xFF, 0xFF, 0xFF, 0xFF, 0xFF, 0xFF, 0xFF, 0xFF, 
	0xFF, 0xFF, 0xFF, 0xFF, 0xFF, 0xFE, 0xEE, 0xEC, 0xBA, 0x98, 0x99, 0x74, 0x58, 0x98, 0x76, 
	0x65, 0x55, 0x54, 0x44, 0x33, 0x45, 0x66, 0x65, 0x44, 0x43, 0x34, 0x43, 0x23, 0x45, 0x66, 
	0x53, 0x33, 0x33, 0x44, 0x32, 0x23, 0x33, 0x33, 0x45, 0x67, 0x66, 0x54, 0x44, 0x54, 0x55, 
	0x54, 0x44, 0x43, 0x32, 0x32, 0x22, 0x22, 0x22, 0x22, 0x33, 0x45, 0x43, 0x34, 0x43, 0x33, 
	0x33, 0x22, 0x22, 0x22, 0x22, 0x22, 0x11, 0x22, 0x22, 0x34, 0x44, 0x33, 0x33, 0x45, 0x43, 
	0x22, 0x23, 0x32, 0x23, 0x22, 0x33, 0x33, 0x34, 0x44, 0x33, 0x33, 0x32, 0x22, 0x11, 0x22, 
	0x21, 0x22, 0x22, 0x32, 0x22, 0x22, 0x22, 0x34, 0x33, 0x34, 0x44, 0x34, 0x45, 0x55, 0x55, 
	0x55, 0x54, 0x44, 0x44, 0x44, 0x45, 0x44, 0x44, 0x44, 0x44, 0x44, 0x33, 0x33, 0x33, 0x33, 
	0x35, 0x78, 0x88, 0x88, 0x88, 0x89, 0x99, 0x99, 0x99, 0x99, 0x99, 0x99, 0x99, 0x99, 0x99, 
	0x99, 0x98, 0x99, 0x99, 0x99, 0x98, 0x88, 0x99, 0x99, 0x99, 0x88, 0x99, 0x88, 0x89, 0x99, 
	0x99, 0x99, 0x98, 0x89, 0x89, 0x99, 0x98, 0x88, 0x88, 0x88, 0x99, 0x99, 0x99, 0x99, 0x88, 
	0x88, 0x88, 0x88, 0x99, 0x99, 0x98, 0x88, 0x89, 0x98, 0x88, 0x99, 0x88, 0x88, 0x88, 0x89, 
	0x98, 0x88, 0x88, 0x88, 0x99, 0x88, 0x89, 0x98, 0x88, 0x99, 0x88, 0x99, 0x99, 0x88, 0x88, 
	0x99, 0x88, 0x88, 0x88, 0x88, 0x88, 0x88, 0x88, 0x88, 0x88, 0x99, 0x88, 0x88, 0x99, 0x98, 
	0x88, 0x89, 0x99, 0x98, 0x88, 0x88, 0x88, 0x88, 0x99, 0x88, 0x89, 0x99, 0x88, 0x99, 0x98, 
	0xCC, 0xCC, 0xCB, 0xBB, 0xAA, 0xA9, 0x99, 0x99, 0x99, 0x98, 0x88, 0x9A, 0xAB, 0xBB, 0xBB, 
	0xBC, 0xCC, 0xDD, 0xDD, 0xDD, 0xCC, 0xCC, 0xCC, 0xCC, 0xBB, 0xCC, 0xCC, 0xCC, 0xCC, 0xCC, 
	0xDD, 0xDC, 0xCB, 0xCC, 0xBB, 0xCB, 0xCE, 0xFF, 0xFF, 0xFF, 0xFF, 0xFF, 0xFF, 0xFF, 0xEF, 
	0xFF, 0xFF, 0xFF, 0xFF, 0xFF, 0xFF, 0xFF, 0xFF, 0xFF, 0xFF, 0xFF, 0xFF, 0xFF, 0xFF, 0xFF, 
	0xFF, 0xFF, 0xFF, 0xFF, 0xFF, 0xFF, 0xFF, 0xFF, 0xFF, 0xFF, 0xFF, 0xFF, 0xFF, 0xFF, 0xFF, 
	0xFF, 0xFF, 0xFF, 0xFF, 0xFF, 0xFE, 0xEE, 0xDC, 0xAA, 0x98, 0x89, 0x75, 0x47, 0x98, 0x76, 
	0x66, 0x65, 0x55, 0x44, 0x34, 0x45, 0x55, 0x44, 0x33, 0x33, 0x34, 0x32, 0x34, 0x56, 0x55, 
	0x33, 0x33, 0x33, 0x44, 0x44, 0x43, 0x33, 0x33, 0x45, 0x67, 0x66, 0x65, 0x44, 0x55, 0x55, 
	0x55, 0x54, 0x43, 0x33, 0x32, 0x22, 0x22, 0x23, 0x33, 0x33, 0x44, 0x43, 0x34, 0x43, 0x32, 
	0x23, 0x32, 0x22, 0x22, 0x22, 0x11, 0x11, 0x11, 0x12, 0x33, 0x44, 0x33, 0x34, 0x44, 0x33, 
	0x22, 0x23, 0x32, 0x23, 0x32, 0x23, 0x34, 0x45, 0x54, 0x33, 0x43, 0x32, 0x22, 0x12, 0x22, 
	0x21, 0x22, 0x22, 0x32, 0x22, 0x22, 0x23, 0x33, 0x33, 0x34, 0x44, 0x45, 0x55, 0x55, 0x55, 
	0x55, 0x54, 0x45, 0x55, 0x44, 0x55, 0x54, 0x44, 0x44, 0x44, 0x44, 0x44, 0x44, 0x43, 0x33, 
	0x35, 0x78, 0x98, 0x88, 0x88, 0x88, 0x99, 0x99, 0x99, 0x99, 0x99, 0x99, 0x99, 0x99, 0x99, 
	0x99, 0x98, 0x99, 0x99, 0x89, 0x99, 0x88, 0x99, 0x99, 0x99, 0x88, 0x88, 0x88, 0x99, 0x99, 
	0x88, 0x99, 0x88, 0x88, 0x89, 0x99, 0x98, 0x99, 0x88, 0x88, 0x99, 0x99, 0x88, 0x88, 0x88, 
	0x88, 0x88, 0x88, 0x89, 0x99, 0x88, 0x88, 0x88, 0x88, 0x88, 0x99, 0x88, 0x88, 0x88, 0x88, 
	0x88, 0x88, 0x88, 0x88, 0x99, 0x88, 0x99, 0x98, 0x88, 0x88, 0x88, 0x89, 0x99, 0x98, 0x88, 
	0x99, 0x88, 0x88, 0x88, 0x88, 0x89, 0x98, 0x98, 0x88, 0x88, 0x99, 0x98, 0x88, 0x99, 0x98, 
	0x88, 0x89, 0x99, 0x98, 0x88, 0x88, 0x88, 0x88, 0x99, 0x98, 0x88, 0x99, 0x88, 0x99, 0x88, 
	0xCC, 0xDD, 0xCB, 0xBB, 0xBB, 0xAA, 0x99, 0x99, 0x99, 0x98, 0x8A, 0xBB, 0xBC, 0xCC, 0xBB, 
	0xBB, 0xCC, 0xCD, 0xCD, 0xDD, 0xCC, 0xCC, 0xCC, 0xDD, 0xCB, 0xBC, 0xCC, 0xCC, 0xCC, 0xCD, 
	0xDD, 0xCC, 0xCC, 0xCD, 0xCC, 0xCB, 0xCE, 0xFF, 0xFF, 0xFF, 0xFF, 0xFF, 0xFF, 0xFF, 0xFF, 
	0xFF, 0xFF, 0xFF, 0xFF, 0xFF, 0xFF, 0xFF, 0xFF, 0xFF, 0xFF, 0xFF, 0xFF, 0xFF, 0xFF, 0xFF, 
	0xFF, 0xFF, 0xFF, 0xFF, 0xFF, 0xFF, 0xFF, 0xFF, 0xFF, 0xFF, 0xFF, 0xFF, 0xFF, 0xFF, 0xFF, 
	0xFF, 0xFF, 0xFF, 0xFF, 0xFF, 0xEE, 0xEE, 0xDB, 0xA9, 0x98, 0x89, 0x86, 0x46, 0x88, 0x76, 
	0x66, 0x65, 0x54, 0x44, 0x44, 0x54, 0x44, 0x33, 0x33, 0x33, 0x33, 0x32, 0x34, 0x55, 0x44, 
	0x33, 0x33, 0x33, 0x45, 0x55, 0x54, 0x33, 0x33, 0x45, 0x66, 0x77, 0x76, 0x54, 0x55, 0x55, 
	0x55, 0x54, 0x43, 0x33, 0x32, 0x22, 0x22, 0x33, 0x33, 0x33, 0x34, 0x43, 0x34, 0x44, 0x32, 
	0x22, 0x22, 0x22, 0x22, 0x21, 0x11, 0x11, 0x11, 0x23, 0x33, 0x44, 0x33, 0x34, 0x43, 0x33, 
	0x23, 0x23, 0x22, 0x33, 0x33, 0x22, 0x34, 0x56, 0x53, 0x34, 0x44, 0x32, 0x22, 0x11, 0x22, 
	0x22, 0x22, 0x23, 0x32, 0x22, 0x23, 0x33, 0x34, 0x32, 0x33, 0x44, 0x45, 0x55, 0x55, 0x44, 
	0x55, 0x44, 0x55, 0x66, 0x55, 0x55, 0x54, 0x44, 0x44, 0x44, 0x44, 0x44, 0x44, 0x54, 0x43, 
	0x35, 0x79, 0x98, 0x77, 0x88, 0x88, 0x99, 0x99, 0x98, 0x99, 0x99, 0x99, 0x99, 0x99, 0x99, 
	0x99, 0x98, 0x99, 0x98, 0x89, 0x99, 0x88, 0x99, 0x99, 0x99, 0x88, 0x88, 0x89, 0x99, 0x99, 
	0x88, 0x98, 0x88, 0x89, 0x88, 0x99, 0x88, 0x99, 0x88, 0x88, 0x89, 0x99, 0x99, 0x88, 0x88, 
	0x88, 0x88, 0x88, 0x89, 0x98, 0x88, 0x88, 0x88, 0x88, 0x88, 0x99, 0x99, 0x88, 0x88, 0x88, 
	0x88, 0x88, 0x88, 0x99, 0x99, 0x88, 0x99, 0x98, 0x88, 0x88, 0x88, 0x88, 0x99, 0x99, 0x88, 
	0x88, 0x88, 0x88, 0x98, 0x88, 0x88, 0x88, 0x98, 0x88, 0x88, 0x99, 0x98, 0x88, 0x89, 0x88, 
	0x88, 0x89, 0x99, 0x99, 0x99, 0x98, 0x88, 0x88, 0x99, 0x99, 0x98, 0x99, 0x99, 0x98, 0x88, 
	0xCC, 0xCC, 0xBA, 0xAA, 0xBB, 0xAA, 0x99, 0x9A, 0x99, 0xAA, 0xAB, 0xCC, 0xBC, 0xCC, 0xBB, 
	0xBB, 0xCC, 0xCC, 0xCC, 0xCC, 0xCC, 0xCC, 0xCC, 0xDD, 0xDC, 0xCC, 0xCD, 0xDD, 0xDD, 0xDD, 
	0xDD, 0xDD, 0xDC, 0xDD, 0xDD, 0xCC, 0xCE, 0xFF, 0xFF, 0xFF, 0xFF, 0xFF, 0xFF, 0xFF, 0xFF, 
	0xFF, 0xFF, 0xEF, 0xFF, 0xFF, 0xFF, 0xFF, 0xFF, 0xFF, 0xFF, 0xFF, 0xFF, 0xFF, 0xFF, 0xFF, 
	0xFF, 0xFF, 0xFF, 0xFF, 0xFF, 0xFF, 0xFF, 0xFF, 0xFF, 0xFF, 0xFF, 0xFF, 0xFF, 0xFF, 0xFF, 
	0xFF, 0xFF, 0xFF, 0xFF, 0xFF, 0xEE, 0xEE, 0xDB, 0xA9, 0x98, 0x88, 0x77, 0x57, 0x88, 0x77, 
	0x76, 0x55, 0x44, 0x45, 0x55, 0x44, 0x33, 0x33, 0x33, 0x33, 0x33, 0x22, 0x34, 0x44, 0x43, 
	0x33, 0x33, 0x34, 0x44, 0x55, 0x66, 0x54, 0x44, 0x45, 0x56, 0x77, 0x76, 0x55, 0x55, 0x55, 
	0x55, 0x54, 0x43, 0x33, 0x22, 0x22, 0x33, 0x33, 0x33, 0x33, 0x33, 0x43, 0x33, 0x44, 0x33, 
	0x32, 0x23, 0x22, 0x22, 0x21, 0x11, 0x11, 0x11, 0x24, 0x43, 0x34, 0x43, 0x34, 0x43, 0x33, 
	0x23, 0x22, 0x33, 0x33, 0x33, 0x22, 0x23, 0x56, 0x43, 0x34, 0x44, 0x43, 0x21, 0x11, 0x22, 
	0x22, 0x22, 0x23, 0x32, 0x23, 0x33, 0x33, 0x33, 0x32, 0x33, 0x34, 0x44, 0x44, 0x44, 0x44, 
	0x44, 0x44, 0x55, 0x66, 0x55, 0x55, 0x54, 0x44, 0x44, 0x44, 0x44, 0x44, 0x54, 0x54, 0x43, 
	0x44, 0x68, 0x98, 0x77, 0x88, 0x88, 0x89, 0x99, 0x99, 0x99, 0x99, 0x99, 0x99, 0x99, 0x89, 
	0x99, 0x98, 0x99, 0x98, 0x89, 0x99, 0x99, 0x99, 0x99, 0x98, 0x88, 0x88, 0x89, 0x99, 0x99, 
	0x99, 0x99, 0x88, 0x99, 0x88, 0x88, 0x89, 0x99, 0x88, 0x88, 0x89, 0x99, 0x99, 0x98, 0x88, 
	0x88, 0x88, 0x88, 0x88, 0x99, 0x88, 0x89, 0x88, 0x89, 0x88, 0x89, 0x99, 0x88, 0x88, 0x99, 
	0x99, 0x88, 0x99, 0x99, 0x98, 0x88, 0x89, 0x98, 0x88, 0x88, 0x99, 0x88, 0x99, 0x99, 0x88, 
	0x88, 0x88, 0x88, 0x88, 0x88, 0x88, 0x88, 0x98, 0x88, 0x88, 0x99, 0x98, 0x88, 0x88, 0x88, 
	0x88, 0x88, 0x99, 0x99, 0x99, 0x99, 0x88, 0x88, 0x88, 0x99, 0x98, 0x88, 0x88, 0x88, 0x88, 
	0xCC, 0xBB, 0xAA, 0xAA, 0xAA, 0xAA, 0xAA, 0xBB, 0xBB, 0xBC, 0xCC, 0xCC, 0xCC, 0xCC, 0xCC, 
	0xCB, 0xCC, 0xCC, 0xCC, 0xCC, 0xCB, 0xBC, 0xCC, 0xDD, 0xDC, 0xCC, 0xCD, 0xDD, 0xDD, 0xDD, 
	0xDD, 0xDD, 0xDD, 0xDD, 0xDD, 0xDC, 0xCE, 0xFF, 0xFF, 0xFF, 0xFF, 0xFF, 0xEF, 0xFF, 0xFF, 
	0xFF, 0xFF, 0xFF, 0xFF, 0xFF, 0xFF, 0xFF, 0xFF, 0xFF, 0xFF, 0xFF, 0xFF, 0xFF, 0xFF, 0xFF, 
	0xFF, 0xFF, 0xFF, 0xFF, 0xFF, 0xFF, 0xFF, 0xFF, 0xFF, 0xFF, 0xFF, 0xFF, 0xEF, 0xFF, 0xFF, 
	0xFE, 0xEF, 0xFF, 0xFE, 0xFF, 0xFF, 0xEE, 0xDC, 0xBA, 0x98, 0x87, 0x67, 0x67, 0x88, 0x76, 
	0x66, 0x55, 0x55, 0x55, 0x55, 0x43, 0x33, 0x33, 0x33, 0x33, 0x22, 0x23, 0x33, 0x44, 0x33, 
	0x34, 0x43, 0x34, 0x44, 0x44, 0x67, 0x65, 0x54, 0x44, 0x56, 0x67, 0x76, 0x55, 0x45, 0x55, 
	0x55, 0x54, 0x43, 0x33, 0x22, 0x22, 0x33, 0x33, 0x32, 0x33, 0x33, 0x44, 0x33, 0x44, 0x32, 
	0x33, 0x33, 0x32, 0x22, 0x11, 0x11, 0x11, 0x12, 0x34, 0x43, 0x34, 0x44, 0x44, 0x44, 0x43, 
	0x23, 0x22, 0x33, 0x34, 0x43, 0x22, 0x23, 0x55, 0x43, 0x44, 0x45, 0x44, 0x31, 0x11, 0x12, 
	0x12, 0x22, 0x23, 0x32, 0x23, 0x33, 0x22, 0x33, 0x32, 0x33, 0x33, 0x34, 0x43, 0x44, 0x34, 
	0x44, 0x44, 0x55, 0x66, 0x54, 0x55, 0x55, 0x54, 0x44, 0x44, 0x44, 0x45, 0x54, 0x54, 0x44, 
	0x43, 0x57, 0x87, 0x77, 0x78, 0x88, 0x88, 0x99, 0x89, 0x99, 0x99, 0x99, 0x99, 0x99, 0x89, 
	0x99, 0x99, 0x99, 0x99, 0x99, 0x99, 0x99, 0x99, 0x99, 0x88, 0x98, 0x88, 0x88, 0x98, 0x89, 
	0x99, 0x99, 0x99, 0x89, 0x88, 0x88, 0x99, 0x99, 0x99, 0x88, 0x99, 0x99, 0x99, 0x98, 0x88, 
	0x98, 0x88, 0x88, 0x89, 0x99, 0x88, 0x88, 0x88, 0x89, 0x98, 0x89, 0x99, 0x88, 0x88, 0x99, 
	0x98, 0x99, 0x99, 0x99, 0x98, 0x98, 0x88, 0x88, 0x99, 0x99, 0x99, 0x99, 0x88, 0x99, 0x88, 
	0x88, 0x88, 0x88, 0x88, 0x88, 0x88, 0x88, 0x98, 0x88, 0x88, 0x89, 0x88, 0x88, 0x89, 0x99, 
	0x99, 0x88, 0x88, 0x89, 0x99, 0x99, 0x88, 0x88, 0x88, 0x89, 0x99, 0x88, 0x88, 0x88, 0x88, 
	0xCC, 0xBA, 0xA9, 0x99, 0x99, 0x9A, 0xBB, 0xBC, 0xCC, 0xCC, 0xCC, 0xCC, 0xCC, 0xCB, 0xCC, 
	0xCC, 0xCC, 0xCC, 0xCC, 0xCC, 0xBB, 0xBC, 0xDD, 0xDD, 0xDD, 0xDD, 0xCC, 0xDD, 0xDD, 0xDD, 
	0xDD, 0xDD, 0xDD, 0xEE, 0xDD, 0xDD, 0xDE, 0xFF, 0xFF, 0xFE, 0xFF, 0xFF, 0xFF, 0xFF, 0xFF, 
	0xFF, 0xFF, 0xFF, 0xFF, 0xFF, 0xFF, 0xFF, 0xFF, 0xFF, 0xFF, 0xFF, 0xFF, 0xFF, 0xFF, 0xFF, 
	0xFF, 0xFF, 0xFF, 0xFF, 0xFF, 0xFF, 0xFF, 0xFF, 0xFF, 0xFF, 0xFF, 0xFF, 0xFF, 0xFF, 0xFF, 
	0xFF, 0xFF, 0xEF, 0xFF, 0xFE, 0xEF, 0xEE, 0xDC, 0xCB, 0x98, 0x87, 0x66, 0x66, 0x78, 0x76, 
	0x55, 0x55, 0x55, 0x55, 0x54, 0x43, 0x33, 0x33, 0x33, 0x33, 0x22, 0x23, 0x33, 0x33, 0x33, 
	0x45, 0x54, 0x44, 0x43, 0x34, 0x45, 0x66, 0x65, 0x44, 0x45, 0x66, 0x67, 0x65, 0x54, 0x55, 
	0x55, 0x44, 0x43, 0x33, 0x22, 0x12, 0x23, 0x33, 0x32, 0x33, 0x23, 0x44, 0x32, 0x33, 0x22, 
	0x33, 0x33, 0x32, 0x21, 0x11, 0x11, 0x11, 0x12, 0x44, 0x43, 0x33, 0x44, 0x44, 0x44, 0x44, 
	0x32, 0x22, 0x33, 0x34, 0x43, 0x31, 0x13, 0x55, 0x44, 0x44, 0x44, 0x54, 0x31, 0x11, 0x22, 
	0x22, 0x23, 0x33, 0x33, 0x44, 0x32, 0x22, 0x23, 0x32, 0x33, 0x22, 0x33, 0x44, 0x33, 0x34, 
	0x44, 0x45, 0x56, 0x65, 0x54, 0x55, 0x45, 0x55, 0x44, 0x44, 0x44, 0x55, 0x55, 0x55, 0x54, 
	0x43, 0x35, 0x77, 0x77, 0x88, 0x77, 0x89, 0x98, 0x89, 0x99, 0x99, 0x99, 0x99, 0x99, 0x99, 
	0x99, 0x99, 0x99, 0x99, 0x99, 0x99, 0x99, 0x99, 0x99, 0x99, 0x99, 0x88, 0x88, 0x88, 0x88, 
	0x99, 0x99, 0x99, 0x88, 0x88, 0x88, 0x89, 0x99, 0x99, 0x88, 0x99, 0x99, 0x99, 0x99, 0x88, 
	0x88, 0x88, 0x88, 0x99, 0x98, 0x88, 0x98, 0x89, 0x99, 0x98, 0x88, 0x88, 0x88, 0x88, 0x88, 
	0x88, 0x88, 0x89, 0x98, 0x89, 0x99, 0x88, 0x89, 0x99, 0x99, 0x99, 0x98, 0x88, 0x88, 0x88, 
	0x88, 0x88, 0x88, 0x88, 0x88, 0x88, 0x88, 0x88, 0x88, 0x88, 0x98, 0x88, 0x99, 0x89, 0x99, 
	0x98, 0x88, 0x88, 0x88, 0x99, 0x88, 0x88, 0x89, 0x99, 0x88, 0x88, 0x88, 0x89, 0x88, 0x88, 
	0xDC, 0xBA, 0xAA, 0x99, 0x99, 0xAB, 0xBC, 0xBB, 0xBC, 0xCB, 0xBB, 0xBB, 0xCC, 0xCB, 0xBC, 
	0xCC, 0xCC, 0xCB, 0xCC, 0xCC, 0xCC, 0xCD, 0xDD, 0xDD, 0xDD, 0xDD, 0xCC, 0xDE, 0xED, 0xDD, 
	0xDD, 0xDD, 0xDD, 0xDD, 0xDD, 0xDD, 0xDE, 0xFF, 0xFF, 0xFE, 0xFF, 0xFF, 0xFF, 0xFF, 0xFF, 
	0xFF, 0xFF, 0xFF, 0xFF, 0xFF, 0xFF, 0xFF, 0xFF, 0xFF, 0xFF, 0xFF, 0xFF, 0xFF, 0xFF, 0xFF, 
	0xFF, 0xFF, 0xFF, 0xFF, 0xFF, 0xFF, 0xFF, 0xFF, 0xFF, 0xFF, 0xFF, 0xFF, 0xFF, 0xFF, 0xFF, 
	0xFF, 0xFF, 0xFF, 0xFF, 0xFF, 0xEE, 0xEE, 0xDC, 0xB9, 0x87, 0x76, 0x66, 0x66, 0x77, 0x76, 
	0x55, 0x55, 0x55, 0x55, 0x44, 0x44, 0x33, 0x33, 0x33, 0x33, 0x22, 0x33, 0x33, 0x34, 0x43, 
	0x44, 0x55, 0x55, 0x44, 0x34, 0x45, 0x56, 0x66, 0x55, 0x55, 0x55, 0x66, 0x66, 0x55, 0x55, 
	0x55, 0x44, 0x33, 0x33, 0x32, 0x11, 0x12, 0x32, 0x22, 0x33, 0x23, 0x44, 0x32, 0x33, 0x22, 
	0x33, 0x33, 0x33, 0x22, 0x22, 0x21, 0x11, 0x12, 0x34, 0x43, 0x23, 0x33, 0x43, 0x34, 0x54, 
	0x32, 0x22, 0x33, 0x33, 0x43, 0x21, 0x12, 0x44, 0x44, 0x54, 0x44, 0x44, 0x32, 0x22, 0x22, 
	0x22, 0x23, 0x33, 0x33, 0x44, 0x32, 0x22, 0x23, 0x33, 0x33, 0x22, 0x34, 0x44, 0x33, 0x34, 
	0x44, 0x45, 0x55, 0x55, 0x55, 0x55, 0x55, 0x55, 0x44, 0x44, 0x44, 0x45, 0x55, 0x55, 0x54, 
	0x43, 0x35, 0x67, 0x77, 0x78, 0x78, 0x89, 0x99, 0x99, 0x99, 0x98, 0x99, 0x98, 0x99, 0x99, 
	0x99, 0x99, 0x89, 0x99, 0x99, 0x88, 0x99, 0x99, 0x99, 0x99, 0x98, 0x88, 0x88, 0x88, 0x88, 
	0x88, 0x88, 0x88, 0x88, 0x88, 0x88, 0x88, 0x89, 0x98, 0x88, 0x99, 0x99, 0x98, 0x99, 0x88, 
	0x88, 0x88, 0x89, 0x98, 0x88, 0x88, 0x88, 0x89, 0x99, 0x98, 0x88, 0x88, 0x88, 0x99, 0x88, 
	0x88, 0x88, 0x89, 0x88, 0x89, 0x99, 0x88, 0x89, 0x98, 0x99, 0x99, 0x99, 0x98, 0x88, 0x88, 
	0x88, 0x99, 0x88, 0x88, 0x88, 0x88, 0x88, 0x88, 0x98, 0x88, 0x98, 0x88, 0x88, 0x88, 0x99, 
	0x98, 0x88, 0x88, 0x88, 0x88, 0x88, 0x88, 0x99, 0x99, 0x98, 0x89, 0x88, 0x99, 0x98, 0x88, 
	0xDD, 0xCB, 0xAA, 0xA9, 0xAA, 0xBB, 0xBC, 0xBA, 0xAB, 0xBB, 0xAB, 0xBB, 0xBC, 0xCC, 0xBB, 
	0xCC, 0xDC, 0xCC, 0xCC, 0xCC, 0xCC, 0xCD, 0xDD, 0xDD, 0xDD, 0xDD, 0xCC, 0xDD, 0xED, 0xDD, 
	0xDD, 0xCC, 0xCC, 0xDD, 0xDD, 0xED, 0xDE, 0xFF, 0xFE, 0xFF, 0xFF, 0xFF, 0xFF, 0xFF, 0xFF, 
	0xFF, 0xFF, 0xFF, 0xFF, 0xFF, 0xFF, 0xFF, 0xFF, 0xFF, 0xFF, 0xFF, 0xFF, 0xFF, 0xFF, 0xFF, 
	0xFF, 0xFF, 0xFF, 0xFF, 0xFF, 0xFF, 0xFF, 0xFF, 0xFF, 0xFF, 0xFF, 0xFF, 0xFF, 0xEF, 0xFF, 
	0xFF, 0xFF, 0xFF, 0xEE, 0xEF, 0xEE, 0xDD, 0xCB, 0x98, 0x76, 0x66, 0x77, 0x65, 0x67, 0x76, 
	0x55, 0x54, 0x54, 0x44, 0x43, 0x44, 0x43, 0x33, 0x33, 0x33, 0x22, 0x33, 0x33, 0x34, 0x44, 
	0x44, 0x56, 0x76, 0x65, 0x44, 0x54, 0x55, 0x66, 0x66, 0x55, 0x55, 0x55, 0x66, 0x65, 0x45, 
	0x54, 0x43, 0x34, 0x43, 0x32, 0x21, 0x12, 0x32, 0x22, 0x22, 0x23, 0x44, 0x43, 0x33, 0x32, 
	0x23, 0x23, 0x32, 0x22, 0x22, 0x21, 0x11, 0x12, 0x33, 0x33, 0x23, 0x33, 0x43, 0x35, 0x65, 
	0x32, 0x22, 0x44, 0x33, 0x32, 0x22, 0x11, 0x34, 0x55, 0x64, 0x34, 0x43, 0x32, 0x22, 0x22, 
	0x22, 0x22, 0x33, 0x33, 0x44, 0x33, 0x22, 0x22, 0x33, 0x32, 0x23, 0x33, 0x33, 0x43, 0x34, 
	0x44, 0x45, 0x54, 0x44, 0x44, 0x55, 0x55, 0x55, 0x54, 0x45, 0x55, 0x55, 0x55, 0x44, 0x44, 
	0x43, 0x35, 0x77, 0x77, 0x88, 0x78, 0x88, 0x99, 0x99, 0x99, 0x88, 0x99, 0x88, 0x99, 0x99, 
	0x99, 0x99, 0x88, 0x99, 0x99, 0x88, 0x98, 0x99, 0x99, 0x99, 0x88, 0x88, 0x88, 0x88, 0x88, 
	0x88, 0x88, 0x89, 0x89, 0x98, 0x88, 0x88, 0x88, 0x88, 0x88, 0x89, 0x88, 0x88, 0x89, 0x88, 
	0x88, 0x89, 0x99, 0x88, 0x88, 0x88, 0x88, 0x88, 0x89, 0x88, 0x88, 0x88, 0x89, 0x99, 0x88, 
	0x89, 0x88, 0x88, 0x88, 0x89, 0x99, 0x99, 0x98, 0x88, 0x89, 0x99, 0x99, 0x99, 0x88, 0x98, 
	0x88, 0x99, 0x88, 0x88, 0x88, 0x88, 0x88, 0x88, 0x88, 0x88, 0x99, 0x98, 0x88, 0x88, 0x88, 
	0x88, 0x88, 0x88, 0x88, 0x88, 0x88, 0x88, 0x99, 0x99, 0x99, 0x99, 0x88, 0x99, 0x98, 0x88, 
	0xDD, 0xCC, 0xBB, 0xBA, 0xAA, 0xAA, 0xAA, 0xA9, 0x9A, 0xBB, 0xBB, 0xBB, 0xBB, 0xCC, 0xCC, 
	0xCD, 0xDD, 0xDD, 0xDC, 0xDD, 0xCC, 0xCD, 0xDD, 0xDD, 0xDD, 0xDC, 0xCC, 0xDD, 0xDD, 0xDD, 
	0xDD, 0xCC, 0xCC, 0xDD, 0xDD, 0xDD, 0xCD, 0xEF, 0xFF, 0xFF, 0xFF, 0xFF, 0xFF, 0xFF, 0xFF, 
	0xFF, 0xFF, 0xFF, 0xFF, 0xFF, 0xFF, 0xFF, 0xFF, 0xFF, 0xFF, 0xFF, 0xFF, 0xFF, 0xFF, 0xFF, 
	0xFF, 0xFF, 0xFF, 0xFF, 0xFF, 0xFF, 0xFF, 0xFF, 0xFF, 0xFF, 0xFF, 0xFF, 0xFF, 0xEF, 0xFF, 
	0xFF, 0xFF, 0xFF, 0xEE, 0xEE, 0xED, 0xDC, 0xA9, 0x87, 0x66, 0x66, 0x77, 0x65, 0x57, 0x77, 
	0x65, 0x44, 0x44, 0x44, 0x33, 0x34, 0x43, 0x33, 0x33, 0x22, 0x23, 0x33, 0x43, 0x44, 0x55, 
	0x54, 0x56, 0x77, 0x76, 0x55, 0x55, 0x55, 0x56, 0x66, 0x55, 0x55, 0x44, 0x45, 0x55, 0x44, 
	0x44, 0x43, 0x34, 0x44, 0x43, 0x32, 0x22, 0x33, 0x22, 0x22, 0x23, 0x34, 0x43, 0x34, 0x43, 
	0x22, 0x23, 0x22, 0x22, 0x22, 0x22, 0x11, 0x22, 0x23, 0x33, 0x33, 0x34, 0x44, 0x35, 0x66, 
	0x43, 0x22, 0x33, 0x22, 0x22, 0x22, 0x21, 0x23, 0x56, 0x75, 0x44, 0x33, 0x33, 0x32, 0x22, 
	0x22, 0x22, 0x22, 0x33, 0x33, 0x23, 0x32, 0x22, 0x33, 0x33, 0x34, 0x43, 0x33, 0x43, 0x44, 
	0x44, 0x45, 0x54, 0x44, 0x44, 0x45, 0x55, 0x55, 0x55, 0x55, 0x55, 0x55, 0x55, 0x44, 0x44, 
	0x44, 0x45, 0x78, 0x77, 0x78, 0x78, 0x88, 0x89, 0x99, 0x98, 0x88, 0x99, 0x98, 0x99, 0x99, 
	0x99, 0x88, 0x88, 0x99, 0x98, 0x88, 0x88, 0x89, 0x99, 0x99, 0x88, 0x88, 0x98, 0x88, 0x88, 
	0x98, 0x88, 0x99, 0x99, 0x99, 0x88, 0x99, 0x88, 0x88, 0x88, 0x88, 0x88, 0x88, 0x89, 0x88, 
	0x88, 0x88, 0x99, 0x88, 0x88, 0x88, 0x88, 0x88, 0x89, 0x98, 0x99, 0x88, 0x88, 0x88, 0x88, 
	0x88, 0x88, 0x88, 0x89, 0x99, 0x99, 0x99, 0x98, 0x88, 0x88, 0x99, 0x99, 0x98, 0x88, 0x88, 
	0x88, 0x89, 0x88, 0x88, 0x88, 0x88, 0x88, 0x88, 0x88, 0x88, 0x99, 0x98, 0x89, 0x98, 0x88, 
	0x88, 0x99, 0x88, 0x88, 0x89, 0x99, 0x99, 0x88, 0x88, 0x99, 0x99, 0x88, 0x89, 0x88, 0x88, 
	0xDD, 0xDD, 0xCB, 0xAA, 0xA9, 0x99, 0x99, 0x99, 0xAB, 0xCC, 0xCC, 0xCC, 0xBA, 0x9A, 0xBB, 
	0xCD, 0xDD, 0xDD, 0xDD, 0xDD, 0xCC, 0xCC, 0xDD, 0xDD, 0xDD, 0xDD, 0xCC, 0xCC, 0xCC, 0xDD, 
	0xDD, 0xCC, 0xCC, 0xCC, 0xCC, 0xCB, 0xBD, 0xEF, 0xFF, 0xFF, 0xFF, 0xFF, 0xFF, 0xFF, 0xFF, 
	0xFF, 0xFF, 0xFF, 0xFF, 0xFF, 0xFF, 0xFF, 0xFF, 0xFF, 0xFF, 0xFF, 0xFF, 0xFF, 0xFF, 0xFF, 
	0xFF, 0xFF, 0xFF, 0xFF, 0xFF, 0xFF, 0xFF, 0xFF, 0xFF, 0xFF, 0xFF, 0xFF, 0xFF, 0xEF, 0xFF, 
	0xFE, 0xFF, 0xFF, 0xFE, 0xEE, 0xED, 0xCB, 0xA8, 0x76, 0x66, 0x66, 0x66, 0x65, 0x56, 0x77, 
	0x65, 0x44, 0x43, 0x34, 0x33, 0x33, 0x33, 0x33, 0x33, 0x22, 0x33, 0x34, 0x44, 0x44, 0x55, 
	0x55, 0x56, 0x78, 0x76, 0x66, 0x55, 0x55, 0x56, 0x65, 0x55, 0x44, 0x43, 0x34, 0x55, 0x44, 
	0x44, 0x44, 0x44, 0x44, 0x34, 0x43, 0x32, 0x22, 0x22, 0x23, 0x23, 0x23, 0x33, 0x33, 0x33, 
	0x22, 0x33, 0x22, 0x22, 0x22, 0x22, 0x22, 0x22, 0x22, 0x22, 0x33, 0x34, 0x55, 0x44, 0x56, 
	0x53, 0x22, 0x33, 0x22, 0x11, 0x23, 0x22, 0x23, 0x56, 0x76, 0x44, 0x33, 0x44, 0x32, 0x22, 
	0x22, 0x22, 0x22, 0x33, 0x33, 0x23, 0x33, 0x22, 0x33, 0x33, 0x44, 0x43, 0x33, 0x33, 0x34, 
	0x44, 0x55, 0x54, 0x34, 0x44, 0x45, 0x55, 0x55, 0x56, 0x66, 0x66, 0x65, 0x44, 0x44, 0x44, 
	0x44, 0x45, 0x77, 0x77, 0x77, 0x77, 0x88, 0x88, 0x89, 0x99, 0x88, 0x99, 0x98, 0x89, 0x99, 
	0x99, 0x88, 0x88, 0x99, 0x98, 0x88, 0x88, 0x89, 0x88, 0x98, 0x88, 0x88, 0x98, 0x88, 0x89, 
	0x98, 0x89, 0x99, 0x99, 0x99, 0x99, 0x99, 0x89, 0x99, 0x88, 0x88, 0x88, 0x88, 0x99, 0x88, 
	0x88, 0x88, 0x88, 0x88, 0x88, 0x88, 0x88, 0x88, 0x88, 0x99, 0x98, 0x88, 0x98, 0x88, 0x88, 
	0x88, 0x88, 0x88, 0x89, 0x98, 0x89, 0x99, 0x99, 0x88, 0x88, 0x89, 0x98, 0x88, 0x99, 0x98, 
	0x88, 0x88, 0x88, 0x88, 0x88, 0x88, 0x88, 0x88, 0x88, 0x88, 0x89, 0x98, 0x89, 0x98, 0x88, 
	0x88, 0x99, 0x99, 0x99, 0x99, 0x99, 0x98, 0x88, 0x88, 0x99, 0x99, 0x88, 0x89, 0x88, 0x88, 
	0xCC, 0xCC, 0xCA, 0xAA, 0xA9, 0x88, 0x99, 0xAA, 0xBB, 0xCC, 0xCD, 0xDD, 0xB9, 0x77, 0x89, 
	0xBC, 0xDC, 0xCD, 0xDD, 0xDD, 0xCD, 0xDD, 0xDD, 0xDD, 0xDD, 0xED, 0xCC, 0xCC, 0xBC, 0xDD, 
	0xDC, 0xCC, 0xCC, 0xCC, 0xBB, 0xBA, 0xAC, 0xEF, 0xFF, 0xFF, 0xFF, 0xFF, 0xFF, 0xFF, 0xFF, 
	0xFF, 0xFF, 0xFF, 0xFF, 0xFF, 0xFF, 0xFF, 0xFF, 0xFF, 0xFF, 0xFF, 0xFF, 0xFF, 0xFF, 0xFF, 
	0xFF, 0xFF, 0xFF, 0xFF, 0xFF, 0xFF, 0xFF, 0xFF, 0xFF, 0xFF, 0xFF, 0xFF, 0xFF, 0xFF, 0xFF, 
	0xEE, 0xFF, 0xFF, 0xFF, 0xFF, 0xED, 0xDC, 0xBA, 0x87, 0x76, 0x65, 0x55, 0x54, 0x45, 0x66, 
	0x65, 0x44, 0x43, 0x34, 0x33, 0x33, 0x33, 0x33, 0x33, 0x22, 0x33, 0x34, 0x44, 0x44, 0x44, 
	0x55, 0x55, 0x68, 0x87, 0x76, 0x55, 0x55, 0x55, 0x55, 0x55, 0x44, 0x43, 0x33, 0x44, 0x43, 
	0x44, 0x44, 0x44, 0x33, 0x34, 0x44, 0x32, 0x22, 0x32, 0x33, 0x33, 0x22, 0x44, 0x43, 0x33, 
	0x22, 0x33, 0x32, 0x22, 0x22, 0x22, 0x22, 0x22, 0x22, 0x22, 0x33, 0x34, 0x56, 0x54, 0x45, 
	0x53, 0x12, 0x32, 0x21, 0x11, 0x23, 0x33, 0x33, 0x45, 0x66, 0x43, 0x33, 0x44, 0x43, 0x22, 
	0x23, 0x32, 0x22, 0x23, 0x33, 0x33, 0x33, 0x32, 0x33, 0x34, 0x45, 0x43, 0x33, 0x33, 0x44, 
	0x55, 0x55, 0x54, 0x44, 0x44, 0x45, 0x55, 0x55, 0x56, 0x66, 0x66, 0x55, 0x44, 0x44, 0x44, 
	0x55, 0x55, 0x77, 0x76, 0x66, 0x77, 0x88, 0x88, 0x88, 0x99, 0x99, 0x99, 0x98, 0x89, 0x99, 
	0x98, 0x88, 0x88, 0x88, 0x88, 0x88, 0x88, 0x89, 0x88, 0x88, 0x88, 0x88, 0x88, 0x88, 0x88, 
	0x88, 0x89, 0x99, 0x99, 0x88, 0x88, 0x88, 0x88, 0x98, 0x88, 0x88, 0x88, 0x88, 0x88, 0x88, 
	0x99, 0x98, 0x88, 0x88, 0x88, 0x88, 0x89, 0x88, 0x88, 0x88, 0x88, 0x89, 0x98, 0x88, 0x89, 
	0x88, 0x88, 0x88, 0x88, 0x88, 0x88, 0x88, 0x88, 0x88, 0x88, 0x88, 0x88, 0x88, 0x99, 0x99, 
	0x98, 0x88, 0x88, 0x88, 0x88, 0x88, 0x99, 0x98, 0x88, 0x88, 0x88, 0x88, 0x89, 0x98, 0x88, 
	0x88, 0x99, 0x98, 0x99, 0x88, 0x88, 0x88, 0x88, 0x88, 0x99, 0x99, 0x88, 0x99, 0x88, 0x88, 
	0xBB, 0xBB, 0xAA, 0xAA, 0xBA, 0x9A, 0xAB, 0xBC, 0xCC, 0xCC, 0xCD, 0xDD, 0xB9, 0x87, 0x78, 
	0xAB, 0xCC, 0xCC, 0xDD, 0xCC, 0xCD, 0xDD, 0xDD, 0xDD, 0xDD, 0xED, 0xDC, 0xCC, 0xCD, 0xDD, 
	0xDC, 0xCC, 0xCB, 0xBB, 0xAA, 0xAA, 0xAC, 0xEF, 0xFF, 0xFF, 0xFF, 0xFF, 0xFF, 0xFF, 0xFF, 
	0xFF, 0xFF, 0xFF, 0xFF, 0xFF, 0xFF, 0xFF, 0xFF, 0xFF, 0xFF, 0xFF, 0xFF, 0xFF, 0xFF, 0xFF, 
	0xFF, 0xFF, 0xFF, 0xFF, 0xFF, 0xFF, 0xFF, 0xFF, 0xFF, 0xFF, 0xFF, 0xFF, 0xFF, 0xFF, 0xFF, 
	0xFF, 0xFF, 0xFF, 0xFE, 0xFF, 0xFE, 0xEE, 0xDC, 0xA9, 0x76, 0x65, 0x55, 0x44, 0x44, 0x56, 
	0x66, 0x54, 0x43, 0x33, 0x33, 0x33, 0x33, 0x33, 0x33, 0x32, 0x23, 0x44, 0x55, 0x55, 0x54, 
	0x55, 0x55, 0x66, 0x77, 0x77, 0x65, 0x55, 0x45, 0x55, 0x55, 0x44, 0x44, 0x33, 0x44, 0x33, 
	0x44, 0x44, 0x43, 0x33, 0x34, 0x33, 0x32, 0x22, 0x33, 0x34, 0x43, 0x22, 0x44, 0x43, 0x33, 
	0x22, 0x33, 0x33, 0x32, 0x22, 0x22, 0x22, 0x22, 0x22, 0x22, 0x22, 0x34, 0x56, 0x54, 0x45, 
	0x53, 0x22, 0x32, 0x22, 0x12, 0x22, 0x33, 0x44, 0x54, 0x55, 0x44, 0x34, 0x55, 0x43, 0x22, 
	0x23, 0x32, 0x22, 0x22, 0x33, 0x33, 0x33, 0x33, 0x33, 0x33, 0x44, 0x44, 0x33, 0x44, 0x44, 
	0x55, 0x55, 0x54, 0x44, 0x54, 0x55, 0x44, 0x44, 0x55, 0x66, 0x55, 0x54, 0x44, 0x55, 0x55, 
	0x55, 0x66, 0x67, 0x76, 0x66, 0x77, 0x88, 0x88, 0x88, 0x89, 0x99, 0x98, 0x88, 0x89, 0x99, 
	0x88, 0x88, 0x88, 0x88, 0x88, 0x88, 0x88, 0x89, 0x88, 0x88, 0x88, 0x88, 0x88, 0x98, 0x88, 
	0x88, 0x89, 0x99, 0x99, 0x88, 0x88, 0x88, 0x88, 0x88, 0x88, 0x88, 0x88, 0x98, 0x88, 0x88, 
	0x99, 0x98, 0x88, 0x88, 0x88, 0x88, 0x88, 0x89, 0x88, 0x88, 0x88, 0x89, 0x98, 0x88, 0x88, 
	0x88, 0x88, 0x88, 0x88, 0x88, 0x88, 0x88, 0x88, 0x88, 0x88, 0x88, 0x88, 0x88, 0x99, 0x89, 
	0x99, 0x88, 0x88, 0x88, 0x88, 0x88, 0x99, 0x98, 0x88, 0x98, 0x88, 0x88, 0x89, 0x88, 0x88, 
	0x88, 0x88, 0x88, 0x88, 0x98, 0x88, 0x89, 0x99, 0x88, 0x88, 0x89, 0x99, 0x99, 0x88, 0x88, 
	0xAA, 0xAA, 0xAA, 0xAB, 0xBB, 0xBB, 0xBC, 0xCC, 0xCB, 0xCC, 0xDD, 0xCC, 0xCB, 0xA9, 0x88, 
	0x9A, 0xBB, 0xCC, 0xCC, 0xBC, 0xCD, 0xDE, 0xDD, 0xDD, 0xDD, 0xDD, 0xDD, 0xDD, 0xDD, 0xDD, 
	0xDC, 0xBB, 0xBA, 0xAA, 0xAA, 0xAA, 0xAC, 0xEF, 0xFF, 0xFF, 0xFF, 0xFF, 0xFF, 0xFF, 0xFF, 
	0xFF, 0xFF, 0xFF, 0xFF, 0xFF, 0xFF, 0xFF, 0xFF, 0xFF, 0xFF, 0xFF, 0xFF, 0xFF, 0xFF, 0xFF, 
	0xFF, 0xFF, 0xFF, 0xFF, 0xFF, 0xFF, 0xFF, 0xFF, 0xFF, 0xFF, 0xFF, 0xFF, 0xFF, 0xFF, 0xFF, 
	0xFF, 0xFF, 0xFF, 0xEE, 0xEE, 0xFE, 0xFE, 0xDC, 0xA9, 0x87, 0x66, 0x65, 0x44, 0x44, 0x55, 
	0x66, 0x54, 0x33, 0x33, 0x33, 0x33, 0x33, 0x33, 0x33, 0x32, 0x34, 0x44, 0x55, 0x66, 0x55, 
	0x55, 0x55, 0x55, 0x56, 0x77, 0x66, 0x55, 0x45, 0x55, 0x55, 0x44, 0x44, 0x43, 0x44, 0x33, 
	0x33, 0x44, 0x43, 0x33, 0x33, 0x32, 0x32, 0x22, 0x23, 0x33, 0x33, 0x22, 0x34, 0x43, 0x33, 
	0x23, 0x33, 0x33, 0x32, 0x22, 0x22, 0x21, 0x22, 0x22, 0x21, 0x22, 0x34, 0x55, 0x54, 0x45, 
	0x43, 0x22, 0x33, 0x22, 0x23, 0x22, 0x34, 0x55, 0x54, 0x44, 0x54, 0x44, 0x65, 0x43, 0x23, 
	0x33, 0x33, 0x22, 0x22, 0x33, 0x32, 0x33, 0x33, 0x33, 0x33, 0x44, 0x44, 0x33, 0x44, 0x44, 
	0x45, 0x55, 0x54, 0x44, 0x54, 0x45, 0x43, 0x33, 0x45, 0x55, 0x44, 0x44, 0x45, 0x55, 0x55, 
	0x56, 0x65, 0x67, 0x66, 0x56, 0x67, 0x88, 0x88, 0x88, 0x88, 0x99, 0x88, 0x88, 0x88, 0x98, 
	0x88, 0x89, 0x88, 0x88, 0x88, 0x88, 0x88, 0x88, 0x88, 0x88, 0x88, 0x88, 0x89, 0x99, 0x88, 
	0x88, 0x89, 0x99, 0x88, 0x88, 0x88, 0x88, 0x88, 0x88, 0x88, 0x88, 0x89, 0x98, 0x88, 0x88, 
	0x99, 0x99, 0x88, 0x88, 0x88, 0x88, 0x88, 0x89, 0x98, 0x88, 0x88, 0x88, 0x88, 0x88, 0x88, 
	0x88, 0x88, 0x88, 0x88, 0x88, 0x98, 0x88, 0x88, 0x88, 0x88, 0x88, 0x88, 0x88, 0x99, 0x99, 
	0x99, 0x98, 0x88, 0x88, 0x88, 0x88, 0x99, 0x98, 0x88, 0x88, 0x88, 0x88, 0x98, 0x88, 0x88, 
	0x88, 0x88, 0x88, 0x89, 0x99, 0x88, 0x99, 0x99, 0x88, 0x88, 0x88, 0x98, 0x99, 0x88, 0x89, 
	0x9A, 0xAA, 0xAA, 0xAB, 0xBB, 0xCC, 0xCC, 0xCC, 0xCC, 0xCD, 0xCC, 0xCC, 0xCC, 0xCC, 0xBA, 
	0xAA, 0xAC, 0xCC, 0xBB, 0xBB, 0xBC, 0xCC, 0xCC, 0xCC, 0xCC, 0xCC, 0xDD, 0xCC, 0xCC, 0xDC, 
	0xCB, 0xBA, 0xAA, 0xA9, 0xAA, 0xBA, 0xBC, 0xEF, 0xFF, 0xEF, 0xFF, 0xFF, 0xFF, 0xFF, 0xFF, 
	0xFF, 0xFF, 0xFF, 0xFF, 0xFF, 0xFF, 0xFF, 0xFF, 0xFF, 0xFF, 0xFF, 0xFF, 0xFF, 0xFF, 0xFF, 
	0xFF, 0xFF, 0xFF, 0xFF, 0xFF, 0xFF, 0xFF, 0xFF, 0xFF, 0xFF, 0xFF, 0xFF, 0xFF, 0xFF, 0xFF, 
	0xFF, 0xFF, 0xFF, 0xEE, 0xEE, 0xFF, 0xFE, 0xCB, 0xA9, 0x86, 0x66, 0x65, 0x54, 0x44, 0x45, 
	0x55, 0x44, 0x32, 0x33, 0x23, 0x33, 0x33, 0x33, 0x32, 0x23, 0x34, 0x45, 0x55, 0x66, 0x66, 
	0x56, 0x66, 0x55, 0x45, 0x67, 0x76, 0x65, 0x55, 0x55, 0x55, 0x44, 0x44, 0x44, 0x33, 0x33, 
	0x43, 0x34, 0x32, 0x33, 0x33, 0x33, 0x22, 0x32, 0x13, 0x32, 0x33, 0x32, 0x23, 0x44, 0x33, 
	0x33, 0x32, 0x22, 0x22, 0x22, 0x22, 0x22, 0x23, 0x22, 0x22, 0x12, 0x34, 0x44, 0x55, 0x55, 
	0x43, 0x23, 0x33, 0x32, 0x33, 0x22, 0x34, 0x55, 0x54, 0x34, 0x55, 0x55, 0x65, 0x44, 0x32, 
	0x23, 0x32, 0x33, 0x22, 0x22, 0x33, 0x33, 0x33, 0x33, 0x23, 0x45, 0x44, 0x44, 0x44, 0x33, 
	0x45, 0x54, 0x44, 0x44, 0x55, 0x44, 0x33, 0x34, 0x44, 0x44, 0x44, 0x44, 0x54, 0x55, 0x55, 
	0x65, 0x65, 0x66, 0x65, 0x55, 0x67, 0x88, 0x88, 0x88, 0x88, 0x89, 0x88, 0x88, 0x88, 0x88, 
	0x88, 0x88, 0x88, 0x88, 0x98, 0x88, 0x88, 0x88, 0x88, 0x88, 0x98, 0x88, 0x99, 0x99, 0x88, 
	0x88, 0x99, 0x99, 0x88, 0x88, 0x88, 0x88, 0x98, 0x88, 0x88, 0x98, 0x99, 0x88, 0x88, 0x89, 
	0x99, 0x99, 0x88, 0x88, 0x88, 0x88, 0x88, 0x89, 0x88, 0x88, 0x89, 0x88, 0x88, 0x88, 0x88, 
	0x88, 0x88, 0x88, 0x88, 0x88, 0x88, 0x88, 0x88, 0x89, 0x89, 0x98, 0x88, 0x89, 0x99, 0x88, 
	0x99, 0x99, 0x98, 0x88, 0x88, 0x88, 0x98, 0x89, 0x88, 0x88, 0x88, 0x98, 0x88, 0x88, 0x88, 
	0x88, 0x88, 0x88, 0x89, 0x99, 0x88, 0x89, 0x99, 0x88, 0x88, 0x88, 0x99, 0x98, 0x88, 0x89, 
	0xAA, 0xAA, 0xAA, 0xAA, 0xAB, 0xBB, 0xCC, 0xCC, 0xBC, 0xCD, 0xCC, 0xCC, 0xCC, 0xCC, 0xCB, 
	0xAA, 0xBB, 0xBB, 0xBA, 0xAA, 0xAB, 0xBB, 0xBB, 0xBB, 0xBB, 0xBB, 0xCC, 0xCB, 0xBB, 0xBB, 
	0xBB, 0xAA, 0xAA, 0xAA, 0xAB, 0xBB, 0xCC, 0xEF, 0xFF, 0xEF, 0xFF, 0xFF, 0xFF, 0xFF, 0xFF, 
	0xFF, 0xFF, 0xFF, 0xFF, 0xFF, 0xFF, 0xFF, 0xFF, 0xFF, 0xFF, 0xFF, 0xFF, 0xFF, 0xFF, 0xFF, 
	0xFF, 0xFF, 0xFF, 0xFF, 0xFF, 0xFF, 0xFF, 0xFF, 0xFF, 0xFF, 0xFF, 0xFF, 0xFF, 0xFF, 0xFF, 
	0xFF, 0xFF, 0xFF, 0xFF, 0xFE, 0xEE, 0xED, 0xCA, 0x88, 0x66, 0x66, 0x76, 0x54, 0x44, 0x44, 
	0x44, 0x43, 0x32, 0x23, 0x33, 0x33, 0x33, 0x33, 0x22, 0x33, 0x34, 0x44, 0x55, 0x66, 0x66, 
	0x66, 0x66, 0x65, 0x45, 0x56, 0x66, 0x55, 0x55, 0x55, 0x55, 0x54, 0x44, 0x44, 0x34, 0x44, 
	0x43, 0x43, 0x33, 0x33, 0x33, 0x33, 0x22, 0x32, 0x12, 0x32, 0x23, 0x33, 0x23, 0x44, 0x43, 
	0x33, 0x32, 0x11, 0x21, 0x22, 0x22, 0x22, 0x22, 0x22, 0x22, 0x22, 0x34, 0x44, 0x44, 0x54, 
	0x44, 0x33, 0x33, 0x33, 0x33, 0x22, 0x35, 0x55, 0x54, 0x45, 0x66, 0x55, 0x65, 0x44, 0x43, 
	0x23, 0x33, 0x33, 0x32, 0x22, 0x22, 0x33, 0x33, 0x32, 0x23, 0x44, 0x44, 0x44, 0x44, 0x33, 
	0x45, 0x54, 0x44, 0x44, 0x44, 0x44, 0x44, 0x44, 0x44, 0x44, 0x44, 0x44, 0x44, 0x55, 0x66, 
	0x66, 0x65, 0x56, 0x65, 0x55, 0x67, 0x88, 0x88, 0x88, 0x88, 0x88, 0x88, 0x88, 0x88, 0x88, 
	0x88, 0x89, 0x88, 0x88, 0x98, 0x88, 0x88, 0x88, 0x88, 0x88, 0x88, 0x88, 0x88, 0x99, 0x88, 
	0x88, 0x89, 0x98, 0x88, 0x88, 0x88, 0x88, 0x98, 0x88, 0x88, 0x98, 0x99, 0x98, 0x88, 0x89, 
	0x88, 0x99, 0x98, 0x88, 0x88, 0x88, 0x98, 0x88, 0x88, 0x88, 0x88, 0x88, 0x88, 0x88, 0x88, 
	0x88, 0x88, 0x88, 0x88, 0x88, 0x88, 0x88, 0x88, 0x89, 0x88, 0x89, 0x98, 0x88, 0x99, 0x98, 
	0x88, 0x88, 0x99, 0x98, 0x89, 0x99, 0x88, 0x89, 0x88, 0x88, 0x88, 0x88, 0x88, 0x88, 0x88, 
	0x88, 0x88, 0x88, 0x89, 0x99, 0x88, 0x88, 0x98, 0x88, 0x88, 0x88, 0x99, 0x99, 0x88, 0x89, 
	0xAA, 0xAA, 0xAA, 0xAA, 0x9A, 0xAB, 0xBB, 0xBB, 0xBC, 0xDD, 0xCC, 0xCD, 0xCC, 0xCC, 0xCB, 
	0xBB, 0xBB, 0xAA, 0xAA, 0xAA, 0xAA, 0xAA, 0xAA, 0xAA, 0xBA, 0xAB, 0xBB, 0xAA, 0xAA, 0xAA, 
	0xAA, 0xAA, 0xBB, 0xAA, 0xBB, 0xBC, 0xCD, 0xEF, 0xFF, 0xFF, 0xFF, 0xFF, 0xFF, 0xFF, 0xFF, 
	0xFF, 0xFF, 0xFF, 0xFF, 0xFF, 0xFF, 0xFF, 0xFF, 0xFF, 0xFF, 0xFF, 0xFF, 0xFF, 0xFF, 0xFF, 
	0xFF, 0xFF, 0xFF, 0xFF, 0xFF, 0xFF, 0xFF, 0xFF, 0xFF, 0xFF, 0xFF, 0xFF, 0xEE, 0xFF, 0xFF, 
	0xFF, 0xFF, 0xFF, 0xFF, 0xEE, 0xEC, 0xBB, 0xA8, 0x66, 0x55, 0x67, 0x77, 0x65, 0x44, 0x33, 
	0x33, 0x33, 0x33, 0x33, 0x33, 0x33, 0x33, 0x33, 0x33, 0x34, 0x34, 0x44, 0x44, 0x55, 0x66, 
	0x66, 0x66, 0x66, 0x55, 0x55, 0x55, 0x55, 0x55, 0x54, 0x45, 0x54, 0x44, 0x43, 0x34, 0x44, 
	0x34, 0x43, 0x23, 0x33, 0x33, 0x43, 0x32, 0x33, 0x22, 0x23, 0x23, 0x33, 0x23, 0x44, 0x43, 
	0x44, 0x32, 0x11, 0x11, 0x22, 0x22, 0x33, 0x22, 0x11, 0x22, 0x22, 0x34, 0x34, 0x44, 0x44, 
	0x45, 0x43, 0x33, 0x33, 0x33, 0x22, 0x35, 0x65, 0x55, 0x55, 0x66, 0x55, 0x54, 0x45, 0x43, 
	0x23, 0x34, 0x43, 0x32, 0x22, 0x22, 0x23, 0x23, 0x22, 0x23, 0x44, 0x33, 0x44, 0x44, 0x33, 
	0x45, 0x54, 0x44, 0x54, 0x44, 0x44, 0x55, 0x44, 0x33, 0x33, 0x34, 0x44, 0x44, 0x56, 0x66, 
	0x65, 0x55, 0x56, 0x66, 0x66, 0x67, 0x78, 0x88, 0x88, 0x88, 0x88, 0x88, 0x88, 0x88, 0x88, 
	0x88, 0x89, 0x88, 0x88, 0x88, 0x88, 0x88, 0x88, 0x88, 0x88, 0x88, 0x88, 0x88, 0x88, 0x88, 
	0x88, 0x88, 0x88, 0x88, 0x88, 0x88, 0x88, 0x98, 0x88, 0x88, 0x98, 0x89, 0x98, 0x88, 0x89, 
	0x88, 0x88, 0x88, 0x88, 0x88, 0x88, 0x98, 0x88, 0x88, 0x88, 0x88, 0x88, 0x88, 0x98, 0x88, 
	0x88, 0x88, 0x88, 0x88, 0x88, 0x88, 0x88, 0x88, 0x88, 0x88, 0x89, 0x99, 0x98, 0x99, 0x99, 
	0x88, 0x88, 0x88, 0x88, 0x88, 0x99, 0x88, 0x89, 0x88, 0x88, 0x88, 0x88, 0x88, 0x88, 0x88, 
	0x88, 0x88, 0x88, 0x89, 0x99, 0x88, 0x88, 0x88, 0x99, 0x99, 0x88, 0x99, 0x99, 0x98, 0x88, 
	0xBA, 0xAB, 0xAB, 0xBB, 0xAB, 0xBB, 0xBC, 0xBB, 0xAB, 0xCC, 0xBC, 0xCC, 0xCC, 0xCB, 0xBB, 
	0xAA, 0xAA, 0x99, 0xAA, 0xAA, 0xBA, 0xAA, 0xAA, 0xAA, 0xBB, 0xAA, 0xAA, 0xAA, 0xAB, 0xBB, 
	0xBB, 0xBB, 0xBB, 0xBB, 0xBA, 0xBC, 0xCC, 0xEE, 0xFF, 0xFF, 0xFF, 0xFF, 0xFF, 0xFF, 0xFF, 
	0xFF, 0xFF, 0xFF, 0xFF, 0xFF, 0xFF, 0xFF, 0xFF, 0xFF, 0xFF, 0xFF, 0xFF, 0xFF, 0xFF, 0xFF, 
	0xFF, 0xFF, 0xFF, 0xFF, 0xFF, 0xFF, 0xFF, 0xFF, 0xFF, 0xFF, 0xFF, 0xFF, 0xEE, 0xEF, 0xFF, 
	0xFF, 0xFF, 0xFF, 0xFE, 0xEE, 0xCB, 0x98, 0x75, 0x54, 0x55, 0x67, 0x87, 0x65, 0x44, 0x33, 
	0x33, 0x33, 0x33, 0x33, 0x33, 0x33, 0x33, 0x33, 0x33, 0x45, 0x55, 0x54, 0x44, 0x55, 0x55, 
	0x56, 0x66, 0x66, 0x55, 0x44, 0x44, 0x55, 0x55, 0x44, 0x44, 0x44, 0x44, 0x33, 0x34, 0x43, 
	0x33, 0x32, 0x23, 0x43, 0x33, 0x33, 0x33, 0x33, 0x22, 0x23, 0x22, 0x33, 0x33, 0x34, 0x43, 
	0x34, 0x32, 0x22, 0x22, 0x22, 0x23, 0x44, 0x32, 0x11, 0x22, 0x22, 0x34, 0x44, 0x43, 0x45, 
	0x65, 0x43, 0x33, 0x32, 0x33, 0x22, 0x35, 0x65, 0x55, 0x55, 0x55, 0x43, 0x44, 0x34, 0x43, 
	0x23, 0x45, 0x44, 0x33, 0x33, 0x22, 0x22, 0x22, 0x22, 0x34, 0x33, 0x34, 0x44, 0x44, 0x44, 
	0x34, 0x44, 0x44, 0x44, 0x44, 0x44, 0x55, 0x43, 0x33, 0x33, 0x34, 0x44, 0x45, 0x56, 0x66, 
	0x65, 0x55, 0x66, 0x66, 0x67, 0x77, 0x78, 0x88, 0x88, 0x88, 0x88, 0x88, 0x88, 0x88, 0x88, 
	0x88, 0x88, 0x88, 0x88, 0x88, 0x88, 0x88, 0x88, 0x88, 0x88, 0x88, 0x88, 0x88, 0x88, 0x88, 
	0x88, 0x88, 0x88, 0x88, 0x88, 0x88, 0x88, 0x98, 0x88, 0x89, 0x98, 0x98, 0x88, 0x88, 0x88, 
	0x88, 0x88, 0x88, 0x88, 0x98, 0x88, 0x88, 0x88, 0x88, 0x88, 0x88, 0x88, 0x88, 0x98, 0x88, 
	0x88, 0x88, 0x88, 0x88, 0x88, 0x88, 0x88, 0x88, 0x88, 0x88, 0x89, 0x99, 0x98, 0x99, 0x99, 
	0x88, 0x88, 0x88, 0x88, 0x88, 0x88, 0x88, 0x89, 0x88, 0x99, 0x88, 0x88, 0x88, 0x88, 0x88, 
	0x88, 0x88, 0x88, 0x89, 0x99, 0x98, 0x88, 0x88, 0x99, 0x99, 0x88, 0x99, 0x99, 0x98, 0x88, 
	0xCB, 0xBB, 0xBB, 0xCC, 0xCC, 0xCC, 0xCC, 0xCB, 0xAB, 0xBB, 0xBB, 0xCC, 0xBB, 0xCB, 0xBB, 
	0xA9, 0x9A, 0xAA, 0xAA, 0xBB, 0xBB, 0xBB, 0xBB, 0xBB, 0xBB, 0xAA, 0xAB, 0xBB, 0xBB, 0xBB, 
	0xCC, 0xBC, 0xBB, 0xBB, 0xBA, 0xAB, 0xBB, 0xDE, 0xFF, 0xFF, 0xFF, 0xFF, 0xFF, 0xFF, 0xFF, 
	0xFF, 0xFF, 0xFF, 0xFF, 0xFF, 0xFF, 0xFF, 0xFF, 0xFF, 0xFF, 0xFF, 0xFF, 0xFF, 0xFF, 0xFF, 
	0xFF, 0xFF, 0xFF, 0xFF, 0xFF, 0xFF, 0xFF, 0xFF, 0xFF, 0xFF, 0xFF, 0xFF, 0xEE, 0xFF, 0xFF, 
	0xFF, 0xFF, 0xFE, 0xEE, 0xED, 0xCA, 0x97, 0x65, 0x44, 0x55, 0x77, 0x87, 0x65, 0x44, 0x33, 
	0x33, 0x22, 0x33, 0x33, 0x33, 0x33, 0x33, 0x33, 0x33, 0x45, 0x66, 0x65, 0x44, 0x44, 0x55, 
	0x55, 0x55, 0x56, 0x55, 0x45, 0x54, 0x55, 0x54, 0x44, 0x44, 0x33, 0x44, 0x33, 0x34, 0x33, 
	0x33, 0x32, 0x22, 0x33, 0x33, 0x33, 0x33, 0x33, 0x33, 0x22, 0x22, 0x23, 0x32, 0x34, 0x43, 
	0x23, 0x21, 0x22, 0x22, 0x22, 0x33, 0x55, 0x42, 0x11, 0x12, 0x22, 0x34, 0x44, 0x33, 0x46, 
	0x65, 0x43, 0x23, 0x32, 0x23, 0x32, 0x35, 0x65, 0x56, 0x54, 0x44, 0x32, 0x34, 0x33, 0x33, 
	0x23, 0x45, 0x54, 0x33, 0x33, 0x32, 0x22, 0x22, 0x22, 0x44, 0x32, 0x34, 0x44, 0x45, 0x54, 
	0x44, 0x55, 0x44, 0x44, 0x44, 0x44, 0x54, 0x33, 0x33, 0x34, 0x44, 0x44, 0x55, 0x55, 0x56, 
	0x66, 0x56, 0x66, 0x66, 0x67, 0x77, 0x77, 0x88, 0x88, 0x88, 0x88, 0x88, 0x88, 0x88, 0x88, 
	0x88, 0x88, 0x98, 0x88, 0x88, 0x89, 0x98, 0x88, 0x88, 0x88, 0x88, 0x88, 0x88, 0x88, 0x88, 
	0x88, 0x88, 0x88, 0x88, 0x88, 0x88, 0x88, 0x88, 0x88, 0x99, 0x98, 0x88, 0x88, 0x88, 0x88, 
	0x88, 0x88, 0x88, 0x88, 0x99, 0x88, 0x88, 0x89, 0x88, 0x88, 0x88, 0x88, 0x88, 0x98, 0x88, 
	0x88, 0x88, 0x88, 0x99, 0x99, 0x88, 0x88, 0x88, 0x88, 0x88, 0x89, 0x99, 0x88, 0x88, 0x88, 
	0x99, 0x98, 0x88, 0x88, 0x88, 0x88, 0x88, 0x89, 0x88, 0x99, 0x99, 0x88, 0x88, 0x89, 0x88, 
	0x88, 0x88, 0x88, 0x99, 0x99, 0x98, 0x88, 0x99, 0x99, 0x98, 0x88, 0x89, 0x99, 0x98, 0x88, 
	0xCB, 0xBB, 0xBB, 0xCC, 0xCC, 0xCC, 0xCD, 0xCB, 0xBB, 0xBB, 0xBB, 0xBB, 0xBB, 0xBB, 0xBB, 
	0xAA, 0xAB, 0xBB, 0xBB, 0xBC, 0xCC, 0xCC, 0xCC, 0xCC, 0xCB, 0xAA, 0xBC, 0xCB, 0xBB, 0xBB, 
	0xBC, 0xCC, 0xCC, 0xCB, 0xBB, 0xBB, 0xAB, 0xDE, 0xFF, 0xFF, 0xFF, 0xFF, 0xFF, 0xFF, 0xFF, 
	0xFF, 0xFF, 0xFF, 0xFF, 0xFF, 0xFF, 0xFF, 0xFF, 0xFF, 0xFF, 0xFF, 0xFF, 0xFF, 0xFF, 0xFF, 
	0xFF, 0xFF, 0xFF, 0xFF, 0xFF, 0xFF, 0xFF, 0xFF, 0xFF, 0xFF, 0xFF, 0xFF, 0xEF, 0xFF, 0xFF, 
	0xFF, 0xFF, 0xEE, 0xEE, 0xED, 0xCB, 0xA9, 0x76, 0x55, 0x56, 0x77, 0x77, 0x65, 0x44, 0x33, 
	0x32, 0x22, 0x33, 0x33, 0x33, 0x33, 0x33, 0x33, 0x33, 0x34, 0x66, 0x66, 0x65, 0x55, 0x55, 
	0x54, 0x45, 0x55, 0x55, 0x55, 0x55, 0x55, 0x54, 0x44, 0x44, 0x34, 0x44, 0x33, 0x34, 0x33, 
	0x23, 0x32, 0x22, 0x33, 0x33, 0x22, 0x33, 0x32, 0x23, 0x22, 0x22, 0x23, 0x32, 0x34, 0x43, 
	0x22, 0x22, 0x22, 0x22, 0x23, 0x34, 0x55, 0x53, 0x11, 0x12, 0x22, 0x34, 0x33, 0x33, 0x56, 
	0x65, 0x43, 0x22, 0x32, 0x22, 0x32, 0x34, 0x55, 0x56, 0x54, 0x43, 0x22, 0x34, 0x33, 0x33, 
	0x33, 0x34, 0x44, 0x44, 0x43, 0x43, 0x32, 0x22, 0x23, 0x43, 0x22, 0x34, 0x44, 0x45, 0x55, 
	0x44, 0x55, 0x44, 0x33, 0x44, 0x44, 0x43, 0x34, 0x44, 0x44, 0x44, 0x44, 0x55, 0x55, 0x55, 
	0x56, 0x66, 0x66, 0x66, 0x66, 0x67, 0x77, 0x88, 0x88, 0x88, 0x88, 0x88, 0x88, 0x88, 0x88, 
	0x88, 0x88, 0x88, 0x88, 0x88, 0x89, 0x98, 0x88, 0x88, 0x88, 0x88, 0x88, 0x88, 0x88, 0x88, 
	0x88, 0x88, 0x88, 0x88, 0x88, 0x88, 0x88, 0x88, 0x88, 0x99, 0x88, 0x88, 0x88, 0x88, 0x88, 
	0x88, 0x99, 0x88, 0x88, 0x88, 0x88, 0x88, 0x89, 0x88, 0x88, 0x88, 0x88, 0x88, 0x88, 0x88, 
	0x88, 0x88, 0x88, 0x99, 0x99, 0x88, 0x88, 0x88, 0x88, 0x88, 0x98, 0x88, 0x89, 0x88, 0x88, 
	0x99, 0x99, 0x88, 0x88, 0x88, 0x88, 0x88, 0x89, 0x88, 0x99, 0x99, 0x98, 0x88, 0x89, 0x89, 
	0x98, 0x88, 0x88, 0x99, 0x98, 0x88, 0x88, 0x99, 0x98, 0x88, 0x88, 0x88, 0x89, 0x99, 0x99, 
	0xBB, 0xBB, 0xCC, 0xCC, 0xCC, 0xCC, 0xCC, 0xCB, 0xBB, 0xBB, 0xBB, 0xBB, 0xBA, 0xAB, 0xBB, 
	0xBB, 0xBB, 0xCC, 0xCC, 0xCC, 0xCC, 0xCC, 0xCC, 0xCC, 0xCB, 0xAA, 0xCC, 0xCC, 0xBB, 0xBB, 
	0xBC, 0xCB, 0xBC, 0xCC, 0xCC, 0xBB, 0xAA, 0xCE, 0xFF, 0xFF, 0xFF, 0xFF, 0xFF, 0xFF, 0xFF, 
	0xFF, 0xFF, 0xFF, 0xFF, 0xFF, 0xFF, 0xFF, 0xFF, 0xFF, 0xFF, 0xFF, 0xFF, 0xFF, 0xFF, 0xFF, 
	0xFF, 0xFF, 0xFF, 0xFF, 0xFF, 0xFF, 0xFF, 0xFF, 0xFF, 0xFF, 0xFF, 0xFF, 0xFF, 0xFF, 0xFF, 
	0xFF, 0xFF, 0xFE, 0xEE, 0xEE, 0xDC, 0xA9, 0x86, 0x65, 0x56, 0x77, 0x76, 0x65, 0x44, 0x33, 
	0x33, 0x33, 0x34, 0x33, 0x33, 0x33, 0x33, 0x33, 0x33, 0x33, 0x45, 0x56, 0x66, 0x66, 0x55, 
	0x54, 0x44, 0x55, 0x55, 0x55, 0x55, 0x55, 0x54, 0x45, 0x54, 0x44, 0x44, 0x43, 0x34, 0x43, 
	0x23, 0x32, 0x33, 0x33, 0x33, 0x22, 0x33, 0x33, 0x33, 0x32, 0x22, 0x23, 0x32, 0x34, 0x44, 
	0x32, 0x22, 0x22, 0x22, 0x23, 0x44, 0x55, 0x53, 0x11, 0x11, 0x22, 0x23, 0x33, 0x34, 0x66, 
	0x65, 0x43, 0x22, 0x22, 0x22, 0x33, 0x24, 0x55, 0x56, 0x55, 0x43, 0x22, 0x33, 0x33, 0x33, 
	0x34, 0x43, 0x44, 0x45, 0x54, 0x44, 0x32, 0x23, 0x34, 0x43, 0x23, 0x33, 0x33, 0x45, 0x55, 
	0x54, 0x55, 0x44, 0x44, 0x44, 0x44, 0x34, 0x44, 0x44, 0x44, 0x44, 0x44, 0x55, 0x55, 0x55, 
	0x55, 0x66, 0x66, 0x66, 0x66, 0x66, 0x77, 0x77, 0x78, 0x88, 0x88, 0x88, 0x88, 0x88, 0x88, 
	0x88, 0x88, 0x88, 0x88, 0x88, 0x88, 0x88, 0x88, 0x88, 0x88, 0x88, 0x88, 0x88, 0x88, 0x88, 
	0x88, 0x88, 0x88, 0x88, 0x88, 0x88, 0x88, 0x88, 0x88, 0x88, 0x88, 0x88, 0x88, 0x88, 0x88, 
	0x88, 0x98, 0x88, 0x88, 0x88, 0x88, 0x88, 0x88, 0x88, 0x88, 0x88, 0x88, 0x88, 0x88, 0x88, 
	0x88, 0x88, 0x88, 0x89, 0x88, 0x88, 0x99, 0x88, 0x88, 0x88, 0x88, 0x88, 0x99, 0x98, 0x88, 
	0x99, 0x98, 0x88, 0x88, 0x88, 0x88, 0x88, 0x89, 0x88, 0x88, 0x88, 0x88, 0x88, 0x88, 0x89, 
	0x99, 0x88, 0x88, 0x89, 0x98, 0x88, 0x88, 0x99, 0x98, 0x88, 0x88, 0x88, 0x88, 0x89, 0x99, 
	0xBB, 0xBB, 0xCC, 0xCC, 0xCC, 0xCB, 0xBC, 0xBB, 0xBB, 0xBC, 0xCD, 0xDC, 0xBA, 0xBB, 0xBB, 
	0xBC, 0xCC, 0xBB, 0xCC, 0xCC, 0xCB, 0xBC, 0xCB, 0xCC, 0xCB, 0xBB, 0xCD, 0xCC, 0xBB, 0xBB, 
	0xBB, 0xBB, 0xBC, 0xCD, 0xCC, 0xCB, 0xAA, 0xCE, 0xFF, 0xFF, 0xFF, 0xFF, 0xFF, 0xFF, 0xFF, 
	0xFF, 0xFF, 0xFF, 0xFF, 0xFF, 0xFF, 0xFF, 0xFF, 0xFF, 0xFF, 0xFF, 0xFF, 0xFF, 0xFF, 0xFF, 
	0xFF, 0xFF, 0xFF, 0xFF, 0xFF, 0xFF, 0xFF, 0xFF, 0xEF, 0xFF, 0xFE, 0xFF, 0xFF, 0xFF, 0xFF, 
	0xFF, 0xFF, 0xFF, 0xFE, 0xEE, 0xDB, 0x98, 0x76, 0x55, 0x56, 0x76, 0x65, 0x54, 0x43, 0x33, 
	0x33, 0x33, 0x34, 0x33, 0x44, 0x44, 0x33, 0x33, 0x33, 0x33, 0x34, 0x45, 0x56, 0x65, 0x55, 
	0x54, 0x45, 0x54, 0x55, 0x54, 0x55, 0x55, 0x54, 0x45, 0x54, 0x44, 0x44, 0x43, 0x33, 0x33, 
	0x33, 0x32, 0x33, 0x33, 0x33, 0x22, 0x23, 0x33, 0x33, 0x33, 0x22, 0x33, 0x32, 0x23, 0x44, 
	0x33, 0x22, 0x22, 0x22, 0x23, 0x44, 0x55, 0x64, 0x21, 0x11, 0x22, 0x22, 0x23, 0x45, 0x66, 
	0x54, 0x33, 0x32, 0x22, 0x22, 0x33, 0x23, 0x55, 0x66, 0x55, 0x54, 0x32, 0x33, 0x22, 0x33, 
	0x44, 0x43, 0x45, 0x56, 0x65, 0x54, 0x33, 0x23, 0x45, 0x43, 0x33, 0x33, 0x33, 0x44, 0x55, 
	0x54, 0x44, 0x44, 0x44, 0x44, 0x34, 0x34, 0x44, 0x44, 0x44, 0x44, 0x44, 0x45, 0x54, 0x45, 
	0x56, 0x66, 0x66, 0x66, 0x66, 0x66, 0x77, 0x77, 0x78, 0x88, 0x88, 0x88, 0x88, 0x88, 0x88, 
	0x88, 0x88, 0x88, 0x88, 0x88, 0x88, 0x88, 0x88, 0x88, 0x88, 0x88, 0x78, 0x88, 0x87, 0x88, 
	0x88, 0x88, 0x88, 0x88, 0x88, 0x88, 0x88, 0x88, 0x88, 0x88, 0x88, 0x88, 0x88, 0x88, 0x88, 
	0x88, 0x88, 0x88, 0x88, 0x88, 0x88, 0x88, 0x88, 0x88, 0x88, 0x88, 0x88, 0x88, 0x88, 0x88, 
	0x88, 0x88, 0x88, 0x88, 0x88, 0x88, 0x99, 0x88, 0x88, 0x88, 0x88, 0x88, 0x88, 0x88, 0x88, 
	0x88, 0x88, 0x88, 0x88, 0x88, 0x89, 0x88, 0x89, 0x88, 0x88, 0x88, 0x88, 0x88, 0x88, 0x88, 
	0x98, 0x88, 0x89, 0x88, 0x98, 0x88, 0x88, 0x99, 0x88, 0x88, 0x99, 0x88, 0x88, 0x89, 0x99, 
	0xBB, 0xCC, 0xCB, 0xBB, 0xBB, 0xCC, 0xCC, 0xBA, 0xAB, 0xBC, 0xDD, 0xDD, 0xCB, 0xBB, 0xBB, 
	0xBB, 0xBC, 0xCB, 0xCC, 0xCC, 0xBB, 0xBB, 0xBB, 0xBC, 0xCC, 0xCC, 0xBB, 0xCB, 0xCB, 0xBB, 
	0xBC, 0xBB, 0xAB, 0xCD, 0xCC, 0xCC, 0xBB, 0xCE, 0xFF, 0xEF, 0xFF, 0xFF, 0xEF, 0xFF, 0xFF, 
	0xFF, 0xFF, 0xFF, 0xFF, 0xFF, 0xFF, 0xFF, 0xFF, 0xFF, 0xFF, 0xFF, 0xFF, 0xFF, 0xFF, 0xFF, 
	0xFF, 0xFF, 0xFF, 0xFF, 0xFF, 0xFF, 0xFF, 0xFF, 0xFF, 0xFF, 0xFF, 0xFF, 0xFF, 0xFF, 0xFF, 
	0xFF, 0xFE, 0xFE, 0xED, 0xDC, 0xB9, 0x77, 0x65, 0x45, 0x56, 0x66, 0x55, 0x44, 0x33, 0x33, 
	0x33, 0x34, 0x44, 0x34, 0x44, 0x44, 0x33, 0x32, 0x23, 0x32, 0x33, 0x33, 0x44, 0x44, 0x45, 
	0x55, 0x44, 0x44, 0x45, 0x54, 0x55, 0x54, 0x44, 0x55, 0x54, 0x44, 0x44, 0x43, 0x33, 0x33, 
	0x33, 0x33, 0x33, 0x33, 0x34, 0x32, 0x12, 0x33, 0x33, 0x43, 0x32, 0x33, 0x32, 0x23, 0x44, 
	0x53, 0x32, 0x22, 0x22, 0x33, 0x45, 0x56, 0x75, 0x31, 0x11, 0x21, 0x22, 0x23, 0x55, 0x56, 
	0x54, 0x33, 0x32, 0x22, 0x23, 0x32, 0x23, 0x55, 0x56, 0x66, 0x64, 0x32, 0x22, 0x22, 0x23, 
	0x45, 0x44, 0x56, 0x67, 0x76, 0x54, 0x33, 0x33, 0x54, 0x43, 0x33, 0x32, 0x23, 0x44, 0x45, 
	0x55, 0x44, 0x44, 0x44, 0x44, 0x43, 0x33, 0x33, 0x34, 0x44, 0x45, 0x54, 0x44, 0x45, 0x55, 
	0x56, 0x56, 0x65, 0x66, 0x66, 0x66, 0x66, 0x67, 0x77, 0x77, 0x88, 0x88, 0x88, 0x88, 0x88, 
	0x88, 0x88, 0x88, 0x88, 0x88, 0x88, 0x78, 0x88, 0x88, 0x88, 0x88, 0x88, 0x88, 0x87, 0x88, 
	0x88, 0x88, 0x88, 0x88, 0x99, 0x88, 0x88, 0x88, 0x88, 0x88, 0x88, 0x88, 0x88, 0x88, 0x88, 
	0x88, 0x88, 0x88, 0x88, 0x88, 0x88, 0x88, 0x88, 0x88, 0x88, 0x88, 0x89, 0x98, 0x88, 0x88, 
	0x88, 0x88, 0x88, 0x88, 0x88, 0x88, 0x88, 0x88, 0x88, 0x88, 0x88, 0x88, 0x88, 0x88, 0x88, 
	0x88, 0x88, 0x88, 0x88, 0x88, 0x88, 0x88, 0x88, 0x99, 0x98, 0x88, 0x88, 0x88, 0x88, 0x88, 
	0x89, 0x98, 0x88, 0x98, 0x88, 0x88, 0x88, 0x88, 0x88, 0x99, 0x98, 0x88, 0x88, 0x88, 0x88, 
	0xBB, 0xCC, 0xBA, 0xAA, 0xAB, 0xBC, 0xCB, 0xBA, 0xAA, 0xBC, 0xDD, 0xDC, 0xCB, 0xBB, 0xBB, 
	0xBB, 0xBC, 0xCC, 0xCC, 0xCC, 0xBB, 0xBB, 0xBB, 0xBC, 0xCC, 0xCB, 0xBB, 0xBB, 0xBB, 0xBB, 
	0xCC, 0xCB, 0xAB, 0xCC, 0xCC, 0xCC, 0xCB, 0xCD, 0xFF, 0xFF, 0xEF, 0xFF, 0xFF, 0xFF, 0xFF, 
	0xFF, 0xFF, 0xFF, 0xFF, 0xFF, 0xFF, 0xFF, 0xFF, 0xFF, 0xFF, 0xFF, 0xFF, 0xFF, 0xFF, 0xFF, 
	0xFF, 0xFF, 0xFF, 0xFF, 0xFF, 0xFF, 0xFF, 0xFF, 0xFF, 0xFF, 0xFF, 0xFF, 0xEF, 0xFF, 0xFF, 
	0xFF, 0xFE, 0xEE, 0xDC, 0xBA, 0x97, 0x66, 0x55, 0x45, 0x66, 0x66, 0x54, 0x43, 0x33, 0x33, 
	0x33, 0x34, 0x44, 0x44, 0x44, 0x44, 0x33, 0x33, 0x22, 0x22, 0x33, 0x33, 0x33, 0x33, 0x44, 
	0x44, 0x44, 0x44, 0x44, 0x44, 0x44, 0x44, 0x44, 0x55, 0x44, 0x44, 0x44, 0x44, 0x33, 0x33, 
	0x34, 0x44, 0x44, 0x33, 0x34, 0x32, 0x22, 0x22, 0x33, 0x33, 0x32, 0x33, 0x33, 0x23, 0x34, 
	0x54, 0x33, 0x33, 0x33, 0x33, 0x56, 0x65, 0x66, 0x42, 0x11, 0x11, 0x22, 0x23, 0x45, 0x55, 
	0x54, 0x34, 0x42, 0x22, 0x33, 0x32, 0x22, 0x45, 0x55, 0x66, 0x65, 0x32, 0x11, 0x12, 0x23, 
	0x45, 0x45, 0x66, 0x78, 0x86, 0x54, 0x33, 0x34, 0x44, 0x43, 0x33, 0x32, 0x24, 0x45, 0x44, 
	0x55, 0x55, 0x55, 0x44, 0x44, 0x43, 0x33, 0x33, 0x33, 0x34, 0x44, 0x44, 0x44, 0x44, 0x55, 
	0x55, 0x56, 0x55, 0x56, 0x66, 0x66, 0x66, 0x67, 0x77, 0x77, 0x88, 0x77, 0x88, 0x88, 0x88, 
	0x88, 0x88, 0x88, 0x88, 0x88, 0x88, 0x88, 0x88, 0x88, 0x88, 0x88, 0x88, 0x88, 0x88, 0x88, 
	0x88, 0x88, 0x88, 0x88, 0x88, 0x88, 0x88, 0x88, 0x88, 0x88, 0x88, 0x88, 0x88, 0x88, 0x88, 
	0x88, 0x88, 0x88, 0x88, 0x88, 0x88, 0x88, 0x88, 0x88, 0x88, 0x88, 0x89, 0x88, 0x88, 0x88, 
	0x88, 0x88, 0x88, 0x88, 0x88, 0x88, 0x88, 0x88, 0x88, 0x88, 0x88, 0x88, 0x88, 0x88, 0x88, 
	0x88, 0x88, 0x88, 0x88, 0x88, 0x88, 0x88, 0x88, 0x99, 0x98, 0x88, 0x88, 0x88, 0x89, 0x88, 
	0x89, 0x98, 0x88, 0x88, 0x88, 0x88, 0x88, 0x88, 0x88, 0x99, 0x98, 0x88, 0x88, 0x88, 0x88, 
	0xBB, 0xBC, 0xBA, 0xAA, 0xAA, 0xAB, 0xCB, 0xAA, 0xAA, 0xAB, 0xBB, 0xBB, 0xBC, 0xCC, 0xCC, 
	0xBB, 0xBC, 0xCC, 0xCC, 0xCC, 0xCB, 0xBB, 0xAA, 0xBB, 0xCC, 0xCB, 0xBA, 0xAB, 0xBB, 0xBB, 
	0xCC, 0xCB, 0xAB, 0xCC, 0xBB, 0xCB, 0xBB, 0xBD, 0xFF, 0xFF, 0xEF, 0xFF, 0xFF, 0xFF, 0xFF, 
	0xFF, 0xFF, 0xFF, 0xFF, 0xFF, 0xFF, 0xFF, 0xFF, 0xFF, 0xFF, 0xFF, 0xFF, 0xFF, 0xFF, 0xFF, 
	0xFF, 0xFF, 0xFF, 0xFF, 0xFF, 0xFF, 0xFF, 0xFF, 0xFF, 0xFF, 0xEE, 0xFF, 0xFF, 0xFF, 0xFF, 
	0xFF, 0xFE, 0xEE, 0xDB, 0xA9, 0x87, 0x66, 0x55, 0x55, 0x66, 0x76, 0x54, 0x33, 0x33, 0x33, 
	0x33, 0x33, 0x44, 0x44, 0x44, 0x44, 0x33, 0x33, 0x22, 0x22, 0x33, 0x33, 0x33, 0x33, 0x33, 
	0x44, 0x44, 0x33, 0x44, 0x44, 0x44, 0x44, 0x44, 0x54, 0x43, 0x33, 0x44, 0x44, 0x33, 0x33, 
	0x34, 0x44, 0x44, 0x33, 0x34, 0x43, 0x32, 0x22, 0x33, 0x33, 0x22, 0x22, 0x23, 0x33, 0x34, 
	0x55, 0x33, 0x43, 0x33, 0x43, 0x56, 0x65, 0x56, 0x54, 0x21, 0x11, 0x12, 0x23, 0x45, 0x55, 
	0x55, 0x44, 0x42, 0x23, 0x33, 0x32, 0x23, 0x44, 0x55, 0x67, 0x75, 0x42, 0x11, 0x12, 0x23, 
	0x46, 0x66, 0x77, 0x67, 0x76, 0x55, 0x43, 0x34, 0x43, 0x33, 0x33, 0x22, 0x34, 0x44, 0x43, 
	0x45, 0x65, 0x55, 0x54, 0x44, 0x43, 0x33, 0x33, 0x32, 0x23, 0x34, 0x44, 0x44, 0x44, 0x45, 
	0x55, 0x55, 0x55, 0x55, 0x55, 0x66, 0x77, 0x67, 0x77, 0x77, 0x77, 0x77, 0x78, 0x88, 0x88, 
	0x88, 0x88, 0x78, 0x88, 0x88, 0x88, 0x88, 0x88, 0x88, 0x88, 0x88, 0x88, 0x88, 0x88, 0x88, 
	0x88, 0x88, 0x88, 0x88, 0x88, 0x88, 0x88, 0x88, 0x88, 0x88, 0x88, 0x88, 0x88, 0x88, 0x88, 
	0x88, 0x88, 0x88, 0x88, 0x88, 0x88, 0x88, 0x88, 0x88, 0x88, 0x88, 0x88, 0x88, 0x88, 0x88, 
	0x88, 0x88, 0x88, 0x88, 0x88, 0x88, 0x88, 0x88, 0x88, 0x88, 0x88, 0x88, 0x88, 0x88, 0x88, 
	0x88, 0x88, 0x88, 0x88, 0x88, 0x88, 0x88, 0x88, 0x89, 0x88, 0x88, 0x88, 0x88, 0x89, 0x88, 
	0x88, 0x99, 0x88, 0x88, 0x88, 0x99, 0x88, 0x98, 0x89, 0x99, 0x99, 0x88, 0x99, 0x99, 0x99, 
	0xBA, 0xBB, 0xCB, 0xBA, 0xA9, 0xAA, 0xAA, 0xAA, 0xAA, 0xAA, 0xAA, 0xBB, 0xBB, 0xCC, 0xCB, 
	0xBB, 0xCC, 0xCC, 0xBC, 0xCC, 0xCC, 0xBB, 0xAA, 0xBB, 0xCC, 0xCB, 0xBA, 0xBC, 0xBB, 0xBB, 
	0xBC, 0xCB, 0xBB, 0xBC, 0xBB, 0xBB, 0xBA, 0xAC, 0xFF, 0xFF, 0xEF, 0xFF, 0xFF, 0xFF, 0xFF, 
	0xFF, 0xFF, 0xFF, 0xFF, 0xFF, 0xFF, 0xFF, 0xFF, 0xFF, 0xFF, 0xFF, 0xFF, 0xFF, 0xFF, 0xFF, 
	0xFF, 0xFF, 0xFF, 0xFF, 0xFF, 0xFF, 0xFF, 0xFF, 0xFF, 0xFE, 0xEE, 0xEF, 0xFF, 0xFF, 0xFF, 
	0xFF, 0xFE, 0xEE, 0xDC, 0xA9, 0x87, 0x76, 0x55, 0x45, 0x66, 0x66, 0x43, 0x33, 0x33, 0x33, 
	0x33, 0x33, 0x44, 0x43, 0x33, 0x33, 0x33, 0x33, 0x22, 0x22, 0x23, 0x33, 0x22, 0x23, 0x33, 
	0x34, 0x44, 0x43, 0x34, 0x44, 0x44, 0x44, 0x44, 0x44, 0x33, 0x33, 0x33, 0x33, 0x33, 0x34, 
	0x33, 0x33, 0x43, 0x33, 0x34, 0x44, 0x43, 0x32, 0x33, 0x33, 0x22, 0x22, 0x23, 0x33, 0x33, 
	0x55, 0x34, 0x44, 0x33, 0x34, 0x46, 0x65, 0x56, 0x66, 0x42, 0x11, 0x11, 0x12, 0x35, 0x55, 
	0x55, 0x44, 0x42, 0x23, 0x33, 0x32, 0x34, 0x55, 0x45, 0x57, 0x76, 0x42, 0x11, 0x12, 0x23, 
	0x56, 0x77, 0x77, 0x66, 0x66, 0x55, 0x33, 0x35, 0x43, 0x33, 0x22, 0x23, 0x33, 0x44, 0x43, 
	0x45, 0x55, 0x55, 0x55, 0x44, 0x44, 0x33, 0x33, 0x22, 0x23, 0x34, 0x44, 0x44, 0x44, 0x44, 
	0x55, 0x55, 0x66, 0x66, 0x66, 0x66, 0x77, 0x77, 0x77, 0x77, 0x77, 0x77, 0x77, 0x87, 0x77, 
	0x88, 0x87, 0x78, 0x88, 0x88, 0x88, 0x88, 0x88, 0x88, 0x88, 0x88, 0x88, 0x88, 0x87, 0x77, 
	0x88, 0x88, 0x88, 0x88, 0x88, 0x88, 0x88, 0x88, 0x88, 0x88, 0x88, 0x88, 0x88, 0x88, 0x88, 
	0x88, 0x88, 0x88, 0x88, 0x88, 0x99, 0x88, 0x89, 0x98, 0x88, 0x88, 0x88, 0x88, 0x88, 0x88, 
	0x88, 0x88, 0x88, 0x88, 0x88, 0x88, 0x88, 0x88, 0x88, 0x88, 0x88, 0x88, 0x88, 0x88, 0x88, 
	0x89, 0x99, 0x98, 0x88, 0x99, 0x88, 0x88, 0x88, 0x89, 0x88, 0x88, 0x88, 0x88, 0x89, 0x98, 
	0x88, 0x88, 0x88, 0x88, 0x88, 0x88, 0x88, 0x98, 0x89, 0x99, 0x99, 0x99, 0x99, 0x99, 0x99, 
	0xBA, 0xBB, 0xBB, 0xBB, 0xAA, 0xA9, 0xAA, 0xBB, 0xBB, 0xAA, 0xAA, 0xBB, 0xBB, 0xBB, 0xBB, 
	0xBB, 0xCC, 0xBB, 0xBB, 0xBC, 0xCC, 0xCB, 0xBB, 0xBB, 0xBC, 0xCB, 0xBB, 0xBB, 0xBA, 0xAB, 
	0xBB, 0xCC, 0xBB, 0xBB, 0xBB, 0xBA, 0xAA, 0xAC, 0xFF, 0xFF, 0xFF, 0xFF, 0xFF, 0xFF, 0xFF, 
	0xFF, 0xFF, 0xFF, 0xFF, 0xFF, 0xFF, 0xFF, 0xFF, 0xFE, 0xFF, 0xFF, 0xFF, 0xFF, 0xFF, 0xFF, 
	0xFF, 0xFF, 0xFF, 0xFF, 0xFF, 0xFF, 0xFF, 0xFF, 0xFF, 0xFE, 0xEE, 0xEF, 0xFF, 0xFF, 0xFF, 
	0xFE, 0xFE, 0xED, 0xDC, 0xA8, 0x87, 0x66, 0x55, 0x45, 0x55, 0x55, 0x43, 0x33, 0x33, 0x33, 
	0x33, 0x33, 0x44, 0x43, 0x33, 0x33, 0x33, 0x33, 0x22, 0x22, 0x22, 0x33, 0x22, 0x22, 0x33, 
	0x34, 0x44, 0x43, 0x33, 0x33, 0x44, 0x44, 0x45, 0x44, 0x22, 0x33, 0x33, 0x33, 0x33, 0x33, 
	0x33, 0x34, 0x33, 0x33, 0x33, 0x34, 0x43, 0x23, 0x33, 0x33, 0x22, 0x22, 0x22, 0x33, 0x23, 
	0x44, 0x44, 0x44, 0x32, 0x33, 0x45, 0x66, 0x66, 0x77, 0x63, 0x22, 0x11, 0x12, 0x34, 0x44, 
	0x45, 0x44, 0x32, 0x22, 0x22, 0x23, 0x35, 0x65, 0x55, 0x67, 0x75, 0x43, 0x11, 0x12, 0x23, 
	0x57, 0x77, 0x66, 0x76, 0x55, 0x54, 0x33, 0x45, 0x43, 0x33, 0x22, 0x33, 0x33, 0x33, 0x33, 
	0x44, 0x54, 0x45, 0x55, 0x54, 0x33, 0x43, 0x33, 0x22, 0x23, 0x34, 0x44, 0x44, 0x44, 0x44, 
	0x55, 0x55, 0x66, 0x66, 0x66, 0x66, 0x77, 0x77, 0x77, 0x77, 0x77, 0x77, 0x77, 0x87, 0x77, 
	0x78, 0x87, 0x88, 0x88, 0x88, 0x88, 0x88, 0x88, 0x88, 0x88, 0x88, 0x88, 0x88, 0x87, 0x77, 
	0x78, 0x88, 0x88, 0x88, 0x88, 0x88, 0x88, 0x88, 0x88, 0x88, 0x88, 0x88, 0x88, 0x88, 0x88, 
	0x88, 0x88, 0x88, 0x88, 0x88, 0x88, 0x88, 0x88, 0x88, 0x88, 0x88, 0x88, 0x88, 0x88, 0x88, 
	0x88, 0x88, 0x88, 0x88, 0x88, 0x88, 0x88, 0x88, 0x88, 0x88, 0x88, 0x88, 0x98, 0x88, 0x88, 
	0x88, 0x88, 0x98, 0x88, 0x99, 0x88, 0x98, 0x89, 0x99, 0x88, 0x88, 0x99, 0x88, 0x89, 0x98, 
	0x88, 0x88, 0x88, 0x88, 0x88, 0x88, 0x88, 0x88, 0x88, 0x89, 0x99, 0x99, 0x99, 0x88, 0x99, 
	0xBB, 0xBB, 0xBB, 0xCB, 0xBB, 0xBA, 0xAA, 0xBB, 0xBB, 0xAA, 0x99, 0xAB, 0xBB, 0xBB, 0xBB, 
	0xBB, 0xBB, 0xBB, 0xBB, 0xBB, 0xCC, 0xCC, 0xCC, 0xBB, 0xBB, 0xCB, 0xBB, 0xBB, 0xBB, 0xBB, 
	0xBB, 0xCC, 0xBB, 0xBB, 0xAA, 0xAA, 0xBA, 0xAC, 0xEF, 0xFF, 0xFF, 0xFF, 0xFF, 0xFF, 0xFF, 
	0xFF, 0xFF, 0xFF, 0xFF, 0xFF, 0xFF, 0xFF, 0xFF, 0xFF, 0xFF, 0xFF, 0xFF, 0xFF, 0xFF, 0xFF, 
	0xFF, 0xFF, 0xFF, 0xFF, 0xFF, 0xFF, 0xFF, 0xFF, 0xFF, 0xFF, 0xEE, 0xEF, 0xFF, 0xFF, 0xFF, 
	0xFE, 0xEE, 0xED, 0xDB, 0xA8, 0x77, 0x66, 0x55, 0x55, 0x55, 0x54, 0x33, 0x33, 0x33, 0x33, 
	0x33, 0x34, 0x44, 0x33, 0x33, 0x33, 0x23, 0x33, 0x33, 0x33, 0x33, 0x33, 0x33, 0x33, 0x33, 
	0x44, 0x44, 0x43, 0x33, 0x33, 0x44, 0x45, 0x55, 0x54, 0x33, 0x33, 0x44, 0x33, 0x33, 0x33, 
	0x33, 0x44, 0x33, 0x33, 0x33, 0x33, 0x32, 0x22, 0x33, 0x33, 0x22, 0x22, 0x22, 0x22, 0x22, 
	0x34, 0x44, 0x44, 0x33, 0x23, 0x45, 0x67, 0x77, 0x77, 0x64, 0x22, 0x11, 0x11, 0x34, 0x43, 
	0x45, 0x54, 0x33, 0x22, 0x22, 0x23, 0x35, 0x66, 0x56, 0x66, 0x54, 0x32, 0x11, 0x13, 0x34, 
	0x57, 0x76, 0x67, 0x76, 0x66, 0x54, 0x34, 0x55, 0x43, 0x34, 0x32, 0x33, 0x43, 0x33, 0x33, 
	0x44, 0x44, 0x44, 0x55, 0x54, 0x33, 0x33, 0x32, 0x22, 0x33, 0x33, 0x44, 0x44, 0x44, 0x45, 
	0x55, 0x45, 0x66, 0x66, 0x66, 0x66, 0x66, 0x77, 0x77, 0x77, 0x77, 0x77, 0x77, 0x87, 0x77, 
	0x77, 0x87, 0x78, 0x88, 0x88, 0x77, 0x88, 0x88, 0x88, 0x88, 0x88, 0x88, 0x88, 0x88, 0x77, 
	0x88, 0x88, 0x88, 0x88, 0x88, 0x88, 0x88, 0x88, 0x88, 0x88, 0x88, 0x88, 0x88, 0x88, 0x89, 
	0x88, 0x88, 0x88, 0x88, 0x88, 0x88, 0x88, 0x88, 0x88, 0x88, 0x88, 0x88, 0x88, 0x88, 0x88, 
	0x88, 0x88, 0x88, 0x88, 0x88, 0x88, 0x89, 0x88, 0x88, 0x88, 0x88, 0x88, 0x98, 0x88, 0x88, 
	0x88, 0x88, 0x88, 0x88, 0x88, 0x88, 0x88, 0x89, 0x88, 0x88, 0x98, 0x99, 0x98, 0x88, 0x98, 
	0x88, 0x88, 0x88, 0x88, 0x88, 0x88, 0x88, 0x88, 0x88, 0x88, 0x89, 0x89, 0x99, 0x98, 0x88, 
	0xBC, 0xCC, 0xBC, 0xCC, 0xBB, 0xBA, 0xAA, 0xAA, 0xAA, 0xAA, 0xAA, 0xAB, 0xBB, 0xBB, 0xBB, 
	0xBB, 0xBB, 0xBB, 0xBB, 0xBB, 0xCC, 0xCC, 0xCC, 0xCB, 0xBB, 0xBB, 0xBB, 0xBB, 0xBB, 0xCC, 
	0xBB, 0xBB, 0xBB, 0xBB, 0xAA, 0xAB, 0xBB, 0xBC, 0xEF, 0xFF, 0xFF, 0xFF, 0xFF, 0xFF, 0xFF, 
	0xFF, 0xFF, 0xFF, 0xFF, 0xFF, 0xFF, 0xFF, 0xFF, 0xFF, 0xFF, 0xFF, 0xFF, 0xFF, 0xFF, 0xFF, 
	0xFF, 0xFF, 0xFF, 0xFF, 0xFF, 0xFF, 0xFF, 0xFF, 0xFF, 0xFF, 0xFF, 0xEF, 0xFF, 0xFF, 0xFF, 
	0xFF, 0xEE, 0xED, 0xDB, 0x98, 0x77, 0x66, 0x55, 0x45, 0x55, 0x54, 0x33, 0x33, 0x33, 0x34, 
	0x44, 0x34, 0x44, 0x33, 0x33, 0x33, 0x23, 0x33, 0x34, 0x44, 0x43, 0x33, 0x33, 0x33, 0x33, 
	0x44, 0x44, 0x44, 0x44, 0x43, 0x33, 0x44, 0x45, 0x54, 0x33, 0x33, 0x44, 0x43, 0x33, 0x33, 
	0x33, 0x34, 0x33, 0x33, 0x33, 0x33, 0x22, 0x22, 0x23, 0x33, 0x22, 0x22, 0x22, 0x22, 0x22, 
	0x23, 0x44, 0x44, 0x33, 0x22, 0x35, 0x67, 0x77, 0x67, 0x75, 0x33, 0x21, 0x11, 0x23, 0x33, 
	0x45, 0x55, 0x43, 0x32, 0x23, 0x23, 0x24, 0x55, 0x66, 0x66, 0x43, 0x22, 0x11, 0x23, 0x34, 
	0x57, 0x77, 0x67, 0x77, 0x76, 0x54, 0x44, 0x54, 0x33, 0x44, 0x33, 0x34, 0x44, 0x33, 0x33, 
	0x44, 0x44, 0x44, 0x55, 0x54, 0x44, 0x33, 0x32, 0x23, 0x33, 0x23, 0x44, 0x44, 0x44, 0x55, 
	0x54, 0x45, 0x66, 0x65, 0x66, 0x66, 0x66, 0x66, 0x67, 0x77, 0x77, 0x77, 0x77, 0x77, 0x77, 
	0x77, 0x77, 0x77, 0x78, 0x88, 0x77, 0x88, 0x88, 0x88, 0x87, 0x88, 0x88, 0x88, 0x88, 0x88, 
	0x88, 0x88, 0x88, 0x88, 0x88, 0x88, 0x88, 0x88, 0x88, 0x88, 0x88, 0x88, 0x88, 0x88, 0x88, 
	0x88, 0x88, 0x88, 0x88, 0x88, 0x88, 0x88, 0x88, 0x88, 0x88, 0x88, 0x88, 0x88, 0x88, 0x88, 
	0x88, 0x88, 0x88, 0x88, 0x88, 0x88, 0x88, 0x88, 0x88, 0x88, 0x88, 0x88, 0x88, 0x88, 0x88, 
	0x88, 0x88, 0x88, 0x88, 0x88, 0x88, 0x88, 0x88, 0x88, 0x88, 0x88, 0x88, 0x99, 0x88, 0x88, 
	0x88, 0x88, 0x88, 0x88, 0x88, 0x88, 0x89, 0x99, 0x88, 0x88, 0x88, 0x88, 0x88, 0x99, 0x99, 
	0xCC, 0xCB, 0xBC, 0xCB, 0xAA, 0xAA, 0xAA, 0xAA, 0xAA, 0xAB, 0xBB, 0xBB, 0xBB, 0xBB, 0xBB, 
	0xBB, 0xCC, 0xBB, 0xAA, 0xBC, 0xCC, 0xBB, 0xCC, 0xCB, 0xBB, 0xBB, 0xBA, 0xAB, 0xBB, 0xCC, 
	0xBB, 0xBB, 0xBB, 0xBB, 0xAA, 0xBB, 0xBB, 0xBC, 0xEF, 0xFF, 0xFF, 0xFF, 0xFF, 0xFF, 0xFF, 
	0xFF, 0xFF, 0xFF, 0xFF, 0xFF, 0xFF, 0xFF, 0xFF, 0xFF, 0xFF, 0xFF, 0xFF, 0xFF, 0xFF, 0xFF, 
	0xFF, 0xFF, 0xFF, 0xFF, 0xFF, 0xFF, 0xFF, 0xFF, 0xFF, 0xEF, 0xFF, 0xEF, 0xFF, 0xFF, 0xFF, 
	0xFF, 0xEE, 0xED, 0xCA, 0x97, 0x76, 0x66, 0x55, 0x55, 0x55, 0x54, 0x33, 0x33, 0x43, 0x34, 
	0x44, 0x33, 0x43, 0x33, 0x33, 0x33, 0x33, 0x33, 0x34, 0x55, 0x54, 0x32, 0x22, 0x23, 0x33, 
	0x44, 0x44, 0x44, 0x55, 0x44, 0x33, 0x34, 0x44, 0x55, 0x43, 0x34, 0x44, 0x33, 0x23, 0x33, 
	0x33, 0x33, 0x33, 0x33, 0x33, 0x33, 0x22, 0x22, 0x23, 0x33, 0x22, 0x33, 0x22, 0x23, 0x33, 
	0x23, 0x44, 0x44, 0x33, 0x22, 0x35, 0x66, 0x77, 0x77, 0x86, 0x43, 0x21, 0x11, 0x23, 0x43, 
	0x45, 0x65, 0x54, 0x32, 0x33, 0x22, 0x22, 0x45, 0x57, 0x76, 0x43, 0x22, 0x11, 0x12, 0x35, 
	0x67, 0x77, 0x67, 0x88, 0x76, 0x55, 0x44, 0x44, 0x34, 0x34, 0x44, 0x44, 0x44, 0x44, 0x43, 
	0x34, 0x44, 0x44, 0x54, 0x55, 0x54, 0x33, 0x33, 0x32, 0x22, 0x23, 0x44, 0x44, 0x44, 0x55, 
	0x44, 0x45, 0x66, 0x65, 0x66, 0x66, 0x66, 0x66, 0x66, 0x77, 0x77, 0x77, 0x77, 0x77, 0x77, 
	0x77, 0x77, 0x77, 0x77, 0x78, 0x87, 0x88, 0x88, 0x88, 0x77, 0x78, 0x88, 0x88, 0x88, 0x88, 
	0x88, 0x88, 0x88, 0x88, 0x88, 0x88, 0x88, 0x88, 0x88, 0x88, 0x88, 0x88, 0x88, 0x88, 0x88, 
	0x88, 0x88, 0x88, 0x88, 0x88, 0x88, 0x88, 0x88, 0x88, 0x88, 0x88, 0x88, 0x88, 0x88, 0x88, 
	0x88, 0x88, 0x88, 0x88, 0x88, 0x88, 0x88, 0x88, 0x88, 0x88, 0x88, 0x88, 0x88, 0x88, 0x88, 
	0x88, 0x88, 0x88, 0x88, 0x88, 0x88, 0x88, 0x88, 0x88, 0x88, 0x88, 0x88, 0x88, 0x88, 0x88, 
	0x99, 0x88, 0x88, 0x88, 0x98, 0x88, 0x89, 0x99, 0x99, 0x98, 0x88, 0x88, 0x88, 0x89, 0x99, 
	0xCB, 0xBA, 0xAB, 0xAA, 0x98, 0x89, 0xAA, 0xA9, 0xAC, 0xDC, 0xCB, 0xBB, 0xAB, 0xBB, 0xBB, 
	0xBB, 0xCB, 0xAA, 0xAA, 0xBB, 0xCC, 0xBB, 0xCB, 0xBB, 0xBB, 0xBB, 0xAA, 0xAA, 0xAA, 0xBB, 
	0xBB, 0xBA, 0xBB, 0xBB, 0xBA, 0xAB, 0xBA, 0xAC, 0xEF, 0xFF, 0xFE, 0xEF, 0xFF, 0xFF, 0xFF, 
	0xFF, 0xFF, 0xFF, 0xFF, 0xFF, 0xFE, 0xFF, 0xFF, 0xFF, 0xFF, 0xFF, 0xFF, 0xFF, 0xFF, 0xFF, 
	0xFF, 0xFF, 0xFF, 0xFF, 0xFF, 0xFF, 0xFF, 0xFF, 0xFF, 0xFF, 0xFF, 0xFF, 0xFF, 0xFF, 0xFF, 
	0xFF, 0xEE, 0xED, 0xCA, 0x98, 0x76, 0x66, 0x55, 0x45, 0x56, 0x54, 0x43, 0x33, 0x33, 0x34, 
	0x44, 0x43, 0x33, 0x33, 0x33, 0x33, 0x33, 0x33, 0x44, 0x55, 0x54, 0x32, 0x22, 0x33, 0x33, 
	0x33, 0x44, 0x44, 0x44, 0x44, 0x43, 0x34, 0x45, 0x54, 0x33, 0x33, 0x33, 0x33, 0x32, 0x33, 
	0x33, 0x44, 0x44, 0x44, 0x43, 0x33, 0x22, 0x21, 0x12, 0x33, 0x23, 0x33, 0x22, 0x23, 0x33, 
	0x32, 0x34, 0x43, 0x33, 0x32, 0x35, 0x56, 0x77, 0x77, 0x77, 0x53, 0x32, 0x11, 0x23, 0x34, 
	0x45, 0x66, 0x55, 0x42, 0x32, 0x23, 0x22, 0x33, 0x57, 0x87, 0x54, 0x32, 0x21, 0x12, 0x35, 
	0x67, 0x87, 0x66, 0x77, 0x76, 0x55, 0x44, 0x43, 0x44, 0x33, 0x45, 0x55, 0x55, 0x44, 0x44, 
	0x44, 0x44, 0x44, 0x44, 0x45, 0x55, 0x44, 0x33, 0x33, 0x33, 0x33, 0x44, 0x44, 0x44, 0x44, 
	0x44, 0x55, 0x66, 0x66, 0x66, 0x66, 0x66, 0x66, 0x66, 0x77, 0x77, 0x77, 0x77, 0x77, 0x77, 
	0x77, 0x77, 0x77, 0x78, 0x87, 0x77, 0x88, 0x87, 0x77, 0x78, 0x88, 0x88, 0x77, 0x88, 0x88, 
	0x87, 0x78, 0x88, 0x88, 0x88, 0x88, 0x88, 0x88, 0x88, 0x88, 0x88, 0x88, 0x88, 0x88, 0x88, 
	0x88, 0x88, 0x88, 0x88, 0x88, 0x88, 0x88, 0x88, 0x88, 0x88, 0x88, 0x89, 0x88, 0x88, 0x88, 
	0x88, 0x88, 0x88, 0x88, 0x88, 0x88, 0x88, 0x88, 0x89, 0x88, 0x89, 0x99, 0x88, 0x88, 0x88, 
	0x88, 0x88, 0x88, 0x88, 0x88, 0x88, 0x88, 0x88, 0x88, 0x88, 0x88, 0x88, 0x88, 0x88, 0x88, 
	0x99, 0x88, 0x88, 0x89, 0x99, 0x88, 0x88, 0x88, 0x88, 0x88, 0x88, 0x88, 0x88, 0x88, 0x89, 
	0xBB, 0xAA, 0xAA, 0x99, 0x88, 0x99, 0xAB, 0xAA, 0xBC, 0xDD, 0xCB, 0xBB, 0xBB, 0xBB, 0xBB, 
	0xBB, 0xBA, 0xA9, 0x9A, 0xBC, 0xCC, 0xBB, 0xBB, 0xA9, 0xAA, 0xAA, 0xAA, 0xAA, 0xAA, 0xAA, 
	0xAA, 0xAA, 0xAB, 0xBA, 0xAA, 0xAA, 0xAA, 0xAC, 0xEF, 0xFF, 0xFF, 0xFF, 0xFF, 0xFF, 0xFF, 
	0xFF, 0xFF, 0xFF, 0xFF, 0xFF, 0xFF, 0xFF, 0xFF, 0xFF, 0xFF, 0xFF, 0xFF, 0xFF, 0xFF, 0xFF, 
	0xFF, 0xFF, 0xFF, 0xFF, 0xFF, 0xFF, 0xFF, 0xFF, 0xFF, 0xFF, 0xFF, 0xFF, 0xFF, 0xFF, 0xFF, 
	0xFF, 0xEE, 0xEE, 0xCB, 0x98, 0x76, 0x55, 0x55, 0x44, 0x55, 0x54, 0x43, 0x33, 0x43, 0x34, 
	0x44, 0x33, 0x33, 0x33, 0x32, 0x22, 0x22, 0x33, 0x44, 0x44, 0x43, 0x32, 0x23, 0x34, 0x43, 
	0x33, 0x44, 0x44, 0x44, 0x44, 0x44, 0x44, 0x44, 0x44, 0x33, 0x33, 0x33, 0x33, 0x33, 0x33, 
	0x34, 0x44, 0x44, 0x45, 0x43, 0x23, 0x22, 0x22, 0x12, 0x22, 0x33, 0x33, 0x32, 0x23, 0x34, 
	0x32, 0x23, 0x43, 0x33, 0x33, 0x34, 0x56, 0x77, 0x77, 0x77, 0x64, 0x32, 0x11, 0x12, 0x34, 
	0x44, 0x66, 0x55, 0x43, 0x22, 0x23, 0x22, 0x33, 0x47, 0x87, 0x54, 0x32, 0x11, 0x22, 0x35, 
	0x67, 0x76, 0x66, 0x66, 0x65, 0x55, 0x44, 0x43, 0x44, 0x33, 0x45, 0x66, 0x65, 0x55, 0x45, 
	0x44, 0x44, 0x44, 0x44, 0x44, 0x55, 0x54, 0x33, 0x33, 0x33, 0x33, 0x44, 0x33, 0x44, 0x44, 
	0x44, 0x55, 0x66, 0x66, 0x66, 0x66, 0x66, 0x66, 0x67, 0x77, 0x77, 0x77, 0x77, 0x77, 0x77, 
	0x77, 0x77, 0x77, 0x78, 0x87, 0x77, 0x77, 0x87, 0x77, 0x78, 0x78, 0x88, 0x87, 0x88, 0x88, 
	0x88, 0x88, 0x88, 0x88, 0x88, 0x88, 0x88, 0x88, 0x88, 0x88, 0x88, 0x88, 0x88, 0x88, 0x88, 
	0x88, 0x88, 0x88, 0x88, 0x88, 0x88, 0x88, 0x88, 0x88, 0x88, 0x88, 0x88, 0x88, 0x88, 0x88, 
	0x88, 0x88, 0x88, 0x88, 0x88, 0x88, 0x88, 0x88, 0x89, 0x88, 0x89, 0x99, 0x88, 0x88, 0x88, 
	0x88, 0x88, 0x88, 0x88, 0x88, 0x88, 0x88, 0x88, 0x88, 0x88, 0x88, 0x88, 0x88, 0x88, 0x89, 
	0x98, 0x88, 0x89, 0x98, 0x88, 0x99, 0x99, 0x98, 0x88, 0x88, 0x88, 0x88, 0x88, 0x88, 0x88, 
	0xBA, 0xAA, 0x99, 0x99, 0x99, 0x9A, 0xAB, 0xAA, 0xBB, 0xCC, 0xBB, 0xBB, 0xCC, 0xCC, 0xCC, 
	0xBB, 0xBB, 0xBA, 0xAB, 0xCC, 0xDD, 0xCB, 0xAA, 0x99, 0x99, 0x9A, 0xAA, 0xA9, 0xA9, 0x99, 
	0x99, 0xAA, 0xAA, 0xAA, 0xAA, 0xAA, 0xA9, 0xAB, 0xEF, 0xFF, 0xFF, 0xFF, 0xFF, 0xFF, 0xFF, 
	0xFF, 0xFF, 0xFF, 0xFF, 0xFF, 0xFF, 0xFF, 0xFF, 0xFF, 0xFF, 0xFF, 0xFF, 0xFF, 0xFF, 0xFF, 
	0xFF, 0xFF, 0xFF, 0xFF, 0xFF, 0xFF, 0xFF, 0xFF, 0xFF, 0xFF, 0xFF, 0xFF, 0xFF, 0xFF, 0xFF, 
	0xFE, 0xEE, 0xEE, 0xDB, 0xA9, 0x86, 0x55, 0x55, 0x44, 0x55, 0x54, 0x44, 0x34, 0x44, 0x33, 
	0x33, 0x33, 0x32, 0x23, 0x32, 0x22, 0x22, 0x33, 0x33, 0x33, 0x33, 0x22, 0x23, 0x34, 0x43, 
	0x33, 0x34, 0x44, 0x44, 0x44, 0x44, 0x44, 0x44, 0x43, 0x33, 0x33, 0x34, 0x43, 0x33, 0x33, 
	0x44, 0x44, 0x33, 0x45, 0x43, 0x33, 0x33, 0x33, 0x22, 0x22, 0x23, 0x33, 0x33, 0x33, 0x44, 
	0x32, 0x22, 0x44, 0x33, 0x43, 0x34, 0x56, 0x77, 0x77, 0x77, 0x65, 0x43, 0x21, 0x12, 0x34, 
	0x34, 0x66, 0x66, 0x53, 0x22, 0x23, 0x32, 0x22, 0x46, 0x77, 0x55, 0x42, 0x11, 0x22, 0x35, 
	0x66, 0x76, 0x66, 0x65, 0x55, 0x54, 0x44, 0x34, 0x44, 0x34, 0x55, 0x66, 0x65, 0x55, 0x55, 
	0x44, 0x44, 0x55, 0x44, 0x44, 0x55, 0x54, 0x33, 0x34, 0x43, 0x33, 0x34, 0x33, 0x44, 0x43, 
	0x44, 0x55, 0x56, 0x66, 0x66, 0x66, 0x66, 0x66, 0x77, 0x77, 0x67, 0x77, 0x77, 0x77, 0x77, 
	0x78, 0x77, 0x77, 0x78, 0x87, 0x77, 0x77, 0x77, 0x77, 0x78, 0x78, 0x88, 0x87, 0x78, 0x88, 
	0x88, 0x88, 0x88, 0x87, 0x77, 0x88, 0x88, 0x88, 0x88, 0x88, 0x88, 0x88, 0x88, 0x88, 0x88, 
	0x88, 0x88, 0x88, 0x88, 0x88, 0x88, 0x88, 0x88, 0x88, 0x88, 0x88, 0x88, 0x88, 0x99, 0x88, 
	0x88, 0x88, 0x88, 0x88, 0x88, 0x88, 0x88, 0x89, 0x99, 0x88, 0x89, 0x99, 0x98, 0x88, 0x88, 
	0x88, 0x88, 0x88, 0x88, 0x88, 0x88, 0x88, 0x88, 0x88, 0x88, 0x98, 0x88, 0x88, 0x88, 0x89, 
	0x88, 0x88, 0x99, 0x98, 0x88, 0x99, 0x98, 0x98, 0x88, 0x88, 0x88, 0x88, 0x88, 0x88, 0x88, 
	0xAA, 0xAA, 0xA9, 0x9A, 0xAA, 0xAA, 0xAA, 0xAA, 0x9A, 0xBB, 0xBA, 0xBB, 0xCE, 0xEE, 0xEE, 
	0xED, 0xED, 0xDD, 0xDD, 0xEE, 0xFE, 0xDC, 0xBA, 0xA9, 0x99, 0x99, 0xAA, 0x99, 0x99, 0x99, 
	0x99, 0xAA, 0xA9, 0x99, 0xAA, 0x99, 0xAA, 0xAB, 0xEF, 0xFF, 0xFF, 0xFF, 0xFF, 0xFF, 0xFF, 
	0xFF, 0xFF, 0xFF, 0xFF, 0xFF, 0xFF, 0xFF, 0xFF, 0xFF, 0xFF, 0xFF, 0xFF, 0xFF, 0xFF, 0xFF, 
	0xFF, 0xFF, 0xFF, 0xFF, 0xFF, 0xFF, 0xFF, 0xFF, 0xFF, 0xFF, 0xFF, 0xFF, 0xFF, 0xFF, 0xFF, 
	0xFF, 0xEE, 0xEE, 0xDB, 0xA9, 0x77, 0x65, 0x54, 0x45, 0x55, 0x55, 0x44, 0x44, 0x44, 0x44, 
	0x33, 0x33, 0x33, 0x33, 0x33, 0x22, 0x22, 0x33, 0x22, 0x23, 0x32, 0x22, 0x22, 0x33, 0x33, 
	0x33, 0x34, 0x44, 0x44, 0x44, 0x44, 0x44, 0x44, 0x33, 0x32, 0x33, 0x44, 0x44, 0x33, 0x33, 
	0x44, 0x33, 0x33, 0x34, 0x43, 0x33, 0x33, 0x33, 0x22, 0x23, 0x33, 0x33, 0x33, 0x34, 0x34, 
	0x43, 0x22, 0x34, 0x34, 0x43, 0x34, 0x45, 0x77, 0x77, 0x77, 0x66, 0x43, 0x21, 0x12, 0x33, 
	0x34, 0x55, 0x66, 0x63, 0x22, 0x33, 0x32, 0x22, 0x36, 0x67, 0x54, 0x32, 0x11, 0x23, 0x46, 
	0x77, 0x76, 0x66, 0x65, 0x55, 0x54, 0x44, 0x44, 0x44, 0x34, 0x55, 0x56, 0x55, 0x56, 0x65, 
	0x55, 0x44, 0x55, 0x54, 0x44, 0x55, 0x54, 0x44, 0x44, 0x44, 0x33, 0x33, 0x33, 0x45, 0x44, 
	0x44, 0x44, 0x55, 0x66, 0x66, 0x66, 0x66, 0x66, 0x66, 0x67, 0x77, 0x77, 0x77, 0x77, 0x77, 
	0x78, 0x87, 0x77, 0x77, 0x77, 0x77, 0x77, 0x77, 0x77, 0x77, 0x77, 0x88, 0x87, 0x77, 0x88, 
	0x88, 0x88, 0x88, 0x77, 0x77, 0x78, 0x88, 0x88, 0x88, 0x88, 0x88, 0x88, 0x88, 0x88, 0x88, 
	0x88, 0x88, 0x88, 0x88, 0x88, 0x88, 0x88, 0x88, 0x88, 0x88, 0x88, 0x88, 0x88, 0x88, 0x88, 
	0x88, 0x88, 0x88, 0x88, 0x88, 0x88, 0x88, 0x99, 0x98, 0x88, 0x88, 0x99, 0x99, 0x88, 0x88, 
	0x88, 0x88, 0x88, 0x88, 0x88, 0x88, 0x88, 0x88, 0x88, 0x88, 0x88, 0x89, 0x88, 0x88, 0x88, 
	0x88, 0x88, 0x89, 0x98, 0x88, 0x99, 0x98, 0x88, 0x88, 0x88, 0x88, 0x88, 0x88, 0x88, 0x89, 
	0x99, 0xAA, 0xA9, 0x99, 0xAA, 0xAA, 0xAA, 0xAA, 0x9A, 0xAA, 0xAA, 0xAA, 0xCE, 0xFF, 0xFF, 
	0xFF, 0xFF, 0xFF, 0xFF, 0xFF, 0xFF, 0xFE, 0xDC, 0xCB, 0xA9, 0x98, 0x99, 0x99, 0x99, 0x99, 
	0x99, 0x99, 0x99, 0x99, 0xAA, 0x9A, 0xAA, 0xAB, 0xDF, 0xFF, 0xFF, 0xFF, 0xFF, 0xFF, 0xFF, 
	0xFF, 0xFF, 0xFE, 0xFF, 0xFF, 0xFF, 0xFF, 0xFF, 0xFF, 0xFF, 0xFF, 0xFF, 0xFF, 0xFF, 0xFF, 
	0xFF, 0xFF, 0xFF, 0xFF, 0xFF, 0xFF, 0xFF, 0xFF, 0xFF, 0xFF, 0xFF, 0xFF, 0xFF, 0xFF, 0xFF, 
	0xFF, 0xFF, 0xEE, 0xDB, 0xA9, 0x87, 0x65, 0x44, 0x45, 0x55, 0x55, 0x54, 0x44, 0x44, 0x44, 
	0x43, 0x33, 0x33, 0x33, 0x33, 0x32, 0x23, 0x34, 0x33, 0x33, 0x33, 0x22, 0x22, 0x23, 0x33, 
	0x33, 0x34, 0x44, 0x34, 0x44, 0x43, 0x34, 0x33, 0x33, 0x32, 0x23, 0x44, 0x44, 0x33, 0x33, 
	0x44, 0x33, 0x33, 0x33, 0x33, 0x33, 0x22, 0x22, 0x23, 0x33, 0x44, 0x33, 0x33, 0x44, 0x34, 
	0x43, 0x33, 0x33, 0x33, 0x43, 0x34, 0x45, 0x67, 0x77, 0x67, 0x66, 0x44, 0x32, 0x12, 0x22, 
	0x33, 0x45, 0x56, 0x63, 0x32, 0x34, 0x33, 0x22, 0x35, 0x56, 0x54, 0x32, 0x22, 0x24, 0x57, 
	0x77, 0x76, 0x66, 0x66, 0x65, 0x54, 0x44, 0x44, 0x43, 0x34, 0x55, 0x45, 0x55, 0x66, 0x65, 
	0x45, 0x54, 0x55, 0x54, 0x55, 0x55, 0x44, 0x44, 0x44, 0x44, 0x33, 0x33, 0x33, 0x44, 0x54, 
	0x44, 0x44, 0x55, 0x56, 0x66, 0x66, 0x65, 0x55, 0x55, 0x66, 0x77, 0x77, 0x77, 0x77, 0x77, 
	0x77, 0x77, 0x77, 0x77, 0x77, 0x77, 0x77, 0x77, 0x77, 0x77, 0x77, 0x87, 0x77, 0x77, 0x88, 
	0x88, 0x88, 0x88, 0x88, 0x77, 0x78, 0x88, 0x88, 0x88, 0x88, 0x88, 0x88, 0x88, 0x88, 0x88, 
	0x88, 0x88, 0x88, 0x88, 0x88, 0x88, 0x88, 0x88, 0x88, 0x88, 0x88, 0x88, 0x88, 0x88, 0x88, 
	0x88, 0x88, 0x98, 0x88, 0x88, 0x88, 0x88, 0x99, 0x98, 0x89, 0x98, 0x88, 0x99, 0x88, 0x88, 
	0x88, 0x88, 0x88, 0x88, 0x88, 0x88, 0x88, 0x88, 0x88, 0x88, 0x88, 0x88, 0x98, 0x89, 0x88, 
	0x89, 0x98, 0x88, 0x89, 0x99, 0x98, 0x88, 0x88, 0x88, 0x88, 0x88, 0x88, 0x88, 0x88, 0x99, 
	0x9A, 0xAB, 0xA9, 0x99, 0x99, 0x99, 0x99, 0x99, 0xAA, 0xAA, 0xAA, 0xAA, 0xBC, 0xEF, 0xFF, 
	0xFF, 0xFF, 0xFF, 0xFF, 0xFF, 0xFF, 0xFF, 0xFF, 0xEE, 0xDB, 0x98, 0x88, 0x9A, 0x99, 0xAA, 
	0x99, 0x99, 0x99, 0x99, 0x99, 0x9A, 0xAA, 0xAB, 0xDF, 0xFF, 0xFF, 0xFF, 0xFF, 0xFF, 0xFF, 
	0xFF, 0xFF, 0xFE, 0xFF, 0xFF, 0xFF, 0xFF, 0xFF, 0xFF, 0xFF, 0xFF, 0xFF, 0xFF, 0xFF, 0xFF, 
	0xFF, 0xFF, 0xFF, 0xFF, 0xFF, 0xFF, 0xFF, 0xFF, 0xFF, 0xFF, 0xFF, 0xFF, 0xFF, 0xFF, 0xFF, 
	0xFF, 0xFF, 0xFE, 0xDC, 0xBA, 0x87, 0x55, 0x44, 0x56, 0x66, 0x55, 0x54, 0x44, 0x44, 0x34, 
	0x33, 0x33, 0x33, 0x33, 0x33, 0x33, 0x23, 0x34, 0x33, 0x33, 0x33, 0x32, 0x22, 0x22, 0x22, 
	0x33, 0x44, 0x33, 0x33, 0x44, 0x33, 0x34, 0x33, 0x33, 0x32, 0x33, 0x44, 0x43, 0x33, 0x34, 
	0x44, 0x33, 0x33, 0x32, 0x33, 0x32, 0x22, 0x22, 0x33, 0x33, 0x44, 0x44, 0x33, 0x33, 0x34, 
	0x44, 0x33, 0x33, 0x43, 0x33, 0x34, 0x45, 0x67, 0x76, 0x67, 0x76, 0x54, 0x32, 0x12, 0x22, 
	0x23, 0x34, 0x55, 0x64, 0x32, 0x33, 0x33, 0x22, 0x35, 0x55, 0x53, 0x22, 0x22, 0x34, 0x67, 
	0x87, 0x76, 0x67, 0x77, 0x76, 0x54, 0x43, 0x44, 0x33, 0x34, 0x55, 0x55, 0x54, 0x56, 0x55, 
	0x45, 0x44, 0x44, 0x54, 0x55, 0x44, 0x44, 0x55, 0x44, 0x33, 0x33, 0x33, 0x33, 0x44, 0x55, 
	0x44, 0x44, 0x45, 0x56, 0x66, 0x66, 0x66, 0x55, 0x55, 0x66, 0x67, 0x76, 0x77, 0x77, 0x77, 
	0x77, 0x77, 0x77, 0x77, 0x77, 0x77, 0x77, 0x77, 0x77, 0x77, 0x77, 0x77, 0x77, 0x77, 0x78, 
	0x87, 0x77, 0x88, 0x88, 0x88, 0x88, 0x88, 0x78, 0x88, 0x88, 0x88, 0x88, 0x88, 0x88, 0x88, 
	0x88, 0x88, 0x88, 0x88, 0x78, 0x88, 0x88, 0x88, 0x88, 0x88, 0x88, 0x88, 0x88, 0x88, 0x88, 
	0x88, 0x88, 0x88, 0x88, 0x88, 0x88, 0x88, 0x88, 0x88, 0x89, 0x98, 0x88, 0x88, 0x88, 0x88, 
	0x88, 0x88, 0x98, 0x88, 0x88, 0x88, 0x99, 0x99, 0x88, 0x89, 0x88, 0x88, 0x99, 0x99, 0x88, 
	0x99, 0x99, 0x88, 0x89, 0x99, 0x99, 0x99, 0x99, 0x99, 0x99, 0x98, 0x88, 0x88, 0x88, 0x89, 
	0xAA, 0xBC, 0xBB, 0xAA, 0xAA, 0xAA, 0xA9, 0xAA, 0xAA, 0xAA, 0xAA, 0xAA, 0xAB, 0xCE, 0xFF, 
	0xFF, 0xFF, 0xFF, 0xFF, 0xFE, 0xEC, 0xDE, 0xFF, 0xFF, 0xDC, 0xA9, 0x99, 0xAB, 0xBA, 0xAA, 
	0xAA, 0xAA, 0xAA, 0xA9, 0x99, 0x9A, 0xAB, 0xAB, 0xDF, 0xFF, 0xFF, 0xFF, 0xFF, 0xFF, 0xFF, 
	0xFF, 0xFF, 0xFE, 0xFF, 0xFF, 0xFF, 0xFF, 0xFF, 0xFF, 0xFF, 0xFF, 0xFF, 0xFF, 0xFF, 0xFF, 
	0xFF, 0xFF, 0xFF, 0xFF, 0xFF, 0xFF, 0xFF, 0xFF, 0xFF, 0xFF, 0xFF, 0xFF, 0xFF, 0xFF, 0xFF, 
	0xFF, 0xFE, 0xEE, 0xED, 0xCB, 0x97, 0x55, 0x55, 0x56, 0x66, 0x66, 0x55, 0x44, 0x44, 0x33, 
	0x33, 0x33, 0x33, 0x33, 0x33, 0x33, 0x33, 0x33, 0x33, 0x33, 0x22, 0x33, 0x22, 0x22, 0x22, 
	0x23, 0x44, 0x33, 0x33, 0x43, 0x33, 0x33, 0x33, 0x33, 0x33, 0x33, 0x44, 0x43, 0x33, 0x33, 
	0x44, 0x33, 0x34, 0x33, 0x33, 0x33, 0x22, 0x22, 0x34, 0x43, 0x34, 0x56, 0x43, 0x23, 0x44, 
	0x54, 0x43, 0x33, 0x43, 0x33, 0x34, 0x55, 0x56, 0x66, 0x67, 0x76, 0x65, 0x43, 0x22, 0x22, 
	0x22, 0x23, 0x55, 0x64, 0x32, 0x23, 0x33, 0x22, 0x45, 0x55, 0x53, 0x22, 0x12, 0x34, 0x68, 
	0x88, 0x77, 0x67, 0x78, 0x87, 0x54, 0x43, 0x33, 0x33, 0x34, 0x55, 0x55, 0x55, 0x56, 0x55, 
	0x44, 0x44, 0x44, 0x45, 0x55, 0x55, 0x45, 0x55, 0x44, 0x33, 0x33, 0x33, 0x33, 0x44, 0x44, 
	0x44, 0x44, 0x55, 0x56, 0x66, 0x66, 0x66, 0x66, 0x55, 0x56, 0x66, 0x67, 0x77, 0x77, 0x77, 
	0x77, 0x77, 0x77, 0x77, 0x77, 0x77, 0x77, 0x77, 0x77, 0x77, 0x88, 0x77, 0x77, 0x77, 0x77, 
	0x77, 0x77, 0x88, 0x88, 0x88, 0x88, 0x88, 0x78, 0x88, 0x88, 0x88, 0x88, 0x88, 0x88, 0x88, 
	0x88, 0x88, 0x88, 0x88, 0x88, 0x88, 0x88, 0x88, 0x88, 0x88, 0x88, 0x88, 0x88, 0x88, 0x88, 
	0x88, 0x88, 0x88, 0x88, 0x88, 0x88, 0x88, 0x88, 0x88, 0x89, 0x98, 0x88, 0x88, 0x88, 0x88, 
	0x88, 0x88, 0x98, 0x89, 0x88, 0x88, 0x99, 0x99, 0x88, 0x99, 0x98, 0x88, 0x99, 0x99, 0x88, 
	0x99, 0x99, 0x88, 0x89, 0x99, 0x99, 0x99, 0x99, 0x99, 0x99, 0x99, 0x88, 0x88, 0x88, 0x88, 
	0xAB, 0xCC, 0xCC, 0xBB, 0xAA, 0xAA, 0xAA, 0xAB, 0xBB, 0xAA, 0xAA, 0xAA, 0xA9, 0xAB, 0xDE, 
	0xEE, 0xEE, 0xFF, 0xED, 0xDC, 0xB8, 0x9C, 0xED, 0xDC, 0xCB, 0xAA, 0xBB, 0xBC, 0xCB, 0xAB, 
	0xBB, 0xBB, 0xAA, 0xA9, 0x99, 0x9A, 0xAB, 0xBB, 0xDF, 0xFF, 0xFF, 0xFF, 0xFF, 0xFF, 0xFF, 
	0xFF, 0xFF, 0xFF, 0xFF, 0xFF, 0xFF, 0xFF, 0xFF, 0xFF, 0xFF, 0xFF, 0xFF, 0xFF, 0xFF, 0xFF, 
	0xFF, 0xFF, 0xFF, 0xFF, 0xFF, 0xFF, 0xFF, 0xFF, 0xFF, 0xFF, 0xFF, 0xFF, 0xFF, 0xFF, 0xFF, 
	0xFF, 0xFE, 0xEE, 0xED, 0xCB, 0x97, 0x66, 0x65, 0x56, 0x66, 0x66, 0x65, 0x55, 0x44, 0x44, 
	0x33, 0x33, 0x33, 0x33, 0x33, 0x32, 0x32, 0x22, 0x33, 0x22, 0x22, 0x22, 0x22, 0x22, 0x22, 
	0x34, 0x54, 0x43, 0x33, 0x33, 0x33, 0x33, 0x33, 0x33, 0x33, 0x33, 0x44, 0x43, 0x33, 0x33, 
	0x44, 0x43, 0x34, 0x44, 0x44, 0x44, 0x33, 0x33, 0x44, 0x44, 0x44, 0x56, 0x54, 0x33, 0x44, 
	0x55, 0x44, 0x34, 0x43, 0x32, 0x34, 0x55, 0x55, 0x66, 0x77, 0x66, 0x76, 0x44, 0x32, 0x11, 
	0x23, 0x33, 0x45, 0x55, 0x32, 0x22, 0x23, 0x22, 0x46, 0x55, 0x43, 0x22, 0x12, 0x34, 0x58, 
	0x88, 0x77, 0x77, 0x88, 0x88, 0x64, 0x43, 0x33, 0x33, 0x34, 0x55, 0x55, 0x55, 0x55, 0x54, 
	0x44, 0x44, 0x44, 0x45, 0x55, 0x55, 0x55, 0x55, 0x54, 0x33, 0x44, 0x33, 0x33, 0x44, 0x44, 
	0x45, 0x55, 0x55, 0x56, 0x66, 0x66, 0x66, 0x66, 0x65, 0x55, 0x66, 0x67, 0x77, 0x77, 0x77, 
	0x77, 0x77, 0x77, 0x77, 0x77, 0x77, 0x77, 0x77, 0x77, 0x77, 0x88, 0x87, 0x77, 0x77, 0x77, 
	0x77, 0x78, 0x88, 0x88, 0x88, 0x88, 0x88, 0x88, 0x88, 0x88, 0x88, 0x88, 0x88, 0x88, 0x88, 
	0x88, 0x88, 0x88, 0x88, 0x88, 0x88, 0x88, 0x88, 0x88, 0x88, 0x88, 0x88, 0x88, 0x88, 0x88, 
	0x88, 0x88, 0x88, 0x88, 0x88, 0x88, 0x88, 0x88, 0x88, 0x89, 0x98, 0x88, 0x88, 0x88, 0x88, 
	0x88, 0x88, 0x98, 0x89, 0x88, 0x88, 0x99, 0x98, 0x88, 0x99, 0x98, 0x88, 0x99, 0x99, 0x98, 
	0x99, 0x99, 0x88, 0x88, 0x99, 0x99, 0x99, 0x99, 0x99, 0x99, 0x99, 0x98, 0x88, 0x88, 0x88, 
	0xAB, 0xBC, 0xCC, 0xCB, 0xBB, 0xBB, 0xBB, 0xCC, 0xCB, 0xAA, 0xAA, 0xAA, 0x99, 0x8A, 0xAD, 
	0xEE, 0xED, 0xEE, 0xDB, 0x98, 0x76, 0x69, 0xBB, 0xAA, 0xAA, 0xBB, 0xBB, 0xCC, 0xBB, 0xBB, 
	0xBB, 0xBB, 0xBA, 0xA9, 0x99, 0x9A, 0xBC, 0xBB, 0xDF, 0xFF, 0xFF, 0xFF, 0xFF, 0xFF, 0xFF, 
	0xFF, 0xFF, 0xFF, 0xFF, 0xFF, 0xFF, 0xFF, 0xFF, 0xFF, 0xFF, 0xFF, 0xFF, 0xFF, 0xFF, 0xFF, 
	0xFF, 0xFF, 0xFF, 0xFF, 0xFF, 0xFF, 0xFF, 0xFF, 0xFF, 0xFF, 0xFF, 0xFF, 0xFF, 0xFF, 0xFF, 
	0xFF, 0xFE, 0xEE, 0xED, 0xCB, 0xA7, 0x66, 0x66, 0x55, 0x56, 0x66, 0x65, 0x55, 0x55, 0x54, 
	0x43, 0x33, 0x34, 0x43, 0x33, 0x33, 0x33, 0x33, 0x22, 0x23, 0x32, 0x22, 0x22, 0x33, 0x22, 
	0x34, 0x54, 0x44, 0x33, 0x33, 0x33, 0x33, 0x34, 0x33, 0x33, 0x33, 0x44, 0x44, 0x33, 0x33, 
	0x44, 0x43, 0x33, 0x44, 0x44, 0x44, 0x43, 0x34, 0x44, 0x45, 0x55, 0x56, 0x65, 0x44, 0x44, 
	0x45, 0x44, 0x34, 0x44, 0x32, 0x34, 0x55, 0x55, 0x66, 0x66, 0x66, 0x75, 0x44, 0x32, 0x11, 
	0x22, 0x33, 0x45, 0x55, 0x32, 0x21, 0x22, 0x22, 0x45, 0x65, 0x44, 0x21, 0x23, 0x34, 0x58, 
	0x87, 0x77, 0x77, 0x78, 0x88, 0x75, 0x43, 0x33, 0x33, 0x44, 0x45, 0x55, 0x55, 0x55, 0x44, 
	0x44, 0x44, 0x44, 0x55, 0x55, 0x55, 0x56, 0x66, 0x55, 0x44, 0x44, 0x43, 0x33, 0x44, 0x44, 
	0x45, 0x55, 0x55, 0x55, 0x55, 0x66, 0x66, 0x66, 0x66, 0x56, 0x56, 0x66, 0x67, 0x77, 0x77, 
	0x77, 0x77, 0x77, 0x77, 0x77, 0x77, 0x77, 0x77, 0x77, 0x77, 0x77, 0x77, 0x77, 0x77, 0x77, 
	0x78, 0x88, 0x87, 0x88, 0x88, 0x88, 0x88, 0x88, 0x87, 0x78, 0x88, 0x88, 0x88, 0x88, 0x88, 
	0x88, 0x88, 0x88, 0x88, 0x88, 0x88, 0x88, 0x88, 0x88, 0x88, 0x88, 0x88, 0x88, 0x88, 0x88, 
	0x88, 0x88, 0x88, 0x88, 0x88, 0x88, 0x88, 0x88, 0x88, 0x88, 0x88, 0x88, 0x88, 0x88, 0x88, 
	0x88, 0x88, 0x88, 0x89, 0x98, 0x88, 0x89, 0x88, 0x88, 0x89, 0x88, 0x88, 0x89, 0x99, 0x99, 
	0x98, 0x88, 0x88, 0x88, 0x88, 0x99, 0x98, 0x88, 0x88, 0x88, 0x88, 0x98, 0x88, 0x88, 0x88, 
	0xAB, 0xBC, 0xCC, 0xCB, 0xBB, 0xBB, 0xBB, 0xBC, 0xCB, 0xBA, 0xAA, 0xA9, 0x98, 0x88, 0x9B, 
	0xDE, 0xDC, 0xCB, 0xB9, 0x87, 0x66, 0x79, 0x9A, 0xAA, 0xAB, 0xBB, 0xBB, 0xBB, 0xBB, 0xBB, 
	0xCB, 0xBB, 0xBA, 0xAA, 0xAA, 0xAA, 0xBC, 0xBB, 0xDF, 0xFF, 0xFF, 0xFF, 0xFF, 0xFF, 0xFF, 
	0xFF, 0xFF, 0xFF, 0xFF, 0xFF, 0xFF, 0xFF, 0xFF, 0xFF, 0xFF, 0xFF, 0xFF, 0xFF, 0xFF, 0xFF, 
	0xFF, 0xFF, 0xFF, 0xFF, 0xFF, 0xFF, 0xFF, 0xFF, 0xFF, 0xFF, 0xFF, 0xFF, 0xFF, 0xFF, 0xFF, 
	0xFF, 0xFE, 0xEE, 0xED, 0xCB, 0xA8, 0x66, 0x66, 0x66, 0x66, 0x66, 0x65, 0x55, 0x55, 0x55, 
	0x44, 0x33, 0x44, 0x44, 0x33, 0x33, 0x33, 0x33, 0x22, 0x22, 0x22, 0x22, 0x23, 0x22, 0x22, 
	0x33, 0x44, 0x43, 0x33, 0x33, 0x33, 0x33, 0x34, 0x33, 0x33, 0x34, 0x44, 0x44, 0x33, 0x33, 
	0x34, 0x43, 0x22, 0x34, 0x44, 0x44, 0x33, 0x33, 0x44, 0x44, 0x56, 0x66, 0x65, 0x54, 0x44, 
	0x44, 0x54, 0x44, 0x44, 0x33, 0x35, 0x55, 0x56, 0x66, 0x56, 0x66, 0x76, 0x44, 0x43, 0x22, 
	0x22, 0x22, 0x35, 0x55, 0x32, 0x12, 0x22, 0x22, 0x35, 0x66, 0x54, 0x22, 0x22, 0x34, 0x57, 
	0x87, 0x66, 0x77, 0x78, 0x88, 0x75, 0x44, 0x33, 0x33, 0x44, 0x45, 0x55, 0x55, 0x55, 0x44, 
	0x44, 0x44, 0x44, 0x45, 0x55, 0x55, 0x56, 0x65, 0x55, 0x44, 0x44, 0x43, 0x33, 0x44, 0x44, 
	0x45, 0x55, 0x55, 0x55, 0x55, 0x66, 0x66, 0x66, 0x65, 0x66, 0x66, 0x66, 0x67, 0x77, 0x77, 
	0x77, 0x77, 0x77, 0x77, 0x77, 0x77, 0x77, 0x77, 0x77, 0x77, 0x77, 0x77, 0x77, 0x77, 0x77, 
	0x78, 0x88, 0x77, 0x77, 0x88, 0x88, 0x77, 0x78, 0x88, 0x88, 0x88, 0x88, 0x88, 0x88, 0x88, 
	0x88, 0x88, 0x88, 0x88, 0x88, 0x88, 0x88, 0x88, 0x88, 0x88, 0x88, 0x88, 0x88, 0x88, 0x88, 
	0x88, 0x88, 0x88, 0x88, 0x88, 0x88, 0x88, 0x88, 0x88, 0x88, 0x88, 0x88, 0x88, 0x88, 0x89, 
	0x88, 0x88, 0x88, 0x89, 0x98, 0x88, 0x88, 0x88, 0x88, 0x99, 0x88, 0x88, 0x89, 0x99, 0x99, 
	0x98, 0x88, 0x88, 0x88, 0x88, 0x88, 0x88, 0x99, 0x98, 0x88, 0x88, 0x88, 0x88, 0x88, 0x88, 
	0xBB, 0xBC, 0xCC, 0xBB, 0xAA, 0xBB, 0xBB, 0xBB, 0xBB, 0xAA, 0xAA, 0xA9, 0x88, 0x78, 0x8A, 
	0xBC, 0xBA, 0xAA, 0x98, 0x87, 0x88, 0x99, 0x9A, 0xAA, 0xBB, 0xBB, 0xBB, 0xBB, 0xBA, 0xAB, 
	0xCB, 0xBB, 0xBB, 0xAA, 0xAA, 0xAB, 0xBB, 0xBB, 0xDF, 0xFF, 0xFF, 0xFF, 0xFF, 0xFF, 0xFF, 
	0xFF, 0xFF, 0xFF, 0xFF, 0xFF, 0xFF, 0xFF, 0xFF, 0xFF, 0xFF, 0xFF, 0xFF, 0xFF, 0xFF, 0xFF, 
	0xFF, 0xFF, 0xFF, 0xFF, 0xFF, 0xFF, 0xFF, 0xFF, 0xFF, 0xFF, 0xFF, 0xFF, 0xFF, 0xFF, 0xFF, 
	0xFF, 0xFF, 0xFF, 0xED, 0xCA, 0x97, 0x66, 0x66, 0x66, 0x66, 0x66, 0x65, 0x55, 0x44, 0x44, 
	0x44, 0x44, 0x44, 0x44, 0x43, 0x32, 0x23, 0x32, 0x22, 0x22, 0x22, 0x33, 0x33, 0x22, 0x22, 
	0x23, 0x33, 0x33, 0x43, 0x33, 0x33, 0x33, 0x34, 0x43, 0x33, 0x33, 0x44, 0x44, 0x33, 0x33, 
	0x34, 0x44, 0x32, 0x34, 0x44, 0x33, 0x33, 0x33, 0x34, 0x44, 0x56, 0x66, 0x65, 0x55, 0x44, 
	0x44, 0x54, 0x44, 0x44, 0x33, 0x35, 0x55, 0x56, 0x65, 0x56, 0x76, 0x76, 0x45, 0x54, 0x32, 
	0x21, 0x11, 0x25, 0x65, 0x32, 0x12, 0x21, 0x12, 0x34, 0x66, 0x53, 0x22, 0x22, 0x34, 0x57, 
	0x87, 0x66, 0x67, 0x78, 0x77, 0x75, 0x44, 0x43, 0x33, 0x44, 0x45, 0x55, 0x55, 0x55, 0x54, 
	0x54, 0x44, 0x44, 0x55, 0x55, 0x66, 0x66, 0x55, 0x55, 0x54, 0x44, 0x33, 0x33, 0x44, 0x44, 
	0x44, 0x44, 0x55, 0x55, 0x56, 0x66, 0x66, 0x66, 0x66, 0x66, 0x66, 0x66, 0x66, 0x67, 0x77, 
	0x77, 0x77, 0x77, 0x77, 0x77, 0x77, 0x77, 0x77, 0x77, 0x77, 0x77, 0x77, 0x77, 0x77, 0x77, 
	0x78, 0x88, 0x77, 0x78, 0x88, 0x88, 0x77, 0x77, 0x88, 0x88, 0x88, 0x88, 0x88, 0x88, 0x88, 
	0x88, 0x88, 0x88, 0x88, 0x88, 0x88, 0x88, 0x88, 0x88, 0x88, 0x88, 0x88, 0x88, 0x88, 0x88, 
	0x88, 0x88, 0x88, 0x88, 0x88, 0x88, 0x88, 0x88, 0x88, 0x88, 0x88, 0x88, 0x88, 0x88, 0x88, 
	0x88, 0x88, 0x88, 0x89, 0x98, 0x88, 0x88, 0x88, 0x99, 0x99, 0x88, 0x98, 0x88, 0x99, 0x99, 
	0x99, 0x99, 0x99, 0x88, 0x88, 0x88, 0x88, 0x99, 0x98, 0x88, 0x88, 0x88, 0x88, 0x88, 0x88, 
	0xBB, 0xCC, 0xCC, 0xBB, 0xAB, 0xBB, 0xAA, 0xAB, 0xAA, 0xAA, 0x99, 0x99, 0x88, 0x88, 0x99, 
	0xAB, 0xAA, 0x9A, 0x9A, 0xAA, 0xAB, 0xBA, 0xAA, 0xAA, 0xBB, 0xBB, 0xAA, 0xAB, 0xAA, 0xAB, 
	0xBB, 0xBB, 0xAA, 0xAA, 0xAB, 0xBB, 0xBB, 0xAA, 0xCE, 0xFF, 0xFF, 0xFF, 0xFE, 0xEF, 0xFF, 
	0xFF, 0xFF, 0xFF, 0xFF, 0xFF, 0xFF, 0xFF, 0xFF, 0xFF, 0xFF, 0xFF, 0xFF, 0xFF, 0xFE, 0xFF, 
	0xFF, 0xFF, 0xFF, 0xFF, 0xFF, 0xFF, 0xFF, 0xFF, 0xFF, 0xFF, 0xFF, 0xFF, 0xFF, 0xFF, 0xFF, 
	0xFF, 0xFF, 0xFE, 0xED, 0xCA, 0x87, 0x66, 0x66, 0x66, 0x66, 0x66, 0x65, 0x55, 0x54, 0x44, 
	0x44, 0x44, 0x44, 0x43, 0x34, 0x33, 0x33, 0x33, 0x22, 0x23, 0x33, 0x33, 0x33, 0x33, 0x33, 
	0x33, 0x33, 0x33, 0x44, 0x43, 0x33, 0x33, 0x44, 0x44, 0x44, 0x33, 0x34, 0x44, 0x33, 0x33, 
	0x33, 0x44, 0x33, 0x34, 0x33, 0x33, 0x33, 0x33, 0x33, 0x33, 0x44, 0x55, 0x55, 0x55, 0x44, 
	0x44, 0x55, 0x44, 0x43, 0x33, 0x34, 0x45, 0x56, 0x66, 0x56, 0x87, 0x76, 0x55, 0x65, 0x32, 
	0x11, 0x11, 0x26, 0x65, 0x32, 0x12, 0x21, 0x12, 0x34, 0x55, 0x43, 0x22, 0x22, 0x34, 0x57, 
	0x77, 0x76, 0x67, 0x78, 0x77, 0x75, 0x54, 0x44, 0x34, 0x44, 0x44, 0x55, 0x66, 0x66, 0x55, 
	0x55, 0x44, 0x44, 0x55, 0x55, 0x56, 0x66, 0x55, 0x55, 0x44, 0x33, 0x33, 0x33, 0x44, 0x44, 
	0x44, 0x44, 0x45, 0x55, 0x66, 0x66, 0x66, 0x66, 0x66, 0x66, 0x65, 0x66, 0x66, 0x77, 0x77, 
	0x77, 0x77, 0x77, 0x77, 0x77, 0x77, 0x77, 0x77, 0x77, 0x77, 0x77, 0x77, 0x77, 0x77, 0x77, 
	0x77, 0x87, 0x77, 0x78, 0x88, 0x88, 0x88, 0x87, 0x88, 0x88, 0x88, 0x88, 0x88, 0x88, 0x88, 
	0x88, 0x88, 0x88, 0x88, 0x88, 0x88, 0x88, 0x88, 0x88, 0x88, 0x88, 0x88, 0x88, 0x88, 0x88, 
	0x88, 0x88, 0x88, 0x88, 0x88, 0x88, 0x88, 0x88, 0x89, 0x88, 0x88, 0x88, 0x98, 0x88, 0x88, 
	0x88, 0x88, 0x88, 0x99, 0x98, 0x88, 0x88, 0x88, 0x99, 0x98, 0x89, 0x99, 0x88, 0x99, 0x99, 
	0x99, 0x99, 0x98, 0x88, 0x88, 0x88, 0x88, 0x98, 0x89, 0x98, 0x88, 0x88, 0x88, 0x89, 0x99, 
	0xBB, 0xCC, 0xCC, 0xCB, 0xBB, 0xBA, 0xAA, 0xAB, 0xAA, 0xAA, 0x99, 0x99, 0x88, 0x99, 0x99, 
	0x9A, 0xAA, 0xAA, 0x9A, 0xBC, 0xBB, 0xBA, 0xAA, 0xAA, 0xAA, 0xBA, 0xAA, 0xAA, 0xA9, 0xAA, 
	0x9A, 0xAB, 0xAA, 0xAA, 0xAB, 0xBC, 0xBB, 0xAA, 0xCE, 0xFF, 0xFF, 0xFF, 0xFE, 0xEF, 0xFF, 
	0xFF, 0xFF, 0xFF, 0xFF, 0xFF, 0xFF, 0xFF, 0xFF, 0xFF, 0xFF, 0xFF, 0xFF, 0xFF, 0xFF, 0xFF, 
	0xFF, 0xFF, 0xFF, 0xFF, 0xFF, 0xFF, 0xFF, 0xFF, 0xFF, 0xFF, 0xFF, 0xFF, 0xFF, 0xFF, 0xFF, 
	0xFF, 0xFF, 0xFE, 0xEE, 0xCB, 0x98, 0x66, 0x55, 0x66, 0x66, 0x66, 0x65, 0x55, 0x55, 0x54, 
	0x44, 0x44, 0x44, 0x33, 0x44, 0x44, 0x33, 0x33, 0x32, 0x33, 0x33, 0x33, 0x33, 0x33, 0x33, 
	0x43, 0x33, 0x33, 0x44, 0x43, 0x33, 0x34, 0x44, 0x44, 0x44, 0x44, 0x44, 0x43, 0x33, 0x33, 
	0x33, 0x34, 0x44, 0x44, 0x33, 0x33, 0x34, 0x33, 0x33, 0x33, 0x44, 0x44, 0x55, 0x55, 0x44, 
	0x44, 0x54, 0x54, 0x33, 0x33, 0x34, 0x44, 0x55, 0x66, 0x66, 0x87, 0x76, 0x55, 0x76, 0x42, 
	0x11, 0x11, 0x26, 0x75, 0x22, 0x22, 0x21, 0x13, 0x44, 0x55, 0x43, 0x22, 0x23, 0x45, 0x56, 
	0x77, 0x77, 0x77, 0x78, 0x76, 0x76, 0x54, 0x44, 0x44, 0x44, 0x44, 0x55, 0x66, 0x66, 0x55, 
	0x54, 0x44, 0x45, 0x55, 0x55, 0x55, 0x66, 0x65, 0x55, 0x55, 0x43, 0x33, 0x43, 0x44, 0x44, 
	0x44, 0x44, 0x44, 0x55, 0x66, 0x66, 0x66, 0x66, 0x66, 0x66, 0x65, 0x56, 0x66, 0x77, 0x77, 
	0x77, 0x77, 0x77, 0x77, 0x77, 0x77, 0x77, 0x77, 0x77, 0x77, 0x77, 0x77, 0x77, 0x77, 0x77, 
	0x88, 0x87, 0x77, 0x78, 0x88, 0x88, 0x88, 0x87, 0x78, 0x88, 0x88, 0x88, 0x88, 0x88, 0x88, 
	0x88, 0x88, 0x88, 0x88, 0x88, 0x88, 0x88, 0x88, 0x88, 0x88, 0x88, 0x88, 0x88, 0x88, 0x88, 
	0x88, 0x88, 0x88, 0x88, 0x88, 0x88, 0x88, 0x88, 0x89, 0x88, 0x88, 0x88, 0x98, 0x88, 0x88, 
	0x88, 0x88, 0x89, 0x99, 0x98, 0x88, 0x88, 0x88, 0x99, 0x98, 0x88, 0x88, 0x99, 0x99, 0x99, 
	0x99, 0x99, 0x88, 0x88, 0x88, 0x88, 0x99, 0x89, 0x99, 0x99, 0x98, 0x88, 0x88, 0x88, 0x88, 
	0xBB, 0xCC, 0xCC, 0xCC, 0xCC, 0xBA, 0x9A, 0xBB, 0xBA, 0xAA, 0x99, 0x98, 0x89, 0xA9, 0xAA, 
	0xAA, 0xAA, 0xAA, 0x9A, 0xBC, 0xCB, 0xBB, 0xAA, 0x9A, 0xAA, 0xAA, 0xAA, 0xA9, 0x99, 0x99, 
	0x99, 0xAB, 0xBB, 0xAA, 0xBB, 0xBB, 0xBB, 0xAA, 0xCE, 0xFF, 0xFF, 0xFF, 0xFF, 0xFF, 0xFF, 
	0xFF, 0xFF, 0xFF, 0xFF, 0xFF, 0xFF, 0xFF, 0xFF, 0xFF, 0xFF, 0xFF, 0xFF, 0xFF, 0xFF, 0xFF, 
	0xFF, 0xFF, 0xFF, 0xFF, 0xFF, 0xFF, 0xFF, 0xFF, 0xFF, 0xFF, 0xFF, 0xFF, 0xFF, 0xFF, 0xFF, 
	0xFF, 0xFF, 0xEE, 0xEE, 0xDC, 0xB9, 0x76, 0x65, 0x66, 0x55, 0x56, 0x65, 0x55, 0x55, 0x55, 
	0x54, 0x44, 0x44, 0x43, 0x34, 0x44, 0x33, 0x33, 0x33, 0x33, 0x33, 0x33, 0x22, 0x33, 0x34, 
	0x43, 0x33, 0x33, 0x34, 0x43, 0x33, 0x34, 0x44, 0x44, 0x44, 0x44, 0x44, 0x44, 0x33, 0x32, 
	0x33, 0x44, 0x44, 0x44, 0x43, 0x33, 0x33, 0x34, 0x43, 0x33, 0x44, 0x55, 0x55, 0x55, 0x54, 
	0x44, 0x44, 0x44, 0x33, 0x33, 0x34, 0x44, 0x45, 0x56, 0x67, 0x88, 0x76, 0x54, 0x67, 0x52, 
	0x11, 0x12, 0x37, 0x75, 0x22, 0x22, 0x21, 0x13, 0x44, 0x55, 0x43, 0x21, 0x24, 0x55, 0x56, 
	0x77, 0x77, 0x77, 0x67, 0x77, 0x87, 0x65, 0x44, 0x43, 0x43, 0x34, 0x55, 0x66, 0x65, 0x55, 
	0x54, 0x44, 0x55, 0x55, 0x55, 0x56, 0x67, 0x76, 0x66, 0x55, 0x44, 0x44, 0x44, 0x44, 0x44, 
	0x44, 0x44, 0x44, 0x55, 0x55, 0x56, 0x66, 0x66, 0x66, 0x66, 0x65, 0x56, 0x66, 0x66, 0x67, 
	0x77, 0x76, 0x67, 0x77, 0x77, 0x77, 0x77, 0x77, 0x77, 0x77, 0x77, 0x77, 0x77, 0x77, 0x77, 
	0x88, 0x77, 0x77, 0x77, 0x87, 0x77, 0x88, 0x87, 0x88, 0x88, 0x88, 0x88, 0x88, 0x88, 0x88, 
	0x88, 0x88, 0x88, 0x88, 0x88, 0x88, 0x88, 0x88, 0x88, 0x88, 0x88, 0x88, 0x88, 0x88, 0x88, 
	0x88, 0x88, 0x88, 0x88, 0x88, 0x88, 0x88, 0x88, 0x89, 0x88, 0x88, 0x88, 0x88, 0x88, 0x88, 
	0x88, 0x88, 0x88, 0x88, 0x88, 0x88, 0x88, 0x88, 0x89, 0x99, 0x88, 0x88, 0x99, 0x99, 0x99, 
	0x99, 0x99, 0x88, 0x88, 0x88, 0x88, 0x99, 0x99, 0x99, 0x99, 0x99, 0x88, 0x88, 0x88, 0x88, 
	0xBB, 0xCC, 0xCC, 0xCC, 0xCC, 0xBB, 0xAA, 0xAB, 0xBA, 0xA9, 0x99, 0x99, 0x9A, 0xAA, 0xAA, 
	0xAA, 0xAA, 0xAA, 0xAA, 0xBB, 0xBB, 0xBA, 0xA9, 0x9A, 0xAA, 0xAA, 0xAA, 0xAA, 0xA9, 0xAA, 
	0x9A, 0xAA, 0xBB, 0xBB, 0xBB, 0xBB, 0xBA, 0xAA, 0xBE, 0xFF, 0xFF, 0xFF, 0xFF, 0xFF, 0xFF, 
	0xFF, 0xFF, 0xFF, 0xFF, 0xFF, 0xFF, 0xFF, 0xFF, 0xFF, 0xFF, 0xFF, 0xFF, 0xFF, 0xFF, 0xFF, 
	0xFF, 0xFF, 0xFF, 0xFF, 0xFF, 0xFF, 0xFF, 0xFF, 0xFF, 0xFF, 0xFF, 0xFF, 0xFF, 0xFF, 0xFF, 
	0xFF, 0xFF, 0xFE, 0xEE, 0xDC, 0xB9, 0x86, 0x66, 0x66, 0x55, 0x55, 0x55, 0x55, 0x55, 0x55, 
	0x55, 0x54, 0x44, 0x44, 0x33, 0x33, 0x33, 0x33, 0x33, 0x33, 0x22, 0x22, 0x22, 0x33, 0x33, 
	0x33, 0x33, 0x33, 0x33, 0x43, 0x33, 0x44, 0x44, 0x43, 0x33, 0x33, 0x44, 0x44, 0x43, 0x33, 
	0x33, 0x44, 0x44, 0x55, 0x44, 0x33, 0x33, 0x34, 0x43, 0x33, 0x34, 0x55, 0x56, 0x66, 0x65, 
	0x54, 0x44, 0x43, 0x33, 0x33, 0x34, 0x44, 0x45, 0x67, 0x77, 0x88, 0x76, 0x54, 0x67, 0x63, 
	0x21, 0x12, 0x37, 0x74, 0x22, 0x22, 0x22, 0x23, 0x34, 0x55, 0x43, 0x21, 0x24, 0x55, 0x66, 
	0x77, 0x87, 0x77, 0x67, 0x67, 0x87, 0x65, 0x44, 0x43, 0x33, 0x45, 0x56, 0x65, 0x56, 0x55, 
	0x44, 0x44, 0x44, 0x55, 0x55, 0x56, 0x77, 0x77, 0x66, 0x65, 0x44, 0x44, 0x44, 0x44, 0x44, 
	0x44, 0x54, 0x44, 0x45, 0x54, 0x56, 0x66, 0x66, 0x66, 0x66, 0x66, 0x66, 0x66, 0x56, 0x66, 
	0x77, 0x66, 0x67, 0x77, 0x77, 0x77, 0x77, 0x77, 0x77, 0x77, 0x77, 0x77, 0x77, 0x77, 0x77, 
	0x77, 0x77, 0x77, 0x77, 0x77, 0x77, 0x88, 0x77, 0x88, 0x88, 0x88, 0x88, 0x88, 0x88, 0x88, 
	0x88, 0x88, 0x88, 0x88, 0x88, 0x88, 0x88, 0x88, 0x88, 0x88, 0x88, 0x88, 0x88, 0x88, 0x88, 
	0x88, 0x88, 0x88, 0x88, 0x88, 0x88, 0x88, 0x88, 0x88, 0x88, 0x88, 0x88, 0x88, 0x88, 0x88, 
	0x88, 0x88, 0x88, 0x88, 0x88, 0x88, 0x88, 0x88, 0x88, 0x88, 0x88, 0x88, 0x99, 0x88, 0x88, 
	0x88, 0x88, 0x88, 0x88, 0x88, 0x88, 0x99, 0x89, 0x99, 0x99, 0x99, 0x99, 0x88, 0x88, 0x88, 
	0xCC, 0xCC, 0xCC, 0xCC, 0xCC, 0xCB, 0xBA, 0xAA, 0xBA, 0xAA, 0xAA, 0xA9, 0x9A, 0xAA, 0x9A, 
	0xAB, 0xBA, 0xAA, 0xAA, 0xAA, 0xBB, 0xAA, 0xAA, 0xAA, 0xAA, 0xAA, 0xAB, 0xAA, 0xAA, 0xAA, 
	0xAA, 0xAB, 0xBC, 0xCB, 0xBB, 0xBA, 0xAA, 0x99, 0xBE, 0xFF, 0xEF, 0xFF, 0xFF, 0xFE, 0xFF, 
	0xFF, 0xFF, 0xFF, 0xFF, 0xFF, 0xFF, 0xFF, 0xFF, 0xFF, 0xFF, 0xFF, 0xFF, 0xFF, 0xFF, 0xFF, 
	0xFF, 0xFF, 0xFF, 0xFF, 0xFF, 0xFF, 0xFF, 0xFF, 0xFF, 0xFF, 0xFF, 0xFF, 0xFF, 0xFF, 0xFF, 
	0xFF, 0xFF, 0xFF, 0xFE, 0xDB, 0xA9, 0x76, 0x66, 0x66, 0x65, 0x55, 0x55, 0x55, 0x56, 0x65, 
	0x55, 0x54, 0x44, 0x44, 0x33, 0x33, 0x33, 0x34, 0x32, 0x22, 0x22, 0x22, 0x23, 0x33, 0x33, 
	0x33, 0x33, 0x33, 0x33, 0x44, 0x44, 0x43, 0x44, 0x43, 0x33, 0x33, 0x34, 0x44, 0x44, 0x33, 
	0x34, 0x44, 0x44, 0x55, 0x44, 0x33, 0x33, 0x33, 0x33, 0x33, 0x43, 0x34, 0x66, 0x77, 0x75, 
	0x54, 0x43, 0x33, 0x33, 0x33, 0x34, 0x54, 0x45, 0x67, 0x67, 0x77, 0x76, 0x54, 0x67, 0x64, 
	0x21, 0x12, 0x46, 0x64, 0x32, 0x12, 0x22, 0x23, 0x34, 0x55, 0x54, 0x32, 0x24, 0x55, 0x56, 
	0x78, 0x87, 0x77, 0x77, 0x67, 0x87, 0x65, 0x54, 0x43, 0x34, 0x45, 0x66, 0x65, 0x56, 0x65, 
	0x44, 0x44, 0x44, 0x45, 0x55, 0x66, 0x77, 0x77, 0x76, 0x65, 0x44, 0x44, 0x44, 0x44, 0x44, 
	0x45, 0x54, 0x44, 0x55, 0x55, 0x56, 0x66, 0x66, 0x66, 0x56, 0x66, 0x66, 0x65, 0x66, 0x66, 
	0x66, 0x66, 0x66, 0x77, 0x77, 0x76, 0x66, 0x67, 0x77, 0x77, 0x77, 0x77, 0x77, 0x77, 0x77, 
	0x77, 0x77, 0x77, 0x77, 0x87, 0x77, 0x88, 0x78, 0x88, 0x88, 0x88, 0x88, 0x88, 0x88, 0x88, 
	0x88, 0x88, 0x88, 0x88, 0x77, 0x78, 0x88, 0x88, 0x88, 0x88, 0x88, 0x88, 0x88, 0x88, 0x88, 
	0x88, 0x88, 0x88, 0x88, 0x88, 0x88, 0x88, 0x88, 0x88, 0x88, 0x88, 0x88, 0x88, 0x88, 0x88, 
	0x88, 0x88, 0x88, 0x99, 0x98, 0x88, 0x88, 0x88, 0x88, 0x88, 0x88, 0x88, 0x88, 0x88, 0x88, 
	0x88, 0x88, 0x99, 0x88, 0x88, 0x88, 0x88, 0x88, 0x88, 0x88, 0x99, 0x99, 0x88, 0x99, 0x98, 
	0xBC, 0xCC, 0xCB, 0xBC, 0xCC, 0xCC, 0xCB, 0xA9, 0xAA, 0xAA, 0xAA, 0x99, 0x9A, 0xBA, 0xAA, 
	0xBB, 0xAB, 0xAA, 0xAA, 0xAA, 0xAA, 0xAA, 0xAA, 0xAA, 0xAA, 0xAA, 0xBB, 0xAA, 0xAA, 0xAB, 
	0xBB, 0xBA, 0xBC, 0xBB, 0xCB, 0xAA, 0xAA, 0xA9, 0xBE, 0xFF, 0xEF, 0xFF, 0xFE, 0xFF, 0xFF, 
	0xFF, 0xFF, 0xFF, 0xFF, 0xFF, 0xFF, 0xFF, 0xFF, 0xFF, 0xFF, 0xFF, 0xFF, 0xFF, 0xFF, 0xFF, 
	0xFF, 0xFF, 0xFF, 0xFF, 0xFF, 0xFF, 0xFF, 0xFF, 0xFF, 0xFF, 0xFF, 0xFF, 0xFF, 0xFF, 0xFF, 
	0xFF, 0xFF, 0xFF, 0xFE, 0xCA, 0x98, 0x76, 0x66, 0x56, 0x55, 0x55, 0x45, 0x56, 0x65, 0x55, 
	0x55, 0x55, 0x55, 0x54, 0x43, 0x33, 0x33, 0x43, 0x32, 0x22, 0x22, 0x23, 0x32, 0x22, 0x33, 
	0x33, 0x33, 0x33, 0x33, 0x44, 0x44, 0x33, 0x34, 0x44, 0x44, 0x33, 0x34, 0x44, 0x44, 0x44, 
	0x44, 0x44, 0x44, 0x45, 0x43, 0x33, 0x34, 0x43, 0x33, 0x34, 0x33, 0x44, 0x56, 0x77, 0x76, 
	0x55, 0x43, 0x33, 0x33, 0x33, 0x33, 0x45, 0x45, 0x77, 0x77, 0x67, 0x77, 0x55, 0x68, 0x75, 
	0x42, 0x12, 0x46, 0x53, 0x43, 0x22, 0x22, 0x23, 0x34, 0x45, 0x65, 0x42, 0x23, 0x44, 0x56, 
	0x77, 0x77, 0x77, 0x76, 0x67, 0x87, 0x66, 0x54, 0x43, 0x34, 0x56, 0x76, 0x66, 0x66, 0x54, 
	0x33, 0x44, 0x34, 0x44, 0x44, 0x56, 0x67, 0x77, 0x77, 0x65, 0x44, 0x44, 0x44, 0x44, 0x44, 
	0x44, 0x44, 0x44, 0x55, 0x55, 0x55, 0x55, 0x56, 0x66, 0x55, 0x66, 0x66, 0x66, 0x66, 0x66, 
	0x66, 0x67, 0x76, 0x66, 0x66, 0x66, 0x66, 0x67, 0x77, 0x77, 0x77, 0x77, 0x77, 0x77, 0x77, 
	0x77, 0x77, 0x77, 0x77, 0x77, 0x78, 0x88, 0x88, 0x88, 0x87, 0x77, 0x77, 0x88, 0x88, 0x87, 
	0x88, 0x88, 0x88, 0x88, 0x77, 0x88, 0x88, 0x87, 0x77, 0x88, 0x88, 0x88, 0x88, 0x88, 0x88, 
	0x88, 0x88, 0x88, 0x88, 0x88, 0x88, 0x88, 0x88, 0x88, 0x88, 0x88, 0x88, 0x88, 0x88, 0x88, 
	0x88, 0x88, 0x88, 0x88, 0x88, 0x88, 0x88, 0x98, 0x88, 0x88, 0x88, 0x98, 0x88, 0x88, 0x88, 
	0x88, 0x89, 0x99, 0x99, 0x99, 0x98, 0x88, 0x88, 0x99, 0x99, 0x88, 0x88, 0x88, 0x99, 0x98, 
	0xBB, 0xBB, 0xBB, 0xBC, 0xCC, 0xCC, 0xCB, 0xA9, 0x99, 0xAA, 0x99, 0x99, 0x9A, 0xAA, 0xAA, 
	0xBA, 0xAB, 0xBA, 0xAA, 0x99, 0xAA, 0xAA, 0xAA, 0xA9, 0xAA, 0xAA, 0xAA, 0x99, 0xAB, 0xBB, 
	0xBB, 0xAA, 0xAB, 0xBB, 0xBB, 0xAA, 0xAB, 0xBA, 0xBE, 0xFF, 0xEF, 0xFF, 0xFE, 0xFF, 0xFF, 
	0xFF, 0xFF, 0xFF, 0xFF, 0xFF, 0xFF, 0xFF, 0xFF, 0xFF, 0xFF, 0xFF, 0xFF, 0xFF, 0xFF, 0xFF, 
	0xFF, 0xFF, 0xFF, 0xFF, 0xFF, 0xFF, 0xFF, 0xFF, 0xFF, 0xFF, 0xFF, 0xFF, 0xFF, 0xFF, 0xFF, 
	0xFF, 0xFF, 0xFF, 0xED, 0xC9, 0x98, 0x76, 0x65, 0x56, 0x65, 0x55, 0x55, 0x55, 0x55, 0x55, 
	0x55, 0x55, 0x55, 0x55, 0x43, 0x33, 0x33, 0x33, 0x22, 0x22, 0x33, 0x33, 0x33, 0x33, 0x33, 
	0x33, 0x33, 0x33, 0x33, 0x33, 0x44, 0x43, 0x34, 0x44, 0x34, 0x43, 0x33, 0x33, 0x33, 0x44, 
	0x44, 0x44, 0x44, 0x54, 0x43, 0x33, 0x44, 0x43, 0x33, 0x34, 0x44, 0x45, 0x56, 0x67, 0x77, 
	0x66, 0x54, 0x33, 0x23, 0x33, 0x34, 0x55, 0x56, 0x77, 0x77, 0x67, 0x77, 0x65, 0x68, 0x75, 
	0x43, 0x23, 0x56, 0x54, 0x43, 0x12, 0x23, 0x33, 0x34, 0x45, 0x76, 0x42, 0x33, 0x44, 0x46, 
	0x77, 0x77, 0x77, 0x76, 0x67, 0x77, 0x66, 0x54, 0x43, 0x34, 0x56, 0x66, 0x66, 0x65, 0x54, 
	0x34, 0x44, 0x34, 0x44, 0x44, 0x55, 0x66, 0x77, 0x77, 0x65, 0x55, 0x44, 0x44, 0x44, 0x44, 
	0x55, 0x44, 0x44, 0x55, 0x45, 0x55, 0x55, 0x56, 0x66, 0x66, 0x65, 0x66, 0x66, 0x66, 0x66, 
	0x66, 0x67, 0x77, 0x77, 0x66, 0x66, 0x66, 0x77, 0x77, 0x77, 0x77, 0x77, 0x77, 0x77, 0x77, 
	0x77, 0x77, 0x77, 0x77, 0x77, 0x77, 0x88, 0x88, 0x88, 0x77, 0x77, 0x78, 0x88, 0x77, 0x88, 
	0x88, 0x88, 0x88, 0x88, 0x88, 0x88, 0x88, 0x87, 0x77, 0x78, 0x88, 0x88, 0x88, 0x88, 0x88, 
	0x88, 0x88, 0x88, 0x88, 0x88, 0x88, 0x88, 0x88, 0x88, 0x88, 0x88, 0x88, 0x88, 0x88, 0x88, 
	0x88, 0x88, 0x88, 0x99, 0x88, 0x88, 0x88, 0x88, 0x88, 0x88, 0x88, 0x88, 0x88, 0x88, 0x88, 
	0x88, 0x88, 0x99, 0x99, 0x99, 0x98, 0x88, 0x99, 0x98, 0x88, 0x99, 0x98, 0x88, 0x99, 0x99, 
	0xBA, 0xAA, 0xBB, 0xBC, 0xCC, 0xCB, 0xBB, 0xAA, 0x99, 0x99, 0x99, 0x99, 0x99, 0xAA, 0xAA, 
	0xAA, 0xAA, 0xBA, 0xA9, 0x9A, 0xAA, 0xAA, 0xAA, 0x99, 0x9A, 0xAA, 0xAA, 0x99, 0xAB, 0xCB, 
	0xBB, 0xBA, 0xBC, 0xBB, 0xCB, 0xBB, 0xBB, 0xCB, 0xBD, 0xFF, 0xFF, 0xFF, 0xFF, 0xFE, 0xFF, 
	0xFF, 0xFF, 0xFF, 0xFF, 0xFF, 0xFF, 0xFF, 0xFF, 0xFF, 0xFF, 0xFF, 0xFF, 0xFF, 0xFF, 0xFF, 
	0xFF, 0xFF, 0xFF, 0xFF, 0xFF, 0xFF, 0xFF, 0xFF, 0xFF, 0xFF, 0xFF, 0xFF, 0xFF, 0xFF, 0xFF, 
	0xFF, 0xFF, 0xFE, 0xED, 0xBA, 0x98, 0x76, 0x55, 0x55, 0x65, 0x55, 0x55, 0x56, 0x55, 0x55, 
	0x55, 0x55, 0x55, 0x55, 0x44, 0x33, 0x33, 0x32, 0x33, 0x32, 0x33, 0x33, 0x33, 0x23, 0x33, 
	0x33, 0x22, 0x33, 0x33, 0x33, 0x34, 0x44, 0x44, 0x44, 0x44, 0x44, 0x34, 0x33, 0x34, 0x45, 
	0x54, 0x44, 0x44, 0x44, 0x44, 0x34, 0x44, 0x33, 0x33, 0x34, 0x44, 0x55, 0x55, 0x56, 0x77, 
	0x77, 0x64, 0x33, 0x22, 0x23, 0x34, 0x55, 0x56, 0x77, 0x77, 0x66, 0x77, 0x65, 0x67, 0x75, 
	0x53, 0x22, 0x46, 0x54, 0x53, 0x22, 0x23, 0x33, 0x34, 0x45, 0x66, 0x42, 0x34, 0x44, 0x57, 
	0x77, 0x77, 0x67, 0x66, 0x67, 0x77, 0x75, 0x54, 0x43, 0x34, 0x56, 0x66, 0x55, 0x55, 0x54, 
	0x45, 0x55, 0x44, 0x45, 0x45, 0x56, 0x67, 0x77, 0x87, 0x66, 0x65, 0x44, 0x45, 0x54, 0x44, 
	0x55, 0x55, 0x45, 0x55, 0x44, 0x55, 0x55, 0x55, 0x66, 0x66, 0x65, 0x66, 0x66, 0x66, 0x66, 
	0x66, 0x67, 0x77, 0x77, 0x77, 0x66, 0x66, 0x76, 0x66, 0x67, 0x77, 0x77, 0x77, 0x77, 0x77, 
	0x77, 0x77, 0x77, 0x77, 0x88, 0x77, 0x78, 0x88, 0x88, 0x77, 0x77, 0x78, 0x87, 0x77, 0x88, 
	0x88, 0x87, 0x77, 0x88, 0x88, 0x88, 0x88, 0x88, 0x77, 0x78, 0x88, 0x77, 0x88, 0x88, 0x88, 
	0x88, 0x88, 0x88, 0x88, 0x88, 0x88, 0x88, 0x88, 0x88, 0x88, 0x88, 0x88, 0x88, 0x88, 0x88, 
	0x88, 0x88, 0x88, 0x99, 0x98, 0x88, 0x88, 0x88, 0x88, 0x89, 0x88, 0x88, 0x88, 0x88, 0x88, 
	0x88, 0x88, 0x99, 0x99, 0x99, 0x98, 0x88, 0x99, 0x88, 0x88, 0x99, 0x98, 0x88, 0x99, 0x99, 
	0xBB, 0xAA, 0xBB, 0xBB, 0xCC, 0xCB, 0xBB, 0xBA, 0x98, 0x89, 0x99, 0x99, 0x99, 0x99, 0xAA, 
	0xBB, 0xAA, 0xAA, 0xA9, 0xAA, 0xAA, 0xAB, 0xAA, 0xA9, 0x99, 0xAA, 0xBA, 0xAA, 0xBB, 0xBB, 
	0xAB, 0xBB, 0xBC, 0xCB, 0xCB, 0xBB, 0xBB, 0xBB, 0xAC, 0xEF, 0xFF, 0xFE, 0xFF, 0xFF, 0xFF, 
	0xFF, 0xFF, 0xFF, 0xFF, 0xFF, 0xFF, 0xFF, 0xFF, 0xFF, 0xFF, 0xFF, 0xFF, 0xFF, 0xFF, 0xFF, 
	0xFF, 0xFF, 0xFF, 0xFF, 0xFF, 0xFF, 0xFF, 0xFF, 0xFF, 0xFF, 0xFF, 0xFF, 0xFF, 0xFF, 0xFF, 
	0xFF, 0xFF, 0xFE, 0xED, 0xCA, 0x98, 0x65, 0x55, 0x55, 0x55, 0x55, 0x55, 0x66, 0x55, 0x56, 
	0x65, 0x55, 0x55, 0x54, 0x44, 0x43, 0x33, 0x33, 0x33, 0x32, 0x22, 0x33, 0x32, 0x22, 0x33, 
	0x33, 0x33, 0x33, 0x33, 0x44, 0x44, 0x44, 0x45, 0x55, 0x44, 0x44, 0x44, 0x44, 0x44, 0x45, 
	0x54, 0x44, 0x44, 0x44, 0x44, 0x44, 0x33, 0x33, 0x33, 0x34, 0x33, 0x45, 0x55, 0x55, 0x66, 
	0x66, 0x64, 0x33, 0x32, 0x22, 0x34, 0x45, 0x56, 0x77, 0x77, 0x66, 0x66, 0x65, 0x67, 0x75, 
	0x53, 0x22, 0x45, 0x55, 0x54, 0x22, 0x12, 0x33, 0x45, 0x45, 0x56, 0x42, 0x34, 0x55, 0x68, 
	0x77, 0x77, 0x67, 0x66, 0x77, 0x78, 0x75, 0x44, 0x33, 0x44, 0x55, 0x55, 0x55, 0x55, 0x55, 
	0x55, 0x55, 0x55, 0x55, 0x55, 0x66, 0x66, 0x77, 0x87, 0x66, 0x65, 0x44, 0x45, 0x55, 0x44, 
	0x45, 0x55, 0x55, 0x55, 0x44, 0x54, 0x45, 0x55, 0x66, 0x66, 0x66, 0x66, 0x66, 0x66, 0x66, 
	0x66, 0x66, 0x66, 0x77, 0x77, 0x66, 0x66, 0x66, 0x66, 0x67, 0x77, 0x77, 0x77, 0x76, 0x77, 
	0x77, 0x77, 0x77, 0x77, 0x78, 0x77, 0x77, 0x78, 0x88, 0x77, 0x77, 0x88, 0x87, 0x77, 0x78, 
	0x88, 0x87, 0x77, 0x78, 0x88, 0x77, 0x88, 0x88, 0x77, 0x88, 0x88, 0x88, 0x88, 0x88, 0x88, 
	0x88, 0x88, 0x88, 0x88, 0x88, 0x88, 0x88, 0x88, 0x88, 0x88, 0x88, 0x88, 0x88, 0x88, 0x88, 
	0x88, 0x88, 0x88, 0x99, 0x98, 0x88, 0x88, 0x88, 0x88, 0x88, 0x88, 0x88, 0x88, 0x88, 0x99, 
	0x99, 0x88, 0x88, 0x88, 0x99, 0x98, 0x88, 0x88, 0x88, 0x88, 0x89, 0x88, 0x88, 0x88, 0x88, 
	0xBB, 0xBB, 0xBB, 0xBB, 0xCD, 0xDC, 0xBB, 0xAA, 0x98, 0x88, 0x9A, 0x99, 0xAA, 0xAA, 0xAB, 
	0xBB, 0xAA, 0xAA, 0xAA, 0xAA, 0xAA, 0xAB, 0xBB, 0xAA, 0x99, 0x9A, 0xAB, 0xBB, 0xBA, 0xAA, 
	0xAA, 0xBB, 0xBC, 0xCC, 0xBB, 0xBB, 0xBA, 0xBB, 0xAC, 0xEF, 0xFF, 0xFE, 0xFF, 0xFF, 0xFF, 
	0xFF, 0xFF, 0xFF, 0xFF, 0xFF, 0xFF, 0xFF, 0xFF, 0xFF, 0xFF, 0xFF, 0xFF, 0xFF, 0xFF, 0xFF, 
	0xFF, 0xFF, 0xFF, 0xFF, 0xFF, 0xFF, 0xFF, 0xFF, 0xFF, 0xFF, 0xFF, 0xFF, 0xFF, 0xFF, 0xFF, 
	0xFF, 0xFF, 0xFE, 0xED, 0xDB, 0xA8, 0x75, 0x55, 0x56, 0x55, 0x55, 0x55, 0x66, 0x65, 0x66, 
	0x66, 0x55, 0x55, 0x54, 0x44, 0x43, 0x33, 0x44, 0x33, 0x32, 0x22, 0x22, 0x33, 0x33, 0x33, 
	0x33, 0x44, 0x43, 0x34, 0x44, 0x44, 0x44, 0x45, 0x55, 0x54, 0x44, 0x55, 0x55, 0x44, 0x44, 
	0x44, 0x44, 0x33, 0x44, 0x44, 0x44, 0x33, 0x34, 0x43, 0x33, 0x33, 0x34, 0x45, 0x44, 0x45, 
	0x55, 0x54, 0x33, 0x32, 0x22, 0x34, 0x45, 0x56, 0x67, 0x77, 0x67, 0x76, 0x55, 0x67, 0x75, 
	0x53, 0x22, 0x35, 0x55, 0x55, 0x32, 0x12, 0x23, 0x46, 0x56, 0x55, 0x53, 0x34, 0x66, 0x78, 
	0x76, 0x77, 0x77, 0x66, 0x77, 0x78, 0x75, 0x43, 0x33, 0x45, 0x55, 0x55, 0x55, 0x66, 0x65, 
	0x55, 0x55, 0x55, 0x55, 0x65, 0x55, 0x56, 0x78, 0x87, 0x77, 0x65, 0x44, 0x45, 0x55, 0x43, 
	0x44, 0x55, 0x55, 0x55, 0x44, 0x54, 0x45, 0x55, 0x66, 0x55, 0x66, 0x66, 0x66, 0x66, 0x66, 
	0x66, 0x55, 0x66, 0x66, 0x66, 0x66, 0x66, 0x66, 0x66, 0x67, 0x77, 0x77, 0x77, 0x77, 0x67, 
	0x77, 0x77, 0x77, 0x77, 0x77, 0x77, 0x77, 0x77, 0x77, 0x77, 0x77, 0x78, 0x87, 0x77, 0x77, 
	0x88, 0x88, 0x77, 0x78, 0x87, 0x77, 0x77, 0x88, 0x88, 0x88, 0x88, 0x88, 0x88, 0x88, 0x88, 
	0x87, 0x88, 0x88, 0x88, 0x88, 0x88, 0x88, 0x88, 0x88, 0x88, 0x88, 0x88, 0x88, 0x88, 0x88, 
	0x88, 0x88, 0x88, 0x99, 0x98, 0x88, 0x88, 0x88, 0x88, 0x88, 0x88, 0x88, 0x88, 0x88, 0x89, 
	0x99, 0x88, 0x88, 0x88, 0x88, 0x88, 0x88, 0x89, 0x99, 0x99, 0x99, 0x88, 0x88, 0x88, 0x88, 
	0xBB, 0xBB, 0xCC, 0xCC, 0xCC, 0xCB, 0xAA, 0xA9, 0x99, 0x99, 0xAA, 0xAA, 0xAA, 0xBB, 0xBB, 
	0xBA, 0xAA, 0xAA, 0xBA, 0xBB, 0xBA, 0xBB, 0xBB, 0xBA, 0xAA, 0x99, 0xAA, 0xAA, 0xAA, 0x9A, 
	0xAA, 0xAA, 0xAB, 0xCB, 0xBA, 0xAA, 0xBA, 0xBB, 0xAB, 0xEF, 0xFF, 0xFE, 0xFF, 0xFF, 0xFF, 
	0xFF, 0xFF, 0xFF, 0xFF, 0xFF, 0xFF, 0xFF, 0xFF, 0xFF, 0xFF, 0xFF, 0xFF, 0xFF, 0xFF, 0xFF, 
	0xFF, 0xFF, 0xFF, 0xFF, 0xFF, 0xFF, 0xFF, 0xFF, 0xFF, 0xFF, 0xFF, 0xFF, 0xFF, 0xFF, 0xFF, 
	0xFF, 0xFF, 0xFF, 0xEE, 0xDC, 0xA9, 0x76, 0x55, 0x66, 0x55, 0x55, 0x56, 0x66, 0x55, 0x66, 
	0x66, 0x55, 0x55, 0x54, 0x44, 0x33, 0x33, 0x44, 0x43, 0x33, 0x22, 0x23, 0x33, 0x44, 0x43, 
	0x34, 0x56, 0x54, 0x33, 0x44, 0x44, 0x44, 0x45, 0x55, 0x44, 0x44, 0x55, 0x55, 0x55, 0x54, 
	0x45, 0x54, 0x43, 0x44, 0x44, 0x44, 0x33, 0x34, 0x33, 0x32, 0x22, 0x34, 0x45, 0x54, 0x44, 
	0x55, 0x54, 0x33, 0x33, 0x22, 0x34, 0x45, 0x66, 0x67, 0x77, 0x67, 0x77, 0x54, 0x57, 0x76, 
	0x53, 0x22, 0x25, 0x65, 0x55, 0x42, 0x22, 0x23, 0x46, 0x55, 0x55, 0x54, 0x34, 0x66, 0x77, 
	0x66, 0x67, 0x77, 0x66, 0x77, 0x78, 0x76, 0x44, 0x33, 0x45, 0x55, 0x56, 0x66, 0x66, 0x55, 
	0x44, 0x44, 0x44, 0x45, 0x55, 0x55, 0x67, 0x78, 0x88, 0x77, 0x65, 0x44, 0x44, 0x44, 0x43, 
	0x34, 0x45, 0x56, 0x65, 0x55, 0x54, 0x45, 0x55, 0x56, 0x55, 0x66, 0x66, 0x66, 0x66, 0x66, 
	0x66, 0x56, 0x66, 0x66, 0x66, 0x66, 0x66, 0x66, 0x66, 0x77, 0x77, 0x77, 0x77, 0x77, 0x77, 
	0x77, 0x77, 0x77, 0x77, 0x77, 0x77, 0x77, 0x77, 0x77, 0x78, 0x87, 0x77, 0x77, 0x77, 0x77, 
	0x77, 0x88, 0x77, 0x78, 0x88, 0x77, 0x77, 0x78, 0x88, 0x88, 0x88, 0x88, 0x88, 0x78, 0x88, 
	0x87, 0x88, 0x88, 0x88, 0x88, 0x88, 0x88, 0x88, 0x88, 0x88, 0x88, 0x88, 0x88, 0x88, 0x88, 
	0x88, 0x88, 0x88, 0x99, 0x98, 0x88, 0x88, 0x88, 0x88, 0x88, 0x88, 0x99, 0x88, 0x88, 0x88, 
	0x88, 0x88, 0x88, 0x88, 0x88, 0x88, 0x88, 0x89, 0x99, 0x99, 0x99, 0x88, 0x88, 0x99, 0x88, 
	0xBB, 0xBC, 0xCC, 0xCC, 0xCB, 0xBA, 0x99, 0x99, 0x9A, 0xAA, 0xAA, 0xAA, 0xAB, 0xBB, 0xCC, 
	0xBA, 0x9A, 0xAB, 0xBB, 0xBB, 0xBB, 0xBB, 0xBB, 0xBA, 0xAA, 0xA9, 0x99, 0x99, 0xA9, 0x9A, 
	0xAA, 0xAA, 0xAB, 0xBB, 0xBA, 0xAA, 0xAA, 0xBA, 0x9B, 0xDF, 0xFF, 0xFE, 0xFF, 0xFF, 0xFF, 
	0xFF, 0xFF, 0xFF, 0xFF, 0xFF, 0xFF, 0xFF, 0xFF, 0xFF, 0xFF, 0xFF, 0xFF, 0xFF, 0xFF, 0xFF, 
	0xFF, 0xFF, 0xFF, 0xFF, 0xFF, 0xFF, 0xFF, 0xFF, 0xFF, 0xFF, 0xFF, 0xFF, 0xFF, 0xFF, 0xFF, 
	0xFF, 0xFF, 0xEE, 0xED, 0xCB, 0x98, 0x76, 0x55, 0x66, 0x55, 0x55, 0x55, 0x55, 0x55, 0x56, 
	0x66, 0x65, 0x55, 0x54, 0x43, 0x33, 0x33, 0x44, 0x33, 0x22, 0x22, 0x33, 0x33, 0x34, 0x33, 
	0x34, 0x55, 0x54, 0x33, 0x34, 0x43, 0x33, 0x44, 0x54, 0x44, 0x44, 0x45, 0x55, 0x56, 0x65, 
	0x55, 0x54, 0x44, 0x44, 0x44, 0x44, 0x33, 0x33, 0x33, 0x33, 0x23, 0x34, 0x45, 0x54, 0x44, 
	0x45, 0x54, 0x43, 0x33, 0x22, 0x34, 0x45, 0x66, 0x66, 0x77, 0x77, 0x67, 0x64, 0x57, 0x76, 
	0x54, 0x22, 0x24, 0x66, 0x55, 0x43, 0x22, 0x23, 0x45, 0x55, 0x55, 0x54, 0x34, 0x56, 0x77, 
	0x66, 0x67, 0x77, 0x66, 0x77, 0x87, 0x76, 0x54, 0x33, 0x45, 0x66, 0x66, 0x65, 0x55, 0x55, 
	0x55, 0x55, 0x65, 0x55, 0x55, 0x67, 0x78, 0x88, 0x88, 0x87, 0x65, 0x54, 0x44, 0x44, 0x43, 
	0x34, 0x44, 0x56, 0x65, 0x55, 0x55, 0x55, 0x55, 0x55, 0x55, 0x66, 0x66, 0x66, 0x66, 0x66, 
	0x66, 0x66, 0x65, 0x55, 0x66, 0x66, 0x66, 0x66, 0x66, 0x67, 0x76, 0x77, 0x77, 0x77, 0x77, 
	0x77, 0x77, 0x77, 0x77, 0x77, 0x88, 0x77, 0x77, 0x77, 0x78, 0x88, 0x77, 0x77, 0x77, 0x77, 
	0x77, 0x87, 0x77, 0x78, 0x88, 0x88, 0x88, 0x88, 0x88, 0x88, 0x77, 0x77, 0x88, 0x88, 0x88, 
	0x88, 0x88, 0x88, 0x88, 0x88, 0x88, 0x88, 0x88, 0x88, 0x88, 0x88, 0x88, 0x88, 0x88, 0x88, 
	0x88, 0x88, 0x88, 0x89, 0x88, 0x88, 0x88, 0x88, 0x88, 0x88, 0x89, 0x98, 0x88, 0x88, 0x88, 
	0x88, 0x88, 0x88, 0x88, 0x88, 0x88, 0x88, 0x89, 0x99, 0x98, 0x89, 0x98, 0x88, 0x99, 0x98, 
	0xBB, 0xBB, 0xBA, 0xAB, 0xBA, 0xAA, 0x99, 0x99, 0x99, 0x99, 0x9A, 0xAA, 0xAB, 0xBB, 0xBC, 
	0xBA, 0xAB, 0xBB, 0xBB, 0xBB, 0xBA, 0xBB, 0xAA, 0xBA, 0xAB, 0xA9, 0x99, 0x99, 0x99, 0x9A, 
	0xAA, 0xAA, 0xAA, 0xBB, 0xBA, 0xAA, 0xAA, 0xA9, 0x8A, 0xDF, 0xFF, 0xFE, 0xFF, 0xFF, 0xFF, 
	0xFF, 0xFF, 0xFF, 0xFF, 0xFF, 0xFF, 0xFF, 0xFF, 0xFF, 0xFF, 0xFF, 0xFF, 0xFF, 0xFF, 0xFF, 
	0xFF, 0xFF, 0xFF, 0xFF, 0xFF, 0xFF, 0xFF, 0xFF, 0xFF, 0xFF, 0xFF, 0xFF, 0xFF, 0xFF, 0xFF, 
	0xFF, 0xFF, 0xEE, 0xDC, 0xB9, 0x87, 0x66, 0x55, 0x55, 0x55, 0x55, 0x55, 0x55, 0x55, 0x56, 
	0x66, 0x65, 0x55, 0x54, 0x43, 0x33, 0x33, 0x33, 0x33, 0x22, 0x23, 0x34, 0x43, 0x33, 0x33, 
	0x34, 0x44, 0x43, 0x33, 0x34, 0x43, 0x33, 0x34, 0x44, 0x44, 0x44, 0x45, 0x55, 0x66, 0x65, 
	0x55, 0x54, 0x44, 0x55, 0x54, 0x33, 0x33, 0x33, 0x33, 0x33, 0x33, 0x34, 0x45, 0x55, 0x54, 
	0x44, 0x55, 0x44, 0x33, 0x22, 0x23, 0x45, 0x67, 0x66, 0x68, 0x76, 0x56, 0x65, 0x67, 0x76, 
	0x64, 0x22, 0x35, 0x66, 0x55, 0x43, 0x22, 0x23, 0x35, 0x55, 0x45, 0x54, 0x44, 0x56, 0x67, 
	0x66, 0x66, 0x76, 0x56, 0x77, 0x86, 0x66, 0x55, 0x44, 0x56, 0x66, 0x65, 0x54, 0x45, 0x56, 
	0x66, 0x66, 0x77, 0x66, 0x66, 0x67, 0x77, 0x88, 0x88, 0x77, 0x66, 0x54, 0x33, 0x33, 0x33, 
	0x33, 0x34, 0x56, 0x66, 0x55, 0x55, 0x55, 0x55, 0x55, 0x55, 0x66, 0x56, 0x56, 0x66, 0x66, 
	0x65, 0x56, 0x66, 0x55, 0x66, 0x66, 0x66, 0x66, 0x66, 0x67, 0x76, 0x67, 0x77, 0x77, 0x77, 
	0x77, 0x77, 0x77, 0x77, 0x77, 0x77, 0x77, 0x77, 0x77, 0x78, 0x87, 0x77, 0x77, 0x77, 0x77, 
	0x77, 0x87, 0x77, 0x78, 0x88, 0x88, 0x88, 0x88, 0x88, 0x88, 0x77, 0x77, 0x88, 0x88, 0x88, 
	0x88, 0x88, 0x88, 0x88, 0x88, 0x88, 0x88, 0x88, 0x88, 0x88, 0x88, 0x88, 0x88, 0x88, 0x88, 
	0x88, 0x88, 0x88, 0x88, 0x88, 0x88, 0x88, 0x88, 0x99, 0x88, 0x89, 0x98, 0x88, 0x88, 0x88, 
	0x88, 0x88, 0x99, 0x88, 0x88, 0x88, 0x88, 0x99, 0x98, 0x88, 0x89, 0x98, 0x88, 0x99, 0x99, 
	0xBB, 0xBA, 0x99, 0x99, 0x99, 0x9A, 0xA9, 0x99, 0x99, 0x98, 0x9A, 0xAA, 0xAA, 0xAA, 0xAB, 
	0xBB, 0xBB, 0xBB, 0xAA, 0xAA, 0xAA, 0xAA, 0xAA, 0xAB, 0xBB, 0xBA, 0xA9, 0xA9, 0x99, 0x99, 
	0x9A, 0xAB, 0xBA, 0xAA, 0xBA, 0xA9, 0x99, 0x99, 0x7A, 0xDF, 0xFF, 0xFE, 0xFF, 0xFF, 0xFF, 
	0xFF, 0xFF, 0xFF, 0xFF, 0xFF, 0xFF, 0xFF, 0xFF, 0xFF, 0xFF, 0xFF, 0xFF, 0xFF, 0xFF, 0xFF, 
	0xFF, 0xFF, 0xFF, 0xFF, 0xFF, 0xFF, 0xFF, 0xFF, 0xFF, 0xFF, 0xFF, 0xFF, 0xFF, 0xFF, 0xFF, 
	0xFF, 0xEE, 0xED, 0xCB, 0x98, 0x76, 0x66, 0x55, 0x55, 0x56, 0x55, 0x55, 0x55, 0x55, 0x66, 
	0x65, 0x55, 0x54, 0x44, 0x43, 0x34, 0x43, 0x33, 0x33, 0x22, 0x22, 0x33, 0x43, 0x33, 0x33, 
	0x33, 0x33, 0x33, 0x33, 0x44, 0x43, 0x33, 0x34, 0x44, 0x44, 0x44, 0x45, 0x55, 0x55, 0x55, 
	0x55, 0x44, 0x45, 0x66, 0x54, 0x33, 0x33, 0x33, 0x33, 0x33, 0x34, 0x55, 0x55, 0x65, 0x54, 
	0x44, 0x55, 0x55, 0x43, 0x22, 0x23, 0x45, 0x56, 0x76, 0x67, 0x76, 0x55, 0x65, 0x67, 0x66, 
	0x65, 0x43, 0x35, 0x66, 0x54, 0x44, 0x32, 0x23, 0x35, 0x65, 0x55, 0x44, 0x45, 0x55, 0x66, 
	0x66, 0x66, 0x76, 0x56, 0x77, 0x77, 0x66, 0x55, 0x55, 0x56, 0x66, 0x55, 0x44, 0x45, 0x56, 
	0x65, 0x56, 0x67, 0x76, 0x65, 0x55, 0x66, 0x67, 0x77, 0x77, 0x76, 0x55, 0x33, 0x33, 0x33, 
	0x33, 0x34, 0x55, 0x65, 0x55, 0x44, 0x44, 0x55, 0x55, 0x56, 0x66, 0x55, 0x56, 0x66, 0x65, 
	0x56, 0x66, 0x66, 0x66, 0x55, 0x66, 0x66, 0x76, 0x66, 0x67, 0x76, 0x67, 0x66, 0x67, 0x77, 
	0x77, 0x77, 0x77, 0x77, 0x77, 0x77, 0x77, 0x77, 0x77, 0x77, 0x77, 0x77, 0x77, 0x77, 0x78, 
	0x87, 0x77, 0x77, 0x77, 0x88, 0x88, 0x88, 0x88, 0x78, 0x88, 0x88, 0x77, 0x88, 0x88, 0x88, 
	0x87, 0x88, 0x88, 0x88, 0x88, 0x88, 0x88, 0x88, 0x88, 0x88, 0x88, 0x88, 0x88, 0x88, 0x88, 
	0x88, 0x88, 0x88, 0x88, 0x88, 0x88, 0x88, 0x88, 0x88, 0x89, 0x88, 0x88, 0x89, 0x98, 0x88, 
	0x89, 0x98, 0x88, 0x88, 0x88, 0x99, 0x99, 0x99, 0x99, 0x88, 0x88, 0x88, 0x89, 0x99, 0x88, 
	0xAA, 0xA9, 0x88, 0x88, 0x99, 0x9A, 0xA9, 0x99, 0x99, 0x99, 0x9A, 0xA9, 0x99, 0x9A, 0x9A, 
	0xBB, 0xBB, 0xCB, 0xAA, 0xAA, 0xAA, 0xAA, 0xAA, 0xAA, 0xBB, 0xBB, 0xA9, 0x99, 0x99, 0x99, 
	0x99, 0x9A, 0xAA, 0x9A, 0xAA, 0x99, 0x99, 0x99, 0x8A, 0xDF, 0xFF, 0xEE, 0xFF, 0xFF, 0xFF, 
	0xFF, 0xFF, 0xFF, 0xFF, 0xFF, 0xFF, 0xFF, 0xFF, 0xFF, 0xFF, 0xFF, 0xFF, 0xFF, 0xFF, 0xFF, 
	0xFF, 0xFF, 0xFF, 0xFF, 0xFF, 0xFF, 0xFF, 0xFF, 0xFF, 0xFF, 0xFF, 0xFF, 0xFF, 0xFF, 0xFF, 
	0xFF, 0xEF, 0xED, 0xCB, 0x98, 0x76, 0x65, 0x55, 0x55, 0x55, 0x54, 0x55, 0x55, 0x66, 0x66, 
	0x55, 0x55, 0x44, 0x44, 0x44, 0x44, 0x44, 0x44, 0x32, 0x22, 0x22, 0x33, 0x33, 0x33, 0x33, 
	0x33, 0x33, 0x33, 0x44, 0x44, 0x44, 0x44, 0x34, 0x44, 0x44, 0x44, 0x44, 0x45, 0x55, 0x55, 
	0x55, 0x55, 0x55, 0x65, 0x54, 0x44, 0x44, 0x33, 0x33, 0x33, 0x45, 0x56, 0x56, 0x77, 0x76, 
	0x54, 0x45, 0x55, 0x43, 0x22, 0x23, 0x44, 0x56, 0x76, 0x67, 0x76, 0x66, 0x66, 0x66, 0x55, 
	0x66, 0x54, 0x45, 0x55, 0x54, 0x44, 0x33, 0x33, 0x34, 0x65, 0x55, 0x44, 0x45, 0x55, 0x55, 
	0x55, 0x55, 0x66, 0x56, 0x66, 0x77, 0x76, 0x56, 0x66, 0x66, 0x65, 0x54, 0x44, 0x34, 0x44, 
	0x43, 0x33, 0x45, 0x55, 0x54, 0x44, 0x55, 0x55, 0x66, 0x77, 0x76, 0x54, 0x43, 0x33, 0x33, 
	0x33, 0x34, 0x55, 0x65, 0x55, 0x44, 0x44, 0x55, 0x55, 0x55, 0x55, 0x55, 0x56, 0x66, 0x66, 
	0x55, 0x66, 0x66, 0x66, 0x66, 0x66, 0x66, 0x76, 0x66, 0x66, 0x76, 0x66, 0x66, 0x66, 0x77, 
	0x77, 0x77, 0x77, 0x77, 0x77, 0x77, 0x77, 0x77, 0x78, 0x87, 0x77, 0x77, 0x77, 0x77, 0x78, 
	0x87, 0x77, 0x77, 0x77, 0x78, 0x87, 0x77, 0x78, 0x78, 0x88, 0x88, 0x88, 0x88, 0x88, 0x88, 
	0x87, 0x88, 0x88, 0x88, 0x88, 0x88, 0x88, 0x88, 0x88, 0x88, 0x88, 0x88, 0x88, 0x88, 0x88, 
	0x88, 0x88, 0x88, 0x88, 0x88, 0x88, 0x88, 0x88, 0x88, 0x88, 0x88, 0x88, 0x89, 0x99, 0x99, 
	0x99, 0x99, 0x98, 0x88, 0x88, 0x88, 0x99, 0x99, 0x99, 0x98, 0x88, 0x88, 0x89, 0x99, 0x88, 
	0xA9, 0x98, 0x87, 0x88, 0x99, 0x9A, 0xA9, 0x99, 0xAA, 0xAA, 0xAB, 0xAA, 0x88, 0x99, 0x99, 
	0xAB, 0xBC, 0xCC, 0xBA, 0xAB, 0xAA, 0xAA, 0xAA, 0xAA, 0xAB, 0xBB, 0xBA, 0xA9, 0x99, 0x99, 
	0x99, 0x99, 0x99, 0x99, 0x99, 0x99, 0x9A, 0x99, 0x9B, 0xEF, 0xFF, 0xFE, 0xFF, 0xFF, 0xFF, 
	0xFF, 0xFF, 0xFF, 0xFF, 0xFF, 0xFF, 0xFF, 0xFF, 0xFF, 0xFF, 0xFF, 0xFF, 0xFF, 0xFF, 0xFF, 
	0xFF, 0xFF, 0xFF, 0xFF, 0xFF, 0xFF, 0xFF, 0xFF, 0xFF, 0xFF, 0xFF, 0xFF, 0xFF, 0xFF, 0xFF, 
	0xFF, 0xFF, 0xED, 0xCB, 0xA9, 0x76, 0x65, 0x55, 0x55, 0x55, 0x44, 0x55, 0x55, 0x55, 0x56, 
	0x55, 0x55, 0x54, 0x44, 0x44, 0x43, 0x44, 0x43, 0x32, 0x22, 0x23, 0x34, 0x33, 0x33, 0x33, 
	0x33, 0x33, 0x34, 0x44, 0x44, 0x44, 0x44, 0x34, 0x44, 0x44, 0x44, 0x44, 0x44, 0x55, 0x55, 
	0x65, 0x55, 0x66, 0x55, 0x44, 0x44, 0x44, 0x43, 0x44, 0x44, 0x45, 0x55, 0x56, 0x77, 0x76, 
	0x55, 0x44, 0x55, 0x44, 0x33, 0x23, 0x45, 0x67, 0x76, 0x67, 0x66, 0x66, 0x66, 0x55, 0x55, 
	0x66, 0x65, 0x44, 0x44, 0x45, 0x55, 0x44, 0x33, 0x34, 0x65, 0x55, 0x55, 0x55, 0x55, 0x54, 
	0x55, 0x55, 0x66, 0x66, 0x66, 0x78, 0x87, 0x67, 0x76, 0x66, 0x54, 0x33, 0x33, 0x23, 0x32, 
	0x33, 0x32, 0x23, 0x34, 0x44, 0x44, 0x55, 0x55, 0x55, 0x66, 0x65, 0x54, 0x43, 0x33, 0x33, 
	0x33, 0x34, 0x45, 0x55, 0x55, 0x45, 0x44, 0x55, 0x55, 0x55, 0x55, 0x55, 0x66, 0x66, 0x66, 
	0x55, 0x56, 0x55, 0x66, 0x66, 0x55, 0x56, 0x66, 0x66, 0x67, 0x76, 0x66, 0x77, 0x66, 0x77, 
	0x77, 0x77, 0x77, 0x77, 0x77, 0x77, 0x77, 0x77, 0x78, 0x88, 0x77, 0x77, 0x77, 0x77, 0x77, 
	0x87, 0x77, 0x77, 0x77, 0x77, 0x77, 0x77, 0x77, 0x88, 0x88, 0x88, 0x88, 0x88, 0x88, 0x88, 
	0x87, 0x77, 0x88, 0x88, 0x88, 0x88, 0x88, 0x88, 0x88, 0x88, 0x88, 0x88, 0x88, 0x88, 0x88, 
	0x88, 0x88, 0x88, 0x88, 0x88, 0x88, 0x88, 0x88, 0x88, 0x88, 0x88, 0x88, 0x98, 0x89, 0x99, 
	0x88, 0x99, 0x98, 0x88, 0x88, 0x88, 0x88, 0x99, 0x99, 0x99, 0x88, 0x88, 0x89, 0x99, 0x88, 
	0x99, 0x98, 0x88, 0x99, 0x99, 0xAA, 0x99, 0x99, 0x9A, 0xAA, 0xAA, 0xBA, 0x99, 0x99, 0x9A, 
	0xBA, 0xAB, 0xDC, 0xBA, 0xAB, 0xAA, 0xAA, 0xAA, 0xAA, 0xAB, 0xCC, 0xCB, 0xAA, 0x9A, 0x99, 
	0xAA, 0xA9, 0x99, 0x99, 0xAA, 0xAA, 0xAA, 0xA9, 0xAB, 0xEF, 0xFF, 0xFF, 0xFF, 0xFF, 0xFF, 
	0xFF, 0xFF, 0xFF, 0xFF, 0xFF, 0xFF, 0xFF, 0xFF, 0xFF, 0xFF, 0xFF, 0xFF, 0xFF, 0xFF, 0xFF, 
	0xFF, 0xFF, 0xFF, 0xFF, 0xFF, 0xFF, 0xFF, 0xFF, 0xFF, 0xFF, 0xFF, 0xFF, 0xFF, 0xFF, 0xFF, 
	0xFF, 0xEE, 0xED, 0xDC, 0xA9, 0x76, 0x55, 0x56, 0x55, 0x55, 0x55, 0x55, 0x55, 0x55, 0x55, 
	0x55, 0x55, 0x54, 0x44, 0x43, 0x33, 0x33, 0x33, 0x22, 0x22, 0x33, 0x44, 0x43, 0x33, 0x34, 
	0x33, 0x33, 0x33, 0x44, 0x44, 0x44, 0x43, 0x34, 0x44, 0x44, 0x44, 0x34, 0x45, 0x56, 0x66, 
	0x66, 0x56, 0x66, 0x55, 0x44, 0x44, 0x44, 0x44, 0x55, 0x55, 0x55, 0x55, 0x55, 0x56, 0x66, 
	0x65, 0x44, 0x55, 0x54, 0x43, 0x34, 0x55, 0x67, 0x76, 0x66, 0x66, 0x66, 0x66, 0x54, 0x55, 
	0x66, 0x65, 0x44, 0x34, 0x45, 0x65, 0x44, 0x33, 0x34, 0x55, 0x55, 0x55, 0x55, 0x55, 0x54, 
	0x55, 0x55, 0x55, 0x56, 0x66, 0x78, 0x87, 0x77, 0x66, 0x54, 0x33, 0x22, 0x22, 0x22, 0x22, 
	0x35, 0x53, 0x22, 0x22, 0x33, 0x44, 0x44, 0x55, 0x55, 0x55, 0x54, 0x55, 0x54, 0x44, 0x44, 
	0x44, 0x44, 0x44, 0x55, 0x54, 0x55, 0x54, 0x55, 0x55, 0x55, 0x55, 0x56, 0x66, 0x66, 0x66, 
	0x55, 0x56, 0x65, 0x66, 0x66, 0x55, 0x56, 0x66, 0x66, 0x77, 0x66, 0x66, 0x77, 0x76, 0x77, 
	0x77, 0x77, 0x77, 0x77, 0x77, 0x78, 0x77, 0x77, 0x77, 0x87, 0x77, 0x77, 0x77, 0x77, 0x77, 
	0x77, 0x77, 0x77, 0x77, 0x77, 0x77, 0x77, 0x78, 0x88, 0x87, 0x88, 0x88, 0x88, 0x77, 0x88, 
	0x87, 0x78, 0x88, 0x88, 0x88, 0x88, 0x88, 0x88, 0x88, 0x88, 0x88, 0x88, 0x88, 0x88, 0x98, 
	0x88, 0x88, 0x99, 0x98, 0x88, 0x88, 0x88, 0x88, 0x88, 0x88, 0x98, 0x89, 0x88, 0x89, 0x99, 
	0x88, 0x89, 0x88, 0x88, 0x88, 0x88, 0x88, 0x89, 0x99, 0x99, 0x98, 0x99, 0x88, 0x99, 0x99, 
	0x99, 0x99, 0x9A, 0xAA, 0xAA, 0xAA, 0xA9, 0x99, 0x99, 0xA9, 0x9A, 0xAA, 0x99, 0x99, 0xAA, 
	0xBA, 0x9B, 0xCB, 0xB9, 0xAA, 0xAA, 0xAA, 0xAB, 0xBB, 0xBB, 0xCC, 0xBB, 0xAA, 0xAA, 0xAA, 
	0xBB, 0xBA, 0xAA, 0xAB, 0xBB, 0xBB, 0xBB, 0xA9, 0xAB, 0xDF, 0xFF, 0xFF, 0xFF, 0xFF, 0xFF, 
	0xFF, 0xFF, 0xFF, 0xFF, 0xFF, 0xFF, 0xFF, 0xFF, 0xFF, 0xFF, 0xFF, 0xFF, 0xFF, 0xFF, 0xFF, 
	0xFF, 0xFF, 0xFF, 0xFF, 0xFF, 0xFF, 0xFF, 0xFF, 0xFF, 0xFF, 0xFF, 0xFF, 0xFF, 0xFF, 0xFF, 
	0xFE, 0xEE, 0xED, 0xCB, 0x98, 0x76, 0x54, 0x55, 0x55, 0x55, 0x55, 0x55, 0x55, 0x55, 0x55, 
	0x55, 0x55, 0x54, 0x44, 0x44, 0x33, 0x33, 0x33, 0x23, 0x33, 0x34, 0x44, 0x44, 0x44, 0x45, 
	0x54, 0x43, 0x33, 0x44, 0x44, 0x44, 0x44, 0x44, 0x44, 0x43, 0x44, 0x45, 0x55, 0x66, 0x66, 
	0x56, 0x66, 0x66, 0x55, 0x44, 0x45, 0x44, 0x45, 0x65, 0x56, 0x65, 0x55, 0x44, 0x44, 0x55, 
	0x55, 0x55, 0x55, 0x55, 0x44, 0x45, 0x56, 0x77, 0x66, 0x66, 0x66, 0x55, 0x66, 0x44, 0x45, 
	0x55, 0x54, 0x44, 0x43, 0x45, 0x65, 0x44, 0x32, 0x23, 0x54, 0x55, 0x54, 0x56, 0x65, 0x54, 
	0x55, 0x55, 0x55, 0x56, 0x66, 0x67, 0x88, 0x87, 0x65, 0x43, 0x21, 0x21, 0x11, 0x12, 0x33, 
	0x46, 0x64, 0x33, 0x22, 0x23, 0x33, 0x34, 0x55, 0x66, 0x65, 0x55, 0x55, 0x55, 0x56, 0x55, 
	0x55, 0x54, 0x44, 0x55, 0x54, 0x55, 0x54, 0x55, 0x55, 0x55, 0x56, 0x66, 0x66, 0x65, 0x55, 
	0x55, 0x66, 0x66, 0x66, 0x66, 0x66, 0x55, 0x56, 0x66, 0x77, 0x66, 0x66, 0x67, 0x77, 0x77, 
	0x77, 0x77, 0x77, 0x77, 0x77, 0x77, 0x77, 0x77, 0x77, 0x77, 0x77, 0x77, 0x77, 0x77, 0x77, 
	0x77, 0x77, 0x77, 0x77, 0x77, 0x77, 0x78, 0x88, 0x88, 0x87, 0x77, 0x88, 0x88, 0x77, 0x78, 
	0x87, 0x88, 0x88, 0x88, 0x88, 0x88, 0x88, 0x88, 0x88, 0x88, 0x88, 0x88, 0x88, 0x88, 0x88, 
	0x88, 0x88, 0x88, 0x88, 0x88, 0x88, 0x88, 0x98, 0x88, 0x88, 0x89, 0x99, 0x88, 0x88, 0x99, 
	0x88, 0x88, 0x88, 0x88, 0x88, 0x88, 0x89, 0x99, 0x99, 0x99, 0x99, 0x99, 0x98, 0x99, 0x99, 
	0x99, 0xAA, 0xAA, 0xAA, 0xAA, 0xAA, 0xAA, 0x9A, 0xA9, 0x99, 0x9A, 0xA9, 0x99, 0x99, 0x9A, 
	0xAA, 0x9A, 0xBA, 0xA9, 0xAA, 0xAA, 0xAA, 0xAB, 0xCC, 0xBB, 0xBB, 0xBA, 0xAA, 0xBB, 0xBB, 
	0xBC, 0xBB, 0xBB, 0xBB, 0xCC, 0xCC, 0xBB, 0xAA, 0xAB, 0xDF, 0xFF, 0xFF, 0xFF, 0xFF, 0xFF, 
	0xFF, 0xFF, 0xFF, 0xFF, 0xFF, 0xFF, 0xFF, 0xFF, 0xFF, 0xFF, 0xFF, 0xFF, 0xFF, 0xFF, 0xFF, 
	0xFF, 0xFF, 0xFF, 0xFF, 0xFF, 0xFF, 0xFF, 0xFF, 0xFF, 0xFF, 0xFF, 0xFF, 0xFF, 0xFF, 0xFF, 
	0xEE, 0xEE, 0xED, 0xCA, 0x87, 0x65, 0x54, 0x55, 0x55, 0x55, 0x55, 0x55, 0x55, 0x66, 0x55, 
	0x55, 0x55, 0x54, 0x44, 0x43, 0x33, 0x33, 0x32, 0x33, 0x44, 0x44, 0x44, 0x33, 0x33, 0x45, 
	0x55, 0x44, 0x44, 0x44, 0x44, 0x44, 0x44, 0x44, 0x44, 0x44, 0x45, 0x55, 0x55, 0x56, 0x65, 
	0x56, 0x76, 0x66, 0x55, 0x43, 0x45, 0x55, 0x67, 0x66, 0x55, 0x66, 0x55, 0x55, 0x44, 0x45, 
	0x55, 0x55, 0x55, 0x56, 0x55, 0x45, 0x66, 0x77, 0x66, 0x55, 0x65, 0x56, 0x76, 0x54, 0x44, 
	0x55, 0x54, 0x44, 0x43, 0x45, 0x55, 0x43, 0x32, 0x34, 0x55, 0x55, 0x44, 0x46, 0x66, 0x55, 
	0x45, 0x66, 0x55, 0x55, 0x66, 0x78, 0x99, 0x86, 0x43, 0x22, 0x12, 0x11, 0x11, 0x12, 0x44, 
	0x45, 0x54, 0x33, 0x32, 0x22, 0x22, 0x34, 0x55, 0x55, 0x66, 0x66, 0x66, 0x66, 0x66, 0x55, 
	0x55, 0x54, 0x44, 0x45, 0x54, 0x45, 0x54, 0x55, 0x44, 0x45, 0x66, 0x66, 0x56, 0x65, 0x55, 
	0x55, 0x66, 0x66, 0x66, 0x66, 0x66, 0x66, 0x66, 0x66, 0x66, 0x66, 0x66, 0x66, 0x77, 0x77, 
	0x77, 0x77, 0x77, 0x77, 0x77, 0x77, 0x77, 0x77, 0x77, 0x77, 0x77, 0x77, 0x77, 0x77, 0x77, 
	0x77, 0x77, 0x77, 0x77, 0x77, 0x77, 0x77, 0x88, 0x88, 0x87, 0x77, 0x78, 0x88, 0x87, 0x78, 
	0x87, 0x88, 0x88, 0x88, 0x88, 0x88, 0x88, 0x88, 0x88, 0x88, 0x88, 0x88, 0x88, 0x88, 0x88, 
	0x88, 0x88, 0x88, 0x88, 0x88, 0x88, 0x89, 0x99, 0x88, 0x88, 0x89, 0x98, 0x88, 0x89, 0x98, 
	0x88, 0x88, 0x88, 0x88, 0x88, 0x88, 0x99, 0x99, 0x99, 0x88, 0x99, 0x99, 0x99, 0x99, 0x99, 
	0x9A, 0xAB, 0xBA, 0xAA, 0xAA, 0xAA, 0xAA, 0xAA, 0xAA, 0x9A, 0x9A, 0xA9, 0x99, 0x99, 0x9A, 
	0xAA, 0x89, 0x99, 0x9A, 0xAA, 0xAA, 0xAA, 0xBB, 0xBB, 0xAA, 0xAA, 0xAA, 0xAB, 0xBC, 0xBB, 
	0xCC, 0xBA, 0xBB, 0xBB, 0xCC, 0xDC, 0xCC, 0xBB, 0xBB, 0xDF, 0xFF, 0xFF, 0xFF, 0xFF, 0xFF, 
	0xFF, 0xFF, 0xFF, 0xFF, 0xFF, 0xFF, 0xFF, 0xFF, 0xFF, 0xFF, 0xFF, 0xFF, 0xFF, 0xFF, 0xFF, 
	0xFF, 0xFF, 0xFF, 0xFF, 0xFF, 0xFF, 0xFF, 0xFF, 0xFF, 0xFF, 0xFF, 0xFF, 0xFF, 0xFF, 0xFF, 
	0xEE, 0xEE, 0xDD, 0xB9, 0x77, 0x65, 0x55, 0x55, 0x55, 0x55, 0x55, 0x55, 0x55, 0x55, 0x55, 
	0x55, 0x55, 0x54, 0x43, 0x33, 0x32, 0x33, 0x32, 0x33, 0x44, 0x44, 0x44, 0x33, 0x33, 0x45, 
	0x55, 0x44, 0x44, 0x45, 0x54, 0x44, 0x44, 0x44, 0x44, 0x44, 0x45, 0x54, 0x44, 0x55, 0x55, 
	0x56, 0x77, 0x65, 0x54, 0x44, 0x56, 0x66, 0x77, 0x65, 0x55, 0x55, 0x54, 0x55, 0x54, 0x45, 
	0x55, 0x55, 0x55, 0x56, 0x65, 0x55, 0x56, 0x77, 0x66, 0x55, 0x55, 0x56, 0x76, 0x55, 0x44, 
	0x44, 0x54, 0x44, 0x43, 0x44, 0x55, 0x43, 0x33, 0x44, 0x56, 0x55, 0x44, 0x45, 0x56, 0x54, 
	0x45, 0x55, 0x54, 0x55, 0x67, 0x79, 0x97, 0x64, 0x32, 0x22, 0x22, 0x11, 0x22, 0x22, 0x44, 
	0x34, 0x44, 0x33, 0x33, 0x22, 0x12, 0x34, 0x45, 0x55, 0x67, 0x77, 0x76, 0x67, 0x76, 0x66, 
	0x65, 0x55, 0x44, 0x44, 0x44, 0x44, 0x44, 0x55, 0x44, 0x45, 0x66, 0x55, 0x56, 0x66, 0x65, 
	0x66, 0x66, 0x56, 0x66, 0x66, 0x55, 0x56, 0x66, 0x66, 0x66, 0x66, 0x66, 0x66, 0x77, 0x76, 
	0x67, 0x77, 0x77, 0x77, 0x77, 0x77, 0x77, 0x77, 0x77, 0x77, 0x77, 0x77, 0x77, 0x77, 0x77, 
	0x77, 0x77, 0x77, 0x77, 0x77, 0x77, 0x77, 0x77, 0x88, 0x88, 0x88, 0x88, 0x88, 0x87, 0x77, 
	0x77, 0x78, 0x88, 0x88, 0x88, 0x88, 0x88, 0x88, 0x88, 0x88, 0x88, 0x88, 0x88, 0x88, 0x88, 
	0x88, 0x88, 0x88, 0x88, 0x88, 0x88, 0x88, 0x88, 0x88, 0x88, 0x88, 0x88, 0x88, 0x89, 0x98, 
	0x88, 0x88, 0x88, 0x98, 0x88, 0x88, 0x99, 0x99, 0x89, 0x98, 0x88, 0x89, 0x99, 0x98, 0x99, 
	0x9A, 0xBB, 0xBA, 0xAA, 0xBA, 0xAA, 0xAB, 0xBB, 0xBA, 0xAB, 0xAB, 0xBA, 0x99, 0x99, 0x9A, 
	0xAA, 0x88, 0x89, 0xAB, 0xBA, 0x99, 0xAA, 0xBB, 0xBA, 0xA9, 0xAA, 0xAB, 0xBB, 0xCC, 0xBB, 
	0xCC, 0xBB, 0xAB, 0xBB, 0xBC, 0xDD, 0xDD, 0xDC, 0xCC, 0xEE, 0xFF, 0xFF, 0xFF, 0xFF, 0xFF, 
	0xFF, 0xFF, 0xFF, 0xFF, 0xFF, 0xFF, 0xFF, 0xFF, 0xFF, 0xFF, 0xFF, 0xFF, 0xFF, 0xFF, 0xFF, 
	0xFF, 0xFF, 0xFF, 0xFF, 0xFF, 0xFF, 0xFF, 0xFF, 0xFF, 0xFF, 0xFF, 0xFF, 0xFF, 0xFF, 0xFF, 
	0xFF, 0xED, 0xDC, 0xBA, 0x86, 0x65, 0x55, 0x55, 0x55, 0x55, 0x55, 0x55, 0x54, 0x45, 0x55, 
	0x56, 0x55, 0x44, 0x33, 0x33, 0x32, 0x33, 0x33, 0x33, 0x34, 0x44, 0x44, 0x44, 0x44, 0x55, 
	0x54, 0x44, 0x33, 0x45, 0x55, 0x54, 0x45, 0x54, 0x44, 0x44, 0x44, 0x44, 0x44, 0x55, 0x55, 
	0x57, 0x77, 0x54, 0x44, 0x44, 0x56, 0x67, 0x76, 0x54, 0x33, 0x33, 0x33, 0x33, 0x33, 0x34, 
	0x44, 0x45, 0x55, 0x56, 0x66, 0x56, 0x66, 0x77, 0x66, 0x66, 0x55, 0x55, 0x66, 0x55, 0x54, 
	0x44, 0x55, 0x54, 0x43, 0x44, 0x45, 0x43, 0x34, 0x44, 0x55, 0x55, 0x55, 0x55, 0x56, 0x54, 
	0x45, 0x55, 0x54, 0x56, 0x78, 0x89, 0x75, 0x43, 0x23, 0x32, 0x21, 0x11, 0x35, 0x42, 0x22, 
	0x13, 0x44, 0x34, 0x43, 0x32, 0x11, 0x23, 0x45, 0x66, 0x67, 0x77, 0x77, 0x77, 0x77, 0x77, 
	0x76, 0x65, 0x54, 0x44, 0x55, 0x44, 0x45, 0x55, 0x55, 0x45, 0x56, 0x55, 0x56, 0x66, 0x66, 
	0x66, 0x65, 0x56, 0x66, 0x66, 0x65, 0x55, 0x66, 0x66, 0x66, 0x66, 0x66, 0x67, 0x77, 0x76, 
	0x66, 0x77, 0x77, 0x77, 0x77, 0x77, 0x77, 0x77, 0x77, 0x77, 0x77, 0x77, 0x77, 0x77, 0x77, 
	0x77, 0x77, 0x77, 0x77, 0x77, 0x77, 0x77, 0x77, 0x77, 0x88, 0x88, 0x88, 0x88, 0x87, 0x77, 
	0x77, 0x78, 0x88, 0x88, 0x88, 0x88, 0x88, 0x88, 0x88, 0x88, 0x88, 0x88, 0x88, 0x88, 0x88, 
	0x88, 0x88, 0x88, 0x88, 0x88, 0x88, 0x88, 0x88, 0x89, 0x98, 0x88, 0x88, 0x88, 0x89, 0x98, 
	0x88, 0x88, 0x88, 0x88, 0x88, 0x88, 0x99, 0x98, 0x89, 0x99, 0x88, 0x89, 0x99, 0x99, 0x99, 
	0x9A, 0xAB, 0xBB, 0xAA, 0xAB, 0xBB, 0xBB, 0xBB, 0xBB, 0xBB, 0xBB, 0xBB, 0xAA, 0xAA, 0xAA, 
	0xAA, 0x99, 0x9B, 0xBC, 0xCA, 0x9A, 0xA9, 0xAB, 0xBB, 0xAA, 0xAA, 0xBB, 0xBB, 0xCB, 0xBC, 
	0xCC, 0xCB, 0xBA, 0xAA, 0xBC, 0xCD, 0xDE, 0xED, 0xDC, 0xDF, 0xFE, 0xFF, 0xFF, 0xFE, 0xFF, 
	0xFF, 0xFF, 0xFF, 0xFF, 0xFF, 0xFF, 0xFF, 0xFF, 0xFF, 0xFF, 0xFF, 0xFF, 0xFF, 0xFF, 0xFF, 
	0xFF, 0xFF, 0xFF, 0xFF, 0xFF, 0xFF, 0xFF, 0xFF, 0xFF, 0xFF, 0xFF, 0xFF, 0xFF, 0xFF, 0xFF, 
	0xFE, 0xEE, 0xED, 0xCB, 0x97, 0x66, 0x55, 0x55, 0x55, 0x55, 0x55, 0x55, 0x54, 0x45, 0x55, 
	0x55, 0x44, 0x44, 0x43, 0x22, 0x33, 0x33, 0x33, 0x33, 0x34, 0x44, 0x55, 0x55, 0x55, 0x66, 
	0x54, 0x43, 0x33, 0x45, 0x65, 0x54, 0x45, 0x45, 0x55, 0x44, 0x44, 0x44, 0x44, 0x55, 0x55, 
	0x66, 0x65, 0x43, 0x34, 0x45, 0x66, 0x65, 0x54, 0x33, 0x33, 0x32, 0x22, 0x22, 0x22, 0x22, 
	0x22, 0x33, 0x44, 0x56, 0x66, 0x66, 0x66, 0x67, 0x76, 0x66, 0x65, 0x55, 0x55, 0x55, 0x54, 
	0x55, 0x55, 0x55, 0x44, 0x34, 0x45, 0x54, 0x34, 0x44, 0x55, 0x55, 0x55, 0x55, 0x55, 0x53, 
	0x44, 0x55, 0x45, 0x56, 0x89, 0x97, 0x53, 0x22, 0x34, 0x32, 0x21, 0x01, 0x35, 0x41, 0x11, 
	0x13, 0x44, 0x44, 0x44, 0x43, 0x11, 0x23, 0x46, 0x77, 0x77, 0x77, 0x77, 0x77, 0x77, 0x77, 
	0x77, 0x66, 0x55, 0x55, 0x44, 0x44, 0x55, 0x55, 0x55, 0x55, 0x55, 0x56, 0x66, 0x66, 0x66, 
	0x66, 0x55, 0x56, 0x66, 0x66, 0x66, 0x66, 0x66, 0x66, 0x66, 0x66, 0x66, 0x77, 0x77, 0x66, 
	0x67, 0x77, 0x77, 0x77, 0x77, 0x77, 0x77, 0x77, 0x77, 0x77, 0x77, 0x77, 0x77, 0x77, 0x77, 
	0x77, 0x77, 0x77, 0x77, 0x87, 0x77, 0x77, 0x77, 0x77, 0x88, 0x77, 0x78, 0x88, 0x88, 0x77, 
	0x88, 0x88, 0x88, 0x88, 0x88, 0x88, 0x77, 0x88, 0x88, 0x88, 0x88, 0x88, 0x88, 0x88, 0x88, 
	0x88, 0x88, 0x88, 0x88, 0x88, 0x88, 0x88, 0x88, 0x89, 0x98, 0x88, 0x98, 0x88, 0x99, 0x98, 
	0x88, 0x88, 0x88, 0x88, 0x88, 0x89, 0x99, 0x99, 0x98, 0x99, 0x98, 0x88, 0x99, 0x99, 0x99, 
	0xAA, 0xAA, 0xBA, 0xAA, 0xBC, 0xCB, 0xBB, 0xBB, 0xAB, 0xBB, 0xBB, 0xBA, 0xAA, 0xAA, 0xA9, 
	0x99, 0x9A, 0xAC, 0xCC, 0xBB, 0xAB, 0xAA, 0xAB, 0xBB, 0xBA, 0xAA, 0xBB, 0xBB, 0xBB, 0xBB, 
	0xCC, 0xCB, 0xBA, 0xAA, 0xAB, 0xCC, 0xDE, 0xEE, 0xDC, 0xDE, 0xFE, 0xFF, 0xFF, 0xFE, 0xFF, 
	0xFF, 0xFF, 0xFF, 0xFF, 0xFF, 0xFF, 0xFF, 0xFF, 0xFF, 0xFF, 0xFF, 0xFF, 0xFF, 0xFF, 0xFF, 
	0xFF, 0xFF, 0xFF, 0xFF, 0xFF, 0xFF, 0xFF, 0xFF, 0xFF, 0xFF, 0xFF, 0xFF, 0xFF, 0xFF, 0xFF, 
	0xFE, 0xEE, 0xEE, 0xDB, 0x98, 0x65, 0x54, 0x45, 0x55, 0x55, 0x55, 0x55, 0x55, 0x55, 0x55, 
	0x54, 0x44, 0x44, 0x43, 0x33, 0x33, 0x33, 0x33, 0x33, 0x44, 0x55, 0x66, 0x55, 0x55, 0x55, 
	0x55, 0x44, 0x33, 0x55, 0x65, 0x55, 0x54, 0x45, 0x55, 0x44, 0x44, 0x45, 0x54, 0x55, 0x56, 
	0x66, 0x54, 0x43, 0x34, 0x55, 0x55, 0x54, 0x33, 0x32, 0x22, 0x33, 0x22, 0x22, 0x22, 0x22, 
	0x21, 0x12, 0x23, 0x45, 0x66, 0x66, 0x65, 0x66, 0x66, 0x66, 0x65, 0x55, 0x55, 0x55, 0x54, 
	0x55, 0x55, 0x55, 0x44, 0x44, 0x44, 0x44, 0x34, 0x44, 0x55, 0x55, 0x56, 0x55, 0x55, 0x53, 
	0x44, 0x55, 0x56, 0x77, 0x9A, 0x96, 0x32, 0x23, 0x44, 0x32, 0x11, 0x10, 0x22, 0x21, 0x11, 
	0x12, 0x34, 0x44, 0x44, 0x43, 0x21, 0x23, 0x57, 0x77, 0x77, 0x77, 0x77, 0x77, 0x87, 0x77, 
	0x77, 0x66, 0x55, 0x44, 0x44, 0x44, 0x45, 0x55, 0x55, 0x55, 0x55, 0x56, 0x66, 0x66, 0x66, 
	0x65, 0x55, 0x55, 0x66, 0x66, 0x66, 0x66, 0x66, 0x66, 0x66, 0x66, 0x66, 0x66, 0x66, 0x66, 
	0x67, 0x77, 0x77, 0x77, 0x77, 0x77, 0x77, 0x77, 0x77, 0x77, 0x77, 0x77, 0x77, 0x77, 0x77, 
	0x77, 0x77, 0x77, 0x77, 0x87, 0x77, 0x77, 0x77, 0x88, 0x88, 0x77, 0x88, 0x88, 0x88, 0x88, 
	0x88, 0x88, 0x88, 0x88, 0x88, 0x88, 0x88, 0x88, 0x88, 0x88, 0x88, 0x88, 0x88, 0x88, 0x88, 
	0x88, 0x88, 0x88, 0x88, 0x88, 0x88, 0x98, 0x89, 0x99, 0x88, 0x88, 0x99, 0x99, 0x99, 0x88, 
	0x88, 0x88, 0x88, 0x88, 0x89, 0x99, 0x99, 0x99, 0x88, 0x99, 0x88, 0x89, 0x99, 0x99, 0x99, 
	0xAA, 0xAA, 0xAA, 0xAA, 0xBB, 0xBB, 0xBB, 0xAA, 0xAA, 0xBB, 0xAA, 0xAA, 0x9A, 0xAB, 0xAA, 
	0x99, 0xAB, 0xBC, 0xBB, 0xBB, 0xBC, 0xCB, 0xBB, 0xBB, 0xBA, 0xAA, 0xAB, 0xBB, 0xBB, 0xBB, 
	0xCC, 0xBB, 0xBA, 0xAA, 0xAB, 0xBC, 0xDD, 0xDD, 0xCB, 0xCE, 0xFF, 0xFF, 0xFF, 0xFF, 0xFF, 
	0xFF, 0xFF, 0xFF, 0xFF, 0xFF, 0xFF, 0xFF, 0xFF, 0xFF, 0xFF, 0xFF, 0xFF, 0xFF, 0xFF, 0xFF, 
	0xFF, 0xFF, 0xFF, 0xFF, 0xFF, 0xFF, 0xFF, 0xFF, 0xFF, 0xFF, 0xFF, 0xFF, 0xFF, 0xFF, 0xFF, 
	0xFF, 0xEE, 0xDD, 0xBA, 0x87, 0x65, 0x44, 0x45, 0x44, 0x55, 0x55, 0x55, 0x55, 0x55, 0x54, 
	0x44, 0x34, 0x44, 0x44, 0x33, 0x33, 0x33, 0x33, 0x44, 0x44, 0x56, 0x66, 0x65, 0x44, 0x55, 
	0x55, 0x54, 0x44, 0x55, 0x55, 0x55, 0x54, 0x45, 0x55, 0x44, 0x44, 0x55, 0x54, 0x45, 0x55, 
	0x55, 0x44, 0x44, 0x44, 0x44, 0x44, 0x43, 0x33, 0x32, 0x23, 0x33, 0x32, 0x33, 0x32, 0x22, 
	0x21, 0x11, 0x12, 0x34, 0x55, 0x66, 0x66, 0x66, 0x66, 0x66, 0x66, 0x55, 0x55, 0x55, 0x55, 
	0x55, 0x55, 0x55, 0x44, 0x54, 0x44, 0x43, 0x34, 0x44, 0x55, 0x55, 0x56, 0x55, 0x55, 0x54, 
	0x45, 0x55, 0x57, 0x88, 0x99, 0x74, 0x22, 0x34, 0x44, 0x21, 0x11, 0x11, 0x11, 0x11, 0x11, 
	0x12, 0x34, 0x54, 0x44, 0x44, 0x31, 0x13, 0x46, 0x87, 0x77, 0x77, 0x77, 0x78, 0x87, 0x66, 
	0x77, 0x76, 0x55, 0x44, 0x44, 0x44, 0x44, 0x55, 0x55, 0x55, 0x55, 0x56, 0x66, 0x66, 0x66, 
	0x55, 0x55, 0x55, 0x66, 0x66, 0x66, 0x66, 0x66, 0x66, 0x66, 0x66, 0x66, 0x66, 0x66, 0x66, 
	0x67, 0x77, 0x66, 0x66, 0x77, 0x77, 0x77, 0x77, 0x77, 0x77, 0x77, 0x77, 0x77, 0x77, 0x77, 
	0x77, 0x77, 0x77, 0x78, 0x87, 0x77, 0x77, 0x78, 0x88, 0x87, 0x77, 0x78, 0x78, 0x88, 0x88, 
	0x88, 0x78, 0x88, 0x88, 0x88, 0x88, 0x88, 0x88, 0x88, 0x88, 0x88, 0x88, 0x88, 0x88, 0x98, 
	0x88, 0x88, 0x88, 0x88, 0x88, 0x88, 0x88, 0x89, 0x98, 0x88, 0x98, 0x88, 0x99, 0x88, 0x88, 
	0x99, 0x98, 0x88, 0x89, 0x99, 0x99, 0x99, 0x98, 0x88, 0x88, 0x88, 0x89, 0x99, 0x89, 0x99, 
	0xAA, 0xAA, 0xAA, 0xAA, 0xAA, 0xAA, 0xAA, 0x99, 0x99, 0xAB, 0xAA, 0x99, 0x99, 0xAA, 0xBB, 
	0xAA, 0xAB, 0xCB, 0xAB, 0xBB, 0xCC, 0xDC, 0xCB, 0xBB, 0xAA, 0xAA, 0xAB, 0xBA, 0xAB, 0xBB, 
	0xCB, 0xBB, 0xBB, 0xBA, 0xAB, 0xCC, 0xCB, 0xBC, 0xBA, 0xBE, 0xFF, 0xFF, 0xFF, 0xFF, 0xFF, 
	0xFF, 0xFF, 0xFF, 0xFF, 0xFF, 0xFF, 0xFF, 0xFF, 0xFF, 0xFF, 0xFF, 0xFF, 0xFF, 0xFF, 0xFF, 
	0xFF, 0xFF, 0xFF, 0xFF, 0xFF, 0xFF, 0xFF, 0xFF, 0xFF, 0xFF, 0xFF, 0xFF, 0xFF, 0xFF, 0xFF, 
	0xFF, 0xED, 0xBA, 0x98, 0x76, 0x54, 0x44, 0x44, 0x44, 0x55, 0x55, 0x55, 0x55, 0x44, 0x44, 
	0x43, 0x33, 0x44, 0x43, 0x33, 0x33, 0x33, 0x34, 0x44, 0x44, 0x55, 0x55, 0x54, 0x44, 0x44, 
	0x44, 0x44, 0x44, 0x44, 0x44, 0x55, 0x44, 0x44, 0x45, 0x44, 0x44, 0x54, 0x33, 0x34, 0x44, 
	0x44, 0x44, 0x44, 0x43, 0x44, 0x33, 0x33, 0x33, 0x33, 0x33, 0x33, 0x33, 0x33, 0x33, 0x33, 
	0x32, 0x22, 0x11, 0x12, 0x34, 0x56, 0x66, 0x77, 0x76, 0x66, 0x66, 0x66, 0x55, 0x66, 0x55, 
	0x44, 0x55, 0x55, 0x55, 0x55, 0x55, 0x43, 0x34, 0x44, 0x55, 0x55, 0x56, 0x66, 0x55, 0x65, 
	0x56, 0x66, 0x68, 0x9A, 0x98, 0x53, 0x23, 0x44, 0x43, 0x21, 0x11, 0x11, 0x11, 0x01, 0x11, 
	0x11, 0x24, 0x54, 0x44, 0x44, 0x21, 0x12, 0x46, 0x88, 0x77, 0x77, 0x76, 0x77, 0x77, 0x66, 
	0x77, 0x76, 0x55, 0x44, 0x44, 0x44, 0x44, 0x45, 0x55, 0x66, 0x66, 0x66, 0x66, 0x66, 0x66, 
	0x55, 0x55, 0x55, 0x55, 0x56, 0x66, 0x66, 0x66, 0x65, 0x66, 0x66, 0x66, 0x66, 0x77, 0x66, 
	0x66, 0x66, 0x66, 0x66, 0x66, 0x67, 0x77, 0x77, 0x77, 0x77, 0x77, 0x77, 0x77, 0x77, 0x77, 
	0x77, 0x77, 0x77, 0x78, 0x87, 0x77, 0x77, 0x78, 0x88, 0x88, 0x77, 0x77, 0x88, 0x77, 0x88, 
	0x87, 0x77, 0x88, 0x88, 0x88, 0x88, 0x88, 0x88, 0x88, 0x88, 0x88, 0x88, 0x88, 0x88, 0x88, 
	0x88, 0x88, 0x88, 0x88, 0x88, 0x88, 0x88, 0x88, 0x88, 0x89, 0x88, 0x88, 0x88, 0x88, 0x88, 
	0x99, 0x88, 0x88, 0x99, 0x99, 0x98, 0x89, 0x98, 0x88, 0x88, 0x89, 0x99, 0x99, 0x89, 0x99, 
	0xBA, 0xAA, 0xAB, 0xBA, 0x99, 0x99, 0x99, 0x99, 0x99, 0xAB, 0xBA, 0xA9, 0x9A, 0xAA, 0xAB, 
	0xBA, 0xAB, 0xBA, 0xAA, 0xBB, 0xCC, 0xCC, 0xBB, 0xBB, 0xBA, 0xAA, 0xAB, 0xBA, 0xAB, 0xBB, 
	0xBB, 0xBB, 0xBB, 0xCD, 0xCC, 0xCC, 0xBB, 0xBB, 0xBA, 0xBD, 0xFF, 0xFF, 0xFF, 0xFF, 0xFF, 
	0xFF, 0xFF, 0xFF, 0xFF, 0xFF, 0xFF, 0xFF, 0xFF, 0xFF, 0xFF, 0xFF, 0xFF, 0xFF, 0xFF, 0xFF, 
	0xFF, 0xFF, 0xFF, 0xFF, 0xFF, 0xFF, 0xFF, 0xFF, 0xFF, 0xFF, 0xFF, 0xFF, 0xFF, 0xFF, 0xFF, 
	0xFF, 0xEC, 0xBA, 0x87, 0x65, 0x55, 0x44, 0x44, 0x45, 0x55, 0x55, 0x44, 0x44, 0x44, 0x44, 
	0x43, 0x34, 0x33, 0x33, 0x33, 0x33, 0x33, 0x34, 0x55, 0x44, 0x44, 0x44, 0x44, 0x44, 0x44, 
	0x43, 0x34, 0x33, 0x33, 0x44, 0x44, 0x44, 0x44, 0x44, 0x44, 0x45, 0x43, 0x23, 0x34, 0x32, 
	0x23, 0x44, 0x44, 0x33, 0x33, 0x33, 0x33, 0x33, 0x43, 0x33, 0x22, 0x22, 0x23, 0x33, 0x33, 
	0x32, 0x33, 0x22, 0x11, 0x23, 0x45, 0x67, 0x77, 0x66, 0x66, 0x66, 0x66, 0x55, 0x66, 0x55, 
	0x44, 0x55, 0x55, 0x56, 0x66, 0x55, 0x43, 0x44, 0x44, 0x54, 0x55, 0x45, 0x66, 0x55, 0x65, 
	0x66, 0x67, 0x88, 0x9A, 0x95, 0x33, 0x34, 0x45, 0x43, 0x11, 0x11, 0x11, 0x11, 0x01, 0x11, 
	0x11, 0x24, 0x54, 0x44, 0x43, 0x21, 0x12, 0x47, 0x99, 0x88, 0x87, 0x76, 0x77, 0x77, 0x77, 
	0x77, 0x66, 0x54, 0x44, 0x44, 0x45, 0x55, 0x44, 0x55, 0x66, 0x66, 0x56, 0x66, 0x66, 0x66, 
	0x66, 0x55, 0x55, 0x55, 0x55, 0x66, 0x66, 0x66, 0x55, 0x56, 0x66, 0x66, 0x66, 0x66, 0x66, 
	0x66, 0x66, 0x66, 0x66, 0x77, 0x77, 0x77, 0x67, 0x77, 0x77, 0x77, 0x77, 0x77, 0x77, 0x77, 
	0x77, 0x77, 0x77, 0x78, 0x77, 0x77, 0x77, 0x78, 0x77, 0x88, 0x87, 0x77, 0x88, 0x77, 0x87, 
	0x77, 0x77, 0x77, 0x78, 0x88, 0x88, 0x88, 0x88, 0x88, 0x88, 0x88, 0x88, 0x88, 0x88, 0x88, 
	0x88, 0x88, 0x88, 0x88, 0x88, 0x88, 0x88, 0x88, 0x88, 0x89, 0x88, 0x78, 0x88, 0x88, 0x88, 
	0x98, 0x88, 0x88, 0x88, 0x99, 0x88, 0x88, 0x98, 0x89, 0x98, 0x88, 0x99, 0x99, 0x89, 0x99, 
	0xAA, 0xAA, 0xAB, 0xBB, 0xA9, 0x99, 0x99, 0x99, 0x99, 0xAB, 0xBB, 0xA9, 0x9A, 0xA9, 0x9A, 
	0xAA, 0xAA, 0xAA, 0xBA, 0xAB, 0xBB, 0xBA, 0xAA, 0xBB, 0xBA, 0xAA, 0xAB, 0xBB, 0xAB, 0xBA, 
	0xBB, 0xBA, 0xAB, 0xDE, 0xED, 0xCB, 0xBA, 0xAA, 0xAA, 0xBD, 0xFF, 0xFF, 0xFF, 0xFF, 0xFF, 
	0xFF, 0xFF, 0xFF, 0xFF, 0xFF, 0xFF, 0xFF, 0xFF, 0xFF, 0xFF, 0xFF, 0xFF, 0xFF, 0xFF, 0xFF, 
	0xFF, 0xFF, 0xFF, 0xFF, 0xFF, 0xFF, 0xFF, 0xFF, 0xFF, 0xFF, 0xFF, 0xFF, 0xFF, 0xFF, 0xFF, 
	0xFF, 0xED, 0xCB, 0xA8, 0x76, 0x55, 0x54, 0x44, 0x45, 0x55, 0x54, 0x44, 0x43, 0x33, 0x34, 
	0x44, 0x44, 0x43, 0x33, 0x33, 0x33, 0x33, 0x34, 0x44, 0x44, 0x44, 0x44, 0x44, 0x44, 0x44, 
	0x44, 0x44, 0x32, 0x33, 0x34, 0x44, 0x44, 0x44, 0x44, 0x44, 0x45, 0x43, 0x33, 0x33, 0x22, 
	0x23, 0x44, 0x32, 0x22, 0x34, 0x44, 0x44, 0x44, 0x43, 0x32, 0x21, 0x11, 0x23, 0x33, 0x33, 
	0x22, 0x33, 0x32, 0x21, 0x12, 0x35, 0x66, 0x76, 0x66, 0x66, 0x67, 0x66, 0x66, 0x65, 0x55, 
	0x44, 0x45, 0x55, 0x55, 0x65, 0x54, 0x44, 0x45, 0x44, 0x44, 0x55, 0x45, 0x67, 0x65, 0x66, 
	0x66, 0x78, 0x99, 0xAA, 0x84, 0x23, 0x44, 0x44, 0x42, 0x11, 0x11, 0x11, 0x11, 0x11, 0x11, 
	0x11, 0x24, 0x54, 0x44, 0x43, 0x11, 0x12, 0x46, 0x99, 0x88, 0x87, 0x76, 0x77, 0x77, 0x77, 
	0x76, 0x66, 0x55, 0x44, 0x44, 0x55, 0x55, 0x54, 0x55, 0x56, 0x65, 0x55, 0x56, 0x66, 0x66, 
	0x66, 0x66, 0x55, 0x55, 0x55, 0x66, 0x66, 0x66, 0x55, 0x56, 0x66, 0x65, 0x66, 0x66, 0x66, 
	0x66, 0x66, 0x66, 0x66, 0x77, 0x77, 0x77, 0x67, 0x77, 0x77, 0x77, 0x77, 0x77, 0x77, 0x77, 
	0x77, 0x77, 0x77, 0x77, 0x77, 0x77, 0x77, 0x77, 0x77, 0x88, 0x88, 0x88, 0x87, 0x77, 0x88, 
	0x77, 0x77, 0x77, 0x77, 0x88, 0x88, 0x88, 0x88, 0x88, 0x88, 0x88, 0x88, 0x88, 0x88, 0x88, 
	0x88, 0x88, 0x88, 0x88, 0x88, 0x88, 0x88, 0x88, 0x88, 0x88, 0x88, 0x88, 0x88, 0x88, 0x88, 
	0x88, 0x88, 0x88, 0x88, 0x88, 0x88, 0x89, 0x99, 0x99, 0x98, 0x88, 0x89, 0x99, 0x99, 0x99, 
	0xAA, 0xAA, 0xAA, 0xBB, 0xA9, 0x99, 0x99, 0x99, 0x99, 0x9A, 0xBB, 0xA9, 0x9A, 0x99, 0x89, 
	0x99, 0x99, 0xAB, 0xBA, 0xAB, 0xBB, 0xAA, 0xAA, 0xBB, 0xBA, 0xAA, 0xAB, 0xBB, 0xAB, 0xAB, 
	0xBC, 0xBA, 0xAB, 0xCD, 0xDC, 0xBB, 0xBA, 0xAA, 0xAA, 0xBD, 0xFF, 0xFF, 0xFF, 0xFF, 0xFF, 
	0xFF, 0xFF, 0xFF, 0xFF, 0xFF, 0xFF, 0xFF, 0xFF, 0xFF, 0xFF, 0xFF, 0xFF, 0xFF, 0xFF, 0xFF, 
	0xFF, 0xFF, 0xFF, 0xFF, 0xFF, 0xFF, 0xFF, 0xFF, 0xFF, 0xFF, 0xFF, 0xFF, 0xFF, 0xFF, 0xFF, 
	0xFF, 0xED, 0xDC, 0xA9, 0x76, 0x55, 0x54, 0x44, 0x45, 0x55, 0x54, 0x44, 0x43, 0x33, 0x44, 
	0x44, 0x44, 0x43, 0x33, 0x44, 0x33, 0x33, 0x44, 0x44, 0x44, 0x44, 0x44, 0x44, 0x43, 0x44, 
	0x44, 0x43, 0x33, 0x33, 0x33, 0x44, 0x44, 0x44, 0x44, 0x44, 0x44, 0x44, 0x43, 0x32, 0x21, 
	0x24, 0x43, 0x22, 0x22, 0x34, 0x44, 0x44, 0x44, 0x43, 0x21, 0x11, 0x11, 0x35, 0x53, 0x33, 
	0x32, 0x33, 0x33, 0x22, 0x11, 0x24, 0x56, 0x66, 0x66, 0x66, 0x67, 0x66, 0x66, 0x65, 0x55, 
	0x44, 0x44, 0x55, 0x55, 0x44, 0x44, 0x44, 0x45, 0x44, 0x44, 0x55, 0x45, 0x57, 0x66, 0x67, 
	0x67, 0x78, 0x9A, 0xA9, 0x63, 0x34, 0x44, 0x44, 0x32, 0x11, 0x11, 0x11, 0x11, 0x11, 0x11, 
	0x11, 0x24, 0x54, 0x44, 0x43, 0x11, 0x12, 0x36, 0x99, 0x88, 0x87, 0x77, 0x67, 0x77, 0x77, 
	0x66, 0x66, 0x65, 0x54, 0x44, 0x44, 0x44, 0x55, 0x55, 0x56, 0x65, 0x55, 0x56, 0x66, 0x66, 
	0x55, 0x66, 0x55, 0x55, 0x55, 0x66, 0x66, 0x66, 0x55, 0x56, 0x65, 0x55, 0x55, 0x55, 0x56, 
	0x66, 0x66, 0x66, 0x66, 0x77, 0x77, 0x77, 0x77, 0x77, 0x77, 0x77, 0x77, 0x77, 0x77, 0x77, 
	0x77, 0x77, 0x77, 0x77, 0x77, 0x77, 0x77, 0x77, 0x77, 0x77, 0x77, 0x88, 0x87, 0x77, 0x88, 
	0x87, 0x88, 0x87, 0x77, 0x88, 0x88, 0x88, 0x88, 0x88, 0x88, 0x88, 0x88, 0x88, 0x88, 0x88, 
	0x88, 0x88, 0x88, 0x88, 0x88, 0x88, 0x88, 0x88, 0x88, 0x88, 0x88, 0x88, 0x88, 0x88, 0x88, 
	0x88, 0x88, 0x88, 0x88, 0x88, 0x88, 0x89, 0x99, 0x99, 0x88, 0x88, 0x89, 0x99, 0x99, 0x98, 
	0xAA, 0xAA, 0xAA, 0xAB, 0xA9, 0x99, 0x99, 0x99, 0x98, 0x9A, 0xAB, 0xA9, 0xAA, 0x98, 0x89, 
	0x99, 0x9A, 0xBB, 0xBA, 0xAB, 0xBB, 0xAA, 0xAA, 0xBB, 0xBA, 0xAA, 0xAA, 0xAA, 0xAA, 0xBB, 
	0xCC, 0xBB, 0xBB, 0xBC, 0xBB, 0xAB, 0xBB, 0xAA, 0xAA, 0xBD, 0xEF, 0xFF, 0xFF, 0xFF, 0xFF, 
	0xFF, 0xFF, 0xFF, 0xFF, 0xFF, 0xFF, 0xFF, 0xFF, 0xFF, 0xFF, 0xFF, 0xFF, 0xFF, 0xFF, 0xFF, 
	0xFF, 0xFF, 0xFF, 0xFF, 0xFF, 0xFF, 0xFF, 0xFF, 0xFF, 0xFF, 0xFF, 0xFF, 0xFF, 0xFF, 0xFE, 
	0xEE, 0xED, 0xDC, 0xA8, 0x76, 0x55, 0x54, 0x44, 0x44, 0x55, 0x54, 0x44, 0x43, 0x43, 0x44, 
	0x34, 0x43, 0x33, 0x34, 0x44, 0x33, 0x33, 0x34, 0x44, 0x44, 0x44, 0x44, 0x44, 0x33, 0x33, 
	0x33, 0x33, 0x33, 0x33, 0x33, 0x44, 0x44, 0x44, 0x44, 0x44, 0x44, 0x44, 0x43, 0x32, 0x11, 
	0x24, 0x43, 0x22, 0x33, 0x34, 0x44, 0x44, 0x44, 0x32, 0x11, 0x11, 0x11, 0x46, 0x53, 0x23, 
	0x33, 0x33, 0x33, 0x32, 0x11, 0x13, 0x56, 0x66, 0x66, 0x66, 0x77, 0x76, 0x66, 0x66, 0x55, 
	0x54, 0x45, 0x56, 0x54, 0x44, 0x55, 0x54, 0x44, 0x44, 0x55, 0x66, 0x55, 0x67, 0x66, 0x67, 
	0x77, 0x89, 0xAA, 0xA8, 0x42, 0x34, 0x44, 0x44, 0x32, 0x10, 0x01, 0x11, 0x11, 0x11, 0x11, 
	0x01, 0x35, 0x54, 0x44, 0x32, 0x11, 0x12, 0x47, 0x99, 0x98, 0x87, 0x77, 0x67, 0x77, 0x76, 
	0x66, 0x66, 0x66, 0x54, 0x44, 0x44, 0x44, 0x55, 0x55, 0x56, 0x66, 0x55, 0x66, 0x66, 0x65, 
	0x55, 0x55, 0x65, 0x55, 0x56, 0x66, 0x66, 0x66, 0x55, 0x56, 0x65, 0x44, 0x45, 0x55, 0x66, 
	0x66, 0x66, 0x66, 0x66, 0x67, 0x77, 0x77, 0x77, 0x77, 0x77, 0x77, 0x77, 0x77, 0x77, 0x77, 
	0x77, 0x77, 0x77, 0x77, 0x77, 0x77, 0x77, 0x77, 0x77, 0x77, 0x77, 0x77, 0x77, 0x77, 0x88, 
	0x87, 0x88, 0x88, 0x77, 0x88, 0x88, 0x88, 0x88, 0x88, 0x88, 0x88, 0x88, 0x88, 0x88, 0x88, 
	0x88, 0x88, 0x88, 0x88, 0x88, 0x88, 0x88, 0x88, 0x88, 0x88, 0x88, 0x88, 0x88, 0x88, 0x88, 
	0x98, 0x88, 0x88, 0x88, 0x88, 0x88, 0x89, 0x99, 0x88, 0x89, 0x98, 0x89, 0x99, 0x99, 0x98, 
	0x9A, 0xBB, 0xAA, 0xAA, 0xA9, 0x99, 0x99, 0x99, 0x88, 0x99, 0xAA, 0xAA, 0xAA, 0x99, 0x9A, 
	0xAA, 0x9A, 0xBB, 0xBA, 0xBB, 0xBB, 0xBA, 0xAA, 0xAA, 0xAB, 0xA9, 0x99, 0xAA, 0xAB, 0xBC, 
	0xCC, 0xBB, 0xBB, 0xCC, 0xBA, 0xAB, 0xCC, 0xCC, 0xBB, 0xBD, 0xEF, 0xFF, 0xFF, 0xFF, 0xFF, 
	0xFF, 0xFF, 0xFF, 0xFF, 0xFF, 0xFF, 0xFF, 0xFF, 0xFF, 0xFF, 0xFF, 0xFF, 0xFF, 0xFF, 0xFF, 
	0xFF, 0xFF, 0xFF, 0xFF, 0xFF, 0xFF, 0xFF, 0xFF, 0xFF, 0xFF, 0xFF, 0xFF, 0xFF, 0xFF, 0xFF, 
	0xEE, 0xED, 0xCB, 0x97, 0x65, 0x55, 0x55, 0x44, 0x44, 0x44, 0x55, 0x54, 0x44, 0x44, 0x44, 
	0x44, 0x43, 0x33, 0x33, 0x33, 0x33, 0x33, 0x44, 0x44, 0x44, 0x44, 0x34, 0x44, 0x33, 0x33, 
	0x33, 0x32, 0x23, 0x33, 0x44, 0x44, 0x44, 0x44, 0x44, 0x45, 0x55, 0x54, 0x43, 0x32, 0x11, 
	0x34, 0x32, 0x22, 0x34, 0x44, 0x44, 0x54, 0x32, 0x11, 0x11, 0x11, 0x11, 0x34, 0x32, 0x23, 
	0x33, 0x33, 0x33, 0x32, 0x21, 0x11, 0x35, 0x66, 0x66, 0x67, 0x77, 0x76, 0x76, 0x65, 0x55, 
	0x55, 0x55, 0x66, 0x54, 0x35, 0x65, 0x54, 0x44, 0x45, 0x56, 0x66, 0x65, 0x57, 0x76, 0x66, 
	0x77, 0x89, 0x9A, 0xA5, 0x22, 0x34, 0x44, 0x44, 0x32, 0x11, 0x11, 0x11, 0x11, 0x11, 0x11, 
	0x11, 0x35, 0x54, 0x54, 0x32, 0x11, 0x12, 0x47, 0x99, 0x98, 0x87, 0x77, 0x67, 0x77, 0x66, 
	0x56, 0x67, 0x76, 0x54, 0x44, 0x44, 0x45, 0x55, 0x55, 0x45, 0x66, 0x66, 0x65, 0x56, 0x66, 
	0x56, 0x55, 0x55, 0x55, 0x66, 0x66, 0x66, 0x66, 0x65, 0x56, 0x65, 0x44, 0x44, 0x55, 0x66, 
	0x67, 0x76, 0x66, 0x66, 0x66, 0x66, 0x67, 0x77, 0x77, 0x77, 0x77, 0x77, 0x77, 0x77, 0x77, 
	0x77, 0x77, 0x77, 0x77, 0x77, 0x77, 0x77, 0x77, 0x77, 0x77, 0x77, 0x77, 0x77, 0x77, 0x77, 
	0x77, 0x88, 0x88, 0x77, 0x88, 0x88, 0x88, 0x88, 0x77, 0x88, 0x88, 0x88, 0x88, 0x88, 0x88, 
	0x88, 0x88, 0x88, 0x99, 0x88, 0x88, 0x88, 0x88, 0x88, 0x88, 0x88, 0x88, 0x88, 0x88, 0x89, 
	0x99, 0x88, 0x88, 0x88, 0x98, 0x88, 0x98, 0x88, 0x88, 0x88, 0x99, 0x99, 0x99, 0x99, 0x88, 
	0x9A, 0xBB, 0xAA, 0xAA, 0x99, 0x99, 0x99, 0x99, 0x98, 0x89, 0x9A, 0xAA, 0xAA, 0x99, 0x9A, 
	0xAA, 0x9A, 0xBB, 0xAA, 0xBB, 0xBB, 0xBA, 0xAA, 0xAA, 0xBB, 0xA9, 0xAA, 0xBB, 0xBB, 0xBB, 
	0xBB, 0xBA, 0xBB, 0xCC, 0xCB, 0xAB, 0xCC, 0xDD, 0xCB, 0xBD, 0xEF, 0xFF, 0xFF, 0xFF, 0xFF, 
	0xFF, 0xFF, 0xFF, 0xFF, 0xFF, 0xFF, 0xFF, 0xFF, 0xFF, 0xFF, 0xFF, 0xFF, 0xFF, 0xFF, 0xFF, 
	0xFF, 0xFF, 0xFF, 0xFF, 0xFF, 0xFF, 0xFF, 0xFF, 0xFF, 0xFF, 0xFF, 0xFF, 0xFF, 0xFF, 0xFF, 
	0xFE, 0xDC, 0xB9, 0x86, 0x55, 0x55, 0x44, 0x44, 0x44, 0x44, 0x55, 0x44, 0x44, 0x44, 0x44, 
	0x44, 0x33, 0x33, 0x44, 0x33, 0x33, 0x33, 0x44, 0x55, 0x44, 0x33, 0x33, 0x43, 0x33, 0x33, 
	0x33, 0x32, 0x33, 0x34, 0x55, 0x44, 0x55, 0x54, 0x45, 0x55, 0x55, 0x54, 0x44, 0x32, 0x11, 
	0x33, 0x32, 0x23, 0x44, 0x44, 0x44, 0x54, 0x32, 0x11, 0x11, 0x11, 0x11, 0x12, 0x21, 0x12, 
	0x34, 0x33, 0x33, 0x32, 0x21, 0x11, 0x24, 0x66, 0x66, 0x78, 0x77, 0x77, 0x76, 0x65, 0x55, 
	0x44, 0x45, 0x66, 0x54, 0x44, 0x55, 0x55, 0x55, 0x55, 0x56, 0x66, 0x65, 0x56, 0x66, 0x66, 
	0x77, 0x9A, 0xAA, 0x84, 0x23, 0x44, 0x44, 0x44, 0x32, 0x11, 0x11, 0x11, 0x11, 0x11, 0x11, 
	0x12, 0x35, 0x44, 0x44, 0x32, 0x11, 0x12, 0x47, 0x99, 0x98, 0x87, 0x77, 0x76, 0x66, 0x66, 
	0x66, 0x77, 0x76, 0x54, 0x44, 0x44, 0x45, 0x55, 0x54, 0x45, 0x66, 0x66, 0x65, 0x55, 0x55, 
	0x56, 0x55, 0x55, 0x56, 0x66, 0x66, 0x66, 0x66, 0x65, 0x55, 0x65, 0x44, 0x44, 0x55, 0x55, 
	0x66, 0x66, 0x66, 0x66, 0x66, 0x66, 0x66, 0x77, 0x77, 0x77, 0x77, 0x77, 0x77, 0x77, 0x77, 
	0x77, 0x77, 0x77, 0x77, 0x77, 0x77, 0x77, 0x77, 0x77, 0x77, 0x77, 0x77, 0x77, 0x77, 0x88, 
	0x77, 0x88, 0x88, 0x87, 0x88, 0x88, 0x88, 0x88, 0x88, 0x88, 0x88, 0x88, 0x88, 0x88, 0x88, 
	0x88, 0x88, 0x88, 0x88, 0x88, 0x88, 0x88, 0x88, 0x88, 0x88, 0x88, 0x88, 0x88, 0x88, 0x98, 
	0x88, 0x89, 0x88, 0x88, 0x88, 0x89, 0x98, 0x88, 0x88, 0x88, 0x88, 0x88, 0x99, 0x99, 0x98, 
	0x9A, 0xBA, 0xAA, 0xAA, 0x98, 0x89, 0x99, 0x99, 0x98, 0x89, 0xAA, 0xAA, 0xA9, 0x99, 0xAB, 
	0xBB, 0xAA, 0xAA, 0xAA, 0xAB, 0xBB, 0xAA, 0xAA, 0xBB, 0xBB, 0xBA, 0xBC, 0xCD, 0xCB, 0xBB, 
	0xBA, 0xAA, 0xBB, 0xBB, 0xBB, 0xBB, 0xCC, 0xDD, 0xCB, 0xBC, 0xEF, 0xFF, 0xFF, 0xFF, 0xFF, 
	0xFF, 0xFF, 0xFF, 0xFF, 0xFF, 0xFF, 0xFF, 0xFF, 0xFF, 0xFF, 0xFF, 0xFF, 0xFF, 0xFF, 0xFF, 
	0xFF, 0xFF, 0xFF, 0xFF, 0xFF, 0xFF, 0xFF, 0xFF, 0xFF, 0xFF, 0xFF, 0xFF, 0xFF, 0xFF, 0xFF, 
	0xEE, 0xDB, 0x98, 0x75, 0x55, 0x44, 0x44, 0x44, 0x44, 0x44, 0x55, 0x54, 0x44, 0x54, 0x44, 
	0x44, 0x32, 0x23, 0x44, 0x33, 0x33, 0x33, 0x45, 0x55, 0x43, 0x32, 0x33, 0x33, 0x33, 0x33, 
	0x33, 0x33, 0x33, 0x34, 0x55, 0x55, 0x55, 0x55, 0x55, 0x55, 0x55, 0x54, 0x44, 0x32, 0x22, 
	0x23, 0x32, 0x34, 0x44, 0x44, 0x45, 0x54, 0x21, 0x11, 0x11, 0x11, 0x11, 0x11, 0x11, 0x12, 
	0x34, 0x33, 0x33, 0x32, 0x22, 0x00, 0x23, 0x56, 0x66, 0x78, 0x77, 0x77, 0x76, 0x65, 0x65, 
	0x44, 0x45, 0x65, 0x44, 0x44, 0x55, 0x45, 0x55, 0x55, 0x56, 0x66, 0x65, 0x56, 0x66, 0x66, 
	0x78, 0xAA, 0xAA, 0x63, 0x23, 0x44, 0x44, 0x44, 0x32, 0x11, 0x11, 0x11, 0x11, 0x11, 0x11, 
	0x13, 0x45, 0x44, 0x43, 0x21, 0x11, 0x12, 0x48, 0x99, 0x98, 0x87, 0x77, 0x76, 0x66, 0x66, 
	0x66, 0x66, 0x65, 0x54, 0x44, 0x44, 0x45, 0x55, 0x54, 0x45, 0x56, 0x66, 0x65, 0x55, 0x66, 
	0x66, 0x65, 0x55, 0x56, 0x66, 0x66, 0x66, 0x66, 0x55, 0x55, 0x55, 0x54, 0x44, 0x55, 0x55, 
	0x56, 0x65, 0x55, 0x66, 0x66, 0x66, 0x66, 0x77, 0x77, 0x77, 0x77, 0x77, 0x77, 0x77, 0x77, 
	0x77, 0x77, 0x77, 0x77, 0x77, 0x77, 0x77, 0x77, 0x77, 0x77, 0x77, 0x77, 0x77, 0x78, 0x88, 
	0x88, 0x88, 0x88, 0x88, 0x88, 0x88, 0x88, 0x88, 0x88, 0x88, 0x88, 0x88, 0x88, 0x88, 0x88, 
	0x88, 0x88, 0x88, 0x88, 0x88, 0x88, 0x88, 0x88, 0x88, 0x88, 0x88, 0x88, 0x89, 0x88, 0x88, 
	0x88, 0x89, 0x98, 0x88, 0x88, 0x89, 0x98, 0x88, 0x99, 0x98, 0x88, 0x88, 0x88, 0x89, 0x98, 
	0xAA, 0xAA, 0xA9, 0x99, 0x98, 0x9A, 0xA9, 0x99, 0x99, 0x99, 0xAA, 0xAA, 0x99, 0x99, 0xAB, 
	0xBA, 0xAA, 0xAA, 0xA9, 0xAA, 0xBB, 0xBA, 0xAB, 0xBB, 0xBB, 0xBB, 0xBC, 0xCC, 0xCB, 0xAA, 
	0xAA, 0xAA, 0xAA, 0xAA, 0xAB, 0xBB, 0xBC, 0xCD, 0xCB, 0xBC, 0xEF, 0xFF, 0xFF, 0xFF, 0xFF, 
	0xFF, 0xFF, 0xFF, 0xFF, 0xFF, 0xFF, 0xFF, 0xFF, 0xFF, 0xFF, 0xFF, 0xFF, 0xFF, 0xFF, 0xFF, 
	0xFF, 0xFF, 0xFF, 0xFF, 0xFF, 0xFF, 0xFF, 0xFF, 0xFF, 0xFF, 0xFF, 0xFF, 0xFF, 0xFF, 0xFF, 
	0xEE, 0xCA, 0x87, 0x76, 0x54, 0x44, 0x44, 0x44, 0x44, 0x44, 0x55, 0x54, 0x45, 0x54, 0x44, 
	0x43, 0x32, 0x23, 0x44, 0x33, 0x33, 0x33, 0x44, 0x44, 0x44, 0x33, 0x33, 0x32, 0x33, 0x33, 
	0x33, 0x33, 0x33, 0x45, 0x66, 0x55, 0x56, 0x66, 0x65, 0x55, 0x55, 0x55, 0x44, 0x42, 0x22, 
	0x22, 0x22, 0x44, 0x44, 0x45, 0x55, 0x54, 0x21, 0x11, 0x11, 0x11, 0x11, 0x11, 0x11, 0x11, 
	0x23, 0x33, 0x33, 0x23, 0x22, 0x11, 0x12, 0x45, 0x66, 0x77, 0x77, 0x78, 0x66, 0x66, 0x66, 
	0x54, 0x45, 0x55, 0x44, 0x44, 0x44, 0x45, 0x55, 0x55, 0x56, 0x66, 0x65, 0x66, 0x66, 0x67, 
	0x89, 0xAA, 0xA9, 0x52, 0x24, 0x44, 0x44, 0x44, 0x32, 0x11, 0x11, 0x11, 0x11, 0x11, 0x11, 
	0x24, 0x55, 0x43, 0x32, 0x21, 0x11, 0x12, 0x57, 0x99, 0x98, 0x77, 0x67, 0x76, 0x66, 0x66, 
	0x66, 0x66, 0x55, 0x44, 0x44, 0x44, 0x55, 0x55, 0x55, 0x55, 0x66, 0x66, 0x66, 0x56, 0x66, 
	0x66, 0x65, 0x55, 0x66, 0x66, 0x66, 0x66, 0x55, 0x55, 0x55, 0x56, 0x55, 0x55, 0x55, 0x55, 
	0x55, 0x55, 0x55, 0x66, 0x66, 0x77, 0x76, 0x67, 0x77, 0x77, 0x77, 0x77, 0x77, 0x77, 0x77, 
	0x77, 0x77, 0x77, 0x77, 0x77, 0x77, 0x77, 0x77, 0x77, 0x77, 0x77, 0x77, 0x77, 0x88, 0x88, 
	0x88, 0x88, 0x88, 0x88, 0x88, 0x88, 0x88, 0x88, 0x88, 0x88, 0x88, 0x88, 0x88, 0x88, 0x88, 
	0x88, 0x88, 0x88, 0x88, 0x88, 0x88, 0x88, 0x88, 0x88, 0x88, 0x88, 0x88, 0x88, 0x88, 0x88, 
	0x88, 0x99, 0x98, 0x98, 0x88, 0x99, 0x98, 0x88, 0x99, 0x99, 0x88, 0x88, 0x88, 0x88, 0x88, 
	0xAA, 0xAA, 0xA9, 0x99, 0x88, 0x9A, 0xA9, 0x99, 0xA9, 0x99, 0x9A, 0xA9, 0x99, 0x99, 0xAA, 
	0xAA, 0xAA, 0xAA, 0x99, 0x99, 0xAA, 0xAA, 0xAB, 0xBB, 0xBB, 0xBB, 0xBB, 0xAA, 0xAA, 0xAA, 
	0xAA, 0xBB, 0xBB, 0xAA, 0xAA, 0xBB, 0xBB, 0xCC, 0xCB, 0xAC, 0xEF, 0xFF, 0xFF, 0xFF, 0xFF, 
	0xFF, 0xFF, 0xFF, 0xFF, 0xFF, 0xFF, 0xFF, 0xFF, 0xFF, 0xFF, 0xFF, 0xFF, 0xFF, 0xFF, 0xFF, 
	0xFF, 0xFF, 0xFF, 0xFF, 0xFF, 0xFF, 0xFF, 0xFF, 0xFF, 0xFF, 0xFF, 0xFF, 0xFF, 0xFF, 0xFF, 
	0xED, 0xCB, 0x97, 0x76, 0x65, 0x54, 0x44, 0x44, 0x44, 0x44, 0x44, 0x44, 0x45, 0x54, 0x44, 
	0x33, 0x33, 0x33, 0x43, 0x33, 0x33, 0x33, 0x33, 0x44, 0x44, 0x33, 0x22, 0x32, 0x23, 0x33, 
	0x44, 0x44, 0x44, 0x56, 0x76, 0x66, 0x66, 0x77, 0x66, 0x66, 0x66, 0x55, 0x55, 0x43, 0x22, 
	0x22, 0x23, 0x44, 0x44, 0x55, 0x55, 0x43, 0x21, 0x11, 0x11, 0x11, 0x11, 0x11, 0x11, 0x11, 
	0x12, 0x33, 0x33, 0x33, 0x32, 0x11, 0x11, 0x35, 0x66, 0x77, 0x77, 0x78, 0x66, 0x66, 0x66, 
	0x54, 0x45, 0x54, 0x44, 0x44, 0x54, 0x45, 0x54, 0x56, 0x55, 0x66, 0x65, 0x66, 0x77, 0x78, 
	0x9A, 0xBA, 0xB8, 0x52, 0x24, 0x44, 0x44, 0x44, 0x43, 0x10, 0x01, 0x11, 0x11, 0x10, 0x11, 
	0x34, 0x55, 0x43, 0x32, 0x11, 0x11, 0x13, 0x58, 0x99, 0x98, 0x76, 0x66, 0x66, 0x66, 0x66, 
	0x66, 0x76, 0x54, 0x44, 0x44, 0x34, 0x55, 0x55, 0x55, 0x55, 0x67, 0x66, 0x65, 0x56, 0x66, 
	0x66, 0x55, 0x55, 0x66, 0x66, 0x66, 0x65, 0x55, 0x55, 0x55, 0x56, 0x66, 0x66, 0x55, 0x55, 
	0x55, 0x55, 0x55, 0x66, 0x66, 0x66, 0x66, 0x66, 0x77, 0x77, 0x77, 0x77, 0x77, 0x77, 0x77, 
	0x77, 0x77, 0x77, 0x77, 0x77, 0x77, 0x77, 0x77, 0x77, 0x77, 0x77, 0x78, 0x77, 0x88, 0x88, 
	0x88, 0x88, 0x88, 0x88, 0x88, 0x88, 0x88, 0x88, 0x88, 0x88, 0x88, 0x88, 0x88, 0x88, 0x88, 
	0x88, 0x88, 0x88, 0x88, 0x88, 0x88, 0x88, 0x88, 0x88, 0x88, 0x98, 0x88, 0x88, 0x88, 0x88, 
	0x88, 0x89, 0x88, 0x88, 0x88, 0x99, 0x99, 0x99, 0x99, 0x99, 0x98, 0x88, 0x88, 0x88, 0x88, 
	0xA9, 0xAA, 0xA9, 0x99, 0x88, 0x99, 0x99, 0x99, 0xA9, 0x99, 0x9A, 0xAA, 0xA9, 0x99, 0xAA, 
	0xAA, 0x99, 0x9A, 0xA9, 0x99, 0xAA, 0x99, 0xAA, 0xBC, 0xCB, 0xBB, 0xBB, 0xA9, 0x99, 0x99, 
	0xAA, 0xBB, 0xBB, 0xBB, 0xBA, 0xAB, 0xBB, 0xBC, 0xCB, 0xBC, 0xEF, 0xFF, 0xFF, 0xFF, 0xFF, 
	0xFF, 0xFF, 0xFF, 0xFF, 0xFF, 0xFF, 0xFF, 0xFF, 0xFF, 0xFF, 0xFF, 0xFF, 0xFF, 0xFF, 0xFF, 
	0xFF, 0xFF, 0xFF, 0xFF, 0xFF, 0xFF, 0xFF, 0xFF, 0xFF, 0xFF, 0xFF, 0xFF, 0xFF, 0xFF, 0xFF, 
	0xED, 0xDC, 0xA8, 0x66, 0x65, 0x54, 0x44, 0x44, 0x43, 0x44, 0x44, 0x44, 0x44, 0x44, 0x43, 
	0x33, 0x33, 0x33, 0x33, 0x33, 0x33, 0x33, 0x43, 0x34, 0x44, 0x33, 0x22, 0x22, 0x22, 0x33, 
	0x44, 0x44, 0x55, 0x56, 0x76, 0x77, 0x67, 0x77, 0x76, 0x66, 0x66, 0x66, 0x66, 0x43, 0x22, 
	0x11, 0x23, 0x44, 0x44, 0x55, 0x55, 0x42, 0x11, 0x11, 0x11, 0x11, 0x11, 0x11, 0x11, 0x11, 
	0x12, 0x33, 0x33, 0x33, 0x32, 0x12, 0x11, 0x24, 0x56, 0x77, 0x77, 0x78, 0x66, 0x65, 0x66, 
	0x65, 0x45, 0x55, 0x54, 0x44, 0x54, 0x44, 0x44, 0x56, 0x66, 0x66, 0x55, 0x67, 0x88, 0x89, 
	0xAA, 0xAA, 0xA8, 0x42, 0x24, 0x54, 0x45, 0x55, 0x53, 0x21, 0x01, 0x11, 0x11, 0x10, 0x12, 
	0x45, 0x55, 0x43, 0x32, 0x11, 0x11, 0x25, 0x78, 0x99, 0x98, 0x76, 0x66, 0x66, 0x66, 0x66, 
	0x66, 0x66, 0x54, 0x44, 0x43, 0x34, 0x56, 0x55, 0x55, 0x55, 0x66, 0x65, 0x55, 0x55, 0x66, 
	0x66, 0x65, 0x66, 0x66, 0x66, 0x66, 0x66, 0x55, 0x55, 0x55, 0x56, 0x66, 0x66, 0x55, 0x55, 
	0x55, 0x55, 0x56, 0x66, 0x66, 0x66, 0x66, 0x66, 0x77, 0x77, 0x77, 0x77, 0x77, 0x77, 0x77, 
	0x77, 0x77, 0x77, 0x77, 0x77, 0x77, 0x77, 0x77, 0x77, 0x77, 0x77, 0x78, 0x77, 0x78, 0x88, 
	0x78, 0x77, 0x78, 0x88, 0x88, 0x88, 0x88, 0x78, 0x87, 0x88, 0x88, 0x88, 0x88, 0x88, 0x88, 
	0x88, 0x88, 0x88, 0x88, 0x88, 0x88, 0x88, 0x88, 0x88, 0x88, 0x99, 0x88, 0x88, 0x88, 0x88, 
	0x88, 0x88, 0x88, 0x88, 0x99, 0x98, 0x89, 0x99, 0x98, 0x88, 0x88, 0x88, 0x88, 0x99, 0x99, 
	0xA9, 0x99, 0x99, 0x99, 0x99, 0x99, 0x9A, 0x99, 0x98, 0x89, 0x99, 0x9A, 0xAA, 0xAA, 0xAA, 
	0xAA, 0xA9, 0xAA, 0xAA, 0xAA, 0x99, 0x88, 0x9B, 0xBC, 0xCB, 0xBB, 0xBB, 0xAA, 0x99, 0x99, 
	0xAA, 0xAA, 0xAB, 0xBB, 0xBA, 0xAB, 0xAA, 0xAB, 0xCC, 0xBC, 0xEF, 0xFF, 0xFF, 0xFF, 0xFF, 
	0xFF, 0xFF, 0xFF, 0xFF, 0xFF, 0xFF, 0xFF, 0xFF, 0xFF, 0xFF, 0xFF, 0xFF, 0xFF, 0xFF, 0xFF, 
	0xFF, 0xFF, 0xFF, 0xFF, 0xFF, 0xFF, 0xFF, 0xFF, 0xFF, 0xFF, 0xFF, 0xFF, 0xFF, 0xFF, 0xFE, 
	0xED, 0xDC, 0xA8, 0x76, 0x66, 0x64, 0x43, 0x44, 0x43, 0x44, 0x44, 0x44, 0x33, 0x33, 0x33, 
	0x33, 0x33, 0x33, 0x33, 0x33, 0x33, 0x34, 0x43, 0x34, 0x43, 0x33, 0x32, 0x22, 0x22, 0x33, 
	0x44, 0x45, 0x55, 0x56, 0x66, 0x77, 0x66, 0x67, 0x66, 0x66, 0x66, 0x77, 0x76, 0x53, 0x21, 
	0x11, 0x12, 0x45, 0x45, 0x55, 0x55, 0x42, 0x11, 0x11, 0x11, 0x11, 0x11, 0x11, 0x11, 0x11, 
	0x22, 0x33, 0x33, 0x33, 0x32, 0x11, 0x11, 0x23, 0x46, 0x77, 0x77, 0x77, 0x76, 0x65, 0x66, 
	0x65, 0x55, 0x55, 0x54, 0x44, 0x44, 0x44, 0x44, 0x46, 0x66, 0x66, 0x55, 0x67, 0x88, 0x8A, 
	0xAA, 0xAA, 0x97, 0x32, 0x24, 0x55, 0x55, 0x55, 0x54, 0x21, 0x11, 0x11, 0x11, 0x11, 0x23, 
	0x45, 0x54, 0x32, 0x21, 0x11, 0x12, 0x36, 0x89, 0x99, 0x88, 0x76, 0x66, 0x67, 0x66, 0x66, 
	0x66, 0x66, 0x54, 0x44, 0x44, 0x34, 0x55, 0x55, 0x55, 0x55, 0x56, 0x55, 0x55, 0x66, 0x66, 
	0x66, 0x66, 0x66, 0x66, 0x66, 0x66, 0x66, 0x65, 0x55, 0x55, 0x56, 0x66, 0x55, 0x55, 0x55, 
	0x55, 0x65, 0x56, 0x66, 0x66, 0x66, 0x66, 0x66, 0x66, 0x66, 0x67, 0x77, 0x77, 0x77, 0x77, 
	0x77, 0x77, 0x77, 0x77, 0x77, 0x77, 0x77, 0x77, 0x77, 0x77, 0x77, 0x78, 0x77, 0x77, 0x77, 
	0x77, 0x77, 0x78, 0x88, 0x88, 0x88, 0x87, 0x78, 0x87, 0x88, 0x88, 0x88, 0x88, 0x88, 0x88, 
	0x88, 0x88, 0x88, 0x88, 0x88, 0x88, 0x88, 0x88, 0x88, 0x88, 0x88, 0x88, 0x88, 0x88, 0x88, 
	0x88, 0x88, 0x88, 0x88, 0x99, 0x98, 0x89, 0x99, 0x88, 0x88, 0x88, 0x88, 0x88, 0x99, 0x99, 
	0x99, 0x99, 0x99, 0x99, 0x99, 0xAA, 0xAA, 0x99, 0x98, 0x88, 0x98, 0x89, 0xAA, 0xBA, 0xAA, 
	0xAA, 0xAA, 0xAA, 0xAA, 0xAA, 0xA9, 0x89, 0xAB, 0xBA, 0xAA, 0xBA, 0xAA, 0xAA, 0xA9, 0x99, 
	0xAA, 0x99, 0x9A, 0xAB, 0xBA, 0xAB, 0xAA, 0xAB, 0xBC, 0xBC, 0xEF, 0xFF, 0xFF, 0xFF, 0xFF, 
	0xFF, 0xFF, 0xFF, 0xFF, 0xFF, 0xFF, 0xFF, 0xFF, 0xFF, 0xFF, 0xFF, 0xFF, 0xFF, 0xFF, 0xFF, 
	0xFF, 0xFF, 0xFF, 0xFF, 0xFF, 0xFF, 0xFF, 0xFF, 0xFF, 0xFF, 0xFF, 0xFF, 0xFF, 0xFF, 0xEE, 
	0xDC, 0xCB, 0xA8, 0x76, 0x66, 0x65, 0x44, 0x33, 0x34, 0x44, 0x43, 0x33, 0x33, 0x33, 0x33, 
	0x23, 0x33, 0x43, 0x33, 0x33, 0x33, 0x34, 0x43, 0x33, 0x32, 0x33, 0x33, 0x33, 0x33, 0x34, 
	0x44, 0x45, 0x55, 0x67, 0x76, 0x77, 0x67, 0x77, 0x76, 0x67, 0x77, 0x77, 0x77, 0x53, 0x21, 
	0x11, 0x12, 0x35, 0x55, 0x55, 0x44, 0x42, 0x11, 0x11, 0x11, 0x11, 0x11, 0x11, 0x11, 0x11, 
	0x23, 0x33, 0x33, 0x22, 0x22, 0x11, 0x11, 0x12, 0x35, 0x67, 0x77, 0x76, 0x77, 0x76, 0x66, 
	0x66, 0x55, 0x55, 0x54, 0x44, 0x44, 0x44, 0x44, 0x46, 0x76, 0x76, 0x56, 0x67, 0x77, 0x89, 
	0xAA, 0xAA, 0x96, 0x32, 0x34, 0x55, 0x55, 0x55, 0x55, 0x31, 0x11, 0x11, 0x11, 0x11, 0x23, 
	0x44, 0x43, 0x32, 0x11, 0x11, 0x12, 0x47, 0x89, 0x98, 0x77, 0x66, 0x66, 0x66, 0x66, 0x66, 
	0x67, 0x76, 0x54, 0x34, 0x44, 0x44, 0x45, 0x55, 0x56, 0x65, 0x55, 0x55, 0x56, 0x66, 0x55, 
	0x56, 0x65, 0x66, 0x66, 0x66, 0x66, 0x56, 0x66, 0x55, 0x55, 0x66, 0x65, 0x55, 0x45, 0x54, 
	0x55, 0x66, 0x66, 0x66, 0x66, 0x66, 0x66, 0x66, 0x66, 0x66, 0x66, 0x77, 0x77, 0x77, 0x77, 
	0x77, 0x77, 0x77, 0x77, 0x77, 0x77, 0x77, 0x77, 0x77, 0x77, 0x77, 0x77, 0x77, 0x77, 0x77, 
	0x77, 0x77, 0x88, 0x88, 0x87, 0x88, 0x87, 0x78, 0x88, 0x88, 0x88, 0x88, 0x88, 0x88, 0x88, 
	0x88, 0x88, 0x88, 0x88, 0x88, 0x88, 0x88, 0x88, 0x88, 0x88, 0x88, 0x88, 0x88, 0x88, 0x88, 
	0x88, 0x88, 0x88, 0x88, 0x89, 0x98, 0x88, 0x98, 0x88, 0x88, 0x99, 0x98, 0x88, 0x99, 0x99, 
	0x99, 0x89, 0x9A, 0xAA, 0xAA, 0x99, 0x9A, 0x98, 0x98, 0x88, 0x88, 0x89, 0xAA, 0xAA, 0xAB, 
	0xBB, 0xBB, 0xAA, 0xBA, 0xAA, 0xAA, 0x99, 0xAB, 0xBA, 0x99, 0xAA, 0x99, 0x9A, 0xAA, 0xA9, 
	0x99, 0x99, 0x99, 0xAB, 0xBB, 0xBB, 0xAB, 0xBB, 0xBB, 0xBB, 0xDF, 0xFE, 0xFF, 0xEF, 0xFF, 
	0xFF, 0xFF, 0xFF, 0xFF, 0xFF, 0xFF, 0xFF, 0xFF, 0xFF, 0xFF, 0xFF, 0xFF, 0xFF, 0xFF, 0xFF, 
	0xFF, 0xFF, 0xFF, 0xFF, 0xFF, 0xFF, 0xFF, 0xFF, 0xFF, 0xFF, 0xFF, 0xFF, 0xFF, 0xFF, 0xEE, 
	0xDC, 0xBA, 0x98, 0x76, 0x66, 0x65, 0x44, 0x44, 0x44, 0x44, 0x32, 0x23, 0x33, 0x33, 0x33, 
	0x33, 0x33, 0x44, 0x33, 0x34, 0x33, 0x33, 0x44, 0x33, 0x33, 0x33, 0x33, 0x33, 0x33, 0x44, 
	0x44, 0x55, 0x56, 0x77, 0x76, 0x77, 0x77, 0x77, 0x77, 0x77, 0x78, 0x87, 0x77, 0x53, 0x11, 
	0x11, 0x12, 0x35, 0x55, 0x54, 0x45, 0x42, 0x11, 0x11, 0x11, 0x11, 0x11, 0x11, 0x11, 0x11, 
	0x23, 0x33, 0x33, 0x33, 0x21, 0x11, 0x11, 0x12, 0x35, 0x66, 0x77, 0x76, 0x77, 0x76, 0x66, 
	0x66, 0x56, 0x65, 0x55, 0x44, 0x44, 0x44, 0x54, 0x46, 0x67, 0x76, 0x66, 0x67, 0x77, 0x8A, 
	0xBB, 0xAA, 0x85, 0x22, 0x34, 0x55, 0x55, 0x55, 0x55, 0x42, 0x21, 0x11, 0x11, 0x22, 0x33, 
	0x44, 0x43, 0x21, 0x11, 0x11, 0x23, 0x57, 0x89, 0x98, 0x87, 0x66, 0x55, 0x56, 0x76, 0x66, 
	0x77, 0x76, 0x54, 0x33, 0x44, 0x44, 0x45, 0x55, 0x56, 0x66, 0x55, 0x55, 0x56, 0x66, 0x66, 
	0x55, 0x55, 0x66, 0x66, 0x66, 0x56, 0x66, 0x66, 0x55, 0x55, 0x66, 0x66, 0x54, 0x45, 0x54, 
	0x45, 0x56, 0x66, 0x66, 0x66, 0x66, 0x66, 0x66, 0x66, 0x66, 0x66, 0x67, 0x77, 0x77, 0x77, 
	0x77, 0x77, 0x77, 0x77, 0x77, 0x77, 0x77, 0x77, 0x77, 0x78, 0x77, 0x77, 0x77, 0x77, 0x77, 
	0x77, 0x88, 0x88, 0x88, 0x87, 0x78, 0x88, 0x88, 0x88, 0x87, 0x78, 0x88, 0x88, 0x88, 0x88, 
	0x88, 0x88, 0x88, 0x88, 0x88, 0x88, 0x88, 0x88, 0x88, 0x88, 0x88, 0x88, 0x88, 0x88, 0x88, 
	0x88, 0x88, 0x88, 0x88, 0x88, 0x88, 0x88, 0x98, 0x88, 0x99, 0x99, 0x88, 0x88, 0x89, 0x99, 
	0xA9, 0x99, 0xAA, 0xAA, 0xA9, 0x99, 0x99, 0x99, 0x98, 0x99, 0x88, 0x89, 0xAA, 0xA9, 0xAB, 
	0xBB, 0xBB, 0xBA, 0xAA, 0xAA, 0xAA, 0xAA, 0xAB, 0xAA, 0x99, 0x99, 0x99, 0xAA, 0xBB, 0xAA, 
	0x99, 0x99, 0x9A, 0xBB, 0xBB, 0xBB, 0xBA, 0xBB, 0xBA, 0xAA, 0xCF, 0xFE, 0xFF, 0xFF, 0xFF, 
	0xFF, 0xFF, 0xFF, 0xFF, 0xFF, 0xFF, 0xFF, 0xFF, 0xFF, 0xFF, 0xFF, 0xFF, 0xFF, 0xFF, 0xFF, 
	0xFF, 0xFF, 0xFF, 0xFF, 0xFF, 0xFF, 0xFF, 0xFF, 0xFF, 0xFF, 0xFF, 0xFF, 0xFF, 0xFF, 0xEE, 
	0xED, 0xCB, 0x98, 0x76, 0x66, 0x65, 0x43, 0x44, 0x44, 0x44, 0x43, 0x33, 0x33, 0x33, 0x33, 
	0x33, 0x33, 0x33, 0x33, 0x33, 0x33, 0x34, 0x44, 0x44, 0x33, 0x22, 0x33, 0x33, 0x33, 0x33, 
	0x44, 0x55, 0x66, 0x77, 0x76, 0x77, 0x77, 0x77, 0x77, 0x87, 0x77, 0x87, 0x77, 0x53, 0x21, 
	0x21, 0x12, 0x34, 0x55, 0x55, 0x44, 0x42, 0x11, 0x11, 0x11, 0x11, 0x11, 0x11, 0x11, 0x12, 
	0x33, 0x33, 0x33, 0x32, 0x22, 0x11, 0x11, 0x11, 0x25, 0x66, 0x77, 0x76, 0x77, 0x66, 0x66, 
	0x66, 0x56, 0x65, 0x55, 0x55, 0x44, 0x44, 0x55, 0x55, 0x67, 0x87, 0x66, 0x67, 0x77, 0x89, 
	0xAB, 0xBA, 0x85, 0x22, 0x34, 0x45, 0x55, 0x55, 0x54, 0x43, 0x21, 0x11, 0x11, 0x23, 0x34, 
	0x33, 0x32, 0x21, 0x11, 0x12, 0x24, 0x67, 0x88, 0x98, 0x87, 0x66, 0x54, 0x56, 0x66, 0x66, 
	0x77, 0x65, 0x54, 0x33, 0x34, 0x43, 0x45, 0x55, 0x56, 0x66, 0x65, 0x55, 0x66, 0x66, 0x66, 
	0x55, 0x55, 0x66, 0x56, 0x66, 0x65, 0x66, 0x66, 0x55, 0x55, 0x66, 0x66, 0x54, 0x45, 0x55, 
	0x55, 0x55, 0x55, 0x66, 0x66, 0x66, 0x66, 0x66, 0x66, 0x66, 0x66, 0x67, 0x77, 0x77, 0x77, 
	0x77, 0x77, 0x77, 0x77, 0x77, 0x77, 0x77, 0x77, 0x77, 0x78, 0x87, 0x77, 0x77, 0x77, 0x77, 
	0x78, 0x88, 0x88, 0x88, 0x77, 0x77, 0x88, 0x88, 0x88, 0x87, 0x78, 0x88, 0x88, 0x88, 0x88, 
	0x88, 0x88, 0x88, 0x88, 0x88, 0x88, 0x88, 0x88, 0x88, 0x88, 0x88, 0x88, 0x88, 0x88, 0x88, 
	0x88, 0x88, 0x88, 0x88, 0x89, 0x99, 0x99, 0x99, 0x99, 0x99, 0x98, 0x89, 0x88, 0x89, 0x99, 
	0xAA, 0xAA, 0xAA, 0xA9, 0x98, 0x99, 0x98, 0x89, 0x98, 0x88, 0x88, 0x9A, 0xA9, 0x99, 0x9A, 
	0xAA, 0xAB, 0xBA, 0xAA, 0xAA, 0xAA, 0xAA, 0xBB, 0xBA, 0x99, 0x99, 0xAA, 0xAB, 0xBB, 0xAA, 
	0xAA, 0xA9, 0x9A, 0xBB, 0xBB, 0xBA, 0xAA, 0xAA, 0xA9, 0x99, 0xBE, 0xFF, 0xFF, 0xFF, 0xFF, 
	0xFF, 0xFF, 0xFF, 0xFF, 0xFF, 0xFF, 0xFF, 0xFF, 0xFF, 0xFF, 0xFF, 0xFF, 0xFF, 0xFF, 0xFF, 
	0xFF, 0xFF, 0xFF, 0xFF, 0xFF, 0xFF, 0xFF, 0xFF, 0xFF, 0xFF, 0xFF, 0xFF, 0xFF, 0xFF, 0xFF, 
	0xEE, 0xDC, 0xA8, 0x76, 0x65, 0x54, 0x44, 0x44, 0x44, 0x44, 0x44, 0x43, 0x33, 0x33, 0x33, 
	0x33, 0x33, 0x33, 0x33, 0x33, 0x33, 0x34, 0x44, 0x44, 0x32, 0x22, 0x23, 0x33, 0x33, 0x34, 
	0x44, 0x56, 0x67, 0x77, 0x77, 0x77, 0x77, 0x77, 0x77, 0x87, 0x77, 0x88, 0x88, 0x64, 0x32, 
	0x22, 0x12, 0x34, 0x55, 0x55, 0x55, 0x43, 0x11, 0x11, 0x11, 0x11, 0x11, 0x11, 0x11, 0x12, 
	0x33, 0x33, 0x33, 0x32, 0x22, 0x11, 0x11, 0x11, 0x24, 0x56, 0x77, 0x76, 0x77, 0x66, 0x66, 
	0x66, 0x66, 0x55, 0x55, 0x55, 0x44, 0x44, 0x55, 0x55, 0x57, 0x87, 0x76, 0x67, 0x77, 0x89, 
	0xAB, 0xBA, 0x84, 0x21, 0x34, 0x45, 0x56, 0x65, 0x54, 0x44, 0x32, 0x22, 0x22, 0x23, 0x34, 
	0x33, 0x22, 0x11, 0x11, 0x12, 0x35, 0x78, 0x87, 0x76, 0x66, 0x66, 0x55, 0x55, 0x66, 0x66, 
	0x66, 0x65, 0x44, 0x33, 0x33, 0x44, 0x45, 0x55, 0x55, 0x55, 0x66, 0x56, 0x66, 0x66, 0x66, 
	0x66, 0x65, 0x65, 0x56, 0x66, 0x66, 0x66, 0x66, 0x55, 0x55, 0x55, 0x66, 0x54, 0x44, 0x55, 
	0x55, 0x44, 0x55, 0x66, 0x66, 0x66, 0x66, 0x66, 0x66, 0x66, 0x66, 0x77, 0x77, 0x77, 0x77, 
	0x77, 0x77, 0x77, 0x77, 0x77, 0x77, 0x77, 0x77, 0x77, 0x77, 0x88, 0x77, 0x77, 0x77, 0x77, 
	0x88, 0x88, 0x88, 0x87, 0x77, 0x77, 0x78, 0x88, 0x88, 0x87, 0x88, 0x88, 0x88, 0x88, 0x88, 
	0x88, 0x88, 0x88, 0x88, 0x88, 0x88, 0x88, 0x88, 0x88, 0x88, 0x88, 0x88, 0x88, 0x88, 0x88, 
	0x88, 0x88, 0x88, 0x89, 0x99, 0x99, 0x99, 0x99, 0x99, 0x99, 0x88, 0x89, 0x98, 0x88, 0x99, 
	0xBA, 0xAA, 0xA9, 0x98, 0x89, 0xAA, 0xA9, 0x9A, 0xA9, 0x88, 0x88, 0x99, 0x99, 0x88, 0x89, 
	0x99, 0xAB, 0xA9, 0x9A, 0xAA, 0xAA, 0x9A, 0xBB, 0xBA, 0xAA, 0x99, 0x99, 0xAA, 0xAB, 0xBB, 
	0xBB, 0xBB, 0xAB, 0xBB, 0xBB, 0xBA, 0xAA, 0xAA, 0xA9, 0x99, 0xBE, 0xFF, 0xFF, 0xFF, 0xFF, 
	0xFF, 0xFF, 0xFF, 0xFF, 0xFF, 0xFF, 0xFF, 0xFF, 0xFF, 0xFF, 0xFF, 0xFF, 0xFF, 0xFF, 0xFF, 
	0xFF, 0xFF, 0xFF, 0xFF, 0xFF, 0xFF, 0xFF, 0xFF, 0xFF, 0xFF, 0xFF, 0xFF, 0xFF, 0xFF, 0xFF, 
	0xEE, 0xDC, 0xA8, 0x77, 0x65, 0x54, 0x44, 0x44, 0x44, 0x44, 0x44, 0x43, 0x33, 0x33, 0x33, 
	0x33, 0x33, 0x32, 0x23, 0x33, 0x33, 0x34, 0x43, 0x33, 0x33, 0x32, 0x22, 0x33, 0x33, 0x34, 
	0x55, 0x56, 0x77, 0x77, 0x77, 0x77, 0x77, 0x76, 0x67, 0x77, 0x77, 0x88, 0x88, 0x75, 0x43, 
	0x22, 0x12, 0x34, 0x45, 0x55, 0x55, 0x43, 0x21, 0x11, 0x11, 0x11, 0x11, 0x11, 0x11, 0x22, 
	0x33, 0x33, 0x33, 0x32, 0x11, 0x22, 0x11, 0x11, 0x24, 0x56, 0x77, 0x77, 0x77, 0x76, 0x65, 
	0x56, 0x65, 0x54, 0x55, 0x54, 0x44, 0x44, 0x55, 0x56, 0x67, 0x77, 0x77, 0x78, 0x88, 0x89, 
	0xAB, 0xBA, 0x74, 0x21, 0x23, 0x45, 0x66, 0x66, 0x55, 0x44, 0x33, 0x32, 0x23, 0x33, 0x33, 
	0x32, 0x21, 0x11, 0x11, 0x23, 0x56, 0x88, 0x86, 0x65, 0x55, 0x55, 0x55, 0x55, 0x66, 0x66, 
	0x66, 0x64, 0x33, 0x34, 0x44, 0x34, 0x45, 0x55, 0x55, 0x55, 0x55, 0x55, 0x66, 0x66, 0x66, 
	0x66, 0x66, 0x55, 0x55, 0x66, 0x66, 0x66, 0x65, 0x55, 0x55, 0x55, 0x56, 0x54, 0x44, 0x45, 
	0x55, 0x44, 0x55, 0x55, 0x66, 0x66, 0x66, 0x66, 0x66, 0x66, 0x67, 0x67, 0x77, 0x77, 0x77, 
	0x77, 0x77, 0x77, 0x77, 0x77, 0x77, 0x77, 0x77, 0x77, 0x77, 0x77, 0x77, 0x77, 0x77, 0x78, 
	0x88, 0x87, 0x77, 0x77, 0x77, 0x87, 0x77, 0x88, 0x88, 0x78, 0x88, 0x88, 0x88, 0x88, 0x88, 
	0x88, 0x88, 0x88, 0x88, 0x88, 0x88, 0x88, 0x88, 0x88, 0x88, 0x88, 0x88, 0x88, 0x88, 0x88, 
	0x88, 0x88, 0x89, 0x99, 0x99, 0x88, 0x89, 0x99, 0x99, 0x99, 0x88, 0x99, 0x99, 0x88, 0x99, 
	0xA9, 0x99, 0x99, 0xAA, 0x9A, 0xBC, 0xBB, 0xBB, 0xBA, 0x98, 0x88, 0x88, 0x89, 0x98, 0x88, 
	0x99, 0xAB, 0xA9, 0x99, 0x99, 0x9A, 0xAA, 0xAA, 0xAA, 0xAA, 0x99, 0x99, 0xAA, 0xBC, 0xCC, 
	0xDD, 0xDD, 0xCC, 0xBB, 0xBB, 0xBA, 0xAA, 0xBA, 0xAA, 0xAA, 0xBE, 0xFF, 0xFF, 0xFF, 0xFF, 
	0xFF, 0xFF, 0xFF, 0xFF, 0xFF, 0xFF, 0xFF, 0xFF, 0xFF, 0xFF, 0xFF, 0xFF, 0xFF, 0xFF, 0xFF, 
	0xFF, 0xFF, 0xFF, 0xFF, 0xFF, 0xFF, 0xFF, 0xFF, 0xFF, 0xFF, 0xFF, 0xFF, 0xFF, 0xFF, 0xFF, 
	0xEE, 0xDC, 0xA8, 0x87, 0x65, 0x55, 0x55, 0x55, 0x44, 0x44, 0x44, 0x43, 0x33, 0x33, 0x32, 
	0x23, 0x33, 0x22, 0x23, 0x34, 0x44, 0x44, 0x33, 0x32, 0x23, 0x32, 0x22, 0x23, 0x33, 0x45, 
	0x66, 0x66, 0x77, 0x77, 0x77, 0x77, 0x77, 0x66, 0x66, 0x77, 0x77, 0x88, 0x88, 0x76, 0x43, 
	0x22, 0x12, 0x34, 0x44, 0x55, 0x55, 0x54, 0x21, 0x11, 0x11, 0x11, 0x11, 0x11, 0x11, 0x23, 
	0x33, 0x33, 0x33, 0x32, 0x21, 0x21, 0x11, 0x11, 0x13, 0x56, 0x67, 0x77, 0x77, 0x76, 0x65, 
	0x56, 0x65, 0x54, 0x45, 0x54, 0x34, 0x34, 0x55, 0x66, 0x67, 0x88, 0x77, 0x88, 0x88, 0x9A, 
	0xAB, 0xA9, 0x73, 0x21, 0x12, 0x34, 0x55, 0x66, 0x65, 0x44, 0x33, 0x33, 0x33, 0x32, 0x22, 
	0x21, 0x11, 0x11, 0x12, 0x35, 0x78, 0x88, 0x76, 0x65, 0x54, 0x54, 0x55, 0x45, 0x66, 0x66, 
	0x67, 0x65, 0x33, 0x34, 0x44, 0x34, 0x45, 0x55, 0x55, 0x55, 0x55, 0x55, 0x66, 0x66, 0x66, 
	0x66, 0x66, 0x65, 0x55, 0x66, 0x66, 0x66, 0x65, 0x55, 0x55, 0x55, 0x56, 0x55, 0x43, 0x44, 
	0x55, 0x55, 0x55, 0x55, 0x55, 0x66, 0x66, 0x66, 0x66, 0x66, 0x66, 0x66, 0x66, 0x66, 0x77, 
	0x77, 0x77, 0x77, 0x77, 0x77, 0x77, 0x77, 0x77, 0x77, 0x77, 0x77, 0x77, 0x77, 0x78, 0x88, 
	0x88, 0x88, 0x77, 0x77, 0x77, 0x77, 0x78, 0x88, 0x88, 0x88, 0x88, 0x88, 0x88, 0x88, 0x88, 
	0x88, 0x88, 0x88, 0x88, 0x88, 0x88, 0x88, 0x88, 0x88, 0x88, 0x88, 0x88, 0x88, 0x88, 0x88, 
	0x88, 0x88, 0x88, 0x99, 0x88, 0x88, 0x88, 0x99, 0x99, 0x99, 0x99, 0x99, 0x99, 0x99, 0x99, 
	0x98, 0x99, 0xAB, 0xCC, 0xCB, 0xCD, 0xCC, 0xCC, 0xCC, 0xBA, 0x99, 0x88, 0x89, 0x99, 0x88, 
	0x99, 0xAB, 0xA9, 0x99, 0x99, 0xAA, 0xBA, 0xAA, 0xAA, 0xAA, 0x99, 0x9A, 0xBB, 0xCC, 0xCC, 
	0xDD, 0xDD, 0xDC, 0xBB, 0xBB, 0xBB, 0xBB, 0xCC, 0xBB, 0xBB, 0xCE, 0xFF, 0xFF, 0xFF, 0xFF, 
	0xFF, 0xFF, 0xFF, 0xFF, 0xFF, 0xFF, 0xFF, 0xFF, 0xFF, 0xFF, 0xFF, 0xFF, 0xFF, 0xFF, 0xFF, 
	0xFF, 0xFF, 0xFF, 0xFF, 0xFF, 0xFF, 0xFF, 0xFF, 0xFF, 0xFF, 0xFF, 0xFF, 0xFF, 0xFF, 0xFF, 
	0xEE, 0xDC, 0xA9, 0x87, 0x65, 0x66, 0x55, 0x55, 0x54, 0x44, 0x44, 0x44, 0x33, 0x33, 0x33, 
	0x33, 0x33, 0x33, 0x33, 0x44, 0x44, 0x44, 0x33, 0x22, 0x23, 0x22, 0x22, 0x23, 0x34, 0x46, 
	0x66, 0x67, 0x77, 0x77, 0x67, 0x77, 0x77, 0x66, 0x66, 0x77, 0x77, 0x88, 0x88, 0x87, 0x53, 
	0x22, 0x22, 0x24, 0x44, 0x45, 0x55, 0x54, 0x32, 0x11, 0x11, 0x11, 0x11, 0x11, 0x12, 0x33, 
	0x33, 0x33, 0x33, 0x22, 0x21, 0x11, 0x11, 0x11, 0x13, 0x56, 0x67, 0x77, 0x77, 0x77, 0x65, 
	0x56, 0x66, 0x54, 0x44, 0x55, 0x44, 0x34, 0x56, 0x66, 0x68, 0x98, 0x77, 0x88, 0x88, 0x9A, 
	0xBB, 0xB9, 0x63, 0x21, 0x11, 0x22, 0x33, 0x55, 0x65, 0x44, 0x43, 0x33, 0x33, 0x22, 0x11, 
	0x11, 0x11, 0x11, 0x23, 0x46, 0x88, 0x77, 0x66, 0x55, 0x54, 0x54, 0x44, 0x44, 0x56, 0x67, 
	0x78, 0x86, 0x43, 0x34, 0x44, 0x44, 0x45, 0x55, 0x55, 0x55, 0x55, 0x55, 0x66, 0x66, 0x66, 
	0x66, 0x66, 0x66, 0x55, 0x56, 0x66, 0x56, 0x55, 0x55, 0x55, 0x55, 0x55, 0x54, 0x43, 0x44, 
	0x55, 0x55, 0x55, 0x44, 0x45, 0x55, 0x66, 0x66, 0x66, 0x66, 0x66, 0x66, 0x66, 0x66, 0x77, 
	0x77, 0x77, 0x77, 0x77, 0x77, 0x77, 0x77, 0x77, 0x77, 0x77, 0x77, 0x77, 0x77, 0x78, 0x88, 
	0x88, 0x88, 0x87, 0x77, 0x77, 0x77, 0x88, 0x88, 0x88, 0x88, 0x88, 0x88, 0x88, 0x88, 0x88, 
	0x88, 0x88, 0x88, 0x88, 0x88, 0x88, 0x88, 0x88, 0x88, 0x88, 0x88, 0x88, 0x88, 0x88, 0x88, 
	0x88, 0x88, 0x88, 0x88, 0x88, 0x88, 0x88, 0x99, 0x99, 0x99, 0x98, 0x99, 0x99, 0x99, 0x99, 
	0x89, 0x9A, 0xBC, 0xCC, 0xCC, 0xCC, 0xCB, 0xBB, 0xCC, 0xCB, 0xAA, 0xAA, 0xAA, 0xBA, 0x99, 
	0x99, 0xAA, 0xAA, 0xAA, 0x9A, 0xBB, 0xBB, 0xBB, 0xAA, 0x99, 0xAA, 0xBB, 0xBB, 0xCC, 0xCC, 
	0xCD, 0xDD, 0xCC, 0xBB, 0xBB, 0xBB, 0xBC, 0xCC, 0xBB, 0xBB, 0xCE, 0xFF, 0xFF, 0xFF, 0xFF, 
	0xFF, 0xFF, 0xFF, 0xFF, 0xFF, 0xFF, 0xFF, 0xFF, 0xFF, 0xFF, 0xFF, 0xFF, 0xFF, 0xFF, 0xFF, 
	0xFF, 0xFF, 0xFF, 0xFF, 0xFF, 0xFF, 0xFF, 0xFF, 0xFF, 0xFF, 0xFF, 0xFF, 0xFF, 0xFE, 0xEF, 
	0xEE, 0xDB, 0xA9, 0x87, 0x65, 0x55, 0x55, 0x55, 0x54, 0x44, 0x44, 0x44, 0x33, 0x33, 0x33, 
	0x33, 0x33, 0x33, 0x44, 0x44, 0x55, 0x54, 0x33, 0x32, 0x22, 0x22, 0x33, 0x23, 0x44, 0x56, 
	0x66, 0x77, 0x77, 0x66, 0x66, 0x77, 0x77, 0x66, 0x66, 0x77, 0x77, 0x78, 0x88, 0x87, 0x64, 
	0x32, 0x22, 0x23, 0x44, 0x44, 0x55, 0x55, 0x42, 0x21, 0x11, 0x11, 0x11, 0x11, 0x22, 0x33, 
	0x33, 0x33, 0x32, 0x22, 0x11, 0x11, 0x11, 0x11, 0x12, 0x45, 0x56, 0x77, 0x77, 0x77, 0x76, 
	0x56, 0x66, 0x65, 0x44, 0x55, 0x44, 0x44, 0x56, 0x66, 0x78, 0x99, 0x88, 0x89, 0x99, 0x9A, 
	0xAB, 0xB9, 0x63, 0x22, 0x21, 0x12, 0x22, 0x34, 0x44, 0x44, 0x43, 0x33, 0x32, 0x21, 0x11, 
	0x11, 0x11, 0x12, 0x34, 0x67, 0x87, 0x66, 0x55, 0x54, 0x44, 0x44, 0x44, 0x44, 0x57, 0x78, 
	0x88, 0x87, 0x54, 0x33, 0x44, 0x44, 0x44, 0x55, 0x55, 0x55, 0x66, 0x66, 0x66, 0x66, 0x66, 
	0x66, 0x66, 0x66, 0x65, 0x56, 0x65, 0x55, 0x55, 0x55, 0x55, 0x65, 0x66, 0x54, 0x44, 0x44, 
	0x55, 0x55, 0x55, 0x54, 0x44, 0x55, 0x56, 0x66, 0x66, 0x66, 0x66, 0x66, 0x66, 0x66, 0x67, 
	0x77, 0x77, 0x77, 0x77, 0x77, 0x77, 0x77, 0x77, 0x77, 0x77, 0x77, 0x77, 0x77, 0x77, 0x77, 
	0x88, 0x88, 0x87, 0x77, 0x77, 0x78, 0x88, 0x88, 0x88, 0x88, 0x88, 0x88, 0x88, 0x88, 0x88, 
	0x88, 0x88, 0x88, 0x88, 0x88, 0x88, 0x88, 0x88, 0x88, 0x88, 0x88, 0x88, 0x88, 0x88, 0x88, 
	0x88, 0x88, 0x88, 0x88, 0x88, 0x88, 0x88, 0x99, 0x99, 0x99, 0x88, 0x99, 0x99, 0x99, 0x88, 
	0xAA, 0xBB, 0xBB, 0xCC, 0xBC, 0xCC, 0xBB, 0xBB, 0xCC, 0xCB, 0xBB, 0xBB, 0xBC, 0xCC, 0xBA, 
	0x99, 0x99, 0x99, 0xAA, 0xAB, 0xBB, 0xAA, 0xAA, 0xAA, 0xAB, 0xBB, 0xBC, 0xCB, 0xCC, 0xCC, 
	0xBC, 0xCC, 0xCC, 0xBB, 0xBB, 0xBB, 0xBB, 0xBB, 0xBB, 0xBB, 0xCE, 0xFF, 0xFF, 0xFF, 0xFF, 
	0xFF, 0xFF, 0xFF, 0xFF, 0xFF, 0xFF, 0xFF, 0xFF, 0xFF, 0xFF, 0xFF, 0xFF, 0xFF, 0xFF, 0xFF, 
	0xFF, 0xFF, 0xFF, 0xFF, 0xFF, 0xFF, 0xFF, 0xFF, 0xFF, 0xFF, 0xFF, 0xFF, 0xFF, 0xFE, 0xEF, 
	0xEE, 0xDB, 0xA9, 0x97, 0x65, 0x55, 0x55, 0x55, 0x55, 0x44, 0x44, 0x44, 0x43, 0x33, 0x33, 
	0x33, 0x33, 0x33, 0x34, 0x44, 0x45, 0x44, 0x43, 0x33, 0x33, 0x23, 0x33, 0x33, 0x45, 0x56, 
	0x66, 0x67, 0x66, 0x66, 0x66, 0x67, 0x77, 0x76, 0x56, 0x66, 0x67, 0x78, 0x88, 0x88, 0x65, 
	0x32, 0x22, 0x23, 0x44, 0x44, 0x44, 0x55, 0x43, 0x22, 0x11, 0x11, 0x11, 0x12, 0x23, 0x33, 
	0x23, 0x33, 0x32, 0x21, 0x11, 0x11, 0x11, 0x11, 0x12, 0x34, 0x56, 0x76, 0x67, 0x77, 0x76, 
	0x66, 0x66, 0x65, 0x55, 0x54, 0x44, 0x44, 0x55, 0x66, 0x79, 0x99, 0x98, 0x89, 0x98, 0x9A, 
	0xAB, 0xBA, 0x73, 0x22, 0x21, 0x12, 0x11, 0x12, 0x22, 0x23, 0x32, 0x22, 0x21, 0x11, 0x11, 
	0x11, 0x12, 0x24, 0x56, 0x77, 0x77, 0x65, 0x44, 0x43, 0x44, 0x44, 0x44, 0x45, 0x67, 0x88, 
	0x88, 0x76, 0x54, 0x44, 0x44, 0x44, 0x34, 0x56, 0x66, 0x66, 0x77, 0x77, 0x66, 0x66, 0x66, 
	0x66, 0x66, 0x66, 0x66, 0x66, 0x66, 0x66, 0x55, 0x55, 0x55, 0x66, 0x66, 0x54, 0x44, 0x45, 
	0x55, 0x55, 0x55, 0x65, 0x55, 0x55, 0x55, 0x55, 0x66, 0x66, 0x66, 0x66, 0x66, 0x66, 0x66, 
	0x66, 0x77, 0x77, 0x76, 0x67, 0x77, 0x77, 0x77, 0x77, 0x77, 0x77, 0x77, 0x77, 0x77, 0x77, 
	0x77, 0x77, 0x77, 0x77, 0x78, 0x88, 0x88, 0x88, 0x88, 0x88, 0x88, 0x88, 0x88, 0x88, 0x88, 
	0x88, 0x88, 0x88, 0x88, 0x88, 0x88, 0x88, 0x88, 0x88, 0x88, 0x88, 0x88, 0x88, 0x88, 0x88, 
	0x88, 0x88, 0x88, 0x88, 0x99, 0x99, 0x99, 0x98, 0x99, 0x99, 0x88, 0x89, 0x99, 0x88, 0x88, 
	0xCC, 0xBB, 0xBB, 0xBC, 0xCC, 0xCC, 0xCC, 0xCB, 0xCB, 0xBB, 0xBB, 0xBB, 0xBB, 0xCD, 0xCB, 
	0xAA, 0x99, 0x99, 0xAA, 0xAA, 0xAA, 0xA9, 0x9A, 0xAB, 0xBB, 0xCB, 0xBB, 0xCC, 0xCC, 0xBB, 
	0xBB, 0xCC, 0xCC, 0xBB, 0xCC, 0xBB, 0xBB, 0xBB, 0xAB, 0xBB, 0xCE, 0xFF, 0xFE, 0xEF, 0xFF, 
	0xFF, 0xFF, 0xFF, 0xFF, 0xFF, 0xFF, 0xFF, 0xFF, 0xFF, 0xFF, 0xFF, 0xFF, 0xFF, 0xFF, 0xFF, 
	0xFF, 0xFF, 0xFF, 0xFF, 0xFF, 0xFF, 0xFF, 0xFF, 0xFF, 0xFF, 0xFF, 0xFF, 0xFF, 0xFF, 0xFF, 
	0xEE, 0xDC, 0xBA, 0x98, 0x76, 0x65, 0x55, 0x55, 0x55, 0x54, 0x44, 0x44, 0x33, 0x33, 0x33, 
	0x33, 0x33, 0x33, 0x44, 0x44, 0x44, 0x44, 0x43, 0x34, 0x33, 0x23, 0x34, 0x34, 0x45, 0x66, 
	0x66, 0x66, 0x66, 0x55, 0x66, 0x66, 0x67, 0x76, 0x66, 0x66, 0x66, 0x78, 0x88, 0x88, 0x76, 
	0x43, 0x22, 0x22, 0x34, 0x44, 0x44, 0x45, 0x44, 0x32, 0x22, 0x11, 0x11, 0x12, 0x33, 0x33, 
	0x33, 0x33, 0x22, 0x11, 0x11, 0x11, 0x11, 0x11, 0x11, 0x24, 0x56, 0x66, 0x67, 0x77, 0x76, 
	0x55, 0x55, 0x66, 0x55, 0x54, 0x34, 0x44, 0x56, 0x66, 0x79, 0xA9, 0x99, 0x88, 0x88, 0x89, 
	0xAB, 0xB9, 0x63, 0x22, 0x21, 0x11, 0x11, 0x11, 0x11, 0x22, 0x22, 0x11, 0x11, 0x11, 0x11, 
	0x11, 0x23, 0x46, 0x77, 0x77, 0x65, 0x44, 0x44, 0x33, 0x33, 0x33, 0x45, 0x55, 0x66, 0x78, 
	0x87, 0x65, 0x55, 0x44, 0x44, 0x44, 0x34, 0x66, 0x77, 0x88, 0x87, 0x76, 0x66, 0x67, 0x76, 
	0x66, 0x66, 0x66, 0x66, 0x66, 0x65, 0x56, 0x65, 0x55, 0x55, 0x66, 0x66, 0x54, 0x44, 0x55, 
	0x66, 0x65, 0x66, 0x66, 0x66, 0x65, 0x45, 0x55, 0x56, 0x66, 0x66, 0x66, 0x66, 0x66, 0x67, 
	0x66, 0x66, 0x77, 0x77, 0x67, 0x77, 0x77, 0x77, 0x77, 0x77, 0x77, 0x77, 0x77, 0x77, 0x77, 
	0x77, 0x77, 0x77, 0x77, 0x78, 0x88, 0x88, 0x88, 0x88, 0x88, 0x88, 0x88, 0x88, 0x88, 0x88, 
	0x88, 0x88, 0x88, 0x88, 0x88, 0x88, 0x88, 0x88, 0x88, 0x88, 0x88, 0x88, 0x88, 0x88, 0x88, 
	0x88, 0x88, 0x88, 0x88, 0x88, 0x99, 0x98, 0x88, 0x89, 0x99, 0x88, 0x88, 0x99, 0x88, 0x88, 
	0xCC, 0xCB, 0xBB, 0xBB, 0xBC, 0xCC, 0xCC, 0xCB, 0xBB, 0xBB, 0xBC, 0xBB, 0xAA, 0xBB, 0xBB, 
	0xBB, 0xAA, 0x9A, 0xAB, 0xAA, 0xAA, 0xA9, 0xAA, 0xBB, 0xBB, 0xBB, 0xBB, 0xCC, 0xCC, 0xBB, 
	0xCC, 0xCB, 0xBC, 0xCC, 0xCC, 0xBB, 0xBB, 0xBB, 0xBB, 0xBB, 0xCE, 0xFF, 0xFF, 0xFF, 0xFF, 
	0xFF, 0xFF, 0xFF, 0xFF, 0xFF, 0xFF, 0xFF, 0xFF, 0xFF, 0xFF, 0xFF, 0xFF, 0xFF, 0xFF, 0xFF, 
	0xFF, 0xFF, 0xFF, 0xFF, 0xFF, 0xFF, 0xFF, 0xFF, 0xFF, 0xFF, 0xFF, 0xFF, 0xFF, 0xFF, 0xFF, 
	0xEE, 0xDC, 0xCB, 0xA9, 0x87, 0x65, 0x55, 0x55, 0x55, 0x54, 0x44, 0x43, 0x33, 0x33, 0x33, 
	0x33, 0x33, 0x33, 0x44, 0x44, 0x45, 0x44, 0x43, 0x33, 0x33, 0x22, 0x34, 0x45, 0x56, 0x66, 
	0x66, 0x66, 0x65, 0x55, 0x66, 0x66, 0x66, 0x76, 0x66, 0x66, 0x66, 0x77, 0x88, 0x88, 0x87, 
	0x53, 0x22, 0x21, 0x23, 0x34, 0x55, 0x44, 0x44, 0x32, 0x22, 0x22, 0x12, 0x22, 0x33, 0x33, 
	0x33, 0x32, 0x22, 0x11, 0x11, 0x11, 0x11, 0x11, 0x11, 0x23, 0x56, 0x77, 0x77, 0x77, 0x66, 
	0x55, 0x55, 0x66, 0x65, 0x54, 0x34, 0x34, 0x55, 0x67, 0x79, 0x99, 0x98, 0x88, 0x88, 0x89, 
	0xAB, 0xB9, 0x63, 0x22, 0x21, 0x12, 0x11, 0x11, 0x11, 0x12, 0x22, 0x11, 0x11, 0x11, 0x11, 
	0x22, 0x35, 0x67, 0x77, 0x76, 0x54, 0x44, 0x44, 0x33, 0x33, 0x33, 0x45, 0x55, 0x56, 0x78, 
	0x87, 0x65, 0x44, 0x44, 0x44, 0x44, 0x34, 0x67, 0x77, 0x88, 0x77, 0x66, 0x66, 0x66, 0x66, 
	0x66, 0x66, 0x66, 0x66, 0x66, 0x66, 0x66, 0x65, 0x55, 0x55, 0x66, 0x66, 0x55, 0x44, 0x55, 
	0x66, 0x66, 0x67, 0x76, 0x66, 0x65, 0x55, 0x55, 0x55, 0x66, 0x66, 0x66, 0x66, 0x66, 0x67, 
	0x66, 0x66, 0x67, 0x77, 0x77, 0x77, 0x77, 0x77, 0x77, 0x77, 0x77, 0x77, 0x77, 0x77, 0x77, 
	0x77, 0x88, 0x87, 0x77, 0x78, 0x88, 0x88, 0x88, 0x77, 0x88, 0x88, 0x88, 0x88, 0x88, 0x88, 
	0x88, 0x88, 0x88, 0x88, 0x88, 0x88, 0x88, 0x88, 0x88, 0x88, 0x88, 0x88, 0x88, 0x88, 0x88, 
	0x88, 0x88, 0x88, 0x88, 0x88, 0x88, 0x88, 0x88, 0x88, 0x98, 0x88, 0x88, 0x88, 0x88, 0x88, 
	0xCC, 0xCB, 0xBB, 0xBB, 0xBB, 0xCC, 0xCC, 0xBB, 0xBB, 0xBB, 0xBC, 0xBA, 0x9A, 0xAA, 0xAB, 
	0xBB, 0xBB, 0xAA, 0xBB, 0xBB, 0xAB, 0xBA, 0xAB, 0xBB, 0xBB, 0xBB, 0xBB, 0xBB, 0xBB, 0xBC, 
	0xCC, 0xBB, 0xBC, 0xCC, 0xCC, 0xBC, 0xCB, 0xBB, 0xCC, 0xCC, 0xCE, 0xFF, 0xFF, 0xFF, 0xFF, 
	0xFF, 0xFF, 0xFF, 0xFF, 0xFF, 0xFF, 0xFF, 0xFF, 0xFF, 0xFF, 0xFF, 0xFF, 0xFF, 0xFF, 0xFF, 
	0xFF, 0xFF, 0xFF, 0xFF, 0xFF, 0xFF, 0xFF, 0xFF, 0xFF, 0xFF, 0xFF, 0xFF, 0xFF, 0xFE, 0xFF, 
	0xFE, 0xED, 0xDC, 0xBA, 0x98, 0x76, 0x65, 0x55, 0x55, 0x55, 0x44, 0x44, 0x43, 0x43, 0x33, 
	0x33, 0x33, 0x44, 0x44, 0x44, 0x44, 0x44, 0x43, 0x32, 0x22, 0x22, 0x34, 0x45, 0x56, 0x76, 
	0x66, 0x66, 0x66, 0x66, 0x66, 0x66, 0x66, 0x66, 0x66, 0x66, 0x66, 0x77, 0x77, 0x88, 0x88, 
	0x75, 0x32, 0x21, 0x22, 0x34, 0x55, 0x44, 0x44, 0x33, 0x22, 0x22, 0x22, 0x23, 0x33, 0x33, 
	0x33, 0x22, 0x21, 0x11, 0x11, 0x11, 0x11, 0x11, 0x11, 0x13, 0x46, 0x77, 0x77, 0x77, 0x66, 
	0x55, 0x55, 0x56, 0x66, 0x54, 0x33, 0x33, 0x45, 0x67, 0x89, 0x99, 0x99, 0x87, 0x88, 0x9A, 
	0xBB, 0xB9, 0x63, 0x22, 0x22, 0x22, 0x11, 0x11, 0x11, 0x11, 0x11, 0x11, 0x11, 0x11, 0x22, 
	0x34, 0x57, 0x88, 0x77, 0x65, 0x44, 0x34, 0x44, 0x33, 0x33, 0x34, 0x45, 0x55, 0x56, 0x79, 
	0x99, 0x76, 0x54, 0x44, 0x44, 0x54, 0x44, 0x67, 0x88, 0x88, 0x65, 0x55, 0x66, 0x76, 0x66, 
	0x66, 0x66, 0x66, 0x66, 0x66, 0x66, 0x66, 0x65, 0x55, 0x56, 0x66, 0x66, 0x65, 0x56, 0x56, 
	0x67, 0x77, 0x67, 0x76, 0x65, 0x55, 0x55, 0x54, 0x45, 0x66, 0x66, 0x66, 0x66, 0x66, 0x66, 
	0x66, 0x66, 0x66, 0x77, 0x77, 0x77, 0x77, 0x77, 0x77, 0x77, 0x77, 0x77, 0x77, 0x77, 0x77, 
	0x77, 0x88, 0x87, 0x77, 0x78, 0x78, 0x88, 0x88, 0x77, 0x88, 0x88, 0x88, 0x88, 0x88, 0x88, 
	0x88, 0x88, 0x88, 0x88, 0x88, 0x88, 0x88, 0x88, 0x88, 0x88, 0x88, 0x88, 0x88, 0x88, 0x88, 
	0x88, 0x88, 0x88, 0x88, 0x88, 0x88, 0x88, 0x88, 0x88, 0x88, 0x88, 0x88, 0x88, 0x89, 0x99, 
	0xCC, 0xCB, 0xBB, 0xBB, 0xBB, 0xBB, 0xBB, 0xAA, 0xBB, 0xBB, 0xBB, 0xBA, 0x99, 0xA9, 0xAA, 
	0xBA, 0xAA, 0xAA, 0xBB, 0xCB, 0xBC, 0xCB, 0xBB, 0xCC, 0xBB, 0xBB, 0xBB, 0xBB, 0xBB, 0xBC, 
	0xCB, 0xBB, 0xBB, 0xBB, 0xBB, 0xBC, 0xCB, 0xBB, 0xCC, 0xCC, 0xCD, 0xEF, 0xFF, 0xFF, 0xFF, 
	0xFF, 0xFF, 0xFF, 0xFF, 0xFF, 0xFF, 0xFF, 0xFF, 0xFF, 0xFF, 0xFF, 0xFF, 0xFF, 0xFF, 0xFF, 
	0xFF, 0xFF, 0xFF, 0xFF, 0xFF, 0xFF, 0xFF, 0xFF, 0xFF, 0xFF, 0xFF, 0xFF, 0xFF, 0xFE, 0xEF, 
	0xFF, 0xFE, 0xED, 0xCA, 0x98, 0x76, 0x66, 0x55, 0x55, 0x55, 0x55, 0x44, 0x44, 0x44, 0x33, 
	0x33, 0x33, 0x44, 0x44, 0x44, 0x44, 0x44, 0x43, 0x22, 0x22, 0x23, 0x44, 0x45, 0x56, 0x76, 
	0x66, 0x65, 0x56, 0x56, 0x66, 0x66, 0x55, 0x56, 0x66, 0x66, 0x66, 0x66, 0x67, 0x88, 0x88, 
	0x76, 0x53, 0x22, 0x22, 0x23, 0x44, 0x54, 0x43, 0x33, 0x22, 0x22, 0x22, 0x23, 0x33, 0x33, 
	0x22, 0x21, 0x11, 0x11, 0x11, 0x11, 0x11, 0x11, 0x11, 0x12, 0x46, 0x77, 0x77, 0x77, 0x66, 
	0x66, 0x65, 0x56, 0x65, 0x54, 0x33, 0x33, 0x45, 0x67, 0x89, 0x99, 0x99, 0x87, 0x78, 0x99, 
	0xAB, 0xB9, 0x64, 0x32, 0x22, 0x22, 0x22, 0x22, 0x22, 0x21, 0x11, 0x12, 0x11, 0x22, 0x34, 
	0x56, 0x78, 0x87, 0x66, 0x54, 0x44, 0x33, 0x33, 0x33, 0x34, 0x45, 0x55, 0x55, 0x67, 0x9A, 
	0xA9, 0x76, 0x65, 0x44, 0x44, 0x55, 0x55, 0x67, 0x88, 0x87, 0x65, 0x56, 0x66, 0x66, 0x66, 
	0x76, 0x66, 0x66, 0x66, 0x66, 0x66, 0x66, 0x65, 0x55, 0x56, 0x66, 0x66, 0x66, 0x67, 0x66, 
	0x77, 0x77, 0x77, 0x76, 0x65, 0x55, 0x66, 0x65, 0x55, 0x55, 0x66, 0x66, 0x66, 0x66, 0x66, 
	0x77, 0x66, 0x66, 0x77, 0x77, 0x77, 0x66, 0x77, 0x77, 0x77, 0x77, 0x77, 0x77, 0x77, 0x77, 
	0x77, 0x88, 0x88, 0x77, 0x77, 0x77, 0x77, 0x77, 0x77, 0x88, 0x88, 0x88, 0x88, 0x88, 0x88, 
	0x88, 0x88, 0x88, 0x88, 0x88, 0x88, 0x88, 0x88, 0x88, 0x88, 0x88, 0x88, 0x88, 0x88, 0x88, 
	0x88, 0x88, 0x88, 0x89, 0x98, 0x88, 0x88, 0x88, 0x88, 0x88, 0x89, 0x98, 0x88, 0x99, 0x99, 
	0xBC, 0xCB, 0xBB, 0xBB, 0xBB, 0xBB, 0xBB, 0xAA, 0xBB, 0xBB, 0xBB, 0xBA, 0xAA, 0xAA, 0xAA, 
	0xAA, 0xAA, 0xAA, 0xBC, 0xCC, 0xBC, 0xCC, 0xBB, 0xBC, 0xCB, 0xBB, 0xBB, 0xBB, 0xAB, 0xBB, 
	0xBB, 0xAA, 0xBB, 0xBB, 0xBB, 0xBB, 0xBB, 0xBB, 0xBC, 0xCB, 0xBD, 0xEF, 0xFF, 0xFF, 0xFF, 
	0xFF, 0xFF, 0xFF, 0xFF, 0xFF, 0xFF, 0xFF, 0xFF, 0xFF, 0xFF, 0xFF, 0xFF, 0xFF, 0xFF, 0xFF, 
	0xFF, 0xFF, 0xFF, 0xFF, 0xFF, 0xFF, 0xFF, 0xFF, 0xFF, 0xFF, 0xFF, 0xFF, 0xFF, 0xFE, 0xEF, 
	0xFF, 0xFE, 0xED, 0xBA, 0x98, 0x77, 0x76, 0x55, 0x55, 0x55, 0x55, 0x44, 0x44, 0x44, 0x43, 
	0x33, 0x33, 0x33, 0x44, 0x44, 0x44, 0x44, 0x33, 0x22, 0x22, 0x23, 0x44, 0x44, 0x56, 0x66, 
	0x55, 0x55, 0x55, 0x55, 0x55, 0x55, 0x55, 0x54, 0x55, 0x66, 0x66, 0x66, 0x67, 0x78, 0x88, 
	0x77, 0x75, 0x32, 0x22, 0x12, 0x34, 0x44, 0x43, 0x33, 0x32, 0x22, 0x22, 0x33, 0x33, 0x32, 
	0x22, 0x11, 0x11, 0x11, 0x11, 0x11, 0x11, 0x11, 0x11, 0x12, 0x46, 0x78, 0x77, 0x77, 0x66, 
	0x66, 0x65, 0x56, 0x55, 0x43, 0x33, 0x33, 0x45, 0x67, 0x99, 0x99, 0x98, 0x87, 0x78, 0x89, 
	0xAB, 0xB9, 0x64, 0x33, 0x22, 0x23, 0x33, 0x33, 0x33, 0x22, 0x22, 0x23, 0x33, 0x44, 0x55, 
	0x66, 0x77, 0x76, 0x54, 0x43, 0x34, 0x32, 0x23, 0x33, 0x34, 0x45, 0x55, 0x55, 0x68, 0x9A, 
	0xA8, 0x76, 0x65, 0x54, 0x55, 0x56, 0x66, 0x66, 0x78, 0x77, 0x66, 0x66, 0x66, 0x66, 0x67, 
	0x77, 0x77, 0x67, 0x66, 0x66, 0x66, 0x66, 0x55, 0x55, 0x66, 0x66, 0x66, 0x66, 0x67, 0x77, 
	0x77, 0x77, 0x77, 0x77, 0x66, 0x56, 0x78, 0x76, 0x65, 0x55, 0x65, 0x56, 0x66, 0x66, 0x66, 
	0x77, 0x66, 0x67, 0x77, 0x77, 0x77, 0x66, 0x77, 0x77, 0x77, 0x77, 0x77, 0x77, 0x77, 0x77, 
	0x77, 0x77, 0x88, 0x77, 0x77, 0x87, 0x77, 0x77, 0x78, 0x88, 0x88, 0x88, 0x88, 0x88, 0x88, 
	0x88, 0x88, 0x88, 0x88, 0x88, 0x88, 0x88, 0x88, 0x88, 0x88, 0x88, 0x88, 0x88, 0x88, 0x88, 
	0x88, 0x88, 0x88, 0x88, 0x98, 0x88, 0x88, 0x88, 0x89, 0x88, 0x89, 0x98, 0x89, 0x99, 0x99, 
	0xBB, 0xBB, 0xBB, 0xBC, 0xCB, 0xBB, 0xBB, 0xBB, 0xBB, 0xBB, 0xBB, 0xAA, 0xAA, 0xAA, 0xAA, 
	0xAA, 0xAB, 0xBC, 0xCC, 0xCC, 0xBC, 0xCB, 0xBA, 0xAB, 0xBA, 0xBB, 0xBB, 0xBB, 0xAA, 0xBB, 
	0xBA, 0xAA, 0xBB, 0xAA, 0xAA, 0xAA, 0xBB, 0xBB, 0xBB, 0xBB, 0xBC, 0xEF, 0xFF, 0xFF, 0xFF, 
	0xFF, 0xFF, 0xFF, 0xFF, 0xFF, 0xFF, 0xFF, 0xFF, 0xFF, 0xFF, 0xFF, 0xFF, 0xFF, 0xFF, 0xFF, 
	0xFF, 0xFF, 0xFF, 0xFF, 0xFF, 0xFF, 0xFF, 0xFF, 0xFF, 0xFF, 0xFF, 0xFF, 0xFF, 0xFF, 0xFF, 
	0xEE, 0xEE, 0xED, 0xCB, 0x98, 0x77, 0x76, 0x55, 0x55, 0x44, 0x44, 0x44, 0x44, 0x34, 0x43, 
	0x32, 0x22, 0x33, 0x44, 0x44, 0x44, 0x33, 0x22, 0x22, 0x22, 0x33, 0x34, 0x45, 0x56, 0x66, 
	0x55, 0x54, 0x44, 0x45, 0x55, 0x55, 0x55, 0x44, 0x45, 0x66, 0x66, 0x67, 0x77, 0x88, 0x87, 
	0x77, 0x87, 0x53, 0x22, 0x11, 0x22, 0x33, 0x33, 0x44, 0x33, 0x32, 0x33, 0x33, 0x32, 0x22, 
	0x11, 0x11, 0x11, 0x11, 0x11, 0x11, 0x11, 0x11, 0x11, 0x12, 0x46, 0x78, 0x77, 0x77, 0x66, 
	0x66, 0x65, 0x55, 0x54, 0x33, 0x33, 0x33, 0x45, 0x67, 0x9A, 0x99, 0x88, 0x88, 0x78, 0x89, 
	0xAA, 0xA9, 0x64, 0x33, 0x22, 0x23, 0x44, 0x44, 0x44, 0x43, 0x33, 0x44, 0x45, 0x66, 0x67, 
	0x77, 0x66, 0x54, 0x43, 0x32, 0x34, 0x32, 0x33, 0x43, 0x34, 0x45, 0x56, 0x66, 0x79, 0xAA, 
	0x98, 0x66, 0x55, 0x55, 0x55, 0x56, 0x77, 0x67, 0x78, 0x77, 0x77, 0x76, 0x66, 0x66, 0x77, 
	0x77, 0x77, 0x77, 0x76, 0x66, 0x66, 0x66, 0x55, 0x55, 0x56, 0x66, 0x66, 0x65, 0x66, 0x77, 
	0x77, 0x77, 0x78, 0x77, 0x66, 0x66, 0x77, 0x76, 0x65, 0x44, 0x55, 0x56, 0x66, 0x66, 0x66, 
	0x66, 0x66, 0x67, 0x77, 0x77, 0x77, 0x77, 0x77, 0x77, 0x77, 0x77, 0x77, 0x77, 0x77, 0x77, 
	0x77, 0x77, 0x78, 0x77, 0x77, 0x88, 0x77, 0x78, 0x88, 0x88, 0x88, 0x88, 0x88, 0x88, 0x78, 
	0x88, 0x88, 0x88, 0x88, 0x88, 0x88, 0x88, 0x88, 0x88, 0x88, 0x88, 0x88, 0x88, 0x88, 0x98, 
	0x88, 0x88, 0x88, 0x88, 0x99, 0x88, 0x88, 0x88, 0x89, 0x88, 0x89, 0x99, 0x99, 0x99, 0x99, 
	0xBB, 0xBB, 0xBB, 0xBB, 0xBB, 0xBB, 0xBB, 0xBB, 0xBB, 0xBB, 0xBA, 0xAA, 0xAA, 0xAB, 0xA9, 
	0x9A, 0xBC, 0xDC, 0xCB, 0xBB, 0xBB, 0xBB, 0xAA, 0xAA, 0xAA, 0xBB, 0xBB, 0xBB, 0xBB, 0xBB, 
	0xBB, 0xBB, 0xBB, 0xAA, 0x9A, 0xAA, 0xBB, 0xBB, 0xBB, 0xBB, 0xBC, 0xEF, 0xFF, 0xFF, 0xFF, 
	0xFF, 0xFF, 0xFF, 0xFF, 0xFF, 0xFF, 0xFF, 0xFF, 0xFF, 0xFF, 0xFF, 0xFF, 0xFF, 0xFF, 0xFF, 
	0xFF, 0xFF, 0xFF, 0xFF, 0xFF, 0xFF, 0xFF, 0xFF, 0xFF, 0xFF, 0xFF, 0xFF, 0xFF, 0xFF, 0xFF, 
	0xEE, 0xEE, 0xEE, 0xDC, 0xA9, 0x87, 0x76, 0x55, 0x55, 0x54, 0x44, 0x44, 0x44, 0x33, 0x33, 
	0x32, 0x22, 0x33, 0x44, 0x44, 0x33, 0x22, 0x22, 0x22, 0x22, 0x33, 0x34, 0x45, 0x55, 0x66, 
	0x66, 0x54, 0x44, 0x45, 0x55, 0x45, 0x55, 0x55, 0x55, 0x55, 0x66, 0x67, 0x77, 0x77, 0x77, 
	0x77, 0x87, 0x64, 0x32, 0x22, 0x12, 0x22, 0x23, 0x33, 0x33, 0x22, 0x22, 0x22, 0x22, 0x11, 
	0x11, 0x11, 0x11, 0x11, 0x11, 0x11, 0x11, 0x11, 0x11, 0x12, 0x45, 0x77, 0x77, 0x77, 0x66, 
	0x66, 0x65, 0x55, 0x54, 0x33, 0x34, 0x43, 0x46, 0x68, 0xAA, 0x99, 0x88, 0x88, 0x87, 0x89, 
	0xAA, 0xA8, 0x54, 0x33, 0x32, 0x34, 0x56, 0x66, 0x66, 0x66, 0x55, 0x66, 0x66, 0x78, 0x77, 
	0x77, 0x65, 0x43, 0x33, 0x33, 0x44, 0x33, 0x34, 0x44, 0x44, 0x45, 0x66, 0x77, 0x89, 0xAA, 
	0x98, 0x76, 0x54, 0x45, 0x55, 0x67, 0x88, 0x88, 0x99, 0x99, 0x99, 0x87, 0x66, 0x66, 0x67, 
	0x77, 0x76, 0x67, 0x76, 0x66, 0x66, 0x66, 0x55, 0x55, 0x66, 0x66, 0x66, 0x54, 0x55, 0x67, 
	0x77, 0x67, 0x77, 0x77, 0x66, 0x65, 0x56, 0x66, 0x66, 0x44, 0x54, 0x55, 0x66, 0x66, 0x66, 
	0x66, 0x66, 0x66, 0x66, 0x66, 0x77, 0x77, 0x77, 0x77, 0x77, 0x77, 0x77, 0x77, 0x77, 0x77, 
	0x77, 0x77, 0x77, 0x77, 0x77, 0x88, 0x77, 0x78, 0x88, 0x88, 0x88, 0x88, 0x88, 0x88, 0x78, 
	0x88, 0x88, 0x88, 0x88, 0x88, 0x88, 0x88, 0x88, 0x88, 0x88, 0x88, 0x88, 0x88, 0x88, 0x88, 
	0x88, 0x88, 0x88, 0x99, 0x99, 0x88, 0x88, 0x88, 0x89, 0x88, 0x88, 0x99, 0x99, 0x99, 0x99, 
	0xBB, 0xBB, 0xBB, 0xBB, 0xBB, 0xBB, 0xBB, 0xBB, 0xCC, 0xBB, 0xBA, 0x99, 0xAA, 0xAB, 0xA9, 
	0xAB, 0xBC, 0xCC, 0xBA, 0xBB, 0xBB, 0xBB, 0xBB, 0xBB, 0xAA, 0xAB, 0xBA, 0xBB, 0xBB, 0xBC, 
	0xCC, 0xBB, 0xBB, 0xAA, 0xAA, 0xAA, 0xBB, 0xBB, 0xBB, 0xBB, 0xBC, 0xEF, 0xFF, 0xFF, 0xFF, 
	0xFF, 0xFF, 0xFF, 0xFF, 0xFF, 0xFF, 0xFF, 0xFF, 0xFF, 0xFF, 0xFF, 0xFF, 0xFF, 0xFF, 0xFF, 
	0xFF, 0xFF, 0xFF, 0xFF, 0xFF, 0xFF, 0xFF, 0xFF, 0xFF, 0xFF, 0xFF, 0xFF, 0xFF, 0xFF, 0xFF, 
	0xFF, 0xFE, 0xED, 0xCC, 0xBA, 0x98, 0x87, 0x66, 0x66, 0x55, 0x54, 0x44, 0x43, 0x33, 0x33, 
	0x33, 0x33, 0x33, 0x34, 0x33, 0x32, 0x22, 0x22, 0x22, 0x23, 0x33, 0x44, 0x46, 0x55, 0x56, 
	0x66, 0x54, 0x44, 0x44, 0x55, 0x54, 0x44, 0x55, 0x55, 0x44, 0x45, 0x55, 0x66, 0x67, 0x77, 
	0x78, 0x88, 0x76, 0x53, 0x32, 0x11, 0x11, 0x12, 0x22, 0x22, 0x22, 0x22, 0x22, 0x22, 0x11, 
	0x11, 0x11, 0x11, 0x11, 0x11, 0x11, 0x11, 0x11, 0x11, 0x12, 0x45, 0x77, 0x77, 0x77, 0x66, 
	0x66, 0x55, 0x55, 0x55, 0x44, 0x44, 0x43, 0x46, 0x78, 0xAA, 0xA9, 0x88, 0x88, 0x87, 0x89, 
	0xAA, 0xA8, 0x64, 0x33, 0x33, 0x35, 0x67, 0x88, 0x89, 0x98, 0x77, 0x88, 0x88, 0x88, 0x77, 
	0x76, 0x55, 0x43, 0x33, 0x34, 0x44, 0x33, 0x44, 0x44, 0x44, 0x55, 0x67, 0x88, 0x99, 0xA9, 
	0x98, 0x87, 0x54, 0x44, 0x66, 0x77, 0x78, 0x99, 0xAA, 0xAA, 0xA9, 0x87, 0x65, 0x56, 0x66, 
	0x67, 0x76, 0x66, 0x77, 0x66, 0x77, 0x66, 0x55, 0x55, 0x66, 0x66, 0x66, 0x43, 0x44, 0x55, 
	0x66, 0x67, 0x77, 0x77, 0x76, 0x65, 0x55, 0x65, 0x66, 0x44, 0x44, 0x45, 0x66, 0x66, 0x66, 
	0x66, 0x66, 0x66, 0x66, 0x66, 0x77, 0x77, 0x77, 0x77, 0x77, 0x77, 0x77, 0x77, 0x77, 0x77, 
	0x77, 0x77, 0x77, 0x77, 0x78, 0x77, 0x77, 0x77, 0x88, 0x77, 0x78, 0x88, 0x88, 0x88, 0x78, 
	0x88, 0x88, 0x88, 0x88, 0x88, 0x88, 0x88, 0x88, 0x88, 0x89, 0x98, 0x88, 0x88, 0x88, 0x88, 
	0x88, 0x88, 0x88, 0x99, 0x88, 0x88, 0x88, 0x88, 0x98, 0x88, 0x88, 0x99, 0x99, 0x99, 0x99, 
	0xBC, 0xCB, 0xBC, 0xBB, 0xBB, 0xBB, 0xBC, 0xCC, 0xCB, 0xBA, 0xA9, 0x99, 0xAA, 0xAB, 0xA9, 
	0xAA, 0xAA, 0xAA, 0xAA, 0xAB, 0xBA, 0xAB, 0xCC, 0xBB, 0xBA, 0xBB, 0xAA, 0xAB, 0xBB, 0xBC, 
	0xCC, 0xCB, 0xBB, 0xBB, 0xBA, 0xAB, 0xCC, 0xBB, 0xBB, 0xBB, 0xBC, 0xEF, 0xFF, 0xFF, 0xFF, 
	0xFF, 0xFF, 0xFF, 0xEF, 0xFF, 0xFF, 0xFF, 0xFF, 0xFF, 0xFF, 0xFF, 0xFF, 0xFF, 0xFF, 0xFF, 
	0xFF, 0xFF, 0xFF, 0xFF, 0xFF, 0xFF, 0xFF, 0xFF, 0xFF, 0xFF, 0xFF, 0xFF, 0xFF, 0xFF, 0xFF, 
	0xFF, 0xFE, 0xED, 0xCC, 0xBA, 0xA9, 0x87, 0x77, 0x76, 0x65, 0x54, 0x44, 0x33, 0x33, 0x33, 
	0x33, 0x22, 0x23, 0x33, 0x32, 0x22, 0x22, 0x22, 0x23, 0x33, 0x33, 0x44, 0x45, 0x55, 0x56, 
	0x66, 0x65, 0x44, 0x44, 0x44, 0x44, 0x44, 0x55, 0x54, 0x33, 0x44, 0x55, 0x55, 0x56, 0x66, 
	0x78, 0x87, 0x78, 0x76, 0x43, 0x21, 0x11, 0x11, 0x11, 0x11, 0x11, 0x11, 0x11, 0x11, 0x11, 
	0x11, 0x11, 0x11, 0x11, 0x11, 0x11, 0x11, 0x11, 0x22, 0x22, 0x35, 0x67, 0x77, 0x77, 0x66, 
	0x66, 0x55, 0x55, 0x55, 0x54, 0x44, 0x43, 0x46, 0x78, 0x9A, 0x99, 0x88, 0x88, 0x87, 0x89, 
	0xAB, 0xA9, 0x64, 0x33, 0x33, 0x35, 0x77, 0x89, 0x9A, 0xA9, 0x99, 0x98, 0x88, 0x88, 0x76, 
	0x65, 0x54, 0x43, 0x33, 0x34, 0x43, 0x33, 0x44, 0x44, 0x44, 0x56, 0x77, 0x88, 0x9A, 0xAA, 
	0x9A, 0x98, 0x65, 0x45, 0x67, 0x77, 0x78, 0xAA, 0xAA, 0xAA, 0xA9, 0x75, 0x44, 0x55, 0x56, 
	0x67, 0x66, 0x67, 0x66, 0x77, 0x77, 0x76, 0x55, 0x56, 0x66, 0x56, 0x65, 0x43, 0x33, 0x44, 
	0x55, 0x56, 0x67, 0x77, 0x77, 0x66, 0x55, 0x66, 0x66, 0x54, 0x44, 0x45, 0x66, 0x66, 0x66, 
	0x66, 0x76, 0x66, 0x66, 0x66, 0x77, 0x77, 0x77, 0x77, 0x77, 0x77, 0x77, 0x77, 0x77, 0x77, 
	0x77, 0x77, 0x77, 0x77, 0x77, 0x77, 0x77, 0x78, 0x87, 0x88, 0x88, 0x88, 0x88, 0x88, 0x88, 
	0x88, 0x88, 0x88, 0x88, 0x88, 0x88, 0x88, 0x88, 0x88, 0x88, 0x99, 0x88, 0x88, 0x88, 0x88, 
	0x88, 0x88, 0x88, 0x88, 0x88, 0x88, 0x88, 0x88, 0x89, 0x99, 0x88, 0x88, 0x99, 0x98, 0x88, 
	0xCC, 0xCC, 0xCC, 0xCB, 0xBB, 0xBB, 0xBB, 0xBB, 0xBB, 0xBA, 0x99, 0x99, 0x99, 0x9A, 0xAA, 
	0xAA, 0x99, 0xAB, 0xBB, 0xBB, 0xBB, 0xBB, 0xBB, 0xBB, 0xBB, 0xCB, 0xAA, 0xAA, 0xBB, 0xBB, 
	0xBC, 0xCC, 0xBB, 0xBB, 0xCB, 0xBB, 0xCC, 0xCC, 0xCC, 0xCC, 0xCC, 0xEF, 0xFF, 0xFF, 0xFF, 
	0xFF, 0xFF, 0xFF, 0xFF, 0xFF, 0xFF, 0xFF, 0xFF, 0xFF, 0xFF, 0xFF, 0xFF, 0xFF, 0xFF, 0xFF, 
	0xFF, 0xFF, 0xFF, 0xFF, 0xFF, 0xFF, 0xFF, 0xFF, 0xFF, 0xFF, 0xFF, 0xFF, 0xFF, 0xFF, 0xFF, 
	0xFF, 0xEE, 0xEE, 0xDC, 0xBA, 0x98, 0x77, 0x66, 0x76, 0x65, 0x54, 0x43, 0x33, 0x33, 0x32, 
	0x32, 0x22, 0x22, 0x22, 0x22, 0x22, 0x22, 0x33, 0x33, 0x33, 0x34, 0x44, 0x45, 0x56, 0x66, 
	0x66, 0x65, 0x55, 0x54, 0x55, 0x55, 0x44, 0x45, 0x54, 0x44, 0x44, 0x44, 0x55, 0x45, 0x55, 
	0x67, 0x77, 0x77, 0x77, 0x76, 0x43, 0x22, 0x11, 0x11, 0x11, 0x11, 0x11, 0x11, 0x11, 0x11, 
	0x11, 0x11, 0x11, 0x11, 0x12, 0x11, 0x11, 0x11, 0x22, 0x22, 0x34, 0x57, 0x77, 0x77, 0x66, 
	0x66, 0x55, 0x44, 0x44, 0x44, 0x34, 0x33, 0x56, 0x78, 0x99, 0x99, 0x88, 0x88, 0x88, 0x89, 
	0xAA, 0xA9, 0x74, 0x44, 0x43, 0x45, 0x77, 0x88, 0x99, 0x99, 0x99, 0x99, 0x99, 0x88, 0x76, 
	0x54, 0x44, 0x33, 0x33, 0x44, 0x43, 0x34, 0x44, 0x44, 0x56, 0x66, 0x78, 0x89, 0x9A, 0xAA, 
	0xA9, 0x98, 0x76, 0x55, 0x67, 0x88, 0x99, 0xAB, 0xBA, 0xA9, 0x98, 0x64, 0x44, 0x55, 0x56, 
	0x67, 0x66, 0x66, 0x66, 0x77, 0x77, 0x76, 0x65, 0x56, 0x66, 0x56, 0x65, 0x43, 0x33, 0x34, 
	0x45, 0x55, 0x66, 0x66, 0x66, 0x66, 0x55, 0x55, 0x66, 0x55, 0x44, 0x45, 0x55, 0x56, 0x66, 
	0x66, 0x66, 0x66, 0x66, 0x67, 0x77, 0x77, 0x77, 0x77, 0x77, 0x77, 0x77, 0x77, 0x77, 0x77, 
	0x77, 0x77, 0x77, 0x77, 0x77, 0x77, 0x77, 0x77, 0x77, 0x88, 0x88, 0x88, 0x87, 0x88, 0x88, 
	0x88, 0x88, 0x88, 0x88, 0x88, 0x88, 0x88, 0x88, 0x88, 0x88, 0x88, 0x88, 0x88, 0x88, 0x88, 
	0x88, 0x88, 0x88, 0x88, 0x88, 0x88, 0x98, 0x88, 0x89, 0x98, 0x88, 0x88, 0x99, 0x98, 0x88, 
	0xCC, 0xCC, 0xDC, 0xCB, 0xAB, 0xBA, 0xAA, 0xAB, 0xBB, 0xA9, 0x99, 0xA9, 0x99, 0x99, 0xAA, 
	0xAA, 0x99, 0xAB, 0xBB, 0xAA, 0xBB, 0xCC, 0xBB, 0xAA, 0xBB, 0xCC, 0xBA, 0xAB, 0xBB, 0xBB, 
	0xBB, 0xCC, 0xCB, 0xBB, 0xCC, 0xBC, 0xDC, 0xCC, 0xCD, 0xDC, 0xCC, 0xEF, 0xFF, 0xFF, 0xFF, 
	0xFF, 0xFF, 0xFF, 0xFF, 0xFF, 0xFF, 0xFF, 0xFF, 0xFF, 0xFF, 0xFF, 0xFF, 0xFF, 0xFF, 0xFF, 
	0xFF, 0xFF, 0xFF, 0xFF, 0xFF, 0xFF, 0xFF, 0xFF, 0xFF, 0xFF, 0xFF, 0xFF, 0xFF, 0xFF, 0xFF, 
	0xFF, 0xEE, 0xEE, 0xDC, 0xA9, 0x98, 0x77, 0x77, 0x66, 0x65, 0x44, 0x43, 0x33, 0x33, 0x22, 
	0x22, 0x22, 0x22, 0x22, 0x22, 0x22, 0x22, 0x23, 0x33, 0x33, 0x34, 0x45, 0x56, 0x66, 0x66, 
	0x65, 0x55, 0x55, 0x55, 0x55, 0x55, 0x55, 0x54, 0x44, 0x44, 0x44, 0x44, 0x44, 0x44, 0x44, 
	0x56, 0x66, 0x77, 0x88, 0x87, 0x65, 0x43, 0x22, 0x11, 0x11, 0x11, 0x11, 0x11, 0x11, 0x11, 
	0x11, 0x22, 0x22, 0x22, 0x22, 0x22, 0x11, 0x11, 0x22, 0x22, 0x34, 0x56, 0x77, 0x76, 0x66, 
	0x65, 0x55, 0x44, 0x44, 0x43, 0x33, 0x44, 0x46, 0x78, 0x99, 0x99, 0x88, 0x88, 0x88, 0x99, 
	0xAA, 0xAA, 0x85, 0x44, 0x44, 0x46, 0x77, 0x88, 0x99, 0x99, 0x99, 0x99, 0x99, 0x87, 0x65, 
	0x54, 0x43, 0x33, 0x33, 0x44, 0x44, 0x44, 0x44, 0x45, 0x66, 0x66, 0x78, 0x99, 0x99, 0x99, 
	0x99, 0x88, 0x87, 0x65, 0x56, 0x89, 0xAA, 0xAB, 0xBB, 0xB9, 0x98, 0x65, 0x44, 0x55, 0x55, 
	0x66, 0x66, 0x66, 0x66, 0x77, 0x77, 0x77, 0x66, 0x66, 0x66, 0x66, 0x64, 0x33, 0x33, 0x33, 
	0x44, 0x44, 0x55, 0x66, 0x66, 0x66, 0x66, 0x55, 0x56, 0x65, 0x55, 0x45, 0x55, 0x56, 0x66, 
	0x66, 0x66, 0x66, 0x67, 0x77, 0x77, 0x77, 0x77, 0x77, 0x77, 0x77, 0x77, 0x77, 0x77, 0x77, 
	0x77, 0x77, 0x87, 0x77, 0x77, 0x77, 0x77, 0x77, 0x77, 0x78, 0x88, 0x88, 0x88, 0x88, 0x88, 
	0x88, 0x88, 0x88, 0x87, 0x88, 0x88, 0x88, 0x88, 0x88, 0x88, 0x88, 0x88, 0x88, 0x88, 0x88, 
	0x88, 0x88, 0x88, 0x88, 0x99, 0x99, 0x99, 0x88, 0x89, 0x88, 0x88, 0x89, 0x99, 0x88, 0x88, 
	0xCC, 0xCC, 0xCC, 0xBB, 0xAA, 0xAA, 0x9A, 0xAB, 0xBB, 0xAA, 0x9A, 0xAA, 0x9A, 0x99, 0xAA, 
	0xAA, 0xAA, 0xAB, 0xBA, 0xAA, 0xBB, 0xCB, 0xBA, 0xAA, 0xAB, 0xCC, 0xBB, 0xBB, 0xCC, 0xCB, 
	0xAB, 0xBB, 0xBB, 0xBC, 0xCC, 0xCC, 0xCC, 0xBC, 0xCD, 0xDC, 0xBC, 0xEF, 0xFF, 0xFF, 0xFF, 
	0xFF, 0xFF, 0xFF, 0xFF, 0xFF, 0xFF, 0xFF, 0xFF, 0xFF, 0xFF, 0xFF, 0xFF, 0xFF, 0xFF, 0xFF, 
	0xFF, 0xFF, 0xFF, 0xFF, 0xFF, 0xFF, 0xFF, 0xFF, 0xFF, 0xFF, 0xFF, 0xFF, 0xFF, 0xFF, 0xFF, 
	0xFF, 0xFF, 0xEE, 0xDC, 0xAA, 0xA9, 0x98, 0x87, 0x65, 0x55, 0x54, 0x44, 0x33, 0x22, 0x22, 
	0x21, 0x12, 0x22, 0x22, 0x22, 0x22, 0x22, 0x33, 0x33, 0x33, 0x44, 0x55, 0x66, 0x67, 0x77, 
	0x66, 0x66, 0x55, 0x55, 0x55, 0x55, 0x55, 0x54, 0x44, 0x44, 0x33, 0x34, 0x44, 0x44, 0x43, 
	0x45, 0x56, 0x67, 0x78, 0x88, 0x87, 0x76, 0x54, 0x33, 0x32, 0x11, 0x11, 0x22, 0x22, 0x22, 
	0x22, 0x22, 0x33, 0x33, 0x32, 0x22, 0x11, 0x11, 0x11, 0x22, 0x34, 0x66, 0x77, 0x76, 0x65, 
	0x55, 0x55, 0x54, 0x44, 0x43, 0x34, 0x44, 0x44, 0x68, 0x99, 0x99, 0x88, 0x87, 0x78, 0x89, 
	0x99, 0xA9, 0x85, 0x44, 0x55, 0x56, 0x77, 0x88, 0x89, 0x99, 0x99, 0x99, 0xA9, 0x87, 0x65, 
	0x54, 0x44, 0x33, 0x33, 0x34, 0x44, 0x44, 0x44, 0x55, 0x66, 0x66, 0x89, 0x99, 0x98, 0x78, 
	0x88, 0x88, 0x88, 0x76, 0x66, 0x8A, 0xBB, 0xBB, 0xBB, 0xA9, 0x98, 0x87, 0x65, 0x45, 0x55, 
	0x56, 0x66, 0x66, 0x66, 0x77, 0x66, 0x77, 0x77, 0x77, 0x76, 0x66, 0x54, 0x22, 0x33, 0x33, 
	0x34, 0x44, 0x55, 0x66, 0x66, 0x77, 0x66, 0x55, 0x55, 0x66, 0x65, 0x55, 0x55, 0x56, 0x66, 
	0x66, 0x67, 0x66, 0x66, 0x77, 0x77, 0x77, 0x77, 0x77, 0x77, 0x77, 0x77, 0x77, 0x77, 0x77, 
	0x77, 0x77, 0x77, 0x77, 0x78, 0x87, 0x77, 0x77, 0x77, 0x78, 0x88, 0x87, 0x88, 0x88, 0x88, 
	0x88, 0x88, 0x88, 0x87, 0x78, 0x88, 0x88, 0x88, 0x88, 0x88, 0x88, 0x88, 0x88, 0x88, 0x88, 
	0x88, 0x88, 0x88, 0x88, 0x88, 0x99, 0x98, 0x88, 0x88, 0x88, 0x88, 0x88, 0x88, 0x88, 0x88, 
	0xCC, 0xCC, 0xCC, 0xBB, 0xAA, 0x9A, 0xAB, 0xBB, 0xBB, 0xAA, 0xAA, 0xBA, 0x9A, 0x99, 0x9A, 
	0xAB, 0xBA, 0x99, 0xAA, 0x99, 0xAB, 0xBA, 0xAA, 0xBB, 0xAA, 0xBB, 0xBB, 0xBB, 0xBB, 0xBB, 
	0xBB, 0xBB, 0xCC, 0xCC, 0xCC, 0xCC, 0xCB, 0xBB, 0xCC, 0xCC, 0xBC, 0xDF, 0xFF, 0xFF, 0xFF, 
	0xFF, 0xFF, 0xFF, 0xFF, 0xFF, 0xFF, 0xFF, 0xFF, 0xFF, 0xFF, 0xFF, 0xFF, 0xFF, 0xFF, 0xFF, 
	0xFF, 0xFF, 0xFF, 0xFF, 0xFF, 0xFF, 0xFF, 0xFF, 0xFF, 0xFF, 0xFF, 0xFF, 0xFF, 0xFF, 0xFF, 
	0xFF, 0xFF, 0xEE, 0xDC, 0xBB, 0xCC, 0xBA, 0x98, 0x65, 0x55, 0x54, 0x44, 0x32, 0x22, 0x22, 
	0x22, 0x22, 0x22, 0x22, 0x22, 0x23, 0x33, 0x34, 0x44, 0x44, 0x44, 0x45, 0x56, 0x77, 0x77, 
	0x76, 0x66, 0x65, 0x55, 0x55, 0x55, 0x44, 0x54, 0x44, 0x44, 0x33, 0x44, 0x44, 0x44, 0x33, 
	0x34, 0x55, 0x56, 0x67, 0x88, 0x98, 0x88, 0x76, 0x64, 0x44, 0x32, 0x23, 0x33, 0x33, 0x33, 
	0x34, 0x33, 0x44, 0x44, 0x43, 0x32, 0x11, 0x12, 0x21, 0x12, 0x45, 0x66, 0x77, 0x76, 0x65, 
	0x55, 0x55, 0x44, 0x44, 0x44, 0x44, 0x44, 0x44, 0x67, 0x99, 0x99, 0x98, 0x87, 0x78, 0x89, 
	0x99, 0x99, 0x75, 0x44, 0x56, 0x67, 0x77, 0x89, 0x99, 0x99, 0x99, 0xA9, 0x99, 0x86, 0x54, 
	0x44, 0x44, 0x33, 0x44, 0x44, 0x44, 0x44, 0x44, 0x55, 0x56, 0x67, 0x89, 0x99, 0x98, 0x77, 
	0x77, 0x88, 0x77, 0x66, 0x67, 0x8A, 0xBB, 0xBB, 0xBB, 0xA9, 0x99, 0x98, 0x65, 0x45, 0x55, 
	0x55, 0x66, 0x66, 0x66, 0x66, 0x66, 0x67, 0x77, 0x77, 0x77, 0x66, 0x53, 0x23, 0x33, 0x33, 
	0x33, 0x34, 0x55, 0x56, 0x66, 0x76, 0x65, 0x54, 0x44, 0x56, 0x66, 0x55, 0x55, 0x55, 0x66, 
	0x66, 0x66, 0x66, 0x66, 0x66, 0x66, 0x66, 0x66, 0x77, 0x77, 0x77, 0x77, 0x77, 0x77, 0x77, 
	0x77, 0x77, 0x77, 0x77, 0x77, 0x77, 0x77, 0x77, 0x77, 0x78, 0x88, 0x87, 0x78, 0x88, 0x88, 
	0x88, 0x88, 0x88, 0x88, 0x88, 0x88, 0x88, 0x88, 0x88, 0x88, 0x88, 0x88, 0x88, 0x88, 0x88, 
	0x88, 0x88, 0x88, 0x88, 0x88, 0x88, 0x88, 0x88, 0x88, 0x88, 0x88, 0x88, 0x88, 0x88, 0x89, 
	0xCC, 0xCC, 0xCC, 0xBB, 0xBA, 0xAA, 0xBB, 0xBB, 0xBB, 0xAA, 0xAA, 0xBB, 0xAA, 0xA9, 0xAA, 
	0xBB, 0xBA, 0xA9, 0x98, 0x99, 0xAA, 0x99, 0xAB, 0xCC, 0xBA, 0xAA, 0xBB, 0xBB, 0xBA, 0xAB, 
	0xBB, 0xCC, 0xDC, 0xCC, 0xCC, 0xCB, 0xBB, 0xBB, 0xCC, 0xCB, 0xBC, 0xEF, 0xFF, 0xFF, 0xFF, 
	0xFF, 0xFF, 0xFF, 0xFF, 0xFF, 0xFF, 0xFF, 0xFF, 0xFF, 0xFF, 0xFF, 0xFF, 0xFF, 0xFF, 0xFF, 
	0xFF, 0xFF, 0xFF, 0xFF, 0xFF, 0xFF, 0xFF, 0xFF, 0xFF, 0xFF, 0xFF, 0xFF, 0xFF, 0xFF, 0xFF, 
	0xFF, 0xFF, 0xFE, 0xED, 0xDD, 0xED, 0xBA, 0x87, 0x65, 0x65, 0x44, 0x44, 0x33, 0x22, 0x23, 
	0x22, 0x22, 0x22, 0x22, 0x22, 0x23, 0x44, 0x44, 0x44, 0x44, 0x44, 0x45, 0x56, 0x67, 0x77, 
	0x77, 0x77, 0x66, 0x55, 0x55, 0x44, 0x44, 0x44, 0x44, 0x44, 0x44, 0x44, 0x44, 0x43, 0x33, 
	0x34, 0x44, 0x44, 0x56, 0x78, 0x88, 0x88, 0x87, 0x76, 0x55, 0x43, 0x44, 0x43, 0x34, 0x45, 
	0x55, 0x54, 0x45, 0x45, 0x44, 0x32, 0x11, 0x22, 0x22, 0x22, 0x45, 0x66, 0x77, 0x76, 0x55, 
	0x55, 0x44, 0x44, 0x44, 0x44, 0x44, 0x44, 0x44, 0x67, 0x88, 0x88, 0x88, 0x88, 0x88, 0x88, 
	0x88, 0x87, 0x65, 0x44, 0x55, 0x67, 0x77, 0x89, 0x9A, 0xA9, 0x9A, 0xA9, 0x88, 0x65, 0x44, 
	0x44, 0x44, 0x33, 0x45, 0x45, 0x44, 0x44, 0x44, 0x44, 0x45, 0x67, 0x89, 0x99, 0x98, 0x76, 
	0x67, 0x87, 0x76, 0x66, 0x67, 0x8A, 0xBC, 0xCB, 0xBB, 0xAA, 0xAA, 0x96, 0x55, 0x55, 0x55, 
	0x55, 0x56, 0x66, 0x66, 0x66, 0x66, 0x67, 0x77, 0x77, 0x77, 0x66, 0x54, 0x33, 0x33, 0x32, 
	0x22, 0x33, 0x44, 0x45, 0x56, 0x66, 0x55, 0x54, 0x44, 0x55, 0x66, 0x55, 0x55, 0x55, 0x55, 
	0x56, 0x66, 0x66, 0x66, 0x66, 0x66, 0x66, 0x66, 0x77, 0x77, 0x77, 0x77, 0x77, 0x77, 0x77, 
	0x77, 0x77, 0x77, 0x77, 0x77, 0x77, 0x77, 0x77, 0x88, 0x88, 0x88, 0x87, 0x77, 0x88, 0x88, 
	0x88, 0x88, 0x88, 0x88, 0x88, 0x88, 0x88, 0x88, 0x88, 0x88, 0x88, 0x88, 0x88, 0x88, 0x88, 
	0x89, 0x88, 0x88, 0x88, 0x88, 0x88, 0x89, 0x88, 0x88, 0x88, 0x89, 0x88, 0x88, 0x88, 0x99, 
	0xCC, 0xCC, 0xCC, 0xCC, 0xBB, 0xAA, 0xBB, 0xBA, 0xAB, 0xBA, 0xBB, 0xBB, 0xBA, 0xAA, 0xAB, 
	0xBB, 0xBA, 0xA9, 0x88, 0x89, 0xA9, 0x9A, 0xBC, 0xCC, 0xBA, 0xBB, 0xBB, 0xBB, 0xBA, 0xAA, 
	0xBB, 0xCC, 0xCC, 0xBB, 0xBB, 0xBB, 0xBB, 0xBB, 0xBB, 0xBB, 0xCC, 0xDF, 0xFF, 0xFF, 0xFF, 
	0xFF, 0xFF, 0xFF, 0xFF, 0xFF, 0xFF, 0xFF, 0xFF, 0xFF, 0xFF, 0xFF, 0xFF, 0xFF, 0xFF, 0xFF, 
	0xFF, 0xFF, 0xFF, 0xFF, 0xFF, 0xFF, 0xFF, 0xFF, 0xFF, 0xFF, 0xFF, 0xFF, 0xFF, 0xFF, 0xFF, 
	0xFF, 0xFF, 0xFF, 0xED, 0xDC, 0xDC, 0xB9, 0x87, 0x66, 0x65, 0x44, 0x44, 0x33, 0x32, 0x23, 
	0x32, 0x22, 0x22, 0x22, 0x33, 0x34, 0x44, 0x44, 0x44, 0x44, 0x44, 0x55, 0x66, 0x66, 0x67, 
	0x77, 0x77, 0x66, 0x55, 0x55, 0x44, 0x44, 0x44, 0x44, 0x44, 0x44, 0x44, 0x44, 0x43, 0x33, 
	0x44, 0x43, 0x33, 0x45, 0x67, 0x77, 0x88, 0x88, 0x77, 0x66, 0x65, 0x56, 0x55, 0x55, 0x66, 
	0x67, 0x65, 0x55, 0x55, 0x54, 0x32, 0x12, 0x22, 0x22, 0x22, 0x45, 0x56, 0x66, 0x65, 0x55, 
	0x54, 0x44, 0x44, 0x44, 0x44, 0x44, 0x44, 0x44, 0x67, 0x77, 0x88, 0x88, 0x88, 0x88, 0x88, 
	0x88, 0x77, 0x65, 0x44, 0x44, 0x56, 0x67, 0x89, 0x9A, 0xA9, 0x99, 0x98, 0x76, 0x55, 0x44, 
	0x44, 0x44, 0x33, 0x45, 0x45, 0x44, 0x34, 0x44, 0x44, 0x45, 0x68, 0x9A, 0xA9, 0x87, 0x66, 
	0x67, 0x87, 0x77, 0x66, 0x67, 0x8A, 0xBC, 0xCB, 0xBB, 0xBB, 0xAA, 0x85, 0x44, 0x45, 0x55, 
	0x55, 0x66, 0x66, 0x66, 0x76, 0x67, 0x77, 0x77, 0x77, 0x77, 0x77, 0x66, 0x55, 0x44, 0x33, 
	0x22, 0x23, 0x33, 0x34, 0x55, 0x55, 0x55, 0x55, 0x55, 0x55, 0x55, 0x55, 0x55, 0x55, 0x55, 
	0x56, 0x66, 0x66, 0x66, 0x66, 0x66, 0x66, 0x66, 0x77, 0x77, 0x77, 0x77, 0x77, 0x77, 0x77, 
	0x77, 0x77, 0x77, 0x77, 0x77, 0x77, 0x77, 0x77, 0x88, 0x88, 0x88, 0x87, 0x77, 0x88, 0x88, 
	0x88, 0x88, 0x88, 0x88, 0x88, 0x88, 0x88, 0x88, 0x88, 0x88, 0x88, 0x88, 0x88, 0x88, 0x88, 
	0x88, 0x88, 0x88, 0x88, 0x99, 0x88, 0x89, 0x88, 0x88, 0x88, 0x88, 0x88, 0x88, 0x89, 0x99, 
	0xCB, 0xBC, 0xCC, 0xBC, 0xBB, 0xAA, 0xAA, 0xAA, 0xAA, 0xBB, 0xBB, 0xBB, 0xBB, 0xBA, 0xBB, 
	0xAA, 0xA9, 0x99, 0x99, 0x9A, 0xAA, 0x9A, 0xBC, 0xCB, 0xBB, 0xBB, 0xBB, 0xBB, 0xBA, 0xAA, 
	0xBC, 0xBB, 0xBB, 0xBB, 0xBB, 0xBB, 0xBB, 0xBB, 0xBB, 0xBB, 0xCC, 0xDE, 0xFF, 0xFF, 0xFF, 
	0xFF, 0xFF, 0xFF, 0xFF, 0xFF, 0xFF, 0xFF, 0xFF, 0xFF, 0xFF, 0xFF, 0xFF, 0xFF, 0xFF, 0xFF, 
	0xFF, 0xFF, 0xFF, 0xFF, 0xFF, 0xFF, 0xFF, 0xFF, 0xFF, 0xFF, 0xFF, 0xFF, 0xFF, 0xFF, 0xFF, 
	0xFF, 0xFF, 0xFF, 0xED, 0xCB, 0xBB, 0xA9, 0x87, 0x77, 0x76, 0x54, 0x44, 0x33, 0x32, 0x23, 
	0x33, 0x33, 0x33, 0x23, 0x33, 0x44, 0x54, 0x44, 0x44, 0x45, 0x45, 0x55, 0x66, 0x66, 0x67, 
	0x77, 0x77, 0x65, 0x55, 0x55, 0x44, 0x44, 0x33, 0x44, 0x45, 0x44, 0x44, 0x44, 0x43, 0x34, 
	0x44, 0x33, 0x33, 0x45, 0x55, 0x66, 0x77, 0x88, 0x88, 0x77, 0x77, 0x77, 0x66, 0x66, 0x77, 
	0x77, 0x65, 0x55, 0x55, 0x54, 0x32, 0x22, 0x33, 0x22, 0x22, 0x34, 0x55, 0x55, 0x55, 0x45, 
	0x54, 0x45, 0x44, 0x44, 0x44, 0x44, 0x44, 0x44, 0x67, 0x78, 0x88, 0x89, 0x98, 0x88, 0x88, 
	0x88, 0x77, 0x66, 0x54, 0x33, 0x45, 0x67, 0x89, 0x99, 0x99, 0x88, 0x86, 0x55, 0x44, 0x55, 
	0x54, 0x43, 0x34, 0x45, 0x44, 0x44, 0x43, 0x33, 0x34, 0x45, 0x69, 0xAB, 0xA9, 0x77, 0x66, 
	0x67, 0x77, 0x76, 0x66, 0x67, 0x9A, 0xCC, 0xCC, 0xBB, 0xBB, 0xBA, 0x85, 0x34, 0x44, 0x45, 
	0x56, 0x66, 0x67, 0x77, 0x76, 0x67, 0x66, 0x66, 0x66, 0x77, 0x77, 0x77, 0x66, 0x55, 0x43, 
	0x32, 0x22, 0x33, 0x34, 0x55, 0x55, 0x56, 0x65, 0x55, 0x55, 0x55, 0x56, 0x55, 0x45, 0x55, 
	0x56, 0x66, 0x66, 0x66, 0x66, 0x66, 0x67, 0x77, 0x77, 0x77, 0x77, 0x77, 0x77, 0x77, 0x77, 
	0x77, 0x77, 0x77, 0x77, 0x77, 0x77, 0x77, 0x77, 0x78, 0x87, 0x78, 0x88, 0x88, 0x88, 0x88, 
	0x88, 0x88, 0x88, 0x88, 0x88, 0x88, 0x88, 0x88, 0x88, 0x88, 0x88, 0x88, 0x88, 0x88, 0x88, 
	0x88, 0x88, 0x88, 0x88, 0x99, 0x88, 0x89, 0x99, 0x88, 0x88, 0x88, 0x88, 0x89, 0x99, 0x88, 
	0xCC, 0xCB, 0xBB, 0xBA, 0xBB, 0xBA, 0xAA, 0xBB, 0xBB, 0xBB, 0xBB, 0xBB, 0xBB, 0xBB, 0xBA, 
	0xA9, 0x99, 0x88, 0xAB, 0xBB, 0xBB, 0xAA, 0xAC, 0xCB, 0xBA, 0xBB, 0xBA, 0xBC, 0xCB, 0xBB, 
	0xBB, 0xBB, 0xAA, 0xAB, 0xBB, 0xBB, 0xBB, 0xBB, 0xBB, 0xBC, 0xCC, 0xCE, 0xFF, 0xFF, 0xFF, 
	0xFF, 0xFF, 0xFF, 0xFF, 0xFF, 0xFF, 0xFF, 0xFF, 0xFF, 0xFF, 0xFF, 0xFF, 0xFF, 0xFF, 0xFF, 
	0xFF, 0xFF, 0xFF, 0xFF, 0xFF, 0xFF, 0xFF, 0xFF, 0xFF, 0xFF, 0xFF, 0xFF, 0xFF, 0xFF, 0xFF, 
	0xFF, 0xFF, 0xFF, 0xDC, 0xCB, 0xBA, 0xA9, 0x98, 0x87, 0x76, 0x55, 0x44, 0x33, 0x22, 0x22, 
	0x23, 0x33, 0x33, 0x33, 0x45, 0x44, 0x55, 0x54, 0x44, 0x55, 0x56, 0x66, 0x66, 0x66, 0x67, 
	0x77, 0x77, 0x66, 0x54, 0x44, 0x54, 0x43, 0x33, 0x34, 0x44, 0x43, 0x33, 0x34, 0x44, 0x34, 
	0x43, 0x32, 0x34, 0x44, 0x45, 0x55, 0x67, 0x77, 0x78, 0x88, 0x88, 0x88, 0x88, 0x77, 0x77, 
	0x77, 0x66, 0x66, 0x55, 0x44, 0x32, 0x23, 0x34, 0x32, 0x22, 0x34, 0x55, 0x44, 0x44, 0x44, 
	0x44, 0x44, 0x44, 0x44, 0x44, 0x44, 0x45, 0x55, 0x67, 0x88, 0x89, 0x99, 0x99, 0x88, 0x87, 
	0x77, 0x77, 0x76, 0x54, 0x33, 0x34, 0x56, 0x89, 0x99, 0x98, 0x87, 0x65, 0x44, 0x44, 0x45, 
	0x54, 0x33, 0x34, 0x44, 0x44, 0x54, 0x44, 0x44, 0x45, 0x56, 0x89, 0xAA, 0xA9, 0x87, 0x76, 
	0x77, 0x77, 0x76, 0x55, 0x57, 0x8A, 0xCC, 0xCC, 0xCB, 0xBB, 0xBA, 0x85, 0x33, 0x44, 0x44, 
	0x56, 0x66, 0x66, 0x76, 0x66, 0x66, 0x66, 0x66, 0x67, 0x77, 0x76, 0x77, 0x77, 0x76, 0x54, 
	0x32, 0x22, 0x22, 0x34, 0x55, 0x55, 0x56, 0x66, 0x55, 0x55, 0x45, 0x66, 0x65, 0x55, 0x55, 
	0x56, 0x66, 0x66, 0x66, 0x66, 0x66, 0x66, 0x77, 0x77, 0x66, 0x66, 0x66, 0x77, 0x77, 0x77, 
	0x77, 0x77, 0x77, 0x77, 0x77, 0x77, 0x77, 0x77, 0x77, 0x77, 0x77, 0x88, 0x88, 0x88, 0x88, 
	0x88, 0x88, 0x78, 0x88, 0x88, 0x88, 0x88, 0x88, 0x88, 0x88, 0x88, 0x88, 0x88, 0x88, 0x88, 
	0x89, 0x88, 0x98, 0x88, 0x88, 0x88, 0x88, 0x88, 0x88, 0x88, 0x88, 0x88, 0x99, 0x99, 0x88, 
	0xCC, 0xBB, 0xBB, 0xA9, 0xAB, 0xBA, 0xAA, 0xBB, 0xBB, 0xBB, 0xBB, 0xBB, 0xBB, 0xBA, 0xBA, 
	0xAA, 0xAA, 0x99, 0xBC, 0xCC, 0xCC, 0xBB, 0xAB, 0xBB, 0xAA, 0xAA, 0xAA, 0xAA, 0xBB, 0xBB, 
	0xBB, 0xBA, 0xAA, 0xBC, 0xCC, 0xBB, 0xBB, 0xBB, 0xBB, 0xCC, 0xCB, 0xCD, 0xFF, 0xFF, 0xFF, 
	0xFF, 0xFF, 0xFF, 0xFF, 0xFF, 0xFF, 0xFF, 0xFF, 0xFF, 0xFF, 0xFF, 0xFF, 0xFF, 0xFF, 0xFF, 
	0xFF, 0xFF, 0xFF, 0xFF, 0xFF, 0xFF, 0xFF, 0xFF, 0xFF, 0xFF, 0xFF, 0xFF, 0xFF, 0xFF, 0xFF, 
	0xFF, 0xFF, 0xFF, 0xCB, 0xBC, 0xBA, 0x99, 0x99, 0x87, 0x76, 0x55, 0x44, 0x33, 0x32, 0x22, 
	0x23, 0x34, 0x43, 0x34, 0x55, 0x44, 0x54, 0x54, 0x44, 0x55, 0x56, 0x67, 0x77, 0x77, 0x77, 
	0x87, 0x77, 0x66, 0x55, 0x44, 0x44, 0x44, 0x44, 0x33, 0x34, 0x44, 0x33, 0x33, 0x33, 0x34, 
	0x43, 0x33, 0x33, 0x44, 0x45, 0x55, 0x66, 0x66, 0x78, 0x88, 0x88, 0x88, 0x99, 0x88, 0x88, 
	0x77, 0x66, 0x66, 0x55, 0x54, 0x33, 0x33, 0x33, 0x32, 0x22, 0x34, 0x55, 0x44, 0x44, 0x44, 
	0x44, 0x44, 0x44, 0x44, 0x44, 0x44, 0x55, 0x56, 0x67, 0x88, 0x9A, 0x99, 0x99, 0x88, 0x88, 
	0x77, 0x77, 0x76, 0x54, 0x33, 0x34, 0x56, 0x78, 0x99, 0x98, 0x76, 0x65, 0x44, 0x44, 0x44, 
	0x44, 0x33, 0x44, 0x44, 0x44, 0x54, 0x44, 0x55, 0x66, 0x67, 0x89, 0x99, 0x99, 0x88, 0x77, 
	0x66, 0x76, 0x66, 0x54, 0x57, 0x8A, 0xBC, 0xCC, 0xCC, 0xBB, 0xAA, 0x96, 0x43, 0x44, 0x44, 
	0x45, 0x55, 0x66, 0x66, 0x66, 0x66, 0x66, 0x66, 0x67, 0x77, 0x66, 0x67, 0x77, 0x76, 0x66, 
	0x54, 0x32, 0x23, 0x34, 0x55, 0x55, 0x66, 0x65, 0x55, 0x55, 0x55, 0x56, 0x65, 0x55, 0x45, 
	0x56, 0x66, 0x66, 0x66, 0x66, 0x66, 0x67, 0x77, 0x66, 0x66, 0x66, 0x66, 0x77, 0x77, 0x77, 
	0x77, 0x77, 0x77, 0x77, 0x77, 0x77, 0x77, 0x77, 0x77, 0x77, 0x77, 0x88, 0x88, 0x88, 0x88, 
	0x88, 0x88, 0x78, 0x88, 0x88, 0x88, 0x88, 0x88, 0x88, 0x88, 0x88, 0x88, 0x88, 0x88, 0x88, 
	0x89, 0x88, 0x88, 0x88, 0x89, 0x98, 0x88, 0x99, 0x98, 0x88, 0x88, 0x88, 0x99, 0x88, 0x88, 
	0xCB, 0xBB, 0xBB, 0xA9, 0xAB, 0xBA, 0x99, 0xAB, 0xBB, 0xBB, 0xBB, 0xBB, 0xBB, 0xAA, 0xBB, 
	0xBB, 0xCC, 0xCC, 0xCD, 0xCC, 0xBB, 0xCB, 0xBB, 0xBA, 0x99, 0xAA, 0xAA, 0xAA, 0xAB, 0xBB, 
	0xBB, 0xBB, 0xAA, 0xBC, 0xCC, 0xBB, 0xBB, 0xBB, 0xAA, 0xBC, 0xCB, 0xBD, 0xEF, 0xFF, 0xFF, 
	0xFF, 0xFF, 0xFF, 0xFF, 0xFF, 0xFF, 0xFF, 0xFF, 0xFF, 0xFF, 0xFF, 0xFF, 0xFF, 0xFF, 0xFF, 
	0xFF, 0xFF, 0xFF, 0xFF, 0xFF, 0xFF, 0xFF, 0xFF, 0xFF, 0xFF, 0xFF, 0xFF, 0xFF, 0xFF, 0xFF, 
	0xFF, 0xFF, 0xFE, 0xBA, 0xBC, 0xCB, 0xA9, 0x99, 0x87, 0x76, 0x54, 0x44, 0x44, 0x43, 0x33, 
	0x23, 0x34, 0x44, 0x44, 0x55, 0x44, 0x44, 0x44, 0x34, 0x56, 0x66, 0x67, 0x77, 0x77, 0x78, 
	0x88, 0x77, 0x76, 0x66, 0x55, 0x44, 0x45, 0x55, 0x44, 0x44, 0x44, 0x44, 0x33, 0x33, 0x33, 
	0x33, 0x34, 0x43, 0x33, 0x45, 0x55, 0x55, 0x55, 0x67, 0x78, 0x88, 0x88, 0x99, 0x98, 0x88, 
	0x77, 0x66, 0x66, 0x55, 0x44, 0x33, 0x33, 0x33, 0x22, 0x22, 0x33, 0x45, 0x54, 0x44, 0x44, 
	0x44, 0x44, 0x44, 0x44, 0x44, 0x45, 0x55, 0x66, 0x67, 0x89, 0x99, 0x99, 0x99, 0x98, 0x88, 
	0x87, 0x78, 0x76, 0x54, 0x33, 0x34, 0x45, 0x67, 0x99, 0x88, 0x76, 0x55, 0x44, 0x44, 0x44, 
	0x33, 0x34, 0x44, 0x44, 0x45, 0x55, 0x55, 0x56, 0x77, 0x78, 0x9A, 0x99, 0x98, 0x87, 0x77, 
	0x77, 0x66, 0x65, 0x54, 0x57, 0x8A, 0xBC, 0xCC, 0xCC, 0xBA, 0x99, 0x97, 0x54, 0x54, 0x44, 
	0x45, 0x56, 0x66, 0x66, 0x66, 0x66, 0x66, 0x66, 0x67, 0x77, 0x66, 0x66, 0x67, 0x76, 0x77, 
	0x76, 0x44, 0x33, 0x34, 0x55, 0x55, 0x56, 0x55, 0x55, 0x55, 0x55, 0x56, 0x66, 0x55, 0x45, 
	0x55, 0x66, 0x66, 0x66, 0x66, 0x66, 0x66, 0x66, 0x66, 0x66, 0x66, 0x66, 0x77, 0x77, 0x77, 
	0x77, 0x77, 0x77, 0x77, 0x77, 0x77, 0x77, 0x77, 0x77, 0x87, 0x77, 0x88, 0x88, 0x88, 0x88, 
	0x88, 0x88, 0x78, 0x88, 0x88, 0x88, 0x88, 0x88, 0x88, 0x88, 0x88, 0x88, 0x88, 0x88, 0x88, 
	0x88, 0x88, 0x88, 0x88, 0x99, 0x99, 0x89, 0x99, 0x99, 0x98, 0x88, 0x88, 0x98, 0x88, 0x88, 
	0xCB, 0xBB, 0xBB, 0xBA, 0xAB, 0xBA, 0x88, 0x89, 0xAB, 0xCC, 0xBB, 0xBA, 0xAA, 0xAA, 0xBB, 
	0xBB, 0xCD, 0xED, 0xDC, 0xCB, 0xBC, 0xCC, 0xCB, 0xBB, 0xAA, 0xBB, 0xBB, 0xAA, 0xAB, 0xBB, 
	0xBA, 0xBB, 0xAB, 0xBB, 0xBB, 0xAA, 0xAB, 0xBA, 0xAA, 0xBB, 0xBB, 0xBD, 0xFF, 0xFF, 0xFF, 
	0xFF, 0xFF, 0xFF, 0xFF, 0xFF, 0xFF, 0xFF, 0xFF, 0xFF, 0xFF, 0xFF, 0xFF, 0xFF, 0xFF, 0xFF, 
	0xFF, 0xFF, 0xFF, 0xFF, 0xFF, 0xFF, 0xFF, 0xFF, 0xFF, 0xFF, 0xFF, 0xFF, 0xFF, 0xFF, 0xFF, 
	0xFF, 0xFF, 0xFD, 0x99, 0xBC, 0xCC, 0xBA, 0xA9, 0x88, 0x76, 0x55, 0x44, 0x44, 0x44, 0x44, 
	0x33, 0x44, 0x44, 0x55, 0x54, 0x44, 0x44, 0x33, 0x44, 0x56, 0x66, 0x66, 0x77, 0x77, 0x78, 
	0x88, 0x87, 0x77, 0x76, 0x66, 0x55, 0x56, 0x66, 0x55, 0x55, 0x44, 0x44, 0x44, 0x44, 0x33, 
	0x33, 0x44, 0x43, 0x32, 0x34, 0x44, 0x45, 0x55, 0x56, 0x67, 0x88, 0x89, 0x88, 0x89, 0x98, 
	0x77, 0x66, 0x66, 0x55, 0x44, 0x33, 0x33, 0x32, 0x22, 0x23, 0x33, 0x44, 0x44, 0x44, 0x44, 
	0x44, 0x44, 0x44, 0x45, 0x54, 0x45, 0x56, 0x66, 0x67, 0x89, 0x99, 0x99, 0xA9, 0x99, 0x99, 
	0x88, 0x78, 0x77, 0x54, 0x33, 0x34, 0x45, 0x57, 0x88, 0x87, 0x66, 0x54, 0x43, 0x44, 0x43, 
	0x33, 0x34, 0x43, 0x34, 0x45, 0x55, 0x55, 0x66, 0x78, 0x89, 0xAA, 0xA9, 0x98, 0x76, 0x67, 
	0x77, 0x76, 0x55, 0x44, 0x57, 0x9A, 0xBC, 0xCC, 0xCB, 0xBA, 0x99, 0x99, 0x76, 0x54, 0x44, 
	0x55, 0x56, 0x66, 0x66, 0x66, 0x66, 0x66, 0x66, 0x67, 0x77, 0x76, 0x66, 0x67, 0x76, 0x77, 
	0x77, 0x66, 0x54, 0x44, 0x44, 0x55, 0x56, 0x65, 0x55, 0x56, 0x55, 0x56, 0x66, 0x65, 0x55, 
	0x56, 0x66, 0x66, 0x66, 0x66, 0x66, 0x66, 0x66, 0x66, 0x66, 0x66, 0x66, 0x77, 0x77, 0x77, 
	0x77, 0x77, 0x77, 0x77, 0x77, 0x77, 0x77, 0x77, 0x78, 0x87, 0x77, 0x88, 0x88, 0x77, 0x78, 
	0x88, 0x88, 0x88, 0x88, 0x88, 0x88, 0x88, 0x88, 0x88, 0x88, 0x88, 0x88, 0x88, 0x88, 0x88, 
	0x88, 0x88, 0x88, 0x88, 0x99, 0x99, 0x98, 0x89, 0x99, 0x99, 0x99, 0x89, 0x99, 0x99, 0x99, 
	0xBC, 0xBB, 0xBB, 0xBB, 0xAA, 0xAA, 0x97, 0x78, 0xAA, 0xBB, 0xBA, 0xA9, 0x99, 0x99, 0xAA, 
	0xBA, 0xBC, 0xDD, 0xCB, 0xBB, 0xCC, 0xDD, 0xCC, 0xCC, 0xCB, 0xBC, 0xBB, 0xBB, 0xAB, 0xBC, 
	0xCA, 0xAA, 0xAA, 0xBB, 0xBA, 0xA9, 0x9A, 0xBA, 0xAA, 0xAB, 0xBA, 0xBD, 0xFF, 0xFE, 0xFF, 
	0xFF, 0xFF, 0xFF, 0xFF, 0xFF, 0xFF, 0xFF, 0xFF, 0xFF, 0xFF, 0xFF, 0xFF, 0xFF, 0xFF, 0xFF, 
	0xFF, 0xFF, 0xFF, 0xFF, 0xFF, 0xFF, 0xFF, 0xFF, 0xFF, 0xFF, 0xFF, 0xFF, 0xFF, 0xFF, 0xFF, 
	0xFF, 0xFF, 0xDB, 0x99, 0xBD, 0xDD, 0xCB, 0xA9, 0x98, 0x76, 0x55, 0x44, 0x44, 0x44, 0x44, 
	0x43, 0x44, 0x45, 0x55, 0x54, 0x44, 0x44, 0x43, 0x44, 0x55, 0x66, 0x66, 0x77, 0x77, 0x78, 
	0x88, 0x77, 0x78, 0x77, 0x76, 0x66, 0x66, 0x66, 0x66, 0x65, 0x54, 0x44, 0x44, 0x44, 0x33, 
	0x34, 0x44, 0x43, 0x32, 0x34, 0x43, 0x34, 0x54, 0x45, 0x55, 0x68, 0x88, 0x88, 0x89, 0x88, 
	0x87, 0x77, 0x66, 0x55, 0x44, 0x33, 0x33, 0x22, 0x22, 0x23, 0x32, 0x34, 0x44, 0x44, 0x44, 
	0x44, 0x44, 0x44, 0x45, 0x55, 0x45, 0x66, 0x66, 0x67, 0x9A, 0x99, 0x9A, 0xA9, 0x99, 0x98, 
	0x88, 0x88, 0x77, 0x54, 0x33, 0x34, 0x45, 0x66, 0x77, 0x77, 0x66, 0x54, 0x43, 0x44, 0x43, 
	0x33, 0x44, 0x33, 0x34, 0x45, 0x55, 0x55, 0x66, 0x78, 0x9A, 0xAA, 0xA9, 0x97, 0x66, 0x66, 
	0x77, 0x66, 0x65, 0x45, 0x67, 0xAB, 0xCC, 0xCC, 0xCC, 0xBB, 0xAA, 0xAA, 0x87, 0x54, 0x44, 
	0x55, 0x55, 0x66, 0x66, 0x66, 0x66, 0x66, 0x66, 0x67, 0x76, 0x67, 0x77, 0x77, 0x76, 0x67, 
	0x77, 0x77, 0x76, 0x54, 0x33, 0x45, 0x56, 0x66, 0x65, 0x66, 0x65, 0x55, 0x56, 0x66, 0x55, 
	0x55, 0x55, 0x66, 0x66, 0x66, 0x66, 0x66, 0x66, 0x66, 0x66, 0x66, 0x67, 0x77, 0x77, 0x77, 
	0x77, 0x77, 0x77, 0x77, 0x77, 0x77, 0x77, 0x77, 0x77, 0x77, 0x77, 0x88, 0x88, 0x77, 0x77, 
	0x88, 0x88, 0x88, 0x88, 0x88, 0x88, 0x88, 0x88, 0x88, 0x88, 0x88, 0x88, 0x88, 0x88, 0x88, 
	0x88, 0x88, 0x88, 0x88, 0x88, 0x89, 0x98, 0x89, 0x99, 0x99, 0x99, 0x89, 0x99, 0x99, 0x99, 
	0xBB, 0xBA, 0xBB, 0xBB, 0xAA, 0xAA, 0x98, 0x78, 0x99, 0x99, 0x99, 0x88, 0x88, 0x88, 0x89, 
	0x9A, 0x99, 0xAB, 0xBB, 0xBC, 0xCC, 0xCC, 0xCB, 0xBC, 0xDB, 0xBC, 0xBB, 0xBB, 0xBB, 0xBC, 
	0xCA, 0xAA, 0xAA, 0xAA, 0xAA, 0xA9, 0x9A, 0xAA, 0xAA, 0xAA, 0xAA, 0xBD, 0xFF, 0xFF, 0xFF, 
	0xFF, 0xFF, 0xFF, 0xFF, 0xFF, 0xFF, 0xFF, 0xFF, 0xFF, 0xFF, 0xFF, 0xFF, 0xFF, 0xFF, 0xFF, 
	0xFF, 0xFF, 0xFF, 0xFF, 0xFF, 0xFF, 0xFF, 0xFF, 0xFF, 0xFF, 0xFF, 0xFF, 0xFF, 0xFF, 0xFF, 
	0xFF, 0xFE, 0xCA, 0x9A, 0xCD, 0xDD, 0xCB, 0xAA, 0x98, 0x76, 0x55, 0x54, 0x43, 0x44, 0x44, 
	0x44, 0x45, 0x55, 0x55, 0x55, 0x44, 0x44, 0x44, 0x45, 0x55, 0x66, 0x66, 0x77, 0x77, 0x78, 
	0x88, 0x77, 0x88, 0x77, 0x77, 0x66, 0x66, 0x66, 0x66, 0x66, 0x55, 0x44, 0x44, 0x44, 0x44, 
	0x44, 0x44, 0x44, 0x33, 0x33, 0x33, 0x34, 0x55, 0x45, 0x44, 0x56, 0x77, 0x88, 0x88, 0x88, 
	0x88, 0x87, 0x76, 0x55, 0x44, 0x33, 0x33, 0x22, 0x22, 0x23, 0x33, 0x33, 0x33, 0x34, 0x44, 
	0x44, 0x44, 0x44, 0x45, 0x55, 0x55, 0x66, 0x66, 0x67, 0x9A, 0x99, 0x9A, 0xA9, 0x99, 0x88, 
	0x78, 0x87, 0x77, 0x65, 0x43, 0x34, 0x55, 0x66, 0x77, 0x77, 0x76, 0x55, 0x44, 0x44, 0x43, 
	0x44, 0x54, 0x43, 0x34, 0x44, 0x44, 0x45, 0x56, 0x78, 0xAA, 0xAA, 0x98, 0x87, 0x76, 0x66, 
	0x55, 0x56, 0x65, 0x45, 0x68, 0xAB, 0xCC, 0xCC, 0xCC, 0xCB, 0xBA, 0xA9, 0x65, 0x44, 0x44, 
	0x45, 0x55, 0x55, 0x66, 0x66, 0x66, 0x66, 0x66, 0x66, 0x66, 0x67, 0x77, 0x77, 0x77, 0x77, 
	0x76, 0x77, 0x77, 0x65, 0x44, 0x45, 0x56, 0x66, 0x66, 0x66, 0x65, 0x54, 0x45, 0x55, 0x55, 
	0x55, 0x55, 0x55, 0x56, 0x66, 0x66, 0x66, 0x66, 0x66, 0x66, 0x66, 0x66, 0x77, 0x77, 0x77, 
	0x77, 0x77, 0x77, 0x77, 0x77, 0x77, 0x77, 0x77, 0x78, 0x77, 0x77, 0x78, 0x88, 0x87, 0x77, 
	0x88, 0x88, 0x88, 0x88, 0x88, 0x88, 0x88, 0x88, 0x88, 0x88, 0x88, 0x88, 0x88, 0x88, 0x88, 
	0x88, 0x88, 0x88, 0x88, 0x88, 0x89, 0x98, 0x89, 0x99, 0x99, 0x88, 0x89, 0x99, 0x99, 0x99, 
	0xBB, 0xAA, 0xAA, 0xAA, 0xAB, 0xAA, 0x99, 0x88, 0x98, 0x88, 0x88, 0x87, 0x78, 0x87, 0x78, 
	0x89, 0x88, 0x8A, 0xBB, 0xCC, 0xCC, 0xCC, 0xCB, 0xBC, 0xCA, 0xAB, 0xBB, 0xBB, 0xAA, 0xAB, 
	0xBA, 0xAA, 0x99, 0x9A, 0xA9, 0x99, 0x99, 0x9A, 0x99, 0x99, 0x99, 0xAC, 0xEF, 0xFF, 0xFF, 
	0xFF, 0xFF, 0xFE, 0xEF, 0xFF, 0xFF, 0xFF, 0xFF, 0xFF, 0xFF, 0xFF, 0xFF, 0xFF, 0xFF, 0xFF, 
	0xFF, 0xFF, 0xFF, 0xFF, 0xFF, 0xFF, 0xFF, 0xFF, 0xFF, 0xFF, 0xFF, 0xFF, 0xFF, 0xFF, 0xFF, 
	0xFF, 0xFE, 0xB9, 0x9B, 0xCD, 0xDD, 0xCB, 0xBA, 0x98, 0x76, 0x65, 0x55, 0x54, 0x44, 0x44, 
	0x34, 0x45, 0x55, 0x55, 0x55, 0x55, 0x55, 0x44, 0x44, 0x45, 0x56, 0x66, 0x67, 0x77, 0x78, 
	0x88, 0x78, 0x88, 0x87, 0x77, 0x77, 0x77, 0x66, 0x66, 0x66, 0x66, 0x55, 0x44, 0x44, 0x45, 
	0x44, 0x34, 0x44, 0x44, 0x43, 0x33, 0x45, 0x54, 0x44, 0x44, 0x55, 0x67, 0x77, 0x77, 0x77, 
	0x78, 0x87, 0x76, 0x65, 0x54, 0x43, 0x23, 0x22, 0x11, 0x22, 0x33, 0x33, 0x44, 0x34, 0x44, 
	0x44, 0x44, 0x44, 0x45, 0x66, 0x55, 0x66, 0x77, 0x78, 0x99, 0x99, 0xAA, 0xA9, 0x98, 0x88, 
	0x88, 0x87, 0x67, 0x65, 0x54, 0x44, 0x55, 0x56, 0x67, 0x77, 0x76, 0x65, 0x44, 0x44, 0x44, 
	0x44, 0x44, 0x44, 0x45, 0x54, 0x44, 0x44, 0x56, 0x78, 0x99, 0x99, 0x87, 0x76, 0x66, 0x55, 
	0x55, 0x55, 0x65, 0x55, 0x68, 0xAB, 0xCC, 0xCC, 0xCC, 0xCB, 0xBA, 0x97, 0x43, 0x33, 0x44, 
	0x45, 0x55, 0x66, 0x66, 0x66, 0x66, 0x66, 0x66, 0x66, 0x66, 0x66, 0x77, 0x77, 0x77, 0x77, 
	0x76, 0x66, 0x77, 0x76, 0x65, 0x55, 0x56, 0x66, 0x66, 0x66, 0x66, 0x54, 0x45, 0x55, 0x54, 
	0x55, 0x55, 0x55, 0x56, 0x66, 0x66, 0x66, 0x66, 0x66, 0x66, 0x66, 0x66, 0x77, 0x77, 0x77, 
	0x77, 0x77, 0x77, 0x77, 0x77, 0x77, 0x77, 0x77, 0x78, 0x77, 0x77, 0x77, 0x78, 0x88, 0x88, 
	0x88, 0x88, 0x88, 0x88, 0x88, 0x88, 0x88, 0x88, 0x88, 0x88, 0x88, 0x88, 0x88, 0x88, 0x88, 
	0x88, 0x88, 0x88, 0x89, 0x98, 0x89, 0x99, 0x89, 0x99, 0x88, 0x88, 0x89, 0x99, 0x99, 0x99, 
	0xBB, 0xAA, 0xAA, 0xAA, 0xBB, 0xA8, 0x88, 0x88, 0x88, 0x88, 0x88, 0x77, 0x88, 0x87, 0x77, 
	0x78, 0x87, 0x89, 0xAC, 0xCC, 0xCC, 0xCB, 0xBA, 0xBC, 0xBA, 0x9A, 0xBC, 0xCB, 0xAA, 0xAA, 
	0xAA, 0xAA, 0x98, 0x99, 0x99, 0x9A, 0x99, 0x99, 0x98, 0x88, 0x88, 0x9C, 0xEF, 0xFF, 0xFF, 
	0xFF, 0xFF, 0xFE, 0xEF, 0xFF, 0xFF, 0xFF, 0xFF, 0xFF, 0xFF, 0xFF, 0xFF, 0xFF, 0xFF, 0xFF, 
	0xFF, 0xFF, 0xFF, 0xFF, 0xFF, 0xFF, 0xFF, 0xFF, 0xFF, 0xFF, 0xFF, 0xFF, 0xFF, 0xFF, 0xFF, 
	0xFF, 0xED, 0x98, 0x9B, 0xCD, 0xED, 0xDC, 0xBB, 0x98, 0x77, 0x76, 0x65, 0x54, 0x44, 0x44, 
	0x33, 0x44, 0x45, 0x55, 0x56, 0x66, 0x65, 0x44, 0x44, 0x45, 0x56, 0x66, 0x67, 0x77, 0x87, 
	0x77, 0x77, 0x88, 0x88, 0x88, 0x88, 0x77, 0x77, 0x66, 0x55, 0x66, 0x65, 0x55, 0x55, 0x55, 
	0x44, 0x34, 0x55, 0x44, 0x43, 0x33, 0x44, 0x44, 0x44, 0x44, 0x44, 0x56, 0x66, 0x77, 0x77, 
	0x77, 0x76, 0x66, 0x55, 0x44, 0x43, 0x23, 0x22, 0x11, 0x12, 0x22, 0x23, 0x34, 0x44, 0x44, 
	0x44, 0x44, 0x44, 0x45, 0x66, 0x65, 0x67, 0x77, 0x78, 0x9A, 0x99, 0xAA, 0xAA, 0x99, 0x98, 
	0x88, 0x87, 0x66, 0x65, 0x54, 0x44, 0x45, 0x56, 0x66, 0x77, 0x77, 0x65, 0x44, 0x44, 0x44, 
	0x44, 0x43, 0x44, 0x55, 0x55, 0x44, 0x44, 0x56, 0x78, 0x98, 0x88, 0x76, 0x65, 0x55, 0x55, 
	0x55, 0x55, 0x55, 0x55, 0x78, 0xAB, 0xCC, 0xCD, 0xCC, 0xBA, 0xA9, 0x97, 0x43, 0x34, 0x44, 
	0x45, 0x55, 0x66, 0x66, 0x66, 0x66, 0x56, 0x66, 0x66, 0x66, 0x66, 0x66, 0x67, 0x66, 0x67, 
	0x77, 0x66, 0x67, 0x77, 0x77, 0x66, 0x66, 0x66, 0x66, 0x66, 0x66, 0x54, 0x44, 0x44, 0x54, 
	0x55, 0x55, 0x66, 0x66, 0x66, 0x66, 0x66, 0x66, 0x66, 0x77, 0x76, 0x66, 0x67, 0x77, 0x77, 
	0x77, 0x77, 0x77, 0x77, 0x77, 0x77, 0x77, 0x77, 0x77, 0x77, 0x77, 0x77, 0x77, 0x88, 0x88, 
	0x88, 0x87, 0x88, 0x88, 0x88, 0x88, 0x88, 0x88, 0x88, 0x88, 0x88, 0x88, 0x88, 0x88, 0x88, 
	0x88, 0x88, 0x98, 0x89, 0x98, 0x89, 0x99, 0x99, 0x98, 0x88, 0x88, 0x89, 0x98, 0x89, 0x99, 
	0xCB, 0xAA, 0xBA, 0xAA, 0xAA, 0x98, 0x88, 0x88, 0x9A, 0xA9, 0x99, 0x99, 0x9A, 0x98, 0x77, 
	0x77, 0x89, 0x88, 0xAB, 0xBB, 0xBB, 0xBB, 0xBB, 0xCB, 0xAA, 0xAB, 0xBB, 0xBB, 0xAA, 0xAA, 
	0xAA, 0xA9, 0x88, 0x99, 0xAA, 0xAA, 0xAA, 0xA9, 0xA9, 0x88, 0x99, 0x9B, 0xEF, 0xFF, 0xFF, 
	0xFF, 0xFF, 0xFF, 0xFF, 0xFF, 0xFF, 0xFF, 0xFF, 0xFF, 0xFF, 0xFF, 0xFF, 0xFF, 0xFF, 0xFF, 
	0xFF, 0xFF, 0xFF, 0xFF, 0xFF, 0xFF, 0xFF, 0xFF, 0xFF, 0xFF, 0xFF, 0xFF, 0xFF, 0xFF, 0xFF, 
	0xFE, 0xDB, 0x87, 0x8B, 0xCD, 0xEE, 0xDD, 0xCB, 0xA9, 0x88, 0x87, 0x66, 0x55, 0x54, 0x43, 
	0x33, 0x44, 0x45, 0x45, 0x67, 0x66, 0x65, 0x44, 0x44, 0x55, 0x56, 0x66, 0x66, 0x77, 0x77, 
	0x77, 0x77, 0x77, 0x88, 0x88, 0x88, 0x87, 0x76, 0x65, 0x55, 0x55, 0x56, 0x55, 0x55, 0x54, 
	0x33, 0x34, 0x44, 0x44, 0x44, 0x44, 0x44, 0x33, 0x34, 0x44, 0x44, 0x55, 0x56, 0x67, 0x76, 
	0x66, 0x65, 0x55, 0x54, 0x44, 0x43, 0x23, 0x22, 0x11, 0x12, 0x22, 0x23, 0x44, 0x43, 0x34, 
	0x44, 0x44, 0x44, 0x55, 0x67, 0x66, 0x67, 0x88, 0x89, 0x99, 0x99, 0xAA, 0xAA, 0x99, 0x99, 
	0x98, 0x87, 0x77, 0x66, 0x55, 0x55, 0x45, 0x56, 0x66, 0x77, 0x77, 0x66, 0x44, 0x44, 0x44, 
	0x44, 0x44, 0x44, 0x55, 0x54, 0x44, 0x45, 0x67, 0x78, 0x77, 0x77, 0x76, 0x65, 0x44, 0x45, 
	0x56, 0x65, 0x55, 0x66, 0x79, 0xBB, 0xCC, 0xCC, 0xCC, 0xBB, 0xA9, 0x98, 0x65, 0x44, 0x44, 
	0x45, 0x55, 0x56, 0x66, 0x66, 0x66, 0x66, 0x66, 0x66, 0x66, 0x66, 0x66, 0x66, 0x66, 0x66, 
	0x76, 0x66, 0x66, 0x77, 0x77, 0x77, 0x76, 0x66, 0x56, 0x66, 0x67, 0x65, 0x45, 0x55, 0x54, 
	0x45, 0x56, 0x66, 0x66, 0x66, 0x66, 0x66, 0x66, 0x66, 0x77, 0x66, 0x66, 0x76, 0x77, 0x66, 
	0x77, 0x77, 0x77, 0x77, 0x77, 0x77, 0x77, 0x77, 0x77, 0x77, 0x88, 0x77, 0x77, 0x88, 0x88, 
	0x87, 0x77, 0x88, 0x88, 0x88, 0x88, 0x88, 0x88, 0x88, 0x88, 0x88, 0x88, 0x88, 0x88, 0x88, 
	0x88, 0x88, 0x88, 0x89, 0x88, 0x89, 0x99, 0x99, 0x88, 0x88, 0x88, 0x88, 0x89, 0x98, 0x99, 
	0xBB, 0xAA, 0xAA, 0xAA, 0x99, 0x99, 0x9A, 0xA9, 0x9B, 0xCB, 0xBB, 0xBB, 0xBB, 0xBA, 0x98, 
	0x78, 0x99, 0x98, 0x99, 0x99, 0x9A, 0xAA, 0xAB, 0xCB, 0xAA, 0xAB, 0xAB, 0xBB, 0xAB, 0xBB, 
	0xA9, 0x88, 0x89, 0x9A, 0xAA, 0xAB, 0xBB, 0xBB, 0xAA, 0xAA, 0xBA, 0x9B, 0xEF, 0xFF, 0xFF, 
	0xFF, 0xFF, 0xFE, 0xFF, 0xFF, 0xFF, 0xFF, 0xFF, 0xFF, 0xFF, 0xFF, 0xFF, 0xFF, 0xFF, 0xFF, 
	0xFF, 0xFF, 0xFF, 0xFF, 0xFF, 0xFF, 0xFF, 0xFF, 0xFF, 0xFF, 0xFF, 0xFF, 0xFF, 0xFF, 0xFF, 
	0xED, 0xA9, 0x87, 0x89, 0xAB, 0xDD, 0xCC, 0xCB, 0xA9, 0x99, 0x88, 0x76, 0x66, 0x55, 0x44, 
	0x44, 0x44, 0x44, 0x45, 0x67, 0x65, 0x55, 0x54, 0x44, 0x55, 0x66, 0x77, 0x77, 0x77, 0x77, 
	0x77, 0x88, 0x78, 0x78, 0x77, 0x77, 0x77, 0x66, 0x55, 0x45, 0x55, 0x55, 0x55, 0x54, 0x44, 
	0x33, 0x34, 0x43, 0x33, 0x33, 0x43, 0x33, 0x33, 0x43, 0x44, 0x44, 0x44, 0x45, 0x66, 0x65, 
	0x55, 0x55, 0x55, 0x54, 0x44, 0x43, 0x33, 0x32, 0x22, 0x22, 0x22, 0x23, 0x33, 0x34, 0x44, 
	0x44, 0x44, 0x44, 0x55, 0x66, 0x66, 0x77, 0x88, 0x99, 0x99, 0x99, 0x9A, 0xAA, 0x99, 0xA9, 
	0x99, 0x87, 0x77, 0x66, 0x65, 0x55, 0x55, 0x66, 0x77, 0x77, 0x77, 0x76, 0x54, 0x44, 0x44, 
	0x44, 0x44, 0x45, 0x55, 0x44, 0x44, 0x55, 0x66, 0x67, 0x77, 0x77, 0x76, 0x65, 0x55, 0x55, 
	0x56, 0x66, 0x55, 0x66, 0x8A, 0xBC, 0xCC, 0xCC, 0xCC, 0xCB, 0xBA, 0xA9, 0x76, 0x54, 0x43, 
	0x45, 0x45, 0x55, 0x66, 0x66, 0x66, 0x66, 0x66, 0x66, 0x66, 0x66, 0x66, 0x66, 0x66, 0x66, 
	0x66, 0x66, 0x66, 0x66, 0x77, 0x77, 0x77, 0x66, 0x55, 0x66, 0x66, 0x66, 0x66, 0x66, 0x54, 
	0x44, 0x55, 0x55, 0x55, 0x66, 0x66, 0x66, 0x66, 0x66, 0x66, 0x66, 0x66, 0x76, 0x77, 0x66, 
	0x77, 0x77, 0x77, 0x77, 0x77, 0x77, 0x77, 0x77, 0x77, 0x77, 0x87, 0x77, 0x77, 0x88, 0x88, 
	0x87, 0x77, 0x88, 0x88, 0x88, 0x88, 0x88, 0x88, 0x88, 0x88, 0x88, 0x88, 0x88, 0x88, 0x88, 
	0x88, 0x88, 0x88, 0x88, 0x88, 0x89, 0x98, 0x99, 0x88, 0x88, 0x88, 0x88, 0x89, 0x99, 0x99, 
	0x9A, 0xAA, 0x99, 0x99, 0x99, 0x99, 0xAB, 0xA9, 0xAC, 0xDD, 0xCC, 0xCC, 0xCC, 0xCB, 0xA9, 
	0x99, 0xAA, 0x98, 0x88, 0x88, 0x88, 0x88, 0x9B, 0xBB, 0xAA, 0xAA, 0xAB, 0xBB, 0xAA, 0xAA, 
	0x97, 0x78, 0x9A, 0xAB, 0xBC, 0xCC, 0xCC, 0xCB, 0xBB, 0xCD, 0xDB, 0xAB, 0xEF, 0xFF, 0xEE, 
	0xFF, 0xFF, 0xFF, 0xFF, 0xFF, 0xFF, 0xFF, 0xFF, 0xFF, 0xFF, 0xFF, 0xFF, 0xFF, 0xFF, 0xFF, 
	0xFF, 0xFF, 0xFF, 0xFF, 0xFF, 0xFF, 0xFF, 0xFF, 0xFF, 0xFF, 0xFF, 0xFF, 0xFF, 0xFF, 0xFE, 
	0xDA, 0x98, 0x88, 0x87, 0x89, 0xBC, 0xBB, 0xBB, 0xAA, 0x99, 0x88, 0x77, 0x66, 0x55, 0x54, 
	0x44, 0x44, 0x44, 0x45, 0x66, 0x54, 0x56, 0x65, 0x44, 0x56, 0x67, 0x77, 0x77, 0x77, 0x77, 
	0x77, 0x88, 0x77, 0x78, 0x87, 0x77, 0x76, 0x55, 0x44, 0x44, 0x55, 0x55, 0x54, 0x44, 0x43, 
	0x33, 0x44, 0x43, 0x33, 0x33, 0x33, 0x33, 0x33, 0x43, 0x33, 0x33, 0x33, 0x34, 0x54, 0x44, 
	0x45, 0x55, 0x55, 0x54, 0x44, 0x43, 0x33, 0x33, 0x22, 0x22, 0x32, 0x23, 0x33, 0x34, 0x43, 
	0x34, 0x44, 0x44, 0x56, 0x66, 0x66, 0x77, 0x78, 0x99, 0x99, 0x99, 0x99, 0x9A, 0x99, 0xAA, 
	0x99, 0x98, 0x77, 0x66, 0x65, 0x66, 0x66, 0x67, 0x76, 0x67, 0x77, 0x66, 0x55, 0x55, 0x54, 
	0x44, 0x44, 0x44, 0x44, 0x55, 0x55, 0x56, 0x65, 0x55, 0x56, 0x66, 0x66, 0x76, 0x65, 0x55, 
	0x56, 0x66, 0x65, 0x67, 0x9A, 0xBC, 0xCC, 0xCC, 0xCC, 0xCB, 0xBB, 0xA9, 0x87, 0x54, 0x43, 
	0x45, 0x55, 0x55, 0x66, 0x55, 0x66, 0x66, 0x66, 0x66, 0x66, 0x66, 0x66, 0x66, 0x66, 0x66, 
	0x66, 0x66, 0x66, 0x66, 0x77, 0x77, 0x77, 0x76, 0x66, 0x66, 0x66, 0x77, 0x77, 0x65, 0x54, 
	0x44, 0x44, 0x55, 0x55, 0x66, 0x66, 0x66, 0x66, 0x66, 0x66, 0x66, 0x66, 0x77, 0x77, 0x67, 
	0x77, 0x77, 0x77, 0x77, 0x77, 0x77, 0x77, 0x77, 0x77, 0x77, 0x77, 0x77, 0x77, 0x78, 0x88, 
	0x87, 0x78, 0x88, 0x88, 0x88, 0x88, 0x88, 0x88, 0x88, 0x88, 0x88, 0x88, 0x88, 0x88, 0x88, 
	0x88, 0x88, 0x88, 0x88, 0x88, 0x89, 0x88, 0x99, 0x98, 0x89, 0x98, 0x88, 0x88, 0x88, 0x99, 
	0x77, 0x88, 0x88, 0x99, 0xAB, 0xBA, 0xAB, 0xAA, 0xAC, 0xDD, 0xCC, 0xDD, 0xDD, 0xCC, 0xBB, 
	0xAA, 0xAA, 0x98, 0x87, 0x78, 0x88, 0x88, 0x99, 0x98, 0x88, 0x99, 0x9B, 0xBA, 0xA9, 0x88, 
	0x88, 0x9A, 0xBB, 0xBC, 0xDE, 0xED, 0xDD, 0xDC, 0xCC, 0xDE, 0xEC, 0xBC, 0xEF, 0xFF, 0xEE, 
	0xFF, 0xFF, 0xFF, 0xFF, 0xFF, 0xFF, 0xFF, 0xFF, 0xFF, 0xFF, 0xFF, 0xFF, 0xFF, 0xFF, 0xFF, 
	0xFF, 0xFF, 0xFF, 0xFF, 0xFF, 0xFF, 0xFF, 0xFF, 0xFF, 0xFF, 0xFF, 0xFF, 0xFF, 0xFF, 0xED, 
	0xA9, 0x88, 0x88, 0x77, 0x79, 0xAB, 0xBB, 0xBB, 0xA9, 0x99, 0x88, 0x76, 0x65, 0x55, 0x44, 
	0x43, 0x33, 0x43, 0x45, 0x54, 0x55, 0x66, 0x65, 0x55, 0x56, 0x77, 0x77, 0x77, 0x77, 0x77, 
	0x77, 0x88, 0x77, 0x78, 0x88, 0x77, 0x76, 0x54, 0x43, 0x33, 0x44, 0x44, 0x44, 0x44, 0x44, 
	0x44, 0x44, 0x44, 0x43, 0x33, 0x33, 0x22, 0x34, 0x44, 0x33, 0x33, 0x33, 0x33, 0x44, 0x34, 
	0x44, 0x55, 0x45, 0x44, 0x43, 0x33, 0x33, 0x33, 0x32, 0x23, 0x33, 0x23, 0x33, 0x34, 0x43, 
	0x34, 0x44, 0x34, 0x55, 0x55, 0x67, 0x67, 0x78, 0x89, 0x98, 0x99, 0x99, 0x9A, 0x99, 0xAA, 
	0xAA, 0x99, 0x88, 0x76, 0x66, 0x67, 0x66, 0x77, 0x76, 0x67, 0x77, 0x66, 0x55, 0x55, 0x54, 
	0x44, 0x44, 0x55, 0x44, 0x56, 0x66, 0x66, 0x65, 0x55, 0x55, 0x66, 0x56, 0x66, 0x66, 0x66, 
	0x66, 0x66, 0x66, 0x78, 0xAB, 0xCC, 0xCB, 0xCC, 0xCC, 0xCC, 0xCB, 0xBA, 0x87, 0x54, 0x44, 
	0x45, 0x55, 0x55, 0x55, 0x55, 0x56, 0x66, 0x66, 0x66, 0x66, 0x66, 0x66, 0x66, 0x66, 0x66, 
	0x66, 0x66, 0x66, 0x66, 0x77, 0x66, 0x77, 0x77, 0x66, 0x66, 0x66, 0x77, 0x76, 0x65, 0x55, 
	0x44, 0x44, 0x55, 0x55, 0x56, 0x66, 0x66, 0x66, 0x66, 0x66, 0x66, 0x67, 0x77, 0x77, 0x77, 
	0x77, 0x77, 0x77, 0x77, 0x77, 0x77, 0x77, 0x77, 0x77, 0x77, 0x77, 0x77, 0x77, 0x77, 0x88, 
	0x87, 0x78, 0x78, 0x88, 0x88, 0x88, 0x88, 0x88, 0x88, 0x88, 0x88, 0x88, 0x88, 0x88, 0x88, 
	0x88, 0x88, 0x88, 0x88, 0x88, 0x99, 0x88, 0x99, 0x98, 0x89, 0x99, 0x88, 0x88, 0x88, 0x89, 
	0x56, 0x67, 0x88, 0x99, 0xBB, 0xBB, 0xAA, 0xBB, 0xBC, 0xCC, 0xCC, 0xCC, 0xCC, 0xCB, 0xBC, 
	0xBB, 0xBA, 0xA9, 0x99, 0x88, 0x87, 0x78, 0x88, 0x76, 0x56, 0x89, 0xAA, 0xAA, 0x98, 0x88, 
	0x99, 0xAB, 0xCC, 0xCC, 0xDE, 0xFE, 0xEE, 0xDD, 0xCD, 0xEE, 0xDC, 0xBC, 0xEF, 0xFF, 0xFF, 
	0xFF, 0xFF, 0xFF, 0xFF, 0xFF, 0xFF, 0xFF, 0xFF, 0xFF, 0xFF, 0xFF, 0xFF, 0xFF, 0xFF, 0xFF, 
	0xFF, 0xFF, 0xFF, 0xFF, 0xFF, 0xFF, 0xFF, 0xFF, 0xFF, 0xFF, 0xFF, 0xFF, 0xFF, 0xFE, 0xDA, 
	0x98, 0x88, 0x87, 0x77, 0x78, 0x9C, 0xDD, 0xDC, 0xBA, 0xAA, 0x98, 0x76, 0x65, 0x54, 0x44, 
	0x43, 0x22, 0x33, 0x34, 0x44, 0x57, 0x77, 0x76, 0x55, 0x67, 0x77, 0x77, 0x77, 0x76, 0x76, 
	0x66, 0x77, 0x76, 0x77, 0x77, 0x77, 0x76, 0x54, 0x43, 0x33, 0x33, 0x44, 0x44, 0x44, 0x44, 
	0x44, 0x44, 0x44, 0x44, 0x44, 0x43, 0x33, 0x34, 0x44, 0x33, 0x33, 0x22, 0x33, 0x33, 0x33, 
	0x45, 0x55, 0x44, 0x43, 0x33, 0x33, 0x33, 0x33, 0x22, 0x23, 0x43, 0x33, 0x33, 0x33, 0x43, 
	0x34, 0x44, 0x44, 0x55, 0x55, 0x66, 0x77, 0x78, 0x89, 0x98, 0x98, 0x99, 0xAA, 0xAA, 0xAB, 
	0xBA, 0xA9, 0x98, 0x87, 0x77, 0x77, 0x66, 0x77, 0x77, 0x77, 0x77, 0x76, 0x65, 0x55, 0x54, 
	0x44, 0x44, 0x55, 0x55, 0x67, 0x77, 0x77, 0x65, 0x55, 0x55, 0x55, 0x55, 0x56, 0x66, 0x66, 
	0x55, 0x66, 0x78, 0x89, 0xAB, 0xCC, 0xCC, 0xCC, 0xCC, 0xCC, 0xCB, 0xBA, 0x96, 0x54, 0x44, 
	0x44, 0x55, 0x55, 0x55, 0x55, 0x56, 0x66, 0x66, 0x66, 0x66, 0x66, 0x66, 0x66, 0x66, 0x66, 
	0x66, 0x66, 0x66, 0x66, 0x77, 0x66, 0x66, 0x77, 0x77, 0x77, 0x77, 0x76, 0x66, 0x66, 0x54, 
	0x44, 0x44, 0x55, 0x66, 0x56, 0x66, 0x66, 0x66, 0x66, 0x66, 0x66, 0x66, 0x76, 0x77, 0x77, 
	0x77, 0x77, 0x77, 0x77, 0x77, 0x77, 0x77, 0x77, 0x77, 0x77, 0x77, 0x77, 0x77, 0x77, 0x88, 
	0x87, 0x77, 0x78, 0x88, 0x88, 0x88, 0x88, 0x88, 0x88, 0x88, 0x88, 0x88, 0x88, 0x88, 0x88, 
	0x88, 0x88, 0x88, 0x88, 0x89, 0x99, 0x89, 0x88, 0x88, 0x89, 0x99, 0x98, 0x88, 0x98, 0x88, 
	0x77, 0x78, 0x99, 0xAA, 0xBB, 0xBB, 0xAA, 0xBC, 0xCC, 0xCC, 0xCC, 0xCC, 0xBB, 0xBB, 0xBB, 
	0xBB, 0xAA, 0xAB, 0xBB, 0xBA, 0x99, 0x89, 0x87, 0x65, 0x45, 0x79, 0x9A, 0xAA, 0xA9, 0x9A, 
	0xBB, 0xBB, 0xBC, 0xCC, 0xDE, 0xEF, 0xFD, 0xDC, 0xCC, 0xDD, 0xCB, 0xAB, 0xDF, 0xFF, 0xFF, 
	0xFF, 0xFF, 0xFF, 0xFF, 0xFF, 0xFF, 0xFF, 0xFF, 0xFF, 0xFF, 0xFF, 0xFF, 0xFF, 0xFF, 0xFF, 
	0xFF, 0xFF, 0xFF, 0xFF, 0xFF, 0xFF, 0xFF, 0xFF, 0xFF, 0xFF, 0xFF, 0xFF, 0xFF, 0xFD, 0xB9, 
	0x87, 0x88, 0x87, 0x77, 0x66, 0x8C, 0xEE, 0xEC, 0xBA, 0xAA, 0x98, 0x77, 0x66, 0x55, 0x44, 
	0x43, 0x32, 0x33, 0x33, 0x34, 0x56, 0x77, 0x76, 0x56, 0x67, 0x66, 0x77, 0x77, 0x77, 0x76, 
	0x66, 0x77, 0x66, 0x77, 0x77, 0x77, 0x87, 0x66, 0x55, 0x55, 0x45, 0x55, 0x55, 0x44, 0x43, 
	0x34, 0x44, 0x44, 0x44, 0x44, 0x44, 0x33, 0x33, 0x44, 0x43, 0x33, 0x33, 0x33, 0x33, 0x33, 
	0x35, 0x55, 0x44, 0x43, 0x34, 0x33, 0x33, 0x33, 0x33, 0x23, 0x44, 0x33, 0x33, 0x33, 0x33, 
	0x34, 0x44, 0x44, 0x55, 0x55, 0x66, 0x77, 0x78, 0x89, 0x98, 0x88, 0x89, 0xAA, 0xAA, 0xBB, 
	0xBA, 0xAA, 0x98, 0x87, 0x78, 0x87, 0x66, 0x67, 0x77, 0x77, 0x77, 0x77, 0x66, 0x66, 0x55, 
	0x44, 0x55, 0x55, 0x56, 0x67, 0x78, 0x89, 0x87, 0x67, 0x66, 0x55, 0x56, 0x66, 0x66, 0x66, 
	0x66, 0x67, 0x78, 0x99, 0xAB, 0xBC, 0xCC, 0xCC, 0xCC, 0xCC, 0xCB, 0xBA, 0x86, 0x44, 0x44, 
	0x44, 0x55, 0x55, 0x56, 0x55, 0x56, 0x65, 0x55, 0x66, 0x66, 0x66, 0x66, 0x66, 0x66, 0x56, 
	0x66, 0x66, 0x66, 0x67, 0x77, 0x66, 0x66, 0x67, 0x76, 0x77, 0x77, 0x76, 0x55, 0x56, 0x55, 
	0x55, 0x54, 0x45, 0x56, 0x66, 0x66, 0x66, 0x66, 0x66, 0x66, 0x66, 0x66, 0x66, 0x66, 0x67, 
	0x77, 0x77, 0x77, 0x77, 0x77, 0x77, 0x77, 0x77, 0x77, 0x77, 0x77, 0x77, 0x77, 0x78, 0x88, 
	0x87, 0x77, 0x88, 0x88, 0x88, 0x88, 0x88, 0x88, 0x88, 0x88, 0x88, 0x88, 0x88, 0x88, 0x88, 
	0x88, 0x88, 0x88, 0x88, 0x89, 0x99, 0x89, 0x88, 0x88, 0x89, 0x88, 0x98, 0x89, 0x99, 0x88, 
	0xA9, 0x9A, 0xBB, 0xBB, 0xBB, 0xBB, 0xBB, 0xCC, 0xCC, 0xCC, 0xCC, 0xCB, 0xAB, 0xBB, 0xBB, 
	0xBA, 0xAA, 0xBC, 0xCD, 0xCC, 0xBB, 0xAA, 0x98, 0x77, 0x66, 0x78, 0x89, 0xAB, 0xBB, 0xBC, 
	0xCC, 0xBB, 0xBC, 0xCD, 0xDE, 0xEE, 0xEC, 0xBB, 0xBB, 0xBB, 0xAA, 0xAB, 0xDF, 0xFF, 0xFF, 
	0xFF, 0xFF, 0xFF, 0xFF, 0xFF, 0xFF, 0xFF, 0xFF, 0xFF, 0xFF, 0xFF, 0xFF, 0xFF, 0xFF, 0xFF, 
	0xFF, 0xFF, 0xFF, 0xFF, 0xFF, 0xFF, 0xFF, 0xFF, 0xFF, 0xFF, 0xFF, 0xFF, 0xFE, 0xDB, 0x98, 
	0x88, 0x88, 0x87, 0x77, 0x66, 0x7C, 0xEE, 0xEC, 0xBB, 0xAA, 0x98, 0x77, 0x77, 0x66, 0x55, 
	0x54, 0x43, 0x34, 0x33, 0x34, 0x45, 0x56, 0x66, 0x66, 0x66, 0x66, 0x77, 0x77, 0x77, 0x77, 
	0x66, 0x66, 0x66, 0x66, 0x66, 0x77, 0x87, 0x77, 0x77, 0x76, 0x67, 0x76, 0x55, 0x55, 0x43, 
	0x33, 0x44, 0x44, 0x33, 0x44, 0x44, 0x43, 0x33, 0x34, 0x43, 0x33, 0x33, 0x33, 0x33, 0x33, 
	0x34, 0x54, 0x44, 0x43, 0x44, 0x33, 0x33, 0x33, 0x33, 0x33, 0x44, 0x33, 0x33, 0x33, 0x33, 
	0x34, 0x44, 0x45, 0x55, 0x56, 0x66, 0x67, 0x78, 0x89, 0x99, 0x98, 0x89, 0xAB, 0xBB, 0xBB, 
	0xBB, 0xBA, 0x98, 0x88, 0x88, 0x88, 0x76, 0x67, 0x77, 0x77, 0x77, 0x77, 0x77, 0x66, 0x55, 
	0x55, 0x55, 0x55, 0x56, 0x77, 0x88, 0x99, 0x98, 0x87, 0x76, 0x66, 0x77, 0x77, 0x66, 0x66, 
	0x66, 0x77, 0x88, 0x99, 0xAB, 0xBC, 0xCC, 0xCC, 0xCC, 0xCC, 0xBB, 0xB9, 0x75, 0x43, 0x44, 
	0x44, 0x55, 0x55, 0x56, 0x55, 0x56, 0x65, 0x56, 0x66, 0x66, 0x66, 0x66, 0x66, 0x66, 0x56, 
	0x66, 0x66, 0x66, 0x66, 0x66, 0x66, 0x66, 0x76, 0x66, 0x77, 0x77, 0x77, 0x65, 0x44, 0x45, 
	0x55, 0x55, 0x45, 0x55, 0x56, 0x66, 0x66, 0x66, 0x66, 0x67, 0x76, 0x66, 0x66, 0x66, 0x66, 
	0x77, 0x67, 0x77, 0x77, 0x77, 0x77, 0x77, 0x77, 0x77, 0x77, 0x77, 0x77, 0x77, 0x88, 0x88, 
	0x87, 0x77, 0x88, 0x88, 0x88, 0x88, 0x88, 0x88, 0x88, 0x88, 0x88, 0x88, 0x88, 0x88, 0x88, 
	0x88, 0x88, 0x88, 0x89, 0x98, 0x99, 0x89, 0x88, 0x98, 0x99, 0x88, 0x88, 0x89, 0x99, 0x98, 
	0xBB, 0xAB, 0xBC, 0xBB, 0xBB, 0xBB, 0xCC, 0xCC, 0xCB, 0xBC, 0xCC, 0xCB, 0xBB, 0xBB, 0xBB, 
	0xBB, 0xBB, 0xBC, 0xCD, 0xCC, 0xBB, 0xBB, 0xA9, 0x98, 0x88, 0x78, 0x8A, 0xBC, 0xCC, 0xCC, 
	0xCC, 0xCC, 0xBB, 0xBC, 0xDD, 0xDD, 0xDB, 0xAB, 0xBB, 0xAA, 0xAA, 0xBB, 0xDF, 0xFF, 0xFF, 
	0xFF, 0xFF, 0xFF, 0xFF, 0xFF, 0xFF, 0xFF, 0xFF, 0xFF, 0xFF, 0xFF, 0xFF, 0xFF, 0xFF, 0xFF, 
	0xFF, 0xFF, 0xFF, 0xFF, 0xFF, 0xFF, 0xFF, 0xFF, 0xFF, 0xFF, 0xFF, 0xFF, 0xED, 0xB9, 0x88, 
	0x88, 0x88, 0x87, 0x77, 0x66, 0x8C, 0xDE, 0xDC, 0xBB, 0xBA, 0x98, 0x88, 0x77, 0x76, 0x66, 
	0x65, 0x55, 0x44, 0x43, 0x33, 0x34, 0x55, 0x55, 0x66, 0x65, 0x56, 0x77, 0x77, 0x77, 0x67, 
	0x76, 0x65, 0x55, 0x66, 0x66, 0x77, 0x77, 0x77, 0x88, 0x88, 0x88, 0x86, 0x66, 0x65, 0x54, 
	0x33, 0x34, 0x44, 0x33, 0x33, 0x33, 0x43, 0x33, 0x33, 0x33, 0x33, 0x32, 0x33, 0x33, 0x33, 
	0x34, 0x44, 0x55, 0x43, 0x44, 0x33, 0x33, 0x33, 0x33, 0x33, 0x34, 0x43, 0x33, 0x33, 0x33, 
	0x34, 0x44, 0x55, 0x65, 0x56, 0x66, 0x67, 0x78, 0x89, 0x99, 0x99, 0x99, 0xAB, 0xBB, 0xBB, 
	0xBB, 0xBA, 0x98, 0x88, 0x88, 0x88, 0x77, 0x77, 0x77, 0x77, 0x77, 0x77, 0x88, 0x77, 0x65, 
	0x55, 0x66, 0x65, 0x56, 0x77, 0x89, 0x98, 0x89, 0x88, 0x77, 0x77, 0x78, 0x87, 0x76, 0x67, 
	0x77, 0x78, 0x89, 0x9A, 0xAB, 0xBB, 0xCC, 0xCC, 0xCC, 0xBB, 0xBB, 0xA6, 0x54, 0x43, 0x44, 
	0x45, 0x55, 0x55, 0x55, 0x55, 0x56, 0x55, 0x66, 0x66, 0x66, 0x66, 0x66, 0x66, 0x65, 0x66, 
	0x66, 0x66, 0x66, 0x66, 0x66, 0x66, 0x77, 0x77, 0x66, 0x77, 0x76, 0x77, 0x65, 0x54, 0x45, 
	0x55, 0x55, 0x54, 0x55, 0x56, 0x66, 0x66, 0x66, 0x66, 0x67, 0x77, 0x66, 0x66, 0x66, 0x66, 
	0x77, 0x67, 0x77, 0x76, 0x77, 0x77, 0x77, 0x77, 0x77, 0x77, 0x77, 0x77, 0x77, 0x88, 0x88, 
	0x88, 0x87, 0x88, 0x88, 0x88, 0x88, 0x88, 0x88, 0x88, 0x88, 0x88, 0x88, 0x88, 0x88, 0x88, 
	0x88, 0x88, 0x88, 0x89, 0x98, 0x88, 0x88, 0x99, 0x99, 0x99, 0x98, 0x88, 0x89, 0x99, 0x98, 
	0xBA, 0x9A, 0xAA, 0xBB, 0xBB, 0xBC, 0xDC, 0xCC, 0xBB, 0xBB, 0xBB, 0xBB, 0xBB, 0xBB, 0xBB, 
	0xBB, 0xBB, 0xBB, 0xCC, 0xCC, 0xBB, 0xAA, 0xA8, 0x77, 0x89, 0x9A, 0xAB, 0xCC, 0xCC, 0xBB, 
	0xBC, 0xCB, 0xBB, 0xBB, 0xBA, 0xBC, 0xCB, 0xAB, 0xBA, 0xAA, 0xAB, 0xBC, 0xDF, 0xFF, 0xFF, 
	0xFF, 0xFF, 0xFF, 0xFF, 0xFF, 0xFF, 0xFF, 0xFF, 0xFF, 0xFF, 0xFF, 0xFF, 0xFF, 0xFF, 0xFF, 
	0xFF, 0xFF, 0xFF, 0xFF, 0xFF, 0xFF, 0xFF, 0xFF, 0xFF, 0xFF, 0xFF, 0xFF, 0xDB, 0x98, 0x88, 
	0x88, 0x88, 0x88, 0x78, 0x77, 0x8B, 0xDD, 0xDC, 0xCC, 0xBA, 0x99, 0x88, 0x77, 0x77, 0x66, 
	0x65, 0x55, 0x44, 0x33, 0x33, 0x33, 0x44, 0x55, 0x65, 0x55, 0x66, 0x77, 0x77, 0x77, 0x76, 
	0x66, 0x55, 0x55, 0x55, 0x66, 0x66, 0x66, 0x67, 0x78, 0x88, 0x88, 0x87, 0x76, 0x65, 0x54, 
	0x44, 0x33, 0x34, 0x33, 0x22, 0x23, 0x44, 0x33, 0x33, 0x33, 0x33, 0x32, 0x23, 0x33, 0x44, 
	0x44, 0x44, 0x45, 0x44, 0x44, 0x33, 0x33, 0x33, 0x33, 0x33, 0x33, 0x33, 0x33, 0x33, 0x33, 
	0x34, 0x44, 0x56, 0x66, 0x66, 0x66, 0x67, 0x77, 0x89, 0x99, 0x99, 0xAA, 0xAB, 0xBB, 0xBB, 
	0xBB, 0xBB, 0x99, 0x98, 0x88, 0x88, 0x77, 0x77, 0x87, 0x87, 0x77, 0x77, 0x78, 0x88, 0x76, 
	0x66, 0x66, 0x65, 0x56, 0x78, 0x88, 0x88, 0x88, 0x88, 0x77, 0x77, 0x88, 0x88, 0x76, 0x66, 
	0x78, 0x88, 0x99, 0xAB, 0xBB, 0xBB, 0xCC, 0xCC, 0xCC, 0xBA, 0xA9, 0x86, 0x54, 0x44, 0x44, 
	0x54, 0x55, 0x55, 0x55, 0x55, 0x56, 0x55, 0x66, 0x66, 0x66, 0x66, 0x66, 0x65, 0x55, 0x65, 
	0x56, 0x66, 0x66, 0x66, 0x66, 0x66, 0x66, 0x76, 0x67, 0x77, 0x76, 0x77, 0x76, 0x65, 0x44, 
	0x55, 0x55, 0x44, 0x45, 0x56, 0x66, 0x66, 0x66, 0x66, 0x66, 0x66, 0x66, 0x66, 0x66, 0x66, 
	0x66, 0x67, 0x77, 0x77, 0x77, 0x77, 0x77, 0x77, 0x77, 0x77, 0x77, 0x77, 0x77, 0x78, 0x77, 
	0x88, 0x88, 0x88, 0x88, 0x88, 0x88, 0x88, 0x88, 0x88, 0x88, 0x88, 0x88, 0x88, 0x88, 0x88, 
	0x88, 0x88, 0x89, 0x88, 0x99, 0x88, 0x88, 0x89, 0x99, 0x99, 0x99, 0x88, 0x89, 0x88, 0x89, 
	0xAA, 0xA9, 0x99, 0xAB, 0xBB, 0xBC, 0xCC, 0xBB, 0xBB, 0xBB, 0xBB, 0xBB, 0xBB, 0xBB, 0xBB, 
	0xBB, 0xBB, 0xBB, 0xBC, 0xCC, 0xBA, 0x99, 0x87, 0x66, 0x89, 0xAB, 0xCC, 0xBB, 0xCC, 0xBA, 
	0xBB, 0xBB, 0xBB, 0xBA, 0x98, 0x9A, 0xBB, 0xAB, 0xAA, 0x99, 0xAA, 0xBB, 0xDF, 0xFF, 0xFF, 
	0xFF, 0xFF, 0xFF, 0xFF, 0xFF, 0xFF, 0xFF, 0xFF, 0xFF, 0xFF, 0xFF, 0xFF, 0xFF, 0xFF, 0xFF, 
	0xFF, 0xFF, 0xFF, 0xFF, 0xFF, 0xFF, 0xFF, 0xFF, 0xFF, 0xFF, 0xFF, 0xFD, 0xB9, 0x88, 0x88, 
	0x87, 0x77, 0x77, 0x77, 0x77, 0x79, 0xBC, 0xDD, 0xDC, 0xBA, 0xA9, 0x87, 0x77, 0x77, 0x66, 
	0x65, 0x44, 0x44, 0x33, 0x33, 0x33, 0x34, 0x55, 0x55, 0x55, 0x66, 0x66, 0x66, 0x77, 0x66, 
	0x55, 0x55, 0x55, 0x44, 0x55, 0x55, 0x66, 0x67, 0x77, 0x88, 0x88, 0x77, 0x76, 0x54, 0x44, 
	0x44, 0x33, 0x33, 0x32, 0x22, 0x33, 0x34, 0x43, 0x32, 0x23, 0x33, 0x33, 0x33, 0x34, 0x44, 
	0x44, 0x44, 0x44, 0x44, 0x44, 0x33, 0x33, 0x33, 0x33, 0x33, 0x33, 0x33, 0x33, 0x33, 0x33, 
	0x34, 0x44, 0x45, 0x66, 0x66, 0x66, 0x77, 0x77, 0x89, 0x9A, 0xAA, 0xAA, 0xBB, 0xBC, 0xBB, 
	0xBB, 0xBB, 0xA9, 0x99, 0x88, 0x88, 0x88, 0x88, 0x88, 0x87, 0x77, 0x77, 0x77, 0x87, 0x77, 
	0x77, 0x66, 0x66, 0x67, 0x78, 0x88, 0x87, 0x66, 0x78, 0x87, 0x78, 0x88, 0x87, 0x76, 0x67, 
	0x78, 0x89, 0x9A, 0xBB, 0xBB, 0xBC, 0xCC, 0xCC, 0xCC, 0xBA, 0xA9, 0x99, 0x75, 0x54, 0x44, 
	0x44, 0x45, 0x55, 0x55, 0x55, 0x56, 0x66, 0x66, 0x66, 0x65, 0x66, 0x66, 0x66, 0x55, 0x65, 
	0x55, 0x66, 0x66, 0x66, 0x66, 0x66, 0x66, 0x77, 0x66, 0x66, 0x66, 0x66, 0x77, 0x76, 0x54, 
	0x45, 0x55, 0x44, 0x44, 0x56, 0x66, 0x66, 0x66, 0x66, 0x66, 0x66, 0x66, 0x76, 0x66, 0x66, 
	0x66, 0x67, 0x77, 0x77, 0x77, 0x77, 0x77, 0x77, 0x77, 0x77, 0x77, 0x77, 0x77, 0x78, 0x77, 
	0x78, 0x88, 0x88, 0x78, 0x88, 0x88, 0x88, 0x88, 0x88, 0x88, 0x88, 0x88, 0x88, 0x88, 0x88, 
	0x88, 0x88, 0x99, 0x88, 0x99, 0x98, 0x88, 0x88, 0x88, 0x99, 0x99, 0x89, 0x99, 0x98, 0x89, 
	0xAB, 0xAA, 0x99, 0xAB, 0xBB, 0xBB, 0xBB, 0xBB, 0xBB, 0xBA, 0xAB, 0xBB, 0xBB, 0xBB, 0xBB, 
	0xBB, 0xBA, 0xAA, 0xAB, 0xAA, 0x99, 0x99, 0x87, 0x77, 0x9A, 0xBC, 0xCB, 0xAA, 0xBB, 0xBA, 
	0xBB, 0xBB, 0xBB, 0xBA, 0x87, 0x9A, 0xBB, 0xAA, 0x98, 0x88, 0x9A, 0xAA, 0xCF, 0xFF, 0xFF, 
	0xFF, 0xFF, 0xFF, 0xFF, 0xFF, 0xFF, 0xFF, 0xFF, 0xFF, 0xFF, 0xFF, 0xFF, 0xFF, 0xFF, 0xFF, 
	0xFF, 0xFF, 0xFF, 0xFF, 0xFF, 0xFF, 0xFF, 0xFF, 0xFF, 0xFF, 0xFF, 0xEB, 0x98, 0x88, 0x88, 
	0x87, 0x77, 0x88, 0x77, 0x77, 0x67, 0x9B, 0xDE, 0xDC, 0xBB, 0xA9, 0x87, 0x67, 0x77, 0x66, 
	0x55, 0x44, 0x44, 0x43, 0x33, 0x33, 0x34, 0x45, 0x44, 0x55, 0x66, 0x66, 0x66, 0x77, 0x65, 
	0x54, 0x44, 0x44, 0x44, 0x44, 0x45, 0x56, 0x66, 0x77, 0x77, 0x77, 0x66, 0x65, 0x43, 0x33, 
	0x34, 0x44, 0x33, 0x33, 0x33, 0x33, 0x33, 0x33, 0x32, 0x23, 0x34, 0x44, 0x33, 0x34, 0x44, 
	0x44, 0x44, 0x44, 0x44, 0x44, 0x33, 0x33, 0x33, 0x33, 0x33, 0x33, 0x33, 0x33, 0x33, 0x33, 
	0x44, 0x33, 0x45, 0x66, 0x66, 0x66, 0x77, 0x78, 0x89, 0xAA, 0xAA, 0xBB, 0xBB, 0xBB, 0xBB, 
	0xBB, 0xBA, 0xA9, 0xA9, 0x99, 0x99, 0x99, 0x88, 0x88, 0x87, 0x77, 0x77, 0x77, 0x77, 0x78, 
	0x87, 0x66, 0x66, 0x77, 0x88, 0x88, 0x76, 0x55, 0x78, 0x88, 0x88, 0x88, 0x77, 0x76, 0x67, 
	0x78, 0x99, 0xAB, 0xBC, 0xCC, 0xCC, 0xCC, 0xCC, 0xCC, 0xCB, 0xAA, 0xAA, 0x85, 0x54, 0x44, 
	0x44, 0x44, 0x55, 0x55, 0x55, 0x56, 0x66, 0x66, 0x66, 0x65, 0x56, 0x66, 0x66, 0x66, 0x65, 
	0x55, 0x66, 0x66, 0x66, 0x66, 0x66, 0x66, 0x66, 0x66, 0x66, 0x66, 0x76, 0x66, 0x77, 0x76, 
	0x55, 0x54, 0x44, 0x44, 0x55, 0x56, 0x66, 0x66, 0x66, 0x66, 0x66, 0x66, 0x66, 0x66, 0x66, 
	0x66, 0x67, 0x77, 0x77, 0x77, 0x77, 0x77, 0x77, 0x77, 0x77, 0x77, 0x77, 0x77, 0x88, 0x77, 
	0x77, 0x78, 0x77, 0x88, 0x88, 0x88, 0x88, 0x88, 0x88, 0x88, 0x88, 0x88, 0x88, 0x88, 0x88, 
	0x88, 0x88, 0x89, 0x99, 0x99, 0x88, 0x88, 0x88, 0x88, 0x89, 0x99, 0x89, 0x99, 0x98, 0x89, 
	0xAB, 0xAA, 0xAA, 0xAA, 0xAA, 0xBB, 0xBB, 0xBB, 0xBB, 0xBA, 0xBB, 0xCB, 0xBB, 0xBB, 0xBC, 
	0xCB, 0xA9, 0x88, 0x99, 0x87, 0x78, 0x9A, 0xBB, 0xBB, 0xAA, 0xAA, 0xA9, 0x9A, 0xBC, 0xBB, 
	0xBC, 0xCC, 0xBC, 0xBA, 0x88, 0xAB, 0xCB, 0xA9, 0x88, 0x88, 0x89, 0x9A, 0xBE, 0xFF, 0xFF, 
	0xFF, 0xFF, 0xFF, 0xFF, 0xFF, 0xFF, 0xFF, 0xFF, 0xFF, 0xFF, 0xFF, 0xFF, 0xFF, 0xFF, 0xFF, 
	0xFF, 0xFF, 0xFF, 0xFF, 0xFF, 0xFF, 0xFF, 0xFF, 0xFF, 0xFF, 0xFE, 0xCA, 0x88, 0x88, 0x88, 
	0x88, 0x88, 0x88, 0x77, 0x77, 0x67, 0x79, 0xCE, 0xEC, 0xCB, 0xA9, 0x88, 0x78, 0x87, 0x76, 
	0x55, 0x55, 0x45, 0x44, 0x44, 0x34, 0x44, 0x44, 0x45, 0x56, 0x66, 0x66, 0x66, 0x66, 0x55, 
	0x44, 0x44, 0x44, 0x33, 0x34, 0x45, 0x55, 0x66, 0x66, 0x77, 0x77, 0x65, 0x54, 0x43, 0x33, 
	0x33, 0x44, 0x44, 0x43, 0x33, 0x33, 0x33, 0x33, 0x32, 0x33, 0x34, 0x44, 0x33, 0x33, 0x43, 
	0x34, 0x44, 0x44, 0x44, 0x44, 0x33, 0x33, 0x33, 0x33, 0x33, 0x33, 0x33, 0x33, 0x33, 0x33, 
	0x43, 0x34, 0x45, 0x66, 0x66, 0x66, 0x77, 0x88, 0x89, 0x99, 0xAA, 0xBB, 0xBB, 0xBB, 0xBB, 
	0xBB, 0xBA, 0x99, 0x99, 0x99, 0xAA, 0xA9, 0x99, 0x88, 0x87, 0x66, 0x77, 0x77, 0x77, 0x78, 
	0x87, 0x77, 0x77, 0x77, 0x78, 0x88, 0x76, 0x55, 0x67, 0x87, 0x77, 0x77, 0x77, 0x77, 0x77, 
	0x88, 0x9A, 0xAB, 0xBC, 0xCC, 0xCC, 0xCC, 0xCC, 0xCC, 0xCB, 0xBB, 0xB9, 0x64, 0x44, 0x44, 
	0x44, 0x44, 0x55, 0x55, 0x55, 0x56, 0x66, 0x66, 0x66, 0x65, 0x56, 0x66, 0x66, 0x66, 0x65, 
	0x55, 0x56, 0x66, 0x66, 0x66, 0x66, 0x66, 0x66, 0x76, 0x66, 0x66, 0x77, 0x66, 0x67, 0x77, 
	0x66, 0x55, 0x44, 0x44, 0x55, 0x55, 0x66, 0x66, 0x66, 0x66, 0x66, 0x66, 0x66, 0x66, 0x66, 
	0x66, 0x77, 0x77, 0x77, 0x77, 0x77, 0x77, 0x77, 0x77, 0x77, 0x77, 0x77, 0x77, 0x78, 0x77, 
	0x77, 0x77, 0x77, 0x88, 0x88, 0x88, 0x88, 0x88, 0x88, 0x88, 0x88, 0x88, 0x88, 0x88, 0x88, 
	0x88, 0x88, 0x88, 0x99, 0x88, 0x88, 0x88, 0x88, 0x88, 0x89, 0x98, 0x88, 0x99, 0x88, 0x89, 
	0xAB, 0xAA, 0xAA, 0xAA, 0xAA, 0xAA, 0xAA, 0xBB, 0xBB, 0xBB, 0xBB, 0xBB, 0xBB, 0xBB, 0xCC, 
	0xBA, 0x98, 0x77, 0x88, 0x76, 0x68, 0xAC, 0xDD, 0xED, 0xBB, 0xAA, 0x99, 0x9A, 0xBC, 0xBB, 
	0xBC, 0xCC, 0xCC, 0xBA, 0xAA, 0xBC, 0xCC, 0xBA, 0x99, 0x99, 0x99, 0x9A, 0xCE, 0xFF, 0xFF, 
	0xFF, 0xFF, 0xFF, 0xFF, 0xFF, 0xFF, 0xFF, 0xFF, 0xFF, 0xFF, 0xFF, 0xFF, 0xFF, 0xFF, 0xFF, 
	0xFF, 0xFF, 0xFF, 0xFF, 0xFF, 0xFF, 0xFF, 0xFF, 0xFF, 0xFF, 0xED, 0xA8, 0x88, 0x88, 0x77, 
	0x77, 0x77, 0x88, 0x77, 0x77, 0x77, 0x68, 0xBE, 0xDD, 0xCB, 0xA9, 0x98, 0x88, 0x88, 0x76, 
	0x65, 0x55, 0x55, 0x55, 0x55, 0x55, 0x44, 0x44, 0x45, 0x66, 0x65, 0x55, 0x66, 0x65, 0x44, 
	0x43, 0x33, 0x44, 0x33, 0x34, 0x55, 0x55, 0x66, 0x66, 0x67, 0x77, 0x76, 0x55, 0x54, 0x44, 
	0x44, 0x44, 0x44, 0x44, 0x44, 0x43, 0x33, 0x33, 0x33, 0x33, 0x33, 0x43, 0x33, 0x34, 0x44, 
	0x44, 0x44, 0x44, 0x33, 0x33, 0x33, 0x33, 0x33, 0x33, 0x33, 0x33, 0x33, 0x33, 0x33, 0x33, 
	0x43, 0x44, 0x45, 0x56, 0x66, 0x66, 0x77, 0x88, 0x88, 0x99, 0x9A, 0xAA, 0xBB, 0xBB, 0xBB, 
	0xBB, 0xBA, 0x99, 0x99, 0x99, 0xAB, 0xAA, 0xAA, 0x98, 0x87, 0x66, 0x77, 0x77, 0x77, 0x77, 
	0x88, 0x77, 0x77, 0x77, 0x77, 0x77, 0x66, 0x66, 0x67, 0x77, 0x77, 0x76, 0x77, 0x77, 0x77, 
	0x89, 0x99, 0xAB, 0xCC, 0xCC, 0xCC, 0xCC, 0xCC, 0xCC, 0xCB, 0xBB, 0xA7, 0x54, 0x44, 0x44, 
	0x44, 0x44, 0x55, 0x55, 0x55, 0x55, 0x55, 0x55, 0x66, 0x65, 0x56, 0x66, 0x66, 0x55, 0x66, 
	0x55, 0x55, 0x66, 0x66, 0x66, 0x66, 0x66, 0x66, 0x76, 0x66, 0x66, 0x67, 0x76, 0x66, 0x77, 
	0x77, 0x66, 0x54, 0x44, 0x45, 0x55, 0x66, 0x66, 0x66, 0x66, 0x66, 0x66, 0x66, 0x66, 0x66, 
	0x66, 0x77, 0x77, 0x77, 0x77, 0x77, 0x77, 0x77, 0x77, 0x77, 0x77, 0x77, 0x77, 0x77, 0x77, 
	0x77, 0x77, 0x78, 0x88, 0x88, 0x88, 0x88, 0x88, 0x88, 0x88, 0x88, 0x88, 0x88, 0x88, 0x88, 
	0x88, 0x88, 0x88, 0x88, 0x88, 0x88, 0x88, 0x89, 0x98, 0x88, 0x88, 0x88, 0x88, 0x88, 0x89, 
	0xAA, 0xAA, 0xBA, 0xA9, 0x99, 0xAA, 0xAA, 0xAA, 0xBB, 0xBB, 0xBA, 0xAA, 0xBB, 0xBB, 0xBB, 
	0xA9, 0x87, 0x77, 0x88, 0x87, 0x8A, 0xCD, 0xDE, 0xED, 0xCB, 0xBA, 0x99, 0xAB, 0xBB, 0xBB, 
	0xBB, 0xCC, 0xBB, 0xBA, 0xAB, 0xCD, 0xCC, 0xBB, 0xAA, 0xAA, 0xAA, 0xAA, 0xCE, 0xFF, 0xFF, 
	0xFF, 0xFF, 0xFF, 0xFF, 0xFF, 0xFF, 0xFF, 0xFF, 0xFF, 0xFF, 0xFF, 0xFF, 0xFF, 0xFF, 0xFF, 
	0xFF, 0xFF, 0xFF, 0xFF, 0xFF, 0xFF, 0xFF, 0xFF, 0xFF, 0xFF, 0xEB, 0x98, 0x88, 0x88, 0x77, 
	0x77, 0x77, 0x88, 0x77, 0x76, 0x67, 0x67, 0xAD, 0xCD, 0xDC, 0xA9, 0x99, 0x88, 0x88, 0x87, 
	0x76, 0x66, 0x65, 0x55, 0x56, 0x65, 0x55, 0x44, 0x45, 0x66, 0x65, 0x55, 0x55, 0x54, 0x44, 
	0x43, 0x33, 0x44, 0x44, 0x44, 0x55, 0x55, 0x66, 0x66, 0x67, 0x77, 0x77, 0x76, 0x66, 0x55, 
	0x55, 0x44, 0x44, 0x44, 0x44, 0x43, 0x33, 0x33, 0x33, 0x33, 0x33, 0x33, 0x34, 0x44, 0x44, 
	0x44, 0x43, 0x34, 0x33, 0x33, 0x33, 0x33, 0x33, 0x33, 0x33, 0x33, 0x33, 0x22, 0x33, 0x33, 
	0x44, 0x44, 0x55, 0x55, 0x66, 0x67, 0x77, 0x87, 0x88, 0x89, 0x9A, 0xAA, 0xBB, 0xBB, 0xBB, 
	0xBB, 0xBA, 0xA9, 0x99, 0x99, 0xAB, 0xBB, 0xAA, 0x99, 0x88, 0x77, 0x77, 0x77, 0x77, 0x77, 
	0x88, 0x77, 0x77, 0x77, 0x77, 0x76, 0x66, 0x66, 0x66, 0x77, 0x76, 0x66, 0x67, 0x77, 0x67, 
	0x89, 0x99, 0xAB, 0xCC, 0xCC, 0xCC, 0xCC, 0xCC, 0xCC, 0xCC, 0xCB, 0x96, 0x43, 0x34, 0x44, 
	0x44, 0x44, 0x55, 0x55, 0x55, 0x55, 0x56, 0x66, 0x66, 0x65, 0x56, 0x66, 0x66, 0x66, 0x65, 
	0x55, 0x55, 0x55, 0x66, 0x66, 0x66, 0x66, 0x66, 0x66, 0x66, 0x66, 0x66, 0x77, 0x77, 0x76, 
	0x77, 0x77, 0x65, 0x44, 0x45, 0x56, 0x66, 0x66, 0x66, 0x66, 0x66, 0x66, 0x66, 0x66, 0x66, 
	0x67, 0x77, 0x77, 0x77, 0x77, 0x77, 0x77, 0x77, 0x77, 0x77, 0x77, 0x77, 0x77, 0x77, 0x77, 
	0x77, 0x78, 0x88, 0x88, 0x88, 0x88, 0x87, 0x88, 0x88, 0x88, 0x88, 0x88, 0x88, 0x88, 0x88, 
	0x88, 0x88, 0x88, 0x88, 0x88, 0x88, 0x88, 0x89, 0x99, 0x88, 0x88, 0x88, 0x88, 0x88, 0x89, 
	0xBB, 0xBB, 0xBA, 0xA9, 0x99, 0xAA, 0xAA, 0xAA, 0xBB, 0xBB, 0xAA, 0x9A, 0xAB, 0xBB, 0xAA, 
	0x98, 0x77, 0x88, 0x88, 0x87, 0x8A, 0xBC, 0xDD, 0xDC, 0xCB, 0xBA, 0xAA, 0xAB, 0xBB, 0xBB, 
	0xBB, 0xCB, 0xAA, 0xAA, 0xAB, 0xCC, 0xCC, 0xBB, 0xBB, 0xBB, 0xAA, 0xAA, 0xBE, 0xFF, 0xFF, 
	0xEF, 0xFF, 0xFF, 0xFF, 0xFF, 0xFF, 0xFF, 0xFF, 0xFF, 0xFF, 0xFF, 0xFF, 0xFF, 0xFF, 0xFF, 
	0xFF, 0xFF, 0xFF, 0xFF, 0xFF, 0xFF, 0xFF, 0xFF, 0xFF, 0xFD, 0xC9, 0x88, 0x88, 0x78, 0x87, 
	0x77, 0x77, 0x77, 0x87, 0x76, 0x67, 0x77, 0x9C, 0xDD, 0xDC, 0xB9, 0x99, 0x88, 0x88, 0x88, 
	0x77, 0x77, 0x65, 0x56, 0x56, 0x65, 0x55, 0x55, 0x55, 0x55, 0x55, 0x55, 0x55, 0x44, 0x44, 
	0x44, 0x44, 0x44, 0x44, 0x55, 0x55, 0x56, 0x66, 0x66, 0x66, 0x77, 0x78, 0x77, 0x77, 0x77, 
	0x76, 0x55, 0x44, 0x44, 0x44, 0x44, 0x34, 0x43, 0x33, 0x33, 0x33, 0x33, 0x34, 0x44, 0x34, 
	0x44, 0x43, 0x34, 0x33, 0x33, 0x33, 0x33, 0x34, 0x43, 0x33, 0x33, 0x32, 0x22, 0x23, 0x33, 
	0x34, 0x44, 0x55, 0x55, 0x66, 0x67, 0x77, 0x77, 0x78, 0x89, 0xAA, 0xAA, 0xBB, 0xBB, 0xBB, 
	0xBB, 0xBB, 0xA9, 0x99, 0x9A, 0xAB, 0xBB, 0xBB, 0xA9, 0x98, 0x87, 0x77, 0x77, 0x77, 0x78, 
	0x88, 0x87, 0x77, 0x88, 0x88, 0x77, 0x77, 0x66, 0x66, 0x67, 0x77, 0x66, 0x67, 0x77, 0x77, 
	0x89, 0x99, 0xAB, 0xBC, 0xCC, 0xCC, 0xCC, 0xCC, 0xCC, 0xCC, 0xBA, 0x86, 0x43, 0x33, 0x44, 
	0x44, 0x44, 0x55, 0x55, 0x55, 0x55, 0x56, 0x66, 0x66, 0x66, 0x56, 0x66, 0x66, 0x66, 0x65, 
	0x55, 0x56, 0x66, 0x66, 0x66, 0x66, 0x66, 0x66, 0x66, 0x66, 0x66, 0x66, 0x67, 0x77, 0x66, 
	0x67, 0x77, 0x66, 0x55, 0x55, 0x55, 0x66, 0x66, 0x66, 0x66, 0x66, 0x66, 0x66, 0x66, 0x66, 
	0x67, 0x76, 0x66, 0x77, 0x77, 0x77, 0x77, 0x77, 0x77, 0x77, 0x77, 0x77, 0x77, 0x77, 0x77, 
	0x77, 0x78, 0x88, 0x88, 0x88, 0x88, 0x88, 0x88, 0x88, 0x88, 0x88, 0x88, 0x88, 0x88, 0x88, 
	0x88, 0x88, 0x88, 0x88, 0x88, 0x88, 0x88, 0x89, 0x99, 0x89, 0x98, 0x88, 0x89, 0x99, 0x99, 
	0xBB, 0xBB, 0xBA, 0xAA, 0xAA, 0xAB, 0xBB, 0xBB, 0xBB, 0xAA, 0xAA, 0x99, 0xAB, 0xBA, 0xA9, 
	0x97, 0x78, 0xAA, 0x98, 0x87, 0x89, 0xAB, 0xCC, 0xCB, 0xBB, 0xBA, 0xAB, 0xBC, 0xCB, 0xBC, 
	0xBB, 0xBA, 0xAA, 0x99, 0x9A, 0xBB, 0xBB, 0xBB, 0xBC, 0xCB, 0xAB, 0xAA, 0xBE, 0xFF, 0xFE, 
	0xEF, 0xFF, 0xFF, 0xFF, 0xFF, 0xFF, 0xFF, 0xFF, 0xFF, 0xFF, 0xFF, 0xFF, 0xFF, 0xFF, 0xFF, 
	0xFF, 0xFF, 0xFF, 0xFF, 0xFF, 0xFF, 0xFF, 0xFF, 0xFF, 0xEB, 0x98, 0x88, 0x87, 0x77, 0x87, 
	0x77, 0x77, 0x77, 0x87, 0x77, 0x77, 0x77, 0x8C, 0xDD, 0xCC, 0xBA, 0x99, 0x99, 0x98, 0x88, 
	0x77, 0x66, 0x65, 0x56, 0x55, 0x66, 0x55, 0x55, 0x55, 0x54, 0x45, 0x55, 0x54, 0x44, 0x34, 
	0x44, 0x44, 0x44, 0x45, 0x55, 0x55, 0x66, 0x66, 0x66, 0x66, 0x77, 0x78, 0x88, 0x88, 0x88, 
	0x77, 0x66, 0x65, 0x54, 0x44, 0x44, 0x44, 0x44, 0x33, 0x33, 0x34, 0x33, 0x34, 0x43, 0x34, 
	0x44, 0x43, 0x34, 0x43, 0x33, 0x33, 0x33, 0x34, 0x43, 0x33, 0x44, 0x32, 0x22, 0x23, 0x33, 
	0x34, 0x45, 0x55, 0x55, 0x65, 0x67, 0x77, 0x77, 0x78, 0x89, 0x9A, 0xAB, 0xBB, 0xBB, 0xBB, 
	0xBB, 0xBB, 0xA9, 0x99, 0x9A, 0xAB, 0xBB, 0xBB, 0xA9, 0x99, 0x87, 0x77, 0x77, 0x76, 0x78, 
	0x88, 0x88, 0x88, 0x88, 0x88, 0x77, 0x77, 0x67, 0x66, 0x67, 0x77, 0x76, 0x67, 0x77, 0x77, 
	0x89, 0xAA, 0xAA, 0xBC, 0xCC, 0xCC, 0xCC, 0xCC, 0xCC, 0xCB, 0xBA, 0x85, 0x44, 0x44, 0x44, 
	0x54, 0x44, 0x45, 0x55, 0x55, 0x55, 0x56, 0x65, 0x56, 0x65, 0x56, 0x66, 0x66, 0x66, 0x65, 
	0x55, 0x66, 0x66, 0x66, 0x66, 0x66, 0x66, 0x66, 0x66, 0x66, 0x66, 0x66, 0x67, 0x76, 0x66, 
	0x67, 0x77, 0x77, 0x66, 0x55, 0x55, 0x56, 0x56, 0x66, 0x66, 0x66, 0x66, 0x66, 0x66, 0x66, 
	0x77, 0x66, 0x66, 0x77, 0x77, 0x77, 0x77, 0x77, 0x77, 0x77, 0x77, 0x77, 0x77, 0x77, 0x77, 
	0x77, 0x78, 0x88, 0x88, 0x88, 0x88, 0x87, 0x78, 0x88, 0x88, 0x88, 0x88, 0x88, 0x88, 0x88, 
	0x88, 0x88, 0x88, 0x88, 0x88, 0x88, 0x88, 0x88, 0x88, 0x89, 0x98, 0x88, 0x89, 0x99, 0x99, 
	0xCB, 0xBB, 0xBB, 0xAA, 0xAA, 0xBB, 0xBB, 0xBB, 0xBA, 0xAA, 0xAA, 0xAA, 0xAB, 0xBA, 0xA9, 
	0x98, 0x89, 0x9A, 0x98, 0x77, 0x88, 0x9B, 0xBC, 0xCC, 0xBB, 0xAA, 0xAB, 0xBB, 0xBB, 0xBB, 
	0xBB, 0xBB, 0xAA, 0x99, 0xAB, 0xBB, 0xBB, 0xBB, 0xBC, 0xBB, 0xAA, 0xA9, 0xAD, 0xFF, 0xEE, 
	0xFF, 0xFF, 0xFF, 0xFF, 0xFF, 0xFF, 0xFF, 0xFF, 0xFF, 0xFF, 0xFF, 0xFF, 0xFF, 0xFF, 0xFF, 
	0xFF, 0xFF, 0xFF, 0xFF, 0xFF, 0xFF, 0xFF, 0xFF, 0xFE, 0xC9, 0x88, 0x88, 0x87, 0x77, 0x77, 
	0x88, 0x77, 0x77, 0x77, 0x77, 0x77, 0x77, 0x9B, 0xCD, 0xDC, 0xBB, 0xA9, 0xAA, 0xA9, 0x87, 
	0x77, 0x66, 0x55, 0x56, 0x55, 0x56, 0x55, 0x55, 0x55, 0x44, 0x44, 0x55, 0x44, 0x44, 0x44, 
	0x44, 0x44, 0x44, 0x55, 0x55, 0x56, 0x66, 0x56, 0x66, 0x66, 0x66, 0x77, 0x88, 0x88, 0x88, 
	0x88, 0x77, 0x76, 0x55, 0x44, 0x44, 0x44, 0x44, 0x44, 0x33, 0x44, 0x43, 0x34, 0x44, 0x44, 
	0x45, 0x44, 0x33, 0x44, 0x44, 0x44, 0x33, 0x44, 0x43, 0x34, 0x43, 0x22, 0x22, 0x32, 0x22, 
	0x34, 0x44, 0x44, 0x55, 0x55, 0x66, 0x77, 0x77, 0x88, 0x89, 0x99, 0xAB, 0xBB, 0xBB, 0xBB, 
	0xCC, 0xBB, 0xA9, 0x99, 0x9A, 0xAB, 0xBC, 0xCC, 0xB9, 0x99, 0x88, 0x87, 0x77, 0x77, 0x77, 
	0x88, 0x88, 0x99, 0x88, 0x87, 0x77, 0x77, 0x76, 0x65, 0x66, 0x77, 0x77, 0x67, 0x88, 0x87, 
	0x89, 0xAA, 0xAA, 0xBB, 0xCC, 0xCC, 0xCC, 0xCC, 0xCC, 0xCB, 0xBA, 0x97, 0x66, 0x65, 0x54, 
	0x44, 0x44, 0x54, 0x55, 0x66, 0x55, 0x55, 0x66, 0x56, 0x65, 0x66, 0x66, 0x66, 0x66, 0x65, 
	0x56, 0x66, 0x66, 0x66, 0x65, 0x56, 0x66, 0x66, 0x66, 0x66, 0x66, 0x66, 0x66, 0x66, 0x66, 
	0x66, 0x77, 0x77, 0x77, 0x65, 0x55, 0x55, 0x55, 0x56, 0x66, 0x66, 0x66, 0x66, 0x66, 0x66, 
	0x66, 0x66, 0x77, 0x77, 0x77, 0x77, 0x77, 0x77, 0x77, 0x77, 0x77, 0x77, 0x77, 0x77, 0x77, 
	0x88, 0x77, 0x88, 0x88, 0x87, 0x78, 0x77, 0x78, 0x88, 0x88, 0x88, 0x88, 0x88, 0x88, 0x88, 
	0x88, 0x88, 0x88, 0x88, 0x88, 0x88, 0x88, 0x88, 0x88, 0x99, 0x88, 0x88, 0x88, 0x99, 0x99, 
	0xCB, 0xBB, 0xBB, 0xAA, 0xAB, 0xBC, 0xCB, 0xBB, 0xBA, 0xAA, 0xAA, 0xAA, 0xAA, 0xAA, 0x99, 
	0x99, 0x99, 0x99, 0x98, 0x78, 0x88, 0x9A, 0xBD, 0xDD, 0xBB, 0xAA, 0xBB, 0xBB, 0xBA, 0xAB, 
	0xAA, 0xBB, 0xAA, 0xAA, 0xBC, 0xCC, 0xCC, 0xCB, 0xBB, 0xBA, 0xAA, 0x98, 0x9C, 0xFF, 0xEE, 
	0xEE, 0xEF, 0xFF, 0xFF, 0xFF, 0xFF, 0xFF, 0xFF, 0xFF, 0xFF, 0xFF, 0xFF, 0xFF, 0xFF, 0xFF, 
	0xFF, 0xFF, 0xFF, 0xFF, 0xFF, 0xFF, 0xFF, 0xFF, 0xEC, 0xA9, 0x88, 0x88, 0x77, 0x77, 0x77, 
	0x77, 0x77, 0x67, 0x77, 0x77, 0x77, 0x77, 0x78, 0xAC, 0xDD, 0xCB, 0xBA, 0xBA, 0x99, 0x87, 
	0x77, 0x76, 0x55, 0x56, 0x55, 0x55, 0x55, 0x55, 0x55, 0x44, 0x44, 0x44, 0x44, 0x44, 0x44, 
	0x44, 0x45, 0x55, 0x55, 0x65, 0x56, 0x66, 0x66, 0x66, 0x66, 0x66, 0x67, 0x78, 0x88, 0x89, 
	0x98, 0x88, 0x77, 0x65, 0x54, 0x34, 0x44, 0x44, 0x44, 0x44, 0x44, 0x44, 0x45, 0x54, 0x44, 
	0x45, 0x44, 0x44, 0x44, 0x44, 0x44, 0x33, 0x44, 0x43, 0x34, 0x43, 0x22, 0x22, 0x33, 0x22, 
	0x33, 0x44, 0x44, 0x45, 0x55, 0x66, 0x67, 0x88, 0x88, 0x88, 0x99, 0xAB, 0xBB, 0xBB, 0xBB, 
	0xCC, 0xBB, 0xA9, 0x99, 0x9A, 0xAB, 0xCC, 0xCC, 0xBA, 0x99, 0x99, 0x87, 0x77, 0x77, 0x77, 
	0x78, 0x89, 0x99, 0x88, 0x76, 0x66, 0x67, 0x66, 0x55, 0x66, 0x77, 0x77, 0x78, 0x88, 0x88, 
	0x89, 0xAA, 0xBB, 0xBC, 0xCB, 0xCC, 0xCC, 0xCC, 0xCC, 0xCC, 0xBB, 0xA9, 0x98, 0x76, 0x54, 
	0x44, 0x55, 0x44, 0x55, 0x55, 0x55, 0x56, 0x66, 0x66, 0x66, 0x55, 0x55, 0x66, 0x66, 0x66, 
	0x66, 0x66, 0x66, 0x66, 0x66, 0x56, 0x66, 0x66, 0x66, 0x66, 0x66, 0x66, 0x66, 0x66, 0x66, 
	0x66, 0x66, 0x77, 0x77, 0x66, 0x66, 0x55, 0x55, 0x66, 0x66, 0x66, 0x66, 0x66, 0x66, 0x66, 
	0x66, 0x66, 0x66, 0x77, 0x77, 0x77, 0x77, 0x77, 0x77, 0x77, 0x77, 0x77, 0x77, 0x77, 0x77, 
	0x88, 0x77, 0x88, 0x88, 0x88, 0x78, 0x77, 0x88, 0x88, 0x88, 0x88, 0x88, 0x88, 0x88, 0x88, 
	0x88, 0x88, 0x88, 0x88, 0x89, 0x99, 0x98, 0x88, 0x89, 0x99, 0x98, 0x98, 0x88, 0x99, 0x98, 
	0xCB, 0xBB, 0xBB, 0xAA, 0xBB, 0xCC, 0xBB, 0xBB, 0xA9, 0x9A, 0xAA, 0xAA, 0xAA, 0xAA, 0x99, 
	0x99, 0x99, 0x88, 0x87, 0x78, 0x89, 0x9A, 0xBE, 0xED, 0xBB, 0xBC, 0xCB, 0xBB, 0xBA, 0xAA, 
	0xAA, 0xBB, 0xBA, 0xAB, 0xCC, 0xDC, 0xCC, 0xCB, 0xAA, 0xAA, 0xAA, 0x98, 0x9C, 0xEF, 0xFF, 
	0xEE, 0xEF, 0xFF, 0xFF, 0xFF, 0xEF, 0xFF, 0xFF, 0xFF, 0xFF, 0xFF, 0xFF, 0xFF, 0xFF, 0xFF, 
	0xFF, 0xFF, 0xFF, 0xFF, 0xEF, 0xFF, 0xFF, 0xFE, 0xCA, 0x88, 0x88, 0x87, 0x77, 0x88, 0x88, 
	0x87, 0x76, 0x66, 0x77, 0x77, 0x88, 0x76, 0x66, 0x9D, 0xED, 0xDC, 0xBB, 0xBA, 0x99, 0x88, 
	0x78, 0x77, 0x65, 0x66, 0x55, 0x55, 0x55, 0x44, 0x44, 0x44, 0x44, 0x44, 0x44, 0x44, 0x44, 
	0x45, 0x55, 0x55, 0x56, 0x65, 0x55, 0x66, 0x66, 0x66, 0x66, 0x66, 0x67, 0x77, 0x88, 0x88, 
	0x98, 0x88, 0x87, 0x66, 0x54, 0x34, 0x44, 0x44, 0x44, 0x44, 0x44, 0x45, 0x56, 0x55, 0x44, 
	0x44, 0x44, 0x44, 0x43, 0x33, 0x43, 0x33, 0x34, 0x44, 0x44, 0x43, 0x32, 0x23, 0x33, 0x33, 
	0x33, 0x34, 0x44, 0x45, 0x55, 0x56, 0x67, 0x88, 0x87, 0x88, 0x99, 0xAB, 0xBB, 0xBB, 0xBB, 
	0xBC, 0xBB, 0xA9, 0x98, 0x9A, 0xAB, 0xCC, 0xCB, 0xBA, 0xA9, 0x99, 0x88, 0x77, 0x77, 0x77, 
	0x78, 0x99, 0x99, 0x88, 0x87, 0x66, 0x66, 0x66, 0x56, 0x66, 0x77, 0x77, 0x78, 0x88, 0x88, 
	0x99, 0xAA, 0xBB, 0xCC, 0xCB, 0xBC, 0xCC, 0xCC, 0xCC, 0xCC, 0xCB, 0xBA, 0xAA, 0x86, 0x54, 
	0x44, 0x55, 0x45, 0x55, 0x55, 0x55, 0x55, 0x66, 0x66, 0x65, 0x55, 0x55, 0x56, 0x66, 0x65, 
	0x55, 0x55, 0x56, 0x66, 0x65, 0x55, 0x66, 0x66, 0x66, 0x66, 0x66, 0x66, 0x66, 0x66, 0x66, 
	0x66, 0x66, 0x66, 0x77, 0x77, 0x77, 0x65, 0x55, 0x56, 0x66, 0x66, 0x66, 0x66, 0x66, 0x66, 
	0x66, 0x66, 0x66, 0x77, 0x77, 0x77, 0x77, 0x77, 0x77, 0x77, 0x77, 0x77, 0x77, 0x77, 0x77, 
	0x88, 0x87, 0x88, 0x88, 0x88, 0x88, 0x88, 0x88, 0x88, 0x88, 0x88, 0x88, 0x88, 0x88, 0x88, 
	0x88, 0x88, 0x88, 0x88, 0x89, 0x99, 0x88, 0x88, 0x99, 0x99, 0x99, 0x99, 0x88, 0x99, 0x88, 
	0xBB, 0xAB, 0xBB, 0xBB, 0xBC, 0xCC, 0xBA, 0xAA, 0xA9, 0x99, 0x99, 0x99, 0xAA, 0xAA, 0x9A, 
	0xAA, 0xA9, 0x88, 0x87, 0x78, 0x89, 0x99, 0xBE, 0xEC, 0xBB, 0xCC, 0xCB, 0xBB, 0xCB, 0xBB, 
	0xAA, 0xBB, 0xAA, 0xAB, 0xCC, 0xCC, 0xCC, 0xCB, 0xAA, 0xBB, 0xBB, 0xAA, 0xAC, 0xEF, 0xFF, 
	0xFF, 0xFF, 0xFF, 0xFF, 0xFF, 0xEF, 0xFF, 0xFF, 0xFF, 0xFF, 0xFF, 0xFF, 0xFF, 0xFF, 0xFF, 
	0xFF, 0xFF, 0xFF, 0xFF, 0xFF, 0xFF, 0xFF, 0xEC, 0xB8, 0x88, 0x87, 0x77, 0x77, 0x88, 0x88, 
	0x77, 0x76, 0x56, 0x67, 0x78, 0x88, 0x75, 0x57, 0xAE, 0xFE, 0xDD, 0xBB, 0xA9, 0x99, 0x98, 
	0x88, 0x87, 0x66, 0x66, 0x65, 0x55, 0x55, 0x54, 0x44, 0x44, 0x44, 0x44, 0x54, 0x44, 0x44, 
	0x45, 0x55, 0x55, 0x66, 0x65, 0x56, 0x66, 0x66, 0x66, 0x66, 0x66, 0x77, 0x77, 0x77, 0x88, 
	0x88, 0x99, 0x88, 0x77, 0x65, 0x45, 0x55, 0x44, 0x44, 0x44, 0x55, 0x55, 0x66, 0x55, 0x44, 
	0x33, 0x34, 0x44, 0x33, 0x33, 0x33, 0x33, 0x34, 0x44, 0x44, 0x43, 0x32, 0x22, 0x33, 0x33, 
	0x33, 0x34, 0x44, 0x45, 0x55, 0x56, 0x67, 0x88, 0x87, 0x78, 0x99, 0xAB, 0xBB, 0xBB, 0xBB, 
	0xBB, 0xBB, 0xA9, 0x88, 0x9A, 0xBB, 0xCC, 0xCC, 0xBB, 0xAA, 0x99, 0x98, 0x77, 0x77, 0x77, 
	0x88, 0x99, 0x98, 0x88, 0x88, 0x76, 0x67, 0x76, 0x66, 0x67, 0x77, 0x77, 0x88, 0x89, 0x89, 
	0x99, 0x9A, 0xAB, 0xCC, 0xCC, 0xCC, 0xCC, 0xCC, 0xCC, 0xCC, 0xCB, 0xBA, 0xAA, 0x97, 0x44, 
	0x44, 0x55, 0x55, 0x55, 0x55, 0x55, 0x55, 0x55, 0x55, 0x65, 0x55, 0x55, 0x55, 0x66, 0x55, 
	0x55, 0x55, 0x55, 0x56, 0x65, 0x55, 0x66, 0x66, 0x66, 0x66, 0x66, 0x66, 0x66, 0x66, 0x66, 
	0x66, 0x66, 0x66, 0x77, 0x77, 0x77, 0x76, 0x66, 0x55, 0x66, 0x66, 0x66, 0x66, 0x66, 0x66, 
	0x66, 0x66, 0x66, 0x67, 0x77, 0x77, 0x77, 0x77, 0x77, 0x77, 0x77, 0x77, 0x77, 0x77, 0x77, 
	0x88, 0x87, 0x88, 0x88, 0x88, 0x88, 0x88, 0x88, 0x88, 0x88, 0x88, 0x88, 0x88, 0x88, 0x88, 
	0x88, 0x88, 0x88, 0x88, 0x88, 0x88, 0x88, 0x88, 0x99, 0x88, 0x88, 0x88, 0x89, 0x99, 0x98, 
	0xBB, 0xBB, 0xBB, 0xCC, 0xCC, 0xCC, 0xBA, 0xAA, 0xA9, 0x99, 0x99, 0x99, 0xAA, 0xAA, 0xAB, 
	0xBB, 0xBA, 0x99, 0x88, 0x88, 0x78, 0x89, 0xBD, 0xDB, 0xBB, 0xCC, 0xCB, 0xBC, 0xCC, 0xCC, 
	0xBB, 0xBB, 0xA9, 0xAA, 0xBB, 0xCC, 0xCB, 0xBB, 0xAA, 0xBC, 0xBB, 0xBB, 0xBD, 0xEF, 0xFF, 
	0xFF, 0xFF, 0xFF, 0xFF, 0xFF, 0xFF, 0xFF, 0xFF, 0xFF, 0xFF, 0xFF, 0xFF, 0xFF, 0xFF, 0xFF, 
	0xFF, 0xFF, 0xFF, 0xFF, 0xFF, 0xFF, 0xFE, 0xCA, 0x98, 0x88, 0x77, 0x77, 0x77, 0x77, 0x78, 
	0x77, 0x66, 0x55, 0x67, 0x88, 0x88, 0x66, 0x79, 0xCE, 0xED, 0xDD, 0xBA, 0xAA, 0xAA, 0x99, 
	0x98, 0x77, 0x66, 0x77, 0x66, 0x66, 0x55, 0x55, 0x44, 0x44, 0x44, 0x55, 0x55, 0x55, 0x44, 
	0x55, 0x55, 0x55, 0x56, 0x65, 0x66, 0x66, 0x67, 0x76, 0x66, 0x66, 0x77, 0x77, 0x77, 0x88, 
	0x89, 0x99, 0x99, 0x87, 0x77, 0x65, 0x55, 0x44, 0x44, 0x45, 0x55, 0x56, 0x55, 0x44, 0x44, 
	0x33, 0x33, 0x43, 0x33, 0x33, 0x43, 0x33, 0x44, 0x44, 0x44, 0x44, 0x33, 0x33, 0x33, 0x33, 
	0x33, 0x34, 0x44, 0x55, 0x55, 0x66, 0x67, 0x78, 0x77, 0x78, 0x9A, 0xAB, 0xBB, 0xBA, 0xAB, 
	0xBB, 0xBB, 0xA9, 0x88, 0x9A, 0xBC, 0xCC, 0xCC, 0xBB, 0xBA, 0x99, 0x98, 0x88, 0x88, 0x88, 
	0x88, 0x99, 0x98, 0x77, 0x77, 0x77, 0x77, 0x77, 0x77, 0x77, 0x88, 0x88, 0x88, 0x99, 0x99, 
	0x9A, 0xAA, 0xAB, 0xCC, 0xDC, 0xCC, 0xCC, 0xCC, 0xCC, 0xCC, 0xBB, 0xBB, 0xBB, 0xA7, 0x54, 
	0x44, 0x55, 0x55, 0x55, 0x55, 0x55, 0x55, 0x55, 0x55, 0x65, 0x55, 0x55, 0x55, 0x56, 0x55, 
	0x55, 0x55, 0x55, 0x55, 0x55, 0x56, 0x66, 0x66, 0x66, 0x66, 0x66, 0x66, 0x66, 0x66, 0x66, 
	0x66, 0x66, 0x66, 0x67, 0x77, 0x77, 0x77, 0x77, 0x66, 0x66, 0x66, 0x66, 0x66, 0x66, 0x66, 
	0x66, 0x66, 0x66, 0x67, 0x77, 0x77, 0x77, 0x77, 0x77, 0x77, 0x77, 0x77, 0x77, 0x87, 0x77, 
	0x77, 0x77, 0x77, 0x88, 0x88, 0x88, 0x88, 0x88, 0x88, 0x88, 0x88, 0x88, 0x88, 0x88, 0x88, 
	0x88, 0x88, 0x88, 0x88, 0x89, 0x99, 0x88, 0x89, 0x99, 0x88, 0x88, 0x88, 0x99, 0x99, 0x99, 
	0xBB, 0xBB, 0xBB, 0xCC, 0xCC, 0xCB, 0xBA, 0xAA, 0xA9, 0x99, 0xAA, 0xAA, 0xAA, 0xAA, 0xBB, 
	0xBB, 0xBA, 0x99, 0x99, 0x87, 0x77, 0x78, 0x9B, 0xBA, 0xBB, 0xBB, 0xBB, 0xBC, 0xCB, 0xBC, 
	0xCC, 0xCB, 0xAA, 0xAA, 0xBB, 0xBB, 0xBB, 0xBB, 0xAB, 0xBB, 0xBB, 0xBB, 0xBD, 0xEF, 0xFF, 
	0xFF, 0xFF, 0xFF, 0xFF, 0xFF, 0xFF, 0xFF, 0xFF, 0xFF, 0xFF, 0xFF, 0xFF, 0xFF, 0xFF, 0xFF, 
	0xFF, 0xFF, 0xFF, 0xFF, 0xFF, 0xFF, 0xEC, 0xA8, 0x88, 0x88, 0x77, 0x77, 0x77, 0x77, 0x77, 
	0x76, 0x65, 0x55, 0x68, 0x88, 0x78, 0x77, 0x9C, 0xEF, 0xEE, 0xDD, 0xCA, 0xAA, 0xBA, 0xAA, 
	0x98, 0x77, 0x77, 0x77, 0x66, 0x66, 0x66, 0x55, 0x55, 0x44, 0x44, 0x44, 0x45, 0x55, 0x55, 
	0x55, 0x55, 0x55, 0x55, 0x56, 0x67, 0x77, 0x67, 0x77, 0x76, 0x77, 0x77, 0x77, 0x77, 0x88, 
	0x89, 0xA9, 0x99, 0x98, 0x88, 0x76, 0x55, 0x54, 0x55, 0x45, 0x55, 0x55, 0x55, 0x44, 0x44, 
	0x44, 0x44, 0x43, 0x33, 0x33, 0x44, 0x44, 0x44, 0x44, 0x44, 0x44, 0x33, 0x33, 0x33, 0x33, 
	0x33, 0x44, 0x55, 0x55, 0x55, 0x66, 0x66, 0x77, 0x77, 0x78, 0x9A, 0xAA, 0xBB, 0xBA, 0xAB, 
	0xBB, 0xBB, 0xA9, 0x88, 0x9A, 0xBC, 0xCC, 0xCC, 0xCB, 0xBA, 0x99, 0x98, 0x88, 0x88, 0x88, 
	0x88, 0x99, 0x98, 0x76, 0x67, 0x77, 0x77, 0x77, 0x78, 0x88, 0x88, 0x88, 0x99, 0x9A, 0xA9, 
	0xAA, 0xAA, 0xAB, 0xCC, 0xDC, 0xCC, 0xCC, 0xCC, 0xCC, 0xCB, 0xBB, 0xBB, 0xA9, 0x86, 0x54, 
	0x44, 0x55, 0x55, 0x55, 0x55, 0x56, 0x55, 0x55, 0x55, 0x65, 0x55, 0x55, 0x55, 0x66, 0x55, 
	0x55, 0x55, 0x55, 0x55, 0x55, 0x56, 0x65, 0x66, 0x66, 0x66, 0x66, 0x66, 0x66, 0x66, 0x66, 
	0x66, 0x67, 0x66, 0x66, 0x66, 0x66, 0x67, 0x77, 0x76, 0x66, 0x66, 0x66, 0x66, 0x66, 0x66, 
	0x66, 0x66, 0x66, 0x66, 0x66, 0x77, 0x77, 0x77, 0x77, 0x77, 0x77, 0x77, 0x77, 0x77, 0x77, 
	0x77, 0x77, 0x77, 0x88, 0x87, 0x78, 0x88, 0x88, 0x88, 0x88, 0x88, 0x88, 0x88, 0x88, 0x88, 
	0x88, 0x88, 0x88, 0x88, 0x89, 0x99, 0x98, 0x89, 0x99, 0x98, 0x88, 0x88, 0x99, 0x99, 0x99, 
	0xBB, 0xBB, 0xBB, 0xBB, 0xBB, 0xBB, 0xAA, 0xAA, 0xAA, 0xAA, 0xAA, 0xAA, 0xAA, 0xAA, 0xBA, 
	0xAB, 0xBB, 0x99, 0x99, 0x88, 0x77, 0x77, 0x9A, 0xAA, 0xBB, 0xBB, 0xBB, 0xBC, 0xBA, 0xAB, 
	0xCC, 0xCB, 0xAA, 0xAB, 0xBB, 0xBB, 0xBB, 0xBB, 0xBB, 0xBB, 0xBB, 0xBB, 0xBD, 0xEF, 0xFE, 
	0xEF, 0xFF, 0xEF, 0xFF, 0xFF, 0xFF, 0xFF, 0xFF, 0xFF, 0xFF, 0xFF, 0xFF, 0xFF, 0xFF, 0xFF, 
	0xFF, 0xFF, 0xFF, 0xFF, 0xFF, 0xFE, 0xCA, 0x88, 0x88, 0x88, 0x77, 0x77, 0x77, 0x77, 0x77, 
	0x76, 0x55, 0x55, 0x57, 0x77, 0x78, 0x88, 0xBD, 0xEF, 0xEE, 0xED, 0xCB, 0xAB, 0xCB, 0xA9, 
	0x88, 0x77, 0x77, 0x77, 0x66, 0x66, 0x66, 0x66, 0x55, 0x54, 0x44, 0x44, 0x55, 0x56, 0x65, 
	0x55, 0x55, 0x55, 0x55, 0x56, 0x67, 0x77, 0x77, 0x77, 0x77, 0x77, 0x77, 0x77, 0x77, 0x88, 
	0x89, 0x99, 0x99, 0x98, 0x98, 0x76, 0x55, 0x55, 0x65, 0x55, 0x55, 0x55, 0x55, 0x44, 0x44, 
	0x44, 0x44, 0x44, 0x33, 0x44, 0x44, 0x44, 0x44, 0x44, 0x44, 0x44, 0x43, 0x33, 0x33, 0x33, 
	0x33, 0x44, 0x45, 0x55, 0x55, 0x66, 0x66, 0x77, 0x77, 0x78, 0x9A, 0xAA, 0xAB, 0xBA, 0xAB, 
	0xBB, 0xBB, 0xB9, 0x88, 0x9A, 0xBC, 0xCC, 0xCC, 0xCB, 0xBA, 0xAA, 0xA9, 0x98, 0x87, 0x78, 
	0x89, 0x9A, 0x98, 0x76, 0x66, 0x77, 0x77, 0x77, 0x78, 0x88, 0x99, 0x89, 0x9A, 0xAA, 0xAA, 
	0xAB, 0xBB, 0xBB, 0xBC, 0xCC, 0xCC, 0xCC, 0xCC, 0xCC, 0xCB, 0xBB, 0xA9, 0x86, 0x54, 0x44, 
	0x44, 0x45, 0x55, 0x55, 0x55, 0x56, 0x65, 0x55, 0x55, 0x55, 0x55, 0x55, 0x55, 0x56, 0x55, 
	0x55, 0x55, 0x55, 0x55, 0x55, 0x55, 0x55, 0x66, 0x66, 0x66, 0x66, 0x66, 0x66, 0x66, 0x66, 
	0x66, 0x66, 0x66, 0x66, 0x66, 0x66, 0x67, 0x77, 0x77, 0x66, 0x66, 0x66, 0x66, 0x66, 0x66, 
	0x66, 0x66, 0x66, 0x66, 0x66, 0x77, 0x77, 0x77, 0x77, 0x77, 0x77, 0x77, 0x77, 0x77, 0x77, 
	0x77, 0x88, 0x88, 0x88, 0x87, 0x77, 0x88, 0x88, 0x88, 0x88, 0x88, 0x88, 0x88, 0x88, 0x88, 
	0x88, 0x88, 0x88, 0x88, 0x89, 0x99, 0x98, 0x88, 0x89, 0x99, 0x99, 0x99, 0x99, 0x99, 0x99, 
	0xAB, 0xBA, 0xAA, 0xAA, 0xBB, 0xBA, 0xAA, 0xAA, 0xAA, 0xAA, 0xBB, 0xAA, 0xAB, 0xAA, 0xAA, 
	0x9A, 0xBB, 0xA8, 0x88, 0x88, 0x77, 0x77, 0x9A, 0xAB, 0xBB, 0xBB, 0xBC, 0xCB, 0xBA, 0xAB, 
	0xBB, 0xCB, 0xBB, 0xBB, 0xBB, 0xBB, 0xBB, 0xBB, 0xBC, 0xCB, 0xBB, 0xBA, 0xAC, 0xEF, 0xFF, 
	0xFF, 0xFF, 0xFF, 0xFF, 0xFF, 0xFF, 0xFF, 0xFF, 0xFF, 0xFF, 0xFF, 0xFF, 0xFF, 0xFF, 0xFF, 
	0xFF, 0xFF, 0xFF, 0xFF, 0xFE, 0xDC, 0xA8, 0x88, 0x87, 0x77, 0x77, 0x77, 0x77, 0x77, 0x77, 
	0x66, 0x55, 0x44, 0x56, 0x77, 0x77, 0x78, 0xAC, 0xDD, 0xEE, 0xED, 0xDC, 0xBC, 0xCA, 0x99, 
	0x88, 0x87, 0x77, 0x77, 0x76, 0x66, 0x66, 0x66, 0x65, 0x54, 0x44, 0x44, 0x56, 0x66, 0x66, 
	0x55, 0x55, 0x55, 0x55, 0x66, 0x77, 0x77, 0x77, 0x77, 0x76, 0x66, 0x66, 0x77, 0x77, 0x88, 
	0x89, 0x99, 0x99, 0x99, 0x98, 0x87, 0x66, 0x66, 0x66, 0x55, 0x55, 0x55, 0x55, 0x54, 0x44, 
	0x45, 0x55, 0x44, 0x34, 0x44, 0x45, 0x54, 0x44, 0x44, 0x44, 0x44, 0x43, 0x33, 0x33, 0x33, 
	0x33, 0x33, 0x45, 0x55, 0x55, 0x66, 0x67, 0x77, 0x77, 0x78, 0x89, 0xAA, 0xAA, 0xAA, 0xAB, 
	0xBB, 0xBB, 0xBA, 0x98, 0x9A, 0xBC, 0xCC, 0xCC, 0xBB, 0xBB, 0xAA, 0xAA, 0x99, 0x87, 0x77, 
	0x89, 0xAA, 0xA8, 0x76, 0x66, 0x67, 0x78, 0x88, 0x88, 0x88, 0x99, 0x99, 0xAA, 0xBB, 0xBB, 
	0xBB, 0xCC, 0xBB, 0xBC, 0xCC, 0xCC, 0xCC, 0xCC, 0xCC, 0xBB, 0xCB, 0xA8, 0x64, 0x44, 0x44, 
	0x44, 0x44, 0x55, 0x55, 0x55, 0x55, 0x65, 0x55, 0x55, 0x55, 0x55, 0x55, 0x55, 0x55, 0x55, 
	0x55, 0x55, 0x55, 0x55, 0x55, 0x55, 0x55, 0x66, 0x66, 0x66, 0x66, 0x66, 0x66, 0x66, 0x66, 
	0x66, 0x66, 0x66, 0x66, 0x66, 0x66, 0x67, 0x77, 0x77, 0x76, 0x66, 0x66, 0x66, 0x66, 0x66, 
	0x66, 0x66, 0x66, 0x66, 0x66, 0x67, 0x77, 0x77, 0x77, 0x77, 0x77, 0x77, 0x77, 0x77, 0x78, 
	0x88, 0x88, 0x88, 0x88, 0x87, 0x77, 0x88, 0x88, 0x88, 0x88, 0x88, 0x88, 0x88, 0x88, 0x88, 
	0x88, 0x88, 0x88, 0x88, 0x89, 0x99, 0x88, 0x88, 0x88, 0x99, 0x99, 0x99, 0x99, 0x99, 0x99, 
	0xAB, 0xBA, 0xAA, 0x9A, 0xAB, 0xAA, 0xAA, 0xAA, 0xAA, 0xAB, 0xAA, 0xBA, 0xBB, 0xA9, 0xAA, 
	0x9A, 0xAB, 0x97, 0x76, 0x87, 0x78, 0x88, 0xAB, 0xBB, 0xBB, 0xBB, 0xCC, 0xBB, 0xBB, 0xAA, 
	0xAA, 0xBB, 0xBC, 0xBB, 0xBB, 0xAB, 0xBB, 0xCC, 0xBB, 0xBB, 0xBB, 0xBA, 0xBB, 0xEF, 0xFF, 
	0xFF, 0xFF, 0xFF, 0xFF, 0xFF, 0xFF, 0xFF, 0xFF, 0xFF, 0xFF, 0xFF, 0xFF, 0xFF, 0xFF, 0xFF, 
	0xFF, 0xEF, 0xFF, 0xFF, 0xED, 0xB9, 0x88, 0x88, 0x87, 0x77, 0x77, 0x77, 0x77, 0x77, 0x77, 
	0x66, 0x55, 0x54, 0x45, 0x67, 0x76, 0x67, 0x8A, 0xAB, 0xDF, 0xED, 0xDD, 0xDC, 0xB9, 0x89, 
	0x98, 0x88, 0x88, 0x77, 0x77, 0x76, 0x66, 0x66, 0x55, 0x54, 0x44, 0x45, 0x56, 0x66, 0x55, 
	0x55, 0x66, 0x56, 0x66, 0x66, 0x77, 0x77, 0x77, 0x65, 0x56, 0x65, 0x66, 0x67, 0x77, 0x77, 
	0x88, 0x99, 0x99, 0x99, 0x88, 0x87, 0x77, 0x66, 0x66, 0x55, 0x56, 0x65, 0x55, 0x54, 0x44, 
	0x45, 0x55, 0x44, 0x44, 0x44, 0x55, 0x44, 0x45, 0x55, 0x44, 0x44, 0x44, 0x33, 0x33, 0x33, 
	0x33, 0x33, 0x44, 0x44, 0x55, 0x66, 0x77, 0x87, 0x77, 0x76, 0x78, 0x9A, 0xAA, 0xAA, 0xBB, 
	0xBB, 0xBB, 0xBA, 0x99, 0x9A, 0xBB, 0xCC, 0xCC, 0xBB, 0xBA, 0xAB, 0xBA, 0x99, 0x87, 0x78, 
	0x89, 0xAA, 0x99, 0x87, 0x77, 0x77, 0x78, 0x88, 0x89, 0x98, 0x9A, 0xAA, 0xAB, 0xBB, 0xBB, 
	0xBC, 0xCC, 0xCC, 0xCC, 0xCC, 0xCC, 0xCC, 0xCC, 0xCC, 0xCC, 0xCB, 0xA9, 0x75, 0x45, 0x54, 
	0x44, 0x44, 0x45, 0x55, 0x55, 0x55, 0x55, 0x55, 0x55, 0x55, 0x55, 0x55, 0x55, 0x55, 0x55, 
	0x55, 0x55, 0x55, 0x55, 0x55, 0x55, 0x55, 0x65, 0x56, 0x66, 0x66, 0x66, 0x66, 0x66, 0x66, 
	0x66, 0x66, 0x67, 0x76, 0x66, 0x67, 0x77, 0x77, 0x77, 0x77, 0x77, 0x66, 0x66, 0x66, 0x66, 
	0x66, 0x66, 0x66, 0x66, 0x77, 0x77, 0x77, 0x77, 0x77, 0x77, 0x77, 0x77, 0x77, 0x78, 0x88, 
	0x88, 0x88, 0x88, 0x88, 0x77, 0x77, 0x77, 0x88, 0x88, 0x88, 0x88, 0x88, 0x88, 0x88, 0x88, 
	0x88, 0x88, 0x88, 0x88, 0x88, 0x88, 0x88, 0x88, 0x89, 0x99, 0x99, 0x98, 0x88, 0x89, 0x99, 
	0xAB, 0xBB, 0xBA, 0xAA, 0xAB, 0xA9, 0xAA, 0x9A, 0xAA, 0xAB, 0xAA, 0xBB, 0xBB, 0xA9, 0x9A, 
	0x99, 0xAA, 0x97, 0x66, 0x78, 0x89, 0x9A, 0xBC, 0xCB, 0xBB, 0xBB, 0xCB, 0xAA, 0xBB, 0xAA, 
	0x9A, 0xBB, 0xBB, 0xBB, 0xBB, 0xAA, 0xAB, 0xBB, 0xBB, 0xCC, 0xBC, 0xCB, 0xBC, 0xEF, 0xEF, 
	0xFF, 0xEE, 0xFF, 0xFF, 0xFF, 0xFF, 0xFF, 0xFF, 0xFF, 0xFF, 0xFF, 0xFF, 0xFF, 0xFF, 0xFF, 
	0xFE, 0xEF, 0xFF, 0xFE, 0xDB, 0x98, 0x88, 0x88, 0x77, 0x77, 0x77, 0x77, 0x77, 0x76, 0x66, 
	0x66, 0x55, 0x44, 0x45, 0x67, 0x76, 0x55, 0x78, 0x99, 0xBE, 0xED, 0xDD, 0xDB, 0xA9, 0x89, 
	0x98, 0x87, 0x88, 0x77, 0x77, 0x76, 0x55, 0x65, 0x55, 0x54, 0x44, 0x55, 0x55, 0x55, 0x55, 
	0x56, 0x66, 0x66, 0x66, 0x66, 0x67, 0x77, 0x66, 0x55, 0x55, 0x56, 0x66, 0x66, 0x77, 0x78, 
	0x88, 0x89, 0x99, 0x99, 0x88, 0x88, 0x87, 0x76, 0x66, 0x66, 0x55, 0x56, 0x55, 0x55, 0x44, 
	0x45, 0x55, 0x44, 0x44, 0x44, 0x55, 0x54, 0x45, 0x55, 0x44, 0x44, 0x44, 0x43, 0x33, 0x33, 
	0x33, 0x34, 0x44, 0x45, 0x55, 0x56, 0x67, 0x77, 0x77, 0x66, 0x67, 0x9A, 0xA9, 0xAA, 0xBB, 
	0xBB, 0xBB, 0xBA, 0x99, 0x9A, 0xBB, 0xCC, 0xCC, 0xBB, 0xBA, 0xAB, 0xBA, 0x98, 0x87, 0x88, 
	0x9A, 0xAA, 0x99, 0x88, 0x88, 0x78, 0x88, 0x88, 0x99, 0x99, 0xAA, 0xAA, 0xBB, 0xBA, 0xAB, 
	0xBC, 0xCC, 0xCC, 0xCC, 0xBB, 0xBC, 0xCC, 0xCC, 0xCC, 0xCC, 0xCB, 0xBA, 0x87, 0x76, 0x54, 
	0x45, 0x44, 0x55, 0x55, 0x55, 0x55, 0x66, 0x65, 0x55, 0x55, 0x55, 0x55, 0x55, 0x55, 0x55, 
	0x55, 0x55, 0x55, 0x55, 0x55, 0x55, 0x55, 0x55, 0x56, 0x66, 0x66, 0x66, 0x66, 0x66, 0x66, 
	0x66, 0x66, 0x67, 0x76, 0x66, 0x66, 0x77, 0x77, 0x77, 0x67, 0x77, 0x66, 0x66, 0x66, 0x66, 
	0x66, 0x66, 0x66, 0x66, 0x77, 0x77, 0x77, 0x77, 0x77, 0x77, 0x78, 0x77, 0x77, 0x77, 0x88, 
	0x77, 0x88, 0x88, 0x88, 0x87, 0x77, 0x87, 0x88, 0x88, 0x88, 0x88, 0x88, 0x88, 0x88, 0x88, 
	0x88, 0x88, 0x88, 0x88, 0x88, 0x88, 0x88, 0x88, 0x88, 0x99, 0x99, 0x99, 0x99, 0x99, 0x99, 
	0xBB, 0xCC, 0xBA, 0xAA, 0xBA, 0x99, 0xAA, 0x9A, 0xAA, 0xAB, 0xBB, 0xBB, 0xBB, 0x98, 0x89, 
	0x99, 0x98, 0x87, 0x67, 0x89, 0xAA, 0xAB, 0xCC, 0xBB, 0xBB, 0xBB, 0xBA, 0xAA, 0xBB, 0xA9, 
	0x9A, 0xBB, 0xAB, 0xBB, 0xBB, 0xA9, 0x9A, 0xAA, 0xAB, 0xCC, 0xCC, 0xCC, 0xCC, 0xEF, 0xEE, 
	0xFF, 0xEE, 0xEF, 0xFF, 0xFF, 0xFF, 0xFF, 0xFF, 0xFF, 0xFF, 0xFF, 0xFF, 0xFF, 0xFF, 0xFF, 
	0xFF, 0xFF, 0xFF, 0xEC, 0xB9, 0x88, 0x88, 0x88, 0x77, 0x77, 0x77, 0x77, 0x77, 0x76, 0x66, 
	0x65, 0x55, 0x44, 0x34, 0x67, 0x76, 0x54, 0x68, 0x9A, 0xBD, 0xED, 0xDD, 0xDB, 0xA9, 0x98, 
	0x88, 0x87, 0x87, 0x77, 0x77, 0x76, 0x56, 0x65, 0x55, 0x54, 0x44, 0x55, 0x44, 0x45, 0x55, 
	0x56, 0x66, 0x66, 0x66, 0x66, 0x67, 0x76, 0x66, 0x54, 0x45, 0x56, 0x65, 0x66, 0x77, 0x78, 
	0x88, 0x89, 0x99, 0x99, 0x99, 0x99, 0x88, 0x77, 0x66, 0x66, 0x65, 0x56, 0x55, 0x55, 0x44, 
	0x45, 0x54, 0x45, 0x55, 0x54, 0x55, 0x55, 0x54, 0x44, 0x44, 0x44, 0x44, 0x43, 0x33, 0x33, 
	0x34, 0x43, 0x44, 0x44, 0x55, 0x55, 0x66, 0x77, 0x77, 0x66, 0x57, 0x89, 0x99, 0xAA, 0xAB, 
	0xBB, 0xAA, 0xBA, 0xAA, 0xAA, 0xBC, 0xCC, 0xBB, 0xBB, 0xBB, 0xBB, 0xA9, 0x88, 0x88, 0x89, 
	0x9A, 0xA9, 0x98, 0x88, 0x98, 0x88, 0x88, 0x88, 0x9A, 0xAA, 0xBB, 0xBA, 0xAB, 0xBA, 0xAA, 
	0xBB, 0xCC, 0xCC, 0xCC, 0xBB, 0xBC, 0xCC, 0xCC, 0xCC, 0xCC, 0xBB, 0xBA, 0x98, 0x76, 0x44, 
	0x44, 0x44, 0x55, 0x55, 0x55, 0x55, 0x56, 0x66, 0x66, 0x65, 0x55, 0x55, 0x55, 0x55, 0x55, 
	0x55, 0x55, 0x55, 0x55, 0x55, 0x55, 0x55, 0x55, 0x56, 0x66, 0x66, 0x66, 0x66, 0x66, 0x66, 
	0x66, 0x66, 0x67, 0x66, 0x66, 0x66, 0x66, 0x66, 0x66, 0x66, 0x77, 0x76, 0x66, 0x66, 0x66, 
	0x66, 0x66, 0x66, 0x66, 0x77, 0x77, 0x77, 0x67, 0x77, 0x77, 0x77, 0x77, 0x77, 0x77, 0x77, 
	0x77, 0x78, 0x78, 0x88, 0x88, 0x88, 0x88, 0x87, 0x78, 0x88, 0x88, 0x88, 0x88, 0x88, 0x88, 
	0x88, 0x88, 0x88, 0x88, 0x88, 0x88, 0x88, 0x88, 0x88, 0x89, 0x99, 0x99, 0x99, 0x99, 0x99, 
	0xBC, 0xCC, 0xBA, 0xAA, 0xAA, 0x99, 0xAA, 0xAA, 0xBB, 0xBB, 0xCC, 0xCC, 0xBA, 0x87, 0x78, 
	0x88, 0x77, 0x77, 0x79, 0xAB, 0xBB, 0xAA, 0xBC, 0xBB, 0xBC, 0xCB, 0xAA, 0xAA, 0xAA, 0x99, 
	0x9A, 0xBA, 0x9A, 0xBB, 0xBB, 0xA9, 0x89, 0xAA, 0xAB, 0xBB, 0xBC, 0xCB, 0xBC, 0xEE, 0xFF, 
	0xFF, 0xFE, 0xEE, 0xFF, 0xFF, 0xFF, 0xFF, 0xFF, 0xFF, 0xFF, 0xFF, 0xFF, 0xFF, 0xFF, 0xFF, 
	0xFF, 0xFF, 0xFD, 0xCA, 0x98, 0x88, 0x88, 0x88, 0x88, 0x77, 0x77, 0x77, 0x77, 0x77, 0x66, 
	0x65, 0x55, 0x54, 0x44, 0x56, 0x76, 0x54, 0x58, 0xAB, 0xBD, 0xEE, 0xED, 0xDC, 0xBB, 0xA9, 
	0x99, 0x88, 0x87, 0x77, 0x77, 0x76, 0x66, 0x65, 0x55, 0x55, 0x44, 0x55, 0x44, 0x44, 0x55, 
	0x55, 0x66, 0x66, 0x66, 0x66, 0x67, 0x66, 0x55, 0x44, 0x45, 0x56, 0x66, 0x66, 0x67, 0x78, 
	0x88, 0x88, 0x99, 0x99, 0x99, 0x99, 0x88, 0x87, 0x66, 0x66, 0x66, 0x55, 0x55, 0x54, 0x44, 
	0x55, 0x44, 0x45, 0x55, 0x55, 0x55, 0x55, 0x55, 0x44, 0x44, 0x44, 0x44, 0x44, 0x44, 0x43, 
	0x44, 0x43, 0x44, 0x44, 0x45, 0x55, 0x56, 0x66, 0x77, 0x66, 0x67, 0x89, 0x99, 0x9A, 0xAA, 
	0xAA, 0xAA, 0xBB, 0xBB, 0xBB, 0xBC, 0xCC, 0xBB, 0xBB, 0xBB, 0xBB, 0xA9, 0x77, 0x88, 0x99, 
	0xAA, 0xA9, 0x98, 0x88, 0x88, 0x99, 0x99, 0x99, 0xAA, 0xBB, 0xBB, 0xBA, 0xAB, 0xBB, 0xAA, 
	0xBB, 0xCB, 0xBC, 0xCC, 0xCC, 0xBC, 0xCC, 0xCC, 0xCC, 0xCC, 0xBB, 0xAA, 0x86, 0x55, 0x44, 
	0x44, 0x55, 0x55, 0x55, 0x55, 0x55, 0x55, 0x56, 0x66, 0x65, 0x55, 0x45, 0x55, 0x55, 0x55, 
	0x54, 0x55, 0x55, 0x55, 0x55, 0x55, 0x55, 0x55, 0x56, 0x66, 0x66, 0x66, 0x66, 0x66, 0x66, 
	0x66, 0x66, 0x66, 0x66, 0x66, 0x66, 0x66, 0x66, 0x66, 0x66, 0x67, 0x77, 0x77, 0x76, 0x66, 
	0x66, 0x66, 0x66, 0x66, 0x67, 0x77, 0x77, 0x77, 0x77, 0x77, 0x77, 0x77, 0x77, 0x77, 0x77, 
	0x77, 0x77, 0x77, 0x88, 0x88, 0x88, 0x88, 0x88, 0x88, 0x88, 0x88, 0x88, 0x88, 0x88, 0x88, 
	0x88, 0x88, 0x88, 0x88, 0x88, 0x88, 0x88, 0x88, 0x88, 0x88, 0x99, 0x99, 0x99, 0x99, 0x88, 
	0xBB, 0xBB, 0xBA, 0xAA, 0xBA, 0xAA, 0xAA, 0xAB, 0xBC, 0xDC, 0xBC, 0xCB, 0xA9, 0x77, 0x67, 
	0x76, 0x66, 0x77, 0x8A, 0xAB, 0xBB, 0xBA, 0xAB, 0xBB, 0xBC, 0xCB, 0xAA, 0xAA, 0x99, 0x9A, 
	0x9A, 0xA9, 0x9A, 0xBB, 0xBB, 0xB9, 0x78, 0x9A, 0xAA, 0xBB, 0xBC, 0xCB, 0xAB, 0xDE, 0xFF, 
	0xFF, 0xFE, 0xEE, 0xEF, 0xFF, 0xFF, 0xFF, 0xFF, 0xFF, 0xFF, 0xFF, 0xFF, 0xFF, 0xFF, 0xFF, 
	0xFF, 0xFE, 0xDB, 0xA8, 0x88, 0x88, 0x88, 0x77, 0x88, 0x87, 0x77, 0x77, 0x77, 0x77, 0x76, 
	0x65, 0x55, 0x54, 0x44, 0x46, 0x66, 0x54, 0x58, 0xBC, 0xDE, 0xFF, 0xFE, 0xDC, 0xCB, 0xA9, 
	0x99, 0x88, 0x88, 0x77, 0x77, 0x77, 0x76, 0x66, 0x66, 0x55, 0x44, 0x55, 0x43, 0x44, 0x44, 
	0x45, 0x55, 0x55, 0x66, 0x66, 0x66, 0x65, 0x55, 0x44, 0x55, 0x66, 0x76, 0x66, 0x67, 0x77, 
	0x88, 0x88, 0x99, 0x99, 0x99, 0x99, 0x88, 0x87, 0x76, 0x66, 0x66, 0x55, 0x55, 0x44, 0x44, 
	0x55, 0x54, 0x45, 0x55, 0x55, 0x55, 0x55, 0x55, 0x54, 0x44, 0x44, 0x44, 0x44, 0x44, 0x44, 
	0x44, 0x43, 0x44, 0x33, 0x44, 0x44, 0x55, 0x66, 0x66, 0x77, 0x78, 0x89, 0x99, 0x99, 0x9A, 
	0xAA, 0xAA, 0xAB, 0xBB, 0xBB, 0xBC, 0xCC, 0xBB, 0xBB, 0xBB, 0xBA, 0x98, 0x77, 0x88, 0x9A, 
	0xAA, 0xA9, 0x98, 0x77, 0x88, 0x99, 0x99, 0xAA, 0xAB, 0xBB, 0xCB, 0xBB, 0xBB, 0xCB, 0xBB, 
	0xBC, 0xCC, 0xCC, 0xCC, 0xCC, 0xCC, 0xCC, 0xCC, 0xCC, 0xBC, 0xBA, 0x98, 0x65, 0x54, 0x44, 
	0x44, 0x55, 0x44, 0x55, 0x55, 0x55, 0x66, 0x66, 0x66, 0x55, 0x55, 0x45, 0x55, 0x55, 0x55, 
	0x54, 0x55, 0x55, 0x55, 0x55, 0x55, 0x55, 0x55, 0x55, 0x66, 0x66, 0x66, 0x66, 0x66, 0x66, 
	0x66, 0x66, 0x66, 0x66, 0x66, 0x66, 0x66, 0x66, 0x66, 0x66, 0x66, 0x66, 0x77, 0x77, 0x66, 
	0x66, 0x66, 0x66, 0x66, 0x66, 0x77, 0x66, 0x77, 0x77, 0x77, 0x77, 0x77, 0x77, 0x77, 0x77, 
	0x77, 0x77, 0x77, 0x88, 0x88, 0x88, 0x88, 0x88, 0x88, 0x88, 0x88, 0x88, 0x88, 0x88, 0x88, 
	0x88, 0x88, 0x88, 0x88, 0x88, 0x88, 0x88, 0x88, 0x88, 0x88, 0x89, 0x99, 0x99, 0x99, 0x99, 
	0xBB, 0xBB, 0xBA, 0xAA, 0xBB, 0xBB, 0xAA, 0xAB, 0xBD, 0xDC, 0xBB, 0xBB, 0xB8, 0x77, 0x67, 
	0x77, 0x66, 0x79, 0x9A, 0xAB, 0xCC, 0xBA, 0xAA, 0xBB, 0xBB, 0xAA, 0xA9, 0x99, 0x99, 0x9A, 
	0xA9, 0xAA, 0x9A, 0xBB, 0xBB, 0xBA, 0x89, 0x99, 0x99, 0xAB, 0xBB, 0xBA, 0xAA, 0xDE, 0xFF, 
	0xEF, 0xFE, 0xEE, 0xFF, 0xFF, 0xFF, 0xFF, 0xFF, 0xFF, 0xFF, 0xFF, 0xFF, 0xFF, 0xFF, 0xFF, 
	0xFF, 0xED, 0xB9, 0x98, 0x88, 0x88, 0x87, 0x77, 0x77, 0x77, 0x77, 0x77, 0x77, 0x77, 0x76, 
	0x65, 0x55, 0x55, 0x44, 0x45, 0x65, 0x44, 0x69, 0xCE, 0xEE, 0xFE, 0xEE, 0xDD, 0xCB, 0xBB, 
	0xA9, 0x88, 0x88, 0x88, 0x87, 0x77, 0x76, 0x56, 0x66, 0x55, 0x55, 0x55, 0x44, 0x33, 0x44, 
	0x44, 0x55, 0x55, 0x66, 0x66, 0x65, 0x55, 0x44, 0x45, 0x55, 0x66, 0x77, 0x66, 0x77, 0x77, 
	0x88, 0x88, 0x99, 0x99, 0x99, 0x99, 0x88, 0x77, 0x77, 0x77, 0x76, 0x65, 0x55, 0x44, 0x44, 
	0x55, 0x55, 0x55, 0x56, 0x66, 0x66, 0x65, 0x55, 0x55, 0x55, 0x54, 0x44, 0x44, 0x45, 0x44, 
	0x43, 0x33, 0x33, 0x33, 0x34, 0x44, 0x44, 0x55, 0x66, 0x67, 0x79, 0x99, 0x89, 0x99, 0x9A, 
	0xAA, 0xAA, 0xAA, 0xBB, 0xBB, 0xBC, 0xCB, 0xCB, 0xBB, 0xBB, 0xAA, 0x98, 0x77, 0x89, 0x9A, 
	0xBB, 0xBA, 0x98, 0x78, 0x88, 0x99, 0x99, 0xAA, 0xBB, 0xCC, 0xCC, 0xBB, 0xCC, 0xCC, 0xCB, 
	0xBC, 0xCC, 0xCC, 0xCC, 0xCC, 0xCC, 0xCD, 0xDC, 0xCC, 0xBC, 0xBA, 0x98, 0x77, 0x65, 0x44, 
	0x44, 0x44, 0x44, 0x55, 0x55, 0x55, 0x56, 0x55, 0x66, 0x55, 0x55, 0x55, 0x55, 0x55, 0x55, 
	0x44, 0x55, 0x55, 0x55, 0x56, 0x55, 0x54, 0x55, 0x55, 0x55, 0x56, 0x66, 0x66, 0x66, 0x65, 
	0x66, 0x66, 0x66, 0x66, 0x66, 0x66, 0x66, 0x66, 0x66, 0x66, 0x66, 0x66, 0x67, 0x77, 0x76, 
	0x66, 0x76, 0x66, 0x66, 0x67, 0x76, 0x66, 0x77, 0x77, 0x77, 0x77, 0x77, 0x77, 0x77, 0x77, 
	0x77, 0x77, 0x77, 0x88, 0x88, 0x88, 0x88, 0x88, 0x88, 0x88, 0x88, 0x88, 0x88, 0x88, 0x88, 
	0x88, 0x88, 0x88, 0x88, 0x88, 0x88, 0x88, 0x88, 0x88, 0x88, 0x88, 0x89, 0x99, 0x99, 0x99, 
	0xBB, 0xBB, 0xBB, 0xBA, 0xBB, 0xBB, 0xAA, 0xBA, 0xBC, 0xCC, 0xBB, 0xBB, 0xA8, 0x76, 0x67, 
	0x88, 0x77, 0x9A, 0xBA, 0xAB, 0xCC, 0xBB, 0xAA, 0xAB, 0xBA, 0xAA, 0xA9, 0x99, 0xAA, 0xAA, 
	0xA9, 0xAB, 0xBB, 0xBB, 0xAA, 0xAA, 0x99, 0x99, 0x99, 0xAA, 0xAA, 0xAA, 0x9A, 0xCE, 0xFF, 
	0xEF, 0xFE, 0xEF, 0xFF, 0xFF, 0xFF, 0xFF, 0xFF, 0xFF, 0xFF, 0xFF, 0xFF, 0xFF, 0xFF, 0xFF, 
	0xFE, 0xCB, 0x98, 0x88, 0x88, 0x88, 0x88, 0x77, 0x77, 0x77, 0x77, 0x77, 0x77, 0x77, 0x66, 
	0x65, 0x55, 0x44, 0x44, 0x45, 0x54, 0x55, 0x69, 0xDE, 0xEE, 0xEE, 0xEE, 0xDD, 0xCC, 0xBB, 
	0xA9, 0x88, 0x88, 0x88, 0x88, 0x77, 0x76, 0x66, 0x65, 0x55, 0x55, 0x55, 0x43, 0x33, 0x44, 
	0x44, 0x45, 0x55, 0x55, 0x66, 0x55, 0x54, 0x45, 0x55, 0x56, 0x67, 0x77, 0x66, 0x77, 0x77, 
	0x78, 0x88, 0x88, 0x99, 0x99, 0x99, 0x98, 0x87, 0x77, 0x77, 0x76, 0x66, 0x65, 0x44, 0x45, 
	0x55, 0x55, 0x55, 0x56, 0x66, 0x66, 0x55, 0x55, 0x55, 0x55, 0x55, 0x54, 0x44, 0x45, 0x54, 
	0x43, 0x22, 0x33, 0x33, 0x33, 0x33, 0x34, 0x45, 0x55, 0x66, 0x78, 0x99, 0x89, 0x99, 0x99, 
	0x99, 0x99, 0x9A, 0xAA, 0xAB, 0xBC, 0xCC, 0xCC, 0xBB, 0xBB, 0xA9, 0x98, 0x88, 0x99, 0xAA, 
	0xBB, 0xBA, 0xA9, 0x98, 0x89, 0x99, 0xAA, 0xAB, 0xBC, 0xCC, 0xCC, 0xBC, 0xCC, 0xCC, 0xCC, 
	0xCC, 0xCC, 0xCC, 0xCC, 0xCC, 0xCC, 0xCD, 0xCC, 0xCC, 0xCC, 0xBA, 0xAA, 0x98, 0x75, 0x55, 
	0x55, 0x55, 0x55, 0x55, 0x55, 0x55, 0x55, 0x55, 0x66, 0x65, 0x55, 0x55, 0x55, 0x55, 0x55, 
	0x44, 0x55, 0x55, 0x55, 0x56, 0x55, 0x55, 0x55, 0x55, 0x55, 0x56, 0x66, 0x66, 0x66, 0x66, 
	0x66, 0x66, 0x66, 0x66, 0x66, 0x66, 0x66, 0x66, 0x66, 0x66, 0x66, 0x66, 0x66, 0x77, 0x77, 
	0x67, 0x76, 0x66, 0x66, 0x66, 0x66, 0x77, 0x89, 0x98, 0x77, 0x77, 0x77, 0x77, 0x77, 0x77, 
	0x77, 0x77, 0x78, 0x88, 0x88, 0x88, 0x88, 0x88, 0x88, 0x88, 0x88, 0x88, 0x88, 0x88, 0x88, 
	0x88, 0x88, 0x88, 0x88, 0x99, 0x88, 0x88, 0x88, 0x88, 0x88, 0x88, 0x88, 0x99, 0x99, 0x99, 
	0xBB, 0xBB, 0xAB, 0xBA, 0xBB, 0xBA, 0xAB, 0xAA, 0x9A, 0xAA, 0xBA, 0xAA, 0x98, 0x76, 0x67, 
	0x88, 0x88, 0x9A, 0xBA, 0xAA, 0xAB, 0xBB, 0xBB, 0xAA, 0xAA, 0xAA, 0x99, 0x9A, 0xBB, 0xBA, 
	0xAA, 0xBB, 0xCC, 0xCB, 0x98, 0x89, 0xA9, 0x99, 0x99, 0x99, 0x99, 0x99, 0x99, 0xCE, 0xFF, 
	0xEF, 0xFE, 0xFF, 0xFF, 0xFF, 0xFF, 0xFF, 0xEF, 0xFF, 0xFF, 0xFF, 0xFF, 0xFF, 0xFF, 0xFF, 
	0xEC, 0xA9, 0x88, 0x88, 0x88, 0x88, 0x88, 0x77, 0x77, 0x77, 0x77, 0x77, 0x77, 0x77, 0x66, 
	0x65, 0x55, 0x44, 0x54, 0x44, 0x44, 0x56, 0x69, 0xCE, 0xED, 0xDE, 0xEE, 0xDD, 0xDC, 0xCC, 
	0xA9, 0x89, 0x99, 0x99, 0x98, 0x88, 0x76, 0x66, 0x55, 0x55, 0x55, 0x54, 0x33, 0x33, 0x44, 
	0x44, 0x55, 0x55, 0x55, 0x65, 0x55, 0x55, 0x55, 0x55, 0x66, 0x77, 0x76, 0x66, 0x77, 0x77, 
	0x77, 0x88, 0x88, 0x89, 0x9A, 0xA9, 0x98, 0x87, 0x77, 0x77, 0x76, 0x66, 0x55, 0x54, 0x45, 
	0x55, 0x66, 0x65, 0x66, 0x66, 0x66, 0x55, 0x56, 0x65, 0x55, 0x55, 0x55, 0x44, 0x34, 0x44, 
	0x43, 0x22, 0x23, 0x32, 0x23, 0x33, 0x33, 0x45, 0x55, 0x66, 0x78, 0x99, 0x99, 0x98, 0x89, 
	0x99, 0x99, 0x9A, 0xAA, 0xAA, 0xBC, 0xCC, 0xBB, 0xBB, 0xBB, 0xA9, 0x88, 0x99, 0xAA, 0xAA, 
	0xBB, 0xBA, 0xAA, 0xA9, 0x99, 0x9A, 0xAB, 0xBB, 0xCC, 0xCC, 0xCC, 0xBC, 0xBC, 0xCC, 0xCC, 
	0xCC, 0xCC, 0xCC, 0xCC, 0xCC, 0xCC, 0xCC, 0xCC, 0xCC, 0xCC, 0xBB, 0xBA, 0x97, 0x54, 0x45, 
	0x55, 0x56, 0x66, 0x55, 0x55, 0x55, 0x55, 0x55, 0x66, 0x65, 0x55, 0x55, 0x55, 0x55, 0x54, 
	0x44, 0x55, 0x54, 0x55, 0x55, 0x55, 0x55, 0x55, 0x55, 0x55, 0x55, 0x66, 0x66, 0x66, 0x66, 
	0x66, 0x66, 0x66, 0x66, 0x66, 0x66, 0x66, 0x66, 0x66, 0x66, 0x77, 0x66, 0x66, 0x66, 0x77, 
	0x77, 0x76, 0x66, 0x76, 0x66, 0x67, 0x89, 0xBC, 0xCB, 0x98, 0x77, 0x77, 0x77, 0x77, 0x77, 
	0x77, 0x77, 0x88, 0x88, 0x88, 0x88, 0x88, 0x88, 0x88, 0x88, 0x88, 0x88, 0x88, 0x88, 0x88, 
	0x88, 0x88, 0x88, 0x89, 0x99, 0x98, 0x88, 0x88, 0x88, 0x88, 0x88, 0x88, 0x88, 0x88, 0x99, 
	0xBB, 0xBB, 0xAA, 0xAA, 0xAB, 0xBA, 0xAA, 0x99, 0x88, 0x89, 0x99, 0x99, 0x88, 0x66, 0x55, 
	0x67, 0x78, 0x78, 0x9A, 0x99, 0x99, 0x9A, 0xBB, 0xBA, 0x9A, 0xAA, 0xBA, 0xAB, 0xCC, 0xBB, 
	0xAA, 0xAB, 0xCC, 0xCA, 0x98, 0x8A, 0xA9, 0x99, 0x99, 0x88, 0x88, 0x99, 0x99, 0xBE, 0xFF, 
	0xFE, 0xFF, 0xFF, 0xFF, 0xFF, 0xFF, 0xFF, 0xEF, 0xFF, 0xFF, 0xFF, 0xFF, 0xFF, 0xFF, 0xFE, 
	0xCA, 0x88, 0x98, 0x88, 0x88, 0x88, 0x87, 0x77, 0x77, 0x77, 0x77, 0x76, 0x67, 0x76, 0x66, 
	0x66, 0x55, 0x44, 0x44, 0x44, 0x44, 0x56, 0x68, 0xAD, 0xEE, 0xEE, 0xEE, 0xED, 0xDC, 0xCC, 
	0xA9, 0x99, 0xA9, 0x99, 0x98, 0x87, 0x77, 0x66, 0x55, 0x55, 0x55, 0x54, 0x33, 0x34, 0x55, 
	0x44, 0x45, 0x55, 0x55, 0x55, 0x55, 0x55, 0x55, 0x55, 0x67, 0x77, 0x66, 0x67, 0x77, 0x77, 
	0x77, 0x78, 0x88, 0x89, 0x9A, 0xAA, 0x99, 0x88, 0x77, 0x76, 0x65, 0x55, 0x55, 0x55, 0x55, 
	0x55, 0x66, 0x65, 0x66, 0x66, 0x66, 0x66, 0x66, 0x66, 0x55, 0x55, 0x55, 0x43, 0x33, 0x44, 
	0x43, 0x22, 0x22, 0x22, 0x22, 0x23, 0x33, 0x34, 0x55, 0x55, 0x67, 0x88, 0x88, 0x88, 0x88, 
	0x88, 0x99, 0x99, 0x9A, 0xAA, 0xBC, 0xCC, 0xCB, 0xBB, 0xBB, 0xA9, 0x99, 0x9A, 0xAB, 0xBA, 
	0xAA, 0xAA, 0xAA, 0x99, 0x99, 0x9A, 0xBB, 0xCC, 0xCC, 0xCC, 0xCB, 0xBC, 0xCC, 0xCC, 0xCC, 
	0xCC, 0xCC, 0xCC, 0xCC, 0xCC, 0xCC, 0xCC, 0xCC, 0xCC, 0xCC, 0xCB, 0xA9, 0x64, 0x33, 0x34, 
	0x44, 0x55, 0x56, 0x66, 0x66, 0x66, 0x66, 0x56, 0x55, 0x55, 0x55, 0x55, 0x55, 0x54, 0x44, 
	0x55, 0x54, 0x44, 0x45, 0x55, 0x55, 0x55, 0x55, 0x55, 0x55, 0x56, 0x55, 0x66, 0x66, 0x66, 
	0x66, 0x66, 0x66, 0x66, 0x66, 0x66, 0x66, 0x66, 0x66, 0x66, 0x66, 0x67, 0x76, 0x67, 0x77, 
	0x77, 0x77, 0x66, 0x88, 0x77, 0x89, 0xAB, 0xCD, 0xDD, 0xBB, 0x98, 0x87, 0x77, 0x77, 0x78, 
	0x87, 0x77, 0x88, 0x88, 0x77, 0x88, 0x87, 0x78, 0x88, 0x88, 0x88, 0x88, 0x88, 0x88, 0x88, 
	0x88, 0x88, 0x88, 0x88, 0x88, 0x88, 0x88, 0x88, 0x88, 0x88, 0x88, 0x98, 0x88, 0x89, 0x99, 
	0xBB, 0xBA, 0x99, 0xAB, 0xBB, 0xBA, 0xA9, 0x98, 0x87, 0x76, 0x67, 0x89, 0x99, 0x87, 0x65, 
	0x66, 0x66, 0x66, 0x68, 0x89, 0x99, 0x99, 0xAA, 0xAA, 0x9A, 0xAA, 0xBB, 0xAB, 0xCC, 0xBA, 
	0xAA, 0xAA, 0xAB, 0xBA, 0x98, 0x89, 0xA9, 0x99, 0x98, 0x77, 0x77, 0x88, 0x88, 0xAD, 0xFF, 
	0xFF, 0xFF, 0xFF, 0xFF, 0xFF, 0xFF, 0xFF, 0xFF, 0xFF, 0xFF, 0xFF, 0xFE, 0xFF, 0xFF, 0xEC, 
	0xA9, 0x88, 0x88, 0x88, 0x77, 0x88, 0x87, 0x77, 0x77, 0x77, 0x77, 0x76, 0x66, 0x66, 0x66, 
	0x65, 0x55, 0x45, 0x44, 0x44, 0x44, 0x56, 0x56, 0x8B, 0xEE, 0xFE, 0xEE, 0xDD, 0xDD, 0xDC, 
	0xAA, 0xAA, 0xAA, 0xA9, 0x98, 0x77, 0x77, 0x66, 0x65, 0x55, 0x55, 0x65, 0x44, 0x44, 0x55, 
	0x54, 0x55, 0x55, 0x55, 0x65, 0x55, 0x55, 0x55, 0x55, 0x66, 0x66, 0x66, 0x67, 0x77, 0x77, 
	0x77, 0x88, 0x88, 0x89, 0x9A, 0xAA, 0xA9, 0x98, 0x87, 0x65, 0x54, 0x45, 0x54, 0x55, 0x55, 
	0x55, 0x65, 0x55, 0x66, 0x66, 0x66, 0x66, 0x66, 0x66, 0x56, 0x66, 0x65, 0x44, 0x22, 0x34, 
	0x32, 0x22, 0x22, 0x22, 0x11, 0x22, 0x22, 0x34, 0x44, 0x55, 0x67, 0x77, 0x78, 0x88, 0x88, 
	0x88, 0x99, 0x99, 0x9A, 0xAB, 0xBC, 0xCC, 0xBB, 0xBB, 0xBB, 0xBA, 0xAA, 0xAA, 0xAB, 0xBB, 
	0xBB, 0xBA, 0xAA, 0xAA, 0xAA, 0xAB, 0xBC, 0xCC, 0xCB, 0xBB, 0xBB, 0xBC, 0xCC, 0xCC, 0xCC, 
	0xCC, 0xCC, 0xCC, 0xCC, 0xCC, 0xCB, 0xBB, 0xBC, 0xCC, 0xCC, 0xBB, 0xA8, 0x53, 0x33, 0x44, 
	0x44, 0x44, 0x55, 0x55, 0x66, 0x66, 0x66, 0x66, 0x55, 0x56, 0x65, 0x55, 0x55, 0x54, 0x44, 
	0x44, 0x44, 0x44, 0x45, 0x55, 0x55, 0x55, 0x55, 0x55, 0x55, 0x55, 0x55, 0x55, 0x55, 0x66, 
	0x66, 0x66, 0x66, 0x66, 0x66, 0x66, 0x66, 0x66, 0x66, 0x66, 0x66, 0x66, 0x76, 0x66, 0x66, 
	0x77, 0x77, 0x77, 0x9A, 0xAA, 0xAB, 0xCC, 0xDD, 0xDD, 0xDC, 0xBB, 0xAA, 0x99, 0x87, 0x67, 
	0x78, 0x77, 0x77, 0x88, 0x77, 0x78, 0x88, 0x88, 0x88, 0x88, 0x88, 0x88, 0x88, 0x88, 0x88, 
	0x88, 0x88, 0x88, 0x88, 0x88, 0x88, 0x88, 0x88, 0x88, 0x88, 0x89, 0x88, 0x88, 0x99, 0x99, 
	0xBB, 0xA9, 0x99, 0x9A, 0xAA, 0xAA, 0x99, 0x88, 0x76, 0x55, 0x56, 0x89, 0xAA, 0x98, 0x77, 
	0x77, 0x66, 0x55, 0x55, 0x67, 0x88, 0x89, 0x9A, 0xA9, 0x9A, 0xAA, 0xBB, 0xAB, 0xCC, 0xBA, 
	0x9A, 0xA9, 0xAA, 0xA9, 0x98, 0x89, 0x99, 0x99, 0x87, 0x77, 0x88, 0x98, 0x77, 0xAD, 0xFF, 
	0xFF, 0xFE, 0xFF, 0xFF, 0xFF, 0xFF, 0xFF, 0xFF, 0xFF, 0xFF, 0xFF, 0xFF, 0xFF, 0xFE, 0xCA, 
	0x88, 0x88, 0x88, 0x88, 0x77, 0x77, 0x77, 0x77, 0x76, 0x67, 0x77, 0x77, 0x76, 0x66, 0x66, 
	0x55, 0x55, 0x55, 0x54, 0x45, 0x43, 0x45, 0x55, 0x7A, 0xDE, 0xFE, 0xEE, 0xDE, 0xDD, 0xDC, 
	0xBB, 0xBB, 0xAA, 0xA9, 0x88, 0x77, 0x76, 0x66, 0x65, 0x66, 0x66, 0x65, 0x55, 0x44, 0x55, 
	0x55, 0x55, 0x55, 0x55, 0x55, 0x55, 0x55, 0x55, 0x56, 0x66, 0x66, 0x67, 0x77, 0x77, 0x77, 
	0x77, 0x89, 0x88, 0x89, 0x9A, 0x99, 0xA9, 0x98, 0x87, 0x65, 0x54, 0x45, 0x55, 0x55, 0x54, 
	0x55, 0x66, 0x66, 0x66, 0x66, 0x66, 0x66, 0x66, 0x66, 0x66, 0x66, 0x66, 0x55, 0x32, 0x22, 
	0x22, 0x22, 0x22, 0x21, 0x11, 0x11, 0x22, 0x23, 0x34, 0x44, 0x56, 0x67, 0x77, 0x77, 0x78, 
	0x88, 0x99, 0x99, 0x9A, 0xAB, 0xBC, 0xCC, 0xBB, 0xBB, 0xBB, 0xBB, 0xAA, 0xAA, 0xAB, 0xBB, 
	0xBB, 0xBA, 0xAA, 0xAA, 0xAB, 0xBB, 0xCC, 0xBB, 0xBB, 0xBB, 0xBB, 0xBC, 0xCC, 0xCC, 0xCC, 
	0xCC, 0xCC, 0xCC, 0xCC, 0xCC, 0xCB, 0xAB, 0xBC, 0xCC, 0xCB, 0xBB, 0xA7, 0x43, 0x34, 0x44, 
	0x34, 0x44, 0x44, 0x55, 0x55, 0x56, 0x66, 0x66, 0x66, 0x66, 0x65, 0x44, 0x45, 0x54, 0x44, 
	0x44, 0x44, 0x44, 0x44, 0x55, 0x55, 0x55, 0x55, 0x55, 0x55, 0x55, 0x55, 0x55, 0x55, 0x66, 
	0x66, 0x66, 0x66, 0x66, 0x66, 0x66, 0x66, 0x66, 0x66, 0x66, 0x66, 0x66, 0x76, 0x66, 0x66, 
	0x77, 0x77, 0x77, 0x9B, 0xBC, 0xCC, 0xCC, 0xDD, 0xDD, 0xDD, 0xDD, 0xDC, 0xCB, 0xA8, 0x77, 
	0x88, 0x87, 0x78, 0x88, 0x87, 0x78, 0x88, 0x88, 0x88, 0x88, 0x88, 0x88, 0x88, 0x88, 0x88, 
	0x88, 0x88, 0x88, 0x88, 0x88, 0x88, 0x88, 0x88, 0x88, 0x88, 0x89, 0x88, 0x88, 0x99, 0x99, 
	0xBA, 0xA9, 0x99, 0x99, 0x9A, 0xA9, 0x99, 0x87, 0x65, 0x66, 0x78, 0x9A, 0xAA, 0x98, 0x88, 
	0x88, 0x77, 0x66, 0x65, 0x56, 0x77, 0x78, 0x89, 0x98, 0x99, 0x99, 0xAA, 0xAA, 0xCB, 0xBA, 
	0x9A, 0xAA, 0x99, 0x99, 0x98, 0x88, 0x88, 0x88, 0x78, 0x89, 0xAA, 0xAA, 0x98, 0xAD, 0xFF, 
	0xFF, 0xFF, 0xEE, 0xFF, 0xFF, 0xFF, 0xFF, 0xFF, 0xFE, 0xFF, 0xFF, 0xFF, 0xFF, 0xEB, 0xA9, 
	0x88, 0x88, 0x78, 0x88, 0x88, 0x87, 0x77, 0x77, 0x76, 0x66, 0x77, 0x77, 0x66, 0x66, 0x55, 
	0x55, 0x55, 0x55, 0x55, 0x45, 0x43, 0x45, 0x66, 0x8A, 0xDE, 0xEE, 0xED, 0xEE, 0xDD, 0xDC, 
	0xCC, 0xCC, 0xBA, 0xA9, 0x87, 0x77, 0x77, 0x77, 0x66, 0x66, 0x55, 0x65, 0x55, 0x44, 0x55, 
	0x55, 0x55, 0x55, 0x55, 0x55, 0x55, 0x55, 0x55, 0x66, 0x66, 0x65, 0x67, 0x77, 0x78, 0x87, 
	0x78, 0x99, 0x88, 0x88, 0x99, 0x99, 0x99, 0x98, 0x77, 0x76, 0x55, 0x55, 0x55, 0x44, 0x44, 
	0x45, 0x55, 0x56, 0x66, 0x66, 0x67, 0x66, 0x77, 0x77, 0x77, 0x77, 0x76, 0x66, 0x43, 0x22, 
	0x22, 0x21, 0x11, 0x11, 0x11, 0x11, 0x22, 0x22, 0x33, 0x44, 0x45, 0x56, 0x67, 0x77, 0x78, 
	0x88, 0x99, 0x99, 0x9A, 0xBB, 0xBC, 0xBB, 0xBB, 0xBA, 0xAB, 0xBB, 0xBB, 0xAA, 0xAA, 0xAA, 
	0xBB, 0xBB, 0xBA, 0xAA, 0xBB, 0xBC, 0xCB, 0xBB, 0xBB, 0xBA, 0xAB, 0xBC, 0xCC, 0xCC, 0xCC, 
	0xCC, 0xCC, 0xCC, 0xCC, 0xCC, 0xCB, 0xBB, 0xCC, 0xCC, 0xBB, 0xAA, 0x97, 0x43, 0x34, 0x44, 
	0x34, 0x45, 0x54, 0x44, 0x45, 0x55, 0x56, 0x66, 0x66, 0x67, 0x65, 0x54, 0x44, 0x55, 0x44, 
	0x44, 0x44, 0x44, 0x44, 0x55, 0x55, 0x55, 0x55, 0x55, 0x55, 0x55, 0x55, 0x66, 0x65, 0x56, 
	0x66, 0x66, 0x66, 0x66, 0x66, 0x66, 0x66, 0x66, 0x66, 0x66, 0x66, 0x66, 0x67, 0x76, 0x66, 
	0x76, 0x77, 0x77, 0x9B, 0xCC, 0xCD, 0xDC, 0xCC, 0xCD, 0xDD, 0xDD, 0xDD, 0xDD, 0xCB, 0x99, 
	0x88, 0x87, 0x77, 0x78, 0x77, 0x77, 0x88, 0x88, 0x88, 0x87, 0x88, 0x88, 0x88, 0x88, 0x88, 
	0x88, 0x88, 0x88, 0x88, 0x88, 0x88, 0x88, 0x88, 0x88, 0x88, 0x88, 0x88, 0x88, 0x89, 0x88, 
	0xA9, 0x99, 0x99, 0x98, 0x99, 0x99, 0x99, 0x87, 0x67, 0x89, 0xA9, 0x9A, 0xAA, 0x98, 0x88, 
	0x99, 0x88, 0x88, 0x76, 0x67, 0x77, 0x77, 0x78, 0x88, 0x99, 0x99, 0x99, 0x9A, 0xBB, 0xAA, 
	0x99, 0x9A, 0x99, 0xA9, 0x99, 0x87, 0x67, 0x88, 0x89, 0x9A, 0xBB, 0xBA, 0x99, 0xAD, 0xFF, 
	0xEE, 0xFF, 0xFE, 0xFF, 0xFF, 0xFF, 0xFF, 0xFF, 0xEE, 0xFF, 0xFF, 0xEF, 0xFE, 0xC9, 0x98, 
	0x88, 0x88, 0x88, 0x88, 0x88, 0x87, 0x77, 0x77, 0x66, 0x66, 0x66, 0x66, 0x66, 0x66, 0x55, 
	0x55, 0x55, 0x55, 0x55, 0x44, 0x43, 0x45, 0x67, 0x89, 0xBC, 0xDE, 0xED, 0xDD, 0xDD, 0xDC, 
	0xDC, 0xCC, 0xBA, 0xA9, 0x88, 0x88, 0x87, 0x77, 0x76, 0x66, 0x55, 0x55, 0x55, 0x45, 0x55, 
	0x55, 0x55, 0x55, 0x65, 0x55, 0x55, 0x55, 0x56, 0x66, 0x66, 0x66, 0x77, 0x77, 0x78, 0x88, 
	0x78, 0x88, 0x88, 0x88, 0x89, 0x99, 0x99, 0x98, 0x88, 0x77, 0x66, 0x66, 0x65, 0x43, 0x33, 
	0x44, 0x55, 0x55, 0x55, 0x66, 0x67, 0x77, 0x77, 0x77, 0x77, 0x77, 0x77, 0x66, 0x54, 0x32, 
	0x22, 0x22, 0x12, 0x22, 0x22, 0x22, 0x22, 0x22, 0x23, 0x44, 0x44, 0x55, 0x66, 0x67, 0x77, 
	0x88, 0x89, 0x99, 0xAB, 0xBB, 0xCC, 0xCB, 0xBB, 0xBB, 0xBB, 0xBB, 0xBA, 0xAA, 0xAA, 0xAA, 
	0xBB, 0xBB, 0xBB, 0xBB, 0xBB, 0xCC, 0xCC, 0xBB, 0xBB, 0xAA, 0xAB, 0xBC, 0xCC, 0xCC, 0xCC, 
	0xCC, 0xCC, 0xCC, 0xCC, 0xCC, 0xCC, 0xCC, 0xCC, 0xCC, 0xBB, 0xA9, 0x96, 0x43, 0x33, 0x44, 
	0x44, 0x44, 0x55, 0x44, 0x44, 0x55, 0x55, 0x55, 0x56, 0x66, 0x66, 0x55, 0x44, 0x44, 0x44, 
	0x44, 0x44, 0x44, 0x44, 0x45, 0x55, 0x55, 0x55, 0x55, 0x55, 0x55, 0x55, 0x56, 0x65, 0x55, 
	0x55, 0x66, 0x66, 0x66, 0x66, 0x66, 0x66, 0x66, 0x66, 0x66, 0x66, 0x66, 0x67, 0x76, 0x66, 
	0x76, 0x77, 0x76, 0x8A, 0xBC, 0xCC, 0xDC, 0xCC, 0xCD, 0xDD, 0xDD, 0xDD, 0xDD, 0xDC, 0xCB, 
	0xA9, 0x88, 0x77, 0x77, 0x77, 0x77, 0x88, 0x77, 0x78, 0x88, 0x88, 0x88, 0x88, 0x88, 0x88, 
	0x88, 0x88, 0x88, 0x88, 0x88, 0x88, 0x88, 0x88, 0x88, 0x89, 0x98, 0x88, 0x88, 0x98, 0x88, 
	0x88, 0x99, 0xAA, 0x98, 0x99, 0x88, 0x88, 0x77, 0x89, 0xAB, 0xAA, 0x9A, 0xBA, 0x98, 0x89, 
	0x99, 0x89, 0xA8, 0x76, 0x77, 0x88, 0x88, 0x88, 0x77, 0x88, 0x88, 0x99, 0xAB, 0xBA, 0xAA, 
	0x99, 0x99, 0x9A, 0xA9, 0x88, 0x87, 0x67, 0x9A, 0xAA, 0xAB, 0xBB, 0xBA, 0x99, 0xAD, 0xFE, 
	0xEE, 0xFF, 0xFF, 0xFF, 0xFF, 0xFF, 0xFF, 0xFF, 0xFF, 0xFF, 0xFF, 0xFF, 0xFC, 0xA8, 0x88, 
	0x88, 0x88, 0x88, 0x88, 0x88, 0x88, 0x77, 0x77, 0x66, 0x56, 0x66, 0x55, 0x66, 0x66, 0x55, 
	0x55, 0x55, 0x44, 0x55, 0x44, 0x43, 0x45, 0x66, 0x67, 0x79, 0xBD, 0xEE, 0xED, 0xDD, 0xDC, 
	0xDC, 0xCC, 0xBA, 0x99, 0x99, 0x98, 0x87, 0x77, 0x77, 0x66, 0x55, 0x55, 0x55, 0x55, 0x56, 
	0x65, 0x55, 0x55, 0x55, 0x55, 0x55, 0x55, 0x56, 0x77, 0x67, 0x77, 0x77, 0x77, 0x77, 0x77, 
	0x77, 0x87, 0x77, 0x88, 0x89, 0x99, 0x99, 0x99, 0x88, 0x87, 0x77, 0x77, 0x76, 0x43, 0x33, 
	0x44, 0x55, 0x55, 0x55, 0x55, 0x67, 0x77, 0x77, 0x77, 0x77, 0x77, 0x77, 0x77, 0x65, 0x43, 
	0x22, 0x33, 0x22, 0x23, 0x33, 0x22, 0x23, 0x32, 0x33, 0x44, 0x44, 0x44, 0x55, 0x66, 0x66, 
	0x77, 0x89, 0xAA, 0xAB, 0xBB, 0xCC, 0xCC, 0xCB, 0xBB, 0xBB, 0xBB, 0xBA, 0xAA, 0xAA, 0xAA, 
	0xBB, 0xBB, 0xBB, 0xBB, 0xBB, 0xCC, 0xCC, 0xBB, 0xBB, 0xBB, 0xBB, 0xCC, 0xCC, 0xCC, 0xCC, 
	0xCC, 0xCC, 0xCC, 0xCC, 0xCC, 0xCC, 0xCC, 0xCC, 0xCC, 0xBB, 0xA9, 0x97, 0x54, 0x33, 0x44, 
	0x44, 0x44, 0x44, 0x44, 0x45, 0x55, 0x55, 0x55, 0x55, 0x66, 0x66, 0x66, 0x54, 0x44, 0x44, 
	0x44, 0x44, 0x44, 0x44, 0x45, 0x55, 0x55, 0x55, 0x55, 0x55, 0x55, 0x55, 0x55, 0x66, 0x66, 
	0x66, 0x66, 0x66, 0x66, 0x66, 0x66, 0x66, 0x66, 0x66, 0x66, 0x66, 0x66, 0x67, 0x76, 0x66, 
	0x76, 0x67, 0x76, 0x78, 0xAB, 0xCC, 0xCC, 0xCC, 0xCC, 0xDD, 0xDD, 0xDD, 0xDD, 0xDD, 0xDC, 
	0xCA, 0x98, 0x87, 0x77, 0x77, 0x77, 0x77, 0x77, 0x78, 0x88, 0x88, 0x88, 0x88, 0x88, 0x88, 
	0x88, 0x88, 0x88, 0x88, 0x88, 0x88, 0x89, 0x88, 0x88, 0x99, 0x98, 0x88, 0x89, 0x99, 0x88, 
	0x77, 0x89, 0xA9, 0x88, 0xAA, 0x97, 0x77, 0x78, 0x89, 0xAA, 0x99, 0x99, 0xAA, 0x98, 0x88, 
	0x98, 0x9A, 0xA9, 0x77, 0x77, 0x89, 0xAA, 0xA9, 0x88, 0x88, 0x87, 0x88, 0x9A, 0xBA, 0xA9, 
	0x99, 0x99, 0xA9, 0x98, 0x77, 0x78, 0x89, 0xBC, 0xCB, 0xBB, 0xBB, 0xBA, 0x99, 0xAD, 0xEF, 
	0xFF, 0xFF, 0xFF, 0xFF, 0xFF, 0xFF, 0xFF, 0xFF, 0xFF, 0xFF, 0xFF, 0xFF, 0xDB, 0x98, 0x88, 
	0x88, 0x88, 0x88, 0x87, 0x88, 0x88, 0x87, 0x77, 0x66, 0x65, 0x55, 0x55, 0x56, 0x66, 0x55, 
	0x55, 0x55, 0x44, 0x55, 0x45, 0x43, 0x35, 0x65, 0x55, 0x57, 0x9C, 0xDD, 0xED, 0xDD, 0xDC, 
	0xDD, 0xCC, 0xBA, 0xAA, 0x99, 0x99, 0x88, 0x87, 0x77, 0x76, 0x55, 0x55, 0x65, 0x55, 0x66, 
	0x66, 0x55, 0x55, 0x55, 0x55, 0x56, 0x66, 0x66, 0x76, 0x66, 0x66, 0x66, 0x66, 0x66, 0x76, 
	0x77, 0x87, 0x78, 0x88, 0x88, 0x89, 0x99, 0x99, 0x88, 0x77, 0x77, 0x77, 0x76, 0x54, 0x44, 
	0x45, 0x54, 0x43, 0x44, 0x55, 0x67, 0x66, 0x66, 0x77, 0x77, 0x77, 0x77, 0x77, 0x66, 0x54, 
	0x33, 0x33, 0x33, 0x33, 0x33, 0x33, 0x33, 0x33, 0x33, 0x44, 0x44, 0x44, 0x45, 0x55, 0x55, 
	0x67, 0x89, 0xAA, 0xBB, 0xBB, 0xCC, 0xCC, 0xCC, 0xCC, 0xBB, 0xBB, 0xBA, 0xAA, 0xAA, 0xBB, 
	0xBB, 0xBB, 0xBB, 0xBB, 0xCC, 0xCC, 0xCC, 0xBB, 0xBB, 0xBB, 0xBB, 0xCC, 0xCC, 0xCC, 0xCC, 
	0xCC, 0xCC, 0xCB, 0xBC, 0xCC, 0xCC, 0xCC, 0xCC, 0xCC, 0xBB, 0xA8, 0x87, 0x54, 0x44, 0x44, 
	0x44, 0x44, 0x44, 0x55, 0x45, 0x55, 0x55, 0x55, 0x55, 0x66, 0x66, 0x65, 0x55, 0x54, 0x44, 
	0x44, 0x44, 0x44, 0x44, 0x45, 0x55, 0x55, 0x55, 0x55, 0x55, 0x55, 0x55, 0x55, 0x66, 0x66, 
	0x66, 0x66, 0x66, 0x66, 0x66, 0x66, 0x66, 0x66, 0x66, 0x66, 0x66, 0x66, 0x66, 0x77, 0x66, 
	0x66, 0x77, 0x76, 0x67, 0x9B, 0xBC, 0xCB, 0xCC, 0xCD, 0xDD, 0xDD, 0xDD, 0xDD, 0xDD, 0xDD, 
	0xDC, 0xA9, 0x88, 0x77, 0x77, 0x77, 0x88, 0x78, 0x88, 0x88, 0x88, 0x88, 0x88, 0x88, 0x88, 
	0x88, 0x88, 0x88, 0x88, 0x88, 0x88, 0x89, 0x99, 0x88, 0x99, 0x98, 0x88, 0x89, 0x99, 0x88, 
	0x67, 0x78, 0x97, 0x79, 0xBB, 0x97, 0x77, 0x89, 0x98, 0x89, 0x99, 0x89, 0x99, 0x98, 0x89, 
	0x99, 0x9A, 0xA9, 0x88, 0x77, 0x89, 0xAB, 0xBB, 0xBA, 0x99, 0x98, 0x88, 0x89, 0xAA, 0x99, 
	0x99, 0x9A, 0xA8, 0x88, 0x77, 0x88, 0x9B, 0xCC, 0xBB, 0xBB, 0xBB, 0xBA, 0xA9, 0xAC, 0xEF, 
	0xFF, 0xFE, 0xFF, 0xFF, 0xFF, 0xFF, 0xFF, 0xFF, 0xFF, 0xFF, 0xFF, 0xFE, 0xB9, 0x88, 0x88, 
	0x88, 0x88, 0x88, 0x87, 0x88, 0x88, 0x78, 0x77, 0x76, 0x66, 0x65, 0x55, 0x55, 0x65, 0x55, 
	0x55, 0x54, 0x45, 0x55, 0x45, 0x43, 0x34, 0x66, 0x55, 0x56, 0x89, 0xAB, 0xCC, 0xDD, 0xDD, 
	0xDD, 0xDC, 0xCB, 0xAA, 0xA9, 0x99, 0x88, 0x88, 0x88, 0x87, 0x66, 0x66, 0x66, 0x66, 0x66, 
	0x66, 0x66, 0x65, 0x66, 0x66, 0x66, 0x76, 0x76, 0x66, 0x55, 0x55, 0x56, 0x66, 0x67, 0x77, 
	0x77, 0x88, 0x88, 0x88, 0x88, 0x89, 0x99, 0x99, 0x98, 0x88, 0x88, 0x88, 0x87, 0x66, 0x56, 
	0x66, 0x65, 0x43, 0x44, 0x55, 0x66, 0x65, 0x66, 0x67, 0x77, 0x78, 0x88, 0x87, 0x76, 0x65, 
	0x43, 0x33, 0x33, 0x33, 0x33, 0x33, 0x33, 0x33, 0x34, 0x44, 0x34, 0x44, 0x44, 0x54, 0x45, 
	0x67, 0x99, 0xAB, 0xBB, 0xBB, 0xCC, 0xBB, 0xBC, 0xCC, 0xBB, 0xBB, 0xBA, 0xAA, 0xBB, 0xBB, 
	0xBB, 0xBB, 0xBB, 0xBC, 0xCC, 0xCB, 0xBC, 0xBB, 0xBB, 0xBB, 0xBB, 0xBB, 0xCC, 0xCC, 0xCC, 
	0xCC, 0xCC, 0xCB, 0xBC, 0xCC, 0xCC, 0xCC, 0xCC, 0xCB, 0xAA, 0x97, 0x66, 0x54, 0x44, 0x55, 
	0x44, 0x44, 0x45, 0x55, 0x45, 0x55, 0x55, 0x55, 0x55, 0x55, 0x55, 0x55, 0x55, 0x55, 0x55, 
	0x44, 0x44, 0x44, 0x44, 0x45, 0x55, 0x55, 0x55, 0x55, 0x55, 0x55, 0x55, 0x55, 0x66, 0x66, 
	0x66, 0x66, 0x66, 0x66, 0x66, 0x66, 0x66, 0x66, 0x66, 0x66, 0x66, 0x66, 0x66, 0x67, 0x66, 
	0x66, 0x66, 0x76, 0x56, 0x8A, 0xBB, 0xBB, 0xCC, 0xDD, 0xDD, 0xDD, 0xDD, 0xDD, 0xDD, 0xDD, 
	0xDD, 0xCB, 0xBA, 0x99, 0x89, 0x99, 0x99, 0x88, 0x88, 0x88, 0x88, 0x88, 0x88, 0x88, 0x88, 
	0x88, 0x88, 0x88, 0x88, 0x88, 0x88, 0x89, 0x99, 0x98, 0x88, 0x88, 0x88, 0x88, 0x98, 0x88, 
	0x77, 0x77, 0x87, 0x78, 0xAA, 0x98, 0x88, 0x99, 0x98, 0x89, 0x99, 0x99, 0x99, 0x88, 0x89, 
	0x99, 0x99, 0x99, 0x98, 0x87, 0x89, 0xAB, 0xCC, 0xCC, 0xCB, 0xBA, 0xA9, 0x98, 0x99, 0x87, 
	0x78, 0x89, 0x97, 0x77, 0x88, 0x9A, 0xBB, 0xCC, 0xBB, 0xBB, 0xBB, 0xBB, 0xAA, 0xAC, 0xEF, 
	0xFF, 0xFE, 0xFF, 0xFF, 0xFF, 0xFF, 0xFF, 0xFF, 0xFF, 0xFE, 0xFF, 0xEC, 0x98, 0x88, 0x89, 
	0x99, 0x88, 0x88, 0x87, 0x88, 0x87, 0x77, 0x77, 0x77, 0x66, 0x66, 0x65, 0x55, 0x55, 0x66, 
	0x55, 0x54, 0x44, 0x55, 0x44, 0x43, 0x34, 0x56, 0x56, 0x55, 0x66, 0x78, 0x9A, 0xBD, 0xDD, 
	0xDD, 0xDC, 0xCC, 0xBB, 0xAA, 0xA9, 0x99, 0x99, 0x88, 0x87, 0x67, 0x66, 0x67, 0x76, 0x65, 
	0x56, 0x66, 0x66, 0x67, 0x77, 0x77, 0x76, 0x66, 0x55, 0x54, 0x55, 0x56, 0x66, 0x67, 0x77, 
	0x77, 0x88, 0x88, 0x88, 0x88, 0x99, 0x99, 0x99, 0x99, 0x99, 0x99, 0x99, 0x98, 0x87, 0x77, 
	0x77, 0x66, 0x55, 0x55, 0x56, 0x66, 0x55, 0x55, 0x67, 0x77, 0x77, 0x88, 0x77, 0x77, 0x76, 
	0x54, 0x43, 0x33, 0x22, 0x23, 0x33, 0x33, 0x33, 0x34, 0x43, 0x34, 0x44, 0x45, 0x44, 0x55, 
	0x68, 0x9A, 0xAB, 0xBB, 0xBC, 0xCC, 0xCB, 0xBB, 0xBB, 0xBB, 0xBB, 0xAA, 0xAA, 0xBB, 0xBB, 
	0xBB, 0xBC, 0xBB, 0xCC, 0xCC, 0xBB, 0xBB, 0xCC, 0xCB, 0xBB, 0xBB, 0xBB, 0xCC, 0xCC, 0xCC, 
	0xCB, 0xBB, 0xBB, 0xCC, 0xCC, 0xCC, 0xCC, 0xCC, 0xBB, 0x98, 0x76, 0x65, 0x53, 0x34, 0x55, 
	0x45, 0x55, 0x44, 0x44, 0x45, 0x55, 0x55, 0x55, 0x55, 0x55, 0x55, 0x55, 0x44, 0x44, 0x45, 
	0x55, 0x44, 0x44, 0x44, 0x44, 0x55, 0x55, 0x55, 0x55, 0x55, 0x55, 0x55, 0x55, 0x56, 0x55, 
	0x56, 0x66, 0x66, 0x66, 0x66, 0x66, 0x66, 0x66, 0x66, 0x66, 0x66, 0x66, 0x66, 0x66, 0x66, 
	0x66, 0x66, 0x66, 0x56, 0x8A, 0xBC, 0xCC, 0xCD, 0xDD, 0xDD, 0xDD, 0xDD, 0xDD, 0xDD, 0xDD, 
	0xDD, 0xDC, 0xCC, 0xCB, 0xBB, 0xBA, 0xAA, 0xA9, 0x88, 0x88, 0x88, 0x88, 0x88, 0x88, 0x98, 
	0x88, 0x88, 0x88, 0x88, 0x88, 0x88, 0x89, 0x88, 0x88, 0x88, 0x88, 0x88, 0x88, 0x88, 0x88, 
	0x87, 0x77, 0x77, 0x78, 0x89, 0x88, 0x88, 0x99, 0x98, 0x89, 0x9A, 0xAA, 0xA9, 0x99, 0x99, 
	0x99, 0x99, 0x99, 0x98, 0x88, 0x9A, 0xAB, 0xBC, 0xCC, 0xCC, 0xCC, 0xBB, 0xA9, 0x99, 0x86, 
	0x56, 0x77, 0x88, 0x89, 0xAA, 0xAB, 0xBB, 0xBB, 0xBB, 0xBB, 0xBB, 0xBB, 0xAA, 0xAC, 0xEF, 
	0xFF, 0xFF, 0xFF, 0xFF, 0xFF, 0xFF, 0xFF, 0xFF, 0xFF, 0xFF, 0xFF, 0xDB, 0x98, 0x88, 0x89, 
	0x98, 0x88, 0x88, 0x87, 0x77, 0x77, 0x77, 0x77, 0x77, 0x66, 0x66, 0x66, 0x65, 0x55, 0x55, 
	0x55, 0x55, 0x45, 0x55, 0x44, 0x44, 0x34, 0x55, 0x55, 0x55, 0x55, 0x55, 0x68, 0xBD, 0xEE, 
	0xDD, 0xDC, 0xCC, 0xBB, 0xBB, 0xBA, 0x99, 0x99, 0x88, 0x87, 0x77, 0x66, 0x77, 0x77, 0x66, 
	0x56, 0x67, 0x77, 0x77, 0x77, 0x76, 0x66, 0x65, 0x55, 0x55, 0x55, 0x56, 0x66, 0x67, 0x77, 
	0x78, 0x88, 0x88, 0x88, 0x89, 0x99, 0x99, 0x99, 0x99, 0x9A, 0xAA, 0xA9, 0x99, 0x88, 0x88, 
	0x77, 0x77, 0x66, 0x66, 0x66, 0x66, 0x55, 0x55, 0x66, 0x66, 0x77, 0x77, 0x77, 0x77, 0x76, 
	0x55, 0x44, 0x33, 0x22, 0x22, 0x33, 0x33, 0x43, 0x33, 0x44, 0x44, 0x44, 0x44, 0x44, 0x55, 
	0x79, 0xAA, 0xAB, 0xBB, 0xBC, 0xCC, 0xBB, 0xBA, 0xAB, 0xBB, 0xBB, 0xBB, 0xBB, 0xBB, 0xBB, 
	0xBB, 0xBB, 0xBB, 0xCC, 0xCB, 0xBA, 0xAA, 0xBC, 0xCB, 0xBB, 0xBB, 0xBB, 0xCC, 0xBB, 0xBC, 
	0xCB, 0xBB, 0xBB, 0xCC, 0xCC, 0xCC, 0xCC, 0xCC, 0xB9, 0x87, 0x66, 0x76, 0x53, 0x33, 0x44, 
	0x44, 0x55, 0x55, 0x55, 0x44, 0x55, 0x55, 0x55, 0x55, 0x55, 0x55, 0x55, 0x44, 0x43, 0x44, 
	0x44, 0x44, 0x44, 0x44, 0x44, 0x45, 0x55, 0x55, 0x55, 0x55, 0x55, 0x55, 0x55, 0x56, 0x65, 
	0x66, 0x66, 0x66, 0x66, 0x66, 0x66, 0x66, 0x66, 0x66, 0x66, 0x66, 0x66, 0x66, 0x66, 0x66, 
	0x66, 0x66, 0x66, 0x56, 0x79, 0xBC, 0xCC, 0xCD, 0xDD, 0xDD, 0xDD, 0xDD, 0xDD, 0xDD, 0xDD, 
	0xDD, 0xDD, 0xDD, 0xDD, 0xDC, 0xCC, 0xCB, 0xB9, 0x87, 0x88, 0x88, 0x88, 0x88, 0x88, 0x88, 
	0x88, 0x88, 0x88, 0x88, 0x88, 0x88, 0x88, 0x88, 0x88, 0x88, 0x88, 0x98, 0x88, 0x88, 0x88, 
	0x98, 0x88, 0x87, 0x77, 0x77, 0x88, 0x88, 0x99, 0x98, 0x89, 0xAA, 0xAA, 0xA9, 0xA9, 0x99, 
	0x99, 0x99, 0x88, 0x87, 0x78, 0x9A, 0xAA, 0xAB, 0xCC, 0xBB, 0xCC, 0xCC, 0xBA, 0x99, 0x75, 
	0x55, 0x66, 0x89, 0x9A, 0xBB, 0xBB, 0xBB, 0xBA, 0xBB, 0xBB, 0xBA, 0xAA, 0x9A, 0xAC, 0xEF, 
	0xFF, 0xFF, 0xFF, 0xFF, 0xFF, 0xFF, 0xFE, 0xFF, 0xFF, 0xFF, 0xFE, 0xB9, 0x88, 0x88, 0x89, 
	0x88, 0x87, 0x77, 0x77, 0x77, 0x77, 0x76, 0x77, 0x77, 0x66, 0x66, 0x66, 0x66, 0x55, 0x55, 
	0x55, 0x55, 0x55, 0x55, 0x44, 0x44, 0x33, 0x45, 0x55, 0x55, 0x55, 0x45, 0x79, 0xCE, 0xEE, 
	0xED, 0xDD, 0xCB, 0xBC, 0xCC, 0xBA, 0x9A, 0xA9, 0x98, 0x88, 0x77, 0x77, 0x77, 0x77, 0x66, 
	0x66, 0x67, 0x77, 0x77, 0x76, 0x66, 0x66, 0x55, 0x55, 0x56, 0x66, 0x66, 0x66, 0x67, 0x77, 
	0x88, 0x88, 0x88, 0x89, 0x99, 0x99, 0x99, 0x99, 0x99, 0x9A, 0xAA, 0xAA, 0x99, 0x99, 0x88, 
	0x88, 0x87, 0x77, 0x77, 0x77, 0x66, 0x65, 0x55, 0x66, 0x67, 0x77, 0x77, 0x77, 0x78, 0x77, 
	0x66, 0x54, 0x43, 0x32, 0x22, 0x22, 0x23, 0x44, 0x33, 0x44, 0x44, 0x44, 0x44, 0x44, 0x56, 
	0x89, 0xAA, 0xBB, 0xBB, 0xBB, 0xBB, 0xBB, 0xAA, 0xAA, 0xAB, 0xBB, 0xBB, 0xBB, 0xBB, 0xBB, 
	0xBB, 0xBC, 0xBB, 0xCC, 0xBA, 0xA9, 0xAA, 0xBB, 0xCC, 0xBB, 0xBB, 0xBB, 0xBB, 0xBB, 0xBC, 
	0xCC, 0xBB, 0xBC, 0xCC, 0xCC, 0xCC, 0xCC, 0xCB, 0xA8, 0x76, 0x66, 0x66, 0x64, 0x33, 0x33, 
	0x34, 0x55, 0x55, 0x55, 0x54, 0x45, 0x55, 0x65, 0x55, 0x55, 0x55, 0x55, 0x54, 0x44, 0x44, 
	0x44, 0x44, 0x55, 0x44, 0x44, 0x45, 0x55, 0x44, 0x55, 0x55, 0x55, 0x55, 0x55, 0x55, 0x55, 
	0x66, 0x66, 0x66, 0x66, 0x66, 0x66, 0x66, 0x66, 0x66, 0x66, 0x66, 0x66, 0x66, 0x66, 0x66, 
	0x66, 0x66, 0x66, 0x56, 0x7A, 0xBC, 0xCC, 0xCD, 0xDD, 0xDD, 0xDD, 0xDD, 0xDD, 0xDD, 0xDD, 
	0xDD, 0xDD, 0xDD, 0xDD, 0xDD, 0xDD, 0xDC, 0xB9, 0x88, 0x87, 0x77, 0x88, 0x88, 0x88, 0x88, 
	0x88, 0x88, 0x88, 0x88, 0x88, 0x89, 0x88, 0x88, 0x88, 0x88, 0x88, 0x99, 0x98, 0x88, 0x89, 
	0x99, 0x89, 0x99, 0x87, 0x78, 0x88, 0x88, 0x99, 0x98, 0x9A, 0xAA, 0xA9, 0xAA, 0xAA, 0xA9, 
	0x99, 0x89, 0x88, 0x87, 0x77, 0x89, 0xAA, 0xAA, 0xBB, 0xBB, 0xBB, 0xBB, 0xA9, 0x97, 0x66, 
	0x66, 0x78, 0x9A, 0xAA, 0xAA, 0xAB, 0xBB, 0xBB, 0xBB, 0xBB, 0xA9, 0x99, 0x99, 0xAC, 0xEF, 
	0xFE, 0xFF, 0xFE, 0xFF, 0xFF, 0xFF, 0xEE, 0xEF, 0xFF, 0xFF, 0xEC, 0xA8, 0x88, 0x88, 0x88, 
	0x88, 0x77, 0x77, 0x77, 0x77, 0x77, 0x66, 0x77, 0x77, 0x66, 0x66, 0x66, 0x66, 0x65, 0x55, 
	0x55, 0x55, 0x55, 0x55, 0x54, 0x44, 0x33, 0x45, 0x66, 0x55, 0x55, 0x58, 0xBD, 0xEE, 0xEE, 
	0xED, 0xDD, 0xCB, 0xBC, 0xCC, 0xBA, 0xAA, 0xBA, 0x99, 0x88, 0x87, 0x78, 0x77, 0x76, 0x77, 
	0x77, 0x77, 0x77, 0x77, 0x66, 0x66, 0x66, 0x66, 0x66, 0x66, 0x66, 0x66, 0x66, 0x67, 0x78, 
	0x88, 0x88, 0x88, 0x89, 0x99, 0x99, 0x99, 0x99, 0x99, 0x99, 0xAA, 0x99, 0x99, 0x88, 0x88, 
	0x88, 0x88, 0x88, 0x77, 0x77, 0x77, 0x66, 0x66, 0x66, 0x77, 0x77, 0x77, 0x88, 0x88, 0x77, 
	0x76, 0x65, 0x54, 0x43, 0x22, 0x11, 0x23, 0x44, 0x43, 0x44, 0x44, 0x44, 0x54, 0x44, 0x67, 
	0x9A, 0xAB, 0xBB, 0xBB, 0xBB, 0xBB, 0xBB, 0xBA, 0xAA, 0xAB, 0xBB, 0xBB, 0xBB, 0xBB, 0xBB, 
	0xBB, 0xCC, 0xCC, 0xBB, 0xAA, 0x99, 0x9A, 0xAB, 0xBB, 0xBB, 0xBB, 0xBB, 0xBB, 0xBB, 0xCC, 
	0xCC, 0xCC, 0xCC, 0xCC, 0xCC, 0xCC, 0xCC, 0xBB, 0xA8, 0x76, 0x66, 0x66, 0x54, 0x33, 0x33, 
	0x44, 0x45, 0x55, 0x55, 0x55, 0x45, 0x55, 0x55, 0x55, 0x55, 0x55, 0x55, 0x54, 0x44, 0x44, 
	0x44, 0x44, 0x44, 0x55, 0x45, 0x55, 0x54, 0x44, 0x55, 0x55, 0x55, 0x55, 0x55, 0x55, 0x55, 
	0x66, 0x55, 0x66, 0x66, 0x66, 0x66, 0x66, 0x66, 0x66, 0x66, 0x66, 0x66, 0x66, 0x66, 0x66, 
	0x66, 0x66, 0x66, 0x66, 0x7A, 0xBC, 0xCD, 0xDD, 0xDD, 0xDD, 0xDD, 0xDD, 0xDD, 0xDD, 0xDD, 
	0xDD, 0xDD, 0xDD, 0xDD, 0xDD, 0xDD, 0xDC, 0xB9, 0x88, 0x88, 0x78, 0x88, 0x88, 0x88, 0x88, 
	0x88, 0x88, 0x88, 0x88, 0x88, 0x99, 0x88, 0x88, 0x88, 0x88, 0x88, 0x99, 0x98, 0x88, 0x89, 
	0x98, 0x99, 0xAA, 0x87, 0x88, 0x88, 0x88, 0x88, 0x89, 0x9A, 0xAA, 0xAA, 0xAA, 0xAA, 0xA9, 
	0x98, 0x89, 0x88, 0x88, 0x78, 0x89, 0xAA, 0xAA, 0xAA, 0xAA, 0xBB, 0xA9, 0x99, 0x87, 0x67, 
	0x88, 0x89, 0x9A, 0xAA, 0xAA, 0xAA, 0xBC, 0xCB, 0xBB, 0xAA, 0xA9, 0x89, 0x99, 0xAC, 0xEF, 
	0xFE, 0xFF, 0xFF, 0xFF, 0xFF, 0xFF, 0xFE, 0xFE, 0xEF, 0xFE, 0xDA, 0x98, 0x88, 0x88, 0x88, 
	0x87, 0x77, 0x77, 0x77, 0x66, 0x76, 0x66, 0x67, 0x77, 0x66, 0x66, 0x77, 0x76, 0x66, 0x65, 
	0x55, 0x55, 0x55, 0x45, 0x54, 0x44, 0x33, 0x55, 0x56, 0x55, 0x55, 0x6A, 0xDE, 0xFE, 0xED, 
	0xDD, 0xDD, 0xCC, 0xCC, 0xCC, 0xBA, 0xAB, 0xBA, 0x99, 0x98, 0x88, 0x88, 0x87, 0x77, 0x78, 
	0x88, 0x77, 0x77, 0x77, 0x77, 0x77, 0x77, 0x66, 0x66, 0x66, 0x66, 0x66, 0x77, 0x77, 0x88, 
	0x88, 0x87, 0x78, 0x89, 0x99, 0x99, 0x99, 0x99, 0x99, 0x99, 0x99, 0x98, 0x88, 0x88, 0x88, 
	0x88, 0x88, 0x88, 0x77, 0x78, 0x77, 0x66, 0x77, 0x77, 0x77, 0x77, 0x78, 0x88, 0x88, 0x77, 
	0x77, 0x66, 0x65, 0x54, 0x32, 0x21, 0x13, 0x44, 0x44, 0x43, 0x44, 0x44, 0x44, 0x45, 0x79, 
	0xAA, 0xAB, 0xBB, 0xBB, 0xBB, 0xBB, 0xBB, 0xBB, 0xAA, 0xBB, 0xBB, 0xBB, 0xBB, 0xBC, 0xBB, 
	0xBB, 0xCC, 0xCB, 0xBB, 0xAA, 0x99, 0xAA, 0xAA, 0xAB, 0xBB, 0xAA, 0xBA, 0xAB, 0xBB, 0xBC, 
	0xCC, 0xCC, 0xCC, 0xCC, 0xCC, 0xCC, 0xCC, 0xBB, 0x98, 0x76, 0x56, 0x66, 0x54, 0x33, 0x34, 
	0x44, 0x44, 0x44, 0x55, 0x55, 0x55, 0x55, 0x55, 0x55, 0x55, 0x55, 0x55, 0x44, 0x44, 0x44, 
	0x33, 0x34, 0x44, 0x55, 0x55, 0x55, 0x54, 0x44, 0x55, 0x55, 0x55, 0x55, 0x55, 0x55, 0x55, 
	0x55, 0x55, 0x66, 0x66, 0x66, 0x66, 0x66, 0x66, 0x66, 0x66, 0x66, 0x66, 0x66, 0x66, 0x66, 
	0x66, 0x66, 0x66, 0x66, 0x7A, 0xBC, 0xDD, 0xDD, 0xDD, 0xDD, 0xDD, 0xDD, 0xDD, 0xDD, 0xDD, 
	0xDD, 0xDD, 0xDD, 0xDD, 0xDD, 0xDD, 0xDD, 0xB9, 0x88, 0x98, 0x88, 0x88, 0x88, 0x88, 0x88, 
	0x88, 0x88, 0x89, 0x88, 0x88, 0x89, 0x88, 0x88, 0x88, 0x88, 0x88, 0x89, 0x99, 0x88, 0x99, 
	0x99, 0x99, 0xAA, 0x97, 0x88, 0x88, 0x88, 0x88, 0x89, 0xAA, 0xAA, 0xAA, 0xAA, 0xAA, 0x99, 
	0x99, 0x89, 0x88, 0x89, 0x88, 0x99, 0xAA, 0xAA, 0xAA, 0xAA, 0xAA, 0x98, 0x88, 0x98, 0x77, 
	0x89, 0x99, 0x89, 0xAA, 0xAA, 0xAA, 0xBC, 0xBB, 0xAA, 0xA9, 0x99, 0x99, 0x9A, 0xAB, 0xEF, 
	0xFF, 0xFF, 0xFF, 0xFF, 0xFF, 0xFF, 0xFE, 0xEF, 0xFF, 0xFD, 0xB9, 0x88, 0x88, 0x78, 0x88, 
	0x77, 0x77, 0x77, 0x77, 0x66, 0x66, 0x66, 0x67, 0x77, 0x77, 0x77, 0x77, 0x77, 0x66, 0x66, 
	0x55, 0x55, 0x54, 0x45, 0x54, 0x44, 0x34, 0x55, 0x56, 0x56, 0x65, 0x7B, 0xEE, 0xEE, 0xEE, 
	0xDD, 0xDD, 0xCC, 0xCC, 0xCC, 0xBB, 0xBB, 0xBA, 0x99, 0x99, 0x88, 0x99, 0x98, 0x88, 0x88, 
	0x87, 0x77, 0x77, 0x77, 0x78, 0x88, 0x77, 0x66, 0x66, 0x66, 0x66, 0x67, 0x88, 0x88, 0x88, 
	0x88, 0x77, 0x77, 0x78, 0x89, 0x99, 0x99, 0x99, 0x99, 0x88, 0x88, 0x77, 0x77, 0x67, 0x77, 
	0x77, 0x77, 0x77, 0x88, 0x77, 0x77, 0x77, 0x77, 0x77, 0x77, 0x77, 0x88, 0x88, 0x87, 0x77, 
	0x77, 0x76, 0x66, 0x54, 0x32, 0x21, 0x23, 0x44, 0x44, 0x44, 0x44, 0x44, 0x44, 0x56, 0x89, 
	0xAA, 0xBB, 0xBB, 0xBB, 0xBB, 0xBB, 0xBB, 0xBB, 0xBB, 0xBB, 0xCC, 0xBB, 0xBB, 0xBC, 0xCB, 
	0xBB, 0xCB, 0xBB, 0xBB, 0xBA, 0xAA, 0xAA, 0xAA, 0xAA, 0xBA, 0xAA, 0xAA, 0xAA, 0xAA, 0xBB, 
	0xBC, 0xCC, 0xCC, 0xCC, 0xCC, 0xCC, 0xCB, 0xB9, 0x87, 0x66, 0x56, 0x66, 0x54, 0x33, 0x34, 
	0x44, 0x44, 0x44, 0x44, 0x55, 0x65, 0x55, 0x55, 0x55, 0x55, 0x55, 0x55, 0x44, 0x44, 0x34, 
	0x43, 0x33, 0x44, 0x44, 0x55, 0x55, 0x55, 0x44, 0x55, 0x54, 0x55, 0x55, 0x55, 0x55, 0x55, 
	0x55, 0x55, 0x66, 0x56, 0x66, 0x66, 0x66, 0x66, 0x66, 0x66, 0x66, 0x66, 0x66, 0x66, 0x66, 
	0x66, 0x66, 0x67, 0x66, 0x7A, 0xBC, 0xCD, 0xDD, 0xDD, 0xDD, 0xDD, 0xDD, 0xDD, 0xDD, 0xDD, 
	0xDD, 0xDD, 0xDD, 0xDD, 0xDD, 0xDD, 0xDD, 0xCA, 0xAA, 0xA9, 0x88, 0x88, 0x88, 0x88, 0x88, 
	0x88, 0x88, 0x88, 0x88, 0x88, 0x88, 0x88, 0x88, 0x88, 0x88, 0x88, 0x88, 0x88, 0x89, 0x99, 
	0x99, 0x99, 0x99, 0x88, 0x89, 0x89, 0x98, 0x87, 0x89, 0xAA, 0xAA, 0xA9, 0xA9, 0xAA, 0x9A, 
	0xA9, 0x99, 0x98, 0x99, 0x99, 0x99, 0xAA, 0xA9, 0x99, 0x99, 0x99, 0x88, 0x99, 0x99, 0x88, 
	0x89, 0x98, 0x89, 0xAA, 0xAA, 0xAA, 0xAB, 0xBA, 0x99, 0x99, 0x99, 0xAA, 0xAB, 0xAB, 0xEF, 
	0xFE, 0xEE, 0xFF, 0xFF, 0xFF, 0xFF, 0xFE, 0xEF, 0xFF, 0xEB, 0xA8, 0x88, 0x87, 0x77, 0x87, 
	0x77, 0x77, 0x77, 0x77, 0x66, 0x66, 0x66, 0x77, 0x77, 0x77, 0x76, 0x67, 0x76, 0x66, 0x66, 
	0x65, 0x55, 0x54, 0x45, 0x44, 0x44, 0x33, 0x55, 0x55, 0x66, 0x55, 0x8C, 0xEF, 0xEE, 0xEE, 
	0xDD, 0xED, 0xDC, 0xDD, 0xCC, 0xCB, 0xBB, 0xBA, 0xA9, 0x9A, 0x99, 0x99, 0x99, 0x89, 0x88, 
	0x77, 0x88, 0x88, 0x88, 0x88, 0x87, 0x77, 0x77, 0x77, 0x77, 0x87, 0x88, 0x88, 0x88, 0x88, 
	0x77, 0x77, 0x77, 0x78, 0x88, 0x9A, 0xAA, 0xAA, 0x99, 0x98, 0x88, 0x77, 0x76, 0x66, 0x66, 
	0x66, 0x67, 0x77, 0x77, 0x77, 0x77, 0x77, 0x77, 0x77, 0x77, 0x77, 0x78, 0x88, 0x77, 0x77, 
	0x77, 0x77, 0x76, 0x65, 0x43, 0x21, 0x22, 0x44, 0x44, 0x44, 0x44, 0x43, 0x34, 0x67, 0x99, 
	0xAA, 0xBB, 0xBB, 0xBB, 0xBB, 0xBB, 0xBB, 0xBB, 0xBB, 0xBB, 0xCC, 0xBB, 0xBB, 0xCC, 0xCB, 
	0xBB, 0xBB, 0xBB, 0xBB, 0xBB, 0xBA, 0xBB, 0xBA, 0xAA, 0xBA, 0xAA, 0xAA, 0xAA, 0xAA, 0xAA, 
	0xBB, 0xBB, 0xCC, 0xCC, 0xCC, 0xCC, 0xBB, 0xA8, 0x76, 0x56, 0x66, 0x66, 0x55, 0x33, 0x34, 
	0x43, 0x44, 0x44, 0x44, 0x45, 0x55, 0x55, 0x55, 0x55, 0x55, 0x55, 0x55, 0x54, 0x44, 0x33, 
	0x34, 0x44, 0x43, 0x34, 0x45, 0x55, 0x55, 0x55, 0x55, 0x55, 0x55, 0x55, 0x55, 0x55, 0x55, 
	0x55, 0x55, 0x66, 0x56, 0x66, 0x66, 0x66, 0x66, 0x66, 0x66, 0x66, 0x66, 0x66, 0x66, 0x66, 
	0x66, 0x66, 0x77, 0x66, 0x8A, 0xBC, 0xCC, 0xDD, 0xDD, 0xDD, 0xDD, 0xDD, 0xDD, 0xDD, 0xDD, 
	0xDD, 0xDD, 0xDD, 0xDD, 0xDD, 0xDD, 0xDD, 0xDC, 0xCC, 0xBA, 0x98, 0x78, 0x88, 0x88, 0x88, 
	0x88, 0x88, 0x88, 0x88, 0x88, 0x88, 0x88, 0x88, 0x88, 0x99, 0x88, 0x88, 0x88, 0x89, 0x99, 
	0x99, 0x98, 0x88, 0x99, 0x99, 0x99, 0x99, 0x87, 0x78, 0x99, 0x99, 0x99, 0x99, 0xAA, 0x9A, 
	0xBA, 0xA9, 0x99, 0x9A, 0x99, 0x99, 0xAA, 0xA9, 0x99, 0x88, 0x88, 0x89, 0x9A, 0xA9, 0x98, 
	0x99, 0x98, 0x88, 0x9A, 0xAA, 0xAA, 0xAA, 0xAA, 0x99, 0x9A, 0xAA, 0xAB, 0xBB, 0xBB, 0xDE, 
	0xFE, 0xEE, 0xEE, 0xFF, 0xFF, 0xFE, 0xEE, 0xFF, 0xFE, 0xC9, 0x88, 0x88, 0x88, 0x77, 0x77, 
	0x77, 0x76, 0x67, 0x76, 0x66, 0x66, 0x66, 0x77, 0x77, 0x77, 0x66, 0x66, 0x66, 0x66, 0x66, 
	0x65, 0x55, 0x44, 0x55, 0x44, 0x44, 0x33, 0x45, 0x56, 0x65, 0x56, 0xAE, 0xFE, 0xDD, 0xDD, 
	0xDD, 0xED, 0xDD, 0xDD, 0xDC, 0xCC, 0xCC, 0xBB, 0xAA, 0xAA, 0x99, 0x9A, 0xA9, 0x99, 0x88, 
	0x78, 0x88, 0x88, 0x88, 0x88, 0x77, 0x77, 0x88, 0x88, 0x88, 0x99, 0x88, 0x77, 0x77, 0x77, 
	0x77, 0x77, 0x77, 0x78, 0x88, 0x9A, 0xAA, 0xAA, 0xAA, 0x99, 0x88, 0x88, 0x87, 0x77, 0x66, 
	0x55, 0x56, 0x67, 0x66, 0x66, 0x66, 0x66, 0x77, 0x77, 0x77, 0x77, 0x77, 0x88, 0x77, 0x88, 
	0x77, 0x77, 0x77, 0x65, 0x54, 0x22, 0x12, 0x33, 0x33, 0x33, 0x34, 0x33, 0x35, 0x89, 0xAA, 
	0x9A, 0xBB, 0xBB, 0xBB, 0xBB, 0xBB, 0xCC, 0xBB, 0xBB, 0xBB, 0xCB, 0xBB, 0xBB, 0xCC, 0xCB, 
	0xBB, 0xBB, 0xBA, 0xBB, 0xBB, 0xBB, 0xBB, 0xBA, 0xAB, 0xBA, 0xAB, 0xAA, 0xAA, 0xAA, 0xAA, 
	0xAB, 0xBB, 0xCC, 0xCC, 0xCC, 0xCC, 0xBA, 0x98, 0x65, 0x55, 0x66, 0x66, 0x65, 0x43, 0x34, 
	0x43, 0x44, 0x54, 0x45, 0x54, 0x55, 0x55, 0x55, 0x55, 0x55, 0x55, 0x55, 0x54, 0x44, 0x33, 
	0x34, 0x44, 0x43, 0x34, 0x44, 0x45, 0x55, 0x65, 0x55, 0x55, 0x55, 0x55, 0x55, 0x55, 0x55, 
	0x55, 0x66, 0x66, 0x56, 0x65, 0x56, 0x66, 0x66, 0x66, 0x66, 0x66, 0x66, 0x66, 0x66, 0x56, 
	0x66, 0x66, 0x77, 0x66, 0x8A, 0xBC, 0xCC, 0xCC, 0xCC, 0xCD, 0xDD, 0xDD, 0xDD, 0xDD, 0xDD, 
	0xDD, 0xDD, 0xDD, 0xDD, 0xDD, 0xDD, 0xDD, 0xDD, 0xDD, 0xCB, 0xA8, 0x88, 0x88, 0x88, 0x88, 
	0x88, 0x88, 0x88, 0x88, 0x88, 0x88, 0x88, 0x88, 0x88, 0x99, 0x88, 0x88, 0x88, 0x89, 0x99, 
	0x79, 0x98, 0x98, 0x89, 0x99, 0x99, 0x99, 0x88, 0x88, 0x99, 0x88, 0x99, 0x99, 0x9A, 0x9A, 
	0xBB, 0xA9, 0x9A, 0xBB, 0xBA, 0xAA, 0xAA, 0x99, 0x98, 0x87, 0x78, 0x8A, 0xBB, 0xAA, 0x98, 
	0xAA, 0x98, 0x89, 0xAA, 0xAA, 0xAA, 0xA9, 0xAA, 0xA9, 0xAA, 0xAB, 0xBB, 0xBB, 0xBB, 0xDF, 
	0xFE, 0xFE, 0xEE, 0xEF, 0xFF, 0xEE, 0xFF, 0xFF, 0xEC, 0x98, 0x88, 0x88, 0x88, 0x77, 0x77, 
	0x77, 0x76, 0x67, 0x77, 0x66, 0x66, 0x66, 0x66, 0x66, 0x66, 0x66, 0x66, 0x66, 0x66, 0x55, 
	0x55, 0x55, 0x44, 0x55, 0x44, 0x44, 0x33, 0x45, 0x66, 0x54, 0x59, 0xDE, 0xED, 0xDD, 0xED, 
	0xDD, 0xDD, 0xDD, 0xDD, 0xDD, 0xCC, 0xCC, 0xCB, 0xBA, 0xAA, 0x9A, 0xAA, 0x99, 0x99, 0x88, 
	0x88, 0x88, 0x88, 0x88, 0x87, 0x77, 0x88, 0x99, 0x99, 0x99, 0x99, 0x88, 0x76, 0x67, 0x77, 
	0x77, 0x77, 0x77, 0x89, 0x99, 0x99, 0xAA, 0xAA, 0xAA, 0xA9, 0x99, 0x99, 0x98, 0x88, 0x77, 
	0x66, 0x66, 0x66, 0x55, 0x55, 0x55, 0x66, 0x66, 0x77, 0x77, 0x77, 0x77, 0x88, 0x88, 0x88, 
	0x77, 0x77, 0x77, 0x77, 0x64, 0x32, 0x22, 0x22, 0x22, 0x32, 0x22, 0x23, 0x47, 0x9A, 0xAA, 
	0xAB, 0xBB, 0xBB, 0xBB, 0xBB, 0xCC, 0xCC, 0xBB, 0xBB, 0xBB, 0xCB, 0xBB, 0xBC, 0xCC, 0xCC, 
	0xBC, 0xBB, 0xBB, 0xBB, 0xBB, 0xBB, 0xBB, 0xBB, 0xBB, 0xBB, 0xAA, 0xAA, 0xAA, 0xAA, 0xAA, 
	0xAA, 0xBB, 0xCC, 0xCC, 0xCC, 0xCB, 0xBA, 0x87, 0x66, 0x65, 0x66, 0x66, 0x65, 0x43, 0x34, 
	0x43, 0x44, 0x45, 0x55, 0x54, 0x45, 0x55, 0x55, 0x55, 0x55, 0x55, 0x55, 0x55, 0x44, 0x33, 
	0x33, 0x34, 0x43, 0x44, 0x44, 0x44, 0x55, 0x55, 0x55, 0x55, 0x55, 0x55, 0x55, 0x55, 0x55, 
	0x55, 0x56, 0x66, 0x66, 0x65, 0x55, 0x66, 0x66, 0x66, 0x66, 0x66, 0x66, 0x66, 0x66, 0x66, 
	0x66, 0x66, 0x66, 0x55, 0x7A, 0xBB, 0xCC, 0xCC, 0xCC, 0xCC, 0xCD, 0xDD, 0xDD, 0xDD, 0xDD, 
	0xDD, 0xDD, 0xDD, 0xDD, 0xDD, 0xDD, 0xDD, 0xDD, 0xDD, 0xCC, 0xB9, 0x88, 0x88, 0x88, 0x88, 
	0x88, 0x88, 0x88, 0x88, 0x88, 0x88, 0x88, 0x89, 0x99, 0x99, 0x99, 0x98, 0x88, 0x99, 0x98, 
	0x79, 0x99, 0x99, 0x88, 0x99, 0x99, 0x99, 0x99, 0xAA, 0xAA, 0x99, 0xAA, 0xA9, 0x99, 0x9A, 
	0xBA, 0xAA, 0xAB, 0xBB, 0xBB, 0xAA, 0xAA, 0x99, 0x88, 0x77, 0x89, 0xAB, 0xCB, 0xAA, 0x99, 
	0xAA, 0x98, 0x89, 0xAB, 0xAA, 0xAA, 0x99, 0xAB, 0xAA, 0xAA, 0xBB, 0xBA, 0xAB, 0xAA, 0xCE, 
	0xFE, 0xFE, 0xEE, 0xFF, 0xFE, 0xEF, 0xFF, 0xFF, 0xDB, 0x88, 0x88, 0x88, 0x77, 0x77, 0x77, 
	0x77, 0x76, 0x67, 0x76, 0x66, 0x66, 0x66, 0x66, 0x66, 0x66, 0x66, 0x66, 0x66, 0x65, 0x55, 
	0x55, 0x54, 0x44, 0x45, 0x44, 0x43, 0x33, 0x45, 0x66, 0x45, 0x8C, 0xED, 0xBB, 0xDE, 0xED, 
	0xDD, 0xDD, 0xDD, 0xDD, 0xDD, 0xCC, 0xCC, 0xCB, 0xBB, 0xBB, 0xAA, 0xAA, 0xA9, 0x99, 0x98, 
	0x89, 0x99, 0x88, 0x88, 0x88, 0x88, 0x99, 0x99, 0x99, 0x98, 0x88, 0x88, 0x77, 0x77, 0x88, 
	0x77, 0x77, 0x78, 0x89, 0x99, 0x99, 0xAA, 0xAA, 0xAA, 0xAA, 0x99, 0x99, 0x99, 0x98, 0x87, 
	0x77, 0x66, 0x66, 0x55, 0x55, 0x55, 0x66, 0x66, 0x66, 0x67, 0x77, 0x77, 0x78, 0x77, 0x87, 
	0x77, 0x77, 0x77, 0x77, 0x76, 0x43, 0x22, 0x22, 0x22, 0x22, 0x22, 0x24, 0x68, 0x9A, 0xAA, 
	0xAB, 0xBB, 0xBB, 0xBB, 0xBB, 0xBB, 0xBB, 0xBA, 0xAB, 0xBB, 0xCC, 0xCC, 0xCC, 0xCC, 0xCC, 
	0xCC, 0xCB, 0xBB, 0xBB, 0xBB, 0xBB, 0xBB, 0xBB, 0xBB, 0xBB, 0xAA, 0xAA, 0xAA, 0xAA, 0xAA, 
	0xAA, 0xBB, 0xBC, 0xBB, 0xBB, 0xBA, 0xA9, 0x87, 0x77, 0x76, 0x66, 0x56, 0x65, 0x43, 0x33, 
	0x33, 0x34, 0x44, 0x55, 0x55, 0x45, 0x55, 0x55, 0x55, 0x55, 0x55, 0x54, 0x44, 0x44, 0x33, 
	0x33, 0x34, 0x44, 0x44, 0x44, 0x44, 0x44, 0x55, 0x55, 0x55, 0x55, 0x55, 0x55, 0x55, 0x55, 
	0x55, 0x55, 0x66, 0x66, 0x65, 0x55, 0x66, 0x66, 0x66, 0x66, 0x66, 0x66, 0x56, 0x66, 0x66, 
	0x66, 0x66, 0x66, 0x55, 0x7A, 0xBB, 0xCC, 0xCC, 0xCC, 0xCC, 0xCC, 0xCD, 0xDD, 0xDD, 0xDD, 
	0xDD, 0xDD, 0xDD, 0xDD, 0xDD, 0xDD, 0xDD, 0xDD, 0xDD, 0xDD, 0xCA, 0x88, 0x88, 0x88, 0x88, 
	0x88, 0x88, 0x88, 0x88, 0x88, 0x88, 0x88, 0x99, 0x99, 0x88, 0x88, 0x98, 0x88, 0x99, 0x98, 
	0x78, 0x99, 0x99, 0x88, 0x99, 0x99, 0x9A, 0xAA, 0xBB, 0xBB, 0xBB, 0xBB, 0xBA, 0xAA, 0xAA, 
	0xBA, 0xAA, 0xBB, 0xBB, 0xBB, 0xBA, 0xAA, 0x98, 0x88, 0x99, 0xAA, 0xBC, 0xCA, 0x99, 0x99, 
	0xA9, 0x99, 0x89, 0xAB, 0xAA, 0xAA, 0x99, 0xAB, 0xAB, 0xBB, 0xAA, 0xAA, 0xAA, 0xAA, 0xCE, 
	0xFE, 0xFF, 0xFF, 0xEE, 0xEE, 0xEE, 0xFF, 0xFE, 0xB9, 0x77, 0x88, 0x87, 0x77, 0x77, 0x77, 
	0x67, 0x66, 0x67, 0x76, 0x66, 0x66, 0x66, 0x66, 0x56, 0x66, 0x66, 0x66, 0x65, 0x55, 0x55, 
	0x55, 0x54, 0x44, 0x44, 0x44, 0x43, 0x33, 0x35, 0x65, 0x45, 0xAC, 0xC9, 0x78, 0xCE, 0xFE, 
	0xDD, 0xDD, 0xDD, 0xDD, 0xDD, 0xDD, 0xCC, 0xCB, 0xBC, 0xBB, 0xAB, 0xBA, 0xA9, 0x99, 0x99, 
	0x99, 0x99, 0x99, 0x88, 0x89, 0x99, 0x99, 0x99, 0x99, 0x98, 0x88, 0x88, 0x88, 0x88, 0x88, 
	0x88, 0x88, 0x88, 0x99, 0x99, 0x99, 0x99, 0xAA, 0xAA, 0xAA, 0xAA, 0xA9, 0x99, 0x99, 0x88, 
	0x88, 0x77, 0x66, 0x66, 0x66, 0x66, 0x66, 0x66, 0x66, 0x66, 0x77, 0x77, 0x77, 0x77, 0x77, 
	0x77, 0x77, 0x77, 0x78, 0x87, 0x65, 0x42, 0x11, 0x22, 0x21, 0x22, 0x36, 0x8A, 0xAA, 0xAA, 
	0xBB, 0xBB, 0xBB, 0xBB, 0xBB, 0xBA, 0xAA, 0xAA, 0xBB, 0xBB, 0xBB, 0xCC, 0xCC, 0xCC, 0xCB, 
	0xCC, 0xCB, 0xBB, 0xBB, 0xBB, 0xBB, 0xBB, 0xBB, 0xBB, 0xBB, 0xAA, 0xAA, 0xAA, 0xBB, 0xAA, 
	0xBB, 0xBB, 0xBB, 0xBB, 0xBB, 0xA9, 0x88, 0x77, 0x78, 0x87, 0x76, 0x66, 0x65, 0x33, 0x34, 
	0x33, 0x43, 0x44, 0x44, 0x44, 0x45, 0x55, 0x55, 0x55, 0x55, 0x55, 0x44, 0x44, 0x44, 0x43, 
	0x33, 0x44, 0x43, 0x34, 0x44, 0x44, 0x44, 0x55, 0x55, 0x55, 0x55, 0x55, 0x55, 0x55, 0x55, 
	0x55, 0x55, 0x55, 0x55, 0x65, 0x56, 0x66, 0x66, 0x66, 0x66, 0x66, 0x66, 0x56, 0x66, 0x66, 
	0x66, 0x66, 0x66, 0x55, 0x7A, 0xBC, 0xCC, 0xCC, 0xCC, 0xCC, 0xCC, 0xCC, 0xDD, 0xDD, 0xDD, 
	0xDD, 0xDD, 0xDD, 0xDD, 0xDD, 0xDD, 0xDD, 0xDD, 0xDD, 0xDD, 0xCB, 0x99, 0x88, 0x88, 0x88, 
	0x88, 0x88, 0x88, 0x88, 0x88, 0x88, 0x89, 0x98, 0x89, 0x88, 0x88, 0x99, 0x99, 0x99, 0x99, 
	0x88, 0x88, 0x88, 0x99, 0x99, 0xAA, 0xAA, 0xAA, 0xBB, 0xBC, 0xCC, 0xCC, 0xCB, 0xBB, 0xAA, 
	0xAA, 0xAB, 0xBB, 0xBB, 0xBB, 0xBB, 0xBB, 0x98, 0x89, 0xBA, 0xBB, 0xBB, 0xB9, 0x88, 0x99, 
	0xA9, 0x99, 0xAA, 0xAA, 0xA9, 0xA9, 0x99, 0xAB, 0xBB, 0xBA, 0xAA, 0xAA, 0xAB, 0xBB, 0xCE, 
	0xEE, 0xFF, 0xEE, 0xFF, 0xFF, 0xEE, 0xFF, 0xEC, 0x98, 0x78, 0x88, 0x87, 0x77, 0x77, 0x77, 
	0x66, 0x66, 0x66, 0x66, 0x66, 0x66, 0x66, 0x66, 0x66, 0x66, 0x65, 0x55, 0x55, 0x55, 0x55, 
	0x55, 0x55, 0x44, 0x44, 0x44, 0x43, 0x33, 0x34, 0x55, 0x46, 0xAA, 0x86, 0x59, 0xCE, 0xFE, 
	0xED, 0xDD, 0xDD, 0xDD, 0xDC, 0xDD, 0xDC, 0xCB, 0xCC, 0xBB, 0xBB, 0xBB, 0xAA, 0x99, 0x99, 
	0x99, 0x99, 0x99, 0x99, 0x99, 0xA9, 0x99, 0x99, 0x99, 0x99, 0x88, 0x88, 0x88, 0x88, 0x88, 
	0x88, 0x88, 0x89, 0x99, 0x99, 0x99, 0x99, 0x9A, 0xAA, 0xAA, 0xAA, 0xA9, 0x99, 0x99, 0x89, 
	0x99, 0x88, 0x77, 0x77, 0x77, 0x76, 0x66, 0x66, 0x66, 0x67, 0x77, 0x77, 0x78, 0x88, 0x88, 
	0x77, 0x77, 0x78, 0x88, 0x88, 0x77, 0x54, 0x21, 0x22, 0x22, 0x34, 0x68, 0x9A, 0xBA, 0xAA, 
	0xBB, 0xBB, 0xBB, 0xBB, 0xBB, 0xAA, 0xAA, 0xBB, 0xBB, 0xBB, 0xBB, 0xCC, 0xCC, 0xCC, 0xBB, 
	0xBB, 0xBB, 0xBB, 0xBB, 0xBB, 0xBB, 0xBA, 0xBB, 0xBB, 0xBB, 0xBB, 0xAA, 0xAA, 0xBB, 0xBB, 
	0xBB, 0xBB, 0xBB, 0xBB, 0xBB, 0x97, 0x66, 0x77, 0x77, 0x77, 0x77, 0x77, 0x65, 0x43, 0x33, 
	0x33, 0x43, 0x44, 0x44, 0x44, 0x45, 0x55, 0x54, 0x44, 0x44, 0x44, 0x44, 0x44, 0x44, 0x44, 
	0x44, 0x44, 0x33, 0x33, 0x44, 0x44, 0x44, 0x44, 0x55, 0x55, 0x55, 0x55, 0x55, 0x55, 0x55, 
	0x55, 0x55, 0x55, 0x55, 0x66, 0x65, 0x56, 0x66, 0x66, 0x66, 0x66, 0x66, 0x56, 0x66, 0x66, 
	0x66, 0x66, 0x66, 0x55, 0x8A, 0xBC, 0xCC, 0xCC, 0xCC, 0xCC, 0xCC, 0xCC, 0xDD, 0xDD, 0xDD, 
	0xDD, 0xDD, 0xDD, 0xDD, 0xDD, 0xDD, 0xDD, 0xDD, 0xDD, 0xDD, 0xDC, 0xAA, 0xA9, 0x88, 0x88, 
	0x89, 0x99, 0x88, 0x88, 0x88, 0x88, 0x89, 0x98, 0x88, 0x88, 0x89, 0x99, 0x99, 0x98, 0x88, 
	0x98, 0x88, 0x89, 0xAA, 0x99, 0xAA, 0xAA, 0xAA, 0xAA, 0xBC, 0xCB, 0xBB, 0xCC, 0xCB, 0xAA, 
	0xBA, 0xBB, 0xBA, 0xAA, 0xBB, 0xCC, 0xCC, 0xA7, 0x79, 0xBA, 0xAB, 0xBB, 0xA9, 0x88, 0x9A, 
	0xA9, 0x9A, 0xAA, 0xA9, 0x99, 0xA9, 0x9A, 0xAB, 0xAB, 0xAA, 0xAA, 0xBA, 0xAB, 0xBB, 0xBB, 
	0xCD, 0xEF, 0xEF, 0xFF, 0xFF, 0xFF, 0xFF, 0xDA, 0x88, 0x88, 0x78, 0x77, 0x77, 0x77, 0x76, 
	0x66, 0x66, 0x66, 0x66, 0x66, 0x66, 0x66, 0x55, 0x66, 0x65, 0x55, 0x55, 0x55, 0x54, 0x55, 
	0x55, 0x55, 0x44, 0x44, 0x44, 0x43, 0x33, 0x34, 0x55, 0x56, 0x77, 0x56, 0x7B, 0xEE, 0xEE, 
	0xDD, 0xDD, 0xDD, 0xDD, 0xDC, 0xDD, 0xDC, 0xCC, 0xCC, 0xBB, 0xBB, 0xBB, 0xBA, 0xAA, 0xA9, 
	0x99, 0x9A, 0xAA, 0xAA, 0xAA, 0xA9, 0x99, 0x99, 0x99, 0x99, 0x99, 0x88, 0x88, 0x99, 0x88, 
	0x88, 0x88, 0x99, 0x99, 0x99, 0x99, 0x99, 0x99, 0x9A, 0xAA, 0xAA, 0x99, 0x98, 0x88, 0x99, 
	0x99, 0x98, 0x88, 0x77, 0x77, 0x77, 0x77, 0x77, 0x77, 0x77, 0x77, 0x77, 0x78, 0x88, 0x88, 
	0x88, 0x88, 0x88, 0x88, 0x88, 0x88, 0x76, 0x43, 0x32, 0x34, 0x56, 0x89, 0xAB, 0xBB, 0xBB, 
	0xBB, 0xBB, 0xBB, 0xBB, 0xBB, 0xAA, 0xBB, 0xBB, 0xBB, 0xBB, 0xBB, 0xCC, 0xCC, 0xCC, 0xBB, 
	0xBA, 0xAB, 0xBB, 0xBB, 0xBB, 0xBB, 0xBB, 0xBB, 0xBB, 0xBB, 0xCB, 0xBA, 0xAB, 0xBB, 0xBB, 
	0xBA, 0xAB, 0xBB, 0xBB, 0xA9, 0x86, 0x55, 0x67, 0x77, 0x77, 0x87, 0x77, 0x76, 0x53, 0x33, 
	0x33, 0x44, 0x44, 0x44, 0x55, 0x55, 0x55, 0x55, 0x44, 0x44, 0x44, 0x44, 0x44, 0x44, 0x44, 
	0x44, 0x44, 0x33, 0x34, 0x44, 0x44, 0x44, 0x44, 0x55, 0x55, 0x55, 0x55, 0x55, 0x55, 0x55, 
	0x55, 0x55, 0x55, 0x56, 0x66, 0x65, 0x56, 0x66, 0x66, 0x66, 0x66, 0x66, 0x66, 0x66, 0x66, 
	0x66, 0x66, 0x66, 0x55, 0x8A, 0xBC, 0xCC, 0xCC, 0xCC, 0xCC, 0xCC, 0xCD, 0xDD, 0xDD, 0xDD, 
	0xDD, 0xDD, 0xDD, 0xDD, 0xDD, 0xDD, 0xDD, 0xDD, 0xDD, 0xDD, 0xDD, 0xCC, 0xBA, 0x88, 0x88, 
	0x88, 0x88, 0x88, 0x88, 0x88, 0x88, 0x88, 0x98, 0x88, 0x88, 0x89, 0x99, 0x99, 0x98, 0x88, 
	0x99, 0x99, 0x9A, 0xAA, 0xAA, 0xAB, 0xAA, 0xAA, 0xAA, 0xBB, 0xBB, 0xBB, 0xCB, 0xBB, 0xBB, 
	0xBB, 0xBB, 0xAA, 0xAA, 0xBC, 0xCC, 0xCC, 0xA7, 0x68, 0x9A, 0xAA, 0xBB, 0xA9, 0x9A, 0xBB, 
	0xBA, 0xAA, 0xBB, 0xAA, 0xAA, 0xAA, 0x9A, 0xAA, 0xAA, 0xAA, 0xAB, 0xBB, 0xBB, 0xBB, 0xAA, 
	0xAA, 0xBC, 0xCD, 0xEE, 0xEE, 0xFF, 0xED, 0xB9, 0x88, 0x88, 0x77, 0x78, 0x77, 0x76, 0x66, 
	0x66, 0x66, 0x66, 0x66, 0x66, 0x55, 0x55, 0x55, 0x55, 0x55, 0x55, 0x55, 0x55, 0x44, 0x45, 
	0x54, 0x55, 0x44, 0x44, 0x44, 0x43, 0x34, 0x34, 0x56, 0x55, 0x55, 0x58, 0xBD, 0xDD, 0xCC, 
	0xCD, 0xDD, 0xDD, 0xDD, 0xDD, 0xCC, 0xCC, 0xCC, 0xBB, 0xBB, 0xBB, 0xBB, 0xBB, 0xAA, 0xAA, 
	0xA9, 0xAA, 0xAA, 0xAA, 0xAA, 0x99, 0x99, 0x99, 0x99, 0x99, 0x99, 0x99, 0x99, 0x99, 0x88, 
	0x88, 0x89, 0x99, 0x99, 0x99, 0x99, 0x99, 0x99, 0x9A, 0xAA, 0xAA, 0x99, 0x98, 0x89, 0x99, 
	0x98, 0x88, 0x88, 0x88, 0x88, 0x88, 0x88, 0x88, 0x77, 0x78, 0x88, 0x88, 0x88, 0x88, 0x88, 
	0x88, 0x88, 0x88, 0x88, 0x78, 0x88, 0x88, 0x65, 0x43, 0x45, 0x67, 0x9A, 0xAA, 0xBB, 0xBB, 
	0xBB, 0xBB, 0xBA, 0xBB, 0xBB, 0xBB, 0xBB, 0xBB, 0xBB, 0xBB, 0xBB, 0xCC, 0xCC, 0xCC, 0xCB, 
	0xBA, 0xAA, 0xBB, 0xBB, 0xBB, 0xBB, 0xBB, 0xBA, 0xAA, 0xAB, 0xBC, 0xCB, 0xBB, 0xBB, 0xBB, 
	0xBB, 0xBB, 0xBB, 0xBA, 0x98, 0x75, 0x55, 0x56, 0x67, 0x77, 0x87, 0x77, 0x77, 0x64, 0x44, 
	0x33, 0x43, 0x34, 0x44, 0x55, 0x55, 0x45, 0x55, 0x54, 0x44, 0x44, 0x44, 0x44, 0x44, 0x44, 
	0x33, 0x33, 0x33, 0x34, 0x44, 0x44, 0x44, 0x45, 0x55, 0x55, 0x55, 0x55, 0x55, 0x55, 0x55, 
	0x55, 0x55, 0x55, 0x56, 0x66, 0x55, 0x56, 0x66, 0x56, 0x66, 0x56, 0x65, 0x56, 0x66, 0x66, 
	0x66, 0x66, 0x77, 0x66, 0x8B, 0xCC, 0xCC, 0xCD, 0xDC, 0xDD, 0xDD, 0xDD, 0xDD, 0xDD, 0xDD, 
	0xDD, 0xDD, 0xDD, 0xDD, 0xDD, 0xDD, 0xDD, 0xDD, 0xDD, 0xDD, 0xDD, 0xDC, 0xCA, 0x88, 0x98, 
	0x88, 0x88, 0x88, 0x88, 0x88, 0x88, 0x88, 0x88, 0x88, 0x88, 0x99, 0x99, 0x99, 0x98, 0x88, 
	0x9A, 0xAA, 0xAA, 0xAA, 0xAA, 0xAB, 0xBA, 0xAB, 0xAA, 0xBB, 0xBB, 0xBB, 0xBB, 0xBB, 0xBB, 
	0xBB, 0xBA, 0xAA, 0xAB, 0xBC, 0xCB, 0xCC, 0xB8, 0x66, 0x79, 0xAA, 0xBB, 0xBA, 0xBB, 0xCB, 
	0xBA, 0xAA, 0xBB, 0xBB, 0xBB, 0xAA, 0x9A, 0xAA, 0xAA, 0xAA, 0xBB, 0xBB, 0xBB, 0xBC, 0xCB, 
	0xA9, 0x89, 0x9A, 0xCC, 0xCD, 0xEE, 0xDC, 0xA9, 0x88, 0x88, 0x77, 0x87, 0x77, 0x76, 0x66, 
	0x66, 0x66, 0x66, 0x66, 0x65, 0x55, 0x55, 0x55, 0x55, 0x55, 0x55, 0x55, 0x54, 0x44, 0x44, 
	0x44, 0x44, 0x44, 0x44, 0x44, 0x43, 0x33, 0x33, 0x55, 0x55, 0x55, 0x6A, 0xBC, 0xAA, 0xAB, 
	0xCD, 0xDD, 0xDD, 0xDD, 0xDD, 0xCC, 0xCC, 0xCC, 0xCB, 0xBB, 0xBB, 0xBB, 0xBB, 0xBB, 0xBA, 
	0xAA, 0xAA, 0xAA, 0x99, 0x99, 0x99, 0x99, 0x99, 0x99, 0x99, 0x99, 0xAA, 0xAA, 0x99, 0x99, 
	0x99, 0x99, 0x99, 0x99, 0x99, 0x99, 0x99, 0x99, 0x9A, 0xAA, 0xAA, 0x99, 0x99, 0x99, 0x99, 
	0x88, 0x88, 0x88, 0x88, 0x88, 0x88, 0x88, 0x88, 0x77, 0x78, 0x88, 0x88, 0x88, 0x88, 0x88, 
	0x89, 0x88, 0x88, 0x88, 0x77, 0x88, 0x88, 0x76, 0x54, 0x56, 0x78, 0x9A, 0xAA, 0xAA, 0xAB, 
	0xBB, 0xBB, 0xAA, 0xBB, 0xBB, 0xBB, 0xBB, 0xBB, 0xBB, 0xBB, 0xBB, 0xCC, 0xCC, 0xCC, 0xCC, 
	0xBA, 0xAA, 0xBB, 0xCC, 0xBB, 0xBB, 0xBB, 0xBB, 0xAA, 0xAA, 0xBB, 0xCC, 0xCC, 0xBB, 0xBB, 
	0xBB, 0xBB, 0xBB, 0xB9, 0x87, 0x65, 0x55, 0x55, 0x56, 0x67, 0x77, 0x77, 0x77, 0x65, 0x44, 
	0x44, 0x44, 0x34, 0x44, 0x45, 0x44, 0x45, 0x55, 0x54, 0x44, 0x44, 0x44, 0x44, 0x44, 0x44, 
	0x33, 0x33, 0x33, 0x44, 0x44, 0x44, 0x44, 0x45, 0x55, 0x54, 0x55, 0x55, 0x55, 0x55, 0x55, 
	0x55, 0x55, 0x55, 0x55, 0x55, 0x55, 0x55, 0x55, 0x55, 0x66, 0x55, 0x65, 0x56, 0x66, 0x66, 
	0x65, 0x66, 0x77, 0x77, 0x9B, 0xCC, 0xCC, 0xCC, 0xCD, 0xDD, 0xDD, 0xDD, 0xDD, 0xDD, 0xDD, 
	0xDD, 0xDD, 0xDD, 0xDD, 0xDD, 0xDD, 0xDD, 0xDD, 0xDD, 0xDD, 0xDD, 0xDD, 0xCA, 0x98, 0x99, 
	0x88, 0x88, 0x99, 0x98, 0x88, 0x88, 0x88, 0x89, 0x88, 0x88, 0x99, 0x99, 0x99, 0x99, 0x99, 
	0x9A, 0xAA, 0xAA, 0xAA, 0xAA, 0xAB, 0xBA, 0xAB, 0xAB, 0xBB, 0xBB, 0xBC, 0xCB, 0xAB, 0xA9, 
	0x9A, 0xAA, 0xAB, 0xBB, 0xBB, 0xBB, 0xBC, 0xCA, 0x76, 0x69, 0xBA, 0xAB, 0xBB, 0xBB, 0xCC, 
	0xCA, 0xAA, 0xBB, 0xAB, 0xBB, 0xBA, 0xAB, 0xBB, 0xAA, 0xAB, 0xBB, 0xBB, 0xBB, 0xCD, 0xEE, 
	0xDC, 0xAA, 0x99, 0x9A, 0x99, 0xAB, 0xBA, 0x99, 0x88, 0x88, 0x77, 0x77, 0x77, 0x66, 0x66, 
	0x65, 0x55, 0x65, 0x55, 0x55, 0x55, 0x55, 0x55, 0x55, 0x55, 0x55, 0x44, 0x54, 0x44, 0x44, 
	0x44, 0x44, 0x55, 0x44, 0x44, 0x33, 0x33, 0x33, 0x45, 0x55, 0x55, 0x69, 0x99, 0x88, 0xAC, 
	0xCD, 0xED, 0xDD, 0xDD, 0xCD, 0xDC, 0xCC, 0xCC, 0xCC, 0xBB, 0xBB, 0xBB, 0xCC, 0xBB, 0xBB, 
	0xAA, 0xAA, 0xAA, 0x99, 0x99, 0x99, 0x99, 0xAA, 0x99, 0x9A, 0xAA, 0xAA, 0xAA, 0xA9, 0x99, 
	0xAA, 0xAA, 0x99, 0x99, 0x99, 0x99, 0xAA, 0xA9, 0x99, 0xAA, 0xAA, 0x99, 0x99, 0x99, 0x98, 
	0x88, 0x88, 0x87, 0x77, 0x77, 0x87, 0x88, 0x87, 0x77, 0x78, 0x88, 0x88, 0x88, 0x78, 0x88, 
	0x88, 0x88, 0x88, 0x87, 0x77, 0x77, 0x78, 0x76, 0x65, 0x67, 0x89, 0x9A, 0xAA, 0xAA, 0xAA, 
	0xBB, 0xBB, 0xBA, 0xBB, 0xBB, 0xBB, 0xBB, 0xAA, 0xBB, 0xBB, 0xBB, 0xCC, 0xCC, 0xCC, 0xCC, 
	0xBB, 0xBB, 0xBB, 0xBC, 0xCB, 0xBB, 0xBB, 0xBB, 0xAA, 0xAA, 0xBB, 0xBB, 0xCC, 0xCC, 0xBB, 
	0xBB, 0xCB, 0xBA, 0xA8, 0x76, 0x55, 0x55, 0x55, 0x55, 0x56, 0x67, 0x77, 0x77, 0x65, 0x44, 
	0x55, 0x55, 0x44, 0x44, 0x44, 0x44, 0x45, 0x55, 0x44, 0x44, 0x44, 0x44, 0x44, 0x44, 0x44, 
	0x44, 0x44, 0x44, 0x44, 0x44, 0x44, 0x44, 0x45, 0x55, 0x54, 0x55, 0x55, 0x56, 0x66, 0x55, 
	0x55, 0x55, 0x55, 0x55, 0x55, 0x65, 0x55, 0x55, 0x55, 0x55, 0x55, 0x66, 0x56, 0x66, 0x66, 
	0x65, 0x66, 0x67, 0x89, 0xAC, 0xCC, 0xCC, 0xDC, 0xCD, 0xDD, 0xDD, 0xDD, 0xDD, 0xDD, 0xDD, 
	0xDD, 0xDD, 0xDD, 0xDD, 0xDD, 0xDD, 0xDD, 0xDD, 0xDD, 0xDD, 0xDD, 0xDD, 0xDB, 0x98, 0x89, 
	0x88, 0x88, 0x98, 0x98, 0x88, 0x98, 0x88, 0x99, 0x98, 0x88, 0x99, 0x99, 0x99, 0x99, 0x99, 
	0xAA, 0xAA, 0xAA, 0xA9, 0xAA, 0xBB, 0xAA, 0xAB, 0xAB, 0xBB, 0xBB, 0xBB, 0xBB, 0xBA, 0xA8, 
	0x89, 0xAB, 0xBB, 0xBB, 0xAB, 0xBB, 0xBB, 0xBB, 0x97, 0x78, 0xAA, 0xBA, 0xAA, 0xBC, 0xCB, 
	0xBB, 0xAA, 0xAA, 0xAB, 0xBC, 0xBB, 0xBA, 0xBA, 0xAA, 0xBB, 0xBB, 0xBB, 0xCD, 0xEF, 0xFF, 
	0xFF, 0xEE, 0xCB, 0xBB, 0xA9, 0x99, 0x99, 0x88, 0x88, 0x88, 0x77, 0x77, 0x76, 0x66, 0x66, 
	0x65, 0x55, 0x55, 0x55, 0x55, 0x55, 0x45, 0x54, 0x44, 0x55, 0x44, 0x44, 0x44, 0x44, 0x44, 
	0x44, 0x44, 0x44, 0x44, 0x43, 0x33, 0x33, 0x33, 0x44, 0x55, 0x45, 0x56, 0x65, 0x68, 0xBC, 
	0xDE, 0xEE, 0xDD, 0xCC, 0xDD, 0xDC, 0xCC, 0xCC, 0xCC, 0xBB, 0xBB, 0xBB, 0xBC, 0xCC, 0xCB, 
	0xBA, 0xAA, 0xAA, 0x99, 0x99, 0x99, 0xAA, 0xAA, 0xAA, 0xAA, 0xAA, 0xAA, 0xAA, 0xAA, 0xAA, 
	0xAA, 0xAA, 0xA9, 0x99, 0x99, 0x99, 0x9A, 0xAA, 0xAA, 0x9A, 0xA9, 0x99, 0x99, 0xA9, 0x98, 
	0x88, 0x88, 0x88, 0x87, 0x77, 0x87, 0x78, 0x77, 0x77, 0x78, 0x87, 0x88, 0x88, 0x88, 0x88, 
	0x88, 0x87, 0x77, 0x87, 0x77, 0x77, 0x77, 0x77, 0x76, 0x77, 0x89, 0x9A, 0xAA, 0xAA, 0xAB, 
	0xBB, 0xBB, 0xBA, 0xBB, 0xBB, 0xBB, 0xBB, 0xAA, 0xBB, 0xBB, 0xBB, 0xBC, 0xCC, 0xCC, 0xCC, 
	0xCC, 0xCB, 0xBB, 0xBC, 0xCB, 0xBB, 0xBA, 0xAB, 0xAA, 0xAA, 0xAA, 0xBB, 0xBB, 0xCC, 0xCC, 
	0xCB, 0xBA, 0xAA, 0x98, 0x76, 0x55, 0x55, 0x55, 0x55, 0x55, 0x56, 0x66, 0x78, 0x76, 0x43, 
	0x45, 0x55, 0x55, 0x44, 0x44, 0x45, 0x55, 0x55, 0x54, 0x44, 0x44, 0x44, 0x44, 0x43, 0x33, 
	0x44, 0x44, 0x44, 0x44, 0x44, 0x44, 0x44, 0x44, 0x55, 0x55, 0x55, 0x55, 0x55, 0x66, 0x55, 
	0x55, 0x55, 0x55, 0x55, 0x56, 0x66, 0x55, 0x55, 0x55, 0x55, 0x56, 0x66, 0x66, 0x66, 0x66, 
	0x66, 0x65, 0x67, 0x9A, 0xBC, 0xCC, 0xCC, 0xCC, 0xDD, 0xDD, 0xDD, 0xDD, 0xDD, 0xDD, 0xDD, 
	0xDD, 0xDD, 0xDD, 0xDD, 0xDD, 0xDD, 0xDD, 0xDD, 0xDD, 0xDD, 0xED, 0xDD, 0xDC, 0xA9, 0x88, 
	0x88, 0x89, 0x89, 0x88, 0x88, 0x88, 0x88, 0x89, 0x98, 0x88, 0x99, 0x99, 0x99, 0x99, 0x99, 
	0xAB, 0xBA, 0xAA, 0xAA, 0xAA, 0xAA, 0xAA, 0xBB, 0xBB, 0xBB, 0xBB, 0xBB, 0xBB, 0xBA, 0x99, 
	0x9A, 0xBB, 0xBB, 0xBB, 0xBB, 0xBB, 0xBA, 0xAB, 0xAA, 0x88, 0x99, 0xBA, 0xAA, 0xBC, 0xCA, 
	0xAB, 0xAA, 0xAA, 0xAA, 0xBB, 0xBB, 0xAA, 0xAA, 0xAA, 0xBB, 0xCC, 0xCD, 0xEE, 0xFF, 0xFF, 
	0xFF, 0xFF, 0xEE, 0xEE, 0xED, 0xBA, 0x88, 0x88, 0x88, 0x87, 0x77, 0x77, 0x66, 0x66, 0x66, 
	0x55, 0x55, 0x55, 0x55, 0x55, 0x55, 0x44, 0x55, 0x44, 0x55, 0x44, 0x44, 0x44, 0x44, 0x44, 
	0x44, 0x44, 0x44, 0x44, 0x33, 0x43, 0x33, 0x33, 0x44, 0x45, 0x55, 0x45, 0x54, 0x47, 0x8A, 
	0xCD, 0xED, 0xDC, 0xCD, 0xDD, 0xDC, 0xCC, 0xCC, 0xCC, 0xBB, 0xBB, 0xBB, 0xBB, 0xBC, 0xCC, 
	0xBA, 0xAB, 0xAA, 0xAA, 0x99, 0x9A, 0xAA, 0xAA, 0xAA, 0xAA, 0xAA, 0xAA, 0xAA, 0xAA, 0xAA, 
	0xAA, 0xAA, 0xA9, 0x99, 0xAA, 0xAA, 0xAA, 0xAA, 0xAA, 0xAA, 0x99, 0x99, 0x9A, 0xA9, 0x99, 
	0x99, 0x98, 0x88, 0x87, 0x77, 0x87, 0x88, 0x77, 0x77, 0x77, 0x77, 0x88, 0x88, 0x88, 0x88, 
	0x88, 0x77, 0x77, 0x77, 0x77, 0x77, 0x77, 0x77, 0x77, 0x78, 0x89, 0x9A, 0xAA, 0xAA, 0xBB, 
	0xBB, 0xBB, 0xBB, 0xBB, 0xBB, 0xBB, 0xBB, 0xAA, 0xBB, 0xBB, 0xBB, 0xBC, 0xCC, 0xCC, 0xCC, 
	0xCC, 0xCB, 0xBB, 0xBC, 0xCB, 0xBB, 0xBB, 0xBA, 0xAA, 0xAA, 0xAB, 0xBB, 0xBB, 0xBC, 0xCC, 
	0xBB, 0xA8, 0x77, 0x77, 0x65, 0x55, 0x55, 0x55, 0x55, 0x55, 0x56, 0x66, 0x66, 0x77, 0x54, 
	0x44, 0x55, 0x56, 0x65, 0x54, 0x44, 0x45, 0x55, 0x54, 0x44, 0x44, 0x44, 0x44, 0x43, 0x33, 
	0x44, 0x44, 0x44, 0x44, 0x44, 0x44, 0x44, 0x44, 0x55, 0x55, 0x55, 0x55, 0x55, 0x55, 0x55, 
	0x55, 0x55, 0x55, 0x55, 0x55, 0x66, 0x55, 0x55, 0x55, 0x55, 0x55, 0x55, 0x66, 0x65, 0x56, 
	0x66, 0x65, 0x56, 0x9B, 0xBC, 0xCC, 0xCC, 0xCC, 0xDD, 0xDD, 0xDD, 0xDD, 0xDD, 0xDD, 0xDD, 
	0xDD, 0xDD, 0xDD, 0xDD, 0xDD, 0xDD, 0xDD, 0xDD, 0xDD, 0xDD, 0xDD, 0xDD, 0xDC, 0xBA, 0x99, 
	0x88, 0x88, 0x88, 0x88, 0x88, 0x88, 0x88, 0x88, 0x88, 0x89, 0x99, 0x99, 0x99, 0x99, 0x99, 
	0xBC, 0xCB, 0xBB, 0xBB, 0xAA, 0xAA, 0xAB, 0xBB, 0xBB, 0xBB, 0xBB, 0xBB, 0xBC, 0xCB, 0xAA, 
	0xAB, 0xBB, 0xAA, 0xBB, 0xBC, 0xCB, 0xAA, 0xAB, 0xBB, 0x98, 0x78, 0xAB, 0xAA, 0xCD, 0xCA, 
	0xAA, 0xAA, 0xAA, 0xAB, 0xBB, 0xBB, 0xBA, 0xAA, 0xBB, 0xCC, 0xDE, 0xEF, 0xFF, 0xFF, 0xFF, 
	0xFF, 0xFF, 0xFF, 0xFF, 0xFE, 0xB9, 0x88, 0x88, 0x88, 0x77, 0x77, 0x76, 0x66, 0x66, 0x55, 
	0x55, 0x55, 0x55, 0x54, 0x55, 0x55, 0x44, 0x55, 0x44, 0x44, 0x44, 0x44, 0x44, 0x44, 0x44, 
	0x44, 0x44, 0x44, 0x44, 0x33, 0x43, 0x33, 0x33, 0x44, 0x55, 0x55, 0x44, 0x54, 0x45, 0x57, 
	0xBD, 0xDC, 0xBB, 0xCD, 0xDC, 0xCC, 0xCC, 0xCC, 0xCC, 0xBB, 0xBB, 0xBB, 0xBB, 0xBB, 0xCC, 
	0xBB, 0xBB, 0xBA, 0xAA, 0xA9, 0x99, 0xAA, 0xAA, 0xAA, 0xAA, 0xAA, 0xAA, 0xAA, 0xAA, 0xAB, 
	0xAA, 0xAA, 0xAA, 0xAA, 0xAA, 0xAA, 0xAA, 0xAA, 0xAA, 0xAA, 0xAA, 0xAA, 0xAA, 0x99, 0x99, 
	0x99, 0x99, 0x99, 0x98, 0x88, 0x88, 0x88, 0x88, 0x87, 0x88, 0x88, 0x88, 0x88, 0x88, 0x88, 
	0x88, 0x77, 0x77, 0x77, 0x77, 0x78, 0x87, 0x77, 0x78, 0x88, 0x99, 0x9A, 0xAA, 0xAB, 0xBB, 
	0xAB, 0xBB, 0xBA, 0xBB, 0xBB, 0xBB, 0xBB, 0xAA, 0xBC, 0xBB, 0xBB, 0xBC, 0xCC, 0xBB, 0xCC, 
	0xCC, 0xCB, 0xBB, 0xBB, 0xBB, 0xBB, 0xBB, 0xBB, 0xBA, 0xAA, 0xAB, 0xBB, 0xBB, 0xBC, 0xCC, 
	0xCB, 0x98, 0x65, 0x55, 0x55, 0x56, 0x65, 0x55, 0x55, 0x55, 0x55, 0x66, 0x66, 0x67, 0x54, 
	0x45, 0x54, 0x55, 0x65, 0x55, 0x54, 0x45, 0x55, 0x54, 0x44, 0x44, 0x44, 0x44, 0x43, 0x33, 
	0x34, 0x44, 0x44, 0x44, 0x44, 0x44, 0x44, 0x44, 0x45, 0x55, 0x55, 0x55, 0x55, 0x55, 0x56, 
	0x55, 0x55, 0x55, 0x56, 0x55, 0x56, 0x65, 0x55, 0x55, 0x55, 0x55, 0x55, 0x56, 0x65, 0x66, 
	0x65, 0x66, 0x55, 0x8A, 0xBC, 0xCC, 0xCC, 0xCC, 0xDD, 0xDD, 0xDD, 0xDD, 0xDD, 0xDD, 0xDD, 
	0xDD, 0xDD, 0xDD, 0xDD, 0xDD, 0xDD, 0xDD, 0xDD, 0xDD, 0xDD, 0xDD, 0xDD, 0xDD, 0xCC, 0xBB, 
	0x98, 0x88, 0x88, 0x88, 0x98, 0x88, 0x88, 0x88, 0x88, 0x89, 0x99, 0x99, 0x99, 0x99, 0x99, 
	0xBC, 0xCC, 0xBB, 0xBB, 0xBB, 0xBB, 0xBB, 0xBB, 0xBC, 0xBB, 0xBA, 0xAB, 0xBC, 0xCC, 0xBB, 
	0xAB, 0xBA, 0xAA, 0xAB, 0xBC, 0xCB, 0xAA, 0xAB, 0xCB, 0x98, 0x78, 0x9B, 0xBB, 0xCD, 0xCA, 
	0xAA, 0xAA, 0xAA, 0xBC, 0xCB, 0xBB, 0xBA, 0xAB, 0xCC, 0xDE, 0xEF, 0xFF, 0xFF, 0xFF, 0xFF, 
	0xFF, 0xFF, 0xFF, 0xFF, 0xEC, 0xA8, 0x88, 0x78, 0x88, 0x77, 0x77, 0x76, 0x66, 0x66, 0x55, 
	0x55, 0x55, 0x55, 0x54, 0x45, 0x55, 0x44, 0x44, 0x44, 0x44, 0x44, 0x44, 0x44, 0x44, 0x44, 
	0x44, 0x44, 0x44, 0x44, 0x43, 0x33, 0x33, 0x33, 0x34, 0x55, 0x44, 0x45, 0x54, 0x45, 0x58, 
	0xBB, 0xA9, 0xAB, 0xCD, 0xDC, 0xCC, 0xCD, 0xDC, 0xCC, 0xCB, 0xBC, 0xBB, 0xBB, 0xBB, 0xCB, 
	0xBB, 0xBB, 0xBA, 0xAA, 0xAA, 0x99, 0x9A, 0xAA, 0xAA, 0xAA, 0xAA, 0xAA, 0xAA, 0xAA, 0xAA, 
	0xAA, 0xAA, 0xAA, 0xAA, 0xAA, 0xAA, 0xAA, 0xAA, 0xAA, 0xAA, 0xAA, 0xAA, 0xAA, 0xA9, 0x9A, 
	0xA9, 0x99, 0x99, 0x99, 0x88, 0x88, 0x89, 0x98, 0x88, 0x88, 0x88, 0x88, 0x88, 0x88, 0x88, 
	0x87, 0x77, 0x77, 0x77, 0x78, 0x88, 0x88, 0x77, 0x88, 0x89, 0x99, 0x9A, 0xAA, 0xAB, 0xBA, 
	0xAA, 0xBA, 0xAA, 0xBB, 0xBB, 0xBB, 0xBB, 0xAA, 0xBC, 0xBB, 0xBB, 0xBC, 0xCB, 0xBB, 0xBC, 
	0xCC, 0xCB, 0xBC, 0xCB, 0xAB, 0xBB, 0xBB, 0xBB, 0xBB, 0xBB, 0xBB, 0xBB, 0xBB, 0xBB, 0xBB, 
	0xBB, 0xA8, 0x76, 0x55, 0x55, 0x56, 0x65, 0x55, 0x55, 0x55, 0x55, 0x66, 0x66, 0x56, 0x43, 
	0x45, 0x55, 0x45, 0x55, 0x56, 0x66, 0x55, 0x55, 0x44, 0x43, 0x44, 0x44, 0x44, 0x43, 0x33, 
	0x33, 0x33, 0x44, 0x44, 0x44, 0x44, 0x44, 0x44, 0x45, 0x55, 0x55, 0x55, 0x55, 0x55, 0x55, 
	0x55, 0x55, 0x55, 0x55, 0x55, 0x55, 0x65, 0x55, 0x55, 0x55, 0x55, 0x56, 0x66, 0x66, 0x66, 
	0x65, 0x56, 0x55, 0x7A, 0xBC, 0xCC, 0xCC, 0xCC, 0xDD, 0xDD, 0xDD, 0xDD, 0xDD, 0xDD, 0xDD, 
	0xDD, 0xDD, 0xDD, 0xDD, 0xDD, 0xDD, 0xDD, 0xDD, 0xDD, 0xDD, 0xDD, 0xDD, 0xDD, 0xDD, 0xDC, 
	0xB9, 0x88, 0x88, 0x89, 0x98, 0x88, 0x89, 0x88, 0x88, 0x88, 0x89, 0x99, 0x99, 0x99, 0x99, 
	0xBC, 0xCC, 0xBA, 0xAB, 0xBB, 0xCC, 0xBB, 0xBB, 0xCC, 0xCB, 0xAA, 0xBB, 0xBC, 0xCB, 0xAA, 
	0xAB, 0xBB, 0xAA, 0xAB, 0xBB, 0xCB, 0xBB, 0xBC, 0xCB, 0xA9, 0x88, 0x9B, 0xCD, 0xCC, 0xBA, 
	0xAA, 0xAB, 0xAA, 0xBC, 0xCC, 0xBB, 0xBB, 0xBC, 0xDE, 0xFF, 0xFF, 0xFF, 0xFF, 0xFF, 0xFF, 
	0xFF, 0xFF, 0xFF, 0xFF, 0xDA, 0x98, 0x88, 0x88, 0x88, 0x77, 0x76, 0x66, 0x65, 0x56, 0x55, 
	0x55, 0x55, 0x55, 0x55, 0x44, 0x55, 0x44, 0x44, 0x44, 0x44, 0x44, 0x44, 0x44, 0x44, 0x44, 
	0x44, 0x44, 0x44, 0x44, 0x43, 0x33, 0x33, 0x33, 0x34, 0x55, 0x45, 0x55, 0x54, 0x56, 0x79, 
	0xA9, 0x88, 0xAB, 0xDD, 0xDC, 0xCC, 0xDD, 0xDD, 0xCC, 0xCC, 0xCC, 0xBB, 0xBB, 0xBB, 0xBB, 
	0xBB, 0xBB, 0xBA, 0xAA, 0xAA, 0x99, 0xAA, 0xBA, 0xAA, 0xAA, 0xAA, 0xAA, 0xAA, 0xAA, 0xAA, 
	0xAA, 0xAA, 0xAA, 0xAA, 0xAA, 0xAA, 0xAA, 0xAA, 0xAA, 0xAA, 0xAA, 0xBB, 0xAA, 0xAA, 0x9A, 
	0xA9, 0x99, 0x99, 0x99, 0x99, 0x88, 0x99, 0x99, 0x89, 0x98, 0x88, 0x98, 0x88, 0x88, 0x88, 
	0x88, 0x77, 0x78, 0x87, 0x78, 0x88, 0x88, 0x88, 0x88, 0x99, 0x99, 0x99, 0x9A, 0xAA, 0xAA, 
	0xAA, 0xAA, 0xAA, 0xAA, 0xBB, 0xBB, 0xBB, 0xAA, 0xBC, 0xBB, 0xBB, 0xCC, 0xCB, 0xBB, 0xBB, 
	0xCC, 0xCB, 0xBC, 0xBB, 0xAB, 0xBB, 0xBB, 0xBB, 0xBB, 0xBB, 0xBB, 0xBB, 0xBB, 0xBB, 0xBB, 
	0xBA, 0x99, 0x88, 0x66, 0x55, 0x55, 0x55, 0x55, 0x55, 0x55, 0x56, 0x66, 0x66, 0x56, 0x43, 
	0x34, 0x45, 0x55, 0x55, 0x55, 0x67, 0x66, 0x54, 0x43, 0x33, 0x34, 0x44, 0x44, 0x43, 0x33, 
	0x33, 0x34, 0x44, 0x44, 0x44, 0x44, 0x44, 0x44, 0x55, 0x55, 0x55, 0x55, 0x55, 0x45, 0x55, 
	0x55, 0x56, 0x55, 0x55, 0x55, 0x55, 0x55, 0x55, 0x55, 0x55, 0x55, 0x66, 0x66, 0x56, 0x66, 
	0x66, 0x55, 0x56, 0x8A, 0xBC, 0xDC, 0xCC, 0xCC, 0xDD, 0xDD, 0xDD, 0xDD, 0xDD, 0xDD, 0xDD, 
	0xDD, 0xDD, 0xDD, 0xDD, 0xDD, 0xDD, 0xDD, 0xDD, 0xDD, 0xDD, 0xDD, 0xDD, 0xDD, 0xDD, 0xDD, 
	0xCB, 0x99, 0x88, 0x89, 0x98, 0x88, 0x99, 0x89, 0x99, 0x88, 0x89, 0x99, 0x89, 0x99, 0x98, 
	0xBC, 0xCC, 0xBA, 0xAB, 0xCC, 0xCC, 0xCC, 0xCC, 0xDD, 0xCB, 0xAA, 0xBB, 0xBA, 0xAA, 0xA9, 
	0xAB, 0xCB, 0xBA, 0xAA, 0xBB, 0xCC, 0xCC, 0xCC, 0xCB, 0xB9, 0x99, 0x9B, 0xCE, 0xDC, 0xAA, 
	0xAB, 0xBC, 0xBB, 0xBB, 0xBB, 0xBB, 0xCC, 0xDE, 0xEF, 0xFF, 0xFF, 0xFF, 0xFF, 0xFF, 0xFF, 
	0xFF, 0xFF, 0xFF, 0xFD, 0xB9, 0x88, 0x88, 0x88, 0x87, 0x77, 0x76, 0x66, 0x55, 0x55, 0x55, 
	0x44, 0x55, 0x44, 0x55, 0x44, 0x44, 0x44, 0x44, 0x44, 0x44, 0x44, 0x44, 0x44, 0x44, 0x44, 
	0x44, 0x44, 0x44, 0x44, 0x43, 0x33, 0x33, 0x33, 0x33, 0x55, 0x55, 0x55, 0x55, 0x66, 0x77, 
	0x88, 0x8A, 0xCD, 0xDD, 0xDD, 0xCC, 0xDD, 0xDD, 0xCC, 0xCC, 0xBC, 0xBB, 0xBB, 0xBB, 0xCB, 
	0xBB, 0xBB, 0xBA, 0xAB, 0xBB, 0xAA, 0xAB, 0xBB, 0xAA, 0xAA, 0xAA, 0xAA, 0xAA, 0xAA, 0xAA, 
	0xAA, 0xAA, 0xAA, 0xAA, 0xAA, 0xAA, 0xAA, 0xAA, 0xAA, 0xAA, 0xAA, 0xAA, 0xAA, 0xAA, 0x9A, 
	0xAA, 0x99, 0x99, 0x99, 0x99, 0x88, 0x89, 0x98, 0x89, 0x98, 0x88, 0x98, 0x88, 0x88, 0x88, 
	0x88, 0x88, 0x88, 0x88, 0x88, 0x88, 0x88, 0x88, 0x88, 0x99, 0x99, 0x9A, 0x99, 0xAA, 0xBA, 
	0xAA, 0xAA, 0xAA, 0xBA, 0xAA, 0xAB, 0xBB, 0xAB, 0xBC, 0xBB, 0xBB, 0xCC, 0xCC, 0xBB, 0xBB, 
	0xBC, 0xBB, 0xBB, 0xBB, 0xBA, 0xAA, 0xBB, 0xBB, 0xBB, 0xBB, 0xBB, 0xBB, 0xBB, 0xBB, 0xBA, 
	0xA9, 0x88, 0x99, 0x87, 0x65, 0x55, 0x55, 0x55, 0x55, 0x55, 0x56, 0x65, 0x66, 0x66, 0x43, 
	0x33, 0x34, 0x55, 0x66, 0x55, 0x56, 0x56, 0x65, 0x43, 0x33, 0x33, 0x44, 0x44, 0x43, 0x33, 
	0x33, 0x44, 0x44, 0x44, 0x44, 0x44, 0x44, 0x44, 0x55, 0x55, 0x55, 0x55, 0x54, 0x45, 0x54, 
	0x55, 0x66, 0x65, 0x55, 0x55, 0x55, 0x55, 0x55, 0x55, 0x55, 0x55, 0x66, 0x65, 0x56, 0x66, 
	0x66, 0x65, 0x56, 0x8B, 0xCD, 0xDC, 0xCC, 0xCC, 0xDD, 0xDD, 0xDD, 0xDD, 0xDD, 0xDD, 0xDD, 
	0xDD, 0xDD, 0xDD, 0xDD, 0xDD, 0xDD, 0xDD, 0xDD, 0xDD, 0xDD, 0xDD, 0xDD, 0xDD, 0xDD, 0xDD, 
	0xDC, 0xBA, 0x99, 0x99, 0x99, 0x89, 0x98, 0x99, 0x99, 0x98, 0x99, 0x99, 0x88, 0x88, 0x88, 
	0xAB, 0xBB, 0xBB, 0xBC, 0xCC, 0xBB, 0xCC, 0xBC, 0xCD, 0xCB, 0xAB, 0xBB, 0xA9, 0x9A, 0xA9, 
	0xAB, 0xBB, 0xBB, 0xAB, 0xBC, 0xCD, 0xCC, 0xBB, 0xBB, 0xA9, 0x9A, 0xAB, 0xCD, 0xDC, 0xAA, 
	0xAB, 0xBB, 0xBB, 0xAA, 0xBB, 0xCC, 0xDE, 0xFF, 0xFF, 0xFF, 0xFF, 0xFF, 0xFF, 0xFF, 0xFF, 
	0xFF, 0xFF, 0xFF, 0xFB, 0x98, 0x88, 0x88, 0x87, 0x77, 0x77, 0x66, 0x55, 0x55, 0x55, 0x44, 
	0x44, 0x44, 0x44, 0x55, 0x44, 0x44, 0x44, 0x44, 0x44, 0x44, 0x43, 0x44, 0x44, 0x44, 0x44, 
	0x44, 0x44, 0x44, 0x44, 0x43, 0x34, 0x33, 0x33, 0x33, 0x45, 0x45, 0x55, 0x66, 0x66, 0x55, 
	0x69, 0xAC, 0xDD, 0xDC, 0xDD, 0xCC, 0xDD, 0xDD, 0xDC, 0xCC, 0xBC, 0xBB, 0xBB, 0xCC, 0xCC, 
	0xCC, 0xCC, 0xBB, 0xBB, 0xBB, 0xAA, 0xAA, 0xBB, 0xAA, 0xAA, 0xAA, 0xAA, 0xAA, 0x9A, 0xAA, 
	0xAA, 0xAA, 0xAA, 0xAA, 0xAA, 0xAA, 0xAA, 0xAA, 0xAA, 0xAA, 0xAA, 0xAA, 0xAA, 0xAA, 0xAA, 
	0xAA, 0xA9, 0x99, 0x99, 0x99, 0x89, 0x99, 0x98, 0x89, 0x99, 0x89, 0x99, 0x99, 0x99, 0x88, 
	0x99, 0x98, 0x89, 0x88, 0x88, 0x88, 0x88, 0x99, 0x99, 0x9A, 0xAA, 0xAA, 0xAA, 0xAB, 0xBB, 
	0xBA, 0xAA, 0xBB, 0xBA, 0xAA, 0xAA, 0xBB, 0xAB, 0xCC, 0xBB, 0xBB, 0xCC, 0xCC, 0xBB, 0xBB, 
	0xBB, 0xBB, 0xBB, 0xBB, 0xBA, 0xAA, 0xBB, 0xBB, 0xCC, 0xBB, 0xBB, 0xBB, 0xBB, 0xBA, 0xA9, 
	0x88, 0x77, 0x78, 0x88, 0x77, 0x55, 0x55, 0x55, 0x55, 0x55, 0x56, 0x65, 0x56, 0x66, 0x54, 
	0x33, 0x33, 0x34, 0x56, 0x55, 0x55, 0x55, 0x66, 0x54, 0x43, 0x33, 0x44, 0x44, 0x33, 0x33, 
	0x33, 0x34, 0x44, 0x44, 0x44, 0x44, 0x44, 0x44, 0x55, 0x44, 0x55, 0x54, 0x44, 0x55, 0x54, 
	0x45, 0x56, 0x65, 0x55, 0x55, 0x55, 0x55, 0x55, 0x55, 0x56, 0x66, 0x56, 0x66, 0x66, 0x66, 
	0x66, 0x65, 0x56, 0x9B, 0xCD, 0xDC, 0xCC, 0xCC, 0xDD, 0xDD, 0xDD, 0xDD, 0xDD, 0xDD, 0xDD, 
	0xDD, 0xDD, 0xDD, 0xDD, 0xDD, 0xDD, 0xDD, 0xDD, 0xDD, 0xDD, 0xDD, 0xDD, 0xDD, 0xDD, 0xDD, 
	0xDD, 0xCC, 0xBA, 0x99, 0x88, 0x99, 0x99, 0x99, 0x99, 0x98, 0x99, 0x99, 0x98, 0x88, 0x88, 
	0xAB, 0xBB, 0xBC, 0xCC, 0xCB, 0xBB, 0xBB, 0xBB, 0xCC, 0xBA, 0xAB, 0xBA, 0xAA, 0xAB, 0xB9, 
	0x99, 0xAB, 0xBB, 0xBB, 0xBC, 0xCC, 0xBB, 0xAA, 0xAA, 0xA9, 0xAB, 0xBB, 0xCC, 0xCB, 0xBA, 
	0xBB, 0xBB, 0xBB, 0xBB, 0xCD, 0xEF, 0xFF, 0xFF, 0xFF, 0xFF, 0xFF, 0xFF, 0xFF, 0xFF, 0xFF, 
	0xFF, 0xFF, 0xFE, 0xD9, 0x79, 0x88, 0x88, 0x87, 0x76, 0x66, 0x65, 0x55, 0x45, 0x54, 0x44, 
	0x44, 0x44, 0x44, 0x44, 0x44, 0x44, 0x44, 0x44, 0x44, 0x44, 0x33, 0x44, 0x44, 0x44, 0x44, 
	0x44, 0x44, 0x44, 0x44, 0x44, 0x34, 0x43, 0x33, 0x33, 0x44, 0x55, 0x66, 0x66, 0x45, 0x54, 
	0x69, 0xAA, 0xCD, 0xDD, 0xDD, 0xCC, 0xCD, 0xDD, 0xDD, 0xDC, 0xCC, 0xCB, 0xBC, 0xCC, 0xCC, 
	0xCC, 0xCC, 0xCB, 0xBB, 0xBB, 0xAA, 0xAA, 0xAB, 0xBA, 0xAA, 0xAA, 0xAA, 0xAA, 0x9A, 0xAA, 
	0xAA, 0xAA, 0xAA, 0xAA, 0xAA, 0xAA, 0xAA, 0xAA, 0xAA, 0xAA, 0xAA, 0xAA, 0xAA, 0xAA, 0xAA, 
	0xAA, 0xAA, 0x99, 0x9A, 0x99, 0x99, 0x99, 0x99, 0x99, 0x99, 0x99, 0x99, 0x99, 0x99, 0x99, 
	0x9A, 0x99, 0x99, 0x99, 0x99, 0x99, 0x99, 0x99, 0x99, 0xAA, 0xAA, 0xAA, 0xAB, 0xBB, 0xCC, 
	0xBB, 0xBB, 0xBB, 0xAA, 0xAA, 0xAA, 0xAA, 0xAB, 0xCC, 0xBB, 0xBB, 0xBC, 0xCC, 0xBB, 0xAB, 
	0xBA, 0xAA, 0xBB, 0xBB, 0xBB, 0xBB, 0xAB, 0xBB, 0xBB, 0xBC, 0xCC, 0xBB, 0xBA, 0xA9, 0x87, 
	0x66, 0x66, 0x66, 0x78, 0x88, 0x76, 0x55, 0x55, 0x45, 0x55, 0x55, 0x55, 0x55, 0x55, 0x54, 
	0x33, 0x33, 0x34, 0x45, 0x56, 0x65, 0x55, 0x55, 0x55, 0x44, 0x33, 0x34, 0x44, 0x33, 0x33, 
	0x33, 0x33, 0x44, 0x44, 0x44, 0x44, 0x54, 0x44, 0x44, 0x44, 0x55, 0x55, 0x45, 0x55, 0x54, 
	0x45, 0x55, 0x55, 0x55, 0x55, 0x55, 0x55, 0x55, 0x55, 0x56, 0x66, 0x55, 0x56, 0x66, 0x66, 
	0x66, 0x65, 0x68, 0xAB, 0xCC, 0xDC, 0xCC, 0xCC, 0xDD, 0xDD, 0xDD, 0xDD, 0xDD, 0xDD, 0xDD, 
	0xDD, 0xDD, 0xDD, 0xDD, 0xDD, 0xDD, 0xDD, 0xDD, 0xDD, 0xDD, 0xDD, 0xDD, 0xDD, 0xDD, 0xDD, 
	0xDD, 0xDD, 0xCB, 0x98, 0x88, 0x88, 0x89, 0x99, 0x99, 0x98, 0x99, 0x99, 0x99, 0x99, 0x99, 
	0xBB, 0xBB, 0xCC, 0xBB, 0xBB, 0xBB, 0xBA, 0xAB, 0xBC, 0xBB, 0xAB, 0xBB, 0xBB, 0xBB, 0xBA, 
	0x88, 0x99, 0xAB, 0xBB, 0xBB, 0xBA, 0xAA, 0xAA, 0xA9, 0xAA, 0xBB, 0xBB, 0xBC, 0xCB, 0xAB, 
	0xBB, 0xBB, 0xBB, 0xCC, 0xDE, 0xFF, 0xFF, 0xFF, 0xFF, 0xFF, 0xFF, 0xFF, 0xFF, 0xFF, 0xFF, 
	0xFF, 0xFF, 0xFE, 0xB8, 0x87, 0x98, 0x88, 0x77, 0x66, 0x65, 0x55, 0x44, 0x45, 0x54, 0x44, 
	0x44, 0x44, 0x44, 0x44, 0x44, 0x44, 0x44, 0x44, 0x44, 0x44, 0x44, 0x44, 0x44, 0x44, 0x44, 
	0x43, 0x44, 0x44, 0x44, 0x44, 0x43, 0x33, 0x33, 0x33, 0x35, 0x56, 0x66, 0x55, 0x44, 0x54, 
	0x67, 0x79, 0xBC, 0xCD, 0xDD, 0xDD, 0xCD, 0xDD, 0xDD, 0xDC, 0xCC, 0xCB, 0xBB, 0xCC, 0xCC, 
	0xCC, 0xCC, 0xCB, 0xBB, 0xBB, 0xBB, 0xAA, 0xAB, 0xBB, 0xBA, 0xAA, 0xAA, 0xA9, 0x9A, 0xAA, 
	0xAA, 0xAA, 0xAA, 0xAA, 0xAA, 0xAA, 0xAA, 0xAA, 0xAA, 0xAA, 0xAA, 0xAA, 0xAA, 0xAA, 0xAA, 
	0xAA, 0xAA, 0xAA, 0xAA, 0x99, 0x99, 0x99, 0x99, 0x9A, 0xAA, 0x99, 0x99, 0xAA, 0xAA, 0xAA, 
	0x9A, 0xAA, 0x99, 0x99, 0x99, 0x99, 0x9A, 0xAA, 0xAA, 0xAA, 0xAA, 0xAA, 0xBB, 0xBC, 0xCC, 
	0xBB, 0xBB, 0xBA, 0xAA, 0xAB, 0xBA, 0xBB, 0xBB, 0xBC, 0xBB, 0xBB, 0xBC, 0xCB, 0xBA, 0xAA, 
	0xBA, 0x9A, 0xBB, 0xCB, 0xBB, 0xBB, 0xAA, 0xAA, 0xAB, 0xBB, 0xBB, 0xBB, 0xA9, 0x77, 0x66, 
	0x55, 0x56, 0x65, 0x66, 0x78, 0x87, 0x76, 0x54, 0x55, 0x55, 0x55, 0x55, 0x66, 0x65, 0x54, 
	0x32, 0x33, 0x33, 0x34, 0x45, 0x66, 0x66, 0x54, 0x44, 0x45, 0x44, 0x34, 0x43, 0x33, 0x33, 
	0x34, 0x33, 0x44, 0x44, 0x44, 0x44, 0x44, 0x44, 0x44, 0x44, 0x55, 0x55, 0x55, 0x55, 0x55, 
	0x54, 0x44, 0x45, 0x55, 0x54, 0x55, 0x55, 0x55, 0x55, 0x56, 0x65, 0x55, 0x56, 0x65, 0x56, 
	0x66, 0x65, 0x69, 0xBC, 0xCC, 0xCD, 0xDD, 0xCC, 0xDC, 0xDD, 0xDD, 0xDD, 0xDC, 0xCD, 0xDD, 
	0xDD, 0xDD, 0xDD, 0xDD, 0xDD, 0xDD, 0xDD, 0xDD, 0xDD, 0xDD, 0xDD, 0xDD, 0xDD, 0xDD, 0xDD, 
	0xDD, 0xDD, 0xCB, 0x98, 0x88, 0x88, 0x99, 0x99, 0x99, 0x88, 0x89, 0x99, 0x99, 0x89, 0x99, 
	0xAB, 0xBC, 0xBB, 0xBB, 0xBB, 0xBB, 0xBA, 0xAB, 0xCC, 0xBB, 0xBB, 0xBB, 0xBB, 0xBB, 0xBA, 
	0x99, 0x9A, 0xBB, 0xBA, 0xAA, 0xAA, 0xAA, 0xBB, 0xAA, 0xBB, 0xAA, 0xBB, 0xBB, 0xBB, 0xAA, 
	0xBB, 0xBB, 0xCD, 0xDE, 0xFF, 0xFF, 0xFF, 0xFF, 0xFF, 0xFF, 0xFF, 0xFF, 0xFF, 0xFF, 0xFF, 
	0xFF, 0xFF, 0xED, 0xA8, 0x88, 0x88, 0x77, 0x76, 0x65, 0x55, 0x55, 0x44, 0x44, 0x44, 0x44, 
	0x44, 0x44, 0x44, 0x44, 0x44, 0x44, 0x44, 0x44, 0x44, 0x44, 0x44, 0x44, 0x44, 0x44, 0x44, 
	0x44, 0x44, 0x44, 0x44, 0x44, 0x43, 0x33, 0x33, 0x33, 0x45, 0x66, 0x55, 0x44, 0x45, 0x55, 
	0x55, 0x57, 0xAC, 0xDD, 0xDD, 0xCC, 0xCD, 0xCC, 0xDD, 0xDC, 0xCC, 0xCC, 0xBB, 0xBC, 0xCC, 
	0xCC, 0xCC, 0xBB, 0xBB, 0xBB, 0xBB, 0xBB, 0xBB, 0xBB, 0xBA, 0xAA, 0xAA, 0xA9, 0x9A, 0xAA, 
	0xAA, 0xAA, 0xAA, 0xAA, 0xAA, 0xAA, 0xAA, 0xAA, 0xAA, 0xAA, 0xAA, 0xAA, 0xAA, 0xAA, 0xAA, 
	0xAA, 0xAA, 0xAA, 0xAA, 0xAA, 0xA9, 0x99, 0x9A, 0xAA, 0xA9, 0x9A, 0x99, 0xAA, 0xAA, 0xAA, 
	0xAA, 0xAA, 0xAA, 0xAA, 0xA9, 0x99, 0xAA, 0xAA, 0xAA, 0xAA, 0xAA, 0xAA, 0xBB, 0xBC, 0xCC, 
	0xBB, 0xAA, 0xAA, 0xAB, 0xBB, 0xBB, 0xBB, 0xBB, 0xBB, 0xBB, 0xBB, 0xBC, 0xBB, 0xBA, 0xAA, 
	0xAA, 0xAA, 0xBB, 0xBB, 0xBA, 0xAA, 0xAA, 0x99, 0x99, 0xAB, 0xBB, 0xBA, 0x97, 0x65, 0x55, 
	0x55, 0x56, 0x66, 0x66, 0x67, 0x77, 0x87, 0x65, 0x55, 0x55, 0x55, 0x56, 0x66, 0x65, 0x54, 
	0x33, 0x33, 0x34, 0x44, 0x44, 0x45, 0x66, 0x65, 0x43, 0x44, 0x54, 0x43, 0x43, 0x43, 0x33, 
	0x44, 0x34, 0x44, 0x44, 0x44, 0x44, 0x44, 0x44, 0x54, 0x44, 0x44, 0x55, 0x54, 0x44, 0x44, 
	0x55, 0x54, 0x45, 0x55, 0x55, 0x55, 0x55, 0x55, 0x55, 0x55, 0x55, 0x55, 0x56, 0x66, 0x56, 
	0x66, 0x55, 0x69, 0xBC, 0xCC, 0xCC, 0xDD, 0xDD, 0xCC, 0xDC, 0xCC, 0xCC, 0xCC, 0xCC, 0xDD, 
	0xDD, 0xDD, 0xDD, 0xDD, 0xDD, 0xDD, 0xDD, 0xDD, 0xDD, 0xDD, 0xDD, 0xDD, 0xDD, 0xDD, 0xDD, 
	0xDD, 0xDD, 0xCB, 0xA8, 0x88, 0x88, 0x99, 0x99, 0x98, 0x99, 0x99, 0x99, 0x99, 0x89, 0x99, 
	0xAB, 0xCB, 0xBB, 0xBB, 0xBB, 0xBB, 0xBA, 0xAB, 0xCB, 0xBB, 0xBA, 0xAB, 0xBB, 0xBB, 0xBB, 
	0xBB, 0xBB, 0xBB, 0xAA, 0xAA, 0xAB, 0xCD, 0xDC, 0xBA, 0xBB, 0xAA, 0xBC, 0xBB, 0xBB, 0xAA, 
	0xAB, 0xCC, 0xEE, 0xFF, 0xFF, 0xFF, 0xFF, 0xFF, 0xFF, 0xFF, 0xFF, 0xFF, 0xFF, 0xFF, 0xFF, 
	0xFF, 0xFF, 0xDB, 0x98, 0x88, 0x77, 0x76, 0x66, 0x55, 0x55, 0x44, 0x44, 0x44, 0x44, 0x44, 
	0x44, 0x44, 0x44, 0x44, 0x44, 0x44, 0x44, 0x44, 0x44, 0x44, 0x44, 0x44, 0x44, 0x44, 0x44, 
	0x44, 0x44, 0x44, 0x44, 0x44, 0x43, 0x33, 0x33, 0x33, 0x45, 0x65, 0x54, 0x44, 0x55, 0x55, 
	0x54, 0x46, 0x9C, 0xDD, 0xDD, 0xDD, 0xCC, 0xCC, 0xDD, 0xDC, 0xCC, 0xCC, 0xCB, 0xBC, 0xCC, 
	0xDC, 0xCC, 0xBB, 0xBB, 0xBB, 0xBB, 0xBB, 0xBA, 0xBB, 0xBA, 0xA9, 0xAA, 0xAA, 0xAA, 0xAA, 
	0xAA, 0xAA, 0xAA, 0xAA, 0xAA, 0xAA, 0xAA, 0xAA, 0xAA, 0xAA, 0xAA, 0xAA, 0xAA, 0xAA, 0xAA, 
	0xAA, 0xAA, 0xAA, 0xAA, 0xAA, 0xAA, 0x99, 0xAA, 0xAA, 0xA9, 0x9A, 0xA9, 0xAA, 0xAA, 0xAA, 
	0xAA, 0xAA, 0xAA, 0xAA, 0x99, 0xAA, 0xAA, 0xAA, 0xAA, 0xAA, 0xAA, 0xAA, 0xAB, 0xCC, 0xCC, 
	0xBA, 0xA9, 0xAA, 0xAB, 0xBB, 0xAA, 0xBB, 0xBB, 0xBB, 0xBA, 0xAB, 0xBB, 0xBA, 0xAA, 0xA9, 
	0xAA, 0xAA, 0xAB, 0xAA, 0xAA, 0x98, 0x88, 0x77, 0x77, 0x88, 0x9A, 0xA9, 0x87, 0x55, 0x55, 
	0x55, 0x55, 0x55, 0x66, 0x66, 0x67, 0x87, 0x76, 0x65, 0x55, 0x55, 0x56, 0x66, 0x66, 0x55, 
	0x43, 0x33, 0x33, 0x44, 0x44, 0x44, 0x55, 0x65, 0x44, 0x44, 0x55, 0x54, 0x44, 0x43, 0x33, 
	0x44, 0x44, 0x44, 0x44, 0x44, 0x44, 0x44, 0x45, 0x54, 0x44, 0x44, 0x45, 0x54, 0x44, 0x44, 
	0x55, 0x55, 0x45, 0x55, 0x55, 0x55, 0x55, 0x55, 0x55, 0x55, 0x55, 0x55, 0x66, 0x66, 0x56, 
	0x66, 0x55, 0x6A, 0xBC, 0xCC, 0xCC, 0xDD, 0xDD, 0xDC, 0xDC, 0xCC, 0xCC, 0xCC, 0xCC, 0xDD, 
	0xDD, 0xDD, 0xDD, 0xDD, 0xDD, 0xDD, 0xDD, 0xDD, 0xDD, 0xDD, 0xDD, 0xDD, 0xDD, 0xDD, 0xDD, 
	0xDD, 0xDD, 0xDC, 0xA9, 0x88, 0x88, 0x89, 0x99, 0x88, 0x88, 0x99, 0x99, 0x99, 0x99, 0x99, 
	0xBB, 0xBB, 0xBB, 0xBB, 0xBB, 0xAB, 0xBA, 0xAB, 0xBB, 0xAA, 0xBA, 0xAA, 0xAB, 0xBB, 0xBB, 
	0xCC, 0xCB, 0xAA, 0xAA, 0xAA, 0xAC, 0xDE, 0xED, 0xCB, 0xBB, 0xAA, 0xBB, 0xBB, 0xBB, 0xBA, 
	0xBC, 0xDE, 0xFF, 0xFF, 0xFF, 0xFF, 0xFF, 0xFF, 0xFF, 0xFF, 0xFF, 0xFF, 0xFF, 0xFF, 0xFF, 
	0xFF, 0xFD, 0xB9, 0x89, 0x88, 0x76, 0x66, 0x55, 0x55, 0x44, 0x44, 0x44, 0x44, 0x44, 0x43, 
	0x44, 0x44, 0x44, 0x44, 0x44, 0x44, 0x44, 0x44, 0x44, 0x44, 0x44, 0x44, 0x44, 0x44, 0x44, 
	0x44, 0x44, 0x44, 0x44, 0x44, 0x44, 0x43, 0x33, 0x44, 0x45, 0x55, 0x44, 0x54, 0x55, 0x54, 
	0x54, 0x56, 0x8A, 0xBB, 0xCC, 0xDD, 0xCC, 0xCD, 0xDC, 0xCC, 0xCC, 0xCC, 0xCB, 0xBC, 0xCC, 
	0xCC, 0xCC, 0xCB, 0xBB, 0xBB, 0xBB, 0xBB, 0xBA, 0xAB, 0xBA, 0xA9, 0xAA, 0xAA, 0xAA, 0xAA, 
	0xAA, 0xAA, 0xAA, 0xAA, 0xAA, 0xAA, 0xAA, 0xAA, 0xAA, 0xAA, 0xAA, 0xAA, 0xAA, 0xAA, 0xAA, 
	0xAA, 0xAA, 0x99, 0x9A, 0xAA, 0xA9, 0x9A, 0xAB, 0xBA, 0xA9, 0x9A, 0xAA, 0xAA, 0xAA, 0xAA, 
	0xAA, 0xAA, 0xAA, 0xAA, 0x9A, 0xAA, 0xAA, 0xAA, 0xAA, 0xAA, 0xAA, 0xAA, 0xAB, 0xCC, 0xCC, 
	0xBA, 0x88, 0x9A, 0xAB, 0xBA, 0xAA, 0xAB, 0xBB, 0xBB, 0xAA, 0x9A, 0xBB, 0xBA, 0xAA, 0xA9, 
	0x99, 0x99, 0xAA, 0x98, 0x88, 0x86, 0x66, 0x66, 0x55, 0x56, 0x78, 0x89, 0x87, 0x65, 0x55, 
	0x55, 0x55, 0x55, 0x66, 0x66, 0x66, 0x77, 0x87, 0x66, 0x55, 0x55, 0x55, 0x55, 0x56, 0x65, 
	0x43, 0x33, 0x33, 0x34, 0x44, 0x44, 0x44, 0x44, 0x55, 0x54, 0x45, 0x55, 0x54, 0x44, 0x33, 
	0x44, 0x44, 0x44, 0x44, 0x44, 0x44, 0x44, 0x44, 0x54, 0x44, 0x44, 0x45, 0x44, 0x44, 0x44, 
	0x55, 0x55, 0x55, 0x55, 0x55, 0x55, 0x55, 0x55, 0x55, 0x55, 0x55, 0x56, 0x66, 0x66, 0x56, 
	0x66, 0x55, 0x8A, 0xBC, 0xCC, 0xCC, 0xDD, 0xDD, 0xDD, 0xDD, 0xDC, 0xCC, 0xCC, 0xCD, 0xDD, 
	0xDD, 0xDD, 0xDD, 0xDD, 0xDD, 0xDD, 0xDD, 0xDD, 0xDD, 0xDD, 0xDD, 0xDD, 0xDD, 0xDD, 0xDD, 
	0xDD, 0xDD, 0xDD, 0xBA, 0x98, 0x88, 0x89, 0x98, 0x88, 0x88, 0x99, 0x99, 0x89, 0x99, 0x99, 
	0xBB, 0xBB, 0xBB, 0xCC, 0xBA, 0xAA, 0xBB, 0xBB, 0xBB, 0xAA, 0xA9, 0x9A, 0xAB, 0xBB, 0xBB, 
	0xBB, 0xBB, 0xAA, 0xAA, 0xBB, 0xBC, 0xDD, 0xDD, 0xCB, 0xBB, 0xBB, 0xBB, 0xBB, 0xAB, 0xCC, 
	0xDE, 0xFF, 0xFF, 0xFF, 0xFF, 0xFF, 0xFF, 0xFF, 0xFF, 0xFF, 0xFF, 0xFF, 0xFF, 0xFF, 0xFF, 
	0xFF, 0xEB, 0x98, 0x88, 0x77, 0x76, 0x65, 0x55, 0x55, 0x44, 0x44, 0x44, 0x44, 0x44, 0x44, 
	0x44, 0x44, 0x44, 0x44, 0x44, 0x44, 0x44, 0x44, 0x44, 0x44, 0x44, 0x44, 0x44, 0x44, 0x44, 
	0x44, 0x44, 0x44, 0x44, 0x34, 0x33, 0x34, 0x44, 0x44, 0x44, 0x44, 0x45, 0x55, 0x55, 0x45, 
	0x55, 0x66, 0x78, 0x98, 0xAC, 0xDC, 0xCD, 0xCC, 0xCC, 0xCC, 0xCC, 0xCC, 0xBB, 0xBC, 0xCC, 
	0xCC, 0xCC, 0xCC, 0xBB, 0xBB, 0xAA, 0xBB, 0xBB, 0xBA, 0xAA, 0xAA, 0xAA, 0xAA, 0xAA, 0xAA, 
	0xAA, 0xAA, 0xAA, 0xAA, 0xAA, 0xAA, 0xAA, 0xAA, 0xAA, 0xAA, 0xAA, 0xA9, 0x9A, 0xAA, 0xAA, 
	0xAA, 0xAA, 0x99, 0x9A, 0xAA, 0xA9, 0x9A, 0xBB, 0xAA, 0xA9, 0x9A, 0xAA, 0xA9, 0xAA, 0xAA, 
	0xAA, 0xAA, 0xAA, 0xAA, 0xAA, 0xAA, 0xAA, 0xAA, 0xAA, 0xAA, 0xAA, 0xAA, 0xAB, 0xBC, 0xCC, 
	0xB9, 0x88, 0x99, 0x99, 0x99, 0x99, 0xAB, 0xBB, 0xAA, 0xA9, 0x99, 0xBB, 0xBB, 0xAA, 0xA9, 
	0x87, 0x67, 0x89, 0x87, 0x67, 0x87, 0x55, 0x56, 0x65, 0x44, 0x56, 0x78, 0x87, 0x65, 0x55, 
	0x55, 0x55, 0x55, 0x55, 0x66, 0x65, 0x56, 0x77, 0x77, 0x66, 0x55, 0x55, 0x55, 0x55, 0x65, 
	0x43, 0x33, 0x33, 0x33, 0x44, 0x44, 0x44, 0x33, 0x34, 0x55, 0x45, 0x44, 0x54, 0x54, 0x43, 
	0x34, 0x44, 0x44, 0x44, 0x44, 0x44, 0x44, 0x44, 0x54, 0x44, 0x44, 0x44, 0x44, 0x55, 0x54, 
	0x55, 0x55, 0x55, 0x55, 0x55, 0x55, 0x55, 0x55, 0x55, 0x55, 0x55, 0x56, 0x66, 0x66, 0x66, 
	0x65, 0x56, 0x9B, 0xCC, 0xCC, 0xCC, 0xDD, 0xDD, 0xDD, 0xDD, 0xDC, 0xCC, 0xCC, 0xDD, 0xDD, 
	0xDD, 0xDD, 0xDD, 0xDD, 0xDD, 0xDD, 0xDD, 0xDD, 0xDD, 0xDD, 0xDD, 0xDD, 0xDD, 0xDD, 0xDD, 
	0xDD, 0xDD, 0xDD, 0xCC, 0xA8, 0x88, 0x88, 0x88, 0x88, 0x88, 0x99, 0x99, 0x88, 0x99, 0x99, 
	0xBC, 0xBB, 0xBB, 0xBC, 0xBA, 0x9A, 0xBB, 0xBB, 0xBB, 0xAA, 0xAA, 0xAA, 0xBB, 0xBB, 0xBB, 
	0xBB, 0xBA, 0xA9, 0x9A, 0xBC, 0xBB, 0xBC, 0xDC, 0xCB, 0xBB, 0xBB, 0xBA, 0xBC, 0xCD, 0xEE, 
	0xFF, 0xFF, 0xFF, 0xFF, 0xFF, 0xFF, 0xFF, 0xFF, 0xFF, 0xFF, 0xFF, 0xFF, 0xFF, 0xFF, 0xFF, 
	0xFE, 0xDA, 0x98, 0x87, 0x77, 0x66, 0x55, 0x55, 0x44, 0x44, 0x44, 0x44, 0x44, 0x44, 0x44, 
	0x44, 0x44, 0x44, 0x33, 0x34, 0x44, 0x44, 0x44, 0x44, 0x44, 0x44, 0x44, 0x44, 0x44, 0x44, 
	0x44, 0x44, 0x44, 0x44, 0x33, 0x33, 0x34, 0x44, 0x43, 0x34, 0x55, 0x45, 0x55, 0x45, 0x56, 
	0x66, 0x66, 0x67, 0x77, 0xAC, 0xDC, 0xCD, 0xCB, 0xBC, 0xCC, 0xCC, 0xCC, 0xCC, 0xCB, 0xCC, 
	0xCC, 0xCB, 0xCC, 0xBB, 0xBB, 0xAA, 0xBB, 0xBB, 0xBA, 0xAA, 0xAA, 0xAA, 0xAA, 0xBB, 0xAA, 
	0xAA, 0xAA, 0xAA, 0xAA, 0xAA, 0xAA, 0xAA, 0xAA, 0xAA, 0xAA, 0xAA, 0xA9, 0xAA, 0xAA, 0xAA, 
	0xAA, 0xAA, 0x99, 0x99, 0xAA, 0xAA, 0xAA, 0xBB, 0xAA, 0x9A, 0xAA, 0xAA, 0xAA, 0xAA, 0xAA, 
	0x9A, 0xAA, 0xA9, 0xAA, 0xAA, 0xAA, 0xAA, 0xAA, 0xAA, 0xAA, 0xA9, 0xAA, 0xAB, 0xBB, 0xCC, 
	0xA8, 0x78, 0x98, 0x78, 0x77, 0x77, 0x9B, 0xBA, 0x99, 0x98, 0x78, 0x9A, 0xBB, 0xAA, 0xA9, 
	0x86, 0x55, 0x67, 0x87, 0x65, 0x78, 0x64, 0x56, 0x75, 0x44, 0x45, 0x67, 0x77, 0x76, 0x54, 
	0x45, 0x55, 0x55, 0x55, 0x55, 0x65, 0x55, 0x67, 0x77, 0x66, 0x55, 0x55, 0x55, 0x55, 0x65, 
	0x44, 0x33, 0x33, 0x33, 0x44, 0x44, 0x44, 0x33, 0x33, 0x44, 0x45, 0x54, 0x44, 0x45, 0x44, 
	0x33, 0x44, 0x43, 0x44, 0x44, 0x44, 0x44, 0x44, 0x55, 0x44, 0x44, 0x44, 0x44, 0x55, 0x55, 
	0x55, 0x55, 0x55, 0x55, 0x45, 0x55, 0x55, 0x55, 0x55, 0x55, 0x55, 0x56, 0x66, 0x66, 0x66, 
	0x54, 0x57, 0xAC, 0xCC, 0xCC, 0xCC, 0xCC, 0xCD, 0xDD, 0xCD, 0xDC, 0xCC, 0xCC, 0xDD, 0xDD, 
	0xDD, 0xDD, 0xDD, 0xDD, 0xDD, 0xDD, 0xDD, 0xDD, 0xDD, 0xDD, 0xDD, 0xDD, 0xDD, 0xDD, 0xDD, 
	0xDD, 0xDD, 0xDD, 0xDC, 0xB9, 0x88, 0x88, 0x88, 0x98, 0x88, 0x99, 0x99, 0x88, 0x88, 0x99, 
	0xCC, 0xCC, 0xBB, 0xBB, 0xBA, 0xAA, 0xBB, 0xBB, 0xBB, 0xAA, 0xAB, 0xBB, 0xBB, 0xBB, 0xBB, 
	0xBB, 0xBA, 0x99, 0x9A, 0xBC, 0xBB, 0xBB, 0xCC, 0xBB, 0xBA, 0xBB, 0xBC, 0xDD, 0xEF, 0xFF, 
	0xFF, 0xFF, 0xFF, 0xFF, 0xFF, 0xFF, 0xFF, 0xFF, 0xFF, 0xFF, 0xFF, 0xFF, 0xFF, 0xFF, 0xFF, 
	0xED, 0xA9, 0x88, 0x77, 0x77, 0x65, 0x55, 0x54, 0x44, 0x34, 0x44, 0x44, 0x44, 0x44, 0x44, 
	0x44, 0x44, 0x44, 0x33, 0x34, 0x44, 0x44, 0x44, 0x44, 0x44, 0x44, 0x44, 0x44, 0x44, 0x44, 
	0x44, 0x44, 0x44, 0x44, 0x43, 0x44, 0x44, 0x54, 0x33, 0x34, 0x55, 0x44, 0x44, 0x55, 0x66, 
	0x66, 0x55, 0x66, 0x66, 0x8B, 0xBA, 0xAB, 0xBA, 0xBB, 0xCC, 0xCC, 0xCC, 0xCC, 0xCC, 0xCC, 
	0xCC, 0xCB, 0xCC, 0xCB, 0xBB, 0xBB, 0xBB, 0xBB, 0xBA, 0xAA, 0xAA, 0xAA, 0xAA, 0xBB, 0xAA, 
	0xAA, 0xAA, 0xAA, 0xAB, 0xAA, 0xAA, 0xAA, 0xAA, 0xAA, 0xAA, 0xAA, 0xA9, 0xAA, 0xAA, 0xAA, 
	0x9A, 0xAA, 0x99, 0x9A, 0xAA, 0xAA, 0xAA, 0xAA, 0xA9, 0x9A, 0xAA, 0xAA, 0xBB, 0xAA, 0xA9, 
	0x9A, 0xA9, 0x88, 0x89, 0xAA, 0xBA, 0xA9, 0x99, 0x89, 0x9A, 0x9A, 0xAA, 0xBB, 0xBB, 0xCC, 
	0xA7, 0x67, 0x76, 0x56, 0x66, 0x55, 0x7A, 0xA8, 0x77, 0x76, 0x66, 0x78, 0x99, 0x99, 0x99, 
	0x86, 0x44, 0x45, 0x67, 0x65, 0x67, 0x75, 0x55, 0x66, 0x55, 0x54, 0x56, 0x77, 0x88, 0x65, 
	0x45, 0x55, 0x55, 0x55, 0x55, 0x55, 0x55, 0x56, 0x67, 0x66, 0x66, 0x55, 0x55, 0x55, 0x55, 
	0x54, 0x33, 0x33, 0x33, 0x44, 0x44, 0x44, 0x33, 0x33, 0x34, 0x45, 0x55, 0x54, 0x44, 0x44, 
	0x44, 0x44, 0x43, 0x44, 0x44, 0x44, 0x44, 0x44, 0x55, 0x44, 0x44, 0x44, 0x44, 0x55, 0x55, 
	0x55, 0x55, 0x55, 0x55, 0x55, 0x55, 0x55, 0x55, 0x55, 0x55, 0x55, 0x66, 0x66, 0x66, 0x66, 
	0x55, 0x69, 0xBC, 0xCC, 0xCB, 0xCC, 0xCC, 0xCC, 0xCC, 0xCC, 0xCC, 0xCC, 0xCD, 0xDD, 0xDD, 
	0xDD, 0xDD, 0xDD, 0xDD, 0xDD, 0xDD, 0xDD, 0xDD, 0xDD, 0xDD, 0xDD, 0xDD, 0xDD, 0xDD, 0xDD, 
	0xDD, 0xDD, 0xDD, 0xDD, 0xCA, 0x98, 0x88, 0x88, 0x99, 0x88, 0x89, 0x99, 0x99, 0x88, 0x89, 
	0xCC, 0xCC, 0xBB, 0xBB, 0xBB, 0xBB, 0xBB, 0xCC, 0xCB, 0xBB, 0xBC, 0xBB, 0xBB, 0xBA, 0xAA, 
	0xBC, 0xBA, 0x99, 0x9A, 0xBB, 0xBA, 0xAA, 0xBB, 0xAA, 0xAA, 0xBC, 0xDD, 0xEF, 0xFF, 0xFF, 
	0xFF, 0xFF, 0xFF, 0xFF, 0xFF, 0xFF, 0xFF, 0xFF, 0xFF, 0xFF, 0xFF, 0xFF, 0xFF, 0xFF, 0xFE, 
	0xDB, 0x88, 0x87, 0x76, 0x66, 0x55, 0x55, 0x44, 0x44, 0x34, 0x44, 0x44, 0x44, 0x44, 0x33, 
	0x44, 0x44, 0x43, 0x33, 0x34, 0x44, 0x44, 0x44, 0x44, 0x44, 0x44, 0x44, 0x44, 0x44, 0x44, 
	0x44, 0x44, 0x44, 0x44, 0x43, 0x45, 0x55, 0x44, 0x32, 0x34, 0x44, 0x44, 0x44, 0x56, 0x76, 
	0x55, 0x56, 0x65, 0x55, 0x68, 0x76, 0x89, 0xAA, 0xBB, 0xBC, 0xDC, 0xCC, 0xCC, 0xCC, 0xCC, 
	0xCC, 0xCC, 0xCC, 0xCC, 0xBB, 0xBB, 0xBB, 0xBB, 0xBA, 0xAA, 0xAA, 0xAA, 0xAA, 0xBB, 0xAA, 
	0xAA, 0xAA, 0xAA, 0xAB, 0xAA, 0xAA, 0xAA, 0xAA, 0xAA, 0xAA, 0xAA, 0xA9, 0xAA, 0xAA, 0xAA, 
	0x9A, 0xAA, 0xA9, 0x9A, 0xAA, 0xAA, 0xAA, 0xAA, 0xA9, 0xAA, 0xBB, 0xBB, 0xBC, 0xBA, 0x99, 
	0x9A, 0xA8, 0x65, 0x67, 0x89, 0xAA, 0x97, 0x66, 0x67, 0x89, 0x9A, 0xAA, 0xBB, 0xBB, 0xCC, 
	0x96, 0x44, 0x54, 0x45, 0x65, 0x43, 0x58, 0x96, 0x55, 0x54, 0x44, 0x55, 0x66, 0x66, 0x66, 
	0x65, 0x44, 0x44, 0x46, 0x55, 0x56, 0x77, 0x55, 0x56, 0x66, 0x54, 0x55, 0x66, 0x78, 0x76, 
	0x55, 0x55, 0x55, 0x55, 0x55, 0x56, 0x55, 0x45, 0x56, 0x66, 0x66, 0x65, 0x55, 0x55, 0x55, 
	0x54, 0x33, 0x33, 0x33, 0x44, 0x44, 0x44, 0x33, 0x33, 0x33, 0x34, 0x44, 0x55, 0x44, 0x45, 
	0x54, 0x33, 0x44, 0x44, 0x44, 0x44, 0x44, 0x44, 0x44, 0x44, 0x45, 0x44, 0x44, 0x55, 0x55, 
	0x55, 0x55, 0x55, 0x55, 0x55, 0x55, 0x55, 0x55, 0x55, 0x55, 0x56, 0x66, 0x66, 0x66, 0x65, 
	0x56, 0x8A, 0xCC, 0xCC, 0xBB, 0xBC, 0xCC, 0xCC, 0xCC, 0xCC, 0xCC, 0xDD, 0xDD, 0xDD, 0xDD, 
	0xDD, 0xDD, 0xDD, 0xDD, 0xDD, 0xDD, 0xDD, 0xDD, 0xDD, 0xDD, 0xDD, 0xDD, 0xDD, 0xDD, 0xDD, 
	0xDD, 0xDD, 0xDD, 0xDD, 0xCB, 0xA9, 0x89, 0x88, 0x99, 0x99, 0x99, 0x99, 0x99, 0x98, 0x89, 
	0xCC, 0xCC, 0xCB, 0xBB, 0xBB, 0xCC, 0xCC, 0xCD, 0xCC, 0xBB, 0xCC, 0xBA, 0xAA, 0xAA, 0xAA, 
	0xBC, 0xCA, 0xAA, 0xBB, 0xAB, 0xBA, 0xAA, 0xAA, 0xAB, 0xBB, 0xCD, 0xEF, 0xFF, 0xFF, 0xFF, 
	0xFF, 0xFF, 0xFF, 0xFF, 0xFF, 0xFF, 0xFF, 0xFF, 0xFF, 0xFF, 0xFF, 0xFF, 0xFF, 0xFF, 0xED, 
	0xC9, 0x87, 0x87, 0x66, 0x55, 0x55, 0x44, 0x44, 0x44, 0x44, 0x44, 0x44, 0x44, 0x44, 0x43, 
	0x34, 0x44, 0x33, 0x33, 0x33, 0x33, 0x34, 0x44, 0x44, 0x44, 0x44, 0x44, 0x44, 0x43, 0x44, 
	0x44, 0x44, 0x44, 0x44, 0x33, 0x45, 0x65, 0x44, 0x33, 0x34, 0x44, 0x45, 0x55, 0x56, 0x65, 
	0x56, 0x66, 0x55, 0x55, 0x65, 0x44, 0x78, 0x9A, 0x9A, 0x9B, 0xDC, 0xCC, 0xCC, 0xCC, 0xCC, 
	0xCC, 0xCC, 0xCC, 0xCC, 0xCC, 0xBB, 0xBB, 0xBB, 0xBB, 0xBA, 0xAB, 0xBB, 0xBB, 0xAA, 0xAA, 
	0xAA, 0xAA, 0xAA, 0xAA, 0xAA, 0xAA, 0xAA, 0xAA, 0xAA, 0xAA, 0xAA, 0x99, 0xAA, 0xAA, 0xAA, 
	0xA9, 0xA9, 0xAA, 0xAA, 0xAA, 0xAB, 0xBB, 0xAA, 0x99, 0xAA, 0xBC, 0xBB, 0xCB, 0xBA, 0x99, 
	0x9A, 0xA7, 0x43, 0x34, 0x56, 0x78, 0x76, 0x43, 0x45, 0x66, 0x8A, 0xAA, 0xBB, 0xBB, 0xBC, 
	0xA6, 0x33, 0x33, 0x34, 0x55, 0x42, 0x46, 0x75, 0x34, 0x43, 0x33, 0x43, 0x34, 0x44, 0x44, 
	0x44, 0x44, 0x44, 0x45, 0x45, 0x55, 0x67, 0x75, 0x45, 0x66, 0x55, 0x55, 0x56, 0x77, 0x77, 
	0x65, 0x54, 0x55, 0x55, 0x55, 0x55, 0x55, 0x44, 0x45, 0x56, 0x76, 0x56, 0x65, 0x55, 0x55, 
	0x54, 0x33, 0x33, 0x34, 0x44, 0x44, 0x43, 0x33, 0x33, 0x33, 0x33, 0x33, 0x45, 0x54, 0x44, 
	0x55, 0x44, 0x44, 0x34, 0x44, 0x34, 0x44, 0x44, 0x44, 0x44, 0x44, 0x44, 0x44, 0x45, 0x54, 
	0x54, 0x45, 0x55, 0x55, 0x55, 0x55, 0x55, 0x55, 0x55, 0x55, 0x66, 0x65, 0x66, 0x66, 0x55, 
	0x68, 0xBB, 0xCC, 0xCC, 0xBB, 0xBC, 0xCC, 0xCC, 0xCC, 0xCC, 0xCC, 0xCD, 0xDD, 0xDD, 0xDD, 
	0xDD, 0xDD, 0xDD, 0xDD, 0xDD, 0xDD, 0xDD, 0xDD, 0xDD, 0xDD, 0xDD, 0xDD, 0xDD, 0xDD, 0xDD, 
	0xDD, 0xDD, 0xDD, 0xDD, 0xCC, 0xA9, 0x88, 0x98, 0x89, 0x99, 0x99, 0x99, 0x99, 0x99, 0x99, 
	0xCC, 0xCD, 0xCB, 0xBB, 0xCC, 0xCC, 0xCC, 0xCC, 0xCC, 0xCC, 0xCB, 0xBA, 0xBA, 0xAA, 0xAA, 
	0xBB, 0xCB, 0xBB, 0xBB, 0xBB, 0xBB, 0xAA, 0xAA, 0xAB, 0xCD, 0xDE, 0xFF, 0xFF, 0xFF, 0xFF, 
	0xFF, 0xFF, 0xFF, 0xFF, 0xFF, 0xFF, 0xFF, 0xFF, 0xFF, 0xFF, 0xFF, 0xFF, 0xFF, 0xFF, 0xEB, 
	0xA9, 0x97, 0x87, 0x66, 0x55, 0x55, 0x44, 0x44, 0x44, 0x44, 0x44, 0x44, 0x44, 0x44, 0x43, 
	0x33, 0x33, 0x33, 0x33, 0x33, 0x33, 0x33, 0x44, 0x44, 0x44, 0x44, 0x44, 0x44, 0x44, 0x44, 
	0x44, 0x44, 0x44, 0x44, 0x44, 0x45, 0x54, 0x44, 0x33, 0x34, 0x44, 0x55, 0x66, 0x66, 0x66, 
	0x66, 0x55, 0x44, 0x45, 0x55, 0x44, 0x67, 0x88, 0x77, 0x79, 0xCD, 0xDD, 0xCC, 0xCC, 0xCC, 
	0xCC, 0xCC, 0xCC, 0xCC, 0xCC, 0xCB, 0xBB, 0xBB, 0xBB, 0xBB, 0xAA, 0xBB, 0xBB, 0xAA, 0xAA, 
	0xBB, 0xBA, 0xAA, 0xAA, 0xAA, 0xAA, 0xAA, 0xAA, 0xAA, 0xAA, 0xA9, 0x9A, 0xAB, 0xBA, 0xAA, 
	0xAA, 0x99, 0xAA, 0xAA, 0xBB, 0xAB, 0xBB, 0xA9, 0x99, 0xAB, 0xCC, 0xBB, 0xCB, 0xBA, 0x99, 
	0x9A, 0x96, 0x32, 0x33, 0x34, 0x55, 0x54, 0x33, 0x33, 0x33, 0x6A, 0xBA, 0xAB, 0xBA, 0xBC, 
	0xB6, 0x32, 0x33, 0x33, 0x45, 0x43, 0x35, 0x65, 0x43, 0x33, 0x34, 0x43, 0x34, 0x44, 0x44, 
	0x44, 0x44, 0x44, 0x44, 0x44, 0x55, 0x66, 0x76, 0x55, 0x56, 0x65, 0x55, 0x56, 0x77, 0x67, 
	0x76, 0x54, 0x55, 0x55, 0x55, 0x55, 0x55, 0x54, 0x44, 0x45, 0x66, 0x65, 0x55, 0x55, 0x54, 
	0x44, 0x43, 0x33, 0x34, 0x44, 0x44, 0x43, 0x33, 0x33, 0x33, 0x34, 0x43, 0x34, 0x45, 0x55, 
	0x55, 0x55, 0x44, 0x44, 0x33, 0x34, 0x44, 0x44, 0x44, 0x44, 0x44, 0x44, 0x44, 0x44, 0x44, 
	0x44, 0x44, 0x44, 0x45, 0x55, 0x55, 0x55, 0x55, 0x55, 0x55, 0x66, 0x65, 0x66, 0x66, 0x56, 
	0x8A, 0xBB, 0xCC, 0xCC, 0xBB, 0xCC, 0xCC, 0xCC, 0xCC, 0xCC, 0xCC, 0xCD, 0xDD, 0xDD, 0xDD, 
	0xDD, 0xDD, 0xDD, 0xDD, 0xDD, 0xDD, 0xDD, 0xDD, 0xDD, 0xDD, 0xDD, 0xDD, 0xDD, 0xDD, 0xDD, 
	0xDD, 0xDD, 0xDD, 0xDC, 0xCC, 0xA9, 0x88, 0x98, 0x89, 0x99, 0x99, 0x99, 0x99, 0x99, 0x99, 
	0xDD, 0xDD, 0xCC, 0xCC, 0xCC, 0xCC, 0xCC, 0xCC, 0xCC, 0xCC, 0xBB, 0xAA, 0xAA, 0xAA, 0xAA, 
	0xBB, 0xCC, 0xCB, 0xCC, 0xCB, 0xBB, 0xBA, 0xAB, 0xCD, 0xEE, 0xFF, 0xFF, 0xFF, 0xFF, 0xFF, 
	0xFF, 0xFF, 0xFF, 0xFF, 0xFF, 0xFF, 0xFF, 0xFF, 0xFF, 0xFF, 0xFF, 0xFF, 0xFF, 0xFE, 0xD9, 
	0x89, 0x87, 0x76, 0x66, 0x65, 0x55, 0x44, 0x44, 0x44, 0x44, 0x34, 0x43, 0x33, 0x33, 0x33, 
	0x33, 0x33, 0x33, 0x33, 0x33, 0x33, 0x33, 0x33, 0x44, 0x44, 0x44, 0x44, 0x44, 0x44, 0x44, 
	0x44, 0x44, 0x44, 0x44, 0x45, 0x55, 0x44, 0x43, 0x33, 0x33, 0x34, 0x56, 0x66, 0x56, 0x66, 
	0x65, 0x55, 0x44, 0x55, 0x44, 0x45, 0x56, 0x76, 0x44, 0x46, 0xAC, 0xDD, 0xCC, 0xCD, 0xCC, 
	0xBC, 0xCC, 0xCC, 0xCC, 0xCC, 0xCB, 0xBB, 0xBB, 0xBB, 0xBB, 0xAA, 0xAB, 0xBB, 0xBB, 0xBB, 
	0xBB, 0xBB, 0xAA, 0xAA, 0xAA, 0xAA, 0xAA, 0xAA, 0xAA, 0xAA, 0xA9, 0x9A, 0xAB, 0xBA, 0xAA, 
	0xAA, 0x99, 0x9A, 0xAB, 0xBB, 0xAB, 0xBB, 0xA9, 0x9A, 0xAB, 0xCC, 0xBB, 0xCB, 0xBA, 0x99, 
	0x9A, 0x95, 0x33, 0x33, 0x33, 0x33, 0x43, 0x33, 0x33, 0x22, 0x48, 0xBB, 0xAB, 0xBA, 0xBC, 
	0xB7, 0x32, 0x33, 0x33, 0x44, 0x43, 0x34, 0x55, 0x44, 0x33, 0x34, 0x44, 0x44, 0x44, 0x44, 
	0x44, 0x44, 0x44, 0x44, 0x44, 0x55, 0x55, 0x67, 0x75, 0x56, 0x66, 0x54, 0x45, 0x66, 0x66, 
	0x77, 0x65, 0x55, 0x55, 0x55, 0x55, 0x55, 0x55, 0x44, 0x34, 0x56, 0x65, 0x55, 0x55, 0x54, 
	0x44, 0x43, 0x33, 0x33, 0x44, 0x43, 0x33, 0x33, 0x33, 0x33, 0x34, 0x43, 0x33, 0x34, 0x55, 
	0x55, 0x55, 0x54, 0x44, 0x33, 0x34, 0x44, 0x44, 0x44, 0x44, 0x54, 0x44, 0x44, 0x55, 0x44, 
	0x44, 0x44, 0x44, 0x45, 0x55, 0x55, 0x55, 0x55, 0x55, 0x56, 0x65, 0x55, 0x66, 0x55, 0x57, 
	0x9B, 0xBB, 0xCC, 0xBC, 0xCC, 0xCC, 0xCC, 0xCC, 0xCC, 0xCC, 0xCC, 0xCD, 0xDD, 0xCD, 0xDD, 
	0xDD, 0xDD, 0xDD, 0xDD, 0xDD, 0xDD, 0xDD, 0xDD, 0xDD, 0xDD, 0xDD, 0xDD, 0xDD, 0xDD, 0xDD, 
	0xDD, 0xDD, 0xDD, 0xDD, 0xCC, 0xB9, 0x88, 0x98, 0x89, 0x99, 0x99, 0x99, 0x89, 0x99, 0x99, 
	0xCC, 0xCC, 0xCC, 0xCC, 0xDC, 0xCC, 0xCC, 0xCC, 0xBB, 0xBB, 0xBA, 0xAA, 0xAA, 0xAA, 0xAA, 
	0xBC, 0xCC, 0xCC, 0xCC, 0xBB, 0xBB, 0xCC, 0xCD, 0xEF, 0xFF, 0xFF, 0xFF, 0xFF, 0xFF, 0xFF, 
	0xFF, 0xFF, 0xFF, 0xFF, 0xFF, 0xFF, 0xFF, 0xFF, 0xFF, 0xFF, 0xFF, 0xFF, 0xFF, 0xED, 0xA9, 
	0x88, 0x87, 0x76, 0x66, 0x66, 0x55, 0x55, 0x44, 0x44, 0x44, 0x44, 0x44, 0x33, 0x33, 0x33, 
	0x33, 0x33, 0x33, 0x34, 0x33, 0x33, 0x33, 0x33, 0x33, 0x44, 0x44, 0x44, 0x44, 0x44, 0x44, 
	0x44, 0x44, 0x44, 0x44, 0x45, 0x54, 0x44, 0x44, 0x32, 0x33, 0x45, 0x66, 0x66, 0x66, 0x66, 
	0x55, 0x44, 0x44, 0x44, 0x44, 0x55, 0x45, 0x54, 0x43, 0x44, 0x7A, 0xDD, 0xCC, 0xCC, 0xCC, 
	0xBC, 0xCC, 0xCC, 0xCC, 0xCC, 0xCB, 0xBB, 0xBB, 0xBB, 0xBB, 0xBA, 0xAB, 0xBB, 0xBB, 0xBB, 
	0xBB, 0xBB, 0xBB, 0xAA, 0xAA, 0xAA, 0xAA, 0xAA, 0xAA, 0xAA, 0xAA, 0xAA, 0xAB, 0xBA, 0xAA, 
	0xAA, 0x99, 0xAA, 0xBB, 0xBB, 0xAB, 0xBB, 0xAA, 0xAA, 0xBB, 0xCC, 0xCC, 0xCC, 0xBA, 0xA9, 
	0xAA, 0x74, 0x23, 0x33, 0x33, 0x33, 0x33, 0x33, 0x33, 0x32, 0x36, 0xAB, 0xAA, 0xBB, 0xBC, 
	0xC7, 0x32, 0x33, 0x33, 0x34, 0x43, 0x34, 0x44, 0x44, 0x33, 0x34, 0x44, 0x44, 0x55, 0x55, 
	0x44, 0x44, 0x44, 0x44, 0x55, 0x45, 0x55, 0x67, 0x86, 0x55, 0x66, 0x65, 0x44, 0x56, 0x76, 
	0x67, 0x76, 0x55, 0x55, 0x55, 0x55, 0x55, 0x55, 0x54, 0x33, 0x44, 0x66, 0x65, 0x45, 0x55, 
	0x44, 0x33, 0x33, 0x33, 0x44, 0x44, 0x33, 0x33, 0x33, 0x33, 0x34, 0x33, 0x33, 0x33, 0x44, 
	0x55, 0x55, 0x55, 0x44, 0x43, 0x33, 0x44, 0x44, 0x44, 0x44, 0x44, 0x44, 0x44, 0x45, 0x44, 
	0x44, 0x44, 0x44, 0x45, 0x55, 0x55, 0x55, 0x55, 0x55, 0x56, 0x66, 0x66, 0x66, 0x66, 0x79, 
	0xAB, 0xBB, 0xCC, 0xBC, 0xCC, 0xCC, 0xCC, 0xCC, 0xCC, 0xCC, 0xCC, 0xCC, 0xCC, 0xCD, 0xDD, 
	0xDD, 0xDD, 0xDD, 0xDD, 0xDD, 0xDD, 0xDD, 0xDD, 0xDD, 0xDD, 0xDD, 0xDD, 0xDD, 0xDD, 0xDD, 
	0xDD, 0xDD, 0xDD, 0xDD, 0xDC, 0xB9, 0x88, 0x98, 0x99, 0x99, 0x99, 0x98, 0x89, 0x99, 0x99, 
	0xBC, 0xCC, 0xCC, 0xCC, 0xDC, 0xCC, 0xCC, 0xCC, 0xBB, 0xBB, 0xAA, 0x99, 0x9A, 0xBB, 0xBB, 
	0xBC, 0xCC, 0xBB, 0xBB, 0xBB, 0xBC, 0xDE, 0xEF, 0xFF, 0xFF, 0xFF, 0xFF, 0xFF, 0xFF, 0xFF, 
	0xFF, 0xFF, 0xFF, 0xFF, 0xFF, 0xFF, 0xFF, 0xFF, 0xFF, 0xFF, 0xFF, 0xFF, 0xFF, 0xDB, 0x98, 
	0x87, 0x77, 0x76, 0x67, 0x66, 0x66, 0x55, 0x55, 0x44, 0x44, 0x44, 0x44, 0x43, 0x33, 0x33, 
	0x33, 0x33, 0x33, 0x34, 0x33, 0x33, 0x33, 0x33, 0x33, 0x33, 0x33, 0x44, 0x44, 0x44, 0x44, 
	0x44, 0x44, 0x44, 0x44, 0x55, 0x44, 0x43, 0x33, 0x33, 0x34, 0x56, 0x55, 0x56, 0x66, 0x55, 
	0x44, 0x55, 0x44, 0x44, 0x44, 0x54, 0x44, 0x53, 0x44, 0x43, 0x59, 0xCC, 0xCC, 0xBB, 0xCC, 
	0xCC, 0xCC, 0xCC, 0xCC, 0xCC, 0xCC, 0xBB, 0xBB, 0xBB, 0xBB, 0xBB, 0xBB, 0xBB, 0xBB, 0xBB, 
	0xBB, 0xBB, 0xBB, 0xAA, 0xAA, 0xAA, 0xAA, 0xAA, 0xAA, 0xAA, 0xAA, 0xAA, 0xAB, 0xAA, 0xAA, 
	0xAA, 0xAA, 0xAB, 0xBB, 0xBA, 0xAA, 0xBA, 0xAA, 0xAA, 0xBC, 0xCB, 0xCC, 0xCC, 0xB9, 0x99, 
	0xA9, 0x63, 0x23, 0x33, 0x33, 0x33, 0x33, 0x33, 0x33, 0x32, 0x35, 0x8A, 0xAA, 0xBB, 0xBC, 
	0xC7, 0x32, 0x33, 0x44, 0x43, 0x33, 0x33, 0x44, 0x44, 0x33, 0x34, 0x44, 0x44, 0x55, 0x55, 
	0x44, 0x45, 0x55, 0x44, 0x44, 0x45, 0x55, 0x56, 0x77, 0x65, 0x56, 0x66, 0x54, 0x46, 0x66, 
	0x56, 0x77, 0x65, 0x55, 0x55, 0x55, 0x54, 0x45, 0x54, 0x33, 0x33, 0x46, 0x65, 0x44, 0x55, 
	0x54, 0x43, 0x33, 0x33, 0x44, 0x44, 0x43, 0x33, 0x33, 0x33, 0x33, 0x33, 0x33, 0x33, 0x34, 
	0x44, 0x45, 0x55, 0x55, 0x44, 0x33, 0x44, 0x44, 0x44, 0x44, 0x44, 0x44, 0x44, 0x44, 0x44, 
	0x44, 0x55, 0x55, 0x55, 0x55, 0x55, 0x55, 0x55, 0x55, 0x56, 0x66, 0x67, 0x77, 0x78, 0x9B, 
	0xBB, 0xCB, 0xCC, 0xBB, 0xCC, 0xBC, 0xCC, 0xCC, 0xCC, 0xCC, 0xCC, 0xCC, 0xCC, 0xDD, 0xDD, 
	0xDD, 0xDD, 0xDD, 0xDD, 0xDD, 0xDD, 0xDD, 0xDD, 0xDD, 0xDD, 0xDD, 0xDD, 0xDD, 0xDD, 0xDD, 
	0xDD, 0xDD, 0xDD, 0xDD, 0xDC, 0xB9, 0x88, 0x98, 0x99, 0x98, 0x99, 0x98, 0x89, 0x99, 0x99, 
	0xAB, 0xBB, 0xAB, 0xBB, 0xBB, 0xBC, 0xCC, 0xCC, 0xBA, 0xAA, 0xA9, 0xAA, 0xAB, 0xCC, 0xBB, 
	0xCC, 0xCB, 0xAB, 0xBC, 0xCC, 0xDE, 0xFF, 0xFF, 0xFF, 0xFF, 0xFF, 0xFF, 0xFF, 0xFF, 0xFF, 
	0xFF, 0xFF, 0xFF, 0xFF, 0xFF, 0xFF, 0xFF, 0xFF, 0xFF, 0xFF, 0xFF, 0xFF, 0xFD, 0xC9, 0x88, 
	0x77, 0x87, 0x77, 0x77, 0x66, 0x66, 0x66, 0x65, 0x55, 0x55, 0x54, 0x44, 0x44, 0x44, 0x33, 
	0x44, 0x43, 0x33, 0x34, 0x33, 0x33, 0x33, 0x33, 0x33, 0x33, 0x33, 0x34, 0x44, 0x44, 0x44, 
	0x44, 0x44, 0x44, 0x45, 0x44, 0x44, 0x44, 0x33, 0x34, 0x45, 0x55, 0x56, 0x66, 0x65, 0x44, 
	0x54, 0x45, 0x44, 0x44, 0x44, 0x44, 0x44, 0x54, 0x44, 0x43, 0x58, 0xBB, 0xBA, 0xAA, 0xBC, 
	0xCC, 0xCC, 0xCC, 0xCC, 0xCC, 0xCC, 0xBB, 0xBB, 0xCB, 0xBB, 0xBB, 0xBB, 0xAB, 0xBB, 0xBB, 
	0xBB, 0xBB, 0xBB, 0xAA, 0xAA, 0xAA, 0xAA, 0xAA, 0xAA, 0xAA, 0xAA, 0xAA, 0xAA, 0xAA, 0x9A, 
	0xAA, 0xAA, 0xBB, 0xBB, 0xBA, 0xBA, 0xAA, 0xAA, 0xAB, 0xBC, 0xBB, 0xCC, 0xCC, 0xA9, 0x9A, 
	0xA8, 0x43, 0x33, 0x33, 0x33, 0x33, 0x33, 0x33, 0x33, 0x33, 0x24, 0x8A, 0xAA, 0xBB, 0xBC, 
	0xC7, 0x33, 0x33, 0x44, 0x44, 0x44, 0x44, 0x43, 0x34, 0x44, 0x44, 0x44, 0x44, 0x45, 0x55, 
	0x44, 0x45, 0x55, 0x44, 0x55, 0x44, 0x55, 0x55, 0x77, 0x75, 0x55, 0x56, 0x65, 0x45, 0x56, 
	0x66, 0x67, 0x76, 0x65, 0x55, 0x55, 0x54, 0x45, 0x55, 0x44, 0x33, 0x34, 0x55, 0x65, 0x44, 
	0x55, 0x44, 0x33, 0x33, 0x34, 0x44, 0x43, 0x33, 0x33, 0x33, 0x33, 0x44, 0x43, 0x33, 0x33, 
	0x44, 0x44, 0x45, 0x55, 0x54, 0x44, 0x44, 0x44, 0x44, 0x44, 0x44, 0x44, 0x44, 0x44, 0x44, 
	0x45, 0x55, 0x55, 0x55, 0x45, 0x55, 0x55, 0x55, 0x55, 0x55, 0x55, 0x66, 0x88, 0x9A, 0xAB, 
	0xBC, 0xCC, 0xCC, 0xBB, 0xCC, 0xBC, 0xCC, 0xCC, 0xCC, 0xCC, 0xCC, 0xCC, 0xCC, 0xDD, 0xCC, 
	0xCD, 0xDD, 0xDD, 0xDD, 0xDD, 0xDD, 0xDD, 0xDD, 0xDD, 0xDD, 0xDD, 0xDD, 0xDD, 0xDD, 0xDD, 
	0xDD, 0xDD, 0xDD, 0xDD, 0xDC, 0xB9, 0x88, 0x98, 0x99, 0x98, 0x99, 0x88, 0x88, 0x98, 0x89, 
	0x9A, 0x99, 0x99, 0x9A, 0xAA, 0xAB, 0xBB, 0xBB, 0xAA, 0xAA, 0xAA, 0xBB, 0xCC, 0xCB, 0xBB, 
	0xCC, 0xBB, 0xAB, 0xCD, 0xEE, 0xFF, 0xFF, 0xFF, 0xFF, 0xFF, 0xFF, 0xFF, 0xFF, 0xFF, 0xFF, 
	0xFF, 0xFF, 0xFF, 0xFF, 0xFF, 0xFF, 0xFF, 0xFF, 0xFF, 0xFF, 0xFF, 0xFF, 0xEB, 0xA8, 0x88, 
	0x77, 0x87, 0x77, 0x77, 0x66, 0x66, 0x66, 0x66, 0x65, 0x55, 0x55, 0x45, 0x54, 0x44, 0x43, 
	0x44, 0x43, 0x33, 0x33, 0x33, 0x33, 0x33, 0x33, 0x33, 0x33, 0x33, 0x33, 0x44, 0x44, 0x44, 
	0x44, 0x44, 0x44, 0x55, 0x44, 0x44, 0x43, 0x33, 0x44, 0x45, 0x55, 0x66, 0x65, 0x44, 0x55, 
	0x54, 0x45, 0x44, 0x55, 0x44, 0x54, 0x45, 0x54, 0x55, 0x44, 0x57, 0x88, 0x89, 0x9A, 0xBC, 
	0xCC, 0xBC, 0xCC, 0xCC, 0xCC, 0xCC, 0xCB, 0xBC, 0xCC, 0xCC, 0xCB, 0xBB, 0xBB, 0xBB, 0xBB, 
	0xBB, 0xBB, 0xBB, 0xAA, 0xAA, 0xAA, 0xAA, 0xAA, 0xAA, 0xAA, 0xAA, 0x99, 0x99, 0x98, 0x7A, 
	0xAB, 0xAA, 0xBB, 0xBB, 0xBB, 0xBA, 0xAA, 0xAA, 0xAB, 0xBC, 0xBB, 0xCC, 0xCC, 0xBA, 0xAA, 
	0xA6, 0x33, 0x33, 0x32, 0x33, 0x33, 0x33, 0x33, 0x33, 0x33, 0x23, 0x79, 0xAB, 0xBB, 0xBC, 
	0xC8, 0x33, 0x33, 0x34, 0x44, 0x44, 0x44, 0x44, 0x44, 0x44, 0x44, 0x44, 0x44, 0x45, 0x55, 
	0x54, 0x44, 0x54, 0x45, 0x55, 0x44, 0x55, 0x55, 0x67, 0x76, 0x54, 0x56, 0x65, 0x55, 0x46, 
	0x76, 0x56, 0x77, 0x66, 0x55, 0x55, 0x55, 0x55, 0x55, 0x44, 0x43, 0x33, 0x45, 0x55, 0x54, 
	0x45, 0x54, 0x43, 0x33, 0x34, 0x44, 0x43, 0x33, 0x33, 0x33, 0x34, 0x43, 0x43, 0x33, 0x33, 
	0x33, 0x34, 0x45, 0x55, 0x55, 0x54, 0x44, 0x34, 0x44, 0x44, 0x44, 0x44, 0x44, 0x44, 0x44, 
	0x44, 0x55, 0x55, 0x55, 0x44, 0x45, 0x55, 0x55, 0x55, 0x55, 0x56, 0x67, 0x89, 0xAB, 0xBB, 
	0xBC, 0xCC, 0xCC, 0xCB, 0xBC, 0xCC, 0xCC, 0xCC, 0xCC, 0xCC, 0xCC, 0xCC, 0xCC, 0xDC, 0xCC, 
	0xCC, 0xDD, 0xDD, 0xDD, 0xDD, 0xDD, 0xDD, 0xDD, 0xDD, 0xDD, 0xDD, 0xDD, 0xDD, 0xDD, 0xDD, 
	0xDD, 0xDD, 0xDD, 0xDD, 0xDC, 0xA9, 0x98, 0x98, 0x99, 0x99, 0x99, 0x98, 0x89, 0x98, 0x89, 
	0x99, 0x98, 0x89, 0x9A, 0xA9, 0xAB, 0xBA, 0xAA, 0xAA, 0xAA, 0xBB, 0xCB, 0xCC, 0xCB, 0xBB, 
	0xBB, 0xBB, 0xCD, 0xEE, 0xFF, 0xFF, 0xFF, 0xFF, 0xFF, 0xFF, 0xFF, 0xFF, 0xFF, 0xFF, 0xFF, 
	0xFF, 0xFF, 0xFF, 0xFF, 0xFF, 0xFF, 0xFF, 0xFF, 0xFF, 0xFF, 0xFF, 0xFE, 0xC9, 0x88, 0x88, 
	0x77, 0x77, 0x77, 0x76, 0x66, 0x76, 0x66, 0x66, 0x66, 0x65, 0x55, 0x55, 0x55, 0x44, 0x44, 
	0x44, 0x43, 0x34, 0x43, 0x33, 0x33, 0x33, 0x33, 0x33, 0x33, 0x33, 0x34, 0x44, 0x44, 0x43, 
	0x34, 0x44, 0x45, 0x54, 0x44, 0x44, 0x43, 0x44, 0x55, 0x44, 0x45, 0x66, 0x54, 0x45, 0x55, 
	0x55, 0x55, 0x45, 0x45, 0x44, 0x55, 0x44, 0x44, 0x54, 0x44, 0x45, 0x65, 0x68, 0x9B, 0xCB, 
	0xBB, 0xBC, 0xCC, 0xCC, 0xCC, 0xCC, 0xCC, 0xCC, 0xCC, 0xCC, 0xCB, 0xBC, 0xCB, 0xBB, 0xBB, 
	0xBB, 0xBB, 0xBB, 0xAA, 0xAA, 0xAA, 0xAA, 0xAA, 0xAA, 0x99, 0xA9, 0x87, 0x66, 0x76, 0x59, 
	0xAB, 0xBB, 0xBB, 0xBB, 0xBB, 0xBA, 0xAA, 0xAA, 0xBB, 0xBC, 0xBB, 0xCC, 0xCC, 0xBA, 0xAA, 
	0x95, 0x33, 0x33, 0x33, 0x33, 0x33, 0x33, 0x33, 0x33, 0x33, 0x33, 0x59, 0xAB, 0xAA, 0xBD, 
	0xD8, 0x43, 0x44, 0x34, 0x44, 0x44, 0x44, 0x34, 0x44, 0x44, 0x44, 0x44, 0x44, 0x44, 0x55, 
	0x54, 0x45, 0x54, 0x44, 0x45, 0x54, 0x55, 0x55, 0x56, 0x76, 0x65, 0x56, 0x66, 0x55, 0x55, 
	0x56, 0x65, 0x67, 0x76, 0x65, 0x55, 0x55, 0x54, 0x45, 0x54, 0x43, 0x33, 0x33, 0x46, 0x55, 
	0x35, 0x55, 0x44, 0x33, 0x44, 0x44, 0x44, 0x33, 0x33, 0x33, 0x44, 0x33, 0x33, 0x33, 0x33, 
	0x33, 0x33, 0x44, 0x45, 0x55, 0x65, 0x54, 0x34, 0x44, 0x44, 0x44, 0x44, 0x44, 0x44, 0x44, 
	0x44, 0x55, 0x55, 0x55, 0x54, 0x44, 0x55, 0x55, 0x55, 0x55, 0x66, 0x78, 0x89, 0xAB, 0xBC, 
	0xCC, 0xCC, 0xCC, 0xCC, 0xCC, 0xCC, 0xCC, 0xCC, 0xCC, 0xCC, 0xCC, 0xCC, 0xCC, 0xCC, 0xCC, 
	0xCC, 0xDD, 0xDD, 0xDD, 0xDD, 0xDD, 0xDD, 0xDD, 0xDD, 0xDD, 0xDD, 0xDD, 0xDD, 0xDD, 0xDD, 
	0xDD, 0xDD, 0xDD, 0xDD, 0xCB, 0xA9, 0x88, 0x98, 0x89, 0x99, 0x99, 0x99, 0x99, 0x99, 0x99, 
	0xAA, 0xA9, 0x9A, 0xAA, 0xAB, 0xBB, 0xBA, 0xAA, 0xAA, 0xBC, 0xCC, 0xBC, 0xCC, 0xCC, 0xBB, 
	0xBB, 0xCD, 0xEF, 0xFF, 0xFF, 0xFF, 0xFF, 0xFF, 0xFF, 0xFF, 0xFF, 0xFF, 0xFF, 0xFF, 0xFF, 
	0xFF, 0xFF, 0xFF, 0xFF, 0xFF, 0xFF, 0xFF, 0xFF, 0xFF, 0xFF, 0xFF, 0xFC, 0x97, 0x88, 0x88, 
	0x77, 0x77, 0x77, 0x66, 0x77, 0x77, 0x66, 0x66, 0x66, 0x66, 0x55, 0x55, 0x55, 0x44, 0x44, 
	0x44, 0x44, 0x44, 0x43, 0x33, 0x33, 0x33, 0x33, 0x33, 0x33, 0x33, 0x33, 0x34, 0x43, 0x44, 
	0x33, 0x44, 0x45, 0x54, 0x44, 0x44, 0x34, 0x45, 0x54, 0x44, 0x55, 0x54, 0x44, 0x45, 0x55, 
	0x55, 0x54, 0x44, 0x44, 0x44, 0x45, 0x44, 0x44, 0x44, 0x44, 0x44, 0x43, 0x58, 0xAB, 0xAB, 
	0xBB, 0xBB, 0xCB, 0xCC, 0xCC, 0xCC, 0xCC, 0xCB, 0xCC, 0xCC, 0xBB, 0xCC, 0xCC, 0xBB, 0xBB, 
	0xBB, 0xBB, 0xAB, 0xBB, 0xAA, 0xAA, 0xAA, 0xAA, 0xAA, 0x99, 0xA9, 0x75, 0x34, 0x43, 0x38, 
	0xAB, 0xBB, 0xBC, 0xCB, 0xBB, 0xAA, 0xAB, 0xBB, 0xBB, 0xCC, 0xCB, 0xBC, 0xCC, 0xBA, 0xAA, 
	0x74, 0x22, 0x33, 0x33, 0x33, 0x33, 0x33, 0x33, 0x33, 0x33, 0x32, 0x48, 0xAA, 0xAA, 0xBD, 
	0xD9, 0x42, 0x34, 0x34, 0x44, 0x44, 0x43, 0x34, 0x44, 0x44, 0x44, 0x44, 0x44, 0x44, 0x55, 
	0x55, 0x55, 0x54, 0x44, 0x45, 0x44, 0x44, 0x55, 0x55, 0x66, 0x76, 0x65, 0x56, 0x55, 0x55, 
	0x56, 0x65, 0x56, 0x77, 0x65, 0x55, 0x65, 0x44, 0x44, 0x54, 0x44, 0x33, 0x33, 0x35, 0x65, 
	0x43, 0x45, 0x54, 0x44, 0x44, 0x44, 0x44, 0x33, 0x33, 0x33, 0x43, 0x33, 0x33, 0x33, 0x33, 
	0x33, 0x33, 0x44, 0x44, 0x55, 0x66, 0x55, 0x44, 0x44, 0x44, 0x44, 0x44, 0x44, 0x44, 0x44, 
	0x44, 0x44, 0x54, 0x44, 0x44, 0x54, 0x55, 0x54, 0x45, 0x66, 0x78, 0x99, 0xAA, 0xBC, 0xCC, 
	0xCC, 0xCC, 0xCC, 0xCC, 0xCC, 0xCC, 0xCC, 0xCC, 0xCC, 0xCC, 0xCC, 0xCC, 0xCC, 0xCC, 0xCC, 
	0xCD, 0xDD, 0xDD, 0xDD, 0xDD, 0xDD, 0xDD, 0xDD, 0xDD, 0xDD, 0xDD, 0xDD, 0xDD, 0xDD, 0xDD, 
	0xDD, 0xDD, 0xDD, 0xDD, 0xCC, 0xA9, 0x89, 0x99, 0x99, 0x99, 0x99, 0x99, 0x99, 0x89, 0x99, 
	0xBC, 0xCB, 0xBB, 0xCB, 0xBB, 0xBB, 0xCB, 0xAA, 0xAB, 0xBB, 0xCC, 0xCC, 0xCC, 0xCC, 0xCC, 
	0xCC, 0xDE, 0xFF, 0xFF, 0xFF, 0xFF, 0xFF, 0xFF, 0xFF, 0xFF, 0xFF, 0xFF, 0xFF, 0xFF, 0xFF, 
	0xFF, 0xFF, 0xFF, 0xFF, 0xFF, 0xFF, 0xFF, 0xFF, 0xFF, 0xFF, 0xFF, 0xDB, 0x88, 0x88, 0x87, 
	0x77, 0x77, 0x77, 0x66, 0x77, 0x77, 0x66, 0x66, 0x66, 0x66, 0x55, 0x55, 0x55, 0x44, 0x54, 
	0x44, 0x44, 0x44, 0x43, 0x33, 0x33, 0x33, 0x33, 0x33, 0x33, 0x33, 0x33, 0x33, 0x34, 0x44, 
	0x44, 0x45, 0x44, 0x44, 0x44, 0x44, 0x45, 0x55, 0x54, 0x44, 0x55, 0x44, 0x44, 0x44, 0x44, 
	0x45, 0x44, 0x44, 0x44, 0x44, 0x44, 0x44, 0x44, 0x44, 0x45, 0x44, 0x33, 0x69, 0xA9, 0x89, 
	0xAB, 0xBB, 0xBB, 0xBC, 0xCC, 0xCC, 0xBC, 0xCC, 0xCC, 0xCC, 0xBC, 0xCC, 0xBB, 0xBB, 0xCC, 
	0xBB, 0xBB, 0xAB, 0xBB, 0xAA, 0xAA, 0xAA, 0xAA, 0xAA, 0x9A, 0xB9, 0x64, 0x23, 0x32, 0x38, 
	0xBB, 0xBB, 0xBC, 0xCB, 0xBB, 0xAA, 0xAB, 0xBB, 0xBC, 0xCC, 0xCB, 0xBC, 0xCC, 0xBA, 0xAA, 
	0x63, 0x23, 0x33, 0x33, 0x33, 0x33, 0x33, 0x33, 0x33, 0x33, 0x32, 0x36, 0x9A, 0xAA, 0xBD, 
	0xD8, 0x42, 0x34, 0x34, 0x44, 0x44, 0x44, 0x34, 0x44, 0x44, 0x44, 0x44, 0x45, 0x44, 0x55, 
	0x55, 0x55, 0x55, 0x44, 0x55, 0x54, 0x44, 0x45, 0x55, 0x66, 0x76, 0x65, 0x55, 0x66, 0x55, 
	0x56, 0x76, 0x55, 0x67, 0x76, 0x55, 0x55, 0x45, 0x44, 0x44, 0x44, 0x33, 0x33, 0x34, 0x55, 
	0x54, 0x34, 0x44, 0x44, 0x44, 0x44, 0x43, 0x33, 0x33, 0x33, 0x43, 0x33, 0x33, 0x33, 0x33, 
	0x33, 0x44, 0x44, 0x34, 0x45, 0x55, 0x56, 0x54, 0x43, 0x44, 0x44, 0x44, 0x44, 0x44, 0x44, 
	0x44, 0x44, 0x55, 0x44, 0x44, 0x54, 0x44, 0x44, 0x57, 0x88, 0x99, 0xAA, 0xBB, 0xCC, 0xDD, 
	0xCC, 0xCC, 0xCD, 0xCC, 0xCC, 0xCC, 0xCC, 0xCC, 0xCB, 0xBB, 0xBC, 0xCC, 0xCC, 0xCC, 0xCC, 
	0xDD, 0xDD, 0xDD, 0xDD, 0xDD, 0xDD, 0xCD, 0xDD, 0xDD, 0xDD, 0xDD, 0xDD, 0xDD, 0xDD, 0xDD, 
	0xDD, 0xDD, 0xDD, 0xDD, 0xDC, 0xBA, 0x99, 0x99, 0x99, 0x99, 0x99, 0x99, 0x99, 0x99, 0x99, 
	0xCC, 0xCB, 0xBC, 0xCC, 0xBC, 0xCC, 0xCB, 0xAA, 0xAA, 0xAB, 0xBC, 0xCC, 0xCC, 0xCC, 0xDD, 
	0xDE, 0xFF, 0xFF, 0xFF, 0xFF, 0xFF, 0xFF, 0xFF, 0xFF, 0xFF, 0xFF, 0xFF, 0xFF, 0xFF, 0xFF, 
	0xFF, 0xFF, 0xFF, 0xFF, 0xFF, 0xFF, 0xFF, 0xFF, 0xFF, 0xFF, 0xFE, 0xB9, 0x88, 0x88, 0x87, 
	0x78, 0x77, 0x76, 0x66, 0x77, 0x76, 0x67, 0x66, 0x66, 0x65, 0x55, 0x55, 0x55, 0x55, 0x55, 
	0x44, 0x44, 0x44, 0x44, 0x43, 0x33, 0x33, 0x33, 0x33, 0x33, 0x33, 0x33, 0x33, 0x34, 0x43, 
	0x45, 0x55, 0x44, 0x44, 0x44, 0x44, 0x45, 0x55, 0x55, 0x44, 0x44, 0x44, 0x44, 0x44, 0x44, 
	0x44, 0x54, 0x54, 0x44, 0x44, 0x44, 0x45, 0x54, 0x44, 0x44, 0x44, 0x44, 0x89, 0x86, 0x57, 
	0x9A, 0xAB, 0xBA, 0xAB, 0xBC, 0xCC, 0xBC, 0xCC, 0xCC, 0xBB, 0xBC, 0xCC, 0xBA, 0xBB, 0xBB, 
	0xBB, 0xBB, 0xBA, 0xBB, 0xAA, 0xAA, 0xAA, 0xA9, 0xAA, 0x9A, 0xB9, 0x53, 0x22, 0x32, 0x38, 
	0xBC, 0xBB, 0xBB, 0xCB, 0xBB, 0xAA, 0xBB, 0xBB, 0xCC, 0xCC, 0xCB, 0xBC, 0xCC, 0xBB, 0xA9, 
	0x62, 0x23, 0x33, 0x33, 0x33, 0x33, 0x33, 0x33, 0x33, 0x33, 0x43, 0x35, 0x8A, 0xAA, 0xBD, 
	0xD8, 0x43, 0x33, 0x34, 0x44, 0x44, 0x44, 0x44, 0x44, 0x44, 0x44, 0x44, 0x55, 0x54, 0x45, 
	0x45, 0x54, 0x55, 0x44, 0x45, 0x55, 0x44, 0x55, 0x55, 0x66, 0x66, 0x65, 0x65, 0x66, 0x65, 
	0x55, 0x67, 0x65, 0x56, 0x77, 0x65, 0x55, 0x44, 0x44, 0x44, 0x44, 0x44, 0x33, 0x33, 0x45, 
	0x55, 0x43, 0x34, 0x44, 0x44, 0x43, 0x34, 0x43, 0x33, 0x33, 0x43, 0x33, 0x33, 0x33, 0x33, 
	0x33, 0x44, 0x43, 0x33, 0x44, 0x44, 0x56, 0x65, 0x44, 0x44, 0x44, 0x44, 0x44, 0x44, 0x44, 
	0x44, 0x44, 0x55, 0x55, 0x54, 0x54, 0x44, 0x45, 0x78, 0x9A, 0xAA, 0xBB, 0xCC, 0xCC, 0xDD, 
	0xDC, 0xCC, 0xDD, 0xCC, 0xCC, 0xCC, 0xCC, 0xCC, 0xCB, 0xBB, 0xBB, 0xCC, 0xCC, 0xCC, 0xCC, 
	0xDD, 0xDD, 0xDC, 0xCC, 0xDD, 0xDD, 0xCD, 0xDD, 0xDD, 0xDD, 0xDD, 0xDD, 0xDD, 0xDD, 0xDD, 
	0xDD, 0xDD, 0xDD, 0xDD, 0xCC, 0xCA, 0x98, 0x99, 0x99, 0x89, 0x99, 0x99, 0x99, 0x99, 0x99, 
	0xCC, 0xCB, 0xBC, 0xCC, 0xBC, 0xBB, 0xBB, 0xAA, 0xAA, 0xAB, 0xBC, 0xCD, 0xCC, 0xDD, 0xEE, 
	0xFF, 0xFF, 0xFF, 0xFF, 0xFF, 0xFF, 0xFF, 0xFF, 0xFF, 0xFF, 0xFF, 0xFF, 0xFF, 0xFF, 0xFF, 
	0xFF, 0xFF, 0xFF, 0xFF, 0xFF, 0xFF, 0xFF, 0xFF, 0xFF, 0xFF, 0xEC, 0xA9, 0x88, 0x78, 0x87, 
	0x78, 0x77, 0x76, 0x67, 0x77, 0x66, 0x67, 0x66, 0x66, 0x55, 0x55, 0x55, 0x55, 0x55, 0x55, 
	0x44, 0x44, 0x44, 0x44, 0x44, 0x33, 0x33, 0x33, 0x33, 0x33, 0x33, 0x33, 0x33, 0x33, 0x33, 
	0x45, 0x54, 0x44, 0x44, 0x44, 0x44, 0x44, 0x55, 0x55, 0x43, 0x34, 0x44, 0x44, 0x44, 0x44, 
	0x45, 0x55, 0x54, 0x44, 0x44, 0x44, 0x55, 0x44, 0x44, 0x44, 0x44, 0x56, 0x88, 0x54, 0x45, 
	0x78, 0x9A, 0xAA, 0x9A, 0xAB, 0xBB, 0xBB, 0xCC, 0xCC, 0xBB, 0xBC, 0xCB, 0xAA, 0xAA, 0xAA, 
	0xAA, 0xBB, 0xBA, 0xAA, 0xAA, 0xAA, 0xAA, 0xA9, 0xAA, 0xAB, 0xA8, 0x53, 0x33, 0x32, 0x38, 
	0xBC, 0xBC, 0xCB, 0xBB, 0xBB, 0xBB, 0xBB, 0xBB, 0xCC, 0xCC, 0xBB, 0xBC, 0xCB, 0xBB, 0xB9, 
	0x52, 0x23, 0x33, 0x33, 0x33, 0x33, 0x33, 0x33, 0x33, 0x34, 0x43, 0x33, 0x6A, 0xBA, 0xAD, 
	0xD9, 0x43, 0x34, 0x44, 0x44, 0x44, 0x44, 0x44, 0x54, 0x44, 0x44, 0x44, 0x55, 0x54, 0x44, 
	0x45, 0x54, 0x44, 0x44, 0x45, 0x55, 0x44, 0x55, 0x55, 0x66, 0x66, 0x55, 0x66, 0x66, 0x66, 
	0x55, 0x66, 0x66, 0x55, 0x67, 0x76, 0x55, 0x54, 0x44, 0x44, 0x44, 0x44, 0x33, 0x33, 0x33, 
	0x56, 0x54, 0x33, 0x44, 0x44, 0x43, 0x44, 0x44, 0x43, 0x44, 0x43, 0x33, 0x33, 0x33, 0x33, 
	0x33, 0x34, 0x43, 0x33, 0x44, 0x43, 0x44, 0x66, 0x65, 0x44, 0x44, 0x44, 0x44, 0x44, 0x44, 
	0x44, 0x44, 0x44, 0x44, 0x54, 0x44, 0x44, 0x57, 0x9A, 0xAA, 0xBB, 0xBC, 0xCC, 0xCC, 0xDD, 
	0xDD, 0xDD, 0xDD, 0xCC, 0xCC, 0xCC, 0xCC, 0xCC, 0xCC, 0xBB, 0xBB, 0xBC, 0xCC, 0xCC, 0xCC, 
	0xCC, 0xDD, 0xCC, 0xCC, 0xCC, 0xCC, 0xCD, 0xDD, 0xDD, 0xDD, 0xDD, 0xDD, 0xDD, 0xDD, 0xDD, 
	0xDD, 0xDD, 0xDD, 0xDD, 0xDC, 0xBA, 0x98, 0x89, 0x99, 0x88, 0x99, 0x99, 0x99, 0x99, 0x99, 
	0xCC, 0xCB, 0xBC, 0xCC, 0xCC, 0xBA, 0xAA, 0xAA, 0xBB, 0xBB, 0xCC, 0xCD, 0xDD, 0xEE, 0xFF, 
	0xFF, 0xFF, 0xFF, 0xFF, 0xFF, 0xFF, 0xFF, 0xFF, 0xFF, 0xFF, 0xFF, 0xFF, 0xFF, 0xFF, 0xFF, 
	0xFF, 0xFF, 0xFF, 0xFF, 0xFF, 0xFF, 0xFF, 0xFF, 0xFF, 0xFE, 0xCA, 0x98, 0x88, 0x78, 0x86, 
	0x77, 0x77, 0x76, 0x77, 0x77, 0x66, 0x66, 0x66, 0x66, 0x55, 0x55, 0x55, 0x55, 0x55, 0x55, 
	0x44, 0x44, 0x44, 0x44, 0x44, 0x43, 0x33, 0x33, 0x33, 0x33, 0x33, 0x33, 0x33, 0x33, 0x33, 
	0x45, 0x44, 0x33, 0x44, 0x44, 0x44, 0x44, 0x55, 0x54, 0x43, 0x34, 0x44, 0x44, 0x44, 0x44, 
	0x44, 0x45, 0x44, 0x44, 0x44, 0x44, 0x44, 0x44, 0x55, 0x44, 0x55, 0x67, 0x86, 0x43, 0x34, 
	0x57, 0x78, 0x99, 0x89, 0xA9, 0x89, 0xBB, 0xAA, 0xBB, 0xBB, 0xAB, 0xBB, 0xAA, 0xAA, 0x98, 
	0x9A, 0xBB, 0xBA, 0xAA, 0xAA, 0xAA, 0xAA, 0xAA, 0xAA, 0xAB, 0xA6, 0x43, 0x33, 0x32, 0x38, 
	0xBC, 0xBC, 0xCC, 0xBB, 0xBB, 0xBB, 0xBB, 0xBC, 0xCB, 0xCB, 0xBB, 0xBC, 0xCB, 0xBC, 0xB8, 
	0x42, 0x33, 0x33, 0x33, 0x33, 0x33, 0x33, 0x33, 0x33, 0x34, 0x33, 0x33, 0x6A, 0xBA, 0xAD, 
	0xD9, 0x43, 0x44, 0x44, 0x44, 0x44, 0x44, 0x44, 0x44, 0x44, 0x44, 0x44, 0x55, 0x54, 0x45, 
	0x55, 0x44, 0x54, 0x44, 0x44, 0x54, 0x44, 0x55, 0x55, 0x55, 0x56, 0x55, 0x66, 0x55, 0x66, 
	0x54, 0x55, 0x66, 0x54, 0x57, 0x76, 0x65, 0x55, 0x44, 0x44, 0x44, 0x44, 0x33, 0x33, 0x33, 
	0x45, 0x55, 0x43, 0x34, 0x44, 0x44, 0x44, 0x54, 0x44, 0x44, 0x43, 0x33, 0x43, 0x33, 0x33, 
	0x33, 0x44, 0x44, 0x33, 0x34, 0x43, 0x34, 0x45, 0x65, 0x54, 0x44, 0x44, 0x44, 0x44, 0x44, 
	0x44, 0x44, 0x55, 0x44, 0x44, 0x43, 0x45, 0x79, 0xAB, 0xBB, 0xBB, 0xBC, 0xCC, 0xCC, 0xDD, 
	0xDD, 0xCD, 0xDD, 0xCC, 0xCC, 0xCC, 0xCC, 0xCC, 0xCC, 0xCC, 0xBB, 0xBB, 0xBB, 0xCC, 0xCC, 
	0xCC, 0xCC, 0xCC, 0xCC, 0xCC, 0xCC, 0xCD, 0xDD, 0xDD, 0xDD, 0xDD, 0xDD, 0xDD, 0xDD, 0xDD, 
	0xDD, 0xDD, 0xDD, 0xDD, 0xCC, 0xBA, 0x99, 0x88, 0x98, 0x88, 0x99, 0x99, 0x99, 0x99, 0x99, 
	0xCC, 0xBB, 0xBC, 0xCC, 0xCC, 0xBA, 0xAA, 0xAB, 0xBB, 0xBC, 0xCC, 0xDD, 0xEE, 0xFF, 0xFF, 
	0xFF, 0xFF, 0xFF, 0xFF, 0xFF, 0xFF, 0xFF, 0xFF, 0xFF, 0xFF, 0xFF, 0xFF, 0xFF, 0xFF, 0xFF, 
	0xFF, 0xFF, 0xFF, 0xFF, 0xFF, 0xFF, 0xFF, 0xFF, 0xFF, 0xEE, 0xA8, 0x87, 0x88, 0x78, 0x87, 
	0x77, 0x77, 0x77, 0x77, 0x76, 0x66, 0x66, 0x56, 0x66, 0x65, 0x55, 0x55, 0x55, 0x55, 0x54, 
	0x44, 0x44, 0x44, 0x43, 0x44, 0x44, 0x33, 0x33, 0x33, 0x33, 0x33, 0x33, 0x33, 0x33, 0x33, 
	0x44, 0x34, 0x43, 0x44, 0x43, 0x34, 0x45, 0x54, 0x43, 0x33, 0x44, 0x44, 0x44, 0x44, 0x44, 
	0x44, 0x44, 0x44, 0x44, 0x44, 0x44, 0x44, 0x44, 0x54, 0x45, 0x56, 0x76, 0x64, 0x44, 0x43, 
	0x45, 0x56, 0x66, 0x89, 0x97, 0x57, 0xBB, 0x98, 0x89, 0xAB, 0xAA, 0xBA, 0x99, 0xA9, 0x76, 
	0x8A, 0xBA, 0xAA, 0xAA, 0xAA, 0xAA, 0xAA, 0xAA, 0xAA, 0xAB, 0xA6, 0x33, 0x33, 0x32, 0x38, 
	0xBC, 0xCD, 0xCC, 0xBB, 0xBB, 0xBB, 0xBB, 0xCC, 0xCC, 0xCB, 0xBB, 0xBC, 0xCB, 0xBC, 0xA6, 
	0x32, 0x33, 0x33, 0x33, 0x33, 0x33, 0x33, 0x33, 0x33, 0x33, 0x33, 0x33, 0x59, 0xAA, 0xAD, 
	0xD9, 0x53, 0x44, 0x44, 0x44, 0x44, 0x44, 0x44, 0x44, 0x44, 0x44, 0x44, 0x44, 0x44, 0x45, 
	0x55, 0x44, 0x54, 0x44, 0x55, 0x44, 0x44, 0x55, 0x55, 0x55, 0x56, 0x66, 0x55, 0x55, 0x66, 
	0x55, 0x55, 0x66, 0x65, 0x56, 0x77, 0x65, 0x55, 0x54, 0x44, 0x44, 0x44, 0x33, 0x43, 0x33, 
	0x34, 0x56, 0x54, 0x44, 0x44, 0x55, 0x55, 0x55, 0x55, 0x44, 0x44, 0x34, 0x44, 0x43, 0x34, 
	0x43, 0x44, 0x44, 0x43, 0x34, 0x43, 0x33, 0x34, 0x45, 0x55, 0x54, 0x44, 0x44, 0x44, 0x44, 
	0x44, 0x44, 0x55, 0x44, 0x43, 0x33, 0x46, 0x8A, 0xAB, 0xBB, 0xBB, 0xBB, 0xCC, 0xCC, 0xCD, 
	0xDD, 0xCD, 0xDD, 0xCC, 0xCC, 0xCC, 0xCC, 0xDD, 0xDC, 0xCC, 0xCC, 0xCC, 0xBB, 0xCC, 0xCC, 
	0xCC, 0xCC, 0xCC, 0xCC, 0xCC, 0xCC, 0xCD, 0xDD, 0xDD, 0xDD, 0xDD, 0xDD, 0xDD, 0xDD, 0xDD, 
	0xDD, 0xDD, 0xDD, 0xDC, 0xCC, 0xBA, 0x99, 0x88, 0x99, 0x88, 0x99, 0x99, 0x99, 0x99, 0x99, 
	0xCC, 0xCB, 0xCC, 0xCC, 0xCC, 0xBB, 0xAA, 0xBB, 0xCC, 0xCD, 0xDD, 0xEF, 0xFF, 0xFF, 0xFF, 
	0xFF, 0xFF, 0xFF, 0xFF, 0xFF, 0xFF, 0xFF, 0xFF, 0xFF, 0xFF, 0xFF, 0xFF, 0xFF, 0xFF, 0xFF, 
	0xFF, 0xFF, 0xFF, 0xFF, 0xFF, 0xFF, 0xFF, 0xFF, 0xFF, 0xDC, 0x88, 0x87, 0x78, 0x88, 0x87, 
	0x77, 0x77, 0x77, 0x77, 0x66, 0x66, 0x66, 0x55, 0x66, 0x65, 0x55, 0x55, 0x55, 0x55, 0x54, 
	0x44, 0x44, 0x44, 0x43, 0x44, 0x44, 0x33, 0x33, 0x33, 0x33, 0x33, 0x33, 0x33, 0x33, 0x34, 
	0x43, 0x34, 0x44, 0x44, 0x43, 0x45, 0x55, 0x54, 0x44, 0x33, 0x44, 0x44, 0x44, 0x44, 0x45, 
	0x54, 0x44, 0x44, 0x55, 0x54, 0x44, 0x44, 0x55, 0x44, 0x45, 0x66, 0x65, 0x54, 0x44, 0x44, 
	0x44, 0x44, 0x45, 0x88, 0x75, 0x57, 0x99, 0x86, 0x56, 0x89, 0xAA, 0xAA, 0x99, 0x97, 0x55, 
	0x8B, 0xBA, 0xAA, 0xAA, 0xAA, 0xAA, 0xAA, 0xAA, 0xAA, 0xAB, 0xA6, 0x33, 0x33, 0x32, 0x38, 
	0xBC, 0xCD, 0xCC, 0xCB, 0xBB, 0xBB, 0xBB, 0xCC, 0xCC, 0xCC, 0xBB, 0xBC, 0xBB, 0xBC, 0xA6, 
	0x32, 0x33, 0x33, 0x33, 0x33, 0x33, 0x33, 0x33, 0x34, 0x33, 0x33, 0x33, 0x48, 0xAA, 0xBD, 
	0xDA, 0x53, 0x44, 0x44, 0x44, 0x44, 0x44, 0x44, 0x44, 0x44, 0x44, 0x44, 0x44, 0x44, 0x45, 
	0x55, 0x44, 0x54, 0x45, 0x55, 0x44, 0x44, 0x55, 0x55, 0x55, 0x55, 0x66, 0x55, 0x55, 0x66, 
	0x66, 0x55, 0x55, 0x65, 0x55, 0x67, 0x65, 0x54, 0x44, 0x44, 0x43, 0x34, 0x44, 0x44, 0x44, 
	0x43, 0x45, 0x55, 0x54, 0x44, 0x55, 0x55, 0x55, 0x55, 0x44, 0x44, 0x44, 0x44, 0x44, 0x34, 
	0x43, 0x34, 0x44, 0x44, 0x44, 0x43, 0x33, 0x33, 0x44, 0x55, 0x55, 0x54, 0x44, 0x44, 0x44, 
	0x44, 0x44, 0x44, 0x44, 0x33, 0x33, 0x47, 0x9A, 0xAB, 0xBC, 0xCC, 0xCC, 0xCC, 0xCC, 0xCC, 
	0xCC, 0xCD, 0xDD, 0xCC, 0xCC, 0xCC, 0xCC, 0xCD, 0xDD, 0xCC, 0xCC, 0xCC, 0xCC, 0xCC, 0xCC, 
	0xCC, 0xCC, 0xCC, 0xCC, 0xCC, 0xCC, 0xCC, 0xDD, 0xDD, 0xDD, 0xDD, 0xDD, 0xDD, 0xDD, 0xDD, 
	0xDD, 0xDD, 0xDD, 0xDC, 0xCC, 0xBA, 0x98, 0x89, 0x99, 0x98, 0x99, 0x99, 0x99, 0x99, 0x99, 
	0xBB, 0xBB, 0xBC, 0xCB, 0xCB, 0xBB, 0xBA, 0xBB, 0xCD, 0xEE, 0xEF, 0xFF, 0xFF, 0xFF, 0xFF, 
	0xFF, 0xFF, 0xFF, 0xFF, 0xFF, 0xFF, 0xFF, 0xFF, 0xFF, 0xFF, 0xFF, 0xFF, 0xFF, 0xFF, 0xFF, 
	0xFF, 0xFF, 0xFF, 0xFF, 0xFF, 0xFF, 0xFF, 0xFF, 0xFE, 0xCA, 0x88, 0x88, 0x78, 0x88, 0x77, 
	0x77, 0x77, 0x76, 0x76, 0x66, 0x66, 0x66, 0x66, 0x66, 0x66, 0x65, 0x55, 0x55, 0x55, 0x54, 
	0x44, 0x44, 0x44, 0x43, 0x34, 0x43, 0x33, 0x33, 0x33, 0x33, 0x33, 0x33, 0x33, 0x33, 0x34, 
	0x43, 0x34, 0x44, 0x44, 0x44, 0x56, 0x55, 0x44, 0x44, 0x43, 0x34, 0x44, 0x44, 0x44, 0x45, 
	0x54, 0x44, 0x44, 0x55, 0x55, 0x44, 0x44, 0x44, 0x44, 0x56, 0x65, 0x44, 0x44, 0x44, 0x45, 
	0x44, 0x43, 0x45, 0x77, 0x55, 0x78, 0x86, 0x54, 0x44, 0x56, 0x78, 0xAA, 0x98, 0x75, 0x44, 
	0x7B, 0xBA, 0xAA, 0xAA, 0xAA, 0xAA, 0xAA, 0xAA, 0xAA, 0xAC, 0xA5, 0x33, 0x33, 0x32, 0x38, 
	0xBD, 0xDD, 0xCC, 0xCB, 0xBB, 0xBB, 0xBB, 0xCC, 0xCC, 0xCC, 0xCB, 0xBB, 0xBB, 0xBC, 0xA5, 
	0x32, 0x33, 0x33, 0x33, 0x33, 0x33, 0x33, 0x33, 0x34, 0x34, 0x33, 0x33, 0x47, 0x9B, 0xBD, 
	0xDA, 0x53, 0x44, 0x44, 0x44, 0x44, 0x44, 0x44, 0x44, 0x44, 0x44, 0x44, 0x44, 0x44, 0x44, 
	0x55, 0x55, 0x55, 0x55, 0x55, 0x44, 0x45, 0x55, 0x55, 0x55, 0x55, 0x66, 0x65, 0x55, 0x56, 
	0x66, 0x65, 0x55, 0x66, 0x55, 0x56, 0x66, 0x65, 0x44, 0x44, 0x33, 0x34, 0x44, 0x44, 0x43, 
	0x43, 0x44, 0x55, 0x54, 0x34, 0x55, 0x55, 0x55, 0x44, 0x44, 0x44, 0x44, 0x44, 0x44, 0x44, 
	0x43, 0x34, 0x43, 0x33, 0x43, 0x33, 0x33, 0x33, 0x33, 0x44, 0x55, 0x55, 0x44, 0x55, 0x44, 
	0x34, 0x44, 0x44, 0x44, 0x43, 0x33, 0x47, 0x9B, 0xAB, 0xCC, 0xCC, 0xCC, 0xCC, 0xCC, 0xCC, 
	0xCC, 0xCD, 0xDD, 0xCC, 0xCC, 0xCC, 0xCC, 0xCD, 0xDD, 0xDD, 0xCC, 0xCC, 0xCC, 0xCC, 0xCC, 
	0xCC, 0xCD, 0xDD, 0xCC, 0xCC, 0xCC, 0xCC, 0xCC, 0xCC, 0xDD, 0xDD, 0xDD, 0xDD, 0xDD, 0xDD, 
	0xDD, 0xDD, 0xDD, 0xDC, 0xCC, 0xAA, 0x98, 0x89, 0x99, 0x98, 0x99, 0x99, 0x99, 0x99, 0x99, 
	0xBB, 0xBB, 0xBB, 0xBB, 0xBB, 0xBB, 0xAA, 0xBC, 0xDE, 0xFF, 0xFF, 0xFF, 0xFF, 0xFF, 0xFF, 
	0xFF, 0xFF, 0xFF, 0xFF, 0xFF, 0xFF, 0xFF, 0xFF, 0xFF, 0xFF, 0xFF, 0xFF, 0xFF, 0xFF, 0xFF, 
	0xFF, 0xFF, 0xFF, 0xFF, 0xFF, 0xFF, 0xFF, 0xFF, 0xED, 0x98, 0x98, 0x88, 0x78, 0x87, 0x77, 
	0x77, 0x77, 0x76, 0x66, 0x66, 0x66, 0x66, 0x66, 0x66, 0x66, 0x65, 0x55, 0x55, 0x55, 0x44, 
	0x55, 0x44, 0x44, 0x44, 0x33, 0x33, 0x43, 0x33, 0x33, 0x33, 0x33, 0x33, 0x33, 0x33, 0x44, 
	0x33, 0x33, 0x44, 0x44, 0x55, 0x55, 0x54, 0x44, 0x44, 0x33, 0x34, 0x44, 0x44, 0x44, 0x55, 
	0x44, 0x45, 0x44, 0x44, 0x55, 0x44, 0x44, 0x44, 0x45, 0x67, 0x64, 0x34, 0x54, 0x44, 0x44, 
	0x54, 0x44, 0x56, 0x65, 0x57, 0x98, 0x54, 0x33, 0x44, 0x33, 0x47, 0x89, 0x87, 0x64, 0x33, 
	0x8B, 0xBB, 0xAA, 0xAA, 0xAA, 0xBA, 0xAA, 0xAA, 0xAA, 0xBC, 0xA5, 0x33, 0x33, 0x33, 0x39, 
	0xCD, 0xDD, 0xCC, 0xCC, 0xCB, 0xBB, 0xBC, 0xCC, 0xCC, 0xBC, 0xCB, 0xBC, 0xCB, 0xBC, 0x95, 
	0x32, 0x33, 0x33, 0x33, 0x33, 0x33, 0x43, 0x33, 0x43, 0x33, 0x33, 0x33, 0x35, 0x8A, 0xCD, 
	0xDA, 0x53, 0x44, 0x44, 0x44, 0x44, 0x44, 0x44, 0x44, 0x44, 0x44, 0x44, 0x44, 0x44, 0x44, 
	0x45, 0x55, 0x54, 0x44, 0x44, 0x44, 0x55, 0x55, 0x55, 0x55, 0x55, 0x67, 0x65, 0x55, 0x55, 
	0x66, 0x65, 0x45, 0x66, 0x65, 0x45, 0x67, 0x65, 0x44, 0x43, 0x33, 0x33, 0x44, 0x44, 0x33, 
	0x44, 0x33, 0x45, 0x55, 0x44, 0x44, 0x56, 0x65, 0x54, 0x44, 0x44, 0x44, 0x43, 0x34, 0x44, 
	0x33, 0x44, 0x33, 0x44, 0x44, 0x33, 0x33, 0x34, 0x44, 0x33, 0x45, 0x55, 0x55, 0x44, 0x44, 
	0x44, 0x44, 0x44, 0x44, 0x33, 0x33, 0x58, 0xAA, 0xAB, 0xBC, 0xCC, 0xCC, 0xCC, 0xCC, 0xCC, 
	0xCD, 0xCC, 0xCC, 0xDD, 0xDD, 0xCC, 0xCC, 0xCC, 0xCC, 0xDD, 0xCC, 0xCC, 0xCC, 0xCC, 0xCC, 
	0xCC, 0xCC, 0xDC, 0xCC, 0xCC, 0xCC, 0xCC, 0xCC, 0xCC, 0xCD, 0xDD, 0xDD, 0xDD, 0xDD, 0xDD, 
	0xDD, 0xDD, 0xDC, 0xCC, 0xCC, 0xB9, 0x99, 0x99, 0x99, 0x99, 0x99, 0x99, 0x99, 0x89, 0x99, 
	0xBB, 0xCC, 0xBB, 0xBB, 0xCB, 0xAA, 0xAB, 0xCD, 0xEF, 0xFF, 0xFF, 0xFF, 0xFF, 0xFF, 0xFF, 
	0xFF, 0xFF, 0xFF, 0xFF, 0xFF, 0xFF, 0xFF, 0xFF, 0xFF, 0xFF, 0xFF, 0xFF, 0xFF, 0xFF, 0xFF, 
	0xFF, 0xFF, 0xFF, 0xFF, 0xFF, 0xFF, 0xFF, 0xFE, 0xDA, 0x88, 0x87, 0x88, 0x78, 0x87, 0x77, 
	0x77, 0x77, 0x76, 0x77, 0x66, 0x66, 0x66, 0x66, 0x66, 0x65, 0x55, 0x55, 0x55, 0x44, 0x45, 
	0x45, 0x44, 0x44, 0x44, 0x33, 0x34, 0x43, 0x33, 0x33, 0x33, 0x33, 0x33, 0x33, 0x34, 0x44, 
	0x33, 0x33, 0x44, 0x45, 0x55, 0x55, 0x44, 0x44, 0x44, 0x33, 0x44, 0x44, 0x44, 0x44, 0x55, 
	0x44, 0x45, 0x44, 0x45, 0x54, 0x45, 0x44, 0x44, 0x56, 0x66, 0x54, 0x44, 0x54, 0x44, 0x45, 
	0x54, 0x45, 0x56, 0x55, 0x69, 0x96, 0x44, 0x43, 0x44, 0x33, 0x46, 0x77, 0x66, 0x43, 0x34, 
	0x8C, 0xCB, 0xAA, 0xBA, 0xBB, 0xBB, 0xAA, 0xAA, 0xBB, 0xBC, 0xA5, 0x33, 0x33, 0x33, 0x39, 
	0xCD, 0xDD, 0xCC, 0xCC, 0xCC, 0xBB, 0xBC, 0xCC, 0xCA, 0xAB, 0xCB, 0xBC, 0xCB, 0xBC, 0x95, 
	0x43, 0x33, 0x33, 0x33, 0x33, 0x33, 0x33, 0x33, 0x44, 0x33, 0x34, 0x43, 0x35, 0x8B, 0xCD, 
	0xDA, 0x53, 0x44, 0x44, 0x44, 0x44, 0x44, 0x44, 0x44, 0x44, 0x44, 0x44, 0x44, 0x44, 0x44, 
	0x55, 0x55, 0x55, 0x44, 0x44, 0x45, 0x54, 0x55, 0x55, 0x54, 0x55, 0x56, 0x66, 0x55, 0x55, 
	0x66, 0x66, 0x55, 0x56, 0x66, 0x45, 0x56, 0x66, 0x44, 0x44, 0x33, 0x34, 0x44, 0x44, 0x44, 
	0x44, 0x44, 0x45, 0x55, 0x54, 0x44, 0x55, 0x65, 0x55, 0x55, 0x54, 0x44, 0x43, 0x33, 0x33, 
	0x33, 0x44, 0x33, 0x44, 0x44, 0x43, 0x33, 0x44, 0x44, 0x33, 0x44, 0x55, 0x54, 0x44, 0x44, 
	0x44, 0x44, 0x44, 0x33, 0x33, 0x34, 0x79, 0xAA, 0xAB, 0xBC, 0xCC, 0xCC, 0xCC, 0xCC, 0xCC, 
	0xCC, 0xCC, 0xCC, 0xDD, 0xDD, 0xCD, 0xDD, 0xCC, 0xCD, 0xDD, 0xCC, 0xCC, 0xCC, 0xCC, 0xCC, 
	0xCC, 0xCC, 0xCC, 0xCC, 0xCC, 0xCC, 0xCC, 0xCC, 0xCC, 0xCC, 0xCD, 0xCC, 0xDD, 0xDD, 0xDD, 
	0xDD, 0xDD, 0xCC, 0xCB, 0xBB, 0xA9, 0x98, 0x99, 0x99, 0x99, 0x99, 0x99, 0x99, 0x89, 0x99, 
	0xBB, 0xCD, 0xCB, 0xBC, 0xCB, 0xBB, 0xCD, 0xEF, 0xFF, 0xFF, 0xFF, 0xFF, 0xFF, 0xFF, 0xFF, 
	0xFF, 0xFF, 0xFF, 0xFF, 0xFF, 0xFF, 0xFF, 0xFF, 0xFF, 0xFF, 0xFF, 0xFF, 0xFF, 0xFF, 0xFF, 
	0xFF, 0xFF, 0xFF, 0xFF, 0xFF, 0xFF, 0xFF, 0xFD, 0xB9, 0x78, 0x88, 0x88, 0x78, 0x87, 0x77, 
	0x77, 0x77, 0x77, 0x77, 0x66, 0x65, 0x66, 0x66, 0x66, 0x55, 0x55, 0x55, 0x55, 0x54, 0x44, 
	0x44, 0x44, 0x44, 0x44, 0x44, 0x44, 0x43, 0x33, 0x33, 0x33, 0x33, 0x33, 0x33, 0x44, 0x33, 
	0x33, 0x33, 0x44, 0x45, 0x65, 0x44, 0x44, 0x44, 0x43, 0x33, 0x44, 0x44, 0x44, 0x44, 0x44, 
	0x44, 0x44, 0x45, 0x54, 0x44, 0x44, 0x44, 0x55, 0x66, 0x55, 0x44, 0x44, 0x44, 0x44, 0x44, 
	0x44, 0x55, 0x55, 0x46, 0x88, 0x74, 0x34, 0x44, 0x43, 0x34, 0x45, 0x55, 0x44, 0x43, 0x34, 
	0x8C, 0xCB, 0xBB, 0xBB, 0xBB, 0xBB, 0xBA, 0xAB, 0xBB, 0xCC, 0xA5, 0x33, 0x34, 0x33, 0x39, 
	0xDD, 0xDC, 0xCC, 0xCC, 0xCC, 0xCB, 0xCC, 0xCC, 0xB9, 0x8A, 0xCC, 0xCC, 0xCB, 0xBB, 0xA7, 
	0x56, 0x54, 0x33, 0x33, 0x33, 0x34, 0x33, 0x33, 0x44, 0x44, 0x44, 0x43, 0x34, 0x7B, 0xCD, 
	0xDA, 0x53, 0x44, 0x44, 0x44, 0x44, 0x44, 0x44, 0x44, 0x44, 0x44, 0x44, 0x44, 0x44, 0x44, 
	0x55, 0x54, 0x45, 0x44, 0x44, 0x55, 0x44, 0x55, 0x55, 0x54, 0x55, 0x56, 0x66, 0x65, 0x55, 
	0x55, 0x66, 0x65, 0x55, 0x66, 0x55, 0x55, 0x66, 0x54, 0x44, 0x43, 0x44, 0x44, 0x54, 0x44, 
	0x45, 0x55, 0x54, 0x45, 0x54, 0x44, 0x55, 0x55, 0x55, 0x55, 0x54, 0x44, 0x43, 0x33, 0x33, 
	0x33, 0x44, 0x44, 0x44, 0x43, 0x44, 0x33, 0x33, 0x44, 0x33, 0x34, 0x44, 0x44, 0x44, 0x45, 
	0x54, 0x44, 0x43, 0x33, 0x34, 0x56, 0x8A, 0xAA, 0xBB, 0xBB, 0xCC, 0xCC, 0xCD, 0xDD, 0xCC, 
	0xCC, 0xCC, 0xCC, 0xCD, 0xDD, 0xDD, 0xDD, 0xCC, 0xCD, 0xDD, 0xCC, 0xCC, 0xCC, 0xCC, 0xCC, 
	0xCC, 0xCC, 0xCC, 0xCC, 0xCC, 0xCC, 0xCC, 0xCD, 0xCC, 0xCC, 0xCC, 0xCC, 0xCD, 0xDD, 0xDD, 
	0xDD, 0xDC, 0xCB, 0xAA, 0xAA, 0x98, 0x88, 0x99, 0x99, 0x88, 0x99, 0x99, 0x99, 0x89, 0x99, 
	0xBB, 0xBC, 0xCB, 0xBC, 0xCC, 0xDD, 0xEF, 0xFF, 0xFF, 0xFF, 0xFF, 0xFF, 0xFF, 0xFF, 0xFF, 
	0xFF, 0xFF, 0xFF, 0xFF, 0xFF, 0xFF, 0xFF, 0xFF, 0xFF, 0xFF, 0xFF, 0xFF, 0xFF, 0xFF, 0xFF, 
	0xFF, 0xFF, 0xFF, 0xFF, 0xFF, 0xFF, 0xFF, 0xDB, 0xA8, 0x88, 0x88, 0x88, 0x77, 0x77, 0x77, 
	0x77, 0x76, 0x77, 0x76, 0x66, 0x65, 0x66, 0x66, 0x65, 0x55, 0x55, 0x55, 0x45, 0x55, 0x44, 
	0x44, 0x44, 0x44, 0x44, 0x44, 0x44, 0x33, 0x33, 0x33, 0x33, 0x33, 0x33, 0x33, 0x43, 0x33, 
	0x33, 0x33, 0x44, 0x56, 0x54, 0x44, 0x44, 0x44, 0x43, 0x33, 0x44, 0x44, 0x44, 0x44, 0x44, 
	0x44, 0x44, 0x55, 0x54, 0x44, 0x44, 0x45, 0x67, 0x65, 0x45, 0x54, 0x45, 0x44, 0x44, 0x44, 
	0x44, 0x56, 0x55, 0x68, 0x86, 0x44, 0x44, 0x44, 0x44, 0x45, 0x55, 0x44, 0x44, 0x33, 0x34, 
	0x8C, 0xCC, 0xBB, 0xBB, 0xBB, 0xBB, 0xBA, 0xAA, 0xBB, 0xCC, 0xA5, 0x33, 0x44, 0x43, 0x39, 
	0xCD, 0xDC, 0xCC, 0xCC, 0xCC, 0xCB, 0xCC, 0xCC, 0xB9, 0x79, 0xCC, 0xCB, 0xCB, 0xBB, 0xA8, 
	0x78, 0x76, 0x54, 0x33, 0x33, 0x33, 0x33, 0x34, 0x44, 0x44, 0x44, 0x44, 0x34, 0x6B, 0xCD, 
	0xD9, 0x54, 0x44, 0x44, 0x44, 0x44, 0x44, 0x44, 0x44, 0x44, 0x44, 0x44, 0x44, 0x44, 0x44, 
	0x55, 0x54, 0x44, 0x44, 0x44, 0x55, 0x44, 0x55, 0x55, 0x55, 0x55, 0x55, 0x56, 0x66, 0x55, 
	0x55, 0x66, 0x65, 0x45, 0x66, 0x55, 0x44, 0x56, 0x54, 0x33, 0x44, 0x43, 0x34, 0x55, 0x44, 
	0x45, 0x55, 0x55, 0x45, 0x54, 0x44, 0x55, 0x55, 0x55, 0x55, 0x44, 0x44, 0x43, 0x33, 0x23, 
	0x33, 0x33, 0x44, 0x44, 0x33, 0x44, 0x33, 0x33, 0x34, 0x43, 0x33, 0x34, 0x44, 0x44, 0x44, 
	0x44, 0x44, 0x43, 0x33, 0x35, 0x77, 0x89, 0xAB, 0xBB, 0xBC, 0xCC, 0xCC, 0xCD, 0xDC, 0xCC, 
	0xCC, 0xCC, 0xCC, 0xCD, 0xDD, 0xDD, 0xDD, 0xCC, 0xCC, 0xDD, 0xDD, 0xCC, 0xCC, 0xCC, 0xCC, 
	0xCB, 0xCC, 0xCC, 0xCC, 0xCC, 0xCC, 0xCC, 0xCC, 0xCC, 0xCC, 0xCC, 0xCC, 0xCC, 0xCC, 0xCC, 
	0xCC, 0xCC, 0xCB, 0xA9, 0x99, 0x88, 0x88, 0x99, 0x99, 0x88, 0x89, 0x99, 0x99, 0x89, 0x99, 
	0xBA, 0xAB, 0xCB, 0xBC, 0xDE, 0xEF, 0xFF, 0xFF, 0xFF, 0xFF, 0xFF, 0xFF, 0xFF, 0xFF, 0xFF, 
	0xFF, 0xFF, 0xFF, 0xFF, 0xFF, 0xFF, 0xFF, 0xFF, 0xFF, 0xFF, 0xFF, 0xFF, 0xFF, 0xFF, 0xFF, 
	0xFF, 0xFF, 0xFF, 0xFF, 0xFF, 0xFF, 0xFF, 0xC9, 0x98, 0x88, 0x87, 0x77, 0x77, 0x77, 0x67, 
	0x77, 0x76, 0x66, 0x66, 0x66, 0x66, 0x66, 0x55, 0x55, 0x55, 0x55, 0x54, 0x44, 0x55, 0x44, 
	0x44, 0x44, 0x44, 0x44, 0x44, 0x43, 0x33, 0x33, 0x43, 0x33, 0x33, 0x33, 0x44, 0x43, 0x33, 
	0x43, 0x33, 0x45, 0x55, 0x43, 0x44, 0x44, 0x43, 0x33, 0x34, 0x44, 0x44, 0x44, 0x44, 0x44, 
	0x44, 0x44, 0x55, 0x44, 0x44, 0x44, 0x46, 0x76, 0x54, 0x45, 0x54, 0x45, 0x44, 0x45, 0x45, 
	0x55, 0x65, 0x56, 0x89, 0x75, 0x34, 0x44, 0x44, 0x44, 0x55, 0x54, 0x44, 0x33, 0x43, 0x34, 
	0x8C, 0xCC, 0xCC, 0xBB, 0xBB, 0xBB, 0xBB, 0xAA, 0xBB, 0xCC, 0xA5, 0x33, 0x44, 0x43, 0x39, 
	0xCD, 0xDC, 0xCC, 0xCC, 0xCC, 0xCB, 0xBC, 0xBC, 0xC9, 0x78, 0xBC, 0xCB, 0xCB, 0xBB, 0xA9, 
	0x99, 0x98, 0x76, 0x43, 0x33, 0x33, 0x33, 0x44, 0x44, 0x44, 0x44, 0x44, 0x33, 0x6B, 0xCD, 
	0xC9, 0x43, 0x44, 0x44, 0x44, 0x44, 0x44, 0x44, 0x44, 0x44, 0x44, 0x44, 0x44, 0x44, 0x44, 
	0x55, 0x54, 0x44, 0x44, 0x45, 0x55, 0x55, 0x55, 0x55, 0x55, 0x55, 0x55, 0x56, 0x76, 0x65, 
	0x45, 0x56, 0x66, 0x54, 0x55, 0x65, 0x44, 0x45, 0x55, 0x43, 0x34, 0x43, 0x34, 0x44, 0x55, 
	0x55, 0x66, 0x56, 0x55, 0x55, 0x55, 0x44, 0x55, 0x55, 0x55, 0x54, 0x44, 0x44, 0x33, 0x23, 
	0x33, 0x33, 0x34, 0x44, 0x43, 0x44, 0x33, 0x33, 0x44, 0x33, 0x33, 0x34, 0x44, 0x44, 0x44, 
	0x44, 0x44, 0x44, 0x33, 0x46, 0x88, 0x99, 0xAB, 0xCC, 0xCC, 0xCC, 0xCC, 0xCC, 0xCC, 0xCC, 
	0xCC, 0xCC, 0xCC, 0xCD, 0xDD, 0xDD, 0xDD, 0xCC, 0xCC, 0xDD, 0xDD, 0xCC, 0xCC, 0xCC, 0xCC, 
	0xCC, 0xCB, 0xCC, 0xCC, 0xCC, 0xCC, 0xCC, 0xCC, 0xCC, 0xCC, 0xCC, 0xCC, 0xCC, 0xCC, 0xCC, 
	0xCC, 0xCC, 0xBB, 0xA9, 0x99, 0x88, 0x88, 0x99, 0x99, 0x98, 0x88, 0x99, 0x99, 0x99, 0x99, 
	0xAA, 0xAB, 0xCC, 0xDE, 0xFF, 0xFF, 0xFF, 0xFF, 0xFF, 0xFF, 0xFF, 0xFF, 0xFF, 0xFF, 0xFF, 
	0xFF, 0xFF, 0xFF, 0xFF, 0xFF, 0xFF, 0xFF, 0xFF, 0xFF, 0xFF, 0xFF, 0xFF, 0xFF, 0xFF, 0xFF, 
	0xFF, 0xFF, 0xFF, 0xFF, 0xFF, 0xFF, 0xFE, 0xC9, 0x88, 0x88, 0x77, 0x77, 0x77, 0x77, 0x67, 
	0x77, 0x76, 0x66, 0x66, 0x66, 0x66, 0x65, 0x55, 0x55, 0x55, 0x55, 0x55, 0x44, 0x44, 0x44, 
	0x44, 0x44, 0x44, 0x44, 0x44, 0x33, 0x33, 0x33, 0x44, 0x33, 0x33, 0x34, 0x43, 0x33, 0x33, 
	0x43, 0x34, 0x55, 0x54, 0x33, 0x44, 0x44, 0x44, 0x43, 0x44, 0x44, 0x44, 0x44, 0x44, 0x44, 
	0x44, 0x55, 0x54, 0x45, 0x44, 0x45, 0x56, 0x65, 0x44, 0x45, 0x54, 0x44, 0x44, 0x44, 0x45, 
	0x66, 0x65, 0x67, 0x97, 0x54, 0x44, 0x44, 0x44, 0x45, 0x55, 0x54, 0x44, 0x43, 0x43, 0x34, 
	0x8C, 0xDC, 0xCC, 0xBB, 0xCB, 0xBB, 0xBB, 0xBB, 0xBC, 0xCC, 0xA5, 0x33, 0x44, 0x33, 0x3A, 
	0xDD, 0xCC, 0xBC, 0xCC, 0xCC, 0xBB, 0xBC, 0xBC, 0xC9, 0x78, 0xAC, 0xCC, 0xCC, 0xCB, 0xA9, 
	0x99, 0x99, 0x87, 0x54, 0x33, 0x33, 0x33, 0x44, 0x44, 0x44, 0x44, 0x43, 0x33, 0x6B, 0xCC, 
	0xC8, 0x43, 0x44, 0x44, 0x44, 0x44, 0x44, 0x44, 0x44, 0x44, 0x44, 0x44, 0x44, 0x44, 0x44, 
	0x45, 0x55, 0x44, 0x44, 0x45, 0x55, 0x55, 0x55, 0x55, 0x55, 0x55, 0x55, 0x56, 0x77, 0x65, 
	0x45, 0x55, 0x66, 0x55, 0x45, 0x65, 0x54, 0x44, 0x45, 0x44, 0x33, 0x44, 0x33, 0x44, 0x55, 
	0x56, 0x66, 0x56, 0x65, 0x56, 0x65, 0x44, 0x55, 0x55, 0x55, 0x55, 0x43, 0x33, 0x33, 0x33, 
	0x33, 0x33, 0x33, 0x44, 0x44, 0x44, 0x43, 0x44, 0x43, 0x33, 0x33, 0x34, 0x44, 0x44, 0x44, 
	0x44, 0x44, 0x44, 0x43, 0x46, 0x88, 0x99, 0xAB, 0xCC, 0xCC, 0xCC, 0xCC, 0xCC, 0xCC, 0xCC, 
	0xCC, 0xCC, 0xCC, 0xDD, 0xDD, 0xDD, 0xDC, 0xCC, 0xCC, 0xCD, 0xDD, 0xDC, 0xCC, 0xCC, 0xCC, 
	0xCC, 0xCC, 0xCC, 0xCC, 0xCC, 0xCC, 0xCC, 0xCC, 0xCC, 0xCC, 0xCC, 0xCC, 0xCB, 0xBC, 0xCC, 
	0xCC, 0xCC, 0xBB, 0xAA, 0x99, 0x88, 0x88, 0x99, 0x99, 0x99, 0x88, 0x99, 0x99, 0x99, 0x99, 
	0xBB, 0xBC, 0xDE, 0xEF, 0xFF, 0xFF, 0xFF, 0xFF, 0xFF, 0xFF, 0xFF, 0xFF, 0xFF, 0xFF, 0xFF, 
	0xFF, 0xFF, 0xFF, 0xFF, 0xFF, 0xFF, 0xFF, 0xFF, 0xFF, 0xFF, 0xFF, 0xFF, 0xFF, 0xFF, 0xFF, 
	0xFF, 0xFF, 0xFF, 0xFF, 0xFF, 0xFF, 0xFF, 0xCA, 0x88, 0x88, 0x77, 0x77, 0x77, 0x77, 0x77, 
	0x77, 0x76, 0x66, 0x66, 0x66, 0x66, 0x55, 0x55, 0x55, 0x55, 0x55, 0x55, 0x55, 0x44, 0x44, 
	0x44, 0x44, 0x44, 0x44, 0x44, 0x33, 0x33, 0x33, 0x34, 0x43, 0x33, 0x44, 0x33, 0x33, 0x33, 
	0x34, 0x45, 0x54, 0x44, 0x34, 0x44, 0x44, 0x44, 0x43, 0x34, 0x44, 0x44, 0x44, 0x44, 0x44, 
	0x44, 0x55, 0x54, 0x45, 0x44, 0x56, 0x66, 0x54, 0x34, 0x45, 0x54, 0x44, 0x44, 0x44, 0x45, 
	0x66, 0x56, 0x78, 0x85, 0x34, 0x44, 0x44, 0x44, 0x45, 0x55, 0x44, 0x44, 0x44, 0x44, 0x34, 
	0x8C, 0xDC, 0xCC, 0xBC, 0xCB, 0xBB, 0xBB, 0xBB, 0xBC, 0xCC, 0xA5, 0x33, 0x44, 0x33, 0x4A, 
	0xDD, 0xCC, 0xCC, 0xCB, 0xBC, 0xBC, 0xCC, 0xCC, 0xBA, 0x99, 0xAB, 0xCC, 0xCC, 0xCC, 0xBA, 
	0xAA, 0xAA, 0x99, 0x86, 0x43, 0x33, 0x34, 0x44, 0x44, 0x44, 0x44, 0x33, 0x35, 0x8B, 0xCC, 
	0xC8, 0x43, 0x44, 0x44, 0x44, 0x44, 0x44, 0x44, 0x44, 0x44, 0x44, 0x44, 0x44, 0x44, 0x44, 
	0x45, 0x55, 0x44, 0x44, 0x45, 0x55, 0x55, 0x55, 0x55, 0x55, 0x55, 0x55, 0x55, 0x66, 0x65, 
	0x55, 0x54, 0x56, 0x65, 0x44, 0x55, 0x54, 0x43, 0x44, 0x54, 0x43, 0x44, 0x43, 0x44, 0x55, 
	0x55, 0x56, 0x56, 0x66, 0x66, 0x66, 0x54, 0x55, 0x54, 0x54, 0x44, 0x43, 0x33, 0x33, 0x33, 
	0x32, 0x22, 0x33, 0x34, 0x44, 0x44, 0x44, 0x44, 0x43, 0x33, 0x33, 0x34, 0x44, 0x44, 0x44, 
	0x44, 0x34, 0x45, 0x44, 0x57, 0x89, 0x9A, 0xAA, 0xBC, 0xCC, 0xCC, 0xCC, 0xCC, 0xCC, 0xCC, 
	0xCC, 0xCC, 0xCC, 0xDD, 0xDC, 0xCC, 0xCC, 0xCC, 0xCC, 0xCD, 0xDD, 0xDC, 0xCB, 0xCB, 0xCC, 
	0xCC, 0xCC, 0xCC, 0xCC, 0xCC, 0xCB, 0xBB, 0xCC, 0xCC, 0xCB, 0xBB, 0xBC, 0xBB, 0xBC, 0xCC, 
	0xCC, 0xCB, 0xBA, 0xA9, 0x99, 0x88, 0x89, 0x99, 0x89, 0x99, 0x88, 0x99, 0x99, 0x99, 0x99, 
	0xDD, 0xDE, 0xEF, 0xFF, 0xFF, 0xFF, 0xFF, 0xFF, 0xFF, 0xFF, 0xFF, 0xFF, 0xFF, 0xFF, 0xFF, 
	0xFF, 0xFF, 0xFF, 0xFF, 0xFF, 0xFF, 0xFF, 0xFF, 0xFF, 0xFF, 0xFF, 0xFF, 0xFF, 0xFF, 0xFF, 
	0xFF, 0xFF, 0xFF, 0xFF, 0xFF, 0xFF, 0xFF, 0xDA, 0x88, 0x88, 0x77, 0x77, 0x77, 0x77, 0x77, 
	0x77, 0x66, 0x66, 0x66, 0x66, 0x66, 0x55, 0x55, 0x55, 0x55, 0x54, 0x45, 0x55, 0x44, 0x44, 
	0x44, 0x43, 0x33, 0x34, 0x44, 0x33, 0x33, 0x33, 0x34, 0x43, 0x33, 0x33, 0x34, 0x33, 0x33, 
	0x34, 0x55, 0x43, 0x34, 0x33, 0x44, 0x44, 0x44, 0x43, 0x33, 0x44, 0x44, 0x44, 0x44, 0x44, 
	0x45, 0x44, 0x54, 0x55, 0x45, 0x66, 0x65, 0x44, 0x44, 0x44, 0x55, 0x44, 0x44, 0x44, 0x56, 
	0x65, 0x57, 0x88, 0x64, 0x34, 0x44, 0x43, 0x44, 0x55, 0x54, 0x44, 0x44, 0x44, 0x44, 0x33, 
	0x7B, 0xDD, 0xCC, 0xCC, 0xCC, 0xBB, 0xBB, 0xBC, 0xCC, 0xCC, 0x95, 0x33, 0x44, 0x33, 0x4A, 
	0xDD, 0xCC, 0xCC, 0xCB, 0xBC, 0xBC, 0xCC, 0xCC, 0xBA, 0xA9, 0xAA, 0xBC, 0xCD, 0xDC, 0xCB, 
	0xBA, 0xAA, 0xAA, 0x97, 0x53, 0x34, 0x44, 0x44, 0x44, 0x44, 0x44, 0x34, 0x58, 0xAB, 0xCC, 
	0xB7, 0x43, 0x44, 0x44, 0x44, 0x44, 0x44, 0x44, 0x44, 0x44, 0x44, 0x44, 0x44, 0x44, 0x44, 
	0x45, 0x55, 0x55, 0x54, 0x45, 0x55, 0x55, 0x55, 0x55, 0x55, 0x55, 0x55, 0x55, 0x56, 0x66, 
	0x55, 0x54, 0x55, 0x55, 0x45, 0x55, 0x54, 0x43, 0x33, 0x55, 0x53, 0x34, 0x44, 0x44, 0x55, 
	0x55, 0x56, 0x66, 0x56, 0x65, 0x66, 0x55, 0x55, 0x44, 0x44, 0x44, 0x44, 0x33, 0x33, 0x33, 
	0x33, 0x22, 0x22, 0x34, 0x44, 0x44, 0x44, 0x44, 0x33, 0x34, 0x33, 0x33, 0x43, 0x34, 0x44, 
	0x44, 0x33, 0x44, 0x55, 0x67, 0x99, 0xAA, 0xAA, 0xBB, 0xCC, 0xCC, 0xCC, 0xCC, 0xCC, 0xCC, 
	0xCC, 0xCC, 0xCC, 0xCD, 0xDD, 0xCC, 0xCC, 0xCC, 0xCD, 0xCC, 0xDD, 0xCC, 0xCB, 0xBB, 0xBC, 
	0xCC, 0xCB, 0xBB, 0xCC, 0xBB, 0xBB, 0xBB, 0xBB, 0xCC, 0xCB, 0xBB, 0xBB, 0xBB, 0xBC, 0xCC, 
	0xCC, 0xCB, 0xAA, 0x99, 0x99, 0x88, 0x99, 0x98, 0x88, 0x99, 0x98, 0x99, 0x99, 0x99, 0x99, 
	0xEF, 0xFF, 0xFF, 0xFF, 0xFF, 0xFF, 0xFF, 0xFF, 0xFF, 0xFF, 0xFF, 0xFF, 0xFF, 0xFF, 0xFF, 
	0xFF, 0xFF, 0xFF, 0xFF, 0xFF, 0xFF, 0xFF, 0xFF, 0xFF, 0xFF, 0xFF, 0xFF, 0xFF, 0xFF, 0xFF, 
	0xFF, 0xFF, 0xFF, 0xFF, 0xFF, 0xFF, 0xFF, 0xDA, 0x88, 0x88, 0x77, 0x77, 0x77, 0x77, 0x77, 
	0x76, 0x66, 0x67, 0x66, 0x65, 0x55, 0x55, 0x55, 0x55, 0x55, 0x54, 0x44, 0x44, 0x44, 0x44, 
	0x44, 0x44, 0x33, 0x33, 0x43, 0x33, 0x33, 0x33, 0x33, 0x33, 0x34, 0x33, 0x33, 0x33, 0x33, 
	0x45, 0x54, 0x44, 0x33, 0x43, 0x34, 0x44, 0x44, 0x43, 0x33, 0x44, 0x44, 0x44, 0x44, 0x44, 
	0x54, 0x44, 0x44, 0x44, 0x56, 0x76, 0x54, 0x44, 0x54, 0x44, 0x55, 0x45, 0x44, 0x46, 0x76, 
	0x65, 0x68, 0x86, 0x44, 0x44, 0x44, 0x44, 0x45, 0x55, 0x44, 0x44, 0x44, 0x44, 0x44, 0x33, 
	0x6B, 0xDD, 0xDC, 0xCC, 0xCB, 0xCC, 0xBB, 0xBB, 0xBC, 0xCC, 0x95, 0x33, 0x44, 0x32, 0x3A, 
	0xDC, 0xCC, 0xCC, 0xCB, 0xBB, 0xBC, 0xCC, 0xCC, 0xBA, 0xAA, 0xAA, 0xAB, 0xCC, 0xCC, 0xCC, 
	0xCB, 0xAA, 0xAA, 0xA9, 0x63, 0x34, 0x44, 0x44, 0x44, 0x43, 0x44, 0x45, 0x8A, 0xBB, 0xBC, 
	0xA6, 0x34, 0x44, 0x44, 0x44, 0x44, 0x44, 0x44, 0x44, 0x44, 0x44, 0x44, 0x55, 0x54, 0x55, 
	0x54, 0x55, 0x55, 0x54, 0x55, 0x55, 0x55, 0x55, 0x55, 0x55, 0x55, 0x55, 0x55, 0x55, 0x66, 
	0x65, 0x54, 0x55, 0x55, 0x54, 0x45, 0x55, 0x33, 0x33, 0x45, 0x54, 0x33, 0x44, 0x45, 0x55, 
	0x55, 0x55, 0x56, 0x65, 0x66, 0x55, 0x55, 0x55, 0x44, 0x44, 0x44, 0x44, 0x44, 0x33, 0x33, 
	0x33, 0x22, 0x22, 0x23, 0x44, 0x43, 0x33, 0x33, 0x33, 0x44, 0x43, 0x33, 0x34, 0x44, 0x44, 
	0x44, 0x44, 0x45, 0x56, 0x88, 0x9A, 0xAA, 0xAA, 0xAA, 0xBB, 0xCC, 0xCC, 0xCC, 0xCC, 0xCC, 
	0xCC, 0xCC, 0xCC, 0xCC, 0xDD, 0xCC, 0xCC, 0xDD, 0xDD, 0xCC, 0xDD, 0xCC, 0xBB, 0xBA, 0xBB, 
	0xCC, 0xBB, 0xBB, 0xBC, 0xCB, 0xBA, 0xBB, 0xBB, 0xCC, 0xCB, 0xBB, 0xBB, 0xBB, 0xBC, 0xCB, 
	0xBB, 0xBB, 0xA9, 0x99, 0x99, 0x88, 0x99, 0x98, 0x88, 0x99, 0x88, 0x99, 0x99, 0x99, 0x98, 
	0xFF, 0xFF, 0xFF, 0xFF, 0xFF, 0xFF, 0xFF, 0xFF, 0xFF, 0xFF, 0xFF, 0xFF, 0xFF, 0xFF, 0xFF, 
	0xFF, 0xFF, 0xFF, 0xFF, 0xFF, 0xFF, 0xFF, 0xFF, 0xFF, 0xFF, 0xFF, 0xFF, 0xFF, 0xFF, 0xFF, 
	0xFF, 0xFF, 0xFF, 0xFF, 0xFF, 0xFF, 0xFF, 0xEC, 0x98, 0x77, 0x77, 0x77, 0x77, 0x77, 0x77, 
	0x66, 0x66, 0x66, 0x66, 0x55, 0x55, 0x55, 0x55, 0x55, 0x55, 0x55, 0x44, 0x44, 0x44, 0x44, 
	0x44, 0x43, 0x33, 0x44, 0x33, 0x33, 0x33, 0x33, 0x33, 0x44, 0x33, 0x33, 0x33, 0x33, 0x34, 
	0x55, 0x44, 0x44, 0x33, 0x43, 0x34, 0x44, 0x44, 0x43, 0x44, 0x44, 0x44, 0x44, 0x44, 0x44, 
	0x45, 0x54, 0x44, 0x44, 0x56, 0x65, 0x44, 0x45, 0x55, 0x54, 0x44, 0x44, 0x45, 0x56, 0x66, 
	0x56, 0x87, 0x65, 0x44, 0x44, 0x44, 0x44, 0x55, 0x54, 0x44, 0x44, 0x44, 0x44, 0x44, 0x43, 
	0x6B, 0xDD, 0xDC, 0xCC, 0xCC, 0xCC, 0xBB, 0xBB, 0xBC, 0xCC, 0x94, 0x33, 0x44, 0x33, 0x3A, 
	0xDC, 0xBC, 0xCB, 0xBB, 0xBB, 0xBB, 0xCC, 0xCC, 0xBA, 0xAA, 0xAA, 0xAB, 0xCD, 0xCC, 0xCD, 
	0xCC, 0xBB, 0xBA, 0xB9, 0x63, 0x33, 0x33, 0x34, 0x33, 0x33, 0x35, 0x67, 0xAB, 0xBB, 0xBB, 
	0x85, 0x44, 0x44, 0x44, 0x44, 0x44, 0x44, 0x44, 0x44, 0x44, 0x44, 0x44, 0x55, 0x55, 0x55, 
	0x54, 0x55, 0x54, 0x44, 0x55, 0x55, 0x55, 0x55, 0x55, 0x55, 0x55, 0x55, 0x55, 0x55, 0x56, 
	0x65, 0x54, 0x55, 0x55, 0x54, 0x45, 0x55, 0x43, 0x33, 0x35, 0x54, 0x33, 0x44, 0x45, 0x55, 
	0x55, 0x55, 0x56, 0x65, 0x65, 0x55, 0x55, 0x65, 0x44, 0x44, 0x44, 0x43, 0x44, 0x33, 0x33, 
	0x22, 0x22, 0x22, 0x23, 0x44, 0x44, 0x44, 0x44, 0x33, 0x34, 0x33, 0x44, 0x44, 0x44, 0x33, 
	0x34, 0x56, 0x65, 0x67, 0x89, 0x9A, 0xAA, 0xAA, 0xAA, 0xAB, 0xBC, 0xCC, 0xCC, 0xCC, 0xCC, 
	0xCC, 0xCC, 0xCC, 0xCD, 0xDD, 0xDC, 0xCC, 0xDD, 0xDD, 0xCC, 0xDD, 0xCC, 0xBA, 0xAA, 0xAB, 
	0xBB, 0xBB, 0xBA, 0xBB, 0xBB, 0xBA, 0xBB, 0xBB, 0xBB, 0xBB, 0xBB, 0xBB, 0xBB, 0xBC, 0xCB, 
	0xA9, 0xAA, 0x98, 0x88, 0x99, 0x98, 0x99, 0x99, 0x99, 0x99, 0x99, 0x99, 0x99, 0x99, 0x99, 
	0xFF, 0xFF, 0xFF, 0xFF, 0xFF, 0xFF, 0xFF, 0xFF, 0xFF, 0xFF, 0xFF, 0xFF, 0xFF, 0xFF, 0xFF, 
	0xFF, 0xFF, 0xFF, 0xFF, 0xFF, 0xFF, 0xFF, 0xFF, 0xFF, 0xFF, 0xFF, 0xFF, 0xFF, 0xFF, 0xFF, 
	0xFF, 0xFF, 0xFF, 0xFF, 0xFF, 0xFF, 0xFF, 0xED, 0xB7, 0x77, 0x77, 0x77, 0x77, 0x77, 0x66, 
	0x66, 0x66, 0x66, 0x65, 0x55, 0x56, 0x65, 0x55, 0x55, 0x55, 0x44, 0x44, 0x44, 0x44, 0x44, 
	0x44, 0x43, 0x33, 0x33, 0x33, 0x33, 0x33, 0x33, 0x33, 0x34, 0x33, 0x33, 0x33, 0x23, 0x44, 
	0x55, 0x43, 0x44, 0x33, 0x43, 0x34, 0x44, 0x44, 0x44, 0x44, 0x44, 0x44, 0x44, 0x44, 0x44, 
	0x44, 0x44, 0x44, 0x45, 0x65, 0x54, 0x44, 0x55, 0x55, 0x55, 0x44, 0x44, 0x46, 0x66, 0x66, 
	0x67, 0x86, 0x44, 0x44, 0x44, 0x44, 0x45, 0x55, 0x44, 0x44, 0x44, 0x44, 0x44, 0x44, 0x43, 
	0x6B, 0xDD, 0xDD, 0xCC, 0xCC, 0xCC, 0xBB, 0xBB, 0xBC, 0xCC, 0x84, 0x33, 0x44, 0x33, 0x4A, 
	0xCC, 0xBC, 0xCB, 0xBC, 0xBB, 0xBB, 0xBC, 0xCC, 0xBA, 0xAA, 0xAA, 0xAA, 0xCC, 0xCC, 0xDD, 
	0xDD, 0xCC, 0xCB, 0xBA, 0x74, 0x33, 0x33, 0x33, 0x34, 0x44, 0x57, 0x89, 0xAB, 0xBB, 0xCB, 
	0x74, 0x44, 0x44, 0x44, 0x44, 0x44, 0x44, 0x44, 0x44, 0x44, 0x44, 0x44, 0x44, 0x44, 0x55, 
	0x44, 0x44, 0x44, 0x44, 0x55, 0x55, 0x55, 0x55, 0x55, 0x55, 0x55, 0x55, 0x55, 0x54, 0x56, 
	0x66, 0x55, 0x54, 0x55, 0x55, 0x44, 0x55, 0x43, 0x33, 0x34, 0x55, 0x44, 0x44, 0x55, 0x56, 
	0x66, 0x66, 0x66, 0x55, 0x55, 0x55, 0x45, 0x55, 0x44, 0x44, 0x44, 0x43, 0x44, 0x43, 0x33, 
	0x22, 0x22, 0x22, 0x23, 0x34, 0x44, 0x44, 0x44, 0x43, 0x33, 0x33, 0x44, 0x43, 0x33, 0x33, 
	0x34, 0x67, 0x87, 0x78, 0x99, 0x99, 0xAA, 0xAA, 0xAA, 0xAA, 0xBC, 0xCC, 0xCC, 0xCC, 0xCC, 
	0xCC, 0xCC, 0xCC, 0xCD, 0xCC, 0xDD, 0xCD, 0xDD, 0xDD, 0xCD, 0xDC, 0xCC, 0xBA, 0xAA, 0xAB, 
	0xBB, 0xBB, 0xAA, 0xAA, 0xAA, 0xAA, 0xBB, 0xBB, 0xBB, 0xBB, 0xBB, 0xBB, 0xBC, 0xCC, 0xCA, 
	0x99, 0x99, 0x88, 0x88, 0x89, 0x99, 0x89, 0x99, 0x99, 0x98, 0x99, 0x99, 0x99, 0x99, 0x99, 
	0xFF, 0xFF, 0xFF, 0xFF, 0xFF, 0xFF, 0xFF, 0xFF, 0xFF, 0xFF, 0xFF, 0xFF, 0xFF, 0xFF, 0xFF, 
	0xFF, 0xFF, 0xFF, 0xFF, 0xFF, 0xFF, 0xFF, 0xFF, 0xFF, 0xFF, 0xFF, 0xFF, 0xFF, 0xFF, 0xFF, 
	0xFF, 0xFF, 0xFF, 0xFF, 0xFF, 0xFF, 0xFF, 0xFE, 0xC7, 0x77, 0x77, 0x77, 0x77, 0x77, 0x66, 
	0x66, 0x66, 0x66, 0x65, 0x55, 0x55, 0x55, 0x55, 0x55, 0x55, 0x44, 0x44, 0x44, 0x44, 0x44, 
	0x44, 0x43, 0x33, 0x33, 0x33, 0x33, 0x33, 0x33, 0x33, 0x33, 0x33, 0x33, 0x33, 0x23, 0x44, 
	0x43, 0x33, 0x34, 0x33, 0x44, 0x44, 0x44, 0x44, 0x44, 0x44, 0x44, 0x44, 0x44, 0x44, 0x44, 
	0x44, 0x44, 0x45, 0x56, 0x55, 0x44, 0x45, 0x54, 0x45, 0x55, 0x44, 0x44, 0x56, 0x65, 0x55, 
	0x78, 0x75, 0x43, 0x45, 0x44, 0x44, 0x55, 0x54, 0x44, 0x44, 0x44, 0x44, 0x44, 0x44, 0x44, 
	0x5A, 0xDD, 0xCD, 0xDC, 0xCC, 0xCC, 0xCC, 0xBB, 0xCC, 0xCC, 0x84, 0x33, 0x44, 0x33, 0x5A, 
	0xCC, 0xBB, 0xCB, 0xBC, 0xBB, 0xBB, 0xBC, 0xCC, 0xBA, 0xAA, 0xAA, 0xAA, 0xBB, 0xCC, 0xCC, 
	0xDD, 0xDD, 0xDC, 0xCB, 0xA7, 0x65, 0x55, 0x66, 0x66, 0x78, 0x9A, 0xAA, 0xAA, 0xBB, 0xCA, 
	0x53, 0x44, 0x44, 0x44, 0x44, 0x44, 0x44, 0x44, 0x44, 0x44, 0x44, 0x44, 0x44, 0x44, 0x45, 
	0x44, 0x45, 0x44, 0x44, 0x55, 0x55, 0x55, 0x55, 0x55, 0x55, 0x55, 0x54, 0x55, 0x54, 0x55, 
	0x66, 0x55, 0x54, 0x45, 0x55, 0x54, 0x44, 0x43, 0x33, 0x34, 0x55, 0x54, 0x44, 0x55, 0x56, 
	0x66, 0x66, 0x66, 0x55, 0x55, 0x55, 0x54, 0x56, 0x54, 0x44, 0x44, 0x43, 0x34, 0x44, 0x43, 
	0x22, 0x22, 0x22, 0x23, 0x34, 0x44, 0x44, 0x44, 0x44, 0x33, 0x33, 0x34, 0x33, 0x33, 0x33, 
	0x34, 0x68, 0x97, 0x89, 0x99, 0x99, 0xAA, 0xAA, 0xAA, 0xAA, 0xBC, 0xCC, 0xCC, 0xCC, 0xCC, 
	0xCC, 0xCC, 0xCC, 0xCC, 0xCC, 0xDD, 0xDD, 0xDD, 0xDD, 0xDD, 0xDC, 0xCC, 0xBB, 0xBA, 0xAA, 
	0xBB, 0xBB, 0xA9, 0x99, 0x99, 0xAA, 0xBB, 0xBA, 0xAA, 0xAA, 0xAB, 0xBB, 0xBC, 0xBC, 0xCB, 
	0xA9, 0x98, 0x88, 0x88, 0x89, 0x99, 0x88, 0x89, 0x99, 0x88, 0x89, 0x99, 0x99, 0x99, 0x99, 
	0xFF, 0xFF, 0xFF, 0xFF, 0xFF, 0xFF, 0xFF, 0xFF, 0xFF, 0xFF, 0xFF, 0xFF, 0xFF, 0xFF, 0xFF, 
	0xFF, 0xFF, 0xFF, 0xFF, 0xFF, 0xFF, 0xFF, 0xFF, 0xFF, 0xFF, 0xFF, 0xFF, 0xFF, 0xFF, 0xFF, 
	0xFF, 0xFF, 0xFF, 0xFF, 0xFF, 0xFF, 0xFF, 0xFE, 0xC8, 0x77, 0x77, 0x77, 0x77, 0x76, 0x66, 
	0x66, 0x66, 0x65, 0x66, 0x65, 0x55, 0x55, 0x55, 0x55, 0x55, 0x44, 0x44, 0x44, 0x44, 0x44, 
	0x44, 0x33, 0x33, 0x33, 0x33, 0x33, 0x33, 0x33, 0x33, 0x33, 0x33, 0x32, 0x23, 0x34, 0x44, 
	0x33, 0x33, 0x34, 0x34, 0x44, 0x44, 0x44, 0x44, 0x44, 0x44, 0x44, 0x44, 0x44, 0x44, 0x44, 
	0x44, 0x44, 0x56, 0x66, 0x54, 0x45, 0x45, 0x44, 0x45, 0x54, 0x44, 0x55, 0x66, 0x54, 0x46, 
	0x77, 0x54, 0x44, 0x45, 0x44, 0x45, 0x55, 0x54, 0x34, 0x44, 0x44, 0x44, 0x44, 0x44, 0x44, 
	0x5A, 0xDD, 0xDD, 0xDD, 0xCC, 0xCC, 0xCC, 0xBC, 0xCC, 0xCC, 0x84, 0x33, 0x44, 0x43, 0x5A, 
	0xCC, 0xBB, 0xBB, 0xBB, 0xBB, 0xBB, 0xBC, 0xCC, 0xBB, 0xAA, 0xAA, 0xAA, 0xAA, 0xCC, 0xDC, 
	0xCD, 0xDD, 0xDD, 0xDD, 0xCB, 0xA9, 0x99, 0x99, 0x9A, 0xAA, 0xAB, 0xBA, 0xAA, 0xBB, 0xC8, 
	0x43, 0x44, 0x44, 0x44, 0x44, 0x44, 0x44, 0x44, 0x44, 0x44, 0x44, 0x44, 0x44, 0x44, 0x44, 
	0x44, 0x55, 0x55, 0x55, 0x55, 0x55, 0x55, 0x55, 0x55, 0x55, 0x55, 0x55, 0x45, 0x55, 0x55, 
	0x56, 0x55, 0x55, 0x44, 0x45, 0x53, 0x34, 0x44, 0x43, 0x33, 0x45, 0x55, 0x54, 0x55, 0x66, 
	0x66, 0x66, 0x66, 0x55, 0x55, 0x55, 0x54, 0x45, 0x65, 0x44, 0x44, 0x43, 0x33, 0x34, 0x54, 
	0x32, 0x22, 0x22, 0x23, 0x34, 0x44, 0x44, 0x44, 0x44, 0x43, 0x44, 0x34, 0x33, 0x33, 0x33, 
	0x35, 0x78, 0x87, 0x89, 0x99, 0x99, 0xAA, 0xAA, 0xAA, 0xAA, 0xBC, 0xCC, 0xCC, 0xCC, 0xCC, 
	0xCC, 0xCC, 0xDD, 0xCC, 0xDD, 0xDD, 0xDD, 0xDD, 0xDD, 0xDD, 0xDD, 0xDD, 0xCC, 0xBB, 0xAA, 
	0xAB, 0xBA, 0xA9, 0x99, 0x99, 0xAA, 0xBB, 0xAA, 0xAA, 0xA9, 0xAA, 0xBB, 0xBB, 0xAA, 0xBA, 
	0xA9, 0x99, 0x99, 0x98, 0x88, 0x88, 0x88, 0x88, 0x99, 0x99, 0x99, 0x99, 0x99, 0x99, 0x99, 
	0xFF, 0xFF, 0xFF, 0xFF, 0xFF, 0xFF, 0xFF, 0xFF, 0xFF, 0xFF, 0xFF, 0xFF, 0xFF, 0xFF, 0xFF, 
	0xFF, 0xFF, 0xFF, 0xFF, 0xFF, 0xFF, 0xFF, 0xFF, 0xFF, 0xFF, 0xFF, 0xFF, 0xFF, 0xFF, 0xFF, 
	0xFF, 0xFF, 0xFF, 0xFF, 0xFF, 0xFF, 0xFF, 0xFF, 0xD9, 0x87, 0x77, 0x77, 0x77, 0x76, 0x66, 
	0x66, 0x66, 0x65, 0x66, 0x66, 0x55, 0x55, 0x55, 0x54, 0x44, 0x55, 0x54, 0x44, 0x44, 0x44, 
	0x44, 0x33, 0x33, 0x33, 0x33, 0x33, 0x33, 0x33, 0x33, 0x33, 0x33, 0x32, 0x23, 0x44, 0x43, 
	0x33, 0x33, 0x34, 0x44, 0x44, 0x44, 0x44, 0x44, 0x44, 0x44, 0x44, 0x44, 0x44, 0x44, 0x44, 
	0x44, 0x45, 0x66, 0x65, 0x44, 0x44, 0x44, 0x44, 0x45, 0x44, 0x44, 0x56, 0x76, 0x54, 0x67, 
	0x75, 0x44, 0x45, 0x44, 0x44, 0x55, 0x55, 0x54, 0x34, 0x44, 0x44, 0x44, 0x44, 0x44, 0x44, 
	0x5A, 0xDD, 0xDD, 0xDD, 0xCC, 0xCC, 0xCC, 0xBC, 0xCD, 0xDC, 0x84, 0x33, 0x44, 0x33, 0x6A, 
	0xCC, 0xBB, 0xBB, 0xBB, 0xBB, 0xBB, 0xBC, 0xCC, 0xBB, 0xAA, 0xAA, 0xAA, 0xAA, 0xBC, 0xCC, 
	0xCC, 0xCC, 0xDD, 0xDD, 0xDD, 0xDC, 0xCC, 0xCB, 0xBB, 0xBB, 0xAA, 0xAA, 0xAA, 0xBB, 0xB7, 
	0x44, 0x44, 0x44, 0x44, 0x44, 0x44, 0x44, 0x44, 0x44, 0x44, 0x44, 0x44, 0x44, 0x44, 0x44, 
	0x44, 0x55, 0x55, 0x55, 0x55, 0x55, 0x55, 0x55, 0x55, 0x55, 0x55, 0x55, 0x45, 0x55, 0x55, 
	0x55, 0x65, 0x55, 0x54, 0x44, 0x53, 0x23, 0x44, 0x43, 0x33, 0x34, 0x56, 0x65, 0x55, 0x66, 
	0x66, 0x66, 0x66, 0x65, 0x55, 0x55, 0x54, 0x45, 0x55, 0x44, 0x33, 0x33, 0x33, 0x34, 0x54, 
	0x33, 0x22, 0x22, 0x22, 0x34, 0x44, 0x43, 0x44, 0x44, 0x44, 0x44, 0x44, 0x33, 0x33, 0x33, 
	0x46, 0x98, 0x88, 0x89, 0x99, 0x9A, 0xAA, 0xAA, 0xAA, 0xAA, 0xAB, 0xBB, 0xBC, 0xCC, 0xCC, 
	0xCC, 0xCD, 0xDD, 0xDD, 0xDD, 0xDD, 0xDD, 0xDD, 0xDD, 0xDD, 0xDD, 0xDD, 0xDC, 0xCC, 0xBB, 
	0xBB, 0xBA, 0xA9, 0xAA, 0xAA, 0xAA, 0xAA, 0xAA, 0xAA, 0x99, 0x9A, 0xAB, 0xBA, 0x99, 0x98, 
	0x99, 0x98, 0x99, 0x99, 0x88, 0x99, 0x88, 0x89, 0x99, 0x99, 0x99, 0x99, 0x99, 0x99, 0x99, 
	0xFF, 0xFF, 0xFF, 0xFF, 0xFF, 0xFF, 0xFF, 0xFF, 0xFF, 0xFF, 0xFF, 0xFF, 0xFF, 0xFF, 0xFF, 
	0xFF, 0xFF, 0xFF, 0xFF, 0xFF, 0xFF, 0xFF, 0xFF, 0xFF, 0xFF, 0xFF, 0xFF, 0xFF, 0xFF, 0xFF, 
	0xFF, 0xFF, 0xFF, 0xFF, 0xFF, 0xFF, 0xFF, 0xFF, 0xDB, 0x87, 0x77, 0x77, 0x77, 0x76, 0x66, 
	0x66, 0x66, 0x66, 0x66, 0x66, 0x55, 0x55, 0x55, 0x54, 0x44, 0x45, 0x44, 0x44, 0x44, 0x44, 
	0x44, 0x33, 0x33, 0x33, 0x33, 0x33, 0x33, 0x33, 0x33, 0x33, 0x33, 0x32, 0x34, 0x44, 0x32, 
	0x33, 0x33, 0x33, 0x44, 0x44, 0x44, 0x44, 0x44, 0x44, 0x44, 0x54, 0x44, 0x44, 0x44, 0x44, 
	0x44, 0x56, 0x65, 0x54, 0x44, 0x44, 0x44, 0x45, 0x44, 0x44, 0x45, 0x66, 0x65, 0x55, 0x77, 
	0x64, 0x44, 0x44, 0x44, 0x44, 0x55, 0x54, 0x44, 0x44, 0x44, 0x44, 0x44, 0x44, 0x44, 0x44, 
	0x49, 0xDD, 0xDD, 0xDD, 0xCC, 0xCC, 0xCC, 0xCC, 0xDD, 0xDC, 0x84, 0x34, 0x43, 0x34, 0x7B, 
	0xCB, 0xBB, 0xBB, 0xBB, 0xBB, 0xBB, 0xBC, 0xCC, 0xBB, 0xAA, 0xAA, 0xAA, 0xAA, 0xBB, 0xCC, 
	0xCC, 0xCC, 0xCC, 0xDD, 0xDD, 0xDD, 0xDC, 0xCB, 0xBA, 0xAA, 0xAA, 0xAA, 0xAA, 0xBB, 0xB6, 
	0x44, 0x44, 0x44, 0x44, 0x44, 0x44, 0x45, 0x44, 0x44, 0x55, 0x44, 0x44, 0x55, 0x44, 0x45, 
	0x44, 0x45, 0x55, 0x55, 0x55, 0x55, 0x55, 0x55, 0x55, 0x55, 0x55, 0x55, 0x55, 0x55, 0x55, 
	0x55, 0x56, 0x65, 0x44, 0x33, 0x33, 0x22, 0x34, 0x43, 0x33, 0x34, 0x56, 0x66, 0x56, 0x66, 
	0x66, 0x65, 0x66, 0x55, 0x55, 0x55, 0x54, 0x44, 0x55, 0x54, 0x43, 0x33, 0x33, 0x33, 0x44, 
	0x33, 0x32, 0x22, 0x23, 0x34, 0x44, 0x43, 0x44, 0x44, 0x44, 0x44, 0x44, 0x44, 0x44, 0x44, 
	0x58, 0x99, 0x88, 0x99, 0x99, 0xAA, 0xAA, 0xAA, 0xAA, 0xAA, 0xAB, 0xBA, 0xBB, 0xCC, 0xCC, 
	0xCC, 0xCD, 0xDD, 0xDD, 0xDD, 0xDD, 0xDD, 0xDD, 0xDD, 0xDD, 0xDD, 0xDD, 0xDD, 0xDC, 0xCB, 
	0xBB, 0xBB, 0xAA, 0xAA, 0xAA, 0xAA, 0xA9, 0x9A, 0xAA, 0x99, 0x99, 0xAB, 0xBA, 0x88, 0x88, 
	0x88, 0x88, 0x99, 0x99, 0x89, 0x99, 0x99, 0x89, 0x99, 0x99, 0x99, 0x99, 0x99, 0x99, 0x99, 
	0xFF, 0xFF, 0xFF, 0xFF, 0xFF, 0xFF, 0xFF, 0xFF, 0xFF, 0xFF, 0xFF, 0xFF, 0xFF, 0xFF, 0xFF, 
	0xFF, 0xFF, 0xFF, 0xFF, 0xFF, 0xFF, 0xFF, 0xFF, 0xFF, 0xFF, 0xFF, 0xFF, 0xFF, 0xFF, 0xFF, 
	0xFF, 0xFF, 0xFF, 0xFF, 0xFF, 0xFF, 0xFF, 0xFF, 0xEC, 0x97, 0x77, 0x77, 0x77, 0x66, 0x66, 
	0x66, 0x66, 0x66, 0x66, 0x65, 0x55, 0x55, 0x55, 0x55, 0x44, 0x44, 0x44, 0x44, 0x44, 0x44, 
	0x44, 0x44, 0x44, 0x33, 0x33, 0x33, 0x33, 0x33, 0x33, 0x33, 0x33, 0x33, 0x44, 0x43, 0x33, 
	0x33, 0x33, 0x33, 0x34, 0x43, 0x44, 0x44, 0x44, 0x44, 0x44, 0x55, 0x44, 0x44, 0x45, 0x54, 
	0x44, 0x66, 0x65, 0x44, 0x44, 0x44, 0x44, 0x55, 0x54, 0x44, 0x56, 0x66, 0x54, 0x56, 0x75, 
	0x44, 0x44, 0x43, 0x34, 0x55, 0x55, 0x54, 0x44, 0x54, 0x44, 0x44, 0x44, 0x44, 0x44, 0x43, 
	0x38, 0xDD, 0xDD, 0xDD, 0xCC, 0xCC, 0xCC, 0xCC, 0xDD, 0xDC, 0x84, 0x34, 0x43, 0x34, 0x8B, 
	0xBB, 0xBB, 0xBB, 0xBB, 0xBB, 0xBB, 0xBB, 0xCC, 0xBB, 0xAA, 0xAA, 0xAA, 0xAA, 0xAB, 0xBC, 
	0xCC, 0xCC, 0xCC, 0xCC, 0xDD, 0xDD, 0xDC, 0xCB, 0xAA, 0xAA, 0xAA, 0xAA, 0xAA, 0xBC, 0xA6, 
	0x33, 0x44, 0x44, 0x44, 0x44, 0x44, 0x45, 0x44, 0x44, 0x55, 0x44, 0x44, 0x55, 0x55, 0x55, 
	0x44, 0x44, 0x55, 0x55, 0x55, 0x55, 0x55, 0x55, 0x55, 0x55, 0x55, 0x55, 0x55, 0x55, 0x55, 
	0x44, 0x56, 0x64, 0x43, 0x22, 0x22, 0x22, 0x24, 0x44, 0x34, 0x43, 0x45, 0x66, 0x56, 0x66, 
	0x66, 0x65, 0x55, 0x54, 0x55, 0x45, 0x54, 0x44, 0x55, 0x55, 0x53, 0x33, 0x33, 0x33, 0x33, 
	0x33, 0x32, 0x22, 0x33, 0x33, 0x34, 0x43, 0x44, 0x44, 0x44, 0x44, 0x44, 0x45, 0x55, 0x55, 
	0x68, 0x99, 0x89, 0x99, 0x99, 0xAA, 0xAA, 0xAA, 0xAA, 0xAA, 0xAA, 0xAA, 0xAB, 0xBC, 0xCC, 
	0xCC, 0xCC, 0xDD, 0xDD, 0xDD, 0xCC, 0xDD, 0xDD, 0xDD, 0xDD, 0xDD, 0xDD, 0xDD, 0xDD, 0xCC, 
	0xBB, 0xBB, 0xAA, 0xAA, 0xAA, 0xBA, 0xA9, 0x9A, 0xAA, 0x99, 0x98, 0x9A, 0xA9, 0x98, 0x88, 
	0x99, 0x88, 0x89, 0x98, 0x89, 0x99, 0x98, 0x89, 0x99, 0x99, 0x99, 0x99, 0x99, 0x99, 0x99, 
	0xFF, 0xFF, 0xFF, 0xFF, 0xFF, 0xFF, 0xFF, 0xFF, 0xFF, 0xFF, 0xFF, 0xFF, 0xFF, 0xFF, 0xFF, 
	0xFF, 0xFF, 0xFF, 0xFF, 0xFF, 0xFF, 0xFF, 0xFF, 0xFF, 0xFF, 0xFF, 0xFF, 0xFF, 0xFF, 0xFF, 
	0xFF, 0xFF, 0xFF, 0xFF, 0xFF, 0xFF, 0xFF, 0xFE, 0xED, 0xA7, 0x77, 0x77, 0x67, 0x66, 0x66, 
	0x66, 0x56, 0x66, 0x65, 0x55, 0x55, 0x55, 0x44, 0x55, 0x44, 0x44, 0x44, 0x44, 0x44, 0x44, 
	0x44, 0x44, 0x43, 0x33, 0x33, 0x33, 0x33, 0x33, 0x33, 0x33, 0x32, 0x34, 0x44, 0x43, 0x33, 
	0x33, 0x33, 0x32, 0x33, 0x44, 0x44, 0x44, 0x44, 0x45, 0x44, 0x44, 0x44, 0x44, 0x44, 0x45, 
	0x56, 0x66, 0x54, 0x44, 0x44, 0x44, 0x44, 0x54, 0x54, 0x55, 0x66, 0x65, 0x44, 0x66, 0x55, 
	0x44, 0x55, 0x44, 0x44, 0x56, 0x64, 0x44, 0x44, 0x44, 0x44, 0x44, 0x44, 0x44, 0x45, 0x43, 
	0x37, 0xCD, 0xDD, 0xDD, 0xDC, 0xCC, 0xCC, 0xCC, 0xDD, 0xDC, 0x84, 0x34, 0x43, 0x35, 0x9C, 
	0xCB, 0xBB, 0xBB, 0xAB, 0xBB, 0xBB, 0xBB, 0xBB, 0xBB, 0xBA, 0xAA, 0xAA, 0xAA, 0xAA, 0xBC, 
	0xCC, 0xCC, 0xCC, 0xCC, 0xCD, 0xDD, 0xDC, 0xCB, 0xBA, 0xAA, 0xAA, 0xAA, 0xAB, 0xBB, 0x84, 
	0x34, 0x44, 0x44, 0x44, 0x44, 0x44, 0x44, 0x44, 0x44, 0x44, 0x44, 0x44, 0x55, 0x55, 0x55, 
	0x44, 0x44, 0x55, 0x55, 0x55, 0x55, 0x55, 0x55, 0x55, 0x55, 0x55, 0x55, 0x55, 0x44, 0x45, 
	0x54, 0x55, 0x55, 0x32, 0x21, 0x12, 0x22, 0x24, 0x44, 0x44, 0x33, 0x45, 0x66, 0x66, 0x66, 
	0x66, 0x56, 0x55, 0x54, 0x54, 0x45, 0x55, 0x54, 0x45, 0x55, 0x54, 0x33, 0x33, 0x33, 0x43, 
	0x33, 0x33, 0x33, 0x33, 0x33, 0x34, 0x44, 0x44, 0x44, 0x45, 0x44, 0x34, 0x45, 0x66, 0x76, 
	0x78, 0x88, 0x99, 0xAA, 0x99, 0xAA, 0xAA, 0xAA, 0xAA, 0xAA, 0xAA, 0xAA, 0xAB, 0xBB, 0xCC, 
	0xCC, 0xCC, 0xCC, 0xDD, 0xDD, 0xDD, 0xDD, 0xDD, 0xDD, 0xDD, 0xDD, 0xCC, 0xDD, 0xDD, 0xCC, 
	0xBA, 0xAB, 0xAA, 0xAA, 0xAA, 0xBB, 0xAA, 0x9A, 0xAA, 0x99, 0x88, 0x89, 0x99, 0x99, 0x99, 
	0x99, 0x99, 0x89, 0x88, 0x88, 0x88, 0x88, 0x99, 0x99, 0x98, 0x88, 0x99, 0x99, 0x99, 0x99, 
	0xFF, 0xFF, 0xFF, 0xFF, 0xFF, 0xFF, 0xFF, 0xFF, 0xFF, 0xFF, 0xFF, 0xFF, 0xFF, 0xFF, 0xFF, 
	0xFF, 0xFF, 0xFF, 0xFF, 0xFF, 0xFF, 0xFF, 0xFF, 0xFF, 0xFF, 0xFF, 0xFF, 0xFF, 0xFF, 0xFF, 
	0xFF, 0xFF, 0xFF, 0xFF, 0xFF, 0xFF, 0xFF, 0xEE, 0xEE, 0xB8, 0x66, 0x77, 0x67, 0x76, 0x66, 
	0x66, 0x66, 0x66, 0x65, 0x55, 0x55, 0x55, 0x45, 0x54, 0x44, 0x44, 0x44, 0x44, 0x44, 0x44, 
	0x33, 0x33, 0x33, 0x33, 0x33, 0x33, 0x33, 0x33, 0x33, 0x33, 0x32, 0x34, 0x54, 0x33, 0x33, 
	0x33, 0x33, 0x32, 0x33, 0x56, 0x64, 0x44, 0x44, 0x44, 0x44, 0x45, 0x54, 0x44, 0x44, 0x45, 
	0x66, 0x65, 0x44, 0x44, 0x44, 0x44, 0x44, 0x54, 0x44, 0x56, 0x76, 0x54, 0x45, 0x86, 0x44, 
	0x44, 0x54, 0x44, 0x44, 0x56, 0x54, 0x44, 0x44, 0x44, 0x44, 0x44, 0x44, 0x44, 0x55, 0x43, 
	0x27, 0xCD, 0xDD, 0xDD, 0xDC, 0xCC, 0xCC, 0xCC, 0xDD, 0xDC, 0x84, 0x34, 0x43, 0x36, 0xAC, 
	0xCB, 0xBB, 0xBB, 0xBB, 0xBB, 0xBB, 0xBB, 0xBB, 0xBB, 0xBB, 0xAA, 0xAA, 0xAA, 0xAA, 0xAB, 
	0xCC, 0xCC, 0xCC, 0xCC, 0xCC, 0xCC, 0xDC, 0xCB, 0xBA, 0xAA, 0xAA, 0xAA, 0xBB, 0xBA, 0x64, 
	0x33, 0x44, 0x44, 0x44, 0x44, 0x44, 0x44, 0x44, 0x44, 0x44, 0x44, 0x44, 0x55, 0x44, 0x55, 
	0x44, 0x45, 0x55, 0x55, 0x55, 0x55, 0x55, 0x55, 0x55, 0x55, 0x55, 0x55, 0x55, 0x54, 0x45, 
	0x54, 0x45, 0x54, 0x31, 0x11, 0x11, 0x22, 0x23, 0x44, 0x44, 0x34, 0x45, 0x56, 0x67, 0x66, 
	0x66, 0x65, 0x55, 0x55, 0x54, 0x45, 0x55, 0x55, 0x45, 0x55, 0x54, 0x33, 0x33, 0x44, 0x43, 
	0x23, 0x33, 0x33, 0x33, 0x33, 0x44, 0x44, 0x44, 0x44, 0x45, 0x55, 0x44, 0x45, 0x67, 0x87, 
	0x88, 0x99, 0x9A, 0xAA, 0xAA, 0xAA, 0xAA, 0xAA, 0xAA, 0xAA, 0xAA, 0xAA, 0xAB, 0xBB, 0xBC, 
	0xCC, 0xCC, 0xCC, 0xDD, 0xDD, 0xDD, 0xDD, 0xDD, 0xDD, 0xDD, 0xDD, 0xDD, 0xDD, 0xDD, 0xDC, 
	0xBA, 0xAA, 0xAA, 0xAA, 0xAA, 0xBB, 0xA9, 0x99, 0xAA, 0x98, 0x88, 0x88, 0x99, 0x88, 0x99, 
	0x88, 0x99, 0x89, 0x99, 0x98, 0x88, 0x89, 0x88, 0x99, 0x98, 0x88, 0x99, 0x99, 0x99, 0x99, 
	0xFF, 0xFF, 0xFF, 0xFF, 0xFF, 0xFF, 0xFF, 0xFF, 0xFF, 0xFF, 0xFF, 0xFF, 0xFF, 0xFF, 0xFF, 
	0xFF, 0xFF, 0xFF, 0xFF, 0xFF, 0xFF, 0xFF, 0xFF, 0xFF, 0xFF, 0xFF, 0xFF, 0xFF, 0xFF, 0xFF, 
	0xFF, 0xFF, 0xFF, 0xFF, 0xFF, 0xFF, 0xEF, 0xEE, 0xEF, 0xDA, 0x77, 0x66, 0x66, 0x77, 0x66, 
	0x66, 0x66, 0x66, 0x66, 0x65, 0x55, 0x55, 0x55, 0x44, 0x44, 0x44, 0x44, 0x44, 0x44, 0x44, 
	0x33, 0x33, 0x33, 0x33, 0x33, 0x33, 0x33, 0x33, 0x33, 0x33, 0x33, 0x34, 0x44, 0x33, 0x33, 
	0x33, 0x33, 0x23, 0x35, 0x8B, 0x96, 0x43, 0x33, 0x44, 0x44, 0x44, 0x44, 0x44, 0x44, 0x45, 
	0x66, 0x55, 0x44, 0x44, 0x44, 0x44, 0x44, 0x44, 0x45, 0x67, 0x75, 0x44, 0x57, 0x85, 0x44, 
	0x54, 0x44, 0x44, 0x45, 0x56, 0x54, 0x44, 0x44, 0x44, 0x44, 0x44, 0x44, 0x44, 0x55, 0x43, 
	0x36, 0xBD, 0xDD, 0xDD, 0xDC, 0xCC, 0xCC, 0xCD, 0xDD, 0xDC, 0x84, 0x34, 0x43, 0x47, 0xAB, 
	0xBB, 0xBB, 0xBB, 0xBB, 0xAB, 0xBB, 0xBB, 0xBB, 0xBB, 0xBB, 0xAA, 0xAA, 0xAA, 0xAA, 0xAB, 
	0xBC, 0xCC, 0xCC, 0xCC, 0xCC, 0xCD, 0xDC, 0xBB, 0xBB, 0xAA, 0xAA, 0xAA, 0xBB, 0xA8, 0x43, 
	0x44, 0x44, 0x44, 0x44, 0x44, 0x44, 0x44, 0x44, 0x54, 0x44, 0x44, 0x44, 0x44, 0x44, 0x44, 
	0x44, 0x55, 0x55, 0x55, 0x55, 0x55, 0x55, 0x55, 0x55, 0x55, 0x55, 0x55, 0x55, 0x54, 0x45, 
	0x54, 0x44, 0x43, 0x21, 0x10, 0x01, 0x22, 0x23, 0x44, 0x44, 0x34, 0x45, 0x56, 0x77, 0x76, 
	0x77, 0x65, 0x55, 0x55, 0x54, 0x44, 0x54, 0x45, 0x55, 0x55, 0x54, 0x33, 0x33, 0x44, 0x43, 
	0x22, 0x22, 0x33, 0x33, 0x23, 0x44, 0x44, 0x55, 0x44, 0x55, 0x66, 0x54, 0x45, 0x78, 0x88, 
	0x88, 0x99, 0x9A, 0xBB, 0xAA, 0xAA, 0xAA, 0xAA, 0xBB, 0xAA, 0xAA, 0xAA, 0xAB, 0xBB, 0xBB, 
	0xCC, 0xCC, 0xCC, 0xCC, 0xDD, 0xDD, 0xDD, 0xDD, 0xDD, 0xDD, 0xDD, 0xDD, 0xDD, 0xDD, 0xDC, 
	0xBA, 0x99, 0x99, 0xAA, 0xAA, 0xAB, 0xA9, 0x89, 0x99, 0x98, 0x88, 0x88, 0x88, 0x88, 0x99, 
	0x88, 0x88, 0x89, 0x99, 0x99, 0x88, 0x99, 0x99, 0x99, 0x98, 0x99, 0x99, 0x99, 0x99, 0x99, 
	0xFF, 0xFF, 0xFF, 0xFF, 0xFF, 0xFF, 0xFF, 0xFF, 0xFF, 0xFF, 0xFF, 0xFF, 0xFF, 0xFF, 0xFF, 
	0xFF, 0xFF, 0xFF, 0xFF, 0xFF, 0xFF, 0xFF, 0xFF, 0xFF, 0xFF, 0xFF, 0xFF, 0xFF, 0xFF, 0xFF, 
	0xFF, 0xFF, 0xFF, 0xFF, 0xFF, 0xFF, 0xFE, 0xEE, 0xEF, 0xED, 0xA8, 0x66, 0x67, 0x76, 0x66, 
	0x66, 0x66, 0x66, 0x56, 0x65, 0x55, 0x55, 0x54, 0x44, 0x44, 0x44, 0x44, 0x44, 0x44, 0x44, 
	0x43, 0x33, 0x33, 0x33, 0x33, 0x33, 0x33, 0x33, 0x34, 0x33, 0x34, 0x44, 0x43, 0x33, 0x33, 
	0x33, 0x33, 0x23, 0x69, 0xCE, 0xDA, 0x75, 0x44, 0x43, 0x34, 0x44, 0x44, 0x44, 0x45, 0x55, 
	0x65, 0x44, 0x54, 0x44, 0x44, 0x44, 0x44, 0x44, 0x57, 0x77, 0x54, 0x45, 0x77, 0x64, 0x44, 
	0x54, 0x44, 0x44, 0x55, 0x65, 0x44, 0x44, 0x44, 0x45, 0x44, 0x44, 0x44, 0x45, 0x55, 0x43, 
	0x35, 0x9D, 0xDD, 0xDD, 0xDC, 0xCC, 0xCC, 0xCD, 0xDD, 0xDC, 0x84, 0x34, 0x33, 0x48, 0xAB, 
	0xBB, 0xBB, 0xBB, 0xBB, 0xAB, 0xBB, 0xBB, 0xBB, 0xBB, 0xBB, 0xBB, 0xAA, 0xAA, 0xAA, 0xAA, 
	0xBC, 0xCC, 0xCC, 0xCD, 0xCC, 0xCD, 0xDC, 0xCB, 0xBB, 0xAA, 0xAA, 0xAA, 0xAA, 0x85, 0x33, 
	0x44, 0x44, 0x44, 0x44, 0x44, 0x44, 0x44, 0x44, 0x54, 0x44, 0x44, 0x44, 0x44, 0x44, 0x44, 
	0x44, 0x55, 0x55, 0x55, 0x55, 0x55, 0x55, 0x55, 0x55, 0x55, 0x55, 0x55, 0x55, 0x54, 0x45, 
	0x44, 0x32, 0x22, 0x21, 0x10, 0x01, 0x12, 0x33, 0x44, 0x44, 0x33, 0x45, 0x56, 0x77, 0x76, 
	0x67, 0x66, 0x65, 0x55, 0x44, 0x44, 0x54, 0x55, 0x55, 0x55, 0x44, 0x33, 0x33, 0x44, 0x43, 
	0x22, 0x22, 0x23, 0x33, 0x33, 0x44, 0x44, 0x55, 0x55, 0x56, 0x66, 0x65, 0x56, 0x78, 0x88, 
	0x88, 0x89, 0x9A, 0xBB, 0xAA, 0xAA, 0xAA, 0xAA, 0xBB, 0xAA, 0xBB, 0xBB, 0xBB, 0xBB, 0xBB, 
	0xBC, 0xCC, 0xCC, 0xCC, 0xCC, 0xDD, 0xDD, 0xDD, 0xDD, 0xDD, 0xDD, 0xDD, 0xDD, 0xDD, 0xDC, 
	0xBA, 0xA9, 0x99, 0x9A, 0xAA, 0xAA, 0xA8, 0x88, 0x99, 0x98, 0x88, 0x88, 0x88, 0x98, 0x99, 
	0x88, 0x88, 0x89, 0x99, 0x98, 0x88, 0x99, 0x99, 0x99, 0x99, 0x99, 0x99, 0x99, 0x99, 0x98, 
	0xFF, 0xFF, 0xFF, 0xFF, 0xFF, 0xFF, 0xFF, 0xFF, 0xFF, 0xFF, 0xFF, 0xFF, 0xFF, 0xFF, 0xFF, 
	0xFF, 0xFF, 0xFF, 0xFF, 0xFF, 0xFF, 0xFF, 0xFF, 0xFF, 0xFF, 0xFF, 0xFF, 0xFF, 0xFF, 0xFF, 
	0xFF, 0xFF, 0xFF, 0xFF, 0xFF, 0xFF, 0xFE, 0xEE, 0xFF, 0xFE, 0xDA, 0x86, 0x77, 0x76, 0x66, 
	0x66, 0x56, 0x66, 0x55, 0x55, 0x55, 0x55, 0x44, 0x44, 0x44, 0x44, 0x44, 0x44, 0x44, 0x44, 
	0x43, 0x33, 0x33, 0x33, 0x33, 0x33, 0x33, 0x33, 0x33, 0x33, 0x34, 0x43, 0x33, 0x33, 0x33, 
	0x33, 0x33, 0x36, 0xAD, 0xEE, 0xED, 0xB9, 0x76, 0x54, 0x44, 0x43, 0x44, 0x44, 0x46, 0x65, 
	0x44, 0x44, 0x54, 0x44, 0x44, 0x44, 0x44, 0x44, 0x57, 0x75, 0x44, 0x57, 0x86, 0x44, 0x44, 
	0x45, 0x54, 0x45, 0x66, 0x54, 0x44, 0x44, 0x44, 0x45, 0x54, 0x44, 0x44, 0x45, 0x54, 0x43, 
	0x34, 0x8D, 0xDD, 0xDD, 0xDC, 0xCC, 0xCC, 0xCD, 0xDD, 0xDC, 0x84, 0x34, 0x33, 0x59, 0xBB, 
	0xBB, 0xBB, 0xBB, 0xBB, 0xBB, 0xBB, 0xBB, 0xBB, 0xBB, 0xBB, 0xBB, 0xBA, 0xAA, 0xBA, 0xAB, 
	0xBB, 0xBC, 0xCC, 0xDD, 0xDD, 0xDD, 0xDD, 0xCC, 0xCB, 0xBA, 0xBA, 0xAA, 0x97, 0x53, 0x34, 
	0x44, 0x44, 0x44, 0x44, 0x44, 0x44, 0x44, 0x44, 0x55, 0x44, 0x44, 0x54, 0x44, 0x45, 0x54, 
	0x55, 0x55, 0x55, 0x55, 0x55, 0x55, 0x55, 0x55, 0x55, 0x55, 0x54, 0x44, 0x44, 0x44, 0x44, 
	0x33, 0x21, 0x11, 0x21, 0x11, 0x11, 0x12, 0x33, 0x44, 0x44, 0x43, 0x45, 0x66, 0x68, 0x76, 
	0x66, 0x66, 0x65, 0x55, 0x44, 0x55, 0x54, 0x55, 0x55, 0x55, 0x44, 0x44, 0x44, 0x44, 0x43, 
	0x32, 0x22, 0x23, 0x33, 0x33, 0x44, 0x44, 0x45, 0x55, 0x56, 0x66, 0x66, 0x67, 0x88, 0x87, 
	0x88, 0x89, 0xAA, 0xBB, 0xAA, 0xAA, 0xAA, 0xAA, 0xBB, 0xBB, 0xBB, 0xBB, 0xBB, 0xBB, 0xBB, 
	0xBB, 0xBC, 0xCC, 0xCC, 0xCC, 0xCD, 0xDD, 0xDD, 0xDD, 0xDD, 0xDD, 0xDD, 0xDD, 0xCD, 0xCC, 
	0xCB, 0xA9, 0x88, 0x99, 0x99, 0x99, 0x98, 0x88, 0x98, 0x88, 0x88, 0x88, 0x88, 0x99, 0x89, 
	0x98, 0x88, 0x89, 0x89, 0x88, 0x88, 0x99, 0x99, 0x99, 0x99, 0x99, 0x99, 0x99, 0x99, 0x99, 
	0xFF, 0xFF, 0xFF, 0xFF, 0xFF, 0xFF, 0xFF, 0xFF, 0xFF, 0xFF, 0xFF, 0xFF, 0xFF, 0xFF, 0xFF, 
	0xFF, 0xFF, 0xFF, 0xFF, 0xFF, 0xFF, 0xFF, 0xFF, 0xFF, 0xFF, 0xFF, 0xFF, 0xFF, 0xFF, 0xFF, 
	0xFF, 0xFF, 0xFF, 0xFF, 0xFF, 0xFE, 0xEE, 0xEE, 0xFF, 0xFF, 0xEC, 0xA8, 0x77, 0x77, 0x67, 
	0x66, 0x56, 0x66, 0x55, 0x55, 0x54, 0x44, 0x44, 0x44, 0x44, 0x44, 0x44, 0x33, 0x34, 0x33, 
	0x33, 0x33, 0x33, 0x33, 0x33, 0x33, 0x33, 0x33, 0x33, 0x33, 0x44, 0x33, 0x33, 0x33, 0x33, 
	0x33, 0x23, 0x6A, 0xDE, 0xEE, 0xEE, 0xDD, 0xCA, 0x88, 0x86, 0x43, 0x33, 0x45, 0x56, 0x54, 
	0x44, 0x44, 0x54, 0x45, 0x44, 0x44, 0x45, 0x56, 0x66, 0x54, 0x44, 0x68, 0x75, 0x44, 0x55, 
	0x45, 0x44, 0x56, 0x65, 0x44, 0x44, 0x44, 0x44, 0x45, 0x54, 0x44, 0x44, 0x45, 0x54, 0x44, 
	0x33, 0x8C, 0xDD, 0xDD, 0xDC, 0xCC, 0xCD, 0xCD, 0xDD, 0xDC, 0x84, 0x33, 0x33, 0x6A, 0xBB, 
	0xBC, 0xBB, 0xBB, 0xBB, 0xBB, 0xAA, 0xBB, 0xA9, 0xAB, 0xCC, 0xCB, 0xBA, 0xAA, 0xBB, 0xBB, 
	0xBB, 0xCC, 0xCC, 0xCB, 0xBC, 0xDD, 0xDD, 0xDC, 0xCC, 0xBB, 0xBA, 0x97, 0x64, 0x43, 0x34, 
	0x44, 0x44, 0x44, 0x44, 0x44, 0x44, 0x44, 0x44, 0x55, 0x55, 0x54, 0x54, 0x44, 0x55, 0x55, 
	0x55, 0x55, 0x55, 0x55, 0x55, 0x55, 0x55, 0x55, 0x55, 0x55, 0x55, 0x55, 0x54, 0x44, 0x43, 
	0x21, 0x10, 0x01, 0x12, 0x11, 0x11, 0x12, 0x33, 0x44, 0x44, 0x43, 0x45, 0x66, 0x67, 0x76, 
	0x66, 0x66, 0x65, 0x55, 0x55, 0x55, 0x44, 0x55, 0x45, 0x44, 0x44, 0x44, 0x44, 0x44, 0x44, 
	0x33, 0x22, 0x23, 0x33, 0x33, 0x34, 0x44, 0x44, 0x55, 0x55, 0x66, 0x66, 0x77, 0x88, 0x88, 
	0x88, 0x99, 0xAB, 0xBB, 0xAA, 0xAA, 0xAA, 0xAB, 0xBB, 0xBB, 0xBB, 0xBB, 0xBA, 0xAA, 0xAB, 
	0xBB, 0xBC, 0xCC, 0xCC, 0xCC, 0xCC, 0xCD, 0xDD, 0xDD, 0xDD, 0xDD, 0xCC, 0xCD, 0xCC, 0xCC, 
	0xCC, 0xBA, 0x88, 0x89, 0x98, 0x89, 0x98, 0x88, 0x88, 0x88, 0x88, 0x89, 0x99, 0x89, 0x89, 
	0x99, 0x88, 0x89, 0x99, 0x98, 0x88, 0x99, 0x99, 0x99, 0x99, 0x99, 0x99, 0x99, 0x99, 0x99, 
	0xFF, 0xFF, 0xFF, 0xFF, 0xFF, 0xFF, 0xFF, 0xFF, 0xFF, 0xFF, 0xFF, 0xFF, 0xFF, 0xFF, 0xFF, 
	0xFF, 0xFF, 0xFF, 0xFF, 0xFF, 0xFF, 0xFF, 0xFF, 0xFF, 0xFF, 0xFF, 0xFF, 0xFF, 0xFF, 0xFF, 
	0xFF, 0xFF, 0xFF, 0xFF, 0xFF, 0xEE, 0xEE, 0xEE, 0xFF, 0xFF, 0xFE, 0xC9, 0x77, 0x77, 0x77, 
	0x66, 0x66, 0x66, 0x65, 0x55, 0x55, 0x44, 0x44, 0x44, 0x44, 0x44, 0x44, 0x44, 0x44, 0x33, 
	0x33, 0x33, 0x33, 0x33, 0x33, 0x33, 0x33, 0x33, 0x33, 0x34, 0x44, 0x33, 0x33, 0x33, 0x33, 
	0x32, 0x25, 0xAD, 0xED, 0xDE, 0xDE, 0xEE, 0xED, 0xCD, 0xDA, 0x74, 0x33, 0x45, 0x55, 0x44, 
	0x44, 0x44, 0x54, 0x55, 0x54, 0x44, 0x45, 0x66, 0x75, 0x44, 0x56, 0x78, 0x54, 0x44, 0x55, 
	0x45, 0x44, 0x56, 0x54, 0x44, 0x44, 0x44, 0x44, 0x44, 0x44, 0x44, 0x44, 0x55, 0x54, 0x44, 
	0x44, 0x7B, 0xDD, 0xDD, 0xDC, 0xCC, 0xCD, 0xCD, 0xDD, 0xDC, 0x84, 0x33, 0x24, 0x7A, 0xBB, 
	0xBB, 0xBB, 0xBB, 0xBB, 0xAB, 0xBB, 0xCB, 0x87, 0x9B, 0xCC, 0xCB, 0xBB, 0xAA, 0xBB, 0xBB, 
	0xBC, 0xCC, 0xCA, 0x97, 0x79, 0xAA, 0xAB, 0xBB, 0xBA, 0x99, 0x87, 0x65, 0x43, 0x44, 0x44, 
	0x44, 0x44, 0x44, 0x44, 0x44, 0x44, 0x44, 0x44, 0x55, 0x55, 0x44, 0x44, 0x45, 0x55, 0x55, 
	0x55, 0x55, 0x55, 0x54, 0x55, 0x55, 0x55, 0x55, 0x55, 0x55, 0x55, 0x55, 0x44, 0x43, 0x32, 
	0x11, 0x10, 0x01, 0x12, 0x11, 0x11, 0x12, 0x33, 0x34, 0x44, 0x44, 0x45, 0x55, 0x67, 0x77, 
	0x66, 0x55, 0x55, 0x55, 0x45, 0x55, 0x44, 0x44, 0x44, 0x43, 0x33, 0x44, 0x44, 0x44, 0x43, 
	0x33, 0x32, 0x23, 0x34, 0x43, 0x33, 0x44, 0x44, 0x55, 0x56, 0x66, 0x67, 0x78, 0x88, 0x88, 
	0x99, 0x99, 0xAA, 0xBB, 0xAA, 0xAA, 0xAA, 0xBB, 0xBB, 0xBB, 0xBB, 0xBB, 0xBB, 0xBA, 0xAB, 
	0xBB, 0xCC, 0xCC, 0xBB, 0xCC, 0xCC, 0xCC, 0xCC, 0xCC, 0xDC, 0xCC, 0xCC, 0xCC, 0xCC, 0xCC, 
	0xCC, 0xBB, 0xA9, 0x89, 0x98, 0x88, 0x88, 0x88, 0x88, 0x99, 0x98, 0x89, 0x99, 0x98, 0x89, 
	0x99, 0x88, 0x89, 0x99, 0x99, 0x89, 0x99, 0x99, 0x99, 0x99, 0x99, 0x99, 0x99, 0x99, 0x99, 
	0xFF, 0xFF, 0xFF, 0xFF, 0xFF, 0xFF, 0xFF, 0xFF, 0xFF, 0xFF, 0xFF, 0xFF, 0xFF, 0xFF, 0xFF, 
	0xFF, 0xFF, 0xFF, 0xFF, 0xFF, 0xFF, 0xFF, 0xFF, 0xFF, 0xFF, 0xFF, 0xFF, 0xFF, 0xFF, 0xFF, 
	0xFF, 0xFF, 0xFF, 0xFF, 0xFE, 0xEE, 0xEE, 0xEE, 0xFF, 0xFF, 0xFF, 0xDA, 0x77, 0x77, 0x77, 
	0x66, 0x66, 0x66, 0x65, 0x55, 0x55, 0x54, 0x44, 0x44, 0x44, 0x44, 0x44, 0x44, 0x44, 0x43, 
	0x33, 0x33, 0x33, 0x33, 0x33, 0x33, 0x33, 0x33, 0x33, 0x44, 0x53, 0x33, 0x33, 0x33, 0x33, 
	0x33, 0x59, 0xDE, 0xED, 0xDD, 0xDD, 0xDD, 0xEE, 0xEE, 0xFD, 0x96, 0x44, 0x56, 0x54, 0x34, 
	0x43, 0x34, 0x44, 0x45, 0x54, 0x44, 0x56, 0x76, 0x64, 0x45, 0x67, 0x86, 0x44, 0x45, 0x55, 
	0x44, 0x44, 0x66, 0x54, 0x45, 0x44, 0x44, 0x44, 0x44, 0x44, 0x44, 0x45, 0x55, 0x44, 0x44, 
	0x44, 0x59, 0xDD, 0xDD, 0xCC, 0xCC, 0xCC, 0xCD, 0xDD, 0xDC, 0x84, 0x33, 0x35, 0x9B, 0xBB, 
	0xCB, 0xBB, 0xBB, 0xBB, 0xAB, 0xBB, 0xCA, 0x64, 0x69, 0xBB, 0xBB, 0xBB, 0xBB, 0xBB, 0xBB, 
	0xBC, 0xCC, 0xA8, 0x54, 0x44, 0x55, 0x66, 0x77, 0x77, 0x65, 0x54, 0x44, 0x33, 0x44, 0x44, 
	0x44, 0x34, 0x44, 0x44, 0x44, 0x44, 0x44, 0x44, 0x55, 0x55, 0x44, 0x44, 0x44, 0x55, 0x55, 
	0x55, 0x55, 0x55, 0x44, 0x55, 0x54, 0x45, 0x55, 0x55, 0x55, 0x54, 0x44, 0x43, 0x33, 0x21, 
	0x01, 0x01, 0x11, 0x02, 0x11, 0x11, 0x12, 0x33, 0x33, 0x44, 0x44, 0x45, 0x55, 0x67, 0x77, 
	0x76, 0x55, 0x54, 0x44, 0x44, 0x54, 0x54, 0x44, 0x45, 0x43, 0x33, 0x33, 0x33, 0x34, 0x33, 
	0x33, 0x33, 0x33, 0x34, 0x44, 0x44, 0x44, 0x44, 0x55, 0x66, 0x66, 0x67, 0x88, 0x88, 0x89, 
	0x99, 0x99, 0xAA, 0xAA, 0xAA, 0xAB, 0xBB, 0xBB, 0xBB, 0xBB, 0xBB, 0xBB, 0xBB, 0xBB, 0xBB, 
	0xBB, 0xBC, 0xCB, 0xBB, 0xCC, 0xCC, 0xCC, 0xCC, 0xCC, 0xCC, 0xCC, 0xCC, 0xCC, 0xCC, 0xCD, 
	0xDC, 0xCC, 0xB9, 0x89, 0x98, 0x88, 0x88, 0x88, 0x88, 0x99, 0x98, 0x88, 0x99, 0x88, 0x89, 
	0x98, 0x88, 0x99, 0x99, 0x99, 0x89, 0x99, 0x98, 0x88, 0x99, 0x99, 0x99, 0x89, 0x99, 0x99, 
	0xFF, 0xFF, 0xFF, 0xFF, 0xFF, 0xFF, 0xFF, 0xFF, 0xFF, 0xFF, 0xFF, 0xFF, 0xFF, 0xFF, 0xFF, 
	0xFF, 0xFF, 0xFF, 0xFF, 0xFF, 0xFF, 0xFF, 0xFF, 0xFF, 0xFF, 0xFF, 0xFF, 0xFF, 0xFF, 0xFF, 
	0xFF, 0xFF, 0xFF, 0xFF, 0xEE, 0xEE, 0xEE, 0xEE, 0xFF, 0xFE, 0xFF, 0xEB, 0x86, 0x77, 0x76, 
	0x66, 0x66, 0x65, 0x55, 0x55, 0x55, 0x55, 0x44, 0x44, 0x44, 0x44, 0x44, 0x44, 0x44, 0x43, 
	0x33, 0x33, 0x33, 0x33, 0x33, 0x33, 0x33, 0x33, 0x33, 0x44, 0x43, 0x33, 0x33, 0x33, 0x32, 
	0x46, 0x9B, 0xDD, 0xDD, 0xDD, 0xDD, 0xEE, 0xEE, 0xEE, 0xEE, 0xB7, 0x55, 0x65, 0x42, 0x34, 
	0x34, 0x33, 0x44, 0x44, 0x44, 0x45, 0x66, 0x65, 0x54, 0x45, 0x78, 0x75, 0x44, 0x45, 0x44, 
	0x44, 0x55, 0x55, 0x44, 0x55, 0x44, 0x44, 0x45, 0x54, 0x34, 0x44, 0x45, 0x55, 0x44, 0x44, 
	0x44, 0x47, 0xCD, 0xDD, 0xCC, 0xCC, 0xCC, 0xCC, 0xDE, 0xDC, 0x94, 0x33, 0x47, 0xAC, 0xBB, 
	0xBB, 0xBB, 0xBB, 0xBB, 0xBA, 0xBC, 0xC9, 0x53, 0x47, 0x9B, 0xCC, 0xBB, 0xBB, 0xBB, 0xBB, 
	0xCC, 0xBB, 0x96, 0x55, 0x44, 0x44, 0x43, 0x44, 0x44, 0x43, 0x33, 0x33, 0x44, 0x44, 0x44, 
	0x44, 0x44, 0x44, 0x44, 0x44, 0x44, 0x44, 0x45, 0x55, 0x55, 0x44, 0x44, 0x55, 0x55, 0x55, 
	0x55, 0x55, 0x44, 0x55, 0x55, 0x55, 0x55, 0x55, 0x55, 0x55, 0x44, 0x44, 0x32, 0x22, 0x10, 
	0x10, 0x11, 0x10, 0x11, 0x22, 0x21, 0x12, 0x33, 0x34, 0x44, 0x44, 0x45, 0x55, 0x56, 0x77, 
	0x77, 0x65, 0x54, 0x44, 0x44, 0x45, 0x54, 0x44, 0x55, 0x54, 0x33, 0x33, 0x43, 0x33, 0x33, 
	0x33, 0x33, 0x33, 0x34, 0x44, 0x44, 0x45, 0x45, 0x55, 0x66, 0x77, 0x77, 0x88, 0x88, 0x89, 
	0xA9, 0x99, 0xAA, 0xAA, 0xAB, 0xBB, 0xBB, 0xBB, 0xBB, 0xBB, 0xBB, 0xBB, 0xBB, 0xBB, 0xBB, 
	0xBA, 0xBB, 0xBB, 0xBB, 0xCC, 0xCC, 0xCC, 0xCC, 0xCC, 0xCC, 0xCC, 0xCC, 0xCC, 0xCC, 0xDD, 
	0xDC, 0xCC, 0xBA, 0x98, 0x88, 0x88, 0x88, 0x88, 0x88, 0x88, 0x88, 0x88, 0x99, 0x88, 0x88, 
	0x99, 0x89, 0x98, 0x88, 0x88, 0x88, 0x99, 0x98, 0x89, 0x99, 0x99, 0x99, 0x99, 0x99, 0x99, 
	0xFF, 0xFF, 0xFF, 0xFF, 0xFF, 0xFF, 0xFF, 0xFF, 0xFF, 0xFF, 0xFF, 0xFF, 0xFF, 0xFF, 0xFF, 
	0xFF, 0xFF, 0xFF, 0xFF, 0xFF, 0xFF, 0xFF, 0xFF, 0xFF, 0xFF, 0xFF, 0xFF, 0xFF, 0xFF, 0xFF, 
	0xFF, 0xFF, 0xEE, 0xEE, 0xEE, 0xEE, 0xEE, 0xEE, 0xEF, 0xEE, 0xEF, 0xFD, 0xA7, 0x66, 0x66, 
	0x66, 0x66, 0x54, 0x55, 0x55, 0x44, 0x44, 0x44, 0x44, 0x44, 0x44, 0x33, 0x44, 0x43, 0x33, 
	0x33, 0x33, 0x33, 0x33, 0x33, 0x33, 0x33, 0x33, 0x34, 0x44, 0x33, 0x33, 0x44, 0x33, 0x34, 
	0x69, 0xAB, 0xBB, 0xCC, 0xDD, 0xEE, 0xEE, 0xEE, 0xED, 0xEE, 0xD9, 0x76, 0x54, 0x32, 0x23, 
	0x33, 0x33, 0x44, 0x45, 0x54, 0x56, 0x75, 0x54, 0x43, 0x46, 0x87, 0x54, 0x54, 0x44, 0x54, 
	0x45, 0x55, 0x54, 0x44, 0x44, 0x44, 0x44, 0x45, 0x54, 0x44, 0x44, 0x45, 0x55, 0x44, 0x44, 
	0x44, 0x36, 0xBD, 0xDD, 0xDD, 0xCC, 0xCC, 0xCC, 0xDD, 0xDD, 0x94, 0x33, 0x48, 0xBC, 0xBB, 
	0xBB, 0xBB, 0xBB, 0xBB, 0xBA, 0xBC, 0xB8, 0x43, 0x35, 0x68, 0xAB, 0xBB, 0xBB, 0xBB, 0xBB, 
	0xBB, 0xAA, 0x87, 0x78, 0x77, 0x76, 0x54, 0x43, 0x44, 0x43, 0x34, 0x33, 0x44, 0x44, 0x44, 
	0x44, 0x44, 0x44, 0x44, 0x44, 0x44, 0x44, 0x45, 0x55, 0x55, 0x44, 0x55, 0x44, 0x55, 0x55, 
	0x55, 0x55, 0x55, 0x55, 0x55, 0x44, 0x55, 0x55, 0x55, 0x44, 0x44, 0x33, 0x22, 0x11, 0x10, 
	0x11, 0x11, 0x11, 0x11, 0x22, 0x21, 0x12, 0x33, 0x44, 0x44, 0x45, 0x55, 0x55, 0x56, 0x67, 
	0x77, 0x66, 0x54, 0x44, 0x34, 0x44, 0x54, 0x44, 0x55, 0x54, 0x43, 0x33, 0x44, 0x44, 0x33, 
	0x33, 0x33, 0x33, 0x44, 0x44, 0x44, 0x45, 0x55, 0x55, 0x66, 0x78, 0x88, 0x88, 0x88, 0x89, 
	0x99, 0x99, 0xAA, 0xAA, 0xAB, 0xBA, 0xAA, 0xBB, 0xBB, 0xBB, 0xBB, 0xBB, 0xBB, 0xBB, 0xBB, 
	0xBA, 0xAB, 0xBB, 0xBB, 0xCC, 0xCC, 0xCC, 0xCC, 0xCC, 0xCC, 0xCC, 0xCC, 0xCC, 0xCC, 0xCC, 
	0xDC, 0xCC, 0xBA, 0x98, 0x88, 0x88, 0x88, 0x88, 0x88, 0x88, 0x88, 0x88, 0x99, 0x88, 0x88, 
	0x99, 0x89, 0x99, 0x89, 0x99, 0x99, 0x99, 0x98, 0x89, 0x99, 0x99, 0x99, 0x99, 0x99, 0x99, 
	0xFF, 0xFF, 0xFF, 0xFF, 0xFF, 0xFF, 0xFF, 0xFF, 0xFF, 0xFF, 0xFF, 0xFF, 0xFF, 0xFF, 0xFF, 
	0xFF, 0xFF, 0xFF, 0xFF, 0xFF, 0xFF, 0xFF, 0xFF, 0xFF, 0xFF, 0xFF, 0xFF, 0xFF, 0xFF, 0xFF, 
	0xFF, 0xFE, 0xEE, 0xEE, 0xEE, 0xEE, 0xEE, 0xEE, 0xEF, 0xEE, 0xEE, 0xFE, 0xC8, 0x66, 0x65, 
	0x66, 0x66, 0x55, 0x55, 0x55, 0x44, 0x44, 0x44, 0x44, 0x44, 0x43, 0x33, 0x43, 0x33, 0x33, 
	0x33, 0x33, 0x33, 0x33, 0x33, 0x33, 0x33, 0x33, 0x34, 0x44, 0x33, 0x33, 0x34, 0x33, 0x36, 
	0x8A, 0xAA, 0x9A, 0xCD, 0xDE, 0xEE, 0xDD, 0xEE, 0xED, 0xEE, 0xEB, 0x86, 0x43, 0x32, 0x22, 
	0x33, 0x34, 0x43, 0x45, 0x55, 0x66, 0x65, 0x44, 0x44, 0x58, 0x86, 0x44, 0x55, 0x44, 0x44, 
	0x56, 0x65, 0x44, 0x44, 0x44, 0x44, 0x44, 0x44, 0x44, 0x44, 0x44, 0x45, 0x54, 0x44, 0x44, 
	0x44, 0x35, 0xAC, 0xDD, 0xDD, 0xCC, 0xCC, 0xCC, 0xDD, 0xDD, 0xA5, 0x33, 0x5A, 0xCC, 0xBB, 
	0xBB, 0xBB, 0xBB, 0xBB, 0xBA, 0xBC, 0xA7, 0x43, 0x33, 0x45, 0x79, 0xAA, 0xAB, 0xBB, 0xBB, 
	0xBA, 0x99, 0x89, 0xAA, 0xA9, 0x99, 0x87, 0x54, 0x43, 0x44, 0x44, 0x34, 0x44, 0x44, 0x44, 
	0x44, 0x44, 0x44, 0x44, 0x44, 0x44, 0x44, 0x45, 0x54, 0x44, 0x44, 0x55, 0x44, 0x45, 0x55, 
	0x55, 0x55, 0x55, 0x55, 0x55, 0x44, 0x55, 0x55, 0x54, 0x44, 0x43, 0x32, 0x21, 0x11, 0x00, 
	0x11, 0x11, 0x11, 0x10, 0x12, 0x21, 0x11, 0x23, 0x44, 0x44, 0x45, 0x55, 0x55, 0x55, 0x67, 
	0x77, 0x76, 0x54, 0x44, 0x44, 0x44, 0x54, 0x44, 0x44, 0x54, 0x43, 0x33, 0x45, 0x44, 0x33, 
	0x33, 0x33, 0x34, 0x44, 0x55, 0x44, 0x44, 0x55, 0x66, 0x66, 0x78, 0x88, 0x88, 0x88, 0x89, 
	0x99, 0x99, 0xAA, 0xAA, 0xAB, 0xAA, 0xAA, 0xAB, 0xBB, 0xBB, 0xBB, 0xBB, 0xAA, 0xAB, 0xBB, 
	0xBA, 0xAA, 0xBB, 0xBB, 0xBC, 0xCC, 0xCC, 0xCC, 0xCC, 0xCC, 0xCC, 0xCC, 0xCC, 0xCC, 0xCC, 
	0xCC, 0xCC, 0xBA, 0x98, 0x88, 0x88, 0x88, 0x88, 0x98, 0x88, 0x88, 0x88, 0x99, 0x98, 0x99, 
	0x99, 0x99, 0x99, 0x99, 0x99, 0x99, 0x99, 0x99, 0x89, 0x99, 0x99, 0x99, 0x99, 0x99, 0x99, 
	0xFF, 0xFF, 0xFF, 0xFF, 0xFF, 0xFF, 0xFF, 0xFF, 0xFF, 0xFF, 0xFF, 0xFF, 0xFF, 0xFF, 0xFF, 
	0xFF, 0xFF, 0xFF, 0xFF, 0xFF, 0xFF, 0xFF, 0xFF, 0xFF, 0xFF, 0xFF, 0xFF, 0xFF, 0xFF, 0xFF, 
	0xFF, 0xFE, 0xEE, 0xEF, 0xFF, 0xEE, 0xDD, 0xEE, 0xEF, 0xEE, 0xEF, 0xFF, 0xEA, 0x76, 0x65, 
	0x56, 0x65, 0x45, 0x55, 0x44, 0x44, 0x45, 0x54, 0x44, 0x44, 0x44, 0x44, 0x44, 0x33, 0x34, 
	0x43, 0x33, 0x33, 0x33, 0x33, 0x34, 0x43, 0x33, 0x44, 0x44, 0x33, 0x33, 0x33, 0x33, 0x58, 
	0x9A, 0x9A, 0xAB, 0xDD, 0xDE, 0xED, 0xDD, 0xEE, 0xED, 0xDE, 0xEB, 0x75, 0x43, 0x33, 0x12, 
	0x22, 0x33, 0x33, 0x44, 0x56, 0x65, 0x54, 0x44, 0x35, 0x78, 0x65, 0x34, 0x55, 0x44, 0x45, 
	0x56, 0x54, 0x44, 0x44, 0x44, 0x44, 0x44, 0x44, 0x44, 0x44, 0x44, 0x45, 0x54, 0x44, 0x44, 
	0x44, 0x34, 0x8C, 0xDD, 0xDD, 0xCC, 0xCC, 0xCC, 0xCD, 0xDD, 0xB5, 0x34, 0x7B, 0xCC, 0xBB, 
	0xBB, 0xBB, 0xBB, 0xBB, 0xBB, 0xBC, 0xA5, 0x33, 0x43, 0x33, 0x46, 0x77, 0x88, 0x9A, 0xA9, 
	0x99, 0x99, 0xAA, 0xBA, 0xAA, 0xAA, 0xA9, 0x97, 0x54, 0x34, 0x44, 0x44, 0x44, 0x44, 0x44, 
	0x44, 0x44, 0x44, 0x44, 0x44, 0x44, 0x45, 0x44, 0x44, 0x44, 0x44, 0x54, 0x44, 0x45, 0x55, 
	0x55, 0x55, 0x44, 0x55, 0x55, 0x44, 0x55, 0x44, 0x44, 0x44, 0x43, 0x21, 0x11, 0x11, 0x11, 
	0x11, 0x11, 0x11, 0x11, 0x11, 0x21, 0x11, 0x23, 0x44, 0x44, 0x45, 0x55, 0x55, 0x55, 0x66, 
	0x77, 0x76, 0x65, 0x44, 0x44, 0x44, 0x44, 0x44, 0x44, 0x44, 0x43, 0x33, 0x44, 0x54, 0x33, 
	0x33, 0x33, 0x33, 0x44, 0x55, 0x44, 0x44, 0x55, 0x66, 0x66, 0x77, 0x78, 0x88, 0x88, 0x99, 
	0x99, 0x99, 0xAA, 0xAA, 0xAA, 0xAA, 0xAA, 0xAA, 0xBB, 0xBB, 0xBB, 0xBB, 0xAA, 0xAB, 0xBB, 
	0xBB, 0xAA, 0xAB, 0xBB, 0xBB, 0xBB, 0xCC, 0xCC, 0xCC, 0xCC, 0xCC, 0xCC, 0xCC, 0xCC, 0xCC, 
	0xCC, 0xCB, 0xB9, 0x88, 0x88, 0x88, 0x88, 0x89, 0x98, 0x88, 0x88, 0x88, 0x89, 0x99, 0x99, 
	0x99, 0x99, 0x99, 0x99, 0x99, 0x99, 0x99, 0x99, 0x99, 0x99, 0x99, 0x99, 0x99, 0x99, 0x99, 
	0xFF, 0xFF, 0xFF, 0xFF, 0xFF, 0xFF, 0xFF, 0xFF, 0xFF, 0xFF, 0xFF, 0xFF, 0xFF, 0xFF, 0xFF, 
	0xFF, 0xFF, 0xFF, 0xFF, 0xFF, 0xFF, 0xFF, 0xFF, 0xFF, 0xFF, 0xFF, 0xFF, 0xFF, 0xFF, 0xFF, 
	0xFF, 0xFE, 0xEF, 0xFF, 0xFE, 0xEE, 0xDD, 0xEE, 0xEF, 0xEF, 0xFF, 0xFF, 0xFC, 0x97, 0x65, 
	0x66, 0x54, 0x45, 0x54, 0x44, 0x44, 0x44, 0x44, 0x44, 0x44, 0x44, 0x44, 0x44, 0x33, 0x33, 
	0x33, 0x33, 0x33, 0x33, 0x33, 0x33, 0x33, 0x34, 0x44, 0x43, 0x33, 0x34, 0x43, 0x35, 0x7A, 
	0xAA, 0xBB, 0xBC, 0xDD, 0xDD, 0xEE, 0xEE, 0xEE, 0xED, 0xDE, 0xEC, 0x74, 0x43, 0x33, 0x11, 
	0x11, 0x22, 0x22, 0x34, 0x56, 0x65, 0x44, 0x44, 0x47, 0x76, 0x54, 0x44, 0x45, 0x54, 0x45, 
	0x65, 0x54, 0x44, 0x44, 0x44, 0x44, 0x44, 0x44, 0x45, 0x44, 0x44, 0x45, 0x55, 0x44, 0x44, 
	0x44, 0x43, 0x6C, 0xDC, 0xCD, 0xDD, 0xDC, 0xCC, 0xCD, 0xDD, 0xC5, 0x25, 0x8B, 0xCC, 0xBB, 
	0xBB, 0xBB, 0xBB, 0xBB, 0xBB, 0xCB, 0x84, 0x33, 0x44, 0x33, 0x34, 0x44, 0x46, 0x78, 0x99, 
	0x99, 0xAA, 0xAB, 0xBB, 0xBB, 0xAA, 0xBB, 0xB9, 0x85, 0x33, 0x44, 0x44, 0x44, 0x44, 0x44, 
	0x44, 0x44, 0x44, 0x44, 0x44, 0x44, 0x45, 0x44, 0x44, 0x44, 0x44, 0x44, 0x44, 0x55, 0x55, 
	0x45, 0x54, 0x44, 0x44, 0x54, 0x44, 0x54, 0x44, 0x44, 0x43, 0x32, 0x11, 0x11, 0x11, 0x11, 
	0x11, 0x11, 0x11, 0x11, 0x11, 0x12, 0x22, 0x23, 0x44, 0x43, 0x44, 0x55, 0x55, 0x55, 0x56, 
	0x67, 0x76, 0x65, 0x44, 0x44, 0x34, 0x44, 0x44, 0x44, 0x44, 0x33, 0x33, 0x44, 0x44, 0x43, 
	0x33, 0x33, 0x33, 0x44, 0x55, 0x54, 0x44, 0x55, 0x66, 0x66, 0x66, 0x77, 0x88, 0x88, 0x99, 
	0x99, 0x89, 0x9A, 0xAA, 0xAA, 0xAA, 0xAA, 0xAB, 0xBB, 0xBB, 0xBB, 0xBB, 0xAA, 0xAB, 0xBB, 
	0xBB, 0xBB, 0xBB, 0xBB, 0xBB, 0xBB, 0xBC, 0xCC, 0xCC, 0xCC, 0xCC, 0xCC, 0xCC, 0xCC, 0xCC, 
	0xCB, 0xAA, 0x98, 0x88, 0x88, 0x88, 0x88, 0x89, 0x98, 0x88, 0x88, 0x88, 0x88, 0x99, 0x99, 
	0x99, 0x99, 0x99, 0x99, 0x99, 0x99, 0x99, 0x99, 0x99, 0x99, 0x99, 0x99, 0x99, 0x99, 0x99, 
	0xFF, 0xFF, 0xFF, 0xFF, 0xFF, 0xFF, 0xFF, 0xFF, 0xFF, 0xFF, 0xFF, 0xFF, 0xFF, 0xFF, 0xFF, 
	0xFF, 0xFF, 0xFF, 0xFF, 0xFF, 0xFF, 0xFF, 0xFF, 0xFF, 0xFF, 0xFF, 0xFF, 0xFF, 0xFF, 0xFF, 
	0xFF, 0xFF, 0xFF, 0xFF, 0xEE, 0xDD, 0xDD, 0xEE, 0xEF, 0xFF, 0xFF, 0xFF, 0xFE, 0xB8, 0x66, 
	0x55, 0x55, 0x55, 0x44, 0x44, 0x44, 0x44, 0x44, 0x44, 0x44, 0x43, 0x34, 0x44, 0x33, 0x33, 
	0x33, 0x33, 0x33, 0x33, 0x33, 0x33, 0x33, 0x44, 0x44, 0x33, 0x33, 0x34, 0x43, 0x47, 0x9A, 
	0xAB, 0xBB, 0xCC, 0xDE, 0xEE, 0xEE, 0xEE, 0xDD, 0xEE, 0xDF, 0xED, 0x84, 0x43, 0x33, 0x11, 
	0x11, 0x11, 0x22, 0x34, 0x44, 0x44, 0x54, 0x45, 0x67, 0x75, 0x44, 0x54, 0x44, 0x54, 0x55, 
	0x65, 0x44, 0x44, 0x45, 0x54, 0x44, 0x44, 0x44, 0x44, 0x44, 0x55, 0x44, 0x44, 0x44, 0x44, 
	0x44, 0x43, 0x5B, 0xCC, 0xCD, 0xDD, 0xDC, 0xCC, 0xCC, 0xDD, 0xC6, 0x37, 0xAC, 0xCC, 0xBB, 
	0xBB, 0xBB, 0xBB, 0xBB, 0xBC, 0xC9, 0x63, 0x34, 0x44, 0x44, 0x44, 0x32, 0x35, 0x78, 0x99, 
	0x9A, 0xAA, 0xBB, 0xBB, 0xBB, 0xBB, 0xBB, 0xBB, 0xA6, 0x43, 0x34, 0x44, 0x44, 0x44, 0x44, 
	0x44, 0x44, 0x44, 0x44, 0x44, 0x44, 0x45, 0x44, 0x44, 0x44, 0x44, 0x44, 0x44, 0x55, 0x54, 
	0x45, 0x55, 0x44, 0x44, 0x44, 0x44, 0x44, 0x44, 0x33, 0x32, 0x21, 0x10, 0x01, 0x11, 0x11, 
	0x11, 0x11, 0x11, 0x11, 0x11, 0x11, 0x22, 0x23, 0x44, 0x43, 0x34, 0x55, 0x55, 0x55, 0x55, 
	0x66, 0x66, 0x65, 0x55, 0x54, 0x33, 0x44, 0x55, 0x55, 0x44, 0x32, 0x23, 0x34, 0x44, 0x43, 
	0x33, 0x34, 0x44, 0x44, 0x45, 0x55, 0x55, 0x55, 0x66, 0x66, 0x66, 0x67, 0x78, 0x88, 0x99, 
	0x99, 0x89, 0x9A, 0xAA, 0xAA, 0xA9, 0xAA, 0xAB, 0xBB, 0xBB, 0xBB, 0xBB, 0xBA, 0xAB, 0xBB, 
	0xCC, 0xBB, 0xBB, 0xBB, 0xBB, 0xBB, 0xBC, 0xCC, 0xBB, 0xBC, 0xCC, 0xCC, 0xCC, 0xCC, 0xCC, 
	0xBA, 0x99, 0x88, 0x88, 0x88, 0x88, 0x88, 0x88, 0x88, 0x88, 0x88, 0x88, 0x88, 0x89, 0x89, 
	0x99, 0x99, 0x99, 0x99, 0x99, 0x98, 0x99, 0x99, 0x99, 0x99, 0x99, 0x99, 0x99, 0x99, 0x99, 
	0xFF, 0xFF, 0xFF, 0xFF, 0xFF, 0xFF, 0xFF, 0xFF, 0xFF, 0xFF, 0xFF, 0xFF, 0xFF, 0xFF, 0xFF, 
	0xFF, 0xFF, 0xFF, 0xFF, 0xFF, 0xFF, 0xFF, 0xFF, 0xFF, 0xFF, 0xFF, 0xFF, 0xFF, 0xFF, 0xFF, 
	0xFF, 0xFF, 0xFF, 0xFF, 0xEE, 0xDD, 0xDD, 0xEE, 0xEE, 0xFF, 0xFF, 0xFF, 0xFE, 0xDA, 0x86, 
	0x54, 0x45, 0x54, 0x44, 0x44, 0x44, 0x44, 0x44, 0x44, 0x44, 0x33, 0x33, 0x34, 0x33, 0x33, 
	0x33, 0x33, 0x33, 0x33, 0x33, 0x33, 0x33, 0x44, 0x43, 0x33, 0x33, 0x34, 0x34, 0x69, 0xA9, 
	0xAA, 0xBB, 0xBC, 0xDD, 0xDD, 0xDE, 0xED, 0xDD, 0xDE, 0xEE, 0xEE, 0x95, 0x43, 0x42, 0x21, 
	0x11, 0x11, 0x22, 0x34, 0x32, 0x23, 0x44, 0x46, 0x77, 0x64, 0x44, 0x54, 0x44, 0x45, 0x55, 
	0x54, 0x44, 0x44, 0x44, 0x44, 0x44, 0x44, 0x44, 0x44, 0x45, 0x55, 0x54, 0x44, 0x44, 0x44, 
	0x44, 0x43, 0x49, 0xCC, 0xCD, 0xDD, 0xDC, 0xCC, 0xCC, 0xDD, 0xD7, 0x69, 0xBC, 0xCC, 0xCC, 
	0xBB, 0xBB, 0xBB, 0xBB, 0xCC, 0xB7, 0x44, 0x44, 0x44, 0x44, 0x43, 0x33, 0x46, 0x88, 0x99, 
	0xAA, 0xAA, 0xBB, 0xBB, 0xBB, 0xBB, 0xBB, 0xBB, 0xB9, 0x64, 0x34, 0x44, 0x44, 0x44, 0x44, 
	0x44, 0x44, 0x44, 0x44, 0x44, 0x44, 0x45, 0x44, 0x44, 0x44, 0x45, 0x54, 0x44, 0x45, 0x44, 
	0x44, 0x55, 0x44, 0x44, 0x44, 0x44, 0x44, 0x33, 0x33, 0x22, 0x11, 0x10, 0x11, 0x11, 0x11, 
	0x11, 0x11, 0x11, 0x01, 0x11, 0x11, 0x22, 0x33, 0x34, 0x44, 0x44, 0x55, 0x55, 0x55, 0x55, 
	0x55, 0x56, 0x65, 0x54, 0x54, 0x33, 0x44, 0x55, 0x55, 0x54, 0x43, 0x23, 0x34, 0x44, 0x44, 
	0x34, 0x44, 0x44, 0x44, 0x44, 0x55, 0x55, 0x56, 0x66, 0x66, 0x66, 0x67, 0x77, 0x77, 0x89, 
	0xA9, 0x99, 0x9A, 0xAA, 0xAA, 0xA9, 0x9A, 0xAA, 0xAB, 0xBB, 0xBB, 0xBB, 0xBA, 0xBB, 0xBC, 
	0xCC, 0xCB, 0xBB, 0xBB, 0xBB, 0xBB, 0xBC, 0xCC, 0xCB, 0xBC, 0xCC, 0xCC, 0xCB, 0xBB, 0xBA, 
	0xA9, 0x88, 0x88, 0x88, 0x88, 0x88, 0x88, 0x98, 0x88, 0x88, 0x88, 0x88, 0x88, 0x99, 0x88, 
	0x88, 0x99, 0x99, 0x99, 0x99, 0x99, 0x99, 0x99, 0x99, 0x99, 0x99, 0x99, 0x99, 0x99, 0x99, 
	0xFF, 0xFF, 0xFF, 0xFF, 0xFF, 0xFF, 0xFF, 0xFF, 0xFF, 0xFF, 0xFF, 0xFF, 0xFF, 0xFF, 0xFF, 
	0xFF, 0xFF, 0xFF, 0xFF, 0xFF, 0xFF, 0xFF, 0xFF, 0xFF, 0xFF, 0xFF, 0xFF, 0xFF, 0xFF, 0xFF, 
	0xFF, 0xFF, 0xFF, 0xFE, 0xEE, 0xEE, 0xEE, 0xEE, 0xEE, 0xEE, 0xFF, 0xFF, 0xFE, 0xED, 0xB7, 
	0x54, 0x55, 0x44, 0x44, 0x44, 0x44, 0x44, 0x44, 0x44, 0x43, 0x33, 0x33, 0x33, 0x34, 0x33, 
	0x33, 0x33, 0x33, 0x33, 0x33, 0x33, 0x33, 0x44, 0x33, 0x33, 0x33, 0x33, 0x45, 0x89, 0xA9, 
	0xAA, 0xAA, 0xBC, 0xCD, 0xDD, 0xEE, 0xEE, 0xDD, 0xDD, 0xDE, 0xEE, 0xB6, 0x33, 0x42, 0x11, 
	0x11, 0x11, 0x22, 0x33, 0x21, 0x12, 0x23, 0x57, 0x75, 0x54, 0x44, 0x44, 0x44, 0x45, 0x55, 
	0x44, 0x44, 0x44, 0x44, 0x44, 0x44, 0x44, 0x44, 0x44, 0x45, 0x55, 0x55, 0x44, 0x44, 0x44, 
	0x44, 0x44, 0x37, 0xBD, 0xCC, 0xCD, 0xDD, 0xCC, 0xCC, 0xDD, 0xDA, 0x9B, 0xCD, 0xCC, 0xCC, 
	0xCB, 0xBB, 0xBB, 0xBB, 0xCC, 0xA6, 0x34, 0x44, 0x44, 0x44, 0x43, 0x34, 0x68, 0x99, 0x9A, 
	0xAA, 0xAB, 0xBB, 0xBB, 0xBB, 0xBB, 0xBB, 0xBB, 0xCA, 0x75, 0x34, 0x44, 0x34, 0x44, 0x44, 
	0x44, 0x44, 0x44, 0x44, 0x44, 0x45, 0x54, 0x44, 0x44, 0x44, 0x45, 0x55, 0x44, 0x44, 0x44, 
	0x44, 0x44, 0x44, 0x44, 0x44, 0x44, 0x43, 0x33, 0x22, 0x21, 0x11, 0x10, 0x11, 0x11, 0x11, 
	0x11, 0x11, 0x00, 0x11, 0x11, 0x11, 0x12, 0x33, 0x33, 0x44, 0x44, 0x55, 0x56, 0x66, 0x55, 
	0x55, 0x55, 0x55, 0x54, 0x44, 0x33, 0x34, 0x55, 0x55, 0x55, 0x44, 0x32, 0x34, 0x44, 0x44, 
	0x34, 0x34, 0x44, 0x44, 0x44, 0x55, 0x55, 0x56, 0x66, 0x66, 0x66, 0x67, 0x77, 0x77, 0x89, 
	0xAA, 0x99, 0x9A, 0xAB, 0xAA, 0x99, 0x9A, 0xAA, 0xAA, 0xBB, 0xBB, 0xBB, 0xBA, 0xAB, 0xBC, 
	0xCC, 0xBB, 0xBB, 0xBB, 0xBB, 0xBB, 0xBC, 0xCC, 0xCB, 0xBC, 0xCC, 0xBB, 0xCC, 0xBB, 0xA9, 
	0x98, 0x88, 0x88, 0x88, 0x88, 0x88, 0x88, 0x98, 0x89, 0x98, 0x89, 0x99, 0x99, 0x99, 0x99, 
	0x98, 0x99, 0x99, 0x99, 0x99, 0x99, 0x99, 0x99, 0x99, 0x99, 0x99, 0x99, 0x99, 0x99, 0x99, 
	0xFF, 0xFF, 0xFF, 0xFF, 0xFF, 0xFF, 0xFF, 0xFF, 0xFF, 0xFF, 0xFF, 0xFF, 0xFF, 0xFF, 0xFF, 
	0xFF, 0xFF, 0xFF, 0xFF, 0xFF, 0xFF, 0xFF, 0xFF, 0xFF, 0xFF, 0xFF, 0xFF, 0xFF, 0xFF, 0xFF, 
	0xFF, 0xFF, 0xFF, 0xFE, 0xEE, 0xEE, 0xEE, 0xEE, 0xEE, 0xEE, 0xFF, 0xFF, 0xFE, 0xEE, 0xDA, 
	0x86, 0x54, 0x44, 0x43, 0x34, 0x44, 0x44, 0x44, 0x44, 0x44, 0x33, 0x33, 0x33, 0x44, 0x33, 
	0x33, 0x33, 0x33, 0x33, 0x33, 0x33, 0x34, 0x44, 0x33, 0x33, 0x33, 0x33, 0x48, 0xA9, 0x99, 
	0x9A, 0xBB, 0xBC, 0xCC, 0xDD, 0xEE, 0xEE, 0xED, 0xDD, 0xDE, 0xEF, 0xB6, 0x34, 0x42, 0x21, 
	0x11, 0x21, 0x22, 0x31, 0x11, 0x11, 0x13, 0x57, 0x64, 0x45, 0x44, 0x44, 0x45, 0x55, 0x55, 
	0x44, 0x44, 0x44, 0x44, 0x44, 0x44, 0x44, 0x44, 0x44, 0x45, 0x55, 0x55, 0x54, 0x44, 0x55, 
	0x44, 0x44, 0x35, 0x9C, 0xCC, 0xCC, 0xDD, 0xCC, 0xCC, 0xCC, 0xCC, 0xCC, 0xDD, 0xDC, 0xDC, 
	0xCC, 0xCC, 0xCC, 0xCC, 0xCB, 0x84, 0x34, 0x44, 0x44, 0x34, 0x33, 0x46, 0x78, 0x99, 0xAA, 
	0xAA, 0xAB, 0xBB, 0xBB, 0xBB, 0xBB, 0xBB, 0xBC, 0xBB, 0x96, 0x44, 0x44, 0x44, 0x44, 0x44, 
	0x44, 0x44, 0x44, 0x44, 0x44, 0x55, 0x44, 0x44, 0x44, 0x44, 0x55, 0x55, 0x44, 0x44, 0x44, 
	0x45, 0x44, 0x45, 0x44, 0x44, 0x44, 0x33, 0x22, 0x21, 0x11, 0x11, 0x11, 0x11, 0x11, 0x11, 
	0x11, 0x11, 0x11, 0x11, 0x11, 0x11, 0x12, 0x34, 0x33, 0x34, 0x44, 0x45, 0x55, 0x66, 0x65, 
	0x54, 0x45, 0x55, 0x54, 0x44, 0x43, 0x34, 0x55, 0x55, 0x55, 0x54, 0x33, 0x23, 0x44, 0x44, 
	0x34, 0x43, 0x33, 0x44, 0x44, 0x45, 0x55, 0x56, 0x66, 0x66, 0x66, 0x67, 0x77, 0x67, 0x89, 
	0xAA, 0x99, 0x9A, 0xAA, 0xAA, 0xA9, 0x9A, 0xAA, 0xAA, 0xBB, 0xBB, 0xBB, 0xAA, 0xAB, 0xBB, 
	0xCB, 0xBC, 0xBB, 0xBB, 0xBB, 0xBB, 0xCC, 0xCC, 0xCC, 0xCC, 0xCC, 0xBB, 0xBB, 0xBA, 0x98, 
	0x88, 0x88, 0x88, 0x88, 0x88, 0x88, 0x88, 0x99, 0x99, 0x98, 0x89, 0x99, 0x99, 0x99, 0x99, 
	0x98, 0x88, 0x88, 0x89, 0x99, 0x99, 0x99, 0x99, 0x99, 0x99, 0x99, 0x99, 0x99, 0x99, 0x99, 
	0xFF, 0xFF, 0xFF, 0xFF, 0xFF, 0xFF, 0xFF, 0xFF, 0xFF, 0xFF, 0xFF, 0xFF, 0xFF, 0xFF, 0xFF, 
	0xFF, 0xFF, 0xFF, 0xFF, 0xFF, 0xFF, 0xFF, 0xFF, 0xFF, 0xFF, 0xFF, 0xFF, 0xFF, 0xFF, 0xFF, 
	0xFF, 0xFF, 0xFF, 0xEE, 0xEE, 0xEE, 0xDE, 0xDD, 0xDE, 0xEE, 0xFF, 0xFF, 0xEE, 0xEE, 0xED, 
	0xB9, 0x75, 0x44, 0x33, 0x34, 0x44, 0x44, 0x44, 0x44, 0x44, 0x43, 0x34, 0x33, 0x44, 0x34, 
	0x33, 0x33, 0x33, 0x33, 0x33, 0x33, 0x44, 0x44, 0x33, 0x34, 0x43, 0x34, 0x69, 0xA9, 0x99, 
	0x9A, 0xBB, 0xBC, 0xDD, 0xDD, 0xEE, 0xEE, 0xDE, 0xEE, 0xDE, 0xFE, 0xC6, 0x33, 0x43, 0x21, 
	0x11, 0x22, 0x22, 0x11, 0x01, 0x11, 0x13, 0x55, 0x54, 0x44, 0x44, 0x44, 0x55, 0x55, 0x54, 
	0x44, 0x44, 0x44, 0x44, 0x44, 0x44, 0x44, 0x44, 0x44, 0x45, 0x55, 0x54, 0x44, 0x44, 0x44, 
	0x44, 0x34, 0x34, 0x6B, 0xDD, 0xDD, 0xDD, 0xCD, 0xCC, 0xCC, 0xDD, 0xEE, 0xDD, 0xDD, 0xDD, 
	0xCC, 0xCD, 0xDD, 0xCC, 0xCA, 0x64, 0x34, 0x34, 0x44, 0x44, 0x34, 0x57, 0x88, 0x99, 0xAA, 
	0xAA, 0xAB, 0xBB, 0xBB, 0xBB, 0xBB, 0xCB, 0xBB, 0xBB, 0x96, 0x44, 0x44, 0x44, 0x44, 0x44, 
	0x44, 0x44, 0x44, 0x44, 0x44, 0x44, 0x44, 0x44, 0x44, 0x44, 0x44, 0x44, 0x44, 0x44, 0x44, 
	0x45, 0x44, 0x44, 0x44, 0x44, 0x33, 0x33, 0x22, 0x11, 0x11, 0x11, 0x11, 0x11, 0x11, 0x11, 
	0x11, 0x11, 0x11, 0x11, 0x11, 0x11, 0x12, 0x34, 0x43, 0x34, 0x44, 0x45, 0x55, 0x66, 0x66, 
	0x54, 0x44, 0x55, 0x54, 0x44, 0x44, 0x44, 0x55, 0x55, 0x55, 0x55, 0x43, 0x33, 0x34, 0x44, 
	0x44, 0x43, 0x33, 0x44, 0x44, 0x55, 0x55, 0x55, 0x66, 0x66, 0x66, 0x77, 0x77, 0x77, 0x88, 
	0x9A, 0x99, 0x9A, 0xAA, 0xAA, 0xA9, 0x9A, 0xAA, 0xAA, 0xBB, 0xBB, 0xBB, 0xAA, 0xAB, 0xBB, 
	0xBB, 0xBB, 0xBB, 0xBB, 0xBB, 0xBC, 0xCC, 0xCC, 0xCC, 0xCC, 0xCC, 0xBB, 0xBA, 0xA9, 0x98, 
	0x88, 0x88, 0x88, 0x88, 0x98, 0x88, 0x88, 0x88, 0x88, 0x99, 0x89, 0x99, 0x99, 0x99, 0x99, 
	0x88, 0x88, 0x89, 0x99, 0x99, 0x99, 0x99, 0x99, 0x99, 0x99, 0x99, 0x99, 0x99, 0x99, 0x99, 
	0xFF, 0xFF, 0xFF, 0xFF, 0xFF, 0xFF, 0xFF, 0xFF, 0xFF, 0xFF, 0xFF, 0xFF, 0xFF, 0xFF, 0xFF, 
	0xFF, 0xFF, 0xFF, 0xFF, 0xFF, 0xFF, 0xFF, 0xFF, 0xFF, 0xFF, 0xFF, 0xFF, 0xFF, 0xFF, 0xFF, 
	0xFF, 0xFF, 0xFE, 0xEE, 0xDD, 0xDD, 0xDD, 0xDD, 0xDE, 0xFF, 0xFF, 0xFE, 0xEE, 0xEE, 0xEE, 
	0xDB, 0xA7, 0x65, 0x44, 0x45, 0x44, 0x44, 0x44, 0x33, 0x44, 0x33, 0x33, 0x33, 0x44, 0x33, 
	0x33, 0x33, 0x33, 0x33, 0x33, 0x33, 0x44, 0x44, 0x43, 0x34, 0x43, 0x35, 0x89, 0x98, 0x88, 
	0x9A, 0xBB, 0xCD, 0xDD, 0xDD, 0xEE, 0xED, 0xDE, 0xEE, 0xEE, 0xFE, 0xD7, 0x43, 0x43, 0x32, 
	0x22, 0x23, 0x21, 0x10, 0x11, 0x00, 0x24, 0x43, 0x33, 0x34, 0x43, 0x34, 0x55, 0x54, 0x44, 
	0x44, 0x44, 0x44, 0x44, 0x55, 0x44, 0x44, 0x54, 0x44, 0x44, 0x44, 0x44, 0x44, 0x44, 0x44, 
	0x44, 0x44, 0x43, 0x48, 0xCD, 0xED, 0xDD, 0xCC, 0xCD, 0xDD, 0xDE, 0xEE, 0xEE, 0xDD, 0xDD, 
	0xDD, 0xDD, 0xDD, 0xDD, 0xB8, 0x53, 0x33, 0x34, 0x44, 0x44, 0x44, 0x68, 0x99, 0x99, 0xAA, 
	0xAA, 0xBB, 0xBB, 0xBB, 0xBB, 0xBB, 0xBB, 0xBB, 0xCB, 0xA7, 0x44, 0x44, 0x44, 0x44, 0x44, 
	0x44, 0x44, 0x44, 0x54, 0x44, 0x44, 0x44, 0x44, 0x55, 0x54, 0x44, 0x44, 0x44, 0x44, 0x44, 
	0x44, 0x44, 0x44, 0x44, 0x43, 0x33, 0x22, 0x11, 0x11, 0x11, 0x11, 0x11, 0x11, 0x11, 0x11, 
	0x11, 0x11, 0x11, 0x11, 0x11, 0x11, 0x12, 0x34, 0x44, 0x43, 0x44, 0x55, 0x56, 0x66, 0x66, 
	0x54, 0x44, 0x45, 0x55, 0x44, 0x44, 0x44, 0x45, 0x55, 0x55, 0x55, 0x54, 0x33, 0x34, 0x44, 
	0x44, 0x44, 0x44, 0x44, 0x44, 0x55, 0x55, 0x55, 0x55, 0x55, 0x66, 0x66, 0x77, 0x77, 0x78, 
	0x99, 0x99, 0x99, 0xAA, 0xAA, 0xAA, 0xAA, 0xAA, 0xAA, 0xAB, 0xBB, 0xBA, 0xAA, 0xAA, 0xAB, 
	0xBA, 0xBB, 0xBB, 0xBB, 0xBB, 0xBB, 0xBC, 0xCC, 0xCC, 0xCC, 0xCC, 0xBB, 0xA9, 0x98, 0x88, 
	0x88, 0x89, 0x88, 0x88, 0x88, 0x88, 0x88, 0x88, 0x88, 0x99, 0x99, 0x98, 0x88, 0x88, 0x88, 
	0x88, 0x99, 0x99, 0x99, 0x99, 0x99, 0x99, 0x99, 0x98, 0x99, 0x99, 0x99, 0x99, 0x99, 0x99, 
	0xFF, 0xFF, 0xFF, 0xFF, 0xFF, 0xFF, 0xFF, 0xFF, 0xFF, 0xFF, 0xFF, 0xFF, 0xFF, 0xFF, 0xFF, 
	0xFF, 0xFF, 0xFF, 0xFF, 0xFF, 0xFF, 0xFF, 0xFF, 0xFF, 0xFF, 0xFF, 0xFF, 0xFF, 0xFF, 0xFF, 
	0xFF, 0xFE, 0xEE, 0xED, 0xDD, 0xDD, 0xDD, 0xDD, 0xDE, 0xFF, 0xFF, 0xFE, 0xEE, 0xEE, 0xEE, 
	0xDC, 0xCB, 0xA9, 0x88, 0x88, 0x75, 0x44, 0x43, 0x33, 0x33, 0x43, 0x33, 0x33, 0x34, 0x43, 
	0x43, 0x34, 0x43, 0x33, 0x33, 0x34, 0x44, 0x43, 0x34, 0x34, 0x43, 0x46, 0x99, 0x98, 0x88, 
	0x89, 0xBB, 0xCD, 0xDD, 0xDE, 0xEE, 0xED, 0xDE, 0xEE, 0xEE, 0xFF, 0xD8, 0x43, 0x43, 0x32, 
	0x22, 0x22, 0x21, 0x11, 0x11, 0x01, 0x35, 0x31, 0x12, 0x33, 0x33, 0x44, 0x54, 0x44, 0x44, 
	0x44, 0x44, 0x44, 0x44, 0x54, 0x44, 0x44, 0x44, 0x44, 0x44, 0x44, 0x44, 0x44, 0x44, 0x44, 
	0x45, 0x44, 0x43, 0x35, 0x9C, 0xDD, 0xDD, 0xDD, 0xDD, 0xDE, 0xEE, 0xEE, 0xEE, 0xEE, 0xEE, 
	0xEE, 0xEE, 0xEE, 0xDC, 0xA6, 0x44, 0x33, 0x44, 0x43, 0x44, 0x45, 0x68, 0x9A, 0x9A, 0xAB, 
	0xAA, 0xBB, 0xBB, 0xBB, 0xBB, 0xBB, 0xBB, 0xBB, 0xCB, 0xA8, 0x44, 0x44, 0x44, 0x44, 0x44, 
	0x44, 0x44, 0x44, 0x54, 0x44, 0x44, 0x44, 0x44, 0x55, 0x44, 0x44, 0x45, 0x54, 0x44, 0x44, 
	0x44, 0x44, 0x44, 0x44, 0x33, 0x22, 0x21, 0x11, 0x11, 0x11, 0x11, 0x11, 0x11, 0x11, 0x11, 
	0x11, 0x11, 0x11, 0x11, 0x11, 0x11, 0x12, 0x34, 0x44, 0x33, 0x44, 0x55, 0x56, 0x66, 0x66, 
	0x54, 0x44, 0x45, 0x55, 0x54, 0x34, 0x44, 0x45, 0x55, 0x55, 0x55, 0x55, 0x43, 0x34, 0x45, 
	0x54, 0x44, 0x44, 0x55, 0x44, 0x45, 0x66, 0x55, 0x55, 0x55, 0x66, 0x66, 0x77, 0x77, 0x88, 
	0x99, 0x98, 0x89, 0x9A, 0x9A, 0xAA, 0xAA, 0xA9, 0x99, 0xAA, 0xBB, 0xBA, 0xAA, 0xAA, 0xAA, 
	0xAA, 0xAB, 0xBC, 0xBB, 0xBB, 0xBB, 0xBB, 0xBB, 0xCC, 0xCC, 0xCC, 0xBB, 0xA9, 0x88, 0x88, 
	0x88, 0x88, 0x88, 0x88, 0x88, 0x89, 0x88, 0x88, 0x88, 0x99, 0x99, 0x99, 0x88, 0x99, 0x99, 
	0x99, 0x99, 0x99, 0x99, 0x99, 0x99, 0x99, 0x99, 0x98, 0x99, 0x99, 0x99, 0x99, 0x99, 0x99, 
	0xFF, 0xFF, 0xFF, 0xFF, 0xFF, 0xFF, 0xFF, 0xFF, 0xFF, 0xFF, 0xFF, 0xFF, 0xFF, 0xFF, 0xFF, 
	0xFF, 0xFF, 0xFF, 0xFF, 0xFF, 0xFF, 0xFF, 0xFF, 0xFF, 0xFF, 0xFF, 0xFF, 0xFF, 0xFF, 0xEE, 
	0xEE, 0xEE, 0xEE, 0xED, 0xDD, 0xDD, 0xDD, 0xDD, 0xEF, 0xFF, 0xFF, 0xFF, 0xEE, 0xEE, 0xEE, 
	0xDC, 0xDD, 0xDD, 0xCB, 0xBB, 0xA8, 0x66, 0x54, 0x43, 0x33, 0x33, 0x34, 0x43, 0x33, 0x33, 
	0x33, 0x33, 0x44, 0x33, 0x33, 0x34, 0x44, 0x43, 0x34, 0x33, 0x34, 0x68, 0xA9, 0x99, 0x88, 
	0x89, 0xBB, 0xCC, 0xDD, 0xDE, 0xDE, 0xEE, 0xDE, 0xEE, 0xEE, 0xFF, 0xE9, 0x43, 0x44, 0x32, 
	0x32, 0x11, 0x11, 0x11, 0x10, 0x12, 0x44, 0x20, 0x11, 0x22, 0x33, 0x44, 0x44, 0x33, 0x44, 
	0x44, 0x44, 0x44, 0x44, 0x44, 0x44, 0x44, 0x44, 0x44, 0x44, 0x44, 0x44, 0x44, 0x44, 0x44, 
	0x45, 0x54, 0x44, 0x33, 0x58, 0xBC, 0xDD, 0xDD, 0xDE, 0xEE, 0xEE, 0xEE, 0xEE, 0xEE, 0xEE, 
	0xEE, 0xEE, 0xEE, 0xDA, 0x74, 0x34, 0x43, 0x44, 0x44, 0x44, 0x45, 0x68, 0x9A, 0xAA, 0xBB, 
	0xBA, 0xBB, 0xBB, 0xBB, 0xBB, 0xBB, 0xBB, 0xBB, 0xBB, 0xA8, 0x44, 0x44, 0x44, 0x44, 0x44, 
	0x44, 0x44, 0x44, 0x44, 0x44, 0x44, 0x44, 0x44, 0x44, 0x44, 0x44, 0x44, 0x44, 0x44, 0x44, 
	0x44, 0x44, 0x44, 0x43, 0x32, 0x21, 0x11, 0x11, 0x11, 0x11, 0x11, 0x11, 0x11, 0x11, 0x11, 
	0x11, 0x11, 0x11, 0x11, 0x11, 0x11, 0x12, 0x34, 0x44, 0x33, 0x44, 0x45, 0x55, 0x65, 0x55, 
	0x54, 0x44, 0x45, 0x55, 0x54, 0x34, 0x44, 0x45, 0x55, 0x55, 0x55, 0x55, 0x54, 0x44, 0x45, 
	0x54, 0x44, 0x55, 0x55, 0x54, 0x45, 0x66, 0x55, 0x55, 0x55, 0x66, 0x66, 0x77, 0x77, 0x88, 
	0x88, 0x88, 0x88, 0x99, 0x9A, 0xA9, 0x9A, 0x99, 0x99, 0x99, 0xAB, 0xBA, 0xAA, 0xAA, 0xAA, 
	0x99, 0xAA, 0xBB, 0xBB, 0xBB, 0xBB, 0xBB, 0xBB, 0xBC, 0xCC, 0xCC, 0xBB, 0xA9, 0x88, 0x88, 
	0x88, 0x88, 0x98, 0x88, 0x88, 0x89, 0x98, 0x88, 0x88, 0x89, 0x99, 0x99, 0x99, 0x99, 0x99, 
	0x99, 0x99, 0x99, 0x89, 0x99, 0x99, 0x99, 0x99, 0x99, 0x99, 0x99, 0x99, 0x99, 0x99, 0x99, 
	0xFF, 0xFF, 0xFF, 0xFF, 0xFF, 0xFF, 0xFF, 0xFF, 0xFF, 0xFF, 0xFF, 0xFF, 0xFF, 0xFF, 0xFF, 
	0xFF, 0xFF, 0xFF, 0xFF, 0xFF, 0xFF, 0xFF, 0xFF, 0xFF, 0xFF, 0xFF, 0xFF, 0xFF, 0xFF, 0xEE, 
	0xEE, 0xEE, 0xEE, 0xEE, 0xDD, 0xDD, 0xDD, 0xEE, 0xFF, 0xFF, 0xFF, 0xFF, 0xFE, 0xDE, 0xEE, 
	0xDD, 0xDD, 0xDE, 0xDC, 0xCD, 0xCB, 0x99, 0x97, 0x65, 0x43, 0x33, 0x33, 0x44, 0x33, 0x33, 
	0x33, 0x33, 0x44, 0x33, 0x34, 0x44, 0x44, 0x43, 0x34, 0x33, 0x35, 0x8A, 0x99, 0x88, 0x78, 
	0x89, 0xBC, 0xCC, 0xDD, 0xDD, 0xDE, 0xEE, 0xEE, 0xEE, 0xEE, 0xEF, 0xFA, 0x54, 0x34, 0x43, 
	0x32, 0x11, 0x11, 0x11, 0x01, 0x23, 0x43, 0x11, 0x11, 0x11, 0x23, 0x44, 0x33, 0x33, 0x44, 
	0x44, 0x44, 0x44, 0x44, 0x44, 0x44, 0x44, 0x44, 0x44, 0x45, 0x55, 0x44, 0x44, 0x44, 0x44, 
	0x44, 0x44, 0x44, 0x43, 0x35, 0x68, 0x9A, 0xAB, 0xCC, 0xDD, 0xDE, 0xEE, 0xEE, 0xEE, 0xEE, 
	0xEE, 0xEE, 0xED, 0xC8, 0x53, 0x34, 0x44, 0x43, 0x34, 0x44, 0x44, 0x58, 0x9A, 0xAB, 0xBB, 
	0xBA, 0xBB, 0xBB, 0xBB, 0xBB, 0xBB, 0xBB, 0xBB, 0xBB, 0xA8, 0x44, 0x43, 0x44, 0x44, 0x44, 
	0x44, 0x44, 0x44, 0x44, 0x44, 0x44, 0x44, 0x44, 0x44, 0x44, 0x44, 0x44, 0x44, 0x44, 0x44, 
	0x44, 0x44, 0x44, 0x33, 0x22, 0x11, 0x10, 0x01, 0x11, 0x11, 0x11, 0x11, 0x11, 0x11, 0x11, 
	0x11, 0x11, 0x11, 0x11, 0x11, 0x11, 0x12, 0x23, 0x44, 0x44, 0x44, 0x45, 0x55, 0x65, 0x55, 
	0x54, 0x34, 0x44, 0x44, 0x55, 0x44, 0x44, 0x55, 0x65, 0x55, 0x54, 0x45, 0x54, 0x44, 0x45, 
	0x54, 0x44, 0x44, 0x44, 0x44, 0x45, 0x55, 0x55, 0x55, 0x66, 0x67, 0x67, 0x77, 0x77, 0x78, 
	0x88, 0x88, 0x77, 0x89, 0x9A, 0x99, 0x99, 0x99, 0x99, 0x88, 0x9A, 0xAA, 0xAA, 0xAA, 0xAA, 
	0x99, 0x99, 0xAB, 0xBB, 0xAA, 0xAB, 0xBB, 0xCB, 0xBB, 0xCC, 0xCC, 0xBA, 0xA9, 0x88, 0x88, 
	0x88, 0x88, 0x88, 0x89, 0x88, 0x88, 0x98, 0x88, 0x88, 0x88, 0x99, 0x99, 0x99, 0x99, 0x99, 
	0x88, 0x99, 0x99, 0x89, 0x99, 0x99, 0x99, 0x99, 0x99, 0x99, 0x99, 0x99, 0x99, 0x99, 0x99, 
	0xFF, 0xFF, 0xFF, 0xFF, 0xFF, 0xFF, 0xFF, 0xFF, 0xFF, 0xFF, 0xFF, 0xFF, 0xFF, 0xFF, 0xFF, 
	0xFF, 0xFF, 0xFF, 0xFF, 0xFF, 0xFF, 0xFF, 0xFF, 0xFF, 0xFF, 0xFF, 0xFF, 0xFF, 0xEE, 0xEE, 
	0xEE, 0xED, 0xDE, 0xEE, 0xDD, 0xDD, 0xDE, 0xEF, 0xFF, 0xFF, 0xFF, 0xFF, 0xFE, 0xDD, 0xED, 
	0xDD, 0xEE, 0xDD, 0xDC, 0xDE, 0xED, 0xCC, 0xCA, 0x98, 0x76, 0x54, 0x33, 0x34, 0x43, 0x33, 
	0x33, 0x33, 0x33, 0x33, 0x34, 0x44, 0x44, 0x43, 0x34, 0x33, 0x46, 0x89, 0x87, 0x77, 0x78, 
	0x9A, 0xBC, 0xCC, 0xDD, 0xDD, 0xDD, 0xEE, 0xDE, 0xEE, 0xEE, 0xEF, 0xFC, 0x74, 0x44, 0x53, 
	0x31, 0x11, 0x11, 0x10, 0x01, 0x34, 0x31, 0x11, 0x11, 0x11, 0x23, 0x33, 0x23, 0x33, 0x44, 
	0x44, 0x44, 0x44, 0x44, 0x44, 0x44, 0x44, 0x44, 0x44, 0x45, 0x55, 0x44, 0x44, 0x44, 0x44, 
	0x44, 0x44, 0x44, 0x44, 0x33, 0x44, 0x56, 0x66, 0x78, 0x99, 0xAA, 0xBB, 0xCD, 0xDE, 0xEE, 
	0xEE, 0xED, 0xCB, 0x85, 0x33, 0x34, 0x44, 0x43, 0x34, 0x44, 0x44, 0x47, 0x9A, 0xBB, 0xBB, 
	0xBB, 0xBB, 0xBB, 0xBB, 0xBB, 0xBB, 0xBB, 0xBB, 0xBB, 0xA7, 0x44, 0x43, 0x44, 0x44, 0x44, 
	0x44, 0x44, 0x44, 0x44, 0x44, 0x44, 0x44, 0x44, 0x44, 0x44, 0x44, 0x44, 0x44, 0x44, 0x44, 
	0x44, 0x44, 0x43, 0x32, 0x21, 0x11, 0x10, 0x11, 0x11, 0x11, 0x11, 0x11, 0x11, 0x11, 0x11, 
	0x11, 0x11, 0x11, 0x11, 0x11, 0x11, 0x12, 0x23, 0x44, 0x44, 0x44, 0x44, 0x55, 0x65, 0x55, 
	0x54, 0x44, 0x44, 0x44, 0x45, 0x44, 0x45, 0x66, 0x66, 0x65, 0x55, 0x45, 0x54, 0x44, 0x45, 
	0x54, 0x44, 0x44, 0x44, 0x45, 0x55, 0x55, 0x55, 0x56, 0x66, 0x77, 0x77, 0x77, 0x77, 0x77, 
	0x77, 0x88, 0x77, 0x88, 0x99, 0x98, 0x99, 0x99, 0x99, 0x88, 0x99, 0x9A, 0xAA, 0x99, 0xAA, 
	0xA9, 0x99, 0x9B, 0xBB, 0xAA, 0xAB, 0xBB, 0xBB, 0xBB, 0xBC, 0xCB, 0xA9, 0x98, 0x88, 0x88, 
	0x88, 0x88, 0x88, 0x99, 0x98, 0x88, 0x88, 0x88, 0x88, 0x88, 0x98, 0x99, 0x99, 0x99, 0x98, 
	0x88, 0x89, 0x99, 0x99, 0x99, 0x99, 0x99, 0x99, 0x99, 0x99, 0x99, 0x99, 0x99, 0x99, 0x99, 
	0xFF, 0xFF, 0xFF, 0xFF, 0xFF, 0xFF, 0xFF, 0xFF, 0xFF, 0xFF, 0xFF, 0xFF, 0xFF, 0xFF, 0xFF, 
	0xFF, 0xFF, 0xFF, 0xFF, 0xFF, 0xFF, 0xFF, 0xFF, 0xFF, 0xFF, 0xFF, 0xFF, 0xFF, 0xEE, 0xEE, 
	0xEE, 0xED, 0xDE, 0xED, 0xDE, 0xED, 0xEE, 0xFF, 0xFF, 0xFF, 0xFF, 0xFF, 0xEE, 0xDD, 0xDD, 
	0xDD, 0xEE, 0xDD, 0xDD, 0xDE, 0xEE, 0xDD, 0xDC, 0xBB, 0xAA, 0x97, 0x54, 0x33, 0x34, 0x43, 
	0x33, 0x33, 0x33, 0x33, 0x44, 0x44, 0x33, 0x43, 0x33, 0x34, 0x57, 0x87, 0x76, 0x67, 0x79, 
	0xAA, 0xBC, 0xCC, 0xDD, 0xDD, 0xDD, 0xDD, 0xDD, 0xEE, 0xDD, 0xEE, 0xFD, 0x85, 0x55, 0x53, 
	0x21, 0x11, 0x11, 0x10, 0x12, 0x34, 0x21, 0x11, 0x10, 0x11, 0x22, 0x22, 0x22, 0x33, 0x33, 
	0x34, 0x44, 0x44, 0x44, 0x44, 0x44, 0x44, 0x44, 0x44, 0x44, 0x44, 0x44, 0x44, 0x44, 0x44, 
	0x44, 0x44, 0x44, 0x44, 0x44, 0x43, 0x34, 0x44, 0x44, 0x45, 0x55, 0x56, 0x79, 0xAB, 0xCD, 
	0xDD, 0xCA, 0x97, 0x53, 0x33, 0x44, 0x34, 0x44, 0x33, 0x43, 0x33, 0x36, 0x9B, 0xBB, 0xBB, 
	0xBB, 0xBB, 0xBB, 0xBB, 0xBB, 0xBB, 0xBB, 0xBB, 0xAB, 0x96, 0x44, 0x44, 0x44, 0x44, 0x44, 
	0x44, 0x44, 0x44, 0x54, 0x44, 0x44, 0x44, 0x44, 0x44, 0x44, 0x44, 0x44, 0x44, 0x44, 0x33, 
	0x33, 0x33, 0x33, 0x22, 0x11, 0x11, 0x11, 0x11, 0x11, 0x11, 0x11, 0x11, 0x11, 0x11, 0x11, 
	0x11, 0x11, 0x11, 0x11, 0x11, 0x11, 0x12, 0x23, 0x44, 0x44, 0x44, 0x44, 0x55, 0x66, 0x55, 
	0x54, 0x44, 0x44, 0x44, 0x45, 0x54, 0x45, 0x66, 0x66, 0x66, 0x55, 0x54, 0x44, 0x44, 0x55, 
	0x54, 0x44, 0x55, 0x45, 0x55, 0x55, 0x55, 0x55, 0x66, 0x67, 0x77, 0x77, 0x77, 0x77, 0x76, 
	0x77, 0x88, 0x77, 0x88, 0x89, 0x98, 0x99, 0x99, 0x99, 0x99, 0x98, 0x89, 0x89, 0x88, 0xAA, 
	0xAA, 0x98, 0x9A, 0xAA, 0xAA, 0xAA, 0xAA, 0xBB, 0xAA, 0xAA, 0xAA, 0x98, 0x88, 0x88, 0x88, 
	0x88, 0x88, 0x88, 0x89, 0x98, 0x88, 0x98, 0x99, 0x88, 0x89, 0x99, 0x99, 0x99, 0x99, 0x99, 
	0x88, 0x99, 0x99, 0x99, 0x99, 0x99, 0x99, 0x99, 0x99, 0x99, 0x99, 0x99, 0x99, 0x99, 0x99, 
	0xFF, 0xFF, 0xFF, 0xFF, 0xFF, 0xFF, 0xFF, 0xFF, 0xFF, 0xFF, 0xFF, 0xFF, 0xFF, 0xFF, 0xFF, 
	0xFF, 0xFF, 0xFF, 0xFF, 0xFF, 0xFF, 0xFF, 0xFF, 0xFF, 0xFF, 0xFF, 0xFF, 0xFF, 0xFE, 0xEE, 
	0xEE, 0xED, 0xED, 0xDD, 0xEE, 0xDD, 0xEE, 0xFF, 0xFF, 0xFF, 0xFF, 0xFF, 0xEE, 0xDD, 0xDD, 
	0xDD, 0xDD, 0xDD, 0xDE, 0xEE, 0xEE, 0xED, 0xDC, 0xBB, 0xCC, 0xCB, 0x96, 0x43, 0x33, 0x33, 
	0x33, 0x33, 0x44, 0x33, 0x44, 0x43, 0x34, 0x44, 0x34, 0x45, 0x67, 0x76, 0x66, 0x78, 0x9A, 
	0xAA, 0xBB, 0xCC, 0xCD, 0xED, 0xDD, 0xDD, 0xDD, 0xEE, 0xEE, 0xEE, 0xEE, 0xA6, 0x55, 0x43, 
	0x21, 0x11, 0x11, 0x11, 0x14, 0x43, 0x01, 0x11, 0x01, 0x11, 0x11, 0x11, 0x11, 0x22, 0x33, 
	0x33, 0x33, 0x44, 0x44, 0x44, 0x44, 0x34, 0x44, 0x44, 0x44, 0x44, 0x44, 0x44, 0x44, 0x44, 
	0x44, 0x44, 0x44, 0x44, 0x44, 0x43, 0x34, 0x43, 0x33, 0x33, 0x33, 0x33, 0x44, 0x56, 0x89, 
	0x99, 0x86, 0x43, 0x33, 0x34, 0x43, 0x44, 0x44, 0x43, 0x34, 0x43, 0x36, 0x9B, 0xBB, 0xBB, 
	0xBB, 0xBB, 0xBA, 0xBB, 0xBB, 0xBB, 0xBB, 0xBB, 0xBA, 0x85, 0x44, 0x44, 0x44, 0x44, 0x44, 
	0x44, 0x44, 0x44, 0x54, 0x44, 0x44, 0x44, 0x44, 0x44, 0x44, 0x44, 0x44, 0x44, 0x44, 0x33, 
	0x33, 0x33, 0x22, 0x11, 0x11, 0x11, 0x11, 0x11, 0x11, 0x11, 0x11, 0x11, 0x11, 0x11, 0x11, 
	0x11, 0x11, 0x11, 0x11, 0x11, 0x11, 0x12, 0x23, 0x34, 0x44, 0x44, 0x44, 0x55, 0x56, 0x65, 
	0x54, 0x44, 0x34, 0x44, 0x45, 0x55, 0x55, 0x66, 0x67, 0x77, 0x65, 0x55, 0x44, 0x44, 0x55, 
	0x55, 0x55, 0x55, 0x55, 0x55, 0x55, 0x55, 0x66, 0x66, 0x67, 0x77, 0x77, 0x77, 0x87, 0x77, 
	0x77, 0x78, 0x88, 0x88, 0x89, 0x88, 0x99, 0x99, 0x99, 0x98, 0x89, 0x88, 0x78, 0x77, 0x9A, 
	0xA9, 0x88, 0x98, 0x9A, 0xAA, 0x99, 0x99, 0x99, 0x99, 0x99, 0x89, 0x88, 0x88, 0x89, 0x98, 
	0x88, 0x88, 0x88, 0x99, 0x88, 0x88, 0x88, 0x88, 0x88, 0x89, 0x99, 0x88, 0x98, 0x88, 0x99, 
	0x99, 0x99, 0x99, 0x99, 0x99, 0x98, 0x99, 0x99, 0x99, 0x99, 0x99, 0x99, 0x99, 0x99, 0x99, 
	0xFF, 0xFF, 0xFF, 0xFF, 0xFF, 0xFF, 0xFF, 0xFF, 0xFF, 0xFF, 0xFF, 0xFF, 0xFF, 0xFF, 0xFF, 
	0xFF, 0xFF, 0xFF, 0xFF, 0xFF, 0xFF, 0xFF, 0xFF, 0xFF, 0xFF, 0xFF, 0xFF, 0xFF, 0xFE, 0xEE, 
	0xED, 0xDD, 0xDD, 0xDD, 0xDD, 0xDD, 0xDE, 0xEE, 0xEF, 0xFF, 0xFF, 0xFF, 0xEE, 0xDD, 0xDD, 
	0xDD, 0xDD, 0xDD, 0xEE, 0xEE, 0xEE, 0xDD, 0xDC, 0xBB, 0xBC, 0xCC, 0xB8, 0x64, 0x33, 0x33, 
	0x33, 0x33, 0x33, 0x33, 0x44, 0x43, 0x34, 0x43, 0x34, 0x56, 0x77, 0x66, 0x67, 0x89, 0x9A, 
	0xAB, 0xBB, 0xCC, 0xCD, 0xDD, 0xDD, 0xDD, 0xDD, 0xEE, 0xEE, 0xEE, 0xFE, 0xB7, 0x55, 0x43, 
	0x21, 0x11, 0x11, 0x11, 0x34, 0x32, 0x11, 0x11, 0x11, 0x21, 0x11, 0x11, 0x11, 0x12, 0x22, 
	0x23, 0x33, 0x34, 0x44, 0x44, 0x43, 0x33, 0x44, 0x44, 0x44, 0x44, 0x44, 0x44, 0x44, 0x44, 
	0x44, 0x44, 0x44, 0x44, 0x44, 0x44, 0x44, 0x44, 0x34, 0x44, 0x44, 0x43, 0x33, 0x33, 0x45, 
	0x55, 0x43, 0x33, 0x33, 0x33, 0x44, 0x44, 0x44, 0x43, 0x44, 0x44, 0x45, 0x8A, 0xBB, 0xBB, 
	0xBB, 0xBB, 0xBB, 0xBB, 0xBB, 0xBA, 0xAA, 0xBB, 0xBA, 0x75, 0x44, 0x44, 0x44, 0x44, 0x33, 
	0x44, 0x44, 0x44, 0x44, 0x44, 0x44, 0x44, 0x44, 0x44, 0x44, 0x44, 0x44, 0x44, 0x33, 0x33, 
	0x33, 0x32, 0x21, 0x11, 0x11, 0x11, 0x11, 0x11, 0x11, 0x11, 0x11, 0x11, 0x11, 0x11, 0x11, 
	0x11, 0x11, 0x11, 0x11, 0x11, 0x11, 0x12, 0x23, 0x33, 0x44, 0x44, 0x44, 0x55, 0x56, 0x65, 
	0x44, 0x44, 0x44, 0x44, 0x45, 0x55, 0x55, 0x67, 0x77, 0x77, 0x65, 0x55, 0x54, 0x44, 0x45, 
	0x55, 0x65, 0x55, 0x55, 0x55, 0x66, 0x66, 0x66, 0x67, 0x77, 0x77, 0x78, 0x88, 0x87, 0x77, 
	0x77, 0x78, 0x88, 0x99, 0x99, 0x89, 0x99, 0x99, 0x99, 0x99, 0x98, 0x88, 0x88, 0x77, 0x89, 
	0xA9, 0x88, 0x88, 0x99, 0x99, 0x98, 0x88, 0x88, 0x88, 0x88, 0x88, 0x88, 0x78, 0x89, 0x88, 
	0x88, 0x99, 0x88, 0x89, 0x88, 0x89, 0x88, 0x88, 0x88, 0x89, 0x98, 0x88, 0x88, 0x88, 0x99, 
	0x99, 0x99, 0x99, 0x99, 0x99, 0x99, 0x99, 0x99, 0x99, 0x99, 0x99, 0x99, 0x99, 0x99, 0x99, 
	0xFF, 0xFF, 0xFF, 0xFF, 0xFF, 0xFF, 0xFF, 0xFF, 0xFF, 0xFF, 0xFF, 0xFF, 0xFF, 0xFF, 0xFF, 
	0xFF, 0xFF, 0xFF, 0xFF, 0xFF, 0xFF, 0xFF, 0xFF, 0xFF, 0xFF, 0xFF, 0xFF, 0xEE, 0xEE, 0xEE, 
	0xDD, 0xDD, 0xDD, 0xED, 0xDD, 0xDD, 0xDE, 0xEE, 0xEF, 0xFF, 0xFF, 0xEE, 0xEE, 0xED, 0xDD, 
	0xDD, 0xDE, 0xEE, 0xEE, 0xEE, 0xED, 0xDD, 0xDD, 0xCB, 0xCC, 0xDD, 0xCB, 0x97, 0x54, 0x33, 
	0x33, 0x33, 0x33, 0x34, 0x44, 0x43, 0x44, 0x43, 0x35, 0x67, 0x76, 0x78, 0x78, 0x99, 0x9A, 
	0xAB, 0xBB, 0xCC, 0xCC, 0xDD, 0xDD, 0xDD, 0xDD, 0xEE, 0xEE, 0xEE, 0xFF, 0xD8, 0x44, 0x44, 
	0x22, 0x21, 0x11, 0x12, 0x44, 0x21, 0x11, 0x11, 0x11, 0x11, 0x11, 0x11, 0x11, 0x11, 0x11, 
	0x22, 0x23, 0x33, 0x33, 0x44, 0x43, 0x34, 0x44, 0x44, 0x44, 0x44, 0x44, 0x44, 0x44, 0x44, 
	0x44, 0x44, 0x44, 0x44, 0x44, 0x44, 0x44, 0x44, 0x44, 0x44, 0x44, 0x43, 0x44, 0x33, 0x34, 
	0x33, 0x33, 0x44, 0x44, 0x34, 0x44, 0x44, 0x33, 0x44, 0x44, 0x44, 0x44, 0x69, 0xAB, 0xBB, 
	0xBB, 0xBB, 0xBB, 0xBB, 0xBB, 0xBA, 0x99, 0xAB, 0xBA, 0x74, 0x44, 0x44, 0x44, 0x44, 0x33, 
	0x44, 0x44, 0x44, 0x44, 0x44, 0x44, 0x44, 0x44, 0x44, 0x44, 0x44, 0x44, 0x33, 0x33, 0x33, 
	0x22, 0x22, 0x11, 0x10, 0x11, 0x11, 0x11, 0x11, 0x11, 0x11, 0x11, 0x11, 0x11, 0x11, 0x11, 
	0x11, 0x11, 0x11, 0x11, 0x11, 0x11, 0x11, 0x23, 0x33, 0x44, 0x54, 0x44, 0x45, 0x56, 0x65, 
	0x44, 0x44, 0x44, 0x44, 0x44, 0x56, 0x66, 0x67, 0x77, 0x77, 0x65, 0x55, 0x54, 0x44, 0x45, 
	0x55, 0x66, 0x55, 0x66, 0x66, 0x66, 0x66, 0x66, 0x77, 0x77, 0x77, 0x78, 0x88, 0x87, 0x77, 
	0x77, 0x77, 0x88, 0x99, 0x99, 0x99, 0x99, 0x99, 0x99, 0x99, 0x98, 0x88, 0x88, 0x77, 0x88, 
	0x99, 0x88, 0x88, 0x88, 0x88, 0x88, 0x88, 0x88, 0x88, 0x88, 0x88, 0x88, 0x78, 0x88, 0x88, 
	0x88, 0x99, 0x88, 0x88, 0x88, 0x88, 0x98, 0x88, 0x88, 0x99, 0x99, 0x89, 0x99, 0x99, 0x99, 
	0x99, 0x99, 0x99, 0x89, 0x99, 0x99, 0x99, 0x99, 0x99, 0x99, 0x99, 0x99, 0x99, 0x99, 0x99, 
	0xFF, 0xFF, 0xFF, 0xFF, 0xFF, 0xFF, 0xFF, 0xFF, 0xFF, 0xFF, 0xFF, 0xFF, 0xFF, 0xFF, 0xFF, 
	0xFF, 0xFF, 0xFF, 0xFF, 0xFF, 0xFF, 0xFF, 0xFF, 0xFF, 0xFF, 0xFF, 0xFE, 0xEE, 0xEE, 0xEE, 
	0xEE, 0xDD, 0xDD, 0xDD, 0xDD, 0xCC, 0xCD, 0xEE, 0xEF, 0xFF, 0xFE, 0xEE, 0xEE, 0xEE, 0xEE, 
	0xEE, 0xEE, 0xEE, 0xFF, 0xEE, 0xED, 0xDD, 0xDD, 0xCC, 0xCC, 0xCD, 0xCB, 0xA9, 0x76, 0x54, 
	0x33, 0x33, 0x33, 0x34, 0x44, 0x33, 0x44, 0x44, 0x46, 0x77, 0x77, 0x78, 0x88, 0x89, 0xAA, 
	0xAA, 0xAB, 0xCC, 0xCC, 0xDD, 0xDD, 0xDD, 0xDD, 0xDD, 0xDE, 0xDE, 0xEF, 0xD9, 0x54, 0x44, 
	0x32, 0x21, 0x11, 0x13, 0x43, 0x20, 0x11, 0x11, 0x11, 0x11, 0x11, 0x11, 0x11, 0x11, 0x11, 
	0x12, 0x22, 0x33, 0x33, 0x33, 0x33, 0x34, 0x44, 0x44, 0x44, 0x44, 0x44, 0x44, 0x44, 0x44, 
	0x44, 0x44, 0x44, 0x44, 0x44, 0x44, 0x44, 0x44, 0x44, 0x44, 0x44, 0x44, 0x44, 0x44, 0x44, 
	0x44, 0x44, 0x44, 0x44, 0x44, 0x44, 0x44, 0x33, 0x44, 0x44, 0x44, 0x43, 0x47, 0xAB, 0xBB, 
	0xBB, 0xBB, 0xBB, 0xBB, 0xBB, 0xBA, 0x98, 0x9B, 0xB9, 0x54, 0x44, 0x44, 0x44, 0x44, 0x34, 
	0x44, 0x44, 0x44, 0x44, 0x44, 0x44, 0x43, 0x44, 0x44, 0x44, 0x33, 0x33, 0x33, 0x33, 0x32, 
	0x22, 0x11, 0x11, 0x11, 0x11, 0x11, 0x11, 0x11, 0x11, 0x11, 0x11, 0x11, 0x11, 0x11, 0x11, 
	0x11, 0x11, 0x11, 0x11, 0x11, 0x11, 0x11, 0x23, 0x33, 0x45, 0x55, 0x44, 0x44, 0x56, 0x65, 
	0x44, 0x44, 0x44, 0x45, 0x54, 0x56, 0x66, 0x67, 0x87, 0x77, 0x66, 0x55, 0x55, 0x54, 0x55, 
	0x55, 0x66, 0x55, 0x66, 0x66, 0x66, 0x66, 0x66, 0x67, 0x77, 0x77, 0x77, 0x88, 0x88, 0x87, 
	0x88, 0x88, 0x88, 0x99, 0x99, 0x99, 0x9A, 0x99, 0xA9, 0x99, 0x98, 0x89, 0x88, 0x88, 0x88, 
	0x88, 0x88, 0x88, 0x77, 0x88, 0x78, 0x88, 0x88, 0x88, 0x88, 0x88, 0x88, 0x88, 0x88, 0x88, 
	0x88, 0x88, 0x88, 0x88, 0x88, 0x88, 0x88, 0x88, 0x88, 0x99, 0x99, 0x99, 0x99, 0x99, 0x98, 
	0x88, 0x89, 0x99, 0x89, 0x99, 0x99, 0x99, 0x99, 0x99, 0x99, 0x99, 0x99, 0x99, 0x99, 0x99, 
	0xFF, 0xFF, 0xFF, 0xFF, 0xFF, 0xFF, 0xFF, 0xFF, 0xFF, 0xFF, 0xFF, 0xFF, 0xFF, 0xFF, 0xFF, 
	0xFF, 0xFF, 0xFF, 0xFF, 0xFF, 0xFF, 0xFF, 0xFF, 0xFF, 0xFF, 0xFF, 0xFF, 0xEE, 0xEE, 0xEE, 
	0xEE, 0xED, 0xDD, 0xDD, 0xDD, 0xCC, 0xCD, 0xEE, 0xFF, 0xFE, 0xEE, 0xEE, 0xDD, 0xDD, 0xDD, 
	0xEE, 0xEE, 0xEE, 0xEE, 0xEE, 0xEE, 0xED, 0xDD, 0xCC, 0xCC, 0xCC, 0xCB, 0xAA, 0x98, 0x75, 
	0x33, 0x33, 0x33, 0x44, 0x34, 0x33, 0x34, 0x44, 0x57, 0x87, 0x87, 0x77, 0x88, 0x89, 0x99, 
	0x89, 0xAB, 0xCB, 0xBC, 0xDD, 0xDD, 0xDD, 0xDD, 0xDD, 0xDE, 0xDE, 0xEF, 0xEB, 0x64, 0x44, 
	0x32, 0x21, 0x11, 0x34, 0x41, 0x11, 0x11, 0x22, 0x11, 0x11, 0x11, 0x11, 0x11, 0x11, 0x11, 
	0x11, 0x12, 0x22, 0x23, 0x33, 0x33, 0x34, 0x44, 0x44, 0x44, 0x44, 0x44, 0x44, 0x44, 0x44, 
	0x44, 0x44, 0x44, 0x44, 0x44, 0x44, 0x44, 0x44, 0x44, 0x44, 0x44, 0x44, 0x44, 0x44, 0x44, 
	0x44, 0x44, 0x44, 0x44, 0x44, 0x34, 0x44, 0x33, 0x44, 0x43, 0x44, 0x43, 0x46, 0x9B, 0xBB, 
	0xBB, 0xBB, 0xBB, 0xBB, 0xBB, 0xAA, 0xAA, 0xAB, 0xB8, 0x43, 0x44, 0x44, 0x44, 0x43, 0x33, 
	0x44, 0x44, 0x44, 0x44, 0x44, 0x44, 0x33, 0x44, 0x43, 0x33, 0x33, 0x33, 0x32, 0x22, 0x22, 
	0x11, 0x11, 0x11, 0x11, 0x11, 0x11, 0x11, 0x11, 0x11, 0x11, 0x11, 0x11, 0x11, 0x11, 0x11, 
	0x11, 0x11, 0x11, 0x11, 0x11, 0x11, 0x11, 0x22, 0x33, 0x44, 0x55, 0x54, 0x44, 0x56, 0x66, 
	0x54, 0x44, 0x54, 0x45, 0x55, 0x56, 0x76, 0x67, 0x87, 0x77, 0x66, 0x66, 0x55, 0x55, 0x55, 
	0x55, 0x55, 0x56, 0x56, 0x67, 0x77, 0x66, 0x66, 0x66, 0x77, 0x77, 0x77, 0x88, 0x88, 0x88, 
	0x88, 0x88, 0x88, 0x99, 0x99, 0x99, 0x99, 0xAA, 0xA9, 0x99, 0x98, 0x88, 0x88, 0x89, 0x88, 
	0x88, 0x88, 0x88, 0x87, 0x88, 0x88, 0x88, 0x88, 0x88, 0x88, 0x88, 0x88, 0x88, 0x88, 0x88, 
	0x88, 0x88, 0x88, 0x89, 0x88, 0x88, 0x88, 0x88, 0x89, 0x99, 0x98, 0x89, 0x99, 0x99, 0x99, 
	0x88, 0x89, 0x99, 0x99, 0x99, 0x99, 0x99, 0x99, 0x99, 0x99, 0x99, 0x99, 0x99, 0x99, 0x99, 
	0xFF, 0xFF, 0xFF, 0xFF, 0xFF, 0xFF, 0xFF, 0xFF, 0xFF, 0xFF, 0xFF, 0xFF, 0xFF, 0xFF, 0xFF, 
	0xFF, 0xFF, 0xFD, 0xDE, 0xFF, 0xFF, 0xFF, 0xFF, 0xFF, 0xFF, 0xFF, 0xFF, 0xEE, 0xEE, 0xEE, 
	0xEE, 0xED, 0xDD, 0xDD, 0xDD, 0xCC, 0xCD, 0xEE, 0xFF, 0xEE, 0xEE, 0xED, 0xDD, 0xDD, 0xDD, 
	0xDD, 0xDE, 0xEE, 0xEE, 0xEE, 0xEE, 0xED, 0xDD, 0xCC, 0xCC, 0xCC, 0xCB, 0xA9, 0x98, 0x75, 
	0x43, 0x33, 0x33, 0x44, 0x44, 0x43, 0x33, 0x45, 0x68, 0x88, 0x77, 0x78, 0x89, 0x98, 0x87, 
	0x89, 0xAB, 0xBB, 0xBC, 0xDD, 0xDD, 0xDD, 0xDD, 0xDD, 0xDE, 0xEE, 0xEF, 0xEC, 0x74, 0x44, 
	0x33, 0x21, 0x11, 0x45, 0x31, 0x11, 0x11, 0x12, 0x11, 0x11, 0x11, 0x11, 0x11, 0x11, 0x11, 
	0x01, 0x11, 0x22, 0x22, 0x22, 0x33, 0x33, 0x34, 0x44, 0x44, 0x44, 0x44, 0x44, 0x44, 0x44, 
	0x44, 0x44, 0x44, 0x44, 0x44, 0x44, 0x44, 0x44, 0x44, 0x44, 0x44, 0x44, 0x44, 0x44, 0x44, 
	0x44, 0x44, 0x44, 0x44, 0x44, 0x44, 0x44, 0x44, 0x44, 0x33, 0x34, 0x44, 0x36, 0x9B, 0xBB, 
	0xAA, 0xBB, 0xBB, 0xBB, 0xBA, 0xAA, 0xBB, 0xBB, 0x96, 0x33, 0x34, 0x44, 0x44, 0x33, 0x34, 
	0x44, 0x43, 0x34, 0x44, 0x34, 0x44, 0x33, 0x43, 0x33, 0x33, 0x33, 0x22, 0x22, 0x22, 0x11, 
	0x11, 0x10, 0x11, 0x11, 0x11, 0x11, 0x11, 0x11, 0x11, 0x11, 0x11, 0x11, 0x11, 0x11, 0x11, 
	0x11, 0x11, 0x11, 0x11, 0x11, 0x11, 0x11, 0x12, 0x33, 0x44, 0x55, 0x54, 0x45, 0x56, 0x66, 
	0x55, 0x45, 0x54, 0x45, 0x55, 0x56, 0x77, 0x78, 0x88, 0x77, 0x76, 0x65, 0x55, 0x55, 0x55, 
	0x65, 0x55, 0x55, 0x56, 0x66, 0x67, 0x77, 0x66, 0x66, 0x77, 0x78, 0x87, 0x77, 0x78, 0x88, 
	0x78, 0x89, 0x99, 0x99, 0x99, 0x99, 0x99, 0xAA, 0xAA, 0x99, 0x99, 0x88, 0x88, 0x88, 0x88, 
	0x88, 0x88, 0x88, 0x88, 0x88, 0x88, 0x88, 0x88, 0x88, 0x88, 0x88, 0x88, 0x88, 0x88, 0x88, 
	0x88, 0x88, 0x88, 0x88, 0x99, 0x88, 0x88, 0x88, 0x88, 0x99, 0x98, 0x88, 0x88, 0x99, 0x99, 
	0x99, 0x99, 0x99, 0x99, 0x99, 0x99, 0x99, 0x99, 0x99, 0x99, 0x99, 0x99, 0x99, 0x99, 0x99, 
	0xFF, 0xFF, 0xFF, 0xFF, 0xFF, 0xFF, 0xFF, 0xFF, 0xFF, 0xFF, 0xFF, 0xFF, 0xFF, 0xFF, 0xFF, 
	0xFF, 0xFE, 0xDB, 0xBE, 0xFF, 0xFF, 0xFF, 0xFF, 0xFF, 0xFF, 0xFF, 0xFF, 0xFE, 0xEE, 0xEE, 
	0xEE, 0xDD, 0xDD, 0xDD, 0xDD, 0xCC, 0xCC, 0xDD, 0xEE, 0xEE, 0xEE, 0xED, 0xDD, 0xDD, 0xDD, 
	0xDD, 0xDD, 0xDD, 0xEE, 0xEE, 0xEE, 0xED, 0xCC, 0xBC, 0xCC, 0xCC, 0xBB, 0xA9, 0x98, 0x76, 
	0x54, 0x33, 0x33, 0x43, 0x34, 0x33, 0x44, 0x56, 0x78, 0x87, 0x77, 0x88, 0x99, 0x88, 0x78, 
	0x9A, 0xBB, 0xBA, 0xBC, 0xDD, 0xDD, 0xDD, 0xDD, 0xDE, 0xEE, 0xEE, 0xEF, 0xED, 0x95, 0x33, 
	0x33, 0x21, 0x13, 0x44, 0x21, 0x11, 0x11, 0x11, 0x11, 0x11, 0x11, 0x11, 0x11, 0x11, 0x11, 
	0x11, 0x11, 0x12, 0x12, 0x22, 0x22, 0x33, 0x33, 0x34, 0x44, 0x44, 0x44, 0x44, 0x33, 0x44, 
	0x44, 0x44, 0x44, 0x44, 0x34, 0x44, 0x44, 0x44, 0x44, 0x44, 0x44, 0x44, 0x44, 0x44, 0x44, 
	0x44, 0x44, 0x43, 0x44, 0x44, 0x44, 0x44, 0x44, 0x44, 0x33, 0x33, 0x44, 0x35, 0x79, 0xBB, 
	0xBB, 0xBB, 0xBB, 0xBB, 0xBB, 0xBB, 0xBB, 0xA8, 0x64, 0x33, 0x44, 0x44, 0x43, 0x33, 0x44, 
	0x44, 0x43, 0x44, 0x43, 0x33, 0x34, 0x33, 0x33, 0x33, 0x33, 0x32, 0x22, 0x22, 0x11, 0x11, 
	0x11, 0x11, 0x11, 0x11, 0x11, 0x11, 0x11, 0x11, 0x11, 0x11, 0x11, 0x11, 0x11, 0x11, 0x11, 
	0x11, 0x11, 0x11, 0x11, 0x11, 0x11, 0x11, 0x12, 0x34, 0x44, 0x44, 0x44, 0x45, 0x56, 0x66, 
	0x65, 0x55, 0x55, 0x55, 0x65, 0x56, 0x77, 0x88, 0x88, 0x87, 0x76, 0x65, 0x55, 0x44, 0x55, 
	0x65, 0x55, 0x55, 0x65, 0x55, 0x66, 0x77, 0x76, 0x66, 0x77, 0x78, 0x87, 0x77, 0x77, 0x77, 
	0x78, 0x89, 0x9A, 0x99, 0x99, 0x99, 0x99, 0xAA, 0xA9, 0x99, 0x99, 0x99, 0x88, 0x88, 0x88, 
	0x78, 0x88, 0x88, 0x88, 0x88, 0x87, 0x78, 0x88, 0x88, 0x88, 0x88, 0x88, 0x88, 0x88, 0x88, 
	0x88, 0x88, 0x88, 0x88, 0x89, 0x88, 0x88, 0x88, 0x88, 0x99, 0x99, 0x99, 0x99, 0x99, 0x99, 
	0x99, 0x99, 0x99, 0x99, 0x99, 0x99, 0x99, 0x99, 0x99, 0x99, 0x99, 0x99, 0x99, 0x99, 0x99, 
	0xFF, 0xFF, 0xFF, 0xFF, 0xFF, 0xFF, 0xFF, 0xFF, 0xFF, 0xFF, 0xFF, 0xFF, 0xFF, 0xFF, 0xFF, 
	0xFE, 0xDB, 0xA9, 0xBE, 0xFF, 0xFF, 0xFF, 0xFF, 0xFF, 0xFF, 0xFF, 0xFF, 0xFF, 0xFF, 0xEE, 
	0xED, 0xDD, 0xDD, 0xDD, 0xDD, 0xCC, 0xCC, 0xCD, 0xDE, 0xEE, 0xEE, 0xED, 0xDD, 0xDD, 0xDC, 
	0xCC, 0xCD, 0xDD, 0xDD, 0xDD, 0xDD, 0xDC, 0xCC, 0xBB, 0xBB, 0xBB, 0xBA, 0xA9, 0x99, 0x87, 
	0x65, 0x55, 0x44, 0x44, 0x33, 0x33, 0x44, 0x56, 0x77, 0x87, 0x77, 0x88, 0x88, 0x88, 0x8A, 
	0xAA, 0xAB, 0xAA, 0xBC, 0xCD, 0xDD, 0xDD, 0xDD, 0xDE, 0xEE, 0xEE, 0xEF, 0xED, 0xA5, 0x43, 
	0x33, 0x21, 0x24, 0x43, 0x11, 0x11, 0x11, 0x11, 0x11, 0x11, 0x11, 0x11, 0x11, 0x11, 0x11, 
	0x11, 0x11, 0x11, 0x11, 0x22, 0x22, 0x22, 0x23, 0x33, 0x33, 0x33, 0x33, 0x33, 0x33, 0x33, 
	0x33, 0x34, 0x44, 0x43, 0x33, 0x34, 0x44, 0x44, 0x44, 0x44, 0x33, 0x34, 0x44, 0x44, 0x44, 
	0x44, 0x44, 0x44, 0x44, 0x43, 0x43, 0x34, 0x33, 0x44, 0x33, 0x33, 0x44, 0x34, 0x57, 0x8A, 
	0xAB, 0xBB, 0xBB, 0xBB, 0xBB, 0xBB, 0xB9, 0x86, 0x43, 0x34, 0x44, 0x44, 0x43, 0x33, 0x44, 
	0x44, 0x43, 0x44, 0x43, 0x33, 0x33, 0x33, 0x33, 0x33, 0x33, 0x22, 0x22, 0x11, 0x11, 0x11, 
	0x11, 0x11, 0x11, 0x11, 0x11, 0x11, 0x11, 0x11, 0x11, 0x11, 0x11, 0x11, 0x11, 0x11, 0x11, 
	0x11, 0x11, 0x11, 0x11, 0x11, 0x11, 0x11, 0x12, 0x34, 0x44, 0x44, 0x44, 0x44, 0x55, 0x66, 
	0x65, 0x56, 0x55, 0x56, 0x66, 0x66, 0x78, 0x99, 0x88, 0x88, 0x76, 0x65, 0x55, 0x44, 0x45, 
	0x66, 0x66, 0x66, 0x66, 0x55, 0x67, 0x77, 0x76, 0x67, 0x77, 0x77, 0x88, 0x87, 0x66, 0x77, 
	0x88, 0x99, 0x99, 0x99, 0x99, 0x99, 0x99, 0xA9, 0xA9, 0x99, 0x99, 0x99, 0x98, 0x88, 0x88, 
	0x78, 0x88, 0x88, 0x88, 0x88, 0x88, 0x77, 0x78, 0x88, 0x88, 0x88, 0x88, 0x88, 0x88, 0x88, 
	0x88, 0x88, 0x88, 0x88, 0x88, 0x88, 0x88, 0x88, 0x88, 0x89, 0x99, 0x99, 0x99, 0x99, 0x99, 
	0x99, 0x99, 0x99, 0x99, 0x99, 0x99, 0x99, 0x99, 0x99, 0x99, 0x99, 0x99, 0x99, 0x99, 0x99, 
	0xFF, 0xFF, 0xFF, 0xFF, 0xFF, 0xFF, 0xFF, 0xFF, 0xFF, 0xFF, 0xFF, 0xFF, 0xFF, 0xFF, 0xFF, 
	0xDC, 0xB8, 0x67, 0xCF, 0xFF, 0xFF, 0xFF, 0xFF, 0xFF, 0xFF, 0xFF, 0xFF, 0xFF, 0xFF, 0xEE, 
	0xDD, 0xDD, 0xDD, 0xDD, 0xDD, 0xDD, 0xCC, 0xCC, 0xDD, 0xEE, 0xEE, 0xDD, 0xDD, 0xDD, 0xDC, 
	0xCC, 0xCC, 0xCC, 0xCC, 0xCC, 0xCC, 0xCC, 0xBB, 0xBB, 0xBB, 0xBB, 0xAA, 0xA9, 0x99, 0x88, 
	0x77, 0x76, 0x66, 0x54, 0x33, 0x33, 0x45, 0x67, 0x77, 0x77, 0x78, 0x88, 0x88, 0x89, 0xA9, 
	0x99, 0x99, 0xAB, 0xCC, 0xCC, 0xDD, 0xDD, 0xDE, 0xEE, 0xEE, 0xEE, 0xEE, 0xEE, 0xB6, 0x44, 
	0x33, 0x22, 0x35, 0x31, 0x11, 0x12, 0x11, 0x11, 0x11, 0x11, 0x11, 0x11, 0x11, 0x11, 0x11, 
	0x11, 0x11, 0x11, 0x11, 0x11, 0x11, 0x12, 0x22, 0x22, 0x22, 0x33, 0x33, 0x33, 0x33, 0x34, 
	0x43, 0x33, 0x33, 0x33, 0x33, 0x34, 0x44, 0x33, 0x34, 0x44, 0x43, 0x33, 0x33, 0x34, 0x44, 
	0x44, 0x44, 0x44, 0x44, 0x33, 0x33, 0x33, 0x33, 0x44, 0x33, 0x33, 0x33, 0x33, 0x34, 0x57, 
	0x9B, 0xBB, 0xBB, 0xBB, 0xBB, 0xBA, 0x96, 0x43, 0x33, 0x44, 0x44, 0x33, 0x33, 0x33, 0x33, 
	0x44, 0x44, 0x43, 0x33, 0x33, 0x33, 0x32, 0x22, 0x22, 0x22, 0x22, 0x11, 0x11, 0x11, 0x11, 
	0x11, 0x11, 0x11, 0x11, 0x11, 0x11, 0x11, 0x11, 0x11, 0x11, 0x11, 0x11, 0x11, 0x11, 0x11, 
	0x11, 0x11, 0x11, 0x11, 0x11, 0x11, 0x11, 0x12, 0x33, 0x34, 0x44, 0x44, 0x44, 0x55, 0x66, 
	0x65, 0x55, 0x56, 0x66, 0x67, 0x77, 0x78, 0x98, 0x99, 0x88, 0x76, 0x66, 0x56, 0x65, 0x55, 
	0x56, 0x66, 0x77, 0x76, 0x56, 0x67, 0x77, 0x77, 0x67, 0x77, 0x77, 0x88, 0x87, 0x77, 0x77, 
	0x89, 0x99, 0x99, 0x99, 0x99, 0x99, 0x99, 0x99, 0x99, 0x98, 0x99, 0x99, 0x89, 0x88, 0x87, 
	0x78, 0x88, 0x88, 0x88, 0x88, 0x88, 0x78, 0x88, 0x88, 0x88, 0x88, 0x88, 0x88, 0x88, 0x89, 
	0x88, 0x88, 0x88, 0x88, 0x88, 0x89, 0x99, 0x98, 0x89, 0x99, 0x99, 0x98, 0x89, 0x98, 0x99, 
	0x99, 0x99, 0x99, 0x99, 0x99, 0x99, 0x99, 0x99, 0xA9, 0x99, 0x99, 0x99, 0x99, 0x99, 0x99, 
	0xFF, 0xFF, 0xFF, 0xFF, 0xFF, 0xFF, 0xFF, 0xFF, 0xFF, 0xFF, 0xFF, 0xFF, 0xFF, 0xFE, 0xEC, 
	0xBA, 0x96, 0x59, 0xDF, 0xFF, 0xFF, 0xFF, 0xFF, 0xFF, 0xFF, 0xFF, 0xFF, 0xFF, 0xFF, 0xEE, 
	0xED, 0xDD, 0xDD, 0xDD, 0xCD, 0xDD, 0xDD, 0xDD, 0xDD, 0xEE, 0xED, 0xDD, 0xDD, 0xDC, 0xCC, 
	0xCC, 0xCC, 0xCD, 0xCC, 0xCC, 0xCC, 0xBB, 0xBB, 0xBB, 0xBB, 0xBA, 0xAA, 0xA9, 0x99, 0x98, 
	0x88, 0x77, 0x77, 0x65, 0x34, 0x44, 0x46, 0x77, 0x77, 0x77, 0x78, 0x88, 0x88, 0x88, 0x88, 
	0x87, 0x89, 0xBC, 0xCC, 0xCD, 0xDD, 0xDD, 0xDE, 0xEE, 0xDD, 0xED, 0xEE, 0xEE, 0xC8, 0x43, 
	0x33, 0x33, 0x44, 0x21, 0x11, 0x11, 0x11, 0x11, 0x11, 0x11, 0x11, 0x11, 0x11, 0x11, 0x11, 
	0x11, 0x11, 0x11, 0x11, 0x11, 0x11, 0x11, 0x11, 0x22, 0x22, 0x22, 0x33, 0x33, 0x33, 0x33, 
	0x33, 0x33, 0x33, 0x33, 0x33, 0x33, 0x33, 0x33, 0x33, 0x44, 0x44, 0x43, 0x43, 0x34, 0x44, 
	0x44, 0x33, 0x44, 0x43, 0x33, 0x33, 0x33, 0x34, 0x44, 0x33, 0x33, 0x33, 0x33, 0x33, 0x35, 
	0x79, 0xAA, 0xBB, 0xBB, 0xBA, 0x87, 0x64, 0x33, 0x33, 0x43, 0x44, 0x33, 0x33, 0x33, 0x33, 
	0x33, 0x33, 0x33, 0x33, 0x32, 0x23, 0x32, 0x22, 0x22, 0x21, 0x11, 0x11, 0x11, 0x11, 0x11, 
	0x11, 0x11, 0x11, 0x11, 0x11, 0x11, 0x11, 0x11, 0x11, 0x11, 0x11, 0x11, 0x11, 0x11, 0x11, 
	0x11, 0x11, 0x11, 0x11, 0x11, 0x11, 0x11, 0x12, 0x33, 0x34, 0x44, 0x44, 0x44, 0x55, 0x67, 
	0x66, 0x65, 0x66, 0x66, 0x67, 0x77, 0x78, 0x99, 0x99, 0x88, 0x76, 0x66, 0x66, 0x66, 0x55, 
	0x55, 0x66, 0x67, 0x77, 0x66, 0x67, 0x77, 0x77, 0x66, 0x67, 0x77, 0x78, 0x87, 0x77, 0x77, 
	0x78, 0x89, 0x9A, 0x99, 0x99, 0x99, 0x99, 0x99, 0x89, 0x99, 0x88, 0x88, 0x88, 0x88, 0x87, 
	0x78, 0x88, 0x88, 0x88, 0x88, 0x88, 0x88, 0x88, 0x88, 0x88, 0x88, 0x88, 0x88, 0x88, 0x89, 
	0x88, 0x89, 0x89, 0x98, 0x88, 0x88, 0x99, 0x99, 0x89, 0x99, 0x99, 0x99, 0x99, 0x99, 0x89, 
	0x99, 0x99, 0x99, 0x99, 0x99, 0x99, 0x99, 0x99, 0x99, 0x99, 0x99, 0x99, 0x99, 0x99, 0x99, 
	0xFF, 0xFF, 0xFF, 0xFF, 0xFF, 0xFF, 0xFF, 0xFF, 0xFF, 0xFF, 0xFF, 0xFF, 0xFF, 0xED, 0xB9, 
	0x88, 0x74, 0x5B, 0xEF, 0xFF, 0xFF, 0xFF, 0xFF, 0xFF, 0xFF, 0xFF, 0xFF, 0xFF, 0xFE, 0xEE, 
	0xED, 0xDD, 0xDD, 0xDD, 0xDD, 0xDE, 0xDD, 0xDD, 0xCD, 0xDE, 0xDD, 0xDD, 0xDD, 0xDC, 0xCC, 
	0xCD, 0xDD, 0xDD, 0xDD, 0xDC, 0xCC, 0xBC, 0xCC, 0xCC, 0xCB, 0xBA, 0xAA, 0xAA, 0x99, 0x98, 
	0x88, 0x88, 0x88, 0x76, 0x54, 0x44, 0x56, 0x77, 0x77, 0x77, 0x88, 0x88, 0x88, 0x88, 0x77, 
	0x87, 0x8A, 0xBB, 0xBC, 0xDD, 0xDD, 0xDD, 0xEE, 0xED, 0xDD, 0xEE, 0xDD, 0xDE, 0xD9, 0x53, 
	0x33, 0x34, 0x43, 0x21, 0x21, 0x11, 0x11, 0x11, 0x11, 0x11, 0x11, 0x11, 0x11, 0x11, 0x11, 
	0x11, 0x11, 0x11, 0x11, 0x11, 0x11, 0x11, 0x11, 0x11, 0x22, 0x22, 0x22, 0x22, 0x23, 0x33, 
	0x33, 0x33, 0x33, 0x33, 0x33, 0x33, 0x33, 0x33, 0x33, 0x34, 0x44, 0x43, 0x33, 0x33, 0x43, 
	0x33, 0x33, 0x44, 0x43, 0x33, 0x33, 0x33, 0x43, 0x33, 0x33, 0x33, 0x33, 0x33, 0x33, 0x23, 
	0x46, 0x78, 0x99, 0x99, 0x87, 0x54, 0x33, 0x33, 0x34, 0x43, 0x43, 0x33, 0x33, 0x33, 0x33, 
	0x33, 0x33, 0x33, 0x33, 0x22, 0x22, 0x22, 0x22, 0x11, 0x11, 0x11, 0x11, 0x11, 0x11, 0x11, 
	0x11, 0x11, 0x11, 0x11, 0x11, 0x11, 0x11, 0x11, 0x11, 0x11, 0x11, 0x11, 0x11, 0x11, 0x11, 
	0x11, 0x11, 0x11, 0x10, 0x11, 0x11, 0x11, 0x12, 0x23, 0x34, 0x44, 0x44, 0x55, 0x56, 0x67, 
	0x66, 0x66, 0x67, 0x76, 0x77, 0x77, 0x88, 0x89, 0x99, 0x88, 0x87, 0x66, 0x66, 0x77, 0x66, 
	0x66, 0x66, 0x67, 0x87, 0x77, 0x66, 0x77, 0x87, 0x66, 0x66, 0x67, 0x77, 0x77, 0x78, 0x87, 
	0x78, 0x89, 0x9A, 0x99, 0x99, 0xAA, 0xA9, 0x98, 0x88, 0x99, 0x88, 0x88, 0x88, 0x88, 0x88, 
	0x78, 0x88, 0x88, 0x88, 0x88, 0x88, 0x88, 0x88, 0x88, 0x88, 0x88, 0x88, 0x88, 0x88, 0x88, 
	0x88, 0x88, 0x88, 0x98, 0x88, 0x88, 0x99, 0x98, 0x88, 0x99, 0x99, 0x99, 0x99, 0x99, 0x89, 
	0x99, 0x99, 0x99, 0x99, 0x99, 0x99, 0x99, 0x99, 0x99, 0x99, 0x99, 0x99, 0x99, 0x99, 0x9A, 
	0xFF, 0xFF, 0xFF, 0xFF, 0xFF, 0xFF, 0xFF, 0xFF, 0xFF, 0xFF, 0xFF, 0xFF, 0xED, 0xBA, 0x97, 
	0x66, 0x55, 0x7D, 0xFF, 0xFF, 0xFF, 0xFF, 0xFF, 0xFF, 0xFF, 0xEE, 0xEF, 0xFE, 0xEE, 0xEE, 
	0xED, 0xDD, 0xDD, 0xDD, 0xDD, 0xDD, 0xDD, 0xDC, 0xCC, 0xDD, 0xDD, 0xDD, 0xDD, 0xDC, 0xCC, 
	0xDD, 0xDD, 0xDE, 0xEE, 0xDD, 0xCC, 0xCC, 0xCC, 0xCC, 0xCC, 0xBA, 0xAA, 0xA9, 0x99, 0x99, 
	0x88, 0x88, 0x99, 0x87, 0x66, 0x55, 0x67, 0x77, 0x77, 0x77, 0x88, 0x87, 0x78, 0x77, 0x77, 
	0x89, 0x9A, 0xBB, 0xCC, 0xCC, 0xDD, 0xDD, 0xEE, 0xDD, 0xDD, 0xEE, 0xDD, 0xDE, 0xD9, 0x54, 
	0x34, 0x45, 0x42, 0x11, 0x11, 0x11, 0x11, 0x11, 0x11, 0x11, 0x11, 0x11, 0x11, 0x11, 0x11, 
	0x11, 0x11, 0x11, 0x11, 0x11, 0x11, 0x11, 0x11, 0x11, 0x11, 0x11, 0x12, 0x22, 0x22, 0x22, 
	0x32, 0x22, 0x23, 0x33, 0x33, 0x33, 0x33, 0x33, 0x33, 0x33, 0x33, 0x33, 0x33, 0x33, 0x33, 
	0x33, 0x33, 0x34, 0x43, 0x33, 0x33, 0x33, 0x33, 0x33, 0x33, 0x33, 0x33, 0x33, 0x33, 0x33, 
	0x33, 0x45, 0x56, 0x66, 0x54, 0x32, 0x33, 0x33, 0x33, 0x33, 0x43, 0x33, 0x33, 0x33, 0x33, 
	0x33, 0x33, 0x33, 0x33, 0x22, 0x22, 0x22, 0x11, 0x11, 0x11, 0x11, 0x11, 0x11, 0x11, 0x11, 
	0x11, 0x11, 0x11, 0x11, 0x11, 0x11, 0x11, 0x11, 0x11, 0x11, 0x11, 0x11, 0x11, 0x11, 0x11, 
	0x11, 0x11, 0x11, 0x10, 0x11, 0x11, 0x11, 0x12, 0x33, 0x34, 0x44, 0x44, 0x55, 0x56, 0x67, 
	0x66, 0x66, 0x67, 0x77, 0x77, 0x88, 0x88, 0x88, 0x99, 0x98, 0x87, 0x66, 0x66, 0x77, 0x77, 
	0x77, 0x76, 0x67, 0x77, 0x77, 0x76, 0x77, 0x77, 0x76, 0x77, 0x77, 0x77, 0x77, 0x78, 0x88, 
	0x88, 0x89, 0x9A, 0x99, 0x9A, 0xAA, 0xAA, 0x99, 0x88, 0x88, 0x88, 0x88, 0x88, 0x88, 0x88, 
	0x88, 0x88, 0x88, 0x88, 0x88, 0x88, 0x88, 0x88, 0x88, 0x88, 0x88, 0x88, 0x88, 0x88, 0x88, 
	0x88, 0x88, 0x88, 0x88, 0x89, 0x99, 0x88, 0x88, 0x88, 0x89, 0x88, 0x99, 0x99, 0x99, 0x99, 
	0x99, 0x99, 0x99, 0x99, 0x99, 0x99, 0x99, 0x99, 0x99, 0x99, 0x99, 0x99, 0x99, 0x99, 0x99, 
	0xFF, 0xFF, 0xFF, 0xFF, 0xFF, 0xFF, 0xFF, 0xFF, 0xFF, 0xFF, 0xFE, 0xED, 0xBA, 0x87, 0x65, 
	0x55, 0x55, 0xAE, 0xFF, 0xFF, 0xFF, 0xFF, 0xFF, 0xFF, 0xFF, 0xEE, 0xEF, 0xFE, 0xEE, 0xEE, 
	0xED, 0xDD, 0xDD, 0xDD, 0xCD, 0xDD, 0xDD, 0xDC, 0xCC, 0xCD, 0xDC, 0xDD, 0xDD, 0xDD, 0xDD, 
	0xDE, 0xEE, 0xEE, 0xEE, 0xDD, 0xDC, 0xCC, 0xCC, 0xCC, 0xCB, 0xBA, 0xAA, 0x99, 0x88, 0x99, 
	0x88, 0x89, 0x99, 0x98, 0x77, 0x66, 0x77, 0x77, 0x77, 0x77, 0x77, 0x88, 0x77, 0x77, 0x88, 
	0x89, 0xAB, 0xBC, 0xCC, 0xCC, 0xDD, 0xDD, 0xDD, 0xDD, 0xDD, 0xEE, 0xDD, 0xCD, 0xDA, 0x74, 
	0x34, 0x56, 0x32, 0x11, 0x11, 0x11, 0x11, 0x11, 0x11, 0x11, 0x11, 0x11, 0x11, 0x11, 0x11, 
	0x11, 0x11, 0x11, 0x11, 0x11, 0x11, 0x11, 0x11, 0x11, 0x11, 0x11, 0x11, 0x11, 0x11, 0x22, 
	0x22, 0x22, 0x22, 0x22, 0x22, 0x22, 0x23, 0x33, 0x33, 0x33, 0x33, 0x32, 0x33, 0x33, 0x33, 
	0x33, 0x33, 0x33, 0x33, 0x33, 0x33, 0x33, 0x33, 0x33, 0x33, 0x33, 0x33, 0x33, 0x33, 0x33, 
	0x33, 0x33, 0x33, 0x33, 0x33, 0x33, 0x33, 0x33, 0x33, 0x33, 0x33, 0x33, 0x33, 0x32, 0x33, 
	0x33, 0x33, 0x33, 0x22, 0x22, 0x21, 0x11, 0x11, 0x11, 0x11, 0x11, 0x11, 0x11, 0x11, 0x11, 
	0x11, 0x11, 0x11, 0x11, 0x11, 0x11, 0x11, 0x11, 0x11, 0x11, 0x11, 0x11, 0x11, 0x11, 0x11, 
	0x11, 0x11, 0x11, 0x10, 0x11, 0x11, 0x11, 0x12, 0x33, 0x44, 0x44, 0x44, 0x44, 0x55, 0x67, 
	0x66, 0x77, 0x67, 0x77, 0x78, 0x88, 0x99, 0x89, 0x99, 0x99, 0x87, 0x77, 0x66, 0x66, 0x67, 
	0x78, 0x87, 0x77, 0x77, 0x77, 0x77, 0x77, 0x77, 0x77, 0x77, 0x77, 0x77, 0x77, 0x78, 0x88, 
	0x99, 0x99, 0x99, 0x99, 0x9A, 0xAA, 0xAA, 0xA9, 0x99, 0x99, 0x88, 0x88, 0x88, 0x88, 0x88, 
	0x88, 0x88, 0x88, 0x88, 0x88, 0x88, 0x88, 0x88, 0x88, 0x88, 0x88, 0x88, 0x88, 0x88, 0x88, 
	0x88, 0x88, 0x88, 0x88, 0x99, 0x99, 0x88, 0x88, 0x88, 0x99, 0x89, 0x99, 0x99, 0x99, 0x99, 
	0x99, 0x99, 0x99, 0x99, 0x99, 0x99, 0x99, 0x99, 0x99, 0x99, 0x99, 0x99, 0x99, 0x99, 0x99, 
	0xFF, 0xFF, 0xFF, 0xFF, 0xFF, 0xFF, 0xFF, 0xFF, 0xFF, 0xFF, 0xFD, 0xCB, 0x97, 0x65, 0x55, 
	0x55, 0x46, 0xBF, 0xFF, 0xFF, 0xFF, 0xFF, 0xFF, 0xFF, 0xFF, 0xFF, 0xFF, 0xEE, 0xDD, 0xDD, 
	0xDD, 0xDD, 0xCC, 0xCC, 0xCC, 0xDD, 0xDD, 0xDD, 0xCC, 0xCC, 0xCC, 0xDD, 0xDD, 0xDD, 0xDE, 
	0xEE, 0xEE, 0xEE, 0xEE, 0xDD, 0xDD, 0xDC, 0xCC, 0xCC, 0xBB, 0xAA, 0xA9, 0x98, 0x89, 0x99, 
	0x88, 0x99, 0x99, 0x99, 0x87, 0x78, 0x88, 0x77, 0x77, 0x87, 0x77, 0x87, 0x77, 0x77, 0x88, 
	0x99, 0xAB, 0xCB, 0xBB, 0xCC, 0xDD, 0xDD, 0xDD, 0xDD, 0xDD, 0xDD, 0xDC, 0xCC, 0xDB, 0x85, 
	0x35, 0x65, 0x31, 0x11, 0x11, 0x11, 0x11, 0x11, 0x11, 0x11, 0x11, 0x11, 0x11, 0x11, 0x11, 
	0x11, 0x11, 0x11, 0x11, 0x11, 0x11, 0x11, 0x11, 0x11, 0x11, 0x11, 0x11, 0x11, 0x11, 0x11, 
	0x11, 0x11, 0x22, 0x22, 0x22, 0x22, 0x22, 0x22, 0x33, 0x33, 0x33, 0x32, 0x33, 0x33, 0x33, 
	0x33, 0x33, 0x33, 0x33, 0x33, 0x33, 0x33, 0x33, 0x33, 0x33, 0x33, 0x33, 0x33, 0x33, 0x33, 
	0x33, 0x33, 0x33, 0x33, 0x33, 0x33, 0x33, 0x33, 0x33, 0x33, 0x33, 0x33, 0x33, 0x22, 0x22, 
	0x22, 0x22, 0x22, 0x22, 0x22, 0x11, 0x11, 0x11, 0x11, 0x11, 0x11, 0x11, 0x11, 0x11, 0x11, 
	0x11, 0x11, 0x11, 0x11, 0x11, 0x11, 0x11, 0x11, 0x11, 0x11, 0x11, 0x11, 0x11, 0x11, 0x11, 
	0x11, 0x11, 0x11, 0x11, 0x11, 0x11, 0x11, 0x12, 0x33, 0x34, 0x44, 0x44, 0x44, 0x55, 0x67, 
	0x77, 0x77, 0x77, 0x88, 0x88, 0x88, 0x99, 0x99, 0x99, 0x98, 0x88, 0x87, 0x77, 0x76, 0x67, 
	0x78, 0x87, 0x77, 0x77, 0x77, 0x77, 0x77, 0x77, 0x77, 0x77, 0x88, 0x77, 0x77, 0x78, 0x89, 
	0x99, 0x99, 0x99, 0x9A, 0xAA, 0xAA, 0xAA, 0xAA, 0xA9, 0x99, 0x99, 0x99, 0x88, 0x87, 0x77, 
	0x78, 0x88, 0x88, 0x88, 0x88, 0x88, 0x88, 0x88, 0x88, 0x88, 0x88, 0x88, 0x88, 0x88, 0x88, 
	0x88, 0x88, 0x98, 0x88, 0x99, 0x88, 0x88, 0x88, 0x89, 0x99, 0x99, 0x99, 0x99, 0x99, 0x99, 
	0x99, 0x99, 0x99, 0x99, 0x99, 0x99, 0x99, 0x99, 0x99, 0x99, 0x99, 0x99, 0x99, 0x99, 0x99, 
	0xFF, 0xFF, 0xFF, 0xFF, 0xFF, 0xFF, 0xFF, 0xFF, 0xFF, 0xFD, 0xDA, 0xA8, 0x65, 0x55, 0x55, 
	0x44, 0x48, 0xDF, 0xFF, 0xFF, 0xFF, 0xFF, 0xFF, 0xFF, 0xFF, 0xFF, 0xFE, 0xED, 0xDD, 0xDD, 
	0xDD, 0xDC, 0xCC, 0xCC, 0xCC, 0xDD, 0xDD, 0xDD, 0xCC, 0xCD, 0xDD, 0xDE, 0xEE, 0xEE, 0xEE, 
	0xEE, 0xEE, 0xEE, 0xEE, 0xEE, 0xED, 0xDD, 0xCC, 0xCC, 0xBA, 0xAA, 0x99, 0x98, 0x99, 0x99, 
	0x99, 0x99, 0x88, 0x89, 0x88, 0x88, 0x88, 0x77, 0x78, 0x88, 0x77, 0x77, 0x77, 0x78, 0x99, 
	0x99, 0xAB, 0xBA, 0xBB, 0xCC, 0xDD, 0xDD, 0xDD, 0xDD, 0xDD, 0xDC, 0xCC, 0xCC, 0xDB, 0x85, 
	0x45, 0x55, 0x32, 0x11, 0x11, 0x11, 0x11, 0x11, 0x11, 0x11, 0x11, 0x11, 0x11, 0x11, 0x11, 
	0x11, 0x11, 0x11, 0x11, 0x11, 0x11, 0x11, 0x11, 0x11, 0x11, 0x11, 0x11, 0x11, 0x11, 0x11, 
	0x11, 0x11, 0x11, 0x11, 0x12, 0x22, 0x22, 0x22, 0x22, 0x22, 0x23, 0x32, 0x23, 0x33, 0x33, 
	0x33, 0x33, 0x33, 0x33, 0x33, 0x33, 0x33, 0x33, 0x33, 0x33, 0x33, 0x33, 0x33, 0x33, 0x33, 
	0x33, 0x33, 0x33, 0x33, 0x33, 0x33, 0x33, 0x33, 0x43, 0x33, 0x33, 0x23, 0x33, 0x22, 0x22, 
	0x22, 0x22, 0x22, 0x21, 0x11, 0x11, 0x11, 0x11, 0x11, 0x11, 0x11, 0x11, 0x11, 0x11, 0x11, 
	0x11, 0x11, 0x11, 0x11, 0x11, 0x11, 0x11, 0x11, 0x11, 0x11, 0x11, 0x11, 0x11, 0x11, 0x11, 
	0x11, 0x11, 0x11, 0x11, 0x11, 0x11, 0x11, 0x23, 0x34, 0x44, 0x44, 0x45, 0x54, 0x55, 0x67, 
	0x77, 0x87, 0x88, 0x88, 0x88, 0x88, 0x99, 0x99, 0x99, 0x98, 0x88, 0x77, 0x77, 0x77, 0x67, 
	0x77, 0x77, 0x78, 0x77, 0x77, 0x77, 0x77, 0x78, 0x87, 0x77, 0x77, 0x77, 0x77, 0x78, 0x88, 
	0x99, 0x99, 0x99, 0xAA, 0xAA, 0xAA, 0xAA, 0xAA, 0xAA, 0xAA, 0xAA, 0xA9, 0x99, 0x88, 0x88, 
	0x88, 0x88, 0x88, 0x88, 0x88, 0x88, 0x88, 0x88, 0x88, 0x88, 0x88, 0x88, 0x88, 0x98, 0x88, 
	0x89, 0x98, 0x98, 0x88, 0x88, 0x88, 0x88, 0x89, 0x98, 0x99, 0x99, 0x99, 0x99, 0x99, 0x99, 
	0x99, 0x99, 0x99, 0x99, 0x99, 0x99, 0x99, 0x99, 0x99, 0x99, 0x99, 0x99, 0x99, 0x99, 0x99, 
	0xFF, 0xFF, 0xFF, 0xFF, 0xFF, 0xFF, 0xFF, 0xFF, 0xFE, 0xDB, 0xA7, 0x76, 0x55, 0x55, 0x55, 
	0x43, 0x4A, 0xEF, 0xFF, 0xFF, 0xFF, 0xFF, 0xFF, 0xFF, 0xFE, 0xEE, 0xFE, 0xDD, 0xDD, 0xDD, 
	0xDD, 0xDC, 0xCC, 0xCC, 0xCC, 0xCC, 0xCC, 0xCC, 0xCC, 0xCD, 0xDE, 0xEE, 0xEE, 0xEE, 0xEE, 
	0xEE, 0xDD, 0xDE, 0xDE, 0xEE, 0xED, 0xCC, 0xCC, 0xCB, 0xBA, 0xA9, 0x99, 0x89, 0x99, 0x99, 
	0x99, 0x99, 0x88, 0x88, 0x88, 0x88, 0x99, 0x87, 0x78, 0x87, 0x77, 0x77, 0x77, 0x88, 0x99, 
	0x99, 0xBB, 0xAA, 0xBC, 0xCD, 0xDD, 0xDD, 0xDD, 0xDD, 0xDC, 0xCC, 0xCC, 0xBC, 0xCC, 0x95, 
	0x56, 0x54, 0x32, 0x21, 0x11, 0x11, 0x11, 0x11, 0x11, 0x11, 0x11, 0x11, 0x11, 0x11, 0x11, 
	0x11, 0x11, 0x11, 0x11, 0x11, 0x11, 0x11, 0x11, 0x11, 0x11, 0x11, 0x11, 0x11, 0x11, 0x11, 
	0x11, 0x11, 0x11, 0x11, 0x11, 0x11, 0x11, 0x22, 0x22, 0x22, 0x22, 0x22, 0x22, 0x22, 0x22, 
	0x22, 0x22, 0x33, 0x33, 0x33, 0x33, 0x33, 0x33, 0x33, 0x22, 0x33, 0x22, 0x33, 0x33, 0x33, 
	0x33, 0x22, 0x33, 0x33, 0x33, 0x33, 0x33, 0x33, 0x33, 0x33, 0x33, 0x23, 0x23, 0x23, 0x22, 
	0x22, 0x22, 0x21, 0x11, 0x11, 0x11, 0x11, 0x11, 0x11, 0x11, 0x11, 0x11, 0x11, 0x11, 0x11, 
	0x11, 0x11, 0x11, 0x10, 0x01, 0x11, 0x11, 0x11, 0x11, 0x11, 0x11, 0x11, 0x11, 0x11, 0x11, 
	0x11, 0x11, 0x11, 0x11, 0x11, 0x11, 0x11, 0x24, 0x55, 0x54, 0x44, 0x44, 0x54, 0x45, 0x56, 
	0x78, 0x88, 0x89, 0x99, 0x99, 0x88, 0x9A, 0xA9, 0x99, 0x98, 0x87, 0x77, 0x77, 0x77, 0x76, 
	0x67, 0x77, 0x77, 0x77, 0x77, 0x77, 0x77, 0x78, 0x88, 0x77, 0x77, 0x77, 0x77, 0x88, 0x88, 
	0x99, 0x99, 0xAA, 0xAA, 0xAA, 0xAA, 0x99, 0x9A, 0xAA, 0xAA, 0xBA, 0xAA, 0xAA, 0x99, 0x98, 
	0x89, 0x88, 0x88, 0x88, 0x88, 0x88, 0x88, 0x88, 0x88, 0x88, 0x88, 0x89, 0x98, 0x99, 0x88, 
	0x88, 0x88, 0x88, 0x88, 0x88, 0x89, 0x98, 0x99, 0x98, 0x89, 0x99, 0x99, 0x99, 0x88, 0x88, 
	0x99, 0x99, 0x99, 0x99, 0x99, 0x99, 0x99, 0x99, 0x99, 0x99, 0x99, 0x99, 0x99, 0x99, 0x99, 
	0xFF, 0xFF, 0xFF, 0xFF, 0xFF, 0xFF, 0xFF, 0xFE, 0xDC, 0xA8, 0x76, 0x65, 0x55, 0x55, 0x54, 
	0x33, 0x7D, 0xFF, 0xFF, 0xFF, 0xFF, 0xFF, 0xFF, 0xFF, 0xFE, 0xEE, 0xEE, 0xDD, 0xDD, 0xDD, 
	0xDD, 0xCC, 0xCD, 0xDC, 0xCC, 0xDD, 0xCC, 0xCC, 0xCC, 0xDD, 0xEE, 0xEF, 0xFE, 0xEE, 0xEE, 
	0xEE, 0xDD, 0xDD, 0xDD, 0xEE, 0xDD, 0xCC, 0xCB, 0xBA, 0xAA, 0x99, 0x99, 0x99, 0x9A, 0x99, 
	0x99, 0x99, 0x99, 0x99, 0x99, 0x99, 0x99, 0x88, 0x87, 0x77, 0x76, 0x77, 0x88, 0x88, 0x89, 
	0x89, 0xB9, 0x9B, 0xBB, 0xBC, 0xCC, 0xDD, 0xDC, 0xCC, 0xCC, 0xCC, 0xBC, 0xCC, 0xCC, 0xA8, 
	0x66, 0x53, 0x33, 0x21, 0x11, 0x11, 0x11, 0x11, 0x11, 0x11, 0x11, 0x11, 0x11, 0x11, 0x11, 
	0x11, 0x11, 0x11, 0x11, 0x11, 0x11, 0x11, 0x11, 0x11, 0x11, 0x11, 0x11, 0x11, 0x11, 0x11, 
	0x11, 0x11, 0x11, 0x11, 0x11, 0x11, 0x11, 0x11, 0x11, 0x11, 0x11, 0x22, 0x11, 0x12, 0x22, 
	0x22, 0x22, 0x22, 0x22, 0x22, 0x22, 0x22, 0x22, 0x23, 0x32, 0x22, 0x22, 0x33, 0x33, 0x32, 
	0x23, 0x33, 0x33, 0x33, 0x33, 0x33, 0x33, 0x33, 0x33, 0x33, 0x22, 0x23, 0x22, 0x23, 0x22, 
	0x22, 0x21, 0x11, 0x11, 0x11, 0x11, 0x11, 0x11, 0x11, 0x11, 0x11, 0x11, 0x11, 0x11, 0x11, 
	0x11, 0x11, 0x11, 0x11, 0x11, 0x11, 0x11, 0x11, 0x11, 0x11, 0x11, 0x11, 0x11, 0x11, 0x11, 
	0x11, 0x11, 0x11, 0x11, 0x11, 0x11, 0x12, 0x46, 0x66, 0x66, 0x54, 0x44, 0x45, 0x54, 0x56, 
	0x88, 0x88, 0x88, 0x99, 0x99, 0x99, 0x9A, 0x99, 0x88, 0x89, 0x88, 0x76, 0x66, 0x77, 0x77, 
	0x67, 0x77, 0x77, 0x77, 0x77, 0x77, 0x77, 0x78, 0x88, 0x87, 0x76, 0x77, 0x88, 0x99, 0x99, 
	0x99, 0x99, 0xAA, 0xAA, 0xAA, 0xAA, 0xA9, 0x99, 0xAA, 0xAA, 0xAA, 0xAA, 0xAA, 0xAA, 0xAA, 
	0xA9, 0x99, 0x88, 0x88, 0x88, 0x88, 0x88, 0x88, 0x88, 0x88, 0x88, 0x88, 0x88, 0x89, 0x88, 
	0x88, 0x88, 0x88, 0x88, 0x89, 0x98, 0x99, 0x88, 0x99, 0x98, 0x89, 0x99, 0x99, 0x98, 0x88, 
	0x89, 0x99, 0x99, 0x99, 0x99, 0x99, 0x99, 0x99, 0x99, 0x99, 0x99, 0x99, 0x99, 0x99, 0x99, 
	0xFF, 0xFF, 0xFF, 0xFF, 0xFF, 0xFF, 0xFE, 0xDC, 0xA9, 0x76, 0x55, 0x55, 0x55, 0x55, 0x53, 
	0x35, 0xAE, 0xFF, 0xFF, 0xFF, 0xFF, 0xFF, 0xFF, 0xFF, 0xFF, 0xFE, 0xEE, 0xDD, 0xDD, 0xED, 
	0xDD, 0xDD, 0xDD, 0xCC, 0xCC, 0xDD, 0xCC, 0xCC, 0xCC, 0xDE, 0xEE, 0xFE, 0xEE, 0xEE, 0xEE, 
	0xEE, 0xEE, 0xED, 0xDD, 0xDD, 0xDC, 0xCC, 0xCB, 0xBA, 0xAA, 0x99, 0x99, 0x99, 0xAA, 0xA9, 
	0x99, 0x99, 0x99, 0x99, 0x99, 0x98, 0x99, 0x88, 0x87, 0x77, 0x77, 0x77, 0x88, 0x88, 0x89, 
	0x89, 0xAA, 0xAA, 0xAA, 0xBB, 0xBC, 0xCC, 0xCC, 0xCC, 0xCC, 0xCC, 0xBB, 0xBC, 0xCC, 0xB9, 
	0x75, 0x43, 0x33, 0x21, 0x11, 0x11, 0x11, 0x11, 0x11, 0x11, 0x11, 0x11, 0x11, 0x11, 0x11, 
	0x11, 0x11, 0x11, 0x11, 0x11, 0x11, 0x11, 0x11, 0x11, 0x11, 0x11, 0x11, 0x11, 0x11, 0x11, 
	0x11, 0x11, 0x11, 0x11, 0x11, 0x11, 0x11, 0x11, 0x11, 0x11, 0x11, 0x11, 0x11, 0x11, 0x12, 
	0x22, 0x22, 0x22, 0x22, 0x22, 0x22, 0x22, 0x22, 0x23, 0x22, 0x22, 0x22, 0x22, 0x22, 0x22, 
	0x22, 0x22, 0x33, 0x33, 0x33, 0x33, 0x33, 0x33, 0x32, 0x22, 0x32, 0x22, 0x22, 0x22, 0x22, 
	0x11, 0x11, 0x11, 0x11, 0x11, 0x11, 0x11, 0x11, 0x11, 0x11, 0x11, 0x11, 0x11, 0x11, 0x11, 
	0x11, 0x11, 0x11, 0x11, 0x11, 0x11, 0x11, 0x11, 0x11, 0x11, 0x11, 0x11, 0x11, 0x11, 0x11, 
	0x11, 0x11, 0x11, 0x11, 0x11, 0x01, 0x23, 0x57, 0x77, 0x77, 0x64, 0x44, 0x44, 0x44, 0x56, 
	0x88, 0x88, 0x89, 0x99, 0x99, 0x9A, 0xA9, 0x99, 0x98, 0x89, 0x98, 0x76, 0x66, 0x77, 0x77, 
	0x77, 0x77, 0x77, 0x77, 0x77, 0x77, 0x77, 0x77, 0x88, 0x87, 0x76, 0x77, 0x78, 0x99, 0x99, 
	0x99, 0xA9, 0xAA, 0xAA, 0xAA, 0xAA, 0xAA, 0x99, 0x99, 0x99, 0x9A, 0xAA, 0xAA, 0xAA, 0xAA, 
	0xAA, 0xAA, 0x99, 0x99, 0x99, 0x88, 0x88, 0x88, 0x88, 0x88, 0x88, 0x88, 0x88, 0x88, 0x88, 
	0x88, 0x88, 0x88, 0x88, 0x88, 0x88, 0x88, 0x88, 0x89, 0x99, 0x99, 0x98, 0x99, 0x99, 0x99, 
	0x99, 0x99, 0x99, 0x99, 0x99, 0x99, 0x99, 0x99, 0x99, 0x99, 0x99, 0x99, 0x99, 0x99, 0x99, 
	0xFF, 0xFF, 0xFF, 0xFF, 0xFF, 0xFE, 0xDC, 0xB9, 0x86, 0x55, 0x55, 0x55, 0x55, 0x54, 0x43, 
	0x48, 0xDF, 0xFF, 0xFF, 0xFF, 0xFF, 0xFF, 0xFF, 0xFE, 0xFF, 0xEE, 0xED, 0xDD, 0xDD, 0xDD, 
	0xDD, 0xDD, 0xDC, 0xCC, 0xCD, 0xDD, 0xDC, 0xDD, 0xDE, 0xEF, 0xFF, 0xFE, 0xEE, 0xEF, 0xEE, 
	0xEE, 0xEE, 0xEE, 0xDD, 0xDD, 0xCC, 0xBB, 0xBB, 0xAA, 0xAA, 0xA9, 0xAA, 0xAA, 0xAA, 0xA9, 
	0x99, 0x9A, 0xA9, 0x99, 0x99, 0x98, 0x99, 0x88, 0x77, 0x77, 0x78, 0x88, 0x88, 0x88, 0x89, 
	0x99, 0x9A, 0xAA, 0xAA, 0xAB, 0xBC, 0xCC, 0xBB, 0xBC, 0xCB, 0xCB, 0xBB, 0xBC, 0xBB, 0xBA, 
	0x75, 0x43, 0x33, 0x31, 0x11, 0x11, 0x11, 0x11, 0x11, 0x11, 0x11, 0x11, 0x11, 0x11, 0x11, 
	0x11, 0x11, 0x11, 0x11, 0x11, 0x11, 0x11, 0x11, 0x11, 0x11, 0x11, 0x11, 0x11, 0x11, 0x11, 
	0x11, 0x11, 0x11, 0x11, 0x11, 0x11, 0x11, 0x11, 0x11, 0x11, 0x11, 0x11, 0x11, 0x11, 0x11, 
	0x12, 0x21, 0x12, 0x22, 0x21, 0x22, 0x22, 0x22, 0x22, 0x22, 0x22, 0x22, 0x22, 0x22, 0x22, 
	0x22, 0x33, 0x22, 0x23, 0x33, 0x33, 0x33, 0x32, 0x22, 0x22, 0x22, 0x22, 0x22, 0x21, 0x11, 
	0x11, 0x11, 0x11, 0x11, 0x11, 0x11, 0x11, 0x11, 0x11, 0x11, 0x11, 0x11, 0x11, 0x11, 0x11, 
	0x11, 0x11, 0x11, 0x11, 0x11, 0x11, 0x11, 0x11, 0x11, 0x11, 0x11, 0x11, 0x11, 0x11, 0x11, 
	0x11, 0x11, 0x11, 0x11, 0x11, 0x12, 0x35, 0x67, 0x78, 0x88, 0x65, 0x44, 0x44, 0x44, 0x56, 
	0x78, 0x88, 0x89, 0x99, 0x99, 0x9A, 0xA9, 0x99, 0x98, 0x89, 0x98, 0x76, 0x66, 0x77, 0x78, 
	0x88, 0x88, 0x77, 0x77, 0x88, 0x77, 0x88, 0x77, 0x88, 0x87, 0x77, 0x77, 0x78, 0x99, 0x99, 
	0xAA, 0xAA, 0xAA, 0xAA, 0xAA, 0xAA, 0xAA, 0x99, 0x99, 0x99, 0x99, 0x99, 0xAA, 0xAA, 0xAA, 
	0xBB, 0xBB, 0xAA, 0xAA, 0x99, 0x99, 0x88, 0x88, 0x88, 0x88, 0x88, 0x88, 0x88, 0x88, 0x88, 
	0x88, 0x89, 0x98, 0x98, 0x88, 0x88, 0x88, 0x88, 0x89, 0x99, 0x99, 0x98, 0x99, 0x99, 0x99, 
	0x99, 0x99, 0x99, 0x99, 0x99, 0x99, 0x99, 0x99, 0x99, 0x99, 0x99, 0x99, 0x99, 0x99, 0x99, 
	0xFF, 0xFF, 0xFF, 0xFF, 0xFE, 0xDC, 0xB9, 0x87, 0x65, 0x55, 0x65, 0x55, 0x55, 0x54, 0x34, 
	0x6B, 0xEF, 0xFF, 0xFF, 0xFF, 0xFF, 0xFF, 0xFF, 0xEE, 0xEE, 0xEE, 0xDD, 0xDD, 0xDD, 0xDD, 
	0xDD, 0xDD, 0xDC, 0xCC, 0xDC, 0xCC, 0xCC, 0xDE, 0xEF, 0xFF, 0xFF, 0xFF, 0xEF, 0xFF, 0xEE, 
	0xEE, 0xEE, 0xEE, 0xDD, 0xDC, 0xCC, 0xBB, 0xBB, 0xAA, 0xAA, 0xAA, 0xAA, 0xAA, 0xAA, 0xAA, 
	0x99, 0xAA, 0xAA, 0xAA, 0xAA, 0x99, 0x99, 0x87, 0x77, 0x77, 0x88, 0x88, 0x87, 0x77, 0x89, 
	0x99, 0x99, 0x99, 0x9A, 0xAB, 0xCC, 0xBB, 0xAB, 0xBB, 0xBB, 0xBB, 0xBB, 0xBC, 0xBB, 0xCB, 
	0x74, 0x44, 0x33, 0x32, 0x11, 0x11, 0x11, 0x11, 0x11, 0x11, 0x11, 0x11, 0x11, 0x11, 0x11, 
	0x11, 0x11, 0x11, 0x11, 0x11, 0x11, 0x11, 0x11, 0x11, 0x11, 0x11, 0x11, 0x11, 0x11, 0x11, 
	0x11, 0x11, 0x11, 0x11, 0x11, 0x11, 0x11, 0x11, 0x11, 0x11, 0x11, 0x11, 0x11, 0x11, 0x11, 
	0x11, 0x11, 0x11, 0x11, 0x11, 0x11, 0x22, 0x21, 0x12, 0x22, 0x11, 0x22, 0x22, 0x22, 0x22, 
	0x22, 0x22, 0x22, 0x22, 0x23, 0x32, 0x23, 0x32, 0x22, 0x22, 0x11, 0x21, 0x11, 0x11, 0x11, 
	0x11, 0x11, 0x11, 0x11, 0x11, 0x11, 0x11, 0x11, 0x11, 0x11, 0x11, 0x11, 0x11, 0x11, 0x11, 
	0x11, 0x11, 0x11, 0x11, 0x11, 0x11, 0x11, 0x11, 0x11, 0x11, 0x11, 0x11, 0x11, 0x11, 0x11, 
	0x11, 0x11, 0x11, 0x10, 0x11, 0x23, 0x55, 0x67, 0x78, 0x88, 0x76, 0x54, 0x44, 0x45, 0x55, 
	0x68, 0x99, 0x88, 0x89, 0x9A, 0x99, 0x9A, 0x99, 0x88, 0x88, 0x87, 0x77, 0x66, 0x77, 0x77, 
	0x88, 0x88, 0x88, 0x88, 0x88, 0x78, 0x88, 0x88, 0x88, 0x88, 0x87, 0x77, 0x77, 0x89, 0x99, 
	0xAA, 0xAA, 0xAA, 0xAA, 0xAA, 0xAA, 0xAA, 0xA9, 0x99, 0x99, 0x99, 0x99, 0x99, 0xAA, 0xAA, 
	0xAA, 0xBA, 0xAA, 0xAA, 0xAA, 0xAA, 0x99, 0x99, 0x98, 0x88, 0x88, 0x88, 0x88, 0x88, 0x88, 
	0x88, 0x88, 0x98, 0x88, 0x88, 0x98, 0x89, 0x99, 0x88, 0x99, 0x99, 0x99, 0x99, 0x99, 0x99, 
	0x99, 0x99, 0x99, 0x99, 0x99, 0x99, 0x99, 0x99, 0x99, 0x99, 0x99, 0x99, 0x99, 0x99, 0x99, 
	0xFF, 0xFF, 0xFF, 0xFF, 0xED, 0xB9, 0x87, 0x65, 0x55, 0x56, 0x55, 0x44, 0x45, 0x54, 0x45, 
	0x6B, 0xEF, 0xFF, 0xFF, 0xFF, 0xFF, 0xFF, 0xFE, 0xEE, 0xEE, 0xED, 0xDD, 0xDD, 0xDD, 0xDD, 
	0xDD, 0xDD, 0xCC, 0xCD, 0xDC, 0xCC, 0xCC, 0xDE, 0xFF, 0xFF, 0xFF, 0xFF, 0xFF, 0xEE, 0xEE, 
	0xEE, 0xEE, 0xEE, 0xDD, 0xCC, 0xCB, 0xBB, 0xBB, 0xAA, 0xAB, 0xBA, 0xAA, 0xAA, 0xAA, 0xAA, 
	0x99, 0xAA, 0xAA, 0xAA, 0xAA, 0xA9, 0x99, 0x77, 0x77, 0x77, 0x88, 0x77, 0x77, 0x78, 0x89, 
	0x9A, 0xA9, 0x89, 0x99, 0xAB, 0xCB, 0xAA, 0xAA, 0xBB, 0xBB, 0xBB, 0xBB, 0xBB, 0xBC, 0xCB, 
	0x74, 0x44, 0x33, 0x22, 0x11, 0x11, 0x11, 0x11, 0x11, 0x11, 0x11, 0x11, 0x11, 0x11, 0x11, 
	0x11, 0x11, 0x11, 0x11, 0x11, 0x11, 0x11, 0x11, 0x11, 0x11, 0x11, 0x11, 0x11, 0x11, 0x11, 
	0x11, 0x11, 0x11, 0x11, 0x11, 0x11, 0x11, 0x11, 0x11, 0x11, 0x11, 0x11, 0x11, 0x11, 0x11, 
	0x11, 0x11, 0x11, 0x11, 0x11, 0x11, 0x11, 0x11, 0x11, 0x11, 0x11, 0x12, 0x22, 0x22, 0x22, 
	0x22, 0x22, 0x22, 0x22, 0x22, 0x33, 0x33, 0x33, 0x33, 0x22, 0x11, 0x11, 0x11, 0x11, 0x11, 
	0x11, 0x11, 0x11, 0x11, 0x11, 0x11, 0x11, 0x11, 0x11, 0x11, 0x11, 0x11, 0x11, 0x11, 0x11, 
	0x11, 0x11, 0x11, 0x11, 0x11, 0x11, 0x11, 0x11, 0x11, 0x11, 0x11, 0x11, 0x11, 0x11, 0x11, 
	0x11, 0x11, 0x10, 0x01, 0x12, 0x34, 0x66, 0x67, 0x88, 0x98, 0x87, 0x65, 0x54, 0x55, 0x55, 
	0x68, 0x99, 0x88, 0x89, 0xA9, 0x99, 0x9A, 0x99, 0x88, 0x88, 0x77, 0x77, 0x77, 0x77, 0x77, 
	0x88, 0x89, 0x99, 0x99, 0x88, 0x88, 0x88, 0x88, 0x88, 0x88, 0x88, 0x88, 0x88, 0x89, 0x9A, 
	0xAA, 0xAA, 0xAA, 0xAA, 0xBA, 0xAA, 0xAA, 0xA9, 0x99, 0x99, 0x99, 0x99, 0x99, 0x99, 0xAA, 
	0xAA, 0xAA, 0xAA, 0xAA, 0xAA, 0xBB, 0xAA, 0xAA, 0x99, 0x99, 0x99, 0x88, 0x88, 0x98, 0x89, 
	0x88, 0x88, 0x88, 0x88, 0x89, 0x99, 0x89, 0x99, 0x88, 0x88, 0x99, 0x99, 0x99, 0x98, 0x89, 
	0x99, 0x99, 0x99, 0x99, 0x99, 0x99, 0x99, 0x99, 0x99, 0x99, 0x99, 0x99, 0x99, 0x99, 0x99, 
	0xFF, 0xFF, 0xFF, 0xED, 0xCA, 0x87, 0x65, 0x55, 0x55, 0x55, 0x54, 0x44, 0x44, 0x54, 0x45, 
	0x58, 0xBF, 0xFF, 0xFF, 0xFF, 0xFF, 0xFF, 0xEE, 0xEE, 0xEE, 0xDD, 0xDD, 0xDD, 0xDD, 0xDC, 
	0xDD, 0xCC, 0xCC, 0xCD, 0xDC, 0xCC, 0xCC, 0xDD, 0xEE, 0xFF, 0xFF, 0xFF, 0xFF, 0xEE, 0xEE, 
	0xEE, 0xEE, 0xED, 0xDC, 0xCC, 0xBB, 0xBA, 0xAA, 0xAA, 0xAA, 0xBA, 0xBB, 0xAA, 0xAA, 0xAA, 
	0xAA, 0xAA, 0xAA, 0xAA, 0xAA, 0xA9, 0x98, 0x76, 0x77, 0x77, 0x77, 0x77, 0x77, 0x88, 0x99, 
	0x99, 0x98, 0x88, 0x99, 0xAA, 0xAA, 0x99, 0x9A, 0xBB, 0xBB, 0xBB, 0xBC, 0xBB, 0xBC, 0xCB, 
	0x85, 0x44, 0x33, 0x32, 0x21, 0x11, 0x11, 0x11, 0x11, 0x11, 0x11, 0x11, 0x11, 0x11, 0x11, 
	0x11, 0x11, 0x11, 0x11, 0x11, 0x11, 0x11, 0x11, 0x11, 0x11, 0x11, 0x11, 0x11, 0x11, 0x11, 
	0x11, 0x11, 0x11, 0x11, 0x11, 0x11, 0x11, 0x11, 0x11, 0x11, 0x11, 0x11, 0x11, 0x11, 0x11, 
	0x11, 0x11, 0x11, 0x11, 0x11, 0x21, 0x11, 0x11, 0x11, 0x11, 0x11, 0x22, 0x21, 0x11, 0x12, 
	0x22, 0x22, 0x22, 0x33, 0x33, 0x44, 0x45, 0x56, 0x66, 0x54, 0x21, 0x11, 0x11, 0x11, 0x11, 
	0x11, 0x11, 0x11, 0x11, 0x11, 0x11, 0x11, 0x11, 0x11, 0x11, 0x11, 0x11, 0x11, 0x11, 0x11, 
	0x11, 0x11, 0x11, 0x11, 0x11, 0x11, 0x11, 0x11, 0x11, 0x11, 0x11, 0x11, 0x11, 0x11, 0x11, 
	0x11, 0x11, 0x00, 0x11, 0x23, 0x45, 0x67, 0x77, 0x89, 0x99, 0x98, 0x87, 0x76, 0x55, 0x55, 
	0x68, 0x99, 0x88, 0x89, 0x99, 0x9A, 0xA9, 0x98, 0x98, 0x88, 0x77, 0x77, 0x77, 0x77, 0x78, 
	0x89, 0x99, 0x99, 0x99, 0x99, 0x88, 0x88, 0x88, 0x88, 0x88, 0x88, 0x88, 0x99, 0x99, 0x9A, 
	0xAA, 0xAB, 0xBA, 0xAA, 0xBB, 0xAA, 0xAA, 0xA9, 0xA9, 0x99, 0x99, 0x99, 0x99, 0x99, 0x9A, 
	0xA9, 0x99, 0x99, 0x9A, 0xAA, 0xAA, 0xBB, 0xAA, 0xAA, 0xAA, 0xA9, 0x99, 0x88, 0x88, 0x99, 
	0x88, 0x88, 0x88, 0x88, 0x89, 0x99, 0x89, 0x99, 0x98, 0x88, 0x99, 0x99, 0x99, 0x98, 0x89, 
	0x99, 0x99, 0x99, 0x99, 0x99, 0x99, 0x99, 0x99, 0x99, 0x99, 0x99, 0x99, 0x99, 0x99, 0x99, 
	0xFF, 0xFF, 0xED, 0xCB, 0x98, 0x76, 0x55, 0x55, 0x55, 0x44, 0x44, 0x44, 0x44, 0x54, 0x44, 
	0x46, 0x9E, 0xFF, 0xFF, 0xFF, 0xFF, 0xFF, 0xEE, 0xEE, 0xEE, 0xED, 0xDD, 0xDD, 0xDD, 0xDC, 
	0xCC, 0xCC, 0xCC, 0xCC, 0xCC, 0xCC, 0xCC, 0xCD, 0xDE, 0xFF, 0xFF, 0xFF, 0xFF, 0xEE, 0xEE, 
	0xEE, 0xEE, 0xDD, 0xCC, 0xCC, 0xBB, 0xAA, 0xAA, 0xAA, 0xAA, 0xBB, 0xBB, 0xBB, 0xBB, 0xBB, 
	0xBB, 0xBB, 0xBA, 0xAA, 0xBB, 0xA9, 0x98, 0x76, 0x77, 0x77, 0x77, 0x77, 0x78, 0x89, 0x89, 
	0x88, 0x88, 0x88, 0x89, 0x99, 0x88, 0x88, 0x9A, 0xBB, 0xBC, 0xBB, 0xCC, 0xBB, 0xBC, 0xCC, 
	0x96, 0x44, 0x43, 0x32, 0x21, 0x11, 0x11, 0x11, 0x11, 0x11, 0x11, 0x11, 0x11, 0x11, 0x11, 
	0x11, 0x11, 0x11, 0x11, 0x11, 0x11, 0x11, 0x11, 0x11, 0x11, 0x11, 0x11, 0x11, 0x11, 0x11, 
	0x11, 0x11, 0x11, 0x11, 0x11, 0x11, 0x11, 0x11, 0x11, 0x11, 0x11, 0x11, 0x11, 0x11, 0x11, 
	0x11, 0x11, 0x11, 0x11, 0x11, 0x11, 0x11, 0x12, 0x33, 0x33, 0x33, 0x33, 0x33, 0x33, 0x33, 
	0x44, 0x44, 0x44, 0x55, 0x56, 0x67, 0x78, 0x88, 0x99, 0x98, 0x63, 0x11, 0x11, 0x11, 0x11, 
	0x11, 0x11, 0x11, 0x11, 0x11, 0x11, 0x11, 0x11, 0x11, 0x11, 0x11, 0x11, 0x11, 0x11, 0x11, 
	0x11, 0x11, 0x11, 0x11, 0x11, 0x11, 0x11, 0x11, 0x11, 0x11, 0x11, 0x11, 0x11, 0x11, 0x11, 
	0x11, 0x10, 0x11, 0x23, 0x45, 0x67, 0x77, 0x78, 0x89, 0x99, 0x99, 0x99, 0x98, 0x76, 0x55, 
	0x67, 0x89, 0x88, 0x88, 0x99, 0x99, 0xA9, 0x89, 0x98, 0x88, 0x87, 0x77, 0x77, 0x77, 0x88, 
	0x89, 0x99, 0x99, 0x99, 0x99, 0x88, 0x88, 0x88, 0x88, 0x88, 0x88, 0x89, 0x99, 0x99, 0xAA, 
	0xAA, 0xBB, 0xBB, 0xBB, 0xBB, 0xBA, 0xAA, 0x99, 0xAA, 0x99, 0x99, 0x99, 0x99, 0x99, 0x9A, 
	0xA9, 0x99, 0x99, 0x99, 0x99, 0x9A, 0xAA, 0xAA, 0xAA, 0xAA, 0xAA, 0xAA, 0x99, 0x99, 0x99, 
	0x98, 0x99, 0x98, 0x89, 0x99, 0x98, 0x89, 0x99, 0x99, 0x99, 0x99, 0x99, 0x99, 0x99, 0x88, 
	0x99, 0x99, 0x99, 0x99, 0x99, 0x99, 0x99, 0x99, 0x99, 0x99, 0x99, 0x99, 0x9A, 0x99, 0x99, 
	0xFF, 0xED, 0xCA, 0x98, 0x76, 0x66, 0x55, 0x55, 0x54, 0x44, 0x55, 0x44, 0x45, 0x54, 0x43, 
	0x34, 0x8D, 0xFF, 0xFF, 0xFF, 0xFF, 0xFE, 0xEE, 0xEE, 0xEE, 0xED, 0xDD, 0xDD, 0xDD, 0xDC, 
	0xCC, 0xCC, 0xCC, 0xCC, 0xCC, 0xCC, 0xCC, 0xCC, 0xDE, 0xFF, 0xFF, 0xFF, 0xFF, 0xFF, 0xEE, 
	0xEE, 0xED, 0xDD, 0xCC, 0xCB, 0xBB, 0xAA, 0xAA, 0xAA, 0xAA, 0xBB, 0xBB, 0xBB, 0xBB, 0xBB, 
	0xBA, 0xBB, 0xBB, 0xBA, 0xBB, 0xA9, 0x87, 0x77, 0x76, 0x66, 0x77, 0x77, 0x78, 0x88, 0x88, 
	0x77, 0x77, 0x77, 0x78, 0x88, 0x77, 0x78, 0x9A, 0xAB, 0xCC, 0xCB, 0xBB, 0xBB, 0xBC, 0xCC, 
	0xA6, 0x44, 0x43, 0x32, 0x21, 0x11, 0x11, 0x11, 0x11, 0x11, 0x11, 0x11, 0x11, 0x11, 0x11, 
	0x11, 0x11, 0x11, 0x11, 0x11, 0x11, 0x11, 0x11, 0x11, 0x11, 0x11, 0x11, 0x11, 0x11, 0x11, 
	0x11, 0x11, 0x11, 0x11, 0x11, 0x11, 0x11, 0x11, 0x11, 0x11, 0x11, 0x11, 0x11, 0x11, 0x11, 
	0x11, 0x11, 0x11, 0x11, 0x11, 0x01, 0x12, 0x35, 0x66, 0x77, 0x77, 0x66, 0x66, 0x66, 0x66, 
	0x77, 0x77, 0x77, 0x88, 0x88, 0x99, 0x9A, 0xAA, 0xAB, 0xBB, 0xA7, 0x42, 0x11, 0x11, 0x11, 
	0x11, 0x11, 0x11, 0x11, 0x11, 0x11, 0x11, 0x11, 0x11, 0x11, 0x11, 0x11, 0x11, 0x11, 0x11, 
	0x11, 0x11, 0x11, 0x11, 0x11, 0x11, 0x11, 0x11, 0x11, 0x11, 0x11, 0x11, 0x11, 0x11, 0x11, 
	0x11, 0x11, 0x12, 0x35, 0x66, 0x77, 0x77, 0x88, 0x99, 0x99, 0x99, 0x9A, 0xAA, 0x86, 0x55, 
	0x56, 0x89, 0x99, 0x89, 0x99, 0x99, 0x99, 0x99, 0x98, 0x88, 0x87, 0x77, 0x78, 0x88, 0x88, 
	0x99, 0x9A, 0x99, 0x98, 0x88, 0x99, 0x98, 0x88, 0x88, 0x89, 0x98, 0x99, 0x99, 0xAA, 0xAA, 
	0xAB, 0xBB, 0xBB, 0xBB, 0xBB, 0xAA, 0xAA, 0x99, 0x99, 0x99, 0x99, 0x99, 0x99, 0x99, 0x9A, 
	0xA9, 0x99, 0x99, 0x99, 0x99, 0xAA, 0xAA, 0xAA, 0xAA, 0xAA, 0xBB, 0xBA, 0xAA, 0xAA, 0xA9, 
	0x99, 0x99, 0x98, 0x89, 0x99, 0x98, 0x88, 0x88, 0x89, 0x99, 0x99, 0x99, 0x99, 0x99, 0x98, 
	0x99, 0x99, 0x99, 0x99, 0x99, 0x99, 0x99, 0x99, 0x99, 0x99, 0x99, 0x99, 0x9A, 0x99, 0x99, 
	0xED, 0xCA, 0x98, 0x76, 0x55, 0x66, 0x55, 0x55, 0x44, 0x45, 0x44, 0x54, 0x44, 0x43, 0x33, 
	0x34, 0x8E, 0xFF, 0xFF, 0xFF, 0xFF, 0xEE, 0xEE, 0xEE, 0xEE, 0xED, 0xDD, 0xDD, 0xED, 0xDD, 
	0xCC, 0xCC, 0xDD, 0xCC, 0xCC, 0xBB, 0xCD, 0xDE, 0xEF, 0xFF, 0xFF, 0xFF, 0xFF, 0xFE, 0xEE, 
	0xEE, 0xDD, 0xDD, 0xCC, 0xCB, 0xBB, 0xAA, 0xAA, 0xAB, 0xBB, 0xBB, 0xBB, 0xBB, 0xBB, 0xBB, 
	0xBB, 0xBB, 0xBB, 0xBB, 0xBB, 0x98, 0x77, 0x76, 0x66, 0x66, 0x66, 0x77, 0x78, 0x87, 0x78, 
	0x76, 0x67, 0x66, 0x78, 0x87, 0x77, 0x78, 0x9A, 0xAB, 0xCC, 0xCB, 0xBB, 0xBC, 0xBC, 0xCC, 
	0xA6, 0x44, 0x44, 0x33, 0x21, 0x11, 0x11, 0x11, 0x11, 0x11, 0x11, 0x11, 0x11, 0x11, 0x11, 
	0x11, 0x11, 0x11, 0x11, 0x11, 0x11, 0x11, 0x11, 0x11, 0x11, 0x11, 0x11, 0x11, 0x11, 0x11, 
	0x11, 0x11, 0x11, 0x11, 0x11, 0x11, 0x11, 0x11, 0x11, 0x11, 0x11, 0x11, 0x11, 0x11, 0x11, 
	0x11, 0x11, 0x11, 0x01, 0x11, 0x01, 0x35, 0x68, 0x89, 0x9A, 0x99, 0x99, 0x99, 0x99, 0x99, 
	0x99, 0x99, 0x99, 0x99, 0x9A, 0xAA, 0xAA, 0xAA, 0xAA, 0xBB, 0xCB, 0x85, 0x11, 0x11, 0x11, 
	0x11, 0x11, 0x11, 0x11, 0x11, 0x11, 0x11, 0x11, 0x11, 0x11, 0x11, 0x11, 0x11, 0x11, 0x11, 
	0x11, 0x11, 0x11, 0x11, 0x11, 0x11, 0x11, 0x11, 0x11, 0x11, 0x11, 0x11, 0x11, 0x11, 0x11, 
	0x01, 0x11, 0x24, 0x56, 0x77, 0x77, 0x88, 0x89, 0x99, 0xA9, 0x99, 0xAA, 0xAA, 0x96, 0x55, 
	0x55, 0x78, 0x99, 0x98, 0x99, 0x99, 0x99, 0x99, 0x98, 0x88, 0x87, 0x78, 0x88, 0x88, 0x99, 
	0x99, 0x99, 0x99, 0x98, 0x88, 0x88, 0x89, 0x98, 0x88, 0x99, 0x99, 0x99, 0x9A, 0xAA, 0xAA, 
	0xBB, 0xBB, 0xBB, 0xBB, 0xAA, 0xAA, 0xAA, 0xAA, 0xA9, 0x99, 0x99, 0x99, 0x99, 0x99, 0x99, 
	0x99, 0xAA, 0xA9, 0x9A, 0xAA, 0x99, 0xAA, 0xA9, 0x99, 0xAA, 0xAA, 0xAA, 0xAA, 0xBB, 0xBA, 
	0xA9, 0x99, 0x99, 0x99, 0x99, 0x99, 0x88, 0x99, 0x98, 0x88, 0x89, 0x99, 0x99, 0x99, 0x89, 
	0x99, 0x99, 0x99, 0x99, 0x99, 0x99, 0x99, 0x99, 0x99, 0x99, 0x99, 0x99, 0x99, 0x99, 0x99, 
	0xCB, 0x98, 0x76, 0x66, 0x55, 0x55, 0x55, 0x44, 0x44, 0x44, 0x44, 0x54, 0x43, 0x33, 0x34, 
	0x56, 0x9F, 0xFF, 0xFF, 0xFF, 0xFF, 0xFE, 0xEE, 0xEE, 0xED, 0xDD, 0xDC, 0xDD, 0xDD, 0xDD, 
	0xDC, 0xCC, 0xCC, 0xCC, 0xCB, 0xBC, 0xDE, 0xFF, 0xFF, 0xFF, 0xFF, 0xFF, 0xFF, 0xEE, 0xEE, 
	0xED, 0xDD, 0xDC, 0xCC, 0xBB, 0xBB, 0xBB, 0xAA, 0xAA, 0xAB, 0xBB, 0xBB, 0xBB, 0xBB, 0xBB, 
	0xBB, 0xBB, 0xBB, 0xBB, 0xBA, 0x97, 0x77, 0x76, 0x66, 0x66, 0x67, 0x77, 0x77, 0x77, 0x77, 
	0x76, 0x66, 0x56, 0x78, 0x77, 0x66, 0x78, 0x9A, 0xBB, 0xBC, 0xBB, 0xBB, 0xBC, 0xBC, 0xCB, 
	0xA6, 0x44, 0x44, 0x43, 0x22, 0x11, 0x11, 0x11, 0x11, 0x11, 0x11, 0x11, 0x11, 0x11, 0x11, 
	0x11, 0x11, 0x11, 0x11, 0x11, 0x11, 0x11, 0x11, 0x11, 0x11, 0x11, 0x11, 0x11, 0x11, 0x11, 
	0x11, 0x11, 0x11, 0x11, 0x11, 0x11, 0x11, 0x11, 0x11, 0x11, 0x11, 0x11, 0x11, 0x11, 0x11, 
	0x11, 0x11, 0x11, 0x11, 0x10, 0x02, 0x58, 0x89, 0x9A, 0xAA, 0xAA, 0xAA, 0x99, 0xAA, 0x99, 
	0x9A, 0xAA, 0x99, 0x99, 0xAA, 0xAA, 0xAA, 0xAA, 0xAB, 0xBB, 0xCC, 0xA7, 0x31, 0x11, 0x11, 
	0x11, 0x11, 0x11, 0x11, 0x11, 0x11, 0x11, 0x11, 0x11, 0x11, 0x11, 0x11, 0x11, 0x11, 0x11, 
	0x11, 0x11, 0x11, 0x11, 0x11, 0x11, 0x11, 0x10, 0x11, 0x11, 0x11, 0x11, 0x11, 0x11, 0x11, 
	0x01, 0x13, 0x45, 0x66, 0x77, 0x78, 0x88, 0x89, 0x99, 0xA9, 0x99, 0xAA, 0xAA, 0x97, 0x66, 
	0x55, 0x78, 0x99, 0x98, 0x89, 0x99, 0x99, 0x99, 0x99, 0x88, 0x88, 0x88, 0x99, 0x99, 0x99, 
	0x98, 0x89, 0x99, 0x99, 0x99, 0x98, 0x88, 0x88, 0x88, 0x99, 0x9A, 0xAA, 0xAA, 0xAA, 0xAA, 
	0xBB, 0xBB, 0xBB, 0xBB, 0xBA, 0xAA, 0xAA, 0xAA, 0xA9, 0x99, 0x99, 0x99, 0x99, 0x99, 0x99, 
	0x99, 0xAA, 0xA9, 0x99, 0xA9, 0xAA, 0xAA, 0xAA, 0xAA, 0xAA, 0xAA, 0xAA, 0xAA, 0xAB, 0xBA, 
	0xAA, 0xAA, 0xAA, 0xAA, 0x99, 0x99, 0x99, 0x99, 0x99, 0x88, 0x89, 0x99, 0x99, 0x98, 0x99, 
	0x99, 0x99, 0x99, 0x99, 0x99, 0x99, 0x99, 0x99, 0x99, 0x99, 0x99, 0x99, 0x99, 0x99, 0x99, 
	0x98, 0x76, 0x56, 0x65, 0x55, 0x55, 0x54, 0x44, 0x54, 0x45, 0x54, 0x44, 0x33, 0x33, 0x46, 
	0x78, 0xBF, 0xFF, 0xFF, 0xFF, 0xFF, 0xFF, 0xEE, 0xEE, 0xEE, 0xDD, 0xCC, 0xDD, 0xDD, 0xDD, 
	0xDD, 0xCC, 0xCC, 0xCC, 0xCC, 0xCD, 0xEF, 0xFF, 0xFF, 0xFF, 0xFF, 0xFF, 0xFF, 0xEE, 0xEE, 
	0xDD, 0xDD, 0xCC, 0xCC, 0xBB, 0xBB, 0xBB, 0xBB, 0xBB, 0xBB, 0xBB, 0xBB, 0xBB, 0xBB, 0xBB, 
	0xBB, 0xBB, 0xBB, 0xBB, 0xAA, 0x97, 0x77, 0x76, 0x66, 0x66, 0x77, 0x77, 0x77, 0x77, 0x76, 
	0x66, 0x65, 0x56, 0x78, 0x76, 0x55, 0x78, 0x8A, 0xBB, 0xBB, 0xBB, 0xBB, 0xBC, 0xCC, 0xBB, 
	0x97, 0x54, 0x54, 0x43, 0x32, 0x11, 0x11, 0x11, 0x11, 0x11, 0x11, 0x11, 0x11, 0x11, 0x11, 
	0x11, 0x11, 0x11, 0x11, 0x11, 0x11, 0x11, 0x11, 0x11, 0x11, 0x11, 0x11, 0x11, 0x11, 0x11, 
	0x11, 0x11, 0x11, 0x11, 0x11, 0x11, 0x11, 0x11, 0x11, 0x11, 0x11, 0x11, 0x11, 0x11, 0x11, 
	0x11, 0x11, 0x11, 0x11, 0x00, 0x15, 0x89, 0x99, 0x9A, 0xAA, 0xAA, 0xAA, 0x9A, 0xAA, 0xA9, 
	0xAA, 0xAA, 0xAA, 0xAA, 0xAA, 0xAA, 0xAA, 0xAA, 0xAA, 0xAA, 0xBC, 0xCA, 0x51, 0x11, 0x11, 
	0x11, 0x11, 0x11, 0x11, 0x11, 0x11, 0x11, 0x11, 0x11, 0x11, 0x11, 0x11, 0x11, 0x11, 0x11, 
	0x11, 0x11, 0x11, 0x11, 0x11, 0x11, 0x11, 0x10, 0x11, 0x11, 0x11, 0x11, 0x11, 0x11, 0x11, 
	0x11, 0x34, 0x67, 0x77, 0x77, 0x88, 0x89, 0x99, 0x99, 0x99, 0x99, 0xAA, 0xAA, 0x98, 0x66, 
	0x55, 0x78, 0x89, 0x99, 0x88, 0x89, 0x99, 0x99, 0x99, 0x88, 0x88, 0x89, 0x99, 0x99, 0x99, 
	0x98, 0x88, 0x99, 0x99, 0x99, 0x99, 0x88, 0x98, 0x88, 0x89, 0x9A, 0xAA, 0xAA, 0xAA, 0xAA, 
	0xBB, 0xBB, 0xAA, 0xBB, 0xBB, 0xAA, 0xAA, 0xA9, 0xA9, 0x99, 0x99, 0x99, 0x99, 0x99, 0x99, 
	0x99, 0x99, 0xA9, 0x99, 0x99, 0x99, 0x9A, 0xAA, 0xAA, 0xAA, 0xAA, 0xAA, 0xAA, 0xAA, 0xAA, 
	0xAA, 0xAA, 0xAA, 0xBB, 0xAA, 0x99, 0x99, 0x99, 0x99, 0x88, 0x99, 0x99, 0x99, 0x98, 0x99, 
	0x99, 0x99, 0x99, 0x99, 0x99, 0x99, 0x99, 0x99, 0x99, 0x99, 0x99, 0x99, 0x99, 0x99, 0x99, 
	0x76, 0x56, 0x66, 0x55, 0x55, 0x54, 0x44, 0x55, 0x54, 0x45, 0x44, 0x43, 0x34, 0x45, 0x67, 
	0x89, 0xCF, 0xFF, 0xFF, 0xFF, 0xFF, 0xFF, 0xEE, 0xEE, 0xEE, 0xDD, 0xDD, 0xDD, 0xDD, 0xDD, 
	0xDD, 0xDD, 0xDC, 0xCC, 0xCC, 0xDE, 0xFF, 0xFF, 0xFF, 0xFF, 0xFF, 0xFF, 0xFE, 0xEE, 0xED, 
	0xDD, 0xDC, 0xCC, 0xCC, 0xCB, 0xBB, 0xBB, 0xBB, 0xBB, 0xBA, 0xBB, 0xAB, 0xBB, 0xBB, 0xBB, 
	0xBB, 0xBB, 0xBB, 0xA9, 0x99, 0x87, 0x77, 0x76, 0x66, 0x67, 0x77, 0x77, 0x77, 0x76, 0x66, 
	0x65, 0x55, 0x67, 0x87, 0x65, 0x46, 0x77, 0x8A, 0xBB, 0xAA, 0xAB, 0xBB, 0xBC, 0xCC, 0xBA, 
	0x97, 0x55, 0x54, 0x33, 0x32, 0x21, 0x11, 0x11, 0x11, 0x11, 0x11, 0x11, 0x11, 0x11, 0x11, 
	0x11, 0x11, 0x11, 0x11, 0x11, 0x11, 0x11, 0x11, 0x11, 0x11, 0x11, 0x11, 0x11, 0x11, 0x11, 
	0x11, 0x11, 0x11, 0x11, 0x11, 0x11, 0x11, 0x11, 0x11, 0x11, 0x11, 0x11, 0x11, 0x11, 0x11, 
	0x11, 0x11, 0x11, 0x11, 0x00, 0x37, 0x9A, 0xAA, 0xAA, 0xAA, 0xAA, 0xAA, 0xAA, 0xAA, 0xA9, 
	0x99, 0x99, 0x99, 0x99, 0x99, 0x99, 0x9A, 0x99, 0xAA, 0xA9, 0xAA, 0xCB, 0x72, 0x00, 0x11, 
	0x11, 0x11, 0x11, 0x11, 0x11, 0x11, 0x11, 0x11, 0x11, 0x11, 0x11, 0x11, 0x11, 0x11, 0x11, 
	0x11, 0x11, 0x11, 0x11, 0x11, 0x11, 0x11, 0x11, 0x11, 0x11, 0x11, 0x11, 0x11, 0x10, 0x01, 
	0x23, 0x45, 0x77, 0x77, 0x77, 0x88, 0x89, 0x99, 0x99, 0x99, 0x99, 0xAA, 0xAA, 0x98, 0x76, 
	0x66, 0x67, 0x89, 0xA9, 0x99, 0x88, 0x89, 0x99, 0x99, 0x88, 0x88, 0x88, 0x99, 0x99, 0xA9, 
	0x99, 0x99, 0x99, 0x99, 0x99, 0x99, 0x99, 0x99, 0x98, 0x88, 0x9A, 0xAA, 0xAA, 0xAA, 0xAB, 
	0xBB, 0xBB, 0xBB, 0xBB, 0xBB, 0xAA, 0xAA, 0xA9, 0x99, 0x99, 0x99, 0x99, 0x99, 0x99, 0x99, 
	0x99, 0x99, 0x99, 0x99, 0x99, 0x99, 0xAA, 0xAA, 0xAA, 0xAA, 0x99, 0xAA, 0xAA, 0xAA, 0xAA, 
	0xAA, 0xAA, 0xAA, 0xBB, 0xAA, 0xAA, 0xAA, 0x99, 0x99, 0x99, 0x99, 0x99, 0x99, 0x98, 0x99, 
	0x99, 0x99, 0x99, 0x99, 0x99, 0x99, 0x99, 0x99, 0x99, 0x99, 0x99, 0x99, 0x99, 0x99, 0x99, 
	0x55, 0x56, 0x65, 0x55, 0x44, 0x44, 0x44, 0x55, 0x54, 0x44, 0x33, 0x34, 0x46, 0x77, 0x78, 
	0x9B, 0xDF, 0xFF, 0xFF, 0xFF, 0xFF, 0xFE, 0xEE, 0xDD, 0xDE, 0xEE, 0xDD, 0xDD, 0xDD, 0xDD, 
	0xDD, 0xDD, 0xDD, 0xCC, 0xDD, 0xDE, 0xEE, 0xFF, 0xFF, 0xFF, 0xFF, 0xFF, 0xEE, 0xEE, 0xEE, 
	0xDD, 0xCC, 0xCC, 0xBB, 0xCC, 0xBB, 0xBB, 0xBB, 0xBB, 0xBA, 0xAB, 0xAB, 0xBB, 0xBB, 0xBB, 
	0xBB, 0xBA, 0xAA, 0x98, 0x77, 0x77, 0x77, 0x76, 0x77, 0x77, 0x77, 0x77, 0x77, 0x76, 0x66, 
	0x65, 0x55, 0x67, 0x76, 0x55, 0x57, 0x77, 0x9A, 0xAA, 0xAA, 0xAA, 0xBB, 0xBB, 0xBB, 0xA9, 
	0x87, 0x65, 0x54, 0x43, 0x32, 0x21, 0x11, 0x11, 0x11, 0x11, 0x11, 0x11, 0x11, 0x11, 0x11, 
	0x11, 0x11, 0x11, 0x11, 0x11, 0x11, 0x11, 0x11, 0x11, 0x11, 0x11, 0x11, 0x11, 0x11, 0x11, 
	0x11, 0x11, 0x11, 0x11, 0x11, 0x11, 0x11, 0x11, 0x11, 0x11, 0x11, 0x11, 0x11, 0x11, 0x11, 
	0x11, 0x11, 0x11, 0x11, 0x02, 0x59, 0xAA, 0xAA, 0xAA, 0xAA, 0xAA, 0xAA, 0xAA, 0x99, 0x99, 
	0x98, 0x89, 0x88, 0x88, 0x88, 0x88, 0x99, 0x99, 0x99, 0x99, 0xAA, 0xBC, 0x82, 0x00, 0x01, 
	0x11, 0x11, 0x11, 0x11, 0x11, 0x11, 0x11, 0x11, 0x11, 0x11, 0x11, 0x11, 0x11, 0x11, 0x11, 
	0x11, 0x11, 0x11, 0x11, 0x11, 0x11, 0x11, 0x11, 0x11, 0x11, 0x11, 0x11, 0x11, 0x11, 0x12, 
	0x46, 0x77, 0x77, 0x88, 0x88, 0x88, 0x88, 0x9A, 0x99, 0x99, 0x99, 0xAA, 0x99, 0x98, 0x76, 
	0x66, 0x67, 0x89, 0xA9, 0x99, 0x88, 0x89, 0x99, 0x99, 0x88, 0x88, 0x88, 0x99, 0x9A, 0x99, 
	0x99, 0x99, 0x99, 0x99, 0x99, 0x99, 0x99, 0x99, 0x99, 0x99, 0x9A, 0xAA, 0xBA, 0xAA, 0xBB, 
	0xBB, 0xBB, 0xBB, 0xBB, 0xBB, 0xAA, 0xA9, 0x99, 0x99, 0x99, 0x99, 0x99, 0x99, 0x99, 0xAA, 
	0x99, 0x99, 0x99, 0x99, 0x9A, 0xAA, 0xAA, 0xAA, 0xAA, 0xA9, 0x99, 0xAA, 0xAA, 0xAA, 0xAA, 
	0xAA, 0xAA, 0xAA, 0xAA, 0xAA, 0xBB, 0xBB, 0xAA, 0xAA, 0x99, 0x99, 0x99, 0x99, 0x99, 0x99, 
	0x99, 0x99, 0x99, 0x99, 0x99, 0x99, 0x99, 0x99, 0x99, 0x99, 0x99, 0x99, 0x99, 0x99, 0x99, 
	0x55, 0x66, 0x55, 0x55, 0x44, 0x44, 0x44, 0x44, 0x44, 0x43, 0x34, 0x45, 0x67, 0x88, 0x89, 
	0xBD, 0xEF, 0xFF, 0xFF, 0xFF, 0xFE, 0xEE, 0xEE, 0xEE, 0xEE, 0xEE, 0xED, 0xDD, 0xDD, 0xDD, 
	0xCC, 0xCC, 0xCC, 0xCC, 0xDD, 0xDD, 0xDE, 0xFF, 0xFF, 0xFF, 0xFF, 0xFF, 0xEE, 0xEE, 0xEE, 
	0xDD, 0xCC, 0xCC, 0xBB, 0xCC, 0xBB, 0xBB, 0xBB, 0xBB, 0xBB, 0xBB, 0xBB, 0xBB, 0xBB, 0xBB, 
	0xBB, 0xA9, 0x88, 0x77, 0x77, 0x77, 0x77, 0x76, 0x77, 0x77, 0x77, 0x77, 0x67, 0x66, 0x66, 
	0x66, 0x66, 0x66, 0x55, 0x55, 0x67, 0x78, 0xAA, 0xA9, 0x99, 0xAA, 0xBC, 0xBB, 0xBA, 0xA9, 
	0x87, 0x55, 0x44, 0x44, 0x33, 0x21, 0x11, 0x11, 0x11, 0x11, 0x11, 0x11, 0x11, 0x11, 0x11, 
	0x11, 0x11, 0x11, 0x11, 0x11, 0x11, 0x11, 0x11, 0x11, 0x11, 0x11, 0x11, 0x11, 0x11, 0x11, 
	0x11, 0x11, 0x11, 0x11, 0x11, 0x11, 0x11, 0x11, 0x11, 0x11, 0x11, 0x11, 0x11, 0x11, 0x11, 
	0x11, 0x11, 0x11, 0x10, 0x13, 0x7A, 0xAA, 0xAA, 0xAA, 0xAA, 0xAA, 0xA9, 0x99, 0x98, 0x88, 
	0x87, 0x78, 0x88, 0x87, 0x77, 0x77, 0x77, 0x77, 0x88, 0x99, 0xAA, 0xBC, 0x93, 0x10, 0x01, 
	0x11, 0x11, 0x11, 0x11, 0x11, 0x11, 0x11, 0x11, 0x11, 0x11, 0x11, 0x11, 0x11, 0x11, 0x11, 
	0x11, 0x11, 0x11, 0x11, 0x11, 0x11, 0x11, 0x11, 0x11, 0x11, 0x11, 0x11, 0x11, 0x11, 0x35, 
	0x78, 0x88, 0x78, 0x88, 0x88, 0x98, 0x88, 0x9A, 0x99, 0x99, 0x99, 0xAA, 0x99, 0x98, 0x76, 
	0x66, 0x67, 0x79, 0x99, 0x99, 0x88, 0x88, 0x99, 0x98, 0x89, 0x88, 0x88, 0x89, 0x99, 0x99, 
	0x99, 0xAA, 0x99, 0x99, 0x99, 0x99, 0x99, 0x99, 0x99, 0x99, 0x9A, 0xAA, 0xBB, 0xBB, 0xBB, 
	0xBB, 0xBB, 0xBB, 0xBB, 0xBA, 0xAA, 0xAA, 0x9A, 0x9A, 0xA9, 0x99, 0x99, 0x99, 0x99, 0xAA, 
	0x99, 0x99, 0x99, 0x99, 0xAA, 0xAA, 0xAA, 0xA9, 0xAA, 0xAA, 0xAA, 0xAA, 0xAA, 0xAA, 0xAA, 
	0xAA, 0xAA, 0xAA, 0xAA, 0xAA, 0xBB, 0xBB, 0xBB, 0xBA, 0xAA, 0xAA, 0xA9, 0x99, 0x99, 0x89, 
	0x99, 0x99, 0x99, 0x99, 0x99, 0x99, 0x99, 0x99, 0x99, 0x99, 0x99, 0x99, 0x99, 0x99, 0x99, 
	0x65, 0x55, 0x54, 0x55, 0x44, 0x55, 0x55, 0x44, 0x33, 0x33, 0x45, 0x56, 0x78, 0x99, 0xAC, 
	0xDE, 0xFF, 0xFF, 0xFF, 0xFE, 0xFE, 0xEE, 0xEE, 0xEE, 0xEE, 0xEE, 0xDD, 0xDC, 0xCC, 0xCC, 
	0xCC, 0xCC, 0xCC, 0xCC, 0xCC, 0xCC, 0xDE, 0xFF, 0xFF, 0xFF, 0xFF, 0xFF, 0xEE, 0xEE, 0xED, 
	0xDD, 0xCC, 0xCC, 0xBC, 0xCC, 0xBB, 0xBB, 0xBB, 0xBB, 0xBB, 0xBB, 0xBB, 0xBA, 0xAA, 0xAA, 
	0xAA, 0x98, 0x77, 0x77, 0x77, 0x77, 0x77, 0x77, 0x67, 0x77, 0x77, 0x77, 0x66, 0x66, 0x66, 
	0x66, 0x66, 0x65, 0x45, 0x55, 0x67, 0x78, 0x99, 0x98, 0x89, 0x9A, 0xBB, 0xBB, 0xAA, 0x98, 
	0x87, 0x54, 0x44, 0x44, 0x33, 0x21, 0x11, 0x11, 0x11, 0x11, 0x11, 0x11, 0x11, 0x11, 0x11, 
	0x11, 0x11, 0x11, 0x11, 0x11, 0x11, 0x11, 0x11, 0x11, 0x11, 0x11, 0x11, 0x11, 0x11, 0x11, 
	0x11, 0x11, 0x11, 0x11, 0x11, 0x11, 0x11, 0x11, 0x11, 0x11, 0x11, 0x11, 0x11, 0x11, 0x11, 
	0x11, 0x11, 0x11, 0x10, 0x14, 0x9A, 0xAA, 0xAA, 0x99, 0xA9, 0x99, 0x88, 0x87, 0x77, 0x76, 
	0x66, 0x66, 0x66, 0x66, 0x55, 0x55, 0x44, 0x44, 0x56, 0x89, 0x99, 0xAB, 0xA4, 0x10, 0x01, 
	0x11, 0x11, 0x11, 0x11, 0x11, 0x11, 0x11, 0x11, 0x11, 0x11, 0x11, 0x11, 0x11, 0x11, 0x11, 
	0x11, 0x11, 0x11, 0x11, 0x11, 0x11, 0x11, 0x11, 0x11, 0x11, 0x11, 0x11, 0x01, 0x23, 0x57, 
	0x78, 0x99, 0x99, 0x99, 0x99, 0x99, 0x88, 0x99, 0x9A, 0xAA, 0xAA, 0xAA, 0x99, 0x98, 0x76, 
	0x56, 0x66, 0x78, 0x89, 0x99, 0x88, 0x88, 0x89, 0x98, 0x89, 0x99, 0x99, 0x99, 0x99, 0xAA, 
	0xA9, 0x9A, 0xA9, 0x99, 0x99, 0x99, 0x99, 0x99, 0x9A, 0xAA, 0xAA, 0xAA, 0xBB, 0xBB, 0xBB, 
	0xBB, 0xBB, 0xBB, 0xBA, 0xAA, 0xAA, 0xAA, 0xAA, 0x9A, 0xA9, 0x99, 0x99, 0x99, 0x99, 0x99, 
	0x99, 0x99, 0x99, 0x99, 0x9A, 0xAA, 0xAA, 0x99, 0x9A, 0xAA, 0xAA, 0xAA, 0xAA, 0xAA, 0xAA, 
	0xAA, 0xAA, 0xAA, 0xAA, 0xAA, 0xAB, 0xAA, 0xBB, 0xBB, 0xBB, 0xBB, 0xAA, 0xAA, 0x99, 0x99, 
	0x99, 0x99, 0x99, 0x99, 0x99, 0x99, 0x99, 0x99, 0x99, 0x99, 0x99, 0x99, 0x99, 0x99, 0x99, 
	0x65, 0x44, 0x45, 0x55, 0x44, 0x45, 0x54, 0x43, 0x33, 0x45, 0x67, 0x77, 0x89, 0xBC, 0xDE, 
	0xEF, 0xFF, 0xFF, 0xFF, 0xFF, 0xFE, 0xEE, 0xEE, 0xEE, 0xED, 0xDD, 0xDC, 0xCC, 0xCC, 0xCC, 
	0xCC, 0xCC, 0xCC, 0xCC, 0xCC, 0xCC, 0xEF, 0xFF, 0xFF, 0xFF, 0xFF, 0xFF, 0xEE, 0xEE, 0xDD, 
	0xDC, 0xCC, 0xCC, 0xCC, 0xCC, 0xCC, 0xBB, 0xBB, 0xBB, 0xBB, 0xAA, 0x9A, 0xAA, 0x98, 0x98, 
	0x89, 0x87, 0x77, 0x77, 0x77, 0x77, 0x77, 0x77, 0x77, 0x77, 0x77, 0x76, 0x66, 0x66, 0x66, 
	0x66, 0x66, 0x55, 0x45, 0x55, 0x67, 0x79, 0x88, 0x87, 0x89, 0x9A, 0xAA, 0xAB, 0xA9, 0x88, 
	0x77, 0x54, 0x44, 0x44, 0x43, 0x32, 0x10, 0x11, 0x11, 0x11, 0x11, 0x11, 0x11, 0x11, 0x11, 
	0x11, 0x11, 0x11, 0x11, 0x11, 0x11, 0x11, 0x11, 0x11, 0x11, 0x11, 0x11, 0x11, 0x11, 0x11, 
	0x11, 0x11, 0x11, 0x11, 0x11, 0x11, 0x11, 0x11, 0x11, 0x11, 0x11, 0x11, 0x11, 0x11, 0x11, 
	0x11, 0x11, 0x11, 0x10, 0x15, 0xAB, 0xAA, 0x9A, 0x99, 0x86, 0x66, 0x55, 0x55, 0x54, 0x44, 
	0x44, 0x44, 0x44, 0x43, 0x32, 0x22, 0x22, 0x22, 0x35, 0x68, 0x99, 0xAB, 0xA5, 0x10, 0x01, 
	0x11, 0x11, 0x11, 0x11, 0x11, 0x11, 0x11, 0x11, 0x11, 0x11, 0x11, 0x11, 0x11, 0x11, 0x11, 
	0x11, 0x11, 0x11, 0x11, 0x11, 0x11, 0x11, 0x11, 0x11, 0x11, 0x11, 0x11, 0x12, 0x46, 0x88, 
	0x88, 0x99, 0xA9, 0x99, 0x99, 0x99, 0x99, 0x99, 0x9A, 0xAA, 0xAA, 0xAA, 0x99, 0x98, 0x76, 
	0x56, 0x66, 0x67, 0x89, 0x99, 0x98, 0x88, 0x89, 0x98, 0x89, 0x99, 0x99, 0x99, 0x9A, 0xAA, 
	0xA9, 0x99, 0xAA, 0xA9, 0x99, 0x99, 0x9A, 0xAA, 0xAA, 0xAA, 0xAA, 0xAA, 0xBB, 0xBB, 0xBB, 
	0xBB, 0xBB, 0xBB, 0xAA, 0xAA, 0xAA, 0xAA, 0xA9, 0x9A, 0xA9, 0x99, 0x99, 0x99, 0x99, 0x99, 
	0x99, 0x99, 0x99, 0x99, 0x9A, 0xAA, 0xAA, 0xA9, 0x9A, 0xAA, 0xAA, 0xAA, 0xAA, 0xAA, 0xAA, 
	0xAA, 0xAA, 0xAA, 0xAA, 0xAA, 0xAA, 0xAA, 0xAA, 0xAA, 0xAB, 0xAA, 0xAA, 0xAB, 0xAA, 0xAA, 
	0x99, 0x99, 0x99, 0x99, 0x99, 0x99, 0x99, 0x99, 0x99, 0x99, 0x99, 0x99, 0x99, 0x99, 0x99, 
	0x54, 0x44, 0x55, 0x55, 0x54, 0x44, 0x44, 0x33, 0x45, 0x67, 0x88, 0x88, 0xAC, 0xDE, 0xFF, 
	0xFF, 0xFE, 0xEE, 0xFF, 0xFE, 0xEF, 0xFE, 0xEE, 0xEE, 0xDD, 0xDC, 0xCC, 0xCD, 0xDD, 0xCC, 
	0xCC, 0xCC, 0xCC, 0xCC, 0xCC, 0xCD, 0xEF, 0xFF, 0xFF, 0xFF, 0xFF, 0xFE, 0xEE, 0xED, 0xDD, 
	0xCC, 0xCC, 0xCB, 0xCC, 0xCC, 0xBB, 0xBB, 0xBB, 0xBB, 0xAA, 0x98, 0x88, 0x99, 0x77, 0x88, 
	0x78, 0x87, 0x77, 0x77, 0x77, 0x77, 0x77, 0x77, 0x77, 0x77, 0x77, 0x66, 0x66, 0x66, 0x66, 
	0x66, 0x65, 0x45, 0x55, 0x55, 0x67, 0x88, 0x76, 0x67, 0x89, 0x9A, 0x9A, 0xBB, 0xA8, 0x87, 
	0x76, 0x65, 0x54, 0x44, 0x43, 0x33, 0x21, 0x11, 0x11, 0x11, 0x11, 0x11, 0x11, 0x11, 0x11, 
	0x11, 0x11, 0x11, 0x11, 0x11, 0x11, 0x11, 0x11, 0x11, 0x11, 0x11, 0x11, 0x11, 0x11, 0x11, 
	0x11, 0x11, 0x11, 0x11, 0x11, 0x11, 0x11, 0x11, 0x11, 0x11, 0x11, 0x11, 0x11, 0x11, 0x11, 
	0x11, 0x11, 0x11, 0x11, 0x15, 0xAB, 0xAA, 0xA9, 0x87, 0x53, 0x22, 0x22, 0x22, 0x22, 0x22, 
	0x22, 0x22, 0x22, 0x22, 0x11, 0x11, 0x11, 0x11, 0x24, 0x57, 0x99, 0xAB, 0xB5, 0x10, 0x11, 
	0x11, 0x11, 0x11, 0x11, 0x11, 0x11, 0x11, 0x11, 0x11, 0x11, 0x11, 0x11, 0x11, 0x11, 0x11, 
	0x11, 0x11, 0x11, 0x11, 0x11, 0x11, 0x11, 0x11, 0x01, 0x11, 0x01, 0x11, 0x35, 0x78, 0x98, 
	0x89, 0x99, 0xAA, 0xA9, 0x99, 0x99, 0xAA, 0xAA, 0xAA, 0xAA, 0xAA, 0xAA, 0x99, 0x98, 0x66, 
	0x66, 0x66, 0x67, 0x78, 0x99, 0x99, 0x89, 0x99, 0x98, 0x89, 0x99, 0xAA, 0xAA, 0xAA, 0xAA, 
	0x99, 0x99, 0x9A, 0xA9, 0x99, 0x99, 0x99, 0xAA, 0xAA, 0x9A, 0xAA, 0xBB, 0xBB, 0xBB, 0xBB, 
	0xBB, 0xBB, 0xBA, 0xAA, 0x99, 0x9A, 0xA9, 0x99, 0x9A, 0xA9, 0x99, 0x99, 0x99, 0x99, 0x99, 
	0x9A, 0x99, 0x9A, 0xA9, 0x9A, 0xAA, 0xAA, 0xA9, 0x9A, 0xAA, 0xAA, 0xAA, 0xAA, 0xAA, 0xAA, 
	0xAA, 0xAA, 0xAA, 0xAA, 0xAA, 0xAA, 0xAA, 0xAA, 0xAA, 0xAA, 0xAA, 0xAB, 0xBB, 0xBB, 0xAA, 
	0xAA, 0xA9, 0x99, 0x99, 0x99, 0x99, 0x99, 0x99, 0x99, 0x99, 0x99, 0x99, 0x99, 0x99, 0x99, 
	0x54, 0x44, 0x45, 0x55, 0x54, 0x44, 0x34, 0x45, 0x56, 0x68, 0x99, 0xAB, 0xCE, 0xEF, 0xFF, 
	0xFE, 0xDC, 0xDE, 0xEF, 0xFF, 0xFF, 0xEE, 0xEE, 0xDD, 0xDD, 0xDD, 0xDD, 0xDD, 0xDD, 0xDC, 
	0xCC, 0xCC, 0xCC, 0xCC, 0xCC, 0xCD, 0xFF, 0xFF, 0xFF, 0xFF, 0xFF, 0xEE, 0xED, 0xDD, 0xDC, 
	0xCC, 0xCC, 0xCC, 0xCC, 0xCC, 0xBB, 0xBB, 0xBB, 0xBA, 0x99, 0x88, 0x78, 0x98, 0x77, 0x87, 
	0x77, 0x77, 0x77, 0x77, 0x77, 0x77, 0x77, 0x77, 0x77, 0x66, 0x66, 0x66, 0x66, 0x66, 0x66, 
	0x66, 0x65, 0x55, 0x55, 0x55, 0x67, 0x77, 0x65, 0x67, 0x98, 0x89, 0x9A, 0xBB, 0x98, 0x77, 
	0x76, 0x55, 0x44, 0x44, 0x44, 0x44, 0x32, 0x11, 0x11, 0x11, 0x11, 0x11, 0x11, 0x11, 0x11, 
	0x11, 0x11, 0x11, 0x11, 0x11, 0x11, 0x11, 0x11, 0x11, 0x11, 0x11, 0x11, 0x11, 0x11, 0x11, 
	0x11, 0x11, 0x11, 0x11, 0x11, 0x11, 0x11, 0x11, 0x11, 0x11, 0x11, 0x11, 0x11, 0x11, 0x11, 
	0x11, 0x11, 0x11, 0x11, 0x14, 0x9A, 0xAA, 0x98, 0x76, 0x42, 0x11, 0x11, 0x11, 0x11, 0x11, 
	0x11, 0x11, 0x11, 0x11, 0x11, 0x00, 0x11, 0x11, 0x24, 0x57, 0x99, 0xAB, 0xB5, 0x10, 0x11, 
	0x11, 0x11, 0x11, 0x11, 0x11, 0x11, 0x11, 0x11, 0x11, 0x11, 0x11, 0x11, 0x11, 0x11, 0x11, 
	0x11, 0x11, 0x11, 0x11, 0x11, 0x11, 0x11, 0x11, 0x11, 0x11, 0x11, 0x34, 0x67, 0x88, 0x99, 
	0x99, 0x99, 0xAA, 0xAA, 0x99, 0x9A, 0xAA, 0xAA, 0xAA, 0xAA, 0xAA, 0xAA, 0xA9, 0x98, 0x76, 
	0x66, 0x66, 0x67, 0x78, 0x99, 0x99, 0x99, 0x99, 0x99, 0x99, 0x99, 0xA9, 0x9A, 0xAA, 0xAA, 
	0x99, 0x99, 0xAA, 0xA9, 0x99, 0x99, 0x99, 0xAA, 0xAA, 0xAA, 0xAB, 0xBB, 0xBB, 0xBB, 0xBB, 
	0xBB, 0xBB, 0xBA, 0xAA, 0x99, 0x99, 0x99, 0x99, 0x99, 0x99, 0x99, 0x99, 0x99, 0x99, 0x99, 
	0xAA, 0x99, 0x9A, 0xAA, 0x9A, 0xAA, 0xAA, 0xAA, 0xAA, 0xAA, 0xAA, 0xAA, 0xAA, 0xAA, 0xAA, 
	0xAA, 0xAA, 0xAA, 0xAA, 0xAA, 0xAA, 0xAA, 0xAA, 0xAA, 0xAA, 0xAA, 0xAA, 0xAB, 0xBB, 0xBA, 
	0xAA, 0xAA, 0xAA, 0xA9, 0x99, 0x99, 0x99, 0x99, 0x99, 0x99, 0x99, 0x99, 0x99, 0x99, 0x99, 
	0x55, 0x55, 0x55, 0x55, 0x44, 0x43, 0x45, 0x67, 0x77, 0x78, 0xAB, 0xCD, 0xEF, 0xFF, 0xFF, 
	0xDA, 0x87, 0xAD, 0xEF, 0xFF, 0xFF, 0xEE, 0xEE, 0xDD, 0xDD, 0xDD, 0xDD, 0xDC, 0xDD, 0xDD, 
	0xCC, 0xCC, 0xCC, 0xCC, 0xCC, 0xDE, 0xFF, 0xEE, 0xFF, 0xFE, 0xFF, 0xEE, 0xDD, 0xDD, 0xCC, 
	0xCC, 0xCC, 0xCC, 0xCC, 0xCC, 0xCC, 0xBB, 0xBA, 0x99, 0x98, 0x88, 0x77, 0x88, 0x77, 0x77, 
	0x77, 0x77, 0x77, 0x77, 0x77, 0x77, 0x77, 0x77, 0x76, 0x66, 0x66, 0x66, 0x66, 0x66, 0x66, 
	0x66, 0x55, 0x55, 0x55, 0x55, 0x66, 0x76, 0x55, 0x67, 0x87, 0x78, 0x9A, 0xAA, 0x98, 0x77, 
	0x76, 0x55, 0x54, 0x44, 0x45, 0x67, 0x54, 0x21, 0x11, 0x11, 0x11, 0x11, 0x11, 0x11, 0x11, 
	0x11, 0x11, 0x11, 0x11, 0x11, 0x11, 0x11, 0x11, 0x11, 0x11, 0x11, 0x11, 0x11, 0x11, 0x11, 
	0x11, 0x11, 0x11, 0x11, 0x11, 0x11, 0x11, 0x11, 0x11, 0x11, 0x11, 0x11, 0x11, 0x11, 0x11, 
	0x11, 0x11, 0x11, 0x11, 0x14, 0x8B, 0xAA, 0x98, 0x65, 0x41, 0x11, 0x11, 0x11, 0x11, 0x11, 
	0x11, 0x11, 0x11, 0x11, 0x11, 0x11, 0x11, 0x11, 0x24, 0x57, 0x99, 0xAA, 0xB6, 0x10, 0x11, 
	0x11, 0x11, 0x11, 0x11, 0x11, 0x11, 0x11, 0x11, 0x11, 0x11, 0x11, 0x11, 0x11, 0x11, 0x11, 
	0x11, 0x11, 0x11, 0x11, 0x11, 0x11, 0x11, 0x11, 0x11, 0x11, 0x13, 0x57, 0x89, 0x99, 0x99, 
	0x99, 0x99, 0xAA, 0xAA, 0x99, 0xAA, 0xAA, 0xAA, 0xAA, 0xAA, 0xAA, 0xAA, 0xA9, 0x98, 0x76, 
	0x66, 0x66, 0x66, 0x78, 0x99, 0x99, 0x9A, 0xAA, 0x99, 0x99, 0x99, 0xAA, 0xAA, 0xAA, 0xAA, 
	0xAA, 0x99, 0xAA, 0x99, 0x99, 0x99, 0x99, 0x9A, 0xBB, 0xBB, 0xBB, 0xBB, 0xBB, 0xBB, 0xBB, 
	0xBB, 0xBB, 0xBB, 0xAA, 0xA9, 0x99, 0x99, 0x99, 0x99, 0x99, 0x99, 0x99, 0x99, 0x99, 0x99, 
	0x99, 0x99, 0x9A, 0xA9, 0x99, 0x9A, 0xAA, 0xAA, 0xAA, 0xAA, 0xAA, 0xAA, 0xAA, 0xAA, 0xAA, 
	0xAA, 0xAA, 0xAA, 0xAA, 0xAA, 0xAA, 0xAA, 0xAA, 0xAA, 0xAA, 0xAA, 0xAA, 0xAA, 0xAA, 0xAA, 
	0xAA, 0xBB, 0xBA, 0xAA, 0xAA, 0xAA, 0x99, 0x99, 0x99, 0x99, 0x99, 0x99, 0x99, 0x99, 0x99, 
	0x45, 0x55, 0x55, 0x44, 0x34, 0x44, 0x46, 0x78, 0x88, 0x9A, 0xCD, 0xEF, 0xFF, 0xFF, 0xEB, 
	0x85, 0x45, 0xAE, 0xFF, 0xFF, 0xEE, 0xEE, 0xEE, 0xED, 0xDD, 0xDD, 0xDD, 0xCC, 0xCC, 0xDC, 
	0xCC, 0xCC, 0xCC, 0xCC, 0xCC, 0xDD, 0xED, 0xDE, 0xEF, 0xEE, 0xEE, 0xED, 0xDD, 0xDC, 0xCC, 
	0xCC, 0xCC, 0xCC, 0xCC, 0xCC, 0xCC, 0xBA, 0xA9, 0x88, 0x88, 0x88, 0x88, 0x88, 0x77, 0x77, 
	0x77, 0x87, 0x77, 0x77, 0x77, 0x77, 0x77, 0x77, 0x76, 0x66, 0x66, 0x66, 0x66, 0x66, 0x66, 
	0x66, 0x65, 0x55, 0x55, 0x55, 0x66, 0x65, 0x56, 0x77, 0x76, 0x78, 0x9A, 0x99, 0x88, 0x77, 
	0x66, 0x55, 0x55, 0x44, 0x46, 0x88, 0x76, 0x42, 0x11, 0x11, 0x11, 0x11, 0x11, 0x11, 0x11, 
	0x11, 0x11, 0x11, 0x11, 0x11, 0x11, 0x11, 0x11, 0x11, 0x11, 0x11, 0x11, 0x11, 0x11, 0x11, 
	0x11, 0x11, 0x11, 0x11, 0x11, 0x11, 0x11, 0x11, 0x11, 0x11, 0x11, 0x11, 0x11, 0x11, 0x11, 
	0x11, 0x11, 0x11, 0x11, 0x13, 0x8A, 0xAA, 0x98, 0x66, 0x42, 0x11, 0x11, 0x11, 0x11, 0x11, 
	0x11, 0x11, 0x11, 0x11, 0x11, 0x11, 0x11, 0x11, 0x23, 0x57, 0x89, 0x9A, 0xB6, 0x10, 0x11, 
	0x11, 0x11, 0x11, 0x11, 0x11, 0x11, 0x11, 0x11, 0x11, 0x11, 0x11, 0x11, 0x11, 0x11, 0x11, 
	0x11, 0x11, 0x11, 0x11, 0x11, 0x11, 0x11, 0x11, 0x11, 0x12, 0x35, 0x78, 0x99, 0x99, 0x9A, 
	0xAA, 0xAA, 0xAA, 0xAA, 0xAA, 0xAA, 0xAA, 0xAA, 0xAA, 0xAA, 0xAA, 0xAA, 0xA9, 0x98, 0x76, 
	0x66, 0x66, 0x66, 0x77, 0x89, 0xAA, 0x9A, 0xAA, 0xA9, 0x99, 0xAA, 0xAA, 0xAA, 0xAA, 0xAA, 
	0xAA, 0xAA, 0xAA, 0x99, 0x99, 0x99, 0x99, 0xAA, 0xBB, 0xBB, 0xBB, 0xBB, 0xBB, 0xBB, 0xBC, 
	0xBB, 0xBB, 0xBB, 0xAA, 0xAA, 0x99, 0x99, 0x99, 0x99, 0x99, 0xAA, 0x99, 0x9A, 0x99, 0x99, 
	0x99, 0x99, 0x99, 0x99, 0x99, 0x9A, 0xAA, 0xAA, 0xAA, 0xAA, 0xAA, 0xAA, 0xAA, 0xAA, 0xAA, 
	0xAA, 0xAA, 0xAA, 0xAA, 0xAA, 0xAA, 0xAA, 0xAA, 0xAA, 0xAA, 0xAA, 0xAA, 0xAA, 0xAA, 0xAA, 
	0xAA, 0xBB, 0xBA, 0xAA, 0xAA, 0xAA, 0xAA, 0xA9, 0x99, 0x99, 0x99, 0x99, 0x99, 0x99, 0x99, 
	0x55, 0x55, 0x54, 0x43, 0x45, 0x66, 0x57, 0x89, 0x9A, 0xBD, 0xEE, 0xEF, 0xFE, 0xEC, 0x96, 
	0x31, 0x37, 0xCF, 0xFF, 0xFE, 0xEE, 0xEE, 0xEE, 0xEE, 0xDD, 0xDD, 0xDD, 0xCC, 0xCC, 0xDC, 
	0xCC, 0xCC, 0xCC, 0xCC, 0xCC, 0xCD, 0xDD, 0xEE, 0xFE, 0xEE, 0xEE, 0xDD, 0xDD, 0xCC, 0xCC, 
	0xCC, 0xCC, 0xCC, 0xCC, 0xCC, 0xCB, 0xA9, 0x98, 0x77, 0x88, 0x88, 0x87, 0x77, 0x77, 0x77, 
	0x77, 0x87, 0x77, 0x77, 0x77, 0x77, 0x77, 0x77, 0x66, 0x66, 0x66, 0x66, 0x66, 0x66, 0x66, 
	0x66, 0x65, 0x55, 0x55, 0x55, 0x55, 0x55, 0x57, 0x76, 0x56, 0x78, 0x99, 0x98, 0x87, 0x77, 
	0x65, 0x55, 0x55, 0x43, 0x58, 0x98, 0x88, 0x64, 0x21, 0x11, 0x11, 0x11, 0x11, 0x11, 0x11, 
	0x11, 0x11, 0x11, 0x11, 0x11, 0x11, 0x11, 0x11, 0x11, 0x11, 0x11, 0x11, 0x11, 0x11, 0x11, 
	0x11, 0x11, 0x11, 0x11, 0x11, 0x11, 0x11, 0x11, 0x11, 0x11, 0x11, 0x11, 0x11, 0x11, 0x11, 
	0x11, 0x11, 0x11, 0x10, 0x03, 0x7A, 0xAA, 0x98, 0x76, 0x42, 0x11, 0x11, 0x11, 0x11, 0x11, 
	0x11, 0x11, 0x11, 0x11, 0x11, 0x11, 0x11, 0x11, 0x23, 0x57, 0x88, 0x9B, 0xB6, 0x10, 0x11, 
	0x11, 0x11, 0x11, 0x11, 0x11, 0x11, 0x11, 0x11, 0x11, 0x11, 0x11, 0x11, 0x11, 0x11, 0x11, 
	0x11, 0x11, 0x11, 0x11, 0x11, 0x11, 0x11, 0x11, 0x12, 0x34, 0x67, 0x89, 0x99, 0x99, 0xAA, 
	0xAA, 0xAA, 0xAA, 0xAA, 0xAA, 0xBB, 0xAA, 0xAA, 0xAA, 0xAA, 0xAA, 0xAA, 0xAA, 0x98, 0x66, 
	0x66, 0x66, 0x66, 0x67, 0x89, 0xAA, 0x9A, 0xAA, 0xAA, 0xAA, 0xAA, 0xAA, 0xAA, 0xAA, 0xAA, 
	0xAA, 0xAA, 0xAA, 0xA9, 0xAA, 0x99, 0x99, 0xAA, 0xBB, 0xBB, 0xBB, 0xBB, 0xBB, 0xBB, 0xBC, 
	0xBB, 0xBA, 0xBB, 0xAA, 0xAA, 0xAA, 0xAA, 0x99, 0x99, 0x99, 0x99, 0x99, 0x9A, 0x99, 0x99, 
	0xA9, 0x99, 0x99, 0x99, 0x99, 0x9A, 0xA9, 0xAA, 0xA9, 0x99, 0xAA, 0xAA, 0xAA, 0xAA, 0xAA, 
	0xAA, 0xAA, 0xAA, 0xAA, 0xAA, 0xAA, 0xAA, 0xAA, 0xAA, 0xAA, 0xAA, 0xAA, 0xAA, 0xAA, 0xAA, 
	0xAA, 0xBB, 0xAA, 0xAA, 0xBB, 0xAA, 0xBB, 0xAA, 0xAA, 0x99, 0x99, 0x99, 0x99, 0x99, 0x99, 
	0x55, 0x54, 0x43, 0x33, 0x46, 0x77, 0x67, 0x9A, 0xCD, 0xEE, 0xFF, 0xFF, 0xFD, 0xA7, 0x42, 
	0x23, 0x7B, 0xEF, 0xFF, 0xFE, 0xEE, 0xEE, 0xEE, 0xEE, 0xDD, 0xDD, 0xDD, 0xCC, 0xCC, 0xDC, 
	0xCC, 0xCC, 0xCC, 0xCC, 0xCC, 0xCD, 0xDD, 0xEF, 0xFE, 0xEE, 0xEE, 0xDD, 0xDD, 0xCC, 0xCC, 
	0xCC, 0xCC, 0xCC, 0xCC, 0xCC, 0xBB, 0xA9, 0x88, 0x77, 0x88, 0x88, 0x77, 0x77, 0x77, 0x77, 
	0x77, 0x77, 0x77, 0x77, 0x77, 0x77, 0x77, 0x76, 0x66, 0x66, 0x66, 0x66, 0x66, 0x66, 0x55, 
	0x66, 0x55, 0x55, 0x55, 0x55, 0x55, 0x55, 0x66, 0x65, 0x46, 0x78, 0x89, 0x88, 0x77, 0x77, 
	0x66, 0x55, 0x55, 0x43, 0x58, 0xA9, 0x89, 0x86, 0x53, 0x10, 0x11, 0x11, 0x11, 0x11, 0x11, 
	0x11, 0x11, 0x11, 0x11, 0x11, 0x11, 0x11, 0x11, 0x11, 0x11, 0x11, 0x11, 0x11, 0x11, 0x11, 
	0x11, 0x11, 0x11, 0x11, 0x11, 0x11, 0x11, 0x11, 0x11, 0x11, 0x11, 0x11, 0x11, 0x11, 0x11, 
	0x11, 0x11, 0x11, 0x10, 0x02, 0x6A, 0xAA, 0x98, 0x76, 0x42, 0x11, 0x11, 0x11, 0x11, 0x11, 
	0x11, 0x11, 0x11, 0x11, 0x11, 0x11, 0x11, 0x11, 0x13, 0x57, 0x89, 0x9B, 0xB7, 0x20, 0x11, 
	0x11, 0x11, 0x11, 0x11, 0x11, 0x11, 0x11, 0x11, 0x11, 0x11, 0x11, 0x11, 0x11, 0x11, 0x11, 
	0x11, 0x11, 0x11, 0x11, 0x11, 0x11, 0x10, 0x11, 0x23, 0x67, 0x78, 0x98, 0x98, 0x99, 0x9A, 
	0xAA, 0xAA, 0xAA, 0xAA, 0xBB, 0xBB, 0xAA, 0xAA, 0xBA, 0xBA, 0xAA, 0xAA, 0xAA, 0x98, 0x66, 
	0x66, 0x66, 0x66, 0x67, 0x78, 0xAA, 0xAA, 0xAA, 0xAA, 0xAA, 0xAA, 0xAA, 0xAA, 0xAA, 0xAA, 
	0xAA, 0xAA, 0xAA, 0xAA, 0xAA, 0x99, 0xA9, 0xAB, 0xBA, 0xBB, 0xBC, 0xCC, 0xCB, 0xBB, 0xBB, 
	0xBB, 0xBB, 0xBA, 0xAA, 0xAA, 0xAA, 0xAA, 0xA9, 0x99, 0x99, 0x99, 0x99, 0x99, 0x99, 0x99, 
	0x99, 0x99, 0x99, 0x99, 0x9A, 0xAA, 0xA9, 0x9A, 0x99, 0x99, 0xAA, 0xAA, 0xAA, 0xAA, 0xAA, 
	0xAA, 0xAA, 0xAA, 0xAA, 0xAA, 0xAA, 0xAA, 0xAA, 0xAA, 0xAA, 0xAA, 0xAA, 0xAB, 0xAA, 0xAA, 
	0xAA, 0xBA, 0xAA, 0xAA, 0xAA, 0xAA, 0xBB, 0xAA, 0xAA, 0xAA, 0x99, 0x99, 0x99, 0x99, 0x99, 
	0x44, 0x43, 0x33, 0x44, 0x56, 0x88, 0x89, 0xBC, 0xDE, 0xFF, 0xFF, 0xEE, 0xC8, 0x52, 0x22, 
	0x58, 0xCE, 0xFF, 0xFF, 0xFE, 0xEE, 0xEE, 0xEE, 0xEE, 0xDD, 0xDD, 0xDC, 0xCC, 0xCC, 0xCC, 
	0xCC, 0xCC, 0xCC, 0xCC, 0xCC, 0xCC, 0xDD, 0xEE, 0xEE, 0xEE, 0xEE, 0xDD, 0xDD, 0xDC, 0xCC, 
	0xCC, 0xCC, 0xCC, 0xCC, 0xCB, 0xA9, 0x98, 0x88, 0x88, 0x88, 0x88, 0x77, 0x77, 0x77, 0x77, 
	0x77, 0x77, 0x77, 0x77, 0x77, 0x77, 0x77, 0x76, 0x66, 0x76, 0x66, 0x66, 0x66, 0x66, 0x55, 
	0x55, 0x55, 0x55, 0x55, 0x55, 0x55, 0x55, 0x66, 0x54, 0x57, 0x77, 0x88, 0x88, 0x77, 0x77, 
	0x66, 0x55, 0x55, 0x44, 0x58, 0xAA, 0x99, 0x98, 0x76, 0x42, 0x11, 0x11, 0x11, 0x11, 0x11, 
	0x11, 0x11, 0x11, 0x11, 0x11, 0x11, 0x11, 0x11, 0x11, 0x11, 0x11, 0x11, 0x11, 0x11, 0x11, 
	0x11, 0x11, 0x11, 0x11, 0x11, 0x11, 0x11, 0x11, 0x11, 0x11, 0x11, 0x11, 0x11, 0x11, 0x11, 
	0x11, 0x11, 0x11, 0x11, 0x12, 0x6A, 0xAA, 0x98, 0x76, 0x42, 0x11, 0x11, 0x11, 0x11, 0x11, 
	0x11, 0x11, 0x11, 0x11, 0x11, 0x11, 0x11, 0x11, 0x13, 0x56, 0x89, 0x9B, 0xB7, 0x21, 0x01, 
	0x11, 0x11, 0x11, 0x11, 0x11, 0x11, 0x11, 0x11, 0x11, 0x11, 0x11, 0x11, 0x11, 0x11, 0x11, 
	0x11, 0x11, 0x11, 0x11, 0x11, 0x11, 0x01, 0x22, 0x46, 0x78, 0x88, 0x99, 0x99, 0x99, 0x9A, 
	0xAA, 0xAA, 0xAA, 0xAA, 0xBB, 0xBB, 0xBA, 0xBB, 0xBB, 0xBB, 0xAA, 0xAA, 0xAA, 0x98, 0x66, 
	0x66, 0x66, 0x66, 0x67, 0x78, 0xAA, 0xAA, 0xAA, 0xAA, 0xAA, 0xAA, 0xAA, 0xAA, 0xAA, 0xAA, 
	0xAA, 0xAA, 0xAA, 0xAA, 0xAA, 0xAA, 0xAA, 0xAB, 0xBB, 0xBB, 0xBC, 0xCC, 0xCC, 0xBB, 0xBB, 
	0xBB, 0xBB, 0xBA, 0xAA, 0xAA, 0xAA, 0xAA, 0xA9, 0x99, 0x99, 0x99, 0x99, 0x99, 0x99, 0x99, 
	0x99, 0x99, 0x99, 0xAA, 0xAA, 0xAA, 0xAA, 0x99, 0x99, 0x9A, 0xAA, 0xAA, 0xAA, 0xAA, 0xAA, 
	0xAA, 0xAA, 0xAA, 0xAA, 0xAA, 0xAA, 0xAA, 0xAA, 0xAA, 0xAA, 0xAA, 0xAA, 0xAB, 0xAA, 0xAA, 
	0xAA, 0xAA, 0xAA, 0xAA, 0xAA, 0xAA, 0xAB, 0xAA, 0xAA, 0xAA, 0xAA, 0xAA, 0xAA, 0xA9, 0x99, 
	0x44, 0x33, 0x45, 0x67, 0x77, 0x89, 0xAC, 0xDE, 0xEF, 0xFF, 0xFE, 0xB9, 0x74, 0x22, 0x58, 
	0xAD, 0xFF, 0xFF, 0xEC, 0xDE, 0xEE, 0xEE, 0xEE, 0xED, 0xDD, 0xDD, 0xCC, 0xCC, 0xCC, 0xCC, 
	0xCC, 0xCC, 0xCC, 0xCC, 0xCC, 0xCC, 0xCC, 0xDD, 0xDE, 0xEE, 0xED, 0xDD, 0xDD, 0xDC, 0xCC, 
	0xDC, 0xCC, 0xCC, 0xCC, 0xBB, 0x98, 0x88, 0x88, 0x88, 0x88, 0x87, 0x77, 0x77, 0x88, 0x77, 
	0x77, 0x77, 0x77, 0x77, 0x77, 0x77, 0x77, 0x76, 0x66, 0x66, 0x66, 0x66, 0x66, 0x66, 0x56, 
	0x55, 0x55, 0x55, 0x55, 0x55, 0x56, 0x65, 0x55, 0x45, 0x67, 0x66, 0x78, 0x88, 0x87, 0x76, 
	0x65, 0x55, 0x55, 0x44, 0x57, 0xAB, 0xA9, 0x99, 0x88, 0x64, 0x22, 0x11, 0x11, 0x11, 0x11, 
	0x11, 0x11, 0x11, 0x11, 0x11, 0x11, 0x11, 0x11, 0x11, 0x11, 0x11, 0x11, 0x11, 0x11, 0x11, 
	0x11, 0x11, 0x11, 0x11, 0x11, 0x11, 0x11, 0x11, 0x11, 0x11, 0x11, 0x11, 0x11, 0x11, 0x11, 
	0x11, 0x11, 0x11, 0x11, 0x01, 0x6A, 0xAA, 0x97, 0x76, 0x52, 0x11, 0x11, 0x11, 0x11, 0x11, 
	0x11, 0x11, 0x11, 0x11, 0x11, 0x11, 0x11, 0x11, 0x13, 0x56, 0x89, 0x9A, 0xB7, 0x21, 0x01, 
	0x11, 0x11, 0x11, 0x11, 0x11, 0x11, 0x11, 0x11, 0x11, 0x11, 0x11, 0x11, 0x11, 0x11, 0x11, 
	0x11, 0x11, 0x11, 0x11, 0x11, 0x11, 0x12, 0x35, 0x67, 0x88, 0x89, 0x99, 0xAA, 0xAA, 0xAA, 
	0xAA, 0xAA, 0xAA, 0xBB, 0xBB, 0xBB, 0xBB, 0xBB, 0xBB, 0xBB, 0xBA, 0xAA, 0xAA, 0x97, 0x66, 
	0x66, 0x66, 0x66, 0x67, 0x78, 0x99, 0xAA, 0xAA, 0xAA, 0xAA, 0xAA, 0xAA, 0xAA, 0xAA, 0xAA, 
	0xAA, 0xAA, 0xAA, 0xAA, 0xAB, 0xAA, 0xAA, 0xAB, 0xBB, 0xBB, 0xBC, 0xCC, 0xCC, 0xCB, 0xBB, 
	0xBB, 0xBB, 0xBA, 0xAA, 0xAA, 0xAA, 0xA9, 0x99, 0x99, 0x99, 0x99, 0x99, 0x99, 0x99, 0x99, 
	0x9A, 0x99, 0x9A, 0xAA, 0xAA, 0xAA, 0xAA, 0x99, 0x9A, 0xAA, 0xAA, 0xAA, 0xAA, 0xAA, 0xAA, 
	0xAA, 0xAA, 0xAA, 0xAA, 0xAA, 0xAA, 0xAA, 0xAA, 0xAA, 0xAA, 0xAA, 0xAA, 0xAA, 0xAA, 0xAA, 
	0xAA, 0xAA, 0xAA, 0xAA, 0xBA, 0xAA, 0xAA, 0xAA, 0xAB, 0xAA, 0xAA, 0xAA, 0xAA, 0xAA, 0xAA, 
	0x34, 0x44, 0x68, 0x88, 0x89, 0xBC, 0xDE, 0xEF, 0xFF, 0xFE, 0xDA, 0x74, 0x22, 0x46, 0xAD, 
	0xEF, 0xFE, 0xCA, 0x98, 0xAD, 0xDD, 0xDE, 0xEE, 0xEE, 0xDD, 0xDC, 0xCC, 0xCC, 0xCC, 0xCC, 
	0xCC, 0xCC, 0xCC, 0xCC, 0xCB, 0xBB, 0xBB, 0xBC, 0xCD, 0xDD, 0xDD, 0xCD, 0xDC, 0xDC, 0xCC, 
	0xDC, 0xCC, 0xCC, 0xCB, 0xBA, 0x98, 0x77, 0x88, 0x88, 0x87, 0x77, 0x77, 0x77, 0x77, 0x77, 
	0x77, 0x77, 0x77, 0x77, 0x77, 0x77, 0x77, 0x77, 0x66, 0x66, 0x66, 0x66, 0x66, 0x66, 0x66, 
	0x55, 0x55, 0x55, 0x55, 0x55, 0x56, 0x65, 0x54, 0x45, 0x66, 0x66, 0x78, 0x88, 0x77, 0x66, 
	0x65, 0x55, 0x55, 0x44, 0x47, 0x9B, 0xAA, 0xAA, 0x99, 0x87, 0x53, 0x21, 0x10, 0x11, 0x11, 
	0x11, 0x11, 0x11, 0x11, 0x11, 0x11, 0x11, 0x11, 0x11, 0x11, 0x11, 0x11, 0x11, 0x11, 0x11, 
	0x11, 0x11, 0x11, 0x11, 0x11, 0x11, 0x11, 0x11, 0x11, 0x11, 0x11, 0x11, 0x11, 0x11, 0x11, 
	0x11, 0x11, 0x11, 0x11, 0x01, 0x5A, 0xBA, 0x98, 0x66, 0x53, 0x11, 0x11, 0x11, 0x11, 0x11, 
	0x11, 0x11, 0x11, 0x11, 0x11, 0x11, 0x11, 0x11, 0x23, 0x56, 0x88, 0x9A, 0xB7, 0x31, 0x01, 
	0x11, 0x11, 0x11, 0x11, 0x11, 0x11, 0x11, 0x11, 0x11, 0x11, 0x11, 0x11, 0x11, 0x11, 0x11, 
	0x11, 0x11, 0x11, 0x11, 0x10, 0x01, 0x24, 0x67, 0x88, 0x99, 0x99, 0x9A, 0xAA, 0xAA, 0xAA, 
	0xAA, 0xAA, 0xAB, 0xBB, 0xBB, 0xBB, 0xBB, 0xBB, 0xBC, 0xBB, 0xBB, 0xAA, 0x99, 0x87, 0x65, 
	0x55, 0x66, 0x66, 0x66, 0x77, 0x89, 0xAA, 0xAA, 0xAA, 0xAA, 0xAA, 0xAA, 0xAA, 0xAA, 0xAA, 
	0xAA, 0xAA, 0xAA, 0xAB, 0xBA, 0xAB, 0xBB, 0xBB, 0xBB, 0xBB, 0xCC, 0xCC, 0xCC, 0xCB, 0xBB, 
	0xBB, 0xBB, 0xBB, 0xAA, 0xAA, 0xAA, 0xAA, 0xA9, 0xAA, 0xA9, 0x9A, 0xA9, 0x99, 0xA9, 0x99, 
	0x99, 0xA9, 0x99, 0xAA, 0xAA, 0xAA, 0xAA, 0xAA, 0xA9, 0xAA, 0xAA, 0xAA, 0xAA, 0xAA, 0xAA, 
	0xAA, 0xAA, 0xAA, 0xAA, 0xAA, 0xAA, 0xAA, 0xAA, 0xAA, 0xAA, 0xAA, 0xAA, 0xAA, 0xAA, 0xAA, 
	0xAA, 0xAA, 0xAA, 0xAA, 0xAA, 0xBB, 0xAA, 0xAA, 0xAB, 0xAA, 0xAB, 0xBB, 0xBB, 0xBB, 0xAA, 
	0x45, 0x56, 0x79, 0x99, 0xAB, 0xDE, 0xEF, 0xFF, 0xFE, 0xDA, 0x85, 0x32, 0x36, 0x9C, 0xEF, 
	0xFF, 0xEB, 0x75, 0x44, 0x68, 0x9A, 0xCE, 0xEE, 0xDD, 0xDD, 0xCC, 0xCC, 0xCC, 0xDC, 0xCC, 
	0xCC, 0xCC, 0xCC, 0xCC, 0xCB, 0xCC, 0xCB, 0xBC, 0xCC, 0xDD, 0xDD, 0xDD, 0xDC, 0xDC, 0xCC, 
	0xCC, 0xCC, 0xCC, 0xBB, 0xA9, 0x88, 0x88, 0x88, 0x88, 0x77, 0x78, 0x78, 0x88, 0x77, 0x77, 
	0x77, 0x77, 0x77, 0x77, 0x77, 0x77, 0x77, 0x77, 0x76, 0x66, 0x66, 0x66, 0x66, 0x65, 0x66, 
	0x65, 0x55, 0x55, 0x55, 0x55, 0x55, 0x55, 0x44, 0x56, 0x66, 0x67, 0x78, 0x88, 0x77, 0x76, 
	0x66, 0x55, 0x55, 0x44, 0x47, 0x9A, 0xBA, 0xAA, 0x99, 0x98, 0x75, 0x43, 0x21, 0x00, 0x11, 
	0x11, 0x11, 0x11, 0x11, 0x11, 0x11, 0x11, 0x11, 0x11, 0x11, 0x11, 0x11, 0x11, 0x11, 0x11, 
	0x11, 0x11, 0x11, 0x11, 0x11, 0x11, 0x11, 0x11, 0x11, 0x11, 0x11, 0x11, 0x11, 0x11, 0x11, 
	0x11, 0x11, 0x11, 0x11, 0x01, 0x5A, 0xBA, 0x98, 0x76, 0x52, 0x11, 0x11, 0x11, 0x11, 0x11, 
	0x11, 0x11, 0x11, 0x11, 0x11, 0x11, 0x11, 0x11, 0x13, 0x56, 0x88, 0x9A, 0xB7, 0x31, 0x01, 
	0x11, 0x11, 0x11, 0x11, 0x11, 0x11, 0x11, 0x11, 0x11, 0x11, 0x11, 0x11, 0x11, 0x11, 0x11, 
	0x11, 0x11, 0x11, 0x11, 0x11, 0x24, 0x57, 0x88, 0x89, 0x99, 0x99, 0x9A, 0xAA, 0xAA, 0xAA, 
	0xAA, 0xBB, 0xBB, 0xBB, 0xBB, 0xBB, 0xCC, 0xCC, 0xCC, 0xCB, 0xBB, 0xAA, 0x98, 0x76, 0x65, 
	0x55, 0x56, 0x66, 0x66, 0x66, 0x89, 0xAA, 0xAA, 0xAA, 0xBA, 0xBA, 0xAA, 0xAA, 0xAA, 0xAA, 
	0xAA, 0xAA, 0xAA, 0xAA, 0xBB, 0xBB, 0xBB, 0xBB, 0xBB, 0xBC, 0xCC, 0xCC, 0xCC, 0xCB, 0xBB, 
	0xBB, 0xBB, 0xBB, 0xBA, 0xAA, 0xAA, 0xAA, 0xAA, 0xAA, 0xAA, 0xAA, 0xAA, 0x9A, 0xAA, 0xAA, 
	0xAA, 0xAA, 0xAA, 0xAA, 0xAA, 0xAA, 0xAA, 0xAA, 0xAA, 0xAA, 0x99, 0x99, 0xAA, 0xAA, 0xAA, 
	0xAA, 0xAA, 0xAA, 0xAA, 0xAA, 0xAA, 0xAA, 0xAA, 0xAA, 0xAA, 0xAA, 0xAA, 0xAA, 0xAA, 0xAA, 
	0xAA, 0xAA, 0xAA, 0xAA, 0xAA, 0xBB, 0xAA, 0xAA, 0xAB, 0xAA, 0xAA, 0xBB, 0xBB, 0xBB, 0xAA, 
	0x67, 0x77, 0x89, 0xAB, 0xCD, 0xFF, 0xFF, 0xFF, 0xEB, 0x85, 0x32, 0x34, 0x7B, 0xEE, 0xFF, 
	0xEC, 0x96, 0x32, 0x22, 0x33, 0x48, 0xCE, 0xEE, 0xDD, 0xDD, 0xDD, 0xDC, 0xCD, 0xDD, 0xCC, 
	0xCC, 0xCC, 0xCC, 0xCB, 0xBC, 0xCC, 0xCC, 0xBC, 0xCC, 0xCC, 0xDD, 0xDD, 0xCC, 0xDC, 0xCC, 
	0xCC, 0xBB, 0xBB, 0xBA, 0x88, 0x88, 0x88, 0x87, 0x78, 0x88, 0x88, 0x88, 0x88, 0x77, 0x77, 
	0x77, 0x77, 0x77, 0x77, 0x77, 0x77, 0x77, 0x77, 0x77, 0x66, 0x66, 0x66, 0x66, 0x55, 0x56, 
	0x55, 0x55, 0x55, 0x55, 0x55, 0x55, 0x55, 0x44, 0x56, 0x66, 0x77, 0x88, 0x77, 0x77, 0x76, 
	0x66, 0x56, 0x55, 0x44, 0x47, 0x9B, 0xBA, 0xAA, 0x99, 0x98, 0x87, 0x64, 0x32, 0x10, 0x11, 
	0x11, 0x11, 0x11, 0x11, 0x11, 0x11, 0x11, 0x11, 0x11, 0x11, 0x11, 0x11, 0x11, 0x11, 0x11, 
	0x11, 0x11, 0x11, 0x11, 0x11, 0x11, 0x11, 0x11, 0x11, 0x11, 0x11, 0x11, 0x11, 0x11, 0x11, 
	0x11, 0x11, 0x11, 0x11, 0x00, 0x4A, 0xBA, 0x98, 0x76, 0x42, 0x11, 0x11, 0x11, 0x11, 0x11, 
	0x11, 0x11, 0x11, 0x11, 0x11, 0x11, 0x11, 0x10, 0x13, 0x46, 0x78, 0x9A, 0xB8, 0x31, 0x01, 
	0x11, 0x11, 0x11, 0x11, 0x11, 0x11, 0x11, 0x11, 0x11, 0x11, 0x11, 0x11, 0x11, 0x11, 0x11, 
	0x11, 0x11, 0x10, 0x11, 0x23, 0x57, 0x88, 0x89, 0x89, 0x99, 0x99, 0x9A, 0xAA, 0xAA, 0xAA, 
	0xAA, 0xBB, 0xBB, 0xBB, 0xBB, 0xBC, 0xCC, 0xCC, 0xCC, 0xCB, 0xBB, 0xA9, 0x87, 0x66, 0x55, 
	0x55, 0x66, 0x66, 0x66, 0x66, 0x78, 0x9A, 0xAA, 0xAA, 0xBB, 0xBB, 0xBB, 0xBB, 0xAA, 0xAA, 
	0xAA, 0xAA, 0xAA, 0xAB, 0xBB, 0xBB, 0xBB, 0xBB, 0xBB, 0xBC, 0xCC, 0xCC, 0xCC, 0xBB, 0xBB, 
	0xBB, 0xBA, 0xBB, 0xBB, 0xBA, 0xAA, 0xAA, 0xAA, 0xAA, 0xAA, 0xAA, 0xAA, 0xAA, 0xAA, 0xAA, 
	0xAA, 0xAA, 0xAA, 0xAA, 0xAA, 0xAA, 0xAA, 0xAA, 0xAA, 0xAA, 0xA9, 0x99, 0xAA, 0xAA, 0xAA, 
	0xAA, 0xA9, 0xAA, 0xAA, 0xAA, 0xAA, 0xAA, 0xAA, 0xAA, 0xAA, 0xAA, 0xAA, 0xAA, 0xAA, 0xAA, 
	0xAA, 0xBB, 0xBA, 0xAA, 0xAA, 0xAA, 0xAA, 0xAA, 0xBA, 0xAA, 0xAA, 0xBB, 0xBB, 0xBA, 0xAB, 
	0x89, 0x99, 0xAB, 0xCD, 0xFF, 0xFF, 0xFE, 0xEC, 0x96, 0x43, 0x24, 0x7A, 0xCF, 0xFF, 0xFD, 
	0xA7, 0x42, 0x12, 0x22, 0x21, 0x49, 0xEF, 0xEE, 0xDD, 0xDD, 0xDD, 0xDD, 0xDD, 0xDD, 0xCC, 
	0xCC, 0xCC, 0xCC, 0xCC, 0xCB, 0xBB, 0xBC, 0xCC, 0xCC, 0xCC, 0xDE, 0xDD, 0xCC, 0xCC, 0xBB, 
	0xBB, 0xA9, 0xAA, 0xA9, 0x88, 0x88, 0x88, 0x87, 0x77, 0x88, 0x88, 0x88, 0x88, 0x77, 0x77, 
	0x77, 0x77, 0x77, 0x77, 0x77, 0x77, 0x77, 0x77, 0x77, 0x66, 0x66, 0x66, 0x66, 0x65, 0x55, 
	0x55, 0x55, 0x55, 0x55, 0x55, 0x55, 0x55, 0x44, 0x56, 0x56, 0x77, 0x88, 0x87, 0x77, 0x76, 
	0x66, 0x66, 0x65, 0x44, 0x47, 0xAB, 0xBA, 0xAA, 0xA9, 0x99, 0x88, 0x76, 0x54, 0x32, 0x11, 
	0x11, 0x11, 0x11, 0x11, 0x11, 0x11, 0x11, 0x11, 0x11, 0x11, 0x11, 0x11, 0x11, 0x11, 0x11, 
	0x11, 0x11, 0x11, 0x11, 0x11, 0x11, 0x11, 0x11, 0x11, 0x11, 0x11, 0x11, 0x11, 0x11, 0x11, 
	0x11, 0x11, 0x11, 0x11, 0x00, 0x49, 0xBA, 0x98, 0x76, 0x42, 0x11, 0x11, 0x11, 0x11, 0x11, 
	0x11, 0x11, 0x11, 0x11, 0x11, 0x11, 0x11, 0x10, 0x12, 0x46, 0x78, 0x9A, 0xB8, 0x31, 0x01, 
	0x11, 0x11, 0x11, 0x11, 0x11, 0x11, 0x11, 0x11, 0x11, 0x11, 0x11, 0x11, 0x11, 0x11, 0x11, 
	0x11, 0x11, 0x11, 0x23, 0x57, 0x89, 0x98, 0x89, 0x99, 0x9A, 0xAA, 0xAA, 0xAA, 0xAA, 0xAA, 
	0xAA, 0xBB, 0xBB, 0xBB, 0xBB, 0xCC, 0xCC, 0xCC, 0xBB, 0xBB, 0xBA, 0x98, 0x76, 0x65, 0x55, 
	0x55, 0x66, 0x66, 0x66, 0x66, 0x67, 0x89, 0xAA, 0xAA, 0xBB, 0xBB, 0xBB, 0xBB, 0xBA, 0xAA, 
	0xBB, 0xBB, 0xBB, 0xBB, 0xBB, 0xBB, 0xBC, 0xBB, 0xBB, 0xCC, 0xCC, 0xCC, 0xBB, 0xBB, 0xBB, 
	0xBB, 0xBA, 0xAB, 0xBB, 0xBA, 0xAA, 0xAA, 0xAA, 0xAA, 0xAA, 0xAA, 0xAA, 0xAA, 0xAA, 0xAA, 
	0xAA, 0xBA, 0xAA, 0xAA, 0xAA, 0xAA, 0xAA, 0xAA, 0xAA, 0xAA, 0xAA, 0xAA, 0xAA, 0xAA, 0xAA, 
	0xAA, 0xAA, 0xAA, 0xAA, 0xAA, 0xAA, 0xAA, 0xAA, 0xAA, 0xAA, 0xAA, 0xAA, 0xAA, 0xAA, 0xAA, 
	0xAA, 0xAB, 0xBB, 0xAA, 0xAA, 0xAA, 0xAA, 0xAB, 0xBA, 0xAA, 0xBB, 0xBB, 0xBB, 0xBA, 0xAA, 
	0x89, 0x9A, 0xDE, 0xEE, 0xFF, 0xFF, 0xEC, 0xA7, 0x42, 0x24, 0x6A, 0xCE, 0xFF, 0xFE, 0xC7, 
	0x42, 0x21, 0x22, 0x22, 0x35, 0x8C, 0xFF, 0xEE, 0xDD, 0xDD, 0xDD, 0xDD, 0xDD, 0xDC, 0xCC, 
	0xCC, 0xCC, 0xCC, 0xCC, 0xCB, 0xBB, 0xBC, 0xCC, 0xCB, 0xBB, 0xDE, 0xDD, 0xCB, 0xCC, 0xAA, 
	0xAA, 0x98, 0x89, 0x88, 0x88, 0x88, 0x88, 0x87, 0x78, 0x88, 0x87, 0x88, 0x87, 0x77, 0x77, 
	0x87, 0x77, 0x77, 0x77, 0x77, 0x77, 0x77, 0x77, 0x76, 0x66, 0x66, 0x65, 0x66, 0x66, 0x55, 
	0x55, 0x55, 0x55, 0x55, 0x55, 0x54, 0x55, 0x45, 0x56, 0x56, 0x67, 0x78, 0x87, 0x67, 0x76, 
	0x66, 0x66, 0x55, 0x54, 0x48, 0xAB, 0xBB, 0xBA, 0xA9, 0x99, 0x98, 0x87, 0x77, 0x54, 0x22, 
	0x11, 0x11, 0x11, 0x11, 0x11, 0x11, 0x11, 0x11, 0x11, 0x11, 0x11, 0x11, 0x11, 0x11, 0x11, 
	0x11, 0x11, 0x11, 0x11, 0x11, 0x11, 0x11, 0x11, 0x11, 0x11, 0x11, 0x11, 0x11, 0x11, 0x11, 
	0x11, 0x11, 0x11, 0x11, 0x00, 0x39, 0xBA, 0x98, 0x76, 0x42, 0x11, 0x11, 0x11, 0x11, 0x11, 
	0x11, 0x11, 0x11, 0x11, 0x11, 0x11, 0x11, 0x11, 0x12, 0x45, 0x78, 0x99, 0xB8, 0x31, 0x01, 
	0x11, 0x11, 0x11, 0x11, 0x11, 0x11, 0x11, 0x11, 0x11, 0x11, 0x11, 0x11, 0x11, 0x11, 0x11, 
	0x11, 0x11, 0x12, 0x46, 0x89, 0xA9, 0x99, 0x99, 0x9A, 0xAA, 0xAA, 0xAA, 0xAA, 0xAA, 0xAA, 
	0xAA, 0xAA, 0xAB, 0xBB, 0xBB, 0xCC, 0xCC, 0xCC, 0xBB, 0xBA, 0xA9, 0x87, 0x65, 0x55, 0x55, 
	0x56, 0x66, 0x66, 0x66, 0x66, 0x66, 0x78, 0xAA, 0xAA, 0xAA, 0xAB, 0xBB, 0xBB, 0xBB, 0xBB, 
	0xBB, 0xBB, 0xBB, 0xBB, 0xBB, 0xBB, 0xBC, 0xCC, 0xCC, 0xCC, 0xCC, 0xCC, 0xBB, 0xBB, 0xBB, 
	0xBB, 0xAA, 0xAA, 0xAB, 0xAA, 0xAA, 0xAA, 0xAA, 0xAA, 0xAB, 0xAA, 0xAA, 0xAA, 0xAA, 0xAA, 
	0xAA, 0xAA, 0xAA, 0xAA, 0xAA, 0xAA, 0xAA, 0xBB, 0xAA, 0xAB, 0xBB, 0xBA, 0xAA, 0xAA, 0xAA, 
	0xAA, 0xAA, 0xAA, 0xAA, 0xAA, 0xAA, 0xAA, 0xAA, 0xAA, 0xAA, 0xAA, 0xAA, 0xAA, 0xAA, 0xAA, 
	0xAA, 0xAA, 0xBA, 0xAA, 0xAA, 0xAA, 0xAA, 0xAB, 0xBA, 0xAB, 0xBB, 0xBB, 0xBB, 0xBB, 0xAA, 
	0x8A, 0xBC, 0xEF, 0xFF, 0xFF, 0xFD, 0xB7, 0x42, 0x33, 0x58, 0xBE, 0xFF, 0xFE, 0xC9, 0x63, 
	0x21, 0x22, 0x11, 0x25, 0x8B, 0xDE, 0xFF, 0xED, 0xDD, 0xDD, 0xDD, 0xDC, 0xCC, 0xCC, 0xCC, 
	0xCC, 0xCC, 0xCC, 0xCC, 0xBC, 0xCC, 0xCC, 0xCC, 0xCA, 0xAB, 0xED, 0xDC, 0xCB, 0xBB, 0xA9, 
	0x99, 0x88, 0x88, 0x88, 0x88, 0x87, 0x78, 0x88, 0x88, 0x87, 0x77, 0x78, 0x87, 0x77, 0x77, 
	0x87, 0x77, 0x77, 0x77, 0x77, 0x77, 0x77, 0x77, 0x66, 0x66, 0x66, 0x55, 0x56, 0x66, 0x65, 
	0x55, 0x55, 0x55, 0x55, 0x55, 0x44, 0x45, 0x55, 0x56, 0x56, 0x66, 0x68, 0x87, 0x77, 0x76, 
	0x66, 0x56, 0x55, 0x44, 0x59, 0xCC, 0xBB, 0xBA, 0xAA, 0x99, 0x99, 0x88, 0x88, 0x77, 0x54, 
	0x22, 0x11, 0x11, 0x11, 0x11, 0x11, 0x11, 0x11, 0x11, 0x11, 0x11, 0x11, 0x11, 0x11, 0x11, 
	0x11, 0x11, 0x11, 0x11, 0x11, 0x11, 0x11, 0x11, 0x11, 0x11, 0x11, 0x11, 0x11, 0x11, 0x11, 
	0x11, 0x11, 0x11, 0x11, 0x00, 0x38, 0xBA, 0x98, 0x76, 0x42, 0x11, 0x11, 0x11, 0x11, 0x11, 
	0x11, 0x11, 0x11, 0x11, 0x11, 0x11, 0x11, 0x11, 0x12, 0x46, 0x79, 0x99, 0xA8, 0x41, 0x01, 
	0x11, 0x11, 0x11, 0x11, 0x11, 0x11, 0x11, 0x11, 0x11, 0x11, 0x11, 0x11, 0x11, 0x11, 0x00, 
	0x00, 0x12, 0x35, 0x78, 0x99, 0x99, 0x99, 0x9A, 0xAA, 0xAA, 0xAA, 0xAA, 0xAA, 0xAA, 0xAA, 
	0xAA, 0xAA, 0xAA, 0xBB, 0xBB, 0xCC, 0xCC, 0xCC, 0xBB, 0xBA, 0x98, 0x66, 0x55, 0x55, 0x55, 
	0x56, 0x66, 0x66, 0x66, 0x66, 0x66, 0x67, 0x9A, 0xAA, 0xAA, 0xAB, 0xBB, 0xBB, 0xBB, 0xBB, 
	0xBB, 0xBB, 0xBB, 0xBB, 0xBB, 0xBB, 0xBC, 0xCC, 0xCC, 0xCC, 0xCC, 0xCB, 0xBB, 0xBB, 0xBA, 
	0xBB, 0xAA, 0xAA, 0xAA, 0xAA, 0xAA, 0xAA, 0xAA, 0xAA, 0xAB, 0xAA, 0xAA, 0xAA, 0xAA, 0xAA, 
	0xAA, 0xAA, 0xAA, 0xAA, 0xBB, 0xAA, 0xAB, 0xBB, 0xBA, 0xBB, 0xBB, 0xBB, 0xAB, 0xBB, 0xBB, 
	0xBB, 0xBB, 0xBB, 0xBA, 0xAA, 0xAA, 0xAA, 0xAA, 0xAA, 0xAB, 0xAA, 0xAA, 0xAA, 0xAA, 0xAA, 
	0xAA, 0xAA, 0xAA, 0xAA, 0xAA, 0xAA, 0xAA, 0xAA, 0xAA, 0xAA, 0xAA, 0xAA, 0xAB, 0xBB, 0xAA, 
	0xBD, 0xEE, 0xFF, 0xFF, 0xFE, 0xC9, 0x63, 0x33, 0x47, 0xBD, 0xFF, 0xFF, 0xDA, 0x74, 0x22, 
	0x22, 0x11, 0x13, 0x5A, 0xCF, 0xFF, 0xFE, 0xED, 0xDD, 0xDD, 0xDD, 0xDC, 0xCC, 0xCC, 0xCC, 
	0xCC, 0xCC, 0xCC, 0xCC, 0xBC, 0xCC, 0xCC, 0xBB, 0xB9, 0x9C, 0xDD, 0xCB, 0xBA, 0xAA, 0x98, 
	0x99, 0x88, 0x88, 0x88, 0x88, 0x88, 0x77, 0x78, 0x88, 0x87, 0x77, 0x78, 0x87, 0x77, 0x77, 
	0x77, 0x77, 0x77, 0x77, 0x77, 0x77, 0x77, 0x77, 0x66, 0x66, 0x66, 0x66, 0x66, 0x66, 0x66, 
	0x55, 0x55, 0x55, 0x54, 0x55, 0x54, 0x45, 0x55, 0x55, 0x55, 0x54, 0x57, 0x87, 0x77, 0x76, 
	0x66, 0x66, 0x54, 0x44, 0x6B, 0xDD, 0xCB, 0xBA, 0xAA, 0xAA, 0xA9, 0x88, 0x88, 0x88, 0x86, 
	0x43, 0x22, 0x11, 0x11, 0x11, 0x11, 0x11, 0x11, 0x11, 0x11, 0x11, 0x11, 0x11, 0x11, 0x11, 
	0x11, 0x11, 0x11, 0x11, 0x11, 0x11, 0x11, 0x11, 0x11, 0x11, 0x11, 0x11, 0x11, 0x11, 0x11, 
	0x11, 0x11, 0x11, 0x11, 0x00, 0x38, 0xBA, 0xA8, 0x76, 0x42, 0x11, 0x11, 0x11, 0x11, 0x11, 
	0x11, 0x11, 0x11, 0x11, 0x11, 0x11, 0x11, 0x11, 0x12, 0x35, 0x78, 0x9A, 0xA9, 0x41, 0x01, 
	0x11, 0x11, 0x11, 0x11, 0x11, 0x11, 0x11, 0x11, 0x11, 0x11, 0x11, 0x11, 0x11, 0x11, 0x11, 
	0x12, 0x35, 0x67, 0x89, 0x99, 0x99, 0xAA, 0xAA, 0xAA, 0xAA, 0xAA, 0xAA, 0xAA, 0xAA, 0xAA, 
	0xAA, 0xAA, 0xBB, 0xBB, 0xBB, 0xBC, 0xCC, 0xBB, 0xBB, 0xBA, 0x97, 0x55, 0x56, 0x55, 0x45, 
	0x56, 0x66, 0x66, 0x66, 0x67, 0x76, 0x67, 0x89, 0xAA, 0xAB, 0xBB, 0xBB, 0xBB, 0xBB, 0xBB, 
	0xBB, 0xBB, 0xBB, 0xBB, 0xBB, 0xBB, 0xBC, 0xCC, 0xCC, 0xCC, 0xCC, 0xCC, 0xBB, 0xBB, 0xBB, 
	0xBB, 0xAA, 0xAA, 0xAA, 0xAA, 0xAA, 0xAA, 0xAA, 0xAA, 0xAB, 0xAA, 0xAA, 0xAA, 0xAA, 0xAA, 
	0xAA, 0xAB, 0xBA, 0xAB, 0xBB, 0xAA, 0xAB, 0xBB, 0xBA, 0xBB, 0xBB, 0xBB, 0xBB, 0xBB, 0xBB, 
	0xBB, 0xBB, 0xBB, 0xBB, 0xBB, 0xBB, 0xBB, 0xAA, 0xAB, 0xBB, 0xBB, 0xAB, 0xBB, 0xAA, 0xAA, 
	0xBB, 0xBA, 0xAB, 0xBA, 0xAA, 0xAA, 0xAA, 0xAA, 0xAA, 0xAA, 0xAA, 0xAA, 0xAA, 0xBB, 0xBA, 
	0xDE, 0xFF, 0xFF, 0xFE, 0xDA, 0x64, 0x34, 0x57, 0xAD, 0xEF, 0xFF, 0xDB, 0x85, 0x22, 0x22, 
	0x11, 0x12, 0x58, 0xBE, 0xFF, 0xFE, 0xEE, 0xED, 0xDD, 0xDD, 0xDD, 0xCC, 0xCC, 0xCC, 0xCC, 
	0xCC, 0xCC, 0xCC, 0xCC, 0xCC, 0xCC, 0xBC, 0xB9, 0x99, 0x9B, 0xDC, 0xBA, 0xA9, 0x99, 0x88, 
	0x88, 0x88, 0x98, 0x88, 0x88, 0x88, 0x87, 0x77, 0x88, 0x88, 0x88, 0x88, 0x87, 0x77, 0x77, 
	0x77, 0x88, 0x77, 0x77, 0x77, 0x77, 0x77, 0x76, 0x66, 0x66, 0x66, 0x66, 0x66, 0x66, 0x65, 
	0x55, 0x55, 0x55, 0x54, 0x45, 0x55, 0x45, 0x65, 0x55, 0x65, 0x54, 0x57, 0x88, 0x77, 0x76, 
	0x66, 0x66, 0x54, 0x46, 0x9C, 0xDD, 0xCB, 0xBB, 0xBA, 0xAA, 0xAA, 0x99, 0x88, 0x89, 0x88, 
	0x75, 0x54, 0x22, 0x11, 0x11, 0x11, 0x11, 0x11, 0x11, 0x11, 0x11, 0x11, 0x11, 0x11, 0x11, 
	0x11, 0x11, 0x11, 0x11, 0x11, 0x11, 0x11, 0x11, 0x11, 0x11, 0x11, 0x11, 0x11, 0x11, 0x11, 
	0x11, 0x11, 0x11, 0x11, 0x00, 0x27, 0xAA, 0xA9, 0x86, 0x52, 0x11, 0x11, 0x11, 0x11, 0x11, 
	0x11, 0x11, 0x11, 0x11, 0x11, 0x11, 0x11, 0x11, 0x12, 0x35, 0x78, 0x9A, 0xA9, 0x51, 0x01, 
	0x11, 0x11, 0x11, 0x11, 0x11, 0x11, 0x11, 0x11, 0x11, 0x11, 0x11, 0x11, 0x11, 0x11, 0x22, 
	0x34, 0x67, 0x89, 0x99, 0xA9, 0x9A, 0xAA, 0xAA, 0xAA, 0xAA, 0xAA, 0xAA, 0xAA, 0xAA, 0xAA, 
	0xAA, 0xBB, 0xBB, 0xBB, 0xBB, 0xBB, 0xCB, 0xBB, 0xBB, 0xAA, 0x97, 0x65, 0x55, 0x55, 0x44, 
	0x56, 0x66, 0x66, 0x66, 0x77, 0x77, 0x76, 0x78, 0x9A, 0xAB, 0xBB, 0xBB, 0xBB, 0xBB, 0xBB, 
	0xBB, 0xBB, 0xBB, 0xBB, 0xBB, 0xBB, 0xCB, 0xCC, 0xCC, 0xBC, 0xCC, 0xCC, 0xBB, 0xBB, 0xBB, 
	0xBB, 0xBA, 0xAA, 0xAA, 0xAA, 0xAA, 0xAA, 0xAA, 0xAA, 0xAA, 0xAA, 0xAA, 0xAA, 0xBA, 0xAA, 
	0xAB, 0xBB, 0xBA, 0xAA, 0xBA, 0xAA, 0xBB, 0xBB, 0xBB, 0xAB, 0xBB, 0xBB, 0xBB, 0xBB, 0xBB, 
	0xBB, 0xBB, 0xBB, 0xBB, 0xBB, 0xBB, 0xBB, 0xBB, 0xBB, 0xBB, 0xBB, 0xBB, 0xBB, 0xBB, 0xBB, 
	0xBB, 0xBB, 0xBB, 0xBB, 0xAB, 0xBB, 0xBB, 0xBA, 0xAB, 0xBA, 0xAB, 0xBB, 0xAA, 0xAA, 0xBB, 
	0xFF, 0xFF, 0xFE, 0xDA, 0x86, 0x32, 0x37, 0xAC, 0xEF, 0xFF, 0xEC, 0x96, 0x32, 0x12, 0x22, 
	0x12, 0x47, 0xBE, 0xFF, 0xFF, 0xFE, 0xED, 0xDD, 0xCC, 0xCC, 0xDD, 0xDD, 0xDC, 0xCC, 0xCC, 
	0xCC, 0xCC, 0xCC, 0xCC, 0xCB, 0xBA, 0xAA, 0xA9, 0x89, 0x9A, 0xBC, 0xB9, 0x99, 0x88, 0x88, 
	0x88, 0x88, 0x88, 0x88, 0x88, 0x88, 0x88, 0x77, 0x78, 0x88, 0x88, 0x78, 0x88, 0x77, 0x77, 
	0x77, 0x78, 0x87, 0x77, 0x77, 0x77, 0x77, 0x77, 0x66, 0x66, 0x66, 0x66, 0x66, 0x55, 0x55, 
	0x55, 0x55, 0x55, 0x54, 0x45, 0x55, 0x55, 0x55, 0x56, 0x65, 0x44, 0x67, 0x78, 0x77, 0x66, 
	0x66, 0x65, 0x53, 0x48, 0x9C, 0xDD, 0xCC, 0xBB, 0xBB, 0xAA, 0xAA, 0x99, 0x88, 0x88, 0x88, 
	0x87, 0x76, 0x43, 0x22, 0x11, 0x11, 0x11, 0x11, 0x11, 0x11, 0x11, 0x11, 0x11, 0x11, 0x11, 
	0x11, 0x11, 0x11, 0x11, 0x11, 0x11, 0x11, 0x11, 0x11, 0x11, 0x11, 0x11, 0x11, 0x11, 0x11, 
	0x11, 0x11, 0x11, 0x11, 0x00, 0x27, 0xAA, 0xA9, 0x77, 0x53, 0x11, 0x11, 0x11, 0x11, 0x11, 
	0x11, 0x11, 0x11, 0x11, 0x11, 0x11, 0x11, 0x11, 0x11, 0x35, 0x68, 0x99, 0xBA, 0x62, 0x11, 
	0x11, 0x11, 0x11, 0x11, 0x11, 0x11, 0x11, 0x11, 0x11, 0x11, 0x11, 0x11, 0x01, 0x12, 0x45, 
	0x77, 0x88, 0x99, 0x99, 0x99, 0x9A, 0xAA, 0xAA, 0xAA, 0xAA, 0xAA, 0xAA, 0xAA, 0xAA, 0xAA, 
	0xAA, 0xBB, 0xBB, 0xBB, 0xBB, 0xBB, 0xBB, 0xBA, 0xA9, 0x99, 0x87, 0x66, 0x55, 0x54, 0x44, 
	0x56, 0x66, 0x66, 0x66, 0x67, 0x76, 0x66, 0x77, 0x89, 0xAB, 0xBB, 0xBB, 0xBB, 0xBB, 0xBB, 
	0xBB, 0xBB, 0xBB, 0xBB, 0xBB, 0xBC, 0xCC, 0xCC, 0xCC, 0xCC, 0xCC, 0xCC, 0xCB, 0xBA, 0xBB, 
	0xBA, 0xAA, 0xAA, 0xAA, 0xAA, 0xAA, 0xAA, 0xAA, 0xAA, 0xAA, 0xAB, 0xBA, 0xAA, 0xAB, 0xBB, 
	0xBB, 0xBB, 0xBB, 0xBA, 0xAA, 0xAA, 0xBB, 0xBB, 0xBB, 0xBA, 0xBB, 0xBB, 0xBB, 0xBB, 0xAA, 
	0xBB, 0xBB, 0xBB, 0xBB, 0xBB, 0xBB, 0xBB, 0xBB, 0xBB, 0xBB, 0xBB, 0xBB, 0xBB, 0xBB, 0xBB, 
	0xBB, 0xBB, 0xBB, 0xBB, 0xBB, 0xBB, 0xBB, 0xBB, 0xBB, 0xBB, 0xBB, 0xBB, 0xBB, 0xBB, 0xBA, 
	0xFF, 0xFE, 0xDB, 0x85, 0x44, 0x35, 0x8B, 0xDF, 0xFF, 0xFD, 0xA7, 0x42, 0x22, 0x22, 0x11, 
	0x36, 0xAC, 0xEF, 0xFF, 0xFE, 0xEE, 0xDD, 0xCC, 0xBB, 0xBB, 0xCD, 0xDC, 0xCC, 0xCC, 0xCC, 
	0xCC, 0xCC, 0xCC, 0xCB, 0xBB, 0xAA, 0xA9, 0x98, 0x89, 0x99, 0xAB, 0xA8, 0x88, 0x88, 0x88, 
	0x88, 0x88, 0x88, 0x88, 0x88, 0x88, 0x88, 0x78, 0x88, 0x88, 0x88, 0x78, 0x88, 0x88, 0x77, 
	0x77, 0x78, 0x87, 0x77, 0x77, 0x77, 0x77, 0x76, 0x67, 0x76, 0x66, 0x66, 0x66, 0x66, 0x65, 
	0x55, 0x55, 0x55, 0x54, 0x44, 0x55, 0x55, 0x45, 0x55, 0x54, 0x44, 0x67, 0x87, 0x77, 0x66, 
	0x66, 0x65, 0x54, 0x47, 0xAC, 0xDD, 0xCC, 0xBB, 0xBB, 0xBA, 0xAA, 0x99, 0x88, 0x99, 0x99, 
	0x88, 0x77, 0x65, 0x43, 0x32, 0x22, 0x11, 0x01, 0x11, 0x11, 0x11, 0x11, 0x11, 0x11, 0x11, 
	0x11, 0x11, 0x11, 0x11, 0x11, 0x11, 0x11, 0x11, 0x11, 0x11, 0x11, 0x11, 0x11, 0x11, 0x11, 
	0x11, 0x11, 0x11, 0x11, 0x10, 0x26, 0xAA, 0xA9, 0x77, 0x53, 0x11, 0x11, 0x11, 0x11, 0x11, 
	0x11, 0x11, 0x11, 0x11, 0x11, 0x11, 0x11, 0x11, 0x11, 0x34, 0x68, 0x99, 0xAA, 0x62, 0x11, 
	0x11, 0x11, 0x11, 0x11, 0x11, 0x11, 0x11, 0x11, 0x11, 0x11, 0x11, 0x01, 0x12, 0x35, 0x67, 
	0x88, 0x88, 0x99, 0x98, 0x99, 0xAA, 0xAA, 0xAA, 0xAA, 0xAA, 0xAA, 0xAA, 0xAA, 0xAA, 0xAA, 
	0xAA, 0xBB, 0xBB, 0xBB, 0xBB, 0xBB, 0xBB, 0xBA, 0x98, 0x77, 0x76, 0x66, 0x65, 0x54, 0x44, 
	0x55, 0x66, 0x66, 0x66, 0x67, 0x66, 0x76, 0x76, 0x79, 0xAA, 0xBB, 0xBB, 0xBB, 0xBB, 0xBB, 
	0xBB, 0xBB, 0xBB, 0xBC, 0xCC, 0xCC, 0xCC, 0xCC, 0xCC, 0xCC, 0xCC, 0xCC, 0xCB, 0xBB, 0xBB, 
	0xBA, 0xAA, 0xAA, 0xAA, 0xAA, 0xAA, 0xAA, 0xAA, 0xAA, 0xAA, 0xAB, 0xAA, 0xAA, 0xAB, 0xBB, 
	0xBB, 0xAA, 0xAA, 0xAB, 0xAA, 0xAB, 0xBB, 0xBB, 0xBB, 0xAA, 0xBB, 0xBB, 0xBB, 0xBB, 0xBB, 
	0xBB, 0xBB, 0xBB, 0xBB, 0xBB, 0xBB, 0xBB, 0xBB, 0xBB, 0xBB, 0xBB, 0xBB, 0xBB, 0xBB, 0xBB, 
	0xBB, 0xBB, 0xBB, 0xBB, 0xBB, 0xBB, 0xBB, 0xBB, 0xBB, 0xBB, 0xBB, 0xBB, 0xBB, 0xBB, 0xBB, 
	0xFF, 0xEC, 0x85, 0x32, 0x35, 0x7A, 0xDE, 0xFF, 0xFE, 0xB8, 0x53, 0x22, 0x22, 0x22, 0x25, 
	0x8C, 0xDF, 0xFF, 0xFF, 0xEE, 0xDD, 0xDC, 0xBB, 0xAA, 0xAB, 0xCC, 0xCC, 0xCC, 0xDC, 0xCC, 
	0xCC, 0xCC, 0xCC, 0xBB, 0xA9, 0x99, 0x99, 0x98, 0x89, 0x99, 0xAA, 0x98, 0x88, 0x88, 0x88, 
	0x88, 0x88, 0x88, 0x88, 0x88, 0x88, 0x88, 0x78, 0x88, 0x88, 0x88, 0x77, 0x88, 0x88, 0x77, 
	0x77, 0x77, 0x77, 0x77, 0x77, 0x77, 0x77, 0x77, 0x77, 0x76, 0x66, 0x66, 0x66, 0x66, 0x66, 
	0x55, 0x55, 0x55, 0x55, 0x44, 0x55, 0x54, 0x45, 0x55, 0x44, 0x45, 0x66, 0x77, 0x77, 0x66, 
	0x66, 0x65, 0x44, 0x56, 0xAB, 0xBC, 0xCC, 0xCB, 0xBB, 0xBB, 0xBA, 0x99, 0x99, 0x99, 0x99, 
	0x98, 0x88, 0x87, 0x66, 0x54, 0x43, 0x32, 0x11, 0x11, 0x11, 0x11, 0x11, 0x11, 0x11, 0x11, 
	0x11, 0x11, 0x11, 0x11, 0x11, 0x11, 0x11, 0x11, 0x11, 0x11, 0x11, 0x11, 0x11, 0x11, 0x11, 
	0x11, 0x11, 0x11, 0x11, 0x10, 0x16, 0xAA, 0xA9, 0x77, 0x53, 0x11, 0x11, 0x11, 0x11, 0x11, 
	0x11, 0x11, 0x11, 0x11, 0x11, 0x11, 0x11, 0x11, 0x11, 0x35, 0x78, 0x99, 0xAA, 0x62, 0x11, 
	0x11, 0x11, 0x11, 0x11, 0x11, 0x11, 0x11, 0x11, 0x11, 0x11, 0x11, 0x12, 0x35, 0x67, 0x88, 
	0x88, 0x89, 0x99, 0x99, 0x99, 0xAA, 0xAA, 0xAA, 0xAA, 0xAA, 0xAA, 0xAA, 0xAA, 0xAA, 0xAA, 
	0xAA, 0xBB, 0xBB, 0xBB, 0xBB, 0xBB, 0xBB, 0xA9, 0x86, 0x55, 0x55, 0x66, 0x55, 0x54, 0x45, 
	0x55, 0x56, 0x66, 0x66, 0x66, 0x66, 0x67, 0x66, 0x68, 0x9A, 0xBB, 0xBB, 0xBB, 0xBB, 0xBB, 
	0xBB, 0xBB, 0xBB, 0xBC, 0xCC, 0xCC, 0xCC, 0xCC, 0xCC, 0xCC, 0xCC, 0xBB, 0xBB, 0xBB, 0xBB, 
	0xAA, 0xAA, 0xAA, 0xAA, 0xAA, 0xAA, 0xAB, 0xBA, 0xBA, 0xAA, 0xAA, 0xAA, 0xAA, 0xAB, 0xBB, 
	0xBA, 0xAA, 0xAA, 0xAB, 0xBB, 0xBB, 0xBB, 0xBB, 0xBB, 0xAB, 0xBB, 0xBB, 0xBB, 0xBB, 0xBB, 
	0xBB, 0xBB, 0xBB, 0xBB, 0xBB, 0xBB, 0xBB, 0xBB, 0xBB, 0xBB, 0xBB, 0xBB, 0xBB, 0xBB, 0xBB, 
	0xBB, 0xBB, 0xBB, 0xBB, 0xBB, 0xBB, 0xBC, 0xBB, 0xBB, 0xBB, 0xCC, 0xBB, 0xBB, 0xBB, 0xBB, 
	0xEC, 0xA7, 0x42, 0x23, 0x6A, 0xDE, 0xFF, 0xFE, 0xC9, 0x52, 0x22, 0x22, 0x21, 0x25, 0x8B, 
	0xDF, 0xFF, 0xFF, 0xFE, 0xDD, 0xCC, 0xBB, 0xAA, 0xAA, 0xAA, 0xBB, 0xBB, 0xCC, 0xCC, 0xBB, 
	0xCC, 0xBB, 0xBB, 0xAA, 0x99, 0x99, 0x99, 0x99, 0x98, 0x99, 0xA9, 0x98, 0x88, 0x88, 0x98, 
	0x88, 0x88, 0x88, 0x88, 0x88, 0x88, 0x88, 0x88, 0x88, 0x88, 0x88, 0x88, 0x77, 0x78, 0x77, 
	0x77, 0x77, 0x77, 0x77, 0x77, 0x77, 0x77, 0x77, 0x77, 0x66, 0x66, 0x66, 0x66, 0x66, 0x66, 
	0x55, 0x55, 0x55, 0x55, 0x55, 0x55, 0x54, 0x45, 0x55, 0x44, 0x55, 0x55, 0x77, 0x76, 0x66, 
	0x66, 0x55, 0x44, 0x45, 0x89, 0xAB, 0xCC, 0xCC, 0xBB, 0xBB, 0xBA, 0xA9, 0x9A, 0xA9, 0x98, 
	0x99, 0x88, 0x88, 0x87, 0x66, 0x66, 0x54, 0x32, 0x11, 0x11, 0x11, 0x11, 0x11, 0x11, 0x11, 
	0x11, 0x11, 0x11, 0x11, 0x11, 0x11, 0x11, 0x11, 0x11, 0x11, 0x11, 0x11, 0x11, 0x11, 0x11, 
	0x11, 0x11, 0x11, 0x11, 0x10, 0x16, 0xAB, 0xA9, 0x87, 0x53, 0x11, 0x11, 0x11, 0x11, 0x11, 
	0x11, 0x11, 0x11, 0x11, 0x11, 0x11, 0x11, 0x11, 0x11, 0x35, 0x78, 0x99, 0xAA, 0x62, 0x01, 
	0x11, 0x11, 0x11, 0x11, 0x11, 0x11, 0x11, 0x11, 0x11, 0x01, 0x23, 0x45, 0x78, 0x88, 0x88, 
	0x88, 0x89, 0x99, 0x99, 0x9A, 0xAA, 0xAA, 0xAA, 0xAA, 0xAA, 0xAA, 0xAA, 0xAA, 0xAA, 0xAA, 
	0xAA, 0xBB, 0xBB, 0xBB, 0xBB, 0xBB, 0xBA, 0xA8, 0x76, 0x55, 0x55, 0x56, 0x55, 0x44, 0x45, 
	0x55, 0x55, 0x66, 0x66, 0x66, 0x66, 0x66, 0x66, 0x67, 0x89, 0xAB, 0xBB, 0xBB, 0xBB, 0xBB, 
	0xBC, 0xCC, 0xBC, 0xBC, 0xCC, 0xCC, 0xCC, 0xCC, 0xCC, 0xCC, 0xCC, 0xBB, 0xBB, 0xBB, 0xBB, 
	0xAA, 0xAA, 0xAA, 0xAA, 0xAA, 0xAA, 0xAA, 0xAA, 0xBA, 0xAA, 0xAA, 0xAA, 0xAA, 0xAA, 0xBB, 
	0xAA, 0xAA, 0xAA, 0xAB, 0xBB, 0xAB, 0xBB, 0xBB, 0xBB, 0xBB, 0xBB, 0xBB, 0xBB, 0xBB, 0xBB, 
	0xBB, 0xBB, 0xBB, 0xBB, 0xBB, 0xBB, 0xBB, 0xBB, 0xBB, 0xBB, 0xBB, 0xBB, 0xBB, 0xBB, 0xBB, 
	0xBB, 0xBB, 0xBB, 0xBB, 0xBB, 0xBB, 0xBB, 0xBB, 0xBB, 0xBB, 0xBC, 0xCB, 0xBB, 0xCC, 0xBB, 
	0xA8, 0x43, 0x23, 0x58, 0xBE, 0xFF, 0xFE, 0xC9, 0x64, 0x21, 0x22, 0x21, 0x23, 0x6A, 0xDF, 
	0xFF, 0xFF, 0xFE, 0xED, 0xCC, 0xBB, 0xAA, 0xAA, 0xA9, 0xAA, 0xAA, 0xAA, 0xBB, 0xBA, 0xAB, 
	0xBB, 0xAA, 0xAA, 0xA9, 0x88, 0x99, 0x99, 0x99, 0x98, 0x89, 0x99, 0x88, 0x88, 0x88, 0x88, 
	0x88, 0x88, 0x88, 0x88, 0x88, 0x88, 0x88, 0x88, 0x88, 0x88, 0x88, 0x88, 0x77, 0x77, 0x77, 
	0x77, 0x77, 0x77, 0x77, 0x77, 0x77, 0x77, 0x77, 0x77, 0x66, 0x66, 0x66, 0x66, 0x66, 0x66, 
	0x55, 0x55, 0x55, 0x55, 0x55, 0x54, 0x44, 0x55, 0x45, 0x54, 0x55, 0x34, 0x67, 0x76, 0x66, 
	0x55, 0x55, 0x44, 0x44, 0x57, 0x9B, 0xCC, 0xCC, 0xCB, 0xBB, 0xBB, 0xAA, 0xAA, 0xA9, 0x88, 
	0x88, 0x88, 0x88, 0x87, 0x77, 0x77, 0x66, 0x43, 0x22, 0x21, 0x11, 0x11, 0x11, 0x11, 0x11, 
	0x11, 0x11, 0x11, 0x11, 0x11, 0x11, 0x11, 0x11, 0x11, 0x11, 0x11, 0x11, 0x11, 0x11, 0x11, 
	0x11, 0x11, 0x11, 0x11, 0x10, 0x15, 0x9B, 0xA9, 0x87, 0x63, 0x21, 0x11, 0x11, 0x11, 0x11, 
	0x11, 0x11, 0x11, 0x11, 0x11, 0x11, 0x11, 0x11, 0x11, 0x35, 0x67, 0x89, 0xAA, 0x72, 0x11, 
	0x11, 0x11, 0x11, 0x11, 0x11, 0x11, 0x11, 0x11, 0x11, 0x12, 0x46, 0x78, 0x89, 0x99, 0x99, 
	0x88, 0x89, 0x99, 0x99, 0xAA, 0xAA, 0xAA, 0xAA, 0xAA, 0xAA, 0xAA, 0xAA, 0xAA, 0xAA, 0xBB, 
	0xBB, 0xBB, 0xBB, 0xBB, 0xBB, 0xBA, 0xA9, 0x87, 0x65, 0x56, 0x65, 0x56, 0x65, 0x43, 0x45, 
	0x55, 0x55, 0x66, 0x66, 0x66, 0x66, 0x66, 0x77, 0x66, 0x78, 0xAB, 0xBB, 0xBB, 0xCB, 0xBC, 
	0xCC, 0xCC, 0xCC, 0xCC, 0xCC, 0xCC, 0xCC, 0xCC, 0xCC, 0xCB, 0xBB, 0xBB, 0xBB, 0xBB, 0xBB, 
	0xAA, 0xAA, 0xAA, 0xAA, 0xAA, 0xAA, 0xAA, 0xAA, 0xAA, 0xAA, 0xAA, 0xAA, 0xAA, 0xAA, 0xAA, 
	0xAB, 0xBB, 0xBB, 0xBB, 0xBA, 0xAB, 0xBB, 0xBB, 0xBB, 0xBB, 0xBB, 0xBB, 0xBB, 0xBB, 0xBB, 
	0xBB, 0xBB, 0xBB, 0xBB, 0xBB, 0xBB, 0xBB, 0xBB, 0xBB, 0xBB, 0xBB, 0xBB, 0xBB, 0xBB, 0xBB, 
	0xBB, 0xBB, 0xBB, 0xBB, 0xBB, 0xBB, 0xBB, 0xBB, 0xBB, 0xBB, 0xBB, 0xBB, 0xBB, 0xCC, 0xBB, 
	0x54, 0x23, 0x47, 0xAD, 0xEF, 0xFE, 0xEB, 0x83, 0x22, 0x22, 0x22, 0x23, 0x59, 0xCE, 0xFF, 
	0xFF, 0xFF, 0xED, 0xDC, 0xCB, 0xBA, 0xAA, 0xAA, 0xA9, 0xA9, 0x99, 0x99, 0x9A, 0x99, 0xAA, 
	0xAA, 0x99, 0x99, 0x99, 0x88, 0x99, 0x99, 0x99, 0x99, 0x88, 0x88, 0x88, 0x88, 0x88, 0x88, 
	0x88, 0x88, 0x88, 0x88, 0x88, 0x88, 0x88, 0x88, 0x88, 0x88, 0x88, 0x88, 0x77, 0x77, 0x78, 
	0x77, 0x77, 0x77, 0x77, 0x77, 0x77, 0x77, 0x77, 0x76, 0x66, 0x66, 0x66, 0x66, 0x66, 0x65, 
	0x55, 0x55, 0x55, 0x55, 0x55, 0x54, 0x44, 0x54, 0x44, 0x44, 0x44, 0x35, 0x67, 0x76, 0x66, 
	0x65, 0x55, 0x54, 0x33, 0x37, 0xAC, 0xCC, 0xCC, 0xCB, 0xBB, 0xAA, 0xAB, 0xAA, 0xA9, 0x88, 
	0x88, 0x88, 0x88, 0x88, 0x87, 0x77, 0x76, 0x54, 0x44, 0x32, 0x11, 0x11, 0x11, 0x11, 0x11, 
	0x11, 0x11, 0x11, 0x11, 0x11, 0x11, 0x11, 0x11, 0x11, 0x11, 0x11, 0x11, 0x11, 0x11, 0x11, 
	0x11, 0x11, 0x11, 0x11, 0x11, 0x15, 0x9B, 0xA9, 0x87, 0x64, 0x21, 0x11, 0x11, 0x11, 0x11, 
	0x11, 0x11, 0x11, 0x11, 0x11, 0x11, 0x11, 0x11, 0x11, 0x35, 0x67, 0x89, 0xAA, 0x72, 0x01, 
	0x11, 0x11, 0x11, 0x11, 0x11, 0x11, 0x00, 0x01, 0x12, 0x35, 0x78, 0x89, 0x98, 0x99, 0x98, 
	0x88, 0x89, 0x99, 0x99, 0xAA, 0xAA, 0xAA, 0xAA, 0xAA, 0xAA, 0xAA, 0xAA, 0xAA, 0xAB, 0xBB, 
	0xBB, 0xBB, 0xBB, 0xBC, 0xBB, 0xBA, 0x97, 0x66, 0x65, 0x56, 0x65, 0x56, 0x65, 0x44, 0x45, 
	0x55, 0x56, 0x66, 0x66, 0x66, 0x67, 0x76, 0x77, 0x76, 0x67, 0x9A, 0xBC, 0xCC, 0xCC, 0xCC, 
	0xCC, 0xCC, 0xCC, 0xCC, 0xCC, 0xCC, 0xCC, 0xCC, 0xCC, 0xCB, 0xBB, 0xBB, 0xBB, 0xBB, 0xBA, 
	0xAA, 0xAA, 0xAA, 0xAA, 0xAA, 0xAA, 0xAA, 0xAA, 0xAA, 0xAA, 0xAA, 0xAA, 0xAA, 0xBA, 0xAA, 
	0xAB, 0xBB, 0xBB, 0xBB, 0xAA, 0xBB, 0xBB, 0xBB, 0xBB, 0xBB, 0xBB, 0xBB, 0xBB, 0xBB, 0xBB, 
	0xBB, 0xBB, 0xBB, 0xBB, 0xBB, 0xBB, 0xBB, 0xBB, 0xBB, 0xBB, 0xBB, 0xBB, 0xBB, 0xBB, 0xBB, 
	0xBB, 0xBB, 0xBB, 0xBB, 0xBB, 0xBB, 0xBB, 0xBB, 0xBB, 0xBB, 0xBB, 0xBB, 0xBB, 0xBB, 0xBB, 
	0x23, 0x46, 0x9C, 0xEF, 0xFF, 0xEC, 0x95, 0x31, 0x11, 0x22, 0x12, 0x47, 0xBE, 0xFF, 0xFF, 
	0xFE, 0xEE, 0xDC, 0xBB, 0xBB, 0xBA, 0xAA, 0xAA, 0x99, 0x99, 0x99, 0x98, 0x99, 0x99, 0x99, 
	0x99, 0x99, 0x99, 0x99, 0x99, 0x99, 0x99, 0x99, 0x99, 0x88, 0x88, 0x88, 0x88, 0x88, 0x88, 
	0x88, 0x88, 0x88, 0x88, 0x88, 0x77, 0x88, 0x88, 0x88, 0x88, 0x88, 0x87, 0x77, 0x77, 0x77, 
	0x77, 0x77, 0x77, 0x77, 0x77, 0x77, 0x77, 0x77, 0x66, 0x66, 0x66, 0x66, 0x66, 0x66, 0x65, 
	0x55, 0x55, 0x55, 0x55, 0x55, 0x44, 0x44, 0x54, 0x44, 0x44, 0x33, 0x45, 0x77, 0x66, 0x66, 
	0x65, 0x55, 0x54, 0x33, 0x38, 0xBC, 0xCC, 0xCC, 0xCC, 0xBB, 0xAA, 0xAB, 0xAA, 0xA9, 0x99, 
	0x98, 0x88, 0x88, 0x89, 0x98, 0x77, 0x76, 0x66, 0x66, 0x55, 0x43, 0x22, 0x11, 0x01, 0x11, 
	0x11, 0x11, 0x11, 0x11, 0x11, 0x11, 0x11, 0x11, 0x11, 0x11, 0x11, 0x11, 0x11, 0x11, 0x11, 
	0x11, 0x11, 0x11, 0x11, 0x10, 0x04, 0x9B, 0xA9, 0x87, 0x64, 0x31, 0x11, 0x11, 0x11, 0x11, 
	0x11, 0x11, 0x11, 0x11, 0x11, 0x11, 0x11, 0x11, 0x11, 0x35, 0x68, 0x89, 0xAA, 0x73, 0x11, 
	0x11, 0x11, 0x11, 0x11, 0x11, 0x10, 0x11, 0x22, 0x45, 0x77, 0x88, 0x89, 0x88, 0x99, 0x98, 
	0x88, 0x89, 0x99, 0x99, 0xAA, 0xAA, 0xAA, 0xAA, 0xAA, 0xAA, 0xAA, 0xAA, 0xBA, 0xBB, 0xBB, 
	0xBB, 0xBB, 0xBB, 0xBB, 0xBA, 0xA9, 0x86, 0x65, 0x65, 0x66, 0x66, 0x66, 0x55, 0x44, 0x45, 
	0x55, 0x56, 0x66, 0x66, 0x66, 0x67, 0x76, 0x77, 0x66, 0x66, 0x79, 0xBB, 0xCC, 0xCC, 0xCC, 
	0xCC, 0xCC, 0xCC, 0xCC, 0xCC, 0xCC, 0xCC, 0xCC, 0xCC, 0xBB, 0xBB, 0xBB, 0xBB, 0xBB, 0xAA, 
	0xBB, 0xAA, 0xAA, 0xAA, 0xAB, 0xBA, 0xAA, 0xAA, 0xAA, 0xAA, 0xAA, 0xAA, 0xAA, 0xBA, 0xAA, 
	0xAB, 0xBB, 0xBB, 0xBB, 0xAA, 0xBB, 0xBB, 0xBB, 0xBB, 0xBB, 0xBB, 0xBB, 0xBB, 0xBB, 0xBB, 
	0xBB, 0xBB, 0xBB, 0xBB, 0xBB, 0xBB, 0xBB, 0xBB, 0xBB, 0xBB, 0xBB, 0xBB, 0xBB, 0xBB, 0xBB, 
	0xBB, 0xBB, 0xBB, 0xBB, 0xBB, 0xBB, 0xBB, 0xBB, 0xBB, 0xBB, 0xBB, 0xBB, 0xBB, 0xBB, 0xBB, 
	0x46, 0x9B, 0xEF, 0xFF, 0xFC, 0xA7, 0x42, 0x22, 0x22, 0x12, 0x37, 0x9C, 0xEF, 0xFF, 0xFF, 
	0xEE, 0xDC, 0xCB, 0xAA, 0xAA, 0xAA, 0xAA, 0xA9, 0x99, 0x99, 0x99, 0x99, 0x99, 0x99, 0x99, 
	0x99, 0x99, 0x99, 0x99, 0x99, 0x99, 0x99, 0x99, 0x99, 0x88, 0x88, 0x88, 0x88, 0x88, 0x88, 
	0x88, 0x88, 0x88, 0x88, 0x88, 0x88, 0x88, 0x88, 0x88, 0x88, 0x88, 0x87, 0x77, 0x87, 0x77, 
	0x77, 0x77, 0x77, 0x77, 0x77, 0x77, 0x77, 0x77, 0x66, 0x66, 0x66, 0x66, 0x66, 0x65, 0x55, 
	0x55, 0x55, 0x55, 0x55, 0x54, 0x44, 0x54, 0x44, 0x44, 0x44, 0x33, 0x46, 0x77, 0x66, 0x55, 
	0x55, 0x55, 0x44, 0x43, 0x49, 0xCC, 0xCC, 0xCC, 0xCC, 0xBB, 0xAA, 0xAA, 0xAA, 0xAA, 0x99, 
	0x99, 0x99, 0x88, 0x89, 0x99, 0x88, 0x77, 0x66, 0x66, 0x77, 0x64, 0x44, 0x32, 0x21, 0x11, 
	0x11, 0x11, 0x11, 0x11, 0x11, 0x11, 0x11, 0x11, 0x11, 0x11, 0x11, 0x11, 0x11, 0x11, 0x11, 
	0x11, 0x11, 0x11, 0x11, 0x10, 0x04, 0x9A, 0xA9, 0x87, 0x64, 0x31, 0x11, 0x11, 0x11, 0x11, 
	0x11, 0x11, 0x11, 0x11, 0x11, 0x11, 0x11, 0x11, 0x11, 0x35, 0x68, 0x89, 0xAB, 0x73, 0x11, 
	0x11, 0x11, 0x11, 0x11, 0x11, 0x11, 0x23, 0x56, 0x78, 0x99, 0x99, 0x89, 0x99, 0x99, 0x98, 
	0x89, 0x99, 0x99, 0x99, 0x9A, 0xAA, 0xAA, 0xAA, 0xBA, 0xAA, 0xAA, 0xAB, 0xBB, 0xBB, 0xBB, 
	0xBB, 0xBB, 0xBB, 0xBB, 0xA9, 0x87, 0x75, 0x55, 0x65, 0x66, 0x66, 0x66, 0x54, 0x44, 0x44, 
	0x45, 0x56, 0x66, 0x66, 0x66, 0x67, 0x66, 0x67, 0x67, 0x66, 0x68, 0xAB, 0xBC, 0xCC, 0xCC, 
	0xCC, 0xCC, 0xCC, 0xCC, 0xCC, 0xCC, 0xCC, 0xCC, 0xCC, 0xCB, 0xBB, 0xBB, 0xBB, 0xBB, 0xAA, 
	0xBB, 0xAA, 0xAA, 0xAA, 0xBB, 0xBA, 0xAA, 0xBA, 0xAA, 0xAA, 0xAA, 0xAA, 0xAA, 0xAA, 0xAA, 
	0xAA, 0xAA, 0xBB, 0xBB, 0xAA, 0xAB, 0xBB, 0xBB, 0xBB, 0xBB, 0xBB, 0xBB, 0xBB, 0xBB, 0xBB, 
	0xBB, 0xBB, 0xBB, 0xBB, 0xBB, 0xBB, 0xBB, 0xBB, 0xBB, 0xBB, 0xBB, 0xBB, 0xBB, 0xBB, 0xBB, 
	0xBB, 0xBB, 0xBB, 0xBB, 0xBB, 0xBB, 0xBB, 0xBB, 0xBB, 0xBB, 0xBB, 0xBB, 0xBB, 0xCB, 0xBB, 
	0x8B, 0xDF, 0xFF, 0xFD, 0xB7, 0x43, 0x13, 0x22, 0x12, 0x36, 0x9C, 0xEF, 0xFF, 0xFF, 0xFE, 
	0xDD, 0xCB, 0xBA, 0xAA, 0xAA, 0xA9, 0x9A, 0x99, 0x98, 0x89, 0x99, 0x99, 0x99, 0x99, 0x99, 
	0x89, 0x99, 0x99, 0x99, 0x99, 0x99, 0x99, 0x99, 0x98, 0x88, 0x89, 0x98, 0x88, 0x88, 0x88, 
	0x88, 0x98, 0x88, 0x88, 0x88, 0x88, 0x88, 0x88, 0x88, 0x88, 0x88, 0x88, 0x88, 0x87, 0x77, 
	0x77, 0x87, 0x77, 0x77, 0x77, 0x77, 0x77, 0x77, 0x66, 0x66, 0x66, 0x66, 0x66, 0x55, 0x55, 
	0x55, 0x55, 0x55, 0x55, 0x54, 0x44, 0x44, 0x44, 0x44, 0x44, 0x33, 0x57, 0x87, 0x65, 0x54, 
	0x55, 0x55, 0x34, 0x33, 0x6A, 0xBB, 0xCC, 0xBC, 0xBC, 0xBB, 0xAA, 0xAB, 0xAA, 0xAA, 0xAA, 
	0x99, 0xA9, 0x98, 0x89, 0x99, 0x88, 0x88, 0x87, 0x66, 0x67, 0x76, 0x66, 0x55, 0x44, 0x32, 
	0x11, 0x11, 0x11, 0x11, 0x11, 0x11, 0x11, 0x11, 0x11, 0x11, 0x11, 0x11, 0x11, 0x11, 0x11, 
	0x11, 0x11, 0x11, 0x11, 0x10, 0x03, 0x8B, 0xA9, 0x97, 0x64, 0x31, 0x11, 0x11, 0x11, 0x11, 
	0x11, 0x11, 0x11, 0x11, 0x11, 0x11, 0x11, 0x11, 0x12, 0x34, 0x68, 0x99, 0xAA, 0x73, 0x10, 
	0x11, 0x11, 0x01, 0x11, 0x11, 0x23, 0x56, 0x89, 0x99, 0x99, 0x99, 0x99, 0x99, 0x99, 0x99, 
	0x99, 0x99, 0xAA, 0xA9, 0x9A, 0xAA, 0xAA, 0xAA, 0xBA, 0xAA, 0xAA, 0xAB, 0xBA, 0xBB, 0xBB, 
	0xBB, 0xBB, 0xBB, 0xBB, 0xA8, 0x76, 0x55, 0x56, 0x65, 0x56, 0x66, 0x66, 0x54, 0x44, 0x54, 
	0x45, 0x56, 0x66, 0x66, 0x66, 0x67, 0x66, 0x66, 0x67, 0x76, 0x67, 0x8A, 0xBC, 0xCC, 0xCC, 
	0xCC, 0xCC, 0xCC, 0xCC, 0xCC, 0xCC, 0xCC, 0xCC, 0xCC, 0xBB, 0xBB, 0xBB, 0xBB, 0xBB, 0xBA, 
	0xBB, 0xBB, 0xBB, 0xAA, 0xAA, 0xBB, 0xBA, 0xAA, 0xAB, 0xBB, 0xBA, 0xAA, 0xAA, 0xAA, 0xAB, 
	0xBA, 0xAA, 0xBB, 0xBB, 0xBB, 0xBB, 0xBB, 0xBB, 0xBB, 0xBB, 0xBB, 0xBB, 0xBB, 0xBB, 0xBB, 
	0xBB, 0xBB, 0xBB, 0xBB, 0xBB, 0xBB, 0xBB, 0xBB, 0xBB, 0xBB, 0xBB, 0xBB, 0xBB, 0xBB, 0xBB, 
	0xBB, 0xBB, 0xBB, 0xBB, 0xBB, 0xBB, 0xBB, 0xBB, 0xBB, 0xBB, 0xBB, 0xBB, 0xCC, 0xCC, 0xBB, 
	0xDF, 0xFF, 0xFE, 0xB8, 0x53, 0x23, 0x22, 0x12, 0x35, 0x8B, 0xDF, 0xFE, 0xFF, 0xFE, 0xED, 
	0xCC, 0xBB, 0xAA, 0xAA, 0xAA, 0xA9, 0x99, 0x99, 0x98, 0x99, 0x99, 0x99, 0x99, 0x99, 0x99, 
	0x99, 0x99, 0x99, 0x99, 0x99, 0x99, 0x99, 0x99, 0x88, 0x88, 0x99, 0x98, 0x88, 0x88, 0x88, 
	0x89, 0x98, 0x88, 0x88, 0x88, 0x88, 0x88, 0x88, 0x88, 0x88, 0x88, 0x88, 0x88, 0x87, 0x77, 
	0x78, 0x87, 0x77, 0x77, 0x77, 0x77, 0x77, 0x77, 0x66, 0x66, 0x66, 0x66, 0x66, 0x65, 0x55, 
	0x55, 0x55, 0x55, 0x55, 0x44, 0x55, 0x44, 0x44, 0x44, 0x44, 0x34, 0x57, 0x87, 0x65, 0x44, 
	0x45, 0x55, 0x44, 0x33, 0x69, 0xAB, 0xBB, 0xBB, 0xBC, 0xCB, 0xAA, 0xBB, 0xBA, 0xA9, 0xAA, 
	0x99, 0x99, 0x99, 0x99, 0x88, 0x89, 0x99, 0x88, 0x77, 0x77, 0x77, 0x77, 0x66, 0x66, 0x55, 
	0x32, 0x21, 0x11, 0x11, 0x11, 0x11, 0x11, 0x11, 0x11, 0x11, 0x11, 0x11, 0x11, 0x11, 0x11, 
	0x11, 0x11, 0x11, 0x11, 0x10, 0x03, 0x8A, 0xA9, 0x97, 0x65, 0x31, 0x11, 0x11, 0x11, 0x11, 
	0x11, 0x11, 0x11, 0x11, 0x11, 0x11, 0x11, 0x11, 0x12, 0x34, 0x68, 0x99, 0xAA, 0x84, 0x11, 
	0x11, 0x11, 0x11, 0x11, 0x23, 0x57, 0x89, 0x99, 0x99, 0x99, 0x99, 0x99, 0x99, 0x99, 0x99, 
	0x99, 0x99, 0xAA, 0xA9, 0xAA, 0xAA, 0xAA, 0xAB, 0xBA, 0xAA, 0xAA, 0xAB, 0xBA, 0xBB, 0xAB, 
	0xBB, 0xBB, 0xBB, 0xBB, 0xA9, 0x76, 0x55, 0x56, 0x65, 0x56, 0x66, 0x65, 0x44, 0x45, 0x55, 
	0x55, 0x66, 0x66, 0x66, 0x66, 0x66, 0x66, 0x66, 0x66, 0x76, 0x66, 0x79, 0xBB, 0xCC, 0xCC, 
	0xCC, 0xCC, 0xCC, 0xCC, 0xCC, 0xCC, 0xCC, 0xCC, 0xCC, 0xBB, 0xBB, 0xBB, 0xBB, 0xBB, 0xBB, 
	0xBB, 0xBB, 0xBB, 0xBA, 0xAA, 0xAB, 0xBB, 0xAA, 0xAB, 0xBB, 0xBB, 0xAA, 0xAA, 0xAA, 0xBB, 
	0xBA, 0xBB, 0xBB, 0xBB, 0xBB, 0xBB, 0xBB, 0xBB, 0xBB, 0xBB, 0xBB, 0xBB, 0xBB, 0xBB, 0xBB, 
	0xBB, 0xBB, 0xBB, 0xBB, 0xBB, 0xBB, 0xBB, 0xBB, 0xBB, 0xBB, 0xBB, 0xBB, 0xBB, 0xBB, 0xBB, 
	0xBB, 0xBB, 0xBB, 0xBB, 0xCC, 0xCB, 0xBC, 0xCC, 0xCC, 0xBB, 0xBB, 0xBB, 0xCC, 0xCC, 0xCC, 
	0xFF, 0xFF, 0xC9, 0x64, 0x32, 0x23, 0x21, 0x13, 0x7A, 0xDE, 0xFF, 0xFF, 0xFF, 0xEE, 0xDC, 
	0xBB, 0xAA, 0xAA, 0xAA, 0xAA, 0xA9, 0x99, 0x98, 0x99, 0x99, 0x99, 0x99, 0x99, 0x99, 0x99, 
	0x99, 0x99, 0x99, 0x99, 0x99, 0x98, 0x99, 0x98, 0x88, 0x89, 0x89, 0x88, 0x88, 0x88, 0x88, 
	0x89, 0x99, 0x88, 0x88, 0x88, 0x88, 0x88, 0x88, 0x88, 0x88, 0x88, 0x88, 0x88, 0x87, 0x88, 
	0x88, 0x77, 0x77, 0x77, 0x77, 0x77, 0x77, 0x77, 0x66, 0x66, 0x66, 0x66, 0x66, 0x65, 0x55, 
	0x55, 0x55, 0x55, 0x44, 0x44, 0x55, 0x44, 0x44, 0x44, 0x43, 0x34, 0x67, 0x87, 0x65, 0x44, 
	0x44, 0x55, 0x54, 0x43, 0x58, 0x9A, 0xBB, 0xBB, 0xCC, 0xCB, 0xAA, 0xBB, 0xCB, 0xA9, 0xAA, 
	0x99, 0x99, 0x99, 0x99, 0x88, 0x99, 0x99, 0x98, 0x87, 0x77, 0x77, 0x77, 0x77, 0x77, 0x76, 
	0x55, 0x43, 0x21, 0x11, 0x01, 0x11, 0x11, 0x11, 0x11, 0x11, 0x11, 0x11, 0x11, 0x11, 0x11, 
	0x11, 0x11, 0x11, 0x11, 0x11, 0x03, 0x8A, 0xA9, 0x98, 0x65, 0x42, 0x11, 0x11, 0x11, 0x11, 
	0x11, 0x11, 0x11, 0x11, 0x11, 0x11, 0x11, 0x11, 0x11, 0x34, 0x68, 0x99, 0xAB, 0x84, 0x11, 
	0x11, 0x11, 0x11, 0x23, 0x57, 0x89, 0x99, 0x9A, 0xA9, 0x99, 0x99, 0x99, 0x98, 0x99, 0x99, 
	0x99, 0x99, 0xAA, 0xAA, 0xAA, 0xAA, 0xAA, 0xAA, 0xBA, 0xAA, 0xAA, 0xAB, 0xBB, 0xBB, 0xBB, 
	0xBB, 0xBB, 0xBB, 0xBA, 0xA9, 0x76, 0x55, 0x55, 0x66, 0x56, 0x66, 0x55, 0x44, 0x45, 0x55, 
	0x55, 0x66, 0x66, 0x66, 0x66, 0x66, 0x66, 0x76, 0x66, 0x66, 0x66, 0x68, 0xAB, 0xCC, 0xCC, 
	0xCC, 0xCC, 0xCC, 0xDC, 0xCC, 0xCC, 0xCC, 0xCC, 0xCC, 0xBB, 0xBB, 0xBB, 0xBB, 0xBB, 0xBA, 
	0xBB, 0xBB, 0xBB, 0xBA, 0xAA, 0xAB, 0xBB, 0xBA, 0xAB, 0xBB, 0xBB, 0xBB, 0xAA, 0xBB, 0xBB, 
	0xBB, 0xAB, 0xBB, 0xBB, 0xBB, 0xBB, 0xBB, 0xBB, 0xBB, 0xBB, 0xBB, 0xBB, 0xBB, 0xBB, 0xBB, 
	0xBB, 0xBB, 0xBB, 0xBB, 0xBB, 0xBB, 0xBB, 0xBB, 0xBB, 0xBB, 0xBB, 0xBB, 0xBB, 0xCB, 0xBB, 
	0xBB, 0xBB, 0xBB, 0xBC, 0xCC, 0xCC, 0xCC, 0xCC, 0xCC, 0xCC, 0xCC, 0xCC, 0xCC, 0xCC, 0xCC, 
	0xFE, 0xDB, 0x74, 0x32, 0x32, 0x22, 0x23, 0x59, 0xCE, 0xFF, 0xFF, 0xFF, 0xEE, 0xDD, 0xCB, 
	0xAA, 0xAA, 0xAA, 0xAA, 0xAA, 0x99, 0x99, 0x99, 0x99, 0x99, 0x99, 0x99, 0x99, 0x99, 0x99, 
	0x99, 0x99, 0x99, 0x99, 0x99, 0x88, 0x88, 0x88, 0x88, 0x88, 0x88, 0x88, 0x88, 0x88, 0x88, 
	0x88, 0x89, 0x88, 0x88, 0x89, 0x98, 0x88, 0x88, 0x88, 0x88, 0x88, 0x88, 0x88, 0x77, 0x88, 
	0x87, 0x77, 0x77, 0x77, 0x77, 0x77, 0x77, 0x77, 0x76, 0x66, 0x66, 0x66, 0x66, 0x65, 0x55, 
	0x55, 0x55, 0x55, 0x44, 0x44, 0x54, 0x44, 0x44, 0x43, 0x33, 0x35, 0x78, 0x87, 0x76, 0x54, 
	0x44, 0x45, 0x54, 0x43, 0x46, 0x8A, 0xAB, 0xBB, 0xCC, 0xCB, 0xAA, 0xBB, 0xCB, 0xAA, 0xAA, 
	0xA9, 0x99, 0xAA, 0xA9, 0x98, 0x99, 0x99, 0x99, 0x88, 0x88, 0x88, 0x88, 0x87, 0x77, 0x77, 
	0x76, 0x66, 0x54, 0x32, 0x11, 0x11, 0x11, 0x11, 0x11, 0x11, 0x11, 0x11, 0x11, 0x11, 0x11, 
	0x11, 0x11, 0x11, 0x11, 0x11, 0x02, 0x7A, 0xA9, 0x98, 0x66, 0x42, 0x11, 0x11, 0x11, 0x11, 
	0x11, 0x11, 0x11, 0x11, 0x11, 0x11, 0x11, 0x11, 0x11, 0x35, 0x67, 0x89, 0xAB, 0x94, 0x10, 
	0x11, 0x11, 0x23, 0x56, 0x89, 0xAA, 0x99, 0x99, 0xA9, 0x99, 0x99, 0x99, 0x98, 0x99, 0x99, 
	0x99, 0x99, 0xAA, 0xAA, 0xAA, 0xAA, 0xAA, 0xAA, 0xAA, 0xAB, 0xBA, 0xAB, 0xBB, 0xBB, 0xBB, 
	0xBB, 0xAA, 0xAB, 0xBA, 0xA9, 0x76, 0x55, 0x55, 0x56, 0x66, 0x55, 0x44, 0x44, 0x45, 0x55, 
	0x56, 0x66, 0x66, 0x66, 0x66, 0x66, 0x66, 0x76, 0x66, 0x66, 0x66, 0x67, 0x9B, 0xCC, 0xCC, 
	0xCC, 0xCC, 0xCD, 0xDC, 0xCC, 0xCC, 0xCC, 0xCC, 0xCC, 0xBB, 0xBB, 0xBB, 0xBB, 0xBB, 0xAA, 
	0xAB, 0xBB, 0xBB, 0xBA, 0xAA, 0xBB, 0xBB, 0xAA, 0xAA, 0xBB, 0xBB, 0xBB, 0xBB, 0xBB, 0xBB, 
	0xBB, 0xAB, 0xBB, 0xBB, 0xBB, 0xBB, 0xBB, 0xBB, 0xBB, 0xBB, 0xBB, 0xBB, 0xBB, 0xBB, 0xBB, 
	0xBB, 0xBB, 0xBB, 0xBB, 0xBB, 0xBB, 0xBB, 0xBB, 0xBB, 0xBB, 0xBB, 0xBB, 0xBB, 0xCC, 0xCC, 
	0xCB, 0xBB, 0xCC, 0xCC, 0xCC, 0xBB, 0xCC, 0xCC, 0xCC, 0xCC, 0xCC, 0xCC, 0xCC, 0xCC, 0xCC, 
	0xEC, 0x95, 0x22, 0x22, 0x21, 0x13, 0x48, 0xCE, 0xFF, 0xFF, 0xFF, 0xEE, 0xDD, 0xCC, 0xBB, 
	0xAA, 0xAA, 0xAA, 0xAA, 0x99, 0x99, 0x99, 0x99, 0x99, 0x99, 0x99, 0x99, 0x99, 0x99, 0x99, 
	0x99, 0x99, 0x99, 0x99, 0x99, 0x98, 0x88, 0x88, 0x99, 0x88, 0x88, 0x88, 0x88, 0x88, 0x98, 
	0x88, 0x89, 0x88, 0x88, 0x89, 0x98, 0x88, 0x88, 0x88, 0x88, 0x88, 0x88, 0x87, 0x78, 0x88, 
	0x77, 0x77, 0x77, 0x77, 0x77, 0x77, 0x77, 0x77, 0x76, 0x66, 0x66, 0x66, 0x66, 0x65, 0x55, 
	0x55, 0x55, 0x55, 0x44, 0x44, 0x44, 0x44, 0x44, 0x44, 0x43, 0x45, 0x78, 0x87, 0x77, 0x65, 
	0x43, 0x44, 0x44, 0x43, 0x34, 0x7A, 0xAB, 0xBB, 0xCC, 0xCB, 0xBB, 0xBB, 0xBB, 0xBA, 0xAB, 
	0xA9, 0x99, 0xAA, 0xA9, 0x99, 0x99, 0x99, 0xA9, 0x98, 0x88, 0x88, 0x88, 0x88, 0x77, 0x77, 
	0x67, 0x77, 0x77, 0x65, 0x43, 0x22, 0x11, 0x11, 0x11, 0x11, 0x11, 0x11, 0x11, 0x11, 0x11, 
	0x11, 0x11, 0x11, 0x11, 0x11, 0x02, 0x7A, 0xA9, 0x98, 0x66, 0x53, 0x11, 0x11, 0x11, 0x11, 
	0x11, 0x11, 0x11, 0x11, 0x11, 0x11, 0x11, 0x11, 0x11, 0x35, 0x67, 0x89, 0x9A, 0x95, 0x11, 
	0x11, 0x24, 0x56, 0x89, 0xAA, 0xAA, 0xA9, 0x99, 0x9A, 0x99, 0x99, 0x99, 0x98, 0x99, 0x99, 
	0x99, 0x99, 0x99, 0xAA, 0xAA, 0xAA, 0xAA, 0xAA, 0xAB, 0xBB, 0xBB, 0xAB, 0xBB, 0xBB, 0xBB, 
	0xBA, 0xA9, 0x9A, 0xA9, 0x98, 0x65, 0x55, 0x55, 0x56, 0x66, 0x54, 0x44, 0x44, 0x55, 0x55, 
	0x66, 0x65, 0x66, 0x66, 0x66, 0x66, 0x66, 0x66, 0x66, 0x66, 0x66, 0x66, 0x7A, 0xBC, 0xCC, 
	0xCC, 0xCC, 0xCD, 0xDC, 0xCC, 0xCC, 0xCC, 0xCC, 0xCC, 0xBB, 0xBB, 0xBB, 0xBB, 0xBB, 0xBB, 
	0xBB, 0xBB, 0xBB, 0xBB, 0xBB, 0xBB, 0xBA, 0xAA, 0xAA, 0xBB, 0xBB, 0xBB, 0xBB, 0xBB, 0xBB, 
	0xBB, 0xBB, 0xBB, 0xBA, 0xBB, 0xBB, 0xAA, 0xAA, 0xBB, 0xBB, 0xBB, 0xBB, 0xBB, 0xBB, 0xBB, 
	0xBB, 0xBB, 0xBB, 0xBB, 0xBB, 0xBB, 0xBB, 0xBB, 0xBC, 0xBB, 0xBC, 0xCB, 0xBC, 0xCC, 0xCC, 
	0xCC, 0xCC, 0xCC, 0xCC, 0xCC, 0xCC, 0xCC, 0xCC, 0xCC, 0xCC, 0xCC, 0xCC, 0xCC, 0xCC, 0xCC, 
	0x96, 0x42, 0x22, 0x21, 0x12, 0x47, 0xAD, 0xFF, 0xFF, 0xFE, 0xEE, 0xDD, 0xCC, 0xBB, 0xBA, 
	0xAA, 0xAA, 0xAA, 0xA9, 0x99, 0x99, 0x99, 0x99, 0x99, 0x99, 0x99, 0x99, 0x99, 0x99, 0x99, 
	0x99, 0x99, 0x99, 0x99, 0x99, 0x98, 0x88, 0x89, 0x99, 0x88, 0x88, 0x88, 0x88, 0x88, 0x98, 
	0x88, 0x89, 0x98, 0x88, 0x88, 0x88, 0x88, 0x88, 0x88, 0x88, 0x88, 0x88, 0x87, 0x78, 0x88, 
	0x77, 0x77, 0x77, 0x77, 0x77, 0x77, 0x77, 0x77, 0x66, 0x66, 0x66, 0x66, 0x66, 0x65, 0x55, 
	0x55, 0x55, 0x55, 0x44, 0x44, 0x44, 0x44, 0x44, 0x44, 0x44, 0x46, 0x78, 0x77, 0x77, 0x76, 
	0x54, 0x43, 0x43, 0x43, 0x33, 0x69, 0x9B, 0xBC, 0xBC, 0xCC, 0xBB, 0xBB, 0xBA, 0xAA, 0xBB, 
	0xBA, 0xA9, 0x9A, 0xA9, 0x99, 0x88, 0x99, 0xA9, 0x99, 0x88, 0x99, 0x88, 0x88, 0x88, 0x77, 
	0x77, 0x77, 0x88, 0x88, 0x76, 0x55, 0x43, 0x22, 0x11, 0x11, 0x11, 0x00, 0x11, 0x11, 0x11, 
	0x11, 0x11, 0x11, 0x11, 0x10, 0x02, 0x7A, 0xA9, 0x98, 0x66, 0x53, 0x11, 0x11, 0x11, 0x11, 
	0x11, 0x11, 0x11, 0x11, 0x11, 0x11, 0x11, 0x11, 0x01, 0x35, 0x67, 0x89, 0x9A, 0x96, 0x21, 
	0x23, 0x57, 0x89, 0x9A, 0xAA, 0xAA, 0xAA, 0xAA, 0x99, 0x99, 0x99, 0x99, 0x99, 0x99, 0x99, 
	0x99, 0x99, 0x99, 0x9A, 0xAA, 0xAA, 0xAA, 0xAA, 0xAB, 0xBB, 0xBB, 0xBB, 0xBB, 0xBB, 0xBA, 
	0xAA, 0x98, 0x88, 0x88, 0x87, 0x55, 0x55, 0x55, 0x66, 0x65, 0x44, 0x44, 0x45, 0x55, 0x55, 
	0x66, 0x65, 0x66, 0x66, 0x66, 0x66, 0x66, 0x66, 0x66, 0x66, 0x67, 0x66, 0x69, 0xBC, 0xCD, 
	0xDC, 0xCC, 0xCD, 0xCC, 0xCC, 0xCC, 0xCC, 0xCC, 0xCB, 0xBB, 0xBB, 0xBB, 0xBB, 0xBB, 0xBB, 
	0xBB, 0xBB, 0xBB, 0xBB, 0xBB, 0xBB, 0xAA, 0xAA, 0xBB, 0xBB, 0xBB, 0xBB, 0xBB, 0xAA, 0xBB, 
	0xBB, 0xBB, 0xBB, 0xAB, 0xBB, 0xBB, 0xBB, 0xBB, 0xBB, 0xBB, 0xBB, 0xBB, 0xBB, 0xBB, 0xBB, 
	0xCC, 0xCC, 0xBB, 0xBB, 0xBB, 0xBB, 0xBB, 0xBC, 0xCC, 0xCB, 0xCC, 0xCC, 0xBC, 0xCC, 0xCC, 
	0xCC, 0xCC, 0xCC, 0xCC, 0xCC, 0xCC, 0xCC, 0xCC, 0xCC, 0xCC, 0xCC, 0xCC, 0xCC, 0xCC, 0xCC, 
	0x42, 0x22, 0x32, 0x12, 0x36, 0x9C, 0xEF, 0xFF, 0xFF, 0xFE, 0xEC, 0xCB, 0xBB, 0xAA, 0xAA, 
	0xAA, 0xAA, 0x99, 0x99, 0x99, 0x99, 0x99, 0x99, 0x99, 0x99, 0x99, 0x99, 0x99, 0x99, 0x99, 
	0x99, 0x99, 0x99, 0x99, 0x99, 0x98, 0x89, 0x98, 0x89, 0x88, 0x88, 0x99, 0x88, 0x88, 0x99, 
	0x88, 0x88, 0x88, 0x88, 0x88, 0x88, 0x88, 0x88, 0x88, 0x88, 0x88, 0x88, 0x87, 0x78, 0x88, 
	0x78, 0x88, 0x77, 0x77, 0x77, 0x77, 0x77, 0x77, 0x66, 0x66, 0x66, 0x66, 0x66, 0x55, 0x55, 
	0x55, 0x55, 0x55, 0x44, 0x44, 0x44, 0x44, 0x44, 0x44, 0x44, 0x56, 0x77, 0x77, 0x77, 0x77, 
	0x55, 0x43, 0x33, 0x33, 0x33, 0x46, 0x8B, 0xBC, 0xBC, 0xCC, 0xBB, 0xBB, 0xBA, 0xAA, 0xAB, 
	0xBA, 0xAA, 0x9A, 0xA9, 0x99, 0x99, 0x9A, 0xA9, 0x99, 0x99, 0x99, 0x98, 0x88, 0x88, 0x87, 
	0x77, 0x77, 0x78, 0x88, 0x88, 0x88, 0x76, 0x54, 0x33, 0x32, 0x21, 0x11, 0x11, 0x11, 0x11, 
	0x11, 0x11, 0x11, 0x11, 0x00, 0x02, 0x6A, 0xBA, 0x98, 0x66, 0x53, 0x21, 0x11, 0x11, 0x11, 
	0x11, 0x11, 0x11, 0x11, 0x11, 0x11, 0x11, 0x11, 0x01, 0x34, 0x68, 0x99, 0x9A, 0xA7, 0x44, 
	0x56, 0x89, 0x99, 0xAA, 0xAA, 0xAB, 0xAA, 0xAA, 0xA9, 0x99, 0x99, 0x99, 0x99, 0x99, 0x99, 
	0x99, 0x99, 0x99, 0x9A, 0xAA, 0xAA, 0xAA, 0xAA, 0xBB, 0xBB, 0xBB, 0xBB, 0xBB, 0xBB, 0xA9, 
	0x98, 0x77, 0x66, 0x66, 0x66, 0x55, 0x55, 0x55, 0x65, 0x55, 0x44, 0x44, 0x45, 0x55, 0x55, 
	0x66, 0x65, 0x66, 0x66, 0x66, 0x66, 0x66, 0x66, 0x66, 0x66, 0x67, 0x66, 0x67, 0xAB, 0xCD, 
	0xCC, 0xCC, 0xCC, 0xCC, 0xCC, 0xCC, 0xCC, 0xCC, 0xCB, 0xBB, 0xBB, 0xBB, 0xBB, 0xBB, 0xBB, 
	0xBB, 0xBB, 0xBB, 0xBB, 0xBB, 0xBB, 0xAA, 0xAB, 0xBB, 0xBB, 0xBB, 0xBB, 0xBB, 0xBA, 0xBB, 
	0xBB, 0xBB, 0xBB, 0xBB, 0xBB, 0xBB, 0xBB, 0xBB, 0xBB, 0xBB, 0xBB, 0xBB, 0xBB, 0xBB, 0xCC, 
	0xCC, 0xCC, 0xBB, 0xBB, 0xBB, 0xBB, 0xBC, 0xCC, 0xCC, 0xCC, 0xCC, 0xCC, 0xCC, 0xCC, 0xCC, 
	0xCC, 0xCC, 0xCC, 0xCC, 0xCC, 0xCC, 0xCC, 0xCC, 0xCC, 0xCC, 0xCC, 0xCC, 0xCC, 0xCC, 0xCC, 
	0x22, 0x22, 0x21, 0x25, 0x8C, 0xEF, 0xFF, 0xFF, 0xFE, 0xED, 0xCC, 0xBA, 0xAA, 0xAA, 0xAA, 
	0xAA, 0xA9, 0x99, 0x99, 0x99, 0x99, 0x99, 0x99, 0x99, 0x99, 0x99, 0x99, 0x99, 0x99, 0x99, 
	0x99, 0x99, 0x99, 0x99, 0x99, 0x98, 0x89, 0x98, 0x88, 0x88, 0x89, 0x99, 0x98, 0x88, 0x99, 
	0x98, 0x88, 0x88, 0x88, 0x88, 0x88, 0x88, 0x88, 0x88, 0x88, 0x88, 0x88, 0x87, 0x88, 0x87, 
	0x88, 0x87, 0x77, 0x77, 0x77, 0x77, 0x77, 0x77, 0x66, 0x66, 0x66, 0x66, 0x65, 0x55, 0x55, 
	0x55, 0x55, 0x55, 0x44, 0x44, 0x44, 0x44, 0x44, 0x44, 0x44, 0x56, 0x77, 0x77, 0x77, 0x77, 
	0x65, 0x54, 0x33, 0x33, 0x23, 0x34, 0x6A, 0xCC, 0xBC, 0xCC, 0xCB, 0xBB, 0xBB, 0xBB, 0xAB, 
	0xBB, 0xAA, 0xAA, 0xAA, 0x99, 0x99, 0x99, 0xA9, 0x9A, 0xA9, 0x98, 0x99, 0x88, 0x88, 0x87, 
	0x77, 0x88, 0x88, 0x99, 0x88, 0x88, 0x88, 0x87, 0x66, 0x65, 0x43, 0x32, 0x22, 0x11, 0x11, 
	0x11, 0x11, 0x11, 0x11, 0x00, 0x01, 0x69, 0xAA, 0x98, 0x76, 0x53, 0x21, 0x11, 0x11, 0x11, 
	0x11, 0x11, 0x11, 0x11, 0x11, 0x11, 0x11, 0x11, 0x11, 0x34, 0x68, 0x99, 0x9A, 0xA8, 0x77, 
	0x78, 0x9A, 0xAA, 0xAA, 0xAA, 0xBB, 0xBB, 0xAA, 0xA9, 0x99, 0x99, 0x99, 0x99, 0x99, 0x99, 
	0x9A, 0xAA, 0x99, 0xAA, 0xAA, 0xAA, 0xAA, 0xAA, 0xBB, 0xBB, 0xBB, 0xBB, 0xBB, 0xBB, 0xA8, 
	0x76, 0x66, 0x65, 0x55, 0x55, 0x55, 0x55, 0x55, 0x65, 0x54, 0x44, 0x44, 0x45, 0x55, 0x55, 
	0x66, 0x66, 0x66, 0x66, 0x66, 0x66, 0x66, 0x66, 0x66, 0x66, 0x66, 0x66, 0x67, 0x9B, 0xCD, 
	0xCC, 0xCD, 0xCC, 0xCC, 0xCC, 0xCC, 0xCC, 0xCC, 0xCC, 0xBB, 0xBB, 0xBB, 0xBB, 0xBB, 0xBB, 
	0xBB, 0xBB, 0xBB, 0xBB, 0xBB, 0xBB, 0xBB, 0xBB, 0xBB, 0xBB, 0xBB, 0xBB, 0xBB, 0xBB, 0xBB, 
	0xBB, 0xBB, 0xBB, 0xBB, 0xBB, 0xBB, 0xBB, 0xBB, 0xBB, 0xBB, 0xBB, 0xBB, 0xBC, 0xBB, 0xBB, 
	0xBB, 0xBB, 0xBB, 0xBB, 0xBB, 0xBB, 0xBB, 0xCC, 0xCB, 0xBB, 0xBC, 0xCC, 0xCC, 0xCC, 0xCC, 
	0xCC, 0xCC, 0xCC, 0xCC, 0xCC, 0xCC, 0xCC, 0xCC, 0xCC, 0xCC, 0xCC, 0xCC, 0xCC, 0xCC, 0xCC, 
	0x22, 0x21, 0x24, 0x7B, 0xDE, 0xFF, 0xFF, 0xFF, 0xED, 0xDC, 0xCB, 0xAA, 0xAA, 0xAA, 0xAA, 
	0xA9, 0x99, 0x99, 0x99, 0x99, 0x99, 0x99, 0x99, 0x99, 0x99, 0x99, 0x99, 0x99, 0x99, 0x99, 
	0x99, 0x89, 0x99, 0x89, 0x99, 0x98, 0x88, 0x88, 0x88, 0x99, 0x99, 0x99, 0x99, 0x99, 0x99, 
	0x98, 0x88, 0x88, 0x88, 0x88, 0x88, 0x88, 0x88, 0x88, 0x88, 0x88, 0x88, 0x88, 0x87, 0x77, 
	0x88, 0x77, 0x77, 0x77, 0x77, 0x77, 0x77, 0x76, 0x66, 0x66, 0x66, 0x66, 0x66, 0x55, 0x55, 
	0x55, 0x55, 0x54, 0x44, 0x44, 0x44, 0x54, 0x44, 0x44, 0x44, 0x56, 0x77, 0x77, 0x77, 0x77, 
	0x66, 0x65, 0x44, 0x43, 0x33, 0x23, 0x5A, 0xCB, 0xAB, 0xCB, 0xBC, 0xCB, 0xBC, 0xBB, 0xBA, 
	0xBB, 0xBA, 0xBA, 0xAA, 0xAA, 0xA9, 0x99, 0x99, 0x9A, 0xA9, 0x99, 0x99, 0x88, 0x99, 0x88, 
	0x88, 0x87, 0x89, 0x99, 0x89, 0x98, 0x88, 0x99, 0x88, 0x88, 0x76, 0x55, 0x55, 0x43, 0x22, 
	0x22, 0x11, 0x11, 0x11, 0x01, 0x11, 0x59, 0xAA, 0x98, 0x76, 0x53, 0x11, 0x11, 0x11, 0x11, 
	0x11, 0x11, 0x11, 0x11, 0x11, 0x11, 0x11, 0x11, 0x11, 0x24, 0x67, 0x99, 0xAA, 0xAA, 0x99, 
	0x99, 0xAA, 0xAA, 0xAA, 0xBB, 0xBB, 0xBB, 0xAA, 0xAA, 0x9A, 0x99, 0x99, 0x99, 0x99, 0x99, 
	0x9A, 0xA9, 0x99, 0xAA, 0xAA, 0xAA, 0xAA, 0xAA, 0xBB, 0xBB, 0xBB, 0xBA, 0xAA, 0xAA, 0x97, 
	0x65, 0x55, 0x55, 0x55, 0x55, 0x55, 0x55, 0x55, 0x55, 0x44, 0x44, 0x45, 0x55, 0x55, 0x55, 
	0x56, 0x66, 0x66, 0x66, 0x66, 0x66, 0x66, 0x66, 0x66, 0x66, 0x76, 0x66, 0x66, 0x7A, 0xCC, 
	0xCD, 0xCC, 0xCC, 0xCC, 0xCC, 0xCC, 0xCC, 0xCC, 0xCC, 0xCC, 0xBB, 0xBB, 0xBB, 0xBB, 0xBB, 
	0xBB, 0xBB, 0xBB, 0xBB, 0xBB, 0xBB, 0xBB, 0xBB, 0xBB, 0xBB, 0xBB, 0xBB, 0xBB, 0xBB, 0xBB, 
	0xBB, 0xBB, 0xBB, 0xBB, 0xBB, 0xBB, 0xBB, 0xBB, 0xBB, 0xBB, 0xBB, 0xBB, 0xBB, 0xBB, 0xBB, 
	0xBB, 0xBB, 0xBB, 0xCC, 0xBB, 0xBB, 0xCC, 0xCB, 0xBB, 0xBB, 0xBB, 0xCC, 0xCC, 0xCC, 0xCC, 
	0xCC, 0xCC, 0xCC, 0xCC, 0xCC, 0xCC, 0xCC, 0xCC, 0xCC, 0xCC, 0xCC, 0xCC, 0xCC, 0xCC, 0xCC, 
	0x21, 0x13, 0x6A, 0xCE, 0xFF, 0xFF, 0xFF, 0xEE, 0xDC, 0xBB, 0xBB, 0xAA, 0xAA, 0xAA, 0xAA, 
	0xA9, 0x99, 0x99, 0x99, 0x99, 0x99, 0x99, 0x99, 0x99, 0x99, 0x99, 0x99, 0x99, 0x99, 0x99, 
	0x99, 0x89, 0x99, 0x99, 0x99, 0x98, 0x88, 0x88, 0x88, 0x99, 0x99, 0x99, 0x99, 0x98, 0x89, 
	0x99, 0x88, 0x88, 0x88, 0x88, 0x88, 0x88, 0x88, 0x88, 0x88, 0x88, 0x88, 0x88, 0x87, 0x77, 
	0x87, 0x77, 0x77, 0x77, 0x77, 0x77, 0x77, 0x76, 0x66, 0x66, 0x66, 0x66, 0x65, 0x55, 0x55, 
	0x55, 0x55, 0x54, 0x44, 0x44, 0x45, 0x54, 0x44, 0x44, 0x44, 0x57, 0x77, 0x76, 0x66, 0x66, 
	0x66, 0x66, 0x54, 0x44, 0x33, 0x23, 0x5A, 0xCA, 0x89, 0xBB, 0xBC, 0xCB, 0xCC, 0xCC, 0xBA, 
	0xBB, 0xBB, 0xBB, 0xAA, 0xAA, 0xA9, 0x99, 0x99, 0x9A, 0xA9, 0x99, 0x99, 0x99, 0x99, 0x88, 
	0x88, 0x88, 0x89, 0x99, 0x99, 0x98, 0x89, 0x99, 0x99, 0x99, 0x87, 0x77, 0x77, 0x66, 0x54, 
	0x44, 0x43, 0x33, 0x32, 0x22, 0x22, 0x59, 0xAA, 0x98, 0x76, 0x53, 0x10, 0x11, 0x11, 0x11, 
	0x11, 0x11, 0x11, 0x11, 0x11, 0x11, 0x11, 0x11, 0x11, 0x35, 0x67, 0x99, 0x9A, 0xAA, 0xAA, 
	0xAA, 0xAA, 0xAA, 0xAA, 0xBB, 0xAA, 0xAA, 0xBB, 0xAA, 0xAA, 0xA9, 0x99, 0x99, 0x99, 0x99, 
	0x99, 0x99, 0x99, 0xAA, 0xAA, 0xAA, 0xAA, 0xAA, 0xBB, 0xBB, 0xBB, 0xBA, 0xAA, 0xA9, 0x86, 
	0x54, 0x55, 0x55, 0x55, 0x55, 0x55, 0x56, 0x55, 0x44, 0x44, 0x44, 0x45, 0x55, 0x55, 0x55, 
	0x56, 0x66, 0x66, 0x66, 0x66, 0x66, 0x66, 0x66, 0x66, 0x66, 0x66, 0x66, 0x66, 0x78, 0xBC, 
	0xCD, 0xCC, 0xCC, 0xCC, 0xCC, 0xCC, 0xCC, 0xCC, 0xCC, 0xCC, 0xCB, 0xBB, 0xBB, 0xBB, 0xBB, 
	0xBB, 0xBB, 0xBB, 0xBB, 0xBB, 0xBB, 0xBB, 0xBB, 0xBB, 0xBB, 0xBB, 0xBB, 0xBB, 0xBB, 0xBB, 
	0xBB, 0xBB, 0xBB, 0xBB, 0xBB, 0xBB, 0xBB, 0xBB, 0xBB, 0xBB, 0xBB, 0xBB, 0xBB, 0xBB, 0xBB, 
	0xBB, 0xBB, 0xBB, 0xBB, 0xBB, 0xBB, 0xCC, 0xCB, 0xBB, 0xBB, 0xBB, 0xBC, 0xCC, 0xCC, 0xCC, 
	0xCC, 0xCC, 0xCC, 0xCC, 0xCC, 0xCC, 0xCC, 0xCC, 0xCC, 0xCC, 0xCC, 0xCC, 0xCC, 0xCC, 0xCC, 
	0x12, 0x47, 0xBE, 0xFF, 0xFF, 0xFF, 0xEE, 0xDD, 0xCB, 0xBB, 0xBA, 0xAA, 0xAA, 0xAA, 0x99, 
	0x99, 0x99, 0x99, 0x99, 0xAA, 0xAA, 0x99, 0x99, 0x99, 0x99, 0x99, 0x99, 0x99, 0x99, 0x99, 
	0x99, 0x89, 0x99, 0x99, 0x99, 0x88, 0x88, 0x99, 0x88, 0x88, 0x99, 0x99, 0x99, 0x88, 0x88, 
	0x98, 0x88, 0x88, 0x88, 0x88, 0x88, 0x88, 0x88, 0x88, 0x88, 0x88, 0x88, 0x88, 0x87, 0x77, 
	0x77, 0x77, 0x77, 0x77, 0x77, 0x77, 0x77, 0x66, 0x66, 0x66, 0x66, 0x55, 0x55, 0x55, 0x55, 
	0x55, 0x55, 0x44, 0x55, 0x45, 0x55, 0x54, 0x44, 0x44, 0x44, 0x57, 0x77, 0x66, 0x66, 0x66, 
	0x77, 0x77, 0x65, 0x54, 0x43, 0x33, 0x5A, 0xA8, 0x68, 0xAC, 0xBC, 0xCB, 0xCB, 0xBB, 0xBB, 
	0xBB, 0xBB, 0xBA, 0xAA, 0xBA, 0xA9, 0x99, 0xA9, 0x99, 0x99, 0x99, 0xAA, 0x99, 0x99, 0x98, 
	0x88, 0x88, 0x89, 0x99, 0x99, 0x98, 0x99, 0xAA, 0x99, 0x99, 0x98, 0x88, 0x88, 0x87, 0x76, 
	0x66, 0x65, 0x55, 0x55, 0x55, 0x54, 0x6A, 0xA9, 0x98, 0x76, 0x53, 0x20, 0x11, 0x11, 0x11, 
	0x11, 0x11, 0x11, 0x11, 0x11, 0x11, 0x11, 0x11, 0x11, 0x35, 0x68, 0x99, 0x9A, 0xAA, 0xAA, 
	0xAA, 0xAA, 0xAA, 0xBB, 0xBB, 0xAA, 0xAA, 0xBA, 0xA9, 0x9A, 0xA9, 0x99, 0x99, 0x99, 0x99, 
	0x99, 0x99, 0x99, 0xAA, 0xAA, 0xBA, 0xAA, 0xAA, 0xAB, 0xBB, 0xBB, 0xAA, 0x99, 0x87, 0x65, 
	0x54, 0x55, 0x55, 0x55, 0x55, 0x55, 0x66, 0x54, 0x44, 0x44, 0x44, 0x45, 0x55, 0x56, 0x66, 
	0x66, 0x66, 0x66, 0x66, 0x66, 0x66, 0x66, 0x66, 0x66, 0x66, 0x66, 0x66, 0x66, 0x67, 0xAB, 
	0xCC, 0xCC, 0xCC, 0xCC, 0xCC, 0xCC, 0xCC, 0xCB, 0xBB, 0xBB, 0xCC, 0xBB, 0xBB, 0xBB, 0xBB, 
	0xBB, 0xBB, 0xBB, 0xBB, 0xBB, 0xBB, 0xBB, 0xBB, 0xBB, 0xBB, 0xBB, 0xBB, 0xBB, 0xBB, 0xBB, 
	0xBB, 0xBB, 0xBB, 0xBB, 0xBB, 0xBB, 0xBB, 0xBB, 0xBB, 0xBB, 0xBB, 0xBB, 0xBB, 0xBB, 0xBB, 
	0xBB, 0xBB, 0xBB, 0xBB, 0xBB, 0xBC, 0xCC, 0xCC, 0xBB, 0xBB, 0xBB, 0xBC, 0xCC, 0xCC, 0xCC, 
	0xCC, 0xCC, 0xCC, 0xCC, 0xCC, 0xCC, 0xCC, 0xCC, 0xCC, 0xCC, 0xCC, 0xCC, 0xCC, 0xCC, 0xCC, 
	0x47, 0xBD, 0xEF, 0xFF, 0xFF, 0xEE, 0xED, 0xCC, 0xCB, 0xBB, 0xBA, 0xAA, 0xAA, 0xA9, 0x99, 
	0x99, 0x99, 0x99, 0x9A, 0xAA, 0xAA, 0xA9, 0x99, 0x99, 0x99, 0x99, 0x99, 0x99, 0x99, 0x99, 
	0x99, 0x99, 0x99, 0x98, 0x88, 0x88, 0x89, 0x99, 0x99, 0x88, 0x89, 0x98, 0x89, 0x88, 0x88, 
	0x98, 0x88, 0x88, 0x88, 0x88, 0x88, 0x88, 0x88, 0x88, 0x88, 0x88, 0x88, 0x88, 0x87, 0x77, 
	0x77, 0x77, 0x77, 0x77, 0x77, 0x77, 0x77, 0x66, 0x66, 0x66, 0x66, 0x55, 0x55, 0x55, 0x55, 
	0x55, 0x55, 0x54, 0x55, 0x45, 0x55, 0x54, 0x44, 0x44, 0x44, 0x57, 0x77, 0x66, 0x76, 0x67, 
	0x77, 0x77, 0x65, 0x54, 0x43, 0x33, 0x59, 0x86, 0x58, 0xBC, 0xCC, 0xCC, 0xCB, 0xBB, 0xBB, 
	0xBB, 0xBB, 0xAA, 0xAB, 0xBA, 0xAA, 0xAA, 0xAA, 0x99, 0x99, 0x99, 0xAA, 0xAA, 0xAA, 0x99, 
	0x99, 0x99, 0x88, 0x99, 0x99, 0x99, 0x99, 0xAA, 0x99, 0x99, 0x98, 0x89, 0x99, 0x98, 0x77, 
	0x77, 0x77, 0x76, 0x66, 0x67, 0x86, 0x7A, 0xA9, 0x98, 0x76, 0x64, 0x21, 0x11, 0x11, 0x11, 
	0x11, 0x11, 0x11, 0x11, 0x11, 0x11, 0x11, 0x10, 0x11, 0x35, 0x68, 0x99, 0x9A, 0xAA, 0xAA, 
	0xAA, 0xAB, 0xBB, 0xBB, 0xBB, 0xBA, 0xAA, 0xAA, 0x99, 0x99, 0x99, 0x99, 0x99, 0x99, 0x99, 
	0x9A, 0xAA, 0xAA, 0xAA, 0xBB, 0xBA, 0xAA, 0xBA, 0xAA, 0xAA, 0xAA, 0xA9, 0x87, 0x76, 0x55, 
	0x55, 0x55, 0x55, 0x55, 0x55, 0x55, 0x55, 0x44, 0x44, 0x44, 0x55, 0x55, 0x55, 0x55, 0x66, 
	0x66, 0x66, 0x66, 0x66, 0x66, 0x66, 0x66, 0x66, 0x66, 0x66, 0x66, 0x66, 0x66, 0x66, 0x8B, 
	0xCC, 0xCC, 0xCC, 0xCC, 0xCC, 0xCC, 0xCC, 0xCC, 0xBB, 0xBB, 0xBB, 0xCC, 0xCC, 0xBB, 0xBB, 
	0xBB, 0xBC, 0xBB, 0xBB, 0xBB, 0xBB, 0xBB, 0xBB, 0xBB, 0xBB, 0xBB, 0xBB, 0xBB, 0xBB, 0xBB, 
	0xBB, 0xBB, 0xBB, 0xBB, 0xBB, 0xBB, 0xBB, 0xBB, 0xBB, 0xBB, 0xBB, 0xBB, 0xBB, 0xBB, 0xBB, 
	0xBB, 0xBC, 0xCC, 0xCB, 0xBB, 0xBC, 0xBC, 0xCC, 0xCB, 0xCC, 0xBB, 0xCC, 0xCC, 0xCC, 0xCC, 
	0xCC, 0xCC, 0xCC, 0xCC, 0xCC, 0xCC, 0xCC, 0xCC, 0xCC, 0xCC, 0xCC, 0xCC, 0xCC, 0xCC, 0xCC, 
	0x9C, 0xFF, 0xFF, 0xFF, 0xFE, 0xED, 0xDC, 0xCC, 0xBB, 0xBB, 0xBA, 0xAA, 0xAA, 0xA9, 0x99, 
	0x99, 0x99, 0x99, 0xAA, 0xAA, 0xAA, 0xA9, 0x99, 0x99, 0x99, 0x99, 0x99, 0x99, 0x99, 0x99, 
	0x99, 0x99, 0x99, 0x88, 0x89, 0x99, 0x99, 0x99, 0x99, 0x99, 0x99, 0x98, 0x89, 0x88, 0x88, 
	0x98, 0x88, 0x88, 0x88, 0x88, 0x88, 0x88, 0x88, 0x88, 0x88, 0x88, 0x88, 0x87, 0x77, 0x77, 
	0x77, 0x77, 0x77, 0x77, 0x67, 0x77, 0x66, 0x66, 0x66, 0x66, 0x66, 0x66, 0x65, 0x55, 0x55, 
	0x55, 0x55, 0x55, 0x55, 0x44, 0x45, 0x55, 0x44, 0x44, 0x44, 0x56, 0x77, 0x77, 0x77, 0x77, 
	0x77, 0x77, 0x65, 0x54, 0x43, 0x33, 0x57, 0x75, 0x58, 0xBC, 0xCC, 0xBB, 0xBB, 0xBC, 0xBB, 
	0xBB, 0xBB, 0xBA, 0xBB, 0xBA, 0xAA, 0xAA, 0xAA, 0xA9, 0x99, 0x99, 0x9A, 0xAA, 0xAA, 0x98, 
	0x99, 0xA9, 0x88, 0x99, 0xAA, 0xAA, 0xA9, 0x99, 0x99, 0x99, 0x99, 0x9A, 0xAA, 0x99, 0x88, 
	0x88, 0x88, 0x77, 0x77, 0x77, 0x87, 0x8A, 0xAA, 0x99, 0x87, 0x64, 0x31, 0x11, 0x11, 0x11, 
	0x11, 0x11, 0x11, 0x11, 0x11, 0x11, 0x11, 0x11, 0x11, 0x35, 0x67, 0x89, 0xAA, 0xAA, 0xAA, 
	0xAA, 0xBB, 0xBB, 0xBB, 0xBB, 0xBB, 0xBB, 0xAA, 0x99, 0x99, 0x99, 0x99, 0x99, 0x99, 0x99, 
	0xAA, 0xAA, 0xAA, 0xAB, 0xAA, 0xAA, 0xAB, 0xBA, 0xAA, 0xAA, 0xAA, 0x99, 0x76, 0x55, 0x55, 
	0x55, 0x55, 0x55, 0x55, 0x55, 0x55, 0x54, 0x44, 0x44, 0x45, 0x55, 0x55, 0x55, 0x56, 0x66, 
	0x66, 0x66, 0x66, 0x66, 0x66, 0x66, 0x66, 0x66, 0x66, 0x66, 0x66, 0x66, 0x66, 0x66, 0x7A, 
	0xBC, 0xCC, 0xCC, 0xCC, 0xCC, 0xCC, 0xCC, 0xCC, 0xCC, 0xCC, 0xCB, 0xCC, 0xCC, 0xCB, 0xBB, 
	0xCC, 0xBB, 0xBB, 0xBB, 0xBB, 0xBB, 0xBB, 0xBB, 0xBB, 0xBB, 0xBB, 0xBB, 0xBB, 0xBB, 0xBB, 
	0xBB, 0xBB, 0xBB, 0xBC, 0xBB, 0xBB, 0xBB, 0xBB, 0xBB, 0xBB, 0xBB, 0xBB, 0xBB, 0xBB, 0xBB, 
	0xBB, 0xBB, 0xCC, 0xCB, 0xBB, 0xCC, 0xBC, 0xCC, 0xCC, 0xCC, 0xBC, 0xCC, 0xCC, 0xCB, 0xCC, 
	0xCC, 0xCC, 0xCC, 0xCC, 0xCC, 0xCC, 0xCC, 0xCC, 0xCC, 0xCC, 0xCC, 0xCC, 0xCC, 0xCC, 0xCC, 
	0xEF, 0xFF, 0xFF, 0xFF, 0xED, 0xCC, 0xCC, 0xBB, 0xBB, 0xBB, 0xAA, 0xAA, 0xAA, 0x99, 0x99, 
	0x99, 0x9A, 0xAA, 0xAA, 0xAA, 0xAA, 0xA9, 0x99, 0x99, 0x99, 0x99, 0x99, 0x99, 0x99, 0x99, 
	0x99, 0x99, 0x99, 0x88, 0x89, 0x99, 0x99, 0x99, 0x99, 0x99, 0x99, 0x98, 0x89, 0x98, 0x88, 
	0x99, 0x88, 0x88, 0x88, 0x88, 0x88, 0x88, 0x88, 0x88, 0x88, 0x88, 0x88, 0x87, 0x77, 0x77, 
	0x77, 0x77, 0x77, 0x76, 0x66, 0x76, 0x66, 0x66, 0x66, 0x66, 0x66, 0x66, 0x66, 0x55, 0x55, 
	0x55, 0x55, 0x55, 0x55, 0x44, 0x55, 0x55, 0x55, 0x44, 0x44, 0x57, 0x77, 0x76, 0x77, 0x77, 
	0x77, 0x77, 0x65, 0x54, 0x44, 0x33, 0x46, 0x64, 0x57, 0xAB, 0xCC, 0xBB, 0xAB, 0xBC, 0xCC, 
	0xBB, 0xBB, 0xBB, 0xBB, 0xBB, 0xBB, 0xBA, 0xAA, 0xAA, 0x99, 0x99, 0x99, 0xAA, 0xBA, 0x99, 
	0x99, 0xA9, 0x98, 0x99, 0xAA, 0xAA, 0xA9, 0x99, 0xAA, 0x99, 0x89, 0xAA, 0xAA, 0xA9, 0x99, 
	0x88, 0x88, 0x88, 0x88, 0x78, 0x87, 0x89, 0xAA, 0x99, 0x87, 0x65, 0x31, 0x10, 0x11, 0x11, 
	0x11, 0x11, 0x11, 0x11, 0x11, 0x11, 0x11, 0x11, 0x12, 0x35, 0x77, 0x89, 0xAA, 0xAA, 0xAA, 
	0xAA, 0xBB, 0xBB, 0xBB, 0xBB, 0xBB, 0xBB, 0xAA, 0x99, 0x99, 0x99, 0x99, 0x99, 0x99, 0x99, 
	0xAA, 0xAA, 0xAA, 0xAA, 0xAA, 0xAA, 0xBB, 0xBA, 0xAA, 0xAA, 0xBA, 0xA9, 0x76, 0x55, 0x55, 
	0x55, 0x55, 0x55, 0x55, 0x55, 0x55, 0x44, 0x44, 0x45, 0x44, 0x55, 0x55, 0x55, 0x66, 0x65, 
	0x56, 0x66, 0x66, 0x66, 0x66, 0x66, 0x66, 0x66, 0x66, 0x66, 0x66, 0x66, 0x66, 0x66, 0x68, 
	0xBC, 0xCC, 0xCC, 0xCC, 0xCC, 0xCC, 0xCC, 0xCC, 0xCC, 0xCC, 0xCC, 0xCC, 0xCC, 0xCC, 0xCC, 
	0xCC, 0xBB, 0xBB, 0xBB, 0xBB, 0xCB, 0xBB, 0xCC, 0xBB, 0xBB, 0xBB, 0xBB, 0xBB, 0xBB, 0xBB, 
	0xBB, 0xBB, 0xBC, 0xBB, 0xBB, 0xBB, 0xBB, 0xCC, 0xBB, 0xBB, 0xBB, 0xBB, 0xCC, 0xCC, 0xBB, 
	0xBB, 0xBB, 0xBB, 0xCC, 0xCC, 0xCC, 0xBB, 0xCC, 0xBB, 0xBB, 0xCC, 0xCC, 0xCC, 0xCB, 0xCC, 
	0xCC, 0xCC, 0xCC, 0xCC, 0xCC, 0xCC, 0xCC, 0xCC, 0xCC, 0xCC, 0xCC, 0xCC, 0xCC, 0xCC, 0xCB, 
	0xFF, 0xFF, 0xFF, 0xED, 0xDC, 0xBB, 0xBB, 0xBB, 0xBB, 0xBB, 0xAA, 0xA9, 0x99, 0x99, 0x99, 
	0x9A, 0x9A, 0xAA, 0xAA, 0xAA, 0xAA, 0x99, 0x99, 0x99, 0x99, 0x99, 0x99, 0x99, 0x99, 0x99, 
	0x99, 0x89, 0x88, 0x88, 0x99, 0x99, 0x99, 0x99, 0x99, 0x99, 0x99, 0x99, 0x99, 0x98, 0x88, 
	0x99, 0x98, 0x88, 0x89, 0x88, 0x88, 0x88, 0x88, 0x88, 0x88, 0x88, 0x88, 0x87, 0x77, 0x77, 
	0x77, 0x77, 0x77, 0x76, 0x66, 0x77, 0x66, 0x66, 0x66, 0x66, 0x66, 0x66, 0x55, 0x55, 0x55, 
	0x55, 0x55, 0x55, 0x55, 0x55, 0x55, 0x55, 0x55, 0x55, 0x44, 0x57, 0x77, 0x77, 0x76, 0x77, 
	0x77, 0x76, 0x65, 0x54, 0x44, 0x33, 0x45, 0x54, 0x56, 0x89, 0xBB, 0x99, 0xAB, 0xBC, 0xCC, 
	0xBB, 0xCB, 0xBB, 0xBB, 0xBB, 0xBB, 0xBA, 0xAA, 0xAA, 0xAA, 0x99, 0x99, 0xAA, 0xAA, 0x99, 
	0x99, 0x99, 0x99, 0x99, 0x99, 0xAA, 0xAA, 0x9A, 0xAA, 0xA9, 0x99, 0xAA, 0xAA, 0xAA, 0x99, 
	0x88, 0x88, 0x99, 0x88, 0x88, 0x87, 0x89, 0xAA, 0xA9, 0x87, 0x65, 0x42, 0x11, 0x11, 0x11, 
	0x11, 0x11, 0x11, 0x11, 0x11, 0x11, 0x11, 0x11, 0x13, 0x46, 0x78, 0x99, 0xAA, 0xAA, 0xAA, 
	0xAA, 0xBB, 0xBB, 0xBB, 0xBB, 0xBB, 0xBB, 0xAA, 0xA9, 0xAA, 0x99, 0x99, 0xAA, 0x99, 0x9A, 
	0xAA, 0xAA, 0xAA, 0xAA, 0xAA, 0xBB, 0xBB, 0xBB, 0xAA, 0xAA, 0xAA, 0x98, 0x65, 0x55, 0x55, 
	0x55, 0x55, 0x55, 0x55, 0x55, 0x54, 0x44, 0x44, 0x55, 0x54, 0x55, 0x55, 0x55, 0x66, 0x65, 
	0x56, 0x66, 0x66, 0x66, 0x66, 0x66, 0x66, 0x66, 0x66, 0x66, 0x66, 0x66, 0x66, 0x66, 0x67, 
	0x9B, 0xCC, 0xCC, 0xCC, 0xCC, 0xCC, 0xCC, 0xCC, 0xCC, 0xCC, 0xCC, 0xCC, 0xBC, 0xCC, 0xCC, 
	0xCC, 0xCB, 0xBB, 0xBC, 0xCC, 0xBB, 0xBC, 0xCC, 0xBB, 0xBB, 0xBB, 0xBB, 0xBB, 0xBB, 0xBB, 
	0xBB, 0xBB, 0xBB, 0xBB, 0xBB, 0xBB, 0xBB, 0xBC, 0xBB, 0xBB, 0xBB, 0xBC, 0xCC, 0xCB, 0xBB, 
	0xBB, 0xBB, 0xBC, 0xCC, 0xCB, 0xBB, 0xBB, 0xBB, 0xBB, 0xBC, 0xCC, 0xCC, 0xCC, 0xCC, 0xCC, 
	0xCC, 0xCC, 0xCC, 0xCC, 0xCC, 0xCC, 0xCC, 0xCC, 0xCC, 0xCC, 0xCC, 0xCC, 0xCC, 0xCC, 0xCC, 
	0xFF, 0xFE, 0xED, 0xDD, 0xCC, 0xBB, 0xBB, 0xBB, 0xBB, 0xBB, 0xBA, 0xA9, 0x99, 0x99, 0x99, 
	0x9A, 0x9A, 0xA9, 0xAA, 0xAA, 0xAA, 0x99, 0x99, 0x99, 0x99, 0x99, 0x99, 0x99, 0x99, 0x99, 
	0x99, 0x88, 0x88, 0x99, 0x99, 0x99, 0x98, 0x89, 0x99, 0x99, 0x99, 0x99, 0x99, 0x98, 0x88, 
	0x99, 0x98, 0x88, 0x88, 0x88, 0x88, 0x88, 0x88, 0x88, 0x88, 0x88, 0x88, 0x87, 0x77, 0x77, 
	0x77, 0x77, 0x77, 0x76, 0x66, 0x77, 0x66, 0x66, 0x66, 0x66, 0x66, 0x55, 0x55, 0x55, 0x55, 
	0x55, 0x55, 0x55, 0x55, 0x55, 0x55, 0x55, 0x55, 0x55, 0x44, 0x57, 0x77, 0x77, 0x77, 0x77, 
	0x77, 0x66, 0x55, 0x55, 0x44, 0x33, 0x34, 0x53, 0x44, 0x57, 0x89, 0x87, 0x9A, 0xBC, 0xBB, 
	0xBB, 0xCB, 0xBB, 0xBB, 0xBB, 0xBB, 0xBA, 0xAA, 0xAA, 0xAA, 0xA9, 0x99, 0x99, 0xAA, 0xAA, 
	0xA9, 0x9A, 0xAA, 0x99, 0x99, 0xAA, 0xAA, 0xAA, 0xAA, 0xA9, 0x99, 0xAA, 0xA9, 0x9A, 0xA9, 
	0x88, 0x89, 0x99, 0x98, 0x88, 0x87, 0x79, 0xAA, 0xA9, 0x87, 0x66, 0x42, 0x11, 0x11, 0x11, 
	0x11, 0x11, 0x11, 0x11, 0x11, 0x11, 0x11, 0x01, 0x25, 0x67, 0x89, 0x9A, 0xAA, 0xAB, 0xBA, 
	0xAB, 0xBB, 0xBB, 0xBB, 0xBB, 0xBB, 0xBB, 0xBA, 0xAA, 0xAA, 0xA9, 0x9A, 0xAA, 0x99, 0x9A, 
	0xAA, 0xAA, 0xAA, 0xAA, 0xAA, 0xBB, 0xBB, 0xBB, 0xAA, 0x98, 0x89, 0x87, 0x65, 0x55, 0x44, 
	0x45, 0x55, 0x55, 0x55, 0x55, 0x44, 0x43, 0x45, 0x55, 0x55, 0x55, 0x55, 0x55, 0x56, 0x66, 
	0x66, 0x66, 0x66, 0x66, 0x66, 0x66, 0x66, 0x66, 0x66, 0x66, 0x66, 0x66, 0x66, 0x66, 0x66, 
	0x8A, 0xCC, 0xCC, 0xCC, 0xCC, 0xCC, 0xCC, 0xCC, 0xCC, 0xCC, 0xCC, 0xBB, 0xBB, 0xCC, 0xCC, 
	0xCC, 0xCC, 0xCB, 0xCC, 0xCB, 0xBB, 0xBB, 0xBB, 0xBB, 0xBC, 0xBB, 0xBB, 0xBB, 0xBB, 0xBB, 
	0xBB, 0xBB, 0xBB, 0xBB, 0xBB, 0xBB, 0xBB, 0xBB, 0xBB, 0xBB, 0xBB, 0xBC, 0xCC, 0xBB, 0xBB, 
	0xBC, 0xCC, 0xCC, 0xCC, 0xCB, 0xBB, 0xBB, 0xBC, 0xCC, 0xCC, 0xCC, 0xBB, 0xBC, 0xCC, 0xCC, 
	0xCC, 0xCC, 0xCC, 0xCC, 0xCC, 0xCC, 0xCC, 0xCC, 0xCC, 0xCC, 0xCC, 0xCC, 0xCC, 0xCC, 0xCC, 
	};

