const unsigned char ImageResource_cat5_600x400[120000] = {
	0x22, 0x22, 0x22, 0x22, 0x22, 0x22, 0x22, 0x22, 0x22, 0x22, 0x22, 0x33, 0x33, 0x33, 0x33, 
	0x33, 0x33, 0x33, 0x33, 0x33, 0x33, 0x33, 0x33, 0x33, 0x33, 0x32, 0x22, 0x22, 0x22, 0x22, 
	0x22, 0x22, 0x22, 0x22, 0x23, 0x34, 0x45, 0x55, 0x45, 0x55, 0x55, 0x55, 0x55, 0x55, 0x55, 
	0x55, 0x55, 0x55, 0x55, 0x55, 0x55, 0x55, 0x44, 0x33, 0x34, 0x69, 0xAB, 0xBB, 0xBB, 0xBB, 
	0xBA, 0xAA, 0xAA, 0xBA, 0xAA, 0xAA, 0xAA, 0xAB, 0xBB, 0xBB, 0xBB, 0xBB, 0xBB, 0xBB, 0xBB, 
	0xBB, 0xBB, 0xA9, 0x87, 0x65, 0x55, 0x54, 0x55, 0x55, 0x55, 0x55, 0x55, 0x55, 0x55, 0x55, 
	0x55, 0x55, 0x66, 0x66, 0x66, 0x66, 0x77, 0x77, 0x78, 0x88, 0x88, 0x88, 0x88, 0x88, 0x88, 
	0x88, 0x88, 0x88, 0x77, 0x77, 0x77, 0x77, 0x77, 0x77, 0x77, 0x77, 0x77, 0x77, 0x66, 0x66, 
	0x66, 0x66, 0x66, 0x66, 0x66, 0x66, 0x66, 0x66, 0x66, 0x66, 0x66, 0x66, 0x66, 0x66, 0x66, 
	0x66, 0x66, 0x66, 0x66, 0x77, 0x76, 0x66, 0x66, 0x66, 0x66, 0x66, 0x66, 0x66, 0x67, 0x77, 
	0x67, 0x77, 0x77, 0x77, 0x77, 0x77, 0x77, 0x77, 0x77, 0x77, 0x77, 0x77, 0x76, 0x66, 0x66, 
	0x66, 0x66, 0x66, 0x66, 0x66, 0x66, 0x66, 0x66, 0x66, 0x66, 0x66, 0x66, 0x66, 0x66, 0x66, 
	0x66, 0x66, 0x66, 0x66, 0x66, 0x54, 0x44, 0x44, 0x44, 0x55, 0x55, 0x56, 0x66, 0x77, 0x78, 
	0x99, 0x99, 0xAA, 0xAA, 0xAA, 0xAA, 0xAA, 0xAA, 0xAA, 0x99, 0x98, 0x88, 0x88, 0x87, 0x67, 
	0x89, 0xAA, 0x98, 0x65, 0x43, 0x33, 0x43, 0x34, 0x57, 0x89, 0xAA, 0xAA, 0xAA, 0xAA, 0xAA, 
	0xBB, 0xA9, 0x76, 0x55, 0x55, 0x55, 0x55, 0x55, 0x55, 0x55, 0x55, 0x55, 0x55, 0x55, 0x55, 
	0x55, 0x54, 0x44, 0x33, 0x33, 0x33, 0x33, 0x32, 0x22, 0x22, 0x22, 0x22, 0x22, 0x22, 0x22, 
	0x22, 0x22, 0x22, 0x22, 0x22, 0x22, 0x22, 0x22, 0x22, 0x22, 0x22, 0x22, 0x22, 0x22, 0x22, 
	0x22, 0x22, 0x22, 0x22, 0x22, 0x22, 0x22, 0x22, 0x22, 0x22, 0x22, 0x22, 0x22, 0x22, 0x22, 
	0x22, 0x22, 0x22, 0x22, 0x22, 0x22, 0x22, 0x22, 0x22, 0x22, 0x22, 0x22, 0x22, 0x22, 0x22, 
	0x22, 0x22, 0x22, 0x22, 0x22, 0x22, 0x22, 0x22, 0x22, 0x22, 0x33, 0x33, 0x33, 0x33, 0x33, 
	0x33, 0x33, 0x33, 0x33, 0x33, 0x33, 0x33, 0x33, 0x33, 0x33, 0x33, 0x22, 0x22, 0x22, 0x22, 
	0x22, 0x22, 0x22, 0x22, 0x33, 0x44, 0x55, 0x55, 0x55, 0x55, 0x55, 0x55, 0x55, 0x55, 0x55, 
	0x55, 0x55, 0x55, 0x55, 0x55, 0x55, 0x55, 0x43, 0x33, 0x34, 0x7A, 0xAA, 0xA9, 0x99, 0x99, 
	0x99, 0x99, 0xAA, 0xAB, 0xAA, 0xAA, 0xAA, 0xAB, 0xBB, 0xBB, 0xBB, 0xBB, 0xBB, 0xBB, 0xBB, 
	0xBB, 0xBB, 0xBA, 0x99, 0x86, 0x65, 0x54, 0x45, 0x55, 0x55, 0x55, 0x55, 0x55, 0x55, 0x55, 
	0x55, 0x55, 0x66, 0x66, 0x66, 0x66, 0x77, 0x77, 0x78, 0x88, 0x88, 0x88, 0x88, 0x88, 0x88, 
	0x88, 0x88, 0x87, 0x77, 0x77, 0x77, 0x77, 0x77, 0x77, 0x77, 0x77, 0x77, 0x77, 0x66, 0x66, 
	0x66, 0x66, 0x66, 0x66, 0x66, 0x66, 0x66, 0x66, 0x66, 0x66, 0x66, 0x66, 0x66, 0x66, 0x66, 
	0x66, 0x77, 0x66, 0x67, 0x77, 0x77, 0x66, 0x66, 0x66, 0x66, 0x66, 0x66, 0x66, 0x66, 0x77, 
	0x77, 0x77, 0x77, 0x77, 0x77, 0x77, 0x77, 0x77, 0x77, 0x77, 0x77, 0x77, 0x76, 0x66, 0x66, 
	0x66, 0x66, 0x66, 0x66, 0x66, 0x66, 0x66, 0x66, 0x66, 0x66, 0x66, 0x66, 0x66, 0x66, 0x66, 
	0x66, 0x66, 0x66, 0x66, 0x66, 0x55, 0x44, 0x44, 0x44, 0x55, 0x55, 0x56, 0x67, 0x77, 0x78, 
	0x99, 0x99, 0xAA, 0xAA, 0xAA, 0xAA, 0xAA, 0xAA, 0x99, 0x99, 0x88, 0x88, 0x88, 0x77, 0x66, 
	0x79, 0x99, 0x76, 0x54, 0x33, 0x33, 0x33, 0x45, 0x68, 0x9A, 0xAA, 0xAA, 0xAA, 0xAA, 0xAA, 
	0xBB, 0xA9, 0x86, 0x55, 0x55, 0x55, 0x55, 0x55, 0x55, 0x55, 0x55, 0x55, 0x55, 0x55, 0x55, 
	0x55, 0x55, 0x44, 0x43, 0x33, 0x33, 0x33, 0x33, 0x32, 0x22, 0x22, 0x22, 0x22, 0x22, 0x22, 
	0x22, 0x22, 0x22, 0x22, 0x22, 0x22, 0x22, 0x22, 0x22, 0x22, 0x22, 0x22, 0x22, 0x22, 0x22, 
	0x22, 0x22, 0x22, 0x22, 0x22, 0x22, 0x22, 0x22, 0x22, 0x22, 0x22, 0x22, 0x22, 0x22, 0x22, 
	0x22, 0x22, 0x22, 0x22, 0x22, 0x22, 0x22, 0x22, 0x22, 0x22, 0x22, 0x22, 0x22, 0x22, 0x22, 
	0x22, 0x22, 0x22, 0x22, 0x22, 0x22, 0x22, 0x22, 0x22, 0x33, 0x33, 0x33, 0x33, 0x33, 0x33, 
	0x33, 0x33, 0x33, 0x33, 0x33, 0x33, 0x33, 0x33, 0x33, 0x33, 0x33, 0x33, 0x22, 0x22, 0x22, 
	0x22, 0x22, 0x22, 0x23, 0x34, 0x45, 0x55, 0x55, 0x55, 0x55, 0x55, 0x55, 0x55, 0x55, 0x55, 
	0x55, 0x55, 0x55, 0x55, 0x55, 0x55, 0x55, 0x43, 0x33, 0x35, 0x79, 0x99, 0x87, 0x66, 0x66, 
	0x66, 0x67, 0x78, 0x9A, 0xAA, 0xAA, 0xAA, 0xBB, 0xBB, 0xBB, 0xBB, 0xBB, 0xBB, 0xBB, 0xBB, 
	0xBB, 0xBB, 0xBB, 0xAA, 0x97, 0x76, 0x55, 0x55, 0x55, 0x55, 0x55, 0x55, 0x55, 0x55, 0x55, 
	0x55, 0x56, 0x66, 0x66, 0x66, 0x66, 0x77, 0x77, 0x77, 0x88, 0x88, 0x88, 0x88, 0x88, 0x88, 
	0x88, 0x88, 0x87, 0x77, 0x77, 0x77, 0x77, 0x77, 0x77, 0x77, 0x77, 0x77, 0x76, 0x66, 0x66, 
	0x66, 0x66, 0x66, 0x66, 0x66, 0x66, 0x66, 0x66, 0x66, 0x66, 0x66, 0x66, 0x66, 0x66, 0x66, 
	0x66, 0x77, 0x66, 0x67, 0x77, 0x77, 0x76, 0x66, 0x66, 0x66, 0x66, 0x66, 0x66, 0x77, 0x77, 
	0x77, 0x77, 0x77, 0x77, 0x77, 0x77, 0x77, 0x77, 0x77, 0x77, 0x77, 0x77, 0x76, 0x66, 0x66, 
	0x66, 0x66, 0x66, 0x66, 0x66, 0x66, 0x66, 0x66, 0x66, 0x66, 0x66, 0x66, 0x66, 0x66, 0x66, 
	0x66, 0x66, 0x66, 0x66, 0x66, 0x65, 0x55, 0x44, 0x44, 0x55, 0x44, 0x55, 0x66, 0x77, 0x88, 
	0x89, 0x99, 0xAA, 0xAA, 0xAA, 0xAA, 0xAA, 0xAA, 0x99, 0x98, 0x88, 0x88, 0x77, 0x77, 0x76, 
	0x78, 0x87, 0x54, 0x43, 0x33, 0x33, 0x34, 0x56, 0x8A, 0xAA, 0xAA, 0xAA, 0xAA, 0xAA, 0xAA, 
	0xBB, 0xA9, 0x87, 0x55, 0x55, 0x55, 0x55, 0x55, 0x55, 0x55, 0x55, 0x55, 0x55, 0x55, 0x55, 
	0x55, 0x55, 0x54, 0x43, 0x33, 0x33, 0x33, 0x33, 0x33, 0x22, 0x22, 0x22, 0x22, 0x22, 0x22, 
	0x22, 0x22, 0x22, 0x22, 0x22, 0x22, 0x22, 0x22, 0x22, 0x22, 0x22, 0x22, 0x22, 0x22, 0x22, 
	0x22, 0x22, 0x22, 0x22, 0x22, 0x22, 0x22, 0x22, 0x22, 0x22, 0x22, 0x22, 0x22, 0x22, 0x22, 
	0x22, 0x22, 0x22, 0x22, 0x22, 0x22, 0x22, 0x22, 0x22, 0x22, 0x22, 0x22, 0x22, 0x22, 0x22, 
	0x22, 0x22, 0x22, 0x22, 0x22, 0x22, 0x22, 0x22, 0x33, 0x33, 0x33, 0x33, 0x33, 0x33, 0x33, 
	0x33, 0x33, 0x33, 0x33, 0x33, 0x33, 0x33, 0x33, 0x33, 0x33, 0x33, 0x33, 0x22, 0x22, 0x22, 
	0x22, 0x22, 0x22, 0x33, 0x44, 0x55, 0x55, 0x55, 0x55, 0x55, 0x55, 0x55, 0x55, 0x55, 0x55, 
	0x55, 0x55, 0x55, 0x55, 0x55, 0x55, 0x54, 0x43, 0x33, 0x34, 0x67, 0x66, 0x54, 0x44, 0x33, 
	0x33, 0x44, 0x56, 0x67, 0x89, 0xAA, 0xAA, 0xAB, 0xAB, 0xBB, 0xBB, 0xBB, 0xBB, 0xBB, 0xBB, 
	0xBB, 0xBA, 0xBB, 0xBA, 0xA9, 0x87, 0x65, 0x55, 0x55, 0x55, 0x55, 0x55, 0x55, 0x55, 0x55, 
	0x55, 0x56, 0x66, 0x66, 0x66, 0x66, 0x77, 0x77, 0x77, 0x88, 0x88, 0x88, 0x88, 0x88, 0x88, 
	0x88, 0x88, 0x77, 0x77, 0x77, 0x77, 0x77, 0x77, 0x77, 0x77, 0x77, 0x66, 0x66, 0x66, 0x66, 
	0x66, 0x66, 0x66, 0x66, 0x66, 0x66, 0x66, 0x66, 0x66, 0x66, 0x66, 0x66, 0x66, 0x66, 0x66, 
	0x66, 0x76, 0x66, 0x67, 0x77, 0x77, 0x77, 0x77, 0x77, 0x77, 0x77, 0x77, 0x77, 0x77, 0x77, 
	0x77, 0x77, 0x77, 0x77, 0x77, 0x77, 0x77, 0x77, 0x77, 0x77, 0x77, 0x77, 0x76, 0x66, 0x66, 
	0x66, 0x66, 0x66, 0x66, 0x66, 0x66, 0x66, 0x66, 0x66, 0x66, 0x66, 0x66, 0x66, 0x66, 0x66, 
	0x66, 0x66, 0x66, 0x66, 0x66, 0x66, 0x65, 0x54, 0x44, 0x44, 0x44, 0x45, 0x56, 0x67, 0x78, 
	0x88, 0x99, 0x99, 0x99, 0xAA, 0xAA, 0xAA, 0xA9, 0x99, 0x98, 0x88, 0x77, 0x77, 0x77, 0x76, 
	0x66, 0x65, 0x44, 0x33, 0x43, 0x33, 0x45, 0x68, 0x9A, 0xAA, 0xAA, 0xAA, 0xAA, 0xAA, 0xAA, 
	0xBB, 0xBA, 0x97, 0x65, 0x55, 0x55, 0x55, 0x55, 0x55, 0x55, 0x55, 0x55, 0x55, 0x55, 0x55, 
	0x55, 0x55, 0x54, 0x43, 0x33, 0x33, 0x33, 0x33, 0x33, 0x32, 0x22, 0x22, 0x22, 0x22, 0x22, 
	0x22, 0x22, 0x22, 0x22, 0x22, 0x22, 0x22, 0x22, 0x22, 0x22, 0x22, 0x22, 0x22, 0x22, 0x22, 
	0x22, 0x22, 0x22, 0x22, 0x22, 0x22, 0x22, 0x22, 0x22, 0x22, 0x22, 0x22, 0x22, 0x22, 0x22, 
	0x22, 0x22, 0x22, 0x22, 0x22, 0x22, 0x22, 0x22, 0x22, 0x22, 0x22, 0x22, 0x22, 0x22, 0x22, 
	0x22, 0x22, 0x22, 0x22, 0x22, 0x22, 0x22, 0x22, 0x33, 0x33, 0x33, 0x33, 0x33, 0x33, 0x33, 
	0x33, 0x33, 0x33, 0x33, 0x33, 0x33, 0x33, 0x33, 0x33, 0x33, 0x33, 0x33, 0x22, 0x22, 0x22, 
	0x22, 0x22, 0x23, 0x34, 0x45, 0x55, 0x55, 0x55, 0x55, 0x55, 0x55, 0x55, 0x55, 0x55, 0x55, 
	0x55, 0x55, 0x55, 0x55, 0x55, 0x55, 0x54, 0x43, 0x33, 0x33, 0x44, 0x43, 0x33, 0x33, 0x33, 
	0x33, 0x33, 0x33, 0x45, 0x67, 0x99, 0xAA, 0xAA, 0xAA, 0xBB, 0xBB, 0xBB, 0xBB, 0xBB, 0xBB, 
	0xBB, 0xBA, 0xAB, 0xBB, 0xAA, 0x98, 0x66, 0x55, 0x55, 0x55, 0x55, 0x55, 0x55, 0x55, 0x55, 
	0x55, 0x56, 0x66, 0x66, 0x66, 0x66, 0x77, 0x77, 0x77, 0x88, 0x88, 0x88, 0x88, 0x88, 0x88, 
	0x88, 0x88, 0x77, 0x77, 0x77, 0x77, 0x77, 0x77, 0x77, 0x77, 0x77, 0x66, 0x66, 0x66, 0x66, 
	0x66, 0x66, 0x66, 0x66, 0x66, 0x66, 0x66, 0x66, 0x66, 0x66, 0x66, 0x66, 0x66, 0x66, 0x66, 
	0x66, 0x66, 0x76, 0x66, 0x67, 0x77, 0x77, 0x77, 0x77, 0x77, 0x77, 0x77, 0x77, 0x77, 0x77, 
	0x77, 0x77, 0x77, 0x77, 0x77, 0x77, 0x77, 0x77, 0x77, 0x77, 0x76, 0x66, 0x66, 0x66, 0x66, 
	0x66, 0x66, 0x66, 0x66, 0x66, 0x66, 0x66, 0x66, 0x66, 0x66, 0x66, 0x66, 0x66, 0x66, 0x66, 
	0x66, 0x66, 0x66, 0x66, 0x66, 0x66, 0x66, 0x55, 0x44, 0x44, 0x44, 0x55, 0x55, 0x56, 0x67, 
	0x88, 0x88, 0x89, 0x99, 0xAA, 0xAA, 0xAA, 0x99, 0x99, 0x98, 0x88, 0x78, 0x77, 0x77, 0x65, 
	0x44, 0x44, 0x43, 0x34, 0x43, 0x44, 0x56, 0x89, 0xAA, 0xAA, 0xAA, 0xAA, 0xAA, 0xAA, 0xAA, 
	0xAB, 0xBA, 0x97, 0x65, 0x55, 0x55, 0x55, 0x55, 0x55, 0x55, 0x55, 0x55, 0x55, 0x55, 0x54, 
	0x44, 0x44, 0x44, 0x43, 0x33, 0x33, 0x33, 0x33, 0x33, 0x33, 0x22, 0x22, 0x22, 0x22, 0x22, 
	0x22, 0x22, 0x22, 0x22, 0x22, 0x22, 0x22, 0x22, 0x22, 0x22, 0x22, 0x22, 0x22, 0x22, 0x22, 
	0x22, 0x22, 0x22, 0x22, 0x22, 0x22, 0x22, 0x22, 0x22, 0x22, 0x22, 0x22, 0x22, 0x22, 0x22, 
	0x22, 0x22, 0x22, 0x22, 0x22, 0x22, 0x22, 0x22, 0x22, 0x22, 0x22, 0x22, 0x22, 0x22, 0x22, 
	0x22, 0x22, 0x22, 0x22, 0x22, 0x22, 0x22, 0x33, 0x33, 0x33, 0x33, 0x33, 0x33, 0x33, 0x33, 
	0x44, 0x44, 0x44, 0x43, 0x33, 0x33, 0x33, 0x33, 0x33, 0x33, 0x33, 0x33, 0x32, 0x22, 0x22, 
	0x22, 0x22, 0x23, 0x44, 0x55, 0x55, 0x55, 0x55, 0x55, 0x55, 0x55, 0x55, 0x55, 0x55, 0x55, 
	0x55, 0x55, 0x55, 0x55, 0x55, 0x55, 0x54, 0x43, 0x33, 0x33, 0x32, 0x23, 0x33, 0x33, 0x33, 
	0x33, 0x33, 0x32, 0x33, 0x45, 0x68, 0x9A, 0xBA, 0xBA, 0xAA, 0xBB, 0xBB, 0xBB, 0xBB, 0xBB, 
	0xBB, 0xBA, 0xBB, 0xBB, 0xBB, 0xA9, 0x76, 0x65, 0x55, 0x55, 0x55, 0x55, 0x55, 0x55, 0x55, 
	0x55, 0x66, 0x66, 0x66, 0x66, 0x66, 0x67, 0x77, 0x77, 0x88, 0x88, 0x88, 0x88, 0x88, 0x88, 
	0x88, 0x88, 0x77, 0x77, 0x77, 0x77, 0x77, 0x77, 0x77, 0x77, 0x66, 0x66, 0x66, 0x66, 0x66, 
	0x66, 0x66, 0x66, 0x66, 0x66, 0x66, 0x66, 0x66, 0x66, 0x66, 0x66, 0x66, 0x66, 0x66, 0x66, 
	0x66, 0x66, 0x77, 0x66, 0x66, 0x66, 0x67, 0x77, 0x77, 0x77, 0x77, 0x77, 0x77, 0x77, 0x77, 
	0x77, 0x77, 0x77, 0x77, 0x77, 0x77, 0x77, 0x77, 0x77, 0x77, 0x66, 0x66, 0x66, 0x66, 0x66, 
	0x66, 0x66, 0x66, 0x66, 0x66, 0x66, 0x66, 0x66, 0x66, 0x66, 0x66, 0x66, 0x66, 0x66, 0x66, 
	0x66, 0x66, 0x66, 0x66, 0x66, 0x66, 0x66, 0x65, 0x54, 0x44, 0x45, 0x55, 0x55, 0x55, 0x66, 
	0x77, 0x88, 0x88, 0x99, 0xAA, 0xAA, 0xAA, 0x99, 0x99, 0x98, 0x88, 0x77, 0x77, 0x65, 0x54, 
	0x44, 0x44, 0x43, 0x33, 0x33, 0x45, 0x68, 0x9A, 0xAA, 0xAA, 0xAA, 0xAA, 0xAA, 0xAA, 0xAA, 
	0xAA, 0xAA, 0x97, 0x65, 0x55, 0x55, 0x55, 0x55, 0x55, 0x55, 0x55, 0x55, 0x55, 0x55, 0x44, 
	0x44, 0x44, 0x33, 0x33, 0x33, 0x33, 0x33, 0x33, 0x33, 0x43, 0x32, 0x22, 0x22, 0x22, 0x22, 
	0x22, 0x22, 0x22, 0x22, 0x22, 0x22, 0x22, 0x22, 0x22, 0x22, 0x22, 0x22, 0x22, 0x22, 0x22, 
	0x22, 0x22, 0x22, 0x22, 0x22, 0x22, 0x22, 0x22, 0x22, 0x22, 0x22, 0x22, 0x22, 0x22, 0x22, 
	0x22, 0x22, 0x22, 0x22, 0x22, 0x22, 0x22, 0x22, 0x22, 0x22, 0x22, 0x22, 0x22, 0x22, 0x22, 
	0x22, 0x22, 0x22, 0x22, 0x22, 0x22, 0x23, 0x33, 0x33, 0x33, 0x33, 0x33, 0x33, 0x33, 0x34, 
	0x44, 0x44, 0x44, 0x44, 0x44, 0x44, 0x44, 0x43, 0x33, 0x33, 0x33, 0x33, 0x33, 0x32, 0x22, 
	0x22, 0x22, 0x34, 0x45, 0x55, 0x55, 0x55, 0x55, 0x55, 0x55, 0x55, 0x55, 0x55, 0x55, 0x55, 
	0x55, 0x55, 0x55, 0x55, 0x55, 0x55, 0x44, 0x33, 0x33, 0x33, 0x33, 0x33, 0x33, 0x44, 0x34, 
	0x44, 0x33, 0x33, 0x33, 0x33, 0x45, 0x79, 0xAA, 0xBA, 0xAA, 0xBB, 0xAB, 0xBB, 0xBB, 0xBB, 
	0xBB, 0xBA, 0xAB, 0xBB, 0xBB, 0xAA, 0x98, 0x76, 0x55, 0x55, 0x55, 0x55, 0x55, 0x55, 0x55, 
	0x55, 0x66, 0x66, 0x66, 0x66, 0x66, 0x67, 0x77, 0x77, 0x88, 0x88, 0x88, 0x88, 0x88, 0x88, 
	0x88, 0x87, 0x77, 0x77, 0x77, 0x77, 0x77, 0x77, 0x77, 0x66, 0x66, 0x66, 0x66, 0x66, 0x66, 
	0x66, 0x66, 0x66, 0x66, 0x66, 0x66, 0x66, 0x66, 0x66, 0x66, 0x66, 0x66, 0x66, 0x66, 0x66, 
	0x66, 0x66, 0x76, 0x66, 0x67, 0x66, 0x67, 0x77, 0x77, 0x77, 0x77, 0x77, 0x77, 0x77, 0x77, 
	0x77, 0x77, 0x77, 0x77, 0x77, 0x77, 0x77, 0x77, 0x77, 0x76, 0x66, 0x66, 0x66, 0x66, 0x66, 
	0x66, 0x66, 0x66, 0x66, 0x66, 0x66, 0x66, 0x66, 0x66, 0x66, 0x66, 0x66, 0x66, 0x66, 0x66, 
	0x66, 0x66, 0x66, 0x66, 0x66, 0x66, 0x66, 0x66, 0x55, 0x44, 0x44, 0x55, 0x55, 0x55, 0x56, 
	0x66, 0x77, 0x78, 0x89, 0x99, 0x99, 0x99, 0x99, 0x88, 0x88, 0x77, 0x77, 0x76, 0x54, 0x44, 
	0x44, 0x44, 0x43, 0x33, 0x34, 0x57, 0x89, 0xAA, 0xAA, 0xAA, 0xAA, 0xAA, 0xAA, 0xAA, 0xAA, 
	0xAA, 0xAA, 0xA8, 0x65, 0x55, 0x55, 0x55, 0x55, 0x55, 0x55, 0x55, 0x55, 0x55, 0x55, 0x44, 
	0x33, 0x33, 0x33, 0x33, 0x33, 0x33, 0x33, 0x33, 0x33, 0x44, 0x33, 0x22, 0x22, 0x22, 0x22, 
	0x22, 0x22, 0x22, 0x22, 0x22, 0x22, 0x22, 0x22, 0x22, 0x22, 0x22, 0x22, 0x22, 0x22, 0x22, 
	0x22, 0x22, 0x22, 0x22, 0x22, 0x22, 0x22, 0x22, 0x22, 0x22, 0x22, 0x22, 0x22, 0x22, 0x22, 
	0x22, 0x22, 0x22, 0x22, 0x22, 0x22, 0x22, 0x22, 0x22, 0x22, 0x22, 0x22, 0x22, 0x22, 0x22, 
	0x22, 0x22, 0x22, 0x22, 0x22, 0x22, 0x33, 0x33, 0x33, 0x33, 0x33, 0x34, 0x43, 0x33, 0x44, 
	0x44, 0x44, 0x44, 0x44, 0x44, 0x44, 0x44, 0x44, 0x33, 0x33, 0x33, 0x33, 0x33, 0x32, 0x22, 
	0x22, 0x33, 0x44, 0x55, 0x55, 0x55, 0x55, 0x55, 0x55, 0x55, 0x55, 0x55, 0x55, 0x55, 0x55, 
	0x55, 0x55, 0x55, 0x55, 0x55, 0x54, 0x43, 0x33, 0x33, 0x33, 0x33, 0x44, 0x45, 0x56, 0x66, 
	0x66, 0x55, 0x43, 0x33, 0x33, 0x34, 0x57, 0x9A, 0xBA, 0xAA, 0xAA, 0xAA, 0xBB, 0xBB, 0xBB, 
	0xBB, 0xBA, 0xAB, 0xAA, 0xBB, 0xBA, 0xA9, 0x87, 0x65, 0x55, 0x55, 0x55, 0x55, 0x55, 0x55, 
	0x55, 0x66, 0x66, 0x66, 0x66, 0x66, 0x67, 0x77, 0x77, 0x88, 0x88, 0x88, 0x88, 0x88, 0x88, 
	0x88, 0x77, 0x77, 0x77, 0x77, 0x77, 0x77, 0x77, 0x77, 0x66, 0x66, 0x66, 0x66, 0x66, 0x66, 
	0x66, 0x66, 0x66, 0x66, 0x66, 0x66, 0x66, 0x66, 0x66, 0x66, 0x66, 0x66, 0x66, 0x66, 0x66, 
	0x66, 0x66, 0x66, 0x66, 0x77, 0x77, 0x77, 0x77, 0x77, 0x77, 0x77, 0x77, 0x77, 0x77, 0x77, 
	0x77, 0x77, 0x77, 0x77, 0x77, 0x77, 0x77, 0x77, 0x77, 0x76, 0x66, 0x66, 0x66, 0x66, 0x66, 
	0x66, 0x66, 0x66, 0x66, 0x66, 0x66, 0x66, 0x66, 0x66, 0x66, 0x66, 0x66, 0x66, 0x66, 0x66, 
	0x66, 0x66, 0x66, 0x66, 0x66, 0x66, 0x66, 0x66, 0x65, 0x54, 0x44, 0x44, 0x55, 0x54, 0x45, 
	0x56, 0x66, 0x67, 0x78, 0x88, 0x88, 0x88, 0x88, 0x77, 0x76, 0x66, 0x66, 0x65, 0x54, 0x44, 
	0x34, 0x44, 0x33, 0x34, 0x45, 0x79, 0x9A, 0xAA, 0xAA, 0xAA, 0xAA, 0xAA, 0xAA, 0xAA, 0xAA, 
	0xAA, 0xBA, 0xA9, 0x65, 0x55, 0x55, 0x55, 0x55, 0x55, 0x55, 0x55, 0x55, 0x55, 0x55, 0x44, 
	0x33, 0x33, 0x33, 0x33, 0x33, 0x33, 0x33, 0x33, 0x33, 0x44, 0x43, 0x32, 0x22, 0x22, 0x22, 
	0x22, 0x22, 0x22, 0x22, 0x22, 0x22, 0x22, 0x22, 0x22, 0x22, 0x22, 0x22, 0x23, 0x22, 0x22, 
	0x22, 0x22, 0x22, 0x22, 0x22, 0x22, 0x22, 0x22, 0x22, 0x22, 0x22, 0x22, 0x22, 0x22, 0x22, 
	0x22, 0x22, 0x22, 0x22, 0x22, 0x22, 0x22, 0x22, 0x22, 0x22, 0x22, 0x22, 0x22, 0x22, 0x22, 
	0x22, 0x22, 0x22, 0x22, 0x22, 0x22, 0x33, 0x33, 0x33, 0x33, 0x33, 0x34, 0x44, 0x44, 0x44, 
	0x44, 0x44, 0x44, 0x44, 0x44, 0x44, 0x44, 0x44, 0x43, 0x33, 0x33, 0x33, 0x33, 0x33, 0x22, 
	0x23, 0x33, 0x45, 0x55, 0x55, 0x55, 0x55, 0x55, 0x55, 0x55, 0x55, 0x55, 0x55, 0x55, 0x55, 
	0x55, 0x55, 0x55, 0x55, 0x54, 0x44, 0x43, 0x33, 0x33, 0x34, 0x45, 0x56, 0x77, 0x89, 0x99, 
	0x98, 0x87, 0x65, 0x54, 0x33, 0x33, 0x35, 0x79, 0xAB, 0xBA, 0xAB, 0xBA, 0xAB, 0xBB, 0xBB, 
	0xAA, 0xBB, 0xBB, 0xBB, 0xBB, 0xBB, 0xBA, 0x98, 0x76, 0x55, 0x55, 0x55, 0x55, 0x55, 0x55, 
	0x55, 0x66, 0x66, 0x66, 0x66, 0x66, 0x77, 0x77, 0x77, 0x88, 0x88, 0x88, 0x88, 0x88, 0x88, 
	0x87, 0x77, 0x77, 0x77, 0x77, 0x77, 0x77, 0x77, 0x77, 0x66, 0x66, 0x66, 0x66, 0x66, 0x66, 
	0x66, 0x66, 0x66, 0x66, 0x66, 0x66, 0x66, 0x66, 0x66, 0x66, 0x66, 0x66, 0x66, 0x66, 0x66, 
	0x66, 0x77, 0x77, 0x77, 0x77, 0x66, 0x66, 0x66, 0x66, 0x77, 0x77, 0x77, 0x77, 0x77, 0x77, 
	0x77, 0x77, 0x77, 0x77, 0x77, 0x77, 0x77, 0x67, 0x77, 0x66, 0x66, 0x66, 0x66, 0x66, 0x66, 
	0x66, 0x66, 0x66, 0x66, 0x66, 0x66, 0x66, 0x66, 0x66, 0x66, 0x66, 0x66, 0x66, 0x66, 0x66, 
	0x66, 0x66, 0x66, 0x66, 0x66, 0x66, 0x66, 0x66, 0x66, 0x65, 0x44, 0x44, 0x44, 0x44, 0x44, 
	0x55, 0x55, 0x56, 0x66, 0x66, 0x67, 0x77, 0x76, 0x66, 0x65, 0x55, 0x55, 0x54, 0x44, 0x33, 
	0x33, 0x33, 0x34, 0x45, 0x68, 0x99, 0xAA, 0xAA, 0x9A, 0xAA, 0xAA, 0xAA, 0xAA, 0xAA, 0xAA, 
	0xAA, 0xAA, 0xA9, 0x75, 0x55, 0x55, 0x55, 0x55, 0x55, 0x55, 0x55, 0x56, 0x66, 0x65, 0x54, 
	0x33, 0x33, 0x33, 0x33, 0x33, 0x33, 0x33, 0x33, 0x33, 0x44, 0x44, 0x33, 0x22, 0x22, 0x22, 
	0x22, 0x22, 0x22, 0x22, 0x22, 0x22, 0x22, 0x22, 0x22, 0x22, 0x22, 0x33, 0x33, 0x32, 0x22, 
	0x22, 0x22, 0x22, 0x22, 0x22, 0x22, 0x22, 0x22, 0x22, 0x22, 0x22, 0x22, 0x22, 0x22, 0x22, 
	0x22, 0x22, 0x22, 0x22, 0x22, 0x22, 0x22, 0x22, 0x22, 0x22, 0x22, 0x22, 0x22, 0x22, 0x22, 
	0x22, 0x22, 0x22, 0x22, 0x22, 0x22, 0x33, 0x33, 0x33, 0x33, 0x33, 0x44, 0x44, 0x44, 0x44, 
	0x44, 0x44, 0x44, 0x44, 0x44, 0x44, 0x44, 0x44, 0x44, 0x33, 0x33, 0x33, 0x33, 0x32, 0x22, 
	0x33, 0x34, 0x45, 0x55, 0x55, 0x55, 0x55, 0x55, 0x55, 0x55, 0x55, 0x55, 0x55, 0x55, 0x55, 
	0x55, 0x55, 0x55, 0x55, 0x44, 0x43, 0x33, 0x33, 0x33, 0x45, 0x67, 0x88, 0x99, 0x9A, 0xAA, 
	0xAA, 0x99, 0x88, 0x75, 0x43, 0x33, 0x33, 0x57, 0x9A, 0xBA, 0xAA, 0xBA, 0xAA, 0xAA, 0xAA, 
	0xAA, 0xAA, 0xAA, 0xAA, 0xBB, 0xBB, 0xBB, 0xA9, 0x87, 0x65, 0x55, 0x55, 0x55, 0x55, 0x55, 
	0x56, 0x66, 0x66, 0x66, 0x66, 0x66, 0x67, 0x77, 0x77, 0x78, 0x88, 0x88, 0x88, 0x88, 0x88, 
	0x77, 0x77, 0x77, 0x77, 0x77, 0x77, 0x77, 0x77, 0x76, 0x66, 0x66, 0x66, 0x66, 0x66, 0x66, 
	0x66, 0x66, 0x66, 0x66, 0x66, 0x66, 0x66, 0x66, 0x66, 0x66, 0x66, 0x66, 0x66, 0x66, 0x66, 
	0x66, 0x66, 0x66, 0x66, 0x66, 0x66, 0x66, 0x66, 0x66, 0x77, 0x77, 0x77, 0x77, 0x77, 0x77, 
	0x77, 0x77, 0x77, 0x77, 0x77, 0x77, 0x76, 0x66, 0x66, 0x66, 0x66, 0x66, 0x66, 0x66, 0x66, 
	0x66, 0x66, 0x66, 0x66, 0x66, 0x66, 0x66, 0x66, 0x66, 0x66, 0x66, 0x66, 0x66, 0x66, 0x66, 
	0x66, 0x66, 0x66, 0x66, 0x66, 0x66, 0x66, 0x66, 0x66, 0x66, 0x55, 0x55, 0x44, 0x44, 0x45, 
	0x55, 0x55, 0x55, 0x55, 0x55, 0x55, 0x55, 0x55, 0x55, 0x55, 0x54, 0x45, 0x54, 0x44, 0x43, 
	0x33, 0x44, 0x45, 0x67, 0x89, 0xAA, 0xAA, 0xAA, 0xAA, 0xAA, 0xAA, 0xAA, 0xAA, 0xAA, 0xAA, 
	0xAA, 0xAA, 0xA9, 0x75, 0x55, 0x55, 0x55, 0x55, 0x55, 0x55, 0x56, 0x66, 0x66, 0x65, 0x54, 
	0x43, 0x33, 0x33, 0x33, 0x33, 0x33, 0x33, 0x33, 0x33, 0x34, 0x44, 0x43, 0x32, 0x22, 0x22, 
	0x22, 0x22, 0x22, 0x22, 0x22, 0x22, 0x22, 0x22, 0x22, 0x22, 0x23, 0x34, 0x44, 0x33, 0x22, 
	0x22, 0x22, 0x22, 0x22, 0x22, 0x22, 0x22, 0x22, 0x22, 0x22, 0x22, 0x22, 0x22, 0x22, 0x22, 
	0x22, 0x22, 0x22, 0x22, 0x22, 0x22, 0x22, 0x22, 0x22, 0x22, 0x22, 0x22, 0x22, 0x22, 0x22, 
	0x22, 0x22, 0x22, 0x22, 0x22, 0x22, 0x33, 0x33, 0x33, 0x33, 0x33, 0x44, 0x44, 0x44, 0x44, 
	0x44, 0x44, 0x55, 0x44, 0x44, 0x44, 0x44, 0x44, 0x44, 0x43, 0x33, 0x33, 0x33, 0x32, 0x23, 
	0x33, 0x45, 0x55, 0x55, 0x55, 0x55, 0x55, 0x55, 0x55, 0x55, 0x55, 0x55, 0x55, 0x55, 0x55, 
	0x55, 0x55, 0x55, 0x44, 0x43, 0x33, 0x33, 0x33, 0x33, 0x56, 0x8A, 0xAA, 0xAA, 0xAA, 0xAA, 
	0xAA, 0xAA, 0xAA, 0x97, 0x64, 0x33, 0x33, 0x45, 0x8A, 0xBB, 0xAA, 0xAA, 0xAA, 0xAA, 0xAA, 
	0xAA, 0xAA, 0xAA, 0xAA, 0xAA, 0xAB, 0xBB, 0xBA, 0x98, 0x76, 0x55, 0x55, 0x55, 0x55, 0x55, 
	0x56, 0x66, 0x66, 0x66, 0x66, 0x66, 0x67, 0x77, 0x77, 0x77, 0x77, 0x88, 0x88, 0x88, 0x77, 
	0x77, 0x77, 0x77, 0x77, 0x77, 0x77, 0x77, 0x76, 0x66, 0x66, 0x66, 0x66, 0x66, 0x66, 0x66, 
	0x66, 0x66, 0x66, 0x66, 0x66, 0x66, 0x66, 0x66, 0x66, 0x66, 0x66, 0x66, 0x66, 0x66, 0x66, 
	0x66, 0x66, 0x66, 0x66, 0x66, 0x66, 0x66, 0x66, 0x66, 0x66, 0x67, 0x77, 0x77, 0x77, 0x77, 
	0x77, 0x77, 0x77, 0x77, 0x66, 0x66, 0x66, 0x66, 0x66, 0x66, 0x66, 0x66, 0x66, 0x66, 0x66, 
	0x66, 0x66, 0x66, 0x66, 0x66, 0x66, 0x66, 0x66, 0x66, 0x66, 0x66, 0x66, 0x66, 0x66, 0x66, 
	0x66, 0x66, 0x66, 0x66, 0x66, 0x66, 0x66, 0x66, 0x66, 0x66, 0x66, 0x66, 0x54, 0x44, 0x45, 
	0x44, 0x55, 0x55, 0x55, 0x55, 0x55, 0x55, 0x55, 0x55, 0x55, 0x44, 0x44, 0x44, 0x44, 0x43, 
	0x44, 0x44, 0x56, 0x89, 0x9A, 0xAA, 0xAA, 0xAA, 0xAA, 0xAA, 0xAA, 0xAA, 0xAA, 0xAA, 0xAA, 
	0xAA, 0xAA, 0xA9, 0x76, 0x55, 0x55, 0x55, 0x55, 0x55, 0x55, 0x66, 0x66, 0x66, 0x66, 0x54, 
	0x44, 0x33, 0x33, 0x33, 0x33, 0x33, 0x33, 0x33, 0x33, 0x33, 0x44, 0x44, 0x33, 0x22, 0x22, 
	0x22, 0x22, 0x22, 0x22, 0x22, 0x22, 0x22, 0x22, 0x22, 0x23, 0x34, 0x45, 0x55, 0x43, 0x22, 
	0x22, 0x22, 0x22, 0x22, 0x22, 0x22, 0x22, 0x22, 0x22, 0x22, 0x22, 0x22, 0x22, 0x22, 0x22, 
	0x22, 0x22, 0x22, 0x22, 0x22, 0x22, 0x22, 0x22, 0x22, 0x22, 0x22, 0x22, 0x22, 0x22, 0x22, 
	0x22, 0x22, 0x22, 0x22, 0x22, 0x22, 0x33, 0x33, 0x33, 0x33, 0x34, 0x44, 0x44, 0x44, 0x45, 
	0x55, 0x55, 0x55, 0x55, 0x54, 0x44, 0x44, 0x44, 0x44, 0x44, 0x33, 0x33, 0x33, 0x33, 0x33, 
	0x34, 0x45, 0x55, 0x55, 0x55, 0x55, 0x55, 0x55, 0x55, 0x55, 0x55, 0x55, 0x55, 0x55, 0x55, 
	0x55, 0x55, 0x44, 0x43, 0x33, 0x33, 0x33, 0x33, 0x33, 0x57, 0x8A, 0xAA, 0xAA, 0xAA, 0xAA, 
	0xAA, 0xAA, 0xAA, 0xA9, 0x86, 0x53, 0x33, 0x34, 0x68, 0xAB, 0xAA, 0xAA, 0xAA, 0xAA, 0xAA, 
	0xAA, 0xAA, 0xAA, 0xAA, 0xAA, 0xAA, 0xAB, 0xBB, 0xA9, 0x87, 0x65, 0x55, 0x55, 0x55, 0x55, 
	0x56, 0x66, 0x66, 0x66, 0x66, 0x66, 0x67, 0x77, 0x77, 0x77, 0x77, 0x77, 0x88, 0x77, 0x77, 
	0x77, 0x77, 0x77, 0x77, 0x77, 0x77, 0x76, 0x66, 0x66, 0x66, 0x66, 0x66, 0x66, 0x66, 0x66, 
	0x66, 0x66, 0x66, 0x66, 0x66, 0x66, 0x66, 0x66, 0x66, 0x66, 0x66, 0x66, 0x66, 0x66, 0x66, 
	0x66, 0x66, 0x66, 0x66, 0x66, 0x66, 0x66, 0x66, 0x66, 0x66, 0x66, 0x77, 0x77, 0x77, 0x77, 
	0x77, 0x77, 0x77, 0x66, 0x66, 0x66, 0x66, 0x66, 0x66, 0x66, 0x66, 0x66, 0x66, 0x66, 0x66, 
	0x66, 0x66, 0x66, 0x66, 0x66, 0x66, 0x66, 0x66, 0x66, 0x66, 0x66, 0x66, 0x66, 0x66, 0x66, 
	0x66, 0x66, 0x66, 0x66, 0x66, 0x66, 0x66, 0x66, 0x66, 0x66, 0x78, 0x99, 0x76, 0x54, 0x44, 
	0x44, 0x45, 0x55, 0x55, 0x55, 0x55, 0x55, 0x44, 0x44, 0x44, 0x44, 0x44, 0x44, 0x44, 0x44, 
	0x44, 0x55, 0x67, 0x9A, 0xAA, 0x99, 0x99, 0x9A, 0xAA, 0xAA, 0xAA, 0xAA, 0xAA, 0xAA, 0xAA, 
	0xAA, 0xAB, 0xA9, 0x86, 0x55, 0x55, 0x55, 0x55, 0x55, 0x66, 0x66, 0x66, 0x66, 0x66, 0x55, 
	0x44, 0x33, 0x33, 0x33, 0x33, 0x33, 0x33, 0x33, 0x33, 0x33, 0x44, 0x44, 0x43, 0x32, 0x22, 
	0x22, 0x22, 0x22, 0x22, 0x22, 0x22, 0x22, 0x22, 0x23, 0x34, 0x45, 0x55, 0x65, 0x54, 0x32, 
	0x22, 0x22, 0x22, 0x22, 0x22, 0x22, 0x22, 0x22, 0x22, 0x22, 0x22, 0x22, 0x22, 0x22, 0x22, 
	0x22, 0x22, 0x22, 0x22, 0x22, 0x22, 0x22, 0x22, 0x22, 0x22, 0x22, 0x22, 0x22, 0x22, 0x22, 
	0x22, 0x22, 0x22, 0x22, 0x22, 0x22, 0x33, 0x33, 0x33, 0x33, 0x44, 0x44, 0x44, 0x55, 0x55, 
	0x55, 0x55, 0x55, 0x55, 0x55, 0x44, 0x55, 0x54, 0x44, 0x44, 0x33, 0x33, 0x33, 0x33, 0x33, 
	0x44, 0x55, 0x55, 0x55, 0x55, 0x55, 0x55, 0x55, 0x55, 0x55, 0x55, 0x55, 0x55, 0x55, 0x55, 
	0x55, 0x54, 0x44, 0x33, 0x33, 0x33, 0x44, 0x33, 0x33, 0x57, 0x9A, 0xAA, 0xAA, 0xAA, 0xAA, 
	0xAA, 0xAA, 0xAA, 0xAA, 0x98, 0x74, 0x33, 0x33, 0x47, 0x9A, 0xAA, 0xAA, 0xAA, 0xAA, 0xAA, 
	0xAA, 0xAA, 0xAA, 0xAA, 0xAB, 0xAA, 0xAB, 0xBB, 0xBA, 0xA8, 0x76, 0x65, 0x55, 0x55, 0x55, 
	0x56, 0x66, 0x66, 0x66, 0x66, 0x66, 0x67, 0x77, 0x77, 0x77, 0x77, 0x77, 0x77, 0x77, 0x77, 
	0x77, 0x77, 0x77, 0x77, 0x77, 0x77, 0x76, 0x66, 0x66, 0x66, 0x66, 0x66, 0x66, 0x66, 0x66, 
	0x66, 0x66, 0x66, 0x66, 0x66, 0x66, 0x66, 0x66, 0x66, 0x66, 0x66, 0x66, 0x66, 0x66, 0x66, 
	0x66, 0x66, 0x66, 0x66, 0x66, 0x66, 0x66, 0x66, 0x66, 0x66, 0x66, 0x66, 0x67, 0x66, 0x66, 
	0x66, 0x77, 0x66, 0x66, 0x66, 0x66, 0x66, 0x66, 0x66, 0x66, 0x66, 0x66, 0x66, 0x66, 0x66, 
	0x66, 0x66, 0x66, 0x66, 0x66, 0x66, 0x66, 0x66, 0x66, 0x66, 0x66, 0x66, 0x66, 0x66, 0x66, 
	0x66, 0x66, 0x66, 0x66, 0x66, 0x66, 0x66, 0x66, 0x66, 0x66, 0x79, 0xAA, 0xA8, 0x75, 0x54, 
	0x44, 0x44, 0x44, 0x55, 0x54, 0x55, 0x44, 0x44, 0x44, 0x44, 0x44, 0x44, 0x44, 0x44, 0x44, 
	0x55, 0x55, 0x68, 0x9A, 0xAA, 0x99, 0x99, 0xAA, 0xAA, 0xAA, 0xAA, 0xAA, 0xAA, 0xAA, 0xAA, 
	0xAA, 0xAB, 0xA9, 0x86, 0x55, 0x55, 0x55, 0x55, 0x66, 0x66, 0x66, 0x66, 0x66, 0x66, 0x65, 
	0x54, 0x33, 0x33, 0x33, 0x33, 0x33, 0x33, 0x33, 0x33, 0x33, 0x34, 0x45, 0x44, 0x32, 0x22, 
	0x22, 0x22, 0x22, 0x22, 0x22, 0x22, 0x22, 0x23, 0x34, 0x45, 0x55, 0x56, 0x66, 0x54, 0x32, 
	0x22, 0x22, 0x22, 0x22, 0x22, 0x22, 0x22, 0x22, 0x22, 0x22, 0x22, 0x22, 0x22, 0x22, 0x22, 
	0x22, 0x22, 0x22, 0x22, 0x22, 0x22, 0x22, 0x22, 0x22, 0x22, 0x22, 0x22, 0x22, 0x22, 0x22, 
	0x22, 0x22, 0x22, 0x22, 0x22, 0x23, 0x33, 0x33, 0x33, 0x33, 0x44, 0x44, 0x45, 0x55, 0x55, 
	0x55, 0x55, 0x55, 0x55, 0x55, 0x55, 0x55, 0x55, 0x44, 0x44, 0x33, 0x33, 0x33, 0x33, 0x34, 
	0x45, 0x55, 0x55, 0x55, 0x55, 0x55, 0x55, 0x55, 0x55, 0x55, 0x55, 0x55, 0x55, 0x55, 0x55, 
	0x55, 0x44, 0x44, 0x33, 0x33, 0x34, 0x44, 0x43, 0x33, 0x47, 0x9A, 0xAA, 0xAA, 0xAA, 0xAA, 
	0xAA, 0xAA, 0xA9, 0xAA, 0xAA, 0x96, 0x43, 0x33, 0x36, 0x8A, 0xBA, 0xAA, 0xAA, 0xAA, 0xAA, 
	0xAA, 0xAA, 0xAA, 0xAA, 0xAB, 0xAA, 0xBB, 0xBB, 0xBB, 0xA9, 0x87, 0x65, 0x55, 0x55, 0x55, 
	0x66, 0x66, 0x66, 0x66, 0x66, 0x66, 0x67, 0x77, 0x77, 0x77, 0x77, 0x77, 0x77, 0x77, 0x77, 
	0x77, 0x77, 0x77, 0x77, 0x77, 0x77, 0x66, 0x66, 0x66, 0x66, 0x66, 0x66, 0x66, 0x66, 0x66, 
	0x66, 0x66, 0x66, 0x66, 0x66, 0x66, 0x66, 0x66, 0x66, 0x66, 0x66, 0x66, 0x66, 0x66, 0x66, 
	0x66, 0x66, 0x66, 0x66, 0x66, 0x66, 0x66, 0x66, 0x66, 0x66, 0x66, 0x66, 0x66, 0x66, 0x66, 
	0x66, 0x66, 0x66, 0x66, 0x66, 0x66, 0x66, 0x66, 0x66, 0x66, 0x66, 0x66, 0x66, 0x66, 0x66, 
	0x66, 0x66, 0x66, 0x66, 0x66, 0x66, 0x66, 0x66, 0x66, 0x66, 0x66, 0x66, 0x66, 0x66, 0x66, 
	0x66, 0x66, 0x66, 0x66, 0x66, 0x66, 0x66, 0x66, 0x66, 0x65, 0x79, 0xBB, 0xBA, 0x97, 0x65, 
	0x55, 0x54, 0x44, 0x55, 0x44, 0x44, 0x44, 0x44, 0x44, 0x44, 0x44, 0x44, 0x45, 0x55, 0x55, 
	0x56, 0x66, 0x67, 0x9A, 0xAA, 0xAA, 0xAA, 0xAA, 0xA9, 0xAA, 0xAA, 0xAA, 0xAA, 0xAA, 0xAA, 
	0xAA, 0xAA, 0xA9, 0x86, 0x55, 0x55, 0x55, 0x66, 0x66, 0x66, 0x66, 0x66, 0x66, 0x66, 0x66, 
	0x54, 0x43, 0x33, 0x33, 0x33, 0x33, 0x33, 0x33, 0x33, 0x33, 0x34, 0x45, 0x54, 0x33, 0x22, 
	0x22, 0x22, 0x22, 0x22, 0x22, 0x22, 0x23, 0x33, 0x45, 0x55, 0x66, 0x65, 0x55, 0x55, 0x43, 
	0x22, 0x22, 0x22, 0x22, 0x22, 0x22, 0x22, 0x22, 0x22, 0x22, 0x22, 0x22, 0x22, 0x22, 0x22, 
	0x22, 0x22, 0x22, 0x22, 0x22, 0x22, 0x22, 0x22, 0x22, 0x22, 0x22, 0x22, 0x22, 0x22, 0x22, 
	0x22, 0x22, 0x22, 0x22, 0x23, 0x33, 0x33, 0x33, 0x33, 0x34, 0x44, 0x44, 0x45, 0x55, 0x56, 
	0x66, 0x66, 0x66, 0x66, 0x65, 0x55, 0x55, 0x55, 0x44, 0x44, 0x43, 0x33, 0x33, 0x33, 0x44, 
	0x55, 0x55, 0x55, 0x55, 0x55, 0x55, 0x55, 0x55, 0x55, 0x55, 0x55, 0x55, 0x55, 0x55, 0x55, 
	0x44, 0x44, 0x33, 0x33, 0x33, 0x45, 0x66, 0x53, 0x33, 0x46, 0x9A, 0xAA, 0xAA, 0xAA, 0xAA, 
	0xAA, 0xAA, 0xAA, 0xAA, 0xAA, 0xA8, 0x64, 0x33, 0x35, 0x79, 0xAB, 0xAA, 0xAA, 0xAA, 0xAA, 
	0xAA, 0xAA, 0xAA, 0xAA, 0xAA, 0xAA, 0xBB, 0xBB, 0xBB, 0xAA, 0x98, 0x76, 0x65, 0x55, 0x56, 
	0x66, 0x66, 0x66, 0x66, 0x66, 0x66, 0x66, 0x77, 0x77, 0x77, 0x77, 0x77, 0x77, 0x77, 0x77, 
	0x77, 0x77, 0x77, 0x77, 0x77, 0x76, 0x66, 0x66, 0x66, 0x66, 0x66, 0x66, 0x66, 0x66, 0x66, 
	0x66, 0x66, 0x66, 0x66, 0x66, 0x66, 0x66, 0x66, 0x66, 0x66, 0x66, 0x66, 0x66, 0x66, 0x66, 
	0x66, 0x66, 0x66, 0x66, 0x66, 0x66, 0x66, 0x66, 0x66, 0x66, 0x66, 0x66, 0x66, 0x66, 0x66, 
	0x66, 0x66, 0x66, 0x66, 0x66, 0x66, 0x66, 0x66, 0x66, 0x66, 0x66, 0x66, 0x66, 0x66, 0x66, 
	0x66, 0x66, 0x66, 0x66, 0x66, 0x66, 0x66, 0x66, 0x66, 0x66, 0x66, 0x66, 0x66, 0x66, 0x66, 
	0x66, 0x66, 0x66, 0x66, 0x66, 0x66, 0x66, 0x66, 0x66, 0x66, 0x79, 0xAB, 0xBA, 0xA8, 0x76, 
	0x55, 0x55, 0x55, 0x55, 0x55, 0x44, 0x44, 0x44, 0x44, 0x55, 0x55, 0x55, 0x56, 0x66, 0x66, 
	0x66, 0x66, 0x67, 0x89, 0xAA, 0xAA, 0xAA, 0xAA, 0xA9, 0xAA, 0xAA, 0xAA, 0xAA, 0xAA, 0xAA, 
	0xAA, 0xAA, 0xBA, 0x86, 0x55, 0x55, 0x56, 0x66, 0x66, 0x66, 0x66, 0x66, 0x66, 0x66, 0x66, 
	0x55, 0x44, 0x33, 0x33, 0x33, 0x34, 0x44, 0x33, 0x33, 0x33, 0x33, 0x45, 0x55, 0x43, 0x32, 
	0x22, 0x22, 0x22, 0x22, 0x22, 0x23, 0x33, 0x44, 0x55, 0x55, 0x66, 0x55, 0x55, 0x55, 0x43, 
	0x22, 0x22, 0x22, 0x22, 0x22, 0x22, 0x22, 0x22, 0x22, 0x22, 0x22, 0x22, 0x22, 0x22, 0x22, 
	0x22, 0x22, 0x22, 0x22, 0x22, 0x22, 0x22, 0x22, 0x22, 0x22, 0x22, 0x22, 0x22, 0x22, 0x22, 
	0x22, 0x22, 0x22, 0x23, 0x33, 0x33, 0x33, 0x33, 0x33, 0x34, 0x44, 0x44, 0x45, 0x56, 0x66, 
	0x67, 0x67, 0x76, 0x67, 0x66, 0x66, 0x65, 0x55, 0x44, 0x44, 0x43, 0x33, 0x33, 0x34, 0x45, 
	0x55, 0x55, 0x55, 0x55, 0x55, 0x55, 0x55, 0x55, 0x55, 0x55, 0x55, 0x55, 0x55, 0x55, 0x55, 
	0x44, 0x33, 0x33, 0x33, 0x34, 0x56, 0x77, 0x53, 0x33, 0x46, 0x8A, 0xAA, 0xAA, 0xAA, 0xAA, 
	0xAA, 0xAA, 0xAA, 0xAA, 0xAA, 0xA9, 0x74, 0x23, 0x34, 0x69, 0xAA, 0xAA, 0xAA, 0xAA, 0xAA, 
	0xAA, 0xAA, 0xAA, 0xAA, 0xAA, 0xBA, 0xAB, 0xBB, 0xBB, 0xBB, 0xA9, 0x87, 0x66, 0x55, 0x56, 
	0x66, 0x66, 0x66, 0x66, 0x66, 0x66, 0x66, 0x77, 0x77, 0x77, 0x77, 0x77, 0x77, 0x77, 0x77, 
	0x77, 0x77, 0x77, 0x77, 0x76, 0x66, 0x66, 0x66, 0x66, 0x66, 0x66, 0x66, 0x66, 0x66, 0x66, 
	0x66, 0x66, 0x66, 0x66, 0x66, 0x66, 0x66, 0x66, 0x66, 0x66, 0x66, 0x66, 0x66, 0x66, 0x66, 
	0x66, 0x66, 0x66, 0x66, 0x66, 0x66, 0x66, 0x66, 0x66, 0x66, 0x66, 0x66, 0x66, 0x66, 0x66, 
	0x66, 0x66, 0x66, 0x66, 0x66, 0x66, 0x66, 0x66, 0x66, 0x66, 0x66, 0x66, 0x66, 0x66, 0x66, 
	0x66, 0x66, 0x66, 0x66, 0x66, 0x66, 0x66, 0x66, 0x66, 0x66, 0x66, 0x66, 0x66, 0x66, 0x66, 
	0x66, 0x66, 0x66, 0x66, 0x66, 0x66, 0x66, 0x66, 0x66, 0x66, 0x68, 0xAB, 0xAA, 0xA9, 0x76, 
	0x66, 0x66, 0x66, 0x66, 0x65, 0x66, 0x55, 0x55, 0x55, 0x55, 0x66, 0x66, 0x66, 0x66, 0x66, 
	0x66, 0x66, 0x66, 0x79, 0xAA, 0xAA, 0xAA, 0x9A, 0xAA, 0xAA, 0xAA, 0xAA, 0xAA, 0xAA, 0xAA, 
	0xAA, 0xAA, 0xBA, 0x96, 0x55, 0x55, 0x66, 0x66, 0x66, 0x66, 0x66, 0x66, 0x66, 0x66, 0x66, 
	0x65, 0x54, 0x43, 0x33, 0x33, 0x34, 0x44, 0x43, 0x33, 0x33, 0x33, 0x44, 0x55, 0x54, 0x32, 
	0x22, 0x22, 0x22, 0x22, 0x22, 0x33, 0x44, 0x55, 0x55, 0x55, 0x56, 0x55, 0x55, 0x55, 0x54, 
	0x32, 0x22, 0x22, 0x22, 0x22, 0x22, 0x22, 0x22, 0x22, 0x22, 0x22, 0x22, 0x22, 0x22, 0x22, 
	0x22, 0x22, 0x22, 0x22, 0x22, 0x22, 0x22, 0x22, 0x22, 0x22, 0x22, 0x22, 0x22, 0x22, 0x22, 
	0x22, 0x22, 0x22, 0x22, 0x23, 0x33, 0x33, 0x33, 0x33, 0x44, 0x44, 0x44, 0x55, 0x56, 0x67, 
	0x77, 0x77, 0x77, 0x77, 0x77, 0x66, 0x66, 0x55, 0x44, 0x44, 0x44, 0x43, 0x33, 0x44, 0x55, 
	0x55, 0x55, 0x55, 0x55, 0x55, 0x55, 0x55, 0x55, 0x55, 0x55, 0x55, 0x55, 0x55, 0x55, 0x44, 
	0x43, 0x33, 0x33, 0x34, 0x44, 0x57, 0x88, 0x63, 0x33, 0x45, 0x79, 0xAA, 0xAA, 0xAA, 0xAA, 
	0xAA, 0xAA, 0xAA, 0xAA, 0xAA, 0xAA, 0x85, 0x33, 0x34, 0x68, 0xAA, 0xAA, 0xAA, 0xAA, 0xAA, 
	0xAA, 0xAA, 0xAA, 0xAA, 0xAA, 0xAA, 0xAA, 0xAB, 0xBB, 0xBB, 0xBA, 0x99, 0x86, 0x65, 0x56, 
	0x66, 0x66, 0x66, 0x66, 0x66, 0x66, 0x66, 0x77, 0x77, 0x77, 0x77, 0x77, 0x77, 0x77, 0x77, 
	0x77, 0x77, 0x77, 0x77, 0x76, 0x66, 0x66, 0x66, 0x66, 0x66, 0x66, 0x66, 0x66, 0x66, 0x66, 
	0x66, 0x66, 0x66, 0x66, 0x66, 0x66, 0x66, 0x66, 0x66, 0x66, 0x66, 0x66, 0x66, 0x66, 0x66, 
	0x66, 0x66, 0x66, 0x66, 0x66, 0x66, 0x66, 0x66, 0x66, 0x66, 0x66, 0x66, 0x66, 0x66, 0x66, 
	0x66, 0x66, 0x66, 0x66, 0x66, 0x66, 0x66, 0x66, 0x66, 0x66, 0x66, 0x66, 0x66, 0x66, 0x66, 
	0x66, 0x66, 0x66, 0x66, 0x66, 0x66, 0x66, 0x66, 0x66, 0x66, 0x66, 0x66, 0x66, 0x66, 0x66, 
	0x66, 0x66, 0x66, 0x66, 0x66, 0x66, 0x66, 0x66, 0x66, 0x66, 0x67, 0x9B, 0xAA, 0xA9, 0x87, 
	0x66, 0x66, 0x66, 0x66, 0x67, 0x77, 0x77, 0x77, 0x77, 0x77, 0x77, 0x77, 0x66, 0x66, 0x66, 
	0x66, 0x66, 0x66, 0x79, 0xAA, 0xAA, 0xAA, 0xAA, 0xAA, 0xAA, 0xAA, 0xAA, 0xAA, 0xAA, 0xAA, 
	0xAA, 0xAB, 0xBA, 0x87, 0x65, 0x66, 0x66, 0x66, 0x66, 0x66, 0x66, 0x66, 0x66, 0x66, 0x66, 
	0x66, 0x55, 0x44, 0x33, 0x33, 0x44, 0x55, 0x44, 0x33, 0x33, 0x33, 0x44, 0x55, 0x54, 0x43, 
	0x22, 0x22, 0x22, 0x22, 0x34, 0x44, 0x45, 0x55, 0x55, 0x56, 0x66, 0x55, 0x55, 0x56, 0x65, 
	0x43, 0x22, 0x22, 0x22, 0x22, 0x22, 0x22, 0x22, 0x22, 0x22, 0x22, 0x22, 0x22, 0x22, 0x22, 
	0x22, 0x22, 0x22, 0x22, 0x22, 0x22, 0x22, 0x22, 0x22, 0x22, 0x22, 0x22, 0x22, 0x22, 0x22, 
	0x22, 0x22, 0x22, 0x22, 0x23, 0x33, 0x33, 0x33, 0x34, 0x44, 0x44, 0x45, 0x55, 0x66, 0x77, 
	0x77, 0x77, 0x77, 0x77, 0x77, 0x77, 0x66, 0x65, 0x55, 0x44, 0x44, 0x43, 0x34, 0x45, 0x55, 
	0x55, 0x55, 0x55, 0x55, 0x55, 0x55, 0x55, 0x55, 0x55, 0x55, 0x55, 0x55, 0x55, 0x54, 0x43, 
	0x33, 0x33, 0x33, 0x44, 0x55, 0x67, 0x88, 0x74, 0x33, 0x35, 0x79, 0xAA, 0xAA, 0xAA, 0xAA, 
	0xAA, 0xAA, 0xAA, 0xAA, 0xAA, 0xAA, 0x86, 0x43, 0x33, 0x57, 0x9A, 0xAA, 0xAA, 0xAA, 0xAA, 
	0xAA, 0xAA, 0xAA, 0xAA, 0xAA, 0xAA, 0xAB, 0xBB, 0xBB, 0xBB, 0xBB, 0xAA, 0x98, 0x76, 0x66, 
	0x66, 0x66, 0x66, 0x66, 0x66, 0x66, 0x66, 0x67, 0x77, 0x77, 0x77, 0x77, 0x77, 0x77, 0x77, 
	0x77, 0x77, 0x77, 0x77, 0x66, 0x66, 0x66, 0x66, 0x66, 0x66, 0x66, 0x66, 0x66, 0x66, 0x66, 
	0x66, 0x66, 0x66, 0x66, 0x66, 0x66, 0x66, 0x66, 0x66, 0x66, 0x66, 0x66, 0x66, 0x66, 0x66, 
	0x66, 0x66, 0x66, 0x66, 0x66, 0x66, 0x66, 0x66, 0x66, 0x66, 0x66, 0x66, 0x66, 0x66, 0x66, 
	0x66, 0x66, 0x66, 0x66, 0x66, 0x66, 0x66, 0x66, 0x66, 0x66, 0x66, 0x66, 0x66, 0x66, 0x66, 
	0x66, 0x66, 0x66, 0x66, 0x66, 0x66, 0x66, 0x66, 0x66, 0x66, 0x66, 0x66, 0x66, 0x66, 0x66, 
	0x66, 0x66, 0x66, 0x66, 0x66, 0x66, 0x66, 0x66, 0x66, 0x66, 0x67, 0x8A, 0xAA, 0xA9, 0x87, 
	0x66, 0x66, 0x67, 0x77, 0x77, 0x78, 0x88, 0x88, 0x87, 0x77, 0x77, 0x77, 0x76, 0x66, 0x66, 
	0x66, 0x66, 0x66, 0x78, 0x9A, 0xAA, 0xAA, 0xAA, 0xAA, 0xAA, 0xAA, 0xAA, 0xAA, 0xAA, 0xAA, 
	0xAA, 0xAA, 0xBA, 0x87, 0x66, 0x66, 0x66, 0x66, 0x66, 0x66, 0x66, 0x66, 0x66, 0x66, 0x66, 
	0x66, 0x65, 0x44, 0x43, 0x33, 0x44, 0x55, 0x44, 0x33, 0x33, 0x33, 0x34, 0x55, 0x55, 0x44, 
	0x32, 0x22, 0x22, 0x33, 0x44, 0x45, 0x55, 0x56, 0x55, 0x55, 0x65, 0x55, 0x56, 0x66, 0x77, 
	0x53, 0x22, 0x22, 0x22, 0x22, 0x22, 0x22, 0x22, 0x22, 0x22, 0x22, 0x22, 0x22, 0x22, 0x22, 
	0x22, 0x22, 0x22, 0x22, 0x22, 0x22, 0x22, 0x22, 0x22, 0x22, 0x22, 0x22, 0x22, 0x22, 0x22, 
	0x22, 0x22, 0x22, 0x22, 0x33, 0x33, 0x33, 0x33, 0x44, 0x44, 0x44, 0x55, 0x55, 0x67, 0x77, 
	0x77, 0x77, 0x77, 0x77, 0x77, 0x77, 0x77, 0x76, 0x65, 0x44, 0x44, 0x44, 0x44, 0x55, 0x66, 
	0x55, 0x55, 0x55, 0x55, 0x55, 0x55, 0x55, 0x55, 0x55, 0x55, 0x55, 0x55, 0x55, 0x44, 0x33, 
	0x33, 0x33, 0x44, 0x55, 0x55, 0x68, 0x99, 0x75, 0x33, 0x34, 0x68, 0xAA, 0xAA, 0xAA, 0xAA, 
	0xAA, 0xAA, 0xAA, 0xAA, 0xAA, 0xAA, 0x97, 0x43, 0x33, 0x47, 0x9A, 0xAA, 0xAA, 0xAA, 0xAA, 
	0xAA, 0xAA, 0xAA, 0xAA, 0xAA, 0xAA, 0xBB, 0xBB, 0xBB, 0xBB, 0xBB, 0xBB, 0xA9, 0x87, 0x66, 
	0x66, 0x66, 0x66, 0x66, 0x66, 0x66, 0x66, 0x66, 0x77, 0x77, 0x77, 0x77, 0x77, 0x77, 0x77, 
	0x77, 0x77, 0x77, 0x66, 0x66, 0x66, 0x66, 0x66, 0x66, 0x66, 0x66, 0x66, 0x66, 0x66, 0x66, 
	0x66, 0x66, 0x66, 0x66, 0x66, 0x66, 0x66, 0x66, 0x66, 0x66, 0x66, 0x66, 0x66, 0x66, 0x66, 
	0x66, 0x66, 0x66, 0x66, 0x66, 0x66, 0x66, 0x66, 0x66, 0x66, 0x66, 0x66, 0x66, 0x66, 0x66, 
	0x66, 0x66, 0x66, 0x66, 0x66, 0x66, 0x66, 0x66, 0x66, 0x66, 0x66, 0x66, 0x66, 0x66, 0x66, 
	0x66, 0x66, 0x66, 0x66, 0x66, 0x66, 0x66, 0x66, 0x66, 0x66, 0x66, 0x66, 0x66, 0x66, 0x66, 
	0x66, 0x66, 0x66, 0x66, 0x66, 0x66, 0x66, 0x66, 0x66, 0x66, 0x56, 0x7A, 0xAA, 0xA9, 0x98, 
	0x76, 0x66, 0x67, 0x77, 0x77, 0x78, 0x88, 0x88, 0x88, 0x88, 0x77, 0x77, 0x76, 0x66, 0x66, 
	0x66, 0x66, 0x66, 0x78, 0x99, 0xAA, 0xAA, 0xAA, 0xAA, 0xAA, 0xAA, 0xAA, 0xAA, 0xAA, 0xAA, 
	0xAA, 0xAA, 0xBA, 0x97, 0x66, 0x66, 0x66, 0x66, 0x66, 0x66, 0x66, 0x66, 0x66, 0x66, 0x66, 
	0x66, 0x66, 0x55, 0x43, 0x33, 0x45, 0x55, 0x54, 0x43, 0x33, 0x33, 0x34, 0x45, 0x55, 0x54, 
	0x43, 0x22, 0x23, 0x34, 0x45, 0x55, 0x56, 0x66, 0x55, 0x65, 0x55, 0x55, 0x66, 0x78, 0x88, 
	0x75, 0x22, 0x22, 0x22, 0x22, 0x22, 0x22, 0x22, 0x22, 0x22, 0x22, 0x22, 0x22, 0x22, 0x22, 
	0x22, 0x22, 0x22, 0x22, 0x22, 0x22, 0x22, 0x22, 0x22, 0x22, 0x22, 0x22, 0x22, 0x22, 0x22, 
	0x22, 0x22, 0x22, 0x22, 0x33, 0x33, 0x33, 0x33, 0x44, 0x44, 0x44, 0x55, 0x55, 0x66, 0x77, 
	0x77, 0x77, 0x77, 0x77, 0x77, 0x77, 0x77, 0x77, 0x66, 0x54, 0x44, 0x44, 0x45, 0x55, 0x66, 
	0x55, 0x55, 0x55, 0x55, 0x55, 0x55, 0x55, 0x55, 0x55, 0x55, 0x55, 0x55, 0x44, 0x43, 0x33, 
	0x33, 0x34, 0x45, 0x55, 0x55, 0x68, 0x99, 0x85, 0x43, 0x34, 0x58, 0x9A, 0xAA, 0xAA, 0xAA, 
	0xAA, 0xAA, 0xAA, 0xAA, 0xAA, 0xAA, 0x97, 0x43, 0x33, 0x47, 0x9A, 0xAA, 0xAA, 0xAA, 0xAA, 
	0xAA, 0xAA, 0xAA, 0xAA, 0xAA, 0xAA, 0xAA, 0xAA, 0xAB, 0xAB, 0xBB, 0xBB, 0xBA, 0x98, 0x66, 
	0x66, 0x66, 0x66, 0x66, 0x66, 0x66, 0x66, 0x66, 0x67, 0x77, 0x77, 0x77, 0x77, 0x77, 0x77, 
	0x77, 0x77, 0x66, 0x66, 0x66, 0x66, 0x66, 0x66, 0x66, 0x66, 0x66, 0x66, 0x66, 0x66, 0x66, 
	0x66, 0x66, 0x66, 0x66, 0x66, 0x66, 0x66, 0x66, 0x66, 0x66, 0x66, 0x66, 0x66, 0x66, 0x66, 
	0x66, 0x66, 0x66, 0x66, 0x66, 0x66, 0x66, 0x66, 0x66, 0x66, 0x66, 0x66, 0x66, 0x66, 0x66, 
	0x66, 0x66, 0x66, 0x66, 0x66, 0x66, 0x66, 0x66, 0x66, 0x66, 0x66, 0x66, 0x66, 0x66, 0x66, 
	0x66, 0x66, 0x66, 0x66, 0x66, 0x66, 0x66, 0x66, 0x66, 0x66, 0x66, 0x66, 0x66, 0x66, 0x66, 
	0x66, 0x66, 0x66, 0x66, 0x66, 0x66, 0x66, 0x66, 0x66, 0x66, 0x56, 0x79, 0x9A, 0x99, 0x98, 
	0x76, 0x66, 0x66, 0x66, 0x67, 0x77, 0x88, 0x88, 0x88, 0x87, 0x77, 0x77, 0x66, 0x66, 0x66, 
	0x66, 0x66, 0x66, 0x67, 0x89, 0xAA, 0xAA, 0xAA, 0xAA, 0xAA, 0xAA, 0xAA, 0xAA, 0xAA, 0xAA, 
	0xAA, 0xAA, 0xBA, 0x87, 0x66, 0x66, 0x66, 0x66, 0x66, 0x66, 0x66, 0x66, 0x66, 0x66, 0x66, 
	0x66, 0x66, 0x65, 0x44, 0x44, 0x45, 0x55, 0x54, 0x43, 0x33, 0x33, 0x33, 0x45, 0x55, 0x55, 
	0x43, 0x33, 0x34, 0x45, 0x55, 0x55, 0x55, 0x55, 0x55, 0x65, 0x55, 0x56, 0x67, 0x89, 0x99, 
	0x96, 0x42, 0x22, 0x22, 0x22, 0x22, 0x22, 0x22, 0x22, 0x22, 0x22, 0x22, 0x22, 0x22, 0x22, 
	0x22, 0x22, 0x22, 0x22, 0x22, 0x22, 0x22, 0x22, 0x22, 0x22, 0x22, 0x22, 0x22, 0x22, 0x22, 
	0x22, 0x22, 0x22, 0x23, 0x33, 0x33, 0x33, 0x33, 0x34, 0x44, 0x45, 0x55, 0x55, 0x67, 0x77, 
	0x77, 0x77, 0x77, 0x77, 0x77, 0x77, 0x77, 0x77, 0x77, 0x65, 0x44, 0x44, 0x55, 0x56, 0x65, 
	0x55, 0x55, 0x55, 0x55, 0x55, 0x55, 0x55, 0x55, 0x55, 0x55, 0x55, 0x54, 0x44, 0x33, 0x33, 
	0x33, 0x44, 0x45, 0x55, 0x55, 0x68, 0x9A, 0x96, 0x43, 0x33, 0x46, 0x8A, 0xAA, 0xAA, 0xAA, 
	0xAA, 0xAA, 0xAA, 0xAA, 0xAA, 0xAA, 0x97, 0x43, 0x33, 0x57, 0x9A, 0xAA, 0xAA, 0xAA, 0xAA, 
	0xAA, 0xAA, 0xAA, 0xAA, 0xAA, 0xAA, 0xAA, 0xAA, 0xBB, 0xBB, 0xBB, 0xBB, 0xBB, 0xA8, 0x76, 
	0x66, 0x66, 0x66, 0x66, 0x66, 0x66, 0x66, 0x66, 0x66, 0x77, 0x77, 0x77, 0x77, 0x77, 0x76, 
	0x66, 0x66, 0x66, 0x66, 0x66, 0x66, 0x66, 0x66, 0x66, 0x66, 0x66, 0x66, 0x66, 0x66, 0x66, 
	0x66, 0x66, 0x66, 0x66, 0x66, 0x66, 0x66, 0x66, 0x66, 0x66, 0x66, 0x66, 0x66, 0x66, 0x66, 
	0x66, 0x66, 0x66, 0x66, 0x66, 0x66, 0x66, 0x66, 0x66, 0x66, 0x66, 0x66, 0x66, 0x66, 0x66, 
	0x66, 0x66, 0x66, 0x66, 0x66, 0x66, 0x66, 0x66, 0x66, 0x66, 0x66, 0x66, 0x66, 0x66, 0x66, 
	0x66, 0x66, 0x66, 0x66, 0x66, 0x66, 0x66, 0x66, 0x66, 0x66, 0x66, 0x66, 0x66, 0x66, 0x66, 
	0x66, 0x66, 0x66, 0x66, 0x66, 0x66, 0x66, 0x66, 0x66, 0x66, 0x66, 0x78, 0x99, 0x99, 0x99, 
	0x86, 0x66, 0x66, 0x66, 0x67, 0x77, 0x78, 0x88, 0x88, 0x77, 0x77, 0x77, 0x66, 0x66, 0x66, 
	0x66, 0x66, 0x66, 0x67, 0x89, 0xAA, 0xAA, 0xAA, 0xAA, 0xAA, 0xAA, 0xAA, 0xAA, 0xAA, 0xAA, 
	0xAA, 0xAB, 0xA9, 0x86, 0x56, 0x66, 0x66, 0x66, 0x66, 0x66, 0x66, 0x66, 0x66, 0x66, 0x66, 
	0x66, 0x66, 0x66, 0x55, 0x44, 0x45, 0x55, 0x54, 0x43, 0x33, 0x33, 0x33, 0x45, 0x55, 0x55, 
	0x44, 0x44, 0x44, 0x55, 0x55, 0x55, 0x55, 0x55, 0x55, 0x65, 0x55, 0x67, 0x88, 0x99, 0xAA, 
	0x97, 0x53, 0x22, 0x22, 0x22, 0x22, 0x22, 0x22, 0x22, 0x22, 0x22, 0x22, 0x22, 0x22, 0x22, 
	0x22, 0x22, 0x22, 0x22, 0x22, 0x22, 0x22, 0x22, 0x22, 0x22, 0x22, 0x22, 0x22, 0x22, 0x22, 
	0x22, 0x22, 0x22, 0x33, 0x33, 0x33, 0x33, 0x33, 0x44, 0x44, 0x45, 0x55, 0x55, 0x67, 0x77, 
	0x77, 0x77, 0x88, 0x77, 0x77, 0x77, 0x77, 0x77, 0x77, 0x66, 0x54, 0x44, 0x55, 0x66, 0x65, 
	0x55, 0x55, 0x55, 0x55, 0x55, 0x55, 0x55, 0x55, 0x55, 0x55, 0x55, 0x54, 0x43, 0x33, 0x33, 
	0x34, 0x44, 0x55, 0x55, 0x55, 0x68, 0x9A, 0xA7, 0x53, 0x23, 0x35, 0x79, 0xAA, 0xAA, 0xAA, 
	0xAA, 0xAA, 0xAA, 0xAA, 0xAA, 0xAA, 0x86, 0x43, 0x33, 0x57, 0x9A, 0xAA, 0xAA, 0xAA, 0xAA, 
	0xAA, 0xAA, 0xAA, 0xAA, 0xAA, 0xAA, 0xAA, 0xAB, 0xBB, 0xBA, 0xBB, 0xBB, 0xBB, 0xA9, 0x76, 
	0x66, 0x66, 0x66, 0x66, 0x66, 0x66, 0x66, 0x66, 0x66, 0x66, 0x76, 0x67, 0x77, 0x66, 0x66, 
	0x66, 0x66, 0x66, 0x66, 0x66, 0x66, 0x66, 0x66, 0x66, 0x66, 0x66, 0x66, 0x66, 0x66, 0x66, 
	0x66, 0x66, 0x66, 0x66, 0x66, 0x66, 0x66, 0x66, 0x66, 0x66, 0x66, 0x66, 0x66, 0x66, 0x66, 
	0x66, 0x66, 0x66, 0x66, 0x66, 0x66, 0x66, 0x66, 0x66, 0x66, 0x66, 0x66, 0x66, 0x66, 0x66, 
	0x66, 0x66, 0x66, 0x66, 0x66, 0x66, 0x66, 0x66, 0x66, 0x66, 0x66, 0x66, 0x66, 0x66, 0x66, 
	0x66, 0x66, 0x66, 0x66, 0x66, 0x66, 0x66, 0x66, 0x66, 0x66, 0x66, 0x66, 0x66, 0x66, 0x66, 
	0x66, 0x66, 0x66, 0x66, 0x66, 0x66, 0x66, 0x66, 0x66, 0x66, 0x66, 0x67, 0x99, 0x99, 0x99, 
	0x97, 0x66, 0x66, 0x66, 0x66, 0x77, 0x78, 0x88, 0x88, 0x88, 0x77, 0x77, 0x66, 0x66, 0x66, 
	0x66, 0x66, 0x66, 0x66, 0x89, 0xAA, 0xAA, 0xAA, 0xAA, 0xAA, 0xAA, 0xAA, 0xAA, 0xAA, 0xAA, 
	0xAA, 0xAA, 0xA8, 0x76, 0x56, 0x66, 0x66, 0x66, 0x66, 0x66, 0x66, 0x66, 0x66, 0x66, 0x66, 
	0x66, 0x66, 0x66, 0x65, 0x55, 0x55, 0x55, 0x55, 0x44, 0x33, 0x33, 0x33, 0x45, 0x55, 0x55, 
	0x54, 0x44, 0x45, 0x55, 0x55, 0x55, 0x55, 0x55, 0x55, 0x55, 0x56, 0x78, 0x99, 0xAA, 0xAA, 
	0x98, 0x64, 0x32, 0x22, 0x22, 0x22, 0x22, 0x22, 0x22, 0x22, 0x22, 0x22, 0x22, 0x22, 0x22, 
	0x22, 0x22, 0x22, 0x22, 0x22, 0x22, 0x22, 0x22, 0x22, 0x22, 0x22, 0x22, 0x22, 0x22, 0x22, 
	0x22, 0x22, 0x22, 0x33, 0x33, 0x33, 0x33, 0x33, 0x44, 0x44, 0x45, 0x55, 0x55, 0x66, 0x77, 
	0x77, 0x88, 0x88, 0x87, 0x77, 0x77, 0x77, 0x77, 0x77, 0x76, 0x65, 0x55, 0x55, 0x66, 0x55, 
	0x55, 0x55, 0x55, 0x55, 0x55, 0x55, 0x55, 0x55, 0x55, 0x55, 0x54, 0x44, 0x33, 0x33, 0x34, 
	0x44, 0x55, 0x55, 0x55, 0x55, 0x68, 0xAA, 0xA8, 0x64, 0x33, 0x34, 0x68, 0x9A, 0xAA, 0xAA, 
	0xAA, 0xAA, 0xAA, 0xAA, 0xAA, 0xAA, 0x85, 0x33, 0x34, 0x57, 0x9A, 0xAA, 0xAA, 0xAA, 0xAA, 
	0xAA, 0xAA, 0xAA, 0xAA, 0xAA, 0xAA, 0xAA, 0xAA, 0xBB, 0xBA, 0xAB, 0xBB, 0xBB, 0xA9, 0x76, 
	0x66, 0x66, 0x66, 0x66, 0x66, 0x66, 0x66, 0x66, 0x66, 0x66, 0x66, 0x66, 0x66, 0x66, 0x66, 
	0x66, 0x66, 0x66, 0x66, 0x66, 0x66, 0x66, 0x66, 0x66, 0x66, 0x66, 0x66, 0x66, 0x66, 0x66, 
	0x66, 0x66, 0x66, 0x66, 0x66, 0x66, 0x66, 0x66, 0x66, 0x66, 0x66, 0x66, 0x66, 0x66, 0x66, 
	0x66, 0x66, 0x66, 0x66, 0x66, 0x66, 0x66, 0x66, 0x66, 0x66, 0x66, 0x66, 0x66, 0x66, 0x66, 
	0x66, 0x66, 0x66, 0x66, 0x66, 0x66, 0x66, 0x66, 0x66, 0x66, 0x66, 0x66, 0x66, 0x66, 0x66, 
	0x66, 0x66, 0x66, 0x66, 0x66, 0x66, 0x66, 0x66, 0x66, 0x66, 0x66, 0x66, 0x66, 0x66, 0x66, 
	0x66, 0x66, 0x66, 0x66, 0x66, 0x66, 0x66, 0x66, 0x66, 0x66, 0x66, 0x67, 0x89, 0x99, 0x99, 
	0x98, 0x76, 0x66, 0x66, 0x66, 0x77, 0x77, 0x88, 0x88, 0x88, 0x77, 0x77, 0x66, 0x66, 0x66, 
	0x66, 0x66, 0x66, 0x66, 0x79, 0xAA, 0xAA, 0xAA, 0xAA, 0xAA, 0xAA, 0xAA, 0xAA, 0xAA, 0xAA, 
	0xAA, 0xAA, 0x97, 0x66, 0x56, 0x66, 0x66, 0x66, 0x66, 0x66, 0x66, 0x66, 0x66, 0x66, 0x66, 
	0x66, 0x66, 0x66, 0x65, 0x55, 0x55, 0x55, 0x55, 0x44, 0x33, 0x33, 0x33, 0x44, 0x55, 0x55, 
	0x55, 0x45, 0x55, 0x55, 0x55, 0x55, 0x55, 0x55, 0x55, 0x56, 0x77, 0x89, 0xAA, 0xAA, 0xAA, 
	0x99, 0x75, 0x32, 0x22, 0x22, 0x22, 0x22, 0x22, 0x22, 0x22, 0x22, 0x22, 0x22, 0x22, 0x22, 
	0x22, 0x22, 0x22, 0x22, 0x22, 0x22, 0x22, 0x22, 0x22, 0x22, 0x22, 0x22, 0x22, 0x22, 0x22, 
	0x22, 0x22, 0x22, 0x33, 0x33, 0x33, 0x33, 0x33, 0x44, 0x44, 0x44, 0x55, 0x55, 0x66, 0x77, 
	0x77, 0x88, 0x88, 0x88, 0x88, 0x77, 0x77, 0x77, 0x77, 0x77, 0x76, 0x66, 0x65, 0x55, 0x55, 
	0x55, 0x55, 0x55, 0x55, 0x55, 0x55, 0x55, 0x55, 0x55, 0x55, 0x44, 0x33, 0x33, 0x33, 0x44, 
	0x55, 0x55, 0x55, 0x55, 0x56, 0x78, 0xAA, 0xA9, 0x75, 0x33, 0x23, 0x47, 0x89, 0xAA, 0xAA, 
	0xAA, 0xAA, 0xAA, 0xAA, 0xAA, 0xA9, 0x74, 0x33, 0x34, 0x68, 0xAA, 0xAA, 0xAA, 0xAA, 0xAA, 
	0xAA, 0xAA, 0xAA, 0xAA, 0xAA, 0xAA, 0xAA, 0xAA, 0xAA, 0xBA, 0xBB, 0xBB, 0xBB, 0xA8, 0x76, 
	0x66, 0x66, 0x66, 0x66, 0x66, 0x66, 0x66, 0x66, 0x66, 0x66, 0x66, 0x66, 0x66, 0x66, 0x66, 
	0x66, 0x66, 0x66, 0x66, 0x66, 0x66, 0x66, 0x66, 0x66, 0x66, 0x66, 0x66, 0x66, 0x66, 0x66, 
	0x66, 0x66, 0x66, 0x66, 0x66, 0x66, 0x66, 0x66, 0x66, 0x66, 0x66, 0x66, 0x66, 0x66, 0x66, 
	0x66, 0x66, 0x66, 0x66, 0x66, 0x66, 0x66, 0x66, 0x66, 0x66, 0x66, 0x66, 0x66, 0x66, 0x66, 
	0x66, 0x66, 0x66, 0x66, 0x66, 0x66, 0x66, 0x66, 0x66, 0x66, 0x66, 0x66, 0x66, 0x66, 0x66, 
	0x66, 0x66, 0x66, 0x66, 0x66, 0x66, 0x66, 0x66, 0x66, 0x66, 0x66, 0x66, 0x66, 0x66, 0x66, 
	0x66, 0x66, 0x66, 0x66, 0x66, 0x66, 0x66, 0x66, 0x66, 0x66, 0x66, 0x66, 0x89, 0x99, 0x99, 
	0x98, 0x76, 0x66, 0x66, 0x66, 0x67, 0x77, 0x88, 0x88, 0x88, 0x77, 0x77, 0x66, 0x66, 0x66, 
	0x66, 0x66, 0x66, 0x66, 0x78, 0x9A, 0xAA, 0xAA, 0xAA, 0xAA, 0xAA, 0xAA, 0xAA, 0xAA, 0xAA, 
	0xAA, 0xA9, 0x86, 0x66, 0x66, 0x66, 0x66, 0x66, 0x66, 0x66, 0x66, 0x67, 0x77, 0x76, 0x66, 
	0x66, 0x66, 0x66, 0x55, 0x55, 0x55, 0x55, 0x55, 0x44, 0x43, 0x33, 0x33, 0x44, 0x55, 0x55, 
	0x55, 0x55, 0x55, 0x55, 0x55, 0x55, 0x55, 0x55, 0x55, 0x67, 0x88, 0x9A, 0xAA, 0xAA, 0xAA, 
	0x99, 0x86, 0x42, 0x12, 0x22, 0x22, 0x22, 0x22, 0x22, 0x22, 0x22, 0x22, 0x22, 0x22, 0x22, 
	0x22, 0x22, 0x22, 0x22, 0x22, 0x22, 0x22, 0x22, 0x22, 0x22, 0x22, 0x22, 0x22, 0x22, 0x22, 
	0x22, 0x22, 0x23, 0x33, 0x33, 0x33, 0x33, 0x34, 0x44, 0x44, 0x44, 0x55, 0x55, 0x66, 0x77, 
	0x88, 0x88, 0x88, 0x88, 0x87, 0x77, 0x77, 0x77, 0x77, 0x77, 0x76, 0x66, 0x66, 0x55, 0x55, 
	0x55, 0x55, 0x55, 0x55, 0x55, 0x55, 0x55, 0x55, 0x55, 0x54, 0x43, 0x33, 0x33, 0x34, 0x44, 
	0x55, 0x55, 0x55, 0x55, 0x56, 0x78, 0xAA, 0xAA, 0x86, 0x43, 0x33, 0x35, 0x68, 0x9A, 0xAA, 
	0xAA, 0xAA, 0xAA, 0xAA, 0xAA, 0x97, 0x53, 0x33, 0x34, 0x57, 0x9A, 0xAA, 0xAA, 0xAA, 0xAA, 
	0xAA, 0xAA, 0xAA, 0xAA, 0xAA, 0xAA, 0xAA, 0xAA, 0xAA, 0xBA, 0xBB, 0xAB, 0xBB, 0xA8, 0x66, 
	0x56, 0x66, 0x66, 0x66, 0x66, 0x66, 0x66, 0x66, 0x66, 0x66, 0x66, 0x66, 0x66, 0x66, 0x66, 
	0x66, 0x66, 0x66, 0x66, 0x66, 0x66, 0x66, 0x66, 0x66, 0x66, 0x66, 0x66, 0x66, 0x66, 0x66, 
	0x66, 0x66, 0x66, 0x66, 0x66, 0x66, 0x66, 0x66, 0x66, 0x66, 0x66, 0x66, 0x66, 0x66, 0x66, 
	0x66, 0x66, 0x66, 0x66, 0x66, 0x66, 0x66, 0x66, 0x66, 0x66, 0x66, 0x66, 0x66, 0x66, 0x66, 
	0x66, 0x66, 0x66, 0x66, 0x66, 0x66, 0x66, 0x66, 0x66, 0x66, 0x66, 0x66, 0x66, 0x66, 0x66, 
	0x66, 0x66, 0x66, 0x66, 0x66, 0x66, 0x66, 0x66, 0x66, 0x66, 0x66, 0x66, 0x66, 0x66, 0x66, 
	0x66, 0x66, 0x66, 0x66, 0x66, 0x66, 0x66, 0x66, 0x66, 0x66, 0x66, 0x66, 0x89, 0xA9, 0x99, 
	0x99, 0x87, 0x66, 0x66, 0x66, 0x67, 0x77, 0x78, 0x88, 0x87, 0x77, 0x77, 0x76, 0x66, 0x66, 
	0x66, 0x66, 0x66, 0x66, 0x78, 0x9A, 0xAA, 0xAA, 0xAA, 0xAA, 0xAA, 0xAA, 0xAA, 0xAA, 0xAA, 
	0xAA, 0xA8, 0x76, 0x66, 0x66, 0x66, 0x66, 0x66, 0x66, 0x66, 0x66, 0x77, 0x88, 0x77, 0x66, 
	0x66, 0x66, 0x66, 0x55, 0x55, 0x55, 0x55, 0x55, 0x54, 0x33, 0x33, 0x33, 0x44, 0x55, 0x55, 
	0x55, 0x55, 0x55, 0x55, 0x55, 0x55, 0x55, 0x55, 0x67, 0x78, 0x99, 0x9A, 0xAA, 0xAA, 0xAA, 
	0x9A, 0x97, 0x53, 0x22, 0x22, 0x22, 0x22, 0x22, 0x22, 0x22, 0x22, 0x22, 0x22, 0x22, 0x22, 
	0x22, 0x22, 0x22, 0x22, 0x22, 0x22, 0x22, 0x22, 0x22, 0x22, 0x22, 0x22, 0x22, 0x22, 0x22, 
	0x22, 0x23, 0x33, 0x33, 0x33, 0x33, 0x33, 0x34, 0x44, 0x44, 0x44, 0x55, 0x55, 0x66, 0x77, 
	0x88, 0x88, 0x88, 0x88, 0x87, 0x77, 0x77, 0x77, 0x77, 0x77, 0x77, 0x66, 0x66, 0x55, 0x55, 
	0x55, 0x55, 0x55, 0x55, 0x55, 0x55, 0x55, 0x55, 0x55, 0x44, 0x43, 0x33, 0x33, 0x44, 0x44, 
	0x55, 0x55, 0x55, 0x55, 0x56, 0x78, 0xAA, 0xBA, 0x97, 0x54, 0x33, 0x33, 0x56, 0x79, 0xAA, 
	0xAA, 0xAA, 0xAA, 0xAA, 0xA8, 0x75, 0x43, 0x33, 0x34, 0x55, 0x67, 0x78, 0x99, 0xAA, 0xAA, 
	0xAA, 0xAA, 0xAA, 0xAA, 0xAA, 0xAA, 0xAA, 0xAA, 0xAA, 0xAA, 0xAB, 0xAB, 0xBB, 0xA8, 0x66, 
	0x66, 0x66, 0x66, 0x66, 0x66, 0x66, 0x66, 0x66, 0x66, 0x66, 0x66, 0x66, 0x66, 0x66, 0x66, 
	0x66, 0x66, 0x66, 0x66, 0x66, 0x66, 0x66, 0x66, 0x66, 0x66, 0x66, 0x66, 0x66, 0x66, 0x66, 
	0x66, 0x66, 0x66, 0x66, 0x66, 0x66, 0x66, 0x66, 0x66, 0x66, 0x66, 0x66, 0x66, 0x66, 0x66, 
	0x66, 0x66, 0x66, 0x66, 0x66, 0x66, 0x66, 0x66, 0x66, 0x66, 0x66, 0x66, 0x66, 0x66, 0x66, 
	0x66, 0x66, 0x66, 0x66, 0x66, 0x66, 0x66, 0x66, 0x66, 0x66, 0x66, 0x66, 0x66, 0x66, 0x66, 
	0x66, 0x66, 0x66, 0x66, 0x66, 0x66, 0x66, 0x66, 0x66, 0x66, 0x66, 0x66, 0x66, 0x66, 0x66, 
	0x66, 0x66, 0x66, 0x66, 0x66, 0x66, 0x66, 0x66, 0x66, 0x66, 0x66, 0x66, 0x79, 0xAA, 0x99, 
	0x99, 0x87, 0x66, 0x66, 0x66, 0x67, 0x77, 0x77, 0x87, 0x77, 0x77, 0x77, 0x76, 0x66, 0x66, 
	0x66, 0x66, 0x66, 0x66, 0x67, 0x9A, 0xAA, 0xAA, 0xAA, 0xAA, 0xAA, 0xAA, 0xAA, 0xAA, 0xAA, 
	0xAA, 0x98, 0x66, 0x66, 0x66, 0x66, 0x66, 0x66, 0x66, 0x66, 0x77, 0x88, 0x88, 0x77, 0x66, 
	0x66, 0x66, 0x66, 0x55, 0x55, 0x55, 0x55, 0x55, 0x54, 0x43, 0x33, 0x33, 0x44, 0x45, 0x55, 
	0x55, 0x55, 0x55, 0x55, 0x55, 0x55, 0x55, 0x56, 0x78, 0x99, 0xAA, 0xAA, 0xAA, 0xAA, 0xAA, 
	0xAA, 0x98, 0x64, 0x22, 0x22, 0x22, 0x22, 0x22, 0x22, 0x22, 0x22, 0x22, 0x22, 0x22, 0x22, 
	0x22, 0x22, 0x22, 0x22, 0x22, 0x22, 0x22, 0x22, 0x22, 0x22, 0x22, 0x22, 0x22, 0x22, 0x22, 
	0x22, 0x33, 0x33, 0x33, 0x33, 0x33, 0x33, 0x34, 0x44, 0x44, 0x44, 0x55, 0x55, 0x56, 0x77, 
	0x88, 0x88, 0x88, 0x88, 0x88, 0x77, 0x77, 0x77, 0x77, 0x77, 0x77, 0x76, 0x66, 0x65, 0x55, 
	0x55, 0x55, 0x55, 0x55, 0x55, 0x55, 0x55, 0x55, 0x54, 0x44, 0x33, 0x33, 0x34, 0x45, 0x55, 
	0x55, 0x55, 0x55, 0x55, 0x56, 0x68, 0xAA, 0xBB, 0xA8, 0x65, 0x43, 0x33, 0x34, 0x56, 0x78, 
	0x99, 0x99, 0x99, 0x98, 0x76, 0x54, 0x43, 0x33, 0x34, 0x44, 0x44, 0x45, 0x67, 0x89, 0x9A, 
	0xAA, 0xAA, 0xAA, 0xAA, 0xAA, 0xAA, 0xAA, 0xAA, 0xAA, 0xAA, 0xAA, 0xAB, 0xBA, 0x97, 0x66, 
	0x66, 0x66, 0x66, 0x66, 0x66, 0x66, 0x66, 0x66, 0x66, 0x66, 0x66, 0x66, 0x66, 0x66, 0x66, 
	0x66, 0x66, 0x66, 0x66, 0x66, 0x66, 0x66, 0x66, 0x66, 0x66, 0x66, 0x66, 0x66, 0x66, 0x66, 
	0x66, 0x66, 0x66, 0x66, 0x66, 0x66, 0x66, 0x66, 0x66, 0x66, 0x66, 0x66, 0x66, 0x66, 0x66, 
	0x66, 0x66, 0x66, 0x66, 0x66, 0x66, 0x66, 0x66, 0x66, 0x66, 0x66, 0x66, 0x66, 0x66, 0x66, 
	0x66, 0x66, 0x66, 0x66, 0x66, 0x66, 0x66, 0x66, 0x66, 0x66, 0x66, 0x66, 0x66, 0x66, 0x66, 
	0x66, 0x66, 0x66, 0x66, 0x66, 0x66, 0x66, 0x66, 0x66, 0x66, 0x66, 0x66, 0x66, 0x66, 0x66, 
	0x66, 0x66, 0x66, 0x66, 0x66, 0x66, 0x66, 0x66, 0x66, 0x66, 0x66, 0x66, 0x78, 0xAA, 0xAA, 
	0xA9, 0x98, 0x66, 0x66, 0x66, 0x66, 0x77, 0x77, 0x77, 0x77, 0x77, 0x77, 0x76, 0x66, 0x66, 
	0x66, 0x66, 0x66, 0x66, 0x67, 0x8A, 0xAA, 0xAA, 0xAA, 0xAA, 0xAA, 0xAA, 0xAA, 0xAA, 0xAA, 
	0xAA, 0x87, 0x66, 0x66, 0x66, 0x66, 0x66, 0x66, 0x66, 0x77, 0x78, 0x88, 0x88, 0x76, 0x66, 
	0x66, 0x66, 0x65, 0x55, 0x55, 0x55, 0x55, 0x55, 0x54, 0x43, 0x33, 0x33, 0x34, 0x45, 0x55, 
	0x55, 0x55, 0x55, 0x55, 0x55, 0x55, 0x55, 0x67, 0x89, 0x9A, 0xAA, 0xAA, 0xA9, 0xAA, 0xAA, 
	0xAA, 0xA9, 0x75, 0x32, 0x22, 0x22, 0x22, 0x22, 0x22, 0x22, 0x22, 0x22, 0x22, 0x22, 0x22, 
	0x22, 0x22, 0x22, 0x22, 0x22, 0x22, 0x22, 0x22, 0x22, 0x22, 0x22, 0x22, 0x22, 0x22, 0x22, 
	0x33, 0x33, 0x33, 0x33, 0x33, 0x33, 0x33, 0x33, 0x44, 0x44, 0x44, 0x45, 0x55, 0x56, 0x77, 
	0x77, 0x88, 0x88, 0x88, 0x87, 0x77, 0x77, 0x77, 0x77, 0x77, 0x77, 0x77, 0x66, 0x66, 0x55, 
	0x55, 0x55, 0x55, 0x55, 0x55, 0x55, 0x55, 0x55, 0x44, 0x43, 0x33, 0x33, 0x44, 0x55, 0x55, 
	0x55, 0x55, 0x55, 0x55, 0x56, 0x68, 0xAA, 0xAA, 0xAA, 0x86, 0x53, 0x32, 0x33, 0x34, 0x55, 
	0x66, 0x77, 0x76, 0x65, 0x54, 0x33, 0x33, 0x33, 0x33, 0x33, 0x33, 0x34, 0x45, 0x56, 0x78, 
	0x99, 0xAA, 0xAA, 0xAA, 0xAA, 0xAA, 0xAA, 0xAA, 0xAA, 0xAA, 0xAA, 0xAB, 0xAA, 0x97, 0x56, 
	0x66, 0x66, 0x66, 0x66, 0x66, 0x66, 0x66, 0x66, 0x66, 0x66, 0x66, 0x66, 0x66, 0x66, 0x66, 
	0x66, 0x66, 0x66, 0x66, 0x66, 0x66, 0x66, 0x66, 0x66, 0x66, 0x66, 0x66, 0x66, 0x66, 0x66, 
	0x66, 0x66, 0x66, 0x66, 0x66, 0x66, 0x66, 0x66, 0x66, 0x66, 0x66, 0x66, 0x66, 0x66, 0x66, 
	0x66, 0x66, 0x66, 0x66, 0x66, 0x66, 0x66, 0x66, 0x66, 0x66, 0x66, 0x66, 0x66, 0x66, 0x66, 
	0x66, 0x66, 0x66, 0x66, 0x66, 0x66, 0x66, 0x66, 0x66, 0x66, 0x66, 0x66, 0x66, 0x66, 0x66, 
	0x66, 0x66, 0x66, 0x66, 0x66, 0x66, 0x66, 0x66, 0x66, 0x66, 0x66, 0x66, 0x66, 0x66, 0x66, 
	0x66, 0x66, 0x66, 0x66, 0x66, 0x66, 0x66, 0x66, 0x66, 0x66, 0x66, 0x66, 0x68, 0x9A, 0x99, 
	0x9A, 0x98, 0x76, 0x66, 0x66, 0x66, 0x67, 0x77, 0x77, 0x77, 0x77, 0x77, 0x76, 0x66, 0x66, 
	0x66, 0x66, 0x66, 0x66, 0x67, 0x8A, 0xAA, 0xAA, 0xAA, 0xAA, 0xAA, 0xAA, 0xAA, 0xAA, 0xAA, 
	0xA9, 0x86, 0x66, 0x66, 0x66, 0x66, 0x66, 0x66, 0x77, 0x77, 0x88, 0x88, 0x87, 0x66, 0x66, 
	0x66, 0x65, 0x55, 0x55, 0x55, 0x55, 0x55, 0x55, 0x55, 0x43, 0x33, 0x33, 0x34, 0x45, 0x55, 
	0x55, 0x55, 0x55, 0x55, 0x55, 0x55, 0x66, 0x78, 0x9A, 0x9A, 0xAA, 0xAA, 0xAA, 0xAA, 0xAA, 
	0xAA, 0xAA, 0x86, 0x42, 0x22, 0x22, 0x22, 0x22, 0x22, 0x22, 0x22, 0x22, 0x22, 0x22, 0x22, 
	0x22, 0x22, 0x22, 0x22, 0x22, 0x22, 0x22, 0x22, 0x22, 0x22, 0x22, 0x22, 0x22, 0x22, 0x22, 
	0x33, 0x33, 0x33, 0x33, 0x33, 0x33, 0x33, 0x33, 0x34, 0x44, 0x44, 0x45, 0x55, 0x56, 0x67, 
	0x77, 0x88, 0x88, 0x88, 0x87, 0x77, 0x77, 0x77, 0x77, 0x77, 0x77, 0x77, 0x76, 0x66, 0x55, 
	0x55, 0x55, 0x55, 0x55, 0x55, 0x55, 0x55, 0x54, 0x44, 0x33, 0x33, 0x44, 0x45, 0x55, 0x55, 
	0x55, 0x55, 0x55, 0x55, 0x56, 0x78, 0xAA, 0xAA, 0xAA, 0x98, 0x64, 0x33, 0x33, 0x33, 0x33, 
	0x44, 0x44, 0x44, 0x43, 0x33, 0x33, 0x33, 0x33, 0x33, 0x33, 0x33, 0x33, 0x33, 0x45, 0x67, 
	0x88, 0x99, 0xAA, 0xAA, 0xAA, 0xAA, 0xAA, 0xAA, 0xAA, 0xAA, 0xAA, 0xAA, 0xAA, 0x97, 0x56, 
	0x66, 0x66, 0x66, 0x66, 0x66, 0x66, 0x66, 0x66, 0x66, 0x66, 0x66, 0x66, 0x66, 0x66, 0x66, 
	0x66, 0x66, 0x66, 0x66, 0x66, 0x66, 0x66, 0x66, 0x66, 0x66, 0x66, 0x66, 0x66, 0x66, 0x66, 
	0x66, 0x66, 0x66, 0x66, 0x66, 0x66, 0x66, 0x66, 0x66, 0x66, 0x66, 0x66, 0x66, 0x66, 0x66, 
	0x66, 0x66, 0x66, 0x66, 0x66, 0x66, 0x66, 0x66, 0x66, 0x66, 0x66, 0x66, 0x66, 0x66, 0x66, 
	0x66, 0x66, 0x66, 0x66, 0x66, 0x66, 0x66, 0x66, 0x66, 0x66, 0x66, 0x66, 0x66, 0x66, 0x66, 
	0x66, 0x66, 0x66, 0x66, 0x66, 0x66, 0x66, 0x66, 0x66, 0x66, 0x66, 0x66, 0x66, 0x66, 0x66, 
	0x66, 0x66, 0x66, 0x66, 0x66, 0x66, 0x66, 0x66, 0x66, 0x66, 0x66, 0x66, 0x67, 0x9A, 0x99, 
	0x9A, 0x98, 0x76, 0x66, 0x66, 0x66, 0x67, 0x77, 0x77, 0x77, 0x77, 0x77, 0x66, 0x66, 0x66, 
	0x66, 0x66, 0x66, 0x66, 0x66, 0x8A, 0xAA, 0xAA, 0xAA, 0xAA, 0xAA, 0xAA, 0xAA, 0xAA, 0xAA, 
	0xA9, 0x76, 0x66, 0x66, 0x66, 0x66, 0x67, 0x77, 0x78, 0x88, 0x88, 0x88, 0x77, 0x66, 0x66, 
	0x66, 0x65, 0x55, 0x55, 0x55, 0x55, 0x55, 0x55, 0x55, 0x43, 0x33, 0x33, 0x34, 0x45, 0x55, 
	0x55, 0x55, 0x55, 0x55, 0x55, 0x56, 0x78, 0x89, 0x99, 0x9A, 0xA9, 0xAA, 0xAA, 0xAA, 0xAA, 
	0xAA, 0xAA, 0x97, 0x53, 0x22, 0x22, 0x22, 0x22, 0x22, 0x22, 0x22, 0x22, 0x22, 0x22, 0x22, 
	0x22, 0x22, 0x22, 0x22, 0x22, 0x22, 0x22, 0x22, 0x22, 0x22, 0x22, 0x22, 0x22, 0x22, 0x22, 
	0x33, 0x33, 0x33, 0x33, 0x33, 0x33, 0x33, 0x33, 0x33, 0x44, 0x44, 0x45, 0x55, 0x55, 0x67, 
	0x77, 0x88, 0x88, 0x88, 0x88, 0x87, 0x77, 0x77, 0x77, 0x77, 0x76, 0x67, 0x76, 0x66, 0x55, 
	0x55, 0x55, 0x55, 0x55, 0x55, 0x55, 0x55, 0x44, 0x33, 0x33, 0x33, 0x44, 0x55, 0x55, 0x55, 
	0x55, 0x55, 0x55, 0x55, 0x56, 0x78, 0xAA, 0xAA, 0xAA, 0xA9, 0x87, 0x54, 0x33, 0x33, 0x33, 
	0x33, 0x33, 0x33, 0x33, 0x33, 0x33, 0x34, 0x44, 0x43, 0x33, 0x33, 0x33, 0x33, 0x45, 0x56, 
	0x67, 0x78, 0x9A, 0xAA, 0xAA, 0xAA, 0xAA, 0xAA, 0xAA, 0xAA, 0xAA, 0xAA, 0xA9, 0x86, 0x66, 
	0x66, 0x66, 0x66, 0x66, 0x66, 0x66, 0x66, 0x66, 0x66, 0x66, 0x66, 0x66, 0x66, 0x66, 0x66, 
	0x66, 0x66, 0x66, 0x66, 0x66, 0x66, 0x66, 0x66, 0x66, 0x66, 0x66, 0x66, 0x66, 0x66, 0x66, 
	0x66, 0x66, 0x66, 0x66, 0x66, 0x66, 0x66, 0x66, 0x66, 0x66, 0x66, 0x66, 0x66, 0x66, 0x66, 
	0x66, 0x66, 0x66, 0x66, 0x66, 0x66, 0x66, 0x66, 0x66, 0x66, 0x66, 0x66, 0x66, 0x66, 0x66, 
	0x66, 0x66, 0x66, 0x66, 0x66, 0x66, 0x66, 0x66, 0x66, 0x66, 0x66, 0x66, 0x66, 0x66, 0x66, 
	0x66, 0x66, 0x66, 0x66, 0x66, 0x66, 0x66, 0x66, 0x66, 0x66, 0x66, 0x66, 0x66, 0x66, 0x66, 
	0x66, 0x66, 0x66, 0x66, 0x66, 0x66, 0x66, 0x66, 0x66, 0x66, 0x66, 0x66, 0x67, 0x99, 0xA9, 
	0x9A, 0xA9, 0x87, 0x66, 0x66, 0x66, 0x66, 0x77, 0x77, 0x77, 0x77, 0x77, 0x76, 0x66, 0x66, 
	0x66, 0x66, 0x66, 0x66, 0x66, 0x89, 0xAA, 0xAA, 0xAA, 0xAA, 0xAA, 0xAA, 0xAA, 0xAA, 0xAA, 
	0xA8, 0x76, 0x66, 0x66, 0x66, 0x77, 0x77, 0x88, 0x88, 0x88, 0x88, 0x87, 0x76, 0x66, 0x66, 
	0x66, 0x55, 0x55, 0x55, 0x55, 0x55, 0x55, 0x55, 0x55, 0x43, 0x33, 0x33, 0x34, 0x45, 0x55, 
	0x55, 0x55, 0x55, 0x55, 0x55, 0x67, 0x88, 0x99, 0x99, 0x99, 0x99, 0x9A, 0xAA, 0xAA, 0xAA, 
	0xAA, 0xAA, 0x98, 0x64, 0x22, 0x22, 0x22, 0x22, 0x22, 0x22, 0x22, 0x22, 0x22, 0x22, 0x22, 
	0x22, 0x22, 0x22, 0x22, 0x22, 0x22, 0x22, 0x22, 0x22, 0x22, 0x22, 0x22, 0x22, 0x22, 0x22, 
	0x33, 0x33, 0x33, 0x33, 0x33, 0x33, 0x33, 0x33, 0x33, 0x44, 0x44, 0x45, 0x55, 0x55, 0x66, 
	0x77, 0x78, 0x88, 0x88, 0x88, 0x87, 0x77, 0x77, 0x77, 0x77, 0x76, 0x66, 0x66, 0x66, 0x66, 
	0x55, 0x55, 0x55, 0x55, 0x55, 0x55, 0x54, 0x44, 0x33, 0x33, 0x34, 0x45, 0x55, 0x55, 0x55, 
	0x55, 0x55, 0x55, 0x55, 0x56, 0x78, 0xAA, 0xAA, 0xAA, 0xAA, 0x99, 0x75, 0x43, 0x33, 0x33, 
	0x33, 0x33, 0x33, 0x33, 0x33, 0x34, 0x46, 0x76, 0x43, 0x33, 0x33, 0x33, 0x44, 0x55, 0x55, 
	0x66, 0x67, 0x89, 0x9A, 0xAA, 0xAA, 0xAA, 0xAA, 0xAA, 0xAA, 0xAA, 0xAA, 0xA9, 0x76, 0x66, 
	0x66, 0x66, 0x66, 0x66, 0x66, 0x66, 0x66, 0x66, 0x66, 0x66, 0x66, 0x66, 0x66, 0x66, 0x66, 
	0x66, 0x66, 0x66, 0x66, 0x66, 0x66, 0x66, 0x66, 0x66, 0x66, 0x66, 0x66, 0x66, 0x66, 0x66, 
	0x66, 0x66, 0x66, 0x66, 0x66, 0x66, 0x66, 0x66, 0x66, 0x66, 0x66, 0x66, 0x66, 0x66, 0x66, 
	0x66, 0x66, 0x66, 0x66, 0x66, 0x66, 0x66, 0x66, 0x66, 0x66, 0x66, 0x66, 0x66, 0x66, 0x66, 
	0x66, 0x66, 0x66, 0x66, 0x66, 0x66, 0x66, 0x66, 0x66, 0x66, 0x66, 0x66, 0x66, 0x66, 0x66, 
	0x66, 0x66, 0x66, 0x66, 0x66, 0x66, 0x66, 0x66, 0x66, 0x66, 0x66, 0x66, 0x66, 0x66, 0x66, 
	0x66, 0x66, 0x66, 0x66, 0x66, 0x66, 0x66, 0x66, 0x66, 0x66, 0x66, 0x66, 0x67, 0x89, 0xA9, 
	0x99, 0xA9, 0x87, 0x66, 0x66, 0x66, 0x66, 0x77, 0x77, 0x77, 0x77, 0x77, 0x76, 0x66, 0x66, 
	0x66, 0x66, 0x66, 0x66, 0x66, 0x79, 0xAA, 0xAA, 0xAA, 0xAA, 0xAA, 0xAA, 0xAA, 0xAA, 0xAA, 
	0x97, 0x66, 0x66, 0x66, 0x67, 0x88, 0x88, 0x88, 0x88, 0x88, 0x88, 0x77, 0x66, 0x66, 0x66, 
	0x55, 0x55, 0x55, 0x55, 0x55, 0x55, 0x55, 0x55, 0x55, 0x44, 0x33, 0x33, 0x33, 0x44, 0x55, 
	0x55, 0x55, 0x55, 0x55, 0x56, 0x78, 0x89, 0x99, 0x99, 0x99, 0x99, 0x9A, 0xAA, 0xAA, 0xAA, 
	0xAA, 0xAA, 0xA9, 0x75, 0x32, 0x22, 0x22, 0x22, 0x22, 0x22, 0x22, 0x22, 0x22, 0x22, 0x22, 
	0x22, 0x22, 0x22, 0x22, 0x22, 0x22, 0x22, 0x22, 0x22, 0x22, 0x22, 0x22, 0x22, 0x22, 0x22, 
	0x33, 0x33, 0x33, 0x33, 0x33, 0x33, 0x33, 0x33, 0x33, 0x34, 0x44, 0x55, 0x54, 0x45, 0x56, 
	0x77, 0x78, 0x88, 0x88, 0x88, 0x88, 0x77, 0x77, 0x77, 0x77, 0x76, 0x66, 0x66, 0x66, 0x66, 
	0x55, 0x55, 0x55, 0x55, 0x55, 0x55, 0x44, 0x43, 0x33, 0x34, 0x44, 0x55, 0x55, 0x55, 0x55, 
	0x55, 0x55, 0x55, 0x55, 0x56, 0x78, 0xAA, 0xAA, 0xAA, 0xAA, 0xAA, 0x98, 0x76, 0x43, 0x33, 
	0x33, 0x33, 0x33, 0x22, 0x33, 0x56, 0x79, 0x97, 0x33, 0x33, 0x33, 0x33, 0x44, 0x55, 0x66, 
	0x65, 0x56, 0x67, 0x89, 0xAA, 0xAA, 0xAA, 0xAA, 0xAA, 0xAA, 0xAA, 0xAA, 0xA9, 0x76, 0x66, 
	0x66, 0x66, 0x66, 0x66, 0x66, 0x66, 0x66, 0x66, 0x66, 0x66, 0x66, 0x66, 0x66, 0x66, 0x66, 
	0x66, 0x66, 0x66, 0x66, 0x66, 0x66, 0x66, 0x66, 0x66, 0x66, 0x66, 0x66, 0x66, 0x66, 0x66, 
	0x66, 0x66, 0x66, 0x66, 0x66, 0x66, 0x66, 0x66, 0x66, 0x66, 0x66, 0x66, 0x66, 0x66, 0x66, 
	0x66, 0x66, 0x66, 0x66, 0x66, 0x66, 0x66, 0x66, 0x66, 0x66, 0x66, 0x66, 0x66, 0x66, 0x66, 
	0x66, 0x66, 0x66, 0x66, 0x66, 0x66, 0x66, 0x66, 0x66, 0x66, 0x66, 0x66, 0x66, 0x66, 0x66, 
	0x66, 0x66, 0x66, 0x66, 0x66, 0x66, 0x66, 0x66, 0x66, 0x66, 0x66, 0x66, 0x66, 0x66, 0x66, 
	0x66, 0x66, 0x66, 0x66, 0x66, 0x66, 0x66, 0x66, 0x66, 0x66, 0x66, 0x66, 0x66, 0x79, 0xAA, 
	0x99, 0xA9, 0x98, 0x76, 0x66, 0x66, 0x66, 0x77, 0x77, 0x77, 0x77, 0x77, 0x76, 0x66, 0x66, 
	0x66, 0x66, 0x66, 0x66, 0x66, 0x78, 0xAA, 0xAA, 0xAA, 0xAA, 0xAA, 0xAA, 0xAA, 0xAA, 0xAA, 
	0x97, 0x66, 0x66, 0x56, 0x67, 0x88, 0x88, 0x88, 0x88, 0x88, 0x77, 0x76, 0x66, 0x66, 0x65, 
	0x55, 0x55, 0x55, 0x55, 0x55, 0x55, 0x55, 0x55, 0x55, 0x44, 0x33, 0x33, 0x33, 0x44, 0x55, 
	0x55, 0x55, 0x55, 0x55, 0x56, 0x78, 0x88, 0x89, 0x99, 0x99, 0x99, 0x99, 0x99, 0xA9, 0xAA, 
	0x9A, 0xAA, 0xA9, 0x86, 0x42, 0x22, 0x22, 0x22, 0x22, 0x22, 0x22, 0x22, 0x22, 0x22, 0x22, 
	0x22, 0x22, 0x22, 0x22, 0x22, 0x22, 0x22, 0x22, 0x22, 0x22, 0x22, 0x22, 0x22, 0x22, 0x22, 
	0x33, 0x33, 0x33, 0x33, 0x33, 0x33, 0x33, 0x33, 0x33, 0x34, 0x44, 0x44, 0x54, 0x55, 0x56, 
	0x67, 0x77, 0x88, 0x88, 0x88, 0x88, 0x87, 0x77, 0x77, 0x77, 0x66, 0x66, 0x66, 0x66, 0x66, 
	0x65, 0x55, 0x55, 0x55, 0x55, 0x54, 0x44, 0x33, 0x33, 0x44, 0x44, 0x55, 0x55, 0x55, 0x55, 
	0x55, 0x55, 0x55, 0x55, 0x55, 0x68, 0xAA, 0xAA, 0xAA, 0xAA, 0xAA, 0xAA, 0xA9, 0x76, 0x65, 
	0x54, 0x44, 0x44, 0x55, 0x67, 0x78, 0x9A, 0xA8, 0x43, 0x33, 0x33, 0x34, 0x45, 0x55, 0x55, 
	0x56, 0x65, 0x66, 0x67, 0x9A, 0xAA, 0xAA, 0xAA, 0xAA, 0xAA, 0xAA, 0xAA, 0xA9, 0x76, 0x66, 
	0x66, 0x66, 0x66, 0x66, 0x66, 0x66, 0x66, 0x66, 0x66, 0x66, 0x66, 0x66, 0x66, 0x66, 0x66, 
	0x66, 0x66, 0x66, 0x66, 0x66, 0x66, 0x66, 0x66, 0x66, 0x66, 0x66, 0x66, 0x66, 0x66, 0x66, 
	0x66, 0x66, 0x66, 0x66, 0x66, 0x66, 0x66, 0x66, 0x66, 0x66, 0x66, 0x66, 0x66, 0x66, 0x66, 
	0x66, 0x66, 0x66, 0x66, 0x66, 0x66, 0x66, 0x66, 0x66, 0x66, 0x66, 0x66, 0x66, 0x66, 0x66, 
	0x66, 0x66, 0x66, 0x66, 0x66, 0x66, 0x66, 0x66, 0x66, 0x66, 0x66, 0x66, 0x66, 0x66, 0x66, 
	0x66, 0x66, 0x66, 0x66, 0x66, 0x66, 0x66, 0x66, 0x66, 0x66, 0x66, 0x66, 0x66, 0x66, 0x66, 
	0x66, 0x66, 0x66, 0x66, 0x66, 0x66, 0x66, 0x66, 0x66, 0x66, 0x66, 0x66, 0x66, 0x79, 0x9A, 
	0x99, 0xA9, 0x98, 0x76, 0x66, 0x66, 0x66, 0x77, 0x77, 0x77, 0x77, 0x77, 0x77, 0x66, 0x66, 
	0x66, 0x66, 0x66, 0x66, 0x66, 0x78, 0x9A, 0xAA, 0xAA, 0xAA, 0xAA, 0xAA, 0xAA, 0xAA, 0xAB, 
	0x96, 0x56, 0x66, 0x56, 0x67, 0x88, 0x88, 0x88, 0x88, 0x77, 0x76, 0x66, 0x66, 0x66, 0x55, 
	0x55, 0x55, 0x55, 0x55, 0x55, 0x55, 0x55, 0x55, 0x55, 0x44, 0x33, 0x33, 0x33, 0x44, 0x55, 
	0x55, 0x55, 0x55, 0x55, 0x55, 0x67, 0x89, 0x99, 0x99, 0x99, 0x99, 0x99, 0x99, 0x99, 0x9A, 
	0xA9, 0x9A, 0xA9, 0x97, 0x53, 0x22, 0x22, 0x22, 0x22, 0x22, 0x22, 0x22, 0x22, 0x22, 0x22, 
	0x22, 0x22, 0x22, 0x22, 0x22, 0x22, 0x22, 0x22, 0x22, 0x22, 0x22, 0x22, 0x22, 0x22, 0x22, 
	0x33, 0x33, 0x33, 0x33, 0x33, 0x33, 0x33, 0x33, 0x33, 0x34, 0x44, 0x44, 0x44, 0x55, 0x55, 
	0x66, 0x77, 0x88, 0x88, 0x88, 0x88, 0x88, 0x77, 0x77, 0x77, 0x66, 0x66, 0x66, 0x66, 0x66, 
	0x65, 0x55, 0x55, 0x55, 0x55, 0x44, 0x33, 0x33, 0x33, 0x44, 0x45, 0x55, 0x55, 0x55, 0x55, 
	0x55, 0x55, 0x55, 0x55, 0x55, 0x68, 0xAA, 0xAA, 0xAA, 0xAA, 0xAA, 0xAA, 0xAA, 0xA9, 0x98, 
	0x87, 0x77, 0x77, 0x88, 0x99, 0xAA, 0xAA, 0xA7, 0x53, 0x33, 0x33, 0x34, 0x55, 0x55, 0x66, 
	0x56, 0x65, 0x56, 0x66, 0x78, 0x9A, 0xAA, 0xAA, 0xAA, 0xAA, 0xAA, 0xAA, 0xA9, 0x66, 0x66, 
	0x66, 0x66, 0x66, 0x66, 0x66, 0x66, 0x66, 0x66, 0x66, 0x66, 0x66, 0x66, 0x66, 0x66, 0x66, 
	0x66, 0x66, 0x66, 0x66, 0x66, 0x66, 0x66, 0x66, 0x66, 0x66, 0x66, 0x66, 0x66, 0x66, 0x66, 
	0x66, 0x66, 0x66, 0x66, 0x66, 0x66, 0x66, 0x66, 0x66, 0x66, 0x66, 0x66, 0x66, 0x66, 0x66, 
	0x66, 0x66, 0x66, 0x66, 0x66, 0x66, 0x66, 0x66, 0x66, 0x66, 0x66, 0x66, 0x66, 0x66, 0x66, 
	0x66, 0x66, 0x66, 0x66, 0x66, 0x66, 0x66, 0x66, 0x66, 0x66, 0x66, 0x66, 0x66, 0x66, 0x66, 
	0x66, 0x66, 0x66, 0x66, 0x66, 0x66, 0x66, 0x66, 0x66, 0x66, 0x66, 0x66, 0x66, 0x66, 0x66, 
	0x66, 0x66, 0x66, 0x66, 0x66, 0x66, 0x66, 0x66, 0x66, 0x66, 0x66, 0x66, 0x66, 0x78, 0x9A, 
	0xA9, 0xA9, 0x99, 0x87, 0x65, 0x66, 0x66, 0x77, 0x77, 0x77, 0x77, 0x77, 0x77, 0x66, 0x66, 
	0x66, 0x66, 0x66, 0x66, 0x66, 0x78, 0x9A, 0xAA, 0xAA, 0xAA, 0xAA, 0xAA, 0xAA, 0xAA, 0xAA, 
	0x97, 0x66, 0x66, 0x66, 0x66, 0x77, 0x77, 0x77, 0x77, 0x76, 0x66, 0x66, 0x66, 0x65, 0x55, 
	0x55, 0x55, 0x55, 0x55, 0x55, 0x55, 0x55, 0x55, 0x55, 0x44, 0x33, 0x33, 0x33, 0x44, 0x55, 
	0x55, 0x55, 0x55, 0x55, 0x55, 0x56, 0x78, 0x88, 0x99, 0x99, 0x99, 0x99, 0x99, 0x99, 0x99, 
	0x99, 0x99, 0xAA, 0x98, 0x64, 0x22, 0x22, 0x22, 0x22, 0x22, 0x22, 0x22, 0x22, 0x22, 0x22, 
	0x22, 0x22, 0x22, 0x22, 0x22, 0x22, 0x22, 0x22, 0x22, 0x22, 0x22, 0x22, 0x22, 0x22, 0x22, 
	0x33, 0x33, 0x22, 0x22, 0x33, 0x33, 0x33, 0x33, 0x33, 0x34, 0x44, 0x44, 0x44, 0x55, 0x55, 
	0x56, 0x67, 0x77, 0x78, 0x88, 0x88, 0x88, 0x87, 0x77, 0x77, 0x66, 0x66, 0x66, 0x66, 0x66, 
	0x55, 0x55, 0x55, 0x55, 0x54, 0x44, 0x33, 0x33, 0x34, 0x45, 0x55, 0x55, 0x55, 0x55, 0x55, 
	0x55, 0x55, 0x55, 0x55, 0x55, 0x68, 0x9A, 0xAA, 0xAA, 0xAA, 0xAA, 0xAA, 0xAA, 0xAA, 0xA9, 
	0x99, 0x99, 0x99, 0x9A, 0xAA, 0xAA, 0xAA, 0xA9, 0x64, 0x33, 0x33, 0x45, 0x55, 0x56, 0x65, 
	0x56, 0x65, 0x55, 0x55, 0x67, 0x89, 0xAA, 0xAA, 0xAA, 0xAA, 0xAA, 0xAA, 0xA8, 0x66, 0x66, 
	0x66, 0x66, 0x66, 0x66, 0x66, 0x66, 0x66, 0x66, 0x66, 0x66, 0x66, 0x66, 0x66, 0x66, 0x66, 
	0x66, 0x66, 0x66, 0x66, 0x66, 0x66, 0x66, 0x66, 0x66, 0x66, 0x66, 0x66, 0x66, 0x66, 0x66, 
	0x66, 0x66, 0x66, 0x66, 0x66, 0x66, 0x66, 0x66, 0x66, 0x66, 0x66, 0x66, 0x66, 0x66, 0x66, 
	0x66, 0x66, 0x66, 0x66, 0x66, 0x66, 0x66, 0x66, 0x66, 0x66, 0x66, 0x66, 0x66, 0x66, 0x66, 
	0x66, 0x66, 0x66, 0x66, 0x66, 0x66, 0x66, 0x66, 0x66, 0x66, 0x66, 0x66, 0x66, 0x66, 0x66, 
	0x66, 0x66, 0x66, 0x66, 0x66, 0x66, 0x66, 0x66, 0x66, 0x66, 0x66, 0x66, 0x66, 0x66, 0x66, 
	0x66, 0x66, 0x66, 0x66, 0x66, 0x66, 0x66, 0x66, 0x66, 0x66, 0x66, 0x66, 0x66, 0x68, 0x99, 
	0xAA, 0x99, 0x99, 0x97, 0x66, 0x66, 0x66, 0x66, 0x77, 0x77, 0x77, 0x77, 0x76, 0x66, 0x66, 
	0x66, 0x66, 0x66, 0x66, 0x66, 0x68, 0x9A, 0xAA, 0xAA, 0xAA, 0xAA, 0xAA, 0xAA, 0xAA, 0xAA, 
	0x97, 0x65, 0x56, 0x66, 0x66, 0x66, 0x67, 0x77, 0x66, 0x66, 0x66, 0x66, 0x65, 0x55, 0x55, 
	0x55, 0x55, 0x55, 0x55, 0x55, 0x55, 0x55, 0x55, 0x55, 0x44, 0x33, 0x33, 0x33, 0x44, 0x55, 
	0x55, 0x55, 0x55, 0x55, 0x55, 0x56, 0x78, 0x88, 0x89, 0x99, 0x99, 0x99, 0x99, 0x99, 0x99, 
	0x99, 0x99, 0xAA, 0xA9, 0x75, 0x32, 0x22, 0x22, 0x22, 0x22, 0x22, 0x22, 0x22, 0x22, 0x22, 
	0x22, 0x22, 0x22, 0x22, 0x22, 0x22, 0x22, 0x22, 0x22, 0x22, 0x22, 0x22, 0x22, 0x22, 0x22, 
	0x33, 0x32, 0x22, 0x22, 0x22, 0x33, 0x33, 0x33, 0x33, 0x33, 0x33, 0x44, 0x44, 0x44, 0x44, 
	0x55, 0x66, 0x77, 0x77, 0x88, 0x88, 0x88, 0x77, 0x77, 0x76, 0x66, 0x66, 0x66, 0x66, 0x55, 
	0x44, 0x45, 0x55, 0x55, 0x54, 0x43, 0x33, 0x33, 0x44, 0x55, 0x55, 0x55, 0x55, 0x55, 0x55, 
	0x55, 0x55, 0x55, 0x55, 0x55, 0x68, 0x9A, 0xAA, 0xAA, 0xAA, 0xAA, 0xAA, 0xAA, 0xAA, 0xAA, 
	0xAA, 0xAA, 0xAA, 0xAA, 0xAA, 0xAA, 0xAA, 0xA9, 0x75, 0x33, 0x44, 0x45, 0x56, 0x66, 0x65, 
	0x66, 0x66, 0x66, 0x65, 0x66, 0x79, 0xAA, 0xAA, 0xAA, 0xAA, 0xAA, 0xAA, 0x98, 0x65, 0x66, 
	0x66, 0x66, 0x66, 0x66, 0x66, 0x66, 0x66, 0x66, 0x66, 0x66, 0x66, 0x66, 0x66, 0x66, 0x66, 
	0x66, 0x66, 0x66, 0x66, 0x66, 0x66, 0x66, 0x66, 0x66, 0x66, 0x66, 0x66, 0x66, 0x66, 0x66, 
	0x66, 0x66, 0x66, 0x66, 0x66, 0x66, 0x66, 0x66, 0x66, 0x66, 0x66, 0x66, 0x66, 0x66, 0x66, 
	0x66, 0x66, 0x66, 0x66, 0x66, 0x66, 0x66, 0x66, 0x66, 0x66, 0x66, 0x66, 0x66, 0x66, 0x66, 
	0x66, 0x66, 0x66, 0x66, 0x66, 0x66, 0x66, 0x66, 0x66, 0x66, 0x66, 0x66, 0x66, 0x66, 0x66, 
	0x66, 0x66, 0x66, 0x66, 0x66, 0x66, 0x66, 0x66, 0x66, 0x66, 0x66, 0x66, 0x66, 0x66, 0x66, 
	0x66, 0x66, 0x66, 0x66, 0x66, 0x66, 0x66, 0x66, 0x66, 0x66, 0x66, 0x66, 0x66, 0x68, 0x99, 
	0x99, 0x99, 0x9A, 0x98, 0x76, 0x66, 0x66, 0x66, 0x67, 0x77, 0x77, 0x77, 0x77, 0x66, 0x66, 
	0x66, 0x66, 0x66, 0x66, 0x66, 0x67, 0x9A, 0xAA, 0xAA, 0xAA, 0xAA, 0xAA, 0xAA, 0xAA, 0xAA, 
	0x98, 0x65, 0x55, 0x66, 0x66, 0x66, 0x66, 0x66, 0x66, 0x66, 0x66, 0x65, 0x55, 0x55, 0x54, 
	0x55, 0x55, 0x55, 0x55, 0x55, 0x55, 0x55, 0x55, 0x55, 0x44, 0x33, 0x33, 0x33, 0x44, 0x55, 
	0x55, 0x55, 0x55, 0x55, 0x55, 0x55, 0x67, 0x88, 0x88, 0x88, 0x99, 0x99, 0x99, 0x99, 0x99, 
	0x99, 0x99, 0x99, 0x99, 0x75, 0x32, 0x22, 0x22, 0x22, 0x22, 0x22, 0x22, 0x22, 0x22, 0x22, 
	0x22, 0x22, 0x22, 0x22, 0x22, 0x22, 0x22, 0x22, 0x22, 0x22, 0x22, 0x22, 0x22, 0x22, 0x22, 
	0x33, 0x32, 0x22, 0x22, 0x22, 0x23, 0x33, 0x33, 0x33, 0x33, 0x33, 0x34, 0x44, 0x44, 0x44, 
	0x55, 0x56, 0x77, 0x77, 0x77, 0x78, 0x88, 0x77, 0x77, 0x66, 0x66, 0x66, 0x66, 0x65, 0x44, 
	0x43, 0x45, 0x55, 0x55, 0x44, 0x33, 0x33, 0x34, 0x45, 0x55, 0x55, 0x55, 0x55, 0x55, 0x55, 
	0x55, 0x55, 0x55, 0x55, 0x55, 0x68, 0x9A, 0xAA, 0xAA, 0xAA, 0xAA, 0xAA, 0xAA, 0xAA, 0xAA, 
	0xAA, 0xAA, 0xAA, 0xAA, 0xAA, 0xAA, 0xAA, 0xA9, 0x96, 0x33, 0x45, 0x55, 0x66, 0x66, 0x65, 
	0x67, 0x88, 0x87, 0x66, 0x65, 0x68, 0x9A, 0xAA, 0xAA, 0xAA, 0xAA, 0xAA, 0x98, 0x65, 0x66, 
	0x66, 0x66, 0x66, 0x66, 0x66, 0x66, 0x66, 0x66, 0x66, 0x66, 0x66, 0x66, 0x66, 0x66, 0x66, 
	0x66, 0x66, 0x66, 0x66, 0x66, 0x66, 0x66, 0x66, 0x66, 0x66, 0x66, 0x66, 0x66, 0x66, 0x66, 
	0x66, 0x66, 0x66, 0x66, 0x66, 0x66, 0x66, 0x66, 0x66, 0x66, 0x66, 0x66, 0x66, 0x66, 0x66, 
	0x66, 0x66, 0x66, 0x66, 0x66, 0x66, 0x66, 0x66, 0x66, 0x66, 0x66, 0x66, 0x66, 0x66, 0x66, 
	0x66, 0x66, 0x66, 0x66, 0x66, 0x66, 0x66, 0x66, 0x66, 0x66, 0x66, 0x66, 0x66, 0x66, 0x66, 
	0x66, 0x66, 0x66, 0x66, 0x66, 0x66, 0x66, 0x66, 0x66, 0x66, 0x66, 0x66, 0x66, 0x66, 0x66, 
	0x66, 0x66, 0x66, 0x66, 0x66, 0x66, 0x66, 0x66, 0x66, 0x66, 0x66, 0x66, 0x65, 0x67, 0x99, 
	0xA9, 0x99, 0x99, 0x98, 0x76, 0x66, 0x66, 0x66, 0x67, 0x77, 0x77, 0x77, 0x77, 0x66, 0x66, 
	0x66, 0x66, 0x66, 0x66, 0x66, 0x67, 0x9A, 0xAA, 0xAA, 0xAA, 0xAA, 0xAA, 0xAA, 0xAA, 0xAA, 
	0xA9, 0x76, 0x66, 0x66, 0x66, 0x66, 0x66, 0x66, 0x66, 0x56, 0x55, 0x55, 0x55, 0x55, 0x54, 
	0x55, 0x55, 0x55, 0x55, 0x55, 0x55, 0x55, 0x55, 0x55, 0x44, 0x33, 0x33, 0x33, 0x44, 0x55, 
	0x55, 0x55, 0x55, 0x55, 0x55, 0x55, 0x56, 0x78, 0x88, 0x88, 0x88, 0x99, 0x99, 0x99, 0x99, 
	0x99, 0x99, 0x99, 0x87, 0x65, 0x43, 0x22, 0x22, 0x22, 0x22, 0x22, 0x22, 0x22, 0x22, 0x22, 
	0x22, 0x22, 0x22, 0x22, 0x22, 0x22, 0x22, 0x22, 0x22, 0x22, 0x22, 0x22, 0x22, 0x22, 0x22, 
	0x33, 0x32, 0x22, 0x22, 0x22, 0x23, 0x33, 0x33, 0x33, 0x33, 0x33, 0x34, 0x44, 0x44, 0x44, 
	0x44, 0x56, 0x67, 0x77, 0x77, 0x77, 0x77, 0x77, 0x77, 0x66, 0x66, 0x66, 0x66, 0x54, 0x44, 
	0x33, 0x44, 0x55, 0x54, 0x43, 0x33, 0x33, 0x44, 0x55, 0x55, 0x55, 0x55, 0x55, 0x55, 0x55, 
	0x55, 0x55, 0x55, 0x55, 0x55, 0x67, 0x9A, 0xAA, 0xAA, 0xAA, 0xAA, 0xAA, 0xAA, 0xAA, 0xAA, 
	0xAA, 0xAA, 0xAA, 0xAA, 0xAA, 0xAA, 0xAA, 0xAA, 0xA7, 0x54, 0x55, 0x65, 0x66, 0x66, 0x55, 
	0x67, 0x78, 0x98, 0x87, 0x66, 0x67, 0x89, 0xAA, 0xAA, 0xAA, 0xAA, 0xAA, 0x98, 0x65, 0x66, 
	0x66, 0x66, 0x66, 0x66, 0x66, 0x66, 0x66, 0x66, 0x66, 0x66, 0x66, 0x66, 0x66, 0x66, 0x66, 
	0x66, 0x66, 0x66, 0x66, 0x66, 0x66, 0x66, 0x66, 0x66, 0x66, 0x66, 0x66, 0x66, 0x66, 0x66, 
	0x66, 0x66, 0x66, 0x66, 0x66, 0x66, 0x66, 0x66, 0x66, 0x66, 0x66, 0x66, 0x66, 0x66, 0x66, 
	0x66, 0x66, 0x66, 0x66, 0x66, 0x66, 0x66, 0x66, 0x66, 0x66, 0x66, 0x66, 0x66, 0x66, 0x66, 
	0x66, 0x66, 0x66, 0x66, 0x66, 0x66, 0x66, 0x66, 0x66, 0x66, 0x66, 0x66, 0x66, 0x66, 0x66, 
	0x66, 0x66, 0x66, 0x66, 0x66, 0x66, 0x66, 0x66, 0x66, 0x66, 0x66, 0x66, 0x66, 0x66, 0x66, 
	0x66, 0x66, 0x66, 0x66, 0x66, 0x66, 0x66, 0x66, 0x66, 0x66, 0x66, 0x66, 0x65, 0x67, 0x89, 
	0xA9, 0x99, 0x99, 0x99, 0x77, 0x66, 0x66, 0x66, 0x66, 0x67, 0x77, 0x77, 0x77, 0x66, 0x66, 
	0x66, 0x66, 0x66, 0x66, 0x66, 0x67, 0x8A, 0xAA, 0xAA, 0xAA, 0xAA, 0xAA, 0xAA, 0xAA, 0xAA, 
	0xAA, 0x98, 0x77, 0x66, 0x66, 0x66, 0x66, 0x66, 0x66, 0x65, 0x55, 0x55, 0x55, 0x55, 0x55, 
	0x55, 0x55, 0x55, 0x55, 0x55, 0x55, 0x55, 0x55, 0x55, 0x44, 0x33, 0x33, 0x33, 0x44, 0x55, 
	0x55, 0x55, 0x55, 0x55, 0x55, 0x55, 0x56, 0x78, 0x88, 0x88, 0x88, 0x89, 0x99, 0x99, 0x99, 
	0x99, 0x99, 0x88, 0x76, 0x55, 0x43, 0x22, 0x22, 0x22, 0x22, 0x22, 0x22, 0x22, 0x22, 0x22, 
	0x22, 0x22, 0x22, 0x22, 0x22, 0x22, 0x22, 0x22, 0x22, 0x22, 0x22, 0x22, 0x22, 0x22, 0x22, 
	0x33, 0x32, 0x22, 0x22, 0x22, 0x22, 0x22, 0x33, 0x33, 0x33, 0x33, 0x34, 0x44, 0x44, 0x44, 
	0x44, 0x55, 0x56, 0x77, 0x77, 0x77, 0x77, 0x77, 0x77, 0x66, 0x66, 0x66, 0x55, 0x44, 0x43, 
	0x33, 0x44, 0x55, 0x44, 0x33, 0x33, 0x34, 0x45, 0x55, 0x55, 0x55, 0x55, 0x55, 0x55, 0x55, 
	0x55, 0x55, 0x55, 0x55, 0x55, 0x67, 0x9A, 0xAA, 0xAA, 0xAA, 0xAA, 0xAA, 0xAA, 0xAA, 0xAA, 
	0xAA, 0xAA, 0xAA, 0xAA, 0xAA, 0xAA, 0xAA, 0x9A, 0xA9, 0x76, 0x55, 0x65, 0x56, 0x65, 0x55, 
	0x66, 0x67, 0x88, 0x88, 0x77, 0x66, 0x78, 0xAA, 0xAA, 0xAA, 0xAA, 0xAA, 0x97, 0x65, 0x66, 
	0x66, 0x66, 0x66, 0x66, 0x66, 0x66, 0x66, 0x66, 0x66, 0x66, 0x66, 0x66, 0x66, 0x66, 0x66, 
	0x66, 0x66, 0x66, 0x66, 0x66, 0x66, 0x66, 0x66, 0x66, 0x66, 0x66, 0x66, 0x66, 0x66, 0x66, 
	0x66, 0x66, 0x66, 0x66, 0x66, 0x55, 0x56, 0x66, 0x66, 0x66, 0x66, 0x66, 0x66, 0x66, 0x66, 
	0x66, 0x66, 0x66, 0x66, 0x66, 0x66, 0x66, 0x66, 0x66, 0x66, 0x66, 0x66, 0x66, 0x66, 0x66, 
	0x66, 0x66, 0x66, 0x66, 0x66, 0x66, 0x66, 0x66, 0x66, 0x66, 0x66, 0x66, 0x66, 0x66, 0x66, 
	0x66, 0x66, 0x66, 0x66, 0x66, 0x66, 0x66, 0x66, 0x66, 0x66, 0x66, 0x66, 0x66, 0x66, 0x66, 
	0x66, 0x66, 0x66, 0x66, 0x66, 0x66, 0x66, 0x66, 0x66, 0x66, 0x66, 0x66, 0x65, 0x66, 0x89, 
	0xA9, 0x99, 0x99, 0x99, 0x87, 0x66, 0x66, 0x66, 0x66, 0x67, 0x77, 0x77, 0x77, 0x66, 0x66, 
	0x66, 0x66, 0x66, 0x66, 0x66, 0x67, 0x89, 0xAA, 0xAA, 0xAA, 0xAA, 0xAA, 0xAA, 0xAA, 0xAA, 
	0xAA, 0xA9, 0x98, 0x76, 0x65, 0x66, 0x55, 0x55, 0x55, 0x55, 0x55, 0x55, 0x55, 0x55, 0x55, 
	0x55, 0x55, 0x55, 0x55, 0x55, 0x55, 0x55, 0x55, 0x55, 0x44, 0x33, 0x33, 0x33, 0x44, 0x55, 
	0x55, 0x55, 0x55, 0x55, 0x55, 0x55, 0x55, 0x67, 0x88, 0x88, 0x88, 0x88, 0x88, 0x99, 0x99, 
	0x99, 0x88, 0x77, 0x65, 0x55, 0x43, 0x32, 0x22, 0x22, 0x22, 0x22, 0x22, 0x22, 0x22, 0x22, 
	0x22, 0x22, 0x22, 0x22, 0x22, 0x22, 0x22, 0x22, 0x22, 0x22, 0x22, 0x22, 0x22, 0x22, 0x22, 
	0x33, 0x32, 0x22, 0x22, 0x22, 0x22, 0x22, 0x23, 0x33, 0x33, 0x33, 0x44, 0x44, 0x44, 0x44, 
	0x44, 0x44, 0x55, 0x67, 0x77, 0x77, 0x77, 0x77, 0x77, 0x66, 0x66, 0x66, 0x54, 0x44, 0x43, 
	0x33, 0x44, 0x44, 0x44, 0x33, 0x33, 0x44, 0x55, 0x55, 0x55, 0x55, 0x55, 0x55, 0x55, 0x55, 
	0x55, 0x55, 0x55, 0x55, 0x55, 0x67, 0x9A, 0xAA, 0xAA, 0xAA, 0xAA, 0xAA, 0xAA, 0xAA, 0xAA, 
	0xAA, 0xAA, 0xAA, 0xAA, 0xAA, 0xAA, 0xAA, 0x9A, 0xA9, 0x87, 0x65, 0x65, 0x66, 0x65, 0x55, 
	0x56, 0x67, 0x88, 0x98, 0x87, 0x65, 0x68, 0x9A, 0xAA, 0xAA, 0xAA, 0xA9, 0x87, 0x65, 0x66, 
	0x66, 0x66, 0x66, 0x66, 0x66, 0x66, 0x66, 0x66, 0x66, 0x66, 0x66, 0x66, 0x66, 0x66, 0x66, 
	0x66, 0x66, 0x66, 0x66, 0x66, 0x66, 0x66, 0x66, 0x66, 0x66, 0x66, 0x66, 0x66, 0x66, 0x66, 
	0x66, 0x66, 0x66, 0x66, 0x55, 0x55, 0x55, 0x66, 0x66, 0x66, 0x66, 0x66, 0x66, 0x66, 0x66, 
	0x66, 0x66, 0x66, 0x66, 0x66, 0x66, 0x66, 0x66, 0x66, 0x66, 0x66, 0x66, 0x66, 0x66, 0x66, 
	0x66, 0x66, 0x66, 0x66, 0x66, 0x66, 0x66, 0x66, 0x66, 0x66, 0x66, 0x66, 0x66, 0x66, 0x66, 
	0x66, 0x66, 0x66, 0x66, 0x66, 0x66, 0x66, 0x66, 0x66, 0x66, 0x66, 0x66, 0x66, 0x66, 0x66, 
	0x66, 0x66, 0x66, 0x66, 0x66, 0x66, 0x66, 0x66, 0x66, 0x66, 0x66, 0x66, 0x66, 0x56, 0x79, 
	0x99, 0x99, 0x99, 0x99, 0x98, 0x66, 0x66, 0x66, 0x66, 0x66, 0x77, 0x77, 0x77, 0x66, 0x66, 
	0x66, 0x66, 0x66, 0x66, 0x66, 0x66, 0x79, 0xAB, 0xAA, 0xAA, 0xAA, 0xAA, 0xAA, 0xAA, 0xAA, 
	0xAA, 0xAA, 0xA9, 0x87, 0x55, 0x55, 0x55, 0x55, 0x55, 0x55, 0x55, 0x55, 0x55, 0x55, 0x55, 
	0x55, 0x55, 0x55, 0x55, 0x55, 0x55, 0x55, 0x55, 0x55, 0x44, 0x33, 0x33, 0x33, 0x44, 0x55, 
	0x55, 0x55, 0x55, 0x55, 0x55, 0x55, 0x55, 0x56, 0x78, 0x88, 0x88, 0x88, 0x88, 0x88, 0x88, 
	0x88, 0x77, 0x66, 0x54, 0x55, 0x44, 0x32, 0x22, 0x22, 0x22, 0x22, 0x22, 0x22, 0x22, 0x22, 
	0x22, 0x22, 0x22, 0x22, 0x22, 0x22, 0x22, 0x22, 0x22, 0x22, 0x22, 0x22, 0x22, 0x22, 0x22, 
	0x33, 0x32, 0x22, 0x22, 0x22, 0x22, 0x22, 0x33, 0x33, 0x33, 0x33, 0x33, 0x33, 0x33, 0x34, 
	0x44, 0x44, 0x45, 0x56, 0x67, 0x76, 0x66, 0x66, 0x66, 0x66, 0x66, 0x65, 0x44, 0x44, 0x43, 
	0x34, 0x44, 0x44, 0x43, 0x33, 0x34, 0x44, 0x55, 0x55, 0x55, 0x55, 0x55, 0x55, 0x55, 0x55, 
	0x55, 0x55, 0x55, 0x55, 0x55, 0x67, 0x8A, 0xAA, 0xAA, 0xAA, 0xAA, 0xAA, 0xAA, 0xAA, 0xAA, 
	0xAA, 0xAA, 0xAA, 0xAA, 0xAA, 0xAA, 0xAA, 0xA9, 0xA9, 0x98, 0x76, 0x55, 0x56, 0x66, 0x66, 
	0x55, 0x66, 0x77, 0x88, 0x88, 0x66, 0x67, 0x89, 0xAA, 0xAA, 0xAA, 0xA9, 0x86, 0x66, 0x66, 
	0x66, 0x66, 0x66, 0x66, 0x66, 0x66, 0x66, 0x66, 0x66, 0x66, 0x66, 0x66, 0x66, 0x66, 0x66, 
	0x66, 0x66, 0x55, 0x66, 0x66, 0x66, 0x66, 0x66, 0x66, 0x66, 0x66, 0x66, 0x66, 0x66, 0x55, 
	0x55, 0x66, 0x66, 0x55, 0x65, 0x56, 0x66, 0x56, 0x66, 0x65, 0x56, 0x65, 0x66, 0x66, 0x66, 
	0x66, 0x56, 0x66, 0x66, 0x65, 0x66, 0x66, 0x66, 0x66, 0x66, 0x66, 0x66, 0x66, 0x66, 0x66, 
	0x66, 0x66, 0x66, 0x66, 0x66, 0x66, 0x66, 0x66, 0x66, 0x66, 0x66, 0x66, 0x66, 0x66, 0x66, 
	0x66, 0x66, 0x66, 0x66, 0x66, 0x66, 0x66, 0x66, 0x66, 0x66, 0x66, 0x66, 0x66, 0x66, 0x66, 
	0x66, 0x66, 0x66, 0x66, 0x66, 0x66, 0x66, 0x66, 0x66, 0x66, 0x66, 0x65, 0x66, 0x56, 0x79, 
	0x99, 0x99, 0x99, 0x99, 0x98, 0x76, 0x66, 0x66, 0x66, 0x66, 0x67, 0x77, 0x77, 0x66, 0x66, 
	0x66, 0x66, 0x66, 0x66, 0x66, 0x66, 0x79, 0xAA, 0xAA, 0xAA, 0xAA, 0xAA, 0xAA, 0xAA, 0xAA, 
	0xAA, 0xAA, 0xAA, 0x87, 0x65, 0x55, 0x55, 0x55, 0x55, 0x55, 0x55, 0x55, 0x55, 0x55, 0x55, 
	0x55, 0x55, 0x55, 0x55, 0x55, 0x55, 0x55, 0x55, 0x55, 0x44, 0x33, 0x33, 0x33, 0x44, 0x55, 
	0x55, 0x55, 0x55, 0x55, 0x55, 0x55, 0x55, 0x55, 0x67, 0x78, 0x88, 0x88, 0x88, 0x88, 0x98, 
	0x87, 0x66, 0x55, 0x55, 0x55, 0x44, 0x33, 0x22, 0x22, 0x22, 0x22, 0x22, 0x22, 0x22, 0x22, 
	0x22, 0x22, 0x22, 0x22, 0x22, 0x22, 0x22, 0x22, 0x22, 0x22, 0x22, 0x22, 0x22, 0x22, 0x22, 
	0x33, 0x22, 0x22, 0x22, 0x22, 0x22, 0x22, 0x23, 0x33, 0x33, 0x33, 0x33, 0x33, 0x33, 0x34, 
	0x43, 0x43, 0x44, 0x55, 0x66, 0x66, 0x66, 0x66, 0x66, 0x66, 0x66, 0x55, 0x44, 0x44, 0x44, 
	0x44, 0x33, 0x33, 0x33, 0x33, 0x44, 0x44, 0x55, 0x55, 0x55, 0x55, 0x55, 0x55, 0x55, 0x55, 
	0x55, 0x55, 0x55, 0x55, 0x55, 0x67, 0x89, 0xAA, 0xAA, 0xAA, 0xAA, 0xAA, 0xAA, 0xAA, 0xAA, 
	0xAA, 0xAA, 0xAA, 0xAA, 0xAA, 0xAA, 0xAA, 0xAA, 0xAA, 0x99, 0x86, 0x65, 0x56, 0x66, 0x66, 
	0x55, 0x56, 0x67, 0x78, 0x88, 0x76, 0x66, 0x79, 0xAA, 0xAA, 0xAA, 0xA9, 0x86, 0x66, 0x66, 
	0x66, 0x66, 0x66, 0x66, 0x66, 0x66, 0x66, 0x66, 0x66, 0x66, 0x55, 0x55, 0x55, 0x55, 0x55, 
	0x55, 0x56, 0x66, 0x66, 0x66, 0x66, 0x66, 0x55, 0x55, 0x55, 0x55, 0x55, 0x55, 0x55, 0x66, 
	0x66, 0x55, 0x55, 0x55, 0x55, 0x56, 0x65, 0x56, 0x56, 0x65, 0x56, 0x65, 0x56, 0x66, 0x66, 
	0x66, 0x55, 0x66, 0x66, 0x55, 0x56, 0x66, 0x66, 0x66, 0x55, 0x56, 0x66, 0x66, 0x66, 0x66, 
	0x66, 0x66, 0x66, 0x66, 0x66, 0x66, 0x66, 0x66, 0x66, 0x66, 0x66, 0x66, 0x66, 0x66, 0x66, 
	0x66, 0x66, 0x66, 0x66, 0x66, 0x66, 0x66, 0x66, 0x66, 0x66, 0x66, 0x66, 0x66, 0x66, 0x66, 
	0x66, 0x66, 0x66, 0x66, 0x66, 0x66, 0x66, 0x66, 0x66, 0x66, 0x66, 0x66, 0x66, 0x56, 0x78, 
	0x99, 0x99, 0x99, 0x99, 0x99, 0x76, 0x66, 0x66, 0x66, 0x66, 0x67, 0x77, 0x76, 0x66, 0x66, 
	0x66, 0x66, 0x66, 0x66, 0x66, 0x66, 0x79, 0xAA, 0xAA, 0xAA, 0xAA, 0xAA, 0xAA, 0xAA, 0xAA, 
	0xAA, 0xAA, 0xA9, 0x87, 0x65, 0x55, 0x55, 0x55, 0x55, 0x55, 0x55, 0x55, 0x55, 0x55, 0x55, 
	0x55, 0x55, 0x55, 0x55, 0x55, 0x55, 0x55, 0x55, 0x55, 0x44, 0x33, 0x33, 0x33, 0x44, 0x55, 
	0x55, 0x55, 0x55, 0x55, 0x55, 0x55, 0x54, 0x55, 0x67, 0x77, 0x77, 0x78, 0x88, 0x88, 0x87, 
	0x66, 0x55, 0x55, 0x54, 0x55, 0x54, 0x43, 0x22, 0x22, 0x22, 0x22, 0x22, 0x22, 0x22, 0x22, 
	0x22, 0x22, 0x22, 0x22, 0x22, 0x22, 0x22, 0x22, 0x22, 0x22, 0x22, 0x22, 0x22, 0x22, 0x22, 
	0x22, 0x22, 0x22, 0x22, 0x22, 0x22, 0x22, 0x23, 0x33, 0x33, 0x33, 0x33, 0x33, 0x33, 0x33, 
	0x33, 0x43, 0x34, 0x44, 0x56, 0x66, 0x66, 0x66, 0x66, 0x66, 0x65, 0x54, 0x44, 0x33, 0x34, 
	0x44, 0x33, 0x33, 0x33, 0x33, 0x45, 0x55, 0x55, 0x55, 0x55, 0x55, 0x55, 0x55, 0x55, 0x55, 
	0x55, 0x55, 0x55, 0x55, 0x55, 0x56, 0x89, 0xAA, 0xAA, 0xAA, 0xAA, 0xAA, 0xAA, 0xAA, 0xAA, 
	0xAA, 0xAA, 0xAA, 0xAA, 0xAA, 0xAA, 0xAA, 0xAA, 0x9A, 0xA9, 0x98, 0x66, 0x65, 0x66, 0x65, 
	0x56, 0x55, 0x66, 0x78, 0x88, 0x87, 0x55, 0x79, 0xAA, 0xAA, 0xAA, 0xA9, 0x76, 0x55, 0x66, 
	0x66, 0x65, 0x66, 0x66, 0x66, 0x66, 0x66, 0x66, 0x55, 0x55, 0x66, 0x66, 0x55, 0x55, 0x55, 
	0x55, 0x55, 0x66, 0x55, 0x55, 0x55, 0x55, 0x55, 0x55, 0x55, 0x55, 0x66, 0x55, 0x55, 0x55, 
	0x55, 0x55, 0x55, 0x55, 0x55, 0x55, 0x55, 0x55, 0x55, 0x55, 0x55, 0x55, 0x55, 0x56, 0x66, 
	0x66, 0x55, 0x66, 0x66, 0x55, 0x55, 0x55, 0x55, 0x66, 0x66, 0x66, 0x66, 0x66, 0x66, 0x55, 
	0x55, 0x55, 0x66, 0x66, 0x66, 0x66, 0x66, 0x66, 0x66, 0x66, 0x66, 0x66, 0x66, 0x66, 0x66, 
	0x66, 0x66, 0x66, 0x66, 0x66, 0x66, 0x66, 0x66, 0x66, 0x66, 0x66, 0x66, 0x66, 0x66, 0x66, 
	0x66, 0x66, 0x66, 0x66, 0x66, 0x66, 0x66, 0x66, 0x66, 0x66, 0x66, 0x66, 0x66, 0x56, 0x78, 
	0x99, 0x99, 0x99, 0x99, 0x99, 0x87, 0x66, 0x66, 0x66, 0x66, 0x66, 0x77, 0x66, 0x66, 0x66, 
	0x66, 0x66, 0x66, 0x66, 0x66, 0x66, 0x78, 0xAA, 0xAA, 0xAA, 0xAA, 0xAA, 0xAA, 0xAA, 0xAA, 
	0xAA, 0xAA, 0xA9, 0x87, 0x65, 0x55, 0x55, 0x55, 0x55, 0x55, 0x55, 0x55, 0x55, 0x55, 0x55, 
	0x55, 0x55, 0x55, 0x55, 0x55, 0x55, 0x55, 0x55, 0x55, 0x43, 0x33, 0x33, 0x33, 0x45, 0x55, 
	0x55, 0x55, 0x55, 0x55, 0x55, 0x55, 0x55, 0x55, 0x66, 0x67, 0x77, 0x77, 0x88, 0x77, 0x76, 
	0x55, 0x44, 0x44, 0x44, 0x45, 0x55, 0x43, 0x32, 0x22, 0x22, 0x22, 0x22, 0x22, 0x22, 0x22, 
	0x22, 0x22, 0x22, 0x22, 0x22, 0x22, 0x22, 0x22, 0x22, 0x22, 0x22, 0x22, 0x22, 0x22, 0x22, 
	0x22, 0x22, 0x22, 0x22, 0x22, 0x22, 0x22, 0x22, 0x33, 0x33, 0x33, 0x33, 0x33, 0x33, 0x33, 
	0x33, 0x43, 0x33, 0x34, 0x56, 0x66, 0x66, 0x66, 0x66, 0x66, 0x65, 0x44, 0x44, 0x33, 0x33, 
	0x44, 0x33, 0x33, 0x33, 0x34, 0x45, 0x55, 0x55, 0x55, 0x55, 0x55, 0x55, 0x55, 0x55, 0x55, 
	0x55, 0x55, 0x55, 0x55, 0x55, 0x56, 0x78, 0xAA, 0xAA, 0xAA, 0xAA, 0xAA, 0xAA, 0xAA, 0xAA, 
	0xAA, 0xAA, 0xAA, 0xAA, 0xAA, 0xAA, 0xAA, 0xAA, 0x9A, 0xA9, 0x98, 0x76, 0x66, 0x56, 0x66, 
	0x66, 0x66, 0x56, 0x67, 0x88, 0x87, 0x65, 0x68, 0x9A, 0xAA, 0xAA, 0xA9, 0x76, 0x55, 0x66, 
	0x66, 0x65, 0x56, 0x66, 0x66, 0x65, 0x55, 0x55, 0x55, 0x55, 0x55, 0x55, 0x55, 0x55, 0x55, 
	0x55, 0x55, 0x55, 0x55, 0x55, 0x55, 0x55, 0x55, 0x55, 0x55, 0x55, 0x55, 0x55, 0x55, 0x55, 
	0x55, 0x55, 0x55, 0x55, 0x55, 0x55, 0x55, 0x55, 0x55, 0x55, 0x55, 0x55, 0x55, 0x55, 0x66, 
	0x55, 0x55, 0x55, 0x55, 0x55, 0x55, 0x55, 0x55, 0x55, 0x55, 0x55, 0x55, 0x55, 0x55, 0x55, 
	0x55, 0x55, 0x55, 0x55, 0x55, 0x55, 0x66, 0x66, 0x66, 0x66, 0x66, 0x66, 0x66, 0x66, 0x66, 
	0x66, 0x66, 0x66, 0x66, 0x66, 0x66, 0x66, 0x66, 0x65, 0x55, 0x55, 0x55, 0x55, 0x55, 0x55, 
	0x55, 0x55, 0x66, 0x66, 0x66, 0x66, 0x66, 0x66, 0x66, 0x66, 0x66, 0x66, 0x66, 0x66, 0x67, 
	0x99, 0x99, 0x99, 0x99, 0x99, 0x87, 0x66, 0x66, 0x66, 0x66, 0x66, 0x66, 0x66, 0x66, 0x66, 
	0x66, 0x66, 0x66, 0x66, 0x66, 0x66, 0x78, 0x9A, 0xAA, 0xAA, 0xAA, 0xAA, 0xAA, 0xAA, 0xAA, 
	0xAA, 0xAA, 0xA9, 0x87, 0x65, 0x55, 0x55, 0x55, 0x55, 0x55, 0x55, 0x55, 0x55, 0x55, 0x55, 
	0x55, 0x55, 0x55, 0x55, 0x55, 0x55, 0x55, 0x55, 0x55, 0x43, 0x33, 0x33, 0x33, 0x45, 0x55, 
	0x55, 0x55, 0x55, 0x55, 0x55, 0x55, 0x55, 0x55, 0x56, 0x67, 0x77, 0x77, 0x77, 0x76, 0x55, 
	0x54, 0x44, 0x44, 0x44, 0x44, 0x44, 0x44, 0x32, 0x22, 0x22, 0x22, 0x22, 0x22, 0x22, 0x22, 
	0x22, 0x22, 0x22, 0x22, 0x22, 0x22, 0x22, 0x22, 0x22, 0x22, 0x22, 0x22, 0x22, 0x22, 0x22, 
	0x22, 0x22, 0x22, 0x22, 0x22, 0x22, 0x22, 0x22, 0x33, 0x33, 0x33, 0x33, 0x33, 0x33, 0x33, 
	0x33, 0x33, 0x33, 0x34, 0x56, 0x66, 0x66, 0x66, 0x66, 0x66, 0x54, 0x44, 0x44, 0x43, 0x33, 
	0x33, 0x33, 0x33, 0x34, 0x44, 0x55, 0x55, 0x55, 0x55, 0x55, 0x55, 0x55, 0x55, 0x55, 0x55, 
	0x55, 0x55, 0x55, 0x55, 0x55, 0x56, 0x78, 0x9A, 0xAA, 0xAA, 0xAA, 0xAA, 0xAA, 0xAA, 0xAA, 
	0xAA, 0xAA, 0xAA, 0xAA, 0xAA, 0xAA, 0xAA, 0xAA, 0x99, 0x99, 0x99, 0x88, 0x76, 0x56, 0x66, 
	0x66, 0x66, 0x55, 0x67, 0x78, 0x87, 0x65, 0x68, 0x9A, 0xAA, 0xAA, 0xA9, 0x76, 0x56, 0x66, 
	0x55, 0x66, 0x55, 0x66, 0x66, 0x55, 0x55, 0x55, 0x55, 0x55, 0x55, 0x55, 0x55, 0x55, 0x55, 
	0x55, 0x55, 0x55, 0x55, 0x55, 0x55, 0x55, 0x55, 0x55, 0x55, 0x55, 0x55, 0x55, 0x55, 0x55, 
	0x55, 0x55, 0x55, 0x55, 0x55, 0x55, 0x55, 0x55, 0x55, 0x55, 0x55, 0x55, 0x55, 0x55, 0x55, 
	0x55, 0x55, 0x55, 0x55, 0x55, 0x55, 0x55, 0x55, 0x55, 0x55, 0x55, 0x55, 0x55, 0x55, 0x55, 
	0x55, 0x55, 0x55, 0x55, 0x55, 0x55, 0x55, 0x55, 0x56, 0x66, 0x66, 0x65, 0x56, 0x66, 0x66, 
	0x66, 0x66, 0x66, 0x66, 0x66, 0x66, 0x66, 0x55, 0x55, 0x55, 0x55, 0x55, 0x55, 0x55, 0x56, 
	0x55, 0x55, 0x66, 0x55, 0x55, 0x55, 0x55, 0x55, 0x65, 0x56, 0x66, 0x66, 0x66, 0x55, 0x67, 
	0x89, 0x99, 0x99, 0x99, 0x99, 0x98, 0x76, 0x66, 0x66, 0x66, 0x66, 0x66, 0x66, 0x66, 0x66, 
	0x66, 0x66, 0x66, 0x66, 0x66, 0x66, 0x68, 0x9A, 0xAA, 0xAA, 0xAA, 0xAA, 0xAA, 0xAA, 0xAA, 
	0xAA, 0xAA, 0xA9, 0x87, 0x65, 0x55, 0x55, 0x55, 0x55, 0x55, 0x55, 0x55, 0x55, 0x55, 0x55, 
	0x55, 0x55, 0x55, 0x55, 0x55, 0x55, 0x55, 0x55, 0x55, 0x43, 0x33, 0x33, 0x33, 0x45, 0x55, 
	0x55, 0x55, 0x55, 0x55, 0x55, 0x55, 0x55, 0x55, 0x55, 0x66, 0x77, 0x77, 0x66, 0x65, 0x44, 
	0x44, 0x44, 0x44, 0x44, 0x44, 0x44, 0x44, 0x33, 0x22, 0x22, 0x22, 0x22, 0x22, 0x22, 0x22, 
	0x22, 0x22, 0x22, 0x22, 0x22, 0x22, 0x22, 0x22, 0x22, 0x22, 0x22, 0x22, 0x22, 0x22, 0x22, 
	0x22, 0x22, 0x22, 0x22, 0x22, 0x22, 0x22, 0x22, 0x22, 0x22, 0x23, 0x33, 0x33, 0x33, 0x33, 
	0x33, 0x33, 0x33, 0x45, 0x55, 0x55, 0x66, 0x66, 0x66, 0x65, 0x54, 0x43, 0x34, 0x43, 0x33, 
	0x33, 0x33, 0x33, 0x34, 0x45, 0x55, 0x55, 0x55, 0x55, 0x55, 0x55, 0x55, 0x55, 0x55, 0x55, 
	0x55, 0x55, 0x55, 0x55, 0x55, 0x55, 0x78, 0x9A, 0xAA, 0xAA, 0xAA, 0xAA, 0xAA, 0xAA, 0xAA, 
	0xAA, 0xAA, 0xAA, 0xAA, 0xAA, 0xAA, 0xAA, 0xAA, 0x99, 0x99, 0xAA, 0x99, 0x76, 0x66, 0x65, 
	0x55, 0x66, 0x66, 0x66, 0x78, 0x77, 0x65, 0x67, 0x9A, 0xAA, 0xAA, 0xA9, 0x76, 0x56, 0x66, 
	0x55, 0x66, 0x66, 0x66, 0x66, 0x66, 0x55, 0x55, 0x55, 0x55, 0x55, 0x55, 0x55, 0x55, 0x55, 
	0x55, 0x55, 0x55, 0x55, 0x55, 0x55, 0x55, 0x55, 0x55, 0x55, 0x55, 0x55, 0x55, 0x55, 0x55, 
	0x55, 0x55, 0x55, 0x66, 0x66, 0x66, 0x55, 0x55, 0x55, 0x55, 0x55, 0x55, 0x55, 0x55, 0x55, 
	0x55, 0x55, 0x55, 0x55, 0x55, 0x55, 0x56, 0x66, 0x66, 0x65, 0x55, 0x55, 0x55, 0x55, 0x55, 
	0x55, 0x55, 0x55, 0x55, 0x55, 0x55, 0x55, 0x55, 0x56, 0x66, 0x66, 0x66, 0x66, 0x66, 0x66, 
	0x66, 0x66, 0x66, 0x66, 0x66, 0x65, 0x55, 0x55, 0x55, 0x55, 0x55, 0x55, 0x55, 0x55, 0x55, 
	0x55, 0x55, 0x66, 0x65, 0x55, 0x55, 0x55, 0x55, 0x66, 0x55, 0x55, 0x55, 0x55, 0x55, 0x66, 
	0x89, 0x99, 0x99, 0x99, 0x99, 0x98, 0x76, 0x66, 0x66, 0x66, 0x66, 0x66, 0x66, 0x66, 0x66, 
	0x66, 0x66, 0x66, 0x66, 0x66, 0x66, 0x67, 0x9A, 0xAA, 0xAA, 0xAA, 0xAA, 0xAA, 0xAA, 0xAA, 
	0xAA, 0xAA, 0xAA, 0x87, 0x65, 0x55, 0x55, 0x55, 0x55, 0x55, 0x55, 0x55, 0x55, 0x55, 0x55, 
	0x55, 0x55, 0x55, 0x55, 0x55, 0x55, 0x55, 0x55, 0x54, 0x43, 0x33, 0x33, 0x34, 0x45, 0x55, 
	0x55, 0x55, 0x55, 0x55, 0x55, 0x55, 0x55, 0x55, 0x55, 0x56, 0x66, 0x66, 0x55, 0x54, 0x44, 
	0x44, 0x44, 0x44, 0x44, 0x44, 0x44, 0x44, 0x43, 0x32, 0x22, 0x22, 0x22, 0x22, 0x22, 0x22, 
	0x22, 0x22, 0x22, 0x22, 0x22, 0x22, 0x22, 0x22, 0x22, 0x22, 0x22, 0x22, 0x22, 0x22, 0x22, 
	0x22, 0x22, 0x22, 0x22, 0x22, 0x22, 0x22, 0x22, 0x22, 0x22, 0x23, 0x33, 0x33, 0x33, 0x33, 
	0x33, 0x33, 0x34, 0x45, 0x55, 0x55, 0x55, 0x56, 0x66, 0x55, 0x44, 0x43, 0x34, 0x33, 0x33, 
	0x33, 0x33, 0x33, 0x44, 0x55, 0x55, 0x55, 0x55, 0x55, 0x55, 0x55, 0x55, 0x55, 0x55, 0x55, 
	0x55, 0x55, 0x55, 0x55, 0x55, 0x55, 0x67, 0x9A, 0xAA, 0xAA, 0xAA, 0xAA, 0xAA, 0xAA, 0xAA, 
	0xAA, 0xAA, 0xAA, 0xAA, 0xAA, 0xAA, 0xA9, 0x99, 0x99, 0x99, 0x99, 0x99, 0x87, 0x66, 0x65, 
	0x55, 0x66, 0x66, 0x66, 0x77, 0x76, 0x65, 0x67, 0x9A, 0xAA, 0xAA, 0xA8, 0x75, 0x55, 0x66, 
	0x55, 0x65, 0x55, 0x55, 0x55, 0x55, 0x55, 0x55, 0x55, 0x55, 0x55, 0x55, 0x55, 0x55, 0x55, 
	0x55, 0x55, 0x55, 0x55, 0x55, 0x55, 0x55, 0x55, 0x55, 0x55, 0x55, 0x65, 0x55, 0x55, 0x55, 
	0x56, 0x67, 0x77, 0x88, 0x88, 0x88, 0x77, 0x76, 0x65, 0x55, 0x55, 0x55, 0x55, 0x55, 0x55, 
	0x55, 0x55, 0x55, 0x55, 0x55, 0x55, 0x55, 0x55, 0x55, 0x55, 0x55, 0x55, 0x55, 0x66, 0x66, 
	0x76, 0x66, 0x76, 0x66, 0x65, 0x55, 0x55, 0x55, 0x55, 0x56, 0x55, 0x56, 0x66, 0x66, 0x66, 
	0x66, 0x66, 0x66, 0x55, 0x66, 0x55, 0x55, 0x55, 0x55, 0x66, 0x66, 0x66, 0x66, 0x66, 0x55, 
	0x55, 0x55, 0x55, 0x55, 0x55, 0x55, 0x55, 0x55, 0x55, 0x55, 0x55, 0x55, 0x66, 0x66, 0x77, 
	0x8A, 0xAA, 0xAA, 0x99, 0x99, 0x98, 0x77, 0x66, 0x66, 0x66, 0x66, 0x66, 0x66, 0x66, 0x66, 
	0x66, 0x66, 0x66, 0x66, 0x66, 0x66, 0x67, 0x9A, 0xAA, 0xAA, 0xAA, 0xAA, 0xAA, 0xAA, 0xAA, 
	0xAA, 0xAA, 0xAA, 0x87, 0x55, 0x55, 0x55, 0x55, 0x55, 0x55, 0x55, 0x55, 0x55, 0x55, 0x55, 
	0x55, 0x55, 0x55, 0x55, 0x55, 0x55, 0x55, 0x55, 0x54, 0x43, 0x33, 0x33, 0x34, 0x45, 0x55, 
	0x55, 0x55, 0x55, 0x55, 0x55, 0x55, 0x55, 0x55, 0x55, 0x56, 0x66, 0x55, 0x54, 0x44, 0x44, 
	0x44, 0x44, 0x44, 0x44, 0x44, 0x44, 0x44, 0x43, 0x32, 0x22, 0x22, 0x22, 0x22, 0x22, 0x22, 
	0x22, 0x22, 0x22, 0x22, 0x22, 0x22, 0x22, 0x22, 0x22, 0x22, 0x22, 0x22, 0x22, 0x22, 0x22, 
	0x22, 0x22, 0x22, 0x22, 0x22, 0x22, 0x22, 0x22, 0x22, 0x22, 0x23, 0x33, 0x33, 0x33, 0x33, 
	0x33, 0x33, 0x34, 0x55, 0x55, 0x55, 0x55, 0x55, 0x56, 0x55, 0x44, 0x44, 0x34, 0x33, 0x33, 
	0x33, 0x33, 0x34, 0x45, 0x55, 0x55, 0x55, 0x55, 0x55, 0x55, 0x55, 0x55, 0x55, 0x55, 0x55, 
	0x55, 0x55, 0x55, 0x55, 0x55, 0x55, 0x67, 0x9A, 0xAA, 0xAA, 0xAA, 0xAA, 0xAA, 0xAA, 0xAA, 
	0xAA, 0xAA, 0xAA, 0xA9, 0xAA, 0xAA, 0xA9, 0x99, 0x99, 0x99, 0x99, 0x99, 0x98, 0x77, 0x66, 
	0x56, 0x55, 0x66, 0x66, 0x66, 0x66, 0x55, 0x67, 0x8A, 0xA9, 0x99, 0x98, 0x65, 0x55, 0x56, 
	0x56, 0x55, 0x55, 0x55, 0x55, 0x55, 0x55, 0x55, 0x55, 0x55, 0x55, 0x55, 0x55, 0x55, 0x55, 
	0x55, 0x55, 0x55, 0x55, 0x55, 0x55, 0x55, 0x55, 0x55, 0x55, 0x55, 0x55, 0x55, 0x55, 0x55, 
	0x67, 0x89, 0xAA, 0xAB, 0xBB, 0xAA, 0xA9, 0x88, 0x76, 0x65, 0x55, 0x55, 0x55, 0x55, 0x66, 
	0x55, 0x55, 0x55, 0x55, 0x55, 0x55, 0x55, 0x55, 0x55, 0x55, 0x55, 0x66, 0x77, 0x88, 0x99, 
	0x99, 0x99, 0x99, 0x98, 0x77, 0x66, 0x55, 0x55, 0x55, 0x55, 0x55, 0x55, 0x55, 0x55, 0x55, 
	0x66, 0x65, 0x55, 0x55, 0x55, 0x55, 0x55, 0x56, 0x67, 0x78, 0x88, 0x99, 0x88, 0x87, 0x76, 
	0x66, 0x55, 0x55, 0x55, 0x55, 0x55, 0x55, 0x55, 0x55, 0x56, 0x66, 0x67, 0x78, 0x88, 0x99, 
	0xAB, 0xBB, 0xAA, 0xA9, 0x99, 0x99, 0x87, 0x66, 0x66, 0x66, 0x66, 0x66, 0x66, 0x66, 0x66, 
	0x66, 0x66, 0x66, 0x66, 0x66, 0x66, 0x67, 0x9A, 0xAA, 0xAA, 0xAA, 0xAA, 0xAA, 0xAA, 0xAA, 
	0xAA, 0xAA, 0xAA, 0x87, 0x55, 0x55, 0x55, 0x55, 0x55, 0x55, 0x55, 0x55, 0x55, 0x55, 0x55, 
	0x55, 0x55, 0x55, 0x55, 0x55, 0x55, 0x55, 0x55, 0x54, 0x43, 0x33, 0x33, 0x34, 0x45, 0x55, 
	0x55, 0x55, 0x55, 0x55, 0x55, 0x55, 0x55, 0x55, 0x55, 0x55, 0x55, 0x55, 0x44, 0x44, 0x44, 
	0x44, 0x44, 0x44, 0x44, 0x44, 0x44, 0x44, 0x43, 0x33, 0x22, 0x22, 0x22, 0x22, 0x22, 0x22, 
	0x22, 0x22, 0x22, 0x22, 0x22, 0x22, 0x22, 0x22, 0x22, 0x22, 0x22, 0x22, 0x22, 0x22, 0x22, 
	0x22, 0x22, 0x22, 0x22, 0x22, 0x22, 0x22, 0x22, 0x22, 0x22, 0x23, 0x33, 0x23, 0x33, 0x33, 
	0x33, 0x33, 0x44, 0x55, 0x55, 0x55, 0x55, 0x55, 0x55, 0x55, 0x44, 0x44, 0x44, 0x43, 0x33, 
	0x33, 0x33, 0x34, 0x45, 0x55, 0x55, 0x55, 0x55, 0x55, 0x55, 0x55, 0x55, 0x55, 0x55, 0x55, 
	0x55, 0x55, 0x55, 0x55, 0x55, 0x55, 0x57, 0x89, 0xAA, 0xAA, 0xAA, 0xAA, 0xAA, 0xAA, 0xAA, 
	0xAA, 0xAA, 0xAA, 0xA9, 0xAA, 0xA9, 0x99, 0x99, 0x99, 0x99, 0x99, 0x99, 0x99, 0x88, 0x77, 
	0x66, 0x65, 0x55, 0x56, 0x66, 0x66, 0x55, 0x67, 0x89, 0x99, 0x99, 0x98, 0x65, 0x55, 0x55, 
	0x55, 0x55, 0x55, 0x55, 0x55, 0x55, 0x55, 0x55, 0x55, 0x55, 0x66, 0x67, 0x77, 0x77, 0x76, 
	0x66, 0x55, 0x55, 0x55, 0x55, 0x65, 0x55, 0x55, 0x55, 0x55, 0x55, 0x55, 0x55, 0x66, 0x78, 
	0x89, 0xBC, 0xCD, 0xDD, 0xCC, 0xCC, 0xCB, 0xBA, 0x99, 0x87, 0x65, 0x55, 0x55, 0x55, 0x65, 
	0x55, 0x55, 0x55, 0x55, 0x56, 0x55, 0x55, 0x55, 0x55, 0x56, 0x67, 0x88, 0x9A, 0xAB, 0xCC, 
	0xCC, 0xCC, 0xCB, 0xBB, 0xAA, 0x98, 0x77, 0x66, 0x55, 0x55, 0x55, 0x55, 0x55, 0x55, 0x55, 
	0x55, 0x55, 0x55, 0x55, 0x55, 0x55, 0x66, 0x67, 0x89, 0xAA, 0xBB, 0xCC, 0xBB, 0xAA, 0x98, 
	0x87, 0x66, 0x66, 0x55, 0x55, 0x55, 0x55, 0x55, 0x66, 0x77, 0x88, 0x99, 0xAA, 0xAB, 0xBB, 
	0xCB, 0xCC, 0xBB, 0xBA, 0xA9, 0x99, 0x88, 0x76, 0x66, 0x66, 0x66, 0x66, 0x66, 0x66, 0x66, 
	0x66, 0x66, 0x66, 0x66, 0x66, 0x66, 0x67, 0x8A, 0xAA, 0xAA, 0xAA, 0xAA, 0xAA, 0xAA, 0xAA, 
	0xAA, 0xAA, 0xAA, 0x87, 0x55, 0x55, 0x55, 0x55, 0x55, 0x55, 0x55, 0x55, 0x55, 0x55, 0x55, 
	0x55, 0x55, 0x55, 0x55, 0x55, 0x55, 0x55, 0x55, 0x54, 0x43, 0x33, 0x33, 0x34, 0x45, 0x55, 
	0x55, 0x55, 0x55, 0x55, 0x55, 0x55, 0x55, 0x55, 0x55, 0x55, 0x55, 0x44, 0x44, 0x44, 0x44, 
	0x44, 0x44, 0x44, 0x44, 0x44, 0x44, 0x44, 0x43, 0x33, 0x22, 0x22, 0x22, 0x22, 0x22, 0x22, 
	0x22, 0x22, 0x22, 0x22, 0x22, 0x22, 0x22, 0x22, 0x22, 0x22, 0x22, 0x22, 0x22, 0x22, 0x22, 
	0x22, 0x22, 0x22, 0x22, 0x22, 0x22, 0x22, 0x22, 0x22, 0x22, 0x22, 0x22, 0x23, 0x33, 0x33, 
	0x33, 0x33, 0x45, 0x55, 0x55, 0x55, 0x55, 0x55, 0x55, 0x55, 0x55, 0x44, 0x44, 0x44, 0x33, 
	0x33, 0x33, 0x44, 0x55, 0x55, 0x55, 0x55, 0x55, 0x55, 0x55, 0x55, 0x55, 0x55, 0x55, 0x55, 
	0x55, 0x55, 0x55, 0x55, 0x55, 0x55, 0x56, 0x89, 0xAA, 0xAA, 0xAA, 0xAA, 0xAA, 0xAA, 0xAA, 
	0xAA, 0xAA, 0xAA, 0xAA, 0xAA, 0x99, 0x99, 0x99, 0x99, 0x99, 0x99, 0x99, 0x99, 0x99, 0x88, 
	0x76, 0x66, 0x55, 0x55, 0x56, 0x65, 0x55, 0x67, 0x89, 0xAA, 0xAA, 0x98, 0x76, 0x66, 0x65, 
	0x55, 0x55, 0x55, 0x55, 0x55, 0x55, 0x55, 0x66, 0x66, 0x78, 0x88, 0x99, 0x99, 0x99, 0x98, 
	0x88, 0x77, 0x66, 0x55, 0x55, 0x55, 0x55, 0x55, 0x55, 0x55, 0x55, 0x55, 0x56, 0x78, 0x9A, 
	0xBC, 0xDE, 0xEE, 0xED, 0xDD, 0xDD, 0xDC, 0xCC, 0xBB, 0xA9, 0x87, 0x66, 0x55, 0x55, 0x55, 
	0x55, 0x55, 0x55, 0x55, 0x55, 0x55, 0x55, 0x56, 0x67, 0x78, 0x9A, 0xAB, 0xCC, 0xDD, 0xDE, 
	0xEE, 0xED, 0xDD, 0xDC, 0xCB, 0xBA, 0x98, 0x77, 0x66, 0x55, 0x55, 0x55, 0x55, 0x55, 0x55, 
	0x65, 0x55, 0x55, 0x55, 0x55, 0x56, 0x78, 0x9A, 0xBB, 0xCD, 0xDD, 0xDD, 0xDC, 0xCC, 0xBB, 
	0xAA, 0x98, 0x88, 0x76, 0x66, 0x66, 0x67, 0x77, 0x88, 0x9A, 0xBB, 0xCC, 0xCC, 0xCD, 0xDD, 
	0xDD, 0xCC, 0xCC, 0xBB, 0xBA, 0xA9, 0x98, 0x76, 0x66, 0x66, 0x66, 0x66, 0x66, 0x66, 0x66, 
	0x66, 0x66, 0x66, 0x66, 0x66, 0x66, 0x67, 0x8A, 0xAA, 0xAA, 0xAA, 0xAA, 0xAA, 0xAA, 0xAA, 
	0xAA, 0xAA, 0xAA, 0x87, 0x55, 0x55, 0x55, 0x55, 0x55, 0x55, 0x55, 0x55, 0x55, 0x55, 0x55, 
	0x55, 0x55, 0x55, 0x55, 0x55, 0x55, 0x55, 0x55, 0x54, 0x33, 0x33, 0x33, 0x44, 0x45, 0x55, 
	0x55, 0x55, 0x55, 0x55, 0x55, 0x55, 0x55, 0x55, 0x55, 0x55, 0x55, 0x43, 0x34, 0x44, 0x44, 
	0x44, 0x44, 0x44, 0x44, 0x44, 0x44, 0x44, 0x43, 0x33, 0x33, 0x22, 0x22, 0x22, 0x22, 0x22, 
	0x22, 0x22, 0x22, 0x22, 0x22, 0x22, 0x22, 0x22, 0x22, 0x22, 0x22, 0x22, 0x22, 0x22, 0x22, 
	0x22, 0x22, 0x22, 0x22, 0x22, 0x22, 0x22, 0x22, 0x22, 0x22, 0x22, 0x22, 0x23, 0x22, 0x33, 
	0x33, 0x33, 0x45, 0x55, 0x55, 0x55, 0x55, 0x55, 0x55, 0x55, 0x55, 0x55, 0x55, 0x44, 0x33, 
	0x33, 0x33, 0x44, 0x55, 0x55, 0x55, 0x55, 0x55, 0x55, 0x55, 0x55, 0x55, 0x55, 0x55, 0x55, 
	0x55, 0x55, 0x55, 0x55, 0x55, 0x55, 0x56, 0x79, 0xAA, 0xAA, 0xAA, 0xAA, 0xAA, 0xAA, 0xAA, 
	0xAA, 0xAA, 0xAA, 0xAA, 0x99, 0x99, 0x99, 0x99, 0x99, 0x99, 0x99, 0x99, 0x99, 0x99, 0x98, 
	0x87, 0x76, 0x66, 0x66, 0x66, 0x55, 0x55, 0x67, 0x9A, 0xAA, 0xBB, 0xBA, 0x99, 0x88, 0x77, 
	0x66, 0x65, 0x55, 0x55, 0x56, 0x66, 0x67, 0x88, 0x99, 0xAB, 0xBB, 0xBC, 0xCC, 0xCC, 0xBB, 
	0xAA, 0x99, 0x88, 0x76, 0x65, 0x55, 0x55, 0x55, 0x55, 0x55, 0x55, 0x67, 0x78, 0xAB, 0xCD, 
	0xDE, 0xEE, 0xEE, 0xED, 0xDD, 0xDD, 0xDD, 0xDC, 0xCC, 0xCB, 0xA9, 0x88, 0x77, 0x66, 0x55, 
	0x55, 0x55, 0x55, 0x55, 0x55, 0x55, 0x66, 0x77, 0x8A, 0xAB, 0xCC, 0xDD, 0xDD, 0xDE, 0xEE, 
	0xEE, 0xED, 0xDD, 0xDD, 0xCC, 0xCC, 0xBB, 0xA9, 0x87, 0x66, 0x65, 0x55, 0x55, 0x55, 0x55, 
	0x55, 0x55, 0x55, 0x55, 0x66, 0x78, 0x9B, 0xBC, 0xDD, 0xDE, 0xEE, 0xED, 0xDD, 0xDC, 0xCC, 
	0xCC, 0xBB, 0xBA, 0xA9, 0x99, 0x99, 0x99, 0xAA, 0xBB, 0xCD, 0xDD, 0xDD, 0xDD, 0xDD, 0xDD, 
	0xDC, 0xCC, 0xCC, 0xCC, 0xBB, 0xAA, 0x98, 0x76, 0x66, 0x66, 0x66, 0x66, 0x66, 0x66, 0x66, 
	0x66, 0x66, 0x66, 0x66, 0x66, 0x66, 0x66, 0x89, 0xAA, 0xAA, 0xAA, 0xAA, 0xAA, 0xAA, 0xAA, 
	0xAA, 0xAA, 0xAA, 0x87, 0x55, 0x55, 0x55, 0x55, 0x55, 0x55, 0x55, 0x55, 0x55, 0x55, 0x55, 
	0x55, 0x55, 0x55, 0x55, 0x55, 0x55, 0x55, 0x55, 0x44, 0x33, 0x33, 0x33, 0x44, 0x55, 0x55, 
	0x55, 0x55, 0x55, 0x55, 0x55, 0x55, 0x55, 0x55, 0x55, 0x55, 0x55, 0x44, 0x44, 0x44, 0x44, 
	0x44, 0x44, 0x44, 0x44, 0x44, 0x44, 0x44, 0x43, 0x33, 0x33, 0x32, 0x22, 0x22, 0x22, 0x22, 
	0x22, 0x22, 0x22, 0x22, 0x22, 0x22, 0x22, 0x22, 0x22, 0x22, 0x22, 0x22, 0x22, 0x22, 0x22, 
	0x22, 0x22, 0x22, 0x22, 0x22, 0x22, 0x22, 0x22, 0x22, 0x22, 0x22, 0x22, 0x22, 0x22, 0x22, 
	0x33, 0x34, 0x45, 0x55, 0x55, 0x55, 0x55, 0x55, 0x55, 0x55, 0x55, 0x55, 0x55, 0x44, 0x33, 
	0x33, 0x34, 0x45, 0x55, 0x55, 0x55, 0x55, 0x55, 0x55, 0x55, 0x55, 0x55, 0x55, 0x55, 0x55, 
	0x55, 0x55, 0x55, 0x55, 0x55, 0x55, 0x56, 0x79, 0xAA, 0xAA, 0xAA, 0xAA, 0xAA, 0xAA, 0xAA, 
	0xAA, 0xAA, 0xAA, 0xAA, 0x99, 0x99, 0x99, 0x99, 0x99, 0x99, 0x99, 0x99, 0x99, 0x99, 0x99, 
	0x88, 0x87, 0x76, 0x66, 0x66, 0x66, 0x66, 0x68, 0x9B, 0xBB, 0xCC, 0xCB, 0xBB, 0xBA, 0xA9, 
	0x88, 0x87, 0x77, 0x77, 0x78, 0x88, 0x9A, 0xAB, 0xCC, 0xDD, 0xDD, 0xDD, 0xDD, 0xDD, 0xCC, 
	0xCB, 0xBB, 0xBA, 0x99, 0x88, 0x76, 0x66, 0x66, 0x66, 0x66, 0x77, 0x89, 0xAB, 0xDD, 0xEE, 
	0xEE, 0xEE, 0xEE, 0xED, 0xDD, 0xDD, 0xDD, 0xDD, 0xDC, 0xCC, 0xCB, 0xBA, 0x99, 0x87, 0x66, 
	0x55, 0x55, 0x55, 0x66, 0x66, 0x77, 0x89, 0xAA, 0xBC, 0xCD, 0xDD, 0xEE, 0xEE, 0xEE, 0xEE, 
	0xED, 0xDD, 0xDD, 0xDD, 0xCC, 0xCD, 0xCC, 0xCB, 0xAA, 0x98, 0x76, 0x65, 0x55, 0x55, 0x55, 
	0x55, 0x55, 0x55, 0x67, 0x89, 0xAB, 0xCD, 0xDE, 0xEE, 0xEE, 0xED, 0xDD, 0xDD, 0xDC, 0xDD, 
	0xDD, 0xCC, 0xCC, 0xCC, 0xCC, 0xCC, 0xCC, 0xCD, 0xDD, 0xEE, 0xEE, 0xED, 0xDD, 0xDD, 0xDD, 
	0xCC, 0xCC, 0xCC, 0xCC, 0xCC, 0xBA, 0xA9, 0x87, 0x66, 0x66, 0x66, 0x66, 0x66, 0x66, 0x66, 
	0x66, 0x66, 0x66, 0x66, 0x66, 0x66, 0x66, 0x89, 0xAA, 0xAA, 0xAA, 0xAA, 0xAA, 0xAA, 0xAA, 
	0xAA, 0xAA, 0xA9, 0x87, 0x55, 0x55, 0x55, 0x55, 0x55, 0x55, 0x55, 0x55, 0x55, 0x55, 0x55, 
	0x55, 0x55, 0x55, 0x55, 0x55, 0x55, 0x55, 0x55, 0x44, 0x33, 0x33, 0x33, 0x44, 0x55, 0x55, 
	0x55, 0x55, 0x55, 0x55, 0x55, 0x55, 0x55, 0x55, 0x55, 0x55, 0x55, 0x54, 0x44, 0x44, 0x44, 
	0x44, 0x44, 0x44, 0x44, 0x44, 0x44, 0x44, 0x44, 0x43, 0x33, 0x33, 0x22, 0x22, 0x22, 0x22, 
	0x22, 0x22, 0x22, 0x22, 0x22, 0x22, 0x22, 0x22, 0x22, 0x22, 0x22, 0x22, 0x22, 0x22, 0x22, 
	0x22, 0x22, 0x22, 0x22, 0x22, 0x22, 0x22, 0x22, 0x22, 0x22, 0x22, 0x22, 0x22, 0x22, 0x22, 
	0x23, 0x44, 0x55, 0x55, 0x55, 0x55, 0x55, 0x55, 0x55, 0x55, 0x55, 0x55, 0x55, 0x43, 0x33, 
	0x33, 0x44, 0x55, 0x55, 0x55, 0x55, 0x55, 0x55, 0x55, 0x55, 0x55, 0x55, 0x55, 0x55, 0x55, 
	0x55, 0x55, 0x55, 0x55, 0x55, 0x55, 0x56, 0x78, 0xAA, 0xAA, 0xAA, 0xAA, 0xAA, 0xAA, 0xAA, 
	0xAA, 0xAA, 0xAA, 0xAA, 0x99, 0x99, 0x99, 0x99, 0x99, 0x99, 0x99, 0x99, 0x99, 0x99, 0x99, 
	0x99, 0x88, 0x87, 0x77, 0x77, 0x77, 0x77, 0x89, 0xBC, 0xCC, 0xCC, 0xCC, 0xCC, 0xCC, 0xCB, 
	0xBB, 0xAA, 0x99, 0x9A, 0xAA, 0xBB, 0xCC, 0xDD, 0xEE, 0xEE, 0xEE, 0xEE, 0xED, 0xDD, 0xDD, 
	0xCC, 0xCD, 0xCC, 0xCB, 0xBA, 0xA9, 0x88, 0x88, 0x88, 0x88, 0x9A, 0xBC, 0xDD, 0xEE, 0xEE, 
	0xEE, 0xEE, 0xEE, 0xEE, 0xEE, 0xDD, 0xDD, 0xDD, 0xDC, 0xCD, 0xDC, 0xCC, 0xBB, 0xAA, 0x98, 
	0x77, 0x77, 0x77, 0x78, 0x89, 0xAB, 0xBC, 0xCD, 0xDD, 0xEE, 0xEE, 0xEE, 0xEE, 0xEE, 0xEE, 
	0xEE, 0xDD, 0xDD, 0xDD, 0xDC, 0xCC, 0xCC, 0xCC, 0xCC, 0xBA, 0x99, 0x87, 0x66, 0x66, 0x55, 
	0x56, 0x66, 0x77, 0x8A, 0xBC, 0xDD, 0xEE, 0xEE, 0xEE, 0xEE, 0xEE, 0xED, 0xDD, 0xDD, 0xDD, 
	0xDD, 0xDD, 0xDD, 0xDD, 0xDD, 0xDD, 0xEE, 0xEE, 0xEE, 0xEE, 0xEE, 0xEE, 0xDD, 0xDD, 0xDD, 
	0xCC, 0xCC, 0xCC, 0xCC, 0xCC, 0xBB, 0xA9, 0x87, 0x66, 0x66, 0x66, 0x66, 0x66, 0x66, 0x66, 
	0x66, 0x66, 0x66, 0x66, 0x66, 0x66, 0x66, 0x79, 0xAA, 0xAA, 0xAA, 0xAA, 0xAA, 0xAA, 0xAA, 
	0xAA, 0xAA, 0xA9, 0x87, 0x55, 0x55, 0x55, 0x55, 0x55, 0x55, 0x55, 0x55, 0x55, 0x55, 0x55, 
	0x55, 0x55, 0x55, 0x55, 0x55, 0x55, 0x55, 0x55, 0x44, 0x33, 0x33, 0x33, 0x44, 0x55, 0x55, 
	0x55, 0x55, 0x55, 0x55, 0x55, 0x55, 0x55, 0x55, 0x55, 0x55, 0x55, 0x55, 0x44, 0x44, 0x44, 
	0x44, 0x44, 0x44, 0x44, 0x44, 0x44, 0x44, 0x44, 0x44, 0x33, 0x33, 0x22, 0x22, 0x22, 0x22, 
	0x22, 0x22, 0x22, 0x22, 0x22, 0x22, 0x22, 0x22, 0x22, 0x22, 0x22, 0x22, 0x22, 0x22, 0x22, 
	0x22, 0x22, 0x22, 0x22, 0x22, 0x22, 0x22, 0x22, 0x22, 0x22, 0x22, 0x22, 0x22, 0x22, 0x22, 
	0x33, 0x45, 0x55, 0x55, 0x55, 0x55, 0x55, 0x55, 0x55, 0x55, 0x55, 0x55, 0x54, 0x43, 0x33, 
	0x34, 0x44, 0x55, 0x55, 0x55, 0x55, 0x55, 0x55, 0x55, 0x55, 0x55, 0x55, 0x55, 0x55, 0x55, 
	0x55, 0x55, 0x55, 0x55, 0x55, 0x55, 0x56, 0x78, 0x9A, 0xAA, 0xAA, 0xAA, 0xAA, 0xAA, 0xAA, 
	0xAA, 0xAA, 0xAA, 0xAA, 0x99, 0x99, 0x99, 0x99, 0x99, 0x99, 0x99, 0x99, 0x99, 0x99, 0x99, 
	0x99, 0x99, 0x98, 0x88, 0x88, 0x88, 0x89, 0xAC, 0xCD, 0xDD, 0xDC, 0xCC, 0xCD, 0xCC, 0xCD, 
	0xDD, 0xCC, 0xCC, 0xCC, 0xCD, 0xDD, 0xEE, 0xEE, 0xEE, 0xEE, 0xEE, 0xEE, 0xEE, 0xDD, 0xDD, 
	0xDD, 0xDD, 0xDC, 0xDC, 0xCC, 0xCB, 0xBB, 0xAA, 0xAB, 0xBB, 0xCD, 0xDD, 0xEE, 0xEE, 0xEE, 
	0xEE, 0xEE, 0xEE, 0xEE, 0xEE, 0xDD, 0xDD, 0xDD, 0xDC, 0xCD, 0xDD, 0xDC, 0xCC, 0xCC, 0xBA, 
	0xAA, 0xAA, 0xAA, 0xAA, 0xBB, 0xCD, 0xDD, 0xDE, 0xEE, 0xEE, 0xEE, 0xEE, 0xEE, 0xEE, 0xEE, 
	0xEE, 0xED, 0xDD, 0xDD, 0xDC, 0xCC, 0xCC, 0xCC, 0xDC, 0xCC, 0xBB, 0xA9, 0x98, 0x87, 0x77, 
	0x77, 0x89, 0x9A, 0xBC, 0xDD, 0xDE, 0xEE, 0xEE, 0xEE, 0xEE, 0xEE, 0xED, 0xDD, 0xDD, 0xDD, 
	0xDD, 0xDD, 0xDD, 0xDD, 0xDD, 0xDD, 0xEE, 0xEE, 0xEE, 0xEE, 0xEE, 0xEE, 0xDD, 0xDD, 0xDD, 
	0xDD, 0xCC, 0xCC, 0xCC, 0xCC, 0xCB, 0xBA, 0x97, 0x66, 0x66, 0x66, 0x66, 0x66, 0x66, 0x66, 
	0x66, 0x66, 0x66, 0x66, 0x66, 0x66, 0x66, 0x79, 0xAA, 0xAA, 0xAA, 0xAA, 0xAA, 0xAA, 0xAA, 
	0xAA, 0xAA, 0xA9, 0x86, 0x55, 0x55, 0x55, 0x55, 0x55, 0x55, 0x55, 0x55, 0x55, 0x55, 0x55, 
	0x55, 0x55, 0x55, 0x55, 0x55, 0x55, 0x55, 0x55, 0x44, 0x33, 0x33, 0x33, 0x44, 0x55, 0x55, 
	0x55, 0x55, 0x55, 0x55, 0x55, 0x55, 0x55, 0x55, 0x55, 0x55, 0x55, 0x55, 0x44, 0x44, 0x44, 
	0x44, 0x44, 0x44, 0x44, 0x44, 0x44, 0x44, 0x44, 0x44, 0x33, 0x33, 0x32, 0x22, 0x22, 0x22, 
	0x22, 0x22, 0x22, 0x22, 0x22, 0x22, 0x22, 0x22, 0x22, 0x22, 0x22, 0x22, 0x22, 0x22, 0x22, 
	0x22, 0x22, 0x22, 0x22, 0x22, 0x22, 0x22, 0x22, 0x22, 0x22, 0x22, 0x22, 0x22, 0x22, 0x22, 
	0x34, 0x45, 0x55, 0x55, 0x55, 0x55, 0x55, 0x55, 0x55, 0x55, 0x55, 0x55, 0x44, 0x33, 0x33, 
	0x44, 0x45, 0x55, 0x55, 0x55, 0x55, 0x55, 0x55, 0x55, 0x55, 0x55, 0x55, 0x55, 0x55, 0x55, 
	0x55, 0x55, 0x55, 0x55, 0x55, 0x55, 0x55, 0x68, 0x9A, 0xAA, 0xAA, 0xAA, 0xAA, 0xAA, 0xAA, 
	0xAA, 0xAA, 0xAA, 0xAA, 0xA9, 0x99, 0x99, 0x99, 0x99, 0x99, 0x99, 0x99, 0x99, 0x99, 0x99, 
	0x99, 0x99, 0x99, 0x99, 0x98, 0x89, 0xAB, 0xCD, 0xDD, 0xDD, 0xDD, 0xDD, 0xDD, 0xDD, 0xDD, 
	0xDD, 0xDD, 0xDD, 0xDD, 0xEE, 0xEE, 0xEE, 0xEE, 0xEE, 0xEE, 0xEE, 0xEE, 0xEE, 0xED, 0xDD, 
	0xDD, 0xDD, 0xDD, 0xDD, 0xDD, 0xDD, 0xDC, 0xCC, 0xDD, 0xDD, 0xDE, 0xEE, 0xEE, 0xEE, 0xEE, 
	0xEE, 0xEF, 0xFE, 0xEE, 0xEE, 0xEE, 0xDD, 0xDD, 0xDD, 0xDD, 0xDD, 0xDD, 0xDD, 0xDD, 0xDC, 
	0xCC, 0xCC, 0xCC, 0xCD, 0xDD, 0xDE, 0xEE, 0xEE, 0xEE, 0xEE, 0xEE, 0xEE, 0xEE, 0xEE, 0xEE, 
	0xEE, 0xEE, 0xED, 0xDD, 0xDD, 0xCD, 0xCC, 0xCC, 0xCC, 0xCC, 0xCC, 0xCB, 0xBB, 0xAA, 0xAA, 
	0xAA, 0xBB, 0xCC, 0xDD, 0xED, 0xEE, 0xEE, 0xEE, 0xEE, 0xEE, 0xEE, 0xEE, 0xED, 0xDD, 0xDD, 
	0xDD, 0xDD, 0xDD, 0xDD, 0xDD, 0xDD, 0xDE, 0xEE, 0xEE, 0xEE, 0xEE, 0xEE, 0xEE, 0xDD, 0xDD, 
	0xDD, 0xDC, 0xCC, 0xCC, 0xCC, 0xCC, 0xBB, 0xA8, 0x76, 0x66, 0x66, 0x66, 0x66, 0x66, 0x66, 
	0x66, 0x66, 0x66, 0x66, 0x66, 0x66, 0x66, 0x78, 0x9A, 0xAA, 0xAA, 0xAA, 0xAA, 0xAA, 0xAA, 
	0xAA, 0xAA, 0xA9, 0x86, 0x55, 0x55, 0x55, 0x55, 0x55, 0x55, 0x55, 0x55, 0x55, 0x55, 0x55, 
	0x55, 0x55, 0x55, 0x55, 0x55, 0x55, 0x55, 0x54, 0x43, 0x33, 0x33, 0x34, 0x44, 0x55, 0x55, 
	0x55, 0x55, 0x55, 0x55, 0x55, 0x55, 0x55, 0x55, 0x55, 0x55, 0x55, 0x55, 0x54, 0x44, 0x44, 
	0x44, 0x44, 0x44, 0x44, 0x44, 0x44, 0x44, 0x44, 0x44, 0x43, 0x33, 0x32, 0x22, 0x22, 0x22, 
	0x22, 0x22, 0x22, 0x22, 0x22, 0x22, 0x22, 0x22, 0x22, 0x22, 0x22, 0x22, 0x22, 0x22, 0x22, 
	0x22, 0x22, 0x22, 0x22, 0x22, 0x22, 0x22, 0x22, 0x22, 0x22, 0x22, 0x22, 0x22, 0x22, 0x23, 
	0x34, 0x55, 0x55, 0x55, 0x55, 0x55, 0x55, 0x55, 0x55, 0x55, 0x55, 0x55, 0x44, 0x33, 0x33, 
	0x44, 0x55, 0x55, 0x55, 0x55, 0x55, 0x55, 0x55, 0x55, 0x55, 0x55, 0x55, 0x55, 0x55, 0x55, 
	0x55, 0x55, 0x55, 0x55, 0x55, 0x55, 0x55, 0x67, 0x9A, 0xAA, 0xAA, 0xAA, 0xAA, 0xAA, 0xAA, 
	0xAA, 0xAA, 0xAA, 0xAA, 0xAA, 0x99, 0x99, 0x99, 0x99, 0x99, 0x99, 0x99, 0x99, 0x99, 0x99, 
	0x99, 0x99, 0x99, 0x99, 0x99, 0x9A, 0xBC, 0xDD, 0xDD, 0xDD, 0xDD, 0xDD, 0xDD, 0xDD, 0xDD, 
	0xDD, 0xDE, 0xEE, 0xEE, 0xEE, 0xEE, 0xEE, 0xEE, 0xEE, 0xEE, 0xEE, 0xEE, 0xEE, 0xEE, 0xEE, 
	0xDD, 0xDD, 0xDD, 0xDD, 0xDD, 0xDD, 0xDD, 0xDD, 0xDD, 0xDE, 0xEE, 0xEE, 0xEE, 0xEE, 0xEE, 
	0xEE, 0xEE, 0xEE, 0xEE, 0xEE, 0xEE, 0xEE, 0xDD, 0xDD, 0xDD, 0xDD, 0xDD, 0xDD, 0xDD, 0xDD, 
	0xDD, 0xDD, 0xDD, 0xED, 0xDE, 0xEE, 0xEE, 0xEE, 0xEE, 0xEE, 0xEE, 0xEE, 0xEE, 0xEE, 0xEE, 
	0xEE, 0xEE, 0xEE, 0xDD, 0xDD, 0xDD, 0xDD, 0xDD, 0xCC, 0xCC, 0xCD, 0xCC, 0xCD, 0xCC, 0xCC, 
	0xCC, 0xCC, 0xDD, 0xDD, 0xDE, 0xEE, 0xEE, 0xEE, 0xEE, 0xEE, 0xEE, 0xEE, 0xED, 0xDD, 0xDD, 
	0xDD, 0xDD, 0xDD, 0xDD, 0xDD, 0xEE, 0xEE, 0xEE, 0xEE, 0xEE, 0xEE, 0xEE, 0xED, 0xDD, 0xDD, 
	0xDD, 0xDD, 0xCC, 0xCC, 0xCC, 0xCC, 0xCB, 0xA9, 0x76, 0x66, 0x66, 0x66, 0x66, 0x66, 0x66, 
	0x66, 0x66, 0x66, 0x66, 0x66, 0x66, 0x66, 0x78, 0x9A, 0xAA, 0xAA, 0xAA, 0xAA, 0xAA, 0xAA, 
	0xAA, 0xAA, 0xA9, 0x86, 0x55, 0x55, 0x55, 0x55, 0x55, 0x55, 0x55, 0x55, 0x55, 0x55, 0x55, 
	0x55, 0x55, 0x55, 0x55, 0x45, 0x55, 0x55, 0x54, 0x33, 0x33, 0x33, 0x34, 0x45, 0x55, 0x55, 
	0x55, 0x55, 0x55, 0x55, 0x55, 0x55, 0x55, 0x55, 0x55, 0x55, 0x55, 0x55, 0x54, 0x44, 0x44, 
	0x44, 0x44, 0x44, 0x44, 0x44, 0x44, 0x44, 0x44, 0x44, 0x43, 0x33, 0x32, 0x22, 0x22, 0x22, 
	0x22, 0x22, 0x22, 0x22, 0x22, 0x22, 0x22, 0x22, 0x22, 0x22, 0x22, 0x22, 0x22, 0x22, 0x22, 
	0x22, 0x22, 0x22, 0x22, 0x22, 0x22, 0x22, 0x22, 0x22, 0x22, 0x22, 0x22, 0x22, 0x22, 0x33, 
	0x44, 0x55, 0x55, 0x55, 0x55, 0x55, 0x55, 0x55, 0x55, 0x55, 0x55, 0x54, 0x43, 0x33, 0x34, 
	0x45, 0x55, 0x55, 0x55, 0x55, 0x55, 0x55, 0x55, 0x55, 0x55, 0x55, 0x55, 0x55, 0x55, 0x55, 
	0x55, 0x55, 0x55, 0x55, 0x55, 0x55, 0x55, 0x67, 0x9A, 0xAA, 0xAA, 0xAA, 0xAA, 0xAA, 0xAA, 
	0xAA, 0xAA, 0xAA, 0xAA, 0xAA, 0x99, 0x99, 0x99, 0x99, 0x99, 0x99, 0x99, 0x99, 0x99, 0x99, 
	0x99, 0x99, 0x99, 0x99, 0x99, 0xAB, 0xDD, 0xDD, 0xDD, 0xDD, 0xDD, 0xDD, 0xDD, 0xDD, 0xDE, 
	0xEE, 0xEE, 0xEE, 0xEE, 0xEE, 0xEE, 0xEE, 0xEE, 0xEE, 0xEE, 0xEE, 0xEE, 0xEE, 0xEE, 0xEE, 
	0xED, 0xDD, 0xDD, 0xDD, 0xDD, 0xDD, 0xDD, 0xEE, 0xEE, 0xEE, 0xEE, 0xEE, 0xEE, 0xEE, 0xEE, 
	0xEE, 0xEE, 0xEE, 0xEE, 0xEE, 0xEE, 0xEE, 0xEE, 0xED, 0xDD, 0xDD, 0xDD, 0xDD, 0xDD, 0xDD, 
	0xDD, 0xDD, 0xDD, 0xEE, 0xEE, 0xEE, 0xEE, 0xEE, 0xEE, 0xEE, 0xEE, 0xEE, 0xEE, 0xEE, 0xEE, 
	0xEE, 0xEE, 0xEE, 0xDD, 0xDD, 0xDD, 0xDD, 0xDD, 0xCC, 0xCD, 0xCD, 0xDD, 0xDD, 0xDD, 0xDD, 
	0xDD, 0xDD, 0xDD, 0xDD, 0xEE, 0xEE, 0xEE, 0xEE, 0xEE, 0xEE, 0xEE, 0xEE, 0xEE, 0xEE, 0xEE, 
	0xEE, 0xED, 0xDD, 0xDE, 0xEE, 0xEE, 0xEE, 0xEE, 0xEE, 0xEE, 0xEE, 0xEE, 0xED, 0xDD, 0xDD, 
	0xDD, 0xDD, 0xCC, 0xCC, 0xCC, 0xCC, 0xCB, 0xB9, 0x86, 0x66, 0x66, 0x66, 0x66, 0x66, 0x66, 
	0x66, 0x66, 0x66, 0x66, 0x66, 0x66, 0x66, 0x78, 0x9A, 0xAA, 0xAA, 0xAA, 0xAA, 0xAA, 0xAA, 
	0xAA, 0xAA, 0xA9, 0x86, 0x55, 0x55, 0x55, 0x55, 0x55, 0x55, 0x55, 0x55, 0x55, 0x55, 0x55, 
	0x55, 0x55, 0x55, 0x55, 0x55, 0x55, 0x55, 0x44, 0x33, 0x33, 0x33, 0x34, 0x45, 0x55, 0x55, 
	0x55, 0x55, 0x55, 0x55, 0x55, 0x55, 0x55, 0x55, 0x55, 0x56, 0x66, 0x66, 0x55, 0x54, 0x44, 
	0x44, 0x44, 0x55, 0x44, 0x44, 0x44, 0x44, 0x44, 0x44, 0x43, 0x33, 0x32, 0x22, 0x22, 0x22, 
	0x22, 0x22, 0x22, 0x22, 0x22, 0x22, 0x22, 0x22, 0x22, 0x22, 0x22, 0x22, 0x22, 0x22, 0x22, 
	0x22, 0x22, 0x22, 0x22, 0x22, 0x22, 0x22, 0x22, 0x22, 0x22, 0x22, 0x22, 0x22, 0x22, 0x33, 
	0x45, 0x55, 0x55, 0x55, 0x55, 0x55, 0x55, 0x55, 0x55, 0x55, 0x55, 0x44, 0x33, 0x33, 0x34, 
	0x45, 0x55, 0x55, 0x55, 0x55, 0x55, 0x55, 0x55, 0x55, 0x55, 0x55, 0x55, 0x55, 0x55, 0x55, 
	0x55, 0x55, 0x55, 0x55, 0x55, 0x55, 0x55, 0x67, 0x89, 0xAA, 0xAA, 0xAA, 0xAA, 0xAA, 0xAA, 
	0xAA, 0xAA, 0xAA, 0xAA, 0xAA, 0xA9, 0x99, 0x99, 0x99, 0x99, 0x99, 0x99, 0x99, 0x99, 0x99, 
	0x99, 0x98, 0x99, 0x98, 0x99, 0xBC, 0xDE, 0xEE, 0xDD, 0xDD, 0xDD, 0xEE, 0xEE, 0xEE, 0xEE, 
	0xEE, 0xEE, 0xEE, 0xEE, 0xEE, 0xEE, 0xEE, 0xEE, 0xEE, 0xEE, 0xEE, 0xEE, 0xEE, 0xEE, 0xEE, 
	0xEE, 0xEE, 0xEE, 0xEE, 0xEE, 0xEE, 0xEE, 0xEE, 0xEE, 0xEE, 0xEE, 0xEE, 0xEE, 0xEE, 0xEE, 
	0xEE, 0xEE, 0xEE, 0xEE, 0xEE, 0xEE, 0xEE, 0xEE, 0xEE, 0xEE, 0xED, 0xDD, 0xDD, 0xDD, 0xDD, 
	0xDD, 0xEE, 0xEE, 0xEE, 0xEE, 0xEE, 0xEE, 0xEE, 0xEE, 0xEE, 0xEE, 0xEE, 0xEE, 0xEE, 0xEE, 
	0xEE, 0xEE, 0xEE, 0xEE, 0xDD, 0xDD, 0xDD, 0xDD, 0xDD, 0xDD, 0xDD, 0xDD, 0xDD, 0xDD, 0xDD, 
	0xDD, 0xDD, 0xDD, 0xDE, 0xEE, 0xEE, 0xEE, 0xEE, 0xEE, 0xEE, 0xEE, 0xEE, 0xEE, 0xEE, 0xEE, 
	0xEE, 0xEE, 0xEE, 0xEE, 0xEE, 0xEE, 0xEE, 0xEE, 0xEE, 0xEE, 0xEE, 0xEE, 0xEE, 0xDD, 0xDD, 
	0xDD, 0xDD, 0xCC, 0xCC, 0xCC, 0xCC, 0xCC, 0xBA, 0x97, 0x66, 0x66, 0x66, 0x66, 0x66, 0x66, 
	0x66, 0x66, 0x66, 0x66, 0x66, 0x66, 0x66, 0x78, 0x9A, 0xAA, 0xAA, 0xAA, 0xAA, 0xAA, 0xAA, 
	0xAA, 0xAA, 0xA9, 0x86, 0x55, 0x55, 0x55, 0x55, 0x55, 0x55, 0x55, 0x55, 0x55, 0x55, 0x55, 
	0x55, 0x55, 0x55, 0x55, 0x55, 0x55, 0x55, 0x44, 0x33, 0x33, 0x33, 0x44, 0x45, 0x55, 0x55, 
	0x55, 0x55, 0x55, 0x55, 0x55, 0x55, 0x55, 0x55, 0x55, 0x56, 0x66, 0x66, 0x65, 0x55, 0x54, 
	0x45, 0x55, 0x55, 0x54, 0x44, 0x44, 0x44, 0x44, 0x44, 0x43, 0x33, 0x33, 0x33, 0x22, 0x22, 
	0x22, 0x22, 0x22, 0x22, 0x22, 0x22, 0x22, 0x22, 0x22, 0x22, 0x22, 0x22, 0x22, 0x22, 0x22, 
	0x22, 0x22, 0x22, 0x22, 0x22, 0x22, 0x22, 0x22, 0x22, 0x22, 0x22, 0x22, 0x22, 0x22, 0x34, 
	0x45, 0x55, 0x55, 0x55, 0x55, 0x55, 0x55, 0x55, 0x55, 0x55, 0x55, 0x44, 0x33, 0x33, 0x44, 
	0x55, 0x55, 0x55, 0x55, 0x55, 0x55, 0x55, 0x55, 0x55, 0x55, 0x55, 0x55, 0x55, 0x55, 0x55, 
	0x55, 0x55, 0x55, 0x55, 0x55, 0x55, 0x55, 0x66, 0x89, 0xAA, 0xAA, 0xAA, 0xAA, 0xAA, 0xAA, 
	0xAA, 0xAA, 0xAA, 0xAA, 0xAA, 0xAA, 0x99, 0x99, 0x99, 0x99, 0x99, 0x99, 0x99, 0x99, 0x99, 
	0x99, 0x99, 0x99, 0x98, 0x9A, 0xCD, 0xEE, 0xED, 0xDD, 0xEE, 0xEE, 0xEE, 0xEE, 0xEE, 0xEE, 
	0xEE, 0xEE, 0xEE, 0xEE, 0xEE, 0xEE, 0xEE, 0xEE, 0xEE, 0xEE, 0xEE, 0xEE, 0xEE, 0xEE, 0xEE, 
	0xEE, 0xEE, 0xEE, 0xEE, 0xEE, 0xEE, 0xEE, 0xEE, 0xEE, 0xEE, 0xEE, 0xEE, 0xEE, 0xEE, 0xEE, 
	0xEE, 0xEE, 0xEE, 0xEE, 0xEE, 0xEE, 0xEE, 0xEE, 0xEE, 0xEE, 0xEE, 0xEE, 0xEE, 0xEE, 0xEE, 
	0xEE, 0xEE, 0xEE, 0xEE, 0xEE, 0xEE, 0xEE, 0xEE, 0xEE, 0xEE, 0xEE, 0xEE, 0xEE, 0xEE, 0xEE, 
	0xEE, 0xEE, 0xEE, 0xEE, 0xEE, 0xDD, 0xDD, 0xDD, 0xDD, 0xDD, 0xDD, 0xDD, 0xDD, 0xDD, 0xDD, 
	0xDD, 0xDD, 0xDD, 0xEE, 0xEE, 0xEE, 0xEE, 0xEE, 0xEE, 0xEE, 0xEE, 0xEE, 0xEE, 0xEE, 0xEE, 
	0xEE, 0xEE, 0xEE, 0xEE, 0xEE, 0xEE, 0xEE, 0xEE, 0xEE, 0xEE, 0xEE, 0xEE, 0xEE, 0xDD, 0xDD, 
	0xDD, 0xDD, 0xDC, 0xCC, 0xCC, 0xCC, 0xCC, 0xCB, 0xA8, 0x76, 0x66, 0x66, 0x66, 0x66, 0x66, 
	0x66, 0x66, 0x66, 0x66, 0x66, 0x66, 0x66, 0x78, 0x9A, 0xAA, 0xAA, 0xAA, 0xAA, 0xAA, 0xAA, 
	0xAA, 0xAA, 0xA9, 0x86, 0x55, 0x55, 0x55, 0x55, 0x55, 0x55, 0x55, 0x55, 0x55, 0x55, 0x55, 
	0x55, 0x55, 0x55, 0x55, 0x55, 0x55, 0x54, 0x43, 0x33, 0x33, 0x33, 0x44, 0x55, 0x55, 0x55, 
	0x55, 0x55, 0x55, 0x55, 0x55, 0x55, 0x55, 0x55, 0x55, 0x56, 0x66, 0x66, 0x66, 0x65, 0x55, 
	0x55, 0x55, 0x55, 0x54, 0x44, 0x44, 0x44, 0x44, 0x44, 0x43, 0x33, 0x33, 0x33, 0x32, 0x22, 
	0x22, 0x22, 0x22, 0x22, 0x22, 0x22, 0x22, 0x22, 0x22, 0x22, 0x22, 0x22, 0x22, 0x22, 0x22, 
	0x22, 0x22, 0x22, 0x22, 0x22, 0x22, 0x22, 0x22, 0x22, 0x22, 0x22, 0x22, 0x22, 0x22, 0x34, 
	0x55, 0x55, 0x55, 0x55, 0x55, 0x55, 0x55, 0x55, 0x55, 0x55, 0x54, 0x43, 0x33, 0x34, 0x45, 
	0x55, 0x55, 0x55, 0x55, 0x55, 0x55, 0x55, 0x55, 0x55, 0x55, 0x55, 0x55, 0x55, 0x55, 0x55, 
	0x55, 0x55, 0x55, 0x55, 0x55, 0x55, 0x55, 0x56, 0x79, 0xAA, 0xAA, 0xAA, 0xAA, 0xAA, 0xAA, 
	0xAA, 0xAA, 0xAA, 0xAA, 0xAA, 0xAA, 0x99, 0x99, 0x99, 0x99, 0x99, 0x99, 0x99, 0x99, 0x99, 
	0x99, 0x99, 0x99, 0x99, 0xAC, 0xDD, 0xEE, 0xED, 0xDE, 0xEE, 0xEE, 0xEE, 0xEE, 0xEE, 0xEE, 
	0xEE, 0xEE, 0xEE, 0xEE, 0xEE, 0xEE, 0xEE, 0xEE, 0xEE, 0xEE, 0xEE, 0xEE, 0xEE, 0xEE, 0xEE, 
	0xEE, 0xEE, 0xEE, 0xEE, 0xEE, 0xEE, 0xEE, 0xEE, 0xEE, 0xEE, 0xEE, 0xEE, 0xEE, 0xEE, 0xEE, 
	0xEE, 0xEE, 0xEE, 0xEE, 0xEE, 0xEE, 0xEE, 0xEE, 0xEE, 0xEE, 0xEE, 0xEE, 0xEE, 0xEE, 0xEE, 
	0xEE, 0xEE, 0xEE, 0xEE, 0xEE, 0xEE, 0xEE, 0xEE, 0xEE, 0xEE, 0xEE, 0xEE, 0xEE, 0xEE, 0xEE, 
	0xEE, 0xEE, 0xEE, 0xEE, 0xEE, 0xEE, 0xEE, 0xED, 0xDD, 0xDD, 0xDD, 0xDD, 0xDD, 0xDD, 0xDD, 
	0xDD, 0xDD, 0xDD, 0xEE, 0xEE, 0xEE, 0xEE, 0xEE, 0xEE, 0xEE, 0xEE, 0xEE, 0xEE, 0xEE, 0xEE, 
	0xEE, 0xEE, 0xEE, 0xEE, 0xEE, 0xEE, 0xEE, 0xEE, 0xEE, 0xEE, 0xEE, 0xEE, 0xEE, 0xED, 0xDD, 
	0xDD, 0xDD, 0xDC, 0xCC, 0xCC, 0xCC, 0xCC, 0xCB, 0xA9, 0x76, 0x66, 0x66, 0x66, 0x66, 0x66, 
	0x66, 0x66, 0x66, 0x66, 0x66, 0x66, 0x66, 0x68, 0x9A, 0xAA, 0xAA, 0xAA, 0xAA, 0xAA, 0xAA, 
	0xAA, 0xAA, 0xA9, 0x86, 0x55, 0x55, 0x55, 0x55, 0x55, 0x55, 0x55, 0x55, 0x55, 0x55, 0x55, 
	0x55, 0x55, 0x55, 0x55, 0x55, 0x55, 0x54, 0x43, 0x33, 0x33, 0x33, 0x45, 0x55, 0x55, 0x55, 
	0x55, 0x55, 0x55, 0x55, 0x55, 0x55, 0x55, 0x56, 0x55, 0x56, 0x66, 0x66, 0x66, 0x66, 0x55, 
	0x55, 0x55, 0x55, 0x55, 0x55, 0x55, 0x54, 0x44, 0x44, 0x44, 0x33, 0x33, 0x33, 0x32, 0x32, 
	0x22, 0x22, 0x22, 0x22, 0x22, 0x22, 0x22, 0x22, 0x22, 0x22, 0x22, 0x22, 0x22, 0x22, 0x22, 
	0x22, 0x22, 0x22, 0x22, 0x22, 0x22, 0x22, 0x22, 0x22, 0x22, 0x22, 0x22, 0x22, 0x23, 0x45, 
	0x55, 0x55, 0x55, 0x55, 0x55, 0x55, 0x55, 0x55, 0x55, 0x55, 0x54, 0x43, 0x33, 0x34, 0x45, 
	0x55, 0x55, 0x55, 0x55, 0x55, 0x55, 0x55, 0x55, 0x55, 0x55, 0x55, 0x55, 0x55, 0x55, 0x55, 
	0x55, 0x55, 0x55, 0x55, 0x55, 0x55, 0x55, 0x56, 0x78, 0x9A, 0xAA, 0xAA, 0xAA, 0xAA, 0xAA, 
	0xAA, 0xAA, 0xAA, 0xAA, 0xAA, 0xAA, 0xA9, 0x99, 0x99, 0x99, 0x99, 0x99, 0x99, 0x99, 0x99, 
	0x99, 0x99, 0x98, 0x9A, 0xBD, 0xDE, 0xEE, 0xEE, 0xEE, 0xEE, 0xEE, 0xEE, 0xEE, 0xEE, 0xEE, 
	0xEE, 0xEE, 0xEE, 0xEE, 0xEE, 0xEE, 0xEE, 0xEE, 0xEE, 0xEE, 0xEE, 0xEE, 0xEE, 0xEE, 0xEE, 
	0xEE, 0xEE, 0xEE, 0xEE, 0xEE, 0xEE, 0xEE, 0xEE, 0xEE, 0xEE, 0xEE, 0xEE, 0xEE, 0xEE, 0xEE, 
	0xEE, 0xEE, 0xEE, 0xEE, 0xEE, 0xEE, 0xEE, 0xEE, 0xEE, 0xEE, 0xEE, 0xEE, 0xEE, 0xEE, 0xEE, 
	0xEE, 0xEE, 0xEE, 0xEE, 0xEE, 0xEE, 0xEE, 0xEE, 0xEE, 0xEE, 0xEE, 0xEE, 0xEE, 0xEE, 0xEE, 
	0xEE, 0xEE, 0xEE, 0xEE, 0xEE, 0xEE, 0xEE, 0xEE, 0xED, 0xDD, 0xDD, 0xDD, 0xDD, 0xED, 0xEE, 
	0xEE, 0xEE, 0xEE, 0xEE, 0xEE, 0xEE, 0xEE, 0xEE, 0xEE, 0xEE, 0xEE, 0xEE, 0xEE, 0xEE, 0xEE, 
	0xEE, 0xEE, 0xEE, 0xEE, 0xEE, 0xEE, 0xEE, 0xEE, 0xEE, 0xEE, 0xEE, 0xEE, 0xEE, 0xED, 0xDD, 
	0xDD, 0xDD, 0xDC, 0xCC, 0xCC, 0xCC, 0xBC, 0xCB, 0xBA, 0x87, 0x66, 0x66, 0x66, 0x66, 0x66, 
	0x66, 0x66, 0x66, 0x66, 0x66, 0x66, 0x66, 0x68, 0x9A, 0xAA, 0xAA, 0xAA, 0xAA, 0xAA, 0xAA, 
	0xAA, 0xAA, 0xA9, 0x86, 0x55, 0x55, 0x55, 0x55, 0x55, 0x55, 0x55, 0x55, 0x55, 0x55, 0x55, 
	0x55, 0x55, 0x55, 0x55, 0x45, 0x55, 0x44, 0x33, 0x33, 0x33, 0x34, 0x45, 0x55, 0x55, 0x55, 
	0x55, 0x55, 0x55, 0x55, 0x55, 0x55, 0x55, 0x66, 0x65, 0x66, 0x66, 0x66, 0x67, 0x66, 0x65, 
	0x55, 0x55, 0x55, 0x55, 0x55, 0x55, 0x54, 0x44, 0x44, 0x44, 0x33, 0x33, 0x33, 0x32, 0x32, 
	0x22, 0x22, 0x22, 0x22, 0x22, 0x22, 0x22, 0x22, 0x22, 0x22, 0x22, 0x22, 0x22, 0x22, 0x22, 
	0x32, 0x22, 0x22, 0x22, 0x22, 0x22, 0x22, 0x22, 0x22, 0x22, 0x22, 0x22, 0x22, 0x33, 0x45, 
	0x55, 0x55, 0x55, 0x55, 0x55, 0x55, 0x55, 0x55, 0x55, 0x55, 0x44, 0x33, 0x33, 0x44, 0x55, 
	0x55, 0x55, 0x55, 0x55, 0x55, 0x55, 0x55, 0x55, 0x55, 0x55, 0x55, 0x55, 0x55, 0x55, 0x55, 
	0x55, 0x55, 0x55, 0x55, 0x55, 0x55, 0x55, 0x56, 0x78, 0x9A, 0xAA, 0xAA, 0xAA, 0xAA, 0xAA, 
	0xAA, 0xAA, 0xAA, 0xAA, 0xAA, 0xAA, 0xA9, 0x99, 0x99, 0x99, 0x99, 0x99, 0x99, 0x99, 0x99, 
	0x99, 0x99, 0x98, 0x9B, 0xCD, 0xDE, 0xEE, 0xEE, 0xEE, 0xEE, 0xEE, 0xEE, 0xEE, 0xEE, 0xEE, 
	0xEE, 0xEE, 0xEE, 0xEE, 0xEE, 0xEE, 0xEE, 0xEE, 0xEE, 0xEE, 0xEE, 0xEE, 0xEE, 0xEE, 0xEE, 
	0xEE, 0xEE, 0xEE, 0xEE, 0xEE, 0xEE, 0xEE, 0xEE, 0xEE, 0xEE, 0xEE, 0xEE, 0xEE, 0xEE, 0xEE, 
	0xEE, 0xEE, 0xEE, 0xEE, 0xEE, 0xEE, 0xEE, 0xEE, 0xEE, 0xEE, 0xEE, 0xEE, 0xEE, 0xEE, 0xEE, 
	0xEE, 0xEE, 0xEE, 0xEE, 0xEE, 0xEE, 0xEE, 0xEE, 0xEE, 0xEE, 0xEE, 0xEE, 0xEE, 0xEE, 0xEE, 
	0xEE, 0xEE, 0xEE, 0xEE, 0xEE, 0xEE, 0xEE, 0xEE, 0xEE, 0xEE, 0xEE, 0xEE, 0xEE, 0xEE, 0xEE, 
	0xEE, 0xEE, 0xEE, 0xEE, 0xEE, 0xEE, 0xEE, 0xEE, 0xEE, 0xEE, 0xEE, 0xEE, 0xEE, 0xEE, 0xEE, 
	0xEE, 0xEE, 0xEE, 0xEE, 0xEE, 0xEE, 0xEE, 0xEE, 0xEE, 0xEE, 0xEE, 0xEE, 0xEE, 0xEE, 0xDD, 
	0xDD, 0xDD, 0xDC, 0xCC, 0xCC, 0xCC, 0xBB, 0xBB, 0xBA, 0x87, 0x66, 0x66, 0x66, 0x66, 0x66, 
	0x66, 0x66, 0x66, 0x66, 0x66, 0x66, 0x66, 0x67, 0x9A, 0xAA, 0xAA, 0xAA, 0xAA, 0xAA, 0xAA, 
	0xAA, 0xAA, 0xA9, 0x76, 0x55, 0x55, 0x55, 0x55, 0x55, 0x55, 0x55, 0x55, 0x55, 0x55, 0x55, 
	0x55, 0x55, 0x55, 0x55, 0x55, 0x55, 0x44, 0x33, 0x33, 0x33, 0x34, 0x55, 0x55, 0x55, 0x55, 
	0x55, 0x55, 0x55, 0x55, 0x55, 0x55, 0x55, 0x66, 0x66, 0x66, 0x66, 0x66, 0x77, 0x66, 0x66, 
	0x66, 0x66, 0x66, 0x55, 0x55, 0x55, 0x55, 0x44, 0x44, 0x44, 0x33, 0x33, 0x33, 0x33, 0x32, 
	0x22, 0x22, 0x22, 0x22, 0x22, 0x22, 0x22, 0x22, 0x22, 0x22, 0x22, 0x22, 0x22, 0x22, 0x22, 
	0x32, 0x22, 0x22, 0x22, 0x22, 0x22, 0x22, 0x22, 0x22, 0x22, 0x22, 0x22, 0x22, 0x34, 0x45, 
	0x55, 0x55, 0x55, 0x55, 0x55, 0x55, 0x55, 0x55, 0x55, 0x54, 0x44, 0x33, 0x33, 0x44, 0x55, 
	0x55, 0x55, 0x55, 0x55, 0x55, 0x55, 0x55, 0x55, 0x55, 0x55, 0x55, 0x55, 0x55, 0x55, 0x55, 
	0x55, 0x55, 0x55, 0x55, 0x55, 0x55, 0x55, 0x55, 0x67, 0x9A, 0xAA, 0xAA, 0xAA, 0xAA, 0xAA, 
	0xAA, 0xAA, 0xAA, 0xAA, 0xAA, 0xAA, 0xAA, 0xAA, 0x99, 0x99, 0x99, 0x99, 0x99, 0x99, 0x99, 
	0x99, 0x99, 0x89, 0xAC, 0xDD, 0xDE, 0xEE, 0xEE, 0xEE, 0xEE, 0xEE, 0xEE, 0xEF, 0xEE, 0xEE, 
	0xEE, 0xEE, 0xEE, 0xEE, 0xEE, 0xEE, 0xEE, 0xEE, 0xEE, 0xEE, 0xEE, 0xEE, 0xEE, 0xEE, 0xEE, 
	0xEE, 0xEE, 0xEE, 0xEE, 0xEE, 0xEE, 0xEE, 0xEE, 0xEE, 0xEE, 0xEE, 0xEE, 0xEE, 0xEE, 0xEE, 
	0xEE, 0xEE, 0xEE, 0xEE, 0xEE, 0xEE, 0xEE, 0xEE, 0xEE, 0xEE, 0xEE, 0xEE, 0xEE, 0xEE, 0xEE, 
	0xEE, 0xEE, 0xEE, 0xEE, 0xEE, 0xEE, 0xEE, 0xEE, 0xEE, 0xEE, 0xEE, 0xEE, 0xEE, 0xEE, 0xEE, 
	0xEE, 0xEE, 0xEE, 0xEE, 0xEE, 0xEE, 0xEE, 0xEE, 0xEE, 0xEE, 0xEE, 0xEE, 0xEE, 0xEE, 0xEE, 
	0xEE, 0xEE, 0xEE, 0xEE, 0xEE, 0xEE, 0xEE, 0xEE, 0xEE, 0xEE, 0xEE, 0xEE, 0xEE, 0xEE, 0xEE, 
	0xEE, 0xEE, 0xEE, 0xEE, 0xEE, 0xEE, 0xEE, 0xEE, 0xEE, 0xEE, 0xEE, 0xEE, 0xEE, 0xEE, 0xED, 
	0xDD, 0xDD, 0xDD, 0xCC, 0xCC, 0xCC, 0xBB, 0xBB, 0xBB, 0x98, 0x66, 0x66, 0x66, 0x66, 0x66, 
	0x66, 0x66, 0x66, 0x66, 0x66, 0x66, 0x66, 0x67, 0x8A, 0xAA, 0xAA, 0xAA, 0xAA, 0xAA, 0xAB, 
	0xAA, 0xAA, 0xA9, 0x76, 0x55, 0x55, 0x55, 0x55, 0x55, 0x55, 0x55, 0x55, 0x55, 0x55, 0x55, 
	0x55, 0x55, 0x55, 0x55, 0x55, 0x54, 0x43, 0x33, 0x33, 0x33, 0x44, 0x55, 0x55, 0x55, 0x55, 
	0x55, 0x55, 0x55, 0x55, 0x55, 0x55, 0x56, 0x66, 0x66, 0x66, 0x66, 0x67, 0x77, 0x76, 0x66, 
	0x66, 0x66, 0x66, 0x65, 0x55, 0x55, 0x55, 0x54, 0x44, 0x44, 0x44, 0x33, 0x33, 0x33, 0x32, 
	0x22, 0x22, 0x22, 0x22, 0x22, 0x22, 0x22, 0x22, 0x22, 0x22, 0x22, 0x22, 0x22, 0x22, 0x22, 
	0x32, 0x22, 0x22, 0x22, 0x22, 0x22, 0x22, 0x22, 0x22, 0x22, 0x22, 0x22, 0x23, 0x34, 0x55, 
	0x55, 0x55, 0x55, 0x55, 0x55, 0x55, 0x55, 0x55, 0x55, 0x54, 0x43, 0x33, 0x34, 0x44, 0x55, 
	0x55, 0x55, 0x55, 0x55, 0x55, 0x55, 0x55, 0x55, 0x55, 0x55, 0x55, 0x55, 0x55, 0x55, 0x55, 
	0x55, 0x55, 0x55, 0x55, 0x55, 0x55, 0x55, 0x55, 0x67, 0x9A, 0xAA, 0xAA, 0xAA, 0xAB, 0xBB, 
	0xAA, 0xAA, 0xAA, 0xAA, 0xAA, 0xAA, 0xAA, 0xAA, 0x99, 0x99, 0x99, 0x99, 0x99, 0x99, 0x99, 
	0x99, 0x99, 0x89, 0xBC, 0xDD, 0xDD, 0xEE, 0xEE, 0xEE, 0xEE, 0xEE, 0xEE, 0xEF, 0xEE, 0xEE, 
	0xEE, 0xEE, 0xEE, 0xEE, 0xEE, 0xEE, 0xEE, 0xEE, 0xEE, 0xEE, 0xEE, 0xEE, 0xEE, 0xEE, 0xEE, 
	0xEE, 0xEE, 0xEE, 0xEE, 0xEE, 0xEE, 0xEE, 0xEE, 0xEE, 0xEE, 0xEE, 0xEE, 0xEE, 0xEE, 0xEE, 
	0xEE, 0xEE, 0xEE, 0xEE, 0xEE, 0xEE, 0xEE, 0xEE, 0xEE, 0xEE, 0xEE, 0xEE, 0xEE, 0xEE, 0xEE, 
	0xEE, 0xEE, 0xEE, 0xEE, 0xEE, 0xEE, 0xEE, 0xEE, 0xEE, 0xEE, 0xEE, 0xEE, 0xEE, 0xEE, 0xEE, 
	0xEE, 0xEE, 0xEE, 0xEE, 0xEE, 0xEE, 0xEE, 0xEE, 0xEE, 0xEE, 0xEE, 0xEE, 0xEE, 0xEE, 0xEE, 
	0xEE, 0xEE, 0xEE, 0xEE, 0xEE, 0xEE, 0xEE, 0xEE, 0xEE, 0xEE, 0xEE, 0xEE, 0xEE, 0xEE, 0xEE, 
	0xEE, 0xEE, 0xEE, 0xEE, 0xEE, 0xEE, 0xEE, 0xEE, 0xEE, 0xEE, 0xEE, 0xEE, 0xEE, 0xEE, 0xED, 
	0xDD, 0xDD, 0xDD, 0xDC, 0xCC, 0xCC, 0xBB, 0xBB, 0xBB, 0xA8, 0x76, 0x66, 0x66, 0x66, 0x66, 
	0x66, 0x66, 0x66, 0x66, 0x66, 0x66, 0x66, 0x67, 0x8A, 0xAA, 0xAA, 0xAA, 0xAA, 0xAA, 0xBB, 
	0xAA, 0xAA, 0xA9, 0x76, 0x55, 0x55, 0x55, 0x55, 0x55, 0x55, 0x55, 0x55, 0x55, 0x55, 0x55, 
	0x55, 0x55, 0x55, 0x55, 0x55, 0x44, 0x43, 0x33, 0x33, 0x33, 0x45, 0x55, 0x55, 0x55, 0x55, 
	0x55, 0x55, 0x55, 0x55, 0x55, 0x55, 0x66, 0x66, 0x66, 0x66, 0x66, 0x77, 0x77, 0x77, 0x76, 
	0x66, 0x66, 0x66, 0x66, 0x66, 0x55, 0x55, 0x55, 0x44, 0x44, 0x44, 0x33, 0x33, 0x33, 0x32, 
	0x22, 0x22, 0x22, 0x22, 0x22, 0x22, 0x22, 0x22, 0x22, 0x22, 0x22, 0x22, 0x22, 0x22, 0x22, 
	0x33, 0x22, 0x22, 0x22, 0x22, 0x22, 0x22, 0x22, 0x22, 0x22, 0x22, 0x22, 0x23, 0x45, 0x55, 
	0x55, 0x55, 0x55, 0x55, 0x55, 0x55, 0x55, 0x55, 0x55, 0x54, 0x33, 0x33, 0x34, 0x45, 0x55, 
	0x55, 0x55, 0x55, 0x55, 0x55, 0x55, 0x55, 0x55, 0x55, 0x55, 0x55, 0x55, 0x55, 0x55, 0x55, 
	0x55, 0x55, 0x55, 0x55, 0x55, 0x55, 0x55, 0x55, 0x67, 0x8A, 0xAA, 0xAA, 0xAA, 0xBB, 0xBB, 
	0xAA, 0xAA, 0xAA, 0xAA, 0xAA, 0xAA, 0xAA, 0xAA, 0x99, 0x99, 0x99, 0x99, 0x99, 0x99, 0x99, 
	0x99, 0x99, 0x9A, 0xBD, 0xDD, 0xDD, 0xDE, 0xEE, 0xEE, 0xEE, 0xEE, 0xEE, 0xEE, 0xEE, 0xEE, 
	0xEE, 0xEE, 0xEE, 0xEE, 0xEE, 0xEE, 0xEE, 0xEE, 0xEE, 0xEE, 0xEE, 0xEE, 0xEE, 0xEE, 0xEE, 
	0xEE, 0xEE, 0xEE, 0xEE, 0xEE, 0xEE, 0xEE, 0xEE, 0xEE, 0xEE, 0xEE, 0xEE, 0xEE, 0xEE, 0xEE, 
	0xEE, 0xEE, 0xEE, 0xEE, 0xEE, 0xEE, 0xEE, 0xEE, 0xEE, 0xEE, 0xEE, 0xEE, 0xEE, 0xEE, 0xEE, 
	0xEE, 0xEE, 0xEE, 0xEE, 0xEE, 0xEE, 0xEE, 0xEE, 0xEE, 0xEE, 0xEE, 0xEE, 0xEE, 0xEE, 0xEE, 
	0xEE, 0xEE, 0xEE, 0xEE, 0xEE, 0xEE, 0xEE, 0xEE, 0xEE, 0xEE, 0xEE, 0xEE, 0xEE, 0xEE, 0xEE, 
	0xEE, 0xEE, 0xEE, 0xEE, 0xEE, 0xEE, 0xEE, 0xEE, 0xEE, 0xEE, 0xEE, 0xEE, 0xEE, 0xEE, 0xEE, 
	0xEE, 0xEE, 0xEE, 0xEE, 0xEE, 0xEE, 0xEE, 0xEE, 0xEE, 0xEE, 0xEE, 0xEE, 0xEE, 0xEE, 0xDD, 
	0xDD, 0xDD, 0xDD, 0xDC, 0xCC, 0xCC, 0xBB, 0xBB, 0xBB, 0xB9, 0x76, 0x66, 0x66, 0x66, 0x66, 
	0x66, 0x66, 0x66, 0x66, 0x66, 0x66, 0x66, 0x67, 0x8A, 0xAA, 0xAA, 0xAA, 0xAA, 0xAA, 0xAB, 
	0xAA, 0xAA, 0xA9, 0x76, 0x55, 0x55, 0x55, 0x55, 0x55, 0x55, 0x55, 0x55, 0x55, 0x55, 0x55, 
	0x55, 0x55, 0x55, 0x55, 0x55, 0x44, 0x33, 0x33, 0x33, 0x34, 0x45, 0x55, 0x55, 0x55, 0x55, 
	0x55, 0x55, 0x55, 0x55, 0x55, 0x56, 0x66, 0x66, 0x66, 0x66, 0x77, 0x77, 0x77, 0x77, 0x77, 
	0x77, 0x77, 0x76, 0x66, 0x66, 0x65, 0x55, 0x55, 0x44, 0x44, 0x44, 0x43, 0x33, 0x33, 0x32, 
	0x22, 0x22, 0x22, 0x22, 0x22, 0x22, 0x22, 0x22, 0x22, 0x22, 0x22, 0x22, 0x22, 0x22, 0x22, 
	0x33, 0x22, 0x22, 0x22, 0x22, 0x22, 0x22, 0x22, 0x22, 0x22, 0x22, 0x22, 0x33, 0x45, 0x55, 
	0x55, 0x55, 0x55, 0x55, 0x55, 0x55, 0x55, 0x55, 0x55, 0x44, 0x33, 0x33, 0x44, 0x55, 0x55, 
	0x55, 0x55, 0x55, 0x55, 0x55, 0x55, 0x55, 0x55, 0x55, 0x55, 0x55, 0x55, 0x55, 0x55, 0x55, 
	0x55, 0x55, 0x55, 0x55, 0x55, 0x55, 0x55, 0x55, 0x56, 0x89, 0xAA, 0xAA, 0xAA, 0xBB, 0xBB, 
	0xBA, 0xAA, 0xAA, 0xAA, 0xAA, 0xAA, 0xAA, 0xAA, 0x99, 0x99, 0x99, 0x99, 0x99, 0x99, 0x99, 
	0x99, 0x99, 0x9A, 0xBD, 0xDD, 0xDD, 0xDE, 0xEE, 0xEE, 0xEE, 0xEE, 0xEE, 0xEE, 0xEE, 0xEE, 
	0xEE, 0xEE, 0xEE, 0xEE, 0xEE, 0xEE, 0xEE, 0xEE, 0xEE, 0xEE, 0xEE, 0xEE, 0xEE, 0xEE, 0xEE, 
	0xEE, 0xEE, 0xEE, 0xEE, 0xEE, 0xEE, 0xEE, 0xEE, 0xEE, 0xEE, 0xEE, 0xEE, 0xEE, 0xEE, 0xEE, 
	0xEE, 0xEE, 0xEE, 0xEE, 0xEE, 0xEE, 0xEE, 0xEE, 0xEE, 0xEE, 0xEE, 0xEE, 0xEE, 0xEE, 0xEE, 
	0xEE, 0xEE, 0xEE, 0xEE, 0xEE, 0xEE, 0xEE, 0xEE, 0xEE, 0xEE, 0xEE, 0xEE, 0xEE, 0xEE, 0xEE, 
	0xEE, 0xEE, 0xEE, 0xEE, 0xEE, 0xEE, 0xEE, 0xEE, 0xEE, 0xEE, 0xEE, 0xEE, 0xEE, 0xEE, 0xEE, 
	0xEE, 0xEE, 0xEE, 0xEE, 0xEE, 0xEE, 0xEE, 0xEE, 0xEE, 0xEE, 0xEE, 0xEE, 0xEE, 0xEE, 0xEE, 
	0xEE, 0xEE, 0xEE, 0xEE, 0xEE, 0xEE, 0xEE, 0xEE, 0xEE, 0xEE, 0xEE, 0xEE, 0xEE, 0xEE, 0xDD, 
	0xDD, 0xDD, 0xDD, 0xDC, 0xCC, 0xCC, 0xBB, 0xBB, 0xBB, 0xBA, 0x86, 0x66, 0x66, 0x66, 0x66, 
	0x66, 0x66, 0x66, 0x66, 0x66, 0x66, 0x66, 0x67, 0x89, 0xAA, 0xAA, 0xAA, 0xAA, 0xAA, 0xAB, 
	0xAB, 0xAA, 0xA8, 0x76, 0x55, 0x55, 0x55, 0x55, 0x55, 0x55, 0x55, 0x55, 0x55, 0x55, 0x55, 
	0x55, 0x55, 0x55, 0x55, 0x54, 0x43, 0x33, 0x33, 0x33, 0x44, 0x45, 0x55, 0x55, 0x55, 0x55, 
	0x55, 0x55, 0x55, 0x55, 0x55, 0x55, 0x66, 0x66, 0x66, 0x66, 0x77, 0x77, 0x77, 0x77, 0x77, 
	0x77, 0x77, 0x77, 0x76, 0x66, 0x65, 0x55, 0x55, 0x44, 0x44, 0x44, 0x43, 0x33, 0x33, 0x33, 
	0x22, 0x22, 0x22, 0x22, 0x22, 0x22, 0x22, 0x22, 0x22, 0x22, 0x22, 0x22, 0x22, 0x22, 0x22, 
	0x33, 0x22, 0x22, 0x22, 0x22, 0x22, 0x22, 0x22, 0x22, 0x22, 0x22, 0x22, 0x34, 0x55, 0x55, 
	0x55, 0x55, 0x55, 0x55, 0x55, 0x55, 0x55, 0x55, 0x55, 0x43, 0x33, 0x34, 0x45, 0x55, 0x55, 
	0x55, 0x55, 0x55, 0x55, 0x55, 0x55, 0x55, 0x55, 0x55, 0x55, 0x55, 0x55, 0x55, 0x55, 0x55, 
	0x55, 0x55, 0x55, 0x55, 0x55, 0x55, 0x55, 0x55, 0x56, 0x79, 0xAA, 0xAA, 0xAA, 0xBB, 0xBB, 
	0xBA, 0xAA, 0xAA, 0xAA, 0xAA, 0xAA, 0xAA, 0xAA, 0x99, 0x99, 0x99, 0x99, 0x99, 0x99, 0x99, 
	0x99, 0x99, 0x9A, 0xCD, 0xDD, 0xDD, 0xDE, 0xEE, 0xEE, 0xEE, 0xEE, 0xEE, 0xEE, 0xEE, 0xEE, 
	0xEE, 0xEE, 0xEE, 0xEE, 0xEE, 0xEE, 0xEE, 0xEE, 0xEE, 0xEE, 0xEE, 0xEE, 0xEE, 0xEE, 0xEE, 
	0xEE, 0xEE, 0xEE, 0xEE, 0xEE, 0xEE, 0xEE, 0xEE, 0xEE, 0xEE, 0xEE, 0xEE, 0xEE, 0xEE, 0xEE, 
	0xEE, 0xEE, 0xEE, 0xEE, 0xEE, 0xEE, 0xEE, 0xEE, 0xEE, 0xEE, 0xEE, 0xEE, 0xEE, 0xEE, 0xEE, 
	0xEE, 0xEE, 0xEE, 0xEE, 0xEE, 0xEE, 0xEE, 0xEE, 0xEE, 0xEE, 0xEE, 0xEE, 0xEE, 0xEE, 0xEE, 
	0xEE, 0xEE, 0xEE, 0xEE, 0xEE, 0xEE, 0xEE, 0xEE, 0xEE, 0xEE, 0xEE, 0xEE, 0xEE, 0xEE, 0xEE, 
	0xEE, 0xEE, 0xEE, 0xEE, 0xEE, 0xEE, 0xEE, 0xEE, 0xEE, 0xEE, 0xEE, 0xEE, 0xEE, 0xEE, 0xEE, 
	0xEE, 0xEE, 0xEE, 0xEE, 0xEE, 0xEE, 0xEE, 0xEE, 0xEE, 0xEE, 0xEE, 0xEE, 0xEE, 0xEE, 0xED, 
	0xDD, 0xDD, 0xDD, 0xDC, 0xCC, 0xCC, 0xCB, 0xBB, 0xBB, 0xBA, 0x97, 0x66, 0x66, 0x66, 0x66, 
	0x66, 0x66, 0x66, 0x66, 0x66, 0x66, 0x66, 0x67, 0x89, 0xAA, 0xAA, 0xAA, 0xAA, 0xAA, 0xBB, 
	0xBB, 0xAA, 0xA8, 0x75, 0x55, 0x55, 0x55, 0x55, 0x55, 0x55, 0x55, 0x55, 0x55, 0x55, 0x55, 
	0x55, 0x55, 0x55, 0x55, 0x44, 0x33, 0x33, 0x33, 0x34, 0x44, 0x55, 0x55, 0x55, 0x55, 0x55, 
	0x55, 0x55, 0x55, 0x55, 0x55, 0x55, 0x55, 0x66, 0x66, 0x67, 0x77, 0x77, 0x77, 0x77, 0x88, 
	0x88, 0x77, 0x77, 0x77, 0x76, 0x66, 0x65, 0x55, 0x54, 0x44, 0x44, 0x44, 0x33, 0x33, 0x33, 
	0x22, 0x22, 0x22, 0x22, 0x22, 0x22, 0x22, 0x22, 0x22, 0x22, 0x22, 0x22, 0x22, 0x22, 0x22, 
	0x33, 0x22, 0x22, 0x22, 0x22, 0x22, 0x22, 0x22, 0x22, 0x22, 0x22, 0x23, 0x34, 0x55, 0x55, 
	0x55, 0x55, 0x55, 0x55, 0x55, 0x55, 0x55, 0x55, 0x54, 0x43, 0x33, 0x44, 0x55, 0x55, 0x55, 
	0x55, 0x55, 0x55, 0x55, 0x55, 0x55, 0x55, 0x55, 0x55, 0x55, 0x55, 0x55, 0x55, 0x55, 0x55, 
	0x55, 0x55, 0x55, 0x55, 0x55, 0x55, 0x55, 0x55, 0x56, 0x78, 0xAA, 0xAA, 0xAA, 0xBB, 0xBB, 
	0xBB, 0xAA, 0xAA, 0xAA, 0xAA, 0xAA, 0xAA, 0xAA, 0x99, 0x99, 0x99, 0x99, 0x99, 0x99, 0x99, 
	0x99, 0x99, 0x9B, 0xCD, 0xDD, 0xDD, 0xDE, 0xEE, 0xEE, 0xEE, 0xEE, 0xEE, 0xEE, 0xEE, 0xEE, 
	0xEE, 0xEE, 0xEE, 0xEE, 0xEE, 0xEE, 0xEE, 0xEE, 0xEE, 0xEE, 0xEE, 0xEE, 0xEE, 0xEE, 0xEE, 
	0xEE, 0xEE, 0xEE, 0xEE, 0xEE, 0xEE, 0xEE, 0xEE, 0xEE, 0xEE, 0xEE, 0xEE, 0xEE, 0xEE, 0xEE, 
	0xEE, 0xEE, 0xEE, 0xEE, 0xEE, 0xEE, 0xEE, 0xEE, 0xEE, 0xEE, 0xEE, 0xEE, 0xEE, 0xEE, 0xEE, 
	0xEE, 0xEE, 0xEE, 0xEE, 0xEE, 0xEE, 0xEE, 0xEE, 0xEE, 0xEE, 0xEE, 0xEE, 0xEE, 0xEE, 0xEE, 
	0xEE, 0xEE, 0xEE, 0xEE, 0xEE, 0xEE, 0xEE, 0xEE, 0xEE, 0xEE, 0xEE, 0xEE, 0xEE, 0xEE, 0xEE, 
	0xEE, 0xEE, 0xEE, 0xEE, 0xEE, 0xEE, 0xEE, 0xEE, 0xEE, 0xEE, 0xEE, 0xEE, 0xEE, 0xEE, 0xEE, 
	0xEE, 0xEE, 0xEE, 0xEE, 0xEE, 0xEE, 0xEE, 0xEE, 0xEE, 0xEE, 0xEE, 0xEE, 0xEE, 0xEE, 0xED, 
	0xDD, 0xDD, 0xDD, 0xDD, 0xCC, 0xCC, 0xCB, 0xBB, 0xBB, 0xBB, 0x98, 0x66, 0x66, 0x66, 0x66, 
	0x66, 0x66, 0x66, 0x66, 0x66, 0x66, 0x66, 0x67, 0x89, 0xAA, 0xAA, 0xAA, 0xAA, 0xAB, 0xBB, 
	0xBB, 0xAA, 0xA8, 0x75, 0x55, 0x55, 0x55, 0x55, 0x55, 0x55, 0x55, 0x55, 0x55, 0x55, 0x55, 
	0x55, 0x55, 0x55, 0x55, 0x44, 0x33, 0x33, 0x33, 0x34, 0x45, 0x55, 0x55, 0x55, 0x55, 0x55, 
	0x55, 0x55, 0x55, 0x55, 0x55, 0x55, 0x55, 0x66, 0x66, 0x67, 0x77, 0x77, 0x77, 0x78, 0x88, 
	0x88, 0x88, 0x88, 0x87, 0x76, 0x66, 0x65, 0x55, 0x54, 0x44, 0x44, 0x44, 0x33, 0x33, 0x33, 
	0x22, 0x22, 0x22, 0x22, 0x22, 0x22, 0x22, 0x22, 0x22, 0x22, 0x22, 0x22, 0x22, 0x22, 0x22, 
	0x33, 0x33, 0x32, 0x22, 0x22, 0x22, 0x22, 0x22, 0x22, 0x22, 0x22, 0x23, 0x45, 0x55, 0x55, 
	0x55, 0x55, 0x55, 0x55, 0x55, 0x55, 0x55, 0x55, 0x44, 0x33, 0x33, 0x44, 0x55, 0x55, 0x55, 
	0x55, 0x55, 0x55, 0x55, 0x55, 0x55, 0x55, 0x55, 0x55, 0x55, 0x55, 0x55, 0x55, 0x55, 0x55, 
	0x55, 0x55, 0x55, 0x55, 0x55, 0x55, 0x55, 0x55, 0x56, 0x78, 0xAA, 0xAA, 0xAA, 0xAB, 0xBB, 
	0xBA, 0xAA, 0xAA, 0xAA, 0xAA, 0xAA, 0xAA, 0xAA, 0xA9, 0x99, 0x99, 0x99, 0x99, 0x99, 0x99, 
	0x99, 0x99, 0x9B, 0xCD, 0xDD, 0xDD, 0xDE, 0xEE, 0xEE, 0xEE, 0xEE, 0xEE, 0xEE, 0xEE, 0xEE, 
	0xEE, 0xEE, 0xEE, 0xEE, 0xEE, 0xEE, 0xEE, 0xEE, 0xEE, 0xEE, 0xEE, 0xEE, 0xEE, 0xEE, 0xEE, 
	0xEE, 0xEE, 0xEE, 0xEE, 0xEE, 0xEE, 0xEE, 0xEE, 0xEE, 0xEE, 0xEE, 0xEE, 0xEE, 0xEE, 0xEE, 
	0xEE, 0xEE, 0xEE, 0xEE, 0xEE, 0xEE, 0xEE, 0xEE, 0xEE, 0xEE, 0xEE, 0xEE, 0xEE, 0xEE, 0xEE, 
	0xEE, 0xEE, 0xEE, 0xEE, 0xEE, 0xEE, 0xEE, 0xEE, 0xEE, 0xEE, 0xEE, 0xEE, 0xEE, 0xEE, 0xEE, 
	0xEE, 0xEE, 0xEE, 0xEE, 0xEE, 0xEE, 0xEE, 0xEE, 0xEE, 0xEE, 0xEE, 0xEE, 0xEE, 0xEE, 0xEE, 
	0xEE, 0xEE, 0xEE, 0xEE, 0xEE, 0xEE, 0xEE, 0xEE, 0xEE, 0xEE, 0xEE, 0xEE, 0xEE, 0xEE, 0xEE, 
	0xEE, 0xEE, 0xEE, 0xEE, 0xEE, 0xEE, 0xEE, 0xEE, 0xEE, 0xEE, 0xEE, 0xEE, 0xEE, 0xEE, 0xED, 
	0xDD, 0xDD, 0xDD, 0xDD, 0xCC, 0xCC, 0xCB, 0xBB, 0xBB, 0xBB, 0xA8, 0x66, 0x66, 0x66, 0x66, 
	0x66, 0x66, 0x66, 0x66, 0x66, 0x66, 0x66, 0x67, 0x89, 0xAA, 0xAA, 0xAA, 0xAA, 0xAB, 0xBB, 
	0xBB, 0xAA, 0xA8, 0x65, 0x55, 0x55, 0x55, 0x55, 0x55, 0x55, 0x55, 0x55, 0x55, 0x55, 0x55, 
	0x55, 0x55, 0x55, 0x44, 0x43, 0x33, 0x33, 0x33, 0x44, 0x55, 0x55, 0x55, 0x55, 0x55, 0x55, 
	0x55, 0x55, 0x55, 0x55, 0x55, 0x56, 0x66, 0x66, 0x66, 0x67, 0x77, 0x77, 0x78, 0x88, 0x88, 
	0x88, 0x88, 0x88, 0x87, 0x76, 0x66, 0x66, 0x55, 0x54, 0x44, 0x44, 0x44, 0x33, 0x33, 0x33, 
	0x22, 0x22, 0x22, 0x22, 0x22, 0x22, 0x22, 0x22, 0x22, 0x22, 0x22, 0x22, 0x22, 0x22, 0x22, 
	0x33, 0x33, 0x32, 0x22, 0x22, 0x22, 0x22, 0x22, 0x22, 0x22, 0x22, 0x23, 0x45, 0x55, 0x55, 
	0x55, 0x55, 0x55, 0x55, 0x55, 0x55, 0x55, 0x55, 0x44, 0x33, 0x34, 0x45, 0x55, 0x55, 0x55, 
	0x55, 0x55, 0x55, 0x55, 0x55, 0x55, 0x55, 0x55, 0x55, 0x55, 0x55, 0x55, 0x55, 0x55, 0x55, 
	0x55, 0x55, 0x55, 0x55, 0x55, 0x55, 0x55, 0x55, 0x55, 0x68, 0x9A, 0xAA, 0xAA, 0xAB, 0xBB, 
	0xBB, 0xAA, 0xAA, 0xAA, 0xAA, 0xAA, 0xAA, 0xAA, 0xA9, 0x99, 0x99, 0x99, 0x99, 0x99, 0x99, 
	0x99, 0x99, 0x9B, 0xCD, 0xDD, 0xDD, 0xDD, 0xEE, 0xEE, 0xEE, 0xEE, 0xEE, 0xEE, 0xEE, 0xEE, 
	0xEE, 0xEE, 0xEE, 0xEE, 0xEE, 0xEE, 0xEE, 0xEE, 0xEE, 0xEE, 0xEE, 0xEE, 0xEE, 0xEE, 0xEE, 
	0xEE, 0xEE, 0xEE, 0xEE, 0xEE, 0xEE, 0xEE, 0xEE, 0xEE, 0xEE, 0xEE, 0xEE, 0xEE, 0xEE, 0xEE, 
	0xEE, 0xEE, 0xEE, 0xEE, 0xEE, 0xEE, 0xEE, 0xEE, 0xEE, 0xEE, 0xEE, 0xEE, 0xEE, 0xEE, 0xEE, 
	0xEE, 0xEE, 0xEE, 0xEE, 0xEE, 0xEE, 0xEE, 0xEE, 0xEE, 0xEE, 0xEE, 0xEE, 0xEE, 0xEE, 0xEE, 
	0xEE, 0xEE, 0xEE, 0xEE, 0xEE, 0xEE, 0xEE, 0xEE, 0xEE, 0xEE, 0xEE, 0xEE, 0xEE, 0xEE, 0xEE, 
	0xEE, 0xEE, 0xEE, 0xEE, 0xEE, 0xEE, 0xEE, 0xEE, 0xEE, 0xEE, 0xEE, 0xEE, 0xEE, 0xEE, 0xEE, 
	0xEE, 0xEE, 0xEE, 0xEE, 0xEE, 0xEE, 0xEE, 0xEE, 0xEE, 0xEE, 0xEE, 0xEE, 0xEE, 0xEE, 0xDD, 
	0xDD, 0xDD, 0xDD, 0xDD, 0xCC, 0xCC, 0xCB, 0xBB, 0xBB, 0xBB, 0xA9, 0x76, 0x66, 0x66, 0x66, 
	0x66, 0x66, 0x66, 0x66, 0x66, 0x66, 0x66, 0x67, 0x89, 0xAA, 0xAA, 0xAA, 0xAA, 0xAB, 0xBB, 
	0xBB, 0xBA, 0xA8, 0x65, 0x55, 0x55, 0x55, 0x55, 0x55, 0x55, 0x55, 0x55, 0x55, 0x55, 0x55, 
	0x55, 0x55, 0x55, 0x44, 0x33, 0x33, 0x33, 0x33, 0x44, 0x55, 0x55, 0x55, 0x55, 0x55, 0x55, 
	0x55, 0x55, 0x55, 0x55, 0x55, 0x66, 0x66, 0x66, 0x66, 0x67, 0x77, 0x77, 0x88, 0x88, 0x88, 
	0x88, 0x88, 0x88, 0x88, 0x76, 0x66, 0x66, 0x55, 0x54, 0x44, 0x44, 0x44, 0x33, 0x33, 0x33, 
	0x32, 0x22, 0x22, 0x22, 0x22, 0x22, 0x22, 0x22, 0x22, 0x22, 0x22, 0x22, 0x22, 0x22, 0x22, 
	0x33, 0x33, 0x33, 0x22, 0x22, 0x22, 0x22, 0x22, 0x22, 0x22, 0x22, 0x34, 0x55, 0x55, 0x55, 
	0x55, 0x55, 0x55, 0x55, 0x55, 0x55, 0x55, 0x54, 0x43, 0x33, 0x34, 0x55, 0x55, 0x55, 0x55, 
	0x55, 0x55, 0x55, 0x55, 0x55, 0x55, 0x55, 0x55, 0x55, 0x55, 0x55, 0x55, 0x55, 0x55, 0x55, 
	0x55, 0x55, 0x55, 0x55, 0x55, 0x55, 0x55, 0x55, 0x55, 0x67, 0x9A, 0xAB, 0xBA, 0xAB, 0xBB, 
	0xBB, 0xAA, 0xAA, 0xAA, 0xAA, 0xAA, 0xAA, 0xAA, 0xA9, 0x99, 0x99, 0x99, 0x99, 0x99, 0x99, 
	0x99, 0x99, 0x9B, 0xCD, 0xDD, 0xDD, 0xDD, 0xEE, 0xEE, 0xEE, 0xEE, 0xEE, 0xEE, 0xEE, 0xEE, 
	0xEE, 0xEE, 0xEE, 0xEE, 0xEE, 0xEE, 0xEE, 0xEE, 0xEE, 0xEE, 0xEE, 0xEE, 0xEE, 0xEE, 0xEE, 
	0xEE, 0xEE, 0xEE, 0xEE, 0xEE, 0xEE, 0xEE, 0xEE, 0xEE, 0xEE, 0xEE, 0xEE, 0xEE, 0xEE, 0xEE, 
	0xEE, 0xEE, 0xEE, 0xEE, 0xEE, 0xEE, 0xEE, 0xEE, 0xEE, 0xEE, 0xEE, 0xEE, 0xEE, 0xEE, 0xEE, 
	0xEE, 0xEE, 0xEE, 0xEE, 0xEE, 0xEE, 0xEE, 0xEE, 0xEE, 0xEE, 0xEE, 0xEE, 0xEE, 0xEE, 0xEE, 
	0xEE, 0xEE, 0xEE, 0xEE, 0xEE, 0xEE, 0xEE, 0xEE, 0xEE, 0xEE, 0xEE, 0xEE, 0xEE, 0xEE, 0xEE, 
	0xEE, 0xEE, 0xEE, 0xEE, 0xEE, 0xEE, 0xEE, 0xEE, 0xEE, 0xEE, 0xEE, 0xEE, 0xEE, 0xEE, 0xEE, 
	0xEE, 0xEE, 0xEE, 0xEE, 0xEE, 0xEE, 0xEE, 0xEE, 0xEE, 0xEE, 0xEE, 0xEE, 0xEE, 0xDD, 0xDD, 
	0xDD, 0xDD, 0xDD, 0xDD, 0xDC, 0xCC, 0xCB, 0xBB, 0xBB, 0xBB, 0xA9, 0x76, 0x66, 0x66, 0x66, 
	0x66, 0x66, 0x66, 0x66, 0x66, 0x66, 0x66, 0x66, 0x89, 0xAA, 0xAA, 0xAA, 0xAA, 0xAB, 0xBB, 
	0xBB, 0xBA, 0xA8, 0x65, 0x55, 0x55, 0x55, 0x55, 0x55, 0x55, 0x55, 0x55, 0x55, 0x55, 0x55, 
	0x55, 0x55, 0x55, 0x43, 0x33, 0x33, 0x33, 0x34, 0x44, 0x55, 0x55, 0x55, 0x55, 0x55, 0x55, 
	0x55, 0x55, 0x55, 0x55, 0x55, 0x66, 0x66, 0x66, 0x66, 0x67, 0x77, 0x78, 0x88, 0x88, 0x88, 
	0x88, 0x88, 0x88, 0x88, 0x77, 0x66, 0x66, 0x55, 0x55, 0x44, 0x44, 0x43, 0x33, 0x33, 0x33, 
	0x32, 0x22, 0x22, 0x22, 0x22, 0x22, 0x22, 0x22, 0x22, 0x22, 0x22, 0x22, 0x22, 0x22, 0x22, 
	0x33, 0x33, 0x33, 0x22, 0x22, 0x22, 0x22, 0x22, 0x22, 0x22, 0x22, 0x35, 0x55, 0x55, 0x55, 
	0x55, 0x55, 0x55, 0x55, 0x55, 0x55, 0x55, 0x54, 0x43, 0x33, 0x34, 0x55, 0x55, 0x55, 0x55, 
	0x55, 0x55, 0x55, 0x55, 0x55, 0x55, 0x55, 0x55, 0x55, 0x55, 0x55, 0x55, 0x55, 0x55, 0x55, 
	0x55, 0x55, 0x55, 0x55, 0x55, 0x55, 0x55, 0x55, 0x55, 0x67, 0x89, 0xBB, 0xBA, 0xAB, 0xBB, 
	0xBB, 0xBA, 0xAA, 0xAA, 0xAA, 0xAA, 0xAA, 0xAA, 0xA9, 0x99, 0x99, 0x99, 0x99, 0x99, 0x99, 
	0x99, 0x99, 0x9B, 0xCD, 0xDD, 0xDD, 0xDD, 0xEE, 0xEE, 0xEE, 0xEE, 0xEE, 0xEE, 0xEE, 0xEE, 
	0xEE, 0xEE, 0xEE, 0xEE, 0xEE, 0xEE, 0xEE, 0xEE, 0xEE, 0xEE, 0xEE, 0xEE, 0xEE, 0xEE, 0xEE, 
	0xEE, 0xEE, 0xEE, 0xEE, 0xEE, 0xEE, 0xEE, 0xEE, 0xEE, 0xEE, 0xEE, 0xEE, 0xEE, 0xEE, 0xEE, 
	0xEE, 0xEE, 0xEE, 0xEE, 0xEE, 0xEE, 0xEE, 0xEE, 0xEE, 0xEE, 0xEE, 0xEE, 0xEE, 0xEE, 0xEE, 
	0xEE, 0xEE, 0xEE, 0xEE, 0xEE, 0xEE, 0xEE, 0xEE, 0xEE, 0xEE, 0xEE, 0xEE, 0xEE, 0xEE, 0xEE, 
	0xEE, 0xEE, 0xEE, 0xEE, 0xEE, 0xEE, 0xEE, 0xEE, 0xEE, 0xEE, 0xEE, 0xEE, 0xEE, 0xEE, 0xEE, 
	0xEE, 0xEE, 0xEE, 0xEE, 0xEE, 0xEE, 0xEE, 0xEE, 0xEE, 0xEE, 0xEE, 0xEE, 0xEE, 0xEE, 0xEE, 
	0xEE, 0xEE, 0xEE, 0xEE, 0xEE, 0xEE, 0xEE, 0xEE, 0xEE, 0xEE, 0xEE, 0xEE, 0xED, 0xDD, 0xDD, 
	0xDD, 0xDD, 0xDD, 0xDD, 0xDC, 0xCC, 0xCC, 0xBB, 0xBB, 0xBB, 0xA9, 0x86, 0x66, 0x66, 0x66, 
	0x66, 0x66, 0x66, 0x66, 0x66, 0x66, 0x66, 0x66, 0x89, 0xAA, 0xAA, 0xAA, 0xAA, 0xAA, 0xBB, 
	0xBB, 0xBA, 0xA8, 0x65, 0x55, 0x55, 0x55, 0x55, 0x55, 0x55, 0x55, 0x55, 0x55, 0x55, 0x55, 
	0x55, 0x55, 0x44, 0x43, 0x33, 0x33, 0x33, 0x44, 0x45, 0x55, 0x55, 0x55, 0x55, 0x55, 0x55, 
	0x55, 0x55, 0x55, 0x55, 0x55, 0x56, 0x66, 0x66, 0x66, 0x77, 0x77, 0x88, 0x88, 0x88, 0x88, 
	0x88, 0x88, 0x88, 0x88, 0x87, 0x76, 0x66, 0x55, 0x55, 0x44, 0x44, 0x43, 0x33, 0x33, 0x33, 
	0x32, 0x22, 0x22, 0x22, 0x22, 0x22, 0x22, 0x22, 0x22, 0x22, 0x22, 0x22, 0x22, 0x22, 0x22, 
	0x33, 0x33, 0x33, 0x22, 0x22, 0x22, 0x22, 0x22, 0x22, 0x22, 0x23, 0x45, 0x55, 0x55, 0x55, 
	0x55, 0x55, 0x55, 0x55, 0x55, 0x55, 0x55, 0x44, 0x33, 0x33, 0x44, 0x55, 0x55, 0x55, 0x55, 
	0x55, 0x55, 0x55, 0x55, 0x55, 0x55, 0x55, 0x55, 0x55, 0x55, 0x55, 0x55, 0x55, 0x55, 0x55, 
	0x55, 0x55, 0x55, 0x55, 0x55, 0x55, 0x55, 0x55, 0x55, 0x67, 0x89, 0xAB, 0xBB, 0xAB, 0xBB, 
	0xBB, 0xAA, 0xAA, 0xAA, 0xAA, 0xAA, 0xAA, 0xA9, 0xAA, 0x99, 0x99, 0x99, 0x99, 0x99, 0x99, 
	0x99, 0x98, 0x9A, 0xCD, 0xDD, 0xDD, 0xDD, 0xDE, 0xEE, 0xEE, 0xEE, 0xEE, 0xEE, 0xEE, 0xEE, 
	0xEE, 0xEE, 0xEE, 0xEE, 0xEE, 0xEE, 0xEE, 0xEE, 0xEE, 0xEE, 0xEE, 0xEE, 0xEE, 0xEE, 0xEE, 
	0xEE, 0xEE, 0xEE, 0xEE, 0xEE, 0xEE, 0xEE, 0xEE, 0xEE, 0xEE, 0xEE, 0xEE, 0xEE, 0xEE, 0xEE, 
	0xEE, 0xEE, 0xEE, 0xEE, 0xEE, 0xEE, 0xEE, 0xEE, 0xEE, 0xEE, 0xEE, 0xEE, 0xEE, 0xEE, 0xEE, 
	0xEE, 0xEE, 0xEE, 0xEE, 0xEE, 0xEE, 0xEE, 0xEE, 0xEE, 0xEE, 0xEE, 0xEE, 0xEE, 0xEE, 0xEE, 
	0xEE, 0xEE, 0xEE, 0xEE, 0xEE, 0xEE, 0xEE, 0xEE, 0xEE, 0xEE, 0xEE, 0xEE, 0xEE, 0xEE, 0xEE, 
	0xEE, 0xEE, 0xEE, 0xEE, 0xEE, 0xEE, 0xEE, 0xEE, 0xEE, 0xEE, 0xEE, 0xEE, 0xEE, 0xEE, 0xEE, 
	0xEE, 0xEE, 0xEE, 0xEE, 0xEE, 0xEE, 0xEE, 0xEE, 0xEE, 0xEE, 0xEE, 0xED, 0xDD, 0xDD, 0xDD, 
	0xDD, 0xDD, 0xDD, 0xDD, 0xDC, 0xCC, 0xCC, 0xBB, 0xBB, 0xBB, 0xBA, 0x87, 0x66, 0x66, 0x66, 
	0x66, 0x66, 0x66, 0x66, 0x66, 0x66, 0x66, 0x66, 0x89, 0xAA, 0xAA, 0xAA, 0xAA, 0xAB, 0xBB, 
	0xBB, 0xBA, 0x98, 0x65, 0x55, 0x55, 0x55, 0x55, 0x55, 0x55, 0x55, 0x55, 0x55, 0x55, 0x55, 
	0x55, 0x54, 0x44, 0x33, 0x33, 0x33, 0x33, 0x45, 0x55, 0x55, 0x55, 0x55, 0x55, 0x55, 0x55, 
	0x55, 0x55, 0x55, 0x55, 0x55, 0x66, 0x66, 0x66, 0x66, 0x77, 0x77, 0x88, 0x88, 0x88, 0x88, 
	0x88, 0x88, 0x88, 0x88, 0x87, 0x76, 0x66, 0x65, 0x55, 0x54, 0x44, 0x43, 0x33, 0x33, 0x33, 
	0x32, 0x22, 0x22, 0x22, 0x22, 0x22, 0x22, 0x22, 0x22, 0x22, 0x22, 0x22, 0x22, 0x22, 0x22, 
	0x33, 0x33, 0x33, 0x22, 0x22, 0x22, 0x22, 0x22, 0x22, 0x22, 0x23, 0x45, 0x55, 0x55, 0x55, 
	0x55, 0x55, 0x55, 0x55, 0x55, 0x55, 0x55, 0x44, 0x33, 0x33, 0x44, 0x55, 0x55, 0x55, 0x55, 
	0x55, 0x55, 0x55, 0x55, 0x55, 0x55, 0x55, 0x55, 0x55, 0x55, 0x55, 0x55, 0x55, 0x55, 0x55, 
	0x55, 0x55, 0x55, 0x55, 0x55, 0x55, 0x55, 0x55, 0x55, 0x56, 0x79, 0xAB, 0xBB, 0xBB, 0xBB, 
	0xBB, 0xBA, 0xAA, 0xAA, 0xAA, 0xAA, 0xAA, 0xAA, 0xAA, 0x99, 0x99, 0x99, 0x99, 0x99, 0x99, 
	0x99, 0x99, 0x9A, 0xCD, 0xDD, 0xDD, 0xDD, 0xDD, 0xEE, 0xEE, 0xEE, 0xEE, 0xEE, 0xEE, 0xEE, 
	0xEE, 0xED, 0xDE, 0xEE, 0xEE, 0xEE, 0xEE, 0xEE, 0xEE, 0xEE, 0xEE, 0xEE, 0xEE, 0xEE, 0xEE, 
	0xEE, 0xEE, 0xEE, 0xEE, 0xEE, 0xEE, 0xEE, 0xEE, 0xEE, 0xEE, 0xEE, 0xEE, 0xEE, 0xEE, 0xEE, 
	0xEE, 0xEE, 0xEE, 0xEE, 0xEE, 0xEE, 0xEE, 0xEE, 0xEE, 0xEE, 0xEE, 0xEE, 0xEE, 0xEE, 0xEE, 
	0xEE, 0xEE, 0xEE, 0xEE, 0xEE, 0xEE, 0xEE, 0xEE, 0xEE, 0xEE, 0xEE, 0xEE, 0xEE, 0xEE, 0xEE, 
	0xEE, 0xEE, 0xEE, 0xEE, 0xEE, 0xEE, 0xEE, 0xEE, 0xEE, 0xEE, 0xEE, 0xEE, 0xEE, 0xEE, 0xEE, 
	0xEE, 0xEE, 0xEE, 0xEE, 0xEE, 0xEE, 0xEE, 0xEE, 0xEE, 0xEE, 0xEE, 0xEE, 0xEE, 0xEE, 0xEE, 
	0xEE, 0xEE, 0xEE, 0xEE, 0xEE, 0xEE, 0xEE, 0xEE, 0xEE, 0xEE, 0xED, 0xDD, 0xDD, 0xDD, 0xDD, 
	0xDD, 0xDD, 0xDD, 0xDD, 0xDC, 0xCC, 0xCC, 0xBB, 0xBB, 0xBB, 0xBA, 0x97, 0x66, 0x66, 0x66, 
	0x66, 0x66, 0x66, 0x66, 0x66, 0x66, 0x66, 0x66, 0x79, 0xAA, 0xAA, 0xAA, 0xAA, 0xAB, 0xBB, 
	0xBB, 0xBA, 0x98, 0x65, 0x55, 0x55, 0x55, 0x55, 0x55, 0x55, 0x55, 0x55, 0x55, 0x55, 0x55, 
	0x55, 0x54, 0x43, 0x33, 0x33, 0x33, 0x34, 0x45, 0x55, 0x55, 0x55, 0x55, 0x55, 0x55, 0x55, 
	0x55, 0x55, 0x55, 0x55, 0x55, 0x66, 0x66, 0x66, 0x66, 0x77, 0x77, 0x88, 0x88, 0x88, 0x88, 
	0x88, 0x88, 0x88, 0x88, 0x87, 0x77, 0x66, 0x66, 0x55, 0x54, 0x44, 0x43, 0x33, 0x33, 0x33, 
	0x33, 0x22, 0x22, 0x22, 0x22, 0x22, 0x22, 0x22, 0x22, 0x22, 0x22, 0x22, 0x22, 0x22, 0x22, 
	0x33, 0x33, 0x33, 0x32, 0x22, 0x22, 0x22, 0x22, 0x22, 0x22, 0x34, 0x55, 0x55, 0x55, 0x55, 
	0x55, 0x55, 0x55, 0x55, 0x55, 0x55, 0x54, 0x43, 0x33, 0x34, 0x45, 0x55, 0x55, 0x55, 0x55, 
	0x55, 0x55, 0x55, 0x55, 0x55, 0x55, 0x55, 0x55, 0x55, 0x55, 0x55, 0x55, 0x55, 0x55, 0x55, 
	0x55, 0x55, 0x55, 0x55, 0x55, 0x55, 0x55, 0x55, 0x55, 0x56, 0x79, 0xAB, 0xBB, 0xBB, 0xBB, 
	0xBB, 0xBB, 0xAA, 0xAA, 0xAA, 0xAA, 0xAA, 0xAA, 0xAA, 0x99, 0x99, 0x99, 0x99, 0x99, 0x99, 
	0x99, 0x99, 0x9A, 0xCD, 0xDD, 0xDD, 0xDD, 0xDD, 0xDD, 0xDD, 0xDD, 0xDE, 0xEE, 0xEE, 0xDD, 
	0xDD, 0xDD, 0xDD, 0xDD, 0xDD, 0xDE, 0xEE, 0xEE, 0xEE, 0xEE, 0xEE, 0xEE, 0xEE, 0xEE, 0xEE, 
	0xEE, 0xEE, 0xEE, 0xEE, 0xEE, 0xEE, 0xEE, 0xEE, 0xEE, 0xEE, 0xEE, 0xEE, 0xEE, 0xEE, 0xEE, 
	0xEE, 0xEE, 0xEE, 0xEE, 0xEE, 0xEE, 0xEE, 0xEE, 0xEE, 0xEE, 0xEE, 0xEE, 0xEE, 0xEE, 0xEE, 
	0xEE, 0xEE, 0xEE, 0xEE, 0xEE, 0xEE, 0xEE, 0xEE, 0xEE, 0xEE, 0xEE, 0xEE, 0xEE, 0xEE, 0xEE, 
	0xEE, 0xEE, 0xEE, 0xEE, 0xEE, 0xEE, 0xEE, 0xEE, 0xEE, 0xEE, 0xEE, 0xEE, 0xEE, 0xEE, 0xEE, 
	0xEE, 0xEE, 0xEE, 0xEE, 0xEE, 0xEE, 0xEE, 0xEE, 0xEE, 0xEE, 0xEE, 0xEE, 0xEE, 0xEE, 0xEE, 
	0xEE, 0xEE, 0xEE, 0xEE, 0xEE, 0xEE, 0xEE, 0xEE, 0xEE, 0xDD, 0xDD, 0xDD, 0xDD, 0xDD, 0xDD, 
	0xDD, 0xDD, 0xDD, 0xDD, 0xDC, 0xCC, 0xCC, 0xBB, 0xBB, 0xBB, 0xAA, 0x98, 0x66, 0x66, 0x66, 
	0x66, 0x66, 0x66, 0x66, 0x66, 0x66, 0x66, 0x66, 0x79, 0xAA, 0xAA, 0xAA, 0xAA, 0xAB, 0xBB, 
	0xBB, 0xBA, 0x97, 0x65, 0x55, 0x55, 0x55, 0x55, 0x55, 0x55, 0x55, 0x55, 0x55, 0x55, 0x55, 
	0x55, 0x44, 0x33, 0x33, 0x33, 0x33, 0x44, 0x55, 0x55, 0x55, 0x55, 0x55, 0x55, 0x55, 0x55, 
	0x55, 0x55, 0x55, 0x55, 0x55, 0x66, 0x66, 0x66, 0x67, 0x77, 0x77, 0x88, 0x88, 0x88, 0x88, 
	0x88, 0x88, 0x88, 0x88, 0x87, 0x77, 0x66, 0x66, 0x55, 0x54, 0x44, 0x43, 0x33, 0x33, 0x33, 
	0x33, 0x22, 0x22, 0x22, 0x22, 0x22, 0x22, 0x22, 0x22, 0x22, 0x22, 0x22, 0x22, 0x22, 0x22, 
	0x33, 0x33, 0x33, 0x32, 0x22, 0x22, 0x22, 0x22, 0x22, 0x22, 0x34, 0x55, 0x55, 0x55, 0x55, 
	0x55, 0x55, 0x55, 0x55, 0x55, 0x55, 0x54, 0x33, 0x33, 0x34, 0x45, 0x55, 0x55, 0x55, 0x55, 
	0x55, 0x55, 0x55, 0x55, 0x55, 0x55, 0x55, 0x55, 0x55, 0x55, 0x55, 0x55, 0x55, 0x55, 0x55, 
	0x55, 0x55, 0x55, 0x55, 0x55, 0x55, 0x55, 0x55, 0x55, 0x55, 0x78, 0xAA, 0xBB, 0xBB, 0xBB, 
	0xBB, 0xBB, 0xAA, 0xAA, 0xAA, 0xAA, 0xAA, 0xAA, 0xAA, 0x99, 0x99, 0x99, 0x99, 0x99, 0x99, 
	0x99, 0x98, 0x9A, 0xCD, 0xDD, 0xDD, 0xDD, 0xDD, 0xDD, 0xDD, 0xDD, 0xDD, 0xDD, 0xDD, 0xDD, 
	0xDD, 0xDD, 0xDD, 0xDD, 0xDD, 0xDD, 0xEE, 0xEE, 0xEE, 0xEE, 0xDD, 0xDD, 0xDD, 0xEE, 0xEE, 
	0xEE, 0xEE, 0xEE, 0xEE, 0xEE, 0xEE, 0xEE, 0xEE, 0xEE, 0xEE, 0xEE, 0xEE, 0xEE, 0xEE, 0xEE, 
	0xEE, 0xEE, 0xEE, 0xEE, 0xEE, 0xEE, 0xEE, 0xEE, 0xEE, 0xEE, 0xEE, 0xEE, 0xEE, 0xEE, 0xEE, 
	0xEE, 0xEE, 0xEE, 0xEE, 0xEE, 0xEE, 0xEE, 0xEE, 0xEE, 0xEE, 0xEE, 0xEE, 0xEE, 0xEE, 0xDD, 
	0xDE, 0xEE, 0xEE, 0xEE, 0xEE, 0xEE, 0xEE, 0xEE, 0xEE, 0xEE, 0xEE, 0xEE, 0xEE, 0xEE, 0xEE, 
	0xEE, 0xEE, 0xEE, 0xEE, 0xEE, 0xEE, 0xEE, 0xEE, 0xEE, 0xEE, 0xEE, 0xDD, 0xDE, 0xEE, 0xEE, 
	0xEE, 0xEE, 0xEE, 0xEE, 0xDD, 0xDD, 0xDD, 0xEE, 0xDD, 0xDD, 0xDD, 0xDD, 0xDD, 0xDD, 0xDD, 
	0xDD, 0xDD, 0xDD, 0xDD, 0xDD, 0xCC, 0xCC, 0xBB, 0xBB, 0xBB, 0xBA, 0x98, 0x76, 0x66, 0x66, 
	0x66, 0x66, 0x66, 0x66, 0x66, 0x66, 0x66, 0x66, 0x79, 0xAA, 0xAA, 0xAA, 0xAA, 0xAB, 0xBB, 
	0xBB, 0xBA, 0x97, 0x55, 0x55, 0x55, 0x55, 0x55, 0x55, 0x55, 0x55, 0x55, 0x55, 0x55, 0x55, 
	0x54, 0x43, 0x33, 0x33, 0x33, 0x34, 0x45, 0x55, 0x55, 0x55, 0x55, 0x55, 0x55, 0x55, 0x55, 
	0x55, 0x55, 0x55, 0x55, 0x55, 0x66, 0x66, 0x66, 0x67, 0x77, 0x78, 0x88, 0x88, 0x88, 0x88, 
	0x88, 0x88, 0x88, 0x88, 0x77, 0x76, 0x66, 0x65, 0x55, 0x54, 0x44, 0x43, 0x33, 0x33, 0x33, 
	0x33, 0x22, 0x22, 0x22, 0x22, 0x22, 0x22, 0x22, 0x22, 0x22, 0x22, 0x22, 0x22, 0x22, 0x22, 
	0x33, 0x33, 0x33, 0x32, 0x22, 0x22, 0x22, 0x22, 0x22, 0x23, 0x34, 0x55, 0x55, 0x55, 0x55, 
	0x55, 0x55, 0x55, 0x55, 0x55, 0x55, 0x44, 0x33, 0x33, 0x44, 0x55, 0x55, 0x55, 0x55, 0x55, 
	0x55, 0x55, 0x55, 0x55, 0x55, 0x55, 0x55, 0x55, 0x55, 0x55, 0x55, 0x55, 0x55, 0x55, 0x55, 
	0x55, 0x55, 0x55, 0x55, 0x55, 0x55, 0x55, 0x55, 0x55, 0x55, 0x68, 0x9A, 0xBB, 0xBB, 0xBB, 
	0xBB, 0xBB, 0xAA, 0xAA, 0xAA, 0xAA, 0xAA, 0xAA, 0xAA, 0x99, 0x99, 0x99, 0x99, 0x99, 0x99, 
	0x99, 0x98, 0x9A, 0xCD, 0xDD, 0xDD, 0xDD, 0xDD, 0xDD, 0xDD, 0xDD, 0xDD, 0xDD, 0xDD, 0xDD, 
	0xDD, 0xDD, 0xDD, 0xDD, 0xDD, 0xDD, 0xDD, 0xDD, 0xDD, 0xEE, 0xDD, 0xDD, 0xDD, 0xEE, 0xEE, 
	0xEE, 0xEE, 0xEE, 0xEE, 0xEE, 0xEE, 0xEE, 0xEE, 0xEE, 0xEE, 0xEE, 0xEE, 0xEE, 0xEE, 0xEE, 
	0xEE, 0xEE, 0xEE, 0xEE, 0xEE, 0xEE, 0xEE, 0xEE, 0xEE, 0xEE, 0xEE, 0xEE, 0xEE, 0xEE, 0xEE, 
	0xEE, 0xEE, 0xEE, 0xEE, 0xEE, 0xEE, 0xEE, 0xEE, 0xEE, 0xEE, 0xEE, 0xED, 0xDD, 0xED, 0xDD, 
	0xDE, 0xEE, 0xEE, 0xEE, 0xEE, 0xEE, 0xEE, 0xEE, 0xEE, 0xEE, 0xEE, 0xEE, 0xEE, 0xEE, 0xEE, 
	0xEE, 0xEE, 0xEE, 0xEE, 0xEE, 0xEE, 0xEE, 0xEE, 0xEE, 0xEE, 0xEE, 0xED, 0xDD, 0xDD, 0xDD, 
	0xDD, 0xDD, 0xDD, 0xDD, 0xDD, 0xDD, 0xDD, 0xDD, 0xDD, 0xDD, 0xDD, 0xDD, 0xDD, 0xDD, 0xDD, 
	0xDD, 0xDD, 0xDD, 0xDD, 0xDD, 0xCC, 0xCC, 0xBB, 0xBB, 0xBB, 0xBA, 0x98, 0x76, 0x66, 0x66, 
	0x66, 0x66, 0x66, 0x66, 0x66, 0x66, 0x66, 0x66, 0x79, 0xAA, 0xAA, 0xAA, 0xAA, 0xAB, 0xAB, 
	0xBB, 0xBA, 0x97, 0x55, 0x55, 0x55, 0x55, 0x55, 0x55, 0x55, 0x55, 0x55, 0x55, 0x55, 0x55, 
	0x54, 0x33, 0x33, 0x33, 0x33, 0x44, 0x55, 0x55, 0x55, 0x55, 0x55, 0x55, 0x55, 0x55, 0x55, 
	0x55, 0x55, 0x55, 0x55, 0x55, 0x56, 0x66, 0x66, 0x67, 0x77, 0x78, 0x88, 0x88, 0x88, 0x88, 
	0x88, 0x88, 0x88, 0x88, 0x87, 0x76, 0x66, 0x65, 0x55, 0x54, 0x44, 0x43, 0x33, 0x33, 0x33, 
	0x33, 0x22, 0x22, 0x22, 0x22, 0x22, 0x22, 0x22, 0x22, 0x22, 0x22, 0x22, 0x22, 0x22, 0x22, 
	0x33, 0x33, 0x33, 0x32, 0x22, 0x22, 0x22, 0x22, 0x22, 0x23, 0x45, 0x55, 0x55, 0x55, 0x55, 
	0x55, 0x55, 0x55, 0x55, 0x55, 0x55, 0x44, 0x33, 0x33, 0x44, 0x55, 0x55, 0x55, 0x55, 0x55, 
	0x55, 0x55, 0x55, 0x55, 0x55, 0x55, 0x55, 0x55, 0x55, 0x55, 0x55, 0x55, 0x55, 0x55, 0x55, 
	0x55, 0x55, 0x55, 0x55, 0x55, 0x55, 0x55, 0x55, 0x55, 0x55, 0x67, 0x9A, 0xBB, 0xBB, 0xBB, 
	0xBB, 0xBB, 0xAA, 0xAA, 0xAA, 0xAA, 0xAA, 0xAA, 0xAA, 0x99, 0x99, 0x99, 0x99, 0x99, 0x99, 
	0x99, 0x99, 0x9A, 0xBD, 0xDD, 0xDD, 0xDD, 0xDD, 0xDD, 0xDD, 0xDD, 0xDD, 0xDD, 0xDD, 0xDD, 
	0xDD, 0xDD, 0xDD, 0xDD, 0xDD, 0xDD, 0xDD, 0xDD, 0xDD, 0xDD, 0xDD, 0xDD, 0xDD, 0xEE, 0xEE, 
	0xEE, 0xEE, 0xEE, 0xEE, 0xEE, 0xEE, 0xEE, 0xEE, 0xEE, 0xEE, 0xEE, 0xEE, 0xEE, 0xEE, 0xEE, 
	0xEE, 0xEE, 0xEE, 0xEE, 0xEE, 0xEE, 0xEE, 0xEE, 0xEE, 0xEE, 0xEE, 0xEE, 0xEE, 0xEE, 0xEE, 
	0xEE, 0xEE, 0xEE, 0xEE, 0xEE, 0xEE, 0xEE, 0xEE, 0xEE, 0xEE, 0xEE, 0xDD, 0xDE, 0xDD, 0xDD, 
	0xDD, 0xEE, 0xEE, 0xEE, 0xEE, 0xEE, 0xEE, 0xEE, 0xEE, 0xEE, 0xEE, 0xEE, 0xEE, 0xEE, 0xEE, 
	0xEE, 0xEE, 0xEE, 0xEE, 0xEE, 0xEE, 0xEE, 0xEE, 0xEE, 0xEE, 0xEE, 0xED, 0xDD, 0xDD, 0xDD, 
	0xDD, 0xDD, 0xDD, 0xDD, 0xDD, 0xDD, 0xDD, 0xDD, 0xDD, 0xDD, 0xDD, 0xDD, 0xDD, 0xDD, 0xDD, 
	0xDD, 0xDD, 0xDD, 0xDD, 0xDC, 0xCC, 0xCC, 0xBB, 0xBB, 0xBB, 0xBA, 0x98, 0x86, 0x66, 0x66, 
	0x66, 0x66, 0x66, 0x66, 0x66, 0x66, 0x66, 0x66, 0x79, 0xAA, 0xAA, 0xAA, 0xAA, 0xAB, 0xAB, 
	0xBB, 0xBA, 0x87, 0x55, 0x55, 0x55, 0x55, 0x55, 0x55, 0x55, 0x55, 0x55, 0x55, 0x55, 0x55, 
	0x44, 0x33, 0x33, 0x33, 0x33, 0x45, 0x55, 0x55, 0x55, 0x55, 0x55, 0x55, 0x55, 0x55, 0x55, 
	0x55, 0x55, 0x55, 0x55, 0x55, 0x56, 0x66, 0x66, 0x67, 0x77, 0x78, 0x88, 0x88, 0x88, 0x88, 
	0x88, 0x88, 0x88, 0x88, 0x77, 0x76, 0x66, 0x65, 0x55, 0x54, 0x44, 0x43, 0x33, 0x33, 0x33, 
	0x33, 0x32, 0x22, 0x22, 0x22, 0x22, 0x22, 0x22, 0x22, 0x22, 0x22, 0x22, 0x22, 0x22, 0x22, 
	0x33, 0x33, 0x33, 0x32, 0x22, 0x22, 0x22, 0x22, 0x22, 0x34, 0x45, 0x55, 0x55, 0x55, 0x55, 
	0x55, 0x55, 0x55, 0x55, 0x55, 0x54, 0x43, 0x33, 0x34, 0x45, 0x55, 0x55, 0x55, 0x55, 0x55, 
	0x55, 0x55, 0x55, 0x55, 0x55, 0x55, 0x55, 0x55, 0x55, 0x55, 0x55, 0x55, 0x55, 0x55, 0x55, 
	0x55, 0x55, 0x55, 0x55, 0x55, 0x55, 0x55, 0x55, 0x55, 0x55, 0x57, 0x8A, 0xBB, 0xBB, 0xBB, 
	0xBB, 0xBB, 0xAA, 0xAA, 0xAA, 0xAA, 0xAA, 0xAA, 0xAA, 0x99, 0x99, 0x99, 0x99, 0x99, 0x99, 
	0x99, 0x99, 0x99, 0xBC, 0xDD, 0xDD, 0xDD, 0xDD, 0xDD, 0xDD, 0xDD, 0xDD, 0xDD, 0xDD, 0xDD, 
	0xDD, 0xDD, 0xDD, 0xDD, 0xDD, 0xDD, 0xDD, 0xDD, 0xDD, 0xDD, 0xDD, 0xDD, 0xDD, 0xDD, 0xDD, 
	0xDD, 0xEE, 0xEE, 0xDD, 0xDE, 0xEE, 0xEE, 0xEE, 0xEE, 0xEE, 0xEE, 0xEE, 0xEE, 0xEE, 0xEE, 
	0xEE, 0xEE, 0xEE, 0xEE, 0xEE, 0xEE, 0xEE, 0xEE, 0xEE, 0xEE, 0xEE, 0xEE, 0xEE, 0xEE, 0xDD, 
	0xDD, 0xDD, 0xDD, 0xEE, 0xEE, 0xEE, 0xEE, 0xEE, 0xEE, 0xEE, 0xDD, 0xDD, 0xEE, 0xDD, 0xDD, 
	0xDD, 0xEE, 0xEE, 0xEE, 0xED, 0xDD, 0xDD, 0xDD, 0xDD, 0xDD, 0xDD, 0xDD, 0xDD, 0xDD, 0xDD, 
	0xDD, 0xDD, 0xDD, 0xDD, 0xDD, 0xDD, 0xDD, 0xDD, 0xDD, 0xDD, 0xDD, 0xDD, 0xDD, 0xDD, 0xDD, 
	0xDD, 0xDD, 0xDD, 0xDD, 0xDD, 0xDD, 0xDD, 0xDD, 0xDD, 0xDD, 0xDD, 0xDD, 0xDD, 0xDD, 0xDD, 
	0xDD, 0xDD, 0xDD, 0xDC, 0xCC, 0xCC, 0xCC, 0xBB, 0xBB, 0xBB, 0xA9, 0x99, 0x87, 0x66, 0x66, 
	0x66, 0x66, 0x66, 0x66, 0x66, 0x66, 0x66, 0x66, 0x79, 0xAA, 0xAA, 0xAA, 0xAA, 0xBB, 0xBB, 
	0xBB, 0xBA, 0x86, 0x55, 0x55, 0x55, 0x55, 0x55, 0x55, 0x55, 0x55, 0x55, 0x55, 0x55, 0x55, 
	0x44, 0x33, 0x33, 0x33, 0x34, 0x45, 0x55, 0x55, 0x55, 0x55, 0x55, 0x55, 0x55, 0x55, 0x55, 
	0x55, 0x55, 0x55, 0x55, 0x55, 0x66, 0x66, 0x66, 0x67, 0x77, 0x78, 0x88, 0x88, 0x88, 0x88, 
	0x88, 0x88, 0x88, 0x88, 0x77, 0x66, 0x66, 0x65, 0x55, 0x44, 0x44, 0x43, 0x33, 0x33, 0x33, 
	0x33, 0x32, 0x22, 0x22, 0x22, 0x22, 0x22, 0x22, 0x22, 0x22, 0x22, 0x23, 0x33, 0x22, 0x22, 
	0x33, 0x33, 0x33, 0x33, 0x22, 0x22, 0x22, 0x22, 0x22, 0x34, 0x55, 0x55, 0x55, 0x55, 0x55, 
	0x55, 0x55, 0x55, 0x55, 0x55, 0x54, 0x43, 0x33, 0x34, 0x45, 0x55, 0x55, 0x55, 0x55, 0x55, 
	0x55, 0x55, 0x55, 0x55, 0x55, 0x55, 0x55, 0x55, 0x55, 0x55, 0x55, 0x55, 0x55, 0x55, 0x55, 
	0x55, 0x55, 0x55, 0x55, 0x55, 0x55, 0x55, 0x55, 0x55, 0x55, 0x56, 0x8A, 0xBB, 0xBB, 0xBB, 
	0xBB, 0xBB, 0xAA, 0xAA, 0xAA, 0xAA, 0xAA, 0xAA, 0xAA, 0x99, 0x99, 0x99, 0x99, 0x99, 0x99, 
	0x99, 0x89, 0x99, 0xAB, 0xDD, 0xDD, 0xDD, 0xDD, 0xDD, 0xDD, 0xDD, 0xDD, 0xDD, 0xDD, 0xDD, 
	0xDD, 0xDD, 0xDD, 0xDD, 0xDD, 0xDD, 0xDD, 0xDD, 0xDD, 0xDD, 0xDD, 0xDD, 0xDD, 0xDD, 0xDD, 
	0xDD, 0xDD, 0xDD, 0xDD, 0xDD, 0xDD, 0xDE, 0xEE, 0xEE, 0xEE, 0xEE, 0xEE, 0xEE, 0xEE, 0xEE, 
	0xDD, 0xDD, 0xDD, 0xDD, 0xEE, 0xEE, 0xEE, 0xEE, 0xEE, 0xEE, 0xEE, 0xEE, 0xDD, 0xDD, 0xDD, 
	0xDD, 0xDD, 0xDD, 0xDE, 0xEE, 0xEE, 0xEE, 0xEE, 0xEE, 0xDD, 0xDD, 0xDD, 0xEE, 0xDE, 0xEE, 
	0xED, 0xDD, 0xDD, 0xDD, 0xDD, 0xDD, 0xDD, 0xDD, 0xDD, 0xDD, 0xDD, 0xDD, 0xDD, 0xDD, 0xDD, 
	0xDD, 0xDD, 0xDD, 0xDD, 0xDD, 0xDD, 0xDD, 0xDD, 0xDD, 0xDD, 0xDD, 0xDD, 0xDD, 0xDD, 0xDD, 
	0xDD, 0xDD, 0xDD, 0xDD, 0xDD, 0xDD, 0xDD, 0xDD, 0xDD, 0xDD, 0xDD, 0xDD, 0xDD, 0xDD, 0xDD, 
	0xDD, 0xDD, 0xDD, 0xCC, 0xCC, 0xCC, 0xCB, 0xBB, 0xBB, 0xBB, 0xA9, 0x99, 0x97, 0x66, 0x66, 
	0x66, 0x66, 0x66, 0x66, 0x66, 0x66, 0x66, 0x66, 0x79, 0xAA, 0xAA, 0xAA, 0xAA, 0xBB, 0xBB, 
	0xBB, 0xBA, 0x86, 0x55, 0x55, 0x55, 0x55, 0x55, 0x55, 0x55, 0x55, 0x55, 0x55, 0x55, 0x54, 
	0x43, 0x33, 0x33, 0x33, 0x44, 0x55, 0x55, 0x55, 0x55, 0x55, 0x55, 0x55, 0x55, 0x55, 0x55, 
	0x55, 0x55, 0x55, 0x55, 0x55, 0x66, 0x66, 0x66, 0x67, 0x77, 0x78, 0x88, 0x88, 0x88, 0x88, 
	0x88, 0x88, 0x88, 0x87, 0x77, 0x66, 0x66, 0x55, 0x55, 0x44, 0x44, 0x33, 0x33, 0x33, 0x33, 
	0x33, 0x32, 0x22, 0x22, 0x22, 0x22, 0x22, 0x22, 0x22, 0x22, 0x33, 0x33, 0x43, 0x32, 0x22, 
	0x33, 0x33, 0x33, 0x33, 0x33, 0x22, 0x22, 0x22, 0x23, 0x34, 0x55, 0x55, 0x55, 0x55, 0x55, 
	0x55, 0x55, 0x55, 0x55, 0x55, 0x54, 0x43, 0x33, 0x34, 0x45, 0x55, 0x55, 0x55, 0x55, 0x55, 
	0x55, 0x55, 0x55, 0x55, 0x55, 0x55, 0x55, 0x55, 0x55, 0x55, 0x55, 0x55, 0x55, 0x55, 0x55, 
	0x55, 0x55, 0x55, 0x55, 0x55, 0x55, 0x55, 0x55, 0x55, 0x55, 0x56, 0x89, 0xBB, 0xBB, 0xBB, 
	0xBB, 0xBA, 0xAA, 0xAA, 0xAA, 0xAA, 0xAA, 0xAA, 0xA9, 0x99, 0x99, 0x99, 0x99, 0x99, 0x99, 
	0x99, 0x99, 0x99, 0xAB, 0xDD, 0xDD, 0xDD, 0xDD, 0xDD, 0xDD, 0xDD, 0xDD, 0xDD, 0xDD, 0xDD, 
	0xDD, 0xDD, 0xDD, 0xDD, 0xDD, 0xDD, 0xDD, 0xDD, 0xDD, 0xDD, 0xDD, 0xDD, 0xDD, 0xDD, 0xDD, 
	0xDD, 0xDD, 0xDD, 0xDD, 0xDD, 0xDD, 0xDD, 0xDD, 0xDD, 0xDD, 0xDD, 0xDD, 0xDD, 0xDD, 0xDD, 
	0xDD, 0xDD, 0xDD, 0xDD, 0xDD, 0xDD, 0xDD, 0xDD, 0xDD, 0xDD, 0xDD, 0xDD, 0xDD, 0xDD, 0xDD, 
	0xDD, 0xDD, 0xDD, 0xDD, 0xDD, 0xDD, 0xDD, 0xDD, 0xDD, 0xDD, 0xDD, 0xDD, 0xDD, 0xDD, 0xDD, 
	0xDD, 0xDD, 0xDD, 0xDD, 0xDD, 0xDD, 0xDD, 0xDD, 0xDD, 0xDD, 0xDD, 0xDD, 0xDD, 0xDD, 0xDD, 
	0xDD, 0xDD, 0xDD, 0xDD, 0xDD, 0xDD, 0xDD, 0xDD, 0xDD, 0xDD, 0xDD, 0xDD, 0xDD, 0xDD, 0xDD, 
	0xDD, 0xDD, 0xDD, 0xDD, 0xDD, 0xDD, 0xDD, 0xDD, 0xDD, 0xDD, 0xDD, 0xDD, 0xDD, 0xDD, 0xDD, 
	0xDD, 0xDD, 0xCC, 0xCC, 0xCC, 0xCC, 0xCC, 0xBB, 0xBB, 0xBA, 0x99, 0x99, 0x97, 0x66, 0x66, 
	0x66, 0x66, 0x66, 0x66, 0x66, 0x66, 0x66, 0x66, 0x79, 0xAA, 0xAA, 0xAA, 0xAB, 0xBB, 0xBB, 
	0xBB, 0xBA, 0x86, 0x55, 0x55, 0x55, 0x55, 0x55, 0x55, 0x55, 0x55, 0x55, 0x55, 0x55, 0x44, 
	0x33, 0x33, 0x33, 0x34, 0x44, 0x55, 0x55, 0x55, 0x55, 0x55, 0x55, 0x55, 0x55, 0x55, 0x55, 
	0x55, 0x55, 0x55, 0x55, 0x55, 0x66, 0x66, 0x66, 0x67, 0x77, 0x77, 0x88, 0x88, 0x88, 0x88, 
	0x88, 0x88, 0x88, 0x87, 0x76, 0x66, 0x65, 0x55, 0x55, 0x44, 0x44, 0x33, 0x33, 0x33, 0x33, 
	0x33, 0x32, 0x22, 0x22, 0x22, 0x22, 0x22, 0x22, 0x22, 0x23, 0x34, 0x44, 0x54, 0x44, 0x33, 
	0x33, 0x33, 0x33, 0x33, 0x33, 0x22, 0x22, 0x22, 0x23, 0x44, 0x55, 0x55, 0x55, 0x55, 0x55, 
	0x55, 0x55, 0x55, 0x55, 0x55, 0x44, 0x43, 0x33, 0x44, 0x55, 0x55, 0x55, 0x55, 0x55, 0x55, 
	0x55, 0x55, 0x55, 0x55, 0x55, 0x55, 0x55, 0x55, 0x55, 0x55, 0x55, 0x55, 0x55, 0x55, 0x55, 
	0x55, 0x55, 0x55, 0x55, 0x55, 0x55, 0x55, 0x55, 0x55, 0x55, 0x56, 0x79, 0xAB, 0xBB, 0xBB, 
	0xBB, 0xBA, 0xAA, 0xAA, 0xAA, 0xAA, 0xAA, 0xAA, 0xA9, 0x99, 0x99, 0x99, 0x99, 0x99, 0x99, 
	0x99, 0x99, 0x88, 0x9B, 0xCD, 0xDD, 0xDD, 0xDD, 0xDD, 0xDD, 0xDD, 0xDD, 0xDD, 0xDD, 0xDD, 
	0xDD, 0xDD, 0xDD, 0xDD, 0xDD, 0xDD, 0xDD, 0xDD, 0xDD, 0xDD, 0xDD, 0xDD, 0xDD, 0xDD, 0xDD, 
	0xDD, 0xDD, 0xDD, 0xDD, 0xDD, 0xDD, 0xDD, 0xDD, 0xDD, 0xDD, 0xDD, 0xDD, 0xDD, 0xDD, 0xDD, 
	0xDD, 0xDD, 0xDD, 0xDD, 0xDD, 0xDD, 0xDD, 0xDD, 0xDD, 0xDD, 0xDD, 0xDD, 0xDD, 0xDD, 0xDD, 
	0xDD, 0xDD, 0xDD, 0xDD, 0xDD, 0xDD, 0xDD, 0xDD, 0xDD, 0xDD, 0xDD, 0xDD, 0xDD, 0xDD, 0xDD, 
	0xDD, 0xDD, 0xDD, 0xDD, 0xDD, 0xDD, 0xDD, 0xDD, 0xDD, 0xDD, 0xDD, 0xDD, 0xDD, 0xDD, 0xDD, 
	0xDD, 0xDD, 0xDD, 0xDD, 0xDD, 0xDD, 0xDD, 0xDD, 0xDD, 0xDD, 0xDD, 0xDD, 0xDD, 0xDD, 0xDD, 
	0xDD, 0xDD, 0xDD, 0xDD, 0xDD, 0xDD, 0xDD, 0xDD, 0xDD, 0xDD, 0xDD, 0xDD, 0xDD, 0xDD, 0xDD, 
	0xDD, 0xDD, 0xCC, 0xCC, 0xCC, 0xCC, 0xCB, 0xBB, 0xBB, 0xBA, 0x99, 0x99, 0x98, 0x76, 0x66, 
	0x66, 0x66, 0x66, 0x66, 0x66, 0x66, 0x66, 0x66, 0x78, 0xAA, 0xAA, 0xAA, 0xAB, 0xBB, 0xBB, 
	0xCB, 0xBA, 0x86, 0x55, 0x55, 0x55, 0x55, 0x55, 0x55, 0x55, 0x55, 0x55, 0x55, 0x55, 0x44, 
	0x33, 0x33, 0x33, 0x34, 0x45, 0x55, 0x55, 0x55, 0x55, 0x55, 0x55, 0x55, 0x55, 0x55, 0x55, 
	0x55, 0x55, 0x55, 0x55, 0x55, 0x66, 0x66, 0x66, 0x77, 0x77, 0x77, 0x88, 0x88, 0x88, 0x88, 
	0x88, 0x88, 0x88, 0x87, 0x76, 0x66, 0x55, 0x55, 0x54, 0x44, 0x44, 0x33, 0x33, 0x33, 0x33, 
	0x33, 0x32, 0x22, 0x22, 0x22, 0x22, 0x22, 0x22, 0x22, 0x33, 0x45, 0x55, 0x55, 0x55, 0x43, 
	0x33, 0x33, 0x33, 0x33, 0x33, 0x32, 0x22, 0x22, 0x33, 0x45, 0x55, 0x55, 0x55, 0x55, 0x55, 
	0x55, 0x55, 0x55, 0x55, 0x55, 0x44, 0x33, 0x33, 0x44, 0x55, 0x55, 0x55, 0x55, 0x55, 0x55, 
	0x55, 0x55, 0x55, 0x55, 0x55, 0x55, 0x55, 0x55, 0x55, 0x55, 0x55, 0x55, 0x55, 0x55, 0x55, 
	0x55, 0x55, 0x55, 0x55, 0x55, 0x55, 0x55, 0x55, 0x55, 0x55, 0x56, 0x78, 0xAB, 0xBB, 0xBB, 
	0xBB, 0xBA, 0xAA, 0xAA, 0xAA, 0xAA, 0xAA, 0xAA, 0x99, 0x99, 0x99, 0x99, 0x99, 0x99, 0x99, 
	0x99, 0x99, 0x88, 0x9B, 0xCD, 0xDD, 0xDD, 0xDD, 0xDD, 0xDD, 0xDD, 0xDD, 0xDD, 0xDD, 0xDD, 
	0xDD, 0xDD, 0xDD, 0xDD, 0xDD, 0xDD, 0xDD, 0xDD, 0xDD, 0xDD, 0xDD, 0xDD, 0xDD, 0xDD, 0xDD, 
	0xDD, 0xDD, 0xDD, 0xDD, 0xDD, 0xDD, 0xDD, 0xDD, 0xDD, 0xDD, 0xDD, 0xDD, 0xDD, 0xDD, 0xDD, 
	0xDD, 0xDD, 0xDD, 0xDD, 0xDD, 0xDD, 0xDD, 0xDD, 0xDD, 0xDD, 0xDD, 0xDD, 0xDD, 0xDD, 0xDD, 
	0xDD, 0xDD, 0xDD, 0xDD, 0xDD, 0xDD, 0xDD, 0xDD, 0xDD, 0xDD, 0xDD, 0xDD, 0xDD, 0xDD, 0xDD, 
	0xDD, 0xDD, 0xDD, 0xDD, 0xDD, 0xDD, 0xDD, 0xDD, 0xDD, 0xDD, 0xDD, 0xDD, 0xDD, 0xDD, 0xDD, 
	0xDD, 0xDD, 0xDD, 0xDD, 0xDD, 0xDD, 0xDD, 0xDD, 0xDD, 0xDD, 0xDD, 0xDD, 0xDD, 0xDD, 0xDD, 
	0xDD, 0xDD, 0xDD, 0xDD, 0xDD, 0xDD, 0xDD, 0xDD, 0xDD, 0xDD, 0xDD, 0xDD, 0xDD, 0xDD, 0xDD, 
	0xDD, 0xDC, 0xCC, 0xCC, 0xCC, 0xCC, 0xBB, 0xBB, 0xBB, 0xAA, 0x99, 0x99, 0x98, 0x76, 0x66, 
	0x66, 0x66, 0x66, 0x66, 0x66, 0x66, 0x66, 0x66, 0x78, 0xAA, 0xAA, 0xAA, 0xAB, 0xBB, 0xBB, 
	0xCB, 0xB9, 0x76, 0x55, 0x55, 0x55, 0x55, 0x55, 0x55, 0x55, 0x55, 0x55, 0x55, 0x55, 0x44, 
	0x33, 0x33, 0x33, 0x44, 0x55, 0x55, 0x55, 0x55, 0x55, 0x55, 0x55, 0x55, 0x55, 0x55, 0x55, 
	0x55, 0x55, 0x55, 0x55, 0x55, 0x56, 0x66, 0x66, 0x67, 0x77, 0x77, 0x78, 0x88, 0x88, 0x88, 
	0x88, 0x88, 0x88, 0x87, 0x76, 0x66, 0x55, 0x55, 0x44, 0x44, 0x44, 0x33, 0x33, 0x33, 0x33, 
	0x33, 0x32, 0x22, 0x22, 0x22, 0x22, 0x22, 0x22, 0x33, 0x34, 0x45, 0x56, 0x66, 0x55, 0x54, 
	0x33, 0x33, 0x33, 0x33, 0x33, 0x32, 0x22, 0x22, 0x34, 0x55, 0x55, 0x55, 0x55, 0x55, 0x55, 
	0x55, 0x55, 0x55, 0x55, 0x55, 0x44, 0x33, 0x34, 0x45, 0x55, 0x55, 0x55, 0x55, 0x55, 0x55, 
	0x55, 0x55, 0x55, 0x55, 0x55, 0x55, 0x55, 0x55, 0x55, 0x55, 0x55, 0x55, 0x55, 0x55, 0x55, 
	0x55, 0x55, 0x55, 0x55, 0x55, 0x55, 0x55, 0x55, 0x55, 0x55, 0x56, 0x78, 0xAB, 0xBB, 0xBB, 
	0xBB, 0xBB, 0xAA, 0xAA, 0xAA, 0xAA, 0xAA, 0xAA, 0xA9, 0x99, 0x99, 0x99, 0x99, 0x99, 0x99, 
	0x99, 0x99, 0x88, 0x9A, 0xBC, 0xDD, 0xDD, 0xDD, 0xDD, 0xDD, 0xDD, 0xDD, 0xDD, 0xDD, 0xDD, 
	0xDD, 0xDD, 0xDD, 0xDD, 0xDD, 0xDD, 0xDD, 0xDD, 0xDD, 0xDD, 0xDD, 0xDD, 0xDD, 0xDD, 0xDD, 
	0xDD, 0xDD, 0xDD, 0xDD, 0xDD, 0xDD, 0xDD, 0xDD, 0xDD, 0xDD, 0xDD, 0xDD, 0xDD, 0xDD, 0xDD, 
	0xDD, 0xDD, 0xDD, 0xDD, 0xDD, 0xDD, 0xDD, 0xDD, 0xDD, 0xDD, 0xDD, 0xDD, 0xDD, 0xDD, 0xDD, 
	0xDD, 0xDD, 0xDD, 0xDD, 0xDD, 0xDD, 0xDD, 0xDD, 0xDD, 0xDD, 0xDD, 0xDD, 0xDD, 0xDD, 0xDD, 
	0xDD, 0xDD, 0xDD, 0xDD, 0xDD, 0xDD, 0xDD, 0xDD, 0xDD, 0xDD, 0xDD, 0xDD, 0xDD, 0xDD, 0xDD, 
	0xDD, 0xDD, 0xDD, 0xDD, 0xDD, 0xDD, 0xDD, 0xDD, 0xDD, 0xDD, 0xDD, 0xDD, 0xDD, 0xDD, 0xDD, 
	0xDD, 0xDD, 0xDD, 0xDD, 0xDD, 0xDD, 0xDD, 0xDD, 0xDD, 0xDD, 0xDD, 0xDD, 0xDD, 0xDD, 0xDD, 
	0xDD, 0xDC, 0xCC, 0xCC, 0xCC, 0xCB, 0xBB, 0xBB, 0xBA, 0xA9, 0x99, 0x99, 0x99, 0x76, 0x66, 
	0x66, 0x66, 0x66, 0x66, 0x66, 0x66, 0x66, 0x66, 0x78, 0xAA, 0xAA, 0xAA, 0xAB, 0xBB, 0xBB, 
	0xCB, 0xA9, 0x76, 0x55, 0x55, 0x55, 0x55, 0x55, 0x55, 0x55, 0x55, 0x55, 0x55, 0x54, 0x43, 
	0x33, 0x33, 0x33, 0x44, 0x55, 0x55, 0x55, 0x55, 0x55, 0x55, 0x55, 0x55, 0x55, 0x55, 0x55, 
	0x55, 0x55, 0x55, 0x55, 0x55, 0x56, 0x66, 0x66, 0x66, 0x77, 0x77, 0x77, 0x77, 0x88, 0x88, 
	0x88, 0x88, 0x78, 0x77, 0x76, 0x65, 0x55, 0x54, 0x44, 0x44, 0x43, 0x33, 0x33, 0x33, 0x33, 
	0x33, 0x32, 0x22, 0x22, 0x22, 0x22, 0x22, 0x33, 0x33, 0x44, 0x45, 0x55, 0x65, 0x55, 0x55, 
	0x33, 0x33, 0x33, 0x33, 0x33, 0x32, 0x22, 0x22, 0x34, 0x55, 0x55, 0x55, 0x55, 0x55, 0x55, 
	0x55, 0x55, 0x55, 0x55, 0x54, 0x43, 0x33, 0x34, 0x45, 0x55, 0x55, 0x55, 0x55, 0x55, 0x55, 
	0x55, 0x55, 0x55, 0x55, 0x55, 0x55, 0x55, 0x55, 0x55, 0x55, 0x55, 0x55, 0x55, 0x55, 0x55, 
	0x55, 0x55, 0x55, 0x55, 0x55, 0x55, 0x55, 0x55, 0x55, 0x55, 0x55, 0x68, 0x9B, 0xBB, 0xBB, 
	0xBB, 0xBB, 0xAA, 0xAA, 0xAA, 0xAA, 0xAA, 0xA9, 0xA9, 0x99, 0x99, 0x99, 0x99, 0x99, 0x99, 
	0x99, 0x89, 0x98, 0x99, 0xBC, 0xDD, 0xDD, 0xDD, 0xDD, 0xDD, 0xDD, 0xDD, 0xDD, 0xDD, 0xDD, 
	0xDD, 0xDD, 0xDD, 0xDD, 0xDD, 0xDD, 0xDD, 0xDD, 0xDD, 0xDD, 0xDD, 0xDD, 0xDD, 0xDD, 0xDD, 
	0xDD, 0xDD, 0xDD, 0xDD, 0xDD, 0xDD, 0xDD, 0xDD, 0xDD, 0xDD, 0xDD, 0xDD, 0xDD, 0xDD, 0xDD, 
	0xDD, 0xDD, 0xDD, 0xDD, 0xDD, 0xDD, 0xDD, 0xDD, 0xDD, 0xDD, 0xDD, 0xDD, 0xDD, 0xDD, 0xDD, 
	0xDD, 0xDD, 0xDD, 0xDD, 0xDD, 0xDD, 0xDD, 0xDD, 0xDD, 0xDD, 0xDD, 0xDD, 0xDD, 0xDD, 0xDD, 
	0xDD, 0xDD, 0xDD, 0xDD, 0xDD, 0xDD, 0xDD, 0xDD, 0xDD, 0xDD, 0xDD, 0xDD, 0xDD, 0xDD, 0xDD, 
	0xDD, 0xDD, 0xDD, 0xDD, 0xDD, 0xDD, 0xDD, 0xDD, 0xDD, 0xDD, 0xDD, 0xDD, 0xDD, 0xDD, 0xDD, 
	0xDD, 0xDD, 0xDD, 0xDD, 0xDD, 0xDD, 0xDD, 0xDD, 0xDD, 0xDD, 0xDD, 0xDD, 0xDD, 0xDD, 0xDD, 
	0xDD, 0xCC, 0xCC, 0xCC, 0xCC, 0xCB, 0xBB, 0xBB, 0xBA, 0x99, 0x99, 0x99, 0x99, 0x86, 0x66, 
	0x66, 0x66, 0x66, 0x66, 0x66, 0x66, 0x66, 0x66, 0x68, 0xAA, 0xAA, 0xAA, 0xAB, 0xBB, 0xBB, 
	0xCB, 0xA9, 0x76, 0x55, 0x55, 0x55, 0x55, 0x55, 0x55, 0x55, 0x55, 0x55, 0x55, 0x54, 0x43, 
	0x33, 0x33, 0x33, 0x44, 0x55, 0x55, 0x55, 0x55, 0x55, 0x55, 0x55, 0x55, 0x55, 0x55, 0x55, 
	0x55, 0x55, 0x55, 0x55, 0x55, 0x55, 0x66, 0x66, 0x66, 0x77, 0x77, 0x77, 0x77, 0x78, 0x88, 
	0x88, 0x88, 0x77, 0x77, 0x66, 0x55, 0x55, 0x44, 0x44, 0x44, 0x43, 0x33, 0x33, 0x33, 0x33, 
	0x33, 0x32, 0x22, 0x22, 0x22, 0x22, 0x23, 0x33, 0x33, 0x44, 0x45, 0x55, 0x55, 0x55, 0x55, 
	0x33, 0x33, 0x33, 0x33, 0x33, 0x33, 0x22, 0x33, 0x44, 0x55, 0x55, 0x55, 0x55, 0x55, 0x55, 
	0x55, 0x55, 0x55, 0x55, 0x44, 0x43, 0x33, 0x44, 0x55, 0x55, 0x55, 0x55, 0x55, 0x55, 0x55, 
	0x55, 0x55, 0x55, 0x55, 0x55, 0x55, 0x55, 0x55, 0x55, 0x55, 0x55, 0x55, 0x55, 0x55, 0x55, 
	0x55, 0x55, 0x55, 0x55, 0x55, 0x55, 0x55, 0x55, 0x55, 0x55, 0x55, 0x67, 0x9A, 0xBB, 0xBB, 
	0xBB, 0xBB, 0xAA, 0xAA, 0xAA, 0xAA, 0xAA, 0xA9, 0x99, 0x99, 0x99, 0x99, 0x99, 0x99, 0x99, 
	0x99, 0x89, 0x99, 0x99, 0xAC, 0xCD, 0xDD, 0xDD, 0xDD, 0xDD, 0xDD, 0xDD, 0xDD, 0xDD, 0xDD, 
	0xDD, 0xDD, 0xDD, 0xDD, 0xDD, 0xDD, 0xDD, 0xDD, 0xDD, 0xDD, 0xDD, 0xDD, 0xDD, 0xDD, 0xDD, 
	0xDD, 0xDD, 0xDD, 0xDD, 0xDD, 0xDD, 0xDD, 0xDD, 0xDD, 0xDD, 0xDD, 0xDD, 0xDD, 0xDD, 0xDD, 
	0xDD, 0xDD, 0xDD, 0xDD, 0xDD, 0xDD, 0xDD, 0xDD, 0xDD, 0xDD, 0xDD, 0xDD, 0xDD, 0xDD, 0xDD, 
	0xDD, 0xDD, 0xDD, 0xDD, 0xDD, 0xDD, 0xDD, 0xDD, 0xDD, 0xDD, 0xDD, 0xDD, 0xDD, 0xDD, 0xDD, 
	0xDD, 0xDD, 0xDD, 0xDD, 0xDD, 0xDD, 0xDD, 0xDD, 0xDD, 0xDD, 0xDD, 0xDD, 0xDD, 0xDD, 0xDD, 
	0xDD, 0xDD, 0xDD, 0xDD, 0xDD, 0xDD, 0xDD, 0xDD, 0xDD, 0xDD, 0xDD, 0xDD, 0xDD, 0xDD, 0xDD, 
	0xDD, 0xDD, 0xDD, 0xDD, 0xDD, 0xDD, 0xDD, 0xDD, 0xDD, 0xDD, 0xDD, 0xDD, 0xDD, 0xDD, 0xDD, 
	0xDD, 0xCC, 0xCC, 0xCC, 0xCC, 0xBB, 0xBB, 0xBB, 0xAA, 0x99, 0x99, 0x99, 0x99, 0x86, 0x66, 
	0x66, 0x66, 0x66, 0x66, 0x66, 0x66, 0x66, 0x66, 0x68, 0x9A, 0xAA, 0xAA, 0xBB, 0xBB, 0xBB, 
	0xCB, 0xA8, 0x75, 0x55, 0x55, 0x55, 0x55, 0x55, 0x55, 0x55, 0x55, 0x55, 0x55, 0x54, 0x43, 
	0x33, 0x33, 0x34, 0x44, 0x55, 0x55, 0x55, 0x55, 0x55, 0x55, 0x55, 0x55, 0x55, 0x55, 0x55, 
	0x55, 0x55, 0x55, 0x55, 0x55, 0x55, 0x66, 0x66, 0x66, 0x77, 0x77, 0x77, 0x77, 0x77, 0x78, 
	0x88, 0x77, 0x77, 0x77, 0x66, 0x55, 0x55, 0x44, 0x44, 0x44, 0x43, 0x33, 0x33, 0x33, 0x33, 
	0x23, 0x32, 0x22, 0x22, 0x22, 0x22, 0x33, 0x33, 0x33, 0x44, 0x45, 0x55, 0x55, 0x55, 0x55, 
	0x33, 0x33, 0x33, 0x33, 0x33, 0x33, 0x22, 0x33, 0x45, 0x55, 0x55, 0x55, 0x55, 0x55, 0x55, 
	0x55, 0x55, 0x55, 0x55, 0x44, 0x33, 0x33, 0x44, 0x55, 0x55, 0x55, 0x55, 0x55, 0x55, 0x55, 
	0x55, 0x55, 0x55, 0x55, 0x55, 0x55, 0x55, 0x55, 0x55, 0x55, 0x55, 0x55, 0x55, 0x55, 0x55, 
	0x55, 0x55, 0x55, 0x55, 0x55, 0x55, 0x55, 0x55, 0x55, 0x55, 0x55, 0x67, 0x8A, 0xBB, 0xBB, 
	0xBB, 0xBB, 0xAA, 0xAA, 0xAA, 0xAA, 0xAA, 0xA9, 0x99, 0x99, 0x99, 0x99, 0x99, 0x99, 0x99, 
	0x99, 0x89, 0x99, 0x99, 0xAB, 0xCD, 0xDD, 0xCD, 0xDD, 0xDD, 0xDD, 0xDD, 0xDD, 0xDD, 0xDD, 
	0xDD, 0xDD, 0xDD, 0xDD, 0xDD, 0xDD, 0xDD, 0xDD, 0xDD, 0xDD, 0xDD, 0xDD, 0xDD, 0xDD, 0xDD, 
	0xDD, 0xDD, 0xDD, 0xDD, 0xDD, 0xDD, 0xDD, 0xDD, 0xDD, 0xDD, 0xDD, 0xDD, 0xDD, 0xDD, 0xDD, 
	0xDD, 0xDD, 0xDD, 0xDD, 0xDD, 0xDD, 0xDD, 0xDD, 0xDD, 0xDD, 0xDD, 0xDD, 0xDD, 0xDD, 0xDD, 
	0xDD, 0xDD, 0xDD, 0xDD, 0xDD, 0xDD, 0xDD, 0xDD, 0xDD, 0xDD, 0xDD, 0xDD, 0xDD, 0xDD, 0xDD, 
	0xDD, 0xDD, 0xDD, 0xDD, 0xDD, 0xDD, 0xDD, 0xDD, 0xDD, 0xDD, 0xDD, 0xDD, 0xDD, 0xDD, 0xDD, 
	0xDD, 0xDD, 0xDD, 0xDD, 0xDD, 0xDD, 0xDD, 0xDD, 0xDD, 0xDD, 0xDD, 0xDD, 0xDD, 0xDD, 0xDD, 
	0xDD, 0xDD, 0xDD, 0xDD, 0xDD, 0xDD, 0xDD, 0xDD, 0xDD, 0xDD, 0xDD, 0xDD, 0xDD, 0xDD, 0xDD, 
	0xCC, 0xCC, 0xCC, 0xCC, 0xCB, 0xBB, 0xBB, 0xBA, 0xA9, 0x99, 0x99, 0x99, 0x99, 0x87, 0x66, 
	0x66, 0x66, 0x66, 0x66, 0x66, 0x66, 0x66, 0x66, 0x68, 0x9A, 0xAA, 0xAA, 0xBB, 0xBB, 0xBB, 
	0xCB, 0xA8, 0x65, 0x55, 0x55, 0x55, 0x55, 0x55, 0x55, 0x55, 0x55, 0x55, 0x55, 0x54, 0x43, 
	0x33, 0x33, 0x34, 0x45, 0x55, 0x55, 0x55, 0x55, 0x55, 0x55, 0x55, 0x55, 0x55, 0x55, 0x55, 
	0x55, 0x55, 0x55, 0x55, 0x55, 0x55, 0x56, 0x66, 0x66, 0x67, 0x77, 0x77, 0x77, 0x77, 0x77, 
	0x77, 0x77, 0x77, 0x77, 0x66, 0x55, 0x54, 0x44, 0x44, 0x43, 0x33, 0x33, 0x33, 0x33, 0x32, 
	0x22, 0x22, 0x22, 0x22, 0x22, 0x23, 0x33, 0x33, 0x33, 0x44, 0x45, 0x55, 0x55, 0x55, 0x55, 
	0x33, 0x33, 0x33, 0x33, 0x33, 0x33, 0x22, 0x34, 0x45, 0x55, 0x55, 0x55, 0x55, 0x55, 0x55, 
	0x55, 0x55, 0x55, 0x55, 0x44, 0x33, 0x33, 0x44, 0x55, 0x55, 0x55, 0x55, 0x55, 0x55, 0x55, 
	0x55, 0x55, 0x55, 0x55, 0x55, 0x55, 0x55, 0x55, 0x55, 0x55, 0x55, 0x55, 0x55, 0x55, 0x55, 
	0x55, 0x55, 0x55, 0x55, 0x55, 0x55, 0x55, 0x55, 0x55, 0x55, 0x55, 0x67, 0x8A, 0xBB, 0xCB, 
	0xBB, 0xBB, 0xAA, 0xAA, 0xAA, 0xAA, 0xAA, 0x99, 0x99, 0x99, 0x99, 0x99, 0x99, 0x99, 0x99, 
	0x99, 0x99, 0x88, 0x98, 0x9B, 0xCD, 0xDD, 0xCC, 0xDD, 0xDD, 0xDD, 0xDD, 0xDD, 0xDD, 0xDD, 
	0xDD, 0xDD, 0xDD, 0xDD, 0xDD, 0xDD, 0xDD, 0xDD, 0xDD, 0xDD, 0xDD, 0xDD, 0xDD, 0xDD, 0xDD, 
	0xDD, 0xDD, 0xDD, 0xDD, 0xDD, 0xDD, 0xDD, 0xDD, 0xDD, 0xDD, 0xDD, 0xDD, 0xDD, 0xDD, 0xDD, 
	0xDD, 0xDD, 0xDD, 0xDD, 0xDD, 0xDD, 0xDD, 0xDD, 0xDD, 0xDD, 0xDD, 0xDD, 0xDD, 0xDD, 0xDD, 
	0xDD, 0xDD, 0xDD, 0xDD, 0xDD, 0xDD, 0xDD, 0xDD, 0xDD, 0xDD, 0xDD, 0xDD, 0xDD, 0xDD, 0xDD, 
	0xDD, 0xDD, 0xDD, 0xDD, 0xDD, 0xDD, 0xDD, 0xDD, 0xDD, 0xDD, 0xDD, 0xDD, 0xDD, 0xDD, 0xDD, 
	0xDD, 0xDD, 0xDD, 0xDD, 0xDD, 0xDD, 0xDD, 0xDD, 0xDD, 0xDD, 0xDD, 0xDD, 0xDD, 0xDD, 0xDD, 
	0xDD, 0xDD, 0xDD, 0xDD, 0xDD, 0xDD, 0xDD, 0xDD, 0xDD, 0xDD, 0xDD, 0xDD, 0xDD, 0xDD, 0xDC, 
	0xCC, 0xCC, 0xCC, 0xCC, 0xCB, 0xBB, 0xBB, 0xA9, 0x99, 0x99, 0x99, 0x99, 0x99, 0x87, 0x66, 
	0x66, 0x66, 0x66, 0x66, 0x66, 0x66, 0x66, 0x66, 0x68, 0x9A, 0xAA, 0xAB, 0xBB, 0xBB, 0xBB, 
	0xBB, 0xA8, 0x65, 0x55, 0x55, 0x55, 0x55, 0x55, 0x55, 0x55, 0x55, 0x55, 0x55, 0x44, 0x43, 
	0x33, 0x33, 0x34, 0x55, 0x55, 0x55, 0x55, 0x55, 0x55, 0x55, 0x55, 0x55, 0x55, 0x55, 0x55, 
	0x55, 0x55, 0x55, 0x55, 0x55, 0x55, 0x55, 0x56, 0x66, 0x66, 0x77, 0x77, 0x77, 0x77, 0x77, 
	0x77, 0x77, 0x77, 0x77, 0x66, 0x55, 0x44, 0x44, 0x44, 0x43, 0x33, 0x33, 0x33, 0x33, 0x32, 
	0x22, 0x22, 0x22, 0x22, 0x23, 0x33, 0x32, 0x23, 0x33, 0x44, 0x45, 0x55, 0x55, 0x55, 0x55, 
	0x33, 0x33, 0x33, 0x33, 0x33, 0x33, 0x23, 0x34, 0x45, 0x55, 0x55, 0x55, 0x55, 0x55, 0x55, 
	0x55, 0x55, 0x55, 0x55, 0x44, 0x33, 0x34, 0x45, 0x55, 0x55, 0x55, 0x55, 0x55, 0x55, 0x55, 
	0x55, 0x55, 0x55, 0x55, 0x55, 0x55, 0x55, 0x55, 0x55, 0x55, 0x55, 0x55, 0x55, 0x55, 0x56, 
	0x66, 0x65, 0x66, 0x55, 0x55, 0x55, 0x55, 0x55, 0x55, 0x55, 0x55, 0x56, 0x89, 0xBB, 0xCB, 
	0xBB, 0xBB, 0xAA, 0xAA, 0xAA, 0xAA, 0xAA, 0xA9, 0x99, 0x99, 0x99, 0x99, 0x99, 0x99, 0x99, 
	0x99, 0x99, 0x99, 0x88, 0x9A, 0xBC, 0xDD, 0xDD, 0xDD, 0xDD, 0xDD, 0xDD, 0xDD, 0xDD, 0xDD, 
	0xDD, 0xDD, 0xDD, 0xDD, 0xDD, 0xDD, 0xDD, 0xDD, 0xDD, 0xDD, 0xDD, 0xDD, 0xDD, 0xDD, 0xDD, 
	0xDD, 0xDD, 0xDD, 0xDD, 0xDD, 0xDD, 0xDD, 0xDD, 0xDD, 0xDD, 0xDD, 0xDD, 0xDD, 0xDD, 0xDD, 
	0xDD, 0xDD, 0xDD, 0xDD, 0xDD, 0xDD, 0xDD, 0xDD, 0xDD, 0xDD, 0xDD, 0xDD, 0xDD, 0xDD, 0xDD, 
	0xDD, 0xDD, 0xDD, 0xDD, 0xDD, 0xDD, 0xDD, 0xDD, 0xDD, 0xDD, 0xDD, 0xDD, 0xDD, 0xDD, 0xDD, 
	0xDD, 0xDD, 0xDD, 0xDD, 0xDD, 0xDD, 0xDD, 0xDD, 0xDD, 0xDD, 0xDD, 0xDD, 0xDD, 0xDD, 0xDD, 
	0xDD, 0xDD, 0xDD, 0xDD, 0xDD, 0xDD, 0xDD, 0xDD, 0xDD, 0xDD, 0xDD, 0xDD, 0xDD, 0xDD, 0xDD, 
	0xDD, 0xDD, 0xDD, 0xDD, 0xDD, 0xDD, 0xDD, 0xDD, 0xDD, 0xDD, 0xDD, 0xDD, 0xDD, 0xDD, 0xDD, 
	0xDD, 0xCC, 0xCC, 0xCB, 0xBB, 0xBB, 0xBA, 0xA9, 0x99, 0x99, 0x99, 0x99, 0x99, 0x87, 0x66, 
	0x66, 0x66, 0x66, 0x66, 0x66, 0x66, 0x66, 0x66, 0x68, 0x9A, 0xAA, 0xAA, 0xBB, 0xBB, 0xCC, 
	0xBB, 0xA8, 0x65, 0x55, 0x55, 0x55, 0x55, 0x55, 0x55, 0x55, 0x55, 0x55, 0x55, 0x54, 0x33, 
	0x33, 0x33, 0x34, 0x55, 0x55, 0x55, 0x55, 0x55, 0x55, 0x55, 0x55, 0x55, 0x55, 0x55, 0x55, 
	0x55, 0x55, 0x55, 0x55, 0x55, 0x55, 0x55, 0x55, 0x55, 0x66, 0x66, 0x77, 0x77, 0x77, 0x77, 
	0x77, 0x77, 0x77, 0x77, 0x66, 0x55, 0x44, 0x44, 0x44, 0x33, 0x33, 0x33, 0x33, 0x32, 0x22, 
	0x22, 0x22, 0x22, 0x22, 0x22, 0x22, 0x33, 0x33, 0x34, 0x44, 0x55, 0x55, 0x44, 0x55, 0x55, 
	0x33, 0x33, 0x33, 0x33, 0x33, 0x33, 0x33, 0x44, 0x45, 0x55, 0x55, 0x55, 0x55, 0x55, 0x55, 
	0x55, 0x55, 0x55, 0x55, 0x44, 0x33, 0x34, 0x45, 0x55, 0x55, 0x55, 0x55, 0x55, 0x55, 0x55, 
	0x55, 0x55, 0x55, 0x55, 0x55, 0x55, 0x55, 0x55, 0x55, 0x55, 0x55, 0x55, 0x55, 0x56, 0x66, 
	0x66, 0x66, 0x66, 0x66, 0x66, 0x66, 0x55, 0x55, 0x55, 0x55, 0x55, 0x56, 0x79, 0xAB, 0xBB, 
	0xBB, 0xBB, 0xAA, 0xAA, 0xAA, 0xAA, 0xAA, 0xA9, 0x99, 0x99, 0x99, 0x99, 0x99, 0x99, 0x99, 
	0x99, 0x98, 0x89, 0x88, 0x99, 0xAC, 0xDD, 0xDC, 0xCC, 0xDD, 0xDD, 0xDD, 0xDD, 0xCD, 0xDC, 
	0xCC, 0xDD, 0xDD, 0xDD, 0xDD, 0xDD, 0xDD, 0xDD, 0xDD, 0xDD, 0xDD, 0xDD, 0xDD, 0xDD, 0xDD, 
	0xDD, 0xDD, 0xDD, 0xDD, 0xDD, 0xDD, 0xDD, 0xDD, 0xDD, 0xDD, 0xDD, 0xDD, 0xDD, 0xDD, 0xDD, 
	0xDD, 0xDD, 0xDD, 0xDD, 0xDD, 0xDD, 0xDD, 0xDD, 0xDD, 0xDD, 0xDD, 0xDD, 0xDD, 0xDD, 0xDD, 
	0xDD, 0xDD, 0xDD, 0xDD, 0xDD, 0xDD, 0xDD, 0xDD, 0xDD, 0xDD, 0xDD, 0xDD, 0xDD, 0xDD, 0xDD, 
	0xDD, 0xDD, 0xDD, 0xDD, 0xDD, 0xDD, 0xDD, 0xDD, 0xDD, 0xDD, 0xDD, 0xDD, 0xDD, 0xDD, 0xDD, 
	0xDD, 0xDD, 0xDD, 0xDD, 0xDD, 0xDD, 0xDD, 0xDD, 0xDD, 0xDD, 0xDD, 0xDD, 0xDD, 0xDD, 0xDD, 
	0xDD, 0xDD, 0xDD, 0xDD, 0xDD, 0xDD, 0xDD, 0xDD, 0xDD, 0xDD, 0xDD, 0xDD, 0xDD, 0xDD, 0xDD, 
	0xDD, 0xCC, 0xCC, 0xBB, 0xBB, 0xBB, 0xAA, 0x99, 0x99, 0x99, 0x99, 0x99, 0x99, 0x87, 0x66, 
	0x66, 0x66, 0x66, 0x66, 0x66, 0x66, 0x66, 0x66, 0x68, 0x9A, 0xAA, 0xBB, 0xBB, 0xBB, 0xCC, 
	0xBB, 0xA8, 0x65, 0x55, 0x55, 0x55, 0x55, 0x55, 0x55, 0x55, 0x55, 0x55, 0x55, 0x54, 0x33, 
	0x33, 0x33, 0x34, 0x55, 0x55, 0x55, 0x55, 0x55, 0x55, 0x55, 0x55, 0x55, 0x55, 0x55, 0x55, 
	0x55, 0x55, 0x55, 0x55, 0x55, 0x55, 0x55, 0x55, 0x55, 0x55, 0x66, 0x66, 0x77, 0x77, 0x77, 
	0x77, 0x77, 0x76, 0x66, 0x66, 0x55, 0x44, 0x44, 0x43, 0x33, 0x33, 0x33, 0x33, 0x22, 0x22, 
	0x22, 0x22, 0x22, 0x22, 0x22, 0x22, 0x23, 0x33, 0x34, 0x44, 0x45, 0x55, 0x44, 0x55, 0x55, 
	0x33, 0x33, 0x33, 0x33, 0x33, 0x33, 0x33, 0x44, 0x55, 0x55, 0x55, 0x55, 0x55, 0x55, 0x55, 
	0x55, 0x55, 0x55, 0x54, 0x43, 0x33, 0x34, 0x55, 0x55, 0x55, 0x55, 0x55, 0x55, 0x55, 0x55, 
	0x55, 0x55, 0x55, 0x55, 0x55, 0x55, 0x55, 0x55, 0x55, 0x55, 0x55, 0x56, 0x66, 0x66, 0x66, 
	0x66, 0x66, 0x66, 0x66, 0x66, 0x66, 0x66, 0x65, 0x55, 0x55, 0x55, 0x56, 0x78, 0xAB, 0xBB, 
	0xBB, 0xBB, 0xAA, 0xAA, 0xAA, 0xAA, 0xAA, 0x99, 0x99, 0x99, 0x99, 0x99, 0x99, 0x99, 0x99, 
	0x99, 0x88, 0x89, 0x88, 0x89, 0xAB, 0xCD, 0xDC, 0xCC, 0xCC, 0xCC, 0xCC, 0xCC, 0xCC, 0xCC, 
	0xCC, 0xCD, 0xDD, 0xCC, 0xCC, 0xCC, 0xCC, 0xDD, 0xDD, 0xDD, 0xDD, 0xDD, 0xDD, 0xDD, 0xDD, 
	0xDD, 0xDD, 0xDD, 0xDD, 0xDD, 0xDD, 0xDD, 0xDD, 0xDD, 0xDD, 0xDD, 0xDD, 0xDD, 0xDD, 0xDD, 
	0xDD, 0xDD, 0xDD, 0xDD, 0xDD, 0xDD, 0xDD, 0xDD, 0xDD, 0xDD, 0xDD, 0xDD, 0xDD, 0xDD, 0xDD, 
	0xDD, 0xDD, 0xDD, 0xDD, 0xDD, 0xDD, 0xDD, 0xDD, 0xDD, 0xDD, 0xDD, 0xDD, 0xDD, 0xDD, 0xDD, 
	0xDD, 0xDD, 0xDD, 0xDD, 0xDD, 0xDD, 0xDD, 0xDD, 0xDD, 0xDD, 0xDD, 0xDD, 0xDD, 0xDD, 0xDD, 
	0xDD, 0xDD, 0xDD, 0xDD, 0xDD, 0xDD, 0xDD, 0xDD, 0xDD, 0xDD, 0xDD, 0xDD, 0xDD, 0xDD, 0xDD, 
	0xDD, 0xDD, 0xDC, 0xCD, 0xDD, 0xDD, 0xDD, 0xDD, 0xDD, 0xDD, 0xDD, 0xDD, 0xDD, 0xDD, 0xDC, 
	0xCC, 0xCC, 0xCB, 0xBB, 0xBB, 0xBA, 0x99, 0x99, 0x99, 0x99, 0x99, 0x99, 0x99, 0x88, 0x66, 
	0x66, 0x66, 0x66, 0x66, 0x66, 0x66, 0x66, 0x66, 0x67, 0x9A, 0xAA, 0xBB, 0xBB, 0xBB, 0xCB, 
	0xBB, 0x97, 0x65, 0x55, 0x55, 0x55, 0x55, 0x55, 0x55, 0x55, 0x55, 0x55, 0x55, 0x54, 0x33, 
	0x33, 0x33, 0x34, 0x55, 0x55, 0x55, 0x55, 0x55, 0x55, 0x55, 0x55, 0x55, 0x55, 0x55, 0x55, 
	0x55, 0x55, 0x55, 0x55, 0x55, 0x55, 0x55, 0x54, 0x44, 0x55, 0x55, 0x66, 0x67, 0x77, 0x77, 
	0x77, 0x66, 0x66, 0x66, 0x66, 0x55, 0x44, 0x33, 0x33, 0x33, 0x33, 0x33, 0x32, 0x22, 0x22, 
	0x22, 0x22, 0x22, 0x22, 0x22, 0x22, 0x33, 0x33, 0x34, 0x44, 0x44, 0x44, 0x44, 0x55, 0x55, 
	0x33, 0x33, 0x33, 0x33, 0x33, 0x33, 0x34, 0x45, 0x55, 0x55, 0x55, 0x55, 0x55, 0x55, 0x55, 
	0x55, 0x55, 0x55, 0x44, 0x43, 0x33, 0x44, 0x55, 0x55, 0x55, 0x55, 0x55, 0x55, 0x55, 0x55, 
	0x55, 0x55, 0x55, 0x55, 0x55, 0x55, 0x55, 0x55, 0x55, 0x55, 0x66, 0x66, 0x66, 0x66, 0x66, 
	0x66, 0x66, 0x66, 0x66, 0x66, 0x66, 0x66, 0x66, 0x65, 0x55, 0x55, 0x56, 0x78, 0x9B, 0xBB, 
	0xBB, 0xBA, 0xAA, 0xAA, 0xAA, 0xAA, 0xAA, 0xA9, 0x99, 0x99, 0x99, 0x99, 0x99, 0x99, 0x99, 
	0x88, 0x88, 0x88, 0x88, 0x88, 0x9A, 0xBC, 0xCC, 0xCC, 0xCC, 0xCC, 0xCC, 0xCC, 0xCC, 0xCC, 
	0xCC, 0xCC, 0xCC, 0xCC, 0xCC, 0xCC, 0xCC, 0xCC, 0xCC, 0xDD, 0xDD, 0xDD, 0xDD, 0xDD, 0xDD, 
	0xDD, 0xDD, 0xDD, 0xDD, 0xDD, 0xDD, 0xDD, 0xDD, 0xDD, 0xDD, 0xDD, 0xDD, 0xDD, 0xDD, 0xDD, 
	0xDD, 0xDD, 0xDD, 0xDD, 0xDD, 0xDD, 0xDD, 0xDD, 0xDD, 0xDD, 0xDD, 0xDD, 0xDD, 0xDD, 0xDD, 
	0xDD, 0xDD, 0xDD, 0xDD, 0xDD, 0xDD, 0xDD, 0xDD, 0xDD, 0xDD, 0xDD, 0xDD, 0xDD, 0xDD, 0xDD, 
	0xDD, 0xDD, 0xDD, 0xDD, 0xDD, 0xDD, 0xDD, 0xDD, 0xDD, 0xDD, 0xDD, 0xDD, 0xDD, 0xDD, 0xDD, 
	0xDD, 0xDD, 0xDD, 0xDD, 0xDD, 0xDD, 0xDD, 0xDD, 0xDD, 0xDD, 0xDD, 0xDD, 0xDD, 0xDD, 0xDD, 
	0xCC, 0xCC, 0xCC, 0xCC, 0xCC, 0xCC, 0xCC, 0xCC, 0xCC, 0xCC, 0xCD, 0xDD, 0xDD, 0xDC, 0xCC, 
	0xCC, 0xCC, 0xBB, 0xBB, 0xBB, 0xAA, 0x98, 0x99, 0x99, 0x99, 0x99, 0x99, 0x99, 0x98, 0x76, 
	0x66, 0x66, 0x66, 0x66, 0x66, 0x66, 0x66, 0x66, 0x67, 0x9A, 0xAA, 0xBB, 0xBB, 0xBB, 0xCB, 
	0xBB, 0x97, 0x65, 0x55, 0x55, 0x55, 0x55, 0x55, 0x55, 0x55, 0x55, 0x55, 0x55, 0x44, 0x33, 
	0x33, 0x33, 0x34, 0x55, 0x55, 0x55, 0x55, 0x55, 0x55, 0x55, 0x55, 0x55, 0x55, 0x55, 0x55, 
	0x55, 0x55, 0x55, 0x55, 0x55, 0x55, 0x55, 0x54, 0x44, 0x45, 0x55, 0x55, 0x66, 0x77, 0x77, 
	0x66, 0x66, 0x66, 0x66, 0x66, 0x65, 0x44, 0x33, 0x33, 0x33, 0x33, 0x33, 0x32, 0x22, 0x22, 
	0x22, 0x22, 0x22, 0x22, 0x22, 0x22, 0x33, 0x33, 0x44, 0x44, 0x44, 0x44, 0x44, 0x45, 0x55, 
	0x43, 0x33, 0x33, 0x33, 0x33, 0x33, 0x34, 0x55, 0x55, 0x54, 0x55, 0x55, 0x55, 0x55, 0x55, 
	0x55, 0x55, 0x55, 0x44, 0x33, 0x33, 0x44, 0x55, 0x55, 0x55, 0x55, 0x55, 0x55, 0x55, 0x55, 
	0x55, 0x55, 0x55, 0x55, 0x55, 0x55, 0x55, 0x55, 0x56, 0x66, 0x66, 0x66, 0x66, 0x66, 0x66, 
	0x66, 0x66, 0x66, 0x66, 0x66, 0x66, 0x66, 0x66, 0x66, 0x66, 0x66, 0x56, 0x68, 0x9B, 0xBB, 
	0xBB, 0xBA, 0xAA, 0xAA, 0xAA, 0xAA, 0xAA, 0xAA, 0x99, 0x99, 0x99, 0x99, 0x99, 0x99, 0x99, 
	0x88, 0x98, 0x88, 0x88, 0x88, 0x89, 0xAB, 0xCC, 0xCC, 0xCC, 0xCC, 0xCC, 0xCC, 0xCC, 0xCC, 
	0xCC, 0xCC, 0xCC, 0xCC, 0xCC, 0xCC, 0xCC, 0xCC, 0xCC, 0xCC, 0xDC, 0xCC, 0xCD, 0xDD, 0xDD, 
	0xDD, 0xDD, 0xDD, 0xDD, 0xDD, 0xDD, 0xDD, 0xDD, 0xDD, 0xDD, 0xDD, 0xDD, 0xDD, 0xDD, 0xDD, 
	0xDD, 0xDD, 0xDD, 0xDD, 0xDD, 0xDD, 0xDD, 0xDD, 0xDD, 0xDD, 0xDD, 0xDD, 0xDD, 0xDD, 0xDD, 
	0xDD, 0xDD, 0xDD, 0xDD, 0xDD, 0xDD, 0xDD, 0xDD, 0xDD, 0xDD, 0xDD, 0xDD, 0xDD, 0xDD, 0xDD, 
	0xDD, 0xDD, 0xDD, 0xDD, 0xDD, 0xDD, 0xDD, 0xDD, 0xDD, 0xDD, 0xDD, 0xDD, 0xDD, 0xDD, 0xDD, 
	0xDD, 0xDD, 0xDD, 0xDD, 0xDD, 0xDD, 0xDD, 0xDD, 0xDD, 0xDD, 0xDD, 0xCD, 0xDD, 0xDD, 0xCC, 
	0xCC, 0xCC, 0xCC, 0xCC, 0xCC, 0xCC, 0xCC, 0xCC, 0xDD, 0xCC, 0xCC, 0xCC, 0xDC, 0xCC, 0xCC, 
	0xCC, 0xCC, 0xCC, 0xBB, 0xAA, 0x99, 0x99, 0x99, 0x99, 0x99, 0x99, 0x99, 0x99, 0x98, 0x76, 
	0x66, 0x66, 0x66, 0x66, 0x66, 0x66, 0x66, 0x66, 0x67, 0x9A, 0xAA, 0xBB, 0xBB, 0xBB, 0xBB, 
	0xBB, 0x97, 0x65, 0x55, 0x55, 0x55, 0x55, 0x55, 0x55, 0x55, 0x55, 0x55, 0x55, 0x44, 0x33, 
	0x33, 0x33, 0x34, 0x45, 0x55, 0x55, 0x55, 0x55, 0x55, 0x55, 0x55, 0x55, 0x55, 0x55, 0x55, 
	0x55, 0x55, 0x55, 0x55, 0x55, 0x55, 0x55, 0x44, 0x44, 0x44, 0x55, 0x55, 0x56, 0x66, 0x76, 
	0x66, 0x66, 0x66, 0x66, 0x66, 0x65, 0x54, 0x33, 0x33, 0x33, 0x33, 0x33, 0x32, 0x22, 0x22, 
	0x22, 0x22, 0x22, 0x22, 0x23, 0x33, 0x33, 0x33, 0x44, 0x44, 0x44, 0x44, 0x44, 0x45, 0x55, 
	0x43, 0x33, 0x33, 0x33, 0x33, 0x33, 0x34, 0x55, 0x55, 0x54, 0x55, 0x55, 0x55, 0x55, 0x55, 
	0x55, 0x55, 0x55, 0x44, 0x33, 0x33, 0x45, 0x55, 0x55, 0x55, 0x55, 0x55, 0x55, 0x55, 0x55, 
	0x55, 0x55, 0x55, 0x55, 0x55, 0x55, 0x55, 0x55, 0x66, 0x66, 0x66, 0x66, 0x66, 0x66, 0x66, 
	0x66, 0x77, 0x77, 0x66, 0x66, 0x66, 0x66, 0x66, 0x66, 0x66, 0x66, 0x55, 0x67, 0x9A, 0xBB, 
	0xBB, 0xBB, 0xAA, 0xAA, 0xAA, 0xAA, 0xA9, 0x99, 0x99, 0x99, 0x99, 0x99, 0x99, 0x99, 0x98, 
	0x88, 0x88, 0x88, 0x88, 0x88, 0x89, 0x9A, 0xBC, 0xCC, 0xCC, 0xCC, 0xCC, 0xCC, 0xCC, 0xCC, 
	0xCC, 0xCC, 0xCC, 0xCC, 0xCC, 0xCC, 0xCC, 0xCC, 0xCC, 0xCC, 0xCC, 0xCC, 0xCC, 0xCC, 0xCC, 
	0xCC, 0xCD, 0xDD, 0xDD, 0xDD, 0xDD, 0xDD, 0xDD, 0xDD, 0xDD, 0xDD, 0xDD, 0xDD, 0xDD, 0xDD, 
	0xDD, 0xDD, 0xDD, 0xDD, 0xDD, 0xDD, 0xDD, 0xDD, 0xDD, 0xDD, 0xDD, 0xDD, 0xDD, 0xDD, 0xDD, 
	0xDD, 0xDD, 0xDD, 0xDD, 0xDD, 0xDD, 0xDD, 0xDD, 0xDD, 0xDD, 0xDD, 0xDD, 0xDD, 0xDD, 0xDD, 
	0xDD, 0xDD, 0xDD, 0xDD, 0xDD, 0xDD, 0xDD, 0xDD, 0xDD, 0xCC, 0xCC, 0xCC, 0xCC, 0xDD, 0xCC, 
	0xCD, 0xDD, 0xDD, 0xDD, 0xDD, 0xDD, 0xDD, 0xDD, 0xDD, 0xDD, 0xDD, 0xCC, 0xDD, 0xCC, 0xCC, 
	0xCC, 0xCC, 0xCC, 0xCC, 0xCC, 0xCC, 0xCC, 0xCC, 0xDD, 0xCC, 0xCC, 0xCC, 0xCC, 0xCC, 0xCC, 
	0xCC, 0xCC, 0xCB, 0xBA, 0xA9, 0x99, 0x99, 0x99, 0x98, 0x99, 0x99, 0x99, 0x99, 0x98, 0x76, 
	0x66, 0x66, 0x66, 0x66, 0x66, 0x66, 0x66, 0x66, 0x67, 0x9A, 0xAA, 0xBB, 0xBB, 0xBB, 0xBB, 
	0xBB, 0x97, 0x65, 0x55, 0x55, 0x55, 0x55, 0x55, 0x55, 0x55, 0x55, 0x55, 0x55, 0x54, 0x43, 
	0x33, 0x33, 0x34, 0x45, 0x55, 0x55, 0x55, 0x55, 0x55, 0x55, 0x55, 0x55, 0x55, 0x55, 0x55, 
	0x55, 0x55, 0x55, 0x55, 0x55, 0x55, 0x55, 0x44, 0x44, 0x44, 0x44, 0x44, 0x55, 0x66, 0x66, 
	0x66, 0x66, 0x66, 0x66, 0x66, 0x65, 0x54, 0x33, 0x33, 0x33, 0x33, 0x33, 0x22, 0x22, 0x22, 
	0x22, 0x22, 0x22, 0x22, 0x33, 0x33, 0x33, 0x33, 0x44, 0x44, 0x44, 0x44, 0x44, 0x45, 0x55, 
	0x43, 0x33, 0x33, 0x33, 0x33, 0x33, 0x44, 0x55, 0x55, 0x55, 0x55, 0x55, 0x55, 0x55, 0x55, 
	0x55, 0x55, 0x55, 0x44, 0x33, 0x34, 0x45, 0x55, 0x55, 0x55, 0x55, 0x55, 0x55, 0x55, 0x55, 
	0x55, 0x55, 0x55, 0x55, 0x55, 0x55, 0x55, 0x56, 0x66, 0x66, 0x66, 0x66, 0x66, 0x67, 0x77, 
	0x77, 0x77, 0x77, 0x77, 0x76, 0x66, 0x66, 0x66, 0x66, 0x66, 0x66, 0x55, 0x67, 0x9A, 0xBB, 
	0xBB, 0xBB, 0xBA, 0xAA, 0xAA, 0xAA, 0x99, 0x99, 0x99, 0x99, 0x99, 0x99, 0x99, 0x98, 0x88, 
	0x88, 0x88, 0x88, 0x88, 0x88, 0x88, 0x99, 0xAB, 0xCC, 0xCC, 0xCC, 0xCC, 0xCC, 0xCC, 0xCC, 
	0xCC, 0xCC, 0xCC, 0xCC, 0xCC, 0xCC, 0xCC, 0xCC, 0xCC, 0xCC, 0xCC, 0xCC, 0xCC, 0xCC, 0xCC, 
	0xCC, 0xCC, 0xCC, 0xCC, 0xCD, 0xDD, 0xDD, 0xDD, 0xDD, 0xDD, 0xDD, 0xDD, 0xDD, 0xDD, 0xDD, 
	0xDD, 0xDD, 0xDD, 0xDD, 0xDD, 0xDD, 0xDD, 0xDD, 0xDD, 0xDD, 0xDD, 0xDD, 0xDD, 0xDD, 0xDD, 
	0xDD, 0xDD, 0xDD, 0xDD, 0xDD, 0xDD, 0xDD, 0xDD, 0xDD, 0xDD, 0xDD, 0xDD, 0xDD, 0xDD, 0xDD, 
	0xDD, 0xDD, 0xDD, 0xDD, 0xDC, 0xCC, 0xCC, 0xCC, 0xCC, 0xCC, 0xCC, 0xCC, 0xCC, 0xCC, 0xCC, 
	0xCC, 0xCD, 0xDD, 0xDD, 0xDD, 0xDD, 0xDD, 0xDD, 0xDD, 0xDD, 0xDD, 0xCC, 0xCC, 0xCC, 0xCC, 
	0xCC, 0xCC, 0xCC, 0xCC, 0xCC, 0xCC, 0xCC, 0xCC, 0xCC, 0xCC, 0xCC, 0xCC, 0xCC, 0xCC, 0xCC, 
	0xCC, 0xCB, 0xBA, 0xA9, 0x99, 0x98, 0x99, 0x99, 0x99, 0x99, 0x99, 0x99, 0x99, 0x98, 0x76, 
	0x66, 0x66, 0x66, 0x66, 0x66, 0x66, 0x66, 0x66, 0x67, 0x8A, 0xAA, 0xBB, 0xBB, 0xBB, 0xBB, 
	0xBA, 0x98, 0x65, 0x55, 0x55, 0x55, 0x55, 0x55, 0x55, 0x55, 0x55, 0x55, 0x55, 0x54, 0x43, 
	0x33, 0x33, 0x34, 0x45, 0x55, 0x55, 0x55, 0x55, 0x55, 0x55, 0x55, 0x55, 0x55, 0x55, 0x55, 
	0x55, 0x55, 0x55, 0x55, 0x55, 0x55, 0x55, 0x44, 0x44, 0x44, 0x44, 0x44, 0x55, 0x56, 0x66, 
	0x66, 0x66, 0x66, 0x66, 0x56, 0x65, 0x54, 0x33, 0x33, 0x33, 0x33, 0x32, 0x22, 0x22, 0x22, 
	0x22, 0x22, 0x22, 0x22, 0x33, 0x33, 0x33, 0x33, 0x44, 0x33, 0x44, 0x44, 0x44, 0x45, 0x55, 
	0x44, 0x33, 0x33, 0x33, 0x33, 0x33, 0x45, 0x55, 0x55, 0x55, 0x55, 0x55, 0x55, 0x55, 0x55, 
	0x55, 0x55, 0x55, 0x43, 0x33, 0x34, 0x45, 0x55, 0x55, 0x55, 0x55, 0x55, 0x55, 0x55, 0x55, 
	0x55, 0x55, 0x55, 0x55, 0x55, 0x55, 0x55, 0x66, 0x66, 0x66, 0x66, 0x66, 0x67, 0x77, 0x77, 
	0x77, 0x77, 0x77, 0x77, 0x77, 0x77, 0x66, 0x66, 0x66, 0x66, 0x66, 0x66, 0x67, 0x89, 0xAB, 
	0xBB, 0xBB, 0xBB, 0xAA, 0xAA, 0xAA, 0x99, 0x99, 0x99, 0x99, 0x99, 0x99, 0x99, 0x88, 0x88, 
	0x88, 0x88, 0x88, 0x88, 0x88, 0x88, 0x88, 0x9A, 0xBC, 0xCC, 0xCC, 0xCC, 0xCC, 0xCC, 0xCC, 
	0xCC, 0xCC, 0xCC, 0xCC, 0xCC, 0xCC, 0xCC, 0xCC, 0xCC, 0xCC, 0xCC, 0xCC, 0xCC, 0xCC, 0xCC, 
	0xCC, 0xCC, 0xCC, 0xCC, 0xCC, 0xCC, 0xCC, 0xCD, 0xDD, 0xDD, 0xDD, 0xDD, 0xDD, 0xDD, 0xDD, 
	0xDD, 0xDD, 0xDD, 0xDD, 0xDD, 0xDD, 0xDD, 0xDD, 0xDD, 0xDD, 0xDD, 0xDD, 0xDD, 0xDD, 0xDD, 
	0xDD, 0xDD, 0xDD, 0xDD, 0xDD, 0xDD, 0xDD, 0xDD, 0xDD, 0xDD, 0xDD, 0xDD, 0xDD, 0xDD, 0xDD, 
	0xDD, 0xDD, 0xDD, 0xDC, 0xCC, 0xCC, 0xCC, 0xCC, 0xCC, 0xCC, 0xCC, 0xCC, 0xCC, 0xCC, 0xCC, 
	0xCC, 0xCC, 0xCC, 0xCC, 0xCD, 0xDD, 0xDD, 0xDD, 0xDD, 0xDD, 0xDD, 0xDC, 0xCC, 0xCC, 0xCC, 
	0xCC, 0xCC, 0xCC, 0xCC, 0xCC, 0xCC, 0xCC, 0xCC, 0xCC, 0xCC, 0xCC, 0xCC, 0xCC, 0xCC, 0xCC, 
	0xBB, 0xBB, 0xAA, 0x99, 0x99, 0x99, 0x99, 0x98, 0x99, 0x99, 0x99, 0x99, 0x99, 0x98, 0x76, 
	0x66, 0x66, 0x66, 0x66, 0x66, 0x66, 0x66, 0x66, 0x67, 0x89, 0xAB, 0xBB, 0xBB, 0xBB, 0xBB, 
	0xBA, 0x98, 0x65, 0x55, 0x55, 0x55, 0x55, 0x55, 0x55, 0x55, 0x55, 0x55, 0x55, 0x55, 0x44, 
	0x33, 0x33, 0x33, 0x45, 0x55, 0x55, 0x55, 0x55, 0x55, 0x55, 0x55, 0x55, 0x55, 0x55, 0x55, 
	0x55, 0x55, 0x55, 0x55, 0x55, 0x44, 0x44, 0x44, 0x44, 0x44, 0x44, 0x44, 0x55, 0x55, 0x66, 
	0x66, 0x66, 0x65, 0x66, 0x56, 0x65, 0x54, 0x33, 0x33, 0x33, 0x32, 0x22, 0x22, 0x22, 0x22, 
	0x22, 0x22, 0x22, 0x22, 0x33, 0x33, 0x33, 0x33, 0x33, 0x33, 0x44, 0x44, 0x44, 0x45, 0x55, 
	0x44, 0x33, 0x33, 0x33, 0x33, 0x33, 0x45, 0x55, 0x55, 0x55, 0x55, 0x55, 0x55, 0x55, 0x55, 
	0x55, 0x55, 0x54, 0x43, 0x33, 0x34, 0x45, 0x55, 0x55, 0x55, 0x55, 0x55, 0x55, 0x55, 0x55, 
	0x55, 0x55, 0x55, 0x55, 0x55, 0x55, 0x55, 0x66, 0x66, 0x66, 0x66, 0x67, 0x77, 0x77, 0x77, 
	0x77, 0x77, 0x77, 0x77, 0x77, 0x77, 0x76, 0x66, 0x66, 0x66, 0x66, 0x66, 0x66, 0x89, 0xAB, 
	0xBB, 0xBB, 0xBB, 0xAA, 0xAA, 0xAA, 0x99, 0x99, 0x99, 0x99, 0x99, 0x98, 0x99, 0x88, 0x88, 
	0x88, 0x88, 0x88, 0x88, 0x88, 0x88, 0x88, 0x89, 0xAB, 0xBC, 0xCC, 0xCC, 0xCC, 0xCC, 0xCC, 
	0xCC, 0xCB, 0xCB, 0xBB, 0xCC, 0xCC, 0xCC, 0xCC, 0xCC, 0xCC, 0xCC, 0xCC, 0xCC, 0xCC, 0xCC, 
	0xCC, 0xCC, 0xCC, 0xCC, 0xCC, 0xCC, 0xCC, 0xCC, 0xDD, 0xDD, 0xDD, 0xDD, 0xDD, 0xDD, 0xDD, 
	0xDD, 0xDD, 0xDD, 0xDD, 0xDD, 0xDD, 0xDD, 0xDC, 0xDD, 0xDD, 0xDD, 0xDD, 0xDC, 0xCC, 0xCD, 
	0xDD, 0xDD, 0xDD, 0xDD, 0xDD, 0xDD, 0xDD, 0xDD, 0xDD, 0xDD, 0xDD, 0xDD, 0xDD, 0xDD, 0xDD, 
	0xDC, 0xCC, 0xCC, 0xCC, 0xCC, 0xCC, 0xCC, 0xCC, 0xCC, 0xCC, 0xCC, 0xCC, 0xCC, 0xCC, 0xCC, 
	0xCC, 0xCC, 0xCC, 0xCD, 0xDD, 0xDD, 0xDD, 0xDD, 0xDD, 0xDD, 0xCC, 0xCC, 0xCC, 0xCC, 0xCC, 
	0xCC, 0xCC, 0xCC, 0xCC, 0xCC, 0xCC, 0xCC, 0xCC, 0xCC, 0xCC, 0xCC, 0xCC, 0xCC, 0xCC, 0xCB, 
	0xBB, 0xAA, 0x99, 0x99, 0x99, 0x99, 0x99, 0x99, 0x99, 0x99, 0x99, 0x99, 0x99, 0x99, 0x76, 
	0x66, 0x66, 0x66, 0x66, 0x66, 0x66, 0x66, 0x66, 0x67, 0x8A, 0xBB, 0xBB, 0xBB, 0xBB, 0xBB, 
	0xBA, 0x97, 0x65, 0x55, 0x55, 0x55, 0x55, 0x55, 0x55, 0x55, 0x55, 0x55, 0x55, 0x55, 0x44, 
	0x33, 0x33, 0x33, 0x44, 0x55, 0x55, 0x55, 0x55, 0x55, 0x55, 0x55, 0x55, 0x55, 0x55, 0x55, 
	0x55, 0x55, 0x54, 0x44, 0x44, 0x44, 0x44, 0x44, 0x43, 0x44, 0x44, 0x44, 0x55, 0x56, 0x65, 
	0x56, 0x66, 0x65, 0x55, 0x55, 0x55, 0x54, 0x33, 0x33, 0x33, 0x33, 0x22, 0x22, 0x22, 0x22, 
	0x22, 0x22, 0x22, 0x22, 0x33, 0x33, 0x33, 0x33, 0x33, 0x33, 0x44, 0x44, 0x44, 0x45, 0x55, 
	0x44, 0x33, 0x33, 0x33, 0x33, 0x34, 0x45, 0x55, 0x55, 0x55, 0x55, 0x55, 0x55, 0x55, 0x55, 
	0x55, 0x55, 0x54, 0x43, 0x33, 0x44, 0x55, 0x55, 0x55, 0x55, 0x55, 0x55, 0x55, 0x55, 0x55, 
	0x55, 0x55, 0x55, 0x55, 0x55, 0x55, 0x56, 0x66, 0x66, 0x66, 0x67, 0x77, 0x77, 0x77, 0x78, 
	0x88, 0x88, 0x77, 0x77, 0x77, 0x77, 0x77, 0x77, 0x66, 0x66, 0x66, 0x66, 0x66, 0x78, 0x9A, 
	0xBB, 0xBB, 0xBB, 0xAA, 0xAA, 0xAA, 0xA9, 0x99, 0x99, 0x99, 0x99, 0x98, 0x98, 0x88, 0x88, 
	0x88, 0x88, 0x88, 0x88, 0x88, 0x88, 0x88, 0x88, 0x9A, 0xAB, 0xCC, 0xCC, 0xCC, 0xCC, 0xCC, 
	0xCB, 0xBB, 0xAA, 0xAA, 0xBB, 0xBC, 0xCC, 0xCC, 0xCC, 0xCC, 0xCC, 0xCC, 0xCC, 0xCC, 0xCC, 
	0xCC, 0xCC, 0xCC, 0xCC, 0xCC, 0xCC, 0xCC, 0xCC, 0xCC, 0xDD, 0xDD, 0xDD, 0xDD, 0xDD, 0xDD, 
	0xDD, 0xDD, 0xDD, 0xDD, 0xDD, 0xDD, 0xDD, 0xCC, 0xCC, 0xCC, 0xCC, 0xCC, 0xCC, 0xCC, 0xCC, 
	0xCC, 0xDD, 0xDD, 0xDD, 0xDD, 0xDD, 0xDD, 0xDD, 0xDD, 0xDD, 0xDD, 0xDD, 0xDD, 0xDD, 0xCC, 
	0xCC, 0xCC, 0xCC, 0xCC, 0xCC, 0xCC, 0xCC, 0xCC, 0xCC, 0xCC, 0xCC, 0xCC, 0xCC, 0xCC, 0xCC, 
	0xCC, 0xCC, 0xCC, 0xCC, 0xDD, 0xDD, 0xDD, 0xDD, 0xDD, 0xCC, 0xCC, 0xCC, 0xCC, 0xCC, 0xCC, 
	0xCC, 0xCC, 0xCC, 0xCC, 0xCC, 0xCC, 0xCC, 0xCC, 0xCC, 0xCC, 0xCC, 0xCC, 0xCC, 0xCB, 0xBB, 
	0xAA, 0xA9, 0x98, 0x99, 0x99, 0x99, 0x99, 0x99, 0x99, 0x99, 0x99, 0x99, 0x99, 0x99, 0x76, 
	0x66, 0x66, 0x66, 0x66, 0x66, 0x66, 0x66, 0x66, 0x67, 0x8A, 0xBB, 0xBB, 0xBB, 0xBB, 0xBB, 
	0xBA, 0x97, 0x65, 0x55, 0x55, 0x55, 0x55, 0x55, 0x55, 0x55, 0x55, 0x55, 0x55, 0x55, 0x44, 
	0x33, 0x33, 0x33, 0x34, 0x45, 0x55, 0x55, 0x55, 0x55, 0x55, 0x55, 0x55, 0x55, 0x55, 0x55, 
	0x55, 0x55, 0x44, 0x44, 0x43, 0x33, 0x33, 0x33, 0x33, 0x34, 0x44, 0x44, 0x55, 0x56, 0x65, 
	0x56, 0x65, 0x55, 0x55, 0x55, 0x55, 0x54, 0x43, 0x33, 0x33, 0x22, 0x22, 0x22, 0x22, 0x22, 
	0x22, 0x22, 0x22, 0x22, 0x33, 0x33, 0x33, 0x33, 0x33, 0x33, 0x44, 0x44, 0x44, 0x45, 0x55, 
	0x44, 0x33, 0x33, 0x33, 0x33, 0x34, 0x45, 0x55, 0x55, 0x55, 0x55, 0x55, 0x55, 0x55, 0x55, 
	0x55, 0x55, 0x44, 0x43, 0x33, 0x44, 0x55, 0x55, 0x55, 0x55, 0x55, 0x55, 0x55, 0x55, 0x55, 
	0x55, 0x55, 0x55, 0x55, 0x55, 0x55, 0x66, 0x66, 0x66, 0x66, 0x67, 0x77, 0x77, 0x77, 0x88, 
	0x88, 0x88, 0x88, 0x87, 0x77, 0x77, 0x77, 0x77, 0x77, 0x66, 0x66, 0x66, 0x66, 0x78, 0x9A, 
	0xAB, 0xBB, 0xBB, 0xAA, 0xAA, 0xAA, 0xAA, 0x99, 0x99, 0x99, 0x99, 0x98, 0x88, 0x88, 0x88, 
	0x88, 0x88, 0x88, 0x88, 0x88, 0x88, 0x88, 0x88, 0x88, 0x9A, 0xAB, 0xBB, 0xCC, 0xCC, 0xBB, 
	0xBA, 0x99, 0x88, 0x89, 0x9A, 0xAB, 0xBC, 0xCC, 0xCC, 0xCC, 0xCC, 0xCC, 0xCC, 0xCC, 0xCC, 
	0xCC, 0xCC, 0xCC, 0xCC, 0xCC, 0xCC, 0xCC, 0xCC, 0xCC, 0xCC, 0xCD, 0xDD, 0xDD, 0xDD, 0xDD, 
	0xDD, 0xDD, 0xDD, 0xDD, 0xDD, 0xCC, 0xCC, 0xCC, 0xCC, 0xCC, 0xCC, 0xCC, 0xCC, 0xCC, 0xCC, 
	0xCC, 0xCC, 0xCC, 0xCC, 0xDD, 0xDD, 0xDD, 0xDD, 0xDD, 0xDD, 0xDD, 0xDD, 0xCC, 0xCC, 0xCC, 
	0xCC, 0xCC, 0xCC, 0xCC, 0xCC, 0xCC, 0xCC, 0xCC, 0xCC, 0xCC, 0xCC, 0xCC, 0xCC, 0xCC, 0xCC, 
	0xCC, 0xCC, 0xCC, 0xCC, 0xCC, 0xDD, 0xDD, 0xCC, 0xCC, 0xCC, 0xCC, 0xCC, 0xCC, 0xCC, 0xCC, 
	0xCC, 0xCC, 0xCC, 0xCC, 0xCC, 0xCC, 0xCC, 0xCC, 0xCC, 0xCC, 0xCB, 0xBB, 0xBB, 0xBA, 0xAA, 
	0x99, 0x99, 0x88, 0x89, 0x99, 0x99, 0x99, 0x99, 0x99, 0x99, 0x99, 0x99, 0x99, 0x99, 0x86, 
	0x66, 0x66, 0x66, 0x66, 0x66, 0x66, 0x66, 0x66, 0x66, 0x8A, 0xBB, 0xBB, 0xBB, 0xBB, 0xBB, 
	0xBA, 0x87, 0x65, 0x55, 0x55, 0x55, 0x55, 0x55, 0x55, 0x55, 0x55, 0x55, 0x55, 0x55, 0x44, 
	0x33, 0x33, 0x33, 0x34, 0x44, 0x55, 0x55, 0x55, 0x55, 0x55, 0x55, 0x55, 0x55, 0x55, 0x55, 
	0x55, 0x54, 0x44, 0x33, 0x33, 0x33, 0x33, 0x33, 0x33, 0x34, 0x44, 0x44, 0x45, 0x55, 0x65, 
	0x55, 0x55, 0x55, 0x55, 0x55, 0x55, 0x55, 0x43, 0x32, 0x22, 0x22, 0x22, 0x22, 0x22, 0x22, 
	0x22, 0x22, 0x22, 0x22, 0x33, 0x33, 0x33, 0x33, 0x33, 0x33, 0x44, 0x44, 0x44, 0x45, 0x55, 
	0x43, 0x33, 0x33, 0x33, 0x33, 0x44, 0x55, 0x55, 0x55, 0x55, 0x55, 0x55, 0x55, 0x55, 0x55, 
	0x55, 0x55, 0x44, 0x33, 0x33, 0x44, 0x55, 0x55, 0x55, 0x55, 0x55, 0x55, 0x55, 0x55, 0x55, 
	0x55, 0x55, 0x55, 0x55, 0x55, 0x55, 0x66, 0x66, 0x67, 0x77, 0x77, 0x77, 0x78, 0x88, 0x88, 
	0x88, 0x89, 0x99, 0x99, 0x88, 0x87, 0x77, 0x77, 0x77, 0x76, 0x66, 0x66, 0x66, 0x67, 0x89, 
	0xAA, 0xBB, 0xBB, 0xAA, 0xAA, 0xAA, 0xAA, 0x99, 0x99, 0x99, 0x99, 0x88, 0x88, 0x88, 0x88, 
	0x88, 0x88, 0x88, 0x88, 0x88, 0x88, 0x88, 0x87, 0x78, 0x88, 0x99, 0xAA, 0xBB, 0xBA, 0xA9, 
	0x98, 0x87, 0x77, 0x77, 0x88, 0x9A, 0xBB, 0xCC, 0xCC, 0xCC, 0xCC, 0xCC, 0xCC, 0xCC, 0xCC, 
	0xCC, 0xCC, 0xCC, 0xCC, 0xCC, 0xCC, 0xCC, 0xCC, 0xCC, 0xCC, 0xCC, 0xCC, 0xCC, 0xDD, 0xDD, 
	0xDD, 0xDD, 0xDC, 0xCC, 0xCC, 0xCC, 0xCC, 0xCC, 0xCC, 0xCC, 0xCC, 0xCC, 0xCC, 0xCC, 0xCC, 
	0xCC, 0xCC, 0xCC, 0xCC, 0xCC, 0xCC, 0xCC, 0xCD, 0xDD, 0xDD, 0xDD, 0xDD, 0xCC, 0xCC, 0xCC, 
	0xCC, 0xCC, 0xCC, 0xCC, 0xCC, 0xCC, 0xCC, 0xCC, 0xCC, 0xCC, 0xCC, 0xCC, 0xCC, 0xCC, 0xCC, 
	0xCC, 0xCC, 0xCC, 0xCC, 0xCC, 0xCC, 0xCC, 0xCC, 0xCC, 0xCC, 0xCC, 0xCC, 0xCC, 0xCC, 0xCC, 
	0xCC, 0xCD, 0xDD, 0xCC, 0xCC, 0xCC, 0xCC, 0xCB, 0xBB, 0xBB, 0xBA, 0xAA, 0xAA, 0xA9, 0x99, 
	0x98, 0x88, 0x88, 0x89, 0x99, 0x88, 0x88, 0x88, 0x88, 0x99, 0x99, 0x99, 0x99, 0x99, 0x86, 
	0x66, 0x66, 0x66, 0x66, 0x66, 0x66, 0x66, 0x66, 0x66, 0x8A, 0xBC, 0xBB, 0xBB, 0xBB, 0xBB, 
	0xAA, 0x87, 0x65, 0x55, 0x55, 0x55, 0x55, 0x55, 0x55, 0x55, 0x55, 0x55, 0x55, 0x55, 0x54, 
	0x43, 0x33, 0x33, 0x33, 0x44, 0x55, 0x55, 0x55, 0x55, 0x55, 0x55, 0x55, 0x55, 0x55, 0x55, 
	0x54, 0x44, 0x33, 0x33, 0x33, 0x33, 0x33, 0x34, 0x43, 0x33, 0x44, 0x44, 0x45, 0x55, 0x55, 
	0x55, 0x55, 0x55, 0x55, 0x55, 0x55, 0x55, 0x43, 0x32, 0x22, 0x22, 0x22, 0x22, 0x22, 0x22, 
	0x22, 0x22, 0x22, 0x22, 0x33, 0x33, 0x33, 0x33, 0x33, 0x33, 0x44, 0x44, 0x44, 0x45, 0x55, 
	0x44, 0x33, 0x33, 0x33, 0x33, 0x44, 0x55, 0x55, 0x55, 0x55, 0x55, 0x55, 0x55, 0x55, 0x55, 
	0x55, 0x55, 0x44, 0x33, 0x33, 0x45, 0x55, 0x55, 0x55, 0x55, 0x55, 0x55, 0x55, 0x55, 0x55, 
	0x55, 0x55, 0x55, 0x55, 0x55, 0x55, 0x66, 0x66, 0x77, 0x77, 0x77, 0x78, 0x88, 0x88, 0x89, 
	0x99, 0xAA, 0xAA, 0xAA, 0xAA, 0x98, 0x88, 0x77, 0x77, 0x76, 0x66, 0x66, 0x66, 0x67, 0x89, 
	0x9A, 0xBB, 0xBB, 0xBA, 0xAA, 0xAA, 0xAA, 0x99, 0x99, 0x99, 0x98, 0x88, 0x88, 0x88, 0x88, 
	0x88, 0x88, 0x88, 0x88, 0x88, 0x88, 0x88, 0x87, 0x77, 0x78, 0x88, 0x89, 0x99, 0x98, 0x88, 
	0x77, 0x76, 0x66, 0x67, 0x78, 0x89, 0xAB, 0xBC, 0xCC, 0xCC, 0xCC, 0xCC, 0xCC, 0xCC, 0xCC, 
	0xCC, 0xCC, 0xCC, 0xCC, 0xCC, 0xCC, 0xCC, 0xCC, 0xCC, 0xCC, 0xCC, 0xCC, 0xCC, 0xDD, 0xDD, 
	0xDD, 0xDD, 0xDC, 0xCC, 0xCC, 0xCC, 0xCC, 0xCC, 0xCC, 0xCC, 0xCC, 0xCC, 0xCC, 0xCC, 0xCC, 
	0xCC, 0xCC, 0xCC, 0xCC, 0xCC, 0xCC, 0xCC, 0xCC, 0xCC, 0xCC, 0xCC, 0xDC, 0xCC, 0xCC, 0xCC, 
	0xCC, 0xCC, 0xCC, 0xCC, 0xCC, 0xCC, 0xCC, 0xCC, 0xCC, 0xCC, 0xCC, 0xCC, 0xCC, 0xCC, 0xCC, 
	0xCC, 0xCC, 0xCC, 0xCC, 0xCC, 0xCC, 0xCC, 0xCC, 0xCC, 0xCC, 0xCC, 0xCC, 0xCC, 0xCC, 0xCC, 
	0xDD, 0xDD, 0xDD, 0xCC, 0xCC, 0xCC, 0xCC, 0xBB, 0xBB, 0xBA, 0xAA, 0x99, 0x99, 0x99, 0x98, 
	0x88, 0x88, 0x88, 0x88, 0x88, 0x88, 0x88, 0x88, 0x88, 0x99, 0x99, 0x99, 0x99, 0x99, 0x86, 
	0x66, 0x66, 0x66, 0x66, 0x66, 0x66, 0x66, 0x66, 0x66, 0x8A, 0xBC, 0xBB, 0xBB, 0xBB, 0xBB, 
	0xA9, 0x86, 0x55, 0x55, 0x55, 0x55, 0x55, 0x55, 0x55, 0x55, 0x55, 0x55, 0x55, 0x55, 0x55, 
	0x44, 0x33, 0x33, 0x33, 0x34, 0x45, 0x55, 0x55, 0x55, 0x55, 0x55, 0x55, 0x55, 0x55, 0x55, 
	0x44, 0x43, 0x33, 0x33, 0x33, 0x33, 0x33, 0x34, 0x43, 0x33, 0x33, 0x34, 0x44, 0x55, 0x55, 
	0x55, 0x55, 0x55, 0x55, 0x55, 0x55, 0x55, 0x44, 0x32, 0x22, 0x22, 0x22, 0x22, 0x22, 0x22, 
	0x22, 0x22, 0x22, 0x22, 0x33, 0x33, 0x33, 0x33, 0x33, 0x33, 0x44, 0x44, 0x44, 0x45, 0x55, 
	0x44, 0x33, 0x33, 0x33, 0x34, 0x45, 0x55, 0x55, 0x55, 0x55, 0x55, 0x55, 0x55, 0x55, 0x55, 
	0x55, 0x55, 0x44, 0x33, 0x34, 0x45, 0x55, 0x55, 0x55, 0x55, 0x55, 0x55, 0x55, 0x55, 0x55, 
	0x55, 0x55, 0x55, 0x55, 0x55, 0x56, 0x66, 0x66, 0x77, 0x77, 0x78, 0x88, 0x88, 0x99, 0x9A, 
	0xAB, 0xBB, 0xBB, 0xAB, 0xBA, 0xA9, 0x88, 0x87, 0x77, 0x77, 0x66, 0x66, 0x66, 0x66, 0x78, 
	0x9A, 0xAB, 0xBB, 0xBA, 0xAA, 0xAA, 0xAA, 0xA9, 0x99, 0x99, 0x98, 0x88, 0x88, 0x88, 0x88, 
	0x88, 0x88, 0x88, 0x87, 0x78, 0x77, 0x77, 0x77, 0x77, 0x77, 0x77, 0x78, 0x87, 0x77, 0x77, 
	0x76, 0x66, 0x66, 0x67, 0x77, 0x89, 0x9A, 0xBB, 0xBC, 0xCC, 0xCC, 0xCC, 0xCC, 0xCC, 0xCC, 
	0xCC, 0xCC, 0xCC, 0xCC, 0xCC, 0xCC, 0xCC, 0xCC, 0xCC, 0xCC, 0xCC, 0xCC, 0xCC, 0xCD, 0xDD, 
	0xDD, 0xDD, 0xDC, 0xCC, 0xCC, 0xCC, 0xCC, 0xCC, 0xCC, 0xCC, 0xCC, 0xCC, 0xCC, 0xCC, 0xCC, 
	0xCC, 0xCC, 0xCC, 0xCC, 0xCC, 0xCC, 0xCC, 0xCC, 0xCC, 0xCC, 0xCC, 0xCC, 0xCC, 0xCC, 0xCC, 
	0xCC, 0xCC, 0xCC, 0xCC, 0xCC, 0xCC, 0xCC, 0xCC, 0xCD, 0xCC, 0xCC, 0xCC, 0xCC, 0xCC, 0xCC, 
	0xCC, 0xCC, 0xCC, 0xCC, 0xCC, 0xCC, 0xCC, 0xCC, 0xCC, 0xCC, 0xCC, 0xCC, 0xCC, 0xCC, 0xCD, 
	0xDD, 0xDC, 0xCC, 0xCC, 0xCC, 0xCC, 0xCC, 0xCC, 0xBB, 0xBA, 0xA9, 0x99, 0x88, 0x88, 0x88, 
	0x88, 0x88, 0x88, 0x88, 0x88, 0x88, 0x88, 0x88, 0x88, 0x88, 0x99, 0x99, 0x99, 0x99, 0x86, 
	0x66, 0x66, 0x66, 0x66, 0x66, 0x66, 0x66, 0x66, 0x66, 0x79, 0xBC, 0xBB, 0xBB, 0xBB, 0xBB, 
	0xA9, 0x86, 0x55, 0x55, 0x55, 0x55, 0x55, 0x55, 0x55, 0x55, 0x55, 0x55, 0x55, 0x55, 0x55, 
	0x44, 0x33, 0x33, 0x33, 0x34, 0x45, 0x55, 0x55, 0x55, 0x55, 0x55, 0x55, 0x55, 0x55, 0x55, 
	0x44, 0x33, 0x33, 0x33, 0x33, 0x33, 0x33, 0x44, 0x43, 0x33, 0x34, 0x44, 0x44, 0x45, 0x55, 
	0x55, 0x55, 0x55, 0x55, 0x55, 0x55, 0x55, 0x54, 0x32, 0x22, 0x22, 0x22, 0x22, 0x22, 0x22, 
	0x22, 0x22, 0x22, 0x22, 0x33, 0x33, 0x33, 0x33, 0x33, 0x33, 0x44, 0x44, 0x44, 0x45, 0x55, 
	0x44, 0x33, 0x33, 0x33, 0x34, 0x45, 0x55, 0x55, 0x55, 0x55, 0x55, 0x55, 0x55, 0x55, 0x55, 
	0x55, 0x55, 0x43, 0x33, 0x34, 0x45, 0x55, 0x55, 0x55, 0x55, 0x55, 0x55, 0x55, 0x55, 0x55, 
	0x55, 0x55, 0x55, 0x55, 0x66, 0x66, 0x66, 0x77, 0x77, 0x77, 0x88, 0x88, 0x89, 0x9A, 0xAA, 
	0xBB, 0xBB, 0xBB, 0xBB, 0xBB, 0xA9, 0x88, 0x88, 0x87, 0x77, 0x66, 0x66, 0x66, 0x66, 0x78, 
	0x99, 0xAB, 0xBB, 0xBB, 0xAA, 0xAA, 0xAA, 0xA9, 0x99, 0x99, 0x98, 0x88, 0x88, 0x88, 0x88, 
	0x88, 0x88, 0x87, 0x77, 0x77, 0x77, 0x77, 0x77, 0x77, 0x77, 0x77, 0x77, 0x77, 0x77, 0x76, 
	0x66, 0x67, 0x66, 0x67, 0x78, 0x89, 0xAA, 0xBB, 0xBB, 0xCC, 0xCC, 0xCC, 0xCC, 0xCC, 0xCC, 
	0xCC, 0xCC, 0xCC, 0xCC, 0xCC, 0xCC, 0xCC, 0xCC, 0xCC, 0xCC, 0xCC, 0xCC, 0xCC, 0xCC, 0xCC, 
	0xCC, 0xCC, 0xCC, 0xCC, 0xCC, 0xCC, 0xCC, 0xCC, 0xCC, 0xCC, 0xCC, 0xCC, 0xCC, 0xCC, 0xCC, 
	0xCC, 0xCC, 0xCC, 0xCC, 0xCC, 0xCC, 0xCC, 0xCC, 0xCC, 0xCC, 0xCC, 0xCC, 0xCC, 0xCC, 0xCC, 
	0xCC, 0xCC, 0xCC, 0xCC, 0xCC, 0xCC, 0xCC, 0xDD, 0xDD, 0xDD, 0xCC, 0xCC, 0xCC, 0xCC, 0xCC, 
	0xCC, 0xCC, 0xCC, 0xCC, 0xCC, 0xCC, 0xCC, 0xCC, 0xCC, 0xCC, 0xCC, 0xCC, 0xCC, 0xCC, 0xCC, 
	0xCC, 0xCC, 0xBB, 0xBB, 0xBB, 0xBB, 0xBC, 0xCC, 0xCC, 0xBB, 0xAA, 0x99, 0x88, 0x88, 0x88, 
	0x88, 0x88, 0x88, 0x88, 0x88, 0x88, 0x88, 0x88, 0x88, 0x88, 0x89, 0x99, 0x99, 0xA9, 0x87, 
	0x66, 0x66, 0x66, 0x66, 0x66, 0x66, 0x66, 0x66, 0x66, 0x79, 0xBB, 0xBB, 0xBB, 0xBB, 0xBA, 
	0xA9, 0x76, 0x55, 0x55, 0x55, 0x55, 0x55, 0x55, 0x55, 0x55, 0x55, 0x55, 0x55, 0x55, 0x55, 
	0x44, 0x43, 0x33, 0x33, 0x33, 0x44, 0x55, 0x55, 0x55, 0x55, 0x55, 0x55, 0x55, 0x54, 0x44, 
	0x43, 0x33, 0x33, 0x33, 0x33, 0x34, 0x44, 0x44, 0x44, 0x33, 0x33, 0x44, 0x44, 0x44, 0x55, 
	0x55, 0x55, 0x55, 0x55, 0x55, 0x55, 0x55, 0x54, 0x33, 0x22, 0x22, 0x22, 0x22, 0x22, 0x22, 
	0x22, 0x22, 0x22, 0x22, 0x33, 0x33, 0x33, 0x33, 0x33, 0x33, 0x44, 0x44, 0x44, 0x45, 0x55, 
	0x44, 0x33, 0x33, 0x33, 0x34, 0x45, 0x55, 0x55, 0x55, 0x55, 0x55, 0x55, 0x55, 0x55, 0x55, 
	0x55, 0x55, 0x43, 0x33, 0x34, 0x45, 0x55, 0x55, 0x55, 0x55, 0x55, 0x55, 0x55, 0x55, 0x55, 
	0x55, 0x55, 0x55, 0x55, 0x66, 0x66, 0x67, 0x77, 0x77, 0x77, 0x88, 0x88, 0x99, 0xAB, 0xBB, 
	0xBB, 0xBB, 0xBB, 0xBB, 0xBB, 0xAA, 0x98, 0x88, 0x88, 0x77, 0x66, 0x66, 0x66, 0x66, 0x78, 
	0x89, 0xAB, 0xBB, 0xBB, 0xAA, 0xAA, 0xAA, 0xAA, 0x99, 0x99, 0x98, 0x88, 0x88, 0x88, 0x88, 
	0x88, 0x88, 0x77, 0x77, 0x77, 0x77, 0x77, 0x77, 0x77, 0x77, 0x77, 0x77, 0x76, 0x67, 0x76, 
	0x66, 0x66, 0x66, 0x67, 0x78, 0x9A, 0xAA, 0xBB, 0xBB, 0xCC, 0xCC, 0xCC, 0xCC, 0xCC, 0xCC, 
	0xCC, 0xCC, 0xCC, 0xCD, 0xDC, 0xCC, 0xCC, 0xCC, 0xCC, 0xCC, 0xCC, 0xCC, 0xCC, 0xCC, 0xCC, 
	0xCC, 0xCC, 0xCC, 0xCC, 0xCC, 0xCC, 0xCC, 0xCC, 0xCC, 0xCC, 0xCC, 0xCC, 0xCC, 0xCC, 0xCC, 
	0xCC, 0xCC, 0xCC, 0xCC, 0xCC, 0xCC, 0xCC, 0xCC, 0xCC, 0xCC, 0xCC, 0xCC, 0xCC, 0xCC, 0xCC, 
	0xCC, 0xCC, 0xBB, 0xCC, 0xCC, 0xCD, 0xDD, 0xDD, 0xDD, 0xCC, 0xCC, 0xCC, 0xCC, 0xCB, 0xCC, 
	0xCC, 0xCC, 0xCC, 0xCC, 0xCC, 0xCC, 0xCC, 0xCC, 0xCC, 0xCC, 0xCC, 0xCC, 0xCC, 0xCC, 0xCB, 
	0xBB, 0xBB, 0xAA, 0xAB, 0xBB, 0xBB, 0xBB, 0xBB, 0xBC, 0xBB, 0xAA, 0x99, 0x88, 0x77, 0x78, 
	0x88, 0x88, 0x88, 0x88, 0x88, 0x88, 0x88, 0x88, 0x88, 0x88, 0x89, 0x99, 0x99, 0xA9, 0x87, 
	0x66, 0x66, 0x66, 0x66, 0x66, 0x66, 0x66, 0x66, 0x66, 0x78, 0xAB, 0xBB, 0xBB, 0xBB, 0xBA, 
	0xA8, 0x76, 0x55, 0x55, 0x55, 0x55, 0x55, 0x55, 0x55, 0x55, 0x55, 0x55, 0x55, 0x55, 0x55, 
	0x54, 0x43, 0x33, 0x33, 0x33, 0x34, 0x44, 0x55, 0x55, 0x55, 0x55, 0x55, 0x55, 0x54, 0x43, 
	0x33, 0x33, 0x33, 0x33, 0x33, 0x44, 0x44, 0x55, 0x54, 0x44, 0x33, 0x33, 0x33, 0x44, 0x55, 
	0x55, 0x55, 0x55, 0x55, 0x55, 0x55, 0x55, 0x54, 0x43, 0x22, 0x22, 0x22, 0x22, 0x22, 0x22, 
	0x22, 0x22, 0x22, 0x22, 0x33, 0x33, 0x33, 0x33, 0x33, 0x33, 0x44, 0x44, 0x44, 0x45, 0x55, 
	0x44, 0x43, 0x33, 0x33, 0x44, 0x55, 0x55, 0x55, 0x55, 0x55, 0x55, 0x55, 0x55, 0x55, 0x55, 
	0x55, 0x54, 0x43, 0x33, 0x44, 0x45, 0x55, 0x55, 0x55, 0x55, 0x55, 0x55, 0x55, 0x55, 0x55, 
	0x55, 0x55, 0x55, 0x56, 0x66, 0x66, 0x67, 0x77, 0x77, 0x77, 0x78, 0x89, 0xAA, 0xBB, 0xBB, 
	0xCC, 0xCC, 0xCC, 0xCB, 0xBB, 0xBA, 0x98, 0x88, 0x88, 0x77, 0x77, 0x76, 0x66, 0x66, 0x67, 
	0x78, 0xAA, 0xBB, 0xBA, 0xAA, 0xAA, 0xAA, 0xAA, 0x99, 0x99, 0x99, 0x88, 0x88, 0x88, 0x88, 
	0x88, 0x88, 0x77, 0x77, 0x77, 0x77, 0x77, 0x77, 0x77, 0x77, 0x77, 0x77, 0x66, 0x66, 0x76, 
	0x66, 0x66, 0x66, 0x77, 0x89, 0xAA, 0xAB, 0xBB, 0xCC, 0xCC, 0xCC, 0xCC, 0xCC, 0xCC, 0xCC, 
	0xCC, 0xDD, 0xDD, 0xDD, 0xDD, 0xCC, 0xCC, 0xCC, 0xCC, 0xCC, 0xCC, 0xCC, 0xCC, 0xCC, 0xCC, 
	0xCC, 0xCC, 0xCC, 0xCC, 0xCC, 0xCC, 0xCC, 0xCC, 0xCC, 0xCC, 0xCC, 0xCC, 0xCC, 0xCC, 0xCC, 
	0xCC, 0xCC, 0xCC, 0xCC, 0xCC, 0xCC, 0xCC, 0xCC, 0xCC, 0xCC, 0xCC, 0xCC, 0xCC, 0xCC, 0xCC, 
	0xCC, 0xBB, 0xCC, 0xCC, 0xCC, 0xCC, 0xDD, 0xCC, 0xCC, 0xCC, 0xCC, 0xCC, 0xCB, 0xBB, 0xBB, 
	0xBB, 0xBB, 0xBC, 0xCC, 0xCC, 0xCC, 0xCC, 0xCC, 0xCC, 0xCC, 0xCB, 0xBB, 0xBB, 0xBB, 0xAA, 
	0xAA, 0xA9, 0x99, 0x9A, 0xAA, 0xAA, 0xAB, 0xBB, 0xBB, 0xBB, 0xBA, 0xA9, 0x88, 0x87, 0x77, 
	0x78, 0x77, 0x88, 0x88, 0x88, 0x88, 0x88, 0x88, 0x88, 0x88, 0x89, 0x99, 0x99, 0xA9, 0x87, 
	0x66, 0x66, 0x66, 0x66, 0x66, 0x66, 0x66, 0x66, 0x66, 0x78, 0xAB, 0xBB, 0xBB, 0xBB, 0xBA, 
	0x98, 0x76, 0x55, 0x55, 0x55, 0x55, 0x55, 0x55, 0x55, 0x55, 0x55, 0x55, 0x55, 0x55, 0x55, 
	0x55, 0x44, 0x33, 0x33, 0x33, 0x33, 0x44, 0x55, 0x55, 0x55, 0x55, 0x55, 0x55, 0x44, 0x43, 
	0x33, 0x33, 0x33, 0x34, 0x44, 0x44, 0x55, 0x55, 0x55, 0x44, 0x43, 0x33, 0x33, 0x44, 0x55, 
	0x55, 0x55, 0x55, 0x55, 0x55, 0x55, 0x55, 0x55, 0x43, 0x22, 0x22, 0x22, 0x22, 0x22, 0x22, 
	0x22, 0x22, 0x22, 0x22, 0x33, 0x33, 0x33, 0x33, 0x33, 0x33, 0x34, 0x44, 0x44, 0x45, 0x55, 
	0x44, 0x43, 0x33, 0x33, 0x44, 0x55, 0x55, 0x55, 0x55, 0x55, 0x55, 0x55, 0x55, 0x55, 0x55, 
	0x55, 0x54, 0x43, 0x33, 0x44, 0x45, 0x55, 0x55, 0x55, 0x55, 0x55, 0x55, 0x55, 0x55, 0x55, 
	0x55, 0x55, 0x55, 0x56, 0x66, 0x66, 0x67, 0x77, 0x77, 0x88, 0x88, 0x99, 0xAB, 0xBB, 0xCC, 
	0xCC, 0xCC, 0xCC, 0xCB, 0xBB, 0xBA, 0x99, 0x98, 0x88, 0x77, 0x77, 0x76, 0x66, 0x66, 0x66, 
	0x78, 0x9A, 0xBB, 0xBA, 0xAA, 0xAA, 0xAA, 0xAA, 0xA9, 0x99, 0x99, 0x98, 0x88, 0x88, 0x88, 
	0x88, 0x88, 0x77, 0x77, 0x77, 0x77, 0x77, 0x77, 0x77, 0x77, 0x77, 0x77, 0x66, 0x66, 0x66, 
	0x66, 0x66, 0x67, 0x78, 0x9A, 0xAB, 0xBB, 0xBC, 0xCC, 0xCC, 0xCC, 0xCC, 0xCC, 0xDD, 0xDD, 
	0xDD, 0xDD, 0xDD, 0xDD, 0xDD, 0xCC, 0xCC, 0xCC, 0xBB, 0xCC, 0xCC, 0xCC, 0xCC, 0xCC, 0xCC, 
	0xCC, 0xCC, 0xCC, 0xCC, 0xCC, 0xCC, 0xCC, 0xCC, 0xCC, 0xCC, 0xCC, 0xDD, 0xDD, 0xDD, 0xDC, 
	0xCC, 0xCC, 0xCC, 0xCC, 0xCC, 0xCC, 0xCC, 0xCC, 0xCC, 0xCC, 0xCC, 0xCC, 0xCC, 0xCC, 0xCC, 
	0xCC, 0xCC, 0xCC, 0xCC, 0xCC, 0xDD, 0xCC, 0xCC, 0xCC, 0xCC, 0xCC, 0xCB, 0xBB, 0xBB, 0xBB, 
	0xBB, 0xBB, 0xBB, 0xBC, 0xCC, 0xCC, 0xCC, 0xCC, 0xCC, 0xCB, 0xBB, 0xBB, 0xAA, 0xAA, 0x99, 
	0x99, 0x88, 0x88, 0x88, 0x99, 0x99, 0xAA, 0xAB, 0xBB, 0xBB, 0xBB, 0xA9, 0x98, 0x77, 0x77, 
	0x77, 0x77, 0x77, 0x77, 0x78, 0x88, 0x88, 0x88, 0x88, 0x88, 0x89, 0x99, 0x99, 0x99, 0x97, 
	0x66, 0x66, 0x66, 0x66, 0x66, 0x66, 0x66, 0x66, 0x66, 0x68, 0xAB, 0xBB, 0xBA, 0xBA, 0xAA, 
	0x98, 0x75, 0x55, 0x55, 0x55, 0x55, 0x55, 0x55, 0x55, 0x55, 0x55, 0x55, 0x55, 0x55, 0x55, 
	0x55, 0x44, 0x33, 0x33, 0x33, 0x33, 0x34, 0x45, 0x55, 0x55, 0x55, 0x55, 0x55, 0x44, 0x33, 
	0x33, 0x33, 0x33, 0x44, 0x45, 0x55, 0x55, 0x55, 0x55, 0x54, 0x44, 0x33, 0x33, 0x44, 0x55, 
	0x55, 0x55, 0x55, 0x55, 0x55, 0x55, 0x55, 0x55, 0x43, 0x32, 0x22, 0x22, 0x22, 0x22, 0x22, 
	0x22, 0x22, 0x22, 0x22, 0x33, 0x33, 0x33, 0x33, 0x33, 0x33, 0x44, 0x44, 0x44, 0x45, 0x55, 
	0x44, 0x33, 0x33, 0x34, 0x44, 0x55, 0x55, 0x55, 0x55, 0x55, 0x55, 0x55, 0x55, 0x55, 0x55, 
	0x55, 0x54, 0x43, 0x33, 0x44, 0x45, 0x55, 0x55, 0x55, 0x55, 0x55, 0x55, 0x55, 0x55, 0x55, 
	0x55, 0x55, 0x55, 0x56, 0x66, 0x66, 0x67, 0x77, 0x78, 0x88, 0x89, 0x9A, 0xBB, 0xBC, 0xCC, 
	0xCC, 0xCC, 0xCC, 0xBB, 0xBB, 0xBA, 0xA9, 0x99, 0x88, 0x87, 0x77, 0x77, 0x66, 0x66, 0x66, 
	0x68, 0x9A, 0xBB, 0xBB, 0xAA, 0xAA, 0xAA, 0xAA, 0xAA, 0x99, 0x99, 0x99, 0x88, 0x88, 0x88, 
	0x88, 0x88, 0x77, 0x77, 0x77, 0x77, 0x77, 0x77, 0x77, 0x77, 0x76, 0x66, 0x66, 0x66, 0x66, 
	0x66, 0x66, 0x77, 0x89, 0xAA, 0xBB, 0xBB, 0xCC, 0xCC, 0xCC, 0xDD, 0xDD, 0xDD, 0xDD, 0xDD, 
	0xDD, 0xDD, 0xDD, 0xDD, 0xDD, 0xCC, 0xCC, 0xBB, 0xBB, 0xBB, 0xBC, 0xCC, 0xCC, 0xCC, 0xCC, 
	0xCC, 0xCC, 0xCC, 0xCC, 0xCC, 0xCC, 0xCC, 0xCC, 0xCC, 0xCC, 0xCC, 0xDD, 0xDC, 0xCD, 0xDD, 
	0xCC, 0xCC, 0xCC, 0xCC, 0xCC, 0xCC, 0xCC, 0xCC, 0xCC, 0xCC, 0xCC, 0xCC, 0xCC, 0xCC, 0xCC, 
	0xCC, 0xCC, 0xCC, 0xCC, 0xCC, 0xCC, 0xCC, 0xCC, 0xCC, 0xCB, 0xBB, 0xBB, 0xBB, 0xBB, 0xBB, 
	0xBB, 0xBB, 0xBB, 0xBB, 0xCC, 0xCC, 0xCC, 0xCB, 0xBB, 0xBB, 0xBA, 0xA9, 0x99, 0x98, 0x88, 
	0x77, 0x77, 0x77, 0x77, 0x78, 0x88, 0x99, 0xAA, 0xAB, 0xBB, 0xBB, 0xBA, 0x98, 0x87, 0x77, 
	0x77, 0x77, 0x77, 0x77, 0x77, 0x77, 0x78, 0x88, 0x88, 0x88, 0x89, 0x99, 0x99, 0x99, 0x97, 
	0x66, 0x66, 0x66, 0x66, 0x66, 0x66, 0x66, 0x66, 0x66, 0x67, 0x9A, 0xAA, 0xAA, 0xAA, 0xAA, 
	0x97, 0x65, 0x55, 0x55, 0x55, 0x55, 0x55, 0x55, 0x55, 0x55, 0x55, 0x55, 0x55, 0x55, 0x55, 
	0x55, 0x54, 0x43, 0x33, 0x33, 0x33, 0x33, 0x44, 0x45, 0x55, 0x55, 0x55, 0x54, 0x43, 0x33, 
	0x33, 0x33, 0x34, 0x44, 0x55, 0x55, 0x55, 0x55, 0x55, 0x55, 0x44, 0x33, 0x33, 0x34, 0x45, 
	0x55, 0x55, 0x55, 0x55, 0x55, 0x55, 0x55, 0x55, 0x43, 0x32, 0x22, 0x22, 0x22, 0x22, 0x22, 
	0x22, 0x22, 0x22, 0x22, 0x33, 0x33, 0x33, 0x33, 0x33, 0x33, 0x44, 0x44, 0x44, 0x45, 0x55, 
	0x44, 0x33, 0x33, 0x34, 0x45, 0x55, 0x55, 0x55, 0x55, 0x55, 0x55, 0x55, 0x55, 0x55, 0x55, 
	0x55, 0x44, 0x33, 0x33, 0x44, 0x55, 0x55, 0x55, 0x55, 0x55, 0x55, 0x55, 0x55, 0x55, 0x55, 
	0x55, 0x55, 0x55, 0x56, 0x66, 0x66, 0x67, 0x77, 0x88, 0x88, 0x89, 0xAB, 0xBB, 0xBC, 0xCC, 
	0xCC, 0xCC, 0xCC, 0xBB, 0xBB, 0xBA, 0x99, 0x99, 0x88, 0x87, 0x77, 0x77, 0x66, 0x66, 0x66, 
	0x67, 0x9A, 0xBB, 0xBB, 0xAA, 0xAA, 0xAA, 0xAA, 0xAA, 0xA9, 0x99, 0x98, 0x88, 0x88, 0x88, 
	0x88, 0x87, 0x77, 0x77, 0x77, 0x77, 0x77, 0x77, 0x77, 0x77, 0x66, 0x66, 0x66, 0x66, 0x66, 
	0x66, 0x66, 0x78, 0x9A, 0xAB, 0xBB, 0xBB, 0xBC, 0xCC, 0xCC, 0xCC, 0xCD, 0xDD, 0xDD, 0xDD, 
	0xDD, 0xDD, 0xDD, 0xDD, 0xDD, 0xCC, 0xCC, 0xBB, 0xBB, 0xBB, 0xBB, 0xBC, 0xCC, 0xCC, 0xCC, 
	0xCC, 0xCC, 0xCC, 0xCC, 0xCC, 0xCC, 0xCC, 0xCC, 0xCC, 0xCC, 0xCC, 0xCC, 0xCC, 0xCC, 0xCC, 
	0xCC, 0xCC, 0xCC, 0xCC, 0xCC, 0xCC, 0xCC, 0xCC, 0xCC, 0xCC, 0xCC, 0xCC, 0xCC, 0xCC, 0xCC, 
	0xCC, 0xCC, 0xCC, 0xCC, 0xCC, 0xCC, 0xCC, 0xCC, 0xBB, 0xBB, 0xBB, 0xBB, 0xBB, 0xBB, 0xBB, 
	0xBB, 0xBB, 0xBB, 0xBB, 0xBB, 0xBC, 0xCB, 0xBB, 0xBB, 0xAA, 0xA9, 0x98, 0x88, 0x77, 0x77, 
	0x66, 0x66, 0x66, 0x66, 0x67, 0x77, 0x88, 0x99, 0xAA, 0xBB, 0xBB, 0xBA, 0x99, 0x87, 0x77, 
	0x77, 0x77, 0x77, 0x77, 0x77, 0x77, 0x77, 0x78, 0x88, 0x88, 0x88, 0x99, 0x99, 0x99, 0x98, 
	0x66, 0x66, 0x66, 0x66, 0x66, 0x66, 0x66, 0x66, 0x66, 0x67, 0x9A, 0xAA, 0xAA, 0xAA, 0xA9, 
	0x87, 0x65, 0x55, 0x55, 0x55, 0x55, 0x55, 0x55, 0x55, 0x55, 0x55, 0x55, 0x55, 0x55, 0x55, 
	0x55, 0x55, 0x44, 0x33, 0x33, 0x33, 0x33, 0x34, 0x44, 0x55, 0x55, 0x55, 0x44, 0x33, 0x33, 
	0x33, 0x33, 0x44, 0x55, 0x55, 0x55, 0x55, 0x55, 0x55, 0x55, 0x43, 0x33, 0x33, 0x34, 0x45, 
	0x55, 0x55, 0x55, 0x55, 0x55, 0x55, 0x55, 0x55, 0x44, 0x32, 0x22, 0x22, 0x22, 0x22, 0x22, 
	0x22, 0x22, 0x22, 0x22, 0x33, 0x33, 0x33, 0x33, 0x33, 0x33, 0x44, 0x44, 0x44, 0x45, 0x55, 
	0x43, 0x33, 0x33, 0x34, 0x45, 0x55, 0x55, 0x55, 0x55, 0x55, 0x55, 0x55, 0x55, 0x55, 0x55, 
	0x55, 0x44, 0x33, 0x33, 0x44, 0x55, 0x55, 0x55, 0x55, 0x55, 0x55, 0x55, 0x55, 0x55, 0x55, 
	0x55, 0x55, 0x55, 0x66, 0x66, 0x66, 0x77, 0x77, 0x88, 0x88, 0x9A, 0xBB, 0xCC, 0xCC, 0xCC, 
	0xCC, 0xCC, 0xCC, 0xBB, 0xBB, 0xBA, 0x99, 0x99, 0x88, 0x88, 0x87, 0x77, 0x66, 0x66, 0x66, 
	0x67, 0x89, 0xAB, 0xBA, 0xAA, 0xAA, 0xAA, 0xAA, 0xAA, 0xAA, 0x99, 0x98, 0x88, 0x88, 0x88, 
	0x88, 0x87, 0x77, 0x77, 0x77, 0x77, 0x77, 0x77, 0x77, 0x76, 0x66, 0x66, 0x66, 0x66, 0x66, 
	0x66, 0x67, 0x89, 0xAA, 0xBB, 0xBB, 0xBB, 0xBC, 0xCC, 0xCC, 0xCC, 0xCC, 0xCC, 0xCD, 0xCD, 
	0xDD, 0xDD, 0xDD, 0xDD, 0xDD, 0xCC, 0xCC, 0xBB, 0xBB, 0xBB, 0xBB, 0xBB, 0xBB, 0xBC, 0xCC, 
	0xCC, 0xCB, 0xBB, 0xBB, 0xCC, 0xCC, 0xCC, 0xCC, 0xCC, 0xCC, 0xCC, 0xCC, 0xCC, 0xCC, 0xCC, 
	0xCC, 0xCC, 0xCC, 0xCC, 0xCC, 0xCC, 0xCC, 0xCC, 0xCC, 0xCC, 0xCC, 0xCC, 0xCC, 0xCC, 0xCC, 
	0xCC, 0xCC, 0xCC, 0xCC, 0xCC, 0xCC, 0xCC, 0xBB, 0xBB, 0xBB, 0xBB, 0xBB, 0xBB, 0xBB, 0xAB, 
	0xBB, 0xBB, 0xBB, 0xBB, 0xBB, 0xBB, 0xBB, 0xBB, 0xAA, 0x99, 0x88, 0x87, 0x77, 0x66, 0x66, 
	0x66, 0x66, 0x66, 0x66, 0x66, 0x67, 0x77, 0x89, 0x99, 0xAA, 0xBB, 0xBB, 0xA9, 0x87, 0x77, 
	0x66, 0x66, 0x67, 0x77, 0x77, 0x77, 0x77, 0x77, 0x88, 0x88, 0x88, 0x88, 0x99, 0x99, 0x98, 
	0x66, 0x66, 0x66, 0x66, 0x66, 0x66, 0x66, 0x66, 0x66, 0x66, 0x89, 0xAA, 0xAA, 0xAA, 0xA9, 
	0x87, 0x65, 0x55, 0x55, 0x55, 0x55, 0x55, 0x55, 0x55, 0x55, 0x55, 0x55, 0x55, 0x55, 0x55, 
	0x55, 0x55, 0x54, 0x43, 0x33, 0x33, 0x33, 0x33, 0x34, 0x45, 0x55, 0x55, 0x44, 0x33, 0x33, 
	0x33, 0x34, 0x45, 0x55, 0x55, 0x55, 0x55, 0x55, 0x55, 0x55, 0x43, 0x33, 0x33, 0x33, 0x45, 
	0x55, 0x55, 0x55, 0x55, 0x55, 0x55, 0x55, 0x55, 0x54, 0x32, 0x22, 0x22, 0x22, 0x22, 0x22, 
	0x22, 0x22, 0x22, 0x22, 0x33, 0x33, 0x33, 0x33, 0x33, 0x33, 0x44, 0x44, 0x44, 0x45, 0x55, 
	0x43, 0x33, 0x33, 0x34, 0x45, 0x55, 0x55, 0x55, 0x55, 0x55, 0x55, 0x55, 0x55, 0x55, 0x55, 
	0x55, 0x44, 0x33, 0x34, 0x45, 0x55, 0x55, 0x55, 0x55, 0x55, 0x55, 0x55, 0x55, 0x55, 0x55, 
	0x55, 0x55, 0x66, 0x66, 0x66, 0x67, 0x77, 0x77, 0x78, 0x89, 0xAB, 0xBB, 0xBC, 0xCC, 0xCC, 
	0xCC, 0xCC, 0xCB, 0xBC, 0xCB, 0xBA, 0x99, 0x99, 0x88, 0x88, 0x87, 0x77, 0x66, 0x66, 0x66, 
	0x66, 0x89, 0xAB, 0xBA, 0xAA, 0xAA, 0xAA, 0xAA, 0xAA, 0xAA, 0x99, 0x99, 0x98, 0x88, 0x88, 
	0x88, 0x88, 0x77, 0x77, 0x77, 0x77, 0x77, 0x77, 0x77, 0x76, 0x66, 0x66, 0x66, 0x55, 0x56, 
	0x66, 0x78, 0x9A, 0xAB, 0xBB, 0xBB, 0xBB, 0xBB, 0xBC, 0xCC, 0xCC, 0xCC, 0xCC, 0xCC, 0xCC, 
	0xCC, 0xCC, 0xCC, 0xDD, 0xDC, 0xCC, 0xCC, 0xBB, 0xBB, 0xBB, 0xBA, 0xBB, 0xBB, 0xBB, 0xBB, 
	0xBB, 0xBB, 0xBB, 0xBB, 0xBB, 0xBC, 0xCC, 0xCC, 0xCC, 0xCC, 0xCC, 0xCC, 0xCC, 0xCC, 0xCC, 
	0xCC, 0xCC, 0xCC, 0xCC, 0xCC, 0xCC, 0xCC, 0xCC, 0xCC, 0xCC, 0xCC, 0xCC, 0xCC, 0xCC, 0xCC, 
	0xCC, 0xCC, 0xCC, 0xCC, 0xCC, 0xCC, 0xCB, 0xBB, 0xBB, 0xBB, 0xBB, 0xBB, 0xBB, 0xBB, 0xBB, 
	0xBB, 0xBB, 0xBB, 0xBB, 0xBB, 0xBB, 0xBB, 0xBA, 0xA9, 0x88, 0x87, 0x76, 0x66, 0x65, 0x55, 
	0x55, 0x55, 0x55, 0x55, 0x66, 0x66, 0x67, 0x78, 0x89, 0x9A, 0xAA, 0xBB, 0xA9, 0x87, 0x77, 
	0x66, 0x66, 0x66, 0x66, 0x77, 0x77, 0x77, 0x77, 0x77, 0x88, 0x88, 0x88, 0x99, 0x99, 0x98, 
	0x66, 0x66, 0x66, 0x66, 0x66, 0x66, 0x66, 0x66, 0x66, 0x66, 0x89, 0x9A, 0xA9, 0xAA, 0xA9, 
	0x87, 0x65, 0x55, 0x55, 0x55, 0x55, 0x55, 0x55, 0x55, 0x55, 0x55, 0x55, 0x55, 0x55, 0x55, 
	0x55, 0x55, 0x55, 0x44, 0x33, 0x33, 0x33, 0x33, 0x33, 0x44, 0x55, 0x54, 0x43, 0x33, 0x33, 
	0x33, 0x44, 0x45, 0x55, 0x55, 0x55, 0x55, 0x55, 0x55, 0x55, 0x43, 0x33, 0x33, 0x33, 0x45, 
	0x55, 0x55, 0x55, 0x55, 0x55, 0x55, 0x55, 0x55, 0x54, 0x32, 0x22, 0x22, 0x22, 0x22, 0x22, 
	0x22, 0x22, 0x22, 0x22, 0x33, 0x33, 0x33, 0x33, 0x33, 0x33, 0x44, 0x44, 0x44, 0x45, 0x55, 
	0x43, 0x33, 0x33, 0x44, 0x45, 0x55, 0x55, 0x55, 0x55, 0x55, 0x55, 0x55, 0x55, 0x55, 0x55, 
	0x55, 0x44, 0x33, 0x34, 0x45, 0x55, 0x55, 0x55, 0x55, 0x55, 0x55, 0x55, 0x55, 0x55, 0x55, 
	0x55, 0x55, 0x66, 0x66, 0x66, 0x67, 0x77, 0x77, 0x88, 0x99, 0xAB, 0xBB, 0xBC, 0xCC, 0xCC, 
	0xCC, 0xCC, 0xCC, 0xCC, 0xCB, 0xBB, 0xA9, 0x99, 0x88, 0x88, 0x77, 0x77, 0x66, 0x66, 0x66, 
	0x66, 0x79, 0xAA, 0xBB, 0xAA, 0xAA, 0xAA, 0xAA, 0xAA, 0xAA, 0xA9, 0x99, 0x99, 0x88, 0x88, 
	0x88, 0x88, 0x77, 0x77, 0x77, 0x77, 0x77, 0x77, 0x77, 0x66, 0x66, 0x66, 0x66, 0x55, 0x56, 
	0x66, 0x89, 0x9A, 0xBB, 0xBB, 0xBB, 0xBB, 0xBB, 0xBB, 0xBA, 0xBB, 0xBB, 0xBB, 0xBB, 0xBB, 
	0xBC, 0xCC, 0xCC, 0xCC, 0xCC, 0xCC, 0xCC, 0xCB, 0xBB, 0xBB, 0xAA, 0xAA, 0xAA, 0xBB, 0xBB, 
	0xBB, 0xBB, 0xBB, 0xBB, 0xBB, 0xBB, 0xBB, 0xCC, 0xCC, 0xCC, 0xCC, 0xCC, 0xCC, 0xCC, 0xCC, 
	0xCC, 0xCC, 0xCC, 0xCC, 0xCC, 0xCC, 0xCC, 0xCC, 0xCC, 0xCC, 0xCC, 0xCC, 0xCC, 0xCC, 0xCC, 
	0xCC, 0xCC, 0xCC, 0xCC, 0xCC, 0xCC, 0xBB, 0xBB, 0xBB, 0xBB, 0xBB, 0xBB, 0xBB, 0xBA, 0xBB, 
	0xBB, 0xBB, 0xBB, 0xBB, 0xBB, 0xBB, 0xBA, 0xAA, 0x98, 0x87, 0x76, 0x65, 0x55, 0x55, 0x44, 
	0x55, 0x55, 0x55, 0x55, 0x55, 0x56, 0x66, 0x67, 0x78, 0x99, 0x9A, 0xAB, 0xAA, 0x98, 0x87, 
	0x66, 0x66, 0x66, 0x66, 0x66, 0x77, 0x77, 0x77, 0x77, 0x78, 0x88, 0x88, 0x99, 0x99, 0x98, 
	0x66, 0x66, 0x66, 0x66, 0x66, 0x66, 0x66, 0x66, 0x66, 0x66, 0x78, 0x99, 0x99, 0xAA, 0xA9, 
	0x86, 0x55, 0x55, 0x55, 0x55, 0x55, 0x55, 0x55, 0x55, 0x55, 0x55, 0x55, 0x55, 0x55, 0x55, 
	0x55, 0x55, 0x55, 0x54, 0x43, 0x33, 0x33, 0x33, 0x33, 0x34, 0x44, 0x44, 0x43, 0x33, 0x33, 
	0x33, 0x44, 0x55, 0x55, 0x55, 0x55, 0x55, 0x55, 0x55, 0x54, 0x43, 0x33, 0x33, 0x34, 0x45, 
	0x55, 0x55, 0x55, 0x55, 0x55, 0x55, 0x55, 0x55, 0x55, 0x42, 0x22, 0x22, 0x22, 0x22, 0x22, 
	0x22, 0x22, 0x22, 0x22, 0x33, 0x33, 0x33, 0x33, 0x33, 0x34, 0x44, 0x44, 0x44, 0x55, 0x55, 
	0x43, 0x33, 0x33, 0x44, 0x45, 0x55, 0x55, 0x55, 0x55, 0x55, 0x55, 0x55, 0x55, 0x55, 0x55, 
	0x55, 0x44, 0x33, 0x34, 0x45, 0x55, 0x55, 0x55, 0x55, 0x55, 0x55, 0x55, 0x55, 0x55, 0x55, 
	0x55, 0x55, 0x56, 0x66, 0x66, 0x77, 0x77, 0x77, 0x88, 0x9A, 0xAB, 0xBB, 0xCC, 0xCC, 0xCC, 
	0xCC, 0xCC, 0xCC, 0xCC, 0xCB, 0xBB, 0xAA, 0x99, 0x98, 0x88, 0x87, 0x76, 0x66, 0x66, 0x66, 
	0x66, 0x79, 0xAA, 0xAA, 0xAA, 0xAA, 0xAA, 0xAA, 0xAA, 0xAA, 0xAA, 0x99, 0x99, 0x98, 0x88, 
	0x88, 0x88, 0x77, 0x77, 0x77, 0x77, 0x77, 0x77, 0x76, 0x66, 0x66, 0x66, 0x66, 0x55, 0x56, 
	0x67, 0x89, 0xAB, 0xBB, 0xBB, 0xBB, 0xAA, 0xAA, 0xAA, 0xA9, 0xAA, 0xAA, 0xAA, 0xAA, 0xAA, 
	0xAB, 0xBB, 0xBC, 0xCC, 0xCC, 0xCC, 0xCC, 0xCB, 0xBB, 0xBB, 0xBA, 0xAA, 0xAA, 0xAA, 0xAB, 
	0xAB, 0xBB, 0xBB, 0xBB, 0xBB, 0xBB, 0xBB, 0xBB, 0xBB, 0xCC, 0xCC, 0xCC, 0xCC, 0xCC, 0xCC, 
	0xCC, 0xCC, 0xCC, 0xCC, 0xCC, 0xCC, 0xCC, 0xCC, 0xCC, 0xCC, 0xCC, 0xCC, 0xCC, 0xCC, 0xCC, 
	0xCC, 0xCC, 0xCC, 0xCC, 0xCC, 0xBB, 0xBB, 0xBB, 0xBB, 0xBB, 0xBB, 0xAA, 0xAA, 0xAA, 0xBB, 
	0xAA, 0xAB, 0xBB, 0xAB, 0xBB, 0xAA, 0xAA, 0x99, 0x87, 0x76, 0x65, 0x55, 0x44, 0x44, 0x44, 
	0x44, 0x44, 0x44, 0x45, 0x55, 0x55, 0x55, 0x66, 0x77, 0x88, 0x99, 0xAA, 0xBA, 0x99, 0x87, 
	0x76, 0x66, 0x66, 0x66, 0x66, 0x66, 0x67, 0x77, 0x77, 0x77, 0x88, 0x88, 0x89, 0x89, 0x98, 
	0x65, 0x66, 0x66, 0x66, 0x66, 0x66, 0x66, 0x66, 0x66, 0x56, 0x78, 0x99, 0x99, 0xAA, 0xA9, 
	0x86, 0x55, 0x55, 0x55, 0x55, 0x55, 0x55, 0x55, 0x55, 0x55, 0x55, 0x55, 0x55, 0x55, 0x55, 
	0x55, 0x55, 0x55, 0x55, 0x44, 0x33, 0x33, 0x33, 0x33, 0x33, 0x44, 0x44, 0x33, 0x33, 0x33, 
	0x34, 0x45, 0x55, 0x55, 0x55, 0x55, 0x55, 0x55, 0x55, 0x54, 0x33, 0x33, 0x33, 0x34, 0x45, 
	0x55, 0x55, 0x55, 0x55, 0x55, 0x55, 0x55, 0x55, 0x55, 0x43, 0x22, 0x22, 0x22, 0x22, 0x22, 
	0x22, 0x22, 0x22, 0x22, 0x33, 0x33, 0x33, 0x33, 0x33, 0x44, 0x44, 0x44, 0x44, 0x55, 0x55, 
	0x43, 0x33, 0x33, 0x44, 0x55, 0x55, 0x55, 0x55, 0x55, 0x55, 0x55, 0x55, 0x55, 0x55, 0x55, 
	0x55, 0x43, 0x33, 0x34, 0x55, 0x55, 0x55, 0x55, 0x55, 0x55, 0x55, 0x55, 0x55, 0x55, 0x55, 
	0x55, 0x55, 0x55, 0x66, 0x66, 0x67, 0x77, 0x78, 0x88, 0x9A, 0xBB, 0xBB, 0xBB, 0xCC, 0xCC, 
	0xCC, 0xCC, 0xCC, 0xCC, 0xCB, 0xBB, 0xAA, 0xA9, 0x99, 0x88, 0x88, 0x77, 0x66, 0x66, 0x66, 
	0x56, 0x78, 0x9A, 0xAA, 0xAA, 0xAA, 0xAA, 0xAA, 0xAA, 0xAA, 0xAA, 0x99, 0x99, 0x98, 0x88, 
	0x88, 0x88, 0x87, 0x77, 0x77, 0x77, 0x77, 0x76, 0x66, 0x66, 0x66, 0x66, 0x66, 0x55, 0x66, 
	0x78, 0x9A, 0xAB, 0xBB, 0xAA, 0xAA, 0x99, 0x99, 0x99, 0x89, 0x88, 0x89, 0x99, 0x99, 0x99, 
	0x9A, 0xAA, 0xBB, 0xBB, 0xBB, 0xCC, 0xCB, 0xBB, 0xBB, 0xBB, 0xAA, 0xAA, 0xAA, 0xAA, 0xAA, 
	0xBB, 0xBB, 0xBB, 0xBB, 0xBB, 0xBB, 0xBB, 0xBB, 0xBB, 0xCC, 0xCC, 0xCC, 0xCC, 0xCC, 0xCC, 
	0xCC, 0xCC, 0xCC, 0xCC, 0xCC, 0xCC, 0xCC, 0xCC, 0xCC, 0xCC, 0xCC, 0xCC, 0xCC, 0xCC, 0xCC, 
	0xCC, 0xCC, 0xCC, 0xCC, 0xCC, 0xBB, 0xBB, 0xBB, 0xBB, 0xBB, 0xBB, 0xAA, 0xAA, 0xAA, 0xAA, 
	0xAA, 0xAA, 0xBB, 0xAA, 0xAA, 0xAA, 0x99, 0x88, 0x76, 0x65, 0x54, 0x44, 0x44, 0x44, 0x43, 
	0x44, 0x44, 0x44, 0x45, 0x55, 0x55, 0x56, 0x66, 0x67, 0x78, 0x89, 0x9A, 0xAA, 0xA9, 0x98, 
	0x76, 0x66, 0x66, 0x66, 0x66, 0x66, 0x67, 0x77, 0x77, 0x77, 0x88, 0x88, 0x89, 0x99, 0x98, 
	0x66, 0x66, 0x66, 0x66, 0x66, 0x66, 0x56, 0x66, 0x55, 0x55, 0x67, 0x9A, 0xAA, 0xAA, 0xA9, 
	0x76, 0x55, 0x45, 0x55, 0x55, 0x55, 0x55, 0x55, 0x55, 0x55, 0x55, 0x55, 0x55, 0x55, 0x55, 
	0x55, 0x55, 0x55, 0x55, 0x54, 0x43, 0x33, 0x33, 0x33, 0x33, 0x33, 0x33, 0x33, 0x33, 0x33, 
	0x44, 0x45, 0x55, 0x55, 0x55, 0x55, 0x55, 0x55, 0x55, 0x44, 0x33, 0x33, 0x33, 0x44, 0x45, 
	0x55, 0x55, 0x55, 0x55, 0x55, 0x55, 0x55, 0x55, 0x55, 0x43, 0x32, 0x22, 0x22, 0x22, 0x22, 
	0x22, 0x22, 0x22, 0x23, 0x33, 0x33, 0x33, 0x33, 0x33, 0x44, 0x44, 0x44, 0x45, 0x55, 0x55, 
	0x43, 0x33, 0x33, 0x44, 0x55, 0x55, 0x55, 0x55, 0x55, 0x55, 0x55, 0x55, 0x55, 0x55, 0x55, 
	0x55, 0x43, 0x33, 0x34, 0x55, 0x55, 0x55, 0x55, 0x55, 0x55, 0x55, 0x55, 0x55, 0x55, 0x55, 
	0x55, 0x55, 0x55, 0x66, 0x66, 0x67, 0x77, 0x78, 0x89, 0xAB, 0xBB, 0xBB, 0xBB, 0xCC, 0xCC, 
	0xCC, 0xCC, 0xCC, 0xCC, 0xCB, 0xBB, 0xAA, 0x99, 0x99, 0x88, 0x87, 0x77, 0x66, 0x66, 0x66, 
	0x56, 0x67, 0x89, 0xAA, 0xAA, 0xAA, 0xAA, 0xAA, 0xAA, 0xAA, 0xAA, 0xA9, 0x99, 0x99, 0x88, 
	0x88, 0x88, 0x87, 0x77, 0x77, 0x77, 0x77, 0x76, 0x66, 0x66, 0x66, 0x66, 0x65, 0x55, 0x66, 
	0x78, 0xAA, 0xBB, 0xBA, 0xAA, 0xA9, 0x99, 0x88, 0x88, 0x77, 0x77, 0x77, 0x77, 0x78, 0x88, 
	0x88, 0x99, 0x9A, 0xAA, 0xBB, 0xBB, 0xBB, 0xBB, 0xBB, 0xBB, 0xAA, 0xAA, 0xAA, 0xAA, 0xAA, 
	0xAA, 0xBB, 0xBB, 0xBB, 0xBB, 0xBB, 0xBB, 0xBB, 0xBB, 0xBB, 0xBB, 0xCC, 0xCC, 0xCC, 0xCC, 
	0xCC, 0xCC, 0xCC, 0xCC, 0xCC, 0xCC, 0xCC, 0xCC, 0xCC, 0xCC, 0xCC, 0xCC, 0xCC, 0xCC, 0xCC, 
	0xCC, 0xCC, 0xCC, 0xCC, 0xCB, 0xBB, 0xBB, 0xBB, 0xBB, 0xBB, 0xBB, 0xAA, 0xAA, 0xAA, 0xAA, 
	0xAA, 0xAA, 0xAB, 0xAA, 0xAA, 0xA9, 0x98, 0x77, 0x65, 0x54, 0x44, 0x43, 0x33, 0x33, 0x33, 
	0x33, 0x33, 0x44, 0x45, 0x55, 0x55, 0x55, 0x55, 0x66, 0x77, 0x88, 0x99, 0xAA, 0xAA, 0x98, 
	0x77, 0x66, 0x66, 0x66, 0x66, 0x66, 0x66, 0x66, 0x77, 0x77, 0x78, 0x88, 0x88, 0x99, 0x98, 
	0x66, 0x66, 0x66, 0x66, 0x66, 0x65, 0x56, 0x66, 0x55, 0x55, 0x68, 0xAB, 0xBC, 0xCB, 0xBA, 
	0x86, 0x55, 0x55, 0x55, 0x55, 0x55, 0x55, 0x55, 0x55, 0x55, 0x55, 0x55, 0x55, 0x55, 0x55, 
	0x55, 0x55, 0x55, 0x55, 0x55, 0x44, 0x33, 0x33, 0x33, 0x33, 0x33, 0x33, 0x33, 0x33, 0x33, 
	0x44, 0x55, 0x55, 0x55, 0x55, 0x55, 0x55, 0x55, 0x54, 0x44, 0x33, 0x33, 0x33, 0x44, 0x55, 
	0x55, 0x55, 0x55, 0x55, 0x55, 0x55, 0x55, 0x55, 0x55, 0x43, 0x32, 0x22, 0x22, 0x22, 0x22, 
	0x22, 0x22, 0x22, 0x33, 0x33, 0x33, 0x33, 0x33, 0x33, 0x44, 0x44, 0x44, 0x45, 0x55, 0x55, 
	0x43, 0x33, 0x34, 0x45, 0x55, 0x55, 0x55, 0x55, 0x55, 0x55, 0x55, 0x55, 0x55, 0x55, 0x55, 
	0x55, 0x43, 0x33, 0x34, 0x55, 0x55, 0x55, 0x55, 0x55, 0x55, 0x55, 0x55, 0x55, 0x55, 0x55, 
	0x55, 0x55, 0x55, 0x66, 0x66, 0x67, 0x77, 0x78, 0x89, 0xAB, 0xBB, 0xBB, 0xBC, 0xCC, 0xCC, 
	0xCC, 0xCC, 0xCC, 0xCC, 0xBB, 0xBB, 0xAA, 0x99, 0x99, 0x88, 0x87, 0x77, 0x76, 0x66, 0x66, 
	0x55, 0x56, 0x89, 0xAA, 0xAA, 0xAA, 0xAA, 0xAA, 0xAA, 0xAA, 0xAA, 0xAA, 0x99, 0x99, 0x98, 
	0x88, 0x88, 0x87, 0x77, 0x77, 0x77, 0x77, 0x76, 0x66, 0x66, 0x66, 0x66, 0x65, 0x56, 0x67, 
	0x89, 0xAA, 0xBB, 0xAA, 0x99, 0x99, 0x88, 0x77, 0x77, 0x66, 0x66, 0x66, 0x66, 0x66, 0x77, 
	0x77, 0x78, 0x89, 0x9A, 0xAA, 0xBB, 0xBB, 0xBB, 0xBB, 0xAA, 0xAA, 0xAA, 0xAA, 0xAA, 0xAA, 
	0xAA, 0xAA, 0xBB, 0xBB, 0xBB, 0xBB, 0xBB, 0xBB, 0xBB, 0xBB, 0xBB, 0xBC, 0xCC, 0xCC, 0xCC, 
	0xCC, 0xCC, 0xCC, 0xCC, 0xCC, 0xCC, 0xCC, 0xCC, 0xCC, 0xCC, 0xCC, 0xCC, 0xCC, 0xCC, 0xCC, 
	0xCC, 0xCC, 0xCC, 0xCC, 0xBB, 0xBB, 0xBB, 0xBB, 0xBB, 0xBB, 0xAA, 0xAA, 0xAA, 0xAA, 0xAA, 
	0xAA, 0xAA, 0xAA, 0xAA, 0xA9, 0x99, 0x87, 0x66, 0x55, 0x44, 0x33, 0x33, 0x33, 0x33, 0x33, 
	0x33, 0x33, 0x44, 0x44, 0x45, 0x55, 0x55, 0x55, 0x66, 0x67, 0x78, 0x89, 0xAA, 0xBB, 0xA9, 
	0x87, 0x76, 0x66, 0x65, 0x56, 0x66, 0x66, 0x66, 0x67, 0x77, 0x77, 0x88, 0x88, 0x99, 0x98, 
	0x65, 0x66, 0x56, 0x66, 0x66, 0x65, 0x66, 0x66, 0x56, 0x66, 0x79, 0xBC, 0xCD, 0xDC, 0xCB, 
	0x97, 0x55, 0x55, 0x55, 0x55, 0x55, 0x55, 0x55, 0x55, 0x55, 0x55, 0x55, 0x55, 0x55, 0x55, 
	0x55, 0x55, 0x55, 0x55, 0x55, 0x54, 0x44, 0x33, 0x33, 0x33, 0x33, 0x33, 0x33, 0x33, 0x33, 
	0x44, 0x55, 0x55, 0x55, 0x55, 0x55, 0x55, 0x55, 0x44, 0x43, 0x33, 0x33, 0x33, 0x44, 0x55, 
	0x55, 0x55, 0x55, 0x55, 0x55, 0x55, 0x55, 0x55, 0x55, 0x44, 0x32, 0x22, 0x22, 0x22, 0x22, 
	0x22, 0x22, 0x22, 0x33, 0x33, 0x33, 0x33, 0x33, 0x34, 0x44, 0x44, 0x44, 0x45, 0x55, 0x55, 
	0x33, 0x33, 0x34, 0x45, 0x55, 0x55, 0x55, 0x55, 0x55, 0x55, 0x55, 0x55, 0x55, 0x55, 0x55, 
	0x54, 0x43, 0x33, 0x44, 0x55, 0x55, 0x55, 0x55, 0x55, 0x55, 0x55, 0x55, 0x55, 0x55, 0x55, 
	0x55, 0x55, 0x55, 0x66, 0x66, 0x67, 0x77, 0x78, 0x89, 0xAB, 0xBB, 0xBB, 0xBC, 0xCC, 0xCC, 
	0xCC, 0xCC, 0xCC, 0xCC, 0xBB, 0xBB, 0xAA, 0xA9, 0x99, 0x88, 0x87, 0x77, 0x76, 0x66, 0x66, 
	0x55, 0x56, 0x78, 0x9A, 0xAA, 0xAA, 0xAA, 0xAA, 0xAA, 0xAA, 0xAA, 0xAA, 0xA9, 0x99, 0x99, 
	0x88, 0x88, 0x88, 0x77, 0x77, 0x77, 0x77, 0x77, 0x66, 0x66, 0x66, 0x66, 0x65, 0x56, 0x77, 
	0x89, 0xAA, 0xAA, 0xA9, 0x99, 0x88, 0x87, 0x76, 0x66, 0x66, 0x66, 0x65, 0x55, 0x66, 0x66, 
	0x66, 0x77, 0x78, 0x89, 0x9A, 0xAA, 0xBB, 0xBB, 0xBA, 0xAA, 0xAA, 0xAA, 0xAA, 0xAA, 0xAA, 
	0xAA, 0xAA, 0xAB, 0xBB, 0xBB, 0xBB, 0xBB, 0xBB, 0xBB, 0xBB, 0xBB, 0xBC, 0xCC, 0xCC, 0xCC, 
	0xCC, 0xCC, 0xCC, 0xCC, 0xCC, 0xCC, 0xCC, 0xCC, 0xCC, 0xCC, 0xCC, 0xCC, 0xCC, 0xCC, 0xCC, 
	0xCC, 0xCC, 0xCC, 0xCB, 0xBB, 0xBB, 0xBB, 0xBB, 0xBB, 0xBB, 0xAA, 0xAA, 0xAA, 0xAA, 0xAA, 
	0xAA, 0xAA, 0xAA, 0xAA, 0x99, 0x88, 0x76, 0x55, 0x44, 0x43, 0x33, 0x33, 0x33, 0x33, 0x33, 
	0x44, 0x44, 0x44, 0x44, 0x44, 0x55, 0x55, 0x55, 0x56, 0x66, 0x77, 0x89, 0x9A, 0xAB, 0xAA, 
	0x98, 0x77, 0x66, 0x66, 0x56, 0x66, 0x66, 0x66, 0x67, 0x77, 0x77, 0x88, 0x88, 0x99, 0x98, 
	0x65, 0x55, 0x55, 0x55, 0x55, 0x55, 0x55, 0x55, 0x55, 0x78, 0x9B, 0xCD, 0xDD, 0xDD, 0xDC, 
	0xB8, 0x65, 0x45, 0x55, 0x55, 0x55, 0x55, 0x55, 0x55, 0x55, 0x55, 0x55, 0x55, 0x55, 0x55, 
	0x55, 0x55, 0x55, 0x55, 0x55, 0x55, 0x54, 0x43, 0x33, 0x33, 0x33, 0x33, 0x33, 0x33, 0x33, 
	0x44, 0x45, 0x55, 0x55, 0x55, 0x55, 0x55, 0x55, 0x44, 0x33, 0x33, 0x33, 0x34, 0x45, 0x55, 
	0x55, 0x55, 0x55, 0x55, 0x55, 0x55, 0x55, 0x55, 0x55, 0x54, 0x32, 0x22, 0x22, 0x22, 0x22, 
	0x22, 0x22, 0x22, 0x33, 0x33, 0x33, 0x33, 0x33, 0x34, 0x44, 0x44, 0x44, 0x45, 0x55, 0x55, 
	0x33, 0x33, 0x44, 0x45, 0x55, 0x55, 0x55, 0x55, 0x55, 0x55, 0x55, 0x55, 0x55, 0x55, 0x55, 
	0x54, 0x43, 0x33, 0x44, 0x55, 0x55, 0x55, 0x55, 0x55, 0x55, 0x55, 0x55, 0x55, 0x55, 0x55, 
	0x55, 0x55, 0x55, 0x66, 0x66, 0x67, 0x77, 0x77, 0x89, 0x9A, 0xBB, 0xBB, 0xBB, 0xCC, 0xCC, 
	0xCC, 0xCC, 0xCC, 0xCC, 0xBB, 0xBB, 0xAA, 0xA9, 0x99, 0x88, 0x87, 0x77, 0x76, 0x66, 0x55, 
	0x55, 0x55, 0x67, 0x8A, 0xAA, 0xAA, 0xAA, 0xAA, 0xAA, 0xAA, 0xAA, 0xAA, 0xA9, 0x99, 0x99, 
	0x99, 0x88, 0x88, 0x87, 0x77, 0x77, 0x77, 0x77, 0x66, 0x66, 0x66, 0x66, 0x66, 0x66, 0x78, 
	0x9A, 0xAA, 0xAA, 0x99, 0x88, 0x87, 0x77, 0x66, 0x66, 0x55, 0x55, 0x55, 0x55, 0x55, 0x55, 
	0x56, 0x66, 0x67, 0x77, 0x89, 0x9A, 0xAA, 0xAA, 0xAA, 0xAA, 0xAA, 0xAA, 0xAA, 0xAA, 0xAA, 
	0xAA, 0xAA, 0xAA, 0xAA, 0xBB, 0xBB, 0xBB, 0xBB, 0xBB, 0xBB, 0xBB, 0xBB, 0xBC, 0xCC, 0xCC, 
	0xCC, 0xCC, 0xCC, 0xCC, 0xCC, 0xCC, 0xCC, 0xCC, 0xCC, 0xCC, 0xCC, 0xCC, 0xCC, 0xCC, 0xCC, 
	0xCC, 0xCC, 0xCC, 0xCB, 0xBB, 0xBB, 0xBB, 0xBB, 0xBB, 0xBA, 0xAA, 0xAA, 0xAA, 0xAA, 0xAA, 
	0xAA, 0xAA, 0xAA, 0xA9, 0x98, 0x77, 0x65, 0x54, 0x43, 0x33, 0x33, 0x33, 0x33, 0x44, 0x45, 
	0x55, 0x55, 0x44, 0x44, 0x44, 0x45, 0x55, 0x55, 0x56, 0x66, 0x77, 0x88, 0x9A, 0xAA, 0xBA, 
	0xA9, 0x87, 0x66, 0x66, 0x56, 0x66, 0x66, 0x66, 0x66, 0x67, 0x77, 0x88, 0x99, 0x99, 0x99, 
	0x76, 0x55, 0x55, 0x56, 0x65, 0x55, 0x55, 0x55, 0x67, 0x8A, 0xBC, 0xDD, 0xDD, 0xDC, 0xDD, 
	0xCA, 0x85, 0x55, 0x55, 0x55, 0x55, 0x55, 0x55, 0x55, 0x55, 0x55, 0x55, 0x55, 0x55, 0x55, 
	0x55, 0x55, 0x55, 0x55, 0x55, 0x55, 0x55, 0x44, 0x43, 0x33, 0x33, 0x33, 0x33, 0x33, 0x33, 
	0x34, 0x44, 0x44, 0x45, 0x54, 0x45, 0x54, 0x44, 0x43, 0x33, 0x33, 0x33, 0x44, 0x55, 0x55, 
	0x55, 0x55, 0x55, 0x55, 0x55, 0x55, 0x55, 0x55, 0x55, 0x54, 0x33, 0x22, 0x22, 0x22, 0x22, 
	0x22, 0x22, 0x22, 0x33, 0x33, 0x33, 0x33, 0x33, 0x34, 0x44, 0x44, 0x44, 0x55, 0x55, 0x55, 
	0x33, 0x33, 0x44, 0x55, 0x55, 0x55, 0x55, 0x55, 0x55, 0x55, 0x55, 0x55, 0x55, 0x55, 0x55, 
	0x54, 0x33, 0x33, 0x44, 0x55, 0x55, 0x55, 0x55, 0x55, 0x55, 0x55, 0x55, 0x55, 0x55, 0x55, 
	0x55, 0x55, 0x56, 0x66, 0x66, 0x67, 0x67, 0x77, 0x78, 0x99, 0xAB, 0xBB, 0xBB, 0xCC, 0xCC, 
	0xCC, 0xCC, 0xCC, 0xCC, 0xBB, 0xBB, 0xAA, 0x99, 0x99, 0x88, 0x87, 0x77, 0x76, 0x66, 0x55, 
	0x55, 0x55, 0x66, 0x89, 0x9A, 0xAA, 0xAA, 0xAA, 0xAA, 0xAA, 0xAA, 0xAA, 0xAA, 0x99, 0x99, 
	0x99, 0x98, 0x88, 0x88, 0x77, 0x77, 0x77, 0x77, 0x66, 0x66, 0x66, 0x66, 0x66, 0x67, 0x89, 
	0x9A, 0xAA, 0x99, 0x98, 0x88, 0x77, 0x66, 0x66, 0x65, 0x55, 0x55, 0x54, 0x44, 0x45, 0x55, 
	0x55, 0x55, 0x66, 0x67, 0x78, 0x89, 0x9A, 0xAA, 0xAA, 0xAA, 0xAA, 0xAA, 0xAA, 0xAA, 0xAA, 
	0xAA, 0xAA, 0xAA, 0xAA, 0xAB, 0xBB, 0xBB, 0xBB, 0xBB, 0xBB, 0xBB, 0xBB, 0xBB, 0xCC, 0xCC, 
	0xCC, 0xCC, 0xCC, 0xCC, 0xCC, 0xCC, 0xCC, 0xCC, 0xCC, 0xCC, 0xCC, 0xCC, 0xCC, 0xCC, 0xCC, 
	0xCC, 0xCC, 0xCC, 0xBB, 0xBB, 0xBB, 0xBB, 0xBB, 0xBB, 0xBA, 0xAA, 0xAA, 0xAA, 0xAA, 0xAA, 
	0xAA, 0xAA, 0xA9, 0x99, 0x88, 0x76, 0x55, 0x44, 0x33, 0x33, 0x33, 0x33, 0x34, 0x45, 0x66, 
	0x77, 0x76, 0x55, 0x44, 0x44, 0x44, 0x55, 0x55, 0x55, 0x66, 0x67, 0x88, 0x99, 0xAA, 0xBB, 
	0xAA, 0x88, 0x66, 0x66, 0x55, 0x66, 0x66, 0x66, 0x66, 0x67, 0x77, 0x89, 0x9A, 0xBB, 0xBA, 
	0x87, 0x65, 0x55, 0x55, 0x55, 0x55, 0x55, 0x67, 0x89, 0xBC, 0xDD, 0xDD, 0xDD, 0xDD, 0xDD, 
	0xDC, 0x97, 0x55, 0x55, 0x55, 0x55, 0x55, 0x55, 0x55, 0x55, 0x55, 0x55, 0x55, 0x55, 0x55, 
	0x55, 0x55, 0x55, 0x55, 0x55, 0x55, 0x55, 0x54, 0x44, 0x33, 0x33, 0x33, 0x33, 0x33, 0x33, 
	0x33, 0x44, 0x44, 0x44, 0x44, 0x44, 0x44, 0x43, 0x33, 0x33, 0x33, 0x33, 0x44, 0x55, 0x55, 
	0x55, 0x55, 0x55, 0x55, 0x55, 0x55, 0x55, 0x55, 0x55, 0x55, 0x43, 0x22, 0x22, 0x22, 0x22, 
	0x22, 0x22, 0x23, 0x33, 0x33, 0x33, 0x33, 0x33, 0x34, 0x44, 0x44, 0x44, 0x55, 0x55, 0x55, 
	0x33, 0x33, 0x44, 0x55, 0x55, 0x55, 0x55, 0x55, 0x55, 0x55, 0x55, 0x55, 0x55, 0x55, 0x55, 
	0x54, 0x33, 0x34, 0x44, 0x55, 0x55, 0x55, 0x55, 0x55, 0x55, 0x55, 0x55, 0x55, 0x55, 0x55, 
	0x55, 0x55, 0x55, 0x66, 0x66, 0x66, 0x67, 0x77, 0x77, 0x89, 0x9A, 0xBB, 0xBC, 0xCC, 0xCC, 
	0xCC, 0xCC, 0xCB, 0xCC, 0xBB, 0xBA, 0xAA, 0x99, 0x98, 0x88, 0x87, 0x77, 0x76, 0x66, 0x65, 
	0x65, 0x55, 0x56, 0x78, 0x99, 0xAA, 0xAA, 0xAA, 0xAA, 0xAA, 0xAA, 0xAA, 0xAA, 0xA9, 0x99, 
	0x99, 0x99, 0x88, 0x88, 0x87, 0x77, 0x77, 0x77, 0x66, 0x66, 0x66, 0x66, 0x66, 0x78, 0x89, 
	0xAA, 0xA9, 0x99, 0x88, 0x87, 0x76, 0x66, 0x66, 0x55, 0x54, 0x44, 0x44, 0x44, 0x44, 0x44, 
	0x44, 0x55, 0x55, 0x66, 0x67, 0x88, 0x99, 0x9A, 0xAA, 0xAA, 0xAA, 0xAA, 0xAA, 0xAA, 0xAA, 
	0xAA, 0xAA, 0xAA, 0xAA, 0xAA, 0xAB, 0xBB, 0xBB, 0xBB, 0xBB, 0xBB, 0xBB, 0xBB, 0xBC, 0xCC, 
	0xCC, 0xCC, 0xCC, 0xCC, 0xCC, 0xCC, 0xCC, 0xCC, 0xCC, 0xCC, 0xCC, 0xCC, 0xCC, 0xCC, 0xCC, 
	0xCC, 0xCC, 0xCC, 0xBB, 0xBB, 0xBB, 0xBB, 0xBB, 0xBB, 0xAA, 0xAA, 0xAA, 0xAA, 0xAA, 0xAA, 
	0xAA, 0xAA, 0x99, 0x98, 0x77, 0x65, 0x54, 0x43, 0x33, 0x33, 0x33, 0x33, 0x44, 0x56, 0x88, 
	0x99, 0x88, 0x76, 0x54, 0x44, 0x44, 0x44, 0x55, 0x55, 0x66, 0x67, 0x78, 0x89, 0x9A, 0xAB, 
	0xBA, 0x98, 0x76, 0x66, 0x66, 0x66, 0x66, 0x66, 0x66, 0x67, 0x78, 0x9A, 0xBB, 0xCC, 0xCB, 
	0xA9, 0x87, 0x76, 0x65, 0x55, 0x55, 0x56, 0x79, 0xAB, 0xCD, 0xDD, 0xDD, 0xDD, 0xDD, 0xDD, 
	0xDC, 0xB9, 0x75, 0x55, 0x55, 0x55, 0x55, 0x55, 0x55, 0x55, 0x55, 0x55, 0x55, 0x55, 0x55, 
	0x55, 0x55, 0x55, 0x55, 0x55, 0x55, 0x55, 0x55, 0x44, 0x44, 0x33, 0x33, 0x33, 0x33, 0x33, 
	0x33, 0x33, 0x33, 0x44, 0x43, 0x44, 0x33, 0x33, 0x33, 0x33, 0x33, 0x34, 0x44, 0x55, 0x55, 
	0x55, 0x55, 0x55, 0x55, 0x55, 0x55, 0x55, 0x55, 0x55, 0x55, 0x43, 0x22, 0x22, 0x22, 0x22, 
	0x22, 0x22, 0x33, 0x33, 0x33, 0x33, 0x33, 0x33, 0x44, 0x44, 0x44, 0x44, 0x55, 0x55, 0x55, 
	0x33, 0x33, 0x44, 0x55, 0x55, 0x55, 0x55, 0x55, 0x55, 0x55, 0x55, 0x55, 0x55, 0x55, 0x55, 
	0x44, 0x33, 0x34, 0x44, 0x55, 0x55, 0x55, 0x55, 0x55, 0x55, 0x55, 0x55, 0x55, 0x55, 0x55, 
	0x55, 0x55, 0x55, 0x66, 0x66, 0x66, 0x77, 0x77, 0x77, 0x78, 0x99, 0xAB, 0xBB, 0xCB, 0xCC, 
	0xCC, 0xCC, 0xCB, 0xBB, 0xBB, 0xBA, 0xAA, 0x99, 0x98, 0x88, 0x87, 0x77, 0x66, 0x66, 0x66, 
	0x55, 0x55, 0x55, 0x67, 0x89, 0xAA, 0xAA, 0xAA, 0xAA, 0xAA, 0xAA, 0xAA, 0xAA, 0xAA, 0x99, 
	0x99, 0x99, 0x98, 0x88, 0x88, 0x77, 0x77, 0x77, 0x66, 0x66, 0x66, 0x65, 0x66, 0x78, 0x99, 
	0xAA, 0x99, 0x98, 0x87, 0x77, 0x66, 0x66, 0x65, 0x55, 0x44, 0x44, 0x44, 0x44, 0x44, 0x44, 
	0x44, 0x44, 0x55, 0x55, 0x66, 0x77, 0x88, 0x99, 0xAA, 0xAA, 0xAA, 0xAA, 0xAA, 0x9A, 0xAA, 
	0xAA, 0xAA, 0xAA, 0xAA, 0xAA, 0xAA, 0xAA, 0xBB, 0xBB, 0xBB, 0xBB, 0xBB, 0xBB, 0xBB, 0xCC, 
	0xCC, 0xBC, 0xCC, 0xCC, 0xCC, 0xCC, 0xCC, 0xCC, 0xCC, 0xCC, 0xCC, 0xCC, 0xCC, 0xCC, 0xCC, 
	0xCC, 0xCC, 0xCB, 0xBB, 0xBB, 0xBB, 0xBB, 0xBB, 0xBB, 0xAA, 0xAA, 0xAA, 0xAA, 0xAA, 0xAA, 
	0xAA, 0xA9, 0x99, 0x87, 0x76, 0x55, 0x44, 0x33, 0x33, 0x33, 0x33, 0x34, 0x45, 0x68, 0x9A, 
	0xBB, 0xA9, 0x87, 0x65, 0x44, 0x44, 0x44, 0x45, 0x55, 0x56, 0x67, 0x78, 0x89, 0x9A, 0xAB, 
	0xBA, 0xA9, 0x87, 0x66, 0x66, 0x55, 0x66, 0x66, 0x66, 0x77, 0x78, 0x9B, 0xCD, 0xDD, 0xED, 
	0xCC, 0xBA, 0x98, 0x77, 0x77, 0x77, 0x78, 0xAB, 0xCD, 0xDD, 0xDD, 0xDD, 0xDD, 0xDD, 0xDD, 
	0xDD, 0xCB, 0x86, 0x55, 0x55, 0x55, 0x55, 0x55, 0x55, 0x55, 0x55, 0x55, 0x55, 0x55, 0x55, 
	0x55, 0x55, 0x55, 0x55, 0x55, 0x55, 0x55, 0x55, 0x55, 0x54, 0x43, 0x33, 0x33, 0x33, 0x33, 
	0x33, 0x33, 0x33, 0x33, 0x33, 0x33, 0x33, 0x33, 0x33, 0x33, 0x33, 0x44, 0x45, 0x55, 0x55, 
	0x55, 0x55, 0x55, 0x55, 0x55, 0x55, 0x55, 0x55, 0x55, 0x55, 0x43, 0x22, 0x22, 0x22, 0x22, 
	0x22, 0x23, 0x33, 0x33, 0x33, 0x33, 0x33, 0x33, 0x44, 0x44, 0x44, 0x45, 0x55, 0x55, 0x55, 
	0x33, 0x33, 0x44, 0x55, 0x55, 0x55, 0x55, 0x55, 0x55, 0x55, 0x55, 0x55, 0x55, 0x55, 0x55, 
	0x54, 0x33, 0x34, 0x45, 0x55, 0x55, 0x55, 0x55, 0x55, 0x55, 0x55, 0x55, 0x55, 0x55, 0x55, 
	0x55, 0x55, 0x55, 0x56, 0x66, 0x66, 0x67, 0x77, 0x77, 0x78, 0x89, 0x9A, 0xBB, 0xBC, 0xCC, 
	0xCC, 0xBC, 0xBB, 0xBB, 0xBB, 0xAA, 0xA9, 0x99, 0x98, 0x88, 0x87, 0x77, 0x76, 0x66, 0x66, 
	0x55, 0x55, 0x55, 0x66, 0x79, 0xAB, 0xAA, 0xAA, 0xAA, 0xAA, 0xAA, 0xAA, 0xAA, 0xAA, 0x99, 
	0x99, 0x99, 0x98, 0x88, 0x88, 0x77, 0x77, 0x76, 0x66, 0x66, 0x66, 0x66, 0x67, 0x78, 0x9A, 
	0xA9, 0x99, 0x88, 0x77, 0x76, 0x66, 0x66, 0x55, 0x54, 0x44, 0x44, 0x44, 0x44, 0x44, 0x33, 
	0x33, 0x44, 0x44, 0x44, 0x55, 0x66, 0x77, 0x88, 0x99, 0x99, 0x9A, 0xAA, 0xA9, 0x9A, 0xAA, 
	0xAA, 0xAA, 0xAA, 0xAA, 0xAA, 0xAA, 0xAB, 0xBB, 0xBB, 0xBB, 0xBB, 0xBB, 0xBB, 0xBB, 0xBB, 
	0xBB, 0xBC, 0xCC, 0xCC, 0xCC, 0xCC, 0xCC, 0xCC, 0xCC, 0xCC, 0xCC, 0xCC, 0xCC, 0xCC, 0xCC, 
	0xCC, 0xCC, 0xCB, 0xBB, 0xBB, 0xBB, 0xBB, 0xBB, 0xBB, 0xAA, 0xAA, 0xAA, 0xAA, 0xAA, 0xAA, 
	0xAA, 0xA9, 0x98, 0x87, 0x65, 0x54, 0x43, 0x33, 0x33, 0x33, 0x33, 0x44, 0x56, 0x79, 0xBB, 
	0xCC, 0xCB, 0xA9, 0x75, 0x44, 0x44, 0x44, 0x44, 0x55, 0x56, 0x67, 0x78, 0x89, 0x9A, 0xAB, 
	0xBB, 0xAA, 0x98, 0x76, 0x65, 0x55, 0x56, 0x66, 0x66, 0x67, 0x89, 0xAC, 0xDD, 0xEE, 0xEE, 
	0xEE, 0xDC, 0xCB, 0xAA, 0xA9, 0x9A, 0xAB, 0xCD, 0xDD, 0xDD, 0xDD, 0xDD, 0xDD, 0xDD, 0xDD, 
	0xDD, 0xDC, 0xA7, 0x54, 0x45, 0x55, 0x55, 0x55, 0x55, 0x55, 0x55, 0x55, 0x55, 0x55, 0x55, 
	0x55, 0x55, 0x55, 0x55, 0x55, 0x55, 0x55, 0x55, 0x55, 0x55, 0x44, 0x33, 0x33, 0x33, 0x33, 
	0x33, 0x33, 0x33, 0x33, 0x33, 0x33, 0x33, 0x33, 0x33, 0x33, 0x34, 0x44, 0x45, 0x55, 0x55, 
	0x55, 0x55, 0x55, 0x55, 0x55, 0x55, 0x55, 0x55, 0x55, 0x55, 0x43, 0x32, 0x22, 0x22, 0x22, 
	0x22, 0x22, 0x33, 0x33, 0x33, 0x33, 0x33, 0x33, 0x44, 0x44, 0x44, 0x44, 0x55, 0x55, 0x55, 
	0x33, 0x34, 0x44, 0x55, 0x55, 0x55, 0x55, 0x55, 0x55, 0x55, 0x55, 0x55, 0x55, 0x55, 0x55, 
	0x54, 0x33, 0x34, 0x45, 0x55, 0x55, 0x55, 0x55, 0x55, 0x55, 0x55, 0x55, 0x55, 0x55, 0x44, 
	0x44, 0x45, 0x55, 0x55, 0x55, 0x66, 0x66, 0x77, 0x77, 0x78, 0x88, 0x9A, 0xAB, 0xBB, 0xBC, 
	0xBB, 0xBB, 0xBB, 0xBB, 0xBA, 0xAA, 0xA9, 0x99, 0x98, 0x88, 0x87, 0x77, 0x66, 0x66, 0x66, 
	0x55, 0x55, 0x55, 0x55, 0x68, 0x9A, 0xBB, 0xBB, 0xAA, 0xAA, 0xAA, 0xAA, 0xAA, 0xAA, 0xA9, 
	0x99, 0x99, 0x99, 0x98, 0x88, 0x87, 0x77, 0x77, 0x66, 0x66, 0x66, 0x66, 0x67, 0x89, 0x9A, 
	0xA9, 0x98, 0x87, 0x77, 0x66, 0x66, 0x66, 0x55, 0x54, 0x44, 0x44, 0x44, 0x43, 0x33, 0x33, 
	0x33, 0x33, 0x44, 0x44, 0x45, 0x55, 0x66, 0x78, 0x88, 0x99, 0x99, 0x9A, 0xA9, 0x99, 0xAA, 
	0xAA, 0xAA, 0xAA, 0xAA, 0xAA, 0xAA, 0xAA, 0xAB, 0xBB, 0xBB, 0xBB, 0xBB, 0xBB, 0xBB, 0xBB, 
	0xBB, 0xBC, 0xCC, 0xCC, 0xCC, 0xCC, 0xCC, 0xCC, 0xCC, 0xCC, 0xCC, 0xCC, 0xCC, 0xCC, 0xCC, 
	0xCC, 0xCC, 0xBB, 0xBB, 0xBB, 0xBB, 0xBB, 0xBB, 0xBA, 0xAA, 0xAA, 0xAA, 0xAA, 0xAA, 0xAA, 
	0xAA, 0x99, 0x88, 0x76, 0x55, 0x44, 0x33, 0x33, 0x33, 0x33, 0x33, 0x34, 0x56, 0x89, 0xBC, 
	0xCC, 0xCB, 0xB9, 0x76, 0x54, 0x44, 0x44, 0x44, 0x44, 0x56, 0x67, 0x78, 0x89, 0x99, 0xAB, 
	0xBB, 0xBB, 0xA9, 0x87, 0x66, 0x66, 0x66, 0x66, 0x66, 0x77, 0x89, 0xBD, 0xEE, 0xEE, 0xED, 
	0xEE, 0xDD, 0xDD, 0xCC, 0xCC, 0xCC, 0xDD, 0xDD, 0xDD, 0xDD, 0xDD, 0xDD, 0xDD, 0xDD, 0xDD, 
	0xDD, 0xDD, 0xC9, 0x65, 0x45, 0x55, 0x55, 0x55, 0x55, 0x55, 0x55, 0x55, 0x55, 0x55, 0x55, 
	0x55, 0x55, 0x55, 0x55, 0x55, 0x55, 0x55, 0x55, 0x55, 0x55, 0x44, 0x33, 0x33, 0x33, 0x33, 
	0x33, 0x33, 0x33, 0x33, 0x33, 0x33, 0x33, 0x33, 0x33, 0x33, 0x44, 0x45, 0x55, 0x55, 0x55, 
	0x55, 0x55, 0x55, 0x55, 0x55, 0x55, 0x55, 0x55, 0x55, 0x55, 0x44, 0x32, 0x22, 0x22, 0x22, 
	0x22, 0x22, 0x33, 0x33, 0x33, 0x33, 0x33, 0x34, 0x44, 0x44, 0x44, 0x55, 0x55, 0x55, 0x55, 
	0x33, 0x34, 0x45, 0x55, 0x55, 0x55, 0x55, 0x55, 0x55, 0x55, 0x55, 0x55, 0x55, 0x55, 0x55, 
	0x54, 0x33, 0x34, 0x45, 0x55, 0x55, 0x55, 0x55, 0x55, 0x55, 0x55, 0x55, 0x44, 0x44, 0x44, 
	0x44, 0x44, 0x44, 0x45, 0x55, 0x56, 0x66, 0x66, 0x67, 0x78, 0x88, 0x89, 0xAB, 0xBB, 0xBB, 
	0xBB, 0xBB, 0xBB, 0xBB, 0xAA, 0xAA, 0x99, 0x99, 0x88, 0x88, 0x77, 0x77, 0x66, 0x66, 0x65, 
	0x55, 0x55, 0x55, 0x55, 0x56, 0x89, 0xBC, 0xCB, 0xBA, 0xAA, 0xAA, 0xAA, 0xAA, 0xAA, 0xA9, 
	0x99, 0x99, 0x99, 0x99, 0x98, 0x88, 0x77, 0x77, 0x66, 0x66, 0x66, 0x66, 0x77, 0x99, 0xAA, 
	0x99, 0x88, 0x87, 0x77, 0x66, 0x66, 0x65, 0x55, 0x44, 0x43, 0x33, 0x33, 0x33, 0x33, 0x33, 
	0x33, 0x33, 0x33, 0x33, 0x44, 0x55, 0x56, 0x67, 0x78, 0x89, 0x99, 0x99, 0x99, 0x99, 0xAA, 
	0xAA, 0xAA, 0xAA, 0xAA, 0xAA, 0xAA, 0xAA, 0xAA, 0xAB, 0xBB, 0xBB, 0xBB, 0xBB, 0xBB, 0xBB, 
	0xBB, 0xBB, 0xCC, 0xCC, 0xCC, 0xCC, 0xCC, 0xCC, 0xCC, 0xCC, 0xCC, 0xCC, 0xCC, 0xCC, 0xCC, 
	0xCC, 0xCC, 0xBB, 0xBB, 0xBB, 0xBB, 0xBB, 0xBB, 0xAA, 0xAA, 0xAA, 0xAA, 0xAA, 0xAA, 0xAA, 
	0xA9, 0x98, 0x87, 0x66, 0x54, 0x43, 0x33, 0x33, 0x33, 0x33, 0x33, 0x34, 0x56, 0x79, 0xAB, 
	0xCC, 0xCB, 0xB9, 0x76, 0x54, 0x44, 0x33, 0x33, 0x44, 0x55, 0x67, 0x78, 0x88, 0x99, 0xAA, 
	0xBB, 0xBB, 0xBA, 0x98, 0x76, 0x66, 0x66, 0x66, 0x67, 0x78, 0x8A, 0xCE, 0xEE, 0xEE, 0xED, 
	0xDE, 0xED, 0xDD, 0xDD, 0xDD, 0xDD, 0xDD, 0xDD, 0xDD, 0xDE, 0xDD, 0xDD, 0xDD, 0xDD, 0xED, 
	0xDD, 0xDD, 0xDB, 0x86, 0x54, 0x55, 0x55, 0x55, 0x55, 0x55, 0x55, 0x55, 0x55, 0x55, 0x55, 
	0x55, 0x55, 0x55, 0x55, 0x55, 0x55, 0x55, 0x55, 0x55, 0x55, 0x44, 0x33, 0x33, 0x33, 0x33, 
	0x33, 0x33, 0x33, 0x33, 0x33, 0x33, 0x33, 0x33, 0x33, 0x34, 0x44, 0x55, 0x55, 0x55, 0x55, 
	0x55, 0x55, 0x55, 0x55, 0x55, 0x55, 0x55, 0x55, 0x55, 0x55, 0x54, 0x32, 0x22, 0x22, 0x22, 
	0x22, 0x23, 0x33, 0x33, 0x33, 0x33, 0x33, 0x44, 0x44, 0x44, 0x44, 0x55, 0x55, 0x55, 0x55, 
	0x33, 0x34, 0x45, 0x55, 0x55, 0x55, 0x55, 0x55, 0x55, 0x55, 0x55, 0x55, 0x55, 0x55, 0x55, 
	0x54, 0x33, 0x34, 0x45, 0x55, 0x55, 0x55, 0x55, 0x55, 0x55, 0x44, 0x44, 0x44, 0x43, 0x33, 
	0x33, 0x34, 0x44, 0x44, 0x44, 0x55, 0x66, 0x66, 0x66, 0x77, 0x88, 0x89, 0x9A, 0xBB, 0xBB, 
	0xBB, 0xBA, 0xAA, 0xAA, 0xAA, 0xA9, 0x99, 0x99, 0x88, 0x88, 0x77, 0x77, 0x66, 0x66, 0x65, 
	0x65, 0x55, 0x55, 0x55, 0x55, 0x68, 0xAB, 0xCB, 0xBB, 0xAA, 0xAA, 0xAA, 0xAA, 0xAA, 0xA9, 
	0x99, 0x99, 0x99, 0x99, 0x99, 0x88, 0x88, 0x77, 0x76, 0x66, 0x66, 0x67, 0x78, 0x9A, 0xA9, 
	0x99, 0x88, 0x87, 0x77, 0x66, 0x66, 0x55, 0x54, 0x44, 0x33, 0x33, 0x33, 0x44, 0x33, 0x34, 
	0x44, 0x44, 0x43, 0x33, 0x34, 0x44, 0x55, 0x56, 0x67, 0x88, 0x89, 0x99, 0x99, 0x99, 0x99, 
	0xAA, 0xAA, 0xAA, 0xAA, 0xAA, 0xAA, 0xAA, 0xAA, 0xAA, 0xBB, 0xBB, 0xBB, 0xBB, 0xBB, 0xBB, 
	0xBB, 0xBB, 0xBB, 0xBC, 0xCC, 0xCC, 0xCC, 0xCC, 0xCC, 0xCC, 0xCC, 0xCC, 0xCC, 0xCC, 0xCC, 
	0xCC, 0xCB, 0xBB, 0xBB, 0xBB, 0xBB, 0xBB, 0xBB, 0xAA, 0xAA, 0xAA, 0xAA, 0xAA, 0xAA, 0xAA, 
	0x99, 0x88, 0x76, 0x65, 0x54, 0x43, 0x33, 0x33, 0x33, 0x33, 0x33, 0x44, 0x55, 0x68, 0x9A, 
	0xBB, 0xBB, 0xA9, 0x76, 0x54, 0x43, 0x33, 0x33, 0x34, 0x45, 0x67, 0x78, 0x88, 0x99, 0xAA, 
	0xBB, 0xBB, 0xBB, 0xA9, 0x87, 0x76, 0x66, 0x66, 0x67, 0x88, 0x8A, 0xCE, 0xEE, 0xEE, 0xEE, 
	0xEE, 0xEE, 0xDD, 0xDD, 0xDD, 0xDD, 0xDD, 0xDD, 0xDD, 0xDD, 0xEE, 0xEE, 0xEE, 0xEE, 0xED, 
	0xDD, 0xDD, 0xDC, 0xA8, 0x55, 0x54, 0x45, 0x55, 0x55, 0x55, 0x55, 0x55, 0x55, 0x55, 0x55, 
	0x55, 0x55, 0x55, 0x55, 0x55, 0x55, 0x55, 0x55, 0x55, 0x55, 0x43, 0x33, 0x33, 0x33, 0x44, 
	0x43, 0x33, 0x33, 0x33, 0x33, 0x33, 0x33, 0x33, 0x34, 0x44, 0x45, 0x55, 0x55, 0x55, 0x55, 
	0x55, 0x55, 0x55, 0x55, 0x55, 0x55, 0x55, 0x55, 0x55, 0x55, 0x54, 0x33, 0x22, 0x22, 0x22, 
	0x23, 0x33, 0x33, 0x33, 0x33, 0x33, 0x33, 0x44, 0x44, 0x44, 0x44, 0x55, 0x55, 0x55, 0x55, 
	0x33, 0x34, 0x45, 0x55, 0x55, 0x55, 0x55, 0x55, 0x55, 0x55, 0x55, 0x55, 0x55, 0x55, 0x55, 
	0x54, 0x33, 0x34, 0x45, 0x55, 0x55, 0x55, 0x55, 0x54, 0x44, 0x44, 0x44, 0x33, 0x33, 0x33, 
	0x33, 0x34, 0x44, 0x44, 0x44, 0x55, 0x55, 0x56, 0x66, 0x77, 0x78, 0x88, 0x89, 0xAB, 0xAA, 
	0xAA, 0xAA, 0xAA, 0xAA, 0xAA, 0x99, 0x99, 0x98, 0x88, 0x87, 0x77, 0x66, 0x66, 0x66, 0x65, 
	0x55, 0x55, 0x55, 0x55, 0x55, 0x56, 0x8A, 0xBC, 0xBB, 0xAA, 0xAA, 0xAA, 0xAA, 0xAA, 0xA9, 
	0x99, 0x99, 0x99, 0x99, 0x99, 0x88, 0x88, 0x87, 0x77, 0x66, 0x66, 0x77, 0x89, 0x9A, 0xA9, 
	0x98, 0x88, 0x77, 0x76, 0x66, 0x65, 0x55, 0x44, 0x43, 0x33, 0x33, 0x33, 0x44, 0x44, 0x44, 
	0x55, 0x55, 0x54, 0x44, 0x43, 0x33, 0x44, 0x55, 0x66, 0x77, 0x89, 0x99, 0x99, 0x99, 0x99, 
	0x9A, 0xAA, 0xAA, 0xAA, 0xAA, 0xAA, 0xAA, 0xAA, 0xAA, 0xAB, 0xBB, 0xBB, 0xBB, 0xBB, 0xBB, 
	0xBB, 0xBB, 0xBB, 0xBB, 0xCC, 0xCC, 0xCC, 0xCC, 0xCC, 0xCC, 0xCC, 0xCC, 0xCC, 0xCC, 0xCC, 
	0xCC, 0xBB, 0xBB, 0xBB, 0xBB, 0xBB, 0xBB, 0xBB, 0xAA, 0xAA, 0xAA, 0xAA, 0xAA, 0xAA, 0xA9, 
	0x99, 0x87, 0x76, 0x55, 0x44, 0x43, 0x33, 0x33, 0x33, 0x33, 0x33, 0x44, 0x45, 0x67, 0x88, 
	0x99, 0x99, 0x98, 0x76, 0x54, 0x43, 0x33, 0x33, 0x34, 0x45, 0x67, 0x78, 0x88, 0x99, 0xAA, 
	0xBB, 0xCC, 0xBB, 0xBA, 0x99, 0x88, 0x77, 0x77, 0x78, 0x88, 0x8A, 0xDE, 0xEE, 0xEE, 0xEE, 
	0xEE, 0xEE, 0xEE, 0xED, 0xDD, 0xDD, 0xDD, 0xDD, 0xDD, 0xDD, 0xEE, 0xEE, 0xEE, 0xEE, 0xDD, 
	0xDD, 0xDD, 0xDD, 0xBA, 0x86, 0x54, 0x45, 0x55, 0x55, 0x55, 0x55, 0x55, 0x55, 0x55, 0x55, 
	0x55, 0x55, 0x55, 0x55, 0x55, 0x55, 0x55, 0x55, 0x55, 0x55, 0x43, 0x33, 0x33, 0x33, 0x44, 
	0x44, 0x44, 0x44, 0x44, 0x44, 0x44, 0x44, 0x44, 0x44, 0x45, 0x55, 0x55, 0x55, 0x55, 0x55, 
	0x55, 0x55, 0x55, 0x55, 0x55, 0x55, 0x55, 0x55, 0x55, 0x55, 0x55, 0x43, 0x22, 0x23, 0x33, 
	0x33, 0x33, 0x33, 0x33, 0x33, 0x33, 0x33, 0x44, 0x44, 0x44, 0x44, 0x55, 0x55, 0x55, 0x55, 
	0x33, 0x34, 0x45, 0x55, 0x55, 0x55, 0x55, 0x55, 0x55, 0x55, 0x55, 0x55, 0x55, 0x55, 0x55, 
	0x44, 0x33, 0x34, 0x45, 0x55, 0x55, 0x55, 0x55, 0x44, 0x44, 0x33, 0x33, 0x33, 0x33, 0x34, 
	0x44, 0x44, 0x44, 0x44, 0x55, 0x55, 0x55, 0x56, 0x66, 0x77, 0x77, 0x88, 0x89, 0xAA, 0xAA, 
	0xAA, 0xAA, 0xAA, 0xAA, 0x99, 0x99, 0x99, 0x88, 0x88, 0x87, 0x77, 0x66, 0x66, 0x66, 0x55, 
	0x55, 0x55, 0x55, 0x55, 0x55, 0x45, 0x79, 0xBC, 0xBB, 0xAA, 0xAA, 0xAA, 0xAA, 0xAA, 0xA9, 
	0x99, 0x99, 0x99, 0x99, 0x99, 0x99, 0x88, 0x88, 0x77, 0x66, 0x66, 0x77, 0x89, 0xAA, 0xA9, 
	0x98, 0x88, 0x77, 0x66, 0x66, 0x55, 0x54, 0x44, 0x33, 0x33, 0x33, 0x34, 0x44, 0x44, 0x55, 
	0x66, 0x77, 0x66, 0x55, 0x44, 0x33, 0x34, 0x45, 0x56, 0x67, 0x88, 0x99, 0x99, 0x99, 0x99, 
	0x9A, 0xAA, 0xAA, 0xAA, 0xAA, 0xAA, 0xAA, 0xAA, 0xAA, 0xAA, 0xBB, 0xBB, 0xBB, 0xBB, 0xBB, 
	0xBB, 0xBB, 0xBB, 0xBB, 0xCC, 0xCC, 0xCC, 0xCC, 0xCC, 0xCC, 0xCC, 0xCC, 0xCC, 0xCC, 0xCC, 
	0xCC, 0xBB, 0xBB, 0xBB, 0xBB, 0xBB, 0xBB, 0xBB, 0xBA, 0xAA, 0xAA, 0xAA, 0xAA, 0xAA, 0xA9, 
	0x98, 0x87, 0x65, 0x55, 0x44, 0x33, 0x33, 0x33, 0x33, 0x33, 0x33, 0x34, 0x44, 0x55, 0x66, 
	0x77, 0x77, 0x77, 0x65, 0x44, 0x33, 0x33, 0x33, 0x33, 0x45, 0x56, 0x78, 0x88, 0x99, 0xAA, 
	0xBB, 0xCC, 0xCC, 0xCB, 0xBA, 0xA9, 0x98, 0x88, 0x88, 0x88, 0x9B, 0xDE, 0xEE, 0xEE, 0xEE, 
	0xEE, 0xEE, 0xEE, 0xEE, 0xED, 0xDD, 0xDD, 0xDD, 0xDE, 0xEE, 0xEE, 0xEE, 0xEE, 0xEE, 0xDD, 
	0xED, 0xDD, 0xDD, 0xDC, 0xA8, 0x65, 0x45, 0x55, 0x55, 0x55, 0x55, 0x55, 0x55, 0x55, 0x55, 
	0x55, 0x55, 0x55, 0x55, 0x55, 0x55, 0x55, 0x55, 0x55, 0x55, 0x43, 0x33, 0x33, 0x33, 0x45, 
	0x54, 0x44, 0x44, 0x44, 0x44, 0x44, 0x44, 0x44, 0x45, 0x55, 0x55, 0x55, 0x55, 0x55, 0x55, 
	0x55, 0x55, 0x55, 0x55, 0x55, 0x55, 0x55, 0x55, 0x55, 0x55, 0x55, 0x43, 0x22, 0x33, 0x33, 
	0x33, 0x33, 0x33, 0x33, 0x33, 0x33, 0x34, 0x44, 0x44, 0x44, 0x45, 0x55, 0x55, 0x55, 0x55, 
	0x33, 0x44, 0x55, 0x55, 0x55, 0x55, 0x55, 0x55, 0x55, 0x55, 0x55, 0x55, 0x55, 0x55, 0x55, 
	0x44, 0x33, 0x34, 0x45, 0x55, 0x55, 0x55, 0x44, 0x44, 0x33, 0x33, 0x33, 0x34, 0x44, 0x44, 
	0x44, 0x44, 0x54, 0x45, 0x55, 0x55, 0x55, 0x56, 0x66, 0x66, 0x77, 0x88, 0x89, 0x99, 0x99, 
	0x99, 0x99, 0x99, 0x99, 0x99, 0x99, 0x98, 0x88, 0x88, 0x77, 0x76, 0x66, 0x66, 0x55, 0x55, 
	0x55, 0x55, 0x55, 0x55, 0x55, 0x55, 0x67, 0xAB, 0xCB, 0xAA, 0xAA, 0xAA, 0xAA, 0xAA, 0xA9, 
	0x99, 0x99, 0x99, 0x99, 0x99, 0x99, 0x98, 0x88, 0x77, 0x77, 0x77, 0x88, 0x99, 0xAA, 0x99, 
	0x88, 0x87, 0x77, 0x76, 0x65, 0x55, 0x44, 0x43, 0x33, 0x33, 0x33, 0x34, 0x44, 0x45, 0x66, 
	0x78, 0x99, 0x87, 0x76, 0x54, 0x43, 0x33, 0x44, 0x55, 0x67, 0x78, 0x89, 0x99, 0x99, 0x99, 
	0x9A, 0xAA, 0xAA, 0xAA, 0xAA, 0xAA, 0xAA, 0xAA, 0xAA, 0xAA, 0xBB, 0xBB, 0xBB, 0xBB, 0xBB, 
	0xBB, 0xBB, 0xBB, 0xBB, 0xCC, 0xCC, 0xCC, 0xCC, 0xCC, 0xCC, 0xCC, 0xCC, 0xCC, 0xCC, 0xCC, 
	0xCB, 0xBB, 0xBB, 0xBB, 0xBB, 0xBB, 0xBB, 0xBB, 0xBB, 0xAA, 0xAA, 0xAA, 0xAA, 0xAA, 0xA9, 
	0x98, 0x76, 0x65, 0x55, 0x44, 0x33, 0x33, 0x33, 0x33, 0x33, 0x33, 0x33, 0x44, 0x45, 0x55, 
	0x56, 0x65, 0x55, 0x54, 0x44, 0x33, 0x33, 0x33, 0x33, 0x44, 0x56, 0x78, 0x88, 0x99, 0xAA, 
	0xBB, 0xCC, 0xCC, 0xCC, 0xCB, 0xBB, 0xAA, 0x99, 0x99, 0x99, 0x9B, 0xDE, 0xEE, 0xEE, 0xEE, 
	0xEE, 0xEE, 0xEE, 0xEE, 0xEE, 0xDD, 0xEE, 0xEE, 0xEE, 0xEE, 0xEE, 0xEE, 0xDD, 0xEE, 0xDD, 
	0xED, 0xDD, 0xDD, 0xDD, 0xCA, 0x87, 0x65, 0x55, 0x55, 0x55, 0x55, 0x55, 0x55, 0x55, 0x55, 
	0x55, 0x55, 0x55, 0x55, 0x55, 0x55, 0x55, 0x55, 0x55, 0x55, 0x43, 0x33, 0x33, 0x34, 0x45, 
	0x55, 0x55, 0x55, 0x54, 0x44, 0x54, 0x55, 0x55, 0x55, 0x55, 0x55, 0x55, 0x55, 0x55, 0x55, 
	0x55, 0x55, 0x55, 0x55, 0x55, 0x55, 0x55, 0x55, 0x55, 0x55, 0x55, 0x43, 0x32, 0x33, 0x33, 
	0x33, 0x33, 0x33, 0x33, 0x33, 0x33, 0x44, 0x44, 0x44, 0x44, 0x45, 0x55, 0x55, 0x55, 0x55, 
	0x33, 0x44, 0x55, 0x55, 0x55, 0x55, 0x55, 0x55, 0x55, 0x55, 0x55, 0x55, 0x55, 0x55, 0x55, 
	0x44, 0x33, 0x34, 0x45, 0x55, 0x55, 0x54, 0x44, 0x43, 0x33, 0x33, 0x34, 0x44, 0x44, 0x45, 
	0x55, 0x55, 0x55, 0x55, 0x55, 0x55, 0x55, 0x56, 0x66, 0x66, 0x77, 0x88, 0x88, 0x99, 0x99, 
	0x99, 0x99, 0x99, 0x99, 0x99, 0x99, 0x88, 0x88, 0x87, 0x77, 0x66, 0x66, 0x65, 0x55, 0x55, 
	0x55, 0x55, 0x55, 0x55, 0x55, 0x55, 0x56, 0x8A, 0xCB, 0xAA, 0xAA, 0xAA, 0xAA, 0xAA, 0xA9, 
	0x99, 0x99, 0x99, 0x99, 0x99, 0x99, 0x98, 0x88, 0x77, 0x77, 0x78, 0x89, 0x9A, 0x9A, 0x99, 
	0x88, 0x87, 0x77, 0x76, 0x65, 0x54, 0x44, 0x33, 0x33, 0x34, 0x44, 0x44, 0x44, 0x55, 0x67, 
	0x99, 0xAA, 0xA9, 0x98, 0x76, 0x54, 0x33, 0x34, 0x45, 0x56, 0x77, 0x88, 0x99, 0x99, 0x99, 
	0x9A, 0xAA, 0xAA, 0xAA, 0xAA, 0xAA, 0xAA, 0xAA, 0xAA, 0xAA, 0xBB, 0xBB, 0xBB, 0xBB, 0xBB, 
	0xBB, 0xBB, 0xBB, 0xBB, 0xCC, 0xCC, 0xCC, 0xCC, 0xCC, 0xCC, 0xCC, 0xCC, 0xCC, 0xCC, 0xCC, 
	0xCB, 0xBB, 0xBB, 0xBB, 0xBB, 0xBB, 0xBB, 0xBB, 0xBB, 0xAA, 0xAA, 0xAA, 0xAA, 0xAA, 0x99, 
	0x88, 0x76, 0x65, 0x55, 0x44, 0x33, 0x33, 0x33, 0x33, 0x33, 0x33, 0x33, 0x44, 0x44, 0x44, 
	0x55, 0x55, 0x55, 0x44, 0x44, 0x33, 0x33, 0x33, 0x33, 0x34, 0x56, 0x78, 0x88, 0x99, 0xAA, 
	0xBB, 0xCC, 0xCC, 0xCC, 0xCC, 0xBB, 0xBB, 0xAA, 0x99, 0x99, 0x9B, 0xDE, 0xEE, 0xEE, 0xEE, 
	0xEE, 0xEE, 0xEE, 0xEE, 0xEE, 0xEE, 0xEE, 0xEE, 0xEE, 0xEE, 0xEE, 0xED, 0xDD, 0xDD, 0xEE, 
	0xED, 0xDD, 0xED, 0xDD, 0xDC, 0xA9, 0x76, 0x55, 0x54, 0x55, 0x55, 0x55, 0x55, 0x55, 0x55, 
	0x55, 0x55, 0x55, 0x55, 0x55, 0x55, 0x55, 0x55, 0x55, 0x55, 0x43, 0x33, 0x33, 0x33, 0x45, 
	0x55, 0x55, 0x55, 0x55, 0x55, 0x55, 0x55, 0x55, 0x55, 0x55, 0x55, 0x55, 0x55, 0x55, 0x55, 
	0x55, 0x55, 0x55, 0x55, 0x55, 0x55, 0x55, 0x55, 0x55, 0x55, 0x55, 0x54, 0x32, 0x33, 0x33, 
	0x33, 0x33, 0x33, 0x33, 0x33, 0x34, 0x44, 0x44, 0x44, 0x44, 0x45, 0x55, 0x55, 0x55, 0x55, 
	0x33, 0x44, 0x55, 0x55, 0x55, 0x55, 0x55, 0x55, 0x55, 0x55, 0x55, 0x55, 0x55, 0x55, 0x55, 
	0x44, 0x33, 0x34, 0x45, 0x55, 0x54, 0x44, 0x33, 0x33, 0x33, 0x34, 0x44, 0x45, 0x55, 0x55, 
	0x55, 0x55, 0x55, 0x55, 0x55, 0x55, 0x55, 0x56, 0x66, 0x66, 0x77, 0x88, 0x88, 0x99, 0x99, 
	0x99, 0x99, 0x99, 0x99, 0x99, 0x98, 0x88, 0x88, 0x77, 0x76, 0x66, 0x66, 0x66, 0x55, 0x55, 
	0x55, 0x55, 0x55, 0x55, 0x55, 0x55, 0x55, 0x79, 0xBB, 0xBA, 0xAA, 0xAA, 0xAA, 0xAA, 0xAA, 
	0x99, 0x99, 0x99, 0x99, 0x99, 0x99, 0x99, 0x88, 0x87, 0x77, 0x88, 0x9A, 0xAA, 0xA9, 0x99, 
	0x88, 0x87, 0x77, 0x66, 0x55, 0x44, 0x33, 0x33, 0x33, 0x33, 0x33, 0x44, 0x44, 0x56, 0x78, 
	0x9A, 0xBB, 0xBB, 0xAA, 0x87, 0x54, 0x43, 0x33, 0x44, 0x56, 0x67, 0x78, 0x99, 0x99, 0x9A, 
	0xA9, 0x9A, 0xAA, 0xAA, 0xAA, 0xAA, 0xAA, 0xAA, 0xAA, 0xAB, 0xBB, 0xBB, 0xBB, 0xBB, 0xBB, 
	0xBB, 0xBB, 0xBB, 0xBC, 0xCC, 0xCC, 0xCC, 0xCC, 0xCC, 0xCC, 0xCC, 0xCC, 0xCC, 0xCC, 0xCC, 
	0xCC, 0xBB, 0xBB, 0xBB, 0xBB, 0xBB, 0xBB, 0xBB, 0xBB, 0xBA, 0xBA, 0xAA, 0xAA, 0xAA, 0x99, 
	0x87, 0x76, 0x65, 0x54, 0x44, 0x33, 0x33, 0x33, 0x33, 0x33, 0x33, 0x33, 0x34, 0x44, 0x44, 
	0x44, 0x44, 0x44, 0x44, 0x44, 0x33, 0x33, 0x33, 0x33, 0x34, 0x56, 0x78, 0x88, 0x99, 0xAA, 
	0xBB, 0xCC, 0xCC, 0xCC, 0xCC, 0xCC, 0xCC, 0xBB, 0xAA, 0x99, 0x9B, 0xDE, 0xEE, 0xEE, 0xEE, 
	0xEE, 0xEE, 0xEE, 0xEE, 0xEE, 0xEE, 0xEE, 0xEE, 0xEE, 0xEE, 0xEE, 0xEE, 0xDD, 0xEE, 0xEE, 
	0xEE, 0xED, 0xDD, 0xDD, 0xDD, 0xCB, 0xA8, 0x76, 0x55, 0x55, 0x55, 0x55, 0x55, 0x55, 0x55, 
	0x55, 0x55, 0x55, 0x55, 0x55, 0x55, 0x55, 0x55, 0x55, 0x55, 0x43, 0x33, 0x33, 0x33, 0x45, 
	0x55, 0x55, 0x55, 0x55, 0x55, 0x55, 0x55, 0x55, 0x55, 0x55, 0x55, 0x55, 0x55, 0x55, 0x55, 
	0x55, 0x55, 0x55, 0x55, 0x55, 0x55, 0x55, 0x55, 0x55, 0x55, 0x55, 0x54, 0x32, 0x33, 0x33, 
	0x33, 0x33, 0x33, 0x33, 0x34, 0x44, 0x44, 0x44, 0x44, 0x44, 0x55, 0x55, 0x55, 0x55, 0x44, 
	0x34, 0x45, 0x55, 0x55, 0x55, 0x55, 0x55, 0x55, 0x55, 0x55, 0x55, 0x55, 0x55, 0x55, 0x55, 
	0x44, 0x33, 0x34, 0x45, 0x55, 0x44, 0x33, 0x33, 0x33, 0x34, 0x44, 0x44, 0x55, 0x55, 0x55, 
	0x55, 0x55, 0x55, 0x55, 0x55, 0x66, 0x55, 0x56, 0x65, 0x66, 0x77, 0x78, 0x88, 0x88, 0x88, 
	0x99, 0x99, 0x99, 0x88, 0x88, 0x88, 0x87, 0x77, 0x77, 0x76, 0x66, 0x66, 0x66, 0x55, 0x55, 
	0x55, 0x55, 0x55, 0x55, 0x55, 0x55, 0x55, 0x68, 0xAB, 0xBB, 0xAA, 0xAA, 0xAA, 0xAA, 0xAA, 
	0x99, 0x99, 0x99, 0x99, 0x99, 0x99, 0x99, 0x88, 0x88, 0x88, 0x99, 0xAA, 0xAA, 0xA9, 0x99, 
	0x88, 0x87, 0x77, 0x66, 0x55, 0x43, 0x44, 0x44, 0x44, 0x33, 0x33, 0x44, 0x44, 0x55, 0x67, 
	0x9A, 0xBB, 0xBB, 0xBA, 0x97, 0x64, 0x33, 0x33, 0x34, 0x55, 0x66, 0x78, 0x89, 0x99, 0x99, 
	0xA9, 0x9A, 0xAA, 0xAA, 0xAA, 0xAA, 0xAA, 0xAA, 0xAA, 0xAA, 0xBB, 0xBB, 0xBB, 0xBB, 0xBB, 
	0xBB, 0xBB, 0xBB, 0xCC, 0xCC, 0xCC, 0xCC, 0xCC, 0xCC, 0xCC, 0xCC, 0xCC, 0xCC, 0xCC, 0xCC, 
	0xCC, 0xBB, 0xBB, 0xBB, 0xBB, 0xBB, 0xBB, 0xBB, 0xBB, 0xBA, 0xBA, 0xAA, 0xAA, 0xAA, 0x98, 
	0x87, 0x76, 0x55, 0x54, 0x44, 0x33, 0x33, 0x33, 0x33, 0x33, 0x33, 0x33, 0x33, 0x44, 0x44, 
	0x44, 0x44, 0x44, 0x44, 0x43, 0x33, 0x33, 0x33, 0x33, 0x33, 0x45, 0x77, 0x88, 0x99, 0xAA, 
	0xBB, 0xCC, 0xCC, 0xCC, 0xCC, 0xCC, 0xCC, 0xCC, 0xBA, 0xA9, 0xAB, 0xDE, 0xEE, 0xEE, 0xEE, 
	0xEE, 0xEE, 0xEE, 0xEE, 0xEE, 0xEE, 0xEE, 0xEE, 0xEE, 0xEE, 0xEE, 0xEE, 0xEE, 0xEE, 0xEE, 
	0xED, 0xDD, 0xDD, 0xDD, 0xED, 0xDD, 0xCA, 0x87, 0x55, 0x55, 0x55, 0x55, 0x55, 0x55, 0x55, 
	0x55, 0x55, 0x55, 0x55, 0x55, 0x55, 0x55, 0x55, 0x55, 0x55, 0x44, 0x33, 0x33, 0x33, 0x45, 
	0x55, 0x55, 0x55, 0x55, 0x55, 0x55, 0x55, 0x55, 0x55, 0x55, 0x55, 0x55, 0x55, 0x55, 0x55, 
	0x55, 0x55, 0x55, 0x55, 0x55, 0x55, 0x55, 0x55, 0x55, 0x55, 0x55, 0x54, 0x33, 0x33, 0x33, 
	0x33, 0x33, 0x33, 0x33, 0x34, 0x44, 0x44, 0x44, 0x44, 0x44, 0x55, 0x55, 0x55, 0x44, 0x43, 
	0x34, 0x45, 0x55, 0x55, 0x55, 0x55, 0x55, 0x55, 0x55, 0x55, 0x55, 0x55, 0x55, 0x55, 0x55, 
	0x44, 0x33, 0x34, 0x45, 0x54, 0x43, 0x33, 0x33, 0x34, 0x44, 0x55, 0x55, 0x55, 0x55, 0x55, 
	0x55, 0x55, 0x55, 0x55, 0x55, 0x66, 0x66, 0x66, 0x55, 0x66, 0x67, 0x77, 0x78, 0x88, 0x88, 
	0x88, 0x88, 0x88, 0x88, 0x88, 0x88, 0x77, 0x77, 0x77, 0x66, 0x66, 0x66, 0x66, 0x55, 0x55, 
	0x55, 0x55, 0x55, 0x55, 0x55, 0x55, 0x55, 0x56, 0x9B, 0xBB, 0xAA, 0xAA, 0xAA, 0xAA, 0xAA, 
	0xA9, 0x99, 0x99, 0x99, 0x99, 0x99, 0x99, 0x88, 0x88, 0x89, 0x9A, 0xAB, 0xBA, 0xAA, 0x99, 
	0x88, 0x87, 0x77, 0x65, 0x54, 0x43, 0x45, 0x66, 0x54, 0x33, 0x33, 0x34, 0x44, 0x45, 0x67, 
	0x89, 0x9A, 0xAA, 0xAA, 0x97, 0x65, 0x43, 0x33, 0x33, 0x44, 0x56, 0x67, 0x88, 0x99, 0x99, 
	0x99, 0x9A, 0xAA, 0xAA, 0xAA, 0xAA, 0xAA, 0xAA, 0xAA, 0xAA, 0xAB, 0xBB, 0xBB, 0xBB, 0xBB, 
	0xBB, 0xBB, 0xBC, 0xCC, 0xCC, 0xCC, 0xCC, 0xCC, 0xCC, 0xCC, 0xCC, 0xCC, 0xCC, 0xCC, 0xCC, 
	0xCC, 0xCB, 0xBB, 0xBB, 0xBB, 0xBB, 0xBB, 0xBB, 0xBB, 0xBB, 0xBA, 0xAA, 0xAA, 0xA9, 0x98, 
	0x87, 0x66, 0x55, 0x54, 0x44, 0x33, 0x33, 0x33, 0x33, 0x33, 0x33, 0x33, 0x33, 0x33, 0x33, 
	0x34, 0x44, 0x44, 0x44, 0x33, 0x33, 0x33, 0x33, 0x33, 0x33, 0x45, 0x67, 0x89, 0x99, 0xAA, 
	0xBB, 0xCC, 0xCC, 0xCC, 0xCC, 0xCC, 0xCC, 0xCC, 0xCB, 0xAA, 0xAC, 0xDE, 0xEE, 0xEE, 0xEE, 
	0xEE, 0xEE, 0xEE, 0xEE, 0xEE, 0xEE, 0xEE, 0xEE, 0xEE, 0xEE, 0xEE, 0xEE, 0xEE, 0xEE, 0xEE, 
	0xEE, 0xEE, 0xDD, 0xDD, 0xDD, 0xDD, 0xDC, 0xB9, 0x76, 0x55, 0x55, 0x55, 0x55, 0x55, 0x55, 
	0x55, 0x55, 0x55, 0x55, 0x55, 0x55, 0x55, 0x55, 0x55, 0x55, 0x44, 0x33, 0x33, 0x33, 0x45, 
	0x55, 0x55, 0x55, 0x55, 0x55, 0x55, 0x55, 0x55, 0x55, 0x55, 0x55, 0x55, 0x55, 0x55, 0x55, 
	0x55, 0x55, 0x55, 0x55, 0x55, 0x55, 0x55, 0x55, 0x55, 0x55, 0x55, 0x54, 0x33, 0x33, 0x33, 
	0x33, 0x33, 0x33, 0x33, 0x34, 0x44, 0x44, 0x44, 0x44, 0x44, 0x55, 0x55, 0x54, 0x43, 0x33, 
	0x34, 0x45, 0x55, 0x55, 0x55, 0x55, 0x55, 0x55, 0x55, 0x55, 0x55, 0x55, 0x55, 0x55, 0x55, 
	0x44, 0x33, 0x34, 0x44, 0x44, 0x33, 0x33, 0x34, 0x44, 0x55, 0x55, 0x55, 0x55, 0x55, 0x55, 
	0x55, 0x55, 0x55, 0x55, 0x55, 0x56, 0x66, 0x66, 0x65, 0x56, 0x66, 0x77, 0x77, 0x88, 0x88, 
	0x88, 0x88, 0x88, 0x88, 0x88, 0x77, 0x77, 0x77, 0x76, 0x66, 0x66, 0x66, 0x65, 0x55, 0x55, 
	0x55, 0x55, 0x55, 0x55, 0x55, 0x55, 0x55, 0x56, 0x7A, 0xBB, 0xAA, 0xAA, 0xAA, 0xAA, 0xAA, 
	0xA9, 0x99, 0x99, 0x99, 0x99, 0x99, 0x99, 0x88, 0x88, 0x99, 0xAA, 0xBB, 0xBA, 0xA9, 0x99, 
	0x88, 0x87, 0x76, 0x65, 0x44, 0x33, 0x45, 0x77, 0x64, 0x43, 0x33, 0x34, 0x44, 0x45, 0x56, 
	0x77, 0x88, 0x99, 0x99, 0x87, 0x65, 0x43, 0x33, 0x33, 0x44, 0x56, 0x67, 0x78, 0x99, 0x99, 
	0x99, 0x9A, 0xAA, 0xAA, 0xAA, 0xAA, 0xAA, 0xAA, 0xAA, 0xAA, 0xAA, 0xBB, 0xBB, 0xBB, 0xBB, 
	0xBB, 0xBB, 0xBC, 0xCC, 0xCC, 0xCC, 0xCC, 0xCC, 0xCC, 0xCC, 0xCC, 0xCC, 0xCC, 0xCC, 0xCC, 
	0xCC, 0xCC, 0xBB, 0xBB, 0xBB, 0xBB, 0xBB, 0xBB, 0xBB, 0xBB, 0xBB, 0xAA, 0xAA, 0xA9, 0x98, 
	0x77, 0x65, 0x55, 0x54, 0x44, 0x43, 0x33, 0x33, 0x33, 0x33, 0x33, 0x33, 0x33, 0x33, 0x33, 
	0x34, 0x44, 0x43, 0x33, 0x33, 0x33, 0x33, 0x33, 0x33, 0x33, 0x45, 0x67, 0x89, 0x9A, 0xAA, 
	0xBB, 0xCC, 0xCC, 0xCC, 0xCC, 0xCC, 0xCC, 0xCC, 0xCC, 0xBB, 0xBD, 0xEE, 0xEE, 0xEE, 0xEE, 
	0xEE, 0xEE, 0xEE, 0xEE, 0xEE, 0xEE, 0xEE, 0xEE, 0xEE, 0xEE, 0xEE, 0xEE, 0xEE, 0xEE, 0xEE, 
	0xEE, 0xEE, 0xEE, 0xEE, 0xED, 0xDD, 0xDD, 0xCB, 0x97, 0x65, 0x45, 0x55, 0x55, 0x55, 0x55, 
	0x55, 0x55, 0x55, 0x55, 0x55, 0x55, 0x55, 0x55, 0x55, 0x55, 0x44, 0x33, 0x33, 0x33, 0x44, 
	0x55, 0x55, 0x55, 0x55, 0x55, 0x55, 0x55, 0x55, 0x55, 0x55, 0x55, 0x55, 0x55, 0x55, 0x55, 
	0x55, 0x55, 0x55, 0x55, 0x55, 0x55, 0x55, 0x55, 0x55, 0x55, 0x55, 0x55, 0x43, 0x33, 0x33, 
	0x33, 0x33, 0x33, 0x33, 0x44, 0x44, 0x44, 0x44, 0x44, 0x45, 0x44, 0x44, 0x44, 0x33, 0x33, 
	0x44, 0x45, 0x55, 0x55, 0x55, 0x55, 0x55, 0x55, 0x55, 0x55, 0x55, 0x55, 0x55, 0x55, 0x55, 
	0x44, 0x33, 0x34, 0x44, 0x43, 0x33, 0x34, 0x44, 0x55, 0x55, 0x55, 0x55, 0x55, 0x55, 0x55, 
	0x55, 0x55, 0x55, 0x55, 0x55, 0x55, 0x66, 0x66, 0x65, 0x55, 0x66, 0x67, 0x77, 0x77, 0x88, 
	0x88, 0x88, 0x88, 0x88, 0x87, 0x77, 0x77, 0x77, 0x76, 0x66, 0x66, 0x66, 0x65, 0x55, 0x55, 
	0x55, 0x55, 0x55, 0x55, 0x55, 0x55, 0x55, 0x55, 0x68, 0xAB, 0xBA, 0xAA, 0xAA, 0xAA, 0xAA, 
	0xAA, 0xA9, 0x99, 0x99, 0x99, 0x99, 0x99, 0x88, 0x99, 0xAA, 0xBB, 0xBB, 0xBB, 0xA9, 0x99, 
	0x88, 0x87, 0x76, 0x65, 0x44, 0x33, 0x45, 0x66, 0x54, 0x33, 0x33, 0x34, 0x44, 0x45, 0x55, 
	0x66, 0x67, 0x77, 0x87, 0x76, 0x55, 0x43, 0x33, 0x33, 0x34, 0x55, 0x67, 0x78, 0x89, 0x99, 
	0x99, 0xAA, 0xAA, 0xAA, 0xAA, 0xAA, 0xAA, 0xAA, 0xAA, 0xAA, 0xAA, 0xBB, 0xBB, 0xBB, 0xBB, 
	0xBB, 0xBB, 0xBC, 0xCC, 0xCC, 0xCC, 0xCC, 0xCC, 0xCC, 0xCC, 0xCC, 0xCC, 0xCC, 0xCC, 0xCC, 
	0xCC, 0xCC, 0xBB, 0xBB, 0xBB, 0xBB, 0xBB, 0xBB, 0xBB, 0xBB, 0xBB, 0xAA, 0xAA, 0xA9, 0x98, 
	0x76, 0x65, 0x55, 0x54, 0x44, 0x44, 0x33, 0x33, 0x33, 0x33, 0x33, 0x33, 0x33, 0x33, 0x33, 
	0x33, 0x33, 0x33, 0x33, 0x33, 0x33, 0x33, 0x33, 0x33, 0x33, 0x35, 0x67, 0x89, 0x9A, 0xAA, 
	0xBB, 0xCC, 0xCC, 0xCC, 0xCC, 0xCC, 0xCC, 0xCC, 0xCC, 0xCC, 0xCD, 0xEE, 0xEE, 0xEE, 0xEE, 
	0xEE, 0xEE, 0xEE, 0xEE, 0xEE, 0xEE, 0xEE, 0xEE, 0xEE, 0xEE, 0xEE, 0xEE, 0xEE, 0xED, 0xEE, 
	0xEE, 0xEE, 0xEE, 0xEE, 0xEE, 0xDD, 0xDD, 0xDC, 0xB9, 0x75, 0x55, 0x55, 0x55, 0x55, 0x55, 
	0x55, 0x55, 0x55, 0x55, 0x55, 0x55, 0x55, 0x55, 0x55, 0x55, 0x44, 0x33, 0x33, 0x33, 0x44, 
	0x55, 0x55, 0x55, 0x55, 0x55, 0x55, 0x55, 0x55, 0x55, 0x55, 0x55, 0x55, 0x55, 0x55, 0x55, 
	0x55, 0x55, 0x55, 0x55, 0x55, 0x55, 0x55, 0x55, 0x55, 0x55, 0x55, 0x55, 0x43, 0x33, 0x33, 
	0x33, 0x33, 0x33, 0x34, 0x44, 0x44, 0x44, 0x44, 0x44, 0x55, 0x44, 0x44, 0x33, 0x33, 0x33, 
	0x44, 0x55, 0x55, 0x55, 0x55, 0x55, 0x55, 0x55, 0x55, 0x55, 0x55, 0x55, 0x55, 0x55, 0x55, 
	0x44, 0x33, 0x33, 0x34, 0x33, 0x33, 0x44, 0x45, 0x55, 0x55, 0x55, 0x55, 0x55, 0x55, 0x55, 
	0x55, 0x55, 0x55, 0x55, 0x55, 0x55, 0x56, 0x66, 0x66, 0x55, 0x56, 0x67, 0x77, 0x77, 0x88, 
	0x77, 0x88, 0x88, 0x77, 0x77, 0x77, 0x77, 0x66, 0x66, 0x66, 0x66, 0x66, 0x55, 0x55, 0x55, 
	0x55, 0x55, 0x55, 0x55, 0x55, 0x55, 0x55, 0x55, 0x57, 0x9B, 0xBB, 0xAA, 0xA9, 0x9A, 0xAA, 
	0xAA, 0xAA, 0xA9, 0x99, 0x99, 0x99, 0x99, 0x88, 0x9A, 0xAB, 0xBB, 0xCC, 0xBB, 0xA9, 0x99, 
	0x98, 0x87, 0x76, 0x55, 0x43, 0x33, 0x34, 0x55, 0x44, 0x33, 0x33, 0x33, 0x44, 0x44, 0x44, 
	0x55, 0x56, 0x66, 0x66, 0x65, 0x54, 0x43, 0x33, 0x33, 0x34, 0x45, 0x66, 0x77, 0x89, 0x99, 
	0x9A, 0xAA, 0xAA, 0xAA, 0xAA, 0xAA, 0xAA, 0xAA, 0xAA, 0xAA, 0xAA, 0xBB, 0xBB, 0xBB, 0xBB, 
	0xBB, 0xBB, 0xCC, 0xCC, 0xCC, 0xCC, 0xCC, 0xCC, 0xCC, 0xCC, 0xCC, 0xCC, 0xCC, 0xCC, 0xCC, 
	0xCC, 0xCC, 0xBB, 0xBB, 0xBB, 0xBB, 0xBB, 0xBB, 0xBB, 0xBB, 0xBA, 0xAA, 0xAA, 0xA9, 0x98, 
	0x76, 0x65, 0x55, 0x55, 0x44, 0x44, 0x33, 0x33, 0x33, 0x33, 0x33, 0x33, 0x33, 0x33, 0x33, 
	0x33, 0x33, 0x33, 0x33, 0x33, 0x33, 0x33, 0x33, 0x33, 0x33, 0x34, 0x67, 0x89, 0x9A, 0xAA, 
	0xBB, 0xCC, 0xCC, 0xCC, 0xCC, 0xCC, 0xCC, 0xCC, 0xCC, 0xCC, 0xDE, 0xEE, 0xEE, 0xEE, 0xEE, 
	0xEE, 0xEE, 0xEE, 0xEE, 0xEE, 0xEE, 0xEE, 0xEE, 0xEE, 0xEE, 0xEE, 0xEE, 0xEE, 0xED, 0xEE, 
	0xEE, 0xEE, 0xEE, 0xED, 0xED, 0xDD, 0xDD, 0xDD, 0xCB, 0x96, 0x55, 0x55, 0x55, 0x55, 0x55, 
	0x55, 0x55, 0x55, 0x55, 0x55, 0x55, 0x55, 0x55, 0x55, 0x55, 0x44, 0x33, 0x33, 0x33, 0x44, 
	0x55, 0x55, 0x55, 0x55, 0x55, 0x55, 0x55, 0x55, 0x55, 0x55, 0x55, 0x55, 0x55, 0x55, 0x55, 
	0x55, 0x55, 0x55, 0x55, 0x55, 0x55, 0x55, 0x55, 0x55, 0x55, 0x55, 0x55, 0x43, 0x33, 0x33, 
	0x33, 0x33, 0x33, 0x44, 0x44, 0x44, 0x44, 0x44, 0x44, 0x54, 0x44, 0x43, 0x33, 0x33, 0x33, 
	0x44, 0x55, 0x55, 0x55, 0x55, 0x55, 0x55, 0x55, 0x55, 0x55, 0x55, 0x55, 0x55, 0x55, 0x55, 
	0x44, 0x33, 0x33, 0x33, 0x33, 0x34, 0x44, 0x55, 0x55, 0x55, 0x55, 0x55, 0x55, 0x55, 0x55, 
	0x55, 0x55, 0x55, 0x55, 0x55, 0x55, 0x56, 0x66, 0x66, 0x55, 0x55, 0x66, 0x77, 0x77, 0x77, 
	0x77, 0x77, 0x77, 0x77, 0x77, 0x77, 0x76, 0x66, 0x66, 0x66, 0x66, 0x65, 0x55, 0x55, 0x55, 
	0x55, 0x55, 0x55, 0x55, 0x55, 0x55, 0x55, 0x55, 0x56, 0x79, 0xBB, 0xBA, 0xAA, 0x9A, 0xAA, 
	0xAA, 0xAA, 0xAA, 0xAA, 0x99, 0x99, 0x99, 0x99, 0x9A, 0xBB, 0xCC, 0xCC, 0xBB, 0xA9, 0x99, 
	0x98, 0x87, 0x76, 0x54, 0x43, 0x33, 0x33, 0x44, 0x43, 0x33, 0x33, 0x33, 0x33, 0x44, 0x44, 
	0x44, 0x44, 0x55, 0x55, 0x55, 0x44, 0x43, 0x33, 0x33, 0x33, 0x45, 0x56, 0x77, 0x88, 0x99, 
	0x9A, 0xAA, 0xAA, 0xAA, 0xAA, 0xAA, 0xAA, 0xAA, 0xAA, 0xAA, 0xAA, 0xAB, 0xBB, 0xBB, 0xBB, 
	0xBB, 0xBB, 0xCC, 0xCC, 0xCC, 0xCC, 0xCC, 0xCC, 0xCC, 0xCC, 0xCC, 0xCC, 0xCC, 0xCC, 0xCC, 
	0xCC, 0xCC, 0xCB, 0xBB, 0xBB, 0xBB, 0xBB, 0xBB, 0xBB, 0xBB, 0xBA, 0xAA, 0xAA, 0xA9, 0x87, 
	0x76, 0x55, 0x55, 0x55, 0x44, 0x44, 0x33, 0x33, 0x33, 0x33, 0x33, 0x33, 0x33, 0x33, 0x33, 
	0x33, 0x33, 0x33, 0x33, 0x33, 0x33, 0x33, 0x33, 0x33, 0x33, 0x34, 0x67, 0x89, 0x9A, 0xAA, 
	0xBB, 0xBC, 0xCC, 0xCC, 0xCC, 0xCC, 0xCC, 0xCC, 0xCC, 0xDD, 0xDE, 0xEE, 0xEE, 0xEE, 0xEE, 
	0xEE, 0xEE, 0xEE, 0xEE, 0xEE, 0xEE, 0xEE, 0xEE, 0xEE, 0xEE, 0xEE, 0xEE, 0xEE, 0xEE, 0xEE, 
	0xEE, 0xEE, 0xED, 0xEE, 0xEE, 0xDD, 0xDD, 0xDD, 0xDC, 0xA7, 0x65, 0x55, 0x55, 0x55, 0x55, 
	0x55, 0x55, 0x55, 0x55, 0x55, 0x55, 0x55, 0x55, 0x55, 0x55, 0x44, 0x33, 0x33, 0x33, 0x44, 
	0x55, 0x55, 0x55, 0x55, 0x55, 0x55, 0x55, 0x55, 0x55, 0x55, 0x55, 0x55, 0x55, 0x55, 0x55, 
	0x55, 0x55, 0x55, 0x55, 0x55, 0x55, 0x55, 0x55, 0x55, 0x55, 0x55, 0x65, 0x44, 0x33, 0x33, 
	0x34, 0x44, 0x44, 0x44, 0x44, 0x44, 0x44, 0x44, 0x44, 0x44, 0x44, 0x33, 0x33, 0x33, 0x33, 
	0x44, 0x55, 0x55, 0x55, 0x55, 0x55, 0x55, 0x55, 0x55, 0x55, 0x55, 0x55, 0x55, 0x55, 0x55, 
	0x54, 0x33, 0x33, 0x33, 0x33, 0x44, 0x55, 0x55, 0x55, 0x55, 0x55, 0x55, 0x55, 0x55, 0x55, 
	0x55, 0x55, 0x55, 0x55, 0x55, 0x55, 0x55, 0x66, 0x66, 0x55, 0x55, 0x56, 0x66, 0x77, 0x77, 
	0x77, 0x77, 0x77, 0x77, 0x77, 0x77, 0x66, 0x66, 0x66, 0x66, 0x66, 0x55, 0x55, 0x55, 0x55, 
	0x55, 0x55, 0x55, 0x55, 0x55, 0x55, 0x55, 0x55, 0x55, 0x68, 0xAB, 0xBB, 0xAA, 0x9A, 0xA9, 
	0xAA, 0xAA, 0xAA, 0xAA, 0xA9, 0x99, 0x99, 0x99, 0xAB, 0xBC, 0xCC, 0xCC, 0xBB, 0xAA, 0x99, 
	0x98, 0x88, 0x66, 0x54, 0x43, 0x33, 0x33, 0x33, 0x33, 0x33, 0x33, 0x33, 0x33, 0x34, 0x44, 
	0x44, 0x44, 0x44, 0x44, 0x44, 0x44, 0x43, 0x33, 0x33, 0x33, 0x44, 0x56, 0x77, 0x88, 0x99, 
	0x9A, 0xAA, 0xAA, 0xAA, 0xAA, 0xAA, 0xAA, 0xAA, 0xAA, 0xAA, 0xAA, 0xAB, 0xBB, 0xBB, 0xBB, 
	0xBB, 0xBC, 0xCC, 0xCC, 0xCC, 0xCC, 0xCC, 0xCC, 0xCC, 0xCC, 0xCC, 0xCC, 0xCC, 0xCC, 0xCC, 
	0xCC, 0xCC, 0xCC, 0xBB, 0xBB, 0xBB, 0xBB, 0xBB, 0xBB, 0xBB, 0xBA, 0xAA, 0xAA, 0xA9, 0x87, 
	0x66, 0x55, 0x55, 0x55, 0x54, 0x44, 0x33, 0x33, 0x33, 0x33, 0x33, 0x33, 0x33, 0x33, 0x33, 
	0x33, 0x33, 0x33, 0x33, 0x33, 0x33, 0x33, 0x33, 0x33, 0x33, 0x34, 0x67, 0x89, 0x9A, 0xAA, 
	0xBB, 0xBC, 0xCC, 0xCC, 0xCC, 0xCC, 0xCC, 0xCC, 0xCD, 0xDD, 0xEE, 0xEE, 0xEE, 0xEE, 0xEE, 
	0xEE, 0xEE, 0xEE, 0xEE, 0xEE, 0xEE, 0xEE, 0xEE, 0xEE, 0xEE, 0xEE, 0xEE, 0xEE, 0xEE, 0xEE, 
	0xEE, 0xEE, 0xEE, 0xEE, 0xEE, 0xDD, 0xDD, 0xDD, 0xCC, 0xB8, 0x65, 0x55, 0x55, 0x55, 0x55, 
	0x55, 0x55, 0x55, 0x55, 0x55, 0x55, 0x55, 0x55, 0x55, 0x55, 0x54, 0x43, 0x33, 0x33, 0x34, 
	0x55, 0x55, 0x55, 0x55, 0x55, 0x55, 0x55, 0x55, 0x55, 0x55, 0x55, 0x55, 0x55, 0x55, 0x55, 
	0x55, 0x55, 0x55, 0x55, 0x55, 0x55, 0x55, 0x55, 0x55, 0x55, 0x56, 0x66, 0x54, 0x33, 0x33, 
	0x34, 0x44, 0x44, 0x44, 0x44, 0x44, 0x44, 0x44, 0x44, 0x44, 0x33, 0x33, 0x33, 0x33, 0x33, 
	0x44, 0x55, 0x55, 0x55, 0x55, 0x55, 0x55, 0x55, 0x55, 0x55, 0x55, 0x55, 0x55, 0x55, 0x55, 
	0x44, 0x33, 0x33, 0x33, 0x44, 0x44, 0x55, 0x55, 0x55, 0x55, 0x55, 0x55, 0x55, 0x55, 0x55, 
	0x55, 0x55, 0x55, 0x55, 0x55, 0x55, 0x55, 0x56, 0x66, 0x55, 0x55, 0x55, 0x66, 0x66, 0x77, 
	0x77, 0x77, 0x77, 0x77, 0x77, 0x76, 0x66, 0x66, 0x66, 0x66, 0x55, 0x55, 0x55, 0x55, 0x55, 
	0x55, 0x55, 0x55, 0x55, 0x55, 0x55, 0x55, 0x55, 0x55, 0x67, 0x9B, 0xCB, 0xAA, 0xAA, 0x9A, 
	0xAA, 0xAA, 0xAA, 0xAA, 0xA9, 0x99, 0x99, 0x9A, 0xAB, 0xBC, 0xCC, 0xCC, 0xBB, 0xAA, 0x99, 
	0x98, 0x88, 0x76, 0x54, 0x43, 0x33, 0x33, 0x33, 0x33, 0x33, 0x33, 0x33, 0x33, 0x33, 0x44, 
	0x44, 0x44, 0x44, 0x44, 0x44, 0x44, 0x33, 0x33, 0x33, 0x33, 0x44, 0x56, 0x67, 0x88, 0x89, 
	0x9A, 0xAA, 0xAA, 0xAA, 0xAA, 0xAA, 0xAA, 0xAA, 0xAA, 0xAA, 0xAA, 0xAB, 0xBB, 0xBB, 0xBB, 
	0xBB, 0xBC, 0xCC, 0xCC, 0xCC, 0xCC, 0xCC, 0xCC, 0xCC, 0xCC, 0xCC, 0xCC, 0xCC, 0xCC, 0xCC, 
	0xCC, 0xCC, 0xCC, 0xCB, 0xBB, 0xBB, 0xBB, 0xBB, 0xBB, 0xBB, 0xBA, 0xAA, 0xAA, 0xA9, 0x87, 
	0x66, 0x55, 0x56, 0x55, 0x54, 0x44, 0x33, 0x33, 0x33, 0x33, 0x33, 0x33, 0x33, 0x33, 0x33, 
	0x33, 0x33, 0x33, 0x33, 0x33, 0x33, 0x33, 0x33, 0x33, 0x33, 0x34, 0x67, 0x89, 0x9A, 0xAA, 
	0xBB, 0xBC, 0xCC, 0xCC, 0xCC, 0xCC, 0xCC, 0xCC, 0xCD, 0xDE, 0xEE, 0xEE, 0xEE, 0xEE, 0xEE, 
	0xEE, 0xEE, 0xEE, 0xEE, 0xEE, 0xEE, 0xEE, 0xEE, 0xEE, 0xEE, 0xEE, 0xEE, 0xEE, 0xEE, 0xEE, 
	0xEE, 0xEE, 0xEE, 0xEE, 0xEE, 0xDD, 0xDD, 0xDD, 0xDC, 0xB8, 0x65, 0x55, 0x55, 0x55, 0x55, 
	0x55, 0x55, 0x55, 0x55, 0x55, 0x55, 0x55, 0x55, 0x55, 0x55, 0x54, 0x43, 0x33, 0x33, 0x34, 
	0x45, 0x55, 0x55, 0x55, 0x55, 0x55, 0x55, 0x55, 0x55, 0x55, 0x55, 0x55, 0x55, 0x55, 0x55, 
	0x55, 0x55, 0x55, 0x55, 0x55, 0x55, 0x55, 0x55, 0x55, 0x56, 0x66, 0x66, 0x54, 0x44, 0x44, 
	0x44, 0x44, 0x44, 0x44, 0x44, 0x44, 0x44, 0x44, 0x44, 0x43, 0x33, 0x33, 0x33, 0x33, 0x33, 
	0x44, 0x55, 0x55, 0x55, 0x55, 0x55, 0x55, 0x55, 0x55, 0x55, 0x55, 0x55, 0x55, 0x55, 0x55, 
	0x44, 0x33, 0x33, 0x34, 0x44, 0x45, 0x55, 0x55, 0x55, 0x55, 0x55, 0x55, 0x55, 0x55, 0x55, 
	0x55, 0x55, 0x55, 0x55, 0x55, 0x55, 0x55, 0x55, 0x66, 0x55, 0x55, 0x55, 0x66, 0x66, 0x77, 
	0x66, 0x66, 0x66, 0x76, 0x66, 0x66, 0x66, 0x66, 0x66, 0x65, 0x55, 0x55, 0x55, 0x55, 0x55, 
	0x55, 0x55, 0x55, 0x55, 0x55, 0x55, 0x55, 0x55, 0x55, 0x56, 0x8A, 0xBB, 0xBA, 0xAA, 0xAA, 
	0xAA, 0xAA, 0xAA, 0xAA, 0xA9, 0x99, 0x9A, 0xAA, 0xBB, 0xCC, 0xCC, 0xCC, 0xBB, 0xAA, 0x99, 
	0x99, 0x88, 0x76, 0x54, 0x43, 0x33, 0x33, 0x33, 0x33, 0x33, 0x33, 0x33, 0x33, 0x33, 0x33, 
	0x33, 0x34, 0x44, 0x44, 0x44, 0x43, 0x33, 0x33, 0x33, 0x33, 0x34, 0x55, 0x67, 0x78, 0x89, 
	0x9A, 0xAA, 0xAA, 0xAA, 0xAA, 0xAA, 0xAA, 0xAA, 0xAA, 0xAA, 0xAA, 0xAB, 0xBB, 0xBB, 0xBB, 
	0xBC, 0xCC, 0xCC, 0xCC, 0xCC, 0xCC, 0xCC, 0xCC, 0xCC, 0xCC, 0xCC, 0xCC, 0xCC, 0xCC, 0xCC, 
	0xCC, 0xCC, 0xCC, 0xCB, 0xBB, 0xBB, 0xBB, 0xBB, 0xBB, 0xBB, 0xBB, 0xBA, 0xAA, 0xA9, 0x87, 
	0x65, 0x55, 0x56, 0x65, 0x55, 0x44, 0x33, 0x33, 0x33, 0x33, 0x33, 0x33, 0x33, 0x33, 0x33, 
	0x33, 0x33, 0x33, 0x33, 0x33, 0x33, 0x33, 0x33, 0x33, 0x33, 0x34, 0x67, 0x89, 0x9A, 0xAA, 
	0xAB, 0xBC, 0xCC, 0xCC, 0xCC, 0xCC, 0xCC, 0xCC, 0xDD, 0xDE, 0xEE, 0xEE, 0xEE, 0xEE, 0xEE, 
	0xEE, 0xEE, 0xEE, 0xEE, 0xEE, 0xEE, 0xEE, 0xEE, 0xEE, 0xEE, 0xEE, 0xEE, 0xEE, 0xEE, 0xEE, 
	0xEE, 0xEE, 0xEE, 0xEE, 0xEE, 0xDD, 0xDD, 0xDD, 0xDC, 0xB9, 0x65, 0x55, 0x55, 0x55, 0x55, 
	0x55, 0x55, 0x55, 0x55, 0x55, 0x55, 0x55, 0x55, 0x55, 0x55, 0x54, 0x43, 0x33, 0x33, 0x34, 
	0x45, 0x55, 0x55, 0x55, 0x55, 0x55, 0x55, 0x55, 0x55, 0x55, 0x55, 0x55, 0x55, 0x55, 0x55, 
	0x55, 0x55, 0x55, 0x55, 0x55, 0x55, 0x55, 0x55, 0x56, 0x66, 0x66, 0x66, 0x54, 0x44, 0x44, 
	0x44, 0x44, 0x44, 0x44, 0x44, 0x54, 0x44, 0x44, 0x44, 0x33, 0x33, 0x33, 0x33, 0x33, 0x33, 
	0x45, 0x55, 0x55, 0x55, 0x55, 0x55, 0x55, 0x55, 0x55, 0x55, 0x55, 0x55, 0x55, 0x55, 0x54, 
	0x44, 0x33, 0x33, 0x44, 0x55, 0x55, 0x55, 0x55, 0x55, 0x55, 0x55, 0x55, 0x55, 0x55, 0x55, 
	0x55, 0x55, 0x55, 0x55, 0x55, 0x55, 0x55, 0x55, 0x56, 0x55, 0x54, 0x45, 0x56, 0x66, 0x66, 
	0x66, 0x66, 0x66, 0x66, 0x66, 0x66, 0x66, 0x66, 0x65, 0x55, 0x55, 0x55, 0x55, 0x55, 0x55, 
	0x55, 0x55, 0x55, 0x55, 0x55, 0x55, 0x55, 0x55, 0x55, 0x55, 0x79, 0xBB, 0xBA, 0xAA, 0xAA, 
	0xAA, 0xAA, 0xAA, 0xAA, 0xAA, 0xAA, 0xAA, 0xBB, 0xCC, 0xCC, 0xCC, 0xCC, 0xBB, 0xBA, 0x99, 
	0x99, 0x88, 0x75, 0x54, 0x43, 0x33, 0x33, 0x33, 0x33, 0x33, 0x33, 0x33, 0x33, 0x33, 0x33, 
	0x33, 0x33, 0x33, 0x33, 0x33, 0x33, 0x33, 0x33, 0x33, 0x33, 0x34, 0x55, 0x66, 0x78, 0x89, 
	0x9A, 0xAA, 0xAA, 0xAA, 0xAA, 0xAA, 0xAA, 0xAA, 0xAA, 0xAA, 0xAA, 0xAB, 0xBB, 0xBB, 0xBB, 
	0xBC, 0xCC, 0xCC, 0xCC, 0xCC, 0xCC, 0xCC, 0xCC, 0xCC, 0xCC, 0xCC, 0xCC, 0xCC, 0xCC, 0xCC, 
	0xCC, 0xCC, 0xCC, 0xCB, 0xBB, 0xBB, 0xBB, 0xBB, 0xBB, 0xBB, 0xBB, 0xBB, 0xAA, 0xA9, 0x87, 
	0x65, 0x55, 0x66, 0x66, 0x55, 0x44, 0x33, 0x33, 0x33, 0x33, 0x23, 0x33, 0x33, 0x33, 0x33, 
	0x23, 0x33, 0x23, 0x33, 0x33, 0x33, 0x33, 0x33, 0x33, 0x33, 0x34, 0x67, 0x89, 0xAA, 0xAA, 
	0xAB, 0xBC, 0xCC, 0xCC, 0xCC, 0xCC, 0xCC, 0xCC, 0xDD, 0xEE, 0xEE, 0xEE, 0xEE, 0xEE, 0xEE, 
	0xEE, 0xEE, 0xEE, 0xEE, 0xEE, 0xEE, 0xEE, 0xEE, 0xEE, 0xEE, 0xEE, 0xEE, 0xEE, 0xEE, 0xEE, 
	0xED, 0xDD, 0xDD, 0xDE, 0xED, 0xDD, 0xDD, 0xDD, 0xDC, 0xB8, 0x65, 0x55, 0x55, 0x55, 0x55, 
	0x55, 0x55, 0x55, 0x55, 0x55, 0x55, 0x55, 0x55, 0x55, 0x55, 0x54, 0x44, 0x33, 0x33, 0x33, 
	0x45, 0x55, 0x55, 0x55, 0x55, 0x55, 0x55, 0x55, 0x55, 0x55, 0x55, 0x55, 0x55, 0x55, 0x55, 
	0x55, 0x55, 0x55, 0x55, 0x55, 0x55, 0x55, 0x56, 0x66, 0x66, 0x66, 0x66, 0x55, 0x55, 0x44, 
	0x44, 0x44, 0x44, 0x44, 0x44, 0x44, 0x44, 0x44, 0x43, 0x33, 0x33, 0x33, 0x33, 0x33, 0x33, 
	0x45, 0x55, 0x55, 0x55, 0x55, 0x55, 0x55, 0x55, 0x55, 0x55, 0x55, 0x55, 0x55, 0x55, 0x44, 
	0x43, 0x33, 0x33, 0x44, 0x55, 0x55, 0x55, 0x55, 0x55, 0x55, 0x55, 0x55, 0x55, 0x55, 0x55, 
	0x55, 0x55, 0x55, 0x55, 0x55, 0x55, 0x55, 0x55, 0x55, 0x55, 0x54, 0x45, 0x56, 0x66, 0x66, 
	0x66, 0x66, 0x66, 0x66, 0x66, 0x66, 0x66, 0x66, 0x55, 0x55, 0x55, 0x55, 0x55, 0x55, 0x55, 
	0x55, 0x55, 0x55, 0x55, 0x55, 0x55, 0x55, 0x55, 0x55, 0x55, 0x68, 0xAB, 0xBB, 0xAA, 0xAA, 
	0xAA, 0xAA, 0xAA, 0xAA, 0xAA, 0xAA, 0xBB, 0xBC, 0xCC, 0xCC, 0xCC, 0xCC, 0xCB, 0xBA, 0xA9, 
	0x99, 0x88, 0x75, 0x44, 0x43, 0x33, 0x33, 0x33, 0x33, 0x33, 0x33, 0x33, 0x33, 0x33, 0x33, 
	0x33, 0x33, 0x33, 0x33, 0x33, 0x33, 0x33, 0x33, 0x33, 0x33, 0x34, 0x55, 0x66, 0x77, 0x89, 
	0x9A, 0xAA, 0xAA, 0xAA, 0xAA, 0xAA, 0xAA, 0xAA, 0xAA, 0xAA, 0xAA, 0xAB, 0xBB, 0xBB, 0xBB, 
	0xCC, 0xCC, 0xCC, 0xCC, 0xCC, 0xCC, 0xCC, 0xCC, 0xCC, 0xCC, 0xCC, 0xCC, 0xCC, 0xCC, 0xCC, 
	0xCC, 0xCC, 0xCC, 0xCB, 0xBB, 0xBB, 0xBB, 0xBB, 0xBB, 0xBB, 0xBB, 0xBB, 0xAA, 0xA9, 0x87, 
	0x65, 0x55, 0x66, 0x66, 0x65, 0x54, 0x33, 0x33, 0x33, 0x32, 0x23, 0x33, 0x33, 0x33, 0x33, 
	0x23, 0x33, 0x22, 0x33, 0x33, 0x33, 0x33, 0x33, 0x33, 0x33, 0x34, 0x68, 0x89, 0xAA, 0xAA, 
	0xAB, 0xBC, 0xCC, 0xCC, 0xCC, 0xCC, 0xCC, 0xCD, 0xDE, 0xEE, 0xEE, 0xEE, 0xEE, 0xEE, 0xEE, 
	0xEE, 0xEE, 0xEE, 0xEE, 0xEE, 0xEE, 0xEE, 0xEE, 0xEE, 0xEE, 0xEE, 0xEE, 0xEE, 0xEE, 0xEE, 
	0xED, 0xDD, 0xDD, 0xDD, 0xED, 0xDD, 0xDD, 0xDD, 0xCB, 0xA7, 0x55, 0x55, 0x55, 0x55, 0x55, 
	0x55, 0x55, 0x55, 0x55, 0x55, 0x55, 0x55, 0x55, 0x55, 0x55, 0x55, 0x44, 0x33, 0x33, 0x33, 
	0x44, 0x55, 0x55, 0x55, 0x55, 0x55, 0x55, 0x55, 0x55, 0x55, 0x55, 0x55, 0x55, 0x55, 0x55, 
	0x55, 0x55, 0x55, 0x55, 0x55, 0x55, 0x56, 0x66, 0x66, 0x66, 0x66, 0x66, 0x65, 0x55, 0x45, 
	0x55, 0x55, 0x44, 0x44, 0x44, 0x44, 0x44, 0x44, 0x43, 0x33, 0x33, 0x33, 0x33, 0x33, 0x33, 
	0x45, 0x55, 0x55, 0x55, 0x55, 0x55, 0x55, 0x55, 0x55, 0x55, 0x55, 0x55, 0x55, 0x55, 0x44, 
	0x33, 0x33, 0x33, 0x44, 0x55, 0x55, 0x55, 0x55, 0x55, 0x55, 0x55, 0x55, 0x55, 0x55, 0x55, 
	0x55, 0x55, 0x55, 0x55, 0x55, 0x55, 0x55, 0x55, 0x55, 0x55, 0x44, 0x44, 0x56, 0x66, 0x66, 
	0x66, 0x66, 0x66, 0x66, 0x66, 0x66, 0x66, 0x66, 0x55, 0x55, 0x55, 0x55, 0x55, 0x55, 0x55, 
	0x55, 0x55, 0x55, 0x55, 0x55, 0x55, 0x55, 0x55, 0x55, 0x55, 0x57, 0xAB, 0xBB, 0xAA, 0xAA, 
	0xAA, 0xAA, 0xAA, 0xAA, 0xAA, 0xBB, 0xBB, 0xCC, 0xCC, 0xCC, 0xCC, 0xCC, 0xCB, 0xBA, 0xA9, 
	0x99, 0x88, 0x75, 0x44, 0x43, 0x33, 0x33, 0x33, 0x33, 0x33, 0x33, 0x33, 0x33, 0x33, 0x33, 
	0x33, 0x33, 0x33, 0x33, 0x33, 0x33, 0x33, 0x33, 0x33, 0x33, 0x34, 0x45, 0x66, 0x77, 0x89, 
	0x9A, 0xAA, 0xAA, 0xAA, 0xAA, 0xAA, 0xAA, 0xAA, 0xAA, 0xAA, 0xAA, 0xAB, 0xBB, 0xBB, 0xBC, 
	0xCC, 0xCC, 0xCC, 0xCC, 0xCC, 0xCC, 0xCC, 0xCD, 0xCC, 0xCC, 0xCC, 0xCC, 0xCC, 0xCC, 0xCC, 
	0xCC, 0xCC, 0xCC, 0xCC, 0xBB, 0xBB, 0xBB, 0xBB, 0xBB, 0xBB, 0xBB, 0xBB, 0xAA, 0xA9, 0x87, 
	0x65, 0x55, 0x67, 0x77, 0x66, 0x54, 0x43, 0x33, 0x33, 0x32, 0x22, 0x33, 0x33, 0x33, 0x33, 
	0x33, 0x33, 0x33, 0x33, 0x33, 0x33, 0x33, 0x33, 0x33, 0x33, 0x34, 0x68, 0x89, 0xAA, 0xAA, 
	0xAB, 0xBC, 0xCC, 0xCC, 0xCC, 0xCC, 0xCC, 0xCD, 0xDE, 0xEE, 0xEE, 0xEE, 0xEE, 0xEE, 0xEE, 
	0xEE, 0xEE, 0xEE, 0xEE, 0xEE, 0xEE, 0xEE, 0xEE, 0xEE, 0xEE, 0xEE, 0xEE, 0xEE, 0xEE, 0xEE, 
	0xDD, 0xDD, 0xDD, 0xDD, 0xED, 0xDD, 0xDD, 0xDD, 0xCB, 0x96, 0x55, 0x55, 0x55, 0x55, 0x55, 
	0x55, 0x55, 0x55, 0x55, 0x55, 0x55, 0x55, 0x55, 0x55, 0x55, 0x55, 0x44, 0x33, 0x33, 0x33, 
	0x44, 0x55, 0x55, 0x55, 0x55, 0x55, 0x55, 0x55, 0x55, 0x55, 0x55, 0x55, 0x55, 0x55, 0x55, 
	0x55, 0x55, 0x55, 0x55, 0x55, 0x55, 0x66, 0x66, 0x66, 0x66, 0x66, 0x67, 0x66, 0x55, 0x45, 
	0x55, 0x55, 0x55, 0x55, 0x55, 0x54, 0x44, 0x44, 0x44, 0x33, 0x33, 0x33, 0x33, 0x33, 0x33, 
	0x45, 0x55, 0x55, 0x55, 0x55, 0x55, 0x55, 0x55, 0x55, 0x55, 0x55, 0x55, 0x55, 0x54, 0x43, 
	0x33, 0x33, 0x33, 0x44, 0x55, 0x55, 0x55, 0x55, 0x55, 0x55, 0x55, 0x55, 0x55, 0x55, 0x55, 
	0x55, 0x55, 0x55, 0x55, 0x55, 0x55, 0x55, 0x55, 0x55, 0x55, 0x44, 0x44, 0x55, 0x66, 0x66, 
	0x55, 0x66, 0x66, 0x66, 0x66, 0x55, 0x56, 0x65, 0x55, 0x55, 0x55, 0x55, 0x55, 0x55, 0x55, 
	0x55, 0x55, 0x55, 0x55, 0x55, 0x55, 0x55, 0x55, 0x55, 0x55, 0x57, 0x9B, 0xBB, 0xBA, 0xAA, 
	0xAA, 0xAA, 0xAA, 0xAB, 0xBB, 0xBB, 0xCC, 0xCC, 0xCC, 0xCC, 0xCC, 0xCC, 0xCC, 0xBA, 0xA9, 
	0x99, 0x88, 0x75, 0x44, 0x43, 0x33, 0x33, 0x33, 0x33, 0x33, 0x33, 0x33, 0x33, 0x33, 0x33, 
	0x33, 0x33, 0x33, 0x33, 0x33, 0x33, 0x33, 0x33, 0x33, 0x33, 0x34, 0x45, 0x66, 0x77, 0x89, 
	0x9A, 0xAA, 0xAA, 0xAA, 0xAA, 0xAA, 0xAA, 0xAA, 0xAA, 0xAA, 0xAA, 0xAB, 0xBB, 0xBB, 0xBC, 
	0xCC, 0xCC, 0xCC, 0xCC, 0xCC, 0xCC, 0xCC, 0xDD, 0xCC, 0xCC, 0xCC, 0xCC, 0xCC, 0xCC, 0xCC, 
	0xCC, 0xCC, 0xCC, 0xCC, 0xCC, 0xBB, 0xBB, 0xBB, 0xBB, 0xBB, 0xBB, 0xBB, 0xAA, 0xA9, 0x87, 
	0x66, 0x56, 0x67, 0x77, 0x76, 0x54, 0x43, 0x33, 0x33, 0x22, 0x22, 0x33, 0x33, 0x33, 0x33, 
	0x33, 0x33, 0x33, 0x33, 0x33, 0x33, 0x33, 0x33, 0x33, 0x33, 0x45, 0x68, 0x99, 0xAA, 0xAA, 
	0xAB, 0xBC, 0xCC, 0xCC, 0xCC, 0xCC, 0xCC, 0xCD, 0xDE, 0xEE, 0xEE, 0xEE, 0xEE, 0xEE, 0xEE, 
	0xEE, 0xEE, 0xEE, 0xEE, 0xEE, 0xEE, 0xEE, 0xEE, 0xEE, 0xEE, 0xEE, 0xEE, 0xEE, 0xEE, 0xEE, 
	0xED, 0xDD, 0xDD, 0xDD, 0xDD, 0xDD, 0xDD, 0xDD, 0xCA, 0x86, 0x45, 0x55, 0x55, 0x55, 0x55, 
	0x55, 0x55, 0x55, 0x55, 0x55, 0x55, 0x55, 0x55, 0x55, 0x55, 0x55, 0x44, 0x33, 0x33, 0x33, 
	0x44, 0x55, 0x55, 0x55, 0x55, 0x55, 0x55, 0x55, 0x55, 0x55, 0x55, 0x55, 0x55, 0x55, 0x55, 
	0x55, 0x55, 0x55, 0x55, 0x55, 0x55, 0x66, 0x66, 0x66, 0x66, 0x66, 0x77, 0x77, 0x65, 0x55, 
	0x55, 0x55, 0x55, 0x55, 0x55, 0x55, 0x44, 0x44, 0x44, 0x44, 0x33, 0x33, 0x33, 0x33, 0x33, 
	0x45, 0x55, 0x55, 0x55, 0x55, 0x55, 0x55, 0x55, 0x55, 0x55, 0x55, 0x55, 0x55, 0x44, 0x33, 
	0x33, 0x33, 0x33, 0x44, 0x55, 0x55, 0x55, 0x55, 0x55, 0x55, 0x55, 0x55, 0x55, 0x55, 0x55, 
	0x55, 0x55, 0x55, 0x55, 0x55, 0x55, 0x55, 0x55, 0x55, 0x55, 0x44, 0x34, 0x55, 0x65, 0x65, 
	0x55, 0x55, 0x55, 0x55, 0x55, 0x55, 0x55, 0x55, 0x55, 0x55, 0x55, 0x55, 0x55, 0x55, 0x55, 
	0x55, 0x55, 0x55, 0x55, 0x55, 0x55, 0x55, 0x55, 0x55, 0x55, 0x56, 0x8B, 0xBB, 0xBA, 0xAA, 
	0xAA, 0xAA, 0xBB, 0xBB, 0xBB, 0xCC, 0xCC, 0xCC, 0xCC, 0xCC, 0xCC, 0xCC, 0xCB, 0xBA, 0xA9, 
	0x99, 0x88, 0x75, 0x44, 0x43, 0x33, 0x33, 0x33, 0x33, 0x33, 0x33, 0x33, 0x33, 0x33, 0x33, 
	0x33, 0x33, 0x33, 0x33, 0x33, 0x33, 0x33, 0x33, 0x33, 0x33, 0x34, 0x55, 0x66, 0x77, 0x89, 
	0x9A, 0xAA, 0xAA, 0xAA, 0xBB, 0xBB, 0xAA, 0xAA, 0xAA, 0xAA, 0xAA, 0xBB, 0xBB, 0xBB, 0xBC, 
	0xCC, 0xCC, 0xCC, 0xCC, 0xCC, 0xCC, 0xCD, 0xDD, 0xDD, 0xDC, 0xCC, 0xCC, 0xCC, 0xCC, 0xCC, 
	0xCC, 0xCC, 0xCC, 0xCC, 0xCC, 0xCB, 0xBB, 0xBB, 0xBB, 0xBB, 0xBB, 0xBB, 0xBA, 0xA9, 0x87, 
	0x66, 0x56, 0x67, 0x77, 0x76, 0x54, 0x43, 0x33, 0x33, 0x22, 0x23, 0x33, 0x33, 0x33, 0x33, 
	0x33, 0x33, 0x33, 0x33, 0x33, 0x33, 0x33, 0x33, 0x23, 0x33, 0x45, 0x78, 0x9A, 0xAA, 0xAA, 
	0xAB, 0xCC, 0xCC, 0xCC, 0xCC, 0xCC, 0xCC, 0xCD, 0xEE, 0xEE, 0xEE, 0xEE, 0xEE, 0xEE, 0xEE, 
	0xEE, 0xEE, 0xEE, 0xEE, 0xEE, 0xEE, 0xEE, 0xEE, 0xEE, 0xEE, 0xEE, 0xEE, 0xEE, 0xEE, 0xEE, 
	0xEE, 0xDD, 0xDD, 0xDD, 0xDD, 0xDD, 0xDD, 0xDC, 0xB9, 0x75, 0x45, 0x55, 0x55, 0x55, 0x55, 
	0x55, 0x55, 0x55, 0x55, 0x55, 0x55, 0x55, 0x55, 0x55, 0x55, 0x55, 0x44, 0x33, 0x33, 0x33, 
	0x34, 0x45, 0x55, 0x55, 0x55, 0x55, 0x55, 0x55, 0x55, 0x55, 0x55, 0x55, 0x55, 0x55, 0x55, 
	0x55, 0x55, 0x55, 0x55, 0x56, 0x55, 0x66, 0x66, 0x67, 0x76, 0x77, 0x77, 0x77, 0x65, 0x55, 
	0x55, 0x66, 0x65, 0x55, 0x55, 0x55, 0x44, 0x44, 0x44, 0x44, 0x43, 0x33, 0x33, 0x33, 0x33, 
	0x45, 0x55, 0x55, 0x55, 0x55, 0x55, 0x55, 0x55, 0x55, 0x55, 0x55, 0x55, 0x55, 0x44, 0x33, 
	0x33, 0x33, 0x33, 0x34, 0x55, 0x55, 0x55, 0x55, 0x55, 0x55, 0x55, 0x55, 0x55, 0x55, 0x55, 
	0x55, 0x55, 0x55, 0x55, 0x55, 0x55, 0x55, 0x55, 0x55, 0x55, 0x44, 0x34, 0x45, 0x65, 0x55, 
	0x55, 0x55, 0x55, 0x55, 0x55, 0x55, 0x55, 0x55, 0x55, 0x55, 0x55, 0x55, 0x55, 0x55, 0x55, 
	0x55, 0x55, 0x55, 0x55, 0x55, 0x55, 0x55, 0x55, 0x55, 0x45, 0x56, 0x8A, 0xBC, 0xBA, 0xAA, 
	0xAA, 0xAB, 0xBB, 0xBB, 0xBC, 0xCC, 0xCC, 0xCC, 0xCC, 0xCC, 0xCC, 0xCC, 0xCB, 0xBA, 0xAA, 
	0x99, 0x88, 0x75, 0x44, 0x43, 0x33, 0x33, 0x33, 0x33, 0x33, 0x33, 0x33, 0x33, 0x33, 0x33, 
	0x33, 0x33, 0x33, 0x33, 0x33, 0x33, 0x33, 0x33, 0x33, 0x33, 0x34, 0x56, 0x66, 0x67, 0x88, 
	0x9A, 0xAA, 0xAA, 0xAA, 0xBB, 0xBB, 0xBB, 0xAA, 0xAA, 0xAA, 0xAA, 0xBB, 0xBB, 0xBB, 0xBC, 
	0xCC, 0xCC, 0xCC, 0xCC, 0xCC, 0xCC, 0xDD, 0xDD, 0xDD, 0xDD, 0xCC, 0xCC, 0xCC, 0xCC, 0xCC, 
	0xCC, 0xCC, 0xCC, 0xCC, 0xCC, 0xCB, 0xBB, 0xBB, 0xBB, 0xBB, 0xBB, 0xBB, 0xBA, 0xA9, 0x87, 
	0x66, 0x55, 0x67, 0x77, 0x76, 0x55, 0x43, 0x33, 0x33, 0x22, 0x23, 0x22, 0x22, 0x22, 0x22, 
	0x33, 0x33, 0x22, 0x33, 0x33, 0x33, 0x33, 0x33, 0x22, 0x33, 0x56, 0x78, 0x9A, 0xAA, 0xAA, 
	0xAB, 0xCC, 0xCC, 0xCC, 0xCC, 0xCC, 0xCC, 0xCD, 0xEE, 0xEE, 0xEE, 0xEE, 0xEE, 0xEE, 0xEE, 
	0xEE, 0xEE, 0xEE, 0xEE, 0xEE, 0xEE, 0xEE, 0xEE, 0xEE, 0xEE, 0xEE, 0xEE, 0xEE, 0xEE, 0xEE, 
	0xEE, 0xED, 0xDD, 0xDD, 0xDD, 0xDD, 0xDD, 0xDC, 0xA8, 0x65, 0x55, 0x55, 0x55, 0x55, 0x55, 
	0x55, 0x55, 0x55, 0x55, 0x55, 0x55, 0x55, 0x55, 0x55, 0x55, 0x55, 0x54, 0x43, 0x33, 0x33, 
	0x33, 0x44, 0x55, 0x55, 0x55, 0x55, 0x55, 0x55, 0x55, 0x55, 0x55, 0x55, 0x55, 0x55, 0x55, 
	0x55, 0x55, 0x55, 0x55, 0x66, 0x65, 0x66, 0x66, 0x77, 0x77, 0x77, 0x77, 0x77, 0x76, 0x66, 
	0x66, 0x66, 0x66, 0x65, 0x55, 0x55, 0x55, 0x54, 0x44, 0x44, 0x44, 0x33, 0x33, 0x33, 0x33, 
	0x45, 0x55, 0x55, 0x55, 0x55, 0x55, 0x55, 0x55, 0x55, 0x55, 0x55, 0x55, 0x54, 0x43, 0x33, 
	0x44, 0x43, 0x33, 0x44, 0x55, 0x55, 0x55, 0x55, 0x55, 0x55, 0x55, 0x55, 0x55, 0x55, 0x55, 
	0x55, 0x55, 0x55, 0x55, 0x55, 0x55, 0x55, 0x55, 0x55, 0x55, 0x44, 0x34, 0x45, 0x55, 0x55, 
	0x55, 0x55, 0x55, 0x55, 0x55, 0x55, 0x55, 0x55, 0x55, 0x55, 0x55, 0x55, 0x55, 0x55, 0x55, 
	0x55, 0x55, 0x55, 0x55, 0x55, 0x55, 0x55, 0x55, 0x55, 0x55, 0x55, 0x79, 0xBC, 0xBA, 0xBA, 
	0xAB, 0xBB, 0xBB, 0xBC, 0xCC, 0xCC, 0xCC, 0xCC, 0xCC, 0xCC, 0xCC, 0xCC, 0xCB, 0xBA, 0xA9, 
	0x99, 0x98, 0x76, 0x54, 0x43, 0x33, 0x33, 0x33, 0x33, 0x33, 0x33, 0x33, 0x33, 0x33, 0x33, 
	0x33, 0x33, 0x33, 0x33, 0x33, 0x33, 0x33, 0x33, 0x33, 0x33, 0x34, 0x56, 0x66, 0x67, 0x88, 
	0x9A, 0xAA, 0xAA, 0xAB, 0xBB, 0xBB, 0xBA, 0xBB, 0xBA, 0xAA, 0xAA, 0xBB, 0xBB, 0xBB, 0xBB, 
	0xCC, 0xCC, 0xCC, 0xCC, 0xCC, 0xCD, 0xDD, 0xDD, 0xDD, 0xDD, 0xDC, 0xCC, 0xCC, 0xCC, 0xCC, 
	0xCC, 0xCC, 0xCC, 0xCC, 0xCC, 0xCC, 0xCB, 0xBB, 0xBB, 0xBB, 0xBB, 0xBB, 0xBA, 0xA9, 0x87, 
	0x66, 0x56, 0x67, 0x78, 0x87, 0x65, 0x43, 0x33, 0x33, 0x33, 0x23, 0x22, 0x22, 0x22, 0x22, 
	0x33, 0x33, 0x33, 0x33, 0x33, 0x33, 0x33, 0x33, 0x23, 0x34, 0x56, 0x89, 0x9A, 0xAA, 0xAA, 
	0xBB, 0xBC, 0xCC, 0xCC, 0xCC, 0xCC, 0xCC, 0xCD, 0xEE, 0xEE, 0xEE, 0xEE, 0xEE, 0xEE, 0xEE, 
	0xEE, 0xEE, 0xEE, 0xEE, 0xEE, 0xEE, 0xEE, 0xEE, 0xEE, 0xEE, 0xEE, 0xEE, 0xEE, 0xEE, 0xEE, 
	0xEE, 0xED, 0xDD, 0xDD, 0xDD, 0xDD, 0xDD, 0xDB, 0x96, 0x55, 0x55, 0x55, 0x55, 0x55, 0x55, 
	0x55, 0x55, 0x55, 0x55, 0x55, 0x55, 0x55, 0x55, 0x55, 0x55, 0x55, 0x55, 0x43, 0x33, 0x33, 
	0x33, 0x44, 0x55, 0x55, 0x55, 0x55, 0x55, 0x55, 0x55, 0x55, 0x55, 0x55, 0x55, 0x55, 0x55, 
	0x55, 0x55, 0x55, 0x55, 0x56, 0x66, 0x66, 0x67, 0x77, 0x77, 0x77, 0x77, 0x88, 0x76, 0x66, 
	0x66, 0x66, 0x66, 0x66, 0x55, 0x55, 0x55, 0x55, 0x54, 0x44, 0x44, 0x44, 0x33, 0x33, 0x33, 
	0x55, 0x55, 0x55, 0x55, 0x55, 0x55, 0x55, 0x55, 0x55, 0x55, 0x55, 0x55, 0x44, 0x33, 0x34, 
	0x44, 0x43, 0x33, 0x34, 0x55, 0x55, 0x55, 0x55, 0x55, 0x55, 0x55, 0x55, 0x55, 0x55, 0x55, 
	0x55, 0x55, 0x55, 0x55, 0x55, 0x55, 0x55, 0x55, 0x55, 0x55, 0x44, 0x33, 0x45, 0x55, 0x55, 
	0x55, 0x55, 0x55, 0x55, 0x55, 0x55, 0x55, 0x55, 0x55, 0x55, 0x55, 0x55, 0x55, 0x55, 0x55, 
	0x55, 0x55, 0x55, 0x55, 0x55, 0x55, 0x55, 0x55, 0x55, 0x55, 0x55, 0x68, 0xAB, 0xBB, 0xBB, 
	0xAB, 0xBB, 0xBB, 0xCC, 0xCC, 0xCC, 0xCC, 0xCC, 0xCC, 0xCC, 0xCC, 0xCC, 0xCB, 0xBA, 0xA9, 
	0x99, 0x98, 0x76, 0x54, 0x43, 0x33, 0x33, 0x33, 0x33, 0x33, 0x33, 0x33, 0x33, 0x33, 0x33, 
	0x33, 0x33, 0x33, 0x33, 0x33, 0x33, 0x33, 0x33, 0x33, 0x33, 0x44, 0x56, 0x66, 0x67, 0x78, 
	0x9A, 0xAA, 0xAA, 0xAB, 0xBB, 0xBB, 0xBB, 0xBB, 0xBA, 0xAA, 0xAA, 0xBB, 0xBB, 0xBB, 0xBC, 
	0xCC, 0xCC, 0xCC, 0xCC, 0xCD, 0xDD, 0xDD, 0xDD, 0xDD, 0xDD, 0xDD, 0xDD, 0xCC, 0xCC, 0xCC, 
	0xCC, 0xCC, 0xCC, 0xCC, 0xCC, 0xCC, 0xCC, 0xCB, 0xBB, 0xBB, 0xBB, 0xBB, 0xBB, 0xA9, 0x87, 
	0x66, 0x66, 0x67, 0x88, 0x87, 0x65, 0x44, 0x33, 0x33, 0x33, 0x23, 0x22, 0x22, 0x22, 0x22, 
	0x33, 0x33, 0x33, 0x33, 0x33, 0x32, 0x33, 0x32, 0x23, 0x34, 0x67, 0x89, 0xAA, 0xAA, 0xAA, 
	0xBB, 0xCC, 0xCC, 0xCC, 0xCC, 0xCC, 0xCC, 0xCD, 0xDE, 0xEE, 0xEE, 0xEE, 0xEE, 0xEE, 0xEE, 
	0xEE, 0xEE, 0xEE, 0xEE, 0xEE, 0xEE, 0xEE, 0xEE, 0xEE, 0xEE, 0xEE, 0xEE, 0xEE, 0xEE, 0xEE, 
	0xEE, 0xED, 0xDD, 0xDD, 0xDD, 0xDD, 0xDD, 0xCA, 0x75, 0x55, 0x55, 0x55, 0x55, 0x55, 0x55, 
	0x55, 0x55, 0x55, 0x55, 0x55, 0x55, 0x55, 0x55, 0x55, 0x55, 0x55, 0x55, 0x44, 0x33, 0x33, 
	0x33, 0x44, 0x45, 0x55, 0x55, 0x55, 0x55, 0x55, 0x55, 0x55, 0x55, 0x55, 0x55, 0x55, 0x55, 
	0x55, 0x55, 0x55, 0x55, 0x66, 0x66, 0x67, 0x77, 0x77, 0x77, 0x78, 0x88, 0x88, 0x87, 0x77, 
	0x77, 0x77, 0x76, 0x66, 0x66, 0x65, 0x55, 0x55, 0x55, 0x44, 0x44, 0x44, 0x43, 0x33, 0x33, 
	0x55, 0x55, 0x55, 0x55, 0x55, 0x55, 0x55, 0x55, 0x55, 0x55, 0x55, 0x55, 0x43, 0x33, 0x34, 
	0x45, 0x44, 0x33, 0x34, 0x45, 0x55, 0x55, 0x55, 0x55, 0x55, 0x55, 0x55, 0x55, 0x55, 0x55, 
	0x55, 0x55, 0x55, 0x55, 0x55, 0x55, 0x55, 0x55, 0x55, 0x55, 0x43, 0x33, 0x45, 0x55, 0x55, 
	0x55, 0x55, 0x55, 0x55, 0x55, 0x55, 0x55, 0x55, 0x55, 0x55, 0x55, 0x55, 0x55, 0x55, 0x55, 
	0x55, 0x55, 0x55, 0x55, 0x55, 0x55, 0x55, 0x55, 0x55, 0x55, 0x44, 0x67, 0x9B, 0xBB, 0xBB, 
	0xBB, 0xBB, 0xBC, 0xCC, 0xCC, 0xCC, 0xCC, 0xCC, 0xCC, 0xCC, 0xCC, 0xCC, 0xCB, 0xBA, 0xA9, 
	0x99, 0x98, 0x76, 0x54, 0x43, 0x33, 0x33, 0x33, 0x33, 0x33, 0x33, 0x33, 0x33, 0x33, 0x33, 
	0x33, 0x33, 0x33, 0x33, 0x33, 0x33, 0x33, 0x33, 0x33, 0x33, 0x45, 0x66, 0x66, 0x67, 0x78, 
	0x9A, 0xAA, 0xAA, 0xAB, 0xBB, 0xBB, 0xBB, 0xBB, 0xBB, 0xAA, 0xAB, 0xBB, 0xBB, 0xBB, 0xBC, 
	0xCC, 0xCC, 0xCC, 0xCC, 0xDD, 0xDD, 0xDD, 0xDD, 0xDD, 0xDD, 0xDD, 0xDD, 0xDC, 0xCC, 0xCC, 
	0xCC, 0xCC, 0xCC, 0xCC, 0xCC, 0xCC, 0xCC, 0xCC, 0xCC, 0xCC, 0xBB, 0xBB, 0xBB, 0xA9, 0x87, 
	0x66, 0x66, 0x67, 0x88, 0x88, 0x76, 0x54, 0x33, 0x33, 0x33, 0x22, 0x22, 0x22, 0x22, 0x33, 
	0x33, 0x33, 0x33, 0x33, 0x33, 0x33, 0x22, 0x22, 0x33, 0x45, 0x68, 0x9A, 0xAA, 0xAA, 0xAA, 
	0xBB, 0xCC, 0xCC, 0xCC, 0xCC, 0xCC, 0xCC, 0xCD, 0xDE, 0xEE, 0xEE, 0xEE, 0xEE, 0xEE, 0xEE, 
	0xEE, 0xEE, 0xEE, 0xEE, 0xEE, 0xEE, 0xEE, 0xEE, 0xEE, 0xEE, 0xEE, 0xEE, 0xEE, 0xEE, 0xEE, 
	0xEE, 0xDD, 0xDD, 0xDD, 0xDD, 0xDD, 0xDC, 0xB8, 0x65, 0x55, 0x55, 0x55, 0x55, 0x55, 0x55, 
	0x55, 0x55, 0x55, 0x55, 0x55, 0x55, 0x55, 0x55, 0x55, 0x55, 0x55, 0x55, 0x54, 0x33, 0x33, 
	0x33, 0x34, 0x44, 0x55, 0x55, 0x55, 0x55, 0x55, 0x55, 0x55, 0x55, 0x55, 0x55, 0x55, 0x55, 
	0x55, 0x55, 0x55, 0x66, 0x66, 0x66, 0x77, 0x77, 0x77, 0x88, 0x88, 0x88, 0x99, 0x87, 0x77, 
	0x77, 0x77, 0x77, 0x77, 0x66, 0x66, 0x66, 0x66, 0x55, 0x54, 0x44, 0x44, 0x44, 0x33, 0x33, 
	0x55, 0x55, 0x55, 0x55, 0x55, 0x55, 0x55, 0x55, 0x55, 0x55, 0x55, 0x54, 0x43, 0x33, 0x44, 
	0x55, 0x44, 0x33, 0x34, 0x45, 0x55, 0x55, 0x55, 0x55, 0x55, 0x55, 0x55, 0x55, 0x55, 0x55, 
	0x55, 0x55, 0x55, 0x55, 0x55, 0x55, 0x55, 0x55, 0x55, 0x54, 0x43, 0x33, 0x45, 0x55, 0x55, 
	0x55, 0x55, 0x55, 0x55, 0x55, 0x55, 0x55, 0x55, 0x55, 0x55, 0x55, 0x55, 0x55, 0x55, 0x55, 
	0x55, 0x55, 0x55, 0x55, 0x55, 0x55, 0x55, 0x55, 0x55, 0x55, 0x54, 0x56, 0x8A, 0xBB, 0xBB, 
	0xBB, 0xBB, 0xBC, 0xCC, 0xCC, 0xCC, 0xCC, 0xCC, 0xCC, 0xCC, 0xCC, 0xCC, 0xCB, 0xBA, 0xA9, 
	0x99, 0x99, 0x86, 0x54, 0x43, 0x33, 0x33, 0x33, 0x33, 0x33, 0x33, 0x33, 0x33, 0x33, 0x33, 
	0x33, 0x33, 0x33, 0x33, 0x33, 0x33, 0x33, 0x33, 0x33, 0x34, 0x45, 0x66, 0x77, 0x66, 0x78, 
	0x9A, 0xAA, 0xBB, 0xBB, 0xBB, 0xBB, 0xBB, 0xBB, 0xBB, 0xBB, 0xBB, 0xBB, 0xBB, 0xBB, 0xBC, 
	0xCC, 0xCC, 0xCC, 0xDD, 0xDD, 0xDD, 0xDD, 0xDD, 0xDD, 0xDD, 0xDD, 0xDD, 0xDD, 0xCC, 0xCC, 
	0xCC, 0xCC, 0xCC, 0xCC, 0xCC, 0xCC, 0xCC, 0xCC, 0xCC, 0xCC, 0xBB, 0xBB, 0xBB, 0xA9, 0x97, 
	0x76, 0x66, 0x67, 0x78, 0x88, 0x76, 0x54, 0x43, 0x33, 0x33, 0x22, 0x22, 0x22, 0x22, 0x22, 
	0x33, 0x33, 0x22, 0x22, 0x33, 0x33, 0x32, 0x23, 0x33, 0x45, 0x78, 0x9A, 0xAA, 0xAA, 0xAA, 
	0xBC, 0xCC, 0xCC, 0xCC, 0xCC, 0xCC, 0xCC, 0xCD, 0xDE, 0xEE, 0xEE, 0xEE, 0xEE, 0xEE, 0xEE, 
	0xEE, 0xEE, 0xEE, 0xEE, 0xEE, 0xEE, 0xEE, 0xEE, 0xEE, 0xEE, 0xEE, 0xEE, 0xEE, 0xEE, 0xEE, 
	0xED, 0xDD, 0xDD, 0xDD, 0xDD, 0xDC, 0xCC, 0xA7, 0x55, 0x55, 0x55, 0x55, 0x55, 0x55, 0x55, 
	0x55, 0x55, 0x55, 0x55, 0x55, 0x55, 0x55, 0x55, 0x55, 0x55, 0x55, 0x55, 0x54, 0x43, 0x33, 
	0x33, 0x33, 0x44, 0x55, 0x55, 0x55, 0x55, 0x55, 0x55, 0x55, 0x55, 0x55, 0x55, 0x55, 0x55, 
	0x55, 0x55, 0x66, 0x66, 0x66, 0x66, 0x77, 0x77, 0x88, 0x88, 0x88, 0x99, 0x99, 0x88, 0x88, 
	0x88, 0x77, 0x77, 0x77, 0x77, 0x66, 0x66, 0x65, 0x55, 0x44, 0x44, 0x44, 0x44, 0x33, 0x33, 
	0x55, 0x55, 0x55, 0x55, 0x55, 0x55, 0x55, 0x55, 0x55, 0x55, 0x55, 0x44, 0x33, 0x34, 0x45, 
	0x55, 0x44, 0x33, 0x34, 0x45, 0x55, 0x55, 0x55, 0x55, 0x55, 0x55, 0x55, 0x55, 0x55, 0x55, 
	0x55, 0x55, 0x55, 0x55, 0x55, 0x55, 0x55, 0x55, 0x55, 0x54, 0x43, 0x33, 0x45, 0x55, 0x55, 
	0x55, 0x55, 0x55, 0x55, 0x55, 0x55, 0x55, 0x55, 0x55, 0x55, 0x55, 0x55, 0x55, 0x55, 0x55, 
	0x55, 0x55, 0x55, 0x55, 0x55, 0x55, 0x55, 0x55, 0x55, 0x55, 0x55, 0x56, 0x79, 0xBB, 0xBB, 
	0xBB, 0xBB, 0xBC, 0xCC, 0xCC, 0xCC, 0xCC, 0xCC, 0xCC, 0xCC, 0xCC, 0xCC, 0xCC, 0xBA, 0xA9, 
	0x99, 0x99, 0x87, 0x54, 0x43, 0x33, 0x33, 0x33, 0x33, 0x33, 0x33, 0x33, 0x33, 0x33, 0x33, 
	0x33, 0x33, 0x33, 0x33, 0x33, 0x33, 0x33, 0x33, 0x33, 0x34, 0x56, 0x67, 0x77, 0x66, 0x78, 
	0x9A, 0xAA, 0xBB, 0xBB, 0xBB, 0xBB, 0xBB, 0xBB, 0xBB, 0xBB, 0xBB, 0xBB, 0xBB, 0xBB, 0xCC, 
	0xCC, 0xCC, 0xCC, 0xDD, 0xDD, 0xDD, 0xDD, 0xDD, 0xDD, 0xDD, 0xDD, 0xDD, 0xDD, 0xDC, 0xCC, 
	0xCC, 0xCC, 0xCC, 0xCC, 0xCC, 0xCC, 0xCC, 0xCC, 0xCC, 0xCC, 0xCB, 0xBB, 0xBB, 0xAA, 0x98, 
	0x76, 0x66, 0x67, 0x78, 0x88, 0x87, 0x65, 0x44, 0x33, 0x33, 0x32, 0x22, 0x22, 0x22, 0x22, 
	0x33, 0x33, 0x33, 0x33, 0x32, 0x33, 0x32, 0x23, 0x34, 0x56, 0x89, 0x9A, 0xAA, 0xAA, 0xAA, 
	0xBC, 0xCC, 0xCC, 0xCC, 0xCC, 0xCC, 0xBC, 0xCC, 0xDE, 0xEE, 0xEE, 0xEE, 0xEE, 0xEE, 0xEE, 
	0xEE, 0xEE, 0xEE, 0xEE, 0xEE, 0xEE, 0xEE, 0xEE, 0xEE, 0xEE, 0xEE, 0xEE, 0xEE, 0xEE, 0xEE, 
	0xED, 0xDD, 0xDD, 0xDD, 0xDD, 0xDC, 0xCB, 0x86, 0x55, 0x55, 0x55, 0x55, 0x55, 0x55, 0x55, 
	0x55, 0x55, 0x55, 0x55, 0x55, 0x55, 0x55, 0x55, 0x55, 0x55, 0x55, 0x55, 0x54, 0x44, 0x33, 
	0x33, 0x33, 0x44, 0x55, 0x55, 0x55, 0x55, 0x55, 0x55, 0x55, 0x55, 0x55, 0x55, 0x55, 0x55, 
	0x55, 0x55, 0x66, 0x66, 0x66, 0x67, 0x77, 0x88, 0x88, 0x88, 0x89, 0x99, 0x99, 0x98, 0x88, 
	0x88, 0x88, 0x88, 0x87, 0x77, 0x77, 0x66, 0x65, 0x55, 0x44, 0x44, 0x44, 0x44, 0x43, 0x33, 
	0x55, 0x55, 0x55, 0x55, 0x55, 0x55, 0x55, 0x55, 0x55, 0x55, 0x55, 0x43, 0x33, 0x34, 0x55, 
	0x55, 0x44, 0x33, 0x34, 0x44, 0x55, 0x55, 0x55, 0x55, 0x55, 0x55, 0x55, 0x55, 0x55, 0x55, 
	0x55, 0x55, 0x55, 0x55, 0x55, 0x55, 0x55, 0x55, 0x55, 0x54, 0x43, 0x34, 0x45, 0x55, 0x55, 
	0x55, 0x55, 0x55, 0x55, 0x55, 0x55, 0x55, 0x55, 0x55, 0x55, 0x55, 0x55, 0x55, 0x55, 0x55, 
	0x55, 0x55, 0x55, 0x55, 0x55, 0x55, 0x55, 0x55, 0x55, 0x55, 0x55, 0x55, 0x68, 0xAB, 0xCB, 
	0xBB, 0xBB, 0xBC, 0xCC, 0xCC, 0xCC, 0xCB, 0xCC, 0xCC, 0xCC, 0xCC, 0xCC, 0xCC, 0xBA, 0xA9, 
	0x99, 0x99, 0x87, 0x65, 0x43, 0x33, 0x33, 0x33, 0x33, 0x33, 0x33, 0x33, 0x33, 0x33, 0x33, 
	0x33, 0x33, 0x33, 0x33, 0x33, 0x33, 0x33, 0x33, 0x33, 0x44, 0x56, 0x77, 0x76, 0x66, 0x78, 
	0x9A, 0xAA, 0xBB, 0xBB, 0xBB, 0xBC, 0xCB, 0xBB, 0xBB, 0xBB, 0xBB, 0xBB, 0xBB, 0xBC, 0xCC, 
	0xCC, 0xCC, 0xCD, 0xDD, 0xDD, 0xDD, 0xDD, 0xDD, 0xDD, 0xDD, 0xDD, 0xDD, 0xDD, 0xDD, 0xCC, 
	0xCC, 0xCC, 0xCC, 0xCC, 0xCC, 0xCC, 0xCC, 0xCC, 0xCC, 0xCC, 0xCB, 0xBB, 0xBB, 0xBA, 0x98, 
	0x76, 0x66, 0x67, 0x78, 0x88, 0x87, 0x65, 0x44, 0x33, 0x33, 0x33, 0x22, 0x22, 0x22, 0x22, 
	0x33, 0x33, 0x33, 0x33, 0x32, 0x23, 0x22, 0x33, 0x45, 0x67, 0x89, 0xAA, 0xAA, 0xAA, 0xAB, 
	0xBC, 0xCC, 0xCC, 0xCC, 0xCC, 0xCC, 0xBB, 0xCC, 0xDE, 0xEE, 0xEE, 0xEE, 0xEE, 0xEE, 0xEE, 
	0xEE, 0xEE, 0xEE, 0xEE, 0xEE, 0xEE, 0xEE, 0xEE, 0xEE, 0xEE, 0xEE, 0xEE, 0xEE, 0xEE, 0xEE, 
	0xED, 0xDD, 0xDD, 0xDD, 0xDD, 0xDD, 0xCA, 0x75, 0x45, 0x54, 0x55, 0x55, 0x55, 0x55, 0x55, 
	0x55, 0x55, 0x55, 0x55, 0x55, 0x55, 0x55, 0x55, 0x55, 0x55, 0x55, 0x55, 0x55, 0x44, 0x33, 
	0x33, 0x33, 0x34, 0x45, 0x55, 0x55, 0x55, 0x55, 0x55, 0x55, 0x55, 0x55, 0x55, 0x55, 0x55, 
	0x55, 0x55, 0x66, 0x66, 0x77, 0x77, 0x77, 0x88, 0x88, 0x88, 0x89, 0x99, 0x99, 0x99, 0x99, 
	0x88, 0x88, 0x88, 0x88, 0x77, 0x77, 0x66, 0x66, 0x65, 0x55, 0x55, 0x44, 0x44, 0x43, 0x33, 
	0x55, 0x55, 0x55, 0x55, 0x55, 0x55, 0x55, 0x55, 0x55, 0x55, 0x54, 0x43, 0x33, 0x44, 0x55, 
	0x55, 0x54, 0x43, 0x33, 0x44, 0x55, 0x55, 0x55, 0x55, 0x55, 0x55, 0x55, 0x55, 0x55, 0x55, 
	0x55, 0x55, 0x55, 0x55, 0x55, 0x55, 0x55, 0x55, 0x55, 0x54, 0x43, 0x34, 0x45, 0x55, 0x55, 
	0x55, 0x55, 0x55, 0x55, 0x55, 0x55, 0x55, 0x55, 0x55, 0x55, 0x55, 0x55, 0x55, 0x55, 0x55, 
	0x55, 0x55, 0x55, 0x55, 0x55, 0x55, 0x55, 0x55, 0x55, 0x55, 0x55, 0x55, 0x67, 0x9B, 0xCC, 
	0xCB, 0xBB, 0xBC, 0xCC, 0xCC, 0xCC, 0xBB, 0xCC, 0xCC, 0xCC, 0xCC, 0xCC, 0xCB, 0xBA, 0xA9, 
	0x99, 0xA9, 0x87, 0x65, 0x43, 0x33, 0x33, 0x33, 0x33, 0x33, 0x33, 0x33, 0x33, 0x33, 0x33, 
	0x33, 0x33, 0x33, 0x33, 0x33, 0x33, 0x33, 0x33, 0x33, 0x45, 0x67, 0x77, 0x76, 0x66, 0x78, 
	0x9A, 0xAB, 0xBB, 0xBB, 0xBB, 0xBC, 0xCC, 0xBB, 0xBB, 0xBB, 0xBB, 0xBB, 0xBB, 0xCC, 0xCC, 
	0xCC, 0xCC, 0xCD, 0xDD, 0xDD, 0xDD, 0xDD, 0xDD, 0xDD, 0xDD, 0xDD, 0xDD, 0xDD, 0xDD, 0xDC, 
	0xCC, 0xCC, 0xCC, 0xCC, 0xCC, 0xCC, 0xCC, 0xCC, 0xCC, 0xCC, 0xCC, 0xCB, 0xBB, 0xBA, 0x98, 
	0x77, 0x67, 0x67, 0x78, 0x89, 0x98, 0x76, 0x54, 0x43, 0x33, 0x33, 0x33, 0x33, 0x33, 0x33, 
	0x33, 0x33, 0x33, 0x33, 0x32, 0x22, 0x23, 0x33, 0x46, 0x78, 0x9A, 0xAA, 0xAA, 0x9A, 0xAB, 
	0xBC, 0xCC, 0xCC, 0xCC, 0xCB, 0xCB, 0xBB, 0xBC, 0xDD, 0xEE, 0xEE, 0xEE, 0xEE, 0xEE, 0xEE, 
	0xEE, 0xEE, 0xEE, 0xEE, 0xEE, 0xEE, 0xEE, 0xEE, 0xEE, 0xEE, 0xEE, 0xEE, 0xEE, 0xEE, 0xEE, 
	0xED, 0xDD, 0xDD, 0xDD, 0xDD, 0xCD, 0xB8, 0x65, 0x55, 0x55, 0x55, 0x55, 0x55, 0x55, 0x55, 
	0x55, 0x55, 0x55, 0x55, 0x55, 0x55, 0x55, 0x55, 0x55, 0x55, 0x55, 0x55, 0x55, 0x54, 0x43, 
	0x33, 0x33, 0x34, 0x44, 0x55, 0x55, 0x55, 0x55, 0x55, 0x55, 0x55, 0x55, 0x55, 0x55, 0x55, 
	0x55, 0x55, 0x66, 0x66, 0x77, 0x77, 0x77, 0x78, 0x88, 0x88, 0x99, 0x99, 0xAA, 0xAA, 0x99, 
	0x99, 0x98, 0x89, 0x88, 0x88, 0x77, 0x66, 0x66, 0x65, 0x55, 0x55, 0x54, 0x44, 0x44, 0x34, 
	0x55, 0x55, 0x55, 0x55, 0x55, 0x55, 0x55, 0x55, 0x55, 0x55, 0x44, 0x33, 0x33, 0x45, 0x55, 
	0x55, 0x54, 0x43, 0x33, 0x44, 0x55, 0x55, 0x44, 0x55, 0x55, 0x55, 0x55, 0x55, 0x55, 0x55, 
	0x55, 0x55, 0x55, 0x55, 0x55, 0x55, 0x55, 0x55, 0x55, 0x54, 0x33, 0x34, 0x45, 0x55, 0x55, 
	0x55, 0x55, 0x55, 0x55, 0x55, 0x55, 0x55, 0x55, 0x55, 0x55, 0x55, 0x55, 0x55, 0x55, 0x55, 
	0x55, 0x55, 0x55, 0x55, 0x55, 0x55, 0x55, 0x55, 0x55, 0x55, 0x55, 0x55, 0x56, 0x8A, 0xBC, 
	0xCC, 0xBB, 0xBB, 0xBB, 0xCC, 0xBB, 0xBB, 0xCC, 0xCC, 0xCC, 0xCC, 0xCB, 0xBB, 0xBA, 0xA9, 
	0x99, 0xA9, 0x97, 0x65, 0x43, 0x33, 0x33, 0x33, 0x33, 0x33, 0x33, 0x33, 0x33, 0x33, 0x33, 
	0x33, 0x33, 0x33, 0x33, 0x33, 0x33, 0x33, 0x33, 0x34, 0x56, 0x77, 0x87, 0x76, 0x66, 0x78, 
	0x9A, 0xAB, 0xBB, 0xBC, 0xBB, 0xBC, 0xCC, 0xBB, 0xBB, 0xBB, 0xBB, 0xBB, 0xBC, 0xCC, 0xCC, 
	0xCC, 0xCC, 0xCD, 0xDD, 0xDD, 0xDD, 0xDD, 0xDD, 0xDD, 0xDD, 0xDD, 0xDD, 0xDD, 0xDD, 0xDD, 
	0xCC, 0xCC, 0xCC, 0xCC, 0xCC, 0xCC, 0xCC, 0xCC, 0xCC, 0xCC, 0xCC, 0xCB, 0xBB, 0xBA, 0xA9, 
	0x87, 0x77, 0x67, 0x78, 0x99, 0x98, 0x77, 0x65, 0x43, 0x33, 0x32, 0x33, 0x33, 0x33, 0x33, 
	0x23, 0x33, 0x33, 0x33, 0x32, 0x22, 0x33, 0x34, 0x56, 0x89, 0x9A, 0xAA, 0xAA, 0x9A, 0xAB, 
	0xBC, 0xCC, 0xCC, 0xCC, 0xBB, 0xCB, 0xBB, 0xBC, 0xCD, 0xEE, 0xEE, 0xEE, 0xEE, 0xEE, 0xEE, 
	0xEE, 0xEE, 0xEE, 0xEE, 0xEE, 0xEE, 0xEE, 0xEE, 0xEE, 0xEE, 0xEE, 0xEE, 0xEE, 0xEE, 0xEE, 
	0xED, 0xDD, 0xDD, 0xDD, 0xDC, 0xCC, 0xB7, 0x55, 0x55, 0x55, 0x55, 0x55, 0x55, 0x55, 0x55, 
	0x55, 0x55, 0x55, 0x55, 0x55, 0x55, 0x55, 0x55, 0x55, 0x55, 0x55, 0x55, 0x55, 0x55, 0x43, 
	0x33, 0x33, 0x33, 0x44, 0x45, 0x55, 0x55, 0x55, 0x55, 0x55, 0x55, 0x55, 0x55, 0x55, 0x55, 
	0x55, 0x55, 0x66, 0x66, 0x77, 0x77, 0x77, 0x88, 0x89, 0x99, 0x99, 0x9A, 0xAA, 0xAA, 0xA9, 
	0x99, 0x99, 0x99, 0x99, 0x98, 0x87, 0x76, 0x76, 0x66, 0x65, 0x55, 0x44, 0x44, 0x44, 0x34, 
	0x55, 0x55, 0x55, 0x55, 0x55, 0x55, 0x55, 0x55, 0x55, 0x55, 0x43, 0x33, 0x34, 0x45, 0x55, 
	0x55, 0x54, 0x43, 0x33, 0x34, 0x55, 0x55, 0x55, 0x55, 0x55, 0x55, 0x55, 0x55, 0x55, 0x55, 
	0x55, 0x55, 0x55, 0x55, 0x55, 0x55, 0x55, 0x55, 0x55, 0x44, 0x33, 0x34, 0x45, 0x55, 0x55, 
	0x55, 0x55, 0x55, 0x55, 0x55, 0x55, 0x55, 0x55, 0x55, 0x55, 0x55, 0x55, 0x55, 0x55, 0x55, 
	0x55, 0x55, 0x55, 0x55, 0x55, 0x55, 0x55, 0x55, 0x55, 0x55, 0x55, 0x55, 0x55, 0x7A, 0xBC, 
	0xCB, 0xBB, 0xCC, 0xCC, 0xBB, 0xBB, 0xBB, 0xCC, 0xCC, 0xCC, 0xCC, 0xBB, 0xBB, 0xBA, 0xA9, 
	0x99, 0xAA, 0x98, 0x75, 0x43, 0x33, 0x33, 0x33, 0x33, 0x33, 0x33, 0x33, 0x33, 0x33, 0x33, 
	0x33, 0x33, 0x33, 0x33, 0x33, 0x33, 0x33, 0x33, 0x44, 0x56, 0x78, 0x87, 0x76, 0x66, 0x78, 
	0x9A, 0xAB, 0xBB, 0xBC, 0xBC, 0xCB, 0xBB, 0xBB, 0xBB, 0xBB, 0xBB, 0xBB, 0xBC, 0xCC, 0xCC, 
	0xCC, 0xCC, 0xCD, 0xDD, 0xDD, 0xDD, 0xDD, 0xDD, 0xDD, 0xDD, 0xDD, 0xDD, 0xDD, 0xDD, 0xCC, 
	0xCC, 0xCC, 0xCC, 0xCC, 0xCC, 0xCC, 0xCC, 0xCC, 0xCC, 0xCC, 0xCC, 0xCB, 0xBB, 0xBB, 0xA9, 
	0x87, 0x77, 0x77, 0x78, 0x89, 0x99, 0x87, 0x65, 0x44, 0x33, 0x22, 0x22, 0x23, 0x33, 0x32, 
	0x33, 0x33, 0x33, 0x32, 0x33, 0x23, 0x33, 0x45, 0x67, 0x89, 0xAA, 0xAA, 0xAA, 0xAA, 0xBB, 
	0xCC, 0xCC, 0xCC, 0xCB, 0xBC, 0xCB, 0xBB, 0xBB, 0xCD, 0xDE, 0xEE, 0xEE, 0xEE, 0xEE, 0xEE, 
	0xEE, 0xEE, 0xEE, 0xEE, 0xEE, 0xEE, 0xEE, 0xEE, 0xEE, 0xEE, 0xEE, 0xEE, 0xEE, 0xEE, 0xEE, 
	0xDD, 0xEE, 0xDD, 0xDD, 0xDD, 0xCC, 0xA7, 0x55, 0x55, 0x55, 0x55, 0x55, 0x55, 0x55, 0x55, 
	0x55, 0x55, 0x55, 0x55, 0x55, 0x55, 0x55, 0x55, 0x55, 0x55, 0x55, 0x55, 0x55, 0x55, 0x44, 
	0x33, 0x33, 0x33, 0x34, 0x45, 0x55, 0x55, 0x55, 0x55, 0x55, 0x55, 0x55, 0x55, 0x55, 0x55, 
	0x55, 0x56, 0x66, 0x66, 0x77, 0x77, 0x88, 0x88, 0x99, 0x99, 0x99, 0xAA, 0xAA, 0xAB, 0xAA, 
	0xAA, 0xA9, 0x99, 0x99, 0x99, 0x88, 0x77, 0x77, 0x76, 0x66, 0x55, 0x55, 0x44, 0x43, 0x34, 
	0x55, 0x55, 0x55, 0x55, 0x55, 0x55, 0x55, 0x55, 0x55, 0x54, 0x43, 0x33, 0x34, 0x55, 0x55, 
	0x55, 0x54, 0x43, 0x33, 0x34, 0x45, 0x55, 0x55, 0x55, 0x55, 0x55, 0x55, 0x55, 0x55, 0x55, 
	0x55, 0x55, 0x55, 0x55, 0x55, 0x55, 0x55, 0x55, 0x55, 0x44, 0x33, 0x34, 0x55, 0x55, 0x55, 
	0x55, 0x55, 0x55, 0x55, 0x55, 0x55, 0x55, 0x55, 0x55, 0x55, 0x55, 0x55, 0x55, 0x55, 0x55, 
	0x55, 0x55, 0x55, 0x55, 0x55, 0x55, 0x55, 0x55, 0x55, 0x55, 0x55, 0x55, 0x55, 0x68, 0xAB, 
	0xCB, 0xBB, 0xBB, 0xCC, 0xBB, 0xBB, 0xBB, 0xBC, 0xCC, 0xCC, 0xCB, 0xBB, 0xBB, 0xBA, 0xA9, 
	0x99, 0x9A, 0x98, 0x75, 0x43, 0x33, 0x33, 0x33, 0x33, 0x33, 0x33, 0x33, 0x33, 0x33, 0x33, 
	0x33, 0x33, 0x33, 0x33, 0x33, 0x33, 0x33, 0x33, 0x45, 0x67, 0x88, 0x87, 0x76, 0x66, 0x78, 
	0x9A, 0xBB, 0xBB, 0xBC, 0xBB, 0xCB, 0xBB, 0xBB, 0xBB, 0xBB, 0xBB, 0xBB, 0xBC, 0xCC, 0xCC, 
	0xCC, 0xCC, 0xDD, 0xDD, 0xDD, 0xDD, 0xDD, 0xDD, 0xDD, 0xDD, 0xDD, 0xDD, 0xDD, 0xDD, 0xCC, 
	0xCC, 0xCC, 0xCC, 0xCC, 0xCC, 0xCC, 0xCC, 0xCC, 0xCC, 0xCC, 0xCC, 0xCB, 0xBB, 0xBB, 0xA9, 
	0x87, 0x77, 0x66, 0x77, 0x89, 0x99, 0x98, 0x76, 0x54, 0x43, 0x32, 0x22, 0x23, 0x33, 0x33, 
	0x22, 0x32, 0x33, 0x32, 0x23, 0x33, 0x44, 0x56, 0x78, 0x99, 0xAA, 0xAA, 0xAA, 0xAA, 0xBB, 
	0xCC, 0xCC, 0xCC, 0xBB, 0xBC, 0xCB, 0xBB, 0xBB, 0xCC, 0xDE, 0xEE, 0xEE, 0xEE, 0xEE, 0xEE, 
	0xEE, 0xEE, 0xEE, 0xEE, 0xEE, 0xEE, 0xEE, 0xEE, 0xEE, 0xEE, 0xEE, 0xEE, 0xEE, 0xEE, 0xEE, 
	0xDD, 0xDD, 0xDD, 0xDD, 0xDD, 0xCC, 0xA6, 0x55, 0x55, 0x55, 0x55, 0x55, 0x55, 0x55, 0x55, 
	0x55, 0x55, 0x55, 0x55, 0x55, 0x55, 0x55, 0x55, 0x55, 0x55, 0x55, 0x55, 0x55, 0x55, 0x54, 
	0x43, 0x33, 0x33, 0x33, 0x45, 0x55, 0x55, 0x55, 0x55, 0x55, 0x55, 0x55, 0x55, 0x55, 0x55, 
	0x55, 0x66, 0x66, 0x67, 0x77, 0x77, 0x88, 0x89, 0x99, 0xAA, 0xAA, 0xAA, 0xAB, 0xBB, 0xBB, 
	0xAA, 0xAA, 0xAA, 0xAA, 0xA9, 0x98, 0x88, 0x87, 0x76, 0x66, 0x55, 0x55, 0x44, 0x44, 0x44, 
	0x55, 0x55, 0x55, 0x55, 0x55, 0x55, 0x55, 0x55, 0x55, 0x54, 0x43, 0x33, 0x44, 0x55, 0x55, 
	0x55, 0x55, 0x44, 0x33, 0x34, 0x44, 0x55, 0x55, 0x55, 0x55, 0x55, 0x55, 0x55, 0x55, 0x55, 
	0x55, 0x55, 0x55, 0x55, 0x55, 0x55, 0x55, 0x55, 0x55, 0x44, 0x33, 0x34, 0x55, 0x55, 0x55, 
	0x55, 0x55, 0x55, 0x55, 0x55, 0x55, 0x55, 0x55, 0x55, 0x55, 0x55, 0x55, 0x55, 0x55, 0x55, 
	0x55, 0x55, 0x55, 0x55, 0x55, 0x55, 0x55, 0x55, 0x55, 0x55, 0x55, 0x55, 0x55, 0x57, 0x9B, 
	0xCC, 0xBB, 0xBB, 0xBB, 0xBB, 0xBB, 0xBB, 0xBC, 0xCC, 0xCC, 0xBB, 0xBB, 0xBB, 0xBA, 0xA9, 
	0x99, 0x9A, 0x99, 0x86, 0x54, 0x33, 0x33, 0x33, 0x33, 0x33, 0x33, 0x33, 0x33, 0x33, 0x33, 
	0x33, 0x33, 0x32, 0x33, 0x33, 0x33, 0x33, 0x34, 0x55, 0x68, 0x88, 0x87, 0x76, 0x66, 0x78, 
	0x9A, 0xBB, 0xBB, 0xBC, 0xBB, 0xBB, 0xBB, 0xBB, 0xBB, 0xBB, 0xBB, 0xBB, 0xBC, 0xCC, 0xCC, 
	0xCC, 0xCC, 0xDD, 0xDD, 0xDD, 0xDD, 0xDD, 0xDD, 0xDD, 0xDD, 0xDD, 0xDD, 0xDD, 0xDD, 0xCC, 
	0xCC, 0xCC, 0xCC, 0xCC, 0xCC, 0xCC, 0xCC, 0xCC, 0xCC, 0xCC, 0xCC, 0xCC, 0xCC, 0xBB, 0xAA, 
	0x98, 0x77, 0x76, 0x77, 0x89, 0x9A, 0x99, 0x87, 0x65, 0x44, 0x33, 0x32, 0x23, 0x33, 0x22, 
	0x22, 0x22, 0x22, 0x22, 0x23, 0x34, 0x45, 0x67, 0x89, 0xAA, 0xAA, 0xA9, 0xAA, 0xAB, 0xBC, 
	0xCC, 0xCC, 0xCB, 0xBB, 0xBB, 0xBB, 0xBB, 0xBB, 0xBC, 0xCD, 0xEE, 0xEE, 0xEE, 0xEE, 0xEE, 
	0xEE, 0xEE, 0xEE, 0xEE, 0xEE, 0xEE, 0xEE, 0xEE, 0xEE, 0xEE, 0xEE, 0xEE, 0xEE, 0xEE, 0xEE, 
	0xDD, 0xDD, 0xDD, 0xDD, 0xDD, 0xCB, 0x96, 0x45, 0x55, 0x55, 0x55, 0x55, 0x55, 0x55, 0x55, 
	0x55, 0x55, 0x55, 0x55, 0x55, 0x55, 0x55, 0x55, 0x55, 0x55, 0x55, 0x55, 0x55, 0x55, 0x54, 
	0x43, 0x33, 0x33, 0x33, 0x44, 0x45, 0x55, 0x55, 0x55, 0x55, 0x55, 0x55, 0x55, 0x55, 0x55, 
	0x56, 0x66, 0x66, 0x67, 0x77, 0x78, 0x88, 0x99, 0x9A, 0xAA, 0xAB, 0xBB, 0xBB, 0xBB, 0xBB, 
	0xBB, 0xAA, 0xAA, 0xAA, 0xAA, 0x99, 0x88, 0x87, 0x76, 0x66, 0x55, 0x55, 0x54, 0x44, 0x43, 
	0x55, 0x55, 0x55, 0x55, 0x55, 0x55, 0x55, 0x55, 0x55, 0x44, 0x33, 0x34, 0x45, 0x55, 0x55, 
	0x55, 0x55, 0x44, 0x33, 0x33, 0x44, 0x55, 0x55, 0x55, 0x55, 0x55, 0x55, 0x55, 0x55, 0x55, 
	0x55, 0x55, 0x55, 0x55, 0x55, 0x55, 0x55, 0x55, 0x54, 0x43, 0x33, 0x34, 0x55, 0x55, 0x55, 
	0x55, 0x55, 0x55, 0x55, 0x55, 0x55, 0x55, 0x55, 0x55, 0x55, 0x55, 0x55, 0x55, 0x55, 0x55, 
	0x55, 0x55, 0x55, 0x55, 0x55, 0x55, 0x55, 0x55, 0x55, 0x55, 0x55, 0x55, 0x55, 0x56, 0x79, 
	0xBC, 0xCC, 0xBB, 0xBB, 0xBB, 0xBB, 0xBB, 0xBB, 0xBB, 0xCB, 0xBB, 0xBB, 0xBB, 0xBA, 0xA9, 
	0x99, 0x99, 0xA9, 0x87, 0x54, 0x43, 0x33, 0x33, 0x33, 0x33, 0x33, 0x33, 0x33, 0x33, 0x33, 
	0x33, 0x33, 0x32, 0x23, 0x33, 0x33, 0x33, 0x45, 0x56, 0x78, 0x88, 0x87, 0x76, 0x67, 0x78, 
	0x9A, 0xBB, 0xBB, 0xBB, 0xBB, 0xBB, 0xBB, 0xBB, 0xBB, 0xBB, 0xBB, 0xBB, 0xBC, 0xCC, 0xCC, 
	0xCC, 0xCC, 0xDD, 0xDD, 0xDD, 0xDD, 0xDD, 0xDD, 0xDD, 0xDD, 0xDD, 0xDD, 0xDD, 0xDD, 0xDC, 
	0xCC, 0xCC, 0xCC, 0xCC, 0xCC, 0xCC, 0xCC, 0xCC, 0xCC, 0xCC, 0xCC, 0xCC, 0xCC, 0xBB, 0xBA, 
	0x98, 0x87, 0x77, 0x77, 0x88, 0x99, 0xAA, 0x98, 0x77, 0x65, 0x43, 0x33, 0x33, 0x33, 0x32, 
	0x33, 0x33, 0x33, 0x33, 0x33, 0x45, 0x56, 0x78, 0x9A, 0xAA, 0xAA, 0xAA, 0xAA, 0xBB, 0xBC, 
	0xCC, 0xCC, 0xBB, 0xBB, 0xBB, 0xBB, 0xBB, 0xBB, 0xBB, 0xBC, 0xDD, 0xEE, 0xEE, 0xEE, 0xEE, 
	0xEE, 0xEE, 0xEE, 0xEE, 0xEE, 0xEE, 0xEE, 0xEE, 0xEE, 0xEE, 0xEE, 0xEE, 0xEE, 0xEE, 0xEE, 
	0xED, 0xDD, 0xDD, 0xDD, 0xDD, 0xCB, 0x96, 0x45, 0x55, 0x55, 0x55, 0x55, 0x55, 0x55, 0x55, 
	0x55, 0x55, 0x55, 0x55, 0x55, 0x55, 0x55, 0x55, 0x55, 0x55, 0x55, 0x55, 0x55, 0x55, 0x55, 
	0x44, 0x33, 0x33, 0x33, 0x34, 0x44, 0x45, 0x55, 0x55, 0x55, 0x55, 0x55, 0x55, 0x55, 0x55, 
	0x66, 0x66, 0x66, 0x77, 0x77, 0x88, 0x88, 0x99, 0x9A, 0xAA, 0xBB, 0xBB, 0xBB, 0xBB, 0xBB, 
	0xBB, 0xBB, 0xBA, 0xAA, 0xAA, 0x99, 0x98, 0x88, 0x76, 0x66, 0x55, 0x55, 0x44, 0x44, 0x44, 
	0x55, 0x55, 0x55, 0x55, 0x55, 0x55, 0x55, 0x55, 0x54, 0x43, 0x33, 0x44, 0x55, 0x55, 0x55, 
	0x55, 0x55, 0x54, 0x43, 0x33, 0x34, 0x45, 0x55, 0x55, 0x55, 0x55, 0x55, 0x55, 0x55, 0x55, 
	0x55, 0x55, 0x55, 0x55, 0x55, 0x55, 0x55, 0x55, 0x54, 0x43, 0x33, 0x44, 0x55, 0x55, 0x55, 
	0x55, 0x55, 0x55, 0x55, 0x55, 0x55, 0x55, 0x55, 0x55, 0x55, 0x55, 0x55, 0x55, 0x55, 0x55, 
	0x55, 0x55, 0x55, 0x55, 0x55, 0x55, 0x55, 0x55, 0x55, 0x55, 0x55, 0x55, 0x55, 0x45, 0x68, 
	0xAB, 0xCC, 0xCB, 0xBB, 0xBB, 0xBB, 0xBB, 0xBB, 0xBB, 0xBB, 0xBB, 0xBB, 0xBB, 0xBA, 0xA9, 
	0x98, 0x99, 0xAA, 0x97, 0x65, 0x43, 0x33, 0x33, 0x33, 0x33, 0x33, 0x33, 0x33, 0x33, 0x33, 
	0x33, 0x33, 0x33, 0x33, 0x33, 0x33, 0x34, 0x45, 0x67, 0x88, 0x99, 0x87, 0x66, 0x67, 0x78, 
	0xAA, 0xBB, 0xBB, 0xBB, 0xBB, 0xBB, 0xBB, 0xBB, 0xBB, 0xBB, 0xBB, 0xBB, 0xBC, 0xCC, 0xCC, 
	0xCC, 0xCD, 0xDD, 0xDD, 0xDD, 0xDD, 0xDD, 0xDD, 0xDD, 0xDD, 0xDD, 0xDD, 0xDD, 0xDD, 0xDD, 
	0xCC, 0xCC, 0xCC, 0xCC, 0xCC, 0xCC, 0xCC, 0xCC, 0xCC, 0xCC, 0xCC, 0xCC, 0xCC, 0xBB, 0xBA, 
	0xA9, 0x88, 0x77, 0x77, 0x78, 0x89, 0xAA, 0xA9, 0x98, 0x76, 0x54, 0x44, 0x33, 0x33, 0x33, 
	0x33, 0x33, 0x33, 0x33, 0x44, 0x56, 0x77, 0x89, 0xAA, 0xAA, 0xAA, 0xAA, 0xAB, 0xBC, 0xCC, 
	0xCB, 0xCC, 0xBB, 0xBB, 0xBB, 0xBB, 0xBB, 0xBB, 0xBB, 0xBB, 0xCC, 0xDE, 0xEE, 0xEE, 0xEE, 
	0xEE, 0xEE, 0xEE, 0xEE, 0xEE, 0xEE, 0xEE, 0xEE, 0xEE, 0xEE, 0xEE, 0xED, 0xDE, 0xEE, 0xEE, 
	0xED, 0xDD, 0xDD, 0xCD, 0xCC, 0xCA, 0x86, 0x45, 0x55, 0x55, 0x55, 0x55, 0x55, 0x55, 0x55, 
	0x55, 0x55, 0x55, 0x55, 0x55, 0x55, 0x55, 0x55, 0x55, 0x55, 0x55, 0x55, 0x55, 0x55, 0x55, 
	0x44, 0x43, 0x33, 0x33, 0x33, 0x44, 0x45, 0x55, 0x55, 0x55, 0x55, 0x55, 0x55, 0x55, 0x55, 
	0x66, 0x66, 0x66, 0x77, 0x77, 0x88, 0x89, 0x99, 0xAA, 0xAA, 0xBB, 0xBB, 0xBB, 0xCC, 0xCC, 
	0xCC, 0xCB, 0xBB, 0xBB, 0xAA, 0x99, 0x99, 0x98, 0x87, 0x66, 0x65, 0x55, 0x54, 0x44, 0x43, 
	0x55, 0x55, 0x55, 0x55, 0x55, 0x55, 0x55, 0x55, 0x54, 0x43, 0x33, 0x44, 0x55, 0x55, 0x55, 
	0x55, 0x55, 0x55, 0x44, 0x33, 0x34, 0x45, 0x55, 0x55, 0x55, 0x55, 0x55, 0x55, 0x55, 0x55, 
	0x55, 0x55, 0x55, 0x55, 0x55, 0x55, 0x55, 0x55, 0x54, 0x43, 0x33, 0x44, 0x55, 0x55, 0x55, 
	0x55, 0x55, 0x55, 0x55, 0x55, 0x55, 0x55, 0x55, 0x55, 0x55, 0x55, 0x55, 0x55, 0x55, 0x55, 
	0x55, 0x55, 0x55, 0x55, 0x55, 0x55, 0x55, 0x55, 0x55, 0x55, 0x55, 0x55, 0x55, 0x44, 0x56, 
	0x8A, 0xBC, 0xCC, 0xBB, 0xBB, 0xBB, 0xBB, 0xBB, 0xBC, 0xBB, 0xBB, 0xBB, 0xBB, 0xBA, 0xA9, 
	0x98, 0x99, 0xAA, 0x98, 0x65, 0x43, 0x33, 0x33, 0x33, 0x33, 0x33, 0x33, 0x33, 0x33, 0x33, 
	0x33, 0x33, 0x33, 0x33, 0x33, 0x33, 0x44, 0x56, 0x77, 0x89, 0x99, 0x87, 0x66, 0x67, 0x89, 
	0xAB, 0xBB, 0xBB, 0xBB, 0xBB, 0xBB, 0xBB, 0xBB, 0xBB, 0xBB, 0xBB, 0xBB, 0xBC, 0xCC, 0xCC, 
	0xCC, 0xCD, 0xDD, 0xDD, 0xDD, 0xDD, 0xDD, 0xEE, 0xDD, 0xDD, 0xDD, 0xDD, 0xDD, 0xDD, 0xDD, 
	0xCC, 0xCC, 0xCC, 0xCC, 0xCC, 0xCC, 0xCC, 0xCC, 0xCC, 0xCC, 0xCC, 0xCC, 0xCC, 0xBB, 0xBB, 
	0xA9, 0x98, 0x77, 0x77, 0x77, 0x89, 0xAA, 0xAA, 0x99, 0x87, 0x65, 0x54, 0x43, 0x33, 0x33, 
	0x33, 0x33, 0x34, 0x44, 0x55, 0x67, 0x88, 0x9A, 0xAA, 0xAA, 0xA9, 0x9A, 0xAB, 0xBC, 0xCC, 
	0xCB, 0xBB, 0xBB, 0xBB, 0xBB, 0xBB, 0xBB, 0xBB, 0xBB, 0xBB, 0xBC, 0xCD, 0xDE, 0xEE, 0xEE, 
	0xEE, 0xEE, 0xEE, 0xEE, 0xEE, 0xEE, 0xEE, 0xEE, 0xEE, 0xEE, 0xED, 0xDD, 0xDD, 0xEE, 0xEE, 
	0xEE, 0xDD, 0xDD, 0xDD, 0xCC, 0xCA, 0x86, 0x45, 0x55, 0x55, 0x55, 0x55, 0x55, 0x55, 0x55, 
	0x55, 0x55, 0x55, 0x55, 0x55, 0x55, 0x55, 0x55, 0x55, 0x55, 0x55, 0x55, 0x55, 0x55, 0x55, 
	0x54, 0x44, 0x33, 0x33, 0x33, 0x34, 0x45, 0x55, 0x55, 0x55, 0x55, 0x55, 0x55, 0x55, 0x55, 
	0x66, 0x66, 0x66, 0x77, 0x78, 0x88, 0x89, 0x99, 0xAA, 0xAB, 0xBB, 0xBB, 0xBB, 0xCC, 0xCC, 
	0xCC, 0xCB, 0xBB, 0xBB, 0xBA, 0xA9, 0x99, 0x88, 0x87, 0x76, 0x66, 0x65, 0x54, 0x44, 0x43, 
	0x55, 0x55, 0x55, 0x55, 0x55, 0x55, 0x55, 0x55, 0x44, 0x33, 0x34, 0x45, 0x55, 0x55, 0x55, 
	0x55, 0x55, 0x55, 0x44, 0x33, 0x33, 0x44, 0x45, 0x55, 0x55, 0x55, 0x55, 0x55, 0x55, 0x55, 
	0x55, 0x55, 0x55, 0x55, 0x55, 0x55, 0x55, 0x55, 0x44, 0x33, 0x33, 0x44, 0x55, 0x55, 0x55, 
	0x55, 0x55, 0x55, 0x55, 0x55, 0x55, 0x55, 0x55, 0x55, 0x55, 0x55, 0x55, 0x55, 0x55, 0x55, 
	0x55, 0x55, 0x55, 0x55, 0x55, 0x55, 0x55, 0x55, 0x55, 0x55, 0x55, 0x55, 0x55, 0x54, 0x55, 
	0x79, 0xAB, 0xCC, 0xBB, 0xBB, 0xBB, 0xBB, 0xBB, 0xBC, 0xCB, 0xBB, 0xBB, 0xBB, 0xBB, 0xAA, 
	0x98, 0x99, 0x9A, 0xA9, 0x76, 0x54, 0x33, 0x33, 0x33, 0x33, 0x33, 0x33, 0x33, 0x33, 0x33, 
	0x33, 0x33, 0x33, 0x33, 0x33, 0x34, 0x45, 0x67, 0x78, 0x99, 0x98, 0x87, 0x66, 0x77, 0x89, 
	0xAB, 0xBB, 0xBB, 0xBB, 0xBB, 0xBB, 0xBB, 0xBB, 0xBB, 0xBB, 0xBB, 0xBB, 0xCC, 0xCC, 0xCC, 
	0xCC, 0xDD, 0xDD, 0xDD, 0xDD, 0xDD, 0xDE, 0xEE, 0xED, 0xDD, 0xDD, 0xDD, 0xDD, 0xDD, 0xDD, 
	0xDC, 0xCC, 0xCC, 0xCC, 0xCC, 0xCC, 0xCC, 0xCC, 0xCC, 0xCC, 0xCC, 0xCC, 0xCC, 0xBB, 0xBB, 
	0xBA, 0x98, 0x88, 0x77, 0x77, 0x88, 0x9A, 0xAA, 0xAA, 0x98, 0x77, 0x66, 0x54, 0x44, 0x44, 
	0x44, 0x44, 0x55, 0x55, 0x67, 0x78, 0x99, 0xAA, 0xAA, 0xAA, 0xA9, 0xAA, 0xBB, 0xCC, 0xCC, 
	0xBB, 0xBB, 0xBB, 0xBB, 0xBB, 0xBB, 0xBB, 0xBB, 0xBB, 0xBB, 0xBB, 0xBB, 0xCD, 0xDE, 0xEE, 
	0xEE, 0xEE, 0xEE, 0xEE, 0xEE, 0xEE, 0xEE, 0xEE, 0xEE, 0xEE, 0xDD, 0xDD, 0xDD, 0xDD, 0xDE, 
	0xED, 0xDD, 0xDD, 0xDD, 0xDD, 0xCA, 0x75, 0x55, 0x55, 0x55, 0x55, 0x55, 0x55, 0x55, 0x55, 
	0x55, 0x55, 0x55, 0x55, 0x55, 0x55, 0x55, 0x55, 0x55, 0x55, 0x55, 0x55, 0x55, 0x55, 0x55, 
	0x55, 0x44, 0x43, 0x33, 0x33, 0x33, 0x44, 0x55, 0x55, 0x55, 0x55, 0x55, 0x55, 0x55, 0x55, 
	0x66, 0x66, 0x66, 0x77, 0x78, 0x88, 0x99, 0x9A, 0xAA, 0xBB, 0xBB, 0xBB, 0xBB, 0xCC, 0xCC, 
	0xCC, 0xCC, 0xCC, 0xCC, 0xBB, 0xAA, 0x99, 0x98, 0x87, 0x76, 0x66, 0x65, 0x54, 0x44, 0x33, 
	0x55, 0x55, 0x55, 0x55, 0x55, 0x55, 0x55, 0x55, 0x44, 0x33, 0x34, 0x45, 0x55, 0x55, 0x55, 
	0x55, 0x55, 0x55, 0x54, 0x33, 0x33, 0x44, 0x45, 0x55, 0x55, 0x55, 0x55, 0x55, 0x55, 0x55, 
	0x55, 0x55, 0x55, 0x55, 0x55, 0x55, 0x55, 0x55, 0x44, 0x33, 0x34, 0x45, 0x55, 0x55, 0x55, 
	0x55, 0x55, 0x55, 0x55, 0x55, 0x55, 0x55, 0x55, 0x55, 0x55, 0x55, 0x55, 0x55, 0x55, 0x55, 
	0x55, 0x55, 0x55, 0x55, 0x55, 0x55, 0x55, 0x55, 0x55, 0x55, 0x55, 0x55, 0x55, 0x55, 0x55, 
	0x57, 0x9A, 0xCC, 0xCB, 0xBB, 0xBB, 0xAB, 0xBB, 0xBC, 0xCB, 0xBB, 0xBB, 0xBB, 0xBB, 0xAA, 
	0x98, 0x89, 0x9A, 0xA9, 0x87, 0x65, 0x43, 0x33, 0x33, 0x33, 0x33, 0x33, 0x33, 0x33, 0x33, 
	0x33, 0x23, 0x33, 0x33, 0x33, 0x44, 0x56, 0x77, 0x89, 0x99, 0x98, 0x87, 0x76, 0x78, 0x8A, 
	0xAB, 0xBB, 0xBB, 0xBC, 0xBB, 0xBB, 0xBB, 0xBB, 0xBB, 0xBB, 0xBB, 0xBB, 0xCC, 0xCC, 0xCC, 
	0xCD, 0xDD, 0xDD, 0xDD, 0xDD, 0xDD, 0xEE, 0xEE, 0xEE, 0xDD, 0xDD, 0xDD, 0xDD, 0xDD, 0xDD, 
	0xDC, 0xCC, 0xCC, 0xCC, 0xCC, 0xCC, 0xCC, 0xCC, 0xCC, 0xCC, 0xCC, 0xCC, 0xCC, 0xCC, 0xBB, 
	0xBA, 0xA9, 0x88, 0x87, 0x77, 0x78, 0x89, 0xAA, 0xBA, 0xA9, 0x98, 0x77, 0x66, 0x55, 0x55, 
	0x55, 0x56, 0x66, 0x77, 0x78, 0x99, 0xAA, 0xAB, 0xAA, 0xA9, 0xAA, 0xAB, 0xBB, 0xCC, 0xCB, 
	0xBB, 0xBB, 0xBB, 0xBB, 0xBB, 0xBB, 0xBB, 0xBB, 0xBB, 0xBB, 0xAA, 0xAA, 0xBC, 0xDD, 0xEE, 
	0xEE, 0xEE, 0xEE, 0xEE, 0xEE, 0xEE, 0xEE, 0xEE, 0xEE, 0xED, 0xDD, 0xDD, 0xDD, 0xDD, 0xDD, 
	0xDD, 0xDD, 0xDD, 0xDD, 0xCC, 0xC9, 0x75, 0x55, 0x55, 0x55, 0x55, 0x55, 0x55, 0x55, 0x55, 
	0x55, 0x55, 0x55, 0x55, 0x55, 0x55, 0x55, 0x55, 0x55, 0x55, 0x55, 0x55, 0x55, 0x55, 0x55, 
	0x55, 0x54, 0x43, 0x33, 0x33, 0x33, 0x34, 0x45, 0x55, 0x55, 0x55, 0x55, 0x55, 0x55, 0x56, 
	0x66, 0x66, 0x66, 0x77, 0x78, 0x88, 0x99, 0x9A, 0xAA, 0xBB, 0xBB, 0xBC, 0xCC, 0xCC, 0xCC, 
	0xCC, 0xCC, 0xCC, 0xCC, 0xCB, 0xBA, 0xA9, 0x99, 0x88, 0x76, 0x66, 0x55, 0x55, 0x44, 0x44, 
	0x55, 0x55, 0x55, 0x55, 0x55, 0x55, 0x55, 0x54, 0x44, 0x33, 0x34, 0x55, 0x55, 0x55, 0x55, 
	0x55, 0x55, 0x55, 0x54, 0x43, 0x33, 0x34, 0x44, 0x55, 0x55, 0x55, 0x55, 0x55, 0x55, 0x55, 
	0x55, 0x55, 0x55, 0x55, 0x55, 0x55, 0x55, 0x55, 0x43, 0x33, 0x34, 0x45, 0x55, 0x55, 0x55, 
	0x55, 0x55, 0x55, 0x55, 0x55, 0x55, 0x55, 0x55, 0x55, 0x55, 0x55, 0x55, 0x55, 0x55, 0x55, 
	0x55, 0x55, 0x55, 0x55, 0x55, 0x55, 0x55, 0x55, 0x55, 0x55, 0x55, 0x55, 0x55, 0x55, 0x55, 
	0x55, 0x78, 0xBB, 0xCB, 0xBB, 0xBB, 0xAB, 0xBB, 0xBC, 0xBB, 0xBB, 0xBB, 0xBB, 0xBB, 0xAA, 
	0x99, 0x88, 0x99, 0xAA, 0x98, 0x76, 0x54, 0x33, 0x33, 0x33, 0x33, 0x33, 0x33, 0x33, 0x33, 
	0x32, 0x33, 0x33, 0x33, 0x34, 0x55, 0x67, 0x78, 0x99, 0x99, 0x88, 0x77, 0x77, 0x78, 0x9A, 
	0xBB, 0xBB, 0xBB, 0xBB, 0xBB, 0xBB, 0xBB, 0xBB, 0xBB, 0xBB, 0xBB, 0xCC, 0xCC, 0xCC, 0xCC, 
	0xCD, 0xDD, 0xDD, 0xDD, 0xDD, 0xDD, 0xDE, 0xEE, 0xDD, 0xDD, 0xDD, 0xDD, 0xDD, 0xDD, 0xDD, 
	0xDD, 0xCC, 0xCC, 0xCC, 0xCC, 0xCC, 0xCC, 0xCC, 0xCC, 0xCC, 0xCC, 0xCC, 0xCC, 0xCC, 0xBB, 
	0xBB, 0xA9, 0x99, 0x88, 0x87, 0x77, 0x88, 0x9A, 0xAA, 0xBB, 0xAA, 0x99, 0x87, 0x76, 0x66, 
	0x66, 0x77, 0x78, 0x89, 0x99, 0xAA, 0xBB, 0xBA, 0xAA, 0xAA, 0xAA, 0xBB, 0xBB, 0xCC, 0xCB, 
	0xBB, 0xBB, 0xBB, 0xBB, 0xBB, 0xBB, 0xBB, 0xBB, 0xBB, 0xBB, 0xAA, 0xAA, 0xBB, 0xBC, 0xDD, 
	0xDE, 0xEE, 0xEE, 0xEE, 0xEE, 0xEE, 0xEE, 0xEE, 0xED, 0xDD, 0xDD, 0xDD, 0xDD, 0xDD, 0xDD, 
	0xDD, 0xDD, 0xDD, 0xDC, 0xCD, 0xC9, 0x65, 0x55, 0x55, 0x55, 0x55, 0x55, 0x55, 0x55, 0x55, 
	0x55, 0x55, 0x55, 0x55, 0x55, 0x55, 0x55, 0x55, 0x55, 0x55, 0x55, 0x55, 0x55, 0x55, 0x55, 
	0x55, 0x55, 0x44, 0x33, 0x33, 0x33, 0x33, 0x44, 0x45, 0x55, 0x55, 0x55, 0x55, 0x55, 0x56, 
	0x66, 0x66, 0x66, 0x77, 0x88, 0x89, 0x99, 0xAA, 0xAA, 0xBB, 0xBB, 0xCC, 0xCC, 0xCC, 0xCC, 
	0xCC, 0xCC, 0xCC, 0xCC, 0xCB, 0xBB, 0xAA, 0x99, 0x88, 0x77, 0x66, 0x65, 0x55, 0x44, 0x44, 
	0x55, 0x55, 0x55, 0x55, 0x55, 0x55, 0x55, 0x54, 0x43, 0x33, 0x44, 0x55, 0x55, 0x55, 0x55, 
	0x55, 0x55, 0x55, 0x55, 0x44, 0x33, 0x33, 0x44, 0x45, 0x55, 0x55, 0x55, 0x55, 0x55, 0x55, 
	0x55, 0x55, 0x55, 0x55, 0x55, 0x55, 0x55, 0x54, 0x43, 0x33, 0x44, 0x45, 0x55, 0x55, 0x55, 
	0x55, 0x55, 0x55, 0x55, 0x55, 0x55, 0x55, 0x55, 0x55, 0x55, 0x55, 0x55, 0x55, 0x55, 0x55, 
	0x55, 0x55, 0x55, 0x55, 0x55, 0x55, 0x55, 0x55, 0x55, 0x55, 0x55, 0x55, 0x55, 0x55, 0x55, 
	0x55, 0x67, 0x9A, 0xBB, 0xBB, 0xBB, 0xBB, 0xBB, 0xBC, 0xBB, 0xBB, 0xBB, 0xBB, 0xBB, 0xAA, 
	0xA9, 0x98, 0x99, 0xAA, 0xA9, 0x87, 0x65, 0x44, 0x33, 0x33, 0x33, 0x33, 0x33, 0x33, 0x33, 
	0x33, 0x33, 0x33, 0x33, 0x44, 0x56, 0x67, 0x89, 0x99, 0x99, 0x88, 0x77, 0x77, 0x89, 0xAA, 
	0xBB, 0xBB, 0xBB, 0xBB, 0xBB, 0xBB, 0xBB, 0xBB, 0xBB, 0xCC, 0xCC, 0xCC, 0xCC, 0xCC, 0xCC, 
	0xDD, 0xDD, 0xDD, 0xDD, 0xDD, 0xDD, 0xDE, 0xEE, 0xED, 0xDD, 0xDD, 0xDD, 0xDD, 0xDD, 0xDD, 
	0xDD, 0xDC, 0xCC, 0xCC, 0xCC, 0xCC, 0xCC, 0xCC, 0xCC, 0xCC, 0xCC, 0xCC, 0xCC, 0xBB, 0xBB, 
	0xBB, 0xBA, 0xA9, 0x99, 0x88, 0x88, 0x88, 0x89, 0xAA, 0xBB, 0xBB, 0xAA, 0x99, 0x88, 0x88, 
	0x88, 0x88, 0x99, 0x9A, 0xAB, 0xBB, 0xBB, 0xAA, 0xAA, 0xAA, 0xAB, 0xBB, 0xBC, 0xCB, 0xBB, 
	0xBB, 0xBB, 0xBB, 0xBB, 0xBB, 0xBB, 0xBB, 0xBB, 0xBB, 0xBB, 0xAA, 0xAA, 0xAA, 0xBB, 0xCC, 
	0xCD, 0xEE, 0xEE, 0xEE, 0xEE, 0xEE, 0xED, 0xEE, 0xED, 0xDD, 0xDD, 0xDD, 0xDD, 0xDD, 0xDD, 
	0xDD, 0xDD, 0xDC, 0xCC, 0xCD, 0xC8, 0x65, 0x55, 0x55, 0x55, 0x55, 0x55, 0x55, 0x55, 0x55, 
	0x55, 0x55, 0x55, 0x55, 0x55, 0x55, 0x55, 0x55, 0x55, 0x55, 0x55, 0x55, 0x55, 0x55, 0x55, 
	0x55, 0x55, 0x44, 0x43, 0x33, 0x33, 0x33, 0x44, 0x44, 0x55, 0x55, 0x55, 0x55, 0x55, 0x56, 
	0x66, 0x66, 0x67, 0x77, 0x88, 0x89, 0x99, 0xAA, 0xAA, 0xBB, 0xBB, 0xCC, 0xCC, 0xCC, 0xCC, 
	0xCC, 0xCC, 0xCC, 0xCC, 0xCC, 0xBB, 0xAA, 0x99, 0x88, 0x77, 0x66, 0x65, 0x55, 0x44, 0x44, 
	0x55, 0x55, 0x55, 0x55, 0x55, 0x55, 0x55, 0x54, 0x33, 0x33, 0x45, 0x55, 0x55, 0x55, 0x55, 
	0x55, 0x55, 0x55, 0x55, 0x44, 0x43, 0x33, 0x34, 0x45, 0x55, 0x55, 0x55, 0x55, 0x55, 0x55, 
	0x55, 0x55, 0x55, 0x55, 0x55, 0x55, 0x55, 0x44, 0x33, 0x33, 0x44, 0x55, 0x55, 0x55, 0x55, 
	0x55, 0x55, 0x55, 0x55, 0x55, 0x55, 0x55, 0x55, 0x55, 0x55, 0x55, 0x55, 0x55, 0x55, 0x55, 
	0x55, 0x55, 0x55, 0x55, 0x55, 0x55, 0x55, 0x55, 0x55, 0x55, 0x55, 0x55, 0x55, 0x55, 0x55, 
	0x55, 0x55, 0x79, 0xBC, 0xBB, 0xBB, 0xBB, 0xBB, 0xBB, 0xBB, 0xBB, 0xBB, 0xBB, 0xBB, 0xAA, 
	0xA9, 0x99, 0x99, 0xAA, 0xAA, 0xA9, 0x76, 0x54, 0x43, 0x33, 0x33, 0x22, 0x23, 0x33, 0x22, 
	0x33, 0x33, 0x33, 0x34, 0x55, 0x67, 0x78, 0x99, 0xA9, 0x98, 0x87, 0x88, 0x88, 0x99, 0xAB, 
	0xBB, 0xBB, 0xBB, 0xBB, 0xBB, 0xBB, 0xBB, 0xBB, 0xBC, 0xCC, 0xCC, 0xCC, 0xCC, 0xCC, 0xCD, 
	0xDD, 0xDD, 0xDD, 0xDD, 0xDD, 0xDD, 0xDE, 0xEE, 0xED, 0xEE, 0xEE, 0xEE, 0xEE, 0xDD, 0xDD, 
	0xDD, 0xDD, 0xDC, 0xCC, 0xCC, 0xCC, 0xCC, 0xCC, 0xCC, 0xCC, 0xCC, 0xCC, 0xCC, 0xBB, 0xBB, 
	0xBB, 0xBB, 0xAA, 0xA9, 0x99, 0x88, 0x88, 0x88, 0x9A, 0xAB, 0xBB, 0xBB, 0xAA, 0x99, 0x99, 
	0x99, 0x9A, 0xAA, 0xAB, 0xBB, 0xBB, 0xBB, 0xAA, 0xAA, 0xAB, 0xBB, 0xBC, 0xCC, 0xBB, 0xBB, 
	0xBB, 0xBB, 0xBB, 0xBB, 0xBB, 0xBB, 0xBB, 0xBB, 0xBB, 0xBB, 0xAA, 0xAA, 0xAA, 0xBB, 0xBA, 
	0xAC, 0xDE, 0xEE, 0xEE, 0xEE, 0xDE, 0xED, 0xEE, 0xDD, 0xDD, 0xDD, 0xDD, 0xDD, 0xDD, 0xDD, 
	0xDD, 0xDD, 0xDC, 0xCC, 0xDD, 0xB8, 0x55, 0x55, 0x55, 0x55, 0x55, 0x55, 0x55, 0x55, 0x55, 
	0x55, 0x55, 0x55, 0x55, 0x55, 0x55, 0x55, 0x55, 0x55, 0x55, 0x55, 0x55, 0x55, 0x55, 0x55, 
	0x55, 0x55, 0x54, 0x44, 0x33, 0x33, 0x33, 0x34, 0x44, 0x45, 0x55, 0x55, 0x55, 0x55, 0x56, 
	0x66, 0x66, 0x67, 0x77, 0x88, 0x88, 0x99, 0xAA, 0xAA, 0xBB, 0xCC, 0xCC, 0xCC, 0xCC, 0xCC, 
	0xCC, 0xCC, 0xCC, 0xCC, 0xCC, 0xCB, 0xBA, 0x99, 0x88, 0x77, 0x76, 0x65, 0x55, 0x44, 0x44, 
	0x55, 0x55, 0x55, 0x55, 0x55, 0x55, 0x55, 0x54, 0x33, 0x34, 0x45, 0x55, 0x55, 0x55, 0x55, 
	0x55, 0x55, 0x55, 0x55, 0x54, 0x44, 0x33, 0x33, 0x44, 0x45, 0x55, 0x55, 0x55, 0x55, 0x55, 
	0x55, 0x55, 0x55, 0x55, 0x55, 0x55, 0x54, 0x44, 0x33, 0x34, 0x44, 0x55, 0x55, 0x55, 0x55, 
	0x55, 0x55, 0x55, 0x55, 0x55, 0x55, 0x55, 0x55, 0x55, 0x55, 0x55, 0x55, 0x55, 0x55, 0x55, 
	0x55, 0x55, 0x55, 0x55, 0x55, 0x55, 0x55, 0x55, 0x55, 0x55, 0x55, 0x55, 0x55, 0x55, 0x55, 
	0x55, 0x55, 0x68, 0x9B, 0xBB, 0xBB, 0xBB, 0xBB, 0xBB, 0xBB, 0xBB, 0xBB, 0xBB, 0xBB, 0xAA, 
	0xAA, 0x99, 0x99, 0x9A, 0xAB, 0xAA, 0x98, 0x76, 0x54, 0x43, 0x33, 0x33, 0x33, 0x33, 0x33, 
	0x33, 0x33, 0x34, 0x45, 0x66, 0x77, 0x89, 0x9A, 0xA9, 0x98, 0x88, 0x88, 0x99, 0xAA, 0xAB, 
	0xBB, 0xBB, 0xBB, 0xBB, 0xBB, 0xBB, 0xBB, 0xBB, 0xBC, 0xCC, 0xCC, 0xCC, 0xCC, 0xCC, 0xDD, 
	0xDD, 0xDD, 0xDD, 0xDD, 0xDD, 0xDD, 0xEE, 0xEE, 0xEE, 0xEE, 0xEE, 0xEE, 0xEE, 0xED, 0xDD, 
	0xDD, 0xDD, 0xDD, 0xCC, 0xCC, 0xCC, 0xCC, 0xCC, 0xCC, 0xCC, 0xCC, 0xCC, 0xCC, 0xCB, 0xBB, 
	0xBB, 0xBB, 0xBB, 0xAA, 0xAA, 0x99, 0x99, 0x89, 0x99, 0xAA, 0xBB, 0xBB, 0xBB, 0xBB, 0xAA, 
	0xAA, 0xAB, 0xBB, 0xBB, 0xBB, 0xBB, 0xBA, 0xAA, 0xAA, 0xBB, 0xBB, 0xCC, 0xCC, 0xBB, 0xBB, 
	0xBB, 0xBB, 0xBB, 0xBB, 0xBB, 0xBB, 0xBB, 0xBB, 0xBB, 0xBB, 0xAA, 0xAA, 0xBB, 0xBB, 0xA8, 
	0x8A, 0xBD, 0xEE, 0xEE, 0xEE, 0xEE, 0xED, 0xED, 0xDD, 0xDD, 0xDD, 0xCC, 0xDD, 0xDD, 0xDD, 
	0xDD, 0xCD, 0xDD, 0xCC, 0xDC, 0xA7, 0x55, 0x55, 0x55, 0x55, 0x55, 0x55, 0x55, 0x55, 0x55, 
	0x55, 0x55, 0x55, 0x55, 0x55, 0x55, 0x55, 0x55, 0x55, 0x55, 0x55, 0x55, 0x55, 0x55, 0x55, 
	0x55, 0x55, 0x55, 0x44, 0x43, 0x33, 0x33, 0x33, 0x44, 0x44, 0x55, 0x55, 0x55, 0x55, 0x56, 
	0x66, 0x66, 0x77, 0x77, 0x78, 0x88, 0x99, 0xAA, 0xAB, 0xBB, 0xCC, 0xCC, 0xCC, 0xCC, 0xCC, 
	0xCC, 0xCC, 0xCC, 0xCC, 0xCC, 0xCB, 0xBA, 0xA9, 0x88, 0x77, 0x76, 0x65, 0x55, 0x44, 0x44, 
	0x55, 0x55, 0x55, 0x55, 0x55, 0x55, 0x55, 0x44, 0x33, 0x34, 0x55, 0x55, 0x55, 0x55, 0x55, 
	0x55, 0x55, 0x55, 0x55, 0x55, 0x44, 0x33, 0x33, 0x34, 0x44, 0x55, 0x55, 0x55, 0x55, 0x55, 
	0x55, 0x55, 0x55, 0x55, 0x55, 0x55, 0x54, 0x43, 0x33, 0x44, 0x45, 0x55, 0x55, 0x55, 0x55, 
	0x55, 0x55, 0x55, 0x55, 0x55, 0x55, 0x55, 0x55, 0x55, 0x55, 0x55, 0x55, 0x55, 0x55, 0x55, 
	0x55, 0x55, 0x55, 0x55, 0x55, 0x55, 0x55, 0x55, 0x55, 0x55, 0x55, 0x55, 0x55, 0x55, 0x55, 
	0x55, 0x55, 0x56, 0x7A, 0xBB, 0xBB, 0xBB, 0xBB, 0xBB, 0xBB, 0xBB, 0xBB, 0xBB, 0xBB, 0xBB, 
	0xAA, 0xA9, 0x99, 0x9A, 0xAB, 0xBA, 0xA9, 0x87, 0x66, 0x54, 0x44, 0x33, 0x33, 0x33, 0x33, 
	0x33, 0x44, 0x45, 0x56, 0x77, 0x88, 0x99, 0xAA, 0xA9, 0x99, 0x99, 0x99, 0xAA, 0xAB, 0xBB, 
	0xBB, 0xBB, 0xBB, 0xBC, 0xBB, 0xBB, 0xBB, 0xBB, 0xBC, 0xCC, 0xCC, 0xCC, 0xCC, 0xCC, 0xDD, 
	0xDD, 0xDD, 0xDD, 0xDD, 0xDD, 0xDD, 0xEE, 0xEE, 0xEE, 0xEE, 0xEE, 0xEE, 0xEE, 0xED, 0xDD, 
	0xDD, 0xDD, 0xDD, 0xCC, 0xCC, 0xCC, 0xCC, 0xCC, 0xCC, 0xCC, 0xCC, 0xCC, 0xCC, 0xCC, 0xCB, 
	0xBB, 0xBB, 0xBB, 0xBB, 0xAA, 0xAA, 0xA9, 0x99, 0x99, 0xAA, 0xBB, 0xBB, 0xBC, 0xCB, 0xBB, 
	0xBB, 0xBB, 0xBB, 0xBB, 0xBB, 0xAA, 0xAA, 0xAA, 0xBB, 0xBB, 0xBC, 0xCC, 0xBB, 0xBB, 0xBB, 
	0xBB, 0xBB, 0xBB, 0xBB, 0xBB, 0xBB, 0xBB, 0xBB, 0xBB, 0xBB, 0xBA, 0xAA, 0xBB, 0xBA, 0x86, 
	0x67, 0x9C, 0xDE, 0xED, 0xDE, 0xED, 0xDD, 0xDD, 0xDC, 0xCC, 0xCB, 0xBB, 0xBB, 0xCC, 0xCD, 
	0xDC, 0xCC, 0xDC, 0xCC, 0xCA, 0x86, 0x55, 0x55, 0x55, 0x55, 0x55, 0x55, 0x55, 0x55, 0x55, 
	0x55, 0x55, 0x55, 0x55, 0x55, 0x55, 0x55, 0x55, 0x55, 0x55, 0x55, 0x55, 0x55, 0x55, 0x55, 
	0x55, 0x55, 0x55, 0x55, 0x43, 0x33, 0x33, 0x33, 0x33, 0x44, 0x55, 0x55, 0x55, 0x55, 0x56, 
	0x66, 0x66, 0x77, 0x77, 0x78, 0x89, 0x99, 0xAA, 0xBB, 0xCC, 0xCC, 0xCC, 0xCC, 0xCC, 0xCC, 
	0xCC, 0xCC, 0xCC, 0xCC, 0xCC, 0xCB, 0xBA, 0xA9, 0x98, 0x77, 0x76, 0x65, 0x55, 0x44, 0x43, 
	0x55, 0x55, 0x55, 0x55, 0x55, 0x55, 0x55, 0x44, 0x33, 0x34, 0x55, 0x55, 0x55, 0x55, 0x55, 
	0x55, 0x55, 0x55, 0x55, 0x55, 0x44, 0x43, 0x33, 0x33, 0x44, 0x45, 0x55, 0x55, 0x55, 0x55, 
	0x55, 0x55, 0x55, 0x55, 0x55, 0x55, 0x44, 0x33, 0x33, 0x44, 0x45, 0x55, 0x55, 0x55, 0x55, 
	0x55, 0x55, 0x55, 0x55, 0x55, 0x55, 0x55, 0x55, 0x55, 0x55, 0x55, 0x55, 0x55, 0x55, 0x55, 
	0x55, 0x55, 0x55, 0x55, 0x55, 0x55, 0x55, 0x55, 0x55, 0x55, 0x55, 0x55, 0x55, 0x55, 0x55, 
	0x55, 0x55, 0x55, 0x68, 0xAB, 0xBB, 0xBB, 0xBB, 0xBB, 0xBB, 0xBB, 0xBB, 0xBB, 0xBB, 0xBB, 
	0xBA, 0xAA, 0x99, 0x99, 0xAA, 0xBB, 0xAA, 0xA9, 0x87, 0x66, 0x55, 0x44, 0x44, 0x44, 0x33, 
	0x34, 0x44, 0x55, 0x67, 0x88, 0x99, 0x9A, 0xAA, 0xAA, 0x99, 0x99, 0xAA, 0xAA, 0xBB, 0xBB, 
	0xBB, 0xBB, 0xBB, 0xBB, 0xBB, 0xBB, 0xBB, 0xBB, 0xBC, 0xCC, 0xCC, 0xCC, 0xCC, 0xCD, 0xDD, 
	0xDD, 0xDD, 0xDD, 0xDD, 0xDE, 0xDD, 0xEE, 0xEE, 0xEE, 0xEE, 0xEE, 0xEE, 0xEE, 0xED, 0xDD, 
	0xDD, 0xDD, 0xDD, 0xDD, 0xDC, 0xCC, 0xCC, 0xCC, 0xCC, 0xCC, 0xCC, 0xCC, 0xCC, 0xCC, 0xCB, 
	0xBB, 0xBB, 0xBB, 0xBB, 0xBB, 0xBB, 0xBA, 0xAA, 0xAA, 0xAA, 0xAB, 0xBB, 0xBB, 0xBB, 0xBB, 
	0xBB, 0xBB, 0xBB, 0xBB, 0xBB, 0xAA, 0xAA, 0xBB, 0xBB, 0xBC, 0xCC, 0xCB, 0xBB, 0xBB, 0xBB, 
	0xBB, 0xBB, 0xBB, 0xBB, 0xBB, 0xBB, 0xBB, 0xBB, 0xBB, 0xBB, 0xBA, 0xAB, 0xBB, 0xB9, 0x75, 
	0x45, 0x7A, 0xCD, 0xED, 0xDD, 0xDD, 0xDD, 0xDD, 0xDC, 0xBA, 0x99, 0x88, 0x89, 0xAA, 0xBB, 
	0xBC, 0xCC, 0xCC, 0xCC, 0xB9, 0x75, 0x55, 0x55, 0x55, 0x55, 0x55, 0x55, 0x55, 0x55, 0x55, 
	0x55, 0x55, 0x55, 0x55, 0x55, 0x55, 0x55, 0x55, 0x55, 0x55, 0x55, 0x55, 0x55, 0x55, 0x55, 
	0x55, 0x55, 0x55, 0x55, 0x44, 0x43, 0x33, 0x33, 0x33, 0x34, 0x45, 0x55, 0x55, 0x55, 0x56, 
	0x66, 0x66, 0x77, 0x77, 0x78, 0x89, 0x9A, 0xAB, 0xBC, 0xCC, 0xCC, 0xCC, 0xCC, 0xCC, 0xCC, 
	0xCC, 0xCC, 0xCC, 0xCC, 0xCC, 0xBB, 0xBA, 0xA9, 0x98, 0x77, 0x66, 0x65, 0x55, 0x44, 0x43, 
	0x55, 0x55, 0x55, 0x55, 0x55, 0x55, 0x54, 0x43, 0x33, 0x44, 0x55, 0x55, 0x55, 0x55, 0x55, 
	0x55, 0x55, 0x55, 0x55, 0x55, 0x54, 0x44, 0x33, 0x33, 0x44, 0x44, 0x45, 0x55, 0x55, 0x55, 
	0x55, 0x55, 0x55, 0x55, 0x55, 0x54, 0x44, 0x33, 0x34, 0x44, 0x55, 0x55, 0x55, 0x55, 0x55, 
	0x55, 0x55, 0x55, 0x55, 0x55, 0x55, 0x55, 0x55, 0x55, 0x55, 0x55, 0x55, 0x55, 0x55, 0x55, 
	0x55, 0x55, 0x55, 0x55, 0x55, 0x55, 0x55, 0x55, 0x55, 0x55, 0x55, 0x55, 0x55, 0x55, 0x55, 
	0x55, 0x55, 0x44, 0x56, 0x8A, 0xBB, 0xBB, 0xBB, 0xBB, 0xBB, 0xBB, 0xBB, 0xBB, 0xBB, 0xBB, 
	0xBB, 0xAA, 0xA9, 0x99, 0x9A, 0xBB, 0xBB, 0xBA, 0x98, 0x87, 0x76, 0x55, 0x54, 0x44, 0x44, 
	0x45, 0x55, 0x66, 0x78, 0x89, 0x99, 0xAA, 0xAA, 0xAA, 0xAA, 0xAA, 0xAA, 0xBB, 0xBB, 0xBB, 
	0xBB, 0xBB, 0xBB, 0xBB, 0xBB, 0xBB, 0xBB, 0xBB, 0xCC, 0xCC, 0xCC, 0xCC, 0xCC, 0xCD, 0xDD, 
	0xDD, 0xDD, 0xDD, 0xDD, 0xDE, 0xDD, 0xEE, 0xEE, 0xEE, 0xEE, 0xEE, 0xEE, 0xEE, 0xED, 0xDD, 
	0xDD, 0xDD, 0xDD, 0xDD, 0xDD, 0xCC, 0xCC, 0xCC, 0xCC, 0xCC, 0xCC, 0xCC, 0xCC, 0xCC, 0xCC, 
	0xCC, 0xCC, 0xCC, 0xBB, 0xBB, 0xBB, 0xBB, 0xBB, 0xBB, 0xAA, 0xAB, 0xBB, 0xBB, 0xBB, 0xBB, 
	0xBB, 0xBB, 0xBB, 0xBB, 0xBB, 0xAB, 0xBB, 0xBB, 0xBB, 0xCB, 0xBC, 0xBB, 0xBB, 0xBB, 0xBB, 
	0xBA, 0xBB, 0xBB, 0xBB, 0xBB, 0xBB, 0xBB, 0xBB, 0xBB, 0xBB, 0xAB, 0xBB, 0xBB, 0x97, 0x65, 
	0x45, 0x68, 0xAC, 0xDD, 0xDD, 0xDD, 0xDD, 0xDD, 0xCB, 0x98, 0x76, 0x66, 0x67, 0x78, 0x89, 
	0x9A, 0xAB, 0xBB, 0xBA, 0x97, 0x65, 0x55, 0x55, 0x55, 0x55, 0x55, 0x55, 0x55, 0x55, 0x55, 
	0x55, 0x55, 0x55, 0x55, 0x55, 0x55, 0x55, 0x55, 0x55, 0x55, 0x55, 0x55, 0x55, 0x55, 0x55, 
	0x55, 0x55, 0x55, 0x55, 0x54, 0x44, 0x33, 0x33, 0x33, 0x34, 0x44, 0x55, 0x55, 0x55, 0x66, 
	0x66, 0x66, 0x77, 0x77, 0x88, 0x89, 0x9A, 0xBB, 0xBC, 0xCC, 0xCC, 0xCC, 0xCC, 0xCC, 0xCC, 
	0xCC, 0xCC, 0xCC, 0xCC, 0xCC, 0xCB, 0xBA, 0x99, 0x98, 0x77, 0x66, 0x55, 0x55, 0x44, 0x43, 
	0x55, 0x55, 0x55, 0x55, 0x55, 0x55, 0x44, 0x43, 0x33, 0x45, 0x55, 0x55, 0x55, 0x55, 0x55, 
	0x55, 0x55, 0x55, 0x55, 0x55, 0x55, 0x44, 0x43, 0x33, 0x33, 0x34, 0x44, 0x55, 0x55, 0x55, 
	0x55, 0x55, 0x55, 0x55, 0x55, 0x44, 0x43, 0x33, 0x34, 0x45, 0x55, 0x55, 0x55, 0x55, 0x55, 
	0x55, 0x55, 0x55, 0x55, 0x55, 0x55, 0x55, 0x55, 0x55, 0x55, 0x55, 0x55, 0x55, 0x55, 0x55, 
	0x55, 0x55, 0x55, 0x55, 0x55, 0x55, 0x55, 0x55, 0x55, 0x55, 0x55, 0x55, 0x55, 0x55, 0x55, 
	0x55, 0x55, 0x44, 0x55, 0x79, 0xBB, 0xBB, 0xBB, 0xBB, 0xBB, 0xBB, 0xBB, 0xBB, 0xBB, 0xBB, 
	0xBB, 0xAA, 0xA9, 0x99, 0x9A, 0xAA, 0xBB, 0xBB, 0xAA, 0x99, 0x88, 0x76, 0x66, 0x65, 0x66, 
	0x66, 0x66, 0x77, 0x89, 0x99, 0xAA, 0xAA, 0xAA, 0xAA, 0xBA, 0xAB, 0xBB, 0xBB, 0xBB, 0xBB, 
	0xBB, 0xBC, 0xCB, 0xBB, 0xBB, 0xBB, 0xBB, 0xBB, 0xCC, 0xCC, 0xCC, 0xCC, 0xCC, 0xCD, 0xDD, 
	0xDD, 0xDD, 0xDD, 0xDD, 0xDE, 0xDE, 0xEE, 0xEE, 0xEE, 0xEE, 0xEE, 0xEE, 0xEE, 0xEE, 0xDD, 
	0xDD, 0xDD, 0xDD, 0xDD, 0xDD, 0xDC, 0xCC, 0xCC, 0xCC, 0xCC, 0xCC, 0xCC, 0xCC, 0xCC, 0xCC, 
	0xCC, 0xCC, 0xCC, 0xBB, 0xBB, 0xBC, 0xCC, 0xCB, 0xBB, 0xBB, 0xBB, 0xBB, 0xBB, 0xBB, 0xBB, 
	0xBB, 0xBB, 0xBB, 0xBB, 0xBB, 0xBB, 0xBB, 0xBC, 0xBC, 0xBB, 0xBB, 0xBB, 0xBB, 0xBB, 0xBB, 
	0xAA, 0xBB, 0xBB, 0xBB, 0xBB, 0xBB, 0xBB, 0xBB, 0xBB, 0xBB, 0xAB, 0xBB, 0xBA, 0x86, 0x55, 
	0x55, 0x56, 0x9B, 0xDD, 0xDD, 0xDD, 0xDD, 0xDB, 0xA9, 0x76, 0x55, 0x55, 0x55, 0x56, 0x66, 
	0x77, 0x88, 0x99, 0x98, 0x65, 0x55, 0x55, 0x55, 0x55, 0x55, 0x55, 0x55, 0x55, 0x55, 0x55, 
	0x55, 0x55, 0x55, 0x55, 0x55, 0x55, 0x55, 0x55, 0x55, 0x55, 0x55, 0x55, 0x55, 0x55, 0x55, 
	0x55, 0x55, 0x55, 0x55, 0x55, 0x44, 0x43, 0x33, 0x33, 0x33, 0x44, 0x45, 0x55, 0x55, 0x66, 
	0x66, 0x66, 0x67, 0x77, 0x88, 0x89, 0xAA, 0xBB, 0xBB, 0xCC, 0xCC, 0xCC, 0xCC, 0xCC, 0xCC, 
	0xCC, 0xCC, 0xCC, 0xCC, 0xCC, 0xCB, 0xAA, 0x99, 0x88, 0x77, 0x66, 0x55, 0x54, 0x44, 0x43, 
	0x55, 0x55, 0x55, 0x55, 0x55, 0x55, 0x54, 0x33, 0x34, 0x45, 0x55, 0x55, 0x55, 0x55, 0x55, 
	0x55, 0x55, 0x55, 0x55, 0x55, 0x55, 0x54, 0x44, 0x43, 0x33, 0x33, 0x44, 0x45, 0x55, 0x55, 
	0x55, 0x55, 0x55, 0x54, 0x44, 0x44, 0x33, 0x33, 0x44, 0x55, 0x55, 0x55, 0x55, 0x55, 0x55, 
	0x55, 0x55, 0x55, 0x55, 0x55, 0x55, 0x55, 0x55, 0x55, 0x55, 0x55, 0x55, 0x55, 0x55, 0x55, 
	0x55, 0x55, 0x55, 0x55, 0x55, 0x55, 0x55, 0x55, 0x55, 0x55, 0x55, 0x55, 0x55, 0x55, 0x55, 
	0x55, 0x55, 0x55, 0x55, 0x67, 0x9B, 0xBA, 0xBB, 0xBB, 0xBB, 0xBB, 0xBB, 0xBB, 0xBB, 0xBB, 
	0xBB, 0xBB, 0xAA, 0xA9, 0x99, 0xAA, 0xAB, 0xBB, 0xBB, 0xBA, 0xA9, 0x98, 0x87, 0x77, 0x77, 
	0x77, 0x88, 0x88, 0x99, 0xAA, 0xAA, 0xAB, 0xBB, 0xBB, 0xBB, 0xBB, 0xBB, 0xCC, 0xCC, 0xBB, 
	0xBB, 0xBB, 0xBB, 0xBB, 0xBB, 0xCC, 0xCC, 0xCC, 0xCC, 0xCC, 0xCC, 0xCC, 0xCC, 0xCD, 0xDD, 
	0xDD, 0xDD, 0xDD, 0xDD, 0xDD, 0xEE, 0xEE, 0xEE, 0xEE, 0xEE, 0xEE, 0xEE, 0xEE, 0xEE, 0xED, 
	0xDD, 0xDD, 0xDD, 0xDD, 0xDD, 0xDD, 0xCC, 0xCC, 0xCC, 0xCC, 0xCC, 0xCC, 0xCC, 0xCC, 0xCC, 
	0xCC, 0xCC, 0xCC, 0xCC, 0xCC, 0xCC, 0xCC, 0xCC, 0xCB, 0xBB, 0xBB, 0xBB, 0xBB, 0xCC, 0xCC, 
	0xBB, 0xBB, 0xBB, 0xBB, 0xBB, 0xBB, 0xBB, 0xCB, 0xCB, 0xBB, 0xBB, 0xBB, 0xBB, 0xBB, 0xBA, 
	0xBB, 0xAA, 0xBB, 0xBB, 0xBB, 0xBB, 0xBB, 0xBB, 0xBB, 0xBB, 0xBB, 0xBB, 0xA8, 0x65, 0x55, 
	0x55, 0x55, 0x79, 0xBD, 0xDD, 0xDD, 0xDC, 0xB9, 0x86, 0x55, 0x55, 0x55, 0x44, 0x45, 0x55, 
	0x55, 0x66, 0x66, 0x66, 0x55, 0x45, 0x55, 0x55, 0x55, 0x55, 0x55, 0x55, 0x55, 0x55, 0x55, 
	0x55, 0x55, 0x55, 0x55, 0x55, 0x55, 0x55, 0x55, 0x55, 0x55, 0x55, 0x55, 0x55, 0x55, 0x55, 
	0x55, 0x55, 0x55, 0x55, 0x55, 0x54, 0x44, 0x33, 0x33, 0x33, 0x33, 0x44, 0x55, 0x55, 0x66, 
	0x66, 0x66, 0x67, 0x78, 0x88, 0x89, 0xAA, 0xBB, 0xBC, 0xCC, 0xCC, 0xCC, 0xCC, 0xCC, 0xCC, 
	0xCC, 0xCC, 0xCC, 0xCC, 0xCC, 0xBB, 0xAA, 0x99, 0x88, 0x87, 0x66, 0x55, 0x44, 0x44, 0x43, 
	0x55, 0x55, 0x55, 0x55, 0x55, 0x55, 0x44, 0x33, 0x34, 0x45, 0x55, 0x55, 0x55, 0x55, 0x55, 
	0x55, 0x55, 0x55, 0x55, 0x55, 0x55, 0x55, 0x54, 0x44, 0x33, 0x33, 0x33, 0x44, 0x44, 0x44, 
	0x55, 0x55, 0x44, 0x44, 0x44, 0x33, 0x33, 0x34, 0x45, 0x55, 0x55, 0x55, 0x55, 0x55, 0x55, 
	0x55, 0x55, 0x55, 0x55, 0x55, 0x55, 0x55, 0x55, 0x55, 0x55, 0x55, 0x55, 0x55, 0x55, 0x55, 
	0x55, 0x55, 0x55, 0x55, 0x55, 0x55, 0x55, 0x55, 0x55, 0x55, 0x55, 0x55, 0x55, 0x55, 0x55, 
	0x55, 0x55, 0x55, 0x55, 0x56, 0x8A, 0xBB, 0xBB, 0xBB, 0xBB, 0xBB, 0xBB, 0xBB, 0xBB, 0xBB, 
	0xAA, 0xBB, 0xAA, 0xAA, 0x99, 0x99, 0xAA, 0xBB, 0xCC, 0xBB, 0xBA, 0xA9, 0x99, 0x99, 0x88, 
	0x99, 0x99, 0x9A, 0xAA, 0xAB, 0xBB, 0xBB, 0xBB, 0xBB, 0xBB, 0xCC, 0xCC, 0xCC, 0xCC, 0xCB, 
	0xBB, 0xBB, 0xBC, 0xCC, 0xCC, 0xCC, 0xCC, 0xCC, 0xCC, 0xCC, 0xCC, 0xCC, 0xCC, 0xDD, 0xDD, 
	0xDD, 0xDD, 0xDD, 0xDD, 0xDD, 0xEE, 0xEE, 0xEE, 0xEE, 0xEE, 0xEE, 0xEE, 0xEE, 0xEE, 0xED, 
	0xDD, 0xDD, 0xDD, 0xDD, 0xDD, 0xDD, 0xDD, 0xCC, 0xCC, 0xCC, 0xCC, 0xCC, 0xCC, 0xCC, 0xCC, 
	0xCC, 0xCC, 0xCC, 0xCC, 0xCC, 0xCC, 0xCC, 0xCC, 0xCC, 0xCB, 0xBB, 0xBB, 0xBB, 0xBB, 0xBB, 
	0xBB, 0xBB, 0xBB, 0xBB, 0xBB, 0xBB, 0xCC, 0xCB, 0xBB, 0xBB, 0xBB, 0xBB, 0xBB, 0xBB, 0xAA, 
	0xAB, 0xAA, 0xBA, 0xAB, 0xBB, 0xBB, 0xBB, 0xBB, 0xBB, 0xAB, 0xBB, 0xBB, 0x97, 0x65, 0x55, 
	0x55, 0x55, 0x57, 0x8A, 0xCC, 0xDC, 0xBA, 0x87, 0x65, 0x55, 0x55, 0x55, 0x55, 0x55, 0x55, 
	0x55, 0x55, 0x55, 0x55, 0x55, 0x55, 0x55, 0x55, 0x55, 0x55, 0x55, 0x55, 0x55, 0x55, 0x55, 
	0x55, 0x55, 0x55, 0x55, 0x55, 0x55, 0x55, 0x55, 0x55, 0x55, 0x55, 0x55, 0x55, 0x55, 0x55, 
	0x55, 0x55, 0x55, 0x55, 0x55, 0x55, 0x44, 0x43, 0x33, 0x33, 0x33, 0x34, 0x45, 0x55, 0x56, 
	0x66, 0x66, 0x67, 0x78, 0x88, 0x9A, 0xAB, 0xBB, 0xBC, 0xCC, 0xCC, 0xCC, 0xCC, 0xCC, 0xCC, 
	0xCC, 0xCC, 0xCC, 0xCC, 0xCB, 0xBA, 0xAA, 0x99, 0x98, 0x87, 0x66, 0x55, 0x44, 0x44, 0x43, 
	0x55, 0x55, 0x55, 0x55, 0x55, 0x55, 0x44, 0x33, 0x44, 0x55, 0x55, 0x55, 0x55, 0x55, 0x55, 
	0x55, 0x55, 0x55, 0x55, 0x55, 0x55, 0x55, 0x55, 0x54, 0x44, 0x33, 0x33, 0x33, 0x34, 0x44, 
	0x44, 0x44, 0x44, 0x33, 0x33, 0x33, 0x33, 0x44, 0x55, 0x55, 0x55, 0x55, 0x55, 0x55, 0x55, 
	0x55, 0x55, 0x55, 0x55, 0x55, 0x55, 0x55, 0x55, 0x55, 0x55, 0x55, 0x55, 0x55, 0x55, 0x55, 
	0x55, 0x55, 0x55, 0x55, 0x55, 0x55, 0x55, 0x55, 0x55, 0x55, 0x55, 0x55, 0x55, 0x55, 0x55, 
	0x55, 0x55, 0x55, 0x54, 0x55, 0x79, 0xAB, 0xBB, 0xAB, 0xBB, 0xBB, 0xBB, 0xBB, 0xBB, 0xAA, 
	0xAA, 0xAA, 0xBB, 0xAA, 0xAA, 0x99, 0xAA, 0xBB, 0xBB, 0xBB, 0xBB, 0xBB, 0xAA, 0xAA, 0xAA, 
	0xAA, 0xAA, 0xAA, 0xBB, 0xBB, 0xBB, 0xBB, 0xBB, 0xCC, 0xCC, 0xCC, 0xCC, 0xCC, 0xCC, 0xCC, 
	0xCC, 0xCC, 0xCC, 0xCC, 0xCC, 0xCC, 0xCC, 0xCC, 0xCC, 0xCC, 0xCC, 0xCC, 0xCC, 0xDD, 0xDD, 
	0xDD, 0xDD, 0xDD, 0xDD, 0xDD, 0xEE, 0xEE, 0xEE, 0xEE, 0xEE, 0xEE, 0xEE, 0xEE, 0xEE, 0xEE, 
	0xDD, 0xDD, 0xDD, 0xDD, 0xDD, 0xDD, 0xDD, 0xDD, 0xCC, 0xCC, 0xCC, 0xCC, 0xCC, 0xCC, 0xCC, 
	0xCC, 0xCC, 0xCC, 0xCC, 0xCC, 0xCC, 0xCC, 0xCC, 0xCC, 0xCC, 0xBB, 0xBB, 0xBB, 0xBB, 0xBB, 
	0xBB, 0xBB, 0xBB, 0xBC, 0xBB, 0xBB, 0xBB, 0xBB, 0xBB, 0xBB, 0xBB, 0xBB, 0xAA, 0xAA, 0xAA, 
	0xAA, 0xAA, 0xAA, 0xAB, 0xBB, 0xBB, 0xBB, 0xBB, 0xBB, 0xAB, 0xBB, 0xBA, 0x86, 0x55, 0x55, 
	0x55, 0x55, 0x55, 0x68, 0x9A, 0xAA, 0x98, 0x65, 0x54, 0x45, 0x55, 0x55, 0x55, 0x55, 0x55, 
	0x55, 0x55, 0x55, 0x55, 0x55, 0x55, 0x55, 0x55, 0x55, 0x55, 0x55, 0x55, 0x55, 0x55, 0x55, 
	0x55, 0x55, 0x55, 0x55, 0x55, 0x55, 0x55, 0x55, 0x55, 0x55, 0x55, 0x55, 0x55, 0x55, 0x55, 
	0x55, 0x55, 0x55, 0x55, 0x55, 0x55, 0x54, 0x44, 0x33, 0x33, 0x33, 0x33, 0x44, 0x45, 0x56, 
	0x66, 0x66, 0x67, 0x78, 0x88, 0x9A, 0xBB, 0xBB, 0xBC, 0xCC, 0xCC, 0xCC, 0xCC, 0xCC, 0xCC, 
	0xCC, 0xCC, 0xCC, 0xCC, 0xCB, 0xBA, 0xA9, 0x99, 0x88, 0x77, 0x66, 0x55, 0x55, 0x44, 0x44, 
	0x55, 0x55, 0x55, 0x55, 0x55, 0x55, 0x43, 0x33, 0x44, 0x55, 0x55, 0x55, 0x55, 0x55, 0x55, 
	0x55, 0x55, 0x55, 0x55, 0x55, 0x55, 0x55, 0x55, 0x55, 0x44, 0x43, 0x33, 0x33, 0x33, 0x33, 
	0x33, 0x33, 0x33, 0x33, 0x33, 0x33, 0x44, 0x45, 0x55, 0x55, 0x55, 0x55, 0x55, 0x55, 0x55, 
	0x55, 0x55, 0x55, 0x55, 0x55, 0x55, 0x55, 0x55, 0x55, 0x55, 0x55, 0x55, 0x55, 0x55, 0x55, 
	0x55, 0x55, 0x55, 0x55, 0x55, 0x55, 0x55, 0x55, 0x55, 0x55, 0x55, 0x55, 0x55, 0x55, 0x55, 
	0x55, 0x55, 0x55, 0x55, 0x45, 0x68, 0xAA, 0xAA, 0xAB, 0xAB, 0xBB, 0xBB, 0xBB, 0xBB, 0xBA, 
	0xAA, 0xAA, 0xAB, 0xBA, 0xAA, 0xA9, 0xAA, 0xAA, 0xBB, 0xBB, 0xCC, 0xBB, 0xBB, 0xBB, 0xBB, 
	0xBB, 0xBB, 0xBB, 0xBB, 0xBB, 0xBB, 0xBC, 0xCC, 0xCC, 0xCC, 0xCC, 0xCC, 0xCC, 0xCC, 0xCC, 
	0xCC, 0xCC, 0xCC, 0xCC, 0xCC, 0xCC, 0xCC, 0xCC, 0xCC, 0xCC, 0xCC, 0xCC, 0xCC, 0xDD, 0xDD, 
	0xDD, 0xDD, 0xDD, 0xDD, 0xDD, 0xEE, 0xEE, 0xEE, 0xEE, 0xEE, 0xEE, 0xEE, 0xEE, 0xEE, 0xEE, 
	0xDD, 0xDD, 0xDD, 0xDD, 0xDD, 0xDD, 0xDD, 0xDD, 0xDD, 0xDC, 0xCC, 0xCC, 0xCC, 0xCC, 0xCC, 
	0xCC, 0xCC, 0xCC, 0xCC, 0xCC, 0xCC, 0xCC, 0xCC, 0xCC, 0xCB, 0xBB, 0xBB, 0xBB, 0xBB, 0xBB, 
	0xBB, 0xBB, 0xBB, 0xBB, 0xBB, 0xBB, 0xBB, 0xBB, 0xBB, 0xBB, 0xBA, 0xAA, 0xAA, 0xAA, 0xAA, 
	0xAA, 0xAA, 0xAA, 0xAA, 0xBB, 0xBB, 0xBB, 0xBB, 0xBB, 0xBB, 0xBB, 0xA9, 0x75, 0x55, 0x55, 
	0x55, 0x55, 0x55, 0x56, 0x77, 0x77, 0x66, 0x55, 0x55, 0x55, 0x55, 0x55, 0x55, 0x55, 0x55, 
	0x55, 0x55, 0x55, 0x55, 0x55, 0x55, 0x55, 0x55, 0x55, 0x55, 0x55, 0x55, 0x55, 0x55, 0x55, 
	0x55, 0x55, 0x55, 0x55, 0x55, 0x55, 0x55, 0x55, 0x55, 0x55, 0x55, 0x55, 0x55, 0x55, 0x55, 
	0x55, 0x55, 0x55, 0x55, 0x55, 0x55, 0x55, 0x44, 0x43, 0x33, 0x33, 0x33, 0x44, 0x44, 0x55, 
	0x66, 0x66, 0x67, 0x77, 0x88, 0x9A, 0xAB, 0xBB, 0xBC, 0xCC, 0xCC, 0xCC, 0xCC, 0xCC, 0xCC, 
	0xCC, 0xCC, 0xCC, 0xCC, 0xCB, 0xBA, 0x99, 0x98, 0x88, 0x76, 0x66, 0x55, 0x55, 0x44, 0x44, 
	0x55, 0x55, 0x55, 0x55, 0x55, 0x55, 0x43, 0x33, 0x45, 0x55, 0x55, 0x55, 0x55, 0x55, 0x55, 
	0x55, 0x55, 0x55, 0x55, 0x55, 0x55, 0x55, 0x55, 0x55, 0x55, 0x44, 0x43, 0x33, 0x33, 0x33, 
	0x33, 0x33, 0x33, 0x33, 0x33, 0x44, 0x44, 0x55, 0x55, 0x55, 0x55, 0x55, 0x55, 0x55, 0x55, 
	0x55, 0x55, 0x55, 0x55, 0x55, 0x55, 0x55, 0x55, 0x55, 0x55, 0x55, 0x55, 0x55, 0x55, 0x55, 
	0x55, 0x55, 0x55, 0x55, 0x55, 0x55, 0x55, 0x55, 0x55, 0x55, 0x55, 0x55, 0x55, 0x55, 0x55, 
	0x55, 0x55, 0x55, 0x55, 0x55, 0x57, 0x9A, 0xAA, 0xAA, 0xAB, 0xBB, 0xBA, 0xAB, 0xBB, 0xBA, 
	0xAA, 0xAA, 0xAB, 0xBA, 0xAA, 0xAA, 0xAA, 0xAA, 0xAA, 0xBB, 0xBB, 0xCC, 0xCC, 0xCB, 0xBB, 
	0xBB, 0xBB, 0xBC, 0xBC, 0xCB, 0xBC, 0xCC, 0xCC, 0xCC, 0xCC, 0xCC, 0xCC, 0xCC, 0xCC, 0xCC, 
	0xCC, 0xCC, 0xCC, 0xCC, 0xCC, 0xCC, 0xCC, 0xCC, 0xCC, 0xCC, 0xCC, 0xCC, 0xCD, 0xDD, 0xDD, 
	0xDD, 0xDD, 0xDD, 0xDD, 0xDD, 0xEE, 0xEE, 0xEE, 0xEE, 0xEE, 0xEE, 0xEE, 0xEE, 0xEE, 0xEE, 
	0xDD, 0xDD, 0xDD, 0xDD, 0xDD, 0xDD, 0xDD, 0xDD, 0xDD, 0xDD, 0xDD, 0xCC, 0xCC, 0xCC, 0xCC, 
	0xCC, 0xCC, 0xCC, 0xCC, 0xCC, 0xCC, 0xCC, 0xCC, 0xCC, 0xCB, 0xBB, 0xBB, 0xBB, 0xBB, 0xBB, 
	0xBB, 0xBB, 0xBB, 0xBB, 0xBB, 0xBB, 0xBB, 0xBB, 0xBB, 0xAA, 0xAA, 0xAA, 0xAA, 0xAA, 0xAA, 
	0xAA, 0xAA, 0xAA, 0xAA, 0xBB, 0xBB, 0xBB, 0xBB, 0xBB, 0xBA, 0xBB, 0x97, 0x65, 0x55, 0x55, 
	0x45, 0x55, 0x55, 0x55, 0x55, 0x55, 0x55, 0x55, 0x55, 0x55, 0x55, 0x55, 0x55, 0x55, 0x55, 
	0x55, 0x55, 0x55, 0x55, 0x55, 0x55, 0x55, 0x55, 0x55, 0x55, 0x55, 0x55, 0x55, 0x55, 0x55, 
	0x55, 0x55, 0x55, 0x55, 0x55, 0x55, 0x55, 0x55, 0x55, 0x55, 0x55, 0x55, 0x55, 0x55, 0x55, 
	0x55, 0x55, 0x55, 0x55, 0x55, 0x55, 0x55, 0x55, 0x44, 0x33, 0x33, 0x33, 0x34, 0x44, 0x55, 
	0x66, 0x66, 0x67, 0x77, 0x77, 0x89, 0xAB, 0xBB, 0xBB, 0xBC, 0xCC, 0xCC, 0xCC, 0xCC, 0xCC, 
	0xCC, 0xCC, 0xCC, 0xBB, 0xBB, 0xAA, 0x99, 0x88, 0x87, 0x76, 0x66, 0x55, 0x55, 0x44, 0x44, 
	0x55, 0x55, 0x55, 0x55, 0x55, 0x55, 0x43, 0x33, 0x45, 0x55, 0x55, 0x55, 0x55, 0x55, 0x55, 
	0x55, 0x55, 0x55, 0x55, 0x55, 0x55, 0x55, 0x55, 0x55, 0x55, 0x54, 0x44, 0x43, 0x33, 0x33, 
	0x33, 0x33, 0x33, 0x33, 0x44, 0x44, 0x55, 0x55, 0x55, 0x55, 0x55, 0x55, 0x55, 0x55, 0x55, 
	0x55, 0x55, 0x55, 0x55, 0x55, 0x55, 0x55, 0x55, 0x55, 0x55, 0x55, 0x55, 0x55, 0x55, 0x55, 
	0x55, 0x55, 0x55, 0x55, 0x55, 0x55, 0x55, 0x55, 0x55, 0x55, 0x55, 0x55, 0x55, 0x55, 0x55, 
	0x55, 0x55, 0x55, 0x55, 0x55, 0x56, 0x89, 0xAA, 0xAA, 0xAA, 0xAB, 0xAA, 0xAB, 0xBB, 0xBB, 
	0xAA, 0xAA, 0xAB, 0xAA, 0xAA, 0xAA, 0xAA, 0xAA, 0xAA, 0xAB, 0xBB, 0xBB, 0xBB, 0xBB, 0xBB, 
	0xBB, 0xBB, 0xBB, 0xCC, 0xCC, 0xCC, 0xCC, 0xCC, 0xCC, 0xCC, 0xCC, 0xCC, 0xCC, 0xCC, 0xCC, 
	0xCC, 0xCC, 0xCC, 0xCC, 0xCC, 0xCC, 0xCC, 0xCC, 0xCC, 0xCC, 0xCC, 0xCC, 0xCD, 0xDD, 0xDD, 
	0xDD, 0xDD, 0xDD, 0xDD, 0xDE, 0xEE, 0xEE, 0xEE, 0xEE, 0xEE, 0xEE, 0xEE, 0xEE, 0xEE, 0xEE, 
	0xED, 0xDD, 0xDD, 0xDD, 0xDD, 0xDD, 0xDD, 0xDD, 0xDD, 0xDD, 0xDD, 0xDD, 0xDD, 0xDC, 0xCC, 
	0xCC, 0xCC, 0xCC, 0xCC, 0xCC, 0xCC, 0xCC, 0xCC, 0xCC, 0xCB, 0xBB, 0xBB, 0xAA, 0xAA, 0xAA, 
	0xAA, 0xBB, 0xBB, 0xBB, 0xBB, 0xBB, 0xAA, 0xAA, 0xAA, 0xAA, 0xAA, 0xAA, 0xAA, 0xAA, 0xAA, 
	0xAA, 0xAA, 0xAA, 0xAA, 0xBB, 0xBB, 0xBB, 0xBB, 0xBB, 0xBB, 0xBA, 0x86, 0x55, 0x55, 0x55, 
	0x55, 0x55, 0x55, 0x55, 0x55, 0x55, 0x55, 0x55, 0x55, 0x55, 0x55, 0x55, 0x55, 0x55, 0x55, 
	0x55, 0x55, 0x55, 0x55, 0x55, 0x55, 0x55, 0x55, 0x55, 0x55, 0x55, 0x55, 0x55, 0x55, 0x55, 
	0x55, 0x55, 0x55, 0x55, 0x55, 0x55, 0x55, 0x55, 0x55, 0x55, 0x55, 0x55, 0x55, 0x55, 0x55, 
	0x55, 0x55, 0x55, 0x55, 0x55, 0x55, 0x55, 0x55, 0x54, 0x43, 0x33, 0x33, 0x33, 0x44, 0x45, 
	0x56, 0x66, 0x66, 0x77, 0x77, 0x89, 0x9A, 0xBB, 0xBB, 0xBC, 0xCC, 0xCC, 0xCC, 0xCC, 0xCC, 
	0xCC, 0xCC, 0xCC, 0xBB, 0xBB, 0xA9, 0x98, 0x88, 0x87, 0x76, 0x66, 0x55, 0x54, 0x44, 0x43, 
	0x55, 0x55, 0x55, 0x55, 0x55, 0x54, 0x43, 0x34, 0x45, 0x55, 0x55, 0x55, 0x55, 0x55, 0x55, 
	0x55, 0x55, 0x55, 0x55, 0x55, 0x55, 0x55, 0x55, 0x55, 0x55, 0x55, 0x55, 0x44, 0x44, 0x44, 
	0x43, 0x33, 0x44, 0x44, 0x44, 0x55, 0x55, 0x55, 0x55, 0x55, 0x55, 0x55, 0x55, 0x55, 0x55, 
	0x55, 0x55, 0x55, 0x55, 0x55, 0x55, 0x55, 0x55, 0x55, 0x55, 0x55, 0x55, 0x55, 0x55, 0x55, 
	0x55, 0x55, 0x55, 0x55, 0x55, 0x55, 0x55, 0x55, 0x55, 0x55, 0x55, 0x55, 0x55, 0x55, 0x55, 
	0x55, 0x55, 0x55, 0x55, 0x55, 0x55, 0x78, 0x9A, 0xAA, 0xAA, 0xAA, 0xAA, 0xAA, 0xAA, 0xBB, 
	0xAA, 0xAA, 0xAA, 0xAA, 0xAA, 0xAB, 0xAA, 0xAA, 0xAA, 0xAA, 0xBB, 0xBB, 0xBB, 0xBB, 0xBB, 
	0xCC, 0xCC, 0xCC, 0xCC, 0xCC, 0xCC, 0xCC, 0xCC, 0xCC, 0xCC, 0xCC, 0xCC, 0xCC, 0xCC, 0xCC, 
	0xCC, 0xCC, 0xCC, 0xCC, 0xCC, 0xCC, 0xCC, 0xCC, 0xCC, 0xCC, 0xCC, 0xCC, 0xCD, 0xDD, 0xDD, 
	0xDD, 0xDD, 0xDD, 0xDD, 0xDE, 0xEE, 0xEE, 0xEE, 0xEE, 0xEE, 0xEE, 0xEE, 0xEE, 0xEE, 0xEE, 
	0xED, 0xDD, 0xDD, 0xDD, 0xDD, 0xDD, 0xDD, 0xDD, 0xDD, 0xDD, 0xDD, 0xDD, 0xDD, 0xDD, 0xDD, 
	0xDD, 0xDC, 0xCC, 0xCC, 0xCC, 0xCD, 0xCC, 0xCC, 0xCC, 0xCB, 0xBB, 0xBB, 0xAA, 0xAA, 0xAA, 
	0xAA, 0xAA, 0xAA, 0xAA, 0xAA, 0xAA, 0xAA, 0xAA, 0xAA, 0xAA, 0xAA, 0xAA, 0xAA, 0xAA, 0xAA, 
	0xAA, 0xAA, 0xAA, 0xAA, 0xBB, 0xBB, 0xBB, 0xBB, 0xBB, 0xBB, 0xBA, 0x76, 0x55, 0x55, 0x55, 
	0x55, 0x55, 0x55, 0x55, 0x55, 0x55, 0x55, 0x55, 0x55, 0x55, 0x55, 0x55, 0x55, 0x55, 0x55, 
	0x55, 0x55, 0x55, 0x55, 0x55, 0x55, 0x55, 0x55, 0x55, 0x55, 0x55, 0x55, 0x55, 0x55, 0x55, 
	0x55, 0x55, 0x55, 0x55, 0x55, 0x55, 0x55, 0x55, 0x55, 0x55, 0x55, 0x55, 0x55, 0x55, 0x55, 
	0x55, 0x55, 0x55, 0x55, 0x55, 0x55, 0x55, 0x55, 0x55, 0x44, 0x43, 0x33, 0x33, 0x34, 0x44, 
	0x55, 0x66, 0x66, 0x66, 0x77, 0x78, 0x89, 0xAB, 0xBB, 0xBB, 0xBB, 0xBC, 0xCC, 0xCC, 0xCC, 
	0xCC, 0xCC, 0xCB, 0xBB, 0xAA, 0xA9, 0x98, 0x88, 0x87, 0x76, 0x66, 0x55, 0x44, 0x44, 0x43, 
	0x55, 0x55, 0x55, 0x55, 0x55, 0x54, 0x43, 0x34, 0x45, 0x55, 0x55, 0x55, 0x55, 0x55, 0x55, 
	0x55, 0x55, 0x55, 0x55, 0x55, 0x55, 0x55, 0x55, 0x55, 0x55, 0x55, 0x55, 0x55, 0x44, 0x44, 
	0x44, 0x44, 0x44, 0x45, 0x55, 0x55, 0x55, 0x55, 0x55, 0x55, 0x55, 0x55, 0x55, 0x55, 0x55, 
	0x55, 0x55, 0x55, 0x55, 0x55, 0x55, 0x55, 0x55, 0x55, 0x55, 0x55, 0x55, 0x55, 0x55, 0x55, 
	0x55, 0x55, 0x55, 0x55, 0x55, 0x55, 0x55, 0x55, 0x55, 0x55, 0x55, 0x55, 0x55, 0x55, 0x55, 
	0x55, 0x55, 0x55, 0x55, 0x55, 0x55, 0x68, 0x9A, 0xAA, 0xAA, 0xAA, 0xAB, 0xAA, 0xAA, 0xAA, 
	0xAA, 0xAA, 0xAA, 0xAA, 0xAA, 0xAB, 0xBA, 0xAA, 0xAB, 0xBA, 0xAB, 0xBB, 0xBB, 0xBB, 0xBB, 
	0xCC, 0xCC, 0xCC, 0xCC, 0xCC, 0xCC, 0xCC, 0xCC, 0xCC, 0xCC, 0xCC, 0xCC, 0xCC, 0xCC, 0xCC, 
	0xCC, 0xCC, 0xCC, 0xCC, 0xCC, 0xCC, 0xCC, 0xCC, 0xCC, 0xCC, 0xCC, 0xCC, 0xCD, 0xDD, 0xDD, 
	0xDD, 0xDD, 0xDD, 0xDD, 0xDE, 0xEE, 0xEE, 0xEE, 0xEE, 0xEE, 0xEE, 0xEE, 0xEE, 0xEE, 0xEE, 
	0xEE, 0xEE, 0xEE, 0xDD, 0xDD, 0xDD, 0xDD, 0xDD, 0xDD, 0xDD, 0xDD, 0xDD, 0xDD, 0xDD, 0xDD, 
	0xDD, 0xDC, 0xCC, 0xDD, 0xDD, 0xDD, 0xDC, 0xCC, 0xCC, 0xCC, 0xBB, 0xBB, 0xBB, 0xBA, 0xAA, 
	0xAA, 0xAA, 0xAA, 0xAA, 0xAA, 0xAA, 0xAA, 0xAA, 0xAA, 0xAA, 0xAA, 0xAA, 0xAA, 0xAA, 0xAA, 
	0xAA, 0xAA, 0xAA, 0xAA, 0xBB, 0xBB, 0xAA, 0xAA, 0xAA, 0xBB, 0xB9, 0x65, 0x55, 0x55, 0x55, 
	0x55, 0x55, 0x55, 0x55, 0x55, 0x55, 0x55, 0x55, 0x55, 0x55, 0x55, 0x55, 0x55, 0x55, 0x55, 
	0x55, 0x55, 0x55, 0x55, 0x55, 0x55, 0x55, 0x55, 0x55, 0x55, 0x55, 0x55, 0x55, 0x55, 0x55, 
	0x55, 0x55, 0x55, 0x55, 0x55, 0x55, 0x55, 0x55, 0x55, 0x55, 0x55, 0x55, 0x55, 0x55, 0x55, 
	0x55, 0x55, 0x55, 0x55, 0x55, 0x55, 0x55, 0x55, 0x55, 0x54, 0x44, 0x33, 0x33, 0x33, 0x44, 
	0x45, 0x66, 0x66, 0x66, 0x66, 0x67, 0x89, 0xAB, 0xBB, 0xBB, 0xBB, 0xBB, 0xBC, 0xCC, 0xCC, 
	0xCC, 0xCC, 0xBB, 0xBA, 0xAA, 0x99, 0x88, 0x88, 0x77, 0x66, 0x55, 0x55, 0x44, 0x44, 0x43, 
	0x55, 0x55, 0x55, 0x55, 0x55, 0x44, 0x43, 0x34, 0x45, 0x55, 0x55, 0x55, 0x55, 0x55, 0x55, 
	0x55, 0x55, 0x55, 0x55, 0x55, 0x55, 0x55, 0x55, 0x55, 0x55, 0x55, 0x55, 0x55, 0x55, 0x55, 
	0x54, 0x44, 0x55, 0x55, 0x55, 0x55, 0x55, 0x55, 0x55, 0x55, 0x55, 0x55, 0x55, 0x55, 0x55, 
	0x55, 0x55, 0x55, 0x55, 0x55, 0x55, 0x55, 0x55, 0x55, 0x55, 0x55, 0x55, 0x55, 0x55, 0x55, 
	0x55, 0x55, 0x55, 0x55, 0x55, 0x55, 0x55, 0x55, 0x55, 0x55, 0x55, 0x55, 0x55, 0x55, 0x55, 
	0x55, 0x55, 0x55, 0x55, 0x55, 0x55, 0x67, 0x8A, 0xAA, 0xAA, 0xAA, 0xAB, 0xBB, 0xBB, 0xBB, 
	0xAA, 0xAA, 0xAA, 0xAA, 0xAA, 0xBB, 0xBB, 0xBB, 0xBB, 0xBA, 0xBB, 0xBB, 0xBB, 0xBB, 0xBB, 
	0xBC, 0xCC, 0xCC, 0xCC, 0xCC, 0xCC, 0xCC, 0xCC, 0xCC, 0xCC, 0xCC, 0xCC, 0xCC, 0xCC, 0xCC, 
	0xCC, 0xCC, 0xCC, 0xCC, 0xCC, 0xCC, 0xCC, 0xCC, 0xCC, 0xCC, 0xCC, 0xDD, 0xDD, 0xDD, 0xDD, 
	0xDD, 0xDD, 0xDD, 0xDD, 0xEE, 0xEE, 0xEE, 0xEE, 0xEE, 0xEE, 0xEE, 0xEE, 0xEE, 0xDD, 0xDD, 
	0xDD, 0xDD, 0xEE, 0xED, 0xDD, 0xDD, 0xDD, 0xDD, 0xDD, 0xDD, 0xDD, 0xDD, 0xDD, 0xDD, 0xDD, 
	0xDD, 0xDD, 0xDD, 0xDD, 0xDD, 0xDD, 0xDD, 0xDC, 0xCC, 0xCC, 0xCC, 0xBB, 0xBB, 0xBB, 0xBA, 
	0xAA, 0xAA, 0xAA, 0xAA, 0xAA, 0xAA, 0xAA, 0xAA, 0xAA, 0xAA, 0xAA, 0xAA, 0xAA, 0xAA, 0xAA, 
	0xAA, 0xAA, 0xAA, 0xAA, 0xAB, 0xAB, 0xBB, 0xBB, 0xBA, 0xBB, 0xA8, 0x65, 0x55, 0x55, 0x55, 
	0x55, 0x55, 0x55, 0x55, 0x55, 0x55, 0x55, 0x55, 0x55, 0x55, 0x55, 0x55, 0x55, 0x55, 0x55, 
	0x55, 0x55, 0x55, 0x55, 0x55, 0x55, 0x55, 0x55, 0x55, 0x55, 0x55, 0x55, 0x55, 0x55, 0x55, 
	0x55, 0x55, 0x55, 0x55, 0x55, 0x55, 0x55, 0x55, 0x55, 0x55, 0x55, 0x55, 0x55, 0x55, 0x55, 
	0x55, 0x55, 0x55, 0x55, 0x55, 0x55, 0x55, 0x55, 0x55, 0x55, 0x44, 0x33, 0x33, 0x44, 0x44, 
	0x44, 0x55, 0x66, 0x66, 0x66, 0x66, 0x78, 0x9A, 0xBB, 0xBB, 0xBC, 0xCB, 0xBC, 0xCC, 0xCC, 
	0xCC, 0xCB, 0xBB, 0xAA, 0xA9, 0x99, 0x88, 0x88, 0x77, 0x66, 0x55, 0x55, 0x44, 0x44, 0x33, 
	0x55, 0x55, 0x55, 0x55, 0x55, 0x44, 0x33, 0x34, 0x45, 0x55, 0x55, 0x55, 0x55, 0x55, 0x55, 
	0x55, 0x55, 0x55, 0x55, 0x55, 0x55, 0x55, 0x55, 0x55, 0x55, 0x55, 0x55, 0x55, 0x55, 0x55, 
	0x55, 0x55, 0x55, 0x55, 0x55, 0x55, 0x55, 0x55, 0x55, 0x55, 0x55, 0x55, 0x55, 0x55, 0x55, 
	0x55, 0x55, 0x55, 0x55, 0x55, 0x55, 0x55, 0x55, 0x55, 0x55, 0x55, 0x55, 0x55, 0x55, 0x55, 
	0x55, 0x55, 0x55, 0x55, 0x55, 0x55, 0x55, 0x55, 0x55, 0x55, 0x55, 0x55, 0x55, 0x55, 0x55, 
	0x55, 0x55, 0x55, 0x55, 0x55, 0x55, 0x56, 0x89, 0xAA, 0xAA, 0xAA, 0xAA, 0xAA, 0xAA, 0xBA, 
	0xAA, 0xAA, 0xAA, 0xAA, 0xAA, 0xBB, 0xBB, 0xBB, 0xBB, 0xBB, 0xBB, 0xBB, 0xBB, 0xBB, 0xBB, 
	0xBB, 0xBC, 0xCC, 0xCC, 0xCC, 0xCC, 0xCC, 0xCC, 0xCC, 0xCC, 0xCC, 0xCC, 0xCC, 0xCC, 0xCC, 
	0xDD, 0xCD, 0xDD, 0xCC, 0xCC, 0xCC, 0xCC, 0xCC, 0xCC, 0xCC, 0xCC, 0xDD, 0xDD, 0xDD, 0xDD, 
	0xDD, 0xDD, 0xDD, 0xDD, 0xEE, 0xEE, 0xEE, 0xEE, 0xEE, 0xEE, 0xEE, 0xEE, 0xEE, 0xEE, 0xEE, 
	0xEE, 0xEE, 0xDD, 0xDD, 0xDD, 0xDD, 0xDD, 0xDD, 0xDD, 0xDD, 0xDD, 0xDD, 0xDD, 0xDD, 0xDD, 
	0xDD, 0xDD, 0xDD, 0xDD, 0xDD, 0xDD, 0xDD, 0xDD, 0xCC, 0xCC, 0xCC, 0xCC, 0xBB, 0xBB, 0xBB, 
	0xBB, 0xBA, 0xAA, 0xAA, 0xAA, 0xAA, 0xAA, 0xAA, 0xAA, 0xAA, 0xAA, 0xAA, 0xAA, 0xAA, 0xAA, 
	0xAA, 0xAA, 0xAA, 0xAA, 0xAA, 0xAA, 0xBB, 0xBB, 0xBB, 0xBB, 0x97, 0x55, 0x55, 0x55, 0x55, 
	0x55, 0x55, 0x55, 0x55, 0x55, 0x55, 0x55, 0x55, 0x55, 0x55, 0x55, 0x55, 0x55, 0x55, 0x55, 
	0x55, 0x55, 0x55, 0x55, 0x55, 0x55, 0x55, 0x55, 0x55, 0x55, 0x55, 0x55, 0x55, 0x55, 0x55, 
	0x55, 0x55, 0x55, 0x55, 0x55, 0x55, 0x55, 0x55, 0x55, 0x55, 0x55, 0x55, 0x55, 0x55, 0x55, 
	0x55, 0x55, 0x55, 0x55, 0x55, 0x55, 0x55, 0x55, 0x55, 0x55, 0x54, 0x44, 0x33, 0x33, 0x44, 
	0x44, 0x45, 0x66, 0x66, 0x67, 0x77, 0x77, 0x8A, 0xBB, 0xBB, 0xBB, 0xBB, 0xBB, 0xCC, 0xCC, 
	0xCC, 0xBB, 0xAA, 0xA9, 0x99, 0x98, 0x87, 0x77, 0x76, 0x65, 0x55, 0x54, 0x44, 0x43, 0x33, 
	0x55, 0x55, 0x55, 0x55, 0x55, 0x44, 0x33, 0x44, 0x55, 0x55, 0x55, 0x55, 0x55, 0x55, 0x55, 
	0x55, 0x55, 0x55, 0x55, 0x55, 0x55, 0x55, 0x55, 0x55, 0x55, 0x55, 0x55, 0x55, 0x55, 0x55, 
	0x55, 0x55, 0x55, 0x55, 0x55, 0x55, 0x55, 0x55, 0x55, 0x55, 0x55, 0x55, 0x55, 0x55, 0x55, 
	0x55, 0x55, 0x55, 0x55, 0x55, 0x55, 0x55, 0x55, 0x55, 0x55, 0x55, 0x55, 0x55, 0x55, 0x55, 
	0x55, 0x55, 0x55, 0x55, 0x55, 0x55, 0x55, 0x55, 0x55, 0x55, 0x55, 0x55, 0x55, 0x55, 0x55, 
	0x55, 0x55, 0x55, 0x55, 0x55, 0x55, 0x55, 0x79, 0xAA, 0xAA, 0xAA, 0xAA, 0xAA, 0xAA, 0xAA, 
	0xAA, 0xAA, 0xAA, 0xAA, 0xAA, 0xBB, 0xBB, 0xBB, 0xBB, 0xBB, 0xBB, 0xBB, 0xBB, 0xBB, 0xBB, 
	0xBB, 0xBB, 0xCC, 0xCC, 0xCC, 0xCC, 0xCC, 0xCC, 0xCC, 0xCC, 0xCC, 0xCC, 0xCC, 0xCC, 0xDD, 
	0xDD, 0xDD, 0xDD, 0xDD, 0xCC, 0xCC, 0xCC, 0xCC, 0xCC, 0xCC, 0xCC, 0xDD, 0xDD, 0xDD, 0xDD, 
	0xDD, 0xDD, 0xDD, 0xDD, 0xEE, 0xEE, 0xEE, 0xEE, 0xEE, 0xEE, 0xEE, 0xEE, 0xEE, 0xEE, 0xEE, 
	0xEE, 0xEE, 0xDD, 0xDD, 0xDD, 0xDD, 0xDD, 0xDD, 0xDD, 0xDD, 0xDD, 0xDD, 0xDD, 0xDD, 0xDD, 
	0xDD, 0xDD, 0xDD, 0xDD, 0xDD, 0xDD, 0xDD, 0xDD, 0xCC, 0xCC, 0xCC, 0xCC, 0xCC, 0xCC, 0xCC, 
	0xCB, 0xBB, 0xBA, 0xAA, 0xAA, 0xAA, 0xAA, 0xAA, 0xAA, 0xAA, 0xAA, 0xAA, 0xAA, 0xAA, 0xAA, 
	0xAA, 0xAA, 0xAA, 0xAA, 0xAA, 0xAA, 0xAB, 0xBB, 0xBB, 0xBA, 0x86, 0x55, 0x55, 0x55, 0x55, 
	0x55, 0x55, 0x55, 0x55, 0x55, 0x55, 0x55, 0x55, 0x55, 0x55, 0x55, 0x55, 0x55, 0x55, 0x55, 
	0x55, 0x55, 0x55, 0x55, 0x55, 0x55, 0x55, 0x55, 0x55, 0x55, 0x55, 0x55, 0x55, 0x55, 0x55, 
	0x55, 0x55, 0x55, 0x55, 0x55, 0x55, 0x55, 0x55, 0x55, 0x55, 0x55, 0x55, 0x55, 0x55, 0x55, 
	0x55, 0x55, 0x55, 0x55, 0x55, 0x55, 0x55, 0x55, 0x55, 0x55, 0x55, 0x54, 0x43, 0x33, 0x34, 
	0x33, 0x44, 0x56, 0x66, 0x66, 0x77, 0x67, 0x89, 0xAB, 0xBB, 0xBB, 0xBB, 0xBB, 0xBC, 0xCC, 
	0xBB, 0xBA, 0xAA, 0x99, 0x99, 0x88, 0x77, 0x77, 0x76, 0x65, 0x55, 0x44, 0x44, 0x33, 0x33, 
	0x55, 0x55, 0x55, 0x55, 0x55, 0x44, 0x33, 0x44, 0x55, 0x55, 0x55, 0x55, 0x55, 0x55, 0x55, 
	0x55, 0x55, 0x55, 0x55, 0x55, 0x55, 0x55, 0x55, 0x55, 0x55, 0x55, 0x55, 0x55, 0x55, 0x55, 
	0x55, 0x55, 0x55, 0x55, 0x55, 0x55, 0x55, 0x55, 0x55, 0x55, 0x55, 0x55, 0x55, 0x55, 0x55, 
	0x55, 0x55, 0x55, 0x55, 0x55, 0x55, 0x55, 0x55, 0x55, 0x55, 0x55, 0x55, 0x55, 0x55, 0x55, 
	0x55, 0x55, 0x55, 0x55, 0x55, 0x55, 0x55, 0x55, 0x55, 0x55, 0x55, 0x55, 0x55, 0x55, 0x55, 
	0x55, 0x55, 0x55, 0x55, 0x55, 0x55, 0x55, 0x68, 0x9A, 0xAA, 0xAA, 0xAA, 0xAA, 0xAA, 0xAA, 
	0xAA, 0xAA, 0xAA, 0xAA, 0xAA, 0xAB, 0xBB, 0xBB, 0xBB, 0xBB, 0xBB, 0xBB, 0xBB, 0xBB, 0xBB, 
	0xBB, 0xBB, 0xBB, 0xCC, 0xCC, 0xCC, 0xCC, 0xCC, 0xCC, 0xCC, 0xCC, 0xCC, 0xCC, 0xDD, 0xDD, 
	0xDD, 0xDD, 0xDD, 0xDD, 0xDD, 0xCC, 0xCC, 0xCC, 0xCC, 0xCC, 0xCD, 0xDD, 0xDD, 0xDD, 0xDD, 
	0xDD, 0xDD, 0xDD, 0xDD, 0xEE, 0xEE, 0xEE, 0xEE, 0xEE, 0xEE, 0xEE, 0xEE, 0xEE, 0xEE, 0xEE, 
	0xEE, 0xEE, 0xDD, 0xDD, 0xDD, 0xDD, 0xDD, 0xDD, 0xDD, 0xEE, 0xED, 0xDD, 0xDD, 0xDD, 0xDD, 
	0xDD, 0xDD, 0xDD, 0xDD, 0xDD, 0xDD, 0xDD, 0xDD, 0xDC, 0xCC, 0xCC, 0xCC, 0xCC, 0xCC, 0xCC, 
	0xCC, 0xCB, 0xBB, 0xBB, 0xBB, 0xAA, 0xAA, 0xAA, 0xAA, 0xAA, 0xAA, 0xAA, 0xAA, 0xAA, 0xAA, 
	0xAA, 0xAA, 0xAA, 0xAA, 0xAA, 0xAA, 0xAB, 0xBB, 0xBB, 0xBA, 0x86, 0x55, 0x55, 0x55, 0x55, 
	0x55, 0x55, 0x55, 0x55, 0x55, 0x55, 0x55, 0x55, 0x55, 0x55, 0x55, 0x55, 0x55, 0x55, 0x55, 
	0x55, 0x55, 0x55, 0x55, 0x55, 0x55, 0x55, 0x55, 0x55, 0x55, 0x55, 0x55, 0x55, 0x55, 0x55, 
	0x55, 0x55, 0x55, 0x55, 0x55, 0x55, 0x55, 0x55, 0x55, 0x55, 0x55, 0x55, 0x55, 0x55, 0x55, 
	0x55, 0x55, 0x55, 0x55, 0x55, 0x55, 0x55, 0x55, 0x55, 0x55, 0x55, 0x55, 0x44, 0x33, 0x33, 
	0x33, 0x44, 0x55, 0x55, 0x56, 0x66, 0x67, 0x78, 0x9A, 0xBB, 0xBB, 0xBB, 0xBB, 0xBB, 0xBB, 
	0xBA, 0xA9, 0x99, 0x99, 0x88, 0x88, 0x77, 0x77, 0x66, 0x55, 0x54, 0x44, 0x43, 0x33, 0x33, 
	0x55, 0x55, 0x55, 0x55, 0x55, 0x43, 0x33, 0x45, 0x55, 0x55, 0x55, 0x55, 0x55, 0x55, 0x55, 
	0x55, 0x55, 0x55, 0x55, 0x55, 0x55, 0x55, 0x55, 0x55, 0x55, 0x55, 0x55, 0x55, 0x55, 0x55, 
	0x55, 0x55, 0x55, 0x55, 0x55, 0x55, 0x55, 0x55, 0x55, 0x55, 0x55, 0x55, 0x55, 0x55, 0x55, 
	0x55, 0x55, 0x55, 0x55, 0x55, 0x55, 0x55, 0x55, 0x55, 0x55, 0x55, 0x55, 0x55, 0x55, 0x55, 
	0x55, 0x55, 0x55, 0x55, 0x55, 0x55, 0x55, 0x55, 0x55, 0x55, 0x55, 0x55, 0x55, 0x55, 0x55, 
	0x55, 0x55, 0x55, 0x55, 0x55, 0x55, 0x55, 0x67, 0x9A, 0xAA, 0xAA, 0xAA, 0xAA, 0xAA, 0xAA, 
	0xAA, 0xAA, 0xAA, 0xAA, 0xAA, 0xAA, 0xAB, 0xBB, 0xBB, 0xBB, 0xBB, 0xBB, 0xBB, 0xBB, 0xBB, 
	0xBB, 0xBB, 0xBB, 0xCC, 0xCC, 0xCC, 0xCC, 0xCC, 0xCC, 0xCC, 0xCC, 0xCD, 0xDD, 0xDD, 0xDD, 
	0xDD, 0xDD, 0xDD, 0xDD, 0xDD, 0xDC, 0xCC, 0xCC, 0xCC, 0xDD, 0xDD, 0xDD, 0xDD, 0xDD, 0xDD, 
	0xDD, 0xDD, 0xDD, 0xDD, 0xEE, 0xEE, 0xEE, 0xEE, 0xEE, 0xEE, 0xEE, 0xEE, 0xEE, 0xEE, 0xEE, 
	0xEE, 0xEE, 0xEE, 0xDD, 0xDD, 0xDD, 0xDD, 0xDD, 0xDE, 0xEE, 0xEE, 0xDD, 0xDD, 0xDD, 0xDD, 
	0xDD, 0xDD, 0xDD, 0xDD, 0xDD, 0xDD, 0xDD, 0xDD, 0xDD, 0xCC, 0xCC, 0xCC, 0xCC, 0xCC, 0xCC, 
	0xCC, 0xCC, 0xCB, 0xBB, 0xBB, 0xBB, 0xBB, 0xBA, 0xAA, 0xAA, 0xAA, 0xAA, 0xAA, 0xAA, 0xAA, 
	0xAA, 0xAA, 0xAA, 0xAA, 0xAA, 0xAA, 0xAB, 0xBB, 0xBB, 0xB9, 0x75, 0x55, 0x55, 0x55, 0x55, 
	0x55, 0x55, 0x55, 0x55, 0x55, 0x55, 0x55, 0x55, 0x55, 0x55, 0x55, 0x55, 0x55, 0x55, 0x55, 
	0x55, 0x55, 0x55, 0x55, 0x55, 0x55, 0x55, 0x55, 0x55, 0x55, 0x55, 0x55, 0x55, 0x55, 0x55, 
	0x55, 0x55, 0x55, 0x55, 0x55, 0x55, 0x55, 0x55, 0x55, 0x55, 0x55, 0x55, 0x55, 0x55, 0x55, 
	0x55, 0x55, 0x55, 0x55, 0x55, 0x55, 0x55, 0x55, 0x55, 0x55, 0x55, 0x55, 0x54, 0x43, 0x33, 
	0x44, 0x44, 0x55, 0x44, 0x55, 0x66, 0x67, 0x77, 0x9A, 0xAB, 0xBB, 0xBB, 0xBB, 0xBB, 0xAA, 
	0xAA, 0x99, 0x98, 0x88, 0x88, 0x87, 0x77, 0x76, 0x65, 0x55, 0x44, 0x44, 0x43, 0x33, 0x33, 
	0x55, 0x55, 0x55, 0x55, 0x55, 0x43, 0x33, 0x45, 0x55, 0x55, 0x55, 0x55, 0x55, 0x55, 0x55, 
	0x55, 0x55, 0x55, 0x55, 0x55, 0x55, 0x55, 0x55, 0x55, 0x55, 0x55, 0x55, 0x55, 0x55, 0x55, 
	0x55, 0x55, 0x55, 0x55, 0x55, 0x55, 0x55, 0x55, 0x55, 0x55, 0x55, 0x55, 0x55, 0x55, 0x55, 
	0x55, 0x55, 0x55, 0x55, 0x55, 0x55, 0x55, 0x55, 0x55, 0x55, 0x55, 0x55, 0x55, 0x55, 0x55, 
	0x55, 0x55, 0x55, 0x55, 0x55, 0x55, 0x55, 0x55, 0x55, 0x55, 0x55, 0x55, 0x55, 0x55, 0x55, 
	0x55, 0x55, 0x55, 0x55, 0x55, 0x55, 0x55, 0x56, 0x8A, 0xAA, 0xAA, 0xAA, 0xAA, 0xAA, 0xAA, 
	0xAA, 0xAA, 0xAA, 0xAA, 0xAA, 0xAA, 0xAA, 0xAB, 0xBB, 0xBB, 0xBB, 0xBB, 0xBB, 0xBB, 0xBB, 
	0xBB, 0xBB, 0xBC, 0xCC, 0xCC, 0xCC, 0xCC, 0xCC, 0xCC, 0xCC, 0xCC, 0xDD, 0xDD, 0xDD, 0xDD, 
	0xDD, 0xDD, 0xDD, 0xDD, 0xDD, 0xDD, 0xCC, 0xCD, 0xCD, 0xDD, 0xDD, 0xDD, 0xDD, 0xDD, 0xDD, 
	0xDD, 0xDD, 0xDD, 0xDD, 0xEE, 0xEE, 0xEE, 0xEE, 0xEE, 0xEE, 0xEE, 0xEE, 0xEE, 0xEE, 0xEE, 
	0xEE, 0xEE, 0xEE, 0xED, 0xDD, 0xDD, 0xDD, 0xDD, 0xDD, 0xDE, 0xDD, 0xDD, 0xDD, 0xDD, 0xDD, 
	0xDD, 0xDD, 0xDD, 0xDD, 0xDD, 0xDD, 0xDD, 0xDD, 0xDC, 0xCC, 0xCC, 0xCC, 0xCC, 0xCC, 0xCC, 
	0xCC, 0xCC, 0xCC, 0xCC, 0xCB, 0xBB, 0xBB, 0xBB, 0xBB, 0xBB, 0xBA, 0xAA, 0xAA, 0xAA, 0xAA, 
	0xAA, 0xAA, 0xAA, 0xAA, 0xAA, 0xAA, 0xAA, 0xBB, 0xBB, 0xA8, 0x65, 0x55, 0x55, 0x55, 0x55, 
	0x55, 0x55, 0x55, 0x55, 0x55, 0x55, 0x55, 0x55, 0x55, 0x55, 0x55, 0x55, 0x55, 0x55, 0x55, 
	0x55, 0x55, 0x55, 0x55, 0x55, 0x55, 0x55, 0x55, 0x55, 0x55, 0x55, 0x55, 0x55, 0x55, 0x55, 
	0x55, 0x55, 0x55, 0x55, 0x55, 0x55, 0x55, 0x55, 0x55, 0x55, 0x55, 0x55, 0x55, 0x55, 0x55, 
	0x55, 0x55, 0x55, 0x55, 0x55, 0x55, 0x55, 0x55, 0x55, 0x55, 0x55, 0x55, 0x55, 0x44, 0x43, 
	0x44, 0x44, 0x45, 0x55, 0x56, 0x55, 0x66, 0x77, 0x89, 0xAB, 0xBB, 0xBB, 0xBB, 0xBA, 0xAA, 
	0x99, 0x99, 0x88, 0x87, 0x77, 0x77, 0x76, 0x66, 0x65, 0x55, 0x44, 0x44, 0x43, 0x33, 0x32, 
	0x55, 0x55, 0x55, 0x55, 0x55, 0x43, 0x34, 0x45, 0x55, 0x55, 0x55, 0x55, 0x55, 0x55, 0x55, 
	0x55, 0x55, 0x55, 0x55, 0x55, 0x55, 0x55, 0x55, 0x55, 0x55, 0x55, 0x55, 0x55, 0x55, 0x55, 
	0x55, 0x55, 0x55, 0x55, 0x55, 0x55, 0x55, 0x55, 0x55, 0x55, 0x55, 0x55, 0x55, 0x55, 0x55, 
	0x55, 0x55, 0x55, 0x55, 0x55, 0x55, 0x55, 0x55, 0x55, 0x55, 0x55, 0x55, 0x55, 0x55, 0x55, 
	0x55, 0x55, 0x55, 0x55, 0x55, 0x55, 0x55, 0x55, 0x55, 0x55, 0x55, 0x55, 0x55, 0x55, 0x55, 
	0x55, 0x55, 0x55, 0x55, 0x55, 0x55, 0x55, 0x56, 0x79, 0xAA, 0xAA, 0xAA, 0xAA, 0xAA, 0xAA, 
	0xAA, 0xAA, 0xAA, 0xAA, 0xAA, 0xAA, 0xAA, 0xAA, 0xAA, 0xAA, 0xAB, 0xBB, 0xBB, 0xBB, 0xBB, 
	0xBB, 0xBB, 0xCC, 0xCC, 0xCC, 0xCC, 0xCC, 0xCC, 0xCC, 0xCD, 0xDD, 0xDD, 0xDD, 0xDD, 0xDD, 
	0xDD, 0xDD, 0xDD, 0xDD, 0xDD, 0xDD, 0xDD, 0xDD, 0xCD, 0xDD, 0xDD, 0xDD, 0xDD, 0xDD, 0xDD, 
	0xDD, 0xDD, 0xDD, 0xDD, 0xEE, 0xEE, 0xEE, 0xEE, 0xEE, 0xEE, 0xEE, 0xEE, 0xEE, 0xDD, 0xDD, 
	0xDD, 0xDD, 0xEE, 0xDD, 0xDD, 0xDD, 0xDD, 0xDD, 0xDD, 0xDD, 0xDD, 0xDD, 0xDD, 0xDD, 0xDD, 
	0xDD, 0xDD, 0xDD, 0xDD, 0xDD, 0xDD, 0xDD, 0xDD, 0xCC, 0xCC, 0xCC, 0xCC, 0xCC, 0xCC, 0xCC, 
	0xCC, 0xCC, 0xCC, 0xCC, 0xCC, 0xBB, 0xBB, 0xBB, 0xBB, 0xBB, 0xBB, 0xAA, 0xAA, 0xAA, 0xAA, 
	0xAA, 0xAA, 0xAA, 0xAA, 0xAA, 0xAA, 0xAA, 0xBB, 0xBB, 0xA8, 0x55, 0x55, 0x55, 0x55, 0x55, 
	0x55, 0x55, 0x55, 0x55, 0x55, 0x55, 0x55, 0x55, 0x55, 0x55, 0x55, 0x55, 0x55, 0x55, 0x55, 
	0x55, 0x55, 0x55, 0x55, 0x55, 0x55, 0x55, 0x55, 0x55, 0x55, 0x55, 0x55, 0x55, 0x55, 0x55, 
	0x55, 0x55, 0x55, 0x55, 0x55, 0x55, 0x55, 0x55, 0x55, 0x55, 0x55, 0x55, 0x55, 0x55, 0x55, 
	0x55, 0x55, 0x55, 0x55, 0x55, 0x55, 0x55, 0x55, 0x55, 0x55, 0x55, 0x55, 0x55, 0x54, 0x44, 
	0x44, 0x44, 0x44, 0x55, 0x55, 0x55, 0x66, 0x77, 0x78, 0xAB, 0xBB, 0xBA, 0xAA, 0xA9, 0x99, 
	0x99, 0x98, 0x88, 0x77, 0x77, 0x77, 0x66, 0x66, 0x55, 0x55, 0x44, 0x44, 0x33, 0x33, 0x33, 
	0x55, 0x55, 0x55, 0x55, 0x55, 0x43, 0x34, 0x45, 0x55, 0x55, 0x55, 0x55, 0x55, 0x55, 0x55, 
	0x55, 0x55, 0x55, 0x55, 0x55, 0x55, 0x55, 0x55, 0x55, 0x55, 0x55, 0x55, 0x55, 0x55, 0x55, 
	0x55, 0x55, 0x55, 0x55, 0x55, 0x55, 0x55, 0x55, 0x55, 0x55, 0x55, 0x55, 0x55, 0x55, 0x55, 
	0x55, 0x55, 0x55, 0x55, 0x55, 0x55, 0x55, 0x55, 0x55, 0x55, 0x55, 0x55, 0x55, 0x55, 0x55, 
	0x55, 0x55, 0x55, 0x55, 0x55, 0x55, 0x55, 0x55, 0x55, 0x55, 0x55, 0x55, 0x55, 0x55, 0x55, 
	0x55, 0x55, 0x55, 0x55, 0x55, 0x55, 0x55, 0x55, 0x68, 0xAA, 0xAA, 0xAA, 0xAA, 0xAA, 0xAA, 
	0xAA, 0xAA, 0xAA, 0xAA, 0xAA, 0xAA, 0xAA, 0xAA, 0xAA, 0xAA, 0xAA, 0xBB, 0xBB, 0xBB, 0xBB, 
	0xBB, 0xBB, 0xCC, 0xCC, 0xCC, 0xCC, 0xCC, 0xCC, 0xCC, 0xDD, 0xDD, 0xDD, 0xDD, 0xDD, 0xDD, 
	0xDD, 0xDD, 0xDD, 0xDD, 0xDD, 0xDD, 0xDC, 0xDD, 0xCD, 0xDD, 0xDD, 0xDD, 0xDD, 0xDD, 0xDD, 
	0xDD, 0xDD, 0xDD, 0xDD, 0xEE, 0xEE, 0xEE, 0xEE, 0xEE, 0xEE, 0xEE, 0xEE, 0xEE, 0xDD, 0xDD, 
	0xDD, 0xDD, 0xDD, 0xDD, 0xDD, 0xDD, 0xDD, 0xDD, 0xDD, 0xDD, 0xDD, 0xDD, 0xDD, 0xDD, 0xED, 
	0xDD, 0xDD, 0xDD, 0xDD, 0xDD, 0xDD, 0xDD, 0xDD, 0xDC, 0xCC, 0xCC, 0xCC, 0xCC, 0xCC, 0xCC, 
	0xCC, 0xCC, 0xCC, 0xCC, 0xCC, 0xBB, 0xBB, 0xBB, 0xBB, 0xBB, 0xBB, 0xAA, 0xAA, 0xAA, 0xAA, 
	0xAA, 0xAA, 0xAA, 0xAA, 0xAA, 0xAA, 0xAA, 0xBB, 0xBA, 0x97, 0x55, 0x55, 0x55, 0x55, 0x55, 
	0x55, 0x55, 0x55, 0x55, 0x55, 0x55, 0x55, 0x55, 0x55, 0x55, 0x55, 0x55, 0x55, 0x55, 0x55, 
	0x55, 0x55, 0x55, 0x55, 0x55, 0x55, 0x55, 0x55, 0x55, 0x55, 0x55, 0x55, 0x55, 0x55, 0x55, 
	0x55, 0x55, 0x55, 0x55, 0x55, 0x55, 0x55, 0x55, 0x55, 0x55, 0x55, 0x55, 0x55, 0x55, 0x55, 
	0x55, 0x55, 0x55, 0x55, 0x55, 0x55, 0x55, 0x55, 0x55, 0x55, 0x55, 0x55, 0x55, 0x55, 0x44, 
	0x43, 0x44, 0x44, 0x44, 0x55, 0x55, 0x66, 0x66, 0x77, 0x9A, 0xAA, 0xA9, 0x98, 0x99, 0x99, 
	0x98, 0x88, 0x77, 0x77, 0x66, 0x66, 0x66, 0x55, 0x55, 0x44, 0x44, 0x33, 0x33, 0x33, 0x33, 
	0x55, 0x55, 0x55, 0x55, 0x54, 0x43, 0x34, 0x45, 0x55, 0x55, 0x55, 0x55, 0x55, 0x55, 0x55, 
	0x55, 0x55, 0x55, 0x55, 0x55, 0x55, 0x55, 0x55, 0x55, 0x55, 0x55, 0x55, 0x55, 0x55, 0x55, 
	0x55, 0x55, 0x55, 0x55, 0x55, 0x55, 0x55, 0x55, 0x55, 0x55, 0x55, 0x55, 0x55, 0x55, 0x55, 
	0x55, 0x55, 0x55, 0x55, 0x55, 0x55, 0x55, 0x55, 0x55, 0x55, 0x55, 0x55, 0x55, 0x55, 0x55, 
	0x55, 0x55, 0x55, 0x55, 0x55, 0x55, 0x55, 0x55, 0x55, 0x55, 0x55, 0x55, 0x55, 0x55, 0x55, 
	0x55, 0x55, 0x55, 0x55, 0x55, 0x55, 0x55, 0x55, 0x67, 0x9A, 0xAA, 0xAA, 0xAA, 0xAA, 0xAA, 
	0xAA, 0xAA, 0xAA, 0xAA, 0xAA, 0xAA, 0xAA, 0xAA, 0xAA, 0xAA, 0xAA, 0xAB, 0xBB, 0xBB, 0xBB, 
	0xBB, 0xBC, 0xCC, 0xCC, 0xCC, 0xCC, 0xCD, 0xCD, 0xDD, 0xDD, 0xDD, 0xDD, 0xDD, 0xDD, 0xDD, 
	0xDD, 0xDD, 0xDD, 0xDD, 0xDD, 0xDD, 0xDD, 0xDD, 0xDD, 0xDD, 0xDD, 0xDD, 0xDD, 0xDD, 0xDD, 
	0xDD, 0xDD, 0xDD, 0xDD, 0xDD, 0xDD, 0xDD, 0xEE, 0xEE, 0xDD, 0xEE, 0xEE, 0xED, 0xED, 0xDD, 
	0xDD, 0xDD, 0xDD, 0xDD, 0xDD, 0xDD, 0xDD, 0xDE, 0xEE, 0xEE, 0xDD, 0xDD, 0xDD, 0xDD, 0xDD, 
	0xDD, 0xDD, 0xDD, 0xDD, 0xDD, 0xDD, 0xDD, 0xDD, 0xDD, 0xCC, 0xCC, 0xCC, 0xCC, 0xCC, 0xCC, 
	0xCC, 0xCC, 0xCC, 0xCC, 0xCB, 0xBB, 0xBB, 0xBB, 0xBB, 0xBB, 0xBB, 0xAA, 0xAA, 0xAA, 0xAA, 
	0xAA, 0xAA, 0xAA, 0xAA, 0xAA, 0xAA, 0xAA, 0xAB, 0xBA, 0x86, 0x55, 0x55, 0x55, 0x55, 0x55, 
	0x55, 0x55, 0x55, 0x55, 0x55, 0x55, 0x55, 0x55, 0x55, 0x55, 0x55, 0x55, 0x55, 0x55, 0x55, 
	0x55, 0x55, 0x55, 0x55, 0x55, 0x55, 0x55, 0x55, 0x55, 0x55, 0x55, 0x55, 0x55, 0x55, 0x55, 
	0x55, 0x55, 0x55, 0x55, 0x55, 0x55, 0x55, 0x55, 0x55, 0x55, 0x55, 0x55, 0x55, 0x55, 0x55, 
	0x55, 0x55, 0x55, 0x55, 0x55, 0x55, 0x55, 0x55, 0x55, 0x55, 0x55, 0x55, 0x55, 0x55, 0x54, 
	0x44, 0x44, 0x44, 0x44, 0x44, 0x55, 0x66, 0x66, 0x67, 0x89, 0x99, 0x98, 0x88, 0x89, 0x99, 
	0x88, 0x77, 0x76, 0x66, 0x66, 0x66, 0x55, 0x55, 0x54, 0x44, 0x44, 0x33, 0x33, 0x33, 0x33, 
	0x55, 0x55, 0x55, 0x55, 0x54, 0x43, 0x34, 0x55, 0x55, 0x55, 0x55, 0x55, 0x55, 0x55, 0x55, 
	0x55, 0x55, 0x55, 0x55, 0x55, 0x55, 0x55, 0x55, 0x55, 0x55, 0x55, 0x55, 0x55, 0x55, 0x55, 
	0x55, 0x55, 0x55, 0x55, 0x55, 0x55, 0x55, 0x55, 0x55, 0x55, 0x55, 0x55, 0x55, 0x55, 0x55, 
	0x55, 0x55, 0x55, 0x55, 0x55, 0x55, 0x55, 0x55, 0x55, 0x55, 0x55, 0x55, 0x55, 0x55, 0x55, 
	0x55, 0x55, 0x55, 0x55, 0x55, 0x55, 0x55, 0x55, 0x55, 0x55, 0x55, 0x55, 0x55, 0x55, 0x55, 
	0x55, 0x55, 0x55, 0x55, 0x55, 0x55, 0x55, 0x55, 0x56, 0x89, 0xAA, 0xAA, 0xAA, 0xAA, 0xAA, 
	0xAA, 0xAA, 0xAA, 0xAA, 0xAA, 0xAA, 0xAA, 0xAA, 0xAA, 0xAA, 0xAA, 0xAB, 0xBB, 0xBB, 0xBB, 
	0xBB, 0xBC, 0xCC, 0xCC, 0xCC, 0xCC, 0xDD, 0xDD, 0xDD, 0xDD, 0xDD, 0xDD, 0xDD, 0xDD, 0xDD, 
	0xDD, 0xDD, 0xDD, 0xDD, 0xDD, 0xDD, 0xDD, 0xDD, 0xDD, 0xDD, 0xDD, 0xDD, 0xDD, 0xDD, 0xDD, 
	0xDD, 0xDD, 0xDD, 0xDD, 0xDD, 0xDD, 0xDD, 0xEE, 0xEE, 0xDD, 0xDD, 0xDD, 0xDD, 0xDD, 0xDD, 
	0xDD, 0xDD, 0xDD, 0xDD, 0xDD, 0xDD, 0xDD, 0xDD, 0xEE, 0xEE, 0xDD, 0xDD, 0xDD, 0xDD, 0xDD, 
	0xDD, 0xDD, 0xDD, 0xDD, 0xDD, 0xDD, 0xDD, 0xDD, 0xDD, 0xDD, 0xCC, 0xCC, 0xCC, 0xCC, 0xCC, 
	0xCC, 0xCC, 0xCC, 0xCC, 0xBB, 0xBB, 0xBB, 0xBB, 0xBB, 0xBB, 0xBB, 0xAA, 0xAA, 0xAA, 0xAA, 
	0xAA, 0xAA, 0xAA, 0xAA, 0xAA, 0xAA, 0xAA, 0xAB, 0xBA, 0x76, 0x55, 0x55, 0x55, 0x55, 0x55, 
	0x55, 0x55, 0x55, 0x55, 0x55, 0x55, 0x55, 0x55, 0x55, 0x55, 0x55, 0x55, 0x55, 0x55, 0x55, 
	0x55, 0x55, 0x55, 0x55, 0x55, 0x55, 0x55, 0x55, 0x55, 0x55, 0x55, 0x55, 0x55, 0x55, 0x55, 
	0x55, 0x55, 0x55, 0x55, 0x55, 0x55, 0x55, 0x55, 0x55, 0x55, 0x55, 0x55, 0x55, 0x55, 0x55, 
	0x55, 0x55, 0x55, 0x55, 0x55, 0x55, 0x55, 0x55, 0x55, 0x55, 0x55, 0x55, 0x55, 0x55, 0x55, 
	0x44, 0x44, 0x44, 0x44, 0x44, 0x55, 0x56, 0x66, 0x67, 0x78, 0x88, 0x88, 0x88, 0x88, 0x88, 
	0x87, 0x76, 0x66, 0x66, 0x55, 0x55, 0x55, 0x55, 0x44, 0x44, 0x43, 0x33, 0x33, 0x33, 0x33, 
	0x65, 0x55, 0x55, 0x55, 0x54, 0x43, 0x34, 0x55, 0x55, 0x55, 0x55, 0x55, 0x55, 0x55, 0x55, 
	0x55, 0x55, 0x55, 0x55, 0x55, 0x55, 0x55, 0x55, 0x55, 0x55, 0x55, 0x55, 0x55, 0x55, 0x55, 
	0x55, 0x55, 0x55, 0x55, 0x55, 0x55, 0x55, 0x55, 0x55, 0x55, 0x55, 0x55, 0x55, 0x55, 0x55, 
	0x55, 0x55, 0x55, 0x55, 0x55, 0x55, 0x55, 0x55, 0x55, 0x55, 0x55, 0x55, 0x55, 0x55, 0x55, 
	0x55, 0x55, 0x55, 0x55, 0x55, 0x55, 0x55, 0x55, 0x55, 0x55, 0x55, 0x55, 0x55, 0x55, 0x55, 
	0x55, 0x55, 0x55, 0x55, 0x55, 0x55, 0x55, 0x54, 0x56, 0x79, 0xAA, 0xA9, 0x9A, 0xAA, 0xAA, 
	0xAA, 0xAA, 0xAA, 0xAA, 0xAA, 0xAA, 0xAA, 0xAA, 0xAA, 0xAA, 0xAA, 0xAA, 0xBA, 0xBB, 0xBB, 
	0xBB, 0xCC, 0xCC, 0xCC, 0xCC, 0xDD, 0xDD, 0xDD, 0xDD, 0xDD, 0xDD, 0xDD, 0xDD, 0xDD, 0xDD, 
	0xDD, 0xDD, 0xDD, 0xDD, 0xDD, 0xDD, 0xDD, 0xDD, 0xDD, 0xDD, 0xDD, 0xDD, 0xDD, 0xDD, 0xDD, 
	0xDD, 0xDD, 0xDD, 0xDD, 0xDD, 0xDD, 0xDD, 0xEE, 0xEE, 0xDD, 0xDD, 0xDD, 0xDD, 0xDD, 0xDD, 
	0xDD, 0xDD, 0xDD, 0xDD, 0xDD, 0xDD, 0xDD, 0xDD, 0xEE, 0xED, 0xDD, 0xDD, 0xDD, 0xDD, 0xDD, 
	0xDD, 0xDD, 0xDD, 0xDD, 0xDD, 0xDD, 0xDD, 0xDD, 0xDD, 0xDD, 0xCC, 0xCC, 0xCC, 0xCC, 0xCC, 
	0xCC, 0xCC, 0xCC, 0xBB, 0xBB, 0xBB, 0xBB, 0xBB, 0xBB, 0xBB, 0xBB, 0xAA, 0xAA, 0xAA, 0xAA, 
	0xAA, 0xAA, 0xAA, 0xAA, 0xAA, 0xAA, 0xAA, 0xBB, 0xA9, 0x75, 0x55, 0x55, 0x55, 0x55, 0x55, 
	0x55, 0x55, 0x55, 0x55, 0x55, 0x55, 0x55, 0x55, 0x55, 0x55, 0x55, 0x55, 0x55, 0x55, 0x55, 
	0x55, 0x55, 0x55, 0x55, 0x55, 0x55, 0x55, 0x55, 0x55, 0x55, 0x55, 0x55, 0x55, 0x55, 0x55, 
	0x55, 0x55, 0x55, 0x55, 0x55, 0x55, 0x55, 0x55, 0x55, 0x55, 0x55, 0x55, 0x55, 0x55, 0x55, 
	0x55, 0x55, 0x55, 0x55, 0x55, 0x55, 0x55, 0x55, 0x55, 0x55, 0x55, 0x55, 0x55, 0x55, 0x55, 
	0x54, 0x44, 0x44, 0x44, 0x44, 0x45, 0x56, 0x66, 0x66, 0x77, 0x77, 0x88, 0x88, 0x88, 0x88, 
	0x77, 0x66, 0x66, 0x66, 0x55, 0x55, 0x55, 0x44, 0x44, 0x44, 0x33, 0x33, 0x22, 0x33, 0x32, 
	0x66, 0x55, 0x55, 0x55, 0x54, 0x43, 0x34, 0x55, 0x55, 0x55, 0x55, 0x55, 0x55, 0x55, 0x55, 
	0x55, 0x55, 0x55, 0x55, 0x55, 0x55, 0x55, 0x55, 0x55, 0x55, 0x55, 0x55, 0x55, 0x55, 0x55, 
	0x55, 0x55, 0x55, 0x55, 0x55, 0x55, 0x55, 0x55, 0x55, 0x55, 0x55, 0x55, 0x55, 0x55, 0x55, 
	0x55, 0x55, 0x55, 0x55, 0x55, 0x55, 0x55, 0x55, 0x55, 0x55, 0x55, 0x55, 0x55, 0x55, 0x55, 
	0x55, 0x55, 0x55, 0x55, 0x55, 0x55, 0x55, 0x55, 0x55, 0x55, 0x55, 0x55, 0x55, 0x55, 0x55, 
	0x55, 0x55, 0x55, 0x55, 0x55, 0x55, 0x55, 0x55, 0x55, 0x78, 0xAA, 0xA9, 0x9A, 0xAA, 0xAA, 
	0xAA, 0x99, 0x99, 0xAA, 0xAA, 0xAA, 0xAA, 0xAA, 0xAA, 0xAA, 0xAA, 0xAA, 0xAA, 0xAB, 0xBB, 
	0xCC, 0xCC, 0xCC, 0xCC, 0xCD, 0xDD, 0xDD, 0xDD, 0xDD, 0xDD, 0xDD, 0xDD, 0xDD, 0xDD, 0xDD, 
	0xDD, 0xDD, 0xDD, 0xDD, 0xDD, 0xDD, 0xDD, 0xDD, 0xDD, 0xDD, 0xDD, 0xDD, 0xDD, 0xDD, 0xDD, 
	0xDD, 0xDD, 0xDD, 0xDD, 0xDD, 0xDD, 0xDD, 0xEE, 0xEE, 0xED, 0xDD, 0xDD, 0xDD, 0xDD, 0xDD, 
	0xDD, 0xDD, 0xDD, 0xDD, 0xDD, 0xDD, 0xDD, 0xDE, 0xEE, 0xEE, 0xDD, 0xDD, 0xDD, 0xDD, 0xDD, 
	0xDD, 0xDD, 0xDD, 0xDD, 0xDD, 0xDD, 0xDD, 0xDD, 0xDD, 0xCC, 0xCC, 0xCC, 0xCC, 0xCC, 0xCC, 
	0xCC, 0xCC, 0xCB, 0xBB, 0xBB, 0xBB, 0xBB, 0xBB, 0xBA, 0xAA, 0xAA, 0xAA, 0xAA, 0xAA, 0xAA, 
	0xAA, 0xAA, 0xAA, 0xAA, 0xAA, 0xAA, 0xAA, 0xBB, 0xA8, 0x65, 0x55, 0x55, 0x55, 0x55, 0x55, 
	0x55, 0x55, 0x55, 0x55, 0x55, 0x55, 0x55, 0x55, 0x55, 0x55, 0x55, 0x55, 0x55, 0x55, 0x55, 
	0x55, 0x55, 0x55, 0x55, 0x55, 0x55, 0x55, 0x55, 0x55, 0x55, 0x55, 0x55, 0x55, 0x55, 0x55, 
	0x55, 0x55, 0x55, 0x55, 0x55, 0x55, 0x55, 0x55, 0x55, 0x55, 0x55, 0x55, 0x55, 0x55, 0x55, 
	0x55, 0x55, 0x55, 0x55, 0x55, 0x55, 0x55, 0x55, 0x55, 0x55, 0x55, 0x55, 0x55, 0x55, 0x55, 
	0x55, 0x44, 0x44, 0x44, 0x44, 0x45, 0x56, 0x66, 0x67, 0x77, 0x77, 0x78, 0x88, 0x88, 0x88, 
	0x77, 0x65, 0x56, 0x66, 0x55, 0x54, 0x44, 0x44, 0x44, 0x43, 0x33, 0x33, 0x32, 0x33, 0x32, 
	0x66, 0x55, 0x55, 0x55, 0x54, 0x43, 0x34, 0x55, 0x55, 0x55, 0x55, 0x55, 0x55, 0x55, 0x55, 
	0x55, 0x55, 0x55, 0x55, 0x55, 0x55, 0x55, 0x55, 0x55, 0x55, 0x55, 0x55, 0x55, 0x55, 0x55, 
	0x55, 0x55, 0x55, 0x55, 0x55, 0x55, 0x55, 0x55, 0x55, 0x55, 0x55, 0x55, 0x55, 0x55, 0x55, 
	0x55, 0x55, 0x55, 0x55, 0x55, 0x55, 0x55, 0x55, 0x55, 0x55, 0x55, 0x55, 0x55, 0x55, 0x55, 
	0x55, 0x55, 0x55, 0x55, 0x55, 0x55, 0x55, 0x55, 0x55, 0x55, 0x55, 0x55, 0x55, 0x55, 0x55, 
	0x55, 0x55, 0x55, 0x55, 0x55, 0x55, 0x55, 0x55, 0x55, 0x68, 0xAA, 0xAA, 0xAA, 0xAA, 0x99, 
	0x99, 0x99, 0x99, 0x9A, 0xAA, 0xAA, 0xAA, 0xAA, 0xAA, 0xAA, 0xAA, 0xAA, 0xAA, 0xAB, 0xBB, 
	0xCC, 0xCC, 0xCC, 0xCC, 0xDD, 0xDD, 0xDD, 0xDD, 0xDD, 0xDD, 0xDD, 0xDD, 0xDD, 0xDD, 0xDD, 
	0xDD, 0xDD, 0xDD, 0xDD, 0xDD, 0xDD, 0xDD, 0xDD, 0xDD, 0xDD, 0xDD, 0xDD, 0xDD, 0xDD, 0xDD, 
	0xDD, 0xDD, 0xDD, 0xDD, 0xDD, 0xDD, 0xDD, 0xEE, 0xEE, 0xEE, 0xDD, 0xDD, 0xDD, 0xDD, 0xDD, 
	0xDD, 0xDD, 0xDD, 0xDD, 0xDD, 0xDD, 0xDD, 0xDE, 0xEE, 0xED, 0xDD, 0xDD, 0xDD, 0xDD, 0xDD, 
	0xDD, 0xDD, 0xDD, 0xDD, 0xDD, 0xDD, 0xDD, 0xDC, 0xCC, 0xCC, 0xCC, 0xCC, 0xCC, 0xCC, 0xCC, 
	0xCC, 0xCC, 0xBB, 0xBB, 0xBB, 0xBB, 0xBB, 0xBA, 0xAA, 0xAA, 0xAA, 0xAA, 0xAA, 0xAA, 0xAA, 
	0xAA, 0xAA, 0xAA, 0xAA, 0xAA, 0xAA, 0xAB, 0xBB, 0xA8, 0x65, 0x55, 0x55, 0x55, 0x55, 0x55, 
	0x55, 0x55, 0x55, 0x55, 0x55, 0x55, 0x55, 0x55, 0x55, 0x55, 0x55, 0x55, 0x55, 0x55, 0x55, 
	0x55, 0x55, 0x55, 0x55, 0x55, 0x55, 0x55, 0x55, 0x55, 0x55, 0x55, 0x55, 0x55, 0x55, 0x55, 
	0x55, 0x55, 0x55, 0x55, 0x55, 0x55, 0x55, 0x55, 0x55, 0x55, 0x55, 0x55, 0x55, 0x55, 0x55, 
	0x55, 0x55, 0x55, 0x55, 0x55, 0x55, 0x55, 0x55, 0x55, 0x55, 0x55, 0x55, 0x55, 0x55, 0x55, 
	0x55, 0x55, 0x44, 0x44, 0x44, 0x45, 0x55, 0x66, 0x66, 0x66, 0x77, 0x77, 0x77, 0x77, 0x77, 
	0x76, 0x65, 0x55, 0x55, 0x54, 0x44, 0x44, 0x44, 0x44, 0x43, 0x33, 0x33, 0x33, 0x33, 0x32, 
	0x66, 0x55, 0x55, 0x55, 0x54, 0x33, 0x34, 0x55, 0x55, 0x55, 0x55, 0x55, 0x55, 0x55, 0x55, 
	0x55, 0x55, 0x55, 0x55, 0x55, 0x55, 0x55, 0x55, 0x55, 0x55, 0x55, 0x55, 0x55, 0x55, 0x55, 
	0x55, 0x55, 0x55, 0x55, 0x55, 0x55, 0x55, 0x55, 0x55, 0x55, 0x55, 0x55, 0x55, 0x55, 0x55, 
	0x55, 0x55, 0x55, 0x55, 0x55, 0x55, 0x55, 0x55, 0x55, 0x55, 0x55, 0x55, 0x55, 0x55, 0x55, 
	0x55, 0x55, 0x55, 0x55, 0x55, 0x55, 0x55, 0x55, 0x55, 0x55, 0x55, 0x55, 0x55, 0x55, 0x55, 
	0x55, 0x55, 0x55, 0x55, 0x55, 0x55, 0x55, 0x55, 0x55, 0x68, 0x9A, 0xAA, 0xAA, 0xA9, 0x99, 
	0x99, 0x99, 0x99, 0x99, 0xAA, 0xAA, 0xAA, 0xAA, 0xAA, 0xAA, 0xAA, 0xAA, 0xAA, 0xBB, 0xBB, 
	0xCC, 0xCC, 0xCC, 0xCC, 0xDD, 0xDD, 0xDD, 0xDD, 0xDD, 0xDD, 0xDD, 0xDD, 0xDD, 0xDD, 0xDD, 
	0xDD, 0xDD, 0xDD, 0xDD, 0xDD, 0xDD, 0xDD, 0xDD, 0xDD, 0xDD, 0xDD, 0xDD, 0xDD, 0xDD, 0xDD, 
	0xDD, 0xDD, 0xDD, 0xDD, 0xDD, 0xDD, 0xDD, 0xEE, 0xED, 0xEE, 0xDD, 0xDD, 0xDD, 0xDD, 0xDD, 
	0xDD, 0xDD, 0xDD, 0xDD, 0xDD, 0xDD, 0xDD, 0xDD, 0xDD, 0xDD, 0xDD, 0xDD, 0xDD, 0xDD, 0xDD, 
	0xDD, 0xDD, 0xDD, 0xDD, 0xDD, 0xDD, 0xDD, 0xCC, 0xCC, 0xCC, 0xCC, 0xCC, 0xCC, 0xCC, 0xCC, 
	0xCC, 0xCB, 0xBB, 0xBB, 0xBB, 0xBB, 0xBA, 0xAA, 0xAA, 0xAA, 0xAA, 0xAA, 0xAA, 0xAA, 0xAA, 
	0xAA, 0xAA, 0xAA, 0xAA, 0xAA, 0xAA, 0xAA, 0xBB, 0xA8, 0x65, 0x54, 0x45, 0x55, 0x55, 0x55, 
	0x55, 0x55, 0x55, 0x55, 0x55, 0x55, 0x55, 0x55, 0x55, 0x55, 0x55, 0x55, 0x55, 0x55, 0x55, 
	0x55, 0x55, 0x55, 0x55, 0x55, 0x55, 0x55, 0x55, 0x55, 0x55, 0x55, 0x55, 0x55, 0x55, 0x55, 
	0x55, 0x55, 0x55, 0x55, 0x55, 0x55, 0x55, 0x55, 0x55, 0x55, 0x55, 0x55, 0x55, 0x55, 0x55, 
	0x55, 0x55, 0x55, 0x55, 0x55, 0x55, 0x55, 0x55, 0x55, 0x55, 0x55, 0x55, 0x55, 0x55, 0x55, 
	0x55, 0x55, 0x54, 0x44, 0x44, 0x44, 0x45, 0x56, 0x66, 0x66, 0x77, 0x77, 0x77, 0x77, 0x77, 
	0x76, 0x55, 0x44, 0x44, 0x44, 0x44, 0x44, 0x44, 0x33, 0x33, 0x33, 0x33, 0x33, 0x22, 0x22, 
	0x66, 0x55, 0x55, 0x55, 0x54, 0x33, 0x34, 0x55, 0x55, 0x55, 0x55, 0x55, 0x55, 0x55, 0x55, 
	0x55, 0x55, 0x55, 0x55, 0x55, 0x55, 0x55, 0x55, 0x55, 0x55, 0x55, 0x55, 0x55, 0x55, 0x55, 
	0x55, 0x55, 0x55, 0x55, 0x55, 0x55, 0x55, 0x55, 0x55, 0x55, 0x55, 0x55, 0x55, 0x55, 0x55, 
	0x55, 0x55, 0x55, 0x55, 0x55, 0x55, 0x55, 0x55, 0x55, 0x55, 0x55, 0x55, 0x55, 0x55, 0x55, 
	0x55, 0x55, 0x55, 0x55, 0x55, 0x55, 0x55, 0x55, 0x55, 0x55, 0x55, 0x55, 0x55, 0x55, 0x55, 
	0x55, 0x55, 0x55, 0x55, 0x55, 0x55, 0x55, 0x55, 0x55, 0x57, 0x9A, 0xAA, 0xAA, 0xA9, 0x99, 
	0x99, 0x99, 0x99, 0x99, 0x99, 0xAA, 0xAA, 0xAA, 0xAA, 0xAA, 0xAA, 0xAA, 0xAB, 0xBB, 0xBB, 
	0xCC, 0xCC, 0xCC, 0xCC, 0xDD, 0xDD, 0xDD, 0xDD, 0xDD, 0xDD, 0xDD, 0xDD, 0xDD, 0xDD, 0xDD, 
	0xDD, 0xDD, 0xDD, 0xDD, 0xDD, 0xDD, 0xDD, 0xDD, 0xCD, 0xDD, 0xCC, 0xCC, 0xCC, 0xDD, 0xDD, 
	0xDD, 0xDD, 0xDD, 0xDD, 0xDD, 0xDD, 0xDD, 0xEE, 0xDD, 0xDD, 0xDD, 0xDD, 0xDD, 0xDD, 0xDD, 
	0xDD, 0xDD, 0xDD, 0xDD, 0xDD, 0xDD, 0xDD, 0xDD, 0xDD, 0xDD, 0xDD, 0xDD, 0xDD, 0xDD, 0xDD, 
	0xDD, 0xDD, 0xDD, 0xDD, 0xDD, 0xDD, 0xDD, 0xCC, 0xCC, 0xCC, 0xCC, 0xCC, 0xCC, 0xCC, 0xCC, 
	0xCC, 0xBB, 0xBB, 0xBB, 0xBB, 0xBA, 0xAA, 0xAA, 0xAA, 0xAA, 0xAA, 0xAA, 0xAA, 0xAA, 0xAA, 
	0xAA, 0xAA, 0xAA, 0xAA, 0xAA, 0xAA, 0xAA, 0xBA, 0x97, 0x65, 0x55, 0x55, 0x55, 0x55, 0x55, 
	0x55, 0x55, 0x55, 0x55, 0x55, 0x55, 0x55, 0x55, 0x55, 0x55, 0x55, 0x55, 0x55, 0x55, 0x55, 
	0x55, 0x55, 0x55, 0x55, 0x55, 0x55, 0x55, 0x55, 0x55, 0x55, 0x55, 0x55, 0x55, 0x55, 0x55, 
	0x55, 0x55, 0x55, 0x55, 0x55, 0x55, 0x55, 0x55, 0x55, 0x55, 0x55, 0x55, 0x55, 0x55, 0x55, 
	0x55, 0x55, 0x55, 0x55, 0x55, 0x55, 0x55, 0x55, 0x55, 0x55, 0x55, 0x55, 0x55, 0x55, 0x55, 
	0x55, 0x55, 0x54, 0x44, 0x44, 0x44, 0x44, 0x55, 0x66, 0x66, 0x67, 0x77, 0x76, 0x67, 0x77, 
	0x66, 0x55, 0x44, 0x44, 0x44, 0x44, 0x44, 0x33, 0x33, 0x33, 0x33, 0x33, 0x33, 0x22, 0x22, 
	0x66, 0x55, 0x55, 0x55, 0x54, 0x33, 0x44, 0x55, 0x55, 0x55, 0x55, 0x55, 0x55, 0x55, 0x55, 
	0x55, 0x55, 0x55, 0x55, 0x55, 0x55, 0x55, 0x55, 0x55, 0x55, 0x55, 0x55, 0x55, 0x55, 0x55, 
	0x55, 0x55, 0x55, 0x55, 0x55, 0x55, 0x55, 0x55, 0x55, 0x55, 0x55, 0x55, 0x55, 0x55, 0x55, 
	0x55, 0x55, 0x55, 0x55, 0x55, 0x55, 0x55, 0x55, 0x55, 0x55, 0x55, 0x55, 0x55, 0x55, 0x55, 
	0x55, 0x55, 0x55, 0x55, 0x55, 0x55, 0x55, 0x55, 0x55, 0x55, 0x55, 0x55, 0x55, 0x55, 0x55, 
	0x55, 0x55, 0x55, 0x55, 0x55, 0x55, 0x55, 0x55, 0x55, 0x56, 0x8A, 0xAA, 0x9A, 0xA9, 0x99, 
	0x99, 0x99, 0x99, 0x99, 0x99, 0xAA, 0xAA, 0xAA, 0xAA, 0xAA, 0xAA, 0xAA, 0xBB, 0xBB, 0xBC, 
	0xCC, 0xCC, 0xCC, 0xCC, 0xDD, 0xDD, 0xDD, 0xDD, 0xDD, 0xDD, 0xDD, 0xDD, 0xDD, 0xDD, 0xDD, 
	0xDD, 0xDD, 0xDD, 0xDD, 0xDD, 0xDD, 0xDD, 0xDD, 0xCC, 0xCC, 0xCC, 0xCC, 0xCC, 0xCD, 0xDD, 
	0xDD, 0xDD, 0xDD, 0xDD, 0xDD, 0xDD, 0xDD, 0xED, 0xDD, 0xDD, 0xDD, 0xDD, 0xDD, 0xDD, 0xDD, 
	0xDD, 0xDD, 0xDD, 0xDD, 0xDD, 0xDD, 0xDD, 0xDD, 0xDD, 0xDD, 0xDD, 0xDD, 0xDD, 0xDD, 0xDD, 
	0xDD, 0xDD, 0xDD, 0xDD, 0xDD, 0xDD, 0xDC, 0xCC, 0xCC, 0xCC, 0xCC, 0xCC, 0xCC, 0xCC, 0xCC, 
	0xCB, 0xBB, 0xBB, 0xBB, 0xBB, 0xBA, 0xAA, 0xAA, 0xAA, 0xAA, 0xAA, 0xAA, 0xAA, 0xAA, 0xAA, 
	0x99, 0x99, 0xAA, 0xAA, 0xAA, 0xAA, 0xAA, 0xBA, 0x97, 0x65, 0x55, 0x55, 0x55, 0x55, 0x55, 
	0x55, 0x55, 0x55, 0x55, 0x55, 0x55, 0x55, 0x55, 0x55, 0x55, 0x55, 0x55, 0x55, 0x55, 0x55, 
	0x55, 0x55, 0x55, 0x55, 0x55, 0x55, 0x55, 0x55, 0x55, 0x55, 0x55, 0x55, 0x55, 0x55, 0x55, 
	0x55, 0x55, 0x55, 0x55, 0x55, 0x55, 0x55, 0x55, 0x55, 0x55, 0x55, 0x55, 0x55, 0x55, 0x55, 
	0x55, 0x55, 0x55, 0x55, 0x55, 0x55, 0x55, 0x55, 0x55, 0x55, 0x55, 0x55, 0x55, 0x55, 0x55, 
	0x55, 0x55, 0x55, 0x44, 0x43, 0x33, 0x44, 0x44, 0x56, 0x66, 0x66, 0x66, 0x66, 0x66, 0x77, 
	0x65, 0x54, 0x44, 0x44, 0x44, 0x44, 0x33, 0x33, 0x33, 0x33, 0x33, 0x33, 0x22, 0x23, 0x22, 
	0x65, 0x55, 0x55, 0x55, 0x44, 0x33, 0x44, 0x55, 0x55, 0x55, 0x55, 0x55, 0x55, 0x55, 0x55, 
	0x55, 0x55, 0x55, 0x55, 0x55, 0x55, 0x55, 0x55, 0x55, 0x55, 0x55, 0x55, 0x55, 0x55, 0x55, 
	0x55, 0x55, 0x55, 0x55, 0x55, 0x55, 0x55, 0x55, 0x55, 0x55, 0x55, 0x55, 0x55, 0x55, 0x55, 
	0x55, 0x55, 0x55, 0x55, 0x55, 0x55, 0x55, 0x55, 0x55, 0x55, 0x55, 0x55, 0x55, 0x55, 0x55, 
	0x55, 0x55, 0x55, 0x55, 0x55, 0x55, 0x55, 0x55, 0x55, 0x55, 0x55, 0x55, 0x55, 0x55, 0x55, 
	0x55, 0x55, 0x55, 0x55, 0x55, 0x55, 0x55, 0x55, 0x55, 0x56, 0x8A, 0xAA, 0x99, 0x9A, 0x99, 
	0x99, 0x99, 0x99, 0x99, 0x99, 0x99, 0xAA, 0xAA, 0xAA, 0xAA, 0xAA, 0xAA, 0xAB, 0xBB, 0xBB, 
	0xCC, 0xCC, 0xCC, 0xCC, 0xCD, 0xDD, 0xDD, 0xDD, 0xDD, 0xDD, 0xDD, 0xDD, 0xDD, 0xDD, 0xDD, 
	0xDD, 0xDD, 0xDD, 0xDD, 0xDD, 0xDD, 0xDD, 0xDD, 0xDD, 0xDD, 0xCC, 0xCC, 0xCC, 0xCC, 0xDD, 
	0xDD, 0xDD, 0xDD, 0xDD, 0xDD, 0xDD, 0xEE, 0xDD, 0xDD, 0xDD, 0xDD, 0xDD, 0xDD, 0xDD, 0xDD, 
	0xDD, 0xDD, 0xDD, 0xDD, 0xDD, 0xDD, 0xDD, 0xDD, 0xDD, 0xDD, 0xDD, 0xDD, 0xDD, 0xDD, 0xDD, 
	0xDD, 0xDD, 0xDD, 0xDD, 0xDD, 0xDD, 0xDD, 0xCC, 0xCC, 0xCC, 0xCC, 0xCC, 0xCC, 0xCC, 0xCC, 
	0xBB, 0xBB, 0xBB, 0xBB, 0xBB, 0xAA, 0xAA, 0xAA, 0xAA, 0xAA, 0xAA, 0xAA, 0xAA, 0xAA, 0x99, 
	0x99, 0x99, 0x9A, 0xAA, 0xAA, 0xAA, 0xAA, 0xBA, 0x87, 0x55, 0x55, 0x55, 0x55, 0x55, 0x55, 
	0x55, 0x55, 0x55, 0x55, 0x55, 0x55, 0x55, 0x55, 0x55, 0x55, 0x55, 0x55, 0x55, 0x55, 0x55, 
	0x55, 0x55, 0x55, 0x55, 0x55, 0x55, 0x55, 0x55, 0x55, 0x55, 0x55, 0x55, 0x55, 0x55, 0x55, 
	0x55, 0x55, 0x55, 0x55, 0x55, 0x55, 0x55, 0x55, 0x55, 0x55, 0x55, 0x55, 0x55, 0x55, 0x55, 
	0x55, 0x55, 0x55, 0x55, 0x55, 0x55, 0x55, 0x55, 0x55, 0x55, 0x55, 0x55, 0x55, 0x55, 0x55, 
	0x55, 0x55, 0x55, 0x54, 0x44, 0x43, 0x44, 0x44, 0x55, 0x66, 0x66, 0x66, 0x66, 0x66, 0x66, 
	0x65, 0x44, 0x44, 0x44, 0x44, 0x44, 0x33, 0x33, 0x33, 0x33, 0x33, 0x22, 0x22, 0x22, 0x22, 
	0x65, 0x55, 0x55, 0x55, 0x44, 0x33, 0x45, 0x55, 0x55, 0x55, 0x55, 0x55, 0x55, 0x55, 0x55, 
	0x55, 0x55, 0x55, 0x55, 0x55, 0x55, 0x55, 0x55, 0x55, 0x55, 0x55, 0x55, 0x55, 0x55, 0x55, 
	0x55, 0x55, 0x55, 0x55, 0x55, 0x55, 0x55, 0x55, 0x55, 0x55, 0x55, 0x55, 0x55, 0x55, 0x55, 
	0x55, 0x55, 0x55, 0x55, 0x55, 0x55, 0x55, 0x55, 0x55, 0x55, 0x55, 0x55, 0x55, 0x55, 0x55, 
	0x55, 0x55, 0x55, 0x55, 0x55, 0x55, 0x55, 0x55, 0x55, 0x55, 0x55, 0x55, 0x55, 0x55, 0x55, 
	0x55, 0x55, 0x55, 0x55, 0x55, 0x55, 0x55, 0x55, 0x55, 0x55, 0x79, 0xAA, 0xAA, 0x9A, 0x99, 
	0x99, 0x99, 0x99, 0x99, 0x99, 0x99, 0x9A, 0xAA, 0xAA, 0xAA, 0xAA, 0xAA, 0xAB, 0xBB, 0xBB, 
	0xCC, 0xCC, 0xCC, 0xCC, 0xCC, 0xCC, 0xCD, 0xDD, 0xDD, 0xDD, 0xDD, 0xDD, 0xDD, 0xDD, 0xDD, 
	0xDD, 0xDD, 0xDD, 0xDD, 0xDD, 0xDD, 0xDD, 0xDD, 0xDD, 0xDC, 0xCC, 0xCC, 0xCC, 0xCC, 0xCD, 
	0xDD, 0xDD, 0xDD, 0xDD, 0xDD, 0xDD, 0xDD, 0xDD, 0xDD, 0xDD, 0xDD, 0xDD, 0xDD, 0xDD, 0xDD, 
	0xDD, 0xDD, 0xDD, 0xDD, 0xDD, 0xDD, 0xDD, 0xDD, 0xDD, 0xDD, 0xDD, 0xDD, 0xDD, 0xDD, 0xDD, 
	0xDD, 0xDD, 0xDD, 0xDD, 0xDD, 0xDD, 0xDC, 0xCC, 0xCC, 0xCC, 0xCC, 0xCC, 0xBB, 0xBB, 0xBB, 
	0xBB, 0xBB, 0xBB, 0xBB, 0xBA, 0xAA, 0xAA, 0xAA, 0xAA, 0xAA, 0x99, 0x9A, 0xAA, 0x99, 0x99, 
	0x99, 0x99, 0x99, 0xAA, 0xAA, 0xAA, 0xAA, 0xAA, 0x86, 0x55, 0x55, 0x55, 0x55, 0x55, 0x55, 
	0x55, 0x55, 0x55, 0x55, 0x55, 0x55, 0x55, 0x55, 0x55, 0x55, 0x55, 0x55, 0x55, 0x55, 0x55, 
	0x55, 0x55, 0x55, 0x55, 0x55, 0x55, 0x55, 0x55, 0x55, 0x55, 0x55, 0x55, 0x55, 0x55, 0x55, 
	0x55, 0x55, 0x55, 0x55, 0x55, 0x55, 0x55, 0x55, 0x55, 0x55, 0x55, 0x55, 0x55, 0x55, 0x55, 
	0x55, 0x55, 0x55, 0x55, 0x55, 0x55, 0x55, 0x55, 0x55, 0x55, 0x55, 0x55, 0x55, 0x55, 0x55, 
	0x55, 0x55, 0x55, 0x54, 0x44, 0x43, 0x44, 0x44, 0x45, 0x56, 0x66, 0x66, 0x66, 0x66, 0x66, 
	0x65, 0x44, 0x44, 0x44, 0x33, 0x33, 0x33, 0x33, 0x33, 0x33, 0x32, 0x22, 0x22, 0x22, 0x22, 
	0x65, 0x55, 0x55, 0x44, 0x44, 0x44, 0x45, 0x55, 0x55, 0x55, 0x55, 0x55, 0x55, 0x55, 0x55, 
	0x55, 0x55, 0x55, 0x55, 0x55, 0x55, 0x55, 0x55, 0x55, 0x55, 0x55, 0x55, 0x55, 0x55, 0x55, 
	0x55, 0x55, 0x55, 0x55, 0x55, 0x55, 0x55, 0x55, 0x55, 0x55, 0x55, 0x55, 0x55, 0x55, 0x55, 
	0x55, 0x55, 0x55, 0x55, 0x55, 0x55, 0x55, 0x55, 0x55, 0x55, 0x55, 0x55, 0x55, 0x55, 0x55, 
	0x55, 0x55, 0x55, 0x55, 0x55, 0x55, 0x55, 0x55, 0x55, 0x55, 0x55, 0x55, 0x55, 0x55, 0x55, 
	0x55, 0x55, 0x55, 0x55, 0x55, 0x55, 0x55, 0x55, 0x55, 0x45, 0x78, 0x9A, 0xAA, 0x99, 0x99, 
	0x99, 0x99, 0x99, 0x99, 0x99, 0x99, 0x9A, 0xAA, 0xAA, 0xAA, 0xAA, 0xAA, 0xAB, 0xBB, 0xBB, 
	0xCC, 0xCC, 0xCC, 0xCC, 0xCC, 0xCC, 0xCC, 0xCD, 0xDD, 0xDD, 0xDD, 0xDD, 0xDD, 0xDD, 0xDD, 
	0xDD, 0xDD, 0xDD, 0xDD, 0xDD, 0xDD, 0xDD, 0xDD, 0xCC, 0xCC, 0xCC, 0xCC, 0xCC, 0xCC, 0xCC, 
	0xDD, 0xDD, 0xDD, 0xDD, 0xDD, 0xDD, 0xDD, 0xDD, 0xDD, 0xDD, 0xDD, 0xDD, 0xDD, 0xDD, 0xDD, 
	0xDD, 0xDD, 0xDD, 0xDD, 0xDD, 0xDD, 0xDD, 0xDD, 0xDD, 0xDD, 0xDD, 0xDD, 0xDD, 0xDD, 0xDD, 
	0xDD, 0xDD, 0xDD, 0xDD, 0xDD, 0xDD, 0xDC, 0xCC, 0xCC, 0xCC, 0xCC, 0xCB, 0xBB, 0xBB, 0xBB, 
	0xBB, 0xBB, 0xBB, 0xAA, 0xAA, 0xAA, 0xAA, 0xA9, 0x99, 0x99, 0x99, 0x99, 0x99, 0x99, 0x99, 
	0x99, 0x99, 0x99, 0xAA, 0xAA, 0xAA, 0xAA, 0xA9, 0x76, 0x55, 0x55, 0x55, 0x55, 0x55, 0x55, 
	0x55, 0x55, 0x55, 0x55, 0x55, 0x55, 0x55, 0x55, 0x55, 0x55, 0x55, 0x55, 0x55, 0x55, 0x55, 
	0x55, 0x55, 0x55, 0x55, 0x55, 0x55, 0x55, 0x55, 0x55, 0x55, 0x55, 0x55, 0x55, 0x55, 0x55, 
	0x55, 0x55, 0x55, 0x55, 0x55, 0x55, 0x55, 0x55, 0x55, 0x55, 0x55, 0x55, 0x55, 0x55, 0x55, 
	0x55, 0x55, 0x55, 0x55, 0x55, 0x55, 0x55, 0x55, 0x55, 0x55, 0x55, 0x55, 0x55, 0x55, 0x55, 
	0x55, 0x55, 0x55, 0x55, 0x44, 0x44, 0x43, 0x34, 0x44, 0x55, 0x56, 0x65, 0x66, 0x66, 0x66, 
	0x54, 0x43, 0x33, 0x33, 0x33, 0x33, 0x33, 0x33, 0x33, 0x32, 0x22, 0x22, 0x22, 0x22, 0x22, 
	0x65, 0x55, 0x55, 0x44, 0x44, 0x44, 0x45, 0x55, 0x55, 0x55, 0x55, 0x55, 0x55, 0x55, 0x55, 
	0x55, 0x55, 0x55, 0x55, 0x55, 0x55, 0x55, 0x55, 0x55, 0x55, 0x55, 0x55, 0x55, 0x55, 0x55, 
	0x55, 0x55, 0x55, 0x55, 0x55, 0x55, 0x55, 0x55, 0x55, 0x55, 0x55, 0x55, 0x55, 0x55, 0x55, 
	0x55, 0x55, 0x55, 0x55, 0x55, 0x55, 0x55, 0x55, 0x55, 0x55, 0x55, 0x55, 0x55, 0x55, 0x55, 
	0x55, 0x55, 0x55, 0x55, 0x55, 0x55, 0x55, 0x55, 0x55, 0x55, 0x55, 0x55, 0x55, 0x55, 0x55, 
	0x55, 0x55, 0x55, 0x55, 0x55, 0x55, 0x55, 0x55, 0x55, 0x45, 0x67, 0x9A, 0xA9, 0xA9, 0x99, 
	0x99, 0x99, 0x99, 0x99, 0x99, 0x99, 0x99, 0xAA, 0xAA, 0xAA, 0xAA, 0xAA, 0xAB, 0xBB, 0xBB, 
	0xBC, 0xCC, 0xCC, 0xCC, 0xCC, 0xCC, 0xCC, 0xCD, 0xDD, 0xDD, 0xDD, 0xDD, 0xDD, 0xDD, 0xDD, 
	0xDD, 0xDD, 0xDD, 0xDD, 0xDD, 0xDD, 0xDD, 0xDC, 0xCC, 0xCC, 0xCC, 0xCC, 0xCC, 0xCC, 0xCC, 
	0xDD, 0xDD, 0xDD, 0xDD, 0xDD, 0xDD, 0xDD, 0xDD, 0xDD, 0xDD, 0xDD, 0xDD, 0xDD, 0xDD, 0xDD, 
	0xDD, 0xDD, 0xDD, 0xDD, 0xDD, 0xDD, 0xDD, 0xDD, 0xDD, 0xDD, 0xDD, 0xDD, 0xDD, 0xDD, 0xDD, 
	0xDD, 0xDD, 0xDD, 0xDD, 0xDD, 0xDD, 0xCC, 0xCC, 0xCC, 0xCC, 0xCC, 0xCB, 0xBB, 0xBB, 0xBB, 
	0xBB, 0xBA, 0xAA, 0xAA, 0xAA, 0xAA, 0xAA, 0x99, 0x99, 0x99, 0x99, 0x99, 0x99, 0x99, 0x99, 
	0x99, 0x99, 0x99, 0x9A, 0xAA, 0xAA, 0xAA, 0xA8, 0x65, 0x55, 0x55, 0x55, 0x55, 0x55, 0x55, 
	0x55, 0x55, 0x55, 0x55, 0x55, 0x55, 0x55, 0x55, 0x55, 0x55, 0x55, 0x55, 0x55, 0x55, 0x55, 
	0x55, 0x55, 0x55, 0x55, 0x55, 0x55, 0x55, 0x55, 0x55, 0x55, 0x55, 0x55, 0x55, 0x55, 0x55, 
	0x55, 0x55, 0x55, 0x55, 0x55, 0x55, 0x55, 0x55, 0x55, 0x55, 0x55, 0x55, 0x55, 0x55, 0x55, 
	0x55, 0x55, 0x55, 0x55, 0x55, 0x55, 0x55, 0x55, 0x55, 0x55, 0x55, 0x55, 0x55, 0x55, 0x55, 
	0x55, 0x55, 0x55, 0x55, 0x55, 0x44, 0x43, 0x34, 0x34, 0x45, 0x56, 0x65, 0x56, 0x66, 0x66, 
	0x54, 0x33, 0x33, 0x33, 0x33, 0x33, 0x33, 0x33, 0x22, 0x22, 0x22, 0x22, 0x22, 0x22, 0x22, 
	0x65, 0x55, 0x55, 0x44, 0x44, 0x44, 0x45, 0x55, 0x55, 0x55, 0x55, 0x55, 0x55, 0x55, 0x55, 
	0x55, 0x55, 0x55, 0x55, 0x55, 0x55, 0x55, 0x55, 0x55, 0x55, 0x55, 0x55, 0x55, 0x55, 0x55, 
	0x55, 0x55, 0x55, 0x55, 0x55, 0x55, 0x55, 0x55, 0x55, 0x55, 0x55, 0x55, 0x55, 0x55, 0x55, 
	0x55, 0x55, 0x55, 0x55, 0x55, 0x55, 0x55, 0x55, 0x55, 0x55, 0x55, 0x55, 0x55, 0x55, 0x55, 
	0x55, 0x55, 0x55, 0x55, 0x55, 0x55, 0x55, 0x55, 0x55, 0x55, 0x55, 0x55, 0x55, 0x55, 0x55, 
	0x55, 0x55, 0x55, 0x55, 0x55, 0x55, 0x55, 0x55, 0x55, 0x55, 0x57, 0x8A, 0xA9, 0xA9, 0x99, 
	0x99, 0x99, 0x99, 0x99, 0x99, 0x99, 0x99, 0x9A, 0xAA, 0xAA, 0xAA, 0xAA, 0xAB, 0xBB, 0xBB, 
	0xBC, 0xCC, 0xCC, 0xCC, 0xCC, 0xCC, 0xCC, 0xCC, 0xDD, 0xDD, 0xDD, 0xDD, 0xDD, 0xDD, 0xDD, 
	0xDD, 0xDD, 0xDD, 0xDD, 0xDD, 0xDD, 0xDD, 0xCC, 0xCC, 0xCC, 0xCC, 0xCC, 0xCC, 0xCC, 0xCC, 
	0xCD, 0xDD, 0xDD, 0xDD, 0xDD, 0xDD, 0xDD, 0xDD, 0xDD, 0xDD, 0xDD, 0xDD, 0xDD, 0xDD, 0xDD, 
	0xCC, 0xCC, 0xDD, 0xDD, 0xDD, 0xDD, 0xDD, 0xDD, 0xDD, 0xDD, 0xDD, 0xDD, 0xDD, 0xDD, 0xDD, 
	0xDD, 0xDD, 0xDD, 0xDD, 0xDD, 0xDD, 0xCC, 0xCC, 0xCC, 0xCC, 0xCC, 0xCB, 0xBB, 0xBB, 0xBB, 
	0xBB, 0xAA, 0xAA, 0xAA, 0xAA, 0xAA, 0xA9, 0x99, 0x99, 0x99, 0x99, 0x99, 0x99, 0x99, 0x99, 
	0x99, 0x99, 0x99, 0x99, 0xAA, 0xAA, 0xAA, 0x98, 0x65, 0x45, 0x55, 0x55, 0x55, 0x55, 0x55, 
	0x55, 0x55, 0x55, 0x55, 0x55, 0x55, 0x55, 0x55, 0x55, 0x55, 0x55, 0x55, 0x55, 0x55, 0x55, 
	0x55, 0x55, 0x55, 0x55, 0x55, 0x55, 0x55, 0x55, 0x55, 0x55, 0x55, 0x55, 0x55, 0x55, 0x55, 
	0x55, 0x55, 0x55, 0x55, 0x55, 0x55, 0x55, 0x55, 0x55, 0x55, 0x55, 0x55, 0x55, 0x55, 0x55, 
	0x55, 0x55, 0x55, 0x55, 0x55, 0x55, 0x55, 0x55, 0x55, 0x55, 0x55, 0x55, 0x55, 0x55, 0x55, 
	0x55, 0x55, 0x55, 0x55, 0x55, 0x44, 0x43, 0x34, 0x33, 0x44, 0x55, 0x65, 0x55, 0x65, 0x66, 
	0x54, 0x33, 0x33, 0x33, 0x33, 0x33, 0x33, 0x33, 0x22, 0x22, 0x22, 0x22, 0x22, 0x22, 0x22, 
	0x65, 0x55, 0x55, 0x44, 0x44, 0x44, 0x45, 0x55, 0x55, 0x55, 0x55, 0x55, 0x55, 0x55, 0x55, 
	0x55, 0x55, 0x55, 0x55, 0x55, 0x55, 0x55, 0x55, 0x55, 0x55, 0x55, 0x55, 0x55, 0x55, 0x55, 
	0x55, 0x55, 0x55, 0x55, 0x55, 0x55, 0x55, 0x55, 0x55, 0x55, 0x55, 0x55, 0x55, 0x55, 0x55, 
	0x55, 0x55, 0x55, 0x55, 0x55, 0x55, 0x55, 0x55, 0x55, 0x55, 0x55, 0x55, 0x55, 0x55, 0x55, 
	0x55, 0x55, 0x55, 0x55, 0x55, 0x55, 0x55, 0x55, 0x55, 0x55, 0x55, 0x55, 0x55, 0x55, 0x55, 
	0x55, 0x55, 0x55, 0x55, 0x55, 0x55, 0x55, 0x55, 0x55, 0x55, 0x56, 0x89, 0xAA, 0xA9, 0x99, 
	0x99, 0x99, 0x99, 0x99, 0x99, 0x99, 0x99, 0x99, 0xAA, 0xAA, 0xAA, 0xAA, 0xAA, 0xBB, 0xBB, 
	0xBC, 0xCC, 0xCC, 0xCC, 0xCC, 0xCC, 0xCC, 0xCC, 0xCD, 0xDD, 0xDD, 0xDD, 0xDD, 0xDD, 0xDD, 
	0xDD, 0xDD, 0xDD, 0xDD, 0xDD, 0xDD, 0xDD, 0xCC, 0xCC, 0xCC, 0xCC, 0xCC, 0xCC, 0xCC, 0xCC, 
	0xCC, 0xDD, 0xDD, 0xDD, 0xDD, 0xDD, 0xDD, 0xDD, 0xDD, 0xDD, 0xDD, 0xDD, 0xDD, 0xDD, 0xDC, 
	0xCC, 0xCC, 0xDC, 0xDD, 0xDD, 0xDD, 0xDD, 0xDD, 0xDD, 0xDD, 0xDD, 0xDD, 0xDD, 0xDD, 0xDD, 
	0xDD, 0xDD, 0xDD, 0xDD, 0xDD, 0xDD, 0xCC, 0xCC, 0xCC, 0xCC, 0xCC, 0xBB, 0xBB, 0xBB, 0xBB, 
	0xBA, 0xAA, 0xAA, 0xAA, 0xAA, 0xA9, 0x99, 0x99, 0x99, 0x99, 0x99, 0x99, 0x99, 0x99, 0x99, 
	0x99, 0x99, 0x99, 0x99, 0x99, 0xAA, 0xAA, 0x97, 0x65, 0x55, 0x55, 0x55, 0x55, 0x55, 0x55, 
	0x55, 0x55, 0x55, 0x55, 0x55, 0x55, 0x55, 0x55, 0x55, 0x55, 0x55, 0x55, 0x55, 0x55, 0x55, 
	0x55, 0x55, 0x55, 0x55, 0x55, 0x55, 0x55, 0x55, 0x55, 0x55, 0x55, 0x55, 0x55, 0x55, 0x55, 
	0x55, 0x55, 0x55, 0x55, 0x55, 0x55, 0x55, 0x55, 0x55, 0x55, 0x55, 0x55, 0x55, 0x55, 0x55, 
	0x55, 0x55, 0x55, 0x55, 0x55, 0x55, 0x55, 0x55, 0x55, 0x55, 0x55, 0x55, 0x55, 0x55, 0x55, 
	0x55, 0x55, 0x55, 0x55, 0x55, 0x54, 0x44, 0x33, 0x33, 0x34, 0x45, 0x55, 0x55, 0x55, 0x55, 
	0x54, 0x33, 0x33, 0x33, 0x33, 0x33, 0x32, 0x32, 0x22, 0x22, 0x22, 0x22, 0x22, 0x22, 0x22, 
	0x65, 0x55, 0x55, 0x44, 0x44, 0x44, 0x45, 0x55, 0x55, 0x55, 0x55, 0x55, 0x55, 0x55, 0x55, 
	0x55, 0x55, 0x55, 0x55, 0x55, 0x55, 0x55, 0x55, 0x55, 0x55, 0x55, 0x55, 0x55, 0x55, 0x55, 
	0x55, 0x55, 0x55, 0x55, 0x55, 0x55, 0x55, 0x55, 0x55, 0x55, 0x55, 0x55, 0x55, 0x55, 0x55, 
	0x55, 0x55, 0x55, 0x55, 0x55, 0x55, 0x55, 0x55, 0x55, 0x55, 0x55, 0x55, 0x55, 0x55, 0x55, 
	0x55, 0x55, 0x55, 0x55, 0x55, 0x55, 0x55, 0x55, 0x55, 0x55, 0x55, 0x55, 0x55, 0x55, 0x55, 
	0x55, 0x55, 0x55, 0x55, 0x55, 0x55, 0x55, 0x55, 0x55, 0x55, 0x56, 0x79, 0xAA, 0x99, 0x99, 
	0x99, 0x99, 0x99, 0x99, 0x99, 0x99, 0x99, 0x99, 0x9A, 0xAA, 0xAA, 0xAA, 0xAA, 0xBB, 0xBB, 
	0xBB, 0xBC, 0xCC, 0xCC, 0xCC, 0xCC, 0xCC, 0xCC, 0xCC, 0xDD, 0xDD, 0xDD, 0xDD, 0xDD, 0xDD, 
	0xDD, 0xDD, 0xDD, 0xDD, 0xDD, 0xDD, 0xDD, 0xCC, 0xCC, 0xCC, 0xCC, 0xCC, 0xCC, 0xCC, 0xCC, 
	0xCC, 0xCC, 0xDD, 0xDD, 0xDD, 0xDD, 0xDD, 0xDC, 0xDD, 0xDD, 0xDD, 0xDD, 0xDD, 0xDD, 0xCC, 
	0xCC, 0xCC, 0xCC, 0xCC, 0xCD, 0xDD, 0xDD, 0xDD, 0xDD, 0xDD, 0xDD, 0xDD, 0xDD, 0xDD, 0xDD, 
	0xDD, 0xDD, 0xDD, 0xDD, 0xDD, 0xDC, 0xCC, 0xCC, 0xCC, 0xCC, 0xBB, 0xBB, 0xBB, 0xBB, 0xBA, 
	0xAA, 0xAA, 0xAA, 0xAA, 0xA9, 0x99, 0x99, 0x99, 0x99, 0x99, 0x98, 0x99, 0x99, 0x98, 0x88, 
	0x88, 0x89, 0x99, 0x99, 0x9A, 0xAA, 0xA9, 0x86, 0x55, 0x55, 0x55, 0x55, 0x55, 0x55, 0x55, 
	0x55, 0x55, 0x55, 0x55, 0x55, 0x55, 0x55, 0x55, 0x55, 0x55, 0x55, 0x55, 0x55, 0x55, 0x55, 
	0x55, 0x55, 0x55, 0x55, 0x55, 0x55, 0x55, 0x55, 0x55, 0x55, 0x55, 0x55, 0x55, 0x55, 0x55, 
	0x55, 0x55, 0x55, 0x55, 0x55, 0x55, 0x55, 0x55, 0x55, 0x55, 0x55, 0x55, 0x55, 0x55, 0x55, 
	0x55, 0x55, 0x55, 0x55, 0x55, 0x55, 0x55, 0x55, 0x55, 0x55, 0x55, 0x55, 0x55, 0x55, 0x55, 
	0x55, 0x55, 0x55, 0x55, 0x55, 0x55, 0x44, 0x33, 0x33, 0x33, 0x45, 0x55, 0x55, 0x55, 0x55, 
	0x54, 0x33, 0x33, 0x23, 0x33, 0x33, 0x32, 0x22, 0x22, 0x22, 0x22, 0x22, 0x22, 0x22, 0x22, 
	0x65, 0x55, 0x55, 0x44, 0x44, 0x44, 0x45, 0x55, 0x55, 0x55, 0x55, 0x55, 0x55, 0x55, 0x55, 
	0x55, 0x55, 0x55, 0x55, 0x55, 0x55, 0x55, 0x55, 0x55, 0x55, 0x55, 0x55, 0x55, 0x55, 0x55, 
	0x55, 0x55, 0x55, 0x55, 0x55, 0x55, 0x55, 0x55, 0x55, 0x55, 0x55, 0x55, 0x55, 0x55, 0x55, 
	0x55, 0x55, 0x55, 0x55, 0x55, 0x55, 0x55, 0x55, 0x55, 0x55, 0x55, 0x55, 0x55, 0x55, 0x55, 
	0x55, 0x55, 0x55, 0x55, 0x55, 0x55, 0x55, 0x55, 0x55, 0x55, 0x55, 0x55, 0x55, 0x55, 0x55, 
	0x55, 0x55, 0x55, 0x55, 0x55, 0x55, 0x55, 0x55, 0x55, 0x55, 0x55, 0x68, 0x99, 0x99, 0x99, 
	0x99, 0x99, 0x99, 0x99, 0x99, 0x99, 0x99, 0x99, 0x9A, 0xAA, 0xAA, 0xAA, 0xAA, 0xAB, 0xBB, 
	0xBB, 0xBB, 0xBB, 0xCC, 0xCC, 0xCC, 0xCC, 0xCC, 0xCC, 0xCD, 0xDD, 0xDD, 0xDD, 0xDD, 0xDD, 
	0xDD, 0xDD, 0xDD, 0xDD, 0xDD, 0xDD, 0xDD, 0xCC, 0xCC, 0xCC, 0xCC, 0xCC, 0xCC, 0xCC, 0xCC, 
	0xCC, 0xCC, 0xCD, 0xDD, 0xDD, 0xDD, 0xDD, 0xCC, 0xCC, 0xCC, 0xCC, 0xCC, 0xCC, 0xCC, 0xCC, 
	0xCC, 0xCC, 0xCC, 0xCC, 0xCC, 0xDD, 0xDD, 0xDD, 0xDD, 0xDD, 0xDD, 0xDD, 0xDD, 0xDD, 0xDD, 
	0xDD, 0xDD, 0xDD, 0xDD, 0xDD, 0xDC, 0xCC, 0xCC, 0xCC, 0xCC, 0xBB, 0xBB, 0xBB, 0xBA, 0xAA, 
	0xAA, 0xAA, 0xAA, 0xA9, 0x99, 0x99, 0x99, 0x99, 0x99, 0x98, 0x88, 0x88, 0x88, 0x88, 0x88, 
	0x88, 0x89, 0x99, 0x99, 0x9A, 0xAA, 0xA8, 0x76, 0x55, 0x55, 0x55, 0x55, 0x55, 0x55, 0x55, 
	0x55, 0x55, 0x55, 0x55, 0x55, 0x55, 0x55, 0x55, 0x55, 0x55, 0x55, 0x55, 0x55, 0x55, 0x55, 
	0x55, 0x55, 0x55, 0x55, 0x55, 0x55, 0x55, 0x55, 0x55, 0x55, 0x55, 0x55, 0x55, 0x55, 0x55, 
	0x55, 0x55, 0x55, 0x55, 0x55, 0x55, 0x55, 0x55, 0x55, 0x55, 0x55, 0x55, 0x55, 0x55, 0x55, 
	0x55, 0x55, 0x55, 0x55, 0x55, 0x55, 0x55, 0x55, 0x55, 0x55, 0x55, 0x55, 0x55, 0x55, 0x55, 
	0x55, 0x55, 0x55, 0x55, 0x55, 0x55, 0x44, 0x33, 0x33, 0x33, 0x44, 0x55, 0x55, 0x55, 0x55, 
	0x54, 0x33, 0x22, 0x22, 0x22, 0x23, 0x22, 0x22, 0x22, 0x22, 0x22, 0x22, 0x22, 0x22, 0x22, 
	0x65, 0x55, 0x55, 0x44, 0x44, 0x44, 0x45, 0x55, 0x55, 0x55, 0x55, 0x55, 0x55, 0x55, 0x55, 
	0x55, 0x55, 0x55, 0x55, 0x55, 0x55, 0x55, 0x55, 0x55, 0x55, 0x55, 0x55, 0x55, 0x55, 0x55, 
	0x55, 0x55, 0x55, 0x55, 0x55, 0x55, 0x55, 0x55, 0x55, 0x55, 0x55, 0x55, 0x55, 0x55, 0x55, 
	0x55, 0x55, 0x55, 0x55, 0x55, 0x55, 0x55, 0x55, 0x55, 0x55, 0x55, 0x55, 0x55, 0x55, 0x55, 
	0x55, 0x55, 0x55, 0x55, 0x55, 0x55, 0x55, 0x55, 0x55, 0x55, 0x55, 0x55, 0x55, 0x55, 0x55, 
	0x55, 0x55, 0x55, 0x55, 0x55, 0x55, 0x55, 0x55, 0x55, 0x55, 0x55, 0x68, 0x9A, 0xA9, 0x99, 
	0x99, 0x99, 0x99, 0x99, 0x99, 0x99, 0x99, 0x99, 0x99, 0x99, 0xAA, 0xAA, 0xAA, 0xAA, 0xBB, 
	0xBB, 0xBB, 0xBB, 0xBC, 0xCC, 0xCC, 0xCC, 0xCC, 0xCC, 0xCC, 0xDD, 0xDD, 0xDD, 0xDD, 0xDD, 
	0xDD, 0xDD, 0xDD, 0xDD, 0xDD, 0xDD, 0xDD, 0xCC, 0xCC, 0xCC, 0xCC, 0xCC, 0xCC, 0xCC, 0xCC, 
	0xCC, 0xCC, 0xCC, 0xDD, 0xDD, 0xDD, 0xCC, 0xCC, 0xCC, 0xCC, 0xCC, 0xCC, 0xCC, 0xCC, 0xCC, 
	0xCC, 0xCC, 0xCC, 0xCC, 0xCC, 0xCD, 0xDD, 0xDD, 0xDD, 0xDD, 0xDD, 0xDD, 0xDD, 0xDD, 0xDD, 
	0xDD, 0xDD, 0xDD, 0xDD, 0xDD, 0xDC, 0xCC, 0xCC, 0xCC, 0xCC, 0xBB, 0xBB, 0xBB, 0xBA, 0xAA, 
	0xAA, 0xAA, 0xAA, 0x99, 0x99, 0x99, 0x99, 0x99, 0x99, 0x88, 0x88, 0x88, 0x88, 0x88, 0x88, 
	0x88, 0x89, 0x99, 0x99, 0x9A, 0xAA, 0x98, 0x65, 0x55, 0x55, 0x55, 0x55, 0x55, 0x55, 0x55, 
	0x55, 0x55, 0x55, 0x55, 0x55, 0x55, 0x55, 0x55, 0x55, 0x55, 0x55, 0x55, 0x55, 0x55, 0x55, 
	0x55, 0x55, 0x55, 0x55, 0x55, 0x55, 0x55, 0x55, 0x55, 0x55, 0x55, 0x55, 0x55, 0x55, 0x55, 
	0x55, 0x55, 0x55, 0x55, 0x55, 0x55, 0x55, 0x55, 0x55, 0x55, 0x55, 0x55, 0x55, 0x55, 0x55, 
	0x55, 0x55, 0x55, 0x55, 0x55, 0x55, 0x55, 0x55, 0x55, 0x55, 0x55, 0x55, 0x55, 0x55, 0x55, 
	0x55, 0x55, 0x55, 0x55, 0x55, 0x55, 0x54, 0x43, 0x33, 0x33, 0x44, 0x45, 0x55, 0x55, 0x55, 
	0x54, 0x33, 0x22, 0x22, 0x22, 0x22, 0x22, 0x22, 0x22, 0x22, 0x22, 0x22, 0x22, 0x22, 0x22, 
	0x65, 0x55, 0x55, 0x44, 0x44, 0x44, 0x45, 0x55, 0x55, 0x55, 0x55, 0x55, 0x55, 0x55, 0x55, 
	0x55, 0x55, 0x55, 0x55, 0x55, 0x55, 0x55, 0x55, 0x55, 0x55, 0x55, 0x55, 0x55, 0x55, 0x55, 
	0x55, 0x55, 0x55, 0x55, 0x55, 0x55, 0x55, 0x55, 0x55, 0x55, 0x55, 0x55, 0x55, 0x55, 0x55, 
	0x55, 0x55, 0x55, 0x55, 0x55, 0x55, 0x55, 0x55, 0x55, 0x55, 0x55, 0x55, 0x55, 0x55, 0x55, 
	0x55, 0x55, 0x55, 0x55, 0x55, 0x55, 0x55, 0x55, 0x55, 0x55, 0x55, 0x55, 0x55, 0x55, 0x55, 
	0x55, 0x55, 0x55, 0x55, 0x55, 0x55, 0x55, 0x55, 0x55, 0x55, 0x55, 0x67, 0x89, 0xA9, 0x99, 
	0x99, 0x99, 0x99, 0x99, 0x99, 0x99, 0x99, 0x99, 0x99, 0x99, 0x9A, 0xAA, 0xAA, 0xAA, 0xAA, 
	0xBB, 0xBB, 0xBB, 0xBB, 0xBC, 0xCC, 0xCC, 0xCC, 0xCC, 0xCC, 0xCD, 0xDD, 0xDD, 0xDD, 0xDD, 
	0xDD, 0xDD, 0xDD, 0xDD, 0xDD, 0xDD, 0xDD, 0xCC, 0xCC, 0xCC, 0xCC, 0xCC, 0xCC, 0xCC, 0xCC, 
	0xCC, 0xCC, 0xCC, 0xCC, 0xDD, 0xCC, 0xCC, 0xCC, 0xCC, 0xCC, 0xCC, 0xCC, 0xCC, 0xCC, 0xCC, 
	0xCC, 0xCC, 0xCC, 0xCC, 0xCC, 0xCD, 0xDD, 0xDD, 0xDD, 0xDD, 0xDD, 0xDD, 0xDD, 0xDD, 0xDD, 
	0xDD, 0xDD, 0xDD, 0xDD, 0xDC, 0xCC, 0xCC, 0xCC, 0xCC, 0xCC, 0xBB, 0xBB, 0xBB, 0xBA, 0xAA, 
	0xAA, 0xA9, 0x99, 0x99, 0x99, 0x99, 0x99, 0x98, 0x88, 0x88, 0x88, 0x88, 0x88, 0x88, 0x88, 
	0x88, 0x88, 0x99, 0x99, 0xAA, 0xAA, 0x97, 0x65, 0x55, 0x55, 0x55, 0x55, 0x55, 0x55, 0x55, 
	0x55, 0x55, 0x55, 0x55, 0x55, 0x55, 0x55, 0x55, 0x55, 0x55, 0x55, 0x55, 0x55, 0x55, 0x55, 
	0x55, 0x55, 0x55, 0x55, 0x55, 0x55, 0x55, 0x55, 0x55, 0x55, 0x55, 0x55, 0x55, 0x55, 0x55, 
	0x55, 0x55, 0x55, 0x55, 0x55, 0x55, 0x55, 0x55, 0x55, 0x55, 0x55, 0x55, 0x55, 0x55, 0x55, 
	0x55, 0x55, 0x55, 0x55, 0x55, 0x55, 0x55, 0x55, 0x55, 0x55, 0x55, 0x55, 0x55, 0x55, 0x55, 
	0x55, 0x55, 0x55, 0x55, 0x55, 0x55, 0x54, 0x44, 0x33, 0x33, 0x34, 0x45, 0x55, 0x55, 0x55, 
	0x54, 0x32, 0x22, 0x22, 0x22, 0x22, 0x22, 0x22, 0x22, 0x22, 0x22, 0x22, 0x22, 0x22, 0x22, 
	0x65, 0x55, 0x55, 0x45, 0x44, 0x44, 0x45, 0x55, 0x55, 0x55, 0x55, 0x55, 0x55, 0x55, 0x55, 
	0x55, 0x55, 0x55, 0x55, 0x55, 0x55, 0x55, 0x55, 0x55, 0x55, 0x55, 0x55, 0x55, 0x55, 0x55, 
	0x55, 0x55, 0x55, 0x55, 0x55, 0x55, 0x55, 0x55, 0x55, 0x55, 0x55, 0x55, 0x55, 0x55, 0x55, 
	0x55, 0x55, 0x55, 0x55, 0x55, 0x55, 0x55, 0x55, 0x55, 0x55, 0x55, 0x55, 0x55, 0x55, 0x55, 
	0x55, 0x55, 0x55, 0x55, 0x55, 0x55, 0x55, 0x55, 0x55, 0x55, 0x55, 0x55, 0x55, 0x55, 0x55, 
	0x55, 0x55, 0x55, 0x55, 0x55, 0x55, 0x55, 0x55, 0x55, 0x55, 0x55, 0x56, 0x89, 0xAA, 0x99, 
	0x99, 0x99, 0x99, 0x99, 0x99, 0x99, 0x99, 0x99, 0x99, 0x99, 0x99, 0xAA, 0xAA, 0xAA, 0xAA, 
	0xAA, 0xBB, 0xBB, 0xBB, 0xBB, 0xBC, 0xCC, 0xCC, 0xCC, 0xCC, 0xCC, 0xCD, 0xDD, 0xDD, 0xDD, 
	0xDD, 0xDD, 0xDD, 0xDD, 0xDD, 0xDC, 0xCC, 0xCC, 0xCC, 0xCC, 0xCC, 0xCC, 0xCC, 0xCC, 0xCC, 
	0xCC, 0xCC, 0xCC, 0xCC, 0xCC, 0xCC, 0xCC, 0xCC, 0xCC, 0xCC, 0xCC, 0xCC, 0xCC, 0xCC, 0xCC, 
	0xCC, 0xCC, 0xCC, 0xCC, 0xCC, 0xCC, 0xCC, 0xDD, 0xDD, 0xDD, 0xDD, 0xDD, 0xDD, 0xDD, 0xDD, 
	0xDD, 0xDD, 0xDD, 0xDD, 0xCC, 0xCC, 0xCC, 0xCC, 0xCC, 0xCB, 0xBB, 0xBB, 0xBB, 0xAA, 0xAA, 
	0xA9, 0x99, 0x99, 0x99, 0x99, 0x98, 0x88, 0x88, 0x88, 0x88, 0x88, 0x88, 0x88, 0x88, 0x88, 
	0x88, 0x88, 0x99, 0x99, 0x9A, 0xA9, 0x86, 0x55, 0x55, 0x55, 0x55, 0x55, 0x55, 0x55, 0x55, 
	0x55, 0x55, 0x55, 0x55, 0x55, 0x55, 0x55, 0x55, 0x55, 0x55, 0x55, 0x55, 0x55, 0x55, 0x55, 
	0x55, 0x55, 0x55, 0x55, 0x55, 0x55, 0x55, 0x55, 0x55, 0x55, 0x55, 0x55, 0x55, 0x55, 0x55, 
	0x55, 0x55, 0x55, 0x55, 0x55, 0x55, 0x55, 0x55, 0x55, 0x55, 0x55, 0x55, 0x55, 0x55, 0x55, 
	0x55, 0x55, 0x55, 0x55, 0x55, 0x55, 0x55, 0x55, 0x55, 0x55, 0x55, 0x55, 0x55, 0x55, 0x55, 
	0x55, 0x55, 0x55, 0x55, 0x55, 0x55, 0x55, 0x44, 0x33, 0x33, 0x33, 0x44, 0x55, 0x55, 0x55, 
	0x44, 0x32, 0x22, 0x22, 0x22, 0x22, 0x22, 0x22, 0x22, 0x22, 0x22, 0x22, 0x22, 0x22, 0x22, 
	0x65, 0x55, 0x55, 0x44, 0x44, 0x44, 0x45, 0x55, 0x55, 0x55, 0x55, 0x55, 0x55, 0x55, 0x55, 
	0x55, 0x55, 0x55, 0x55, 0x55, 0x55, 0x55, 0x55, 0x55, 0x55, 0x55, 0x55, 0x55, 0x55, 0x55, 
	0x55, 0x55, 0x55, 0x55, 0x55, 0x55, 0x55, 0x55, 0x55, 0x55, 0x55, 0x55, 0x55, 0x55, 0x55, 
	0x55, 0x55, 0x55, 0x55, 0x55, 0x55, 0x55, 0x55, 0x55, 0x55, 0x55, 0x55, 0x55, 0x55, 0x55, 
	0x55, 0x55, 0x55, 0x55, 0x55, 0x55, 0x55, 0x55, 0x55, 0x55, 0x55, 0x55, 0x55, 0x55, 0x55, 
	0x55, 0x55, 0x55, 0x55, 0x55, 0x55, 0x55, 0x55, 0x55, 0x55, 0x54, 0x56, 0x79, 0xAA, 0x99, 
	0x99, 0x99, 0x99, 0x99, 0x99, 0x99, 0x99, 0x99, 0x99, 0x99, 0x99, 0x99, 0xAA, 0xAA, 0xAA, 
	0xAA, 0xAA, 0xBB, 0xBB, 0xBB, 0xBB, 0xCC, 0xCC, 0xCC, 0xCC, 0xCC, 0xCC, 0xCD, 0xDD, 0xDD, 
	0xDD, 0xDD, 0xDD, 0xDD, 0xDD, 0xCC, 0xCC, 0xCC, 0xCC, 0xCC, 0xBB, 0xBB, 0xBC, 0xCC, 0xCC, 
	0xCC, 0xCC, 0xCC, 0xCC, 0xCC, 0xCC, 0xCC, 0xCC, 0xCC, 0xCC, 0xCC, 0xCC, 0xCC, 0xCC, 0xCC, 
	0xCC, 0xCC, 0xCC, 0xCC, 0xCC, 0xCC, 0xCC, 0xCD, 0xDD, 0xDD, 0xDD, 0xDD, 0xDD, 0xDD, 0xDD, 
	0xDD, 0xDD, 0xDD, 0xDC, 0xCC, 0xCC, 0xCC, 0xCC, 0xCC, 0xCB, 0xBB, 0xBB, 0xBB, 0xAA, 0xAA, 
	0x99, 0x99, 0x99, 0x99, 0x98, 0x88, 0x88, 0x88, 0x88, 0x88, 0x88, 0x88, 0x88, 0x88, 0x88, 
	0x88, 0x89, 0x99, 0x99, 0x9A, 0x98, 0x76, 0x55, 0x55, 0x55, 0x55, 0x55, 0x55, 0x55, 0x55, 
	0x55, 0x55, 0x55, 0x55, 0x55, 0x55, 0x55, 0x55, 0x55, 0x55, 0x55, 0x55, 0x55, 0x55, 0x55, 
	0x55, 0x55, 0x55, 0x55, 0x55, 0x55, 0x55, 0x55, 0x55, 0x55, 0x55, 0x55, 0x55, 0x55, 0x55, 
	0x55, 0x55, 0x55, 0x55, 0x55, 0x55, 0x55, 0x55, 0x55, 0x55, 0x55, 0x55, 0x55, 0x55, 0x55, 
	0x55, 0x55, 0x55, 0x55, 0x55, 0x55, 0x55, 0x55, 0x55, 0x55, 0x55, 0x55, 0x55, 0x55, 0x55, 
	0x55, 0x55, 0x55, 0x55, 0x55, 0x55, 0x55, 0x44, 0x43, 0x33, 0x33, 0x34, 0x45, 0x55, 0x55, 
	0x44, 0x32, 0x22, 0x22, 0x22, 0x22, 0x22, 0x22, 0x22, 0x22, 0x22, 0x22, 0x22, 0x22, 0x22, 
	0x65, 0x55, 0x55, 0x44, 0x44, 0x44, 0x45, 0x55, 0x55, 0x55, 0x55, 0x55, 0x55, 0x55, 0x55, 
	0x55, 0x55, 0x55, 0x55, 0x55, 0x55, 0x55, 0x55, 0x55, 0x55, 0x55, 0x55, 0x55, 0x55, 0x55, 
	0x55, 0x55, 0x55, 0x55, 0x55, 0x55, 0x55, 0x55, 0x55, 0x55, 0x55, 0x55, 0x55, 0x55, 0x55, 
	0x55, 0x55, 0x55, 0x55, 0x55, 0x55, 0x55, 0x55, 0x55, 0x55, 0x55, 0x55, 0x55, 0x55, 0x55, 
	0x55, 0x55, 0x55, 0x55, 0x55, 0x55, 0x55, 0x55, 0x55, 0x55, 0x55, 0x55, 0x55, 0x55, 0x55, 
	0x55, 0x55, 0x55, 0x55, 0x55, 0x55, 0x55, 0x55, 0x55, 0x55, 0x54, 0x56, 0x78, 0x9A, 0xA9, 
	0x99, 0x99, 0x99, 0x99, 0x99, 0x99, 0x99, 0x99, 0x99, 0x99, 0x99, 0x99, 0x9A, 0xAA, 0xAA, 
	0xAA, 0xAA, 0xAB, 0xBB, 0xBB, 0xBB, 0xCC, 0xCC, 0xCC, 0xCC, 0xCC, 0xCC, 0xCC, 0xCC, 0xCC, 
	0xCD, 0xDD, 0xDD, 0xDD, 0xDD, 0xCC, 0xCC, 0xCC, 0xCC, 0xCB, 0xBB, 0xBB, 0xBB, 0xBC, 0xCC, 
	0xCC, 0xCC, 0xCC, 0xCC, 0xCC, 0xCC, 0xCC, 0xCC, 0xCC, 0xCC, 0xCC, 0xCC, 0xCC, 0xCC, 0xCC, 
	0xCC, 0xCC, 0xCC, 0xCC, 0xCC, 0xCC, 0xCC, 0xCD, 0xDD, 0xDD, 0xDD, 0xDD, 0xDD, 0xDD, 0xDD, 
	0xDD, 0xDD, 0xDD, 0xCC, 0xCC, 0xCC, 0xCC, 0xCC, 0xCC, 0xCB, 0xBB, 0xBB, 0xBA, 0xAA, 0xAA, 
	0x99, 0x99, 0x99, 0x98, 0x88, 0x88, 0x88, 0x88, 0x88, 0x88, 0x88, 0x88, 0x88, 0x88, 0x88, 
	0x88, 0x88, 0x99, 0x99, 0x99, 0x98, 0x65, 0x55, 0x55, 0x55, 0x55, 0x55, 0x55, 0x55, 0x55, 
	0x55, 0x55, 0x55, 0x55, 0x55, 0x55, 0x55, 0x55, 0x55, 0x55, 0x55, 0x55, 0x55, 0x55, 0x55, 
	0x55, 0x55, 0x55, 0x55, 0x55, 0x55, 0x55, 0x55, 0x55, 0x55, 0x55, 0x55, 0x55, 0x55, 0x55, 
	0x55, 0x55, 0x55, 0x55, 0x55, 0x55, 0x55, 0x55, 0x55, 0x55, 0x55, 0x55, 0x55, 0x55, 0x55, 
	0x55, 0x55, 0x55, 0x55, 0x55, 0x55, 0x55, 0x55, 0x55, 0x55, 0x55, 0x55, 0x55, 0x55, 0x55, 
	0x55, 0x55, 0x55, 0x55, 0x55, 0x55, 0x55, 0x54, 0x43, 0x33, 0x33, 0x34, 0x45, 0x55, 0x55, 
	0x44, 0x32, 0x22, 0x22, 0x22, 0x22, 0x22, 0x22, 0x22, 0x22, 0x22, 0x22, 0x22, 0x22, 0x22, 
	0x65, 0x55, 0x55, 0x55, 0x44, 0x44, 0x44, 0x55, 0x55, 0x55, 0x55, 0x55, 0x55, 0x55, 0x55, 
	0x55, 0x55, 0x55, 0x55, 0x55, 0x55, 0x55, 0x55, 0x55, 0x55, 0x55, 0x55, 0x55, 0x55, 0x55, 
	0x55, 0x55, 0x55, 0x55, 0x55, 0x55, 0x55, 0x55, 0x55, 0x55, 0x55, 0x55, 0x55, 0x55, 0x55, 
	0x55, 0x55, 0x55, 0x55, 0x55, 0x55, 0x55, 0x55, 0x55, 0x55, 0x55, 0x55, 0x55, 0x55, 0x55, 
	0x55, 0x55, 0x55, 0x55, 0x55, 0x55, 0x55, 0x55, 0x55, 0x55, 0x55, 0x55, 0x55, 0x55, 0x55, 
	0x55, 0x55, 0x55, 0x55, 0x55, 0x55, 0x55, 0x55, 0x55, 0x55, 0x55, 0x55, 0x78, 0x9A, 0xA9, 
	0x99, 0x99, 0x99, 0x99, 0x99, 0x99, 0x99, 0x99, 0x99, 0x99, 0x99, 0x99, 0x99, 0x9A, 0xAA, 
	0xAA, 0xAA, 0xAA, 0xAB, 0xBB, 0xBB, 0xBC, 0xCC, 0xCC, 0xCC, 0xCC, 0xCC, 0xCC, 0xCC, 0xCC, 
	0xCC, 0xDC, 0xCC, 0xDD, 0xDC, 0xCC, 0xCC, 0xCC, 0xCC, 0xCB, 0xBB, 0xBB, 0xBB, 0xBB, 0xBB, 
	0xCC, 0xCC, 0xCC, 0xCC, 0xCC, 0xCC, 0xCC, 0xCC, 0xBB, 0xBC, 0xCC, 0xCC, 0xCC, 0xBB, 0xBB, 
	0xBB, 0xBB, 0xBB, 0xCC, 0xCC, 0xCC, 0xCC, 0xCC, 0xDD, 0xDD, 0xDD, 0xDD, 0xDD, 0xDD, 0xDD, 
	0xDD, 0xDD, 0xDC, 0xCC, 0xCC, 0xCC, 0xCC, 0xCC, 0xCC, 0xBB, 0xBB, 0xBB, 0xBA, 0xAA, 0xA9, 
	0x99, 0x88, 0x88, 0x88, 0x88, 0x88, 0x88, 0x88, 0x88, 0x88, 0x88, 0x88, 0x88, 0x88, 0x88, 
	0x88, 0x88, 0x99, 0x99, 0x99, 0x87, 0x65, 0x55, 0x55, 0x55, 0x55, 0x55, 0x55, 0x55, 0x55, 
	0x55, 0x55, 0x55, 0x55, 0x55, 0x55, 0x55, 0x55, 0x55, 0x55, 0x55, 0x55, 0x55, 0x55, 0x55, 
	0x55, 0x55, 0x55, 0x55, 0x55, 0x55, 0x55, 0x55, 0x55, 0x55, 0x55, 0x55, 0x55, 0x55, 0x55, 
	0x55, 0x55, 0x55, 0x55, 0x55, 0x55, 0x55, 0x55, 0x55, 0x55, 0x55, 0x55, 0x55, 0x55, 0x55, 
	0x55, 0x55, 0x55, 0x55, 0x55, 0x55, 0x55, 0x55, 0x55, 0x55, 0x55, 0x55, 0x55, 0x55, 0x55, 
	0x55, 0x55, 0x55, 0x55, 0x55, 0x55, 0x55, 0x54, 0x44, 0x33, 0x33, 0x33, 0x44, 0x55, 0x55, 
	0x43, 0x32, 0x22, 0x22, 0x22, 0x22, 0x22, 0x22, 0x22, 0x22, 0x22, 0x22, 0x22, 0x22, 0x22, 
	0x65, 0x55, 0x55, 0x55, 0x54, 0x43, 0x44, 0x55, 0x55, 0x55, 0x55, 0x55, 0x55, 0x55, 0x55, 
	0x55, 0x55, 0x55, 0x55, 0x55, 0x55, 0x55, 0x55, 0x55, 0x55, 0x55, 0x55, 0x55, 0x55, 0x55, 
	0x55, 0x55, 0x55, 0x55, 0x55, 0x55, 0x55, 0x55, 0x55, 0x55, 0x55, 0x55, 0x55, 0x55, 0x55, 
	0x55, 0x55, 0x55, 0x55, 0x55, 0x55, 0x55, 0x55, 0x55, 0x55, 0x55, 0x55, 0x55, 0x55, 0x55, 
	0x55, 0x55, 0x55, 0x55, 0x55, 0x55, 0x55, 0x55, 0x55, 0x55, 0x55, 0x55, 0x55, 0x55, 0x55, 
	0x55, 0x55, 0x55, 0x55, 0x55, 0x55, 0x55, 0x55, 0x55, 0x55, 0x55, 0x55, 0x67, 0x9A, 0xA9, 
	0x99, 0x99, 0x99, 0x99, 0x99, 0x99, 0x99, 0x98, 0x88, 0x99, 0x99, 0x99, 0x99, 0x99, 0x99, 
	0xAA, 0xAA, 0xAA, 0xAA, 0xBB, 0xBB, 0xBB, 0xBC, 0xCC, 0xCC, 0xCC, 0xCC, 0xCC, 0xCC, 0xCC, 
	0xCC, 0xCC, 0xCC, 0xCC, 0xCC, 0xCC, 0xCC, 0xCC, 0xCC, 0xBB, 0xBB, 0xBB, 0xBB, 0xBB, 0xBB, 
	0xBB, 0xBB, 0xBB, 0xBB, 0xBB, 0xBB, 0xBB, 0xBB, 0xBB, 0xBB, 0xBB, 0xBB, 0xBB, 0xBB, 0xBB, 
	0xBB, 0xBB, 0xBB, 0xBB, 0xBB, 0xCC, 0xCC, 0xCC, 0xCC, 0xDD, 0xDD, 0xDD, 0xDD, 0xDD, 0xDD, 
	0xDD, 0xDD, 0xDC, 0xCC, 0xCC, 0xCC, 0xCC, 0xCC, 0xCC, 0xBB, 0xBB, 0xBB, 0xBB, 0xAA, 0xA9, 
	0x99, 0x88, 0x88, 0x88, 0x88, 0x88, 0x77, 0x88, 0x88, 0x88, 0x88, 0x88, 0x88, 0x88, 0x88, 
	0x88, 0x88, 0x99, 0x99, 0x99, 0x76, 0x55, 0x55, 0x55, 0x55, 0x55, 0x55, 0x55, 0x55, 0x55, 
	0x55, 0x55, 0x55, 0x55, 0x55, 0x55, 0x55, 0x55, 0x55, 0x55, 0x55, 0x55, 0x55, 0x55, 0x55, 
	0x55, 0x55, 0x55, 0x55, 0x55, 0x55, 0x55, 0x55, 0x55, 0x55, 0x55, 0x55, 0x55, 0x55, 0x55, 
	0x55, 0x55, 0x55, 0x55, 0x55, 0x55, 0x55, 0x55, 0x55, 0x55, 0x55, 0x55, 0x55, 0x55, 0x55, 
	0x55, 0x55, 0x55, 0x55, 0x55, 0x55, 0x55, 0x55, 0x55, 0x55, 0x55, 0x55, 0x55, 0x55, 0x55, 
	0x55, 0x55, 0x55, 0x55, 0x55, 0x55, 0x55, 0x55, 0x44, 0x43, 0x33, 0x33, 0x44, 0x55, 0x55, 
	0x43, 0x32, 0x22, 0x22, 0x22, 0x22, 0x22, 0x22, 0x22, 0x22, 0x22, 0x22, 0x22, 0x22, 0x22, 
	0x65, 0x55, 0x55, 0x55, 0x54, 0x33, 0x44, 0x55, 0x55, 0x55, 0x55, 0x55, 0x55, 0x55, 0x55, 
	0x55, 0x55, 0x55, 0x55, 0x55, 0x55, 0x55, 0x55, 0x55, 0x55, 0x55, 0x55, 0x55, 0x55, 0x55, 
	0x55, 0x55, 0x55, 0x55, 0x55, 0x55, 0x55, 0x55, 0x55, 0x55, 0x55, 0x55, 0x55, 0x55, 0x55, 
	0x55, 0x55, 0x55, 0x55, 0x55, 0x55, 0x55, 0x55, 0x55, 0x55, 0x55, 0x55, 0x55, 0x55, 0x55, 
	0x55, 0x55, 0x55, 0x55, 0x55, 0x55, 0x55, 0x55, 0x55, 0x55, 0x55, 0x55, 0x55, 0x55, 0x55, 
	0x55, 0x55, 0x55, 0x55, 0x55, 0x55, 0x55, 0x55, 0x55, 0x55, 0x55, 0x55, 0x67, 0x9A, 0xA9, 
	0x99, 0x99, 0x99, 0x99, 0x98, 0x88, 0x99, 0x98, 0x88, 0x88, 0x89, 0x99, 0x99, 0x99, 0x99, 
	0x99, 0xAA, 0xAA, 0xAA, 0xAB, 0xBB, 0xBB, 0xBC, 0xCC, 0xCC, 0xCC, 0xCC, 0xCC, 0xCC, 0xCC, 
	0xCC, 0xCC, 0xCC, 0xCC, 0xCC, 0xCC, 0xCC, 0xCB, 0xBB, 0xBB, 0xBB, 0xBB, 0xBB, 0xBB, 0xBB, 
	0xBB, 0xBB, 0xBB, 0xBB, 0xBB, 0xBB, 0xBB, 0xBB, 0xBB, 0xBB, 0xBB, 0xBB, 0xBB, 0xBB, 0xBB, 
	0xBB, 0xBB, 0xBB, 0xBB, 0xBB, 0xBC, 0xCC, 0xCC, 0xCC, 0xCD, 0xDD, 0xDD, 0xDD, 0xDD, 0xDD, 
	0xDD, 0xDD, 0xCC, 0xCC, 0xCC, 0xCC, 0xCC, 0xCC, 0xCB, 0xBB, 0xBB, 0xBB, 0xBB, 0xAA, 0xA9, 
	0x98, 0x88, 0x88, 0x88, 0x87, 0x77, 0x77, 0x77, 0x77, 0x88, 0x88, 0x88, 0x88, 0x88, 0x88, 
	0x88, 0x98, 0x99, 0x99, 0x98, 0x76, 0x55, 0x54, 0x45, 0x55, 0x55, 0x55, 0x55, 0x55, 0x55, 
	0x55, 0x55, 0x55, 0x55, 0x55, 0x55, 0x55, 0x55, 0x55, 0x55, 0x55, 0x55, 0x55, 0x55, 0x55, 
	0x55, 0x55, 0x55, 0x55, 0x55, 0x55, 0x55, 0x55, 0x55, 0x55, 0x55, 0x55, 0x55, 0x55, 0x55, 
	0x55, 0x55, 0x55, 0x55, 0x55, 0x55, 0x55, 0x55, 0x55, 0x55, 0x55, 0x55, 0x55, 0x55, 0x55, 
	0x55, 0x55, 0x55, 0x55, 0x55, 0x55, 0x55, 0x55, 0x55, 0x55, 0x55, 0x55, 0x55, 0x55, 0x55, 
	0x55, 0x55, 0x55, 0x55, 0x55, 0x55, 0x55, 0x55, 0x44, 0x43, 0x33, 0x33, 0x34, 0x45, 0x55, 
	0x43, 0x32, 0x22, 0x22, 0x22, 0x22, 0x22, 0x22, 0x22, 0x22, 0x22, 0x22, 0x22, 0x22, 0x22, 
	0x66, 0x55, 0x55, 0x55, 0x54, 0x43, 0x44, 0x55, 0x55, 0x55, 0x55, 0x55, 0x55, 0x55, 0x55, 
	0x55, 0x55, 0x55, 0x55, 0x55, 0x55, 0x55, 0x55, 0x55, 0x55, 0x55, 0x55, 0x55, 0x55, 0x55, 
	0x55, 0x55, 0x55, 0x55, 0x55, 0x55, 0x55, 0x55, 0x55, 0x55, 0x55, 0x55, 0x55, 0x55, 0x55, 
	0x55, 0x55, 0x55, 0x55, 0x55, 0x55, 0x55, 0x55, 0x55, 0x55, 0x55, 0x55, 0x55, 0x55, 0x55, 
	0x55, 0x55, 0x55, 0x55, 0x55, 0x55, 0x55, 0x55, 0x55, 0x55, 0x55, 0x55, 0x55, 0x55, 0x55, 
	0x55, 0x55, 0x55, 0x55, 0x55, 0x55, 0x55, 0x55, 0x55, 0x55, 0x55, 0x55, 0x56, 0x89, 0xA9, 
	0x99, 0x99, 0x99, 0x99, 0x98, 0x88, 0x88, 0x88, 0x88, 0x88, 0x88, 0x89, 0x99, 0x99, 0x99, 
	0x99, 0x99, 0xAA, 0xAA, 0xAA, 0xAB, 0xBB, 0xBB, 0xCC, 0xCC, 0xCC, 0xCC, 0xCC, 0xCC, 0xCC, 
	0xCC, 0xCC, 0xCC, 0xCC, 0xCC, 0xCC, 0xBB, 0xBB, 0xBB, 0xBB, 0xBB, 0xBA, 0xAA, 0xAA, 0xAA, 
	0xAA, 0xAA, 0xAB, 0xBB, 0xBB, 0xBB, 0xBB, 0xBB, 0xAA, 0xAA, 0xAB, 0xBB, 0xBB, 0xBB, 0xBA, 
	0xAA, 0xAA, 0xBB, 0xBB, 0xBB, 0xBB, 0xBC, 0xCC, 0xCC, 0xCC, 0xCC, 0xDD, 0xDD, 0xDD, 0xDD, 
	0xDD, 0xDC, 0xCC, 0xCC, 0xCC, 0xCC, 0xCC, 0xCC, 0xBB, 0xBB, 0xBB, 0xBB, 0xBB, 0xAA, 0xA9, 
	0x98, 0x88, 0x88, 0x77, 0x77, 0x77, 0x77, 0x77, 0x77, 0x77, 0x77, 0x78, 0x88, 0x88, 0x88, 
	0x88, 0x89, 0x99, 0x99, 0x88, 0x65, 0x55, 0x55, 0x55, 0x55, 0x55, 0x55, 0x55, 0x55, 0x55, 
	0x55, 0x55, 0x55, 0x55, 0x55, 0x55, 0x55, 0x55, 0x55, 0x55, 0x55, 0x55, 0x55, 0x55, 0x55, 
	0x55, 0x55, 0x55, 0x55, 0x55, 0x55, 0x55, 0x55, 0x55, 0x55, 0x55, 0x55, 0x55, 0x55, 0x55, 
	0x55, 0x55, 0x55, 0x55, 0x55, 0x55, 0x55, 0x55, 0x55, 0x55, 0x55, 0x55, 0x55, 0x55, 0x55, 
	0x55, 0x55, 0x55, 0x55, 0x55, 0x55, 0x55, 0x55, 0x55, 0x55, 0x55, 0x55, 0x55, 0x55, 0x55, 
	0x55, 0x55, 0x55, 0x55, 0x55, 0x55, 0x55, 0x55, 0x54, 0x43, 0x33, 0x33, 0x34, 0x45, 0x55, 
	0x43, 0x32, 0x22, 0x22, 0x22, 0x22, 0x22, 0x22, 0x22, 0x22, 0x22, 0x22, 0x22, 0x22, 0x22, 
	0x66, 0x55, 0x55, 0x55, 0x54, 0x43, 0x44, 0x55, 0x55, 0x55, 0x55, 0x55, 0x55, 0x55, 0x55, 
	0x55, 0x55, 0x55, 0x55, 0x55, 0x55, 0x55, 0x55, 0x55, 0x55, 0x55, 0x55, 0x55, 0x55, 0x55, 
	0x55, 0x55, 0x55, 0x55, 0x55, 0x55, 0x55, 0x55, 0x55, 0x55, 0x55, 0x55, 0x55, 0x55, 0x55, 
	0x55, 0x55, 0x55, 0x55, 0x55, 0x55, 0x55, 0x55, 0x55, 0x55, 0x55, 0x55, 0x55, 0x55, 0x55, 
	0x55, 0x55, 0x55, 0x55, 0x55, 0x55, 0x55, 0x55, 0x55, 0x55, 0x55, 0x55, 0x55, 0x55, 0x55, 
	0x55, 0x55, 0x55, 0x55, 0x55, 0x55, 0x55, 0x55, 0x55, 0x55, 0x55, 0x55, 0x56, 0x79, 0xAA, 
	0x99, 0x99, 0x99, 0x99, 0x98, 0x88, 0x88, 0x88, 0x88, 0x88, 0x88, 0x88, 0x89, 0x99, 0x99, 
	0x99, 0x99, 0x9A, 0xAA, 0xAA, 0xAB, 0xBB, 0xBB, 0xBC, 0xCC, 0xCC, 0xCC, 0xCC, 0xCC, 0xCC, 
	0xCC, 0xCC, 0xCC, 0xCC, 0xCC, 0xBB, 0xBB, 0xBB, 0xBB, 0xBB, 0xAA, 0xAA, 0xAA, 0xAA, 0xAA, 
	0xAA, 0xAA, 0xAA, 0xAA, 0xAA, 0xAA, 0xAA, 0xAA, 0xAA, 0xAA, 0xAA, 0xAA, 0xAA, 0xAA, 0xAA, 
	0xAA, 0xAA, 0xAA, 0xBB, 0xBB, 0xBB, 0xBB, 0xCC, 0xCC, 0xCC, 0xCC, 0xCC, 0xDD, 0xDD, 0xCC, 
	0xCC, 0xCC, 0xCC, 0xCC, 0xCC, 0xCC, 0xCC, 0xCB, 0xBB, 0xBB, 0xBB, 0xBB, 0xBB, 0xAA, 0xA9, 
	0x98, 0x88, 0x87, 0x77, 0x77, 0x77, 0x77, 0x77, 0x77, 0x77, 0x77, 0x77, 0x88, 0x88, 0x88, 
	0x88, 0x89, 0x99, 0x99, 0x87, 0x65, 0x55, 0x55, 0x55, 0x55, 0x55, 0x55, 0x55, 0x55, 0x55, 
	0x55, 0x55, 0x55, 0x55, 0x55, 0x55, 0x55, 0x55, 0x55, 0x55, 0x55, 0x55, 0x55, 0x55, 0x55, 
	0x55, 0x55, 0x55, 0x55, 0x55, 0x55, 0x55, 0x55, 0x55, 0x55, 0x55, 0x55, 0x55, 0x55, 0x55, 
	0x55, 0x55, 0x55, 0x55, 0x55, 0x55, 0x55, 0x55, 0x55, 0x55, 0x55, 0x55, 0x55, 0x55, 0x55, 
	0x55, 0x55, 0x55, 0x55, 0x55, 0x55, 0x55, 0x55, 0x55, 0x55, 0x55, 0x55, 0x55, 0x55, 0x55, 
	0x55, 0x55, 0x55, 0x55, 0x55, 0x55, 0x55, 0x55, 0x55, 0x43, 0x33, 0x33, 0x33, 0x45, 0x55, 
	0x43, 0x22, 0x22, 0x22, 0x22, 0x22, 0x22, 0x22, 0x22, 0x22, 0x22, 0x22, 0x22, 0x22, 0x22, 
	0x66, 0x66, 0x65, 0x55, 0x54, 0x43, 0x44, 0x55, 0x55, 0x55, 0x55, 0x55, 0x55, 0x55, 0x55, 
	0x55, 0x55, 0x55, 0x55, 0x55, 0x55, 0x55, 0x55, 0x55, 0x55, 0x55, 0x55, 0x55, 0x55, 0x55, 
	0x55, 0x55, 0x55, 0x55, 0x55, 0x55, 0x55, 0x55, 0x55, 0x55, 0x55, 0x55, 0x55, 0x55, 0x55, 
	0x55, 0x55, 0x55, 0x55, 0x55, 0x55, 0x55, 0x55, 0x55, 0x55, 0x55, 0x55, 0x55, 0x55, 0x55, 
	0x55, 0x55, 0x55, 0x55, 0x55, 0x55, 0x55, 0x55, 0x55, 0x55, 0x55, 0x55, 0x55, 0x55, 0x55, 
	0x55, 0x55, 0x55, 0x55, 0x55, 0x55, 0x55, 0x55, 0x55, 0x55, 0x55, 0x55, 0x55, 0x78, 0x9A, 
	0xA9, 0x99, 0x99, 0x99, 0x98, 0x88, 0x88, 0x88, 0x88, 0x88, 0x88, 0x88, 0x88, 0x88, 0x99, 
	0x99, 0x99, 0x99, 0xAA, 0xAA, 0xAB, 0xBB, 0xBB, 0xBB, 0xBC, 0xCC, 0xCC, 0xCC, 0xCC, 0xCC, 
	0xCC, 0xCC, 0xCC, 0xCC, 0xBB, 0xBB, 0xBB, 0xBA, 0xAA, 0xAA, 0xAA, 0xAA, 0xAA, 0xAA, 0xAA, 
	0xAA, 0xAA, 0xAA, 0xAA, 0xAA, 0xAA, 0xAA, 0xAA, 0xAA, 0xAA, 0xAA, 0xAA, 0xAA, 0xAA, 0xAA, 
	0xAA, 0xAA, 0xAA, 0xAA, 0xAB, 0xBB, 0xBB, 0xBC, 0xCC, 0xCC, 0xCC, 0xCC, 0xCC, 0xCC, 0xCC, 
	0xCC, 0xCC, 0xCC, 0xCC, 0xCC, 0xCC, 0xCB, 0xBB, 0xBB, 0xBB, 0xBB, 0xBB, 0xBB, 0xAA, 0xA9, 
	0x98, 0x77, 0x77, 0x77, 0x76, 0x66, 0x66, 0x67, 0x77, 0x77, 0x77, 0x77, 0x77, 0x88, 0x88, 
	0x88, 0x89, 0x99, 0x98, 0x76, 0x55, 0x45, 0x55, 0x55, 0x55, 0x55, 0x55, 0x55, 0x55, 0x55, 
	0x55, 0x55, 0x55, 0x55, 0x55, 0x55, 0x55, 0x55, 0x55, 0x55, 0x55, 0x55, 0x55, 0x55, 0x55, 
	0x55, 0x55, 0x55, 0x55, 0x55, 0x55, 0x55, 0x55, 0x55, 0x55, 0x55, 0x55, 0x55, 0x55, 0x55, 
	0x55, 0x55, 0x55, 0x55, 0x55, 0x55, 0x55, 0x55, 0x55, 0x55, 0x55, 0x55, 0x55, 0x55, 0x55, 
	0x55, 0x55, 0x55, 0x55, 0x55, 0x55, 0x55, 0x55, 0x55, 0x55, 0x55, 0x55, 0x55, 0x55, 0x55, 
	0x55, 0x55, 0x55, 0x55, 0x55, 0x55, 0x55, 0x55, 0x55, 0x44, 0x33, 0x33, 0x33, 0x44, 0x55, 
	0x43, 0x22, 0x22, 0x22, 0x22, 0x22, 0x22, 0x22, 0x22, 0x22, 0x22, 0x22, 0x22, 0x22, 0x22, 
	0x66, 0x66, 0x65, 0x55, 0x54, 0x43, 0x44, 0x55, 0x55, 0x55, 0x55, 0x55, 0x55, 0x55, 0x55, 
	0x55, 0x55, 0x55, 0x55, 0x55, 0x55, 0x55, 0x55, 0x55, 0x55, 0x55, 0x55, 0x55, 0x55, 0x55, 
	0x55, 0x55, 0x55, 0x55, 0x55, 0x55, 0x55, 0x55, 0x55, 0x55, 0x55, 0x55, 0x55, 0x55, 0x55, 
	0x55, 0x55, 0x55, 0x55, 0x55, 0x55, 0x55, 0x55, 0x55, 0x55, 0x55, 0x55, 0x55, 0x55, 0x55, 
	0x55, 0x55, 0x55, 0x55, 0x55, 0x55, 0x55, 0x55, 0x55, 0x55, 0x55, 0x55, 0x55, 0x55, 0x55, 
	0x55, 0x55, 0x55, 0x55, 0x55, 0x55, 0x55, 0x55, 0x55, 0x55, 0x55, 0x55, 0x55, 0x68, 0x9A, 
	0xA9, 0x99, 0x99, 0x99, 0x98, 0x88, 0x88, 0x88, 0x88, 0x88, 0x88, 0x88, 0x88, 0x88, 0x88, 
	0x98, 0x89, 0x99, 0x9A, 0xAA, 0xAB, 0xBB, 0xBB, 0xBB, 0xBB, 0xBB, 0xBC, 0xCC, 0xCC, 0xCC, 
	0xCC, 0xCC, 0xCB, 0xBB, 0xBB, 0xBB, 0xBB, 0xAA, 0xAA, 0xAA, 0xAA, 0xAA, 0xA9, 0x99, 0x9A, 
	0xAA, 0xAA, 0xAA, 0xAA, 0xAA, 0xAA, 0xAA, 0xAA, 0x99, 0x99, 0xAA, 0xAA, 0xAA, 0xAA, 0xA9, 
	0x99, 0xAA, 0xAA, 0xAA, 0xAA, 0xAB, 0xBB, 0xBB, 0xCC, 0xCC, 0xCC, 0xCC, 0xCC, 0xCC, 0xCC, 
	0xCC, 0xCC, 0xCC, 0xCC, 0xCB, 0xBB, 0xBB, 0xBB, 0xBB, 0xBB, 0xBB, 0xBB, 0xBB, 0xAA, 0xA9, 
	0x88, 0x77, 0x77, 0x66, 0x66, 0x66, 0x66, 0x66, 0x66, 0x77, 0x77, 0x77, 0x77, 0x88, 0x88, 
	0x88, 0x99, 0x99, 0x98, 0x76, 0x55, 0x45, 0x55, 0x55, 0x55, 0x55, 0x55, 0x55, 0x55, 0x55, 
	0x55, 0x55, 0x55, 0x55, 0x55, 0x55, 0x55, 0x55, 0x55, 0x55, 0x55, 0x55, 0x55, 0x55, 0x55, 
	0x55, 0x55, 0x55, 0x55, 0x55, 0x55, 0x55, 0x55, 0x55, 0x55, 0x55, 0x55, 0x55, 0x55, 0x55, 
	0x55, 0x55, 0x55, 0x55, 0x55, 0x55, 0x55, 0x55, 0x55, 0x55, 0x55, 0x55, 0x55, 0x55, 0x55, 
	0x55, 0x55, 0x55, 0x55, 0x55, 0x55, 0x55, 0x55, 0x55, 0x55, 0x55, 0x55, 0x55, 0x55, 0x55, 
	0x55, 0x55, 0x55, 0x55, 0x55, 0x55, 0x55, 0x55, 0x55, 0x44, 0x33, 0x33, 0x33, 0x44, 0x55, 
	0x43, 0x22, 0x22, 0x22, 0x22, 0x22, 0x22, 0x22, 0x22, 0x22, 0x22, 0x22, 0x22, 0x22, 0x22, 
	0x66, 0x66, 0x55, 0x55, 0x54, 0x43, 0x34, 0x55, 0x55, 0x55, 0x55, 0x55, 0x55, 0x55, 0x55, 
	0x55, 0x55, 0x55, 0x55, 0x55, 0x55, 0x55, 0x55, 0x55, 0x55, 0x55, 0x55, 0x55, 0x55, 0x55, 
	0x55, 0x55, 0x55, 0x55, 0x55, 0x55, 0x55, 0x55, 0x55, 0x55, 0x55, 0x55, 0x55, 0x55, 0x55, 
	0x55, 0x55, 0x55, 0x55, 0x55, 0x55, 0x55, 0x55, 0x55, 0x55, 0x55, 0x55, 0x55, 0x55, 0x55, 
	0x55, 0x55, 0x55, 0x55, 0x55, 0x55, 0x55, 0x55, 0x55, 0x55, 0x55, 0x55, 0x55, 0x55, 0x55, 
	0x55, 0x55, 0x55, 0x55, 0x55, 0x55, 0x55, 0x55, 0x55, 0x55, 0x55, 0x55, 0x55, 0x67, 0x9A, 
	0xA9, 0x99, 0x99, 0x99, 0x88, 0x88, 0x88, 0x88, 0x88, 0x88, 0x88, 0x88, 0x88, 0x88, 0x88, 
	0x88, 0x89, 0x99, 0x9A, 0xAA, 0xAB, 0xBB, 0xBB, 0xBB, 0xBB, 0xBB, 0xBB, 0xBB, 0xBC, 0xCC, 
	0xCC, 0xCC, 0xBB, 0xBB, 0xBB, 0xBB, 0xBA, 0xAA, 0xAA, 0xAA, 0xAA, 0x99, 0x99, 0x99, 0x99, 
	0x99, 0x99, 0x99, 0x99, 0x99, 0x99, 0x99, 0x99, 0x99, 0x99, 0x99, 0x99, 0x99, 0x99, 0x99, 
	0x99, 0x99, 0x99, 0xAA, 0xAA, 0xAA, 0xBB, 0xBB, 0xCC, 0xCC, 0xCC, 0xCC, 0xCC, 0xCC, 0xCC, 
	0xCC, 0xCC, 0xCC, 0xCC, 0xBB, 0xBB, 0xBB, 0xBB, 0xBB, 0xBB, 0xBB, 0xBB, 0xBB, 0xAA, 0xA9, 
	0x88, 0x77, 0x66, 0x66, 0x66, 0x66, 0x66, 0x66, 0x66, 0x66, 0x77, 0x77, 0x77, 0x88, 0x88, 
	0x88, 0x89, 0x99, 0x87, 0x65, 0x55, 0x55, 0x55, 0x55, 0x55, 0x55, 0x55, 0x55, 0x55, 0x55, 
	0x55, 0x55, 0x55, 0x55, 0x55, 0x55, 0x55, 0x55, 0x55, 0x55, 0x55, 0x55, 0x55, 0x55, 0x55, 
	0x55, 0x55, 0x55, 0x55, 0x55, 0x55, 0x55, 0x55, 0x55, 0x55, 0x55, 0x55, 0x55, 0x55, 0x55, 
	0x55, 0x55, 0x55, 0x55, 0x55, 0x55, 0x55, 0x55, 0x55, 0x55, 0x55, 0x55, 0x55, 0x55, 0x55, 
	0x55, 0x55, 0x55, 0x55, 0x55, 0x55, 0x55, 0x55, 0x55, 0x55, 0x55, 0x55, 0x55, 0x55, 0x55, 
	0x55, 0x55, 0x55, 0x55, 0x55, 0x55, 0x55, 0x55, 0x55, 0x54, 0x33, 0x33, 0x33, 0x34, 0x55, 
	0x43, 0x22, 0x22, 0x22, 0x22, 0x22, 0x22, 0x22, 0x22, 0x22, 0x22, 0x22, 0x22, 0x22, 0x22, 
	0x66, 0x66, 0x55, 0x55, 0x54, 0x43, 0x34, 0x55, 0x55, 0x55, 0x55, 0x55, 0x55, 0x55, 0x55, 
	0x55, 0x55, 0x55, 0x55, 0x55, 0x55, 0x55, 0x55, 0x55, 0x55, 0x55, 0x55, 0x55, 0x55, 0x55, 
	0x55, 0x55, 0x55, 0x55, 0x55, 0x55, 0x55, 0x55, 0x55, 0x55, 0x55, 0x55, 0x55, 0x55, 0x55, 
	0x55, 0x55, 0x55, 0x55, 0x55, 0x55, 0x55, 0x55, 0x55, 0x55, 0x55, 0x55, 0x55, 0x55, 0x55, 
	0x55, 0x55, 0x55, 0x55, 0x55, 0x55, 0x55, 0x55, 0x55, 0x55, 0x55, 0x55, 0x55, 0x55, 0x55, 
	0x55, 0x55, 0x55, 0x55, 0x55, 0x55, 0x55, 0x55, 0x55, 0x55, 0x55, 0x55, 0x55, 0x57, 0x89, 
	0xA9, 0x99, 0x99, 0x99, 0x88, 0x88, 0x88, 0x88, 0x88, 0x88, 0x88, 0x88, 0x88, 0x88, 0x88, 
	0x88, 0x88, 0x99, 0xAA, 0xAA, 0xAB, 0xBB, 0xBB, 0xBB, 0xBB, 0xBB, 0xBB, 0xBB, 0xBB, 0xBC, 
	0xCC, 0xCB, 0xBB, 0xBB, 0xBB, 0xBB, 0xBA, 0xAA, 0xAA, 0xA9, 0x99, 0x99, 0x99, 0x99, 0x99, 
	0x99, 0x99, 0x99, 0x99, 0x99, 0x99, 0x99, 0x99, 0x99, 0x99, 0x99, 0x99, 0x99, 0x99, 0x99, 
	0x99, 0x99, 0x99, 0x99, 0x9A, 0xAA, 0xAB, 0xBB, 0xCC, 0xCC, 0xCC, 0xCC, 0xCC, 0xCC, 0xCC, 
	0xCC, 0xCC, 0xCC, 0xCC, 0xBB, 0xBB, 0xBB, 0xBB, 0xBB, 0xBB, 0xBB, 0xBB, 0xBB, 0xAA, 0xA9, 
	0x88, 0x76, 0x66, 0x66, 0x66, 0x66, 0x66, 0x66, 0x66, 0x66, 0x66, 0x77, 0x77, 0x88, 0x88, 
	0x88, 0x89, 0x99, 0x87, 0x65, 0x55, 0x55, 0x55, 0x55, 0x55, 0x55, 0x55, 0x55, 0x55, 0x55, 
	0x55, 0x55, 0x55, 0x55, 0x55, 0x55, 0x55, 0x55, 0x55, 0x55, 0x55, 0x55, 0x55, 0x55, 0x55, 
	0x55, 0x55, 0x55, 0x55, 0x55, 0x55, 0x55, 0x55, 0x55, 0x55, 0x55, 0x55, 0x55, 0x55, 0x55, 
	0x55, 0x55, 0x55, 0x55, 0x55, 0x55, 0x55, 0x55, 0x55, 0x55, 0x55, 0x55, 0x55, 0x55, 0x55, 
	0x55, 0x55, 0x55, 0x55, 0x55, 0x55, 0x55, 0x55, 0x55, 0x55, 0x55, 0x55, 0x55, 0x55, 0x55, 
	0x55, 0x55, 0x55, 0x55, 0x55, 0x55, 0x55, 0x55, 0x55, 0x54, 0x43, 0x33, 0x33, 0x34, 0x55, 
	0x43, 0x22, 0x22, 0x22, 0x22, 0x22, 0x22, 0x22, 0x22, 0x22, 0x22, 0x22, 0x22, 0x22, 0x22, 
	0x66, 0x55, 0x55, 0x55, 0x55, 0x43, 0x34, 0x45, 0x55, 0x55, 0x55, 0x55, 0x55, 0x55, 0x55, 
	0x55, 0x55, 0x55, 0x55, 0x55, 0x55, 0x55, 0x55, 0x55, 0x55, 0x55, 0x55, 0x55, 0x55, 0x55, 
	0x55, 0x55, 0x55, 0x55, 0x55, 0x55, 0x55, 0x55, 0x55, 0x55, 0x55, 0x55, 0x55, 0x55, 0x55, 
	0x55, 0x55, 0x55, 0x55, 0x55, 0x55, 0x55, 0x55, 0x55, 0x55, 0x55, 0x55, 0x55, 0x55, 0x55, 
	0x55, 0x55, 0x55, 0x55, 0x55, 0x55, 0x55, 0x55, 0x55, 0x55, 0x55, 0x55, 0x55, 0x55, 0x55, 
	0x55, 0x55, 0x55, 0x55, 0x55, 0x55, 0x55, 0x55, 0x55, 0x55, 0x55, 0x55, 0x55, 0x56, 0x79, 
	0xA9, 0x99, 0x99, 0x98, 0x88, 0x88, 0x88, 0x88, 0x77, 0x88, 0x88, 0x88, 0x88, 0x88, 0x88, 
	0x88, 0x88, 0x99, 0xAA, 0xAA, 0xAB, 0xBB, 0xBB, 0xBB, 0xBB, 0xBB, 0xBB, 0xBB, 0xBB, 0xBB, 
	0xBB, 0xBB, 0xBB, 0xBB, 0xBB, 0xBB, 0xAA, 0xAA, 0xA9, 0x99, 0x99, 0x98, 0x88, 0x88, 0x88, 
	0x99, 0x99, 0x98, 0x88, 0x88, 0x88, 0x88, 0x88, 0x88, 0x88, 0x88, 0x88, 0x88, 0x88, 0x88, 
	0x88, 0x88, 0x88, 0x99, 0x99, 0xAA, 0xAB, 0xBB, 0xBC, 0xCC, 0xCC, 0xCC, 0xCC, 0xCC, 0xCC, 
	0xCC, 0xCC, 0xCB, 0xBB, 0xBB, 0xBB, 0xBB, 0xBB, 0xBB, 0xBB, 0xBB, 0xBA, 0xBB, 0xAA, 0xA9, 
	0x88, 0x76, 0x66, 0x66, 0x66, 0x66, 0x66, 0x66, 0x66, 0x66, 0x66, 0x77, 0x77, 0x78, 0x88, 
	0x88, 0x88, 0x98, 0x76, 0x55, 0x55, 0x55, 0x55, 0x55, 0x55, 0x55, 0x55, 0x55, 0x55, 0x55, 
	0x55, 0x55, 0x55, 0x55, 0x55, 0x55, 0x55, 0x55, 0x55, 0x55, 0x55, 0x55, 0x55, 0x55, 0x55, 
	0x55, 0x55, 0x55, 0x55, 0x55, 0x55, 0x55, 0x55, 0x55, 0x55, 0x55, 0x55, 0x55, 0x55, 0x55, 
	0x55, 0x55, 0x55, 0x55, 0x55, 0x55, 0x55, 0x55, 0x55, 0x55, 0x55, 0x55, 0x55, 0x55, 0x55, 
	0x55, 0x55, 0x55, 0x55, 0x55, 0x55, 0x55, 0x55, 0x55, 0x55, 0x55, 0x55, 0x55, 0x55, 0x55, 
	0x55, 0x55, 0x55, 0x55, 0x55, 0x55, 0x55, 0x55, 0x55, 0x54, 0x43, 0x33, 0x33, 0x34, 0x55, 
	0x43, 0x22, 0x22, 0x22, 0x22, 0x22, 0x22, 0x22, 0x22, 0x22, 0x22, 0x22, 0x22, 0x22, 0x22, 
	0x65, 0x55, 0x55, 0x55, 0x55, 0x43, 0x34, 0x45, 0x55, 0x55, 0x55, 0x55, 0x55, 0x55, 0x55, 
	0x55, 0x55, 0x55, 0x55, 0x55, 0x55, 0x55, 0x55, 0x55, 0x55, 0x55, 0x55, 0x55, 0x55, 0x55, 
	0x55, 0x55, 0x55, 0x55, 0x55, 0x55, 0x55, 0x55, 0x55, 0x55, 0x55, 0x55, 0x55, 0x55, 0x55, 
	0x55, 0x55, 0x55, 0x55, 0x55, 0x55, 0x55, 0x55, 0x55, 0x55, 0x55, 0x55, 0x55, 0x55, 0x55, 
	0x55, 0x55, 0x55, 0x55, 0x55, 0x55, 0x55, 0x55, 0x55, 0x55, 0x55, 0x55, 0x55, 0x55, 0x55, 
	0x55, 0x55, 0x55, 0x55, 0x55, 0x55, 0x55, 0x55, 0x55, 0x55, 0x55, 0x55, 0x55, 0x56, 0x79, 
	0xA9, 0x99, 0x99, 0x98, 0x88, 0x88, 0x88, 0x88, 0x77, 0x77, 0x77, 0x88, 0x88, 0x88, 0x88, 
	0x88, 0x88, 0x99, 0xAA, 0xAA, 0xAA, 0xBB, 0xBB, 0xBB, 0xBB, 0xBB, 0xBB, 0xBB, 0xBB, 0xBB, 
	0xBB, 0xBB, 0xBB, 0xBB, 0xBB, 0xBA, 0xAA, 0xAA, 0x99, 0x99, 0x98, 0x88, 0x88, 0x88, 0x88, 
	0x88, 0x88, 0x88, 0x88, 0x88, 0x88, 0x88, 0x88, 0x88, 0x88, 0x88, 0x88, 0x88, 0x88, 0x77, 
	0x77, 0x88, 0x88, 0x88, 0x89, 0x9A, 0xAB, 0xBB, 0xBC, 0xCC, 0xCC, 0xCC, 0xCC, 0xCC, 0xCC, 
	0xCC, 0xCC, 0xBB, 0xBB, 0xBB, 0xBB, 0xBB, 0xBB, 0xBB, 0xBB, 0xBB, 0xBA, 0xBB, 0xAA, 0xA9, 
	0x88, 0x76, 0x66, 0x66, 0x66, 0x66, 0x66, 0x66, 0x66, 0x66, 0x66, 0x77, 0x77, 0x78, 0x88, 
	0x88, 0x88, 0x88, 0x76, 0x55, 0x55, 0x55, 0x55, 0x55, 0x55, 0x55, 0x55, 0x55, 0x55, 0x55, 
	0x55, 0x55, 0x55, 0x55, 0x55, 0x55, 0x55, 0x55, 0x55, 0x55, 0x55, 0x55, 0x55, 0x55, 0x55, 
	0x55, 0x55, 0x55, 0x55, 0x55, 0x55, 0x55, 0x55, 0x55, 0x55, 0x55, 0x55, 0x55, 0x55, 0x55, 
	0x55, 0x55, 0x55, 0x55, 0x55, 0x55, 0x55, 0x55, 0x55, 0x55, 0x55, 0x55, 0x55, 0x55, 0x55, 
	0x55, 0x55, 0x55, 0x55, 0x55, 0x55, 0x55, 0x55, 0x55, 0x55, 0x55, 0x55, 0x55, 0x55, 0x55, 
	0x55, 0x55, 0x55, 0x55, 0x55, 0x55, 0x55, 0x55, 0x55, 0x55, 0x43, 0x33, 0x33, 0x34, 0x45, 
	0x43, 0x22, 0x22, 0x22, 0x22, 0x22, 0x22, 0x22, 0x22, 0x22, 0x22, 0x22, 0x22, 0x22, 0x22, 
	0x65, 0x55, 0x55, 0x55, 0x55, 0x43, 0x34, 0x45, 0x55, 0x55, 0x55, 0x55, 0x55, 0x55, 0x55, 
	0x55, 0x55, 0x55, 0x55, 0x55, 0x55, 0x55, 0x55, 0x55, 0x55, 0x55, 0x55, 0x55, 0x55, 0x55, 
	0x55, 0x55, 0x55, 0x55, 0x55, 0x55, 0x55, 0x55, 0x55, 0x55, 0x55, 0x55, 0x55, 0x55, 0x55, 
	0x55, 0x55, 0x55, 0x55, 0x55, 0x55, 0x55, 0x55, 0x55, 0x55, 0x55, 0x55, 0x55, 0x55, 0x55, 
	0x55, 0x55, 0x55, 0x55, 0x55, 0x55, 0x55, 0x55, 0x55, 0x55, 0x55, 0x55, 0x55, 0x55, 0x55, 
	0x55, 0x55, 0x55, 0x55, 0x55, 0x55, 0x55, 0x55, 0x55, 0x55, 0x55, 0x55, 0x55, 0x55, 0x68, 
	0x9A, 0x99, 0x99, 0x98, 0x88, 0x88, 0x88, 0x88, 0x77, 0x77, 0x77, 0x77, 0x78, 0x77, 0x88, 
	0x88, 0x88, 0x99, 0xAA, 0xAA, 0xAA, 0xBA, 0xBB, 0xBB, 0xBB, 0xBB, 0xBB, 0xBB, 0xBB, 0xBB, 
	0xBB, 0xBB, 0xBB, 0xBB, 0xBB, 0xBA, 0xAA, 0xA9, 0x99, 0x88, 0x88, 0x88, 0x77, 0x77, 0x77, 
	0x88, 0x88, 0x88, 0x88, 0x88, 0x88, 0x77, 0x88, 0x87, 0x88, 0x88, 0x88, 0x77, 0x77, 0x77, 
	0x77, 0x77, 0x78, 0x88, 0x89, 0x9A, 0xAB, 0xBB, 0xBC, 0xCC, 0xCC, 0xCC, 0xCC, 0xCC, 0xCC, 
	0xCC, 0xCB, 0xBB, 0xBB, 0xBB, 0xBB, 0xBB, 0xBB, 0xBB, 0xBB, 0xBB, 0xBA, 0xBB, 0xAA, 0xA9, 
	0x88, 0x76, 0x66, 0x66, 0x66, 0x66, 0x66, 0x66, 0x66, 0x66, 0x66, 0x77, 0x77, 0x78, 0x88, 
	0x88, 0x88, 0x87, 0x65, 0x55, 0x55, 0x55, 0x55, 0x55, 0x55, 0x55, 0x55, 0x55, 0x55, 0x55, 
	0x55, 0x55, 0x55, 0x55, 0x55, 0x55, 0x55, 0x55, 0x55, 0x55, 0x55, 0x55, 0x55, 0x55, 0x55, 
	0x55, 0x55, 0x55, 0x55, 0x55, 0x55, 0x55, 0x55, 0x55, 0x55, 0x55, 0x55, 0x55, 0x55, 0x55, 
	0x55, 0x55, 0x55, 0x55, 0x55, 0x55, 0x55, 0x55, 0x55, 0x55, 0x55, 0x55, 0x55, 0x55, 0x55, 
	0x55, 0x55, 0x55, 0x55, 0x55, 0x55, 0x55, 0x55, 0x55, 0x55, 0x55, 0x55, 0x55, 0x55, 0x55, 
	0x55, 0x55, 0x55, 0x55, 0x55, 0x55, 0x55, 0x55, 0x55, 0x55, 0x43, 0x33, 0x33, 0x33, 0x45, 
	0x43, 0x22, 0x22, 0x22, 0x22, 0x22, 0x22, 0x22, 0x22, 0x22, 0x22, 0x22, 0x22, 0x22, 0x22, 
	0x55, 0x55, 0x55, 0x55, 0x55, 0x43, 0x33, 0x45, 0x55, 0x55, 0x55, 0x55, 0x55, 0x55, 0x55, 
	0x55, 0x55, 0x55, 0x55, 0x55, 0x55, 0x55, 0x55, 0x55, 0x55, 0x55, 0x55, 0x55, 0x55, 0x55, 
	0x55, 0x55, 0x55, 0x55, 0x55, 0x55, 0x55, 0x55, 0x55, 0x55, 0x55, 0x55, 0x55, 0x55, 0x55, 
	0x55, 0x55, 0x55, 0x55, 0x55, 0x55, 0x55, 0x55, 0x55, 0x55, 0x55, 0x55, 0x55, 0x55, 0x55, 
	0x55, 0x55, 0x55, 0x55, 0x55, 0x55, 0x55, 0x55, 0x55, 0x55, 0x55, 0x55, 0x55, 0x55, 0x55, 
	0x55, 0x55, 0x55, 0x55, 0x55, 0x55, 0x55, 0x55, 0x55, 0x55, 0x55, 0x55, 0x55, 0x55, 0x67, 
	0x9A, 0xA9, 0x99, 0x98, 0x88, 0x88, 0x88, 0x88, 0x77, 0x77, 0x77, 0x77, 0x77, 0x77, 0x78, 
	0x88, 0x88, 0x99, 0xAA, 0xAA, 0xAB, 0xBA, 0xAB, 0xBB, 0xBB, 0xBB, 0xBB, 0xBB, 0xBB, 0xBB, 
	0xBB, 0xBB, 0xBB, 0xBB, 0xBB, 0xAA, 0xAA, 0xA9, 0x98, 0x88, 0x87, 0x77, 0x77, 0x67, 0x77, 
	0x77, 0x78, 0x88, 0x88, 0x87, 0x77, 0x77, 0x77, 0x77, 0x77, 0x77, 0x77, 0x76, 0x66, 0x66, 
	0x66, 0x66, 0x77, 0x78, 0x89, 0x9A, 0xAB, 0xBB, 0xBB, 0xCC, 0xCC, 0xCC, 0xCC, 0xBB, 0xBB, 
	0xBB, 0xBB, 0xBB, 0xBB, 0xBB, 0xBB, 0xBB, 0xBB, 0xBB, 0xBB, 0xBB, 0xBA, 0xBB, 0xAA, 0xA9, 
	0x88, 0x76, 0x66, 0x66, 0x66, 0x66, 0x66, 0x66, 0x66, 0x66, 0x66, 0x77, 0x77, 0x78, 0x88, 
	0x88, 0x88, 0x87, 0x65, 0x55, 0x55, 0x55, 0x55, 0x55, 0x55, 0x55, 0x55, 0x55, 0x55, 0x55, 
	0x55, 0x55, 0x55, 0x55, 0x55, 0x55, 0x55, 0x55, 0x55, 0x55, 0x55, 0x55, 0x55, 0x55, 0x55, 
	0x55, 0x55, 0x55, 0x55, 0x55, 0x55, 0x55, 0x55, 0x55, 0x55, 0x55, 0x55, 0x55, 0x55, 0x55, 
	0x55, 0x55, 0x55, 0x55, 0x55, 0x55, 0x55, 0x55, 0x55, 0x55, 0x55, 0x55, 0x55, 0x55, 0x55, 
	0x55, 0x55, 0x55, 0x55, 0x55, 0x55, 0x55, 0x55, 0x55, 0x55, 0x55, 0x55, 0x55, 0x55, 0x55, 
	0x55, 0x55, 0x55, 0x55, 0x55, 0x55, 0x55, 0x55, 0x55, 0x55, 0x44, 0x33, 0x33, 0x33, 0x45, 
	0x43, 0x22, 0x22, 0x22, 0x22, 0x22, 0x22, 0x22, 0x22, 0x22, 0x22, 0x22, 0x22, 0x22, 0x22, 
	0x55, 0x55, 0x55, 0x55, 0x55, 0x44, 0x33, 0x45, 0x55, 0x55, 0x55, 0x55, 0x55, 0x55, 0x55, 
	0x55, 0x55, 0x55, 0x55, 0x55, 0x55, 0x55, 0x55, 0x55, 0x55, 0x55, 0x55, 0x55, 0x55, 0x55, 
	0x55, 0x55, 0x55, 0x55, 0x55, 0x55, 0x55, 0x55, 0x55, 0x55, 0x55, 0x55, 0x55, 0x55, 0x55, 
	0x55, 0x55, 0x55, 0x55, 0x55, 0x55, 0x55, 0x55, 0x55, 0x55, 0x55, 0x55, 0x55, 0x55, 0x55, 
	0x55, 0x55, 0x55, 0x55, 0x55, 0x55, 0x55, 0x55, 0x55, 0x55, 0x55, 0x55, 0x55, 0x55, 0x55, 
	0x55, 0x55, 0x55, 0x55, 0x55, 0x55, 0x55, 0x55, 0x55, 0x55, 0x55, 0x55, 0x55, 0x45, 0x57, 
	0x89, 0xA9, 0x99, 0x98, 0x88, 0x88, 0x88, 0x88, 0x77, 0x77, 0x77, 0x77, 0x77, 0x77, 0x77, 
	0x78, 0x88, 0x9A, 0xAA, 0xAA, 0xAB, 0xBA, 0xAA, 0xBB, 0xBB, 0xBB, 0xBB, 0xBB, 0xBB, 0xBB, 
	0xBB, 0xBB, 0xBB, 0xBB, 0xBB, 0xAA, 0xAA, 0x99, 0x98, 0x88, 0x77, 0x77, 0x66, 0x55, 0x56, 
	0x66, 0x77, 0x78, 0x87, 0x77, 0x77, 0x77, 0x77, 0x77, 0x77, 0x77, 0x76, 0x65, 0x55, 0x55, 
	0x55, 0x56, 0x67, 0x78, 0x89, 0x9A, 0xAB, 0xBB, 0xBB, 0xBC, 0xBB, 0xBB, 0xBB, 0xBB, 0xBB, 
	0xBB, 0xBB, 0xBB, 0xBB, 0xBB, 0xBB, 0xBB, 0xBB, 0xBB, 0xBB, 0xBB, 0xBA, 0xBB, 0xAA, 0xA9, 
	0x88, 0x76, 0x66, 0x66, 0x66, 0x66, 0x66, 0x66, 0x66, 0x66, 0x67, 0x77, 0x77, 0x78, 0x88, 
	0x88, 0x88, 0x76, 0x55, 0x55, 0x55, 0x55, 0x55, 0x55, 0x55, 0x55, 0x55, 0x55, 0x55, 0x55, 
	0x55, 0x55, 0x55, 0x55, 0x55, 0x55, 0x55, 0x55, 0x55, 0x55, 0x55, 0x55, 0x55, 0x55, 0x55, 
	0x55, 0x55, 0x55, 0x55, 0x55, 0x55, 0x55, 0x55, 0x55, 0x55, 0x55, 0x55, 0x55, 0x55, 0x55, 
	0x55, 0x55, 0x55, 0x55, 0x55, 0x55, 0x55, 0x55, 0x55, 0x55, 0x55, 0x55, 0x55, 0x55, 0x55, 
	0x55, 0x55, 0x55, 0x55, 0x55, 0x55, 0x55, 0x55, 0x55, 0x55, 0x55, 0x55, 0x55, 0x55, 0x55, 
	0x55, 0x55, 0x55, 0x55, 0x55, 0x55, 0x55, 0x55, 0x55, 0x55, 0x44, 0x33, 0x33, 0x33, 0x44, 
	0x43, 0x22, 0x22, 0x22, 0x22, 0x22, 0x22, 0x22, 0x22, 0x22, 0x22, 0x22, 0x22, 0x22, 0x22, 
	0x55, 0x55, 0x55, 0x55, 0x55, 0x44, 0x33, 0x44, 0x55, 0x55, 0x55, 0x55, 0x55, 0x55, 0x55, 
	0x55, 0x55, 0x55, 0x55, 0x55, 0x55, 0x55, 0x55, 0x55, 0x55, 0x55, 0x55, 0x55, 0x55, 0x55, 
	0x55, 0x55, 0x55, 0x55, 0x55, 0x55, 0x55, 0x55, 0x55, 0x55, 0x55, 0x55, 0x55, 0x55, 0x55, 
	0x55, 0x55, 0x55, 0x55, 0x55, 0x55, 0x55, 0x55, 0x55, 0x55, 0x55, 0x55, 0x55, 0x55, 0x55, 
	0x55, 0x55, 0x55, 0x55, 0x55, 0x55, 0x55, 0x55, 0x55, 0x55, 0x55, 0x55, 0x55, 0x55, 0x55, 
	0x55, 0x55, 0x55, 0x55, 0x55, 0x55, 0x55, 0x55, 0x55, 0x55, 0x55, 0x55, 0x55, 0x55, 0x56, 
	0x79, 0x99, 0x99, 0x98, 0x88, 0x88, 0x88, 0x88, 0x77, 0x77, 0x77, 0x77, 0x77, 0x77, 0x77, 
	0x78, 0x88, 0x9A, 0xAA, 0xAA, 0xAB, 0xBB, 0xAA, 0xAA, 0xAB, 0xBB, 0xBB, 0xBB, 0xBB, 0xBB, 
	0xBB, 0xBB, 0xBB, 0xAA, 0xAA, 0xAA, 0xAA, 0x99, 0x98, 0x88, 0x77, 0x66, 0x55, 0x55, 0x55, 
	0x55, 0x67, 0x77, 0x77, 0x77, 0x77, 0x77, 0x77, 0x77, 0x77, 0x77, 0x66, 0x55, 0x54, 0x44, 
	0x45, 0x56, 0x67, 0x78, 0x89, 0x9A, 0xAB, 0xBB, 0xBB, 0xBB, 0xBB, 0xBB, 0xBB, 0xBB, 0xBB, 
	0xBB, 0xBB, 0xBB, 0xBB, 0xBB, 0xBB, 0xBB, 0xBB, 0xBB, 0xBB, 0xBB, 0xBA, 0xBA, 0xAA, 0xA9, 
	0x88, 0x76, 0x66, 0x66, 0x66, 0x66, 0x66, 0x66, 0x66, 0x67, 0x77, 0x77, 0x77, 0x78, 0x88, 
	0x88, 0x88, 0x76, 0x55, 0x55, 0x55, 0x55, 0x55, 0x55, 0x55, 0x55, 0x55, 0x55, 0x55, 0x55, 
	0x55, 0x55, 0x55, 0x55, 0x55, 0x55, 0x55, 0x55, 0x55, 0x55, 0x55, 0x55, 0x55, 0x55, 0x55, 
	0x55, 0x55, 0x55, 0x55, 0x55, 0x55, 0x55, 0x55, 0x55, 0x55, 0x55, 0x55, 0x55, 0x55, 0x55, 
	0x55, 0x55, 0x55, 0x55, 0x55, 0x55, 0x55, 0x55, 0x55, 0x55, 0x55, 0x55, 0x55, 0x55, 0x55, 
	0x55, 0x55, 0x55, 0x55, 0x55, 0x55, 0x55, 0x55, 0x55, 0x55, 0x55, 0x55, 0x55, 0x55, 0x55, 
	0x55, 0x55, 0x55, 0x55, 0x55, 0x55, 0x55, 0x55, 0x55, 0x55, 0x44, 0x33, 0x33, 0x33, 0x44, 
	0x43, 0x22, 0x22, 0x22, 0x22, 0x22, 0x22, 0x22, 0x22, 0x22, 0x22, 0x22, 0x22, 0x22, 0x22, 
	0x55, 0x55, 0x55, 0x55, 0x55, 0x44, 0x33, 0x44, 0x55, 0x55, 0x55, 0x55, 0x55, 0x55, 0x55, 
	0x55, 0x55, 0x55, 0x55, 0x55, 0x55, 0x55, 0x55, 0x55, 0x55, 0x55, 0x55, 0x55, 0x55, 0x55, 
	0x55, 0x55, 0x55, 0x55, 0x55, 0x55, 0x55, 0x55, 0x55, 0x55, 0x55, 0x55, 0x55, 0x55, 0x55, 
	0x55, 0x55, 0x55, 0x55, 0x55, 0x55, 0x55, 0x55, 0x55, 0x55, 0x55, 0x55, 0x55, 0x55, 0x55, 
	0x55, 0x55, 0x55, 0x55, 0x55, 0x55, 0x55, 0x55, 0x55, 0x55, 0x55, 0x55, 0x55, 0x55, 0x55, 
	0x55, 0x55, 0x55, 0x55, 0x55, 0x55, 0x55, 0x55, 0x55, 0x55, 0x55, 0x55, 0x55, 0x55, 0x55, 
	0x78, 0x99, 0x99, 0x98, 0x88, 0x88, 0x88, 0x88, 0x77, 0x77, 0x77, 0x77, 0x77, 0x77, 0x77, 
	0x78, 0x89, 0x9A, 0xAA, 0xAA, 0xAB, 0xBB, 0xBB, 0xBB, 0xBB, 0xBB, 0xBB, 0xBB, 0xBB, 0xBB, 
	0xBB, 0xAA, 0xAA, 0xAA, 0xAA, 0xAA, 0xAA, 0x99, 0x98, 0x88, 0x77, 0x66, 0x55, 0x44, 0x44, 
	0x45, 0x56, 0x77, 0x77, 0x77, 0x66, 0x66, 0x66, 0x66, 0x76, 0x66, 0x65, 0x54, 0x44, 0x44, 
	0x45, 0x56, 0x77, 0x78, 0x99, 0xAA, 0xAB, 0xBB, 0xBB, 0xBB, 0xBB, 0xBB, 0xBB, 0xBB, 0xBB, 
	0xBB, 0xBB, 0xBB, 0xBB, 0xBB, 0xBB, 0xBB, 0xBB, 0xBB, 0xBB, 0xBB, 0xBA, 0xBA, 0xAA, 0xA9, 
	0x88, 0x76, 0x66, 0x66, 0x66, 0x66, 0x66, 0x66, 0x66, 0x77, 0x77, 0x77, 0x77, 0x88, 0x88, 
	0x88, 0x87, 0x65, 0x55, 0x55, 0x55, 0x55, 0x55, 0x55, 0x55, 0x55, 0x55, 0x55, 0x55, 0x55, 
	0x55, 0x55, 0x55, 0x55, 0x55, 0x55, 0x55, 0x55, 0x55, 0x55, 0x55, 0x55, 0x55, 0x55, 0x55, 
	0x55, 0x55, 0x55, 0x55, 0x55, 0x55, 0x55, 0x55, 0x55, 0x55, 0x55, 0x55, 0x55, 0x55, 0x55, 
	0x55, 0x55, 0x55, 0x55, 0x55, 0x55, 0x55, 0x55, 0x55, 0x55, 0x55, 0x55, 0x55, 0x55, 0x55, 
	0x55, 0x55, 0x55, 0x55, 0x55, 0x55, 0x55, 0x55, 0x55, 0x55, 0x55, 0x55, 0x55, 0x55, 0x55, 
	0x55, 0x55, 0x55, 0x55, 0x55, 0x55, 0x55, 0x55, 0x55, 0x55, 0x44, 0x33, 0x33, 0x33, 0x44, 
	0x43, 0x22, 0x22, 0x22, 0x22, 0x22, 0x22, 0x22, 0x22, 0x22, 0x22, 0x22, 0x22, 0x22, 0x22, 
	0x55, 0x55, 0x55, 0x55, 0x55, 0x44, 0x33, 0x34, 0x55, 0x55, 0x55, 0x55, 0x55, 0x55, 0x55, 
	0x55, 0x55, 0x55, 0x55, 0x55, 0x55, 0x55, 0x55, 0x55, 0x55, 0x55, 0x55, 0x55, 0x55, 0x55, 
	0x55, 0x55, 0x55, 0x55, 0x55, 0x55, 0x55, 0x55, 0x55, 0x55, 0x55, 0x55, 0x55, 0x55, 0x55, 
	0x55, 0x55, 0x55, 0x55, 0x55, 0x55, 0x55, 0x55, 0x55, 0x55, 0x55, 0x55, 0x55, 0x55, 0x55, 
	0x55, 0x55, 0x55, 0x55, 0x55, 0x55, 0x55, 0x55, 0x55, 0x55, 0x55, 0x55, 0x55, 0x55, 0x55, 
	0x55, 0x55, 0x55, 0x55, 0x55, 0x55, 0x55, 0x55, 0x55, 0x55, 0x55, 0x55, 0x55, 0x55, 0x55, 
	0x68, 0x99, 0x99, 0x98, 0x88, 0x88, 0x88, 0x88, 0x77, 0x77, 0x77, 0x77, 0x77, 0x77, 0x77, 
	0x78, 0x89, 0x9A, 0xAA, 0xAA, 0xAB, 0xBB, 0xBB, 0xBB, 0xBB, 0xBB, 0xBB, 0xBB, 0xBB, 0xBA, 
	0xAA, 0xAA, 0xAA, 0xAA, 0xAA, 0xAA, 0xAA, 0x99, 0x99, 0x88, 0x77, 0x66, 0x54, 0x44, 0x44, 
	0x44, 0x55, 0x67, 0x77, 0x76, 0x66, 0x66, 0x66, 0x66, 0x66, 0x66, 0x55, 0x44, 0x44, 0x44, 
	0x45, 0x56, 0x77, 0x88, 0x99, 0xAA, 0xBB, 0xBB, 0xBB, 0xBB, 0xBB, 0xBB, 0xBB, 0xBB, 0xBB, 
	0xBB, 0xBB, 0xBB, 0xAB, 0xBB, 0xBB, 0xBB, 0xBB, 0xBB, 0xBB, 0xBB, 0xBA, 0xAA, 0xAA, 0xA9, 
	0x88, 0x76, 0x66, 0x66, 0x66, 0x66, 0x66, 0x66, 0x77, 0x77, 0x77, 0x77, 0x77, 0x88, 0x88, 
	0x88, 0x77, 0x65, 0x55, 0x55, 0x55, 0x55, 0x55, 0x55, 0x55, 0x55, 0x55, 0x55, 0x55, 0x55, 
	0x55, 0x55, 0x55, 0x55, 0x55, 0x55, 0x55, 0x55, 0x55, 0x55, 0x55, 0x55, 0x55, 0x55, 0x55, 
	0x55, 0x55, 0x55, 0x55, 0x55, 0x55, 0x55, 0x55, 0x55, 0x55, 0x55, 0x55, 0x55, 0x55, 0x55, 
	0x55, 0x55, 0x55, 0x55, 0x55, 0x55, 0x55, 0x55, 0x55, 0x55, 0x55, 0x55, 0x55, 0x55, 0x55, 
	0x55, 0x55, 0x55, 0x55, 0x55, 0x55, 0x55, 0x55, 0x55, 0x55, 0x55, 0x55, 0x55, 0x55, 0x55, 
	0x55, 0x55, 0x55, 0x55, 0x55, 0x55, 0x55, 0x55, 0x55, 0x55, 0x44, 0x33, 0x33, 0x33, 0x44, 
	0x42, 0x22, 0x22, 0x22, 0x22, 0x22, 0x22, 0x22, 0x22, 0x22, 0x22, 0x22, 0x22, 0x22, 0x22, 
	0x55, 0x55, 0x55, 0x55, 0x55, 0x54, 0x43, 0x34, 0x45, 0x55, 0x55, 0x55, 0x55, 0x55, 0x55, 
	0x55, 0x55, 0x55, 0x55, 0x55, 0x55, 0x55, 0x55, 0x55, 0x55, 0x55, 0x55, 0x55, 0x55, 0x55, 
	0x55, 0x55, 0x55, 0x55, 0x55, 0x55, 0x55, 0x55, 0x55, 0x55, 0x55, 0x55, 0x55, 0x55, 0x55, 
	0x55, 0x55, 0x55, 0x55, 0x55, 0x55, 0x55, 0x55, 0x55, 0x55, 0x55, 0x55, 0x55, 0x55, 0x55, 
	0x55, 0x55, 0x55, 0x55, 0x55, 0x55, 0x55, 0x55, 0x55, 0x55, 0x55, 0x55, 0x55, 0x55, 0x55, 
	0x55, 0x55, 0x55, 0x55, 0x55, 0x55, 0x55, 0x55, 0x55, 0x55, 0x55, 0x55, 0x55, 0x55, 0x55, 
	0x67, 0x89, 0x99, 0x99, 0x88, 0x88, 0x88, 0x88, 0x77, 0x77, 0x77, 0x77, 0x77, 0x77, 0x77, 
	0x78, 0x89, 0x9A, 0xAA, 0xAA, 0xAB, 0xBB, 0xBB, 0xBB, 0xBB, 0xBB, 0xBB, 0xBB, 0xBA, 0xAA, 
	0xAA, 0xAA, 0xAA, 0xAA, 0xAA, 0xA9, 0x9A, 0x99, 0x99, 0x88, 0x77, 0x76, 0x55, 0x44, 0x44, 
	0x44, 0x45, 0x66, 0x77, 0x66, 0x66, 0x66, 0x66, 0x66, 0x66, 0x65, 0x54, 0x44, 0x44, 0x45, 
	0x55, 0x66, 0x78, 0x89, 0x9A, 0xAA, 0xBB, 0xBB, 0xBB, 0xBB, 0xBB, 0xBB, 0xBB, 0xBA, 0xAA, 
	0xAB, 0xBB, 0xBB, 0xBB, 0xBB, 0xBB, 0xBB, 0xBB, 0xBB, 0xBB, 0xBB, 0xBA, 0xAA, 0xAA, 0xA9, 
	0x88, 0x77, 0x66, 0x66, 0x66, 0x66, 0x66, 0x76, 0x77, 0x77, 0x77, 0x77, 0x77, 0x88, 0x88, 
	0x88, 0x76, 0x55, 0x55, 0x55, 0x55, 0x55, 0x55, 0x55, 0x55, 0x55, 0x55, 0x55, 0x55, 0x55, 
	0x55, 0x55, 0x55, 0x55, 0x55, 0x55, 0x55, 0x55, 0x55, 0x55, 0x55, 0x55, 0x55, 0x55, 0x55, 
	0x55, 0x55, 0x55, 0x55, 0x55, 0x55, 0x55, 0x55, 0x55, 0x55, 0x55, 0x55, 0x55, 0x55, 0x55, 
	0x55, 0x55, 0x55, 0x55, 0x55, 0x55, 0x55, 0x55, 0x55, 0x55, 0x55, 0x55, 0x55, 0x55, 0x55, 
	0x55, 0x55, 0x55, 0x55, 0x55, 0x55, 0x55, 0x55, 0x55, 0x55, 0x55, 0x55, 0x55, 0x55, 0x55, 
	0x55, 0x55, 0x55, 0x55, 0x55, 0x55, 0x55, 0x55, 0x55, 0x55, 0x44, 0x33, 0x33, 0x33, 0x44, 
	0x32, 0x22, 0x22, 0x22, 0x22, 0x22, 0x22, 0x22, 0x22, 0x22, 0x22, 0x22, 0x22, 0x22, 0x22, 
	0x55, 0x55, 0x55, 0x55, 0x55, 0x54, 0x43, 0x34, 0x45, 0x55, 0x55, 0x55, 0x55, 0x55, 0x55, 
	0x55, 0x55, 0x55, 0x55, 0x55, 0x55, 0x55, 0x55, 0x55, 0x55, 0x55, 0x55, 0x55, 0x55, 0x55, 
	0x55, 0x55, 0x55, 0x55, 0x55, 0x55, 0x55, 0x55, 0x55, 0x55, 0x55, 0x55, 0x55, 0x55, 0x55, 
	0x55, 0x55, 0x55, 0x55, 0x55, 0x55, 0x55, 0x55, 0x55, 0x55, 0x55, 0x55, 0x55, 0x55, 0x55, 
	0x55, 0x55, 0x55, 0x55, 0x55, 0x55, 0x55, 0x55, 0x55, 0x55, 0x55, 0x55, 0x55, 0x55, 0x55, 
	0x55, 0x55, 0x55, 0x55, 0x55, 0x55, 0x55, 0x55, 0x55, 0x55, 0x55, 0x55, 0x55, 0x55, 0x55, 
	0x56, 0x89, 0x99, 0x99, 0x88, 0x88, 0x88, 0x88, 0x77, 0x77, 0x77, 0x77, 0x77, 0x77, 0x77, 
	0x88, 0x89, 0x9A, 0xAA, 0xAA, 0xAB, 0xBB, 0xBB, 0xBB, 0xBB, 0xBB, 0xBB, 0xBB, 0xBA, 0xAA, 
	0xAA, 0xAA, 0xAA, 0xAA, 0xAA, 0xA9, 0x99, 0x99, 0x99, 0x88, 0x87, 0x76, 0x65, 0x44, 0x44, 
	0x44, 0x45, 0x56, 0x77, 0x66, 0x66, 0x55, 0x66, 0x66, 0x66, 0x66, 0x54, 0x44, 0x55, 0x55, 
	0x66, 0x67, 0x78, 0x99, 0xAA, 0xAA, 0xAB, 0xBB, 0xBB, 0xBA, 0xAA, 0xAA, 0xAA, 0xAA, 0xAA, 
	0xAB, 0xBB, 0xBB, 0xBB, 0xBB, 0xBB, 0xBB, 0xBB, 0xBB, 0xBB, 0xBB, 0xBA, 0xAA, 0xAA, 0xA9, 
	0x98, 0x77, 0x66, 0x66, 0x66, 0x66, 0x77, 0x77, 0x77, 0x77, 0x77, 0x77, 0x77, 0x88, 0x88, 
	0x88, 0x76, 0x55, 0x55, 0x55, 0x55, 0x55, 0x55, 0x55, 0x55, 0x55, 0x55, 0x55, 0x55, 0x55, 
	0x55, 0x55, 0x55, 0x55, 0x55, 0x55, 0x55, 0x55, 0x55, 0x55, 0x55, 0x55, 0x55, 0x55, 0x55, 
	0x55, 0x55, 0x55, 0x55, 0x55, 0x55, 0x55, 0x55, 0x55, 0x55, 0x55, 0x55, 0x55, 0x55, 0x55, 
	0x55, 0x55, 0x55, 0x55, 0x55, 0x55, 0x55, 0x55, 0x55, 0x55, 0x55, 0x55, 0x55, 0x55, 0x55, 
	0x55, 0x55, 0x55, 0x55, 0x55, 0x55, 0x55, 0x55, 0x55, 0x55, 0x55, 0x55, 0x55, 0x55, 0x55, 
	0x55, 0x55, 0x55, 0x55, 0x55, 0x55, 0x55, 0x55, 0x55, 0x55, 0x44, 0x33, 0x33, 0x33, 0x44, 
	0x32, 0x22, 0x22, 0x22, 0x22, 0x22, 0x22, 0x22, 0x22, 0x22, 0x22, 0x22, 0x22, 0x22, 0x22, 
	0x55, 0x55, 0x55, 0x55, 0x55, 0x54, 0x43, 0x33, 0x45, 0x55, 0x55, 0x55, 0x55, 0x55, 0x55, 
	0x55, 0x55, 0x55, 0x55, 0x55, 0x55, 0x55, 0x55, 0x55, 0x55, 0x55, 0x55, 0x55, 0x55, 0x55, 
	0x55, 0x55, 0x55, 0x55, 0x55, 0x55, 0x55, 0x55, 0x55, 0x55, 0x55, 0x55, 0x55, 0x55, 0x55, 
	0x55, 0x55, 0x55, 0x55, 0x55, 0x55, 0x55, 0x55, 0x55, 0x55, 0x55, 0x55, 0x55, 0x55, 0x55, 
	0x55, 0x55, 0x55, 0x55, 0x55, 0x55, 0x55, 0x55, 0x55, 0x55, 0x55, 0x55, 0x55, 0x55, 0x55, 
	0x55, 0x55, 0x55, 0x55, 0x55, 0x55, 0x55, 0x55, 0x55, 0x55, 0x55, 0x55, 0x55, 0x55, 0x55, 
	0x56, 0x78, 0x99, 0x98, 0x88, 0x88, 0x88, 0x88, 0x77, 0x77, 0x77, 0x77, 0x77, 0x77, 0x77, 
	0x88, 0x89, 0x9A, 0xAA, 0xBA, 0xAB, 0xBB, 0xBB, 0xBB, 0xBB, 0xBB, 0xBA, 0xAA, 0xAA, 0xAA, 
	0xAA, 0xAA, 0xAA, 0xAA, 0xAA, 0xA9, 0x99, 0x99, 0x99, 0x98, 0x88, 0x77, 0x66, 0x55, 0x54, 
	0x44, 0x44, 0x56, 0x66, 0x66, 0x65, 0x55, 0x55, 0x66, 0x66, 0x66, 0x55, 0x44, 0x55, 0x56, 
	0x67, 0x77, 0x88, 0x9A, 0xAA, 0xAA, 0xAA, 0xBB, 0xBA, 0xAA, 0xAA, 0xAA, 0xAA, 0xAA, 0xAA, 
	0xAA, 0xAA, 0xBB, 0xBB, 0xAA, 0xBB, 0xAA, 0xBB, 0xBB, 0xBA, 0xAA, 0xAA, 0xAA, 0xAA, 0xA9, 
	0x98, 0x77, 0x76, 0x66, 0x66, 0x67, 0x77, 0x77, 0x77, 0x77, 0x77, 0x77, 0x77, 0x88, 0x88, 
	0x87, 0x65, 0x55, 0x55, 0x55, 0x55, 0x55, 0x55, 0x55, 0x55, 0x55, 0x55, 0x55, 0x55, 0x55, 
	0x55, 0x55, 0x55, 0x55, 0x55, 0x55, 0x55, 0x55, 0x55, 0x55, 0x55, 0x55, 0x55, 0x55, 0x55, 
	0x55, 0x55, 0x55, 0x55, 0x55, 0x55, 0x55, 0x55, 0x55, 0x55, 0x55, 0x55, 0x55, 0x55, 0x55, 
	0x55, 0x55, 0x55, 0x55, 0x55, 0x55, 0x55, 0x55, 0x55, 0x55, 0x55, 0x55, 0x55, 0x55, 0x55, 
	0x55, 0x55, 0x55, 0x55, 0x55, 0x55, 0x55, 0x55, 0x55, 0x55, 0x55, 0x55, 0x55, 0x55, 0x55, 
	0x55, 0x55, 0x55, 0x55, 0x55, 0x55, 0x55, 0x55, 0x55, 0x55, 0x44, 0x33, 0x33, 0x33, 0x44, 
	0x32, 0x22, 0x22, 0x22, 0x22, 0x22, 0x22, 0x22, 0x22, 0x22, 0x22, 0x22, 0x22, 0x22, 0x22, 
	0x55, 0x55, 0x55, 0x55, 0x55, 0x55, 0x43, 0x33, 0x44, 0x55, 0x55, 0x55, 0x55, 0x55, 0x55, 
	0x55, 0x55, 0x55, 0x55, 0x55, 0x55, 0x55, 0x55, 0x55, 0x55, 0x55, 0x55, 0x55, 0x55, 0x55, 
	0x55, 0x55, 0x55, 0x55, 0x55, 0x55, 0x55, 0x55, 0x55, 0x55, 0x55, 0x55, 0x55, 0x55, 0x55, 
	0x55, 0x55, 0x55, 0x55, 0x55, 0x55, 0x55, 0x55, 0x55, 0x55, 0x55, 0x55, 0x55, 0x55, 0x55, 
	0x55, 0x55, 0x55, 0x55, 0x55, 0x55, 0x55, 0x55, 0x55, 0x55, 0x55, 0x55, 0x55, 0x55, 0x55, 
	0x55, 0x55, 0x55, 0x55, 0x55, 0x55, 0x55, 0x55, 0x55, 0x55, 0x55, 0x55, 0x55, 0x55, 0x55, 
	0x56, 0x78, 0x99, 0x98, 0x88, 0x88, 0x88, 0x88, 0x87, 0x77, 0x77, 0x77, 0x77, 0x77, 0x77, 
	0x88, 0x89, 0x9A, 0xAA, 0xBA, 0xAB, 0xBB, 0xBB, 0xBB, 0xBB, 0xBA, 0xAA, 0xAA, 0xAA, 0xAA, 
	0xAA, 0xAA, 0xAA, 0xAA, 0xAA, 0x99, 0x99, 0x99, 0x99, 0x98, 0x88, 0x77, 0x76, 0x66, 0x55, 
	0x44, 0x44, 0x56, 0x66, 0x66, 0x55, 0x55, 0x55, 0x56, 0x66, 0x66, 0x55, 0x55, 0x56, 0x66, 
	0x77, 0x88, 0x89, 0x9A, 0xAA, 0xAA, 0xAA, 0xAA, 0xAA, 0xAA, 0xAA, 0xAA, 0xAA, 0xAA, 0xAA, 
	0xAA, 0xAA, 0xAA, 0xAA, 0xAA, 0xAA, 0xAA, 0xAA, 0xBB, 0xAA, 0xAA, 0xAA, 0xAA, 0xAA, 0xA9, 
	0x98, 0x77, 0x77, 0x66, 0x66, 0x77, 0x77, 0x77, 0x77, 0x77, 0x77, 0x77, 0x87, 0x88, 0x88, 
	0x76, 0x65, 0x55, 0x55, 0x55, 0x55, 0x55, 0x55, 0x55, 0x55, 0x55, 0x55, 0x55, 0x55, 0x55, 
	0x55, 0x55, 0x55, 0x55, 0x55, 0x55, 0x55, 0x55, 0x55, 0x55, 0x55, 0x55, 0x55, 0x55, 0x55, 
	0x55, 0x55, 0x55, 0x55, 0x55, 0x55, 0x55, 0x55, 0x55, 0x55, 0x55, 0x55, 0x55, 0x55, 0x55, 
	0x55, 0x55, 0x55, 0x55, 0x55, 0x55, 0x55, 0x55, 0x55, 0x55, 0x55, 0x55, 0x55, 0x55, 0x55, 
	0x55, 0x55, 0x55, 0x55, 0x55, 0x66, 0x65, 0x55, 0x55, 0x55, 0x55, 0x55, 0x55, 0x55, 0x55, 
	0x55, 0x55, 0x55, 0x55, 0x55, 0x55, 0x55, 0x55, 0x55, 0x55, 0x44, 0x33, 0x33, 0x33, 0x44, 
	0x32, 0x22, 0x22, 0x22, 0x22, 0x22, 0x22, 0x22, 0x22, 0x22, 0x22, 0x22, 0x22, 0x22, 0x22, 
	0x55, 0x55, 0x55, 0x55, 0x55, 0x55, 0x44, 0x33, 0x44, 0x55, 0x55, 0x55, 0x55, 0x55, 0x55, 
	0x55, 0x55, 0x55, 0x55, 0x55, 0x55, 0x55, 0x55, 0x55, 0x55, 0x55, 0x55, 0x55, 0x55, 0x55, 
	0x55, 0x55, 0x55, 0x55, 0x55, 0x55, 0x55, 0x55, 0x55, 0x55, 0x55, 0x55, 0x55, 0x55, 0x55, 
	0x55, 0x55, 0x55, 0x55, 0x55, 0x55, 0x55, 0x55, 0x55, 0x55, 0x55, 0x55, 0x55, 0x55, 0x55, 
	0x55, 0x55, 0x55, 0x55, 0x55, 0x55, 0x55, 0x55, 0x55, 0x55, 0x55, 0x55, 0x55, 0x55, 0x55, 
	0x55, 0x55, 0x55, 0x55, 0x55, 0x55, 0x55, 0x55, 0x55, 0x55, 0x55, 0x55, 0x55, 0x55, 0x55, 
	0x55, 0x67, 0x89, 0x99, 0x88, 0x88, 0x88, 0x88, 0x88, 0x77, 0x77, 0x77, 0x77, 0x77, 0x78, 
	0x88, 0x89, 0x9A, 0xAA, 0xBA, 0xAB, 0xBB, 0xBB, 0xAA, 0xAA, 0xAA, 0xAA, 0xAA, 0xAA, 0xAA, 
	0xAA, 0xAA, 0xAA, 0xAA, 0xA9, 0x99, 0x99, 0x99, 0x99, 0x99, 0x88, 0x88, 0x77, 0x76, 0x65, 
	0x55, 0x44, 0x55, 0x66, 0x65, 0x55, 0x55, 0x55, 0x55, 0x55, 0x66, 0x55, 0x55, 0x56, 0x67, 
	0x78, 0x89, 0x99, 0xAA, 0xAA, 0xAA, 0xAA, 0xAA, 0xAA, 0xAA, 0xAA, 0xAA, 0xAA, 0xAA, 0xAA, 
	0xAA, 0xAA, 0xAA, 0xAA, 0xAA, 0xAA, 0xAA, 0xAA, 0xAA, 0xAA, 0xAA, 0xAA, 0xAA, 0xAA, 0xA9, 
	0x98, 0x77, 0x77, 0x67, 0x67, 0x77, 0x77, 0x77, 0x77, 0x77, 0x77, 0x88, 0x87, 0x88, 0x88, 
	0x76, 0x55, 0x55, 0x55, 0x55, 0x55, 0x55, 0x55, 0x55, 0x55, 0x55, 0x55, 0x55, 0x55, 0x55, 
	0x55, 0x55, 0x55, 0x55, 0x55, 0x55, 0x55, 0x55, 0x55, 0x55, 0x55, 0x55, 0x55, 0x55, 0x55, 
	0x55, 0x55, 0x55, 0x55, 0x55, 0x55, 0x55, 0x55, 0x55, 0x55, 0x55, 0x55, 0x55, 0x55, 0x55, 
	0x55, 0x55, 0x55, 0x55, 0x55, 0x55, 0x55, 0x55, 0x55, 0x55, 0x55, 0x55, 0x55, 0x55, 0x55, 
	0x55, 0x55, 0x55, 0x55, 0x66, 0x66, 0x66, 0x65, 0x55, 0x55, 0x55, 0x55, 0x55, 0x55, 0x55, 
	0x55, 0x55, 0x55, 0x55, 0x55, 0x55, 0x55, 0x55, 0x55, 0x55, 0x43, 0x33, 0x33, 0x33, 0x44, 
	0x32, 0x22, 0x22, 0x22, 0x22, 0x22, 0x22, 0x22, 0x22, 0x22, 0x22, 0x22, 0x22, 0x22, 0x22, 
	0x55, 0x55, 0x55, 0x55, 0x55, 0x55, 0x44, 0x33, 0x34, 0x55, 0x55, 0x55, 0x55, 0x55, 0x55, 
	0x55, 0x55, 0x55, 0x55, 0x55, 0x55, 0x55, 0x55, 0x55, 0x55, 0x55, 0x55, 0x55, 0x55, 0x55, 
	0x55, 0x55, 0x55, 0x55, 0x55, 0x55, 0x55, 0x55, 0x55, 0x55, 0x55, 0x55, 0x55, 0x55, 0x55, 
	0x55, 0x55, 0x55, 0x55, 0x55, 0x55, 0x55, 0x55, 0x55, 0x55, 0x55, 0x55, 0x55, 0x55, 0x55, 
	0x55, 0x55, 0x55, 0x55, 0x55, 0x55, 0x55, 0x55, 0x55, 0x55, 0x55, 0x55, 0x55, 0x55, 0x55, 
	0x55, 0x55, 0x55, 0x55, 0x55, 0x55, 0x55, 0x55, 0x55, 0x55, 0x55, 0x55, 0x55, 0x55, 0x55, 
	0x45, 0x56, 0x78, 0x99, 0x98, 0x88, 0x88, 0x88, 0x88, 0x77, 0x77, 0x77, 0x77, 0x77, 0x88, 
	0x88, 0x89, 0x9A, 0xAA, 0xBA, 0xAA, 0xBA, 0xBA, 0xAA, 0xAA, 0xAA, 0xAA, 0xAA, 0xAA, 0xAA, 
	0xAA, 0xAA, 0xAA, 0xA9, 0x99, 0x99, 0x99, 0x99, 0x99, 0x99, 0x88, 0x88, 0x88, 0x77, 0x66, 
	0x55, 0x55, 0x55, 0x66, 0x65, 0x55, 0x55, 0x55, 0x55, 0x55, 0x55, 0x55, 0x55, 0x66, 0x77, 
	0x88, 0x99, 0x9A, 0xAA, 0xAA, 0xAA, 0xAA, 0xAA, 0xAA, 0xAA, 0xAA, 0xAA, 0xAA, 0xAA, 0xAA, 
	0xAA, 0xAA, 0xAA, 0xAA, 0xAA, 0xAA, 0xAA, 0xAA, 0xAA, 0xAA, 0xAA, 0xAA, 0xAA, 0xAA, 0xA9, 
	0x98, 0x77, 0x77, 0x67, 0x67, 0x77, 0x77, 0x77, 0x77, 0x77, 0x77, 0x78, 0x88, 0x88, 0x87, 
	0x65, 0x55, 0x55, 0x55, 0x55, 0x55, 0x55, 0x55, 0x55, 0x55, 0x55, 0x55, 0x55, 0x55, 0x55, 
	0x55, 0x55, 0x55, 0x55, 0x55, 0x55, 0x55, 0x55, 0x55, 0x55, 0x55, 0x55, 0x55, 0x55, 0x55, 
	0x55, 0x55, 0x55, 0x55, 0x55, 0x55, 0x55, 0x55, 0x55, 0x55, 0x55, 0x55, 0x55, 0x55, 0x55, 
	0x55, 0x55, 0x55, 0x55, 0x55, 0x55, 0x55, 0x55, 0x55, 0x55, 0x55, 0x55, 0x55, 0x55, 0x55, 
	0x55, 0x55, 0x55, 0x56, 0x66, 0x66, 0x66, 0x66, 0x55, 0x55, 0x55, 0x55, 0x55, 0x55, 0x55, 
	0x55, 0x55, 0x55, 0x55, 0x55, 0x55, 0x55, 0x55, 0x55, 0x55, 0x43, 0x33, 0x33, 0x33, 0x44, 
	0x32, 0x22, 0x22, 0x22, 0x22, 0x22, 0x22, 0x22, 0x22, 0x22, 0x22, 0x22, 0x22, 0x22, 0x22, 
	0x55, 0x55, 0x55, 0x55, 0x55, 0x55, 0x54, 0x33, 0x34, 0x45, 0x55, 0x55, 0x55, 0x55, 0x55, 
	0x55, 0x55, 0x55, 0x55, 0x55, 0x55, 0x55, 0x55, 0x55, 0x55, 0x55, 0x55, 0x55, 0x55, 0x55, 
	0x55, 0x55, 0x55, 0x55, 0x55, 0x55, 0x55, 0x55, 0x55, 0x55, 0x55, 0x55, 0x55, 0x55, 0x55, 
	0x55, 0x55, 0x55, 0x55, 0x55, 0x55, 0x55, 0x55, 0x55, 0x55, 0x55, 0x55, 0x55, 0x55, 0x55, 
	0x55, 0x55, 0x55, 0x55, 0x55, 0x55, 0x55, 0x55, 0x55, 0x55, 0x55, 0x55, 0x55, 0x55, 0x55, 
	0x55, 0x55, 0x55, 0x55, 0x55, 0x55, 0x55, 0x55, 0x55, 0x55, 0x55, 0x55, 0x55, 0x55, 0x55, 
	0x55, 0x56, 0x78, 0x99, 0x98, 0x88, 0x88, 0x88, 0x88, 0x88, 0x87, 0x77, 0x77, 0x77, 0x88, 
	0x88, 0x99, 0x9A, 0xAA, 0xAA, 0xAA, 0xAA, 0xBA, 0xAA, 0xAA, 0xAA, 0xAA, 0xAA, 0xAA, 0xAA, 
	0xAA, 0xAA, 0xAA, 0x99, 0x99, 0x99, 0x99, 0x99, 0x99, 0x99, 0x98, 0x88, 0x88, 0x87, 0x76, 
	0x66, 0x55, 0x55, 0x66, 0x55, 0x55, 0x44, 0x44, 0x55, 0x55, 0x55, 0x55, 0x66, 0x67, 0x77, 
	0x89, 0x99, 0x9A, 0xAA, 0xAA, 0xAA, 0xAA, 0xAA, 0xAA, 0xAA, 0xAA, 0xAA, 0xAA, 0xAA, 0xAA, 
	0xAA, 0xAA, 0xAA, 0xAA, 0xAA, 0xAA, 0xAA, 0xAA, 0xAA, 0xAA, 0xAA, 0xAA, 0xAA, 0xAA, 0xA9, 
	0x88, 0x77, 0x77, 0x66, 0x66, 0x76, 0x66, 0x77, 0x77, 0x77, 0x77, 0x77, 0x88, 0x88, 0x76, 
	0x65, 0x55, 0x55, 0x55, 0x55, 0x55, 0x55, 0x55, 0x55, 0x55, 0x55, 0x55, 0x55, 0x55, 0x55, 
	0x55, 0x55, 0x55, 0x55, 0x55, 0x55, 0x55, 0x55, 0x55, 0x55, 0x55, 0x55, 0x55, 0x55, 0x55, 
	0x55, 0x55, 0x55, 0x55, 0x55, 0x55, 0x55, 0x55, 0x55, 0x55, 0x55, 0x55, 0x55, 0x55, 0x55, 
	0x55, 0x55, 0x55, 0x55, 0x55, 0x55, 0x55, 0x55, 0x55, 0x55, 0x55, 0x55, 0x55, 0x55, 0x55, 
	0x55, 0x55, 0x55, 0x66, 0x66, 0x66, 0x66, 0x66, 0x55, 0x55, 0x55, 0x55, 0x55, 0x55, 0x55, 
	0x55, 0x55, 0x55, 0x55, 0x55, 0x55, 0x55, 0x55, 0x55, 0x55, 0x43, 0x33, 0x33, 0x33, 0x44, 
	0x32, 0x22, 0x22, 0x22, 0x22, 0x22, 0x22, 0x22, 0x22, 0x22, 0x22, 0x22, 0x22, 0x22, 0x22, 
	0x55, 0x55, 0x55, 0x55, 0x55, 0x55, 0x54, 0x33, 0x33, 0x45, 0x55, 0x55, 0x55, 0x55, 0x55, 
	0x55, 0x55, 0x55, 0x55, 0x55, 0x55, 0x55, 0x55, 0x55, 0x55, 0x55, 0x55, 0x55, 0x55, 0x55, 
	0x55, 0x55, 0x55, 0x55, 0x55, 0x55, 0x55, 0x55, 0x55, 0x55, 0x55, 0x55, 0x55, 0x55, 0x55, 
	0x55, 0x55, 0x55, 0x55, 0x55, 0x55, 0x55, 0x55, 0x55, 0x55, 0x55, 0x55, 0x55, 0x55, 0x55, 
	0x55, 0x55, 0x55, 0x55, 0x55, 0x55, 0x55, 0x55, 0x55, 0x55, 0x55, 0x55, 0x55, 0x55, 0x55, 
	0x55, 0x55, 0x55, 0x55, 0x55, 0x55, 0x55, 0x55, 0x55, 0x55, 0x55, 0x55, 0x55, 0x55, 0x55, 
	0x55, 0x55, 0x67, 0x89, 0x98, 0x88, 0x88, 0x88, 0x88, 0x88, 0x88, 0x77, 0x77, 0x77, 0x88, 
	0x88, 0x99, 0x9A, 0xAA, 0xAA, 0xAA, 0xAA, 0xAA, 0xAA, 0xAA, 0xAA, 0xAA, 0xAA, 0xAA, 0xAA, 
	0xAA, 0xAA, 0xAA, 0x99, 0x99, 0x99, 0x99, 0x99, 0x99, 0x99, 0x98, 0x88, 0x88, 0x87, 0x77, 
	0x66, 0x65, 0x56, 0x65, 0x55, 0x55, 0x44, 0x44, 0x45, 0x55, 0x55, 0x55, 0x66, 0x77, 0x78, 
	0x89, 0x99, 0x9A, 0xAA, 0xAA, 0xAA, 0xAA, 0xAA, 0xAA, 0xAA, 0xAA, 0xAA, 0xAA, 0xAA, 0xAA, 
	0xAA, 0xAA, 0xAA, 0xAA, 0xAA, 0xAA, 0xAA, 0xAA, 0xAA, 0xAA, 0xAA, 0xAA, 0xAA, 0xAA, 0xA9, 
	0x88, 0x77, 0x77, 0x66, 0x66, 0x66, 0x66, 0x77, 0x77, 0x77, 0x77, 0x78, 0x88, 0x88, 0x76, 
	0x55, 0x55, 0x55, 0x55, 0x55, 0x55, 0x55, 0x55, 0x55, 0x55, 0x55, 0x55, 0x55, 0x55, 0x55, 
	0x55, 0x55, 0x55, 0x55, 0x55, 0x55, 0x55, 0x55, 0x55, 0x55, 0x55, 0x55, 0x55, 0x55, 0x55, 
	0x55, 0x55, 0x55, 0x55, 0x55, 0x55, 0x55, 0x55, 0x55, 0x55, 0x55, 0x55, 0x55, 0x55, 0x55, 
	0x55, 0x55, 0x55, 0x55, 0x55, 0x55, 0x55, 0x55, 0x55, 0x55, 0x55, 0x55, 0x55, 0x55, 0x55, 
	0x55, 0x55, 0x55, 0x66, 0x66, 0x66, 0x66, 0x66, 0x65, 0x55, 0x55, 0x55, 0x55, 0x55, 0x55, 
	0x55, 0x55, 0x55, 0x55, 0x55, 0x55, 0x55, 0x55, 0x55, 0x55, 0x43, 0x33, 0x33, 0x33, 0x43, 
	0x22, 0x22, 0x22, 0x22, 0x22, 0x22, 0x22, 0x22, 0x22, 0x22, 0x22, 0x22, 0x22, 0x22, 0x22, 
	0x55, 0x55, 0x55, 0x55, 0x55, 0x55, 0x54, 0x43, 0x33, 0x45, 0x55, 0x55, 0x55, 0x55, 0x55, 
	0x55, 0x55, 0x55, 0x55, 0x55, 0x55, 0x55, 0x55, 0x55, 0x55, 0x55, 0x55, 0x55, 0x55, 0x55, 
	0x55, 0x55, 0x55, 0x55, 0x55, 0x55, 0x55, 0x55, 0x55, 0x55, 0x55, 0x55, 0x55, 0x55, 0x55, 
	0x55, 0x55, 0x55, 0x55, 0x55, 0x55, 0x55, 0x55, 0x55, 0x55, 0x55, 0x55, 0x55, 0x55, 0x55, 
	0x55, 0x55, 0x55, 0x55, 0x55, 0x55, 0x55, 0x55, 0x55, 0x55, 0x55, 0x55, 0x55, 0x55, 0x55, 
	0x55, 0x55, 0x55, 0x55, 0x55, 0x55, 0x55, 0x55, 0x55, 0x55, 0x55, 0x55, 0x55, 0x55, 0x55, 
	0x55, 0x55, 0x67, 0x88, 0x99, 0x88, 0x88, 0x88, 0x88, 0x88, 0x88, 0x88, 0x78, 0x88, 0x88, 
	0x88, 0x99, 0x9A, 0xAA, 0xAA, 0xAA, 0xAA, 0xAA, 0xAA, 0xAA, 0xAA, 0xAA, 0xAA, 0xAA, 0xAA, 
	0xAA, 0xAA, 0xA9, 0x99, 0x99, 0x99, 0x99, 0x99, 0x99, 0x99, 0x98, 0x88, 0x88, 0x88, 0x77, 
	0x76, 0x66, 0x66, 0x55, 0x55, 0x55, 0x44, 0x44, 0x44, 0x44, 0x55, 0x55, 0x66, 0x77, 0x88, 
	0x89, 0x99, 0x9A, 0xAA, 0xAA, 0xAA, 0xAA, 0xAA, 0xAA, 0xAA, 0xAA, 0xAA, 0xAA, 0xAA, 0xAA, 
	0xAA, 0xAA, 0xAA, 0xAA, 0xAA, 0xAA, 0xAA, 0xAA, 0xAA, 0xAA, 0xAA, 0xAA, 0xAA, 0xAA, 0xA9, 
	0x88, 0x77, 0x77, 0x66, 0x66, 0x66, 0x66, 0x77, 0x77, 0x77, 0x77, 0x88, 0x88, 0x87, 0x65, 
	0x55, 0x55, 0x55, 0x55, 0x55, 0x55, 0x55, 0x55, 0x55, 0x55, 0x55, 0x55, 0x55, 0x55, 0x55, 
	0x55, 0x55, 0x55, 0x55, 0x55, 0x55, 0x55, 0x55, 0x55, 0x55, 0x55, 0x55, 0x55, 0x55, 0x55, 
	0x55, 0x55, 0x55, 0x55, 0x55, 0x55, 0x55, 0x55, 0x55, 0x55, 0x55, 0x55, 0x55, 0x55, 0x55, 
	0x55, 0x55, 0x55, 0x55, 0x55, 0x55, 0x55, 0x55, 0x55, 0x55, 0x55, 0x55, 0x55, 0x55, 0x55, 
	0x55, 0x55, 0x55, 0x66, 0x67, 0x76, 0x66, 0x66, 0x66, 0x55, 0x55, 0x55, 0x55, 0x55, 0x55, 
	0x55, 0x55, 0x55, 0x55, 0x55, 0x55, 0x55, 0x55, 0x55, 0x54, 0x43, 0x33, 0x33, 0x34, 0x44, 
	0x22, 0x22, 0x22, 0x22, 0x22, 0x22, 0x22, 0x22, 0x22, 0x22, 0x22, 0x22, 0x22, 0x22, 0x22, 
	0x55, 0x55, 0x55, 0x55, 0x55, 0x55, 0x55, 0x43, 0x33, 0x44, 0x55, 0x55, 0x55, 0x55, 0x55, 
	0x55, 0x55, 0x55, 0x55, 0x55, 0x55, 0x55, 0x55, 0x55, 0x55, 0x55, 0x55, 0x55, 0x55, 0x55, 
	0x55, 0x55, 0x55, 0x55, 0x55, 0x55, 0x55, 0x55, 0x55, 0x55, 0x55, 0x55, 0x55, 0x55, 0x55, 
	0x55, 0x55, 0x55, 0x55, 0x55, 0x55, 0x55, 0x55, 0x55, 0x55, 0x55, 0x55, 0x55, 0x55, 0x55, 
	0x55, 0x55, 0x55, 0x55, 0x55, 0x55, 0x55, 0x55, 0x55, 0x55, 0x55, 0x55, 0x55, 0x55, 0x55, 
	0x55, 0x55, 0x55, 0x55, 0x55, 0x55, 0x55, 0x55, 0x55, 0x55, 0x55, 0x55, 0x55, 0x55, 0x55, 
	0x55, 0x55, 0x56, 0x78, 0x99, 0x88, 0x88, 0x88, 0x88, 0x88, 0x88, 0x88, 0x88, 0x88, 0x88, 
	0x88, 0x99, 0x99, 0xAA, 0xAA, 0xAA, 0xAA, 0xAA, 0xAA, 0xAA, 0xAA, 0xAA, 0xAA, 0xAA, 0xAA, 
	0xAA, 0x99, 0x99, 0x99, 0x99, 0x99, 0x99, 0x99, 0x99, 0x88, 0x88, 0x88, 0x88, 0x88, 0x87, 
	0x76, 0x66, 0x56, 0x55, 0x55, 0x54, 0x44, 0x44, 0x44, 0x44, 0x45, 0x55, 0x67, 0x77, 0x88, 
	0x99, 0x99, 0x9A, 0xA9, 0xAA, 0xAA, 0xAA, 0xAA, 0xAA, 0xAA, 0xAA, 0xAA, 0xAA, 0xAA, 0xAA, 
	0xAA, 0xAA, 0xAA, 0xAA, 0xAA, 0xAA, 0xAA, 0xAA, 0xAA, 0xAA, 0xAA, 0xAA, 0xAA, 0xAA, 0x99, 
	0x88, 0x77, 0x77, 0x66, 0x66, 0x66, 0x66, 0x77, 0x77, 0x77, 0x77, 0x88, 0x87, 0x76, 0x55, 
	0x55, 0x55, 0x55, 0x55, 0x55, 0x55, 0x55, 0x55, 0x55, 0x55, 0x55, 0x55, 0x55, 0x55, 0x55, 
	0x55, 0x55, 0x55, 0x55, 0x55, 0x55, 0x55, 0x55, 0x55, 0x55, 0x55, 0x55, 0x55, 0x55, 0x55, 
	0x55, 0x55, 0x55, 0x55, 0x55, 0x55, 0x55, 0x55, 0x55, 0x55, 0x55, 0x55, 0x55, 0x55, 0x55, 
	0x55, 0x55, 0x55, 0x55, 0x55, 0x55, 0x55, 0x55, 0x55, 0x55, 0x55, 0x55, 0x55, 0x55, 0x55, 
	0x55, 0x55, 0x56, 0x66, 0x77, 0x77, 0x66, 0x66, 0x66, 0x55, 0x55, 0x55, 0x55, 0x55, 0x55, 
	0x55, 0x55, 0x55, 0x55, 0x55, 0x55, 0x55, 0x55, 0x55, 0x54, 0x43, 0x33, 0x33, 0x34, 0x54, 
	0x22, 0x22, 0x22, 0x22, 0x22, 0x22, 0x22, 0x22, 0x22, 0x22, 0x22, 0x22, 0x22, 0x22, 0x22, 
	0x55, 0x55, 0x55, 0x55, 0x55, 0x55, 0x55, 0x44, 0x33, 0x34, 0x55, 0x55, 0x55, 0x55, 0x55, 
	0x55, 0x55, 0x55, 0x55, 0x55, 0x55, 0x55, 0x55, 0x55, 0x55, 0x55, 0x55, 0x55, 0x55, 0x55, 
	0x55, 0x55, 0x55, 0x55, 0x55, 0x55, 0x55, 0x55, 0x55, 0x55, 0x55, 0x55, 0x55, 0x55, 0x55, 
	0x55, 0x55, 0x55, 0x55, 0x55, 0x55, 0x55, 0x55, 0x55, 0x55, 0x55, 0x55, 0x55, 0x55, 0x55, 
	0x55, 0x55, 0x55, 0x55, 0x55, 0x55, 0x55, 0x55, 0x55, 0x55, 0x55, 0x55, 0x55, 0x55, 0x55, 
	0x55, 0x55, 0x55, 0x55, 0x55, 0x55, 0x55, 0x55, 0x55, 0x55, 0x55, 0x55, 0x55, 0x55, 0x55, 
	0x55, 0x55, 0x55, 0x67, 0x89, 0x98, 0x88, 0x88, 0x88, 0x88, 0x88, 0x88, 0x88, 0x88, 0x88, 
	0x88, 0x99, 0x99, 0xAA, 0xAA, 0xAA, 0xAA, 0xAA, 0xAA, 0xAA, 0xAA, 0xAA, 0xAA, 0xAA, 0xAA, 
	0xAA, 0x99, 0x99, 0x99, 0x99, 0x99, 0x99, 0x99, 0x99, 0x88, 0x88, 0x88, 0x88, 0x88, 0x87, 
	0x76, 0x66, 0x65, 0x55, 0x55, 0x54, 0x44, 0x44, 0x44, 0x44, 0x44, 0x56, 0x67, 0x77, 0x88, 
	0x89, 0x99, 0x99, 0x99, 0x9A, 0xAA, 0xAA, 0xAA, 0xAA, 0xAA, 0xAA, 0xAA, 0xAA, 0xAA, 0xAA, 
	0xAA, 0xAA, 0xAA, 0xAA, 0xAA, 0xAA, 0xAA, 0xAA, 0xAA, 0xAA, 0xAA, 0xAA, 0xAA, 0xAA, 0x99, 
	0x88, 0x77, 0x77, 0x66, 0x66, 0x66, 0x66, 0x77, 0x77, 0x77, 0x77, 0x88, 0x87, 0x65, 0x55, 
	0x55, 0x55, 0x55, 0x55, 0x55, 0x55, 0x55, 0x55, 0x55, 0x55, 0x55, 0x55, 0x55, 0x55, 0x55, 
	0x55, 0x55, 0x55, 0x55, 0x55, 0x55, 0x55, 0x55, 0x55, 0x55, 0x55, 0x55, 0x55, 0x55, 0x55, 
	0x55, 0x55, 0x55, 0x55, 0x55, 0x55, 0x55, 0x55, 0x55, 0x55, 0x55, 0x55, 0x55, 0x55, 0x55, 
	0x55, 0x55, 0x55, 0x55, 0x55, 0x55, 0x55, 0x55, 0x55, 0x55, 0x55, 0x55, 0x55, 0x55, 0x55, 
	0x55, 0x55, 0x56, 0x67, 0x78, 0x87, 0x66, 0x66, 0x66, 0x65, 0x55, 0x55, 0x55, 0x55, 0x55, 
	0x55, 0x55, 0x55, 0x55, 0x55, 0x55, 0x55, 0x55, 0x55, 0x54, 0x43, 0x33, 0x33, 0x34, 0x44, 
	0x22, 0x22, 0x22, 0x22, 0x22, 0x22, 0x22, 0x22, 0x22, 0x22, 0x22, 0x22, 0x22, 0x22, 0x22, 
	0x55, 0x55, 0x55, 0x55, 0x55, 0x55, 0x55, 0x44, 0x33, 0x34, 0x45, 0x55, 0x55, 0x55, 0x55, 
	0x55, 0x55, 0x55, 0x55, 0x55, 0x55, 0x55, 0x55, 0x55, 0x55, 0x55, 0x55, 0x55, 0x55, 0x55, 
	0x55, 0x55, 0x55, 0x55, 0x55, 0x55, 0x55, 0x55, 0x55, 0x55, 0x55, 0x55, 0x55, 0x55, 0x55, 
	0x55, 0x55, 0x55, 0x55, 0x55, 0x55, 0x55, 0x55, 0x55, 0x55, 0x55, 0x55, 0x55, 0x55, 0x55, 
	0x55, 0x55, 0x55, 0x55, 0x55, 0x55, 0x55, 0x55, 0x55, 0x55, 0x55, 0x55, 0x55, 0x55, 0x55, 
	0x55, 0x55, 0x55, 0x55, 0x55, 0x55, 0x55, 0x55, 0x55, 0x55, 0x55, 0x55, 0x55, 0x55, 0x55, 
	0x55, 0x55, 0x55, 0x56, 0x88, 0x99, 0x88, 0x88, 0x88, 0x88, 0x88, 0x88, 0x88, 0x88, 0x88, 
	0x88, 0x99, 0x99, 0xAA, 0xAA, 0xAA, 0xAA, 0xAA, 0xAA, 0xAA, 0xAA, 0xAA, 0xAA, 0xAA, 0xAA, 
	0xA9, 0x99, 0x99, 0x99, 0x99, 0x99, 0x99, 0x98, 0x88, 0x88, 0x88, 0x88, 0x88, 0x88, 0x87, 
	0x76, 0x66, 0x65, 0x55, 0x55, 0x44, 0x44, 0x44, 0x44, 0x44, 0x45, 0x56, 0x67, 0x77, 0x88, 
	0x89, 0x99, 0x99, 0x99, 0x99, 0x9A, 0xAA, 0xAA, 0xAA, 0xAA, 0xAA, 0xAA, 0xAA, 0xAA, 0xAA, 
	0xAA, 0xAA, 0xAA, 0xAA, 0xAA, 0xAA, 0xAA, 0xAA, 0xAA, 0xAA, 0xAA, 0xAA, 0xAA, 0xAA, 0x99, 
	0x87, 0x77, 0x77, 0x66, 0x66, 0x66, 0x67, 0x77, 0x77, 0x77, 0x88, 0x88, 0x76, 0x55, 0x55, 
	0x55, 0x55, 0x55, 0x55, 0x55, 0x55, 0x55, 0x55, 0x55, 0x55, 0x55, 0x55, 0x55, 0x55, 0x55, 
	0x55, 0x55, 0x55, 0x55, 0x55, 0x55, 0x55, 0x55, 0x55, 0x55, 0x55, 0x55, 0x55, 0x55, 0x55, 
	0x55, 0x55, 0x55, 0x55, 0x55, 0x55, 0x55, 0x55, 0x55, 0x55, 0x55, 0x55, 0x55, 0x55, 0x55, 
	0x55, 0x55, 0x55, 0x55, 0x55, 0x55, 0x55, 0x55, 0x55, 0x55, 0x55, 0x55, 0x55, 0x55, 0x55, 
	0x55, 0x55, 0x66, 0x67, 0x88, 0x87, 0x66, 0x66, 0x66, 0x65, 0x55, 0x55, 0x55, 0x55, 0x55, 
	0x55, 0x55, 0x55, 0x55, 0x55, 0x55, 0x55, 0x55, 0x55, 0x44, 0x33, 0x33, 0x33, 0x34, 0x43, 
	0x22, 0x22, 0x22, 0x22, 0x22, 0x22, 0x22, 0x22, 0x22, 0x22, 0x22, 0x22, 0x22, 0x22, 0x22, 
	0x55, 0x55, 0x55, 0x55, 0x55, 0x55, 0x55, 0x54, 0x43, 0x33, 0x45, 0x55, 0x55, 0x55, 0x55, 
	0x55, 0x55, 0x55, 0x55, 0x55, 0x55, 0x55, 0x55, 0x55, 0x55, 0x55, 0x55, 0x55, 0x55, 0x55, 
	0x55, 0x55, 0x55, 0x55, 0x55, 0x55, 0x55, 0x55, 0x55, 0x55, 0x55, 0x55, 0x55, 0x55, 0x55, 
	0x55, 0x55, 0x55, 0x55, 0x55, 0x55, 0x55, 0x55, 0x55, 0x55, 0x55, 0x55, 0x55, 0x55, 0x55, 
	0x55, 0x55, 0x55, 0x55, 0x55, 0x55, 0x55, 0x55, 0x55, 0x55, 0x55, 0x55, 0x55, 0x55, 0x55, 
	0x55, 0x55, 0x55, 0x55, 0x55, 0x55, 0x55, 0x55, 0x55, 0x55, 0x55, 0x55, 0x55, 0x55, 0x55, 
	0x55, 0x55, 0x55, 0x56, 0x78, 0x89, 0x88, 0x88, 0x88, 0x88, 0x88, 0x88, 0x88, 0x88, 0x88, 
	0x88, 0x99, 0x99, 0x9A, 0xAA, 0xAA, 0xAA, 0xAA, 0xAA, 0xAA, 0xAA, 0xAA, 0xAA, 0xAA, 0x99, 
	0x99, 0x99, 0x99, 0x99, 0x99, 0x99, 0x99, 0x98, 0x88, 0x88, 0x88, 0x88, 0x88, 0x88, 0x87, 
	0x77, 0x66, 0x65, 0x55, 0x54, 0x44, 0x44, 0x44, 0x44, 0x44, 0x45, 0x56, 0x67, 0x78, 0x88, 
	0x88, 0x99, 0x99, 0x99, 0x99, 0x99, 0x99, 0x99, 0x9A, 0xAA, 0xAA, 0xAA, 0xAA, 0xAA, 0xAA, 
	0xAA, 0xAA, 0xAA, 0xAA, 0xAA, 0xAA, 0xAA, 0xAA, 0xAA, 0xAA, 0xAA, 0xAA, 0xAA, 0x99, 0x98, 
	0x87, 0x77, 0x77, 0x66, 0x66, 0x66, 0x67, 0x77, 0x77, 0x77, 0x88, 0x87, 0x66, 0x54, 0x55, 
	0x55, 0x55, 0x55, 0x55, 0x55, 0x55, 0x55, 0x55, 0x55, 0x55, 0x55, 0x55, 0x55, 0x55, 0x55, 
	0x55, 0x55, 0x55, 0x55, 0x55, 0x55, 0x55, 0x55, 0x55, 0x55, 0x55, 0x55, 0x55, 0x55, 0x55, 
	0x55, 0x55, 0x55, 0x55, 0x55, 0x55, 0x55, 0x55, 0x55, 0x55, 0x55, 0x55, 0x55, 0x55, 0x55, 
	0x55, 0x55, 0x55, 0x55, 0x55, 0x55, 0x55, 0x55, 0x55, 0x55, 0x55, 0x55, 0x55, 0x55, 0x55, 
	0x55, 0x55, 0x66, 0x77, 0x88, 0x77, 0x66, 0x66, 0x66, 0x66, 0x55, 0x55, 0x55, 0x55, 0x55, 
	0x55, 0x55, 0x55, 0x55, 0x55, 0x55, 0x55, 0x55, 0x55, 0x44, 0x33, 0x33, 0x33, 0x44, 0x43, 
	0x22, 0x22, 0x22, 0x22, 0x22, 0x22, 0x22, 0x22, 0x22, 0x22, 0x22, 0x22, 0x22, 0x22, 0x22, 
	0x55, 0x55, 0x55, 0x55, 0x55, 0x55, 0x55, 0x55, 0x43, 0x33, 0x44, 0x55, 0x55, 0x55, 0x55, 
	0x55, 0x55, 0x55, 0x55, 0x55, 0x55, 0x55, 0x55, 0x55, 0x55, 0x55, 0x55, 0x55, 0x55, 0x55, 
	0x55, 0x55, 0x55, 0x55, 0x55, 0x55, 0x55, 0x55, 0x55, 0x55, 0x55, 0x55, 0x55, 0x55, 0x55, 
	0x55, 0x55, 0x55, 0x55, 0x55, 0x55, 0x55, 0x55, 0x55, 0x55, 0x55, 0x55, 0x55, 0x55, 0x55, 
	0x55, 0x55, 0x55, 0x55, 0x55, 0x55, 0x55, 0x55, 0x55, 0x55, 0x55, 0x55, 0x55, 0x55, 0x55, 
	0x55, 0x55, 0x55, 0x55, 0x55, 0x55, 0x55, 0x55, 0x55, 0x55, 0x55, 0x55, 0x55, 0x55, 0x55, 
	0x55, 0x55, 0x55, 0x55, 0x67, 0x88, 0x88, 0x88, 0x88, 0x88, 0x88, 0x88, 0x88, 0x88, 0x88, 
	0x88, 0x99, 0x99, 0x99, 0xAA, 0xAA, 0xAA, 0xAA, 0xAA, 0xAA, 0xAA, 0xAA, 0xAA, 0x99, 0x99, 
	0x99, 0x99, 0x99, 0x99, 0x99, 0x99, 0x99, 0x88, 0x88, 0x88, 0x88, 0x88, 0x88, 0x88, 0x87, 
	0x77, 0x66, 0x55, 0x55, 0x44, 0x44, 0x44, 0x44, 0x44, 0x44, 0x45, 0x56, 0x67, 0x78, 0x88, 
	0x88, 0x88, 0x89, 0x99, 0x99, 0x99, 0x99, 0x99, 0x99, 0x99, 0x99, 0x99, 0x99, 0xAA, 0xAA, 
	0xAA, 0xAA, 0xAA, 0xAA, 0xAA, 0xAA, 0xAA, 0xAA, 0xAA, 0xAA, 0x99, 0x99, 0xA9, 0x99, 0x98, 
	0x87, 0x77, 0x76, 0x66, 0x66, 0x66, 0x77, 0x77, 0x77, 0x78, 0x88, 0x76, 0x65, 0x54, 0x55, 
	0x55, 0x55, 0x55, 0x55, 0x55, 0x55, 0x55, 0x55, 0x55, 0x55, 0x55, 0x55, 0x55, 0x55, 0x55, 
	0x55, 0x55, 0x55, 0x55, 0x55, 0x55, 0x55, 0x55, 0x55, 0x55, 0x55, 0x55, 0x55, 0x55, 0x55, 
	0x55, 0x55, 0x55, 0x55, 0x55, 0x55, 0x55, 0x55, 0x55, 0x55, 0x55, 0x55, 0x55, 0x55, 0x55, 
	0x55, 0x55, 0x55, 0x55, 0x55, 0x55, 0x55, 0x55, 0x55, 0x55, 0x55, 0x55, 0x55, 0x55, 0x55, 
	0x55, 0x55, 0x66, 0x78, 0x88, 0x76, 0x66, 0x66, 0x66, 0x66, 0x55, 0x55, 0x55, 0x55, 0x55, 
	0x55, 0x55, 0x55, 0x55, 0x55, 0x55, 0x55, 0x55, 0x55, 0x43, 0x33, 0x33, 0x33, 0x45, 0x43, 
	0x22, 0x22, 0x22, 0x22, 0x22, 0x22, 0x22, 0x22, 0x22, 0x22, 0x22, 0x22, 0x22, 0x22, 0x22, 
	0x55, 0x55, 0x55, 0x55, 0x55, 0x55, 0x55, 0x55, 0x44, 0x33, 0x34, 0x55, 0x55, 0x55, 0x55, 
	0x55, 0x55, 0x55, 0x55, 0x55, 0x55, 0x55, 0x55, 0x55, 0x55, 0x55, 0x55, 0x55, 0x55, 0x55, 
	0x55, 0x55, 0x55, 0x55, 0x55, 0x55, 0x55, 0x55, 0x55, 0x55, 0x55, 0x55, 0x55, 0x55, 0x55, 
	0x55, 0x55, 0x55, 0x55, 0x55, 0x55, 0x55, 0x55, 0x55, 0x55, 0x55, 0x55, 0x55, 0x55, 0x55, 
	0x55, 0x55, 0x55, 0x55, 0x55, 0x55, 0x55, 0x55, 0x55, 0x55, 0x55, 0x55, 0x55, 0x55, 0x55, 
	0x55, 0x55, 0x55, 0x55, 0x55, 0x55, 0x55, 0x55, 0x55, 0x55, 0x55, 0x55, 0x55, 0x55, 0x55, 
	0x55, 0x55, 0x55, 0x55, 0x56, 0x78, 0x88, 0x88, 0x88, 0x88, 0x88, 0x88, 0x88, 0x88, 0x88, 
	0x88, 0x99, 0x99, 0x99, 0xAA, 0xAA, 0xAA, 0xAA, 0xAA, 0xAA, 0xAA, 0xAA, 0xAA, 0x99, 0x99, 
	0x99, 0x99, 0x99, 0x99, 0x99, 0x99, 0x99, 0x88, 0x88, 0x88, 0x88, 0x88, 0x88, 0x88, 0x87, 
	0x77, 0x66, 0x65, 0x55, 0x44, 0x44, 0x44, 0x44, 0x44, 0x44, 0x45, 0x56, 0x77, 0x77, 0x88, 
	0x88, 0x88, 0x88, 0x89, 0x99, 0x99, 0x99, 0x99, 0x99, 0x99, 0x99, 0x99, 0x99, 0x99, 0x99, 
	0x9A, 0xAA, 0xAA, 0xAA, 0xAA, 0xAA, 0xAA, 0xAA, 0xA9, 0x99, 0x99, 0x99, 0xA9, 0x99, 0x98, 
	0x87, 0x77, 0x76, 0x66, 0x66, 0x66, 0x77, 0x77, 0x77, 0x78, 0x87, 0x65, 0x55, 0x55, 0x55, 
	0x55, 0x55, 0x55, 0x55, 0x55, 0x55, 0x55, 0x55, 0x55, 0x55, 0x55, 0x55, 0x55, 0x55, 0x55, 
	0x55, 0x55, 0x55, 0x55, 0x55, 0x55, 0x55, 0x55, 0x55, 0x55, 0x55, 0x55, 0x55, 0x55, 0x55, 
	0x55, 0x55, 0x55, 0x55, 0x55, 0x55, 0x55, 0x55, 0x55, 0x55, 0x55, 0x55, 0x55, 0x55, 0x55, 
	0x55, 0x55, 0x55, 0x55, 0x55, 0x55, 0x55, 0x55, 0x55, 0x55, 0x55, 0x55, 0x55, 0x55, 0x55, 
	0x55, 0x55, 0x66, 0x78, 0x88, 0x76, 0x66, 0x66, 0x66, 0x66, 0x55, 0x55, 0x55, 0x55, 0x55, 
	0x55, 0x55, 0x55, 0x55, 0x55, 0x55, 0x55, 0x55, 0x55, 0x43, 0x33, 0x33, 0x34, 0x45, 0x43, 
	0x22, 0x22, 0x22, 0x22, 0x22, 0x22, 0x22, 0x22, 0x22, 0x22, 0x22, 0x22, 0x22, 0x22, 0x22, 
	0x55, 0x55, 0x55, 0x55, 0x55, 0x55, 0x55, 0x55, 0x44, 0x33, 0x34, 0x45, 0x55, 0x55, 0x55, 
	0x55, 0x55, 0x55, 0x55, 0x55, 0x55, 0x55, 0x55, 0x55, 0x55, 0x55, 0x55, 0x55, 0x55, 0x55, 
	0x55, 0x55, 0x55, 0x55, 0x55, 0x55, 0x55, 0x55, 0x55, 0x55, 0x55, 0x55, 0x55, 0x55, 0x55, 
	0x55, 0x55, 0x55, 0x55, 0x55, 0x55, 0x55, 0x55, 0x55, 0x55, 0x55, 0x55, 0x55, 0x55, 0x55, 
	0x55, 0x55, 0x55, 0x55, 0x55, 0x55, 0x55, 0x55, 0x55, 0x55, 0x55, 0x55, 0x55, 0x55, 0x55, 
	0x55, 0x55, 0x55, 0x55, 0x55, 0x55, 0x55, 0x55, 0x55, 0x55, 0x55, 0x55, 0x55, 0x55, 0x55, 
	0x55, 0x55, 0x55, 0x55, 0x55, 0x78, 0x88, 0x88, 0x88, 0x88, 0x88, 0x88, 0x88, 0x88, 0x88, 
	0x88, 0x99, 0x99, 0x99, 0x99, 0x99, 0xAA, 0xAA, 0xAA, 0xAA, 0xAA, 0xAA, 0xAA, 0x99, 0x99, 
	0x99, 0x99, 0x99, 0x99, 0x99, 0x98, 0x88, 0x88, 0x88, 0x88, 0x88, 0x88, 0x88, 0x88, 0x87, 
	0x77, 0x66, 0x65, 0x55, 0x44, 0x44, 0x44, 0x44, 0x44, 0x44, 0x55, 0x56, 0x67, 0x77, 0x88, 
	0x88, 0x88, 0x88, 0x89, 0x99, 0x99, 0x99, 0x99, 0x99, 0x99, 0x99, 0x99, 0x99, 0x99, 0x99, 
	0x99, 0x99, 0x99, 0x99, 0x99, 0x99, 0x99, 0x99, 0x99, 0x99, 0x99, 0x99, 0xA9, 0x99, 0x98, 
	0x87, 0x77, 0x76, 0x66, 0x66, 0x66, 0x67, 0x77, 0x77, 0x77, 0x76, 0x65, 0x55, 0x55, 0x55, 
	0x55, 0x55, 0x55, 0x55, 0x55, 0x55, 0x55, 0x55, 0x55, 0x55, 0x55, 0x55, 0x55, 0x55, 0x55, 
	0x55, 0x55, 0x55, 0x55, 0x55, 0x55, 0x55, 0x55, 0x55, 0x55, 0x55, 0x55, 0x55, 0x55, 0x55, 
	0x55, 0x55, 0x55, 0x55, 0x55, 0x55, 0x55, 0x55, 0x55, 0x55, 0x55, 0x55, 0x55, 0x55, 0x55, 
	0x55, 0x55, 0x55, 0x55, 0x55, 0x55, 0x55, 0x55, 0x55, 0x55, 0x55, 0x55, 0x55, 0x55, 0x55, 
	0x55, 0x55, 0x66, 0x78, 0x88, 0x76, 0x66, 0x66, 0x66, 0x66, 0x65, 0x55, 0x55, 0x55, 0x55, 
	0x55, 0x55, 0x55, 0x55, 0x55, 0x55, 0x55, 0x55, 0x54, 0x43, 0x33, 0x33, 0x34, 0x45, 0x43, 
	0x22, 0x22, 0x22, 0x22, 0x22, 0x22, 0x22, 0x22, 0x22, 0x22, 0x22, 0x22, 0x22, 0x22, 0x22, 
	0x55, 0x55, 0x55, 0x55, 0x55, 0x55, 0x55, 0x55, 0x54, 0x43, 0x33, 0x44, 0x55, 0x55, 0x55, 
	0x55, 0x55, 0x55, 0x55, 0x55, 0x55, 0x55, 0x55, 0x55, 0x55, 0x55, 0x55, 0x55, 0x55, 0x55, 
	0x55, 0x55, 0x55, 0x55, 0x55, 0x55, 0x55, 0x55, 0x55, 0x55, 0x55, 0x55, 0x55, 0x55, 0x55, 
	0x55, 0x55, 0x55, 0x55, 0x55, 0x55, 0x55, 0x55, 0x55, 0x55, 0x55, 0x55, 0x55, 0x55, 0x55, 
	0x55, 0x55, 0x55, 0x55, 0x55, 0x55, 0x55, 0x55, 0x55, 0x55, 0x55, 0x55, 0x55, 0x55, 0x55, 
	0x55, 0x55, 0x55, 0x55, 0x55, 0x55, 0x55, 0x55, 0x55, 0x55, 0x55, 0x55, 0x55, 0x55, 0x55, 
	0x55, 0x55, 0x55, 0x55, 0x55, 0x67, 0x78, 0x88, 0x88, 0x88, 0x88, 0x88, 0x88, 0x88, 0x88, 
	0x88, 0x99, 0x99, 0x99, 0x99, 0x99, 0x9A, 0x9A, 0xAA, 0xAA, 0xAA, 0xAA, 0x99, 0x99, 0x99, 
	0x99, 0x99, 0x99, 0x99, 0x99, 0x88, 0x88, 0x88, 0x88, 0x88, 0x88, 0x88, 0x88, 0x88, 0x77, 
	0x77, 0x66, 0x65, 0x55, 0x44, 0x44, 0x44, 0x44, 0x44, 0x45, 0x55, 0x56, 0x67, 0x77, 0x77, 
	0x78, 0x88, 0x88, 0x88, 0x99, 0x99, 0x99, 0x99, 0x99, 0x99, 0x99, 0x99, 0x99, 0x99, 0x99, 
	0x99, 0x99, 0x99, 0x99, 0x99, 0x99, 0x99, 0x99, 0x99, 0x99, 0x99, 0x99, 0xA9, 0x99, 0x98, 
	0x77, 0x77, 0x76, 0x66, 0x66, 0x66, 0x67, 0x77, 0x77, 0x77, 0x65, 0x55, 0x55, 0x55, 0x55, 
	0x55, 0x55, 0x55, 0x55, 0x55, 0x55, 0x55, 0x55, 0x55, 0x55, 0x55, 0x55, 0x55, 0x55, 0x55, 
	0x55, 0x55, 0x55, 0x55, 0x55, 0x55, 0x55, 0x55, 0x55, 0x55, 0x55, 0x55, 0x55, 0x55, 0x55, 
	0x55, 0x55, 0x55, 0x55, 0x55, 0x55, 0x55, 0x55, 0x55, 0x55, 0x55, 0x55, 0x55, 0x55, 0x55, 
	0x55, 0x55, 0x55, 0x55, 0x55, 0x55, 0x55, 0x55, 0x55, 0x55, 0x55, 0x55, 0x55, 0x55, 0x55, 
	0x55, 0x55, 0x66, 0x78, 0x88, 0x77, 0x66, 0x66, 0x66, 0x66, 0x65, 0x55, 0x55, 0x55, 0x55, 
	0x55, 0x55, 0x55, 0x55, 0x55, 0x55, 0x55, 0x55, 0x44, 0x43, 0x33, 0x33, 0x34, 0x55, 0x42, 
	0x22, 0x22, 0x22, 0x22, 0x22, 0x22, 0x22, 0x22, 0x22, 0x22, 0x22, 0x22, 0x22, 0x22, 0x22, 
	0x55, 0x55, 0x55, 0x55, 0x55, 0x55, 0x55, 0x55, 0x55, 0x43, 0x33, 0x44, 0x55, 0x55, 0x55, 
	0x55, 0x55, 0x55, 0x55, 0x55, 0x55, 0x55, 0x55, 0x55, 0x55, 0x55, 0x55, 0x55, 0x55, 0x55, 
	0x55, 0x55, 0x55, 0x55, 0x55, 0x55, 0x55, 0x55, 0x55, 0x55, 0x55, 0x55, 0x55, 0x55, 0x55, 
	0x55, 0x55, 0x55, 0x55, 0x55, 0x55, 0x55, 0x55, 0x55, 0x55, 0x55, 0x55, 0x55, 0x55, 0x55, 
	0x55, 0x55, 0x55, 0x55, 0x55, 0x55, 0x55, 0x55, 0x55, 0x55, 0x55, 0x55, 0x55, 0x55, 0x55, 
	0x55, 0x55, 0x55, 0x55, 0x55, 0x55, 0x55, 0x55, 0x55, 0x55, 0x55, 0x55, 0x55, 0x55, 0x55, 
	0x55, 0x55, 0x55, 0x55, 0x55, 0x55, 0x67, 0x88, 0x88, 0x88, 0x88, 0x88, 0x88, 0x88, 0x88, 
	0x88, 0x99, 0x99, 0x99, 0x99, 0x99, 0x99, 0x99, 0x9A, 0xA9, 0x99, 0x99, 0x99, 0x99, 0x99, 
	0x99, 0x99, 0x99, 0x98, 0x88, 0x88, 0x88, 0x88, 0x88, 0x88, 0x88, 0x88, 0x88, 0x87, 0x77, 
	0x77, 0x66, 0x65, 0x55, 0x44, 0x44, 0x44, 0x44, 0x44, 0x45, 0x55, 0x56, 0x67, 0x77, 0x77, 
	0x77, 0x78, 0x88, 0x88, 0x88, 0x88, 0x88, 0x99, 0x99, 0x99, 0x89, 0x98, 0x88, 0x88, 0x88, 
	0x88, 0x88, 0x88, 0x88, 0x99, 0x99, 0x99, 0x99, 0x99, 0x99, 0x99, 0x99, 0x99, 0x99, 0x88, 
	0x77, 0x77, 0x77, 0x77, 0x77, 0x66, 0x66, 0x67, 0x77, 0x76, 0x55, 0x55, 0x55, 0x55, 0x55, 
	0x55, 0x55, 0x55, 0x55, 0x55, 0x55, 0x55, 0x55, 0x55, 0x55, 0x55, 0x55, 0x55, 0x55, 0x55, 
	0x55, 0x55, 0x55, 0x55, 0x55, 0x55, 0x55, 0x55, 0x55, 0x55, 0x55, 0x55, 0x55, 0x55, 0x55, 
	0x55, 0x55, 0x55, 0x55, 0x55, 0x55, 0x55, 0x55, 0x55, 0x55, 0x55, 0x55, 0x55, 0x55, 0x55, 
	0x55, 0x55, 0x55, 0x55, 0x55, 0x55, 0x55, 0x55, 0x55, 0x55, 0x55, 0x55, 0x55, 0x55, 0x55, 
	0x55, 0x55, 0x66, 0x78, 0x88, 0x76, 0x66, 0x66, 0x66, 0x66, 0x66, 0x55, 0x55, 0x55, 0x55, 
	0x55, 0x55, 0x55, 0x55, 0x55, 0x55, 0x55, 0x55, 0x44, 0x33, 0x33, 0x33, 0x45, 0x55, 0x32, 
	0x22, 0x22, 0x22, 0x22, 0x22, 0x22, 0x22, 0x22, 0x22, 0x22, 0x22, 0x22, 0x22, 0x22, 0x22, 
	0x55, 0x55, 0x55, 0x55, 0x55, 0x55, 0x55, 0x55, 0x55, 0x44, 0x33, 0x34, 0x45, 0x55, 0x55, 
	0x55, 0x55, 0x55, 0x55, 0x55, 0x55, 0x55, 0x55, 0x55, 0x55, 0x55, 0x55, 0x55, 0x55, 0x55, 
	0x55, 0x55, 0x55, 0x55, 0x55, 0x55, 0x55, 0x55, 0x55, 0x55, 0x55, 0x55, 0x55, 0x55, 0x55, 
	0x55, 0x55, 0x55, 0x55, 0x55, 0x55, 0x55, 0x55, 0x55, 0x55, 0x55, 0x55, 0x55, 0x55, 0x55, 
	0x55, 0x55, 0x55, 0x55, 0x55, 0x55, 0x55, 0x55, 0x55, 0x55, 0x55, 0x55, 0x55, 0x55, 0x55, 
	0x55, 0x55, 0x55, 0x55, 0x55, 0x55, 0x55, 0x55, 0x55, 0x55, 0x55, 0x55, 0x55, 0x55, 0x55, 
	0x55, 0x55, 0x55, 0x55, 0x55, 0x55, 0x56, 0x78, 0x88, 0x88, 0x87, 0x77, 0x77, 0x88, 0x88, 
	0x88, 0x89, 0x99, 0x99, 0x99, 0x99, 0x99, 0x99, 0x99, 0x99, 0x99, 0x99, 0x99, 0x99, 0x99, 
	0x99, 0x99, 0x98, 0x88, 0x88, 0x88, 0x88, 0x88, 0x88, 0x88, 0x88, 0x88, 0x78, 0x77, 0x77, 
	0x77, 0x66, 0x65, 0x55, 0x44, 0x44, 0x44, 0x44, 0x44, 0x44, 0x55, 0x56, 0x66, 0x66, 0x77, 
	0x77, 0x77, 0x78, 0x88, 0x88, 0x88, 0x88, 0x88, 0x88, 0x88, 0x88, 0x88, 0x88, 0x88, 0x88, 
	0x88, 0x88, 0x88, 0x88, 0x89, 0x99, 0x99, 0x99, 0x99, 0x99, 0x99, 0x99, 0x99, 0x98, 0x87, 
	0x77, 0x77, 0x77, 0x76, 0x67, 0x77, 0x77, 0x66, 0x66, 0x66, 0x55, 0x55, 0x55, 0x55, 0x55, 
	0x55, 0x55, 0x55, 0x55, 0x55, 0x55, 0x55, 0x55, 0x55, 0x55, 0x55, 0x55, 0x55, 0x55, 0x55, 
	0x55, 0x55, 0x55, 0x55, 0x55, 0x55, 0x55, 0x55, 0x55, 0x55, 0x55, 0x55, 0x55, 0x55, 0x55, 
	0x55, 0x55, 0x55, 0x55, 0x55, 0x55, 0x55, 0x55, 0x55, 0x55, 0x55, 0x55, 0x55, 0x55, 0x55, 
	0x55, 0x55, 0x55, 0x55, 0x55, 0x55, 0x55, 0x55, 0x55, 0x55, 0x55, 0x55, 0x55, 0x55, 0x55, 
	0x55, 0x55, 0x66, 0x78, 0x88, 0x77, 0x66, 0x66, 0x66, 0x66, 0x66, 0x55, 0x55, 0x55, 0x55, 
	0x55, 0x55, 0x55, 0x55, 0x55, 0x55, 0x55, 0x54, 0x43, 0x33, 0x33, 0x33, 0x45, 0x54, 0x32, 
	0x22, 0x22, 0x22, 0x22, 0x22, 0x22, 0x22, 0x22, 0x22, 0x22, 0x22, 0x22, 0x22, 0x22, 0x22, 
	0x55, 0x55, 0x55, 0x55, 0x55, 0x55, 0x55, 0x55, 0x55, 0x54, 0x33, 0x33, 0x44, 0x55, 0x55, 
	0x55, 0x55, 0x55, 0x55, 0x55, 0x55, 0x55, 0x55, 0x55, 0x55, 0x55, 0x55, 0x55, 0x55, 0x55, 
	0x55, 0x55, 0x55, 0x55, 0x55, 0x55, 0x55, 0x55, 0x55, 0x55, 0x55, 0x55, 0x55, 0x55, 0x55, 
	0x55, 0x55, 0x55, 0x55, 0x55, 0x55, 0x55, 0x55, 0x55, 0x55, 0x55, 0x55, 0x55, 0x55, 0x55, 
	0x55, 0x55, 0x55, 0x55, 0x55, 0x55, 0x55, 0x55, 0x55, 0x55, 0x55, 0x55, 0x55, 0x55, 0x55, 
	0x55, 0x55, 0x55, 0x55, 0x55, 0x55, 0x55, 0x55, 0x55, 0x55, 0x55, 0x55, 0x55, 0x55, 0x55, 
	0x55, 0x55, 0x55, 0x55, 0x55, 0x55, 0x55, 0x67, 0x88, 0x88, 0x88, 0x77, 0x88, 0x88, 0x88, 
	0x88, 0x89, 0x99, 0x99, 0x99, 0x99, 0x99, 0x99, 0x99, 0x99, 0x99, 0x99, 0x99, 0x99, 0x99, 
	0x99, 0x88, 0x88, 0x88, 0x88, 0x88, 0x88, 0x88, 0x88, 0x88, 0x88, 0x87, 0x77, 0x77, 0x77, 
	0x77, 0x66, 0x65, 0x55, 0x54, 0x44, 0x44, 0x44, 0x44, 0x44, 0x55, 0x56, 0x66, 0x66, 0x67, 
	0x77, 0x77, 0x77, 0x88, 0x88, 0x88, 0x88, 0x88, 0x88, 0x88, 0x88, 0x88, 0x88, 0x88, 0x88, 
	0x88, 0x88, 0x88, 0x88, 0x88, 0x99, 0x88, 0x88, 0x88, 0x88, 0x89, 0x99, 0x99, 0x88, 0x87, 
	0x77, 0x77, 0x77, 0x76, 0x67, 0x77, 0x77, 0x66, 0x66, 0x55, 0x55, 0x55, 0x55, 0x55, 0x55, 
	0x55, 0x55, 0x55, 0x55, 0x55, 0x55, 0x55, 0x55, 0x55, 0x55, 0x55, 0x55, 0x55, 0x55, 0x55, 
	0x55, 0x55, 0x55, 0x55, 0x55, 0x55, 0x55, 0x55, 0x55, 0x55, 0x55, 0x55, 0x55, 0x55, 0x55, 
	0x55, 0x55, 0x55, 0x55, 0x55, 0x55, 0x55, 0x55, 0x55, 0x55, 0x55, 0x55, 0x55, 0x55, 0x55, 
	0x55, 0x55, 0x55, 0x55, 0x55, 0x55, 0x55, 0x55, 0x55, 0x55, 0x55, 0x55, 0x55, 0x55, 0x55, 
	0x55, 0x56, 0x66, 0x77, 0x88, 0x76, 0x66, 0x66, 0x66, 0x66, 0x66, 0x55, 0x55, 0x55, 0x55, 
	0x55, 0x55, 0x55, 0x55, 0x55, 0x55, 0x55, 0x54, 0x43, 0x33, 0x33, 0x34, 0x45, 0x54, 0x32, 
	0x22, 0x22, 0x22, 0x22, 0x22, 0x22, 0x22, 0x22, 0x22, 0x22, 0x22, 0x22, 0x22, 0x22, 0x22, 
	0x55, 0x55, 0x55, 0x55, 0x55, 0x55, 0x55, 0x55, 0x55, 0x54, 0x43, 0x33, 0x44, 0x55, 0x55, 
	0x55, 0x55, 0x55, 0x55, 0x55, 0x55, 0x55, 0x55, 0x55, 0x55, 0x55, 0x55, 0x55, 0x55, 0x55, 
	0x55, 0x55, 0x55, 0x55, 0x55, 0x55, 0x55, 0x55, 0x55, 0x55, 0x55, 0x55, 0x55, 0x55, 0x55, 
	0x55, 0x55, 0x55, 0x55, 0x55, 0x55, 0x55, 0x55, 0x55, 0x55, 0x55, 0x55, 0x55, 0x55, 0x55, 
	0x55, 0x55, 0x55, 0x55, 0x55, 0x55, 0x55, 0x55, 0x55, 0x55, 0x55, 0x55, 0x55, 0x55, 0x55, 
	0x55, 0x55, 0x55, 0x55, 0x55, 0x55, 0x55, 0x55, 0x55, 0x55, 0x55, 0x55, 0x55, 0x55, 0x55, 
	0x55, 0x55, 0x55, 0x55, 0x55, 0x55, 0x45, 0x56, 0x78, 0x88, 0x88, 0x77, 0x88, 0x88, 0x88, 
	0x88, 0x88, 0x99, 0x99, 0x99, 0x99, 0x99, 0x99, 0x99, 0x99, 0x99, 0x99, 0x99, 0x99, 0x88, 
	0x88, 0x88, 0x88, 0x88, 0x88, 0x88, 0x88, 0x88, 0x88, 0x88, 0x77, 0x77, 0x77, 0x77, 0x77, 
	0x76, 0x66, 0x65, 0x55, 0x54, 0x44, 0x44, 0x44, 0x44, 0x44, 0x55, 0x56, 0x66, 0x66, 0x66, 
	0x66, 0x77, 0x77, 0x78, 0x88, 0x88, 0x88, 0x88, 0x88, 0x88, 0x88, 0x88, 0x88, 0x88, 0x88, 
	0x88, 0x88, 0x88, 0x88, 0x88, 0x88, 0x88, 0x88, 0x88, 0x88, 0x88, 0x89, 0x88, 0x88, 0x77, 
	0x77, 0x77, 0x77, 0x76, 0x77, 0x77, 0x77, 0x66, 0x65, 0x55, 0x55, 0x55, 0x55, 0x55, 0x55, 
	0x55, 0x55, 0x55, 0x55, 0x55, 0x55, 0x55, 0x55, 0x55, 0x55, 0x55, 0x55, 0x55, 0x55, 0x55, 
	0x55, 0x55, 0x55, 0x55, 0x55, 0x55, 0x55, 0x55, 0x55, 0x55, 0x55, 0x55, 0x55, 0x55, 0x55, 
	0x55, 0x55, 0x55, 0x55, 0x55, 0x55, 0x55, 0x55, 0x55, 0x55, 0x55, 0x55, 0x55, 0x55, 0x55, 
	0x55, 0x55, 0x55, 0x55, 0x55, 0x55, 0x55, 0x55, 0x55, 0x55, 0x55, 0x55, 0x55, 0x55, 0x55, 
	0x55, 0x56, 0x66, 0x67, 0x88, 0x77, 0x66, 0x66, 0x66, 0x66, 0x66, 0x55, 0x55, 0x55, 0x55, 
	0x55, 0x55, 0x55, 0x55, 0x55, 0x55, 0x54, 0x44, 0x33, 0x33, 0x33, 0x44, 0x45, 0x54, 0x32, 
	0x22, 0x22, 0x22, 0x22, 0x22, 0x22, 0x22, 0x22, 0x22, 0x22, 0x22, 0x22, 0x22, 0x22, 0x22, 
	0x55, 0x55, 0x55, 0x55, 0x55, 0x55, 0x55, 0x55, 0x55, 0x55, 0x44, 0x33, 0x34, 0x45, 0x55, 
	0x55, 0x55, 0x55, 0x55, 0x55, 0x55, 0x55, 0x55, 0x55, 0x55, 0x55, 0x55, 0x55, 0x55, 0x55, 
	0x55, 0x55, 0x55, 0x55, 0x55, 0x55, 0x55, 0x55, 0x55, 0x55, 0x55, 0x55, 0x55, 0x55, 0x55, 
	0x55, 0x55, 0x55, 0x55, 0x55, 0x55, 0x55, 0x55, 0x55, 0x56, 0x66, 0x65, 0x55, 0x55, 0x55, 
	0x55, 0x55, 0x55, 0x55, 0x55, 0x55, 0x55, 0x55, 0x55, 0x55, 0x55, 0x55, 0x55, 0x55, 0x55, 
	0x55, 0x55, 0x55, 0x55, 0x55, 0x55, 0x55, 0x55, 0x55, 0x55, 0x55, 0x55, 0x55, 0x55, 0x55, 
	0x55, 0x55, 0x55, 0x55, 0x55, 0x55, 0x55, 0x55, 0x67, 0x77, 0x88, 0x87, 0x88, 0x88, 0x88, 
	0x88, 0x88, 0x99, 0x99, 0x99, 0x99, 0x99, 0x99, 0x99, 0x99, 0x99, 0x99, 0x98, 0x88, 0x88, 
	0x88, 0x88, 0x88, 0x88, 0x88, 0x88, 0x88, 0x88, 0x88, 0x77, 0x77, 0x77, 0x77, 0x77, 0x77, 
	0x66, 0x66, 0x65, 0x55, 0x54, 0x44, 0x44, 0x44, 0x44, 0x44, 0x55, 0x56, 0x66, 0x66, 0x66, 
	0x66, 0x67, 0x77, 0x78, 0x88, 0x88, 0x88, 0x88, 0x88, 0x88, 0x88, 0x88, 0x88, 0x88, 0x88, 
	0x88, 0x88, 0x88, 0x88, 0x88, 0x88, 0x88, 0x88, 0x88, 0x88, 0x88, 0x88, 0x88, 0x88, 0x77, 
	0x77, 0x77, 0x77, 0x77, 0x77, 0x77, 0x66, 0x66, 0x55, 0x55, 0x55, 0x55, 0x55, 0x55, 0x55, 
	0x55, 0x55, 0x55, 0x55, 0x55, 0x55, 0x55, 0x55, 0x55, 0x55, 0x55, 0x55, 0x55, 0x55, 0x55, 
	0x55, 0x55, 0x55, 0x55, 0x55, 0x55, 0x55, 0x55, 0x55, 0x55, 0x55, 0x55, 0x55, 0x55, 0x55, 
	0x55, 0x55, 0x55, 0x55, 0x55, 0x55, 0x55, 0x55, 0x55, 0x55, 0x55, 0x55, 0x55, 0x55, 0x55, 
	0x55, 0x55, 0x55, 0x55, 0x55, 0x55, 0x55, 0x55, 0x55, 0x55, 0x55, 0x55, 0x55, 0x55, 0x55, 
	0x55, 0x55, 0x66, 0x67, 0x78, 0x77, 0x66, 0x66, 0x66, 0x66, 0x66, 0x55, 0x55, 0x55, 0x55, 
	0x55, 0x55, 0x55, 0x55, 0x55, 0x55, 0x54, 0x43, 0x33, 0x33, 0x33, 0x44, 0x55, 0x54, 0x32, 
	0x22, 0x22, 0x22, 0x22, 0x22, 0x22, 0x22, 0x22, 0x22, 0x22, 0x22, 0x22, 0x22, 0x22, 0x22, 
	0x55, 0x55, 0x55, 0x55, 0x55, 0x55, 0x55, 0x55, 0x55, 0x55, 0x54, 0x43, 0x33, 0x44, 0x55, 
	0x55, 0x55, 0x55, 0x55, 0x55, 0x55, 0x55, 0x55, 0x55, 0x55, 0x55, 0x55, 0x55, 0x55, 0x55, 
	0x55, 0x55, 0x55, 0x55, 0x55, 0x55, 0x55, 0x55, 0x55, 0x55, 0x55, 0x55, 0x55, 0x55, 0x55, 
	0x55, 0x55, 0x55, 0x55, 0x55, 0x55, 0x55, 0x55, 0x56, 0x66, 0x66, 0x66, 0x66, 0x66, 0x55, 
	0x55, 0x55, 0x55, 0x55, 0x55, 0x55, 0x55, 0x55, 0x55, 0x55, 0x55, 0x55, 0x55, 0x55, 0x55, 
	0x55, 0x55, 0x55, 0x55, 0x55, 0x55, 0x55, 0x55, 0x55, 0x55, 0x55, 0x55, 0x55, 0x55, 0x55, 
	0x55, 0x55, 0x55, 0x55, 0x55, 0x55, 0x55, 0x55, 0x56, 0x67, 0x78, 0x87, 0x78, 0x88, 0x88, 
	0x88, 0x88, 0x89, 0x99, 0x99, 0x99, 0x99, 0x99, 0x99, 0x99, 0x99, 0x88, 0x88, 0x88, 0x88, 
	0x88, 0x88, 0x88, 0x88, 0x88, 0x88, 0x88, 0x88, 0x87, 0x77, 0x77, 0x77, 0x77, 0x76, 0x66, 
	0x66, 0x66, 0x65, 0x55, 0x54, 0x44, 0x44, 0x44, 0x44, 0x44, 0x55, 0x56, 0x66, 0x66, 0x66, 
	0x66, 0x66, 0x77, 0x77, 0x88, 0x88, 0x88, 0x88, 0x88, 0x88, 0x88, 0x88, 0x88, 0x88, 0x88, 
	0x88, 0x88, 0x88, 0x88, 0x88, 0x88, 0x88, 0x88, 0x88, 0x88, 0x88, 0x88, 0x88, 0x87, 0x77, 
	0x77, 0x77, 0x77, 0x77, 0x77, 0x76, 0x66, 0x55, 0x55, 0x55, 0x55, 0x55, 0x55, 0x55, 0x55, 
	0x55, 0x55, 0x55, 0x55, 0x55, 0x55, 0x55, 0x55, 0x55, 0x55, 0x55, 0x55, 0x55, 0x55, 0x55, 
	0x55, 0x55, 0x55, 0x55, 0x55, 0x55, 0x55, 0x55, 0x55, 0x55, 0x55, 0x55, 0x55, 0x55, 0x55, 
	0x55, 0x55, 0x55, 0x55, 0x55, 0x55, 0x55, 0x55, 0x55, 0x55, 0x55, 0x55, 0x55, 0x55, 0x55, 
	0x55, 0x55, 0x55, 0x55, 0x55, 0x55, 0x55, 0x55, 0x55, 0x55, 0x55, 0x55, 0x55, 0x55, 0x55, 
	0x55, 0x55, 0x66, 0x66, 0x77, 0x76, 0x66, 0x66, 0x66, 0x66, 0x66, 0x55, 0x55, 0x55, 0x55, 
	0x55, 0x55, 0x55, 0x55, 0x55, 0x55, 0x44, 0x33, 0x33, 0x33, 0x34, 0x45, 0x55, 0x54, 0x32, 
	0x22, 0x22, 0x22, 0x22, 0x22, 0x22, 0x22, 0x22, 0x22, 0x22, 0x22, 0x22, 0x22, 0x22, 0x22, 
	0x55, 0x55, 0x55, 0x55, 0x55, 0x55, 0x55, 0x55, 0x55, 0x55, 0x55, 0x43, 0x33, 0x34, 0x55, 
	0x55, 0x55, 0x55, 0x55, 0x55, 0x55, 0x55, 0x55, 0x55, 0x55, 0x55, 0x55, 0x55, 0x55, 0x55, 
	0x55, 0x55, 0x55, 0x55, 0x55, 0x55, 0x55, 0x55, 0x55, 0x55, 0x55, 0x55, 0x55, 0x55, 0x55, 
	0x55, 0x55, 0x55, 0x55, 0x55, 0x55, 0x55, 0x56, 0x66, 0x66, 0x66, 0x66, 0x66, 0x66, 0x65, 
	0x55, 0x55, 0x55, 0x55, 0x55, 0x55, 0x55, 0x55, 0x55, 0x55, 0x55, 0x55, 0x55, 0x55, 0x55, 
	0x55, 0x55, 0x55, 0x55, 0x55, 0x55, 0x55, 0x55, 0x55, 0x55, 0x55, 0x55, 0x55, 0x55, 0x55, 
	0x55, 0x55, 0x55, 0x55, 0x55, 0x55, 0x55, 0x55, 0x55, 0x56, 0x77, 0x88, 0x78, 0x88, 0x88, 
	0x88, 0x88, 0x88, 0x99, 0x99, 0x99, 0x99, 0x99, 0x99, 0x98, 0x88, 0x88, 0x88, 0x88, 0x88, 
	0x88, 0x88, 0x88, 0x88, 0x88, 0x88, 0x88, 0x87, 0x77, 0x77, 0x77, 0x77, 0x77, 0x66, 0x66, 
	0x66, 0x66, 0x55, 0x55, 0x54, 0x44, 0x44, 0x44, 0x44, 0x45, 0x55, 0x55, 0x66, 0x66, 0x66, 
	0x66, 0x66, 0x67, 0x77, 0x77, 0x77, 0x88, 0x88, 0x88, 0x88, 0x88, 0x88, 0x88, 0x88, 0x88, 
	0x88, 0x88, 0x88, 0x88, 0x88, 0x88, 0x88, 0x88, 0x88, 0x88, 0x88, 0x88, 0x88, 0x87, 0x77, 
	0x77, 0x77, 0x77, 0x77, 0x77, 0x76, 0x65, 0x55, 0x55, 0x55, 0x55, 0x55, 0x55, 0x55, 0x55, 
	0x55, 0x55, 0x55, 0x55, 0x55, 0x55, 0x55, 0x55, 0x55, 0x55, 0x55, 0x55, 0x55, 0x55, 0x55, 
	0x55, 0x55, 0x55, 0x55, 0x55, 0x55, 0x55, 0x55, 0x55, 0x55, 0x55, 0x55, 0x55, 0x55, 0x55, 
	0x55, 0x55, 0x55, 0x55, 0x55, 0x55, 0x55, 0x55, 0x55, 0x55, 0x55, 0x55, 0x55, 0x55, 0x55, 
	0x55, 0x55, 0x55, 0x55, 0x55, 0x55, 0x55, 0x55, 0x55, 0x55, 0x55, 0x55, 0x55, 0x55, 0x55, 
	0x55, 0x55, 0x56, 0x66, 0x77, 0x66, 0x66, 0x66, 0x66, 0x66, 0x66, 0x55, 0x55, 0x55, 0x55, 
	0x55, 0x55, 0x55, 0x55, 0x55, 0x55, 0x44, 0x33, 0x33, 0x33, 0x34, 0x45, 0x55, 0x44, 0x22, 
	0x22, 0x22, 0x22, 0x22, 0x22, 0x22, 0x22, 0x22, 0x22, 0x22, 0x22, 0x22, 0x22, 0x22, 0x22, 
	0x55, 0x55, 0x55, 0x55, 0x55, 0x55, 0x55, 0x55, 0x55, 0x55, 0x55, 0x44, 0x33, 0x34, 0x44, 
	0x55, 0x55, 0x55, 0x55, 0x55, 0x55, 0x55, 0x55, 0x55, 0x55, 0x55, 0x55, 0x55, 0x55, 0x55, 
	0x55, 0x55, 0x55, 0x55, 0x55, 0x55, 0x55, 0x55, 0x55, 0x55, 0x55, 0x55, 0x55, 0x55, 0x55, 
	0x55, 0x55, 0x55, 0x55, 0x55, 0x55, 0x56, 0x66, 0x66, 0x66, 0x66, 0x66, 0x66, 0x66, 0x66, 
	0x66, 0x66, 0x55, 0x55, 0x55, 0x55, 0x55, 0x55, 0x55, 0x55, 0x55, 0x55, 0x55, 0x55, 0x55, 
	0x55, 0x55, 0x55, 0x55, 0x55, 0x55, 0x55, 0x55, 0x55, 0x55, 0x55, 0x55, 0x55, 0x55, 0x55, 
	0x55, 0x55, 0x55, 0x55, 0x55, 0x55, 0x55, 0x55, 0x55, 0x55, 0x67, 0x78, 0x88, 0x88, 0x88, 
	0x88, 0x88, 0x88, 0x88, 0x99, 0x99, 0x99, 0x99, 0x88, 0x88, 0x88, 0x88, 0x88, 0x88, 0x88, 
	0x88, 0x88, 0x88, 0x88, 0x88, 0x87, 0x77, 0x77, 0x77, 0x77, 0x77, 0x77, 0x66, 0x66, 0x66, 
	0x66, 0x65, 0x55, 0x55, 0x55, 0x44, 0x44, 0x44, 0x44, 0x45, 0x55, 0x55, 0x56, 0x65, 0x66, 
	0x66, 0x66, 0x66, 0x67, 0x77, 0x77, 0x77, 0x78, 0x88, 0x88, 0x88, 0x88, 0x88, 0x88, 0x88, 
	0x88, 0x88, 0x88, 0x88, 0x88, 0x88, 0x88, 0x88, 0x88, 0x88, 0x88, 0x88, 0x88, 0x77, 0x77, 
	0x77, 0x77, 0x77, 0x77, 0x77, 0x66, 0x55, 0x55, 0x55, 0x55, 0x55, 0x55, 0x55, 0x55, 0x55, 
	0x55, 0x55, 0x55, 0x55, 0x55, 0x55, 0x55, 0x55, 0x55, 0x55, 0x55, 0x55, 0x55, 0x55, 0x55, 
	0x55, 0x55, 0x55, 0x55, 0x55, 0x55, 0x55, 0x55, 0x55, 0x55, 0x55, 0x55, 0x55, 0x55, 0x55, 
	0x55, 0x55, 0x55, 0x55, 0x55, 0x55, 0x55, 0x55, 0x55, 0x55, 0x55, 0x55, 0x55, 0x55, 0x55, 
	0x55, 0x55, 0x55, 0x55, 0x55, 0x55, 0x55, 0x55, 0x55, 0x55, 0x55, 0x55, 0x55, 0x55, 0x55, 
	0x55, 0x55, 0x56, 0x66, 0x66, 0x66, 0x66, 0x66, 0x66, 0x66, 0x66, 0x55, 0x55, 0x55, 0x55, 
	0x55, 0x55, 0x55, 0x55, 0x55, 0x54, 0x43, 0x33, 0x33, 0x33, 0x44, 0x45, 0x55, 0x43, 0x22, 
	0x22, 0x22, 0x22, 0x22, 0x22, 0x22, 0x22, 0x22, 0x22, 0x22, 0x22, 0x22, 0x22, 0x22, 0x22, 
	0x55, 0x55, 0x55, 0x55, 0x55, 0x55, 0x55, 0x55, 0x55, 0x55, 0x55, 0x54, 0x43, 0x33, 0x44, 
	0x55, 0x55, 0x55, 0x55, 0x55, 0x55, 0x55, 0x55, 0x55, 0x55, 0x55, 0x55, 0x55, 0x55, 0x55, 
	0x55, 0x55, 0x55, 0x55, 0x55, 0x55, 0x55, 0x55, 0x55, 0x55, 0x55, 0x55, 0x55, 0x55, 0x55, 
	0x55, 0x55, 0x55, 0x55, 0x55, 0x55, 0x66, 0x66, 0x66, 0x66, 0x66, 0x66, 0x66, 0x66, 0x66, 
	0x66, 0x66, 0x65, 0x55, 0x55, 0x55, 0x55, 0x55, 0x55, 0x55, 0x55, 0x55, 0x55, 0x55, 0x55, 
	0x55, 0x55, 0x55, 0x55, 0x55, 0x55, 0x55, 0x55, 0x55, 0x55, 0x55, 0x55, 0x55, 0x55, 0x55, 
	0x55, 0x55, 0x55, 0x55, 0x55, 0x55, 0x55, 0x55, 0x55, 0x55, 0x56, 0x78, 0x88, 0x78, 0x88, 
	0x88, 0x88, 0x88, 0x88, 0x89, 0x99, 0x98, 0x88, 0x88, 0x88, 0x88, 0x88, 0x88, 0x88, 0x88, 
	0x88, 0x88, 0x88, 0x88, 0x88, 0x77, 0x77, 0x77, 0x77, 0x77, 0x77, 0x76, 0x66, 0x66, 0x66, 
	0x65, 0x65, 0x55, 0x55, 0x55, 0x44, 0x44, 0x44, 0x44, 0x45, 0x55, 0x55, 0x55, 0x55, 0x55, 
	0x66, 0x66, 0x66, 0x66, 0x77, 0x77, 0x77, 0x77, 0x88, 0x88, 0x88, 0x88, 0x88, 0x88, 0x88, 
	0x88, 0x88, 0x88, 0x88, 0x88, 0x88, 0x88, 0x88, 0x88, 0x88, 0x88, 0x88, 0x77, 0x77, 0x77, 
	0x78, 0x88, 0x88, 0x88, 0x76, 0x65, 0x55, 0x55, 0x55, 0x55, 0x55, 0x55, 0x55, 0x55, 0x55, 
	0x55, 0x55, 0x55, 0x55, 0x55, 0x55, 0x55, 0x55, 0x55, 0x55, 0x55, 0x55, 0x55, 0x55, 0x55, 
	0x55, 0x55, 0x55, 0x55, 0x55, 0x55, 0x55, 0x55, 0x55, 0x55, 0x55, 0x55, 0x55, 0x55, 0x55, 
	0x55, 0x55, 0x55, 0x55, 0x55, 0x55, 0x55, 0x55, 0x55, 0x55, 0x55, 0x55, 0x55, 0x55, 0x55, 
	0x55, 0x55, 0x55, 0x55, 0x55, 0x55, 0x55, 0x55, 0x55, 0x55, 0x55, 0x55, 0x55, 0x55, 0x55, 
	0x55, 0x55, 0x56, 0x66, 0x66, 0x66, 0x66, 0x66, 0x66, 0x66, 0x66, 0x55, 0x55, 0x55, 0x55, 
	0x55, 0x55, 0x55, 0x55, 0x55, 0x44, 0x33, 0x33, 0x33, 0x34, 0x44, 0x55, 0x55, 0x43, 0x22, 
	0x22, 0x22, 0x22, 0x22, 0x22, 0x22, 0x22, 0x22, 0x22, 0x22, 0x22, 0x22, 0x22, 0x22, 0x22, 
	0x55, 0x55, 0x55, 0x55, 0x55, 0x55, 0x55, 0x55, 0x55, 0x55, 0x55, 0x55, 0x44, 0x33, 0x34, 
	0x45, 0x55, 0x55, 0x55, 0x55, 0x55, 0x55, 0x55, 0x55, 0x55, 0x55, 0x55, 0x55, 0x55, 0x55, 
	0x55, 0x55, 0x55, 0x55, 0x55, 0x55, 0x55, 0x55, 0x55, 0x55, 0x55, 0x55, 0x55, 0x55, 0x55, 
	0x55, 0x55, 0x55, 0x55, 0x56, 0x66, 0x66, 0x66, 0x66, 0x66, 0x66, 0x66, 0x66, 0x66, 0x66, 
	0x66, 0x66, 0x55, 0x55, 0x55, 0x55, 0x55, 0x55, 0x55, 0x55, 0x55, 0x55, 0x55, 0x55, 0x55, 
	0x55, 0x55, 0x55, 0x55, 0x55, 0x55, 0x55, 0x55, 0x55, 0x55, 0x55, 0x55, 0x55, 0x55, 0x55, 
	0x55, 0x55, 0x55, 0x55, 0x55, 0x55, 0x55, 0x55, 0x55, 0x55, 0x55, 0x67, 0x78, 0x88, 0x88, 
	0x88, 0x88, 0x88, 0x88, 0x88, 0x88, 0x88, 0x88, 0x88, 0x88, 0x88, 0x88, 0x88, 0x88, 0x88, 
	0x88, 0x88, 0x77, 0x88, 0x87, 0x77, 0x77, 0x77, 0x77, 0x77, 0x77, 0x66, 0x66, 0x66, 0x66, 
	0x66, 0x55, 0x55, 0x55, 0x55, 0x44, 0x44, 0x44, 0x44, 0x44, 0x55, 0x55, 0x55, 0x55, 0x55, 
	0x66, 0x66, 0x66, 0x66, 0x67, 0x77, 0x77, 0x77, 0x77, 0x77, 0x77, 0x88, 0x88, 0x88, 0x88, 
	0x88, 0x88, 0x88, 0x88, 0x88, 0x88, 0x88, 0x88, 0x88, 0x88, 0x88, 0x88, 0x77, 0x77, 0x78, 
	0x88, 0x88, 0x88, 0x87, 0x66, 0x55, 0x54, 0x55, 0x55, 0x55, 0x55, 0x55, 0x55, 0x55, 0x55, 
	0x55, 0x55, 0x55, 0x55, 0x55, 0x55, 0x55, 0x55, 0x55, 0x55, 0x55, 0x55, 0x55, 0x55, 0x55, 
	0x55, 0x55, 0x55, 0x55, 0x55, 0x55, 0x55, 0x55, 0x55, 0x55, 0x55, 0x55, 0x55, 0x55, 0x55, 
	0x55, 0x55, 0x55, 0x55, 0x55, 0x55, 0x55, 0x55, 0x55, 0x55, 0x55, 0x55, 0x55, 0x55, 0x55, 
	0x55, 0x55, 0x55, 0x55, 0x55, 0x55, 0x55, 0x55, 0x55, 0x55, 0x55, 0x55, 0x55, 0x55, 0x55, 
	0x55, 0x55, 0x56, 0x66, 0x66, 0x66, 0x66, 0x56, 0x66, 0x66, 0x66, 0x55, 0x55, 0x55, 0x55, 
	0x55, 0x55, 0x55, 0x55, 0x44, 0x43, 0x33, 0x33, 0x33, 0x34, 0x55, 0x55, 0x55, 0x43, 0x22, 
	0x22, 0x22, 0x22, 0x22, 0x22, 0x22, 0x22, 0x22, 0x22, 0x22, 0x22, 0x22, 0x22, 0x22, 0x22, 
	0x55, 0x55, 0x55, 0x55, 0x55, 0x55, 0x55, 0x55, 0x55, 0x55, 0x55, 0x55, 0x54, 0x33, 0x33, 
	0x44, 0x45, 0x55, 0x55, 0x55, 0x55, 0x55, 0x55, 0x55, 0x55, 0x55, 0x55, 0x55, 0x55, 0x55, 
	0x55, 0x55, 0x55, 0x55, 0x55, 0x55, 0x55, 0x55, 0x55, 0x55, 0x55, 0x55, 0x55, 0x55, 0x55, 
	0x55, 0x55, 0x55, 0x55, 0x56, 0x66, 0x66, 0x66, 0x66, 0x66, 0x66, 0x66, 0x66, 0x66, 0x66, 
	0x66, 0x66, 0x65, 0x55, 0x55, 0x55, 0x55, 0x55, 0x55, 0x55, 0x55, 0x55, 0x55, 0x55, 0x55, 
	0x55, 0x55, 0x55, 0x55, 0x55, 0x55, 0x55, 0x55, 0x55, 0x55, 0x55, 0x55, 0x55, 0x55, 0x55, 
	0x55, 0x55, 0x55, 0x55, 0x55, 0x55, 0x55, 0x55, 0x55, 0x55, 0x55, 0x56, 0x77, 0x78, 0x88, 
	0x88, 0x88, 0x88, 0x88, 0x88, 0x88, 0x88, 0x88, 0x88, 0x88, 0x88, 0x88, 0x88, 0x88, 0x88, 
	0x88, 0x87, 0x77, 0x77, 0x77, 0x77, 0x77, 0x77, 0x77, 0x77, 0x66, 0x66, 0x66, 0x66, 0x66, 
	0x65, 0x55, 0x55, 0x55, 0x55, 0x44, 0x44, 0x44, 0x44, 0x45, 0x55, 0x55, 0x55, 0x55, 0x55, 
	0x56, 0x66, 0x66, 0x66, 0x66, 0x67, 0x77, 0x77, 0x77, 0x77, 0x77, 0x77, 0x77, 0x78, 0x88, 
	0x88, 0x88, 0x88, 0x88, 0x88, 0x88, 0x88, 0x88, 0x88, 0x88, 0x88, 0x88, 0x77, 0x77, 0x78, 
	0x88, 0x88, 0x88, 0x87, 0x65, 0x55, 0x55, 0x55, 0x55, 0x55, 0x55, 0x55, 0x55, 0x55, 0x55, 
	0x55, 0x55, 0x55, 0x55, 0x55, 0x55, 0x55, 0x55, 0x55, 0x55, 0x55, 0x55, 0x55, 0x55, 0x55, 
	0x55, 0x55, 0x55, 0x55, 0x55, 0x55, 0x55, 0x55, 0x55, 0x55, 0x55, 0x55, 0x55, 0x55, 0x55, 
	0x55, 0x55, 0x55, 0x55, 0x55, 0x55, 0x55, 0x55, 0x55, 0x55, 0x55, 0x55, 0x55, 0x55, 0x55, 
	0x55, 0x55, 0x55, 0x55, 0x55, 0x55, 0x55, 0x55, 0x55, 0x55, 0x55, 0x55, 0x55, 0x55, 0x55, 
	0x55, 0x55, 0x56, 0x66, 0x66, 0x66, 0x66, 0x66, 0x66, 0x66, 0x66, 0x55, 0x55, 0x55, 0x55, 
	0x55, 0x55, 0x55, 0x54, 0x44, 0x33, 0x33, 0x33, 0x33, 0x44, 0x55, 0x55, 0x55, 0x43, 0x22, 
	0x22, 0x22, 0x22, 0x22, 0x22, 0x22, 0x22, 0x22, 0x22, 0x22, 0x22, 0x22, 0x22, 0x22, 0x22, 
	0x45, 0x55, 0x55, 0x55, 0x55, 0x55, 0x55, 0x55, 0x55, 0x55, 0x55, 0x55, 0x54, 0x43, 0x33, 
	0x34, 0x44, 0x55, 0x55, 0x55, 0x55, 0x55, 0x55, 0x55, 0x55, 0x55, 0x55, 0x55, 0x55, 0x55, 
	0x55, 0x55, 0x55, 0x55, 0x55, 0x55, 0x55, 0x55, 0x55, 0x55, 0x55, 0x55, 0x55, 0x55, 0x55, 
	0x55, 0x55, 0x55, 0x55, 0x66, 0x66, 0x66, 0x66, 0x66, 0x66, 0x66, 0x66, 0x66, 0x66, 0x66, 
	0x66, 0x66, 0x66, 0x65, 0x55, 0x55, 0x55, 0x55, 0x55, 0x55, 0x55, 0x55, 0x55, 0x55, 0x55, 
	0x55, 0x55, 0x55, 0x55, 0x55, 0x55, 0x55, 0x55, 0x55, 0x55, 0x55, 0x55, 0x55, 0x55, 0x55, 
	0x55, 0x55, 0x55, 0x55, 0x55, 0x55, 0x55, 0x55, 0x55, 0x55, 0x55, 0x55, 0x66, 0x77, 0x88, 
	0x88, 0x88, 0x88, 0x88, 0x88, 0x88, 0x88, 0x88, 0x88, 0x88, 0x88, 0x88, 0x88, 0x88, 0x88, 
	0x88, 0x77, 0x77, 0x77, 0x77, 0x77, 0x77, 0x77, 0x77, 0x66, 0x66, 0x66, 0x66, 0x66, 0x66, 
	0x65, 0x55, 0x55, 0x55, 0x55, 0x44, 0x44, 0x44, 0x44, 0x45, 0x55, 0x55, 0x55, 0x55, 0x55, 
	0x55, 0x66, 0x66, 0x66, 0x66, 0x66, 0x66, 0x67, 0x77, 0x77, 0x77, 0x77, 0x77, 0x77, 0x77, 
	0x88, 0x88, 0x88, 0x88, 0x88, 0x88, 0x88, 0x88, 0x88, 0x88, 0x88, 0x87, 0x77, 0x77, 0x78, 
	0x88, 0x88, 0x98, 0x86, 0x55, 0x55, 0x55, 0x55, 0x55, 0x55, 0x55, 0x55, 0x55, 0x55, 0x55, 
	0x55, 0x55, 0x55, 0x55, 0x55, 0x55, 0x55, 0x55, 0x55, 0x55, 0x55, 0x55, 0x55, 0x55, 0x55, 
	0x55, 0x55, 0x55, 0x55, 0x55, 0x55, 0x55, 0x55, 0x55, 0x55, 0x55, 0x55, 0x55, 0x55, 0x55, 
	0x55, 0x55, 0x55, 0x55, 0x55, 0x55, 0x55, 0x55, 0x55, 0x55, 0x55, 0x55, 0x55, 0x55, 0x55, 
	0x55, 0x55, 0x55, 0x55, 0x55, 0x55, 0x55, 0x55, 0x55, 0x55, 0x55, 0x55, 0x55, 0x55, 0x55, 
	0x55, 0x55, 0x56, 0x66, 0x66, 0x66, 0x66, 0x66, 0x66, 0x66, 0x66, 0x55, 0x55, 0x55, 0x55, 
	0x55, 0x55, 0x55, 0x54, 0x43, 0x33, 0x33, 0x33, 0x34, 0x45, 0x55, 0x55, 0x54, 0x32, 0x22, 
	0x22, 0x22, 0x22, 0x22, 0x22, 0x22, 0x22, 0x22, 0x22, 0x22, 0x22, 0x22, 0x22, 0x22, 0x22, 
	0x44, 0x55, 0x55, 0x55, 0x55, 0x55, 0x55, 0x55, 0x55, 0x55, 0x55, 0x55, 0x55, 0x44, 0x33, 
	0x33, 0x44, 0x55, 0x55, 0x55, 0x55, 0x55, 0x55, 0x55, 0x55, 0x55, 0x55, 0x55, 0x55, 0x55, 
	0x55, 0x55, 0x55, 0x55, 0x55, 0x55, 0x55, 0x55, 0x55, 0x55, 0x55, 0x55, 0x55, 0x55, 0x55, 
	0x55, 0x55, 0x55, 0x55, 0x66, 0x66, 0x66, 0x66, 0x66, 0x66, 0x66, 0x66, 0x66, 0x66, 0x66, 
	0x66, 0x66, 0x66, 0x66, 0x55, 0x55, 0x55, 0x55, 0x55, 0x55, 0x55, 0x55, 0x55, 0x55, 0x55, 
	0x55, 0x55, 0x55, 0x55, 0x55, 0x55, 0x55, 0x55, 0x55, 0x55, 0x55, 0x55, 0x55, 0x55, 0x55, 
	0x55, 0x55, 0x55, 0x55, 0x55, 0x55, 0x55, 0x55, 0x55, 0x55, 0x55, 0x55, 0x56, 0x67, 0x77, 
	0x88, 0x88, 0x88, 0x88, 0x88, 0x88, 0x88, 0x88, 0x88, 0x88, 0x88, 0x88, 0x88, 0x88, 0x87, 
	0x77, 0x77, 0x77, 0x77, 0x77, 0x77, 0x77, 0x76, 0x66, 0x66, 0x66, 0x66, 0x66, 0x66, 0x66, 
	0x55, 0x55, 0x55, 0x55, 0x55, 0x44, 0x44, 0x44, 0x44, 0x45, 0x55, 0x55, 0x55, 0x55, 0x55, 
	0x55, 0x56, 0x66, 0x66, 0x66, 0x66, 0x66, 0x66, 0x66, 0x66, 0x66, 0x77, 0x77, 0x77, 0x77, 
	0x77, 0x78, 0x88, 0x88, 0x88, 0x88, 0x88, 0x88, 0x88, 0x88, 0x87, 0x77, 0x77, 0x77, 0x78, 
	0x88, 0x88, 0x99, 0x87, 0x65, 0x55, 0x55, 0x55, 0x55, 0x55, 0x55, 0x55, 0x55, 0x55, 0x55, 
	0x55, 0x55, 0x55, 0x55, 0x55, 0x55, 0x55, 0x55, 0x55, 0x55, 0x55, 0x55, 0x55, 0x55, 0x55, 
	0x55, 0x55, 0x55, 0x55, 0x55, 0x55, 0x55, 0x55, 0x55, 0x55, 0x55, 0x55, 0x55, 0x55, 0x55, 
	0x55, 0x55, 0x55, 0x55, 0x55, 0x55, 0x55, 0x55, 0x55, 0x55, 0x55, 0x55, 0x55, 0x55, 0x55, 
	0x55, 0x55, 0x55, 0x55, 0x55, 0x55, 0x55, 0x55, 0x55, 0x55, 0x55, 0x55, 0x55, 0x55, 0x55, 
	0x55, 0x55, 0x55, 0x66, 0x66, 0x66, 0x66, 0x66, 0x66, 0x55, 0x55, 0x55, 0x55, 0x55, 0x55, 
	0x55, 0x55, 0x44, 0x44, 0x33, 0x33, 0x33, 0x33, 0x44, 0x55, 0x55, 0x55, 0x54, 0x32, 0x22, 
	0x22, 0x22, 0x22, 0x22, 0x22, 0x22, 0x22, 0x22, 0x22, 0x22, 0x22, 0x22, 0x22, 0x22, 0x22, 
	0x44, 0x55, 0x55, 0x55, 0x55, 0x55, 0x55, 0x55, 0x55, 0x55, 0x55, 0x55, 0x55, 0x54, 0x44, 
	0x33, 0x34, 0x44, 0x55, 0x55, 0x55, 0x55, 0x55, 0x55, 0x55, 0x55, 0x55, 0x55, 0x55, 0x55, 
	0x55, 0x55, 0x55, 0x55, 0x55, 0x55, 0x55, 0x55, 0x55, 0x55, 0x55, 0x55, 0x55, 0x55, 0x55, 
	0x55, 0x55, 0x55, 0x55, 0x66, 0x66, 0x66, 0x66, 0x66, 0x66, 0x66, 0x66, 0x66, 0x66, 0x66, 
	0x66, 0x66, 0x66, 0x66, 0x66, 0x55, 0x55, 0x55, 0x55, 0x55, 0x55, 0x55, 0x55, 0x55, 0x55, 
	0x55, 0x55, 0x55, 0x55, 0x55, 0x55, 0x55, 0x55, 0x55, 0x55, 0x55, 0x55, 0x55, 0x55, 0x55, 
	0x55, 0x55, 0x55, 0x55, 0x55, 0x55, 0x55, 0x55, 0x55, 0x55, 0x55, 0x55, 0x55, 0x66, 0x77, 
	0x78, 0x88, 0x88, 0x88, 0x88, 0x88, 0x88, 0x88, 0x88, 0x88, 0x88, 0x88, 0x88, 0x88, 0x77, 
	0x77, 0x77, 0x77, 0x77, 0x77, 0x77, 0x66, 0x66, 0x66, 0x66, 0x66, 0x66, 0x66, 0x66, 0x65, 
	0x55, 0x55, 0x55, 0x55, 0x55, 0x44, 0x44, 0x44, 0x44, 0x45, 0x55, 0x55, 0x55, 0x55, 0x55, 
	0x55, 0x55, 0x56, 0x66, 0x66, 0x66, 0x66, 0x66, 0x66, 0x66, 0x66, 0x66, 0x66, 0x66, 0x67, 
	0x77, 0x77, 0x77, 0x77, 0x77, 0x77, 0x78, 0x88, 0x88, 0x87, 0x77, 0x77, 0x77, 0x77, 0x78, 
	0x88, 0x88, 0x89, 0x87, 0x65, 0x55, 0x55, 0x55, 0x55, 0x55, 0x55, 0x55, 0x55, 0x55, 0x55, 
	0x55, 0x55, 0x55, 0x55, 0x55, 0x55, 0x55, 0x55, 0x55, 0x55, 0x55, 0x55, 0x55, 0x55, 0x55, 
	0x55, 0x55, 0x55, 0x55, 0x55, 0x55, 0x55, 0x55, 0x55, 0x55, 0x55, 0x55, 0x55, 0x55, 0x55, 
	0x55, 0x55, 0x55, 0x55, 0x55, 0x55, 0x55, 0x55, 0x55, 0x55, 0x55, 0x55, 0x55, 0x55, 0x55, 
	0x55, 0x55, 0x55, 0x55, 0x55, 0x55, 0x55, 0x55, 0x55, 0x55, 0x55, 0x55, 0x55, 0x55, 0x55, 
	0x55, 0x55, 0x55, 0x56, 0x65, 0x55, 0x55, 0x54, 0x44, 0x44, 0x45, 0x55, 0x55, 0x55, 0x55, 
	0x55, 0x54, 0x44, 0x33, 0x33, 0x33, 0x33, 0x34, 0x45, 0x55, 0x55, 0x55, 0x54, 0x32, 0x22, 
	0x22, 0x22, 0x22, 0x22, 0x22, 0x22, 0x22, 0x22, 0x22, 0x22, 0x22, 0x22, 0x22, 0x22, 0x22, 
	0x44, 0x55, 0x55, 0x55, 0x55, 0x55, 0x55, 0x55, 0x55, 0x55, 0x55, 0x55, 0x55, 0x55, 0x44, 
	0x43, 0x33, 0x34, 0x44, 0x55, 0x55, 0x55, 0x55, 0x55, 0x55, 0x55, 0x55, 0x55, 0x55, 0x55, 
	0x55, 0x55, 0x55, 0x55, 0x55, 0x55, 0x55, 0x55, 0x55, 0x55, 0x55, 0x55, 0x55, 0x55, 0x55, 
	0x55, 0x55, 0x55, 0x56, 0x66, 0x66, 0x66, 0x66, 0x66, 0x66, 0x66, 0x66, 0x66, 0x66, 0x66, 
	0x66, 0x66, 0x66, 0x66, 0x66, 0x65, 0x55, 0x55, 0x55, 0x55, 0x55, 0x55, 0x55, 0x55, 0x55, 
	0x55, 0x55, 0x55, 0x55, 0x55, 0x55, 0x55, 0x55, 0x55, 0x55, 0x55, 0x55, 0x55, 0x55, 0x55, 
	0x55, 0x55, 0x55, 0x55, 0x55, 0x55, 0x55, 0x55, 0x55, 0x55, 0x55, 0x55, 0x55, 0x55, 0x66, 
	0x77, 0x88, 0x88, 0x88, 0x88, 0x88, 0x88, 0x88, 0x88, 0x88, 0x88, 0x88, 0x88, 0x87, 0x77, 
	0x77, 0x77, 0x77, 0x77, 0x66, 0x66, 0x66, 0x66, 0x66, 0x66, 0x66, 0x66, 0x66, 0x66, 0x55, 
	0x55, 0x55, 0x55, 0x55, 0x55, 0x44, 0x44, 0x44, 0x44, 0x45, 0x55, 0x55, 0x55, 0x55, 0x55, 
	0x55, 0x55, 0x55, 0x55, 0x66, 0x66, 0x66, 0x66, 0x66, 0x66, 0x66, 0x66, 0x66, 0x66, 0x66, 
	0x66, 0x77, 0x77, 0x77, 0x77, 0x77, 0x77, 0x88, 0x88, 0x77, 0x77, 0x77, 0x77, 0x77, 0x78, 
	0x88, 0x88, 0x88, 0x98, 0x65, 0x55, 0x55, 0x55, 0x55, 0x55, 0x55, 0x55, 0x55, 0x55, 0x55, 
	0x55, 0x55, 0x55, 0x55, 0x55, 0x55, 0x55, 0x55, 0x55, 0x55, 0x55, 0x55, 0x55, 0x55, 0x55, 
	0x55, 0x55, 0x55, 0x55, 0x55, 0x55, 0x55, 0x55, 0x55, 0x55, 0x55, 0x55, 0x55, 0x55, 0x55, 
	0x55, 0x55, 0x55, 0x55, 0x55, 0x55, 0x55, 0x55, 0x55, 0x55, 0x55, 0x55, 0x55, 0x55, 0x55, 
	0x55, 0x55, 0x55, 0x55, 0x55, 0x55, 0x55, 0x55, 0x55, 0x55, 0x55, 0x55, 0x55, 0x55, 0x55, 
	0x55, 0x55, 0x55, 0x55, 0x55, 0x54, 0x44, 0x44, 0x33, 0x33, 0x34, 0x45, 0x55, 0x55, 0x55, 
	0x55, 0x44, 0x43, 0x33, 0x33, 0x33, 0x33, 0x44, 0x55, 0x55, 0x55, 0x55, 0x54, 0x32, 0x22, 
	0x22, 0x22, 0x22, 0x22, 0x22, 0x22, 0x22, 0x22, 0x22, 0x22, 0x22, 0x22, 0x22, 0x22, 0x22, 
	0x44, 0x55, 0x55, 0x55, 0x55, 0x55, 0x55, 0x55, 0x55, 0x55, 0x55, 0x55, 0x55, 0x55, 0x55, 
	0x44, 0x33, 0x33, 0x44, 0x45, 0x55, 0x55, 0x55, 0x55, 0x55, 0x55, 0x55, 0x55, 0x55, 0x55, 
	0x55, 0x55, 0x55, 0x55, 0x55, 0x55, 0x55, 0x55, 0x55, 0x55, 0x55, 0x55, 0x55, 0x55, 0x55, 
	0x55, 0x55, 0x55, 0x66, 0x66, 0x66, 0x66, 0x66, 0x67, 0x77, 0x77, 0x77, 0x77, 0x77, 0x66, 
	0x66, 0x66, 0x66, 0x66, 0x66, 0x66, 0x55, 0x55, 0x55, 0x55, 0x55, 0x55, 0x55, 0x55, 0x55, 
	0x55, 0x55, 0x55, 0x55, 0x55, 0x55, 0x55, 0x55, 0x55, 0x55, 0x55, 0x55, 0x55, 0x55, 0x55, 
	0x55, 0x55, 0x55, 0x55, 0x55, 0x55, 0x55, 0x55, 0x55, 0x55, 0x55, 0x55, 0x55, 0x55, 0x56, 
	0x67, 0x78, 0x88, 0x88, 0x88, 0x88, 0x88, 0x88, 0x88, 0x88, 0x88, 0x88, 0x87, 0x77, 0x77, 
	0x77, 0x77, 0x66, 0x66, 0x66, 0x66, 0x66, 0x66, 0x66, 0x66, 0x66, 0x66, 0x66, 0x65, 0x55, 
	0x55, 0x55, 0x55, 0x55, 0x54, 0x44, 0x44, 0x44, 0x44, 0x44, 0x45, 0x55, 0x55, 0x55, 0x55, 
	0x55, 0x55, 0x55, 0x55, 0x55, 0x66, 0x66, 0x66, 0x66, 0x66, 0x66, 0x66, 0x66, 0x66, 0x66, 
	0x66, 0x66, 0x66, 0x66, 0x66, 0x67, 0x77, 0x77, 0x77, 0x77, 0x77, 0x77, 0x77, 0x77, 0x78, 
	0x88, 0x88, 0x88, 0x98, 0x76, 0x65, 0x55, 0x55, 0x55, 0x55, 0x55, 0x55, 0x55, 0x55, 0x55, 
	0x55, 0x55, 0x55, 0x55, 0x55, 0x55, 0x55, 0x55, 0x55, 0x55, 0x55, 0x55, 0x55, 0x55, 0x55, 
	0x55, 0x55, 0x55, 0x55, 0x55, 0x55, 0x55, 0x55, 0x55, 0x55, 0x55, 0x55, 0x55, 0x55, 0x55, 
	0x55, 0x55, 0x55, 0x55, 0x55, 0x55, 0x55, 0x55, 0x55, 0x55, 0x55, 0x55, 0x55, 0x55, 0x55, 
	0x55, 0x55, 0x55, 0x55, 0x55, 0x55, 0x55, 0x55, 0x55, 0x55, 0x55, 0x55, 0x55, 0x55, 0x55, 
	0x55, 0x55, 0x55, 0x55, 0x44, 0x43, 0x33, 0x33, 0x33, 0x33, 0x34, 0x45, 0x55, 0x55, 0x54, 
	0x44, 0x43, 0x33, 0x33, 0x33, 0x33, 0x34, 0x45, 0x55, 0x55, 0x55, 0x55, 0x44, 0x32, 0x22, 
	0x22, 0x22, 0x22, 0x22, 0x22, 0x22, 0x22, 0x22, 0x22, 0x22, 0x22, 0x22, 0x22, 0x22, 0x22, 
	0x34, 0x55, 0x55, 0x55, 0x55, 0x55, 0x55, 0x55, 0x55, 0x55, 0x55, 0x55, 0x55, 0x55, 0x55, 
	0x54, 0x43, 0x33, 0x34, 0x45, 0x55, 0x55, 0x55, 0x55, 0x55, 0x55, 0x55, 0x55, 0x55, 0x55, 
	0x55, 0x55, 0x55, 0x55, 0x55, 0x55, 0x55, 0x55, 0x55, 0x55, 0x55, 0x55, 0x55, 0x55, 0x55, 
	0x55, 0x55, 0x55, 0x66, 0x66, 0x66, 0x66, 0x66, 0x67, 0x77, 0x77, 0x77, 0x77, 0x77, 0x77, 
	0x77, 0x77, 0x66, 0x66, 0x66, 0x66, 0x55, 0x55, 0x55, 0x55, 0x55, 0x55, 0x55, 0x55, 0x55, 
	0x55, 0x55, 0x55, 0x55, 0x55, 0x55, 0x55, 0x55, 0x55, 0x55, 0x55, 0x55, 0x55, 0x55, 0x55, 
	0x55, 0x55, 0x55, 0x55, 0x55, 0x55, 0x55, 0x55, 0x55, 0x55, 0x55, 0x55, 0x55, 0x55, 0x55, 
	0x56, 0x67, 0x77, 0x88, 0x88, 0x88, 0x88, 0x88, 0x88, 0x88, 0x88, 0x87, 0x77, 0x77, 0x77, 
	0x77, 0x66, 0x66, 0x66, 0x66, 0x66, 0x66, 0x66, 0x66, 0x66, 0x66, 0x66, 0x66, 0x65, 0x55, 
	0x55, 0x55, 0x55, 0x55, 0x54, 0x44, 0x44, 0x44, 0x44, 0x44, 0x44, 0x55, 0x55, 0x55, 0x55, 
	0x55, 0x55, 0x55, 0x55, 0x55, 0x56, 0x66, 0x66, 0x66, 0x66, 0x56, 0x66, 0x65, 0x55, 0x56, 
	0x66, 0x66, 0x66, 0x66, 0x66, 0x66, 0x67, 0x77, 0x77, 0x77, 0x77, 0x77, 0x77, 0x77, 0x88, 
	0x88, 0x88, 0x88, 0x99, 0x87, 0x66, 0x55, 0x55, 0x55, 0x55, 0x55, 0x55, 0x55, 0x55, 0x55, 
	0x55, 0x55, 0x55, 0x55, 0x55, 0x55, 0x55, 0x55, 0x55, 0x55, 0x55, 0x55, 0x55, 0x55, 0x55, 
	0x55, 0x55, 0x55, 0x55, 0x55, 0x55, 0x55, 0x55, 0x55, 0x55, 0x55, 0x55, 0x55, 0x55, 0x55, 
	0x55, 0x55, 0x55, 0x55, 0x55, 0x55, 0x55, 0x55, 0x55, 0x55, 0x55, 0x55, 0x55, 0x55, 0x55, 
	0x55, 0x55, 0x55, 0x55, 0x55, 0x55, 0x55, 0x55, 0x55, 0x55, 0x55, 0x55, 0x55, 0x55, 0x55, 
	0x55, 0x55, 0x55, 0x54, 0x43, 0x33, 0x33, 0x33, 0x33, 0x33, 0x44, 0x55, 0x55, 0x55, 0x44, 
	0x44, 0x33, 0x33, 0x33, 0x33, 0x33, 0x44, 0x55, 0x55, 0x55, 0x55, 0x55, 0x43, 0x22, 0x22, 
	0x22, 0x22, 0x22, 0x22, 0x22, 0x22, 0x22, 0x22, 0x22, 0x22, 0x22, 0x22, 0x22, 0x22, 0x22, 
	0x34, 0x55, 0x55, 0x55, 0x55, 0x55, 0x55, 0x55, 0x55, 0x55, 0x55, 0x55, 0x55, 0x55, 0x55, 
	0x55, 0x44, 0x33, 0x33, 0x34, 0x44, 0x55, 0x55, 0x55, 0x55, 0x55, 0x55, 0x55, 0x55, 0x55, 
	0x55, 0x55, 0x55, 0x55, 0x55, 0x55, 0x55, 0x55, 0x55, 0x55, 0x55, 0x55, 0x55, 0x55, 0x55, 
	0x55, 0x55, 0x56, 0x66, 0x66, 0x66, 0x66, 0x66, 0x77, 0x77, 0x77, 0x77, 0x77, 0x77, 0x77, 
	0x77, 0x77, 0x76, 0x66, 0x66, 0x66, 0x66, 0x55, 0x55, 0x55, 0x55, 0x55, 0x55, 0x55, 0x55, 
	0x55, 0x55, 0x55, 0x55, 0x55, 0x55, 0x55, 0x55, 0x55, 0x55, 0x55, 0x55, 0x55, 0x55, 0x55, 
	0x55, 0x55, 0x55, 0x55, 0x55, 0x55, 0x55, 0x55, 0x55, 0x55, 0x55, 0x55, 0x55, 0x55, 0x55, 
	0x55, 0x56, 0x67, 0x77, 0x88, 0x88, 0x88, 0x88, 0x88, 0x88, 0x87, 0x77, 0x77, 0x77, 0x77, 
	0x66, 0x66, 0x66, 0x66, 0x66, 0x66, 0x66, 0x66, 0x66, 0x66, 0x66, 0x66, 0x66, 0x55, 0x55, 
	0x55, 0x55, 0x55, 0x55, 0x44, 0x44, 0x44, 0x44, 0x44, 0x44, 0x44, 0x44, 0x55, 0x55, 0x55, 
	0x55, 0x55, 0x55, 0x55, 0x55, 0x55, 0x55, 0x55, 0x55, 0x55, 0x55, 0x55, 0x55, 0x55, 0x55, 
	0x56, 0x66, 0x66, 0x66, 0x66, 0x66, 0x66, 0x77, 0x77, 0x77, 0x77, 0x77, 0x77, 0x77, 0x88, 
	0x88, 0x88, 0x89, 0x99, 0x88, 0x87, 0x65, 0x45, 0x55, 0x55, 0x55, 0x55, 0x55, 0x55, 0x55, 
	0x55, 0x55, 0x55, 0x55, 0x55, 0x55, 0x55, 0x55, 0x55, 0x55, 0x55, 0x55, 0x55, 0x55, 0x55, 
	0x55, 0x55, 0x55, 0x55, 0x55, 0x55, 0x55, 0x55, 0x55, 0x55, 0x55, 0x55, 0x55, 0x55, 0x55, 
	0x55, 0x55, 0x55, 0x55, 0x55, 0x55, 0x55, 0x55, 0x55, 0x55, 0x55, 0x55, 0x55, 0x55, 0x55, 
	0x55, 0x55, 0x55, 0x55, 0x55, 0x55, 0x55, 0x55, 0x55, 0x55, 0x55, 0x55, 0x55, 0x55, 0x55, 
	0x55, 0x55, 0x55, 0x54, 0x44, 0x33, 0x33, 0x33, 0x33, 0x33, 0x34, 0x44, 0x44, 0x44, 0x43, 
	0x33, 0x33, 0x33, 0x33, 0x33, 0x44, 0x44, 0x55, 0x55, 0x55, 0x55, 0x55, 0x43, 0x22, 0x22, 
	0x22, 0x22, 0x22, 0x22, 0x22, 0x22, 0x22, 0x22, 0x22, 0x22, 0x22, 0x22, 0x22, 0x22, 0x22, 
	0x34, 0x55, 0x55, 0x55, 0x55, 0x55, 0x55, 0x55, 0x55, 0x55, 0x55, 0x55, 0x55, 0x55, 0x55, 
	0x55, 0x54, 0x44, 0x33, 0x33, 0x44, 0x44, 0x55, 0x55, 0x55, 0x55, 0x55, 0x55, 0x55, 0x55, 
	0x55, 0x55, 0x55, 0x55, 0x55, 0x55, 0x55, 0x55, 0x55, 0x55, 0x55, 0x55, 0x55, 0x55, 0x55, 
	0x55, 0x55, 0x56, 0x66, 0x66, 0x66, 0x66, 0x66, 0x77, 0x77, 0x77, 0x77, 0x77, 0x77, 0x77, 
	0x77, 0x77, 0x76, 0x66, 0x66, 0x66, 0x66, 0x55, 0x55, 0x55, 0x55, 0x55, 0x55, 0x55, 0x55, 
	0x55, 0x55, 0x55, 0x55, 0x55, 0x55, 0x55, 0x55, 0x55, 0x55, 0x55, 0x55, 0x55, 0x55, 0x55, 
	0x55, 0x55, 0x55, 0x55, 0x55, 0x55, 0x55, 0x55, 0x55, 0x55, 0x55, 0x55, 0x55, 0x55, 0x55, 
	0x55, 0x55, 0x56, 0x67, 0x77, 0x88, 0x88, 0x88, 0x88, 0x88, 0x77, 0x77, 0x77, 0x76, 0x66, 
	0x66, 0x66, 0x66, 0x66, 0x66, 0x66, 0x66, 0x66, 0x66, 0x66, 0x66, 0x65, 0x55, 0x55, 0x55, 
	0x55, 0x55, 0x55, 0x55, 0x44, 0x44, 0x44, 0x44, 0x44, 0x44, 0x44, 0x44, 0x45, 0x55, 0x55, 
	0x55, 0x55, 0x55, 0x55, 0x55, 0x55, 0x55, 0x55, 0x55, 0x55, 0x55, 0x55, 0x55, 0x55, 0x55, 
	0x55, 0x55, 0x55, 0x66, 0x66, 0x66, 0x66, 0x66, 0x77, 0x77, 0x77, 0x77, 0x77, 0x77, 0x88, 
	0x88, 0x88, 0x88, 0x88, 0x89, 0x88, 0x75, 0x55, 0x55, 0x55, 0x55, 0x55, 0x55, 0x55, 0x55, 
	0x55, 0x55, 0x55, 0x55, 0x55, 0x55, 0x55, 0x55, 0x55, 0x55, 0x55, 0x55, 0x55, 0x55, 0x55, 
	0x55, 0x55, 0x55, 0x55, 0x55, 0x55, 0x55, 0x55, 0x55, 0x55, 0x55, 0x55, 0x55, 0x55, 0x55, 
	0x55, 0x55, 0x55, 0x55, 0x55, 0x55, 0x55, 0x55, 0x55, 0x55, 0x55, 0x55, 0x55, 0x55, 0x55, 
	0x55, 0x55, 0x55, 0x55, 0x55, 0x55, 0x55, 0x55, 0x55, 0x55, 0x55, 0x55, 0x55, 0x55, 0x55, 
	0x55, 0x55, 0x55, 0x54, 0x44, 0x33, 0x33, 0x33, 0x33, 0x33, 0x34, 0x44, 0x44, 0x33, 0x33, 
	0x33, 0x33, 0x33, 0x33, 0x34, 0x44, 0x55, 0x55, 0x55, 0x55, 0x55, 0x55, 0x43, 0x22, 0x22, 
	0x22, 0x22, 0x22, 0x22, 0x22, 0x22, 0x22, 0x22, 0x22, 0x22, 0x22, 0x22, 0x22, 0x22, 0x22, 
	0x34, 0x45, 0x55, 0x55, 0x55, 0x55, 0x55, 0x55, 0x55, 0x55, 0x55, 0x55, 0x55, 0x55, 0x55, 
	0x55, 0x55, 0x44, 0x43, 0x33, 0x33, 0x44, 0x44, 0x55, 0x55, 0x55, 0x55, 0x55, 0x55, 0x55, 
	0x55, 0x55, 0x55, 0x55, 0x55, 0x55, 0x55, 0x55, 0x55, 0x55, 0x55, 0x55, 0x55, 0x55, 0x55, 
	0x55, 0x55, 0x66, 0x66, 0x66, 0x66, 0x66, 0x67, 0x77, 0x77, 0x77, 0x77, 0x77, 0x77, 0x77, 
	0x77, 0x77, 0x77, 0x66, 0x66, 0x66, 0x66, 0x55, 0x55, 0x55, 0x55, 0x55, 0x55, 0x55, 0x55, 
	0x55, 0x55, 0x55, 0x55, 0x55, 0x55, 0x55, 0x55, 0x55, 0x55, 0x55, 0x55, 0x55, 0x55, 0x55, 
	0x55, 0x55, 0x55, 0x55, 0x55, 0x55, 0x55, 0x55, 0x55, 0x55, 0x55, 0x55, 0x55, 0x55, 0x55, 
	0x55, 0x55, 0x55, 0x56, 0x67, 0x88, 0x88, 0x88, 0x88, 0x77, 0x77, 0x77, 0x76, 0x66, 0x66, 
	0x66, 0x66, 0x66, 0x66, 0x66, 0x66, 0x66, 0x66, 0x66, 0x66, 0x66, 0x65, 0x55, 0x55, 0x55, 
	0x55, 0x55, 0x55, 0x54, 0x44, 0x44, 0x44, 0x44, 0x44, 0x44, 0x44, 0x44, 0x44, 0x44, 0x55, 
	0x55, 0x55, 0x55, 0x55, 0x55, 0x55, 0x55, 0x55, 0x55, 0x55, 0x55, 0x55, 0x55, 0x55, 0x55, 
	0x55, 0x55, 0x55, 0x55, 0x66, 0x66, 0x66, 0x66, 0x66, 0x77, 0x77, 0x77, 0x77, 0x77, 0x88, 
	0x88, 0x88, 0x88, 0x88, 0x99, 0x98, 0x76, 0x55, 0x55, 0x45, 0x55, 0x55, 0x55, 0x55, 0x55, 
	0x55, 0x55, 0x55, 0x55, 0x55, 0x55, 0x55, 0x55, 0x55, 0x55, 0x55, 0x55, 0x55, 0x55, 0x55, 
	0x55, 0x55, 0x55, 0x55, 0x55, 0x55, 0x55, 0x55, 0x55, 0x55, 0x55, 0x55, 0x55, 0x55, 0x55, 
	0x55, 0x55, 0x55, 0x55, 0x55, 0x55, 0x55, 0x55, 0x55, 0x55, 0x55, 0x55, 0x55, 0x55, 0x55, 
	0x55, 0x55, 0x55, 0x55, 0x55, 0x55, 0x55, 0x55, 0x55, 0x55, 0x55, 0x55, 0x55, 0x55, 0x55, 
	0x55, 0x44, 0x44, 0x44, 0x44, 0x33, 0x33, 0x33, 0x33, 0x33, 0x33, 0x33, 0x33, 0x33, 0x33, 
	0x33, 0x33, 0x33, 0x34, 0x44, 0x55, 0x55, 0x55, 0x55, 0x55, 0x55, 0x55, 0x43, 0x22, 0x22, 
	0x22, 0x22, 0x22, 0x22, 0x22, 0x22, 0x22, 0x22, 0x22, 0x22, 0x22, 0x22, 0x22, 0x22, 0x22, 
	0x33, 0x45, 0x55, 0x55, 0x55, 0x55, 0x55, 0x55, 0x55, 0x55, 0x55, 0x55, 0x55, 0x55, 0x55, 
	0x55, 0x55, 0x54, 0x44, 0x43, 0x33, 0x33, 0x44, 0x45, 0x55, 0x55, 0x55, 0x55, 0x55, 0x55, 
	0x55, 0x55, 0x55, 0x55, 0x55, 0x55, 0x55, 0x55, 0x55, 0x55, 0x55, 0x55, 0x55, 0x55, 0x55, 
	0x55, 0x56, 0x66, 0x66, 0x66, 0x66, 0x67, 0x77, 0x77, 0x77, 0x78, 0x88, 0x88, 0x88, 0x77, 
	0x77, 0x77, 0x77, 0x66, 0x66, 0x66, 0x66, 0x55, 0x55, 0x55, 0x55, 0x55, 0x55, 0x55, 0x55, 
	0x55, 0x55, 0x55, 0x55, 0x55, 0x55, 0x55, 0x55, 0x55, 0x55, 0x55, 0x55, 0x55, 0x55, 0x55, 
	0x55, 0x55, 0x55, 0x55, 0x55, 0x55, 0x55, 0x55, 0x55, 0x55, 0x55, 0x55, 0x55, 0x55, 0x55, 
	0x55, 0x55, 0x55, 0x55, 0x66, 0x78, 0x88, 0x88, 0x77, 0x77, 0x77, 0x76, 0x66, 0x66, 0x66, 
	0x66, 0x66, 0x66, 0x66, 0x66, 0x66, 0x66, 0x66, 0x66, 0x66, 0x66, 0x55, 0x55, 0x55, 0x55, 
	0x55, 0x55, 0x55, 0x44, 0x44, 0x44, 0x44, 0x44, 0x44, 0x44, 0x44, 0x44, 0x44, 0x44, 0x45, 
	0x55, 0x55, 0x55, 0x55, 0x55, 0x55, 0x55, 0x55, 0x55, 0x55, 0x55, 0x55, 0x55, 0x55, 0x55, 
	0x55, 0x55, 0x55, 0x55, 0x66, 0x66, 0x66, 0x66, 0x66, 0x67, 0x77, 0x77, 0x77, 0x78, 0x88, 
	0x88, 0x88, 0x99, 0x99, 0x99, 0x98, 0x76, 0x65, 0x55, 0x55, 0x55, 0x55, 0x55, 0x55, 0x55, 
	0x55, 0x55, 0x55, 0x55, 0x55, 0x55, 0x55, 0x55, 0x55, 0x55, 0x55, 0x55, 0x55, 0x55, 0x55, 
	0x55, 0x55, 0x55, 0x55, 0x55, 0x55, 0x55, 0x55, 0x55, 0x55, 0x55, 0x55, 0x55, 0x55, 0x55, 
	0x55, 0x55, 0x55, 0x55, 0x55, 0x55, 0x55, 0x55, 0x55, 0x55, 0x55, 0x55, 0x55, 0x55, 0x55, 
	0x55, 0x55, 0x55, 0x55, 0x55, 0x55, 0x55, 0x55, 0x55, 0x55, 0x55, 0x55, 0x55, 0x55, 0x54, 
	0x44, 0x44, 0x44, 0x44, 0x33, 0x33, 0x33, 0x33, 0x33, 0x33, 0x33, 0x33, 0x33, 0x33, 0x33, 
	0x33, 0x33, 0x33, 0x44, 0x45, 0x55, 0x55, 0x55, 0x55, 0x55, 0x55, 0x55, 0x42, 0x22, 0x22, 
	0x22, 0x22, 0x22, 0x22, 0x22, 0x22, 0x22, 0x22, 0x22, 0x22, 0x22, 0x22, 0x22, 0x22, 0x22, 
	0x23, 0x45, 0x55, 0x55, 0x55, 0x55, 0x55, 0x55, 0x55, 0x55, 0x55, 0x55, 0x55, 0x55, 0x55, 
	0x55, 0x55, 0x55, 0x55, 0x44, 0x33, 0x33, 0x33, 0x44, 0x44, 0x45, 0x55, 0x55, 0x55, 0x55, 
	0x55, 0x55, 0x55, 0x55, 0x55, 0x55, 0x55, 0x55, 0x55, 0x55, 0x55, 0x55, 0x55, 0x55, 0x55, 
	0x55, 0x66, 0x66, 0x66, 0x66, 0x66, 0x77, 0x77, 0x77, 0x77, 0x88, 0x88, 0x88, 0x88, 0x88, 
	0x77, 0x77, 0x77, 0x66, 0x66, 0x66, 0x66, 0x65, 0x55, 0x55, 0x55, 0x55, 0x55, 0x55, 0x55, 
	0x55, 0x55, 0x55, 0x55, 0x55, 0x55, 0x55, 0x55, 0x55, 0x55, 0x55, 0x55, 0x55, 0x55, 0x55, 
	0x55, 0x55, 0x55, 0x55, 0x55, 0x55, 0x55, 0x55, 0x55, 0x55, 0x55, 0x55, 0x55, 0x55, 0x55, 
	0x55, 0x55, 0x55, 0x55, 0x56, 0x67, 0x78, 0x87, 0x77, 0x77, 0x76, 0x66, 0x66, 0x66, 0x66, 
	0x66, 0x66, 0x66, 0x66, 0x66, 0x66, 0x66, 0x66, 0x66, 0x65, 0x55, 0x55, 0x55, 0x55, 0x55, 
	0x55, 0x55, 0x54, 0x44, 0x44, 0x44, 0x44, 0x44, 0x44, 0x44, 0x44, 0x44, 0x44, 0x44, 0x44, 
	0x55, 0x55, 0x55, 0x55, 0x55, 0x55, 0x55, 0x55, 0x55, 0x55, 0x55, 0x55, 0x55, 0x55, 0x55, 
	0x55, 0x55, 0x55, 0x55, 0x66, 0x66, 0x66, 0x66, 0x66, 0x66, 0x77, 0x77, 0x77, 0x78, 0x88, 
	0x88, 0x88, 0x99, 0x99, 0x99, 0x98, 0x87, 0x65, 0x55, 0x55, 0x55, 0x55, 0x55, 0x55, 0x55, 
	0x55, 0x55, 0x55, 0x55, 0x55, 0x55, 0x55, 0x55, 0x55, 0x55, 0x55, 0x55, 0x55, 0x55, 0x55, 
	0x55, 0x55, 0x55, 0x55, 0x55, 0x55, 0x55, 0x55, 0x55, 0x55, 0x55, 0x55, 0x55, 0x55, 0x55, 
	0x55, 0x55, 0x55, 0x55, 0x55, 0x55, 0x55, 0x55, 0x55, 0x55, 0x55, 0x55, 0x55, 0x55, 0x55, 
	0x55, 0x55, 0x55, 0x55, 0x55, 0x55, 0x55, 0x55, 0x55, 0x55, 0x55, 0x55, 0x55, 0x44, 0x44, 
	0x44, 0x33, 0x33, 0x33, 0x33, 0x33, 0x33, 0x33, 0x33, 0x33, 0x33, 0x33, 0x33, 0x33, 0x33, 
	0x33, 0x33, 0x44, 0x44, 0x55, 0x55, 0x55, 0x55, 0x55, 0x55, 0x55, 0x54, 0x32, 0x22, 0x22, 
	0x22, 0x22, 0x22, 0x22, 0x22, 0x22, 0x22, 0x22, 0x22, 0x22, 0x22, 0x22, 0x22, 0x22, 0x22, 
	0x23, 0x45, 0x55, 0x55, 0x55, 0x55, 0x55, 0x55, 0x55, 0x55, 0x55, 0x55, 0x55, 0x55, 0x55, 
	0x55, 0x55, 0x55, 0x55, 0x54, 0x44, 0x33, 0x33, 0x33, 0x44, 0x44, 0x55, 0x55, 0x55, 0x55, 
	0x55, 0x55, 0x55, 0x55, 0x55, 0x55, 0x55, 0x55, 0x55, 0x55, 0x55, 0x55, 0x55, 0x55, 0x55, 
	0x55, 0x66, 0x66, 0x66, 0x66, 0x66, 0x77, 0x77, 0x77, 0x88, 0x88, 0x88, 0x88, 0x88, 0x88, 
	0x77, 0x77, 0x77, 0x66, 0x66, 0x66, 0x66, 0x65, 0x55, 0x55, 0x55, 0x55, 0x55, 0x55, 0x55, 
	0x55, 0x55, 0x55, 0x55, 0x55, 0x55, 0x55, 0x55, 0x55, 0x55, 0x55, 0x55, 0x55, 0x55, 0x55, 
	0x55, 0x55, 0x55, 0x55, 0x55, 0x55, 0x55, 0x55, 0x55, 0x55, 0x55, 0x55, 0x55, 0x55, 0x55, 
	0x55, 0x55, 0x55, 0x55, 0x55, 0x67, 0x78, 0x77, 0x77, 0x77, 0x76, 0x66, 0x66, 0x66, 0x66, 
	0x66, 0x66, 0x66, 0x66, 0x66, 0x66, 0x66, 0x66, 0x55, 0x55, 0x55, 0x55, 0x55, 0x55, 0x55, 
	0x55, 0x55, 0x44, 0x44, 0x44, 0x44, 0x44, 0x44, 0x44, 0x44, 0x44, 0x44, 0x44, 0x44, 0x44, 
	0x45, 0x55, 0x55, 0x55, 0x55, 0x55, 0x55, 0x55, 0x55, 0x55, 0x55, 0x55, 0x55, 0x55, 0x55, 
	0x55, 0x55, 0x55, 0x55, 0x66, 0x66, 0x66, 0x66, 0x66, 0x66, 0x77, 0x77, 0x77, 0x78, 0x88, 
	0x88, 0x88, 0x89, 0x99, 0x89, 0x99, 0x98, 0x76, 0x55, 0x55, 0x55, 0x55, 0x55, 0x55, 0x55, 
	0x55, 0x55, 0x55, 0x55, 0x55, 0x55, 0x55, 0x55, 0x55, 0x55, 0x55, 0x55, 0x55, 0x55, 0x55, 
	0x55, 0x55, 0x55, 0x55, 0x55, 0x55, 0x55, 0x55, 0x55, 0x55, 0x55, 0x55, 0x55, 0x55, 0x55, 
	0x55, 0x55, 0x55, 0x55, 0x55, 0x55, 0x55, 0x55, 0x55, 0x55, 0x55, 0x55, 0x55, 0x55, 0x55, 
	0x55, 0x55, 0x55, 0x55, 0x55, 0x55, 0x55, 0x55, 0x55, 0x55, 0x55, 0x55, 0x44, 0x44, 0x33, 
	0x33, 0x33, 0x33, 0x33, 0x33, 0x33, 0x33, 0x33, 0x33, 0x33, 0x33, 0x33, 0x33, 0x33, 0x33, 
	0x33, 0x44, 0x44, 0x55, 0x55, 0x55, 0x55, 0x55, 0x55, 0x55, 0x55, 0x54, 0x32, 0x22, 0x22, 
	0x22, 0x22, 0x22, 0x22, 0x22, 0x22, 0x22, 0x22, 0x22, 0x22, 0x22, 0x22, 0x22, 0x22, 0x22, 
	0x23, 0x45, 0x55, 0x55, 0x55, 0x55, 0x55, 0x55, 0x55, 0x55, 0x55, 0x55, 0x55, 0x55, 0x55, 
	0x55, 0x55, 0x55, 0x55, 0x55, 0x44, 0x44, 0x33, 0x33, 0x33, 0x34, 0x44, 0x44, 0x55, 0x55, 
	0x55, 0x55, 0x55, 0x55, 0x55, 0x55, 0x55, 0x55, 0x55, 0x55, 0x55, 0x55, 0x55, 0x55, 0x55, 
	0x55, 0x66, 0x66, 0x66, 0x66, 0x66, 0x77, 0x77, 0x78, 0x88, 0x88, 0x88, 0x88, 0x88, 0x88, 
	0x77, 0x77, 0x77, 0x66, 0x66, 0x66, 0x66, 0x65, 0x55, 0x55, 0x55, 0x55, 0x55, 0x55, 0x55, 
	0x55, 0x55, 0x55, 0x55, 0x55, 0x55, 0x55, 0x55, 0x55, 0x55, 0x55, 0x55, 0x55, 0x55, 0x55, 
	0x55, 0x55, 0x55, 0x55, 0x55, 0x55, 0x55, 0x55, 0x55, 0x55, 0x55, 0x55, 0x55, 0x55, 0x55, 
	0x55, 0x55, 0x55, 0x55, 0x55, 0x67, 0x77, 0x77, 0x77, 0x77, 0x66, 0x66, 0x66, 0x66, 0x66, 
	0x66, 0x66, 0x66, 0x66, 0x66, 0x66, 0x65, 0x56, 0x55, 0x55, 0x55, 0x55, 0x55, 0x55, 0x55, 
	0x55, 0x54, 0x44, 0x44, 0x44, 0x44, 0x44, 0x44, 0x44, 0x44, 0x44, 0x44, 0x44, 0x44, 0x44, 
	0x44, 0x55, 0x55, 0x55, 0x55, 0x55, 0x55, 0x55, 0x55, 0x55, 0x55, 0x55, 0x55, 0x55, 0x55, 
	0x55, 0x55, 0x55, 0x56, 0x66, 0x66, 0x66, 0x66, 0x66, 0x66, 0x67, 0x77, 0x77, 0x78, 0x88, 
	0x88, 0x88, 0x89, 0x99, 0x89, 0x99, 0x99, 0x87, 0x65, 0x55, 0x55, 0x55, 0x55, 0x55, 0x55, 
	0x55, 0x55, 0x55, 0x55, 0x55, 0x55, 0x55, 0x55, 0x55, 0x55, 0x55, 0x55, 0x55, 0x55, 0x55, 
	0x55, 0x55, 0x55, 0x55, 0x55, 0x55, 0x55, 0x55, 0x55, 0x55, 0x55, 0x55, 0x55, 0x55, 0x55, 
	0x55, 0x55, 0x55, 0x55, 0x55, 0x55, 0x55, 0x55, 0x55, 0x55, 0x55, 0x55, 0x55, 0x55, 0x55, 
	0x55, 0x55, 0x55, 0x55, 0x55, 0x55, 0x55, 0x55, 0x55, 0x55, 0x54, 0x44, 0x44, 0x33, 0x33, 
	0x33, 0x33, 0x33, 0x33, 0x33, 0x33, 0x33, 0x33, 0x33, 0x33, 0x33, 0x33, 0x33, 0x33, 0x33, 
	0x44, 0x44, 0x55, 0x55, 0x55, 0x55, 0x55, 0x55, 0x55, 0x55, 0x45, 0x54, 0x32, 0x22, 0x22, 
	0x22, 0x22, 0x22, 0x22, 0x22, 0x22, 0x22, 0x22, 0x22, 0x22, 0x22, 0x22, 0x22, 0x22, 0x22, 
	0x23, 0x44, 0x55, 0x55, 0x55, 0x55, 0x55, 0x55, 0x55, 0x55, 0x55, 0x55, 0x55, 0x55, 0x55, 
	0x55, 0x55, 0x55, 0x55, 0x55, 0x55, 0x44, 0x44, 0x33, 0x33, 0x33, 0x34, 0x44, 0x44, 0x45, 
	0x55, 0x55, 0x55, 0x55, 0x55, 0x55, 0x55, 0x55, 0x55, 0x55, 0x55, 0x55, 0x55, 0x55, 0x55, 
	0x55, 0x66, 0x66, 0x66, 0x66, 0x77, 0x77, 0x77, 0x78, 0x88, 0x88, 0x88, 0x88, 0x88, 0x87, 
	0x77, 0x77, 0x77, 0x66, 0x66, 0x66, 0x66, 0x65, 0x55, 0x55, 0x55, 0x55, 0x55, 0x55, 0x55, 
	0x55, 0x55, 0x55, 0x55, 0x55, 0x55, 0x55, 0x55, 0x55, 0x55, 0x55, 0x55, 0x55, 0x55, 0x55, 
	0x55, 0x55, 0x55, 0x55, 0x55, 0x55, 0x55, 0x55, 0x55, 0x55, 0x55, 0x55, 0x55, 0x55, 0x55, 
	0x55, 0x55, 0x55, 0x55, 0x55, 0x67, 0x77, 0x77, 0x77, 0x77, 0x66, 0x66, 0x66, 0x66, 0x66, 
	0x66, 0x66, 0x66, 0x66, 0x66, 0x66, 0x55, 0x55, 0x55, 0x55, 0x55, 0x55, 0x55, 0x55, 0x55, 
	0x55, 0x44, 0x44, 0x44, 0x44, 0x44, 0x44, 0x44, 0x44, 0x44, 0x44, 0x44, 0x44, 0x44, 0x44, 
	0x44, 0x45, 0x55, 0x55, 0x55, 0x55, 0x55, 0x55, 0x55, 0x55, 0x55, 0x55, 0x55, 0x55, 0x55, 
	0x55, 0x55, 0x55, 0x66, 0x66, 0x66, 0x66, 0x66, 0x66, 0x66, 0x66, 0x77, 0x77, 0x78, 0x88, 
	0x88, 0x88, 0x99, 0x99, 0x99, 0x99, 0x99, 0x98, 0x76, 0x55, 0x55, 0x55, 0x55, 0x55, 0x55, 
	0x55, 0x55, 0x55, 0x55, 0x55, 0x55, 0x55, 0x55, 0x55, 0x55, 0x55, 0x55, 0x55, 0x55, 0x55, 
	0x55, 0x55, 0x55, 0x55, 0x55, 0x55, 0x55, 0x55, 0x55, 0x55, 0x55, 0x55, 0x55, 0x55, 0x55, 
	0x55, 0x55, 0x55, 0x55, 0x55, 0x55, 0x55, 0x55, 0x55, 0x55, 0x55, 0x55, 0x55, 0x55, 0x55, 
	0x55, 0x55, 0x55, 0x55, 0x55, 0x55, 0x55, 0x55, 0x55, 0x55, 0x44, 0x43, 0x33, 0x33, 0x33, 
	0x33, 0x33, 0x33, 0x33, 0x33, 0x33, 0x33, 0x33, 0x33, 0x33, 0x33, 0x33, 0x33, 0x34, 0x44, 
	0x44, 0x55, 0x55, 0x55, 0x55, 0x55, 0x55, 0x55, 0x55, 0x55, 0x45, 0x54, 0x22, 0x22, 0x22, 
	0x22, 0x22, 0x22, 0x22, 0x22, 0x22, 0x22, 0x22, 0x22, 0x22, 0x22, 0x22, 0x22, 0x22, 0x22, 
	0x23, 0x34, 0x55, 0x55, 0x55, 0x55, 0x55, 0x55, 0x55, 0x55, 0x55, 0x55, 0x55, 0x55, 0x55, 
	0x55, 0x55, 0x55, 0x55, 0x55, 0x55, 0x54, 0x44, 0x44, 0x44, 0x33, 0x33, 0x33, 0x44, 0x44, 
	0x55, 0x55, 0x55, 0x55, 0x55, 0x55, 0x55, 0x55, 0x55, 0x55, 0x55, 0x55, 0x55, 0x55, 0x55, 
	0x55, 0x56, 0x66, 0x66, 0x66, 0x77, 0x77, 0x78, 0x88, 0x88, 0x88, 0x88, 0x88, 0x88, 0x88, 
	0x77, 0x77, 0x76, 0x66, 0x66, 0x66, 0x66, 0x65, 0x55, 0x55, 0x55, 0x55, 0x55, 0x55, 0x55, 
	0x55, 0x55, 0x55, 0x55, 0x55, 0x55, 0x55, 0x55, 0x55, 0x55, 0x55, 0x55, 0x55, 0x55, 0x55, 
	0x55, 0x55, 0x55, 0x55, 0x55, 0x55, 0x55, 0x55, 0x55, 0x55, 0x55, 0x55, 0x55, 0x55, 0x55, 
	0x55, 0x55, 0x55, 0x55, 0x55, 0x67, 0x77, 0x77, 0x77, 0x77, 0x77, 0x76, 0x66, 0x66, 0x66, 
	0x66, 0x66, 0x66, 0x66, 0x66, 0x66, 0x65, 0x55, 0x55, 0x55, 0x55, 0x55, 0x55, 0x55, 0x55, 
	0x44, 0x44, 0x44, 0x44, 0x44, 0x44, 0x44, 0x44, 0x44, 0x44, 0x44, 0x44, 0x44, 0x44, 0x44, 
	0x44, 0x45, 0x55, 0x55, 0x55, 0x55, 0x55, 0x55, 0x55, 0x55, 0x55, 0x55, 0x55, 0x55, 0x55, 
	0x55, 0x55, 0x56, 0x66, 0x66, 0x66, 0x66, 0x66, 0x66, 0x66, 0x66, 0x77, 0x77, 0x78, 0x88, 
	0x88, 0x88, 0x99, 0x99, 0x99, 0x99, 0x99, 0x99, 0x76, 0x55, 0x55, 0x45, 0x55, 0x55, 0x55, 
	0x55, 0x55, 0x55, 0x55, 0x55, 0x55, 0x55, 0x55, 0x55, 0x55, 0x55, 0x55, 0x55, 0x55, 0x55, 
	0x55, 0x55, 0x55, 0x55, 0x55, 0x55, 0x55, 0x55, 0x55, 0x55, 0x55, 0x55, 0x55, 0x55, 0x55, 
	0x55, 0x55, 0x55, 0x55, 0x55, 0x55, 0x55, 0x55, 0x55, 0x55, 0x55, 0x55, 0x55, 0x55, 0x55, 
	0x55, 0x55, 0x55, 0x55, 0x55, 0x55, 0x55, 0x55, 0x55, 0x54, 0x44, 0x33, 0x33, 0x33, 0x33, 
	0x33, 0x33, 0x33, 0x33, 0x33, 0x33, 0x33, 0x33, 0x33, 0x33, 0x33, 0x34, 0x44, 0x44, 0x44, 
	0x55, 0x55, 0x55, 0x55, 0x55, 0x55, 0x55, 0x55, 0x55, 0x55, 0x55, 0x53, 0x22, 0x22, 0x22, 
	0x22, 0x22, 0x22, 0x22, 0x22, 0x22, 0x22, 0x22, 0x22, 0x22, 0x22, 0x22, 0x22, 0x22, 0x22, 
	0x22, 0x34, 0x55, 0x55, 0x55, 0x55, 0x55, 0x55, 0x55, 0x55, 0x55, 0x55, 0x55, 0x55, 0x55, 
	0x55, 0x55, 0x55, 0x55, 0x55, 0x55, 0x55, 0x55, 0x54, 0x44, 0x43, 0x33, 0x33, 0x33, 0x44, 
	0x44, 0x44, 0x45, 0x55, 0x55, 0x55, 0x55, 0x55, 0x55, 0x55, 0x55, 0x55, 0x55, 0x55, 0x55, 
	0x55, 0x66, 0x66, 0x66, 0x67, 0x77, 0x77, 0x78, 0x88, 0x88, 0x88, 0x88, 0x88, 0x77, 0x77, 
	0x77, 0x77, 0x76, 0x66, 0x66, 0x66, 0x66, 0x55, 0x55, 0x55, 0x55, 0x55, 0x55, 0x55, 0x55, 
	0x55, 0x55, 0x55, 0x55, 0x55, 0x55, 0x55, 0x55, 0x55, 0x55, 0x55, 0x55, 0x55, 0x55, 0x55, 
	0x55, 0x55, 0x55, 0x55, 0x55, 0x55, 0x55, 0x55, 0x55, 0x55, 0x55, 0x55, 0x55, 0x55, 0x55, 
	0x55, 0x55, 0x55, 0x55, 0x56, 0x77, 0x87, 0x77, 0x77, 0x77, 0x77, 0x77, 0x76, 0x66, 0x66, 
	0x66, 0x66, 0x66, 0x66, 0x66, 0x66, 0x65, 0x55, 0x55, 0x55, 0x55, 0x55, 0x55, 0x55, 0x44, 
	0x44, 0x44, 0x44, 0x44, 0x44, 0x44, 0x44, 0x44, 0x44, 0x44, 0x44, 0x44, 0x44, 0x44, 0x44, 
	0x44, 0x44, 0x44, 0x44, 0x55, 0x55, 0x55, 0x55, 0x55, 0x55, 0x55, 0x55, 0x55, 0x55, 0x55, 
	0x55, 0x55, 0x56, 0x66, 0x66, 0x66, 0x66, 0x66, 0x66, 0x66, 0x66, 0x77, 0x77, 0x78, 0x88, 
	0x88, 0x88, 0x99, 0x99, 0x99, 0x99, 0x99, 0x99, 0x87, 0x65, 0x55, 0x55, 0x55, 0x55, 0x55, 
	0x55, 0x55, 0x55, 0x55, 0x55, 0x55, 0x55, 0x55, 0x55, 0x55, 0x55, 0x55, 0x55, 0x55, 0x55, 
	0x55, 0x55, 0x55, 0x55, 0x55, 0x55, 0x55, 0x55, 0x55, 0x55, 0x55, 0x55, 0x55, 0x55, 0x55, 
	0x55, 0x55, 0x55, 0x55, 0x55, 0x55, 0x55, 0x55, 0x55, 0x55, 0x55, 0x55, 0x55, 0x55, 0x55, 
	0x55, 0x55, 0x55, 0x55, 0x55, 0x55, 0x55, 0x55, 0x54, 0x44, 0x43, 0x33, 0x33, 0x33, 0x33, 
	0x33, 0x33, 0x33, 0x44, 0x44, 0x44, 0x44, 0x44, 0x44, 0x44, 0x44, 0x44, 0x44, 0x55, 0x55, 
	0x55, 0x55, 0x55, 0x55, 0x55, 0x55, 0x55, 0x55, 0x55, 0x55, 0x55, 0x43, 0x22, 0x22, 0x22, 
	0x22, 0x22, 0x22, 0x22, 0x22, 0x22, 0x22, 0x22, 0x22, 0x22, 0x22, 0x22, 0x22, 0x22, 0x22, 
	0x22, 0x34, 0x45, 0x55, 0x55, 0x55, 0x55, 0x55, 0x55, 0x55, 0x55, 0x55, 0x55, 0x55, 0x55, 
	0x55, 0x55, 0x55, 0x55, 0x55, 0x55, 0x55, 0x55, 0x55, 0x54, 0x44, 0x44, 0x33, 0x33, 0x33, 
	0x33, 0x44, 0x44, 0x44, 0x55, 0x55, 0x55, 0x55, 0x55, 0x55, 0x55, 0x55, 0x55, 0x55, 0x55, 
	0x55, 0x56, 0x65, 0x66, 0x67, 0x77, 0x77, 0x78, 0x88, 0x88, 0x87, 0x87, 0x77, 0x77, 0x77, 
	0x77, 0x77, 0x76, 0x66, 0x66, 0x66, 0x66, 0x55, 0x55, 0x55, 0x55, 0x55, 0x55, 0x55, 0x55, 
	0x55, 0x55, 0x55, 0x55, 0x55, 0x55, 0x55, 0x55, 0x55, 0x55, 0x55, 0x55, 0x55, 0x55, 0x55, 
	0x55, 0x55, 0x55, 0x55, 0x55, 0x55, 0x55, 0x55, 0x55, 0x55, 0x55, 0x55, 0x55, 0x55, 0x55, 
	0x55, 0x55, 0x55, 0x55, 0x67, 0x78, 0x88, 0x87, 0x77, 0x77, 0x77, 0x77, 0x77, 0x76, 0x66, 
	0x66, 0x66, 0x66, 0x66, 0x66, 0x66, 0x65, 0x55, 0x55, 0x55, 0x55, 0x55, 0x55, 0x54, 0x44, 
	0x44, 0x44, 0x44, 0x44, 0x44, 0x44, 0x44, 0x44, 0x44, 0x44, 0x44, 0x44, 0x44, 0x44, 0x44, 
	0x44, 0x44, 0x44, 0x44, 0x44, 0x44, 0x55, 0x55, 0x55, 0x55, 0x55, 0x55, 0x55, 0x55, 0x55, 
	0x55, 0x55, 0x56, 0x66, 0x66, 0x66, 0x66, 0x66, 0x66, 0x66, 0x66, 0x77, 0x77, 0x78, 0x88, 
	0x88, 0x88, 0x89, 0x99, 0x99, 0x99, 0x99, 0x99, 0x98, 0x75, 0x55, 0x55, 0x55, 0x55, 0x55, 
	0x55, 0x55, 0x55, 0x55, 0x55, 0x55, 0x55, 0x55, 0x55, 0x55, 0x55, 0x55, 0x55, 0x55, 0x55, 
	0x55, 0x55, 0x55, 0x55, 0x55, 0x55, 0x55, 0x55, 0x55, 0x55, 0x55, 0x55, 0x55, 0x55, 0x55, 
	0x55, 0x55, 0x55, 0x55, 0x55, 0x55, 0x55, 0x55, 0x55, 0x55, 0x55, 0x55, 0x55, 0x55, 0x55, 
	0x55, 0x55, 0x55, 0x55, 0x55, 0x55, 0x55, 0x55, 0x44, 0x44, 0x33, 0x33, 0x33, 0x33, 0x33, 
	0x33, 0x44, 0x44, 0x44, 0x44, 0x44, 0x44, 0x44, 0x44, 0x55, 0x55, 0x55, 0x55, 0x55, 0x55, 
	0x55, 0x55, 0x55, 0x55, 0x55, 0x55, 0x55, 0x55, 0x55, 0x55, 0x55, 0x43, 0x22, 0x22, 0x22, 
	0x22, 0x22, 0x22, 0x22, 0x22, 0x22, 0x22, 0x22, 0x22, 0x22, 0x22, 0x22, 0x22, 0x22, 0x22, 
	0x22, 0x34, 0x45, 0x55, 0x55, 0x55, 0x55, 0x55, 0x55, 0x55, 0x55, 0x55, 0x55, 0x55, 0x55, 
	0x55, 0x55, 0x55, 0x55, 0x55, 0x55, 0x55, 0x55, 0x55, 0x55, 0x55, 0x54, 0x44, 0x33, 0x33, 
	0x33, 0x33, 0x44, 0x44, 0x44, 0x44, 0x55, 0x55, 0x55, 0x55, 0x55, 0x55, 0x55, 0x55, 0x55, 
	0x55, 0x55, 0x66, 0x66, 0x77, 0x77, 0x77, 0x78, 0x88, 0x88, 0x77, 0x77, 0x77, 0x77, 0x77, 
	0x77, 0x77, 0x76, 0x66, 0x66, 0x66, 0x66, 0x55, 0x55, 0x55, 0x55, 0x55, 0x55, 0x55, 0x55, 
	0x55, 0x55, 0x55, 0x55, 0x55, 0x55, 0x55, 0x55, 0x55, 0x55, 0x55, 0x55, 0x55, 0x55, 0x55, 
	0x55, 0x55, 0x55, 0x55, 0x55, 0x55, 0x55, 0x55, 0x55, 0x55, 0x55, 0x55, 0x55, 0x55, 0x55, 
	0x55, 0x55, 0x55, 0x56, 0x77, 0x88, 0x88, 0x88, 0x87, 0x77, 0x77, 0x77, 0x77, 0x77, 0x66, 
	0x66, 0x66, 0x66, 0x66, 0x66, 0x66, 0x65, 0x55, 0x55, 0x55, 0x55, 0x55, 0x55, 0x54, 0x44, 
	0x44, 0x44, 0x44, 0x44, 0x44, 0x44, 0x44, 0x44, 0x44, 0x44, 0x44, 0x44, 0x44, 0x44, 0x44, 
	0x44, 0x44, 0x44, 0x44, 0x44, 0x44, 0x44, 0x55, 0x55, 0x55, 0x55, 0x55, 0x55, 0x55, 0x55, 
	0x55, 0x55, 0x56, 0x66, 0x66, 0x66, 0x66, 0x66, 0x66, 0x66, 0x66, 0x67, 0x77, 0x78, 0x88, 
	0x88, 0x88, 0x88, 0x88, 0x99, 0x99, 0x99, 0x99, 0x99, 0x86, 0x55, 0x55, 0x55, 0x55, 0x55, 
	0x55, 0x55, 0x55, 0x55, 0x55, 0x55, 0x55, 0x55, 0x55, 0x55, 0x55, 0x55, 0x55, 0x55, 0x55, 
	0x55, 0x55, 0x55, 0x55, 0x55, 0x55, 0x55, 0x55, 0x55, 0x55, 0x55, 0x55, 0x55, 0x55, 0x55, 
	0x55, 0x55, 0x55, 0x55, 0x55, 0x55, 0x55, 0x55, 0x55, 0x55, 0x55, 0x55, 0x55, 0x55, 0x55, 
	0x55, 0x55, 0x55, 0x55, 0x55, 0x55, 0x55, 0x44, 0x44, 0x33, 0x33, 0x33, 0x33, 0x33, 0x44, 
	0x44, 0x44, 0x45, 0x55, 0x55, 0x55, 0x55, 0x55, 0x55, 0x55, 0x55, 0x55, 0x55, 0x55, 0x55, 
	0x55, 0x55, 0x55, 0x55, 0x55, 0x55, 0x55, 0x55, 0x55, 0x55, 0x55, 0x43, 0x22, 0x22, 0x22, 
	0x22, 0x22, 0x22, 0x22, 0x22, 0x22, 0x22, 0x22, 0x22, 0x22, 0x22, 0x22, 0x22, 0x22, 0x22, 
	0x22, 0x23, 0x45, 0x55, 0x55, 0x55, 0x55, 0x55, 0x55, 0x55, 0x55, 0x55, 0x55, 0x55, 0x55, 
	0x55, 0x55, 0x55, 0x55, 0x55, 0x55, 0x55, 0x55, 0x55, 0x55, 0x55, 0x55, 0x55, 0x44, 0x44, 
	0x33, 0x33, 0x33, 0x33, 0x34, 0x44, 0x44, 0x45, 0x55, 0x55, 0x55, 0x55, 0x55, 0x55, 0x55, 
	0x55, 0x55, 0x66, 0x66, 0x77, 0x77, 0x77, 0x77, 0x78, 0x88, 0x77, 0x77, 0x77, 0x77, 0x77, 
	0x77, 0x77, 0x66, 0x66, 0x66, 0x66, 0x65, 0x55, 0x55, 0x55, 0x55, 0x55, 0x55, 0x55, 0x55, 
	0x55, 0x55, 0x55, 0x55, 0x55, 0x55, 0x55, 0x55, 0x55, 0x55, 0x55, 0x55, 0x55, 0x55, 0x55, 
	0x55, 0x55, 0x55, 0x55, 0x55, 0x55, 0x55, 0x55, 0x55, 0x55, 0x55, 0x55, 0x55, 0x55, 0x55, 
	0x55, 0x55, 0x55, 0x67, 0x88, 0x99, 0x88, 0x88, 0x88, 0x87, 0x77, 0x77, 0x77, 0x77, 0x77, 
	0x76, 0x66, 0x66, 0x66, 0x66, 0x66, 0x65, 0x55, 0x55, 0x55, 0x55, 0x55, 0x55, 0x54, 0x44, 
	0x44, 0x44, 0x44, 0x44, 0x44, 0x44, 0x44, 0x44, 0x44, 0x44, 0x44, 0x44, 0x44, 0x44, 0x44, 
	0x44, 0x44, 0x44, 0x44, 0x44, 0x44, 0x44, 0x45, 0x55, 0x55, 0x55, 0x55, 0x55, 0x55, 0x55, 
	0x55, 0x55, 0x56, 0x66, 0x66, 0x66, 0x66, 0x66, 0x66, 0x66, 0x66, 0x67, 0x77, 0x77, 0x88, 
	0x88, 0x88, 0x88, 0x88, 0x99, 0x99, 0x99, 0x99, 0x99, 0x87, 0x65, 0x55, 0x55, 0x55, 0x55, 
	0x55, 0x55, 0x55, 0x55, 0x55, 0x55, 0x55, 0x55, 0x55, 0x55, 0x55, 0x55, 0x55, 0x55, 0x55, 
	0x55, 0x55, 0x55, 0x55, 0x55, 0x55, 0x55, 0x55, 0x55, 0x55, 0x55, 0x55, 0x55, 0x55, 0x55, 
	0x55, 0x55, 0x55, 0x55, 0x55, 0x55, 0x55, 0x55, 0x55, 0x55, 0x55, 0x55, 0x55, 0x55, 0x55, 
	0x55, 0x55, 0x55, 0x55, 0x55, 0x55, 0x54, 0x44, 0x33, 0x33, 0x33, 0x33, 0x33, 0x44, 0x44, 
	0x44, 0x55, 0x55, 0x55, 0x55, 0x55, 0x55, 0x55, 0x55, 0x55, 0x55, 0x55, 0x55, 0x55, 0x55, 
	0x55, 0x55, 0x55, 0x55, 0x55, 0x55, 0x55, 0x55, 0x55, 0x55, 0x54, 0x32, 0x22, 0x22, 0x22, 
	0x22, 0x22, 0x22, 0x22, 0x22, 0x22, 0x22, 0x22, 0x22, 0x22, 0x22, 0x22, 0x22, 0x22, 0x22, 
	0x22, 0x23, 0x45, 0x55, 0x55, 0x55, 0x55, 0x55, 0x55, 0x55, 0x55, 0x55, 0x55, 0x55, 0x55, 
	0x55, 0x55, 0x55, 0x55, 0x55, 0x55, 0x55, 0x55, 0x55, 0x55, 0x55, 0x55, 0x55, 0x55, 0x44, 
	0x44, 0x44, 0x33, 0x33, 0x33, 0x33, 0x44, 0x44, 0x45, 0x55, 0x55, 0x55, 0x55, 0x55, 0x55, 
	0x55, 0x55, 0x66, 0x66, 0x77, 0x77, 0x77, 0x77, 0x77, 0x77, 0x77, 0x77, 0x77, 0x77, 0x77, 
	0x77, 0x77, 0x66, 0x66, 0x66, 0x66, 0x65, 0x55, 0x55, 0x55, 0x55, 0x55, 0x55, 0x55, 0x55, 
	0x55, 0x55, 0x55, 0x55, 0x55, 0x55, 0x55, 0x55, 0x55, 0x55, 0x55, 0x55, 0x55, 0x55, 0x55, 
	0x55, 0x55, 0x55, 0x55, 0x55, 0x55, 0x55, 0x55, 0x55, 0x55, 0x55, 0x55, 0x55, 0x55, 0x55, 
	0x55, 0x55, 0x55, 0x67, 0x89, 0x99, 0x98, 0x88, 0x88, 0x88, 0x88, 0x77, 0x77, 0x77, 0x77, 
	0x76, 0x66, 0x66, 0x66, 0x66, 0x66, 0x66, 0x55, 0x55, 0x55, 0x55, 0x55, 0x55, 0x54, 0x44, 
	0x44, 0x44, 0x44, 0x44, 0x44, 0x44, 0x44, 0x44, 0x44, 0x44, 0x44, 0x44, 0x44, 0x44, 0x44, 
	0x44, 0x44, 0x44, 0x44, 0x44, 0x44, 0x44, 0x44, 0x45, 0x55, 0x55, 0x55, 0x55, 0x55, 0x55, 
	0x55, 0x55, 0x55, 0x66, 0x66, 0x66, 0x66, 0x66, 0x66, 0x66, 0x66, 0x67, 0x77, 0x77, 0x88, 
	0x88, 0x88, 0x88, 0x88, 0x88, 0x88, 0x99, 0x99, 0x99, 0x98, 0x75, 0x55, 0x55, 0x55, 0x55, 
	0x55, 0x55, 0x55, 0x55, 0x55, 0x55, 0x55, 0x55, 0x55, 0x55, 0x55, 0x55, 0x55, 0x55, 0x55, 
	0x55, 0x55, 0x55, 0x55, 0x55, 0x55, 0x55, 0x55, 0x55, 0x55, 0x55, 0x55, 0x55, 0x55, 0x55, 
	0x55, 0x55, 0x55, 0x55, 0x55, 0x55, 0x55, 0x55, 0x55, 0x55, 0x55, 0x55, 0x55, 0x55, 0x55, 
	0x55, 0x55, 0x55, 0x55, 0x55, 0x55, 0x44, 0x43, 0x33, 0x33, 0x33, 0x33, 0x34, 0x44, 0x45, 
	0x55, 0x55, 0x55, 0x55, 0x55, 0x55, 0x55, 0x55, 0x55, 0x55, 0x55, 0x55, 0x55, 0x55, 0x55, 
	0x55, 0x55, 0x55, 0x55, 0x55, 0x55, 0x55, 0x55, 0x55, 0x55, 0x54, 0x32, 0x22, 0x22, 0x22, 
	0x22, 0x22, 0x22, 0x22, 0x22, 0x22, 0x22, 0x22, 0x22, 0x22, 0x22, 0x22, 0x22, 0x22, 0x22, 
	0x22, 0x23, 0x45, 0x55, 0x55, 0x55, 0x55, 0x55, 0x55, 0x55, 0x55, 0x55, 0x55, 0x55, 0x55, 
	0x55, 0x55, 0x55, 0x55, 0x55, 0x55, 0x55, 0x55, 0x55, 0x55, 0x55, 0x55, 0x55, 0x55, 0x55, 
	0x55, 0x44, 0x44, 0x33, 0x33, 0x33, 0x33, 0x34, 0x44, 0x44, 0x55, 0x55, 0x55, 0x55, 0x55, 
	0x55, 0x55, 0x55, 0x66, 0x77, 0x77, 0x77, 0x77, 0x77, 0x77, 0x77, 0x77, 0x77, 0x77, 0x77, 
	0x77, 0x77, 0x66, 0x66, 0x66, 0x66, 0x65, 0x55, 0x55, 0x55, 0x55, 0x55, 0x55, 0x55, 0x55, 
	0x55, 0x55, 0x55, 0x55, 0x55, 0x55, 0x55, 0x55, 0x55, 0x55, 0x55, 0x55, 0x55, 0x55, 0x55, 
	0x55, 0x55, 0x55, 0x55, 0x55, 0x55, 0x55, 0x55, 0x55, 0x55, 0x55, 0x55, 0x55, 0x55, 0x55, 
	0x55, 0x55, 0x56, 0x78, 0x9A, 0xA9, 0x98, 0x88, 0x88, 0x88, 0x88, 0x88, 0x77, 0x77, 0x77, 
	0x76, 0x66, 0x66, 0x66, 0x66, 0x66, 0x66, 0x65, 0x55, 0x55, 0x55, 0x55, 0x55, 0x55, 0x44, 
	0x44, 0x44, 0x44, 0x44, 0x44, 0x55, 0x44, 0x44, 0x44, 0x44, 0x44, 0x44, 0x44, 0x44, 0x44, 
	0x44, 0x44, 0x44, 0x44, 0x44, 0x44, 0x44, 0x44, 0x55, 0x55, 0x55, 0x55, 0x55, 0x55, 0x55, 
	0x55, 0x55, 0x55, 0x66, 0x66, 0x66, 0x66, 0x66, 0x66, 0x66, 0x66, 0x67, 0x77, 0x77, 0x78, 
	0x88, 0x88, 0x88, 0x88, 0x88, 0x88, 0x89, 0x99, 0x99, 0x98, 0x76, 0x55, 0x55, 0x55, 0x55, 
	0x55, 0x55, 0x55, 0x55, 0x55, 0x55, 0x55, 0x55, 0x55, 0x55, 0x55, 0x55, 0x55, 0x55, 0x55, 
	0x55, 0x55, 0x55, 0x55, 0x55, 0x55, 0x55, 0x55, 0x55, 0x55, 0x55, 0x55, 0x55, 0x55, 0x55, 
	0x55, 0x55, 0x55, 0x55, 0x55, 0x55, 0x55, 0x55, 0x55, 0x55, 0x55, 0x55, 0x55, 0x55, 0x55, 
	0x55, 0x55, 0x55, 0x55, 0x55, 0x54, 0x44, 0x33, 0x33, 0x33, 0x33, 0x44, 0x44, 0x45, 0x55, 
	0x55, 0x55, 0x55, 0x55, 0x55, 0x55, 0x55, 0x55, 0x55, 0x55, 0x55, 0x55, 0x55, 0x55, 0x55, 
	0x55, 0x55, 0x55, 0x55, 0x55, 0x55, 0x55, 0x55, 0x55, 0x55, 0x54, 0x32, 0x22, 0x22, 0x22, 
	0x22, 0x22, 0x22, 0x22, 0x22, 0x22, 0x22, 0x22, 0x22, 0x22, 0x22, 0x22, 0x22, 0x22, 0x22, 
	0x22, 0x22, 0x34, 0x55, 0x55, 0x55, 0x55, 0x55, 0x55, 0x55, 0x55, 0x55, 0x55, 0x55, 0x55, 
	0x55, 0x55, 0x55, 0x55, 0x55, 0x55, 0x55, 0x55, 0x55, 0x55, 0x55, 0x55, 0x55, 0x55, 0x55, 
	0x55, 0x55, 0x44, 0x44, 0x44, 0x33, 0x33, 0x33, 0x33, 0x44, 0x44, 0x55, 0x55, 0x55, 0x55, 
	0x55, 0x66, 0x55, 0x56, 0x67, 0x77, 0x77, 0x77, 0x77, 0x77, 0x77, 0x77, 0x77, 0x77, 0x77, 
	0x77, 0x77, 0x66, 0x66, 0x66, 0x66, 0x55, 0x55, 0x55, 0x55, 0x55, 0x55, 0x55, 0x55, 0x55, 
	0x55, 0x55, 0x55, 0x55, 0x55, 0x55, 0x55, 0x55, 0x55, 0x55, 0x55, 0x55, 0x55, 0x55, 0x55, 
	0x55, 0x55, 0x55, 0x55, 0x55, 0x55, 0x55, 0x55, 0x55, 0x55, 0x55, 0x55, 0x55, 0x55, 0x55, 
	0x55, 0x55, 0x67, 0x99, 0xAA, 0x99, 0x98, 0x88, 0x88, 0x88, 0x88, 0x88, 0x77, 0x77, 0x77, 
	0x76, 0x66, 0x66, 0x66, 0x66, 0x66, 0x66, 0x66, 0x66, 0x55, 0x55, 0x55, 0x55, 0x55, 0x54, 
	0x44, 0x44, 0x44, 0x45, 0x55, 0x55, 0x55, 0x55, 0x44, 0x44, 0x44, 0x44, 0x44, 0x44, 0x44, 
	0x44, 0x44, 0x44, 0x44, 0x44, 0x44, 0x44, 0x45, 0x55, 0x55, 0x55, 0x55, 0x55, 0x55, 0x55, 
	0x55, 0x55, 0x55, 0x56, 0x66, 0x66, 0x66, 0x66, 0x66, 0x66, 0x66, 0x66, 0x77, 0x77, 0x78, 
	0x88, 0x88, 0x88, 0x88, 0x88, 0x88, 0x88, 0x88, 0x89, 0x99, 0x87, 0x65, 0x55, 0x55, 0x55, 
	0x55, 0x55, 0x55, 0x55, 0x55, 0x55, 0x55, 0x55, 0x55, 0x55, 0x55, 0x55, 0x55, 0x55, 0x55, 
	0x55, 0x55, 0x55, 0x55, 0x55, 0x55, 0x55, 0x55, 0x55, 0x55, 0x55, 0x55, 0x55, 0x55, 0x55, 
	0x55, 0x55, 0x55, 0x55, 0x55, 0x55, 0x55, 0x55, 0x55, 0x55, 0x55, 0x55, 0x55, 0x55, 0x55, 
	0x55, 0x55, 0x55, 0x55, 0x55, 0x54, 0x43, 0x33, 0x33, 0x33, 0x33, 0x44, 0x45, 0x55, 0x55, 
	0x55, 0x55, 0x55, 0x55, 0x55, 0x55, 0x55, 0x55, 0x55, 0x55, 0x55, 0x55, 0x55, 0x55, 0x55, 
	0x55, 0x55, 0x55, 0x55, 0x55, 0x55, 0x55, 0x55, 0x55, 0x55, 0x43, 0x32, 0x22, 0x22, 0x22, 
	0x22, 0x22, 0x22, 0x22, 0x22, 0x22, 0x22, 0x22, 0x22, 0x22, 0x22, 0x22, 0x22, 0x22, 0x22, 
	0x22, 0x22, 0x34, 0x55, 0x55, 0x55, 0x55, 0x55, 0x55, 0x55, 0x55, 0x55, 0x55, 0x55, 0x55, 
	0x55, 0x55, 0x55, 0x55, 0x55, 0x55, 0x55, 0x55, 0x55, 0x55, 0x55, 0x55, 0x55, 0x55, 0x55, 
	0x55, 0x55, 0x55, 0x44, 0x44, 0x44, 0x44, 0x33, 0x33, 0x33, 0x44, 0x45, 0x55, 0x55, 0x55, 
	0x55, 0x55, 0x54, 0x55, 0x66, 0x67, 0x77, 0x77, 0x77, 0x77, 0x77, 0x77, 0x77, 0x77, 0x77, 
	0x76, 0x66, 0x66, 0x66, 0x66, 0x66, 0x66, 0x55, 0x55, 0x55, 0x55, 0x55, 0x55, 0x55, 0x55, 
	0x55, 0x55, 0x55, 0x55, 0x55, 0x55, 0x55, 0x55, 0x55, 0x55, 0x55, 0x55, 0x55, 0x55, 0x55, 
	0x55, 0x55, 0x55, 0x55, 0x55, 0x55, 0x55, 0x55, 0x55, 0x55, 0x55, 0x55, 0x55, 0x55, 0x55, 
	0x55, 0x56, 0x79, 0xAA, 0xAA, 0x99, 0x99, 0x99, 0x98, 0x88, 0x88, 0x88, 0x87, 0x77, 0x77, 
	0x76, 0x66, 0x66, 0x66, 0x66, 0x66, 0x66, 0x66, 0x66, 0x66, 0x55, 0x55, 0x55, 0x55, 0x55, 
	0x54, 0x44, 0x44, 0x55, 0x55, 0x55, 0x55, 0x55, 0x44, 0x44, 0x44, 0x44, 0x44, 0x44, 0x44, 
	0x44, 0x44, 0x44, 0x44, 0x44, 0x44, 0x44, 0x55, 0x55, 0x55, 0x55, 0x55, 0x55, 0x55, 0x55, 
	0x55, 0x55, 0x55, 0x66, 0x66, 0x66, 0x66, 0x66, 0x66, 0x66, 0x66, 0x66, 0x77, 0x77, 0x77, 
	0x77, 0x88, 0x88, 0x88, 0x88, 0x88, 0x88, 0x88, 0x89, 0x99, 0x98, 0x76, 0x55, 0x55, 0x55, 
	0x55, 0x55, 0x55, 0x55, 0x55, 0x55, 0x55, 0x55, 0x55, 0x55, 0x55, 0x55, 0x55, 0x55, 0x55, 
	0x55, 0x55, 0x55, 0x55, 0x55, 0x55, 0x55, 0x55, 0x55, 0x55, 0x55, 0x55, 0x55, 0x55, 0x55, 
	0x55, 0x55, 0x55, 0x55, 0x55, 0x55, 0x55, 0x55, 0x55, 0x55, 0x55, 0x55, 0x55, 0x55, 0x55, 
	0x55, 0x55, 0x55, 0x55, 0x54, 0x44, 0x33, 0x33, 0x33, 0x33, 0x44, 0x44, 0x55, 0x55, 0x55, 
	0x55, 0x55, 0x55, 0x55, 0x55, 0x55, 0x55, 0x55, 0x55, 0x55, 0x55, 0x55, 0x55, 0x55, 0x55, 
	0x55, 0x55, 0x55, 0x55, 0x55, 0x55, 0x55, 0x55, 0x55, 0x55, 0x43, 0x22, 0x22, 0x22, 0x22, 
	0x22, 0x22, 0x22, 0x22, 0x22, 0x22, 0x22, 0x22, 0x22, 0x22, 0x22, 0x22, 0x22, 0x22, 0x22, 
	0x22, 0x22, 0x34, 0x55, 0x55, 0x55, 0x55, 0x55, 0x55, 0x55, 0x55, 0x55, 0x55, 0x55, 0x55, 
	0x55, 0x55, 0x55, 0x55, 0x55, 0x55, 0x55, 0x55, 0x55, 0x55, 0x55, 0x55, 0x55, 0x55, 0x55, 
	0x55, 0x55, 0x55, 0x55, 0x55, 0x54, 0x44, 0x44, 0x33, 0x33, 0x34, 0x44, 0x44, 0x55, 0x55, 
	0x55, 0x55, 0x44, 0x45, 0x56, 0x67, 0x77, 0x77, 0x77, 0x77, 0x77, 0x77, 0x77, 0x77, 0x77, 
	0x76, 0x66, 0x66, 0x66, 0x66, 0x66, 0x65, 0x55, 0x55, 0x55, 0x55, 0x55, 0x55, 0x55, 0x55, 
	0x55, 0x55, 0x55, 0x55, 0x55, 0x55, 0x55, 0x55, 0x55, 0x55, 0x55, 0x55, 0x55, 0x55, 0x55, 
	0x55, 0x55, 0x55, 0x55, 0x55, 0x55, 0x55, 0x55, 0x55, 0x55, 0x55, 0x55, 0x55, 0x55, 0x55, 
	0x55, 0x67, 0x8A, 0xAA, 0xAA, 0x99, 0x99, 0x99, 0x99, 0x98, 0x88, 0x88, 0x87, 0x77, 0x77, 
	0x76, 0x66, 0x66, 0x66, 0x66, 0x66, 0x66, 0x66, 0x66, 0x66, 0x66, 0x55, 0x55, 0x55, 0x55, 
	0x55, 0x55, 0x55, 0x55, 0x55, 0x55, 0x55, 0x55, 0x55, 0x55, 0x55, 0x44, 0x44, 0x44, 0x44, 
	0x44, 0x44, 0x44, 0x55, 0x54, 0x44, 0x55, 0x55, 0x55, 0x55, 0x55, 0x55, 0x55, 0x55, 0x55, 
	0x55, 0x55, 0x55, 0x55, 0x66, 0x66, 0x66, 0x66, 0x66, 0x66, 0x66, 0x66, 0x77, 0x77, 0x77, 
	0x77, 0x88, 0x88, 0x88, 0x88, 0x88, 0x88, 0x88, 0x89, 0x99, 0x99, 0x87, 0x65, 0x55, 0x55, 
	0x55, 0x55, 0x55, 0x55, 0x55, 0x55, 0x55, 0x55, 0x55, 0x55, 0x55, 0x55, 0x55, 0x55, 0x55, 
	0x55, 0x55, 0x55, 0x55, 0x55, 0x55, 0x55, 0x55, 0x55, 0x55, 0x55, 0x55, 0x55, 0x55, 0x55, 
	0x55, 0x55, 0x55, 0x55, 0x55, 0x55, 0x55, 0x55, 0x55, 0x55, 0x55, 0x55, 0x55, 0x55, 0x55, 
	0x55, 0x55, 0x55, 0x55, 0x44, 0x43, 0x33, 0x33, 0x33, 0x34, 0x44, 0x55, 0x55, 0x55, 0x55, 
	0x55, 0x55, 0x55, 0x55, 0x55, 0x55, 0x55, 0x55, 0x55, 0x55, 0x55, 0x55, 0x55, 0x55, 0x55, 
	0x55, 0x55, 0x55, 0x55, 0x55, 0x55, 0x55, 0x55, 0x55, 0x55, 0x43, 0x22, 0x22, 0x22, 0x22, 
	0x22, 0x22, 0x22, 0x22, 0x22, 0x22, 0x22, 0x22, 0x22, 0x22, 0x22, 0x22, 0x22, 0x22, 0x22, 
	0x22, 0x22, 0x34, 0x45, 0x55, 0x55, 0x55, 0x55, 0x55, 0x55, 0x55, 0x55, 0x55, 0x55, 0x55, 
	0x55, 0x55, 0x55, 0x55, 0x55, 0x55, 0x55, 0x55, 0x55, 0x55, 0x55, 0x55, 0x55, 0x55, 0x55, 
	0x55, 0x55, 0x55, 0x55, 0x55, 0x55, 0x55, 0x44, 0x44, 0x43, 0x33, 0x33, 0x34, 0x45, 0x55, 
	0x55, 0x55, 0x44, 0x44, 0x55, 0x66, 0x77, 0x77, 0x77, 0x77, 0x77, 0x77, 0x77, 0x77, 0x76, 
	0x66, 0x66, 0x66, 0x66, 0x66, 0x66, 0x65, 0x55, 0x55, 0x55, 0x55, 0x55, 0x55, 0x55, 0x55, 
	0x55, 0x55, 0x55, 0x55, 0x55, 0x55, 0x55, 0x55, 0x55, 0x55, 0x55, 0x55, 0x55, 0x55, 0x55, 
	0x55, 0x55, 0x55, 0x55, 0x55, 0x55, 0x55, 0x55, 0x55, 0x55, 0x55, 0x55, 0x55, 0x55, 0x55, 
	0x56, 0x79, 0xAA, 0xAA, 0xAA, 0xA9, 0x99, 0x99, 0x99, 0x99, 0x88, 0x88, 0x88, 0x77, 0x77, 
	0x76, 0x66, 0x66, 0x66, 0x66, 0x66, 0x66, 0x66, 0x66, 0x66, 0x66, 0x66, 0x55, 0x55, 0x55, 
	0x55, 0x55, 0x55, 0x55, 0x55, 0x55, 0x55, 0x55, 0x55, 0x55, 0x55, 0x55, 0x55, 0x55, 0x54, 
	0x45, 0x55, 0x55, 0x55, 0x55, 0x55, 0x55, 0x55, 0x55, 0x55, 0x55, 0x55, 0x55, 0x55, 0x55, 
	0x55, 0x55, 0x55, 0x55, 0x56, 0x66, 0x66, 0x66, 0x66, 0x66, 0x66, 0x66, 0x77, 0x77, 0x77, 
	0x77, 0x78, 0x88, 0x88, 0x88, 0x88, 0x88, 0x89, 0x88, 0x89, 0x99, 0x88, 0x66, 0x54, 0x55, 
	0x55, 0x55, 0x55, 0x55, 0x55, 0x55, 0x55, 0x55, 0x55, 0x55, 0x55, 0x55, 0x55, 0x55, 0x55, 
	0x55, 0x55, 0x55, 0x55, 0x55, 0x55, 0x55, 0x55, 0x55, 0x55, 0x55, 0x55, 0x55, 0x55, 0x55, 
	0x55, 0x55, 0x55, 0x55, 0x55, 0x55, 0x55, 0x55, 0x55, 0x55, 0x55, 0x55, 0x55, 0x55, 0x55, 
	0x55, 0x55, 0x55, 0x55, 0x44, 0x33, 0x33, 0x33, 0x33, 0x44, 0x55, 0x55, 0x55, 0x55, 0x55, 
	0x55, 0x55, 0x55, 0x55, 0x55, 0x55, 0x55, 0x55, 0x55, 0x55, 0x55, 0x55, 0x55, 0x55, 0x55, 
	0x55, 0x55, 0x55, 0x55, 0x55, 0x55, 0x55, 0x55, 0x55, 0x54, 0x43, 0x22, 0x22, 0x22, 0x22, 
	0x22, 0x22, 0x22, 0x22, 0x22, 0x22, 0x22, 0x22, 0x22, 0x22, 0x22, 0x22, 0x22, 0x22, 0x22, 
	0x22, 0x22, 0x33, 0x45, 0x55, 0x55, 0x55, 0x55, 0x55, 0x55, 0x55, 0x55, 0x55, 0x55, 0x55, 
	0x55, 0x55, 0x55, 0x55, 0x55, 0x55, 0x55, 0x55, 0x55, 0x55, 0x55, 0x55, 0x55, 0x55, 0x55, 
	0x55, 0x55, 0x55, 0x55, 0x55, 0x55, 0x55, 0x55, 0x54, 0x44, 0x43, 0x33, 0x33, 0x44, 0x55, 
	0x55, 0x54, 0x44, 0x44, 0x45, 0x66, 0x77, 0x77, 0x77, 0x77, 0x77, 0x77, 0x77, 0x77, 0x66, 
	0x66, 0x66, 0x66, 0x66, 0x66, 0x66, 0x55, 0x55, 0x55, 0x55, 0x55, 0x55, 0x55, 0x55, 0x55, 
	0x55, 0x55, 0x55, 0x55, 0x55, 0x55, 0x55, 0x55, 0x55, 0x55, 0x55, 0x55, 0x55, 0x55, 0x55, 
	0x55, 0x55, 0x55, 0x55, 0x55, 0x55, 0x55, 0x55, 0x55, 0x55, 0x55, 0x55, 0x55, 0x55, 0x55, 
	0x67, 0x8A, 0xAA, 0xAA, 0xAA, 0xA9, 0x99, 0x99, 0x99, 0x99, 0x88, 0x88, 0x88, 0x77, 0x77, 
	0x77, 0x66, 0x66, 0x66, 0x66, 0x66, 0x66, 0x66, 0x66, 0x66, 0x66, 0x66, 0x66, 0x65, 0x55, 
	0x55, 0x55, 0x55, 0x55, 0x55, 0x55, 0x55, 0x55, 0x55, 0x55, 0x55, 0x55, 0x55, 0x55, 0x55, 
	0x55, 0x55, 0x55, 0x55, 0x55, 0x55, 0x55, 0x55, 0x55, 0x55, 0x55, 0x55, 0x55, 0x55, 0x55, 
	0x55, 0x55, 0x55, 0x55, 0x56, 0x66, 0x66, 0x66, 0x66, 0x66, 0x66, 0x66, 0x67, 0x77, 0x77, 
	0x77, 0x77, 0x88, 0x88, 0x88, 0x88, 0x88, 0x89, 0x98, 0x89, 0x99, 0x98, 0x76, 0x55, 0x55, 
	0x55, 0x55, 0x55, 0x55, 0x55, 0x55, 0x55, 0x55, 0x55, 0x55, 0x55, 0x55, 0x55, 0x55, 0x55, 
	0x55, 0x55, 0x55, 0x55, 0x55, 0x55, 0x55, 0x55, 0x55, 0x55, 0x55, 0x55, 0x55, 0x55, 0x55, 
	0x55, 0x55, 0x55, 0x55, 0x55, 0x55, 0x55, 0x55, 0x55, 0x55, 0x55, 0x55, 0x55, 0x55, 0x55, 
	0x55, 0x55, 0x55, 0x44, 0x43, 0x33, 0x33, 0x33, 0x44, 0x45, 0x55, 0x55, 0x55, 0x55, 0x55, 
	0x55, 0x55, 0x55, 0x55, 0x55, 0x55, 0x55, 0x55, 0x55, 0x55, 0x55, 0x55, 0x55, 0x55, 0x55, 
	0x55, 0x55, 0x55, 0x55, 0x55, 0x55, 0x55, 0x55, 0x55, 0x54, 0x33, 0x22, 0x22, 0x22, 0x22, 
	0x22, 0x22, 0x22, 0x22, 0x22, 0x22, 0x22, 0x22, 0x22, 0x22, 0x22, 0x22, 0x22, 0x22, 0x22, 
	0x22, 0x22, 0x23, 0x45, 0x55, 0x55, 0x55, 0x55, 0x55, 0x55, 0x55, 0x55, 0x55, 0x55, 0x55, 
	0x55, 0x55, 0x55, 0x55, 0x55, 0x55, 0x55, 0x55, 0x55, 0x55, 0x55, 0x55, 0x55, 0x55, 0x55, 
	0x55, 0x55, 0x55, 0x55, 0x55, 0x55, 0x55, 0x55, 0x55, 0x54, 0x44, 0x43, 0x33, 0x34, 0x44, 
	0x45, 0x44, 0x44, 0x44, 0x45, 0x56, 0x67, 0x77, 0x77, 0x77, 0x77, 0x77, 0x77, 0x66, 0x66, 
	0x66, 0x66, 0x66, 0x66, 0x66, 0x55, 0x55, 0x55, 0x55, 0x55, 0x55, 0x55, 0x55, 0x55, 0x55, 
	0x55, 0x55, 0x55, 0x55, 0x55, 0x55, 0x55, 0x55, 0x55, 0x55, 0x55, 0x55, 0x55, 0x55, 0x55, 
	0x55, 0x55, 0x55, 0x55, 0x55, 0x55, 0x55, 0x55, 0x55, 0x55, 0x55, 0x55, 0x55, 0x55, 0x56, 
	0x79, 0x9A, 0xAA, 0xAA, 0xA9, 0xA9, 0x99, 0x99, 0x99, 0x99, 0x88, 0x88, 0x88, 0x87, 0x77, 
	0x77, 0x76, 0x66, 0x66, 0x66, 0x66, 0x66, 0x66, 0x66, 0x66, 0x66, 0x66, 0x66, 0x66, 0x65, 
	0x55, 0x55, 0x55, 0x55, 0x55, 0x55, 0x55, 0x55, 0x55, 0x55, 0x55, 0x55, 0x55, 0x55, 0x55, 
	0x55, 0x55, 0x55, 0x55, 0x55, 0x55, 0x55, 0x55, 0x55, 0x55, 0x55, 0x55, 0x55, 0x55, 0x55, 
	0x55, 0x55, 0x55, 0x55, 0x56, 0x66, 0x66, 0x66, 0x66, 0x66, 0x66, 0x66, 0x67, 0x77, 0x77, 
	0x77, 0x78, 0x88, 0x88, 0x88, 0x88, 0x88, 0x89, 0x99, 0x99, 0x99, 0x99, 0x87, 0x65, 0x55, 
	0x55, 0x55, 0x55, 0x55, 0x55, 0x55, 0x55, 0x55, 0x55, 0x55, 0x55, 0x55, 0x55, 0x55, 0x55, 
	0x55, 0x55, 0x55, 0x55, 0x55, 0x55, 0x55, 0x55, 0x55, 0x55, 0x55, 0x55, 0x55, 0x55, 0x55, 
	0x55, 0x55, 0x55, 0x55, 0x55, 0x55, 0x55, 0x55, 0x55, 0x55, 0x55, 0x55, 0x55, 0x55, 0x55, 
	0x55, 0x55, 0x55, 0x44, 0x43, 0x33, 0x33, 0x34, 0x44, 0x55, 0x55, 0x55, 0x55, 0x55, 0x55, 
	0x55, 0x55, 0x55, 0x55, 0x55, 0x55, 0x55, 0x55, 0x55, 0x55, 0x55, 0x55, 0x55, 0x55, 0x55, 
	0x55, 0x55, 0x55, 0x55, 0x55, 0x55, 0x55, 0x55, 0x55, 0x54, 0x32, 0x22, 0x22, 0x22, 0x22, 
	0x22, 0x22, 0x22, 0x22, 0x22, 0x22, 0x22, 0x22, 0x22, 0x22, 0x22, 0x22, 0x22, 0x22, 0x22, 
	0x22, 0x22, 0x23, 0x45, 0x55, 0x55, 0x55, 0x55, 0x55, 0x55, 0x55, 0x55, 0x55, 0x55, 0x55, 
	0x55, 0x55, 0x55, 0x55, 0x55, 0x55, 0x55, 0x55, 0x55, 0x55, 0x55, 0x55, 0x55, 0x55, 0x55, 
	0x55, 0x55, 0x55, 0x55, 0x55, 0x55, 0x55, 0x55, 0x55, 0x55, 0x55, 0x44, 0x43, 0x33, 0x33, 
	0x44, 0x44, 0x44, 0x44, 0x55, 0x55, 0x67, 0x77, 0x77, 0x77, 0x77, 0x76, 0x66, 0x66, 0x66, 
	0x66, 0x66, 0x66, 0x66, 0x55, 0x55, 0x55, 0x55, 0x55, 0x55, 0x55, 0x55, 0x55, 0x55, 0x55, 
	0x55, 0x55, 0x55, 0x55, 0x55, 0x55, 0x55, 0x55, 0x55, 0x55, 0x55, 0x55, 0x55, 0x55, 0x55, 
	0x55, 0x55, 0x55, 0x55, 0x55, 0x55, 0x55, 0x55, 0x55, 0x55, 0x55, 0x55, 0x55, 0x55, 0x56, 
	0x8A, 0xAA, 0xAA, 0xAA, 0xA9, 0x99, 0x99, 0x99, 0x99, 0x99, 0x88, 0x88, 0x88, 0x87, 0x77, 
	0x77, 0x77, 0x66, 0x66, 0x66, 0x66, 0x66, 0x66, 0x66, 0x66, 0x66, 0x66, 0x66, 0x66, 0x66, 
	0x65, 0x55, 0x55, 0x55, 0x55, 0x55, 0x55, 0x55, 0x55, 0x55, 0x55, 0x55, 0x55, 0x55, 0x55, 
	0x55, 0x55, 0x55, 0x55, 0x55, 0x55, 0x55, 0x55, 0x55, 0x55, 0x55, 0x55, 0x55, 0x55, 0x55, 
	0x55, 0x55, 0x55, 0x55, 0x55, 0x66, 0x66, 0x66, 0x66, 0x66, 0x66, 0x66, 0x67, 0x77, 0x77, 
	0x77, 0x78, 0x88, 0x88, 0x88, 0x88, 0x88, 0x88, 0x99, 0x99, 0x99, 0x9A, 0x99, 0x76, 0x55, 
	0x55, 0x55, 0x55, 0x55, 0x55, 0x55, 0x55, 0x55, 0x55, 0x55, 0x55, 0x55, 0x55, 0x55, 0x55, 
	0x55, 0x55, 0x55, 0x55, 0x55, 0x55, 0x55, 0x55, 0x55, 0x55, 0x55, 0x55, 0x55, 0x55, 0x55, 
	0x55, 0x55, 0x55, 0x55, 0x55, 0x55, 0x55, 0x55, 0x55, 0x55, 0x55, 0x55, 0x55, 0x55, 0x55, 
	0x55, 0x55, 0x55, 0x44, 0x43, 0x33, 0x33, 0x44, 0x45, 0x55, 0x55, 0x55, 0x55, 0x55, 0x55, 
	0x55, 0x55, 0x55, 0x55, 0x55, 0x55, 0x55, 0x55, 0x55, 0x55, 0x55, 0x55, 0x55, 0x55, 0x55, 
	0x55, 0x55, 0x55, 0x55, 0x55, 0x55, 0x55, 0x55, 0x55, 0x54, 0x32, 0x22, 0x22, 0x22, 0x22, 
	0x22, 0x22, 0x22, 0x22, 0x22, 0x22, 0x22, 0x22, 0x22, 0x22, 0x22, 0x22, 0x22, 0x22, 0x22, 
	0x22, 0x22, 0x23, 0x44, 0x55, 0x55, 0x55, 0x55, 0x55, 0x55, 0x55, 0x55, 0x55, 0x55, 0x55, 
	0x55, 0x55, 0x55, 0x55, 0x55, 0x55, 0x55, 0x55, 0x55, 0x55, 0x55, 0x55, 0x55, 0x55, 0x55, 
	0x55, 0x55, 0x55, 0x55, 0x55, 0x55, 0x55, 0x55, 0x55, 0x55, 0x55, 0x55, 0x44, 0x43, 0x33, 
	0x34, 0x44, 0x44, 0x44, 0x55, 0x55, 0x56, 0x67, 0x77, 0x77, 0x76, 0x66, 0x66, 0x66, 0x66, 
	0x66, 0x66, 0x66, 0x55, 0x55, 0x55, 0x55, 0x55, 0x55, 0x55, 0x55, 0x55, 0x55, 0x55, 0x55, 
	0x55, 0x55, 0x55, 0x55, 0x55, 0x55, 0x55, 0x55, 0x55, 0x55, 0x55, 0x55, 0x55, 0x55, 0x55, 
	0x55, 0x55, 0x55, 0x55, 0x55, 0x55, 0x55, 0x55, 0x55, 0x55, 0x55, 0x55, 0x55, 0x55, 0x68, 
	0xAA, 0xAA, 0xAA, 0xAA, 0xA9, 0x99, 0x99, 0x99, 0x99, 0x88, 0x88, 0x88, 0x88, 0x87, 0x77, 
	0x77, 0x77, 0x77, 0x76, 0x66, 0x66, 0x66, 0x66, 0x66, 0x66, 0x66, 0x66, 0x66, 0x66, 0x66, 
	0x66, 0x66, 0x65, 0x55, 0x55, 0x55, 0x55, 0x55, 0x55, 0x55, 0x55, 0x55, 0x55, 0x55, 0x55, 
	0x55, 0x55, 0x55, 0x55, 0x55, 0x55, 0x55, 0x55, 0x55, 0x55, 0x55, 0x55, 0x55, 0x55, 0x55, 
	0x55, 0x55, 0x55, 0x55, 0x55, 0x66, 0x66, 0x66, 0x66, 0x66, 0x66, 0x66, 0x67, 0x77, 0x77, 
	0x77, 0x78, 0x88, 0x88, 0x88, 0x88, 0x88, 0x99, 0x99, 0x99, 0x99, 0x99, 0xAA, 0x97, 0x65, 
	0x55, 0x55, 0x55, 0x55, 0x55, 0x55, 0x55, 0x55, 0x55, 0x55, 0x55, 0x55, 0x55, 0x55, 0x55, 
	0x55, 0x55, 0x55, 0x55, 0x55, 0x55, 0x55, 0x55, 0x55, 0x55, 0x55, 0x55, 0x55, 0x55, 0x55, 
	0x55, 0x55, 0x55, 0x55, 0x55, 0x55, 0x55, 0x55, 0x55, 0x55, 0x55, 0x55, 0x55, 0x55, 0x55, 
	0x55, 0x55, 0x44, 0x43, 0x33, 0x33, 0x33, 0x45, 0x55, 0x55, 0x55, 0x55, 0x55, 0x55, 0x55, 
	0x55, 0x55, 0x55, 0x55, 0x55, 0x55, 0x55, 0x55, 0x55, 0x55, 0x55, 0x55, 0x55, 0x55, 0x55, 
	0x55, 0x55, 0x55, 0x55, 0x55, 0x55, 0x55, 0x55, 0x55, 0x43, 0x32, 0x22, 0x22, 0x22, 0x22, 
	0x22, 0x22, 0x22, 0x22, 0x22, 0x22, 0x22, 0x22, 0x22, 0x22, 0x22, 0x22, 0x22, 0x22, 0x22, 
	0x22, 0x22, 0x22, 0x34, 0x55, 0x55, 0x55, 0x55, 0x55, 0x55, 0x55, 0x55, 0x55, 0x55, 0x55, 
	0x55, 0x55, 0x55, 0x55, 0x55, 0x55, 0x55, 0x55, 0x55, 0x55, 0x55, 0x55, 0x55, 0x55, 0x55, 
	0x55, 0x55, 0x55, 0x55, 0x55, 0x55, 0x55, 0x55, 0x55, 0x55, 0x55, 0x55, 0x55, 0x44, 0x43, 
	0x33, 0x33, 0x44, 0x44, 0x45, 0x55, 0x55, 0x67, 0x77, 0x66, 0x66, 0x66, 0x66, 0x66, 0x66, 
	0x66, 0x66, 0x66, 0x55, 0x55, 0x55, 0x55, 0x55, 0x55, 0x55, 0x55, 0x55, 0x55, 0x55, 0x55, 
	0x55, 0x55, 0x55, 0x55, 0x55, 0x55, 0x55, 0x55, 0x55, 0x55, 0x55, 0x55, 0x55, 0x55, 0x55, 
	0x55, 0x55, 0x55, 0x55, 0x55, 0x55, 0x55, 0x55, 0x55, 0x55, 0x55, 0x55, 0x55, 0x56, 0x89, 
	0xAA, 0xAA, 0xAA, 0xAA, 0x99, 0x99, 0x99, 0x99, 0x99, 0x88, 0x88, 0x88, 0x88, 0x87, 0x77, 
	0x77, 0x77, 0x77, 0x77, 0x66, 0x66, 0x66, 0x66, 0x66, 0x66, 0x66, 0x66, 0x66, 0x66, 0x66, 
	0x66, 0x66, 0x66, 0x55, 0x55, 0x55, 0x55, 0x55, 0x55, 0x55, 0x55, 0x55, 0x55, 0x55, 0x55, 
	0x55, 0x55, 0x55, 0x55, 0x55, 0x55, 0x55, 0x55, 0x55, 0x55, 0x55, 0x55, 0x55, 0x55, 0x55, 
	0x55, 0x55, 0x55, 0x55, 0x55, 0x56, 0x66, 0x66, 0x66, 0x66, 0x66, 0x66, 0x67, 0x77, 0x77, 
	0x77, 0x78, 0x88, 0x88, 0x88, 0x88, 0x89, 0x99, 0x99, 0x99, 0x99, 0x99, 0xAA, 0xA8, 0x75, 
	0x55, 0x55, 0x55, 0x55, 0x55, 0x55, 0x55, 0x55, 0x55, 0x55, 0x55, 0x55, 0x55, 0x55, 0x55, 
	0x55, 0x55, 0x55, 0x55, 0x55, 0x55, 0x55, 0x55, 0x55, 0x55, 0x55, 0x55, 0x55, 0x55, 0x55, 
	0x55, 0x55, 0x55, 0x55, 0x55, 0x55, 0x55, 0x55, 0x55, 0x55, 0x55, 0x55, 0x55, 0x55, 0x55, 
	0x55, 0x55, 0x44, 0x33, 0x33, 0x33, 0x34, 0x45, 0x55, 0x55, 0x55, 0x55, 0x55, 0x55, 0x55, 
	0x55, 0x55, 0x55, 0x55, 0x55, 0x55, 0x55, 0x55, 0x55, 0x55, 0x55, 0x55, 0x55, 0x55, 0x55, 
	0x55, 0x55, 0x55, 0x55, 0x55, 0x55, 0x55, 0x55, 0x55, 0x43, 0x32, 0x22, 0x22, 0x22, 0x22, 
	0x22, 0x22, 0x22, 0x22, 0x22, 0x22, 0x22, 0x22, 0x22, 0x22, 0x22, 0x22, 0x22, 0x22, 0x22, 
	0x22, 0x22, 0x22, 0x34, 0x55, 0x55, 0x55, 0x55, 0x55, 0x55, 0x55, 0x55, 0x55, 0x55, 0x55, 
	0x55, 0x55, 0x55, 0x55, 0x55, 0x55, 0x55, 0x55, 0x55, 0x55, 0x55, 0x55, 0x55, 0x55, 0x55, 
	0x55, 0x55, 0x55, 0x55, 0x55, 0x55, 0x55, 0x55, 0x55, 0x55, 0x55, 0x55, 0x55, 0x55, 0x44, 
	0x44, 0x44, 0x44, 0x44, 0x44, 0x44, 0x55, 0x66, 0x66, 0x66, 0x66, 0x66, 0x66, 0x66, 0x66, 
	0x66, 0x66, 0x66, 0x55, 0x55, 0x55, 0x55, 0x55, 0x55, 0x55, 0x55, 0x55, 0x55, 0x55, 0x55, 
	0x55, 0x55, 0x55, 0x55, 0x55, 0x55, 0x55, 0x55, 0x55, 0x55, 0x55, 0x55, 0x55, 0x55, 0x55, 
	0x55, 0x55, 0x55, 0x55, 0x55, 0x55, 0x55, 0x55, 0x55, 0x55, 0x55, 0x55, 0x45, 0x68, 0x9A, 
	0xBB, 0xAA, 0xAA, 0xAA, 0x99, 0x99, 0x99, 0x99, 0x99, 0x88, 0x88, 0x88, 0x88, 0x88, 0x77, 
	0x77, 0x77, 0x77, 0x77, 0x77, 0x66, 0x66, 0x66, 0x66, 0x66, 0x66, 0x66, 0x66, 0x66, 0x66, 
	0x66, 0x66, 0x66, 0x65, 0x55, 0x55, 0x55, 0x55, 0x55, 0x55, 0x55, 0x55, 0x55, 0x55, 0x55, 
	0x55, 0x55, 0x55, 0x55, 0x55, 0x55, 0x55, 0x55, 0x55, 0x55, 0x55, 0x55, 0x55, 0x55, 0x55, 
	0x55, 0x55, 0x55, 0x55, 0x55, 0x55, 0x66, 0x66, 0x66, 0x66, 0x66, 0x66, 0x67, 0x77, 0x77, 
	0x77, 0x78, 0x88, 0x88, 0x88, 0x89, 0x99, 0x99, 0x99, 0x99, 0x99, 0xAA, 0xAA, 0xA9, 0x86, 
	0x55, 0x45, 0x55, 0x55, 0x55, 0x55, 0x55, 0x55, 0x55, 0x55, 0x55, 0x55, 0x55, 0x55, 0x55, 
	0x55, 0x55, 0x55, 0x55, 0x55, 0x55, 0x55, 0x55, 0x55, 0x55, 0x55, 0x55, 0x55, 0x55, 0x55, 
	0x55, 0x55, 0x55, 0x55, 0x55, 0x55, 0x55, 0x55, 0x55, 0x55, 0x55, 0x55, 0x55, 0x55, 0x55, 
	0x55, 0x54, 0x43, 0x33, 0x33, 0x33, 0x44, 0x55, 0x55, 0x55, 0x55, 0x55, 0x55, 0x55, 0x55, 
	0x55, 0x55, 0x55, 0x55, 0x55, 0x55, 0x55, 0x55, 0x55, 0x55, 0x55, 0x55, 0x55, 0x55, 0x55, 
	0x55, 0x55, 0x55, 0x55, 0x55, 0x55, 0x55, 0x55, 0x55, 0x43, 0x22, 0x22, 0x22, 0x22, 0x22, 
	0x22, 0x22, 0x22, 0x22, 0x22, 0x22, 0x22, 0x22, 0x22, 0x22, 0x22, 0x22, 0x22, 0x22, 0x23, 
	0x22, 0x22, 0x22, 0x34, 0x45, 0x55, 0x55, 0x55, 0x55, 0x55, 0x55, 0x55, 0x55, 0x55, 0x55, 
	0x55, 0x55, 0x55, 0x55, 0x55, 0x55, 0x55, 0x55, 0x55, 0x55, 0x55, 0x55, 0x55, 0x55, 0x55, 
	0x55, 0x55, 0x55, 0x55, 0x55, 0x55, 0x55, 0x55, 0x55, 0x55, 0x55, 0x55, 0x55, 0x55, 0x54, 
	0x44, 0x44, 0x44, 0x44, 0x44, 0x44, 0x55, 0x66, 0x66, 0x66, 0x66, 0x66, 0x66, 0x66, 0x66, 
	0x66, 0x66, 0x65, 0x55, 0x55, 0x55, 0x55, 0x55, 0x55, 0x55, 0x55, 0x55, 0x55, 0x55, 0x55, 
	0x55, 0x55, 0x55, 0x55, 0x55, 0x55, 0x55, 0x55, 0x55, 0x55, 0x55, 0x55, 0x55, 0x55, 0x55, 
	0x55, 0x55, 0x55, 0x55, 0x55, 0x55, 0x55, 0x55, 0x55, 0x55, 0x55, 0x54, 0x55, 0x79, 0xAA, 
	0xBA, 0xAA, 0xAA, 0xA9, 0x99, 0x99, 0x99, 0x99, 0x98, 0x88, 0x88, 0x88, 0x88, 0x88, 0x88, 
	0x87, 0x77, 0x77, 0x77, 0x77, 0x77, 0x66, 0x66, 0x66, 0x66, 0x66, 0x66, 0x66, 0x66, 0x66, 
	0x66, 0x66, 0x66, 0x66, 0x65, 0x55, 0x55, 0x55, 0x55, 0x55, 0x55, 0x55, 0x55, 0x55, 0x55, 
	0x55, 0x55, 0x55, 0x55, 0x55, 0x55, 0x55, 0x55, 0x55, 0x55, 0x55, 0x55, 0x55, 0x55, 0x55, 
	0x55, 0x55, 0x55, 0x55, 0x55, 0x55, 0x66, 0x66, 0x66, 0x66, 0x66, 0x66, 0x67, 0x77, 0x77, 
	0x77, 0x78, 0x88, 0x88, 0x88, 0x89, 0x99, 0x99, 0x99, 0x99, 0x99, 0xAA, 0xAA, 0xAA, 0x97, 
	0x65, 0x55, 0x55, 0x55, 0x55, 0x55, 0x55, 0x55, 0x55, 0x55, 0x55, 0x55, 0x55, 0x55, 0x55, 
	0x55, 0x55, 0x55, 0x55, 0x55, 0x55, 0x55, 0x55, 0x55, 0x55, 0x55, 0x55, 0x55, 0x55, 0x55, 
	0x55, 0x55, 0x55, 0x55, 0x55, 0x55, 0x55, 0x55, 0x55, 0x55, 0x55, 0x55, 0x55, 0x55, 0x55, 
	0x55, 0x54, 0x43, 0x33, 0x33, 0x33, 0x45, 0x55, 0x55, 0x55, 0x55, 0x55, 0x55, 0x55, 0x55, 
	0x55, 0x55, 0x55, 0x55, 0x55, 0x55, 0x55, 0x55, 0x55, 0x55, 0x55, 0x55, 0x55, 0x55, 0x55, 
	0x55, 0x55, 0x55, 0x55, 0x55, 0x55, 0x55, 0x55, 0x55, 0x42, 0x22, 0x22, 0x22, 0x22, 0x22, 
	0x22, 0x22, 0x22, 0x22, 0x22, 0x22, 0x22, 0x22, 0x22, 0x22, 0x22, 0x22, 0x22, 0x22, 0x34, 
	0x22, 0x22, 0x22, 0x33, 0x45, 0x55, 0x55, 0x55, 0x55, 0x55, 0x55, 0x55, 0x55, 0x55, 0x55, 
	0x55, 0x55, 0x55, 0x55, 0x55, 0x55, 0x55, 0x55, 0x55, 0x55, 0x55, 0x55, 0x55, 0x55, 0x55, 
	0x55, 0x55, 0x55, 0x55, 0x55, 0x55, 0x55, 0x55, 0x55, 0x55, 0x55, 0x55, 0x55, 0x55, 0x55, 
	0x54, 0x44, 0x44, 0x44, 0x45, 0x55, 0x55, 0x56, 0x66, 0x66, 0x66, 0x66, 0x66, 0x66, 0x66, 
	0x66, 0x55, 0x55, 0x55, 0x55, 0x55, 0x55, 0x55, 0x55, 0x55, 0x55, 0x55, 0x55, 0x55, 0x55, 
	0x55, 0x55, 0x55, 0x55, 0x55, 0x55, 0x55, 0x55, 0x55, 0x55, 0x55, 0x55, 0x55, 0x55, 0x55, 
	0x55, 0x55, 0x55, 0x55, 0x55, 0x55, 0x55, 0x55, 0x55, 0x55, 0x55, 0x55, 0x56, 0x8A, 0xBB, 
	0xBA, 0xAA, 0xAA, 0x99, 0x99, 0x99, 0x99, 0x99, 0x88, 0x88, 0x88, 0x88, 0x88, 0x88, 0x88, 
	0x88, 0x77, 0x77, 0x77, 0x77, 0x77, 0x77, 0x66, 0x66, 0x66, 0x66, 0x66, 0x66, 0x66, 0x66, 
	0x66, 0x66, 0x66, 0x66, 0x66, 0x55, 0x55, 0x55, 0x55, 0x55, 0x55, 0x55, 0x55, 0x55, 0x55, 
	0x55, 0x55, 0x55, 0x55, 0x55, 0x55, 0x55, 0x55, 0x55, 0x55, 0x55, 0x55, 0x55, 0x55, 0x55, 
	0x55, 0x55, 0x55, 0x55, 0x55, 0x55, 0x56, 0x66, 0x66, 0x66, 0x66, 0x66, 0x67, 0x77, 0x77, 
	0x77, 0x88, 0x88, 0x88, 0x88, 0x89, 0x99, 0x99, 0x99, 0x99, 0x99, 0xAA, 0x9A, 0xAA, 0x98, 
	0x75, 0x55, 0x55, 0x55, 0x55, 0x55, 0x55, 0x55, 0x55, 0x55, 0x55, 0x55, 0x55, 0x55, 0x55, 
	0x55, 0x55, 0x55, 0x55, 0x55, 0x55, 0x55, 0x55, 0x55, 0x55, 0x55, 0x55, 0x55, 0x55, 0x55, 
	0x55, 0x55, 0x55, 0x55, 0x55, 0x55, 0x55, 0x55, 0x55, 0x55, 0x55, 0x55, 0x55, 0x55, 0x55, 
	0x55, 0x44, 0x33, 0x33, 0x33, 0x34, 0x55, 0x55, 0x55, 0x55, 0x55, 0x55, 0x55, 0x55, 0x55, 
	0x55, 0x55, 0x55, 0x55, 0x55, 0x55, 0x55, 0x55, 0x55, 0x55, 0x55, 0x55, 0x55, 0x55, 0x55, 
	0x55, 0x55, 0x55, 0x55, 0x55, 0x55, 0x55, 0x55, 0x54, 0x32, 0x22, 0x22, 0x22, 0x22, 0x22, 
	0x22, 0x22, 0x22, 0x22, 0x22, 0x22, 0x22, 0x22, 0x22, 0x22, 0x22, 0x22, 0x22, 0x23, 0x45, 
	0x22, 0x22, 0x22, 0x23, 0x45, 0x55, 0x55, 0x55, 0x55, 0x55, 0x55, 0x55, 0x55, 0x55, 0x55, 
	0x55, 0x55, 0x55, 0x55, 0x55, 0x55, 0x55, 0x55, 0x55, 0x55, 0x55, 0x55, 0x55, 0x55, 0x55, 
	0x55, 0x55, 0x55, 0x55, 0x55, 0x55, 0x55, 0x55, 0x55, 0x55, 0x55, 0x55, 0x55, 0x55, 0x55, 
	0x55, 0x44, 0x33, 0x44, 0x45, 0x55, 0x55, 0x55, 0x66, 0x66, 0x66, 0x66, 0x66, 0x66, 0x55, 
	0x55, 0x55, 0x55, 0x55, 0x55, 0x55, 0x55, 0x55, 0x55, 0x55, 0x55, 0x55, 0x55, 0x55, 0x55, 
	0x55, 0x55, 0x55, 0x55, 0x55, 0x55, 0x55, 0x55, 0x55, 0x55, 0x55, 0x55, 0x55, 0x55, 0x55, 
	0x55, 0x55, 0x55, 0x55, 0x55, 0x55, 0x55, 0x55, 0x55, 0x55, 0x55, 0x55, 0x67, 0x9A, 0xBA, 
	0xAA, 0xAA, 0xA9, 0x99, 0x99, 0x99, 0x99, 0x98, 0x88, 0x88, 0x88, 0x88, 0x88, 0x88, 0x88, 
	0x88, 0x88, 0x87, 0x77, 0x77, 0x77, 0x77, 0x66, 0x66, 0x66, 0x66, 0x66, 0x66, 0x66, 0x66, 
	0x66, 0x66, 0x66, 0x66, 0x66, 0x65, 0x55, 0x55, 0x55, 0x55, 0x55, 0x55, 0x55, 0x55, 0x55, 
	0x55, 0x55, 0x55, 0x55, 0x55, 0x55, 0x55, 0x55, 0x55, 0x55, 0x55, 0x55, 0x55, 0x55, 0x55, 
	0x55, 0x55, 0x55, 0x55, 0x55, 0x55, 0x55, 0x66, 0x66, 0x66, 0x66, 0x66, 0x67, 0x77, 0x77, 
	0x78, 0x88, 0x88, 0x88, 0x88, 0x99, 0x99, 0x99, 0x99, 0x99, 0x99, 0xAA, 0x99, 0xAA, 0x99, 
	0x86, 0x55, 0x55, 0x55, 0x55, 0x55, 0x55, 0x55, 0x55, 0x55, 0x55, 0x55, 0x55, 0x55, 0x55, 
	0x55, 0x55, 0x55, 0x55, 0x55, 0x55, 0x55, 0x55, 0x55, 0x55, 0x55, 0x55, 0x55, 0x55, 0x55, 
	0x55, 0x55, 0x55, 0x55, 0x55, 0x55, 0x55, 0x55, 0x55, 0x55, 0x55, 0x55, 0x55, 0x55, 0x55, 
	0x54, 0x43, 0x33, 0x33, 0x33, 0x44, 0x55, 0x55, 0x55, 0x55, 0x55, 0x55, 0x55, 0x55, 0x55, 
	0x55, 0x55, 0x55, 0x55, 0x55, 0x55, 0x55, 0x55, 0x55, 0x55, 0x55, 0x55, 0x55, 0x55, 0x55, 
	0x55, 0x55, 0x55, 0x55, 0x55, 0x55, 0x55, 0x55, 0x44, 0x32, 0x22, 0x22, 0x22, 0x22, 0x22, 
	0x22, 0x22, 0x22, 0x22, 0x22, 0x22, 0x22, 0x22, 0x22, 0x22, 0x22, 0x22, 0x22, 0x34, 0x56, 
	0x22, 0x22, 0x22, 0x23, 0x45, 0x55, 0x55, 0x55, 0x55, 0x55, 0x55, 0x55, 0x55, 0x55, 0x55, 
	0x55, 0x55, 0x55, 0x55, 0x55, 0x55, 0x55, 0x55, 0x55, 0x55, 0x55, 0x55, 0x55, 0x55, 0x55, 
	0x55, 0x55, 0x55, 0x55, 0x55, 0x55, 0x55, 0x55, 0x55, 0x55, 0x55, 0x55, 0x55, 0x55, 0x55, 
	0x55, 0x54, 0x43, 0x44, 0x45, 0x55, 0x55, 0x55, 0x66, 0x55, 0x56, 0x65, 0x55, 0x55, 0x55, 
	0x55, 0x55, 0x55, 0x55, 0x55, 0x55, 0x55, 0x55, 0x55, 0x55, 0x55, 0x55, 0x55, 0x55, 0x55, 
	0x55, 0x55, 0x55, 0x55, 0x55, 0x55, 0x55, 0x55, 0x55, 0x55, 0x55, 0x55, 0x55, 0x55, 0x55, 
	0x55, 0x55, 0x55, 0x55, 0x55, 0x55, 0x55, 0x55, 0x55, 0x55, 0x55, 0x55, 0x68, 0xAA, 0xAA, 
	0xAA, 0xAA, 0xA9, 0x99, 0x99, 0x99, 0x99, 0x98, 0x88, 0x88, 0x88, 0x88, 0x88, 0x88, 0x88, 
	0x88, 0x88, 0x88, 0x77, 0x77, 0x77, 0x77, 0x77, 0x76, 0x66, 0x66, 0x66, 0x66, 0x66, 0x66, 
	0x66, 0x66, 0x66, 0x66, 0x66, 0x66, 0x55, 0x55, 0x55, 0x55, 0x55, 0x55, 0x55, 0x55, 0x55, 
	0x55, 0x55, 0x55, 0x55, 0x55, 0x55, 0x55, 0x55, 0x55, 0x55, 0x55, 0x55, 0x55, 0x55, 0x55, 
	0x55, 0x55, 0x55, 0x55, 0x55, 0x55, 0x55, 0x56, 0x66, 0x66, 0x66, 0x66, 0x77, 0x77, 0x77, 
	0x88, 0x88, 0x88, 0x88, 0x89, 0x99, 0x99, 0x99, 0x99, 0x99, 0x99, 0x9A, 0xAA, 0xAA, 0xA9, 
	0x87, 0x65, 0x45, 0x55, 0x55, 0x55, 0x55, 0x55, 0x55, 0x55, 0x55, 0x55, 0x55, 0x55, 0x55, 
	0x55, 0x55, 0x55, 0x55, 0x55, 0x55, 0x55, 0x55, 0x55, 0x55, 0x55, 0x55, 0x55, 0x55, 0x55, 
	0x55, 0x55, 0x55, 0x55, 0x55, 0x55, 0x55, 0x55, 0x55, 0x55, 0x55, 0x55, 0x55, 0x55, 0x55, 
	0x54, 0x43, 0x33, 0x33, 0x34, 0x45, 0x55, 0x55, 0x55, 0x55, 0x55, 0x55, 0x55, 0x55, 0x55, 
	0x55, 0x55, 0x55, 0x55, 0x55, 0x55, 0x55, 0x55, 0x55, 0x55, 0x55, 0x55, 0x55, 0x55, 0x55, 
	0x55, 0x55, 0x55, 0x55, 0x55, 0x55, 0x55, 0x55, 0x44, 0x32, 0x22, 0x22, 0x22, 0x22, 0x22, 
	0x22, 0x22, 0x22, 0x22, 0x22, 0x22, 0x22, 0x22, 0x22, 0x22, 0x22, 0x22, 0x23, 0x45, 0x66, 
	0x22, 0x22, 0x22, 0x23, 0x44, 0x55, 0x55, 0x55, 0x55, 0x55, 0x55, 0x55, 0x55, 0x55, 0x55, 
	0x55, 0x55, 0x55, 0x55, 0x55, 0x55, 0x55, 0x55, 0x55, 0x55, 0x55, 0x55, 0x55, 0x55, 0x55, 
	0x55, 0x55, 0x55, 0x55, 0x55, 0x55, 0x55, 0x55, 0x55, 0x55, 0x55, 0x55, 0x55, 0x55, 0x55, 
	0x55, 0x55, 0x44, 0x44, 0x45, 0x55, 0x56, 0x66, 0x66, 0x55, 0x55, 0x55, 0x55, 0x55, 0x55, 
	0x55, 0x55, 0x55, 0x55, 0x55, 0x55, 0x55, 0x55, 0x55, 0x55, 0x55, 0x55, 0x55, 0x55, 0x55, 
	0x55, 0x55, 0x55, 0x55, 0x55, 0x55, 0x55, 0x55, 0x55, 0x55, 0x55, 0x55, 0x55, 0x55, 0x55, 
	0x55, 0x55, 0x55, 0x55, 0x55, 0x55, 0x55, 0x55, 0x55, 0x55, 0x55, 0x55, 0x79, 0xAB, 0xBA, 
	0xAA, 0xAA, 0x99, 0x99, 0x99, 0x99, 0x99, 0x88, 0x88, 0x88, 0x88, 0x88, 0x88, 0x88, 0x88, 
	0x88, 0x88, 0x88, 0x87, 0x77, 0x77, 0x77, 0x77, 0x77, 0x76, 0x66, 0x66, 0x66, 0x66, 0x66, 
	0x66, 0x66, 0x66, 0x66, 0x66, 0x66, 0x65, 0x55, 0x55, 0x55, 0x55, 0x55, 0x55, 0x55, 0x55, 
	0x55, 0x55, 0x55, 0x55, 0x55, 0x55, 0x55, 0x55, 0x55, 0x55, 0x55, 0x55, 0x55, 0x55, 0x55, 
	0x55, 0x55, 0x55, 0x55, 0x55, 0x55, 0x55, 0x56, 0x66, 0x66, 0x66, 0x67, 0x77, 0x77, 0x78, 
	0x88, 0x88, 0x88, 0x88, 0x89, 0x99, 0x99, 0x99, 0x99, 0x99, 0x99, 0x9A, 0xAA, 0xAA, 0xAA, 
	0x98, 0x65, 0x45, 0x55, 0x55, 0x55, 0x55, 0x55, 0x55, 0x55, 0x55, 0x55, 0x55, 0x55, 0x55, 
	0x55, 0x55, 0x55, 0x55, 0x55, 0x55, 0x55, 0x55, 0x55, 0x55, 0x55, 0x55, 0x55, 0x55, 0x55, 
	0x55, 0x55, 0x55, 0x55, 0x55, 0x55, 0x55, 0x55, 0x55, 0x55, 0x55, 0x55, 0x55, 0x55, 0x55, 
	0x44, 0x33, 0x33, 0x33, 0x34, 0x45, 0x55, 0x55, 0x55, 0x55, 0x55, 0x55, 0x55, 0x55, 0x55, 
	0x55, 0x55, 0x55, 0x55, 0x55, 0x55, 0x55, 0x55, 0x55, 0x55, 0x55, 0x55, 0x55, 0x55, 0x55, 
	0x55, 0x55, 0x55, 0x55, 0x55, 0x55, 0x55, 0x55, 0x43, 0x32, 0x22, 0x22, 0x22, 0x22, 0x22, 
	0x22, 0x22, 0x22, 0x22, 0x22, 0x22, 0x22, 0x22, 0x22, 0x22, 0x22, 0x22, 0x34, 0x56, 0x66, 
	0x22, 0x22, 0x22, 0x22, 0x34, 0x55, 0x55, 0x55, 0x55, 0x55, 0x55, 0x55, 0x55, 0x55, 0x55, 
	0x55, 0x55, 0x55, 0x55, 0x55, 0x55, 0x55, 0x55, 0x55, 0x55, 0x55, 0x55, 0x55, 0x55, 0x55, 
	0x55, 0x55, 0x55, 0x55, 0x55, 0x55, 0x55, 0x55, 0x55, 0x55, 0x55, 0x55, 0x55, 0x55, 0x55, 
	0x55, 0x55, 0x54, 0x44, 0x44, 0x45, 0x56, 0x55, 0x55, 0x55, 0x55, 0x55, 0x55, 0x55, 0x55, 
	0x55, 0x55, 0x55, 0x55, 0x55, 0x55, 0x55, 0x55, 0x55, 0x55, 0x55, 0x55, 0x55, 0x55, 0x55, 
	0x55, 0x55, 0x55, 0x55, 0x55, 0x55, 0x55, 0x55, 0x55, 0x55, 0x55, 0x55, 0x55, 0x55, 0x55, 
	0x55, 0x55, 0x55, 0x55, 0x55, 0x55, 0x55, 0x55, 0x55, 0x55, 0x55, 0x56, 0x8A, 0xAA, 0xAA, 
	0xAA, 0xA9, 0x99, 0x99, 0x99, 0x99, 0x98, 0x88, 0x88, 0x88, 0x88, 0x88, 0x88, 0x88, 0x88, 
	0x88, 0x88, 0x88, 0x88, 0x87, 0x77, 0x77, 0x77, 0x77, 0x77, 0x76, 0x66, 0x66, 0x66, 0x66, 
	0x66, 0x66, 0x66, 0x66, 0x66, 0x66, 0x66, 0x65, 0x55, 0x55, 0x55, 0x55, 0x55, 0x55, 0x55, 
	0x55, 0x55, 0x55, 0x55, 0x55, 0x55, 0x55, 0x55, 0x55, 0x55, 0x55, 0x55, 0x55, 0x55, 0x55, 
	0x55, 0x55, 0x55, 0x55, 0x55, 0x55, 0x55, 0x66, 0x66, 0x66, 0x66, 0x67, 0x77, 0x77, 0x78, 
	0x88, 0x88, 0x88, 0x88, 0x88, 0x99, 0x99, 0x99, 0x99, 0x99, 0x99, 0x9A, 0xAA, 0xAA, 0xAA, 
	0x99, 0x76, 0x55, 0x55, 0x55, 0x55, 0x55, 0x55, 0x55, 0x55, 0x55, 0x55, 0x55, 0x55, 0x55, 
	0x55, 0x55, 0x55, 0x55, 0x55, 0x55, 0x55, 0x55, 0x55, 0x55, 0x55, 0x55, 0x55, 0x55, 0x55, 
	0x55, 0x55, 0x55, 0x55, 0x55, 0x55, 0x55, 0x55, 0x55, 0x55, 0x55, 0x55, 0x55, 0x55, 0x55, 
	0x44, 0x33, 0x33, 0x33, 0x44, 0x55, 0x55, 0x55, 0x55, 0x55, 0x55, 0x55, 0x55, 0x55, 0x55, 
	0x55, 0x55, 0x55, 0x55, 0x55, 0x55, 0x55, 0x55, 0x55, 0x55, 0x55, 0x55, 0x55, 0x55, 0x55, 
	0x55, 0x55, 0x55, 0x55, 0x55, 0x55, 0x55, 0x55, 0x43, 0x32, 0x22, 0x22, 0x22, 0x22, 0x22, 
	0x22, 0x22, 0x22, 0x22, 0x22, 0x22, 0x22, 0x22, 0x22, 0x22, 0x22, 0x23, 0x45, 0x66, 0x66, 
	0x22, 0x22, 0x22, 0x22, 0x34, 0x45, 0x55, 0x55, 0x55, 0x55, 0x55, 0x55, 0x55, 0x55, 0x55, 
	0x55, 0x55, 0x55, 0x55, 0x55, 0x55, 0x55, 0x55, 0x55, 0x55, 0x55, 0x55, 0x55, 0x55, 0x55, 
	0x55, 0x55, 0x55, 0x55, 0x55, 0x55, 0x55, 0x55, 0x55, 0x55, 0x55, 0x55, 0x55, 0x55, 0x55, 
	0x55, 0x55, 0x54, 0x44, 0x33, 0x45, 0x55, 0x55, 0x55, 0x55, 0x55, 0x55, 0x55, 0x55, 0x55, 
	0x55, 0x55, 0x55, 0x55, 0x55, 0x55, 0x55, 0x55, 0x55, 0x55, 0x55, 0x55, 0x55, 0x55, 0x55, 
	0x55, 0x55, 0x55, 0x55, 0x55, 0x55, 0x55, 0x55, 0x55, 0x55, 0x55, 0x55, 0x55, 0x55, 0x55, 
	0x55, 0x55, 0x55, 0x55, 0x55, 0x55, 0x55, 0x55, 0x55, 0x55, 0x55, 0x57, 0x9A, 0xAA, 0xAA, 
	0xAA, 0xA9, 0x99, 0x99, 0x99, 0x99, 0x88, 0x88, 0x88, 0x88, 0x88, 0x88, 0x88, 0x88, 0x88, 
	0x88, 0x88, 0x88, 0x88, 0x88, 0x77, 0x77, 0x77, 0x77, 0x77, 0x77, 0x77, 0x66, 0x66, 0x66, 
	0x66, 0x66, 0x66, 0x66, 0x66, 0x66, 0x66, 0x66, 0x55, 0x55, 0x55, 0x55, 0x55, 0x55, 0x55, 
	0x55, 0x55, 0x55, 0x55, 0x55, 0x55, 0x55, 0x55, 0x55, 0x55, 0x55, 0x55, 0x55, 0x55, 0x55, 
	0x55, 0x55, 0x55, 0x55, 0x55, 0x55, 0x56, 0x66, 0x66, 0x66, 0x66, 0x67, 0x77, 0x77, 0x78, 
	0x88, 0x88, 0x88, 0x88, 0x88, 0x99, 0x99, 0x99, 0x99, 0x99, 0x99, 0x99, 0xAA, 0xAA, 0xAA, 
	0xAA, 0x87, 0x55, 0x55, 0x55, 0x55, 0x55, 0x55, 0x55, 0x55, 0x55, 0x55, 0x55, 0x55, 0x55, 
	0x55, 0x55, 0x55, 0x55, 0x55, 0x55, 0x55, 0x55, 0x55, 0x55, 0x55, 0x55, 0x55, 0x55, 0x55, 
	0x55, 0x55, 0x55, 0x55, 0x55, 0x55, 0x55, 0x55, 0x55, 0x55, 0x55, 0x55, 0x55, 0x55, 0x55, 
	0x43, 0x33, 0x33, 0x34, 0x44, 0x55, 0x55, 0x55, 0x55, 0x55, 0x55, 0x55, 0x55, 0x55, 0x55, 
	0x55, 0x55, 0x55, 0x55, 0x55, 0x55, 0x55, 0x55, 0x55, 0x55, 0x55, 0x55, 0x55, 0x55, 0x55, 
	0x55, 0x55, 0x55, 0x55, 0x55, 0x55, 0x55, 0x55, 0x43, 0x22, 0x22, 0x22, 0x22, 0x22, 0x22, 
	0x22, 0x22, 0x22, 0x22, 0x22, 0x22, 0x22, 0x22, 0x22, 0x22, 0x22, 0x33, 0x56, 0x66, 0x66, 
	0x22, 0x22, 0x22, 0x22, 0x23, 0x45, 0x55, 0x55, 0x55, 0x55, 0x55, 0x55, 0x55, 0x55, 0x55, 
	0x55, 0x55, 0x55, 0x55, 0x55, 0x55, 0x55, 0x55, 0x55, 0x55, 0x55, 0x55, 0x55, 0x55, 0x55, 
	0x55, 0x55, 0x55, 0x55, 0x55, 0x55, 0x55, 0x55, 0x55, 0x55, 0x55, 0x55, 0x55, 0x55, 0x55, 
	0x55, 0x55, 0x55, 0x44, 0x33, 0x44, 0x55, 0x55, 0x55, 0x55, 0x55, 0x55, 0x55, 0x55, 0x55, 
	0x55, 0x55, 0x55, 0x55, 0x55, 0x55, 0x55, 0x55, 0x55, 0x55, 0x55, 0x55, 0x55, 0x55, 0x55, 
	0x55, 0x55, 0x55, 0x55, 0x55, 0x55, 0x55, 0x55, 0x55, 0x55, 0x55, 0x55, 0x55, 0x55, 0x55, 
	0x55, 0x55, 0x55, 0x55, 0x55, 0x55, 0x55, 0x55, 0x55, 0x55, 0x55, 0x68, 0xAA, 0xAA, 0xAA, 
	0xAA, 0x99, 0x99, 0x99, 0x99, 0x99, 0x88, 0x88, 0x88, 0x88, 0x88, 0x88, 0x88, 0x88, 0x88, 
	0x88, 0x88, 0x88, 0x88, 0x88, 0x87, 0x77, 0x77, 0x77, 0x77, 0x77, 0x77, 0x76, 0x66, 0x66, 
	0x66, 0x66, 0x66, 0x66, 0x66, 0x66, 0x66, 0x65, 0x55, 0x55, 0x55, 0x55, 0x55, 0x55, 0x55, 
	0x55, 0x55, 0x55, 0x55, 0x55, 0x55, 0x55, 0x55, 0x55, 0x55, 0x55, 0x55, 0x55, 0x55, 0x55, 
	0x55, 0x55, 0x55, 0x55, 0x55, 0x55, 0x56, 0x66, 0x66, 0x66, 0x67, 0x77, 0x77, 0x77, 0x78, 
	0x88, 0x88, 0x88, 0x88, 0x88, 0x99, 0x99, 0x99, 0x99, 0x99, 0x99, 0x9A, 0xAA, 0xAA, 0xAA, 
	0xAA, 0x98, 0x65, 0x55, 0x55, 0x55, 0x55, 0x55, 0x55, 0x55, 0x55, 0x55, 0x55, 0x55, 0x55, 
	0x55, 0x55, 0x55, 0x55, 0x55, 0x55, 0x55, 0x55, 0x55, 0x55, 0x55, 0x55, 0x55, 0x55, 0x55, 
	0x55, 0x55, 0x55, 0x55, 0x55, 0x55, 0x55, 0x55, 0x55, 0x55, 0x55, 0x55, 0x55, 0x55, 0x54, 
	0x43, 0x33, 0x33, 0x34, 0x45, 0x55, 0x55, 0x55, 0x55, 0x55, 0x55, 0x55, 0x55, 0x55, 0x55, 
	0x55, 0x55, 0x55, 0x55, 0x55, 0x55, 0x55, 0x55, 0x55, 0x55, 0x55, 0x55, 0x55, 0x55, 0x55, 
	0x55, 0x55, 0x55, 0x55, 0x55, 0x55, 0x55, 0x54, 0x33, 0x22, 0x22, 0x22, 0x22, 0x22, 0x22, 
	0x22, 0x22, 0x22, 0x22, 0x22, 0x22, 0x22, 0x22, 0x22, 0x22, 0x23, 0x34, 0x66, 0x66, 0x66, 
	0x22, 0x22, 0x22, 0x22, 0x23, 0x45, 0x55, 0x55, 0x55, 0x55, 0x55, 0x55, 0x55, 0x55, 0x55, 
	0x55, 0x55, 0x55, 0x55, 0x55, 0x55, 0x55, 0x55, 0x55, 0x55, 0x55, 0x55, 0x55, 0x55, 0x55, 
	0x55, 0x55, 0x55, 0x55, 0x55, 0x55, 0x55, 0x55, 0x55, 0x55, 0x55, 0x55, 0x55, 0x55, 0x55, 
	0x55, 0x55, 0x55, 0x54, 0x43, 0x44, 0x45, 0x55, 0x55, 0x55, 0x55, 0x55, 0x55, 0x55, 0x55, 
	0x55, 0x55, 0x55, 0x55, 0x55, 0x55, 0x55, 0x55, 0x55, 0x55, 0x55, 0x55, 0x55, 0x55, 0x55, 
	0x55, 0x55, 0x55, 0x55, 0x55, 0x55, 0x55, 0x55, 0x55, 0x55, 0x55, 0x55, 0x55, 0x55, 0x55, 
	0x55, 0x55, 0x55, 0x55, 0x55, 0x55, 0x55, 0x55, 0x55, 0x55, 0x55, 0x68, 0xAB, 0xAA, 0xAA, 
	0xA9, 0x99, 0x99, 0x99, 0x99, 0x99, 0x88, 0x88, 0x88, 0x88, 0x88, 0x88, 0x88, 0x88, 0x88, 
	0x88, 0x88, 0x88, 0x88, 0x88, 0x87, 0x77, 0x77, 0x77, 0x77, 0x77, 0x77, 0x76, 0x66, 0x66, 
	0x66, 0x66, 0x66, 0x66, 0x66, 0x66, 0x66, 0x55, 0x55, 0x55, 0x55, 0x55, 0x55, 0x55, 0x55, 
	0x55, 0x55, 0x55, 0x55, 0x55, 0x55, 0x55, 0x55, 0x55, 0x55, 0x55, 0x55, 0x55, 0x55, 0x55, 
	0x55, 0x55, 0x55, 0x55, 0x55, 0x55, 0x56, 0x66, 0x66, 0x66, 0x77, 0x77, 0x77, 0x77, 0x88, 
	0x88, 0x88, 0x88, 0x88, 0x89, 0x99, 0x99, 0x99, 0x99, 0x99, 0x99, 0xAA, 0xAA, 0xAA, 0xAA, 
	0xAA, 0x98, 0x76, 0x55, 0x55, 0x55, 0x55, 0x55, 0x55, 0x55, 0x55, 0x55, 0x55, 0x55, 0x55, 
	0x55, 0x55, 0x55, 0x55, 0x55, 0x55, 0x55, 0x55, 0x55, 0x55, 0x55, 0x55, 0x55, 0x55, 0x55, 
	0x55, 0x55, 0x55, 0x55, 0x55, 0x55, 0x55, 0x55, 0x55, 0x55, 0x55, 0x55, 0x55, 0x55, 0x44, 
	0x33, 0x33, 0x33, 0x44, 0x55, 0x55, 0x55, 0x55, 0x55, 0x55, 0x55, 0x55, 0x55, 0x55, 0x55, 
	0x55, 0x55, 0x55, 0x55, 0x55, 0x55, 0x55, 0x55, 0x55, 0x55, 0x55, 0x55, 0x55, 0x55, 0x55, 
	0x55, 0x55, 0x55, 0x55, 0x55, 0x55, 0x55, 0x54, 0x33, 0x22, 0x22, 0x22, 0x22, 0x22, 0x22, 
	0x22, 0x22, 0x22, 0x22, 0x22, 0x22, 0x22, 0x22, 0x22, 0x22, 0x33, 0x45, 0x66, 0x66, 0x66, 
	0x22, 0x22, 0x22, 0x22, 0x23, 0x44, 0x55, 0x55, 0x55, 0x55, 0x55, 0x55, 0x55, 0x55, 0x55, 
	0x55, 0x55, 0x55, 0x55, 0x55, 0x55, 0x55, 0x55, 0x55, 0x55, 0x55, 0x55, 0x55, 0x55, 0x55, 
	0x55, 0x55, 0x55, 0x55, 0x55, 0x55, 0x55, 0x55, 0x55, 0x55, 0x55, 0x55, 0x55, 0x55, 0x55, 
	0x55, 0x55, 0x55, 0x55, 0x44, 0x33, 0x44, 0x55, 0x55, 0x55, 0x55, 0x55, 0x55, 0x55, 0x55, 
	0x55, 0x55, 0x55, 0x55, 0x55, 0x55, 0x55, 0x55, 0x55, 0x55, 0x55, 0x55, 0x55, 0x55, 0x55, 
	0x55, 0x55, 0x55, 0x55, 0x55, 0x55, 0x55, 0x55, 0x55, 0x55, 0x55, 0x55, 0x55, 0x55, 0x55, 
	0x55, 0x55, 0x55, 0x55, 0x55, 0x55, 0x55, 0x55, 0x55, 0x55, 0x45, 0x79, 0xAA, 0xAA, 0xAA, 
	0xA9, 0x99, 0x99, 0x99, 0x99, 0x99, 0x88, 0x88, 0x88, 0x88, 0x88, 0x88, 0x88, 0x88, 0x88, 
	0x88, 0x88, 0x88, 0x88, 0x88, 0x88, 0x87, 0x77, 0x77, 0x77, 0x77, 0x77, 0x76, 0x66, 0x66, 
	0x66, 0x66, 0x66, 0x66, 0x66, 0x66, 0x65, 0x55, 0x55, 0x55, 0x55, 0x55, 0x55, 0x55, 0x55, 
	0x55, 0x55, 0x55, 0x55, 0x55, 0x55, 0x55, 0x55, 0x55, 0x55, 0x55, 0x55, 0x55, 0x55, 0x55, 
	0x55, 0x55, 0x55, 0x55, 0x55, 0x55, 0x56, 0x66, 0x66, 0x66, 0x77, 0x77, 0x77, 0x77, 0x88, 
	0x88, 0x88, 0x88, 0x88, 0x99, 0x99, 0x99, 0x99, 0x99, 0x99, 0x99, 0xAA, 0xAA, 0xAA, 0xAA, 
	0xAA, 0xA9, 0x86, 0x55, 0x55, 0x55, 0x55, 0x55, 0x55, 0x55, 0x55, 0x55, 0x55, 0x55, 0x55, 
	0x55, 0x55, 0x55, 0x55, 0x55, 0x55, 0x55, 0x55, 0x55, 0x55, 0x55, 0x55, 0x55, 0x55, 0x55, 
	0x55, 0x55, 0x55, 0x55, 0x55, 0x55, 0x55, 0x55, 0x55, 0x55, 0x55, 0x55, 0x55, 0x54, 0x44, 
	0x33, 0x33, 0x33, 0x45, 0x55, 0x55, 0x55, 0x55, 0x55, 0x55, 0x55, 0x55, 0x55, 0x55, 0x55, 
	0x55, 0x55, 0x55, 0x55, 0x55, 0x55, 0x55, 0x55, 0x55, 0x55, 0x55, 0x55, 0x55, 0x55, 0x55, 
	0x55, 0x55, 0x55, 0x55, 0x55, 0x55, 0x55, 0x44, 0x32, 0x22, 0x22, 0x22, 0x22, 0x22, 0x22, 
	0x22, 0x22, 0x22, 0x22, 0x22, 0x22, 0x22, 0x22, 0x22, 0x22, 0x34, 0x56, 0x66, 0x66, 0x66, 
	0x22, 0x22, 0x22, 0x22, 0x22, 0x34, 0x55, 0x55, 0x55, 0x55, 0x55, 0x55, 0x55, 0x55, 0x55, 
	0x55, 0x55, 0x55, 0x55, 0x55, 0x55, 0x55, 0x55, 0x55, 0x55, 0x55, 0x55, 0x55, 0x55, 0x55, 
	0x55, 0x55, 0x55, 0x55, 0x55, 0x55, 0x55, 0x55, 0x55, 0x55, 0x55, 0x55, 0x55, 0x55, 0x55, 
	0x55, 0x55, 0x55, 0x55, 0x44, 0x33, 0x44, 0x55, 0x55, 0x55, 0x55, 0x55, 0x55, 0x55, 0x55, 
	0x55, 0x55, 0x55, 0x55, 0x55, 0x55, 0x55, 0x55, 0x55, 0x55, 0x55, 0x55, 0x55, 0x55, 0x55, 
	0x55, 0x55, 0x55, 0x55, 0x55, 0x55, 0x55, 0x55, 0x55, 0x55, 0x55, 0x55, 0x55, 0x55, 0x55, 
	0x55, 0x55, 0x55, 0x55, 0x55, 0x55, 0x55, 0x55, 0x55, 0x55, 0x56, 0x89, 0xAA, 0xAA, 0xAA, 
	0x99, 0x99, 0x99, 0x99, 0x99, 0x88, 0x88, 0x88, 0x88, 0x88, 0x88, 0x88, 0x88, 0x88, 0x88, 
	0x88, 0x88, 0x88, 0x88, 0x88, 0x88, 0x88, 0x87, 0x77, 0x77, 0x77, 0x77, 0x76, 0x66, 0x66, 
	0x66, 0x66, 0x66, 0x66, 0x66, 0x66, 0x65, 0x55, 0x55, 0x55, 0x55, 0x55, 0x55, 0x55, 0x55, 
	0x55, 0x55, 0x55, 0x55, 0x55, 0x55, 0x55, 0x55, 0x55, 0x55, 0x55, 0x55, 0x55, 0x55, 0x55, 
	0x55, 0x55, 0x55, 0x55, 0x55, 0x55, 0x66, 0x66, 0x66, 0x66, 0x77, 0x77, 0x77, 0x77, 0x88, 
	0x88, 0x88, 0x88, 0x88, 0x99, 0x99, 0x99, 0x99, 0x99, 0x99, 0x99, 0xAA, 0xAA, 0xAA, 0xAA, 
	0xAA, 0xAA, 0x97, 0x65, 0x55, 0x55, 0x55, 0x55, 0x55, 0x55, 0x55, 0x55, 0x55, 0x55, 0x55, 
	0x55, 0x55, 0x55, 0x55, 0x55, 0x55, 0x55, 0x55, 0x55, 0x55, 0x55, 0x55, 0x55, 0x55, 0x55, 
	0x55, 0x55, 0x55, 0x55, 0x55, 0x55, 0x55, 0x55, 0x55, 0x55, 0x55, 0x55, 0x55, 0x54, 0x43, 
	0x33, 0x33, 0x34, 0x45, 0x55, 0x55, 0x55, 0x55, 0x55, 0x55, 0x55, 0x55, 0x55, 0x55, 0x55, 
	0x55, 0x55, 0x55, 0x55, 0x55, 0x55, 0x55, 0x55, 0x55, 0x55, 0x55, 0x55, 0x55, 0x55, 0x55, 
	0x55, 0x55, 0x55, 0x55, 0x55, 0x55, 0x55, 0x43, 0x32, 0x22, 0x22, 0x22, 0x22, 0x22, 0x22, 
	0x22, 0x22, 0x22, 0x22, 0x22, 0x22, 0x22, 0x22, 0x22, 0x33, 0x45, 0x66, 0x66, 0x66, 0x66, 
	0x22, 0x22, 0x22, 0x22, 0x22, 0x34, 0x45, 0x55, 0x55, 0x55, 0x55, 0x55, 0x55, 0x55, 0x55, 
	0x55, 0x55, 0x55, 0x55, 0x55, 0x55, 0x55, 0x55, 0x55, 0x55, 0x55, 0x55, 0x55, 0x55, 0x55, 
	0x55, 0x55, 0x55, 0x55, 0x55, 0x55, 0x55, 0x55, 0x55, 0x55, 0x55, 0x55, 0x55, 0x55, 0x55, 
	0x55, 0x55, 0x55, 0x55, 0x54, 0x43, 0x34, 0x55, 0x55, 0x55, 0x55, 0x55, 0x55, 0x55, 0x55, 
	0x55, 0x55, 0x55, 0x55, 0x55, 0x55, 0x55, 0x55, 0x55, 0x55, 0x55, 0x55, 0x55, 0x55, 0x55, 
	0x55, 0x55, 0x55, 0x55, 0x55, 0x55, 0x55, 0x55, 0x55, 0x55, 0x55, 0x55, 0x55, 0x55, 0x55, 
	0x55, 0x55, 0x55, 0x55, 0x55, 0x55, 0x55, 0x55, 0x55, 0x55, 0x56, 0x8A, 0xAA, 0xAA, 0xA9, 
	0x99, 0x99, 0x99, 0x99, 0x99, 0x88, 0x88, 0x88, 0x88, 0x88, 0x88, 0x88, 0x88, 0x88, 0x88, 
	0x88, 0x88, 0x88, 0x88, 0x88, 0x88, 0x88, 0x88, 0x87, 0x77, 0x77, 0x77, 0x77, 0x66, 0x66, 
	0x66, 0x66, 0x66, 0x66, 0x66, 0x66, 0x65, 0x55, 0x55, 0x55, 0x55, 0x55, 0x55, 0x55, 0x55, 
	0x55, 0x55, 0x55, 0x55, 0x55, 0x55, 0x55, 0x55, 0x55, 0x55, 0x55, 0x55, 0x55, 0x55, 0x55, 
	0x55, 0x55, 0x55, 0x55, 0x55, 0x55, 0x66, 0x66, 0x66, 0x66, 0x67, 0x77, 0x77, 0x77, 0x88, 
	0x88, 0x88, 0x88, 0x89, 0x99, 0x99, 0x99, 0x99, 0x99, 0x99, 0x9A, 0xAA, 0xAA, 0xAA, 0xAA, 
	0xAA, 0xAA, 0x98, 0x65, 0x55, 0x55, 0x55, 0x55, 0x55, 0x55, 0x55, 0x55, 0x55, 0x55, 0x55, 
	0x55, 0x55, 0x55, 0x55, 0x55, 0x55, 0x66, 0x66, 0x66, 0x66, 0x55, 0x55, 0x55, 0x55, 0x55, 
	0x55, 0x55, 0x55, 0x55, 0x55, 0x55, 0x55, 0x55, 0x55, 0x55, 0x55, 0x55, 0x55, 0x44, 0x43, 
	0x33, 0x33, 0x34, 0x55, 0x55, 0x55, 0x55, 0x55, 0x55, 0x55, 0x55, 0x55, 0x55, 0x55, 0x55, 
	0x55, 0x55, 0x55, 0x55, 0x55, 0x55, 0x55, 0x55, 0x55, 0x55, 0x55, 0x55, 0x55, 0x55, 0x55, 
	0x55, 0x55, 0x55, 0x55, 0x55, 0x55, 0x55, 0x43, 0x32, 0x22, 0x22, 0x22, 0x22, 0x22, 0x22, 
	0x22, 0x22, 0x22, 0x22, 0x22, 0x22, 0x22, 0x22, 0x23, 0x34, 0x56, 0x66, 0x66, 0x66, 0x66, 
	0x22, 0x22, 0x22, 0x22, 0x22, 0x34, 0x45, 0x55, 0x55, 0x55, 0x55, 0x55, 0x55, 0x55, 0x55, 
	0x55, 0x55, 0x55, 0x55, 0x55, 0x55, 0x55, 0x55, 0x55, 0x55, 0x55, 0x55, 0x55, 0x55, 0x55, 
	0x55, 0x55, 0x55, 0x55, 0x55, 0x55, 0x55, 0x55, 0x55, 0x55, 0x55, 0x55, 0x55, 0x55, 0x55, 
	0x55, 0x55, 0x55, 0x55, 0x54, 0x43, 0x34, 0x45, 0x55, 0x55, 0x55, 0x55, 0x55, 0x55, 0x55, 
	0x55, 0x55, 0x55, 0x55, 0x55, 0x55, 0x55, 0x55, 0x55, 0x55, 0x55, 0x55, 0x55, 0x55, 0x55, 
	0x55, 0x55, 0x55, 0x55, 0x55, 0x55, 0x55, 0x55, 0x55, 0x55, 0x55, 0x55, 0x55, 0x55, 0x55, 
	0x55, 0x55, 0x55, 0x55, 0x55, 0x55, 0x55, 0x55, 0x55, 0x55, 0x56, 0x8A, 0xAA, 0xAA, 0x99, 
	0x99, 0x99, 0x99, 0x99, 0x98, 0x88, 0x88, 0x88, 0x88, 0x88, 0x88, 0x88, 0x88, 0x88, 0x88, 
	0x88, 0x88, 0x88, 0x88, 0x88, 0x88, 0x88, 0x88, 0x87, 0x77, 0x77, 0x77, 0x77, 0x66, 0x66, 
	0x66, 0x66, 0x66, 0x66, 0x66, 0x66, 0x65, 0x55, 0x55, 0x55, 0x55, 0x55, 0x55, 0x55, 0x55, 
	0x55, 0x55, 0x55, 0x55, 0x55, 0x55, 0x55, 0x55, 0x55, 0x55, 0x55, 0x55, 0x55, 0x55, 0x55, 
	0x55, 0x55, 0x55, 0x55, 0x55, 0x55, 0x56, 0x66, 0x66, 0x66, 0x67, 0x77, 0x77, 0x77, 0x88, 
	0x88, 0x88, 0x88, 0x89, 0x99, 0x99, 0x99, 0x99, 0x99, 0x99, 0x9A, 0xAA, 0xAA, 0xAA, 0xAA, 
	0xAA, 0xAA, 0xA9, 0x76, 0x55, 0x55, 0x55, 0x55, 0x55, 0x55, 0x55, 0x55, 0x55, 0x55, 0x55, 
	0x55, 0x55, 0x55, 0x55, 0x55, 0x55, 0x66, 0x66, 0x66, 0x66, 0x66, 0x66, 0x66, 0x66, 0x55, 
	0x55, 0x55, 0x55, 0x55, 0x55, 0x55, 0x55, 0x55, 0x55, 0x55, 0x55, 0x55, 0x55, 0x44, 0x33, 
	0x33, 0x33, 0x44, 0x55, 0x55, 0x55, 0x55, 0x55, 0x55, 0x55, 0x55, 0x55, 0x55, 0x55, 0x55, 
	0x55, 0x55, 0x55, 0x55, 0x55, 0x55, 0x55, 0x55, 0x55, 0x55, 0x55, 0x55, 0x55, 0x55, 0x55, 
	0x55, 0x55, 0x55, 0x55, 0x55, 0x55, 0x55, 0x43, 0x33, 0x22, 0x22, 0x22, 0x22, 0x22, 0x22, 
	0x22, 0x22, 0x22, 0x22, 0x22, 0x22, 0x22, 0x22, 0x33, 0x45, 0x66, 0x66, 0x66, 0x66, 0x66, 
	0x22, 0x22, 0x22, 0x22, 0x22, 0x23, 0x45, 0x55, 0x55, 0x55, 0x55, 0x55, 0x55, 0x55, 0x55, 
	0x55, 0x55, 0x55, 0x55, 0x55, 0x55, 0x55, 0x55, 0x55, 0x55, 0x55, 0x55, 0x55, 0x55, 0x55, 
	0x55, 0x55, 0x55, 0x55, 0x55, 0x55, 0x55, 0x55, 0x55, 0x55, 0x55, 0x55, 0x55, 0x55, 0x55, 
	0x55, 0x55, 0x55, 0x55, 0x55, 0x43, 0x33, 0x44, 0x55, 0x55, 0x55, 0x55, 0x55, 0x55, 0x55, 
	0x55, 0x55, 0x55, 0x55, 0x55, 0x55, 0x55, 0x55, 0x55, 0x55, 0x55, 0x55, 0x55, 0x55, 0x55, 
	0x55, 0x55, 0x55, 0x55, 0x55, 0x55, 0x55, 0x55, 0x55, 0x55, 0x55, 0x55, 0x55, 0x55, 0x55, 
	0x55, 0x55, 0x55, 0x55, 0x55, 0x55, 0x55, 0x55, 0x55, 0x55, 0x57, 0x9A, 0xAA, 0x99, 0x99, 
	0x99, 0x99, 0x99, 0x99, 0x98, 0x88, 0x88, 0x88, 0x88, 0x88, 0x88, 0x88, 0x88, 0x88, 0x88, 
	0x88, 0x88, 0x88, 0x88, 0x88, 0x88, 0x88, 0x88, 0x87, 0x77, 0x77, 0x77, 0x77, 0x66, 0x66, 
	0x66, 0x66, 0x66, 0x66, 0x66, 0x66, 0x65, 0x55, 0x55, 0x55, 0x55, 0x55, 0x55, 0x55, 0x55, 
	0x55, 0x55, 0x55, 0x55, 0x55, 0x55, 0x55, 0x55, 0x55, 0x55, 0x55, 0x55, 0x55, 0x55, 0x55, 
	0x55, 0x55, 0x55, 0x55, 0x55, 0x55, 0x55, 0x66, 0x66, 0x66, 0x66, 0x77, 0x77, 0x77, 0x78, 
	0x88, 0x88, 0x88, 0x89, 0x99, 0x99, 0x99, 0x99, 0x9A, 0xAA, 0xAA, 0xAA, 0xAA, 0xAA, 0xAA, 
	0xAA, 0xAA, 0xAA, 0x86, 0x55, 0x55, 0x55, 0x55, 0x55, 0x55, 0x55, 0x55, 0x55, 0x55, 0x55, 
	0x55, 0x55, 0x55, 0x55, 0x55, 0x66, 0x66, 0x66, 0x66, 0x66, 0x66, 0x66, 0x66, 0x66, 0x66, 
	0x65, 0x55, 0x55, 0x55, 0x55, 0x55, 0x55, 0x55, 0x55, 0x55, 0x55, 0x55, 0x55, 0x44, 0x33, 
	0x33, 0x34, 0x45, 0x55, 0x55, 0x55, 0x55, 0x55, 0x55, 0x55, 0x55, 0x55, 0x55, 0x55, 0x55, 
	0x55, 0x55, 0x55, 0x55, 0x55, 0x55, 0x55, 0x55, 0x55, 0x55, 0x55, 0x55, 0x55, 0x55, 0x55, 
	0x55, 0x55, 0x55, 0x55, 0x55, 0x55, 0x54, 0x43, 0x33, 0x33, 0x33, 0x22, 0x22, 0x22, 0x22, 
	0x22, 0x22, 0x22, 0x22, 0x22, 0x22, 0x22, 0x23, 0x34, 0x56, 0x66, 0x66, 0x66, 0x66, 0x66, 
	0x22, 0x22, 0x22, 0x22, 0x22, 0x23, 0x45, 0x55, 0x55, 0x55, 0x55, 0x55, 0x55, 0x55, 0x55, 
	0x55, 0x55, 0x55, 0x55, 0x55, 0x55, 0x55, 0x55, 0x55, 0x55, 0x55, 0x55, 0x55, 0x55, 0x55, 
	0x55, 0x55, 0x55, 0x55, 0x55, 0x55, 0x55, 0x55, 0x55, 0x55, 0x55, 0x55, 0x55, 0x55, 0x55, 
	0x55, 0x55, 0x55, 0x55, 0x55, 0x44, 0x33, 0x44, 0x55, 0x55, 0x55, 0x55, 0x55, 0x55, 0x55, 
	0x55, 0x55, 0x55, 0x55, 0x55, 0x55, 0x55, 0x55, 0x55, 0x55, 0x55, 0x55, 0x55, 0x55, 0x55, 
	0x55, 0x55, 0x55, 0x55, 0x55, 0x55, 0x55, 0x55, 0x55, 0x55, 0x55, 0x55, 0x55, 0x55, 0x55, 
	0x55, 0x55, 0x55, 0x55, 0x55, 0x55, 0x55, 0x55, 0x55, 0x55, 0x67, 0x9A, 0xAA, 0x99, 0x99, 
	0x99, 0x99, 0x99, 0x99, 0x98, 0x88, 0x89, 0x99, 0x88, 0x99, 0x88, 0x88, 0x88, 0x88, 0x88, 
	0x88, 0x88, 0x88, 0x88, 0x88, 0x88, 0x88, 0x88, 0x77, 0x77, 0x77, 0x77, 0x76, 0x66, 0x66, 
	0x66, 0x66, 0x66, 0x66, 0x66, 0x66, 0x55, 0x55, 0x55, 0x55, 0x55, 0x55, 0x55, 0x55, 0x55, 
	0x55, 0x55, 0x55, 0x55, 0x55, 0x55, 0x55, 0x55, 0x55, 0x55, 0x55, 0x55, 0x55, 0x55, 0x55, 
	0x55, 0x55, 0x55, 0x55, 0x55, 0x55, 0x55, 0x66, 0x66, 0x66, 0x66, 0x77, 0x77, 0x77, 0x78, 
	0x88, 0x88, 0x88, 0x89, 0x99, 0x99, 0x99, 0x99, 0xAA, 0xAA, 0xAA, 0xAA, 0xAA, 0xAA, 0xAA, 
	0xAA, 0xBB, 0xBA, 0x97, 0x65, 0x45, 0x55, 0x55, 0x55, 0x55, 0x55, 0x55, 0x55, 0x55, 0x55, 
	0x55, 0x55, 0x55, 0x55, 0x56, 0x66, 0x66, 0x66, 0x66, 0x66, 0x66, 0x66, 0x66, 0x66, 0x66, 
	0x66, 0x55, 0x55, 0x55, 0x55, 0x55, 0x55, 0x55, 0x55, 0x55, 0x55, 0x55, 0x54, 0x43, 0x33, 
	0x33, 0x34, 0x45, 0x55, 0x55, 0x55, 0x55, 0x55, 0x55, 0x55, 0x55, 0x55, 0x55, 0x55, 0x55, 
	0x55, 0x55, 0x55, 0x55, 0x55, 0x55, 0x55, 0x55, 0x55, 0x55, 0x55, 0x55, 0x55, 0x55, 0x55, 
	0x55, 0x55, 0x55, 0x55, 0x55, 0x55, 0x54, 0x33, 0x33, 0x33, 0x33, 0x32, 0x22, 0x22, 0x22, 
	0x22, 0x22, 0x22, 0x22, 0x22, 0x22, 0x22, 0x23, 0x45, 0x66, 0x66, 0x66, 0x66, 0x66, 0x66, 
	0x22, 0x22, 0x22, 0x22, 0x22, 0x22, 0x45, 0x55, 0x55, 0x55, 0x55, 0x55, 0x55, 0x55, 0x55, 
	0x55, 0x55, 0x55, 0x55, 0x55, 0x55, 0x55, 0x55, 0x55, 0x55, 0x55, 0x55, 0x55, 0x55, 0x55, 
	0x55, 0x55, 0x55, 0x55, 0x55, 0x55, 0x55, 0x55, 0x55, 0x55, 0x55, 0x55, 0x55, 0x55, 0x55, 
	0x55, 0x55, 0x55, 0x55, 0x55, 0x44, 0x33, 0x34, 0x45, 0x55, 0x55, 0x55, 0x55, 0x55, 0x55, 
	0x55, 0x55, 0x55, 0x55, 0x55, 0x55, 0x55, 0x55, 0x55, 0x55, 0x55, 0x55, 0x55, 0x55, 0x55, 
	0x55, 0x55, 0x55, 0x55, 0x55, 0x55, 0x55, 0x55, 0x55, 0x55, 0x55, 0x55, 0x55, 0x55, 0x55, 
	0x55, 0x55, 0x55, 0x55, 0x55, 0x55, 0x55, 0x55, 0x55, 0x55, 0x67, 0x9A, 0xA9, 0x99, 0x99, 
	0x99, 0x99, 0x99, 0x99, 0x88, 0x88, 0x99, 0x99, 0x88, 0x99, 0x88, 0x88, 0x88, 0x88, 0x88, 
	0x88, 0x88, 0x88, 0x88, 0x88, 0x88, 0x88, 0x88, 0x87, 0x77, 0x77, 0x77, 0x77, 0x66, 0x66, 
	0x66, 0x66, 0x66, 0x66, 0x66, 0x66, 0x55, 0x55, 0x55, 0x55, 0x55, 0x55, 0x55, 0x55, 0x55, 
	0x55, 0x55, 0x55, 0x55, 0x55, 0x55, 0x55, 0x55, 0x55, 0x55, 0x55, 0x55, 0x55, 0x55, 0x55, 
	0x55, 0x55, 0x55, 0x55, 0x55, 0x55, 0x55, 0x56, 0x66, 0x66, 0x66, 0x77, 0x77, 0x77, 0x78, 
	0x88, 0x88, 0x88, 0x99, 0x99, 0x99, 0x99, 0x99, 0x9A, 0xAA, 0xAA, 0xAA, 0xAA, 0xAA, 0xAA, 
	0xAA, 0xAB, 0xBA, 0x98, 0x75, 0x55, 0x55, 0x55, 0x55, 0x55, 0x55, 0x55, 0x55, 0x55, 0x55, 
	0x55, 0x55, 0x55, 0x56, 0x66, 0x66, 0x66, 0x66, 0x66, 0x66, 0x66, 0x66, 0x66, 0x66, 0x66, 
	0x66, 0x66, 0x65, 0x55, 0x55, 0x55, 0x55, 0x55, 0x55, 0x55, 0x55, 0x55, 0x54, 0x43, 0x33, 
	0x33, 0x34, 0x55, 0x55, 0x55, 0x55, 0x55, 0x55, 0x55, 0x55, 0x55, 0x55, 0x55, 0x55, 0x55, 
	0x55, 0x55, 0x55, 0x55, 0x55, 0x55, 0x55, 0x55, 0x55, 0x55, 0x55, 0x55, 0x55, 0x55, 0x55, 
	0x56, 0x66, 0x55, 0x55, 0x55, 0x55, 0x54, 0x33, 0x33, 0x33, 0x33, 0x32, 0x22, 0x22, 0x22, 
	0x22, 0x22, 0x22, 0x22, 0x22, 0x22, 0x23, 0x34, 0x55, 0x66, 0x66, 0x66, 0x66, 0x66, 0x66, 
	0x22, 0x22, 0x22, 0x22, 0x22, 0x22, 0x34, 0x55, 0x55, 0x55, 0x55, 0x55, 0x55, 0x55, 0x55, 
	0x55, 0x55, 0x55, 0x55, 0x55, 0x55, 0x55, 0x55, 0x55, 0x55, 0x55, 0x55, 0x55, 0x55, 0x55, 
	0x55, 0x55, 0x55, 0x55, 0x55, 0x55, 0x55, 0x55, 0x55, 0x55, 0x55, 0x55, 0x55, 0x55, 0x55, 
	0x55, 0x55, 0x55, 0x55, 0x55, 0x54, 0x33, 0x34, 0x45, 0x55, 0x55, 0x55, 0x55, 0x55, 0x55, 
	0x55, 0x55, 0x55, 0x55, 0x55, 0x55, 0x55, 0x55, 0x55, 0x55, 0x55, 0x55, 0x55, 0x55, 0x55, 
	0x55, 0x55, 0x55, 0x55, 0x55, 0x55, 0x55, 0x55, 0x55, 0x55, 0x55, 0x55, 0x55, 0x55, 0x55, 
	0x55, 0x55, 0x55, 0x55, 0x55, 0x55, 0x55, 0x55, 0x55, 0x55, 0x68, 0x9A, 0xA9, 0x99, 0x99, 
	0x99, 0x99, 0x99, 0x99, 0x88, 0x88, 0x99, 0x99, 0x99, 0x99, 0x88, 0x88, 0x88, 0x88, 0x88, 
	0x88, 0x88, 0x88, 0x88, 0x88, 0x88, 0x88, 0x88, 0x87, 0x77, 0x77, 0x77, 0x77, 0x66, 0x66, 
	0x66, 0x66, 0x66, 0x66, 0x66, 0x66, 0x55, 0x55, 0x55, 0x55, 0x55, 0x55, 0x55, 0x55, 0x55, 
	0x55, 0x55, 0x55, 0x55, 0x55, 0x55, 0x55, 0x55, 0x55, 0x55, 0x55, 0x55, 0x55, 0x55, 0x55, 
	0x55, 0x55, 0x55, 0x55, 0x55, 0x55, 0x55, 0x56, 0x66, 0x66, 0x66, 0x77, 0x77, 0x77, 0x78, 
	0x88, 0x88, 0x88, 0x89, 0x99, 0x99, 0x99, 0x99, 0x9A, 0xAA, 0xAA, 0xAA, 0xAA, 0xAA, 0xAA, 
	0xAA, 0xAB, 0xBB, 0xA9, 0x76, 0x55, 0x55, 0x55, 0x55, 0x55, 0x55, 0x55, 0x55, 0x55, 0x55, 
	0x55, 0x55, 0x56, 0x66, 0x66, 0x66, 0x66, 0x76, 0x67, 0x76, 0x66, 0x66, 0x66, 0x66, 0x66, 
	0x66, 0x66, 0x66, 0x65, 0x55, 0x55, 0x55, 0x55, 0x55, 0x55, 0x55, 0x55, 0x54, 0x43, 0x33, 
	0x33, 0x44, 0x55, 0x55, 0x55, 0x55, 0x55, 0x55, 0x55, 0x55, 0x55, 0x55, 0x55, 0x55, 0x55, 
	0x55, 0x55, 0x55, 0x55, 0x55, 0x55, 0x55, 0x55, 0x55, 0x55, 0x55, 0x55, 0x65, 0x55, 0x55, 
	0x66, 0x66, 0x66, 0x65, 0x55, 0x55, 0x54, 0x43, 0x33, 0x33, 0x33, 0x33, 0x22, 0x22, 0x22, 
	0x22, 0x22, 0x22, 0x22, 0x22, 0x22, 0x23, 0x45, 0x56, 0x66, 0x66, 0x66, 0x66, 0x66, 0x66, 
	0x22, 0x22, 0x22, 0x22, 0x22, 0x22, 0x34, 0x55, 0x55, 0x55, 0x55, 0x55, 0x55, 0x55, 0x55, 
	0x55, 0x55, 0x55, 0x55, 0x55, 0x55, 0x55, 0x55, 0x55, 0x55, 0x55, 0x55, 0x55, 0x55, 0x55, 
	0x55, 0x55, 0x55, 0x55, 0x55, 0x55, 0x55, 0x55, 0x55, 0x55, 0x55, 0x55, 0x55, 0x55, 0x55, 
	0x55, 0x55, 0x55, 0x55, 0x55, 0x54, 0x43, 0x34, 0x45, 0x55, 0x55, 0x55, 0x55, 0x55, 0x55, 
	0x55, 0x55, 0x55, 0x55, 0x55, 0x55, 0x55, 0x55, 0x55, 0x55, 0x55, 0x55, 0x55, 0x55, 0x55, 
	0x55, 0x55, 0x55, 0x55, 0x55, 0x55, 0x55, 0x55, 0x55, 0x55, 0x55, 0x55, 0x55, 0x55, 0x55, 
	0x55, 0x55, 0x55, 0x55, 0x55, 0x55, 0x55, 0x55, 0x55, 0x55, 0x68, 0x99, 0x99, 0x99, 0x99, 
	0x99, 0x99, 0x99, 0x99, 0x99, 0x99, 0x99, 0x99, 0x99, 0x99, 0x88, 0x88, 0x88, 0x88, 0x88, 
	0x88, 0x88, 0x88, 0x88, 0x88, 0x88, 0x88, 0x88, 0x87, 0x77, 0x77, 0x77, 0x77, 0x66, 0x66, 
	0x66, 0x66, 0x66, 0x66, 0x66, 0x66, 0x55, 0x55, 0x55, 0x55, 0x55, 0x55, 0x55, 0x55, 0x55, 
	0x55, 0x55, 0x55, 0x55, 0x55, 0x55, 0x55, 0x55, 0x55, 0x55, 0x55, 0x55, 0x55, 0x55, 0x55, 
	0x55, 0x55, 0x55, 0x55, 0x55, 0x55, 0x55, 0x56, 0x66, 0x66, 0x66, 0x77, 0x77, 0x77, 0x78, 
	0x88, 0x88, 0x88, 0x89, 0x99, 0x99, 0x99, 0x99, 0x99, 0xAA, 0xAA, 0xAA, 0xAA, 0xAA, 0xAA, 
	0xAA, 0xAB, 0xBB, 0xB9, 0x86, 0x55, 0x55, 0x55, 0x55, 0x55, 0x55, 0x55, 0x55, 0x55, 0x55, 
	0x55, 0x66, 0x66, 0x66, 0x66, 0x66, 0x67, 0x77, 0x77, 0x77, 0x77, 0x77, 0x77, 0x66, 0x66, 
	0x66, 0x66, 0x66, 0x66, 0x55, 0x55, 0x55, 0x55, 0x55, 0x55, 0x55, 0x55, 0x44, 0x33, 0x33, 
	0x33, 0x44, 0x55, 0x55, 0x55, 0x55, 0x55, 0x55, 0x55, 0x55, 0x55, 0x55, 0x55, 0x55, 0x55, 
	0x55, 0x55, 0x55, 0x55, 0x55, 0x55, 0x55, 0x55, 0x55, 0x55, 0x56, 0x66, 0x66, 0x66, 0x66, 
	0x66, 0x66, 0x66, 0x66, 0x66, 0x55, 0x54, 0x43, 0x33, 0x33, 0x33, 0x33, 0x33, 0x22, 0x22, 
	0x22, 0x22, 0x22, 0x22, 0x22, 0x22, 0x34, 0x55, 0x66, 0x66, 0x66, 0x66, 0x66, 0x66, 0x66, 
	0x22, 0x22, 0x22, 0x22, 0x22, 0x22, 0x34, 0x45, 0x55, 0x55, 0x55, 0x55, 0x55, 0x55, 0x55, 
	0x55, 0x55, 0x55, 0x55, 0x55, 0x55, 0x55, 0x55, 0x55, 0x55, 0x55, 0x55, 0x55, 0x55, 0x55, 
	0x55, 0x55, 0x55, 0x55, 0x55, 0x55, 0x55, 0x55, 0x55, 0x55, 0x55, 0x55, 0x55, 0x55, 0x55, 
	0x55, 0x55, 0x55, 0x55, 0x55, 0x54, 0x43, 0x33, 0x45, 0x55, 0x55, 0x55, 0x55, 0x55, 0x55, 
	0x55, 0x55, 0x55, 0x55, 0x55, 0x55, 0x55, 0x55, 0x55, 0x55, 0x55, 0x55, 0x55, 0x55, 0x55, 
	0x55, 0x55, 0x55, 0x55, 0x55, 0x55, 0x55, 0x55, 0x55, 0x55, 0x55, 0x55, 0x55, 0x55, 0x55, 
	0x55, 0x55, 0x55, 0x55, 0x55, 0x55, 0x55, 0x55, 0x55, 0x55, 0x68, 0x99, 0x99, 0x99, 0x99, 
	0x99, 0x99, 0x99, 0x99, 0x99, 0x99, 0x99, 0x99, 0x99, 0x99, 0x88, 0x88, 0x88, 0x88, 0x88, 
	0x88, 0x88, 0x88, 0x88, 0x88, 0x88, 0x88, 0x88, 0x87, 0x77, 0x77, 0x77, 0x77, 0x66, 0x66, 
	0x66, 0x66, 0x66, 0x66, 0x66, 0x66, 0x55, 0x55, 0x55, 0x55, 0x55, 0x55, 0x55, 0x55, 0x55, 
	0x55, 0x55, 0x55, 0x55, 0x55, 0x55, 0x55, 0x55, 0x55, 0x55, 0x55, 0x55, 0x55, 0x55, 0x55, 
	0x55, 0x55, 0x55, 0x55, 0x55, 0x55, 0x55, 0x56, 0x66, 0x66, 0x66, 0x77, 0x77, 0x77, 0x77, 
	0x88, 0x88, 0x88, 0x88, 0x99, 0x99, 0x99, 0x99, 0x99, 0xAA, 0xAA, 0xAA, 0xAA, 0xAA, 0xAA, 
	0xAA, 0xAA, 0xAB, 0xBA, 0x97, 0x65, 0x55, 0x55, 0x45, 0x55, 0x55, 0x55, 0x55, 0x55, 0x55, 
	0x56, 0x66, 0x66, 0x66, 0x66, 0x67, 0x77, 0x77, 0x77, 0x77, 0x77, 0x77, 0x77, 0x77, 0x77, 
	0x76, 0x66, 0x66, 0x66, 0x65, 0x55, 0x55, 0x55, 0x55, 0x55, 0x55, 0x55, 0x44, 0x33, 0x33, 
	0x34, 0x45, 0x55, 0x55, 0x55, 0x55, 0x55, 0x55, 0x55, 0x55, 0x55, 0x55, 0x55, 0x55, 0x55, 
	0x55, 0x55, 0x55, 0x55, 0x55, 0x55, 0x55, 0x55, 0x55, 0x55, 0x66, 0x66, 0x66, 0x66, 0x66, 
	0x66, 0x66, 0x66, 0x66, 0x66, 0x65, 0x54, 0x43, 0x33, 0x33, 0x33, 0x33, 0x33, 0x22, 0x22, 
	0x22, 0x22, 0x22, 0x22, 0x22, 0x23, 0x44, 0x55, 0x66, 0x66, 0x66, 0x66, 0x66, 0x66, 0x66, 
	0x22, 0x22, 0x22, 0x22, 0x22, 0x22, 0x23, 0x45, 0x55, 0x55, 0x55, 0x55, 0x55, 0x55, 0x55, 
	0x55, 0x55, 0x55, 0x55, 0x55, 0x55, 0x55, 0x55, 0x55, 0x55, 0x55, 0x55, 0x55, 0x55, 0x55, 
	0x55, 0x55, 0x55, 0x55, 0x55, 0x55, 0x55, 0x55, 0x55, 0x55, 0x55, 0x55, 0x55, 0x55, 0x55, 
	0x55, 0x55, 0x55, 0x55, 0x55, 0x55, 0x43, 0x33, 0x45, 0x55, 0x55, 0x55, 0x55, 0x55, 0x55, 
	0x55, 0x55, 0x55, 0x55, 0x55, 0x55, 0x55, 0x55, 0x55, 0x55, 0x55, 0x55, 0x55, 0x55, 0x55, 
	0x55, 0x55, 0x55, 0x55, 0x55, 0x55, 0x55, 0x55, 0x55, 0x55, 0x55, 0x55, 0x55, 0x55, 0x55, 
	0x55, 0x55, 0x55, 0x55, 0x55, 0x55, 0x55, 0x55, 0x55, 0x55, 0x68, 0xA9, 0x99, 0x99, 0x99, 
	0x99, 0x99, 0x99, 0x99, 0x99, 0x99, 0x99, 0x99, 0x99, 0x99, 0x88, 0x88, 0x88, 0x88, 0x88, 
	0x88, 0x88, 0x88, 0x88, 0x88, 0x88, 0x88, 0x88, 0x87, 0x77, 0x77, 0x77, 0x77, 0x76, 0x66, 
	0x66, 0x66, 0x66, 0x66, 0x66, 0x66, 0x55, 0x55, 0x55, 0x55, 0x55, 0x55, 0x55, 0x55, 0x55, 
	0x55, 0x55, 0x55, 0x55, 0x55, 0x55, 0x55, 0x55, 0x55, 0x55, 0x55, 0x55, 0x55, 0x55, 0x55, 
	0x55, 0x55, 0x55, 0x55, 0x55, 0x55, 0x55, 0x55, 0x66, 0x66, 0x66, 0x77, 0x77, 0x77, 0x77, 
	0x88, 0x88, 0x88, 0x88, 0x99, 0x99, 0x99, 0x99, 0x99, 0xAA, 0xAA, 0xAA, 0xAA, 0xAA, 0xAA, 
	0xAA, 0xAA, 0xAB, 0xBA, 0x98, 0x65, 0x55, 0x55, 0x55, 0x55, 0x55, 0x55, 0x55, 0x55, 0x55, 
	0x66, 0x66, 0x66, 0x67, 0x77, 0x77, 0x77, 0x77, 0x77, 0x77, 0x77, 0x77, 0x77, 0x77, 0x77, 
	0x77, 0x66, 0x66, 0x66, 0x65, 0x55, 0x55, 0x55, 0x55, 0x55, 0x55, 0x54, 0x44, 0x33, 0x33, 
	0x34, 0x45, 0x55, 0x55, 0x55, 0x55, 0x55, 0x55, 0x55, 0x55, 0x55, 0x55, 0x55, 0x55, 0x55, 
	0x55, 0x55, 0x55, 0x55, 0x55, 0x55, 0x55, 0x55, 0x55, 0x56, 0x66, 0x66, 0x66, 0x66, 0x66, 
	0x66, 0x66, 0x66, 0x66, 0x66, 0x55, 0x44, 0x33, 0x33, 0x33, 0x33, 0x33, 0x32, 0x22, 0x22, 
	0x22, 0x22, 0x22, 0x22, 0x22, 0x34, 0x45, 0x55, 0x56, 0x66, 0x66, 0x66, 0x66, 0x66, 0x66, 
	0x22, 0x22, 0x22, 0x22, 0x22, 0x22, 0x23, 0x45, 0x55, 0x55, 0x55, 0x55, 0x55, 0x55, 0x55, 
	0x55, 0x55, 0x55, 0x55, 0x55, 0x55, 0x55, 0x55, 0x55, 0x55, 0x55, 0x55, 0x55, 0x55, 0x55, 
	0x55, 0x55, 0x55, 0x55, 0x55, 0x55, 0x55, 0x55, 0x55, 0x55, 0x55, 0x55, 0x55, 0x55, 0x55, 
	0x55, 0x55, 0x55, 0x55, 0x55, 0x55, 0x44, 0x33, 0x44, 0x55, 0x55, 0x55, 0x55, 0x55, 0x55, 
	0x55, 0x55, 0x55, 0x55, 0x55, 0x55, 0x55, 0x55, 0x55, 0x55, 0x55, 0x55, 0x55, 0x55, 0x55, 
	0x55, 0x55, 0x55, 0x55, 0x55, 0x55, 0x55, 0x55, 0x55, 0x55, 0x55, 0x55, 0x55, 0x55, 0x55, 
	0x55, 0x55, 0x55, 0x55, 0x55, 0x55, 0x55, 0x55, 0x55, 0x55, 0x78, 0xA9, 0x99, 0x99, 0x99, 
	0x99, 0x99, 0x99, 0x99, 0x99, 0x99, 0x99, 0x99, 0x99, 0x99, 0x88, 0x88, 0x88, 0x88, 0x88, 
	0x88, 0x88, 0x88, 0x88, 0x88, 0x88, 0x88, 0x88, 0x87, 0x77, 0x77, 0x77, 0x77, 0x76, 0x66, 
	0x66, 0x66, 0x66, 0x66, 0x66, 0x65, 0x55, 0x55, 0x55, 0x55, 0x55, 0x55, 0x55, 0x55, 0x55, 
	0x55, 0x55, 0x55, 0x55, 0x55, 0x55, 0x55, 0x55, 0x55, 0x55, 0x55, 0x55, 0x55, 0x55, 0x55, 
	0x55, 0x55, 0x55, 0x55, 0x55, 0x55, 0x55, 0x56, 0x66, 0x66, 0x66, 0x77, 0x77, 0x77, 0x78, 
	0x88, 0x88, 0x88, 0x88, 0x99, 0x99, 0x99, 0x99, 0x99, 0xAA, 0xAA, 0xAA, 0xAA, 0xAA, 0xAA, 
	0xAA, 0xAA, 0xAA, 0xAA, 0xA9, 0x76, 0x55, 0x55, 0x55, 0x55, 0x55, 0x55, 0x55, 0x55, 0x56, 
	0x66, 0x66, 0x66, 0x77, 0x77, 0x77, 0x77, 0x77, 0x77, 0x77, 0x77, 0x77, 0x77, 0x77, 0x77, 
	0x77, 0x66, 0x66, 0x66, 0x65, 0x55, 0x55, 0x55, 0x55, 0x55, 0x55, 0x54, 0x43, 0x33, 0x33, 
	0x34, 0x55, 0x55, 0x55, 0x55, 0x55, 0x55, 0x55, 0x55, 0x55, 0x55, 0x55, 0x55, 0x55, 0x55, 
	0x55, 0x55, 0x55, 0x55, 0x55, 0x55, 0x55, 0x55, 0x55, 0x56, 0x66, 0x66, 0x66, 0x66, 0x66, 
	0x66, 0x66, 0x66, 0x66, 0x66, 0x55, 0x44, 0x33, 0x33, 0x33, 0x33, 0x33, 0x32, 0x22, 0x22, 
	0x22, 0x22, 0x22, 0x22, 0x23, 0x44, 0x55, 0x55, 0x56, 0x66, 0x66, 0x66, 0x66, 0x66, 0x66, 
	0x22, 0x22, 0x22, 0x22, 0x22, 0x22, 0x22, 0x34, 0x55, 0x55, 0x55, 0x55, 0x55, 0x55, 0x55, 
	0x55, 0x55, 0x55, 0x55, 0x55, 0x55, 0x55, 0x55, 0x55, 0x55, 0x55, 0x55, 0x55, 0x55, 0x55, 
	0x55, 0x55, 0x55, 0x55, 0x55, 0x55, 0x55, 0x55, 0x55, 0x55, 0x55, 0x55, 0x55, 0x55, 0x55, 
	0x55, 0x55, 0x55, 0x55, 0x55, 0x55, 0x44, 0x33, 0x34, 0x55, 0x55, 0x55, 0x55, 0x55, 0x55, 
	0x55, 0x55, 0x55, 0x55, 0x55, 0x55, 0x55, 0x55, 0x55, 0x55, 0x55, 0x55, 0x55, 0x55, 0x55, 
	0x55, 0x55, 0x55, 0x55, 0x55, 0x55, 0x55, 0x55, 0x55, 0x55, 0x55, 0x55, 0x55, 0x55, 0x55, 
	0x55, 0x55, 0x55, 0x55, 0x55, 0x55, 0x55, 0x55, 0x55, 0x55, 0x78, 0x99, 0x99, 0x99, 0x99, 
	0x99, 0x99, 0x99, 0x99, 0x99, 0x99, 0x99, 0x99, 0x99, 0x99, 0x88, 0x88, 0x88, 0x88, 0x88, 
	0x88, 0x88, 0x88, 0x88, 0x88, 0x88, 0x88, 0x88, 0x88, 0x77, 0x77, 0x77, 0x77, 0x76, 0x66, 
	0x66, 0x66, 0x66, 0x66, 0x66, 0x65, 0x55, 0x55, 0x55, 0x55, 0x55, 0x55, 0x55, 0x55, 0x55, 
	0x55, 0x55, 0x55, 0x55, 0x55, 0x55, 0x55, 0x55, 0x55, 0x55, 0x55, 0x55, 0x55, 0x55, 0x55, 
	0x55, 0x55, 0x55, 0x55, 0x55, 0x55, 0x55, 0x66, 0x66, 0x66, 0x66, 0x77, 0x77, 0x77, 0x78, 
	0x88, 0x88, 0x88, 0x88, 0x89, 0x99, 0x99, 0x99, 0x99, 0xAA, 0xAA, 0xAA, 0xAA, 0xAA, 0xAA, 
	0xAA, 0xAA, 0xAA, 0xAA, 0xA9, 0x87, 0x65, 0x55, 0x55, 0x55, 0x55, 0x55, 0x55, 0x55, 0x66, 
	0x66, 0x66, 0x67, 0x77, 0x77, 0x77, 0x78, 0x88, 0x88, 0x88, 0x88, 0x88, 0x87, 0x77, 0x87, 
	0x77, 0x77, 0x66, 0x66, 0x66, 0x55, 0x55, 0x55, 0x55, 0x55, 0x55, 0x54, 0x43, 0x33, 0x33, 
	0x44, 0x55, 0x55, 0x55, 0x55, 0x55, 0x55, 0x55, 0x55, 0x55, 0x55, 0x55, 0x55, 0x55, 0x55, 
	0x55, 0x55, 0x55, 0x55, 0x55, 0x55, 0x55, 0x55, 0x55, 0x66, 0x66, 0x66, 0x66, 0x66, 0x66, 
	0x66, 0x66, 0x66, 0x66, 0x66, 0x55, 0x44, 0x44, 0x33, 0x33, 0x33, 0x33, 0x33, 0x22, 0x22, 
	0x22, 0x22, 0x22, 0x23, 0x33, 0x45, 0x55, 0x55, 0x56, 0x66, 0x66, 0x66, 0x66, 0x66, 0x66, 
	0x22, 0x22, 0x22, 0x22, 0x22, 0x22, 0x22, 0x34, 0x55, 0x55, 0x55, 0x55, 0x55, 0x55, 0x55, 
	0x56, 0x66, 0x65, 0x66, 0x66, 0x65, 0x55, 0x55, 0x55, 0x55, 0x55, 0x55, 0x55, 0x55, 0x55, 
	0x55, 0x55, 0x55, 0x55, 0x55, 0x55, 0x55, 0x55, 0x55, 0x55, 0x55, 0x55, 0x55, 0x55, 0x55, 
	0x55, 0x55, 0x55, 0x55, 0x55, 0x55, 0x44, 0x33, 0x34, 0x55, 0x55, 0x55, 0x55, 0x55, 0x55, 
	0x55, 0x55, 0x55, 0x55, 0x55, 0x55, 0x55, 0x55, 0x55, 0x55, 0x55, 0x55, 0x55, 0x55, 0x55, 
	0x55, 0x55, 0x55, 0x55, 0x55, 0x55, 0x55, 0x55, 0x55, 0x55, 0x55, 0x55, 0x55, 0x55, 0x55, 
	0x55, 0x55, 0x55, 0x55, 0x55, 0x55, 0x55, 0x55, 0x55, 0x55, 0x78, 0x99, 0x99, 0x99, 0x99, 
	0x99, 0x99, 0x99, 0x99, 0x99, 0x99, 0x99, 0x99, 0x99, 0x99, 0x98, 0x98, 0x88, 0x88, 0x88, 
	0x88, 0x88, 0x88, 0x88, 0x88, 0x88, 0x88, 0x88, 0x88, 0x77, 0x77, 0x77, 0x77, 0x76, 0x66, 
	0x66, 0x66, 0x66, 0x66, 0x66, 0x65, 0x55, 0x55, 0x55, 0x55, 0x55, 0x55, 0x55, 0x55, 0x55, 
	0x55, 0x55, 0x55, 0x55, 0x55, 0x55, 0x55, 0x55, 0x55, 0x55, 0x55, 0x55, 0x55, 0x55, 0x55, 
	0x55, 0x55, 0x55, 0x55, 0x55, 0x55, 0x66, 0x66, 0x66, 0x66, 0x66, 0x77, 0x77, 0x77, 0x78, 
	0x88, 0x88, 0x88, 0x88, 0x88, 0x99, 0x99, 0x99, 0x99, 0xAA, 0xAA, 0xAA, 0xAA, 0xAA, 0xAA, 
	0xAA, 0xAA, 0xAA, 0xAA, 0xAA, 0x97, 0x65, 0x55, 0x55, 0x55, 0x55, 0x55, 0x55, 0x56, 0x66, 
	0x66, 0x66, 0x67, 0x77, 0x77, 0x77, 0x88, 0x88, 0x88, 0x88, 0x88, 0x88, 0x88, 0x88, 0x88, 
	0x77, 0x77, 0x76, 0x66, 0x66, 0x65, 0x55, 0x55, 0x55, 0x55, 0x55, 0x44, 0x33, 0x33, 0x33, 
	0x44, 0x55, 0x55, 0x55, 0x55, 0x55, 0x55, 0x55, 0x55, 0x55, 0x55, 0x55, 0x55, 0x55, 0x55, 
	0x55, 0x55, 0x55, 0x55, 0x55, 0x55, 0x55, 0x55, 0x56, 0x66, 0x66, 0x66, 0x66, 0x66, 0x67, 
	0x77, 0x77, 0x67, 0x77, 0x66, 0x55, 0x54, 0x44, 0x44, 0x33, 0x33, 0x33, 0x33, 0x32, 0x33, 
	0x22, 0x22, 0x22, 0x23, 0x34, 0x45, 0x55, 0x55, 0x65, 0x56, 0x66, 0x66, 0x66, 0x66, 0x66, 
	0x22, 0x22, 0x22, 0x22, 0x22, 0x22, 0x22, 0x34, 0x55, 0x55, 0x55, 0x56, 0x55, 0x56, 0x66, 
	0x66, 0x66, 0x66, 0x66, 0x66, 0x66, 0x66, 0x66, 0x55, 0x55, 0x55, 0x55, 0x55, 0x55, 0x55, 
	0x55, 0x55, 0x55, 0x55, 0x55, 0x55, 0x55, 0x55, 0x55, 0x55, 0x55, 0x55, 0x55, 0x55, 0x55, 
	0x55, 0x55, 0x55, 0x55, 0x55, 0x55, 0x44, 0x43, 0x34, 0x45, 0x55, 0x55, 0x55, 0x55, 0x55, 
	0x55, 0x55, 0x55, 0x55, 0x55, 0x55, 0x55, 0x55, 0x55, 0x55, 0x55, 0x55, 0x55, 0x55, 0x55, 
	0x55, 0x55, 0x55, 0x55, 0x55, 0x55, 0x55, 0x55, 0x55, 0x55, 0x55, 0x55, 0x55, 0x55, 0x55, 
	0x55, 0x55, 0x55, 0x55, 0x55, 0x55, 0x55, 0x55, 0x55, 0x56, 0x78, 0x99, 0x99, 0x99, 0x99, 
	0x99, 0x99, 0x99, 0x99, 0x99, 0x99, 0x99, 0x99, 0x99, 0x99, 0x99, 0x99, 0x88, 0x88, 0x88, 
	0x88, 0x88, 0x88, 0x88, 0x88, 0x88, 0x88, 0x88, 0x88, 0x87, 0x77, 0x77, 0x77, 0x77, 0x66, 
	0x66, 0x66, 0x66, 0x66, 0x66, 0x66, 0x55, 0x55, 0x55, 0x55, 0x55, 0x55, 0x55, 0x55, 0x55, 
	0x55, 0x55, 0x55, 0x55, 0x55, 0x55, 0x55, 0x55, 0x55, 0x55, 0x55, 0x55, 0x55, 0x55, 0x55, 
	0x55, 0x55, 0x55, 0x55, 0x55, 0x55, 0x66, 0x66, 0x66, 0x66, 0x66, 0x77, 0x77, 0x77, 0x77, 
	0x88, 0x88, 0x88, 0x88, 0x88, 0x89, 0x99, 0x99, 0x99, 0xAA, 0xAA, 0xAA, 0xAA, 0xAA, 0xAA, 
	0xAA, 0xAA, 0xAA, 0xAA, 0xAA, 0x98, 0x76, 0x55, 0x55, 0x55, 0x55, 0x55, 0x55, 0x66, 0x66, 
	0x66, 0x67, 0x77, 0x77, 0x77, 0x88, 0x88, 0x88, 0x88, 0x88, 0x88, 0x88, 0x88, 0x88, 0x88, 
	0x77, 0x77, 0x76, 0x66, 0x66, 0x66, 0x55, 0x55, 0x55, 0x55, 0x55, 0x44, 0x33, 0x33, 0x33, 
	0x45, 0x55, 0x55, 0x55, 0x55, 0x55, 0x55, 0x55, 0x55, 0x55, 0x55, 0x55, 0x55, 0x55, 0x55, 
	0x55, 0x55, 0x55, 0x55, 0x55, 0x55, 0x55, 0x55, 0x56, 0x66, 0x66, 0x66, 0x66, 0x77, 0x77, 
	0x77, 0x77, 0x77, 0x77, 0x66, 0x55, 0x54, 0x44, 0x44, 0x43, 0x33, 0x33, 0x33, 0x33, 0x32, 
	0x22, 0x22, 0x22, 0x33, 0x44, 0x55, 0x55, 0x55, 0x55, 0x66, 0x66, 0x66, 0x66, 0x66, 0x66, 
	0x22, 0x22, 0x22, 0x22, 0x22, 0x22, 0x22, 0x33, 0x45, 0x55, 0x55, 0x56, 0x55, 0x66, 0x66, 
	0x66, 0x66, 0x66, 0x66, 0x66, 0x66, 0x66, 0x66, 0x66, 0x55, 0x55, 0x55, 0x55, 0x55, 0x55, 
	0x55, 0x55, 0x55, 0x55, 0x55, 0x55, 0x55, 0x55, 0x55, 0x55, 0x55, 0x55, 0x55, 0x55, 0x55, 
	0x55, 0x55, 0x55, 0x55, 0x55, 0x55, 0x44, 0x43, 0x34, 0x45, 0x55, 0x55, 0x55, 0x55, 0x55, 
	0x55, 0x55, 0x55, 0x55, 0x55, 0x55, 0x55, 0x55, 0x55, 0x55, 0x55, 0x55, 0x55, 0x55, 0x55, 
	0x55, 0x55, 0x55, 0x55, 0x55, 0x55, 0x55, 0x55, 0x55, 0x55, 0x55, 0x55, 0x55, 0x55, 0x55, 
	0x55, 0x55, 0x55, 0x55, 0x55, 0x55, 0x55, 0x55, 0x55, 0x56, 0x79, 0x99, 0x99, 0x99, 0x99, 
	0x99, 0x99, 0x99, 0x99, 0x99, 0x99, 0x99, 0x99, 0x99, 0x99, 0x99, 0x99, 0x88, 0x88, 0x88, 
	0x88, 0x88, 0x88, 0x88, 0x88, 0x88, 0x88, 0x88, 0x88, 0x88, 0x77, 0x77, 0x77, 0x77, 0x66, 
	0x66, 0x66, 0x66, 0x66, 0x66, 0x66, 0x55, 0x55, 0x55, 0x55, 0x55, 0x55, 0x55, 0x55, 0x55, 
	0x55, 0x55, 0x55, 0x55, 0x55, 0x55, 0x55, 0x55, 0x55, 0x55, 0x55, 0x55, 0x55, 0x55, 0x55, 
	0x55, 0x55, 0x55, 0x55, 0x55, 0x56, 0x66, 0x66, 0x66, 0x66, 0x66, 0x77, 0x77, 0x77, 0x77, 
	0x77, 0x88, 0x88, 0x88, 0x88, 0x89, 0x99, 0x99, 0x99, 0xAA, 0xAA, 0xAA, 0xAA, 0xAA, 0xAA, 
	0xAA, 0xAA, 0xAA, 0xAA, 0xAA, 0xA9, 0x86, 0x55, 0x55, 0x55, 0x55, 0x55, 0x55, 0x66, 0x66, 
	0x66, 0x77, 0x77, 0x77, 0x77, 0x88, 0x88, 0x99, 0x99, 0x99, 0x99, 0x98, 0x88, 0x88, 0x88, 
	0x87, 0x77, 0x77, 0x66, 0x66, 0x66, 0x65, 0x55, 0x55, 0x55, 0x55, 0x44, 0x33, 0x33, 0x34, 
	0x45, 0x55, 0x55, 0x55, 0x55, 0x55, 0x55, 0x55, 0x55, 0x55, 0x55, 0x55, 0x55, 0x55, 0x55, 
	0x55, 0x55, 0x55, 0x55, 0x55, 0x55, 0x55, 0x55, 0x66, 0x66, 0x66, 0x77, 0x77, 0x77, 0x77, 
	0x77, 0x77, 0x77, 0x77, 0x66, 0x55, 0x54, 0x44, 0x44, 0x43, 0x33, 0x33, 0x33, 0x33, 0x32, 
	0x22, 0x22, 0x23, 0x33, 0x45, 0x55, 0x55, 0x55, 0x55, 0x56, 0x66, 0x66, 0x66, 0x66, 0x66, 
	0x22, 0x22, 0x22, 0x22, 0x22, 0x22, 0x22, 0x33, 0x45, 0x55, 0x55, 0x56, 0x66, 0x66, 0x66, 
	0x66, 0x66, 0x66, 0x66, 0x66, 0x66, 0x66, 0x66, 0x66, 0x55, 0x55, 0x55, 0x55, 0x55, 0x55, 
	0x55, 0x55, 0x55, 0x55, 0x55, 0x55, 0x55, 0x55, 0x55, 0x55, 0x55, 0x55, 0x55, 0x55, 0x55, 
	0x55, 0x55, 0x55, 0x55, 0x55, 0x55, 0x54, 0x43, 0x34, 0x45, 0x55, 0x55, 0x55, 0x55, 0x55, 
	0x55, 0x55, 0x55, 0x55, 0x55, 0x55, 0x55, 0x55, 0x55, 0x55, 0x55, 0x55, 0x55, 0x55, 0x55, 
	0x55, 0x55, 0x55, 0x55, 0x55, 0x55, 0x55, 0x55, 0x55, 0x55, 0x55, 0x55, 0x55, 0x55, 0x55, 
	0x55, 0x55, 0x55, 0x55, 0x55, 0x55, 0x55, 0x55, 0x55, 0x56, 0x89, 0x99, 0x99, 0x99, 0x99, 
	0x99, 0x99, 0x99, 0x99, 0x99, 0x99, 0x99, 0x99, 0x99, 0x99, 0x99, 0x99, 0x88, 0x88, 0x88, 
	0x88, 0x88, 0x88, 0x88, 0x88, 0x88, 0x88, 0x88, 0x88, 0x88, 0x77, 0x77, 0x77, 0x77, 0x76, 
	0x66, 0x66, 0x66, 0x66, 0x66, 0x66, 0x65, 0x55, 0x55, 0x55, 0x55, 0x55, 0x55, 0x55, 0x55, 
	0x55, 0x55, 0x55, 0x55, 0x55, 0x55, 0x55, 0x55, 0x55, 0x55, 0x55, 0x55, 0x55, 0x55, 0x55, 
	0x55, 0x55, 0x55, 0x55, 0x55, 0x66, 0x66, 0x66, 0x66, 0x66, 0x66, 0x67, 0x77, 0x77, 0x77, 
	0x77, 0x78, 0x88, 0x88, 0x88, 0x89, 0x99, 0x99, 0x99, 0xAA, 0xAA, 0xAA, 0xAA, 0xAA, 0xAA, 
	0xAA, 0xAA, 0xAA, 0xAA, 0xAA, 0xBA, 0x97, 0x65, 0x55, 0x55, 0x55, 0x55, 0x55, 0x66, 0x66, 
	0x66, 0x77, 0x77, 0x77, 0x78, 0x88, 0x88, 0x99, 0x99, 0x99, 0x99, 0x99, 0x98, 0x88, 0x88, 
	0x88, 0x88, 0x77, 0x76, 0x66, 0x66, 0x66, 0x55, 0x55, 0x55, 0x54, 0x43, 0x33, 0x33, 0x34, 
	0x45, 0x55, 0x55, 0x55, 0x55, 0x55, 0x55, 0x55, 0x55, 0x55, 0x55, 0x55, 0x55, 0x55, 0x55, 
	0x55, 0x55, 0x55, 0x55, 0x55, 0x55, 0x56, 0x66, 0x66, 0x66, 0x67, 0x77, 0x77, 0x77, 0x77, 
	0x77, 0x77, 0x77, 0x77, 0x76, 0x65, 0x55, 0x44, 0x44, 0x43, 0x33, 0x33, 0x33, 0x33, 0x32, 
	0x22, 0x22, 0x33, 0x34, 0x45, 0x55, 0x55, 0x55, 0x55, 0x55, 0x66, 0x66, 0x66, 0x66, 0x66, 
	0x22, 0x22, 0x22, 0x22, 0x22, 0x22, 0x22, 0x23, 0x45, 0x56, 0x65, 0x56, 0x66, 0x66, 0x66, 
	0x66, 0x66, 0x66, 0x66, 0x66, 0x66, 0x66, 0x66, 0x66, 0x55, 0x56, 0x55, 0x55, 0x55, 0x55, 
	0x55, 0x55, 0x55, 0x55, 0x55, 0x55, 0x55, 0x55, 0x55, 0x55, 0x55, 0x55, 0x55, 0x55, 0x55, 
	0x55, 0x55, 0x55, 0x55, 0x55, 0x55, 0x54, 0x43, 0x33, 0x45, 0x55, 0x55, 0x55, 0x55, 0x55, 
	0x55, 0x55, 0x55, 0x55, 0x55, 0x55, 0x55, 0x55, 0x55, 0x55, 0x55, 0x55, 0x55, 0x55, 0x55, 
	0x55, 0x55, 0x55, 0x55, 0x55, 0x55, 0x55, 0x55, 0x55, 0x55, 0x55, 0x55, 0x55, 0x55, 0x55, 
	0x55, 0x55, 0x55, 0x55, 0x55, 0x55, 0x55, 0x55, 0x55, 0x56, 0x89, 0x99, 0x99, 0x99, 0x99, 
	0x99, 0x99, 0x99, 0x99, 0x99, 0x99, 0x99, 0x99, 0x99, 0x99, 0x99, 0x99, 0x98, 0x88, 0x88, 
	0x88, 0x88, 0x88, 0x88, 0x88, 0x88, 0x88, 0x88, 0x88, 0x88, 0x87, 0x77, 0x77, 0x77, 0x76, 
	0x66, 0x66, 0x66, 0x66, 0x66, 0x66, 0x66, 0x65, 0x55, 0x55, 0x55, 0x55, 0x55, 0x55, 0x55, 
	0x55, 0x55, 0x55, 0x55, 0x55, 0x55, 0x55, 0x55, 0x55, 0x55, 0x55, 0x55, 0x55, 0x55, 0x55, 
	0x55, 0x55, 0x55, 0x55, 0x56, 0x66, 0x66, 0x66, 0x66, 0x66, 0x66, 0x67, 0x77, 0x77, 0x77, 
	0x77, 0x77, 0x88, 0x88, 0x88, 0x88, 0x99, 0x99, 0x99, 0xAA, 0xAA, 0xAA, 0xAA, 0xAA, 0xAA, 
	0xAA, 0xAA, 0xAA, 0xAA, 0xAA, 0xBA, 0x98, 0x65, 0x55, 0x55, 0x55, 0x55, 0x55, 0x66, 0x66, 
	0x66, 0x77, 0x77, 0x77, 0x88, 0x89, 0x99, 0x99, 0x99, 0x99, 0x99, 0x99, 0x99, 0x88, 0x88, 
	0x88, 0x88, 0x77, 0x76, 0x66, 0x66, 0x66, 0x55, 0x55, 0x55, 0x54, 0x43, 0x33, 0x33, 0x44, 
	0x55, 0x55, 0x55, 0x55, 0x55, 0x55, 0x55, 0x55, 0x55, 0x55, 0x55, 0x55, 0x55, 0x55, 0x55, 
	0x55, 0x55, 0x55, 0x55, 0x55, 0x55, 0x56, 0x66, 0x66, 0x66, 0x77, 0x77, 0x77, 0x77, 0x77, 
	0x78, 0x88, 0x77, 0x77, 0x77, 0x66, 0x55, 0x55, 0x44, 0x44, 0x33, 0x33, 0x33, 0x33, 0x33, 
	0x22, 0x23, 0x33, 0x44, 0x45, 0x55, 0x55, 0x55, 0x55, 0x55, 0x66, 0x66, 0x66, 0x66, 0x66, 
	0x22, 0x22, 0x22, 0x22, 0x22, 0x22, 0x22, 0x22, 0x34, 0x55, 0x66, 0x66, 0x66, 0x66, 0x66, 
	0x66, 0x66, 0x67, 0x77, 0x66, 0x66, 0x66, 0x66, 0x66, 0x66, 0x65, 0x55, 0x55, 0x55, 0x55, 
	0x55, 0x55, 0x55, 0x55, 0x55, 0x55, 0x55, 0x55, 0x55, 0x55, 0x55, 0x55, 0x55, 0x55, 0x55, 
	0x55, 0x55, 0x55, 0x55, 0x55, 0x55, 0x54, 0x43, 0x33, 0x44, 0x55, 0x55, 0x55, 0x55, 0x55, 
	0x55, 0x55, 0x55, 0x55, 0x55, 0x55, 0x55, 0x55, 0x55, 0x55, 0x55, 0x55, 0x55, 0x55, 0x55, 
	0x55, 0x55, 0x55, 0x55, 0x55, 0x55, 0x55, 0x55, 0x55, 0x55, 0x55, 0x55, 0x55, 0x55, 0x55, 
	0x55, 0x55, 0x55, 0x55, 0x55, 0x55, 0x55, 0x55, 0x55, 0x57, 0x89, 0x99, 0x99, 0x99, 0x99, 
	0x99, 0x99, 0x99, 0x99, 0x99, 0x99, 0x99, 0x99, 0x99, 0x99, 0x99, 0x99, 0x98, 0x88, 0x88, 
	0x88, 0x88, 0x88, 0x88, 0x88, 0x88, 0x88, 0x88, 0x88, 0x88, 0x87, 0x77, 0x77, 0x77, 0x76, 
	0x66, 0x66, 0x66, 0x66, 0x66, 0x66, 0x66, 0x66, 0x55, 0x55, 0x55, 0x55, 0x55, 0x55, 0x55, 
	0x55, 0x55, 0x55, 0x55, 0x55, 0x55, 0x55, 0x55, 0x55, 0x55, 0x55, 0x55, 0x55, 0x55, 0x55, 
	0x55, 0x55, 0x55, 0x55, 0x66, 0x66, 0x66, 0x66, 0x66, 0x66, 0x66, 0x67, 0x77, 0x77, 0x77, 
	0x77, 0x77, 0x78, 0x88, 0x88, 0x88, 0x99, 0x99, 0x99, 0xAA, 0xAA, 0xAA, 0xAA, 0xAA, 0xAA, 
	0xAA, 0xAA, 0xAA, 0xAA, 0xAA, 0xBB, 0xA9, 0x76, 0x55, 0x55, 0x55, 0x55, 0x56, 0x66, 0x66, 
	0x66, 0x77, 0x77, 0x88, 0x88, 0x99, 0x99, 0x99, 0x9A, 0xAA, 0xAA, 0xAA, 0x99, 0x99, 0x98, 
	0x88, 0x88, 0x77, 0x76, 0x66, 0x66, 0x66, 0x65, 0x55, 0x55, 0x54, 0x43, 0x33, 0x33, 0x44, 
	0x55, 0x55, 0x55, 0x55, 0x55, 0x55, 0x55, 0x55, 0x55, 0x55, 0x55, 0x55, 0x55, 0x55, 0x55, 
	0x55, 0x55, 0x55, 0x55, 0x55, 0x55, 0x66, 0x66, 0x66, 0x77, 0x77, 0x77, 0x77, 0x78, 0x88, 
	0x88, 0x88, 0x78, 0x77, 0x77, 0x76, 0x66, 0x65, 0x54, 0x44, 0x43, 0x33, 0x33, 0x33, 0x33, 
	0x22, 0x33, 0x34, 0x44, 0x44, 0x45, 0x55, 0x55, 0x55, 0x55, 0x66, 0x66, 0x66, 0x66, 0x66, 
	0x22, 0x22, 0x22, 0x22, 0x22, 0x22, 0x32, 0x22, 0x34, 0x55, 0x66, 0x66, 0x66, 0x66, 0x66, 
	0x77, 0x77, 0x77, 0x77, 0x76, 0x66, 0x66, 0x66, 0x66, 0x66, 0x66, 0x55, 0x55, 0x55, 0x55, 
	0x55, 0x55, 0x55, 0x55, 0x55, 0x55, 0x55, 0x55, 0x55, 0x55, 0x55, 0x55, 0x55, 0x55, 0x55, 
	0x55, 0x55, 0x55, 0x55, 0x55, 0x55, 0x55, 0x43, 0x33, 0x44, 0x55, 0x55, 0x55, 0x55, 0x55, 
	0x55, 0x55, 0x55, 0x55, 0x55, 0x55, 0x55, 0x55, 0x55, 0x55, 0x55, 0x55, 0x55, 0x55, 0x55, 
	0x55, 0x55, 0x55, 0x55, 0x55, 0x55, 0x55, 0x55, 0x55, 0x55, 0x55, 0x55, 0x55, 0x55, 0x55, 
	0x55, 0x55, 0x55, 0x55, 0x55, 0x55, 0x55, 0x55, 0x55, 0x57, 0x89, 0x99, 0x99, 0x99, 0x99, 
	0x99, 0x99, 0x99, 0x99, 0x99, 0x99, 0x99, 0x99, 0x99, 0x99, 0x99, 0x99, 0x98, 0x88, 0x88, 
	0x88, 0x88, 0x88, 0x88, 0x88, 0x88, 0x88, 0x88, 0x88, 0x88, 0x88, 0x77, 0x77, 0x77, 0x77, 
	0x66, 0x66, 0x66, 0x66, 0x66, 0x66, 0x66, 0x66, 0x55, 0x55, 0x55, 0x55, 0x55, 0x55, 0x55, 
	0x55, 0x55, 0x55, 0x55, 0x55, 0x55, 0x55, 0x55, 0x55, 0x55, 0x55, 0x55, 0x55, 0x55, 0x55, 
	0x55, 0x55, 0x55, 0x55, 0x66, 0x66, 0x66, 0x66, 0x66, 0x66, 0x66, 0x66, 0x77, 0x77, 0x77, 
	0x77, 0x77, 0x77, 0x88, 0x88, 0x88, 0x99, 0x99, 0x99, 0x9A, 0xAA, 0xAA, 0xAA, 0xAA, 0xAA, 
	0xAA, 0xAA, 0xAA, 0xAA, 0xAA, 0xBB, 0xBA, 0x87, 0x55, 0x55, 0x55, 0x55, 0x56, 0x66, 0x66, 
	0x66, 0x77, 0x78, 0x88, 0x89, 0x99, 0x99, 0x99, 0x9A, 0xAA, 0xAA, 0xAA, 0xAA, 0x99, 0x99, 
	0x88, 0x88, 0x77, 0x77, 0x77, 0x66, 0x66, 0x66, 0x65, 0x55, 0x54, 0x43, 0x33, 0x33, 0x44, 
	0x55, 0x55, 0x55, 0x55, 0x55, 0x55, 0x55, 0x55, 0x55, 0x55, 0x55, 0x55, 0x55, 0x55, 0x55, 
	0x55, 0x55, 0x55, 0x55, 0x55, 0x56, 0x66, 0x66, 0x67, 0x77, 0x77, 0x77, 0x78, 0x88, 0x88, 
	0x88, 0x88, 0x88, 0x88, 0x77, 0x77, 0x77, 0x66, 0x55, 0x44, 0x43, 0x33, 0x33, 0x33, 0x33, 
	0x33, 0x33, 0x34, 0x44, 0x44, 0x44, 0x55, 0x55, 0x55, 0x55, 0x56, 0x66, 0x66, 0x66, 0x66, 
	0x22, 0x22, 0x22, 0x22, 0x23, 0x22, 0x33, 0x33, 0x34, 0x55, 0x66, 0x66, 0x66, 0x66, 0x77, 
	0x77, 0x77, 0x77, 0x77, 0x77, 0x77, 0x77, 0x77, 0x66, 0x66, 0x66, 0x66, 0x55, 0x55, 0x55, 
	0x55, 0x55, 0x55, 0x55, 0x55, 0x55, 0x55, 0x55, 0x55, 0x55, 0x55, 0x55, 0x55, 0x55, 0x55, 
	0x55, 0x55, 0x55, 0x55, 0x55, 0x55, 0x55, 0x43, 0x33, 0x44, 0x55, 0x55, 0x55, 0x55, 0x55, 
	0x55, 0x55, 0x55, 0x55, 0x55, 0x55, 0x55, 0x55, 0x55, 0x55, 0x55, 0x55, 0x55, 0x55, 0x55, 
	0x55, 0x55, 0x55, 0x55, 0x55, 0x55, 0x55, 0x55, 0x55, 0x55, 0x55, 0x55, 0x55, 0x55, 0x55, 
	0x55, 0x55, 0x55, 0x55, 0x55, 0x55, 0x55, 0x55, 0x55, 0x67, 0x89, 0x99, 0x99, 0x99, 0x99, 
	0x99, 0x99, 0x99, 0x99, 0x99, 0x99, 0x99, 0x99, 0x99, 0x99, 0x99, 0x99, 0x99, 0x88, 0x88, 
	0x88, 0x88, 0x88, 0x88, 0x88, 0x88, 0x88, 0x88, 0x88, 0x88, 0x88, 0x77, 0x77, 0x77, 0x77, 
	0x66, 0x66, 0x66, 0x66, 0x66, 0x66, 0x66, 0x66, 0x66, 0x66, 0x55, 0x55, 0x55, 0x55, 0x55, 
	0x55, 0x55, 0x55, 0x55, 0x55, 0x55, 0x55, 0x55, 0x55, 0x55, 0x55, 0x55, 0x55, 0x55, 0x55, 
	0x55, 0x55, 0x55, 0x66, 0x66, 0x66, 0x66, 0x66, 0x66, 0x66, 0x66, 0x66, 0x67, 0x77, 0x77, 
	0x77, 0x77, 0x77, 0x78, 0x88, 0x88, 0x99, 0x99, 0x99, 0x9A, 0xAA, 0xAA, 0xAA, 0xAA, 0xAA, 
	0xAA, 0xAA, 0xAA, 0xBB, 0xBB, 0xBB, 0xBB, 0x98, 0x65, 0x55, 0x55, 0x55, 0x56, 0x66, 0x66, 
	0x67, 0x77, 0x88, 0x88, 0x99, 0x99, 0x9A, 0xAA, 0xAA, 0xAA, 0xAA, 0xAA, 0xAA, 0xAA, 0x99, 
	0x98, 0x88, 0x87, 0x77, 0x77, 0x76, 0x66, 0x66, 0x66, 0x55, 0x54, 0x43, 0x33, 0x33, 0x45, 
	0x55, 0x55, 0x55, 0x55, 0x55, 0x55, 0x55, 0x55, 0x55, 0x55, 0x55, 0x55, 0x55, 0x55, 0x55, 
	0x55, 0x55, 0x55, 0x55, 0x55, 0x56, 0x66, 0x67, 0x77, 0x77, 0x77, 0x77, 0x88, 0x88, 0x88, 
	0x88, 0x88, 0x88, 0x88, 0x88, 0x77, 0x77, 0x76, 0x65, 0x54, 0x43, 0x33, 0x33, 0x33, 0x33, 
	0x33, 0x33, 0x34, 0x44, 0x44, 0x44, 0x45, 0x55, 0x55, 0x55, 0x55, 0x56, 0x66, 0x66, 0x66, 
	0x22, 0x22, 0x22, 0x22, 0x23, 0x33, 0x33, 0x33, 0x34, 0x45, 0x66, 0x66, 0x66, 0x66, 0x77, 
	0x78, 0x77, 0x77, 0x77, 0x77, 0x77, 0x77, 0x77, 0x77, 0x77, 0x66, 0x66, 0x65, 0x55, 0x55, 
	0x55, 0x55, 0x55, 0x55, 0x55, 0x55, 0x55, 0x55, 0x55, 0x55, 0x55, 0x55, 0x55, 0x55, 0x55, 
	0x55, 0x55, 0x55, 0x55, 0x55, 0x55, 0x55, 0x43, 0x33, 0x44, 0x55, 0x55, 0x55, 0x55, 0x55, 
	0x55, 0x55, 0x55, 0x55, 0x55, 0x55, 0x55, 0x55, 0x55, 0x55, 0x55, 0x55, 0x55, 0x55, 0x55, 
	0x55, 0x55, 0x55, 0x55, 0x55, 0x55, 0x55, 0x55, 0x55, 0x55, 0x55, 0x55, 0x55, 0x55, 0x55, 
	0x55, 0x55, 0x55, 0x55, 0x55, 0x55, 0x55, 0x55, 0x55, 0x67, 0x89, 0x98, 0x99, 0x99, 0x99, 
	0x99, 0x99, 0x99, 0x99, 0x99, 0x99, 0x99, 0x99, 0x99, 0x99, 0x99, 0x99, 0x99, 0x88, 0x88, 
	0x88, 0x88, 0x88, 0x88, 0x88, 0x88, 0x88, 0x88, 0x88, 0x88, 0x88, 0x87, 0x77, 0x77, 0x77, 
	0x76, 0x66, 0x66, 0x66, 0x66, 0x66, 0x66, 0x66, 0x66, 0x66, 0x65, 0x55, 0x55, 0x55, 0x55, 
	0x55, 0x55, 0x55, 0x55, 0x55, 0x55, 0x55, 0x55, 0x55, 0x55, 0x55, 0x55, 0x55, 0x55, 0x55, 
	0x55, 0x55, 0x56, 0x66, 0x66, 0x66, 0x66, 0x66, 0x66, 0x66, 0x66, 0x66, 0x66, 0x67, 0x77, 
	0x77, 0x77, 0x77, 0x78, 0x88, 0x89, 0x99, 0x99, 0x99, 0x9A, 0xAA, 0xAA, 0xAA, 0xAA, 0xAA, 
	0xAA, 0xAA, 0xAB, 0xBB, 0xBB, 0xBB, 0xBB, 0xA9, 0x76, 0x55, 0x55, 0x55, 0x56, 0x66, 0x66, 
	0x77, 0x78, 0x88, 0x88, 0x99, 0x9A, 0xAA, 0xAA, 0xBB, 0xBB, 0xAA, 0xAA, 0xAA, 0xAA, 0xA9, 
	0x99, 0x88, 0x87, 0x77, 0x77, 0x76, 0x66, 0x66, 0x66, 0x55, 0x54, 0x33, 0x33, 0x33, 0x45, 
	0x55, 0x55, 0x55, 0x55, 0x55, 0x55, 0x55, 0x55, 0x55, 0x55, 0x55, 0x55, 0x55, 0x55, 0x55, 
	0x55, 0x55, 0x55, 0x55, 0x55, 0x66, 0x66, 0x77, 0x77, 0x77, 0x77, 0x77, 0x88, 0x88, 0x88, 
	0x88, 0x88, 0x88, 0x88, 0x88, 0x87, 0x77, 0x77, 0x66, 0x54, 0x43, 0x33, 0x33, 0x33, 0x33, 
	0x33, 0x33, 0x33, 0x44, 0x44, 0x44, 0x45, 0x55, 0x55, 0x55, 0x55, 0x56, 0x66, 0x66, 0x66, 
	0x22, 0x22, 0x22, 0x22, 0x22, 0x33, 0x33, 0x33, 0x33, 0x45, 0x66, 0x66, 0x77, 0x77, 0x77, 
	0x78, 0x77, 0x77, 0x77, 0x77, 0x77, 0x77, 0x77, 0x77, 0x77, 0x66, 0x66, 0x65, 0x55, 0x55, 
	0x55, 0x55, 0x55, 0x55, 0x55, 0x55, 0x55, 0x55, 0x55, 0x55, 0x55, 0x55, 0x55, 0x55, 0x55, 
	0x55, 0x55, 0x55, 0x55, 0x55, 0x55, 0x55, 0x44, 0x33, 0x44, 0x55, 0x55, 0x55, 0x55, 0x55, 
	0x55, 0x55, 0x55, 0x55, 0x55, 0x55, 0x55, 0x55, 0x55, 0x55, 0x55, 0x55, 0x55, 0x55, 0x55, 
	0x55, 0x55, 0x55, 0x55, 0x55, 0x55, 0x55, 0x55, 0x55, 0x55, 0x55, 0x55, 0x55, 0x55, 0x55, 
	0x55, 0x55, 0x55, 0x55, 0x55, 0x55, 0x55, 0x55, 0x55, 0x68, 0x89, 0x99, 0x99, 0x99, 0x99, 
	0x99, 0x99, 0x99, 0x99, 0x99, 0x99, 0x99, 0x99, 0x99, 0x99, 0x99, 0x99, 0x88, 0x88, 0x88, 
	0x88, 0x88, 0x88, 0x88, 0x88, 0x88, 0x88, 0x88, 0x88, 0x88, 0x88, 0x88, 0x77, 0x77, 0x77, 
	0x76, 0x66, 0x66, 0x66, 0x66, 0x66, 0x66, 0x66, 0x66, 0x66, 0x65, 0x55, 0x55, 0x55, 0x55, 
	0x55, 0x55, 0x55, 0x55, 0x55, 0x55, 0x55, 0x55, 0x55, 0x55, 0x55, 0x55, 0x55, 0x55, 0x55, 
	0x55, 0x55, 0x56, 0x66, 0x66, 0x66, 0x66, 0x66, 0x66, 0x66, 0x66, 0x66, 0x66, 0x66, 0x77, 
	0x77, 0x77, 0x77, 0x88, 0x88, 0x89, 0x99, 0x99, 0x99, 0xAA, 0xAA, 0xAA, 0xAA, 0xAA, 0xAA, 
	0xAA, 0xAA, 0xBB, 0xBB, 0xBB, 0xBB, 0xBB, 0xBA, 0x86, 0x65, 0x55, 0x65, 0x56, 0x66, 0x67, 
	0x77, 0x77, 0x88, 0x89, 0x99, 0x9A, 0xBB, 0xBB, 0xBB, 0xBB, 0xBB, 0xBB, 0xBA, 0xAA, 0xA9, 
	0x99, 0x98, 0x88, 0x77, 0x77, 0x66, 0x66, 0x66, 0x65, 0x55, 0x54, 0x33, 0x33, 0x34, 0x45, 
	0x55, 0x55, 0x55, 0x55, 0x55, 0x55, 0x55, 0x55, 0x55, 0x55, 0x55, 0x55, 0x55, 0x55, 0x55, 
	0x55, 0x55, 0x55, 0x55, 0x55, 0x56, 0x66, 0x77, 0x77, 0x77, 0x78, 0x88, 0x88, 0x88, 0x88, 
	0x88, 0x88, 0x88, 0x88, 0x88, 0x87, 0x77, 0x77, 0x77, 0x65, 0x44, 0x43, 0x33, 0x33, 0x33, 
	0x33, 0x33, 0x33, 0x34, 0x44, 0x44, 0x44, 0x55, 0x55, 0x55, 0x55, 0x55, 0x66, 0x66, 0x66, 
	0x22, 0x22, 0x22, 0x22, 0x22, 0x23, 0x33, 0x33, 0x33, 0x45, 0x66, 0x77, 0x77, 0x77, 0x77, 
	0x77, 0x77, 0x77, 0x77, 0x78, 0x88, 0x77, 0x77, 0x77, 0x77, 0x66, 0x66, 0x66, 0x66, 0x55, 
	0x55, 0x55, 0x55, 0x55, 0x55, 0x55, 0x55, 0x55, 0x55, 0x55, 0x55, 0x55, 0x55, 0x55, 0x55, 
	0x55, 0x55, 0x55, 0x55, 0x55, 0x55, 0x55, 0x44, 0x33, 0x44, 0x55, 0x55, 0x55, 0x55, 0x55, 
	0x55, 0x55, 0x55, 0x55, 0x55, 0x55, 0x55, 0x55, 0x55, 0x55, 0x55, 0x55, 0x55, 0x55, 0x55, 
	0x55, 0x55, 0x55, 0x55, 0x55, 0x55, 0x55, 0x55, 0x55, 0x55, 0x55, 0x55, 0x55, 0x55, 0x55, 
	0x55, 0x55, 0x55, 0x55, 0x55, 0x55, 0x55, 0x55, 0x55, 0x68, 0x89, 0x99, 0x99, 0x99, 0x99, 
	0x99, 0x99, 0x99, 0x99, 0x99, 0x99, 0x99, 0x99, 0x99, 0x99, 0x99, 0x99, 0x88, 0x88, 0x88, 
	0x88, 0x88, 0x88, 0x88, 0x88, 0x88, 0x88, 0x88, 0x88, 0x88, 0x88, 0x88, 0x77, 0x77, 0x77, 
	0x77, 0x66, 0x66, 0x66, 0x66, 0x66, 0x66, 0x66, 0x66, 0x66, 0x66, 0x65, 0x55, 0x55, 0x55, 
	0x55, 0x55, 0x55, 0x55, 0x55, 0x55, 0x55, 0x55, 0x55, 0x55, 0x55, 0x55, 0x55, 0x55, 0x55, 
	0x55, 0x56, 0x66, 0x66, 0x66, 0x66, 0x66, 0x66, 0x66, 0x66, 0x66, 0x66, 0x66, 0x66, 0x77, 
	0x77, 0x77, 0x77, 0x88, 0x88, 0x89, 0x99, 0x99, 0x99, 0xAA, 0xAA, 0xAA, 0xAA, 0xAA, 0xAA, 
	0xAA, 0xAA, 0xBB, 0xBB, 0xBB, 0xBB, 0xBB, 0xBA, 0x97, 0x66, 0x55, 0x65, 0x56, 0x66, 0x77, 
	0x77, 0x77, 0x88, 0x89, 0x99, 0xAB, 0xBB, 0xBC, 0xCC, 0xCC, 0xBB, 0xBB, 0xBB, 0xAA, 0xAA, 
	0x99, 0x98, 0x88, 0x77, 0x77, 0x66, 0x66, 0x66, 0x65, 0x55, 0x54, 0x33, 0x33, 0x34, 0x45, 
	0x55, 0x55, 0x55, 0x55, 0x55, 0x55, 0x55, 0x55, 0x55, 0x55, 0x55, 0x55, 0x55, 0x55, 0x55, 
	0x55, 0x55, 0x55, 0x55, 0x55, 0x56, 0x66, 0x77, 0x77, 0x77, 0x78, 0x88, 0x88, 0x88, 0x88, 
	0x88, 0x88, 0x88, 0x88, 0x88, 0x88, 0x77, 0x77, 0x77, 0x66, 0x54, 0x44, 0x33, 0x33, 0x33, 
	0x33, 0x33, 0x33, 0x34, 0x44, 0x44, 0x44, 0x45, 0x55, 0x55, 0x55, 0x55, 0x66, 0x66, 0x66, 
	0x22, 0x22, 0x22, 0x22, 0x22, 0x22, 0x33, 0x33, 0x33, 0x44, 0x56, 0x77, 0x77, 0x77, 0x77, 
	0x77, 0x77, 0x88, 0x88, 0x88, 0x88, 0x87, 0x77, 0x77, 0x77, 0x76, 0x66, 0x66, 0x66, 0x65, 
	0x55, 0x55, 0x55, 0x55, 0x55, 0x55, 0x55, 0x55, 0x55, 0x55, 0x55, 0x55, 0x55, 0x55, 0x55, 
	0x55, 0x55, 0x55, 0x55, 0x55, 0x55, 0x55, 0x44, 0x33, 0x44, 0x55, 0x55, 0x55, 0x55, 0x55, 
	0x55, 0x55, 0x55, 0x55, 0x55, 0x55, 0x55, 0x55, 0x55, 0x55, 0x55, 0x55, 0x55, 0x55, 0x55, 
	0x55, 0x55, 0x55, 0x55, 0x55, 0x55, 0x55, 0x55, 0x55, 0x55, 0x55, 0x55, 0x55, 0x55, 0x55, 
	0x55, 0x55, 0x55, 0x55, 0x55, 0x55, 0x55, 0x55, 0x55, 0x78, 0x99, 0x99, 0x99, 0x99, 0x99, 
	0x99, 0x99, 0x99, 0x99, 0x99, 0x99, 0x99, 0x99, 0x99, 0x99, 0x99, 0x99, 0x88, 0x88, 0x88, 
	0x88, 0x88, 0x88, 0x88, 0x88, 0x88, 0x88, 0x88, 0x88, 0x88, 0x88, 0x88, 0x77, 0x77, 0x77, 
	0x77, 0x66, 0x66, 0x66, 0x66, 0x66, 0x66, 0x66, 0x66, 0x66, 0x66, 0x66, 0x55, 0x55, 0x55, 
	0x55, 0x55, 0x55, 0x55, 0x55, 0x55, 0x55, 0x55, 0x55, 0x55, 0x55, 0x55, 0x55, 0x55, 0x55, 
	0x56, 0x66, 0x66, 0x66, 0x66, 0x66, 0x66, 0x66, 0x66, 0x66, 0x66, 0x66, 0x66, 0x67, 0x77, 
	0x77, 0x77, 0x77, 0x88, 0x88, 0x89, 0x99, 0x99, 0x99, 0xAA, 0xAA, 0xAA, 0xAA, 0xAA, 0xAA, 
	0xAA, 0xAB, 0xBB, 0xBB, 0xBB, 0xBB, 0xBB, 0xBB, 0xA9, 0x76, 0x55, 0x55, 0x66, 0x66, 0x77, 
	0x77, 0x88, 0x88, 0x99, 0x99, 0xAB, 0xBB, 0xCC, 0xCC, 0xCC, 0xCC, 0xCB, 0xBB, 0xBA, 0xAA, 
	0xA9, 0x99, 0x88, 0x87, 0x77, 0x66, 0x66, 0x65, 0x55, 0x55, 0x43, 0x33, 0x33, 0x44, 0x55, 
	0x55, 0x55, 0x55, 0x55, 0x55, 0x55, 0x55, 0x55, 0x55, 0x55, 0x55, 0x55, 0x55, 0x55, 0x55, 
	0x55, 0x55, 0x55, 0x55, 0x55, 0x55, 0x66, 0x77, 0x77, 0x77, 0x78, 0x88, 0x88, 0x88, 0x88, 
	0x88, 0x88, 0x88, 0x88, 0x88, 0x88, 0x87, 0x77, 0x77, 0x76, 0x54, 0x44, 0x33, 0x33, 0x33, 
	0x33, 0x33, 0x33, 0x33, 0x44, 0x44, 0x44, 0x45, 0x55, 0x55, 0x55, 0x55, 0x66, 0x66, 0x66, 
	0x22, 0x22, 0x22, 0x23, 0x32, 0x23, 0x33, 0x33, 0x44, 0x44, 0x56, 0x77, 0x77, 0x78, 0x88, 
	0x88, 0x88, 0x88, 0x88, 0x88, 0x88, 0x88, 0x87, 0x77, 0x77, 0x77, 0x77, 0x66, 0x66, 0x65, 
	0x55, 0x55, 0x55, 0x55, 0x55, 0x55, 0x55, 0x55, 0x55, 0x55, 0x55, 0x55, 0x55, 0x55, 0x55, 
	0x55, 0x55, 0x55, 0x55, 0x55, 0x55, 0x55, 0x44, 0x33, 0x44, 0x55, 0x55, 0x55, 0x55, 0x55, 
	0x55, 0x55, 0x55, 0x55, 0x55, 0x55, 0x55, 0x55, 0x55, 0x55, 0x55, 0x55, 0x55, 0x55, 0x55, 
	0x55, 0x55, 0x55, 0x55, 0x55, 0x55, 0x55, 0x55, 0x55, 0x55, 0x55, 0x55, 0x55, 0x55, 0x55, 
	0x55, 0x55, 0x55, 0x55, 0x55, 0x55, 0x55, 0x55, 0x56, 0x78, 0x99, 0x99, 0x99, 0x99, 0x99, 
	0x99, 0x99, 0x99, 0x99, 0x99, 0x99, 0x99, 0x99, 0x99, 0x99, 0x99, 0x99, 0x88, 0x88, 0x88, 
	0x88, 0x88, 0x88, 0x88, 0x88, 0x88, 0x88, 0x88, 0x88, 0x88, 0x88, 0x88, 0x87, 0x77, 0x77, 
	0x77, 0x76, 0x66, 0x66, 0x66, 0x66, 0x66, 0x66, 0x66, 0x66, 0x66, 0x66, 0x55, 0x55, 0x55, 
	0x55, 0x55, 0x55, 0x55, 0x55, 0x55, 0x55, 0x55, 0x55, 0x55, 0x55, 0x55, 0x55, 0x56, 0x66, 
	0x66, 0x66, 0x66, 0x66, 0x66, 0x66, 0x66, 0x66, 0x66, 0x66, 0x66, 0x66, 0x66, 0x66, 0x77, 
	0x77, 0x77, 0x77, 0x88, 0x88, 0x99, 0x99, 0x99, 0x99, 0xAA, 0xAA, 0xAA, 0xAA, 0xAA, 0xBB, 
	0xBB, 0xAB, 0xBB, 0xBB, 0xBB, 0xBB, 0xBB, 0xBB, 0xBA, 0x86, 0x55, 0x55, 0x66, 0x66, 0x77, 
	0x77, 0x88, 0x89, 0x99, 0x9A, 0xAB, 0xBB, 0xCC, 0xCC, 0xCC, 0xCC, 0xCC, 0xBB, 0xBA, 0xAA, 
	0xA9, 0x99, 0x88, 0x88, 0x77, 0x67, 0x76, 0x66, 0x55, 0x55, 0x43, 0x33, 0x33, 0x44, 0x55, 
	0x55, 0x55, 0x55, 0x55, 0x55, 0x54, 0x44, 0x44, 0x44, 0x44, 0x44, 0x44, 0x44, 0x45, 0x55, 
	0x55, 0x55, 0x55, 0x55, 0x55, 0x55, 0x66, 0x77, 0x77, 0x77, 0x78, 0x88, 0x88, 0x88, 0x88, 
	0x88, 0x88, 0x88, 0x88, 0x88, 0x88, 0x87, 0x77, 0x77, 0x76, 0x54, 0x44, 0x33, 0x33, 0x33, 
	0x33, 0x33, 0x33, 0x33, 0x44, 0x44, 0x44, 0x44, 0x55, 0x55, 0x55, 0x55, 0x66, 0x66, 0x66, 
	0x22, 0x22, 0x22, 0x33, 0x33, 0x33, 0x33, 0x33, 0x44, 0x44, 0x56, 0x77, 0x77, 0x88, 0x88, 
	0x88, 0x88, 0x89, 0x99, 0x88, 0x88, 0x88, 0x88, 0x87, 0x77, 0x77, 0x77, 0x76, 0x66, 0x66, 
	0x55, 0x55, 0x55, 0x55, 0x55, 0x55, 0x55, 0x55, 0x55, 0x55, 0x55, 0x55, 0x55, 0x55, 0x55, 
	0x55, 0x55, 0x55, 0x55, 0x55, 0x55, 0x55, 0x44, 0x33, 0x34, 0x55, 0x55, 0x55, 0x55, 0x55, 
	0x55, 0x55, 0x55, 0x55, 0x55, 0x55, 0x55, 0x55, 0x55, 0x55, 0x55, 0x55, 0x55, 0x55, 0x55, 
	0x55, 0x55, 0x55, 0x55, 0x55, 0x55, 0x55, 0x55, 0x55, 0x55, 0x55, 0x55, 0x55, 0x55, 0x55, 
	0x55, 0x55, 0x55, 0x55, 0x55, 0x55, 0x55, 0x55, 0x56, 0x78, 0x99, 0x99, 0x99, 0x99, 0x99, 
	0x99, 0x99, 0x99, 0x99, 0x99, 0x99, 0x99, 0x99, 0x99, 0x99, 0x99, 0x98, 0x88, 0x88, 0x88, 
	0x88, 0x88, 0x88, 0x88, 0x88, 0x88, 0x88, 0x88, 0x88, 0x88, 0x88, 0x88, 0x87, 0x77, 0x77, 
	0x77, 0x77, 0x66, 0x66, 0x66, 0x66, 0x66, 0x66, 0x66, 0x66, 0x66, 0x66, 0x55, 0x55, 0x55, 
	0x55, 0x55, 0x55, 0x55, 0x55, 0x55, 0x55, 0x55, 0x55, 0x55, 0x55, 0x55, 0x55, 0x66, 0x66, 
	0x66, 0x66, 0x66, 0x66, 0x66, 0x66, 0x66, 0x66, 0x66, 0x66, 0x66, 0x66, 0x66, 0x66, 0x77, 
	0x77, 0x77, 0x77, 0x88, 0x88, 0x99, 0x99, 0x99, 0x9A, 0xAA, 0xAA, 0xAA, 0xAA, 0xAA, 0xBB, 
	0xBB, 0xAB, 0xBB, 0xBB, 0xBB, 0xBB, 0xBB, 0xBB, 0xBB, 0x97, 0x65, 0x56, 0x66, 0x66, 0x77, 
	0x77, 0x88, 0x89, 0x99, 0xAA, 0xAB, 0xBB, 0xCC, 0xCC, 0xCC, 0xCC, 0xCC, 0xCB, 0xBB, 0xBA, 
	0xA9, 0x98, 0x88, 0x88, 0x87, 0x77, 0x76, 0x66, 0x55, 0x55, 0x43, 0x33, 0x33, 0x44, 0x55, 
	0x55, 0x55, 0x55, 0x44, 0x44, 0x44, 0x43, 0x33, 0x33, 0x33, 0x33, 0x34, 0x44, 0x44, 0x45, 
	0x55, 0x55, 0x54, 0x44, 0x44, 0x55, 0x66, 0x77, 0x77, 0x77, 0x77, 0x88, 0x88, 0x88, 0x88, 
	0x88, 0x88, 0x88, 0x88, 0x88, 0x88, 0x87, 0x77, 0x77, 0x76, 0x54, 0x44, 0x33, 0x33, 0x33, 
	0x33, 0x33, 0x33, 0x33, 0x34, 0x44, 0x44, 0x44, 0x55, 0x55, 0x55, 0x55, 0x56, 0x66, 0x66, 
	0x22, 0x22, 0x22, 0x33, 0x33, 0x33, 0x33, 0x34, 0x44, 0x44, 0x56, 0x77, 0x77, 0x88, 0x99, 
	0x98, 0x99, 0x99, 0x99, 0x98, 0x99, 0x88, 0x88, 0x88, 0x77, 0x77, 0x77, 0x76, 0x66, 0x65, 
	0x55, 0x55, 0x55, 0x55, 0x55, 0x55, 0x55, 0x55, 0x55, 0x55, 0x55, 0x55, 0x55, 0x55, 0x55, 
	0x55, 0x55, 0x55, 0x55, 0x55, 0x55, 0x55, 0x54, 0x33, 0x34, 0x55, 0x55, 0x55, 0x55, 0x55, 
	0x55, 0x55, 0x55, 0x55, 0x55, 0x55, 0x55, 0x55, 0x55, 0x55, 0x55, 0x55, 0x55, 0x55, 0x55, 
	0x55, 0x55, 0x55, 0x55, 0x55, 0x55, 0x55, 0x55, 0x55, 0x55, 0x55, 0x55, 0x55, 0x55, 0x55, 
	0x55, 0x55, 0x55, 0x55, 0x55, 0x55, 0x55, 0x55, 0x56, 0x78, 0x99, 0x99, 0x99, 0x99, 0x99, 
	0x99, 0x99, 0x99, 0x99, 0x99, 0x99, 0x99, 0x99, 0x99, 0x99, 0x99, 0x98, 0x88, 0x88, 0x88, 
	0x88, 0x88, 0x88, 0x88, 0x88, 0x88, 0x88, 0x88, 0x88, 0x88, 0x88, 0x88, 0x77, 0x77, 0x77, 
	0x77, 0x77, 0x76, 0x66, 0x66, 0x66, 0x66, 0x66, 0x66, 0x66, 0x66, 0x55, 0x55, 0x55, 0x55, 
	0x55, 0x55, 0x55, 0x55, 0x55, 0x55, 0x55, 0x55, 0x55, 0x55, 0x55, 0x55, 0x55, 0x66, 0x66, 
	0x66, 0x66, 0x66, 0x66, 0x66, 0x66, 0x66, 0x66, 0x66, 0x66, 0x66, 0x66, 0x66, 0x66, 0x77, 
	0x77, 0x77, 0x78, 0x88, 0x88, 0x99, 0x99, 0x99, 0x9A, 0xAA, 0xAA, 0xAA, 0xAA, 0xAA, 0xBB, 
	0xBB, 0xBB, 0xBB, 0xBB, 0xBB, 0xBB, 0xBB, 0xBB, 0xBB, 0xA9, 0x76, 0x56, 0x66, 0x66, 0x77, 
	0x77, 0x78, 0x89, 0x99, 0xAA, 0xAB, 0xBB, 0xCC, 0xCC, 0xCC, 0xCC, 0xCC, 0xCC, 0xBB, 0xBA, 
	0xA9, 0x98, 0x88, 0x88, 0x87, 0x77, 0x76, 0x66, 0x65, 0x55, 0x43, 0x33, 0x33, 0x44, 0x55, 
	0x55, 0x54, 0x44, 0x44, 0x33, 0x33, 0x33, 0x33, 0x33, 0x33, 0x33, 0x33, 0x33, 0x34, 0x44, 
	0x55, 0x55, 0x44, 0x44, 0x44, 0x55, 0x56, 0x77, 0x77, 0x77, 0x77, 0x88, 0x88, 0x88, 0x88, 
	0x88, 0x88, 0x88, 0x88, 0x88, 0x88, 0x77, 0x77, 0x77, 0x76, 0x54, 0x44, 0x33, 0x33, 0x33, 
	0x33, 0x33, 0x33, 0x33, 0x33, 0x44, 0x44, 0x44, 0x45, 0x55, 0x55, 0x55, 0x56, 0x66, 0x66, 
	0x22, 0x22, 0x22, 0x33, 0x33, 0x33, 0x33, 0x44, 0x44, 0x55, 0x56, 0x78, 0x88, 0x99, 0x9A, 
	0xAA, 0x9A, 0xA9, 0x99, 0x99, 0x99, 0x99, 0x88, 0x88, 0x88, 0x77, 0x77, 0x76, 0x66, 0x65, 
	0x55, 0x55, 0x55, 0x55, 0x55, 0x55, 0x55, 0x55, 0x55, 0x55, 0x55, 0x55, 0x55, 0x55, 0x55, 
	0x55, 0x55, 0x55, 0x55, 0x55, 0x55, 0x55, 0x54, 0x43, 0x34, 0x55, 0x55, 0x55, 0x55, 0x55, 
	0x55, 0x55, 0x55, 0x55, 0x55, 0x55, 0x55, 0x55, 0x55, 0x55, 0x55, 0x55, 0x55, 0x55, 0x55, 
	0x55, 0x55, 0x55, 0x55, 0x55, 0x55, 0x55, 0x55, 0x55, 0x55, 0x55, 0x55, 0x55, 0x55, 0x55, 
	0x55, 0x55, 0x55, 0x55, 0x55, 0x55, 0x55, 0x55, 0x57, 0x89, 0x99, 0x99, 0x99, 0x99, 0x99, 
	0x99, 0x99, 0x99, 0x99, 0x99, 0x99, 0x99, 0x99, 0x99, 0x99, 0x99, 0x98, 0x88, 0x88, 0x88, 
	0x88, 0x88, 0x88, 0x88, 0x88, 0x88, 0x88, 0x88, 0x88, 0x88, 0x88, 0x88, 0x87, 0x77, 0x77, 
	0x77, 0x77, 0x76, 0x66, 0x66, 0x66, 0x66, 0x66, 0x66, 0x66, 0x65, 0x55, 0x55, 0x55, 0x55, 
	0x55, 0x55, 0x55, 0x55, 0x55, 0x55, 0x55, 0x55, 0x55, 0x55, 0x55, 0x55, 0x55, 0x66, 0x66, 
	0x66, 0x66, 0x66, 0x66, 0x66, 0x66, 0x66, 0x66, 0x66, 0x66, 0x66, 0x66, 0x66, 0x67, 0x77, 
	0x77, 0x77, 0x78, 0x88, 0x89, 0x99, 0x99, 0x99, 0xAA, 0xAA, 0xAA, 0xAA, 0xAA, 0xAB, 0xBB, 
	0xBB, 0xBB, 0xBB, 0xBB, 0xBB, 0xBB, 0xBB, 0xBB, 0xBC, 0xBA, 0x86, 0x66, 0x66, 0x66, 0x77, 
	0x77, 0x78, 0x88, 0x99, 0xAA, 0xAB, 0xBC, 0xCC, 0xCC, 0xCC, 0xCC, 0xCC, 0xCC, 0xBB, 0xBA, 
	0xA9, 0x99, 0x88, 0x87, 0x77, 0x77, 0x76, 0x66, 0x65, 0x55, 0x43, 0x33, 0x33, 0x44, 0x55, 
	0x54, 0x44, 0x43, 0x33, 0x33, 0x33, 0x33, 0x33, 0x33, 0x33, 0x33, 0x33, 0x33, 0x33, 0x34, 
	0x44, 0x44, 0x44, 0x44, 0x44, 0x55, 0x56, 0x77, 0x77, 0x77, 0x88, 0x88, 0x88, 0x88, 0x88, 
	0x88, 0x88, 0x88, 0x88, 0x88, 0x88, 0x77, 0x77, 0x77, 0x65, 0x44, 0x44, 0x33, 0x33, 0x33, 
	0x33, 0x33, 0x33, 0x33, 0x33, 0x34, 0x44, 0x44, 0x45, 0x55, 0x55, 0x55, 0x55, 0x66, 0x66, 
	0x22, 0x22, 0x22, 0x22, 0x22, 0x23, 0x33, 0x44, 0x44, 0x55, 0x56, 0x78, 0x9A, 0xAA, 0xAB, 
	0xBB, 0xAB, 0xAA, 0xAA, 0xA9, 0x99, 0x99, 0x99, 0x88, 0x88, 0x77, 0x77, 0x76, 0x76, 0x65, 
	0x55, 0x65, 0x55, 0x55, 0x55, 0x55, 0x55, 0x55, 0x55, 0x55, 0x55, 0x55, 0x55, 0x55, 0x55, 
	0x55, 0x55, 0x55, 0x55, 0x55, 0x55, 0x55, 0x54, 0x43, 0x34, 0x45, 0x55, 0x55, 0x55, 0x55, 
	0x55, 0x55, 0x55, 0x55, 0x55, 0x55, 0x55, 0x55, 0x55, 0x55, 0x55, 0x55, 0x55, 0x55, 0x55, 
	0x55, 0x55, 0x55, 0x55, 0x55, 0x55, 0x55, 0x55, 0x55, 0x55, 0x55, 0x55, 0x55, 0x55, 0x55, 
	0x55, 0x55, 0x55, 0x55, 0x55, 0x55, 0x55, 0x45, 0x67, 0x89, 0x99, 0x99, 0x99, 0x99, 0x99, 
	0x99, 0x99, 0x99, 0x99, 0x99, 0x99, 0x99, 0x99, 0x99, 0x99, 0x99, 0x98, 0x88, 0x88, 0x88, 
	0x88, 0x88, 0x88, 0x88, 0x88, 0x88, 0x88, 0x88, 0x88, 0x88, 0x88, 0x88, 0x87, 0x77, 0x77, 
	0x77, 0x77, 0x76, 0x66, 0x66, 0x66, 0x66, 0x66, 0x66, 0x66, 0x65, 0x55, 0x55, 0x55, 0x55, 
	0x55, 0x55, 0x55, 0x55, 0x55, 0x56, 0x55, 0x55, 0x55, 0x56, 0x55, 0x55, 0x55, 0x56, 0x55, 
	0x55, 0x66, 0x66, 0x66, 0x66, 0x66, 0x66, 0x66, 0x66, 0x66, 0x66, 0x66, 0x66, 0x67, 0x77, 
	0x77, 0x78, 0x88, 0x88, 0x99, 0x99, 0x99, 0x99, 0xAA, 0xAA, 0xAA, 0xAA, 0xAA, 0xAB, 0xBB, 
	0xBB, 0xBB, 0xBB, 0xBB, 0xBB, 0xBB, 0xBB, 0xBB, 0xBB, 0xCB, 0x97, 0x66, 0x66, 0x66, 0x77, 
	0x77, 0x88, 0x88, 0x99, 0xAA, 0xAB, 0xCC, 0xCC, 0xCC, 0xCC, 0xCC, 0xCC, 0xCC, 0xCB, 0xBB, 
	0xA9, 0x99, 0x88, 0x88, 0x77, 0x77, 0x76, 0x66, 0x66, 0x55, 0x43, 0x33, 0x33, 0x44, 0x44, 
	0x44, 0x33, 0x33, 0x33, 0x33, 0x33, 0x33, 0x33, 0x33, 0x33, 0x33, 0x33, 0x33, 0x33, 0x33, 
	0x44, 0x44, 0x44, 0x44, 0x44, 0x55, 0x56, 0x77, 0x77, 0x77, 0x88, 0x88, 0x88, 0x88, 0x88, 
	0x88, 0x88, 0x88, 0x88, 0x88, 0x88, 0x77, 0x77, 0x77, 0x64, 0x44, 0x43, 0x33, 0x33, 0x33, 
	0x33, 0x33, 0x33, 0x33, 0x33, 0x33, 0x44, 0x44, 0x45, 0x55, 0x55, 0x55, 0x55, 0x56, 0x66, 
	0x22, 0x22, 0x22, 0x33, 0x33, 0x33, 0x34, 0x44, 0x44, 0x45, 0x67, 0x9A, 0xAB, 0xBB, 0xBB, 
	0xBB, 0xBB, 0xBB, 0xBB, 0xBA, 0xAA, 0xA9, 0x99, 0x98, 0x88, 0x87, 0x77, 0x77, 0x76, 0x66, 
	0x56, 0x65, 0x55, 0x55, 0x55, 0x55, 0x55, 0x55, 0x55, 0x55, 0x55, 0x55, 0x55, 0x55, 0x55, 
	0x55, 0x55, 0x55, 0x55, 0x55, 0x55, 0x55, 0x54, 0x43, 0x34, 0x45, 0x55, 0x55, 0x55, 0x55, 
	0x55, 0x55, 0x55, 0x55, 0x55, 0x55, 0x55, 0x55, 0x55, 0x55, 0x55, 0x55, 0x55, 0x55, 0x55, 
	0x55, 0x55, 0x55, 0x55, 0x55, 0x55, 0x55, 0x55, 0x55, 0x55, 0x55, 0x55, 0x55, 0x55, 0x55, 
	0x55, 0x55, 0x55, 0x55, 0x55, 0x55, 0x55, 0x55, 0x67, 0x89, 0x99, 0x99, 0x99, 0x99, 0x99, 
	0x99, 0x99, 0x99, 0x99, 0x99, 0x99, 0x99, 0x99, 0x99, 0x99, 0x99, 0x98, 0x88, 0x88, 0x88, 
	0x88, 0x88, 0x88, 0x88, 0x88, 0x88, 0x88, 0x88, 0x88, 0x88, 0x88, 0x88, 0x87, 0x77, 0x77, 
	0x77, 0x77, 0x76, 0x66, 0x66, 0x66, 0x66, 0x66, 0x66, 0x66, 0x66, 0x55, 0x55, 0x65, 0x55, 
	0x65, 0x56, 0x55, 0x55, 0x55, 0x55, 0x55, 0x55, 0x56, 0x65, 0x55, 0x55, 0x66, 0x66, 0x66, 
	0x66, 0x66, 0x66, 0x66, 0x66, 0x66, 0x66, 0x66, 0x66, 0x66, 0x66, 0x66, 0x66, 0x67, 0x77, 
	0x77, 0x78, 0x88, 0x88, 0x99, 0x99, 0x99, 0x9A, 0xAA, 0xAA, 0xAA, 0xAA, 0xAB, 0xBB, 0xBB, 
	0xBB, 0xBB, 0xBB, 0xBB, 0xBB, 0xBB, 0xBB, 0xBB, 0xBB, 0xCC, 0xA9, 0x77, 0x66, 0x66, 0x77, 
	0x77, 0x78, 0x89, 0x99, 0xAA, 0xBB, 0xCC, 0xCC, 0xCC, 0xCC, 0xCC, 0xCC, 0xCC, 0xCC, 0xBB, 
	0xAA, 0x99, 0x88, 0x87, 0x77, 0x77, 0x66, 0x66, 0x65, 0x55, 0x43, 0x33, 0x33, 0x44, 0x43, 
	0x33, 0x33, 0x33, 0x33, 0x33, 0x33, 0x33, 0x33, 0x33, 0x33, 0x33, 0x33, 0x33, 0x33, 0x33, 
	0x34, 0x44, 0x44, 0x44, 0x44, 0x45, 0x56, 0x67, 0x77, 0x77, 0x88, 0x88, 0x88, 0x88, 0x88, 
	0x88, 0x88, 0x88, 0x88, 0x88, 0x88, 0x77, 0x77, 0x76, 0x55, 0x44, 0x33, 0x33, 0x33, 0x33, 
	0x33, 0x33, 0x33, 0x33, 0x33, 0x33, 0x44, 0x44, 0x45, 0x55, 0x55, 0x55, 0x55, 0x56, 0x66, 
	0x22, 0x22, 0x22, 0x33, 0x33, 0x33, 0x34, 0x44, 0x44, 0x55, 0x79, 0xAB, 0xBB, 0xBB, 0xBB, 
	0xBB, 0xBB, 0xBB, 0xBB, 0xBB, 0xBB, 0xAA, 0xA9, 0x99, 0x88, 0x88, 0x77, 0x77, 0x76, 0x66, 
	0x66, 0x65, 0x55, 0x55, 0x55, 0x55, 0x55, 0x55, 0x55, 0x55, 0x55, 0x55, 0x55, 0x55, 0x55, 
	0x55, 0x55, 0x55, 0x55, 0x55, 0x55, 0x55, 0x54, 0x43, 0x34, 0x45, 0x55, 0x55, 0x55, 0x55, 
	0x55, 0x55, 0x55, 0x55, 0x55, 0x55, 0x55, 0x55, 0x55, 0x55, 0x55, 0x55, 0x55, 0x55, 0x55, 
	0x55, 0x55, 0x55, 0x55, 0x55, 0x55, 0x55, 0x55, 0x55, 0x55, 0x55, 0x55, 0x55, 0x55, 0x55, 
	0x55, 0x55, 0x55, 0x55, 0x55, 0x55, 0x55, 0x55, 0x67, 0x89, 0x99, 0x99, 0x99, 0x99, 0x99, 
	0x99, 0x99, 0x99, 0x99, 0x99, 0x99, 0x99, 0x99, 0x99, 0x99, 0x99, 0x98, 0x88, 0x88, 0x88, 
	0x88, 0x88, 0x88, 0x88, 0x88, 0x88, 0x88, 0x88, 0x88, 0x88, 0x88, 0x88, 0x87, 0x77, 0x77, 
	0x77, 0x77, 0x76, 0x66, 0x66, 0x66, 0x66, 0x66, 0x66, 0x66, 0x66, 0x55, 0x55, 0x55, 0x55, 
	0x55, 0x55, 0x55, 0x55, 0x56, 0x66, 0x55, 0x55, 0x66, 0x66, 0x66, 0x66, 0x66, 0x66, 0x66, 
	0x66, 0x66, 0x66, 0x66, 0x66, 0x66, 0x66, 0x66, 0x66, 0x66, 0x66, 0x66, 0x67, 0x77, 0x77, 
	0x77, 0x78, 0x88, 0x88, 0x99, 0x99, 0x99, 0xAA, 0xAA, 0xAA, 0xAA, 0xAA, 0xAB, 0xBB, 0xBB, 
	0xBB, 0xBB, 0xBB, 0xBB, 0xBB, 0xBB, 0xBB, 0xBB, 0xBC, 0xCC, 0xBA, 0x97, 0x66, 0x66, 0x67, 
	0x77, 0x78, 0x89, 0x99, 0xAA, 0xAB, 0xCC, 0xCC, 0xCC, 0xCC, 0xCC, 0xCC, 0xCC, 0xBB, 0xCB, 
	0xBA, 0x99, 0x88, 0x87, 0x77, 0x77, 0x66, 0x66, 0x65, 0x54, 0x43, 0x33, 0x33, 0x34, 0x33, 
	0x33, 0x33, 0x33, 0x33, 0x33, 0x33, 0x33, 0x34, 0x34, 0x44, 0x43, 0x33, 0x33, 0x33, 0x33, 
	0x33, 0x44, 0x44, 0x44, 0x44, 0x45, 0x56, 0x67, 0x77, 0x77, 0x78, 0x88, 0x88, 0x88, 0x88, 
	0x88, 0x88, 0x88, 0x88, 0x88, 0x88, 0x77, 0x77, 0x65, 0x54, 0x44, 0x33, 0x33, 0x33, 0x33, 
	0x33, 0x33, 0x33, 0x33, 0x33, 0x33, 0x44, 0x44, 0x44, 0x55, 0x55, 0x55, 0x55, 0x55, 0x66, 
	0x22, 0x22, 0x22, 0x33, 0x33, 0x33, 0x34, 0x44, 0x44, 0x56, 0x9B, 0xBB, 0xBB, 0xBB, 0xBB, 
	0xBB, 0xBB, 0xBB, 0xBB, 0xBB, 0xBB, 0xBB, 0xAA, 0xA9, 0x98, 0x88, 0x77, 0x77, 0x76, 0x66, 
	0x66, 0x65, 0x55, 0x55, 0x55, 0x55, 0x55, 0x55, 0x55, 0x55, 0x55, 0x55, 0x55, 0x55, 0x55, 
	0x55, 0x55, 0x55, 0x55, 0x55, 0x55, 0x55, 0x54, 0x43, 0x34, 0x45, 0x55, 0x55, 0x55, 0x55, 
	0x55, 0x55, 0x55, 0x55, 0x55, 0x55, 0x55, 0x55, 0x55, 0x55, 0x55, 0x55, 0x55, 0x55, 0x55, 
	0x55, 0x55, 0x55, 0x55, 0x55, 0x55, 0x55, 0x55, 0x55, 0x55, 0x55, 0x55, 0x55, 0x55, 0x55, 
	0x55, 0x55, 0x55, 0x55, 0x55, 0x55, 0x55, 0x55, 0x68, 0x99, 0x99, 0x99, 0x99, 0x99, 0x99, 
	0x99, 0x99, 0x99, 0x99, 0x99, 0x99, 0x99, 0x99, 0x99, 0x99, 0x99, 0x98, 0x88, 0x88, 0x88, 
	0x88, 0x88, 0x88, 0x88, 0x88, 0x88, 0x88, 0x88, 0x88, 0x88, 0x88, 0x88, 0x87, 0x77, 0x77, 
	0x77, 0x77, 0x77, 0x66, 0x66, 0x66, 0x66, 0x66, 0x66, 0x66, 0x66, 0x66, 0x66, 0x56, 0x66, 
	0x66, 0x66, 0x66, 0x65, 0x66, 0x65, 0x55, 0x55, 0x56, 0x66, 0x77, 0x76, 0x66, 0x66, 0x66, 
	0x66, 0x66, 0x66, 0x66, 0x66, 0x66, 0x66, 0x66, 0x66, 0x66, 0x66, 0x66, 0x77, 0x77, 0x77, 
	0x77, 0x88, 0x88, 0x88, 0x99, 0x99, 0x99, 0xAA, 0xAA, 0xAA, 0xAA, 0xAA, 0xAB, 0xBB, 0xBB, 
	0xBB, 0xBB, 0xBB, 0xBB, 0xBB, 0xBB, 0xBB, 0xBC, 0xCC, 0xCC, 0xCB, 0xA8, 0x66, 0x66, 0x67, 
	0x77, 0x78, 0x89, 0x99, 0xAA, 0xAB, 0xCC, 0xCC, 0xCC, 0xCC, 0xCC, 0xCC, 0xCB, 0xBB, 0xCB, 
	0xBB, 0xA9, 0x88, 0x87, 0x77, 0x76, 0x66, 0x66, 0x65, 0x54, 0x43, 0x33, 0x33, 0x33, 0x33, 
	0x33, 0x33, 0x33, 0x33, 0x44, 0x44, 0x44, 0x44, 0x44, 0x44, 0x44, 0x44, 0x44, 0x43, 0x33, 
	0x33, 0x33, 0x44, 0x44, 0x44, 0x44, 0x55, 0x67, 0x77, 0x77, 0x77, 0x88, 0x88, 0x88, 0x88, 
	0x88, 0x88, 0x88, 0x88, 0x88, 0x88, 0x77, 0x76, 0x55, 0x44, 0x44, 0x33, 0x33, 0x33, 0x33, 
	0x33, 0x33, 0x33, 0x33, 0x33, 0x33, 0x34, 0x44, 0x44, 0x45, 0x55, 0x55, 0x55, 0x55, 0x66, 
	0x22, 0x22, 0x23, 0x33, 0x33, 0x33, 0x34, 0x44, 0x44, 0x57, 0xAB, 0xBB, 0xBB, 0xBB, 0xBB, 
	0xBB, 0xBB, 0xBB, 0xCC, 0xCC, 0xCB, 0xBB, 0xBB, 0xAA, 0x99, 0x98, 0x87, 0x77, 0x66, 0x66, 
	0x66, 0x55, 0x55, 0x55, 0x55, 0x55, 0x55, 0x55, 0x55, 0x55, 0x55, 0x55, 0x55, 0x55, 0x55, 
	0x55, 0x55, 0x55, 0x55, 0x55, 0x55, 0x55, 0x54, 0x43, 0x33, 0x45, 0x55, 0x55, 0x55, 0x55, 
	0x55, 0x55, 0x55, 0x55, 0x55, 0x55, 0x55, 0x55, 0x55, 0x55, 0x55, 0x55, 0x55, 0x55, 0x55, 
	0x55, 0x55, 0x55, 0x55, 0x55, 0x55, 0x55, 0x55, 0x55, 0x55, 0x55, 0x55, 0x55, 0x55, 0x55, 
	0x55, 0x55, 0x55, 0x55, 0x55, 0x55, 0x55, 0x55, 0x68, 0x99, 0x99, 0x99, 0x99, 0x99, 0x99, 
	0x99, 0x99, 0x99, 0x99, 0x99, 0x99, 0x99, 0x99, 0x99, 0x99, 0x99, 0x98, 0x88, 0x88, 0x88, 
	0x88, 0x88, 0x88, 0x88, 0x88, 0x88, 0x88, 0x88, 0x88, 0x88, 0x88, 0x88, 0x87, 0x77, 0x77, 
	0x77, 0x77, 0x77, 0x66, 0x66, 0x66, 0x66, 0x66, 0x66, 0x66, 0x66, 0x66, 0x66, 0x66, 0x65, 
	0x55, 0x55, 0x55, 0x55, 0x55, 0x66, 0x66, 0x67, 0x78, 0x89, 0x9A, 0x98, 0x76, 0x66, 0x66, 
	0x66, 0x66, 0x66, 0x66, 0x66, 0x66, 0x66, 0x66, 0x66, 0x66, 0x66, 0x66, 0x77, 0x77, 0x77, 
	0x77, 0x88, 0x88, 0x89, 0x99, 0x99, 0x99, 0xAA, 0xAA, 0xAA, 0xAA, 0xAA, 0xAA, 0xBB, 0xBB, 
	0xBB, 0xBB, 0xBB, 0xBB, 0xBB, 0xBB, 0xBC, 0xCC, 0xCC, 0xCC, 0xCC, 0xB9, 0x76, 0x66, 0x67, 
	0x77, 0x88, 0x88, 0x99, 0x9A, 0xAB, 0xBC, 0xCC, 0xCC, 0xCC, 0xCC, 0xCC, 0xCB, 0xBB, 0xBB, 
	0xBB, 0xA9, 0x88, 0x87, 0x77, 0x76, 0x66, 0x66, 0x65, 0x54, 0x43, 0x33, 0x33, 0x33, 0x33, 
	0x33, 0x33, 0x33, 0x44, 0x44, 0x44, 0x44, 0x55, 0x44, 0x55, 0x54, 0x44, 0x44, 0x44, 0x43, 
	0x33, 0x33, 0x34, 0x44, 0x44, 0x44, 0x55, 0x67, 0x77, 0x77, 0x77, 0x88, 0x88, 0x88, 0x88, 
	0x88, 0x88, 0x88, 0x88, 0x88, 0x87, 0x77, 0x65, 0x54, 0x44, 0x44, 0x33, 0x33, 0x33, 0x33, 
	0x33, 0x33, 0x33, 0x33, 0x33, 0x33, 0x34, 0x44, 0x44, 0x45, 0x55, 0x55, 0x55, 0x55, 0x66, 
	0x22, 0x22, 0x23, 0x33, 0x33, 0x33, 0x33, 0x44, 0x44, 0x68, 0xAB, 0xBB, 0xBB, 0xBB, 0xBC, 
	0xCC, 0xCC, 0xCC, 0xCC, 0xCC, 0xBC, 0xCB, 0xBB, 0xBB, 0xAA, 0x98, 0x87, 0x77, 0x66, 0x66, 
	0x66, 0x55, 0x55, 0x55, 0x55, 0x55, 0x55, 0x55, 0x55, 0x55, 0x55, 0x55, 0x55, 0x55, 0x55, 
	0x55, 0x55, 0x55, 0x55, 0x55, 0x55, 0x55, 0x54, 0x43, 0x33, 0x45, 0x55, 0x55, 0x55, 0x55, 
	0x55, 0x55, 0x55, 0x55, 0x55, 0x55, 0x55, 0x55, 0x55, 0x55, 0x55, 0x55, 0x55, 0x55, 0x55, 
	0x55, 0x55, 0x55, 0x55, 0x55, 0x55, 0x55, 0x55, 0x55, 0x55, 0x55, 0x55, 0x55, 0x55, 0x55, 
	0x55, 0x55, 0x55, 0x55, 0x55, 0x55, 0x55, 0x55, 0x78, 0x99, 0x99, 0x99, 0x99, 0x99, 0x99, 
	0x99, 0x99, 0x99, 0x99, 0x99, 0x99, 0x99, 0x99, 0x99, 0x99, 0x99, 0x98, 0x88, 0x88, 0x88, 
	0x88, 0x88, 0x88, 0x88, 0x88, 0x88, 0x88, 0x88, 0x88, 0x88, 0x88, 0x88, 0x88, 0x77, 0x77, 
	0x77, 0x77, 0x77, 0x66, 0x66, 0x66, 0x66, 0x66, 0x66, 0x66, 0x66, 0x66, 0x66, 0x66, 0x66, 
	0x66, 0x55, 0x55, 0x55, 0x66, 0x77, 0x89, 0xBB, 0xCC, 0xCC, 0xDD, 0xB9, 0x76, 0x66, 0x66, 
	0x66, 0x66, 0x66, 0x66, 0x66, 0x66, 0x66, 0x66, 0x66, 0x66, 0x66, 0x66, 0x77, 0x77, 0x77, 
	0x78, 0x88, 0x88, 0x89, 0x99, 0x99, 0x99, 0xAA, 0xAA, 0xAA, 0xAA, 0xAA, 0xAA, 0xBB, 0xBB, 
	0xBB, 0xBB, 0xBB, 0xBB, 0xBB, 0xBB, 0xCC, 0xCC, 0xCC, 0xCC, 0xCC, 0xBA, 0x87, 0x66, 0x67, 
	0x78, 0x88, 0x88, 0x99, 0x99, 0xAB, 0xBB, 0xCC, 0xCC, 0xCC, 0xCC, 0xCC, 0xCC, 0xBB, 0xBB, 
	0xBB, 0xBA, 0x98, 0x87, 0x77, 0x76, 0x66, 0x66, 0x65, 0x54, 0x43, 0x33, 0x33, 0x33, 0x33, 
	0x33, 0x34, 0x44, 0x44, 0x55, 0x55, 0x55, 0x55, 0x55, 0x55, 0x55, 0x55, 0x55, 0x44, 0x44, 
	0x33, 0x33, 0x34, 0x44, 0x44, 0x44, 0x55, 0x67, 0x77, 0x77, 0x77, 0x78, 0x88, 0x88, 0x88, 
	0x88, 0x88, 0x88, 0x88, 0x88, 0x77, 0x76, 0x65, 0x54, 0x44, 0x44, 0x33, 0x33, 0x33, 0x33, 
	0x33, 0x33, 0x33, 0x33, 0x33, 0x33, 0x33, 0x44, 0x44, 0x45, 0x55, 0x55, 0x55, 0x55, 0x56, 
	0x22, 0x22, 0x33, 0x32, 0x33, 0x33, 0x34, 0x44, 0x45, 0x58, 0xAB, 0xBB, 0xBB, 0xBB, 0xBB, 
	0xBB, 0xBC, 0xCC, 0xCC, 0xCC, 0xCC, 0xCB, 0xBB, 0xBB, 0xAA, 0xA9, 0x88, 0x77, 0x66, 0x67, 
	0x66, 0x55, 0x55, 0x55, 0x55, 0x55, 0x55, 0x55, 0x55, 0x55, 0x55, 0x55, 0x55, 0x55, 0x55, 
	0x55, 0x55, 0x55, 0x55, 0x55, 0x55, 0x55, 0x54, 0x43, 0x33, 0x45, 0x55, 0x55, 0x55, 0x55, 
	0x55, 0x55, 0x55, 0x55, 0x55, 0x55, 0x55, 0x55, 0x55, 0x55, 0x55, 0x55, 0x55, 0x55, 0x55, 
	0x55, 0x55, 0x55, 0x55, 0x55, 0x55, 0x55, 0x55, 0x55, 0x55, 0x55, 0x55, 0x55, 0x55, 0x55, 
	0x55, 0x55, 0x55, 0x55, 0x55, 0x55, 0x55, 0x56, 0x78, 0x99, 0x99, 0x99, 0x99, 0x99, 0x99, 
	0x99, 0x99, 0x99, 0x99, 0x99, 0x99, 0x99, 0x99, 0x99, 0x99, 0x99, 0x98, 0x88, 0x88, 0x88, 
	0x88, 0x88, 0x88, 0x88, 0x88, 0x88, 0x88, 0x88, 0x88, 0x88, 0x88, 0x88, 0x88, 0x77, 0x77, 
	0x77, 0x77, 0x77, 0x66, 0x66, 0x66, 0x66, 0x66, 0x66, 0x66, 0x66, 0x66, 0x66, 0x55, 0x66, 
	0x65, 0x55, 0x66, 0x78, 0x99, 0xAB, 0xCD, 0xEF, 0xFF, 0xFF, 0xFE, 0xDB, 0x86, 0x66, 0x66, 
	0x66, 0x66, 0x66, 0x66, 0x66, 0x66, 0x66, 0x66, 0x66, 0x66, 0x66, 0x66, 0x77, 0x77, 0x77, 
	0x78, 0x88, 0x88, 0x89, 0x99, 0x99, 0x99, 0xAA, 0xAA, 0xAA, 0xAA, 0xAA, 0xAA, 0xBB, 0xBB, 
	0xBB, 0xBB, 0xBB, 0xBB, 0xBB, 0xBB, 0xCC, 0xCC, 0xCC, 0xCC, 0xCC, 0xCB, 0xA8, 0x76, 0x67, 
	0x77, 0x88, 0x88, 0x89, 0x99, 0xAB, 0xBB, 0xBC, 0xCC, 0xCC, 0xCC, 0xCC, 0xCB, 0xBB, 0xBB, 
	0xBB, 0xBB, 0x98, 0x87, 0x77, 0x76, 0x66, 0x66, 0x65, 0x54, 0x44, 0x33, 0x33, 0x33, 0x33, 
	0x44, 0x44, 0x55, 0x55, 0x55, 0x55, 0x55, 0x55, 0x55, 0x55, 0x55, 0x55, 0x55, 0x54, 0x44, 
	0x33, 0x33, 0x34, 0x44, 0x44, 0x44, 0x45, 0x66, 0x77, 0x77, 0x77, 0x78, 0x88, 0x88, 0x88, 
	0x88, 0x88, 0x88, 0x88, 0x87, 0x77, 0x65, 0x55, 0x55, 0x44, 0x44, 0x33, 0x33, 0x33, 0x33, 
	0x33, 0x33, 0x33, 0x33, 0x33, 0x33, 0x33, 0x44, 0x44, 0x44, 0x55, 0x55, 0x55, 0x55, 0x56, 
	0x22, 0x22, 0x33, 0x32, 0x33, 0x33, 0x44, 0x44, 0x55, 0x57, 0xAB, 0xBB, 0xBB, 0xBB, 0xBC, 
	0xCC, 0xCC, 0xCC, 0xCC, 0xCC, 0xCC, 0xCC, 0xBB, 0xBB, 0xBB, 0xBA, 0x99, 0x88, 0x77, 0x66, 
	0x66, 0x55, 0x55, 0x55, 0x55, 0x55, 0x55, 0x55, 0x55, 0x55, 0x55, 0x55, 0x55, 0x55, 0x55, 
	0x55, 0x55, 0x55, 0x55, 0x55, 0x55, 0x55, 0x54, 0x43, 0x33, 0x45, 0x55, 0x55, 0x55, 0x55, 
	0x55, 0x55, 0x55, 0x55, 0x55, 0x55, 0x55, 0x55, 0x55, 0x55, 0x55, 0x55, 0x55, 0x55, 0x55, 
	0x55, 0x55, 0x55, 0x55, 0x55, 0x55, 0x55, 0x55, 0x55, 0x55, 0x55, 0x55, 0x55, 0x55, 0x55, 
	0x55, 0x55, 0x55, 0x55, 0x55, 0x55, 0x55, 0x56, 0x78, 0x99, 0x99, 0x99, 0x99, 0x99, 0x99, 
	0x99, 0x99, 0x99, 0x99, 0x99, 0x99, 0x99, 0x99, 0x99, 0x99, 0x99, 0x98, 0x88, 0x88, 0x88, 
	0x88, 0x88, 0x88, 0x88, 0x88, 0x88, 0x88, 0x88, 0x88, 0x88, 0x88, 0x88, 0x88, 0x77, 0x77, 
	0x77, 0x77, 0x77, 0x66, 0x66, 0x66, 0x66, 0x66, 0x66, 0x66, 0x66, 0x66, 0x66, 0x66, 0x66, 
	0x55, 0x66, 0x78, 0xAB, 0xDD, 0xEE, 0xEF, 0xFF, 0xFF, 0xFF, 0xFF, 0xEC, 0xA7, 0x66, 0x66, 
	0x66, 0x66, 0x66, 0x66, 0x66, 0x66, 0x66, 0x66, 0x66, 0x66, 0x66, 0x66, 0x77, 0x77, 0x77, 
	0x88, 0x88, 0x88, 0x99, 0x99, 0x99, 0x99, 0xAA, 0xAA, 0xAA, 0xAA, 0xAA, 0xAA, 0xBB, 0xBB, 
	0xBB, 0xBB, 0xBB, 0xBB, 0xBB, 0xBB, 0xCC, 0xCC, 0xCC, 0xCC, 0xCC, 0xCC, 0xB9, 0x86, 0x67, 
	0x77, 0x77, 0x88, 0x89, 0x99, 0x9A, 0xAB, 0xBC, 0xCC, 0xCC, 0xCC, 0xCC, 0xBB, 0xBB, 0xBB, 
	0xBB, 0xBB, 0xA9, 0x87, 0x77, 0x66, 0x66, 0x65, 0x55, 0x44, 0x44, 0x33, 0x33, 0x34, 0x44, 
	0x44, 0x55, 0x55, 0x55, 0x55, 0x55, 0x55, 0x55, 0x55, 0x55, 0x55, 0x55, 0x55, 0x55, 0x54, 
	0x43, 0x33, 0x34, 0x44, 0x44, 0x44, 0x45, 0x56, 0x77, 0x77, 0x77, 0x77, 0x77, 0x88, 0x88, 
	0x88, 0x88, 0x88, 0x77, 0x77, 0x66, 0x55, 0x55, 0x55, 0x44, 0x43, 0x33, 0x33, 0x33, 0x33, 
	0x33, 0x33, 0x33, 0x33, 0x33, 0x33, 0x33, 0x34, 0x44, 0x44, 0x55, 0x55, 0x55, 0x55, 0x56, 
	0x22, 0x22, 0x33, 0x32, 0x33, 0x34, 0x44, 0x45, 0x54, 0x57, 0xAB, 0xBB, 0xBB, 0xBC, 0xCC, 
	0xCC, 0xCC, 0xCC, 0xCC, 0xCC, 0xCC, 0xCB, 0xBB, 0xBB, 0xBB, 0xBB, 0xAA, 0x98, 0x87, 0x66, 
	0x66, 0x56, 0x55, 0x55, 0x55, 0x55, 0x55, 0x55, 0x55, 0x55, 0x55, 0x55, 0x55, 0x55, 0x55, 
	0x55, 0x55, 0x55, 0x55, 0x55, 0x55, 0x55, 0x54, 0x43, 0x33, 0x45, 0x55, 0x55, 0x55, 0x55, 
	0x55, 0x55, 0x55, 0x55, 0x55, 0x55, 0x55, 0x55, 0x55, 0x55, 0x55, 0x55, 0x55, 0x55, 0x55, 
	0x55, 0x55, 0x55, 0x55, 0x55, 0x55, 0x55, 0x55, 0x55, 0x55, 0x55, 0x55, 0x55, 0x55, 0x55, 
	0x55, 0x55, 0x55, 0x55, 0x55, 0x55, 0x55, 0x56, 0x79, 0x99, 0x99, 0x99, 0x99, 0x99, 0x99, 
	0x99, 0x99, 0x99, 0x99, 0x99, 0x99, 0x99, 0x99, 0x99, 0x99, 0x99, 0x98, 0x88, 0x88, 0x88, 
	0x88, 0x88, 0x88, 0x88, 0x88, 0x88, 0x88, 0x88, 0x88, 0x88, 0x88, 0x88, 0x88, 0x77, 0x77, 
	0x77, 0x77, 0x77, 0x66, 0x66, 0x66, 0x66, 0x66, 0x66, 0x66, 0x66, 0x66, 0x66, 0x65, 0x66, 
	0x67, 0x8A, 0xBC, 0xDE, 0xFF, 0xFF, 0xFF, 0xFF, 0xFF, 0xFF, 0xFF, 0xFD, 0xB8, 0x66, 0x66, 
	0x66, 0x66, 0x66, 0x66, 0x66, 0x66, 0x66, 0x66, 0x66, 0x66, 0x66, 0x67, 0x77, 0x77, 0x78, 
	0x88, 0x88, 0x88, 0x99, 0x99, 0x99, 0x99, 0xAA, 0xAA, 0xAA, 0xAA, 0xAA, 0xAA, 0xBB, 0xBB, 
	0xBB, 0xBB, 0xBB, 0xBB, 0xBB, 0xBB, 0xCC, 0xCC, 0xCC, 0xCC, 0xCC, 0xCC, 0xCA, 0x97, 0x67, 
	0x77, 0x77, 0x78, 0x89, 0x99, 0x9A, 0xAB, 0xBB, 0xBC, 0xCC, 0xCC, 0xCB, 0xBB, 0xBB, 0xBB, 
	0xBB, 0xAA, 0x98, 0x87, 0x76, 0x66, 0x66, 0x55, 0x44, 0x44, 0x34, 0x33, 0x33, 0x44, 0x44, 
	0x45, 0x55, 0x55, 0x55, 0x55, 0x55, 0x55, 0x55, 0x55, 0x55, 0x55, 0x55, 0x55, 0x55, 0x54, 
	0x43, 0x33, 0x33, 0x44, 0x44, 0x44, 0x45, 0x56, 0x77, 0x77, 0x77, 0x77, 0x77, 0x88, 0x88, 
	0x88, 0x88, 0x77, 0x77, 0x76, 0x65, 0x55, 0x55, 0x44, 0x44, 0x43, 0x33, 0x33, 0x33, 0x33, 
	0x33, 0x33, 0x33, 0x33, 0x33, 0x33, 0x33, 0x34, 0x44, 0x44, 0x45, 0x55, 0x55, 0x55, 0x56, 
	0x22, 0x22, 0x33, 0x33, 0x33, 0x33, 0x44, 0x44, 0x44, 0x57, 0x9B, 0xBB, 0xBB, 0xBC, 0xCC, 
	0xCC, 0xCC, 0xCC, 0xCC, 0xCC, 0xCC, 0xCC, 0xBB, 0xBB, 0xBB, 0xBB, 0xBB, 0xA9, 0x87, 0x66, 
	0x66, 0x66, 0x65, 0x55, 0x55, 0x55, 0x55, 0x55, 0x55, 0x55, 0x55, 0x55, 0x55, 0x55, 0x55, 
	0x55, 0x55, 0x55, 0x55, 0x55, 0x55, 0x55, 0x54, 0x43, 0x33, 0x45, 0x55, 0x55, 0x55, 0x55, 
	0x55, 0x55, 0x55, 0x55, 0x55, 0x55, 0x55, 0x55, 0x55, 0x55, 0x55, 0x55, 0x55, 0x55, 0x55, 
	0x55, 0x55, 0x55, 0x55, 0x55, 0x55, 0x55, 0x55, 0x55, 0x55, 0x55, 0x55, 0x55, 0x55, 0x55, 
	0x55, 0x55, 0x55, 0x55, 0x55, 0x55, 0x55, 0x56, 0x89, 0x99, 0x99, 0x99, 0x99, 0x99, 0x99, 
	0x99, 0x99, 0x99, 0x99, 0x99, 0x99, 0x99, 0x99, 0x99, 0x99, 0x99, 0x99, 0x88, 0x88, 0x88, 
	0x88, 0x88, 0x88, 0x88, 0x88, 0x88, 0x88, 0x88, 0x88, 0x88, 0x88, 0x88, 0x88, 0x77, 0x77, 
	0x77, 0x77, 0x77, 0x66, 0x66, 0x66, 0x66, 0x66, 0x66, 0x66, 0x66, 0x55, 0x55, 0x66, 0x78, 
	0x9A, 0xCE, 0xEF, 0xFF, 0xFF, 0xFF, 0xFF, 0xFF, 0xFF, 0xFF, 0xFF, 0xFE, 0xC9, 0x76, 0x66, 
	0x76, 0x66, 0x66, 0x66, 0x66, 0x66, 0x66, 0x66, 0x66, 0x66, 0x66, 0x77, 0x77, 0x77, 0x88, 
	0x88, 0x88, 0x89, 0x99, 0x99, 0x99, 0x9A, 0xAA, 0xAA, 0xAA, 0xAA, 0xAA, 0xAA, 0xBB, 0xBB, 
	0xBB, 0xBB, 0xBB, 0xBB, 0xBB, 0xCC, 0xCC, 0xCC, 0xCC, 0xCC, 0xCC, 0xCC, 0xCC, 0xA8, 0x77, 
	0x77, 0x77, 0x78, 0x88, 0x99, 0x9A, 0xAA, 0xBB, 0xBB, 0xCC, 0xCC, 0xCB, 0xBB, 0xBB, 0xBB, 
	0xBA, 0xA9, 0x88, 0x77, 0x76, 0x66, 0x65, 0x54, 0x44, 0x43, 0x33, 0x33, 0x34, 0x44, 0x54, 
	0x55, 0x55, 0x55, 0x55, 0x55, 0x55, 0x55, 0x55, 0x55, 0x55, 0x55, 0x55, 0x55, 0x55, 0x54, 
	0x43, 0x33, 0x33, 0x44, 0x44, 0x44, 0x44, 0x56, 0x77, 0x77, 0x77, 0x77, 0x77, 0x77, 0x78, 
	0x87, 0x77, 0x77, 0x77, 0x66, 0x55, 0x55, 0x54, 0x44, 0x44, 0x43, 0x33, 0x33, 0x33, 0x33, 
	0x33, 0x33, 0x33, 0x33, 0x33, 0x33, 0x33, 0x34, 0x44, 0x44, 0x45, 0x55, 0x55, 0x55, 0x56, 
	0x22, 0x22, 0x23, 0x33, 0x33, 0x33, 0x44, 0x44, 0x45, 0x57, 0x9A, 0xBB, 0xBB, 0xBC, 0xCC, 
	0xCC, 0xCC, 0xCC, 0xCC, 0xCC, 0xCC, 0xCC, 0xBB, 0xBB, 0xBB, 0xBB, 0xBB, 0xA9, 0x88, 0x76, 
	0x66, 0x65, 0x55, 0x55, 0x55, 0x55, 0x55, 0x55, 0x55, 0x55, 0x55, 0x55, 0x55, 0x55, 0x55, 
	0x55, 0x55, 0x55, 0x55, 0x55, 0x55, 0x55, 0x55, 0x43, 0x33, 0x45, 0x55, 0x55, 0x55, 0x55, 
	0x55, 0x55, 0x55, 0x55, 0x55, 0x55, 0x55, 0x55, 0x55, 0x55, 0x55, 0x55, 0x55, 0x55, 0x55, 
	0x55, 0x55, 0x55, 0x55, 0x55, 0x55, 0x55, 0x55, 0x55, 0x55, 0x55, 0x55, 0x55, 0x55, 0x55, 
	0x55, 0x55, 0x55, 0x55, 0x55, 0x55, 0x55, 0x56, 0x89, 0x99, 0x99, 0x99, 0x99, 0x99, 0x99, 
	0x99, 0x99, 0x99, 0x99, 0x99, 0x99, 0x99, 0x99, 0x99, 0x99, 0x99, 0x99, 0x98, 0x88, 0x88, 
	0x88, 0x88, 0x88, 0x88, 0x88, 0x88, 0x88, 0x88, 0x88, 0x88, 0x88, 0x88, 0x88, 0x77, 0x77, 
	0x77, 0x77, 0x77, 0x76, 0x66, 0x66, 0x66, 0x66, 0x66, 0x66, 0x66, 0x56, 0x67, 0x79, 0xAC, 
	0xDE, 0xEF, 0xFF, 0xFF, 0xFF, 0xFF, 0xFF, 0xFF, 0xFF, 0xFF, 0xFF, 0xFF, 0xDA, 0x86, 0x66, 
	0x66, 0x66, 0x66, 0x66, 0x66, 0x66, 0x66, 0x66, 0x66, 0x66, 0x67, 0x77, 0x77, 0x77, 0x88, 
	0x88, 0x88, 0x88, 0x99, 0x99, 0x99, 0x9A, 0xAA, 0xAA, 0xAA, 0xAA, 0xAA, 0xAA, 0xBB, 0xBB, 
	0xBB, 0xBB, 0xBB, 0xBB, 0xBB, 0xCC, 0xCC, 0xCC, 0xCC, 0xCC, 0xCC, 0xCC, 0xCC, 0xBA, 0x87, 
	0x67, 0x77, 0x77, 0x88, 0x89, 0x99, 0xAA, 0xAB, 0xBB, 0xBB, 0xBB, 0xBB, 0xBB, 0xBB, 0xBB, 
	0xA9, 0x87, 0x77, 0x77, 0x77, 0x66, 0x55, 0x44, 0x44, 0x43, 0x33, 0x33, 0x34, 0x45, 0x55, 
	0x55, 0x55, 0x55, 0x55, 0x55, 0x55, 0x55, 0x55, 0x55, 0x55, 0x55, 0x55, 0x55, 0x55, 0x54, 
	0x43, 0x33, 0x34, 0x44, 0x44, 0x44, 0x45, 0x56, 0x77, 0x77, 0x77, 0x77, 0x77, 0x77, 0x77, 
	0x77, 0x66, 0x66, 0x66, 0x65, 0x55, 0x55, 0x44, 0x44, 0x44, 0x33, 0x33, 0x33, 0x33, 0x33, 
	0x33, 0x33, 0x33, 0x33, 0x33, 0x33, 0x33, 0x34, 0x44, 0x44, 0x45, 0x55, 0x55, 0x55, 0x56, 
	0x22, 0x22, 0x23, 0x33, 0x33, 0x33, 0x44, 0x44, 0x55, 0x66, 0x8A, 0xBB, 0xBB, 0xBC, 0xCC, 
	0xCC, 0xCC, 0xCC, 0xCC, 0xCC, 0xCC, 0xCC, 0xBB, 0xBB, 0xBB, 0xBB, 0xBB, 0xBA, 0xA9, 0x87, 
	0x66, 0x65, 0x55, 0x55, 0x55, 0x55, 0x55, 0x55, 0x55, 0x55, 0x55, 0x55, 0x55, 0x55, 0x55, 
	0x55, 0x55, 0x55, 0x55, 0x55, 0x55, 0x55, 0x55, 0x43, 0x34, 0x45, 0x55, 0x55, 0x55, 0x55, 
	0x55, 0x55, 0x55, 0x55, 0x55, 0x55, 0x55, 0x55, 0x55, 0x55, 0x55, 0x55, 0x55, 0x55, 0x55, 
	0x55, 0x55, 0x55, 0x55, 0x55, 0x55, 0x55, 0x55, 0x55, 0x55, 0x55, 0x55, 0x55, 0x55, 0x55, 
	0x55, 0x55, 0x55, 0x55, 0x55, 0x55, 0x55, 0x56, 0x89, 0x99, 0x99, 0x99, 0x99, 0x99, 0x99, 
	0x99, 0x99, 0x99, 0x99, 0x99, 0x99, 0x99, 0x99, 0x99, 0x99, 0x99, 0x99, 0x98, 0x88, 0x88, 
	0x88, 0x88, 0x88, 0x88, 0x88, 0x88, 0x88, 0x88, 0x88, 0x88, 0x88, 0x88, 0x88, 0x77, 0x77, 
	0x77, 0x77, 0x77, 0x77, 0x66, 0x66, 0x66, 0x66, 0x66, 0x66, 0x66, 0x66, 0x89, 0xBC, 0xDE, 
	0xFF, 0xFF, 0xFF, 0xFF, 0xFF, 0xFF, 0xFF, 0xFF, 0xFF, 0xFF, 0xFF, 0xFF, 0xEC, 0x97, 0x66, 
	0x67, 0x66, 0x66, 0x66, 0x66, 0x66, 0x66, 0x66, 0x66, 0x66, 0x67, 0x77, 0x77, 0x77, 0x88, 
	0x88, 0x88, 0x89, 0x99, 0x99, 0x99, 0x9A, 0xAA, 0xAA, 0xAA, 0xAA, 0xAA, 0xAA, 0xBB, 0xBB, 
	0xBB, 0xBB, 0xBB, 0xBB, 0xBB, 0xCC, 0xCC, 0xCC, 0xCC, 0xCC, 0xCC, 0xCC, 0xCC, 0xCB, 0x97, 
	0x66, 0x77, 0x77, 0x88, 0x88, 0x99, 0x9A, 0xAA, 0xBB, 0xBB, 0xBB, 0xBB, 0xBB, 0xBB, 0xBA, 
	0x98, 0x76, 0x66, 0x66, 0x76, 0x65, 0x54, 0x44, 0x44, 0x33, 0x33, 0x33, 0x34, 0x55, 0x55, 
	0x55, 0x55, 0x55, 0x55, 0x55, 0x55, 0x55, 0x55, 0x55, 0x55, 0x55, 0x55, 0x55, 0x55, 0x54, 
	0x43, 0x33, 0x34, 0x44, 0x44, 0x45, 0x55, 0x56, 0x66, 0x66, 0x67, 0x77, 0x77, 0x77, 0x76, 
	0x66, 0x66, 0x66, 0x55, 0x55, 0x55, 0x55, 0x44, 0x44, 0x33, 0x33, 0x33, 0x33, 0x33, 0x33, 
	0x33, 0x33, 0x33, 0x33, 0x33, 0x33, 0x33, 0x33, 0x44, 0x44, 0x44, 0x55, 0x55, 0x55, 0x56, 
	0x22, 0x22, 0x23, 0x33, 0x33, 0x33, 0x44, 0x45, 0x55, 0x56, 0x79, 0xBB, 0xBB, 0xBC, 0xCC, 
	0xCC, 0xCC, 0xCC, 0xCC, 0xCC, 0xCC, 0xCC, 0xBB, 0xBB, 0xBB, 0xAB, 0xBB, 0xBA, 0xAA, 0x98, 
	0x76, 0x65, 0x55, 0x55, 0x55, 0x55, 0x55, 0x55, 0x55, 0x55, 0x55, 0x55, 0x55, 0x55, 0x55, 
	0x55, 0x55, 0x55, 0x55, 0x55, 0x55, 0x55, 0x55, 0x43, 0x33, 0x45, 0x55, 0x55, 0x55, 0x55, 
	0x55, 0x55, 0x55, 0x55, 0x55, 0x55, 0x55, 0x55, 0x55, 0x55, 0x55, 0x55, 0x55, 0x55, 0x55, 
	0x55, 0x55, 0x55, 0x55, 0x55, 0x55, 0x55, 0x55, 0x55, 0x55, 0x55, 0x55, 0x55, 0x55, 0x55, 
	0x55, 0x55, 0x55, 0x55, 0x55, 0x55, 0x55, 0x57, 0x89, 0x99, 0x99, 0x99, 0x99, 0x99, 0x99, 
	0x99, 0x99, 0x99, 0x99, 0x99, 0x99, 0x99, 0x99, 0x99, 0x99, 0x99, 0x99, 0x98, 0x88, 0x88, 
	0x88, 0x88, 0x88, 0x88, 0x88, 0x88, 0x88, 0x88, 0x88, 0x88, 0x88, 0x88, 0x88, 0x77, 0x77, 
	0x77, 0x77, 0x77, 0x77, 0x66, 0x66, 0x66, 0x66, 0x66, 0x66, 0x66, 0x68, 0xAD, 0xEE, 0xFF, 
	0xFF, 0xFF, 0xFF, 0xFF, 0xFF, 0xFF, 0xFF, 0xFF, 0xFF, 0xFF, 0xFF, 0xFF, 0xED, 0xA8, 0x66, 
	0x76, 0x66, 0x66, 0x66, 0x66, 0x66, 0x66, 0x66, 0x66, 0x66, 0x66, 0x77, 0x77, 0x77, 0x88, 
	0x88, 0x88, 0x89, 0x99, 0x99, 0x99, 0x9A, 0xAA, 0xAA, 0xAA, 0xAA, 0xAA, 0xAA, 0xBB, 0xBB, 
	0xBB, 0xBB, 0xBB, 0xBB, 0xBB, 0xCC, 0xCC, 0xCC, 0xCC, 0xCC, 0xCC, 0xCC, 0xCC, 0xCB, 0xA9, 
	0x76, 0x77, 0x77, 0x78, 0x88, 0x89, 0x99, 0x9A, 0xAA, 0xBB, 0xBB, 0xBB, 0xBB, 0xBB, 0xAA, 
	0x87, 0x66, 0x66, 0x66, 0x66, 0x65, 0x44, 0x44, 0x43, 0x33, 0x33, 0x33, 0x44, 0x55, 0x55, 
	0x55, 0x55, 0x55, 0x55, 0x55, 0x55, 0x55, 0x55, 0x55, 0x55, 0x55, 0x55, 0x55, 0x55, 0x54, 
	0x43, 0x33, 0x34, 0x44, 0x55, 0x55, 0x55, 0x56, 0x66, 0x66, 0x66, 0x77, 0x77, 0x76, 0x66, 
	0x55, 0x55, 0x55, 0x55, 0x54, 0x45, 0x44, 0x44, 0x43, 0x33, 0x33, 0x33, 0x33, 0x33, 0x33, 
	0x33, 0x33, 0x33, 0x33, 0x33, 0x33, 0x33, 0x33, 0x44, 0x44, 0x44, 0x55, 0x55, 0x55, 0x56, 
	0x22, 0x22, 0x23, 0x33, 0x33, 0x33, 0x44, 0x45, 0x55, 0x55, 0x79, 0xAB, 0xBB, 0xBC, 0xCC, 
	0xCC, 0xCC, 0xCC, 0xCC, 0xCC, 0xCC, 0xCB, 0xBB, 0xBB, 0xBB, 0xBB, 0xAA, 0xBA, 0xAA, 0x99, 
	0x86, 0x55, 0x55, 0x55, 0x55, 0x55, 0x55, 0x55, 0x55, 0x55, 0x55, 0x55, 0x55, 0x55, 0x55, 
	0x55, 0x55, 0x55, 0x55, 0x55, 0x55, 0x55, 0x55, 0x43, 0x33, 0x45, 0x55, 0x55, 0x55, 0x55, 
	0x55, 0x55, 0x55, 0x55, 0x55, 0x55, 0x55, 0x55, 0x55, 0x55, 0x55, 0x55, 0x55, 0x55, 0x55, 
	0x55, 0x55, 0x55, 0x55, 0x55, 0x55, 0x55, 0x55, 0x55, 0x55, 0x55, 0x55, 0x55, 0x55, 0x55, 
	0x55, 0x55, 0x55, 0x55, 0x55, 0x55, 0x55, 0x57, 0x89, 0x99, 0x99, 0x99, 0x99, 0x99, 0x99, 
	0x99, 0x99, 0x99, 0x99, 0x99, 0x99, 0x99, 0x99, 0x99, 0x99, 0x99, 0x99, 0x99, 0x88, 0x88, 
	0x88, 0x88, 0x88, 0x88, 0x88, 0x88, 0x88, 0x88, 0x88, 0x88, 0x88, 0x88, 0x88, 0x87, 0x77, 
	0x77, 0x77, 0x77, 0x77, 0x66, 0x66, 0x66, 0x66, 0x66, 0x66, 0x66, 0x79, 0xBE, 0xFF, 0xFF, 
	0xFF, 0xFF, 0xFF, 0xFF, 0xFF, 0xFF, 0xFF, 0xFF, 0xFF, 0xFF, 0xFF, 0xFF, 0xFE, 0xC9, 0x76, 
	0x76, 0x66, 0x66, 0x66, 0x66, 0x66, 0x66, 0x66, 0x66, 0x66, 0x66, 0x66, 0x67, 0x77, 0x78, 
	0x88, 0x88, 0x89, 0x99, 0x99, 0x99, 0x9A, 0xAA, 0xAA, 0xAA, 0xAA, 0xAA, 0xAB, 0xBB, 0xBB, 
	0xBB, 0xBB, 0xBB, 0xBB, 0xBB, 0xCC, 0xCC, 0xCC, 0xCC, 0xCC, 0xCC, 0xCC, 0xCC, 0xCC, 0xBA, 
	0x87, 0x67, 0x77, 0x78, 0x88, 0x88, 0x88, 0x99, 0x9A, 0xAB, 0xBB, 0xBB, 0xBB, 0xBB, 0xA9, 
	0x76, 0x66, 0x66, 0x66, 0x66, 0x55, 0x44, 0x44, 0x44, 0x43, 0x33, 0x33, 0x34, 0x45, 0x55, 
	0x55, 0x55, 0x55, 0x55, 0x55, 0x55, 0x55, 0x55, 0x55, 0x55, 0x55, 0x55, 0x55, 0x55, 0x54, 
	0x43, 0x33, 0x34, 0x45, 0x55, 0x55, 0x55, 0x56, 0x66, 0x66, 0x66, 0x66, 0x77, 0x66, 0x55, 
	0x55, 0x55, 0x55, 0x55, 0x44, 0x44, 0x44, 0x44, 0x43, 0x33, 0x33, 0x33, 0x33, 0x22, 0x33, 
	0x22, 0x22, 0x22, 0x33, 0x33, 0x33, 0x33, 0x33, 0x44, 0x44, 0x44, 0x55, 0x55, 0x55, 0x55, 
	0x22, 0x22, 0x22, 0x33, 0x33, 0x33, 0x44, 0x45, 0x55, 0x56, 0x78, 0x9B, 0xBB, 0xBC, 0xCC, 
	0xCC, 0xCC, 0xCC, 0xCC, 0xCC, 0xCC, 0xCB, 0xBB, 0xBB, 0xBB, 0xBB, 0xBB, 0xAA, 0xAA, 0xA9, 
	0x86, 0x65, 0x55, 0x55, 0x55, 0x55, 0x55, 0x55, 0x55, 0x55, 0x55, 0x55, 0x55, 0x55, 0x55, 
	0x55, 0x55, 0x55, 0x55, 0x55, 0x55, 0x55, 0x55, 0x43, 0x33, 0x45, 0x55, 0x55, 0x55, 0x55, 
	0x55, 0x55, 0x55, 0x55, 0x55, 0x55, 0x55, 0x55, 0x55, 0x55, 0x55, 0x55, 0x55, 0x55, 0x55, 
	0x55, 0x55, 0x55, 0x55, 0x55, 0x55, 0x55, 0x55, 0x55, 0x55, 0x55, 0x55, 0x55, 0x55, 0x55, 
	0x55, 0x55, 0x55, 0x55, 0x55, 0x55, 0x55, 0x57, 0x99, 0x99, 0x99, 0x99, 0x99, 0x99, 0x99, 
	0x99, 0x99, 0x99, 0x99, 0x99, 0x99, 0x99, 0x99, 0x99, 0x99, 0x99, 0x99, 0x98, 0x88, 0x88, 
	0x88, 0x88, 0x88, 0x88, 0x88, 0x88, 0x88, 0x88, 0x88, 0x88, 0x88, 0x88, 0x88, 0x87, 0x77, 
	0x77, 0x77, 0x77, 0x77, 0x66, 0x66, 0x66, 0x66, 0x66, 0x66, 0x66, 0x79, 0xBE, 0xFF, 0xFF, 
	0xFF, 0xFF, 0xFF, 0xFF, 0xFF, 0xFF, 0xFF, 0xFF, 0xFF, 0xFF, 0xFF, 0xFF, 0xFF, 0xDA, 0x76, 
	0x66, 0x66, 0x66, 0x66, 0x66, 0x66, 0x66, 0x66, 0x66, 0x66, 0x66, 0x66, 0x67, 0x77, 0x78, 
	0x88, 0x88, 0x89, 0x99, 0x99, 0x99, 0x9A, 0xAA, 0xAA, 0xAA, 0xAA, 0xAA, 0xAB, 0xBB, 0xBB, 
	0xBB, 0xBB, 0xBB, 0xBB, 0xBC, 0xCC, 0xCC, 0xCC, 0xCC, 0xCC, 0xCC, 0xCC, 0xCC, 0xCC, 0xCB, 
	0x97, 0x77, 0x77, 0x77, 0x88, 0x88, 0x88, 0x89, 0x99, 0xAA, 0xBB, 0xBB, 0xBB, 0xBA, 0x98, 
	0x76, 0x66, 0x66, 0x66, 0x65, 0x54, 0x44, 0x44, 0x44, 0x44, 0x33, 0x33, 0x34, 0x45, 0x55, 
	0x55, 0x55, 0x55, 0x55, 0x55, 0x55, 0x55, 0x55, 0x55, 0x55, 0x55, 0x55, 0x55, 0x55, 0x54, 
	0x43, 0x33, 0x34, 0x45, 0x55, 0x55, 0x55, 0x55, 0x66, 0x66, 0x66, 0x66, 0x66, 0x65, 0x55, 
	0x55, 0x55, 0x55, 0x55, 0x44, 0x44, 0x44, 0x44, 0x33, 0x33, 0x33, 0x33, 0x33, 0x22, 0x32, 
	0x22, 0x22, 0x23, 0x33, 0x33, 0x33, 0x33, 0x33, 0x44, 0x44, 0x44, 0x55, 0x55, 0x55, 0x55, 
	0x22, 0x22, 0x22, 0x33, 0x33, 0x33, 0x34, 0x45, 0x56, 0x56, 0x77, 0x9A, 0xBB, 0xBC, 0xCC, 
	0xCC, 0xCC, 0xCC, 0xCC, 0xCC, 0xCC, 0xBB, 0xBB, 0xBB, 0xBB, 0xBB, 0xBB, 0xBA, 0xAA, 0xA9, 
	0x76, 0x55, 0x55, 0x55, 0x55, 0x55, 0x55, 0x55, 0x55, 0x55, 0x55, 0x55, 0x55, 0x55, 0x55, 
	0x54, 0x44, 0x44, 0x44, 0x44, 0x44, 0x44, 0x44, 0x43, 0x34, 0x45, 0x55, 0x55, 0x55, 0x55, 
	0x55, 0x55, 0x55, 0x55, 0x55, 0x55, 0x55, 0x55, 0x55, 0x55, 0x55, 0x55, 0x55, 0x55, 0x55, 
	0x55, 0x55, 0x55, 0x55, 0x55, 0x55, 0x55, 0x55, 0x55, 0x55, 0x55, 0x55, 0x55, 0x55, 0x55, 
	0x55, 0x55, 0x55, 0x55, 0x55, 0x55, 0x55, 0x67, 0x99, 0x99, 0x99, 0x99, 0x99, 0x99, 0x99, 
	0x99, 0x99, 0x99, 0x99, 0x99, 0x99, 0x99, 0x99, 0x99, 0x99, 0x99, 0x99, 0x98, 0x88, 0x88, 
	0x88, 0x88, 0x88, 0x88, 0x88, 0x88, 0x88, 0x88, 0x88, 0x88, 0x88, 0x88, 0x88, 0x87, 0x77, 
	0x77, 0x77, 0x77, 0x77, 0x66, 0x66, 0x66, 0x66, 0x66, 0x66, 0x66, 0x78, 0xAD, 0xFF, 0xFF, 
	0xFF, 0xFF, 0xFF, 0xFF, 0xFF, 0xFF, 0xFF, 0xFF, 0xFF, 0xFF, 0xFF, 0xFF, 0xFF, 0xEB, 0x87, 
	0x66, 0x66, 0x66, 0x66, 0x66, 0x66, 0x66, 0x66, 0x66, 0x66, 0x66, 0x66, 0x66, 0x77, 0x77, 
	0x78, 0x88, 0x99, 0x99, 0x99, 0x99, 0x99, 0xAA, 0xAA, 0xAA, 0xAA, 0xAA, 0xAB, 0xBB, 0xBB, 
	0xBB, 0xBB, 0xBB, 0xBB, 0xBC, 0xBC, 0xCC, 0xCC, 0xCC, 0xCC, 0xCC, 0xCC, 0xCC, 0xCC, 0xCC, 
	0xA8, 0x77, 0x77, 0x77, 0x77, 0x78, 0x88, 0x88, 0x99, 0x99, 0xAA, 0xAA, 0xBB, 0xA9, 0x87, 
	0x66, 0x66, 0x66, 0x65, 0x55, 0x54, 0x44, 0x44, 0x44, 0x44, 0x33, 0x33, 0x34, 0x45, 0x55, 
	0x55, 0x55, 0x55, 0x55, 0x55, 0x55, 0x55, 0x55, 0x55, 0x55, 0x55, 0x55, 0x55, 0x55, 0x54, 
	0x43, 0x33, 0x34, 0x45, 0x55, 0x55, 0x55, 0x55, 0x55, 0x56, 0x66, 0x66, 0x66, 0x55, 0x44, 
	0x55, 0x55, 0x55, 0x54, 0x44, 0x44, 0x44, 0x44, 0x33, 0x33, 0x33, 0x33, 0x33, 0x33, 0x32, 
	0x22, 0x22, 0x23, 0x33, 0x33, 0x33, 0x33, 0x33, 0x34, 0x44, 0x44, 0x55, 0x55, 0x55, 0x55, 
	0x22, 0x22, 0x22, 0x33, 0x33, 0x33, 0x33, 0x45, 0x55, 0x66, 0x66, 0x8A, 0xBB, 0xBB, 0xBC, 
	0xCC, 0xCC, 0xCC, 0xCC, 0xCC, 0xCC, 0xBB, 0xBB, 0xBB, 0xBB, 0xBB, 0xAA, 0xBA, 0xAB, 0xA8, 
	0x65, 0x55, 0x55, 0x55, 0x55, 0x55, 0x55, 0x55, 0x55, 0x55, 0x55, 0x55, 0x54, 0x44, 0x44, 
	0x44, 0x44, 0x44, 0x44, 0x44, 0x44, 0x44, 0x44, 0x43, 0x34, 0x45, 0x55, 0x55, 0x55, 0x55, 
	0x55, 0x55, 0x55, 0x55, 0x55, 0x55, 0x55, 0x55, 0x55, 0x55, 0x55, 0x55, 0x55, 0x55, 0x55, 
	0x55, 0x55, 0x55, 0x55, 0x55, 0x55, 0x55, 0x55, 0x55, 0x55, 0x55, 0x55, 0x55, 0x55, 0x55, 
	0x55, 0x55, 0x55, 0x55, 0x55, 0x55, 0x55, 0x67, 0x99, 0x9A, 0x99, 0x99, 0x99, 0x99, 0x99, 
	0x99, 0x99, 0x99, 0x99, 0x99, 0x99, 0x99, 0x99, 0x99, 0x99, 0x99, 0x99, 0x88, 0x88, 0x88, 
	0x99, 0x98, 0x88, 0x88, 0x88, 0x88, 0x88, 0x88, 0x88, 0x88, 0x88, 0x88, 0x88, 0x87, 0x77, 
	0x77, 0x77, 0x77, 0x77, 0x66, 0x66, 0x66, 0x66, 0x66, 0x66, 0x66, 0x77, 0x9C, 0xEF, 0xFF, 
	0xFF, 0xFF, 0xFF, 0xFF, 0xFF, 0xFF, 0xFF, 0xFF, 0xFF, 0xFF, 0xFF, 0xFF, 0xFF, 0xFC, 0xA7, 
	0x66, 0x66, 0x66, 0x66, 0x66, 0x66, 0x66, 0x66, 0x66, 0x66, 0x66, 0x66, 0x66, 0x66, 0x67, 
	0x77, 0x88, 0x99, 0x99, 0x99, 0x99, 0x99, 0xAA, 0xAA, 0xAA, 0xAA, 0xAA, 0xAB, 0xBB, 0xBB, 
	0xBB, 0xBB, 0xBB, 0xBB, 0xBC, 0xBC, 0xCC, 0xCC, 0xCC, 0xCC, 0xCC, 0xCC, 0xCC, 0xCC, 0xCC, 
	0xB9, 0x87, 0x77, 0x77, 0x77, 0x77, 0x88, 0x88, 0x88, 0x88, 0x99, 0x9A, 0xAA, 0x98, 0x77, 
	0x66, 0x66, 0x65, 0x55, 0x44, 0x44, 0x44, 0x44, 0x44, 0x44, 0x33, 0x33, 0x44, 0x55, 0x55, 
	0x55, 0x55, 0x55, 0x55, 0x55, 0x55, 0x55, 0x55, 0x55, 0x55, 0x55, 0x55, 0x55, 0x55, 0x44, 
	0x33, 0x33, 0x34, 0x45, 0x55, 0x55, 0x55, 0x55, 0x55, 0x56, 0x66, 0x65, 0x55, 0x54, 0x44, 
	0x44, 0x44, 0x44, 0x44, 0x44, 0x43, 0x44, 0x43, 0x33, 0x33, 0x33, 0x33, 0x33, 0x33, 0x32, 
	0x22, 0x22, 0x23, 0x33, 0x33, 0x33, 0x33, 0x33, 0x34, 0x44, 0x44, 0x55, 0x55, 0x55, 0x55, 
	0x22, 0x22, 0x22, 0x33, 0x33, 0x33, 0x34, 0x44, 0x55, 0x55, 0x66, 0x79, 0xAB, 0xBB, 0xBB, 
	0xCC, 0xCC, 0xCC, 0xCC, 0xCC, 0xCB, 0xBB, 0xBB, 0xBB, 0xBB, 0xBB, 0xAB, 0xAA, 0xAA, 0x86, 
	0x54, 0x45, 0x55, 0x55, 0x55, 0x55, 0x55, 0x55, 0x55, 0x55, 0x54, 0x44, 0x44, 0x44, 0x44, 
	0x33, 0x33, 0x33, 0x33, 0x33, 0x33, 0x33, 0x33, 0x33, 0x33, 0x44, 0x45, 0x55, 0x55, 0x55, 
	0x55, 0x55, 0x55, 0x55, 0x55, 0x55, 0x55, 0x55, 0x55, 0x55, 0x55, 0x55, 0x55, 0x55, 0x55, 
	0x55, 0x55, 0x55, 0x55, 0x55, 0x55, 0x55, 0x55, 0x55, 0x55, 0x55, 0x55, 0x55, 0x55, 0x55, 
	0x55, 0x55, 0x55, 0x55, 0x55, 0x55, 0x45, 0x68, 0x99, 0x99, 0x99, 0x99, 0x99, 0x99, 0x99, 
	0x99, 0x99, 0x99, 0x99, 0x99, 0x99, 0x99, 0x99, 0x99, 0x99, 0x99, 0x99, 0x98, 0x88, 0x88, 
	0x88, 0x88, 0x88, 0x88, 0x88, 0x88, 0x88, 0x88, 0x88, 0x88, 0x88, 0x88, 0x88, 0x88, 0x77, 
	0x77, 0x77, 0x77, 0x77, 0x66, 0x66, 0x66, 0x66, 0x66, 0x66, 0x66, 0x67, 0x8B, 0xDF, 0xFF, 
	0xFF, 0xFF, 0xFF, 0xFF, 0xFF, 0xFF, 0xFF, 0xFF, 0xFF, 0xFF, 0xFF, 0xFF, 0xFF, 0xFD, 0xB8, 
	0x66, 0x66, 0x66, 0x66, 0x66, 0x66, 0x66, 0x66, 0x66, 0x66, 0x66, 0x66, 0x66, 0x66, 0x66, 
	0x77, 0x78, 0x88, 0x99, 0x99, 0x99, 0x99, 0xAA, 0xAA, 0xAA, 0xAA, 0xAA, 0xAB, 0xBB, 0xBB, 
	0xBB, 0xBB, 0xBB, 0xBB, 0xBB, 0xCC, 0xCC, 0xCC, 0xCC, 0xCC, 0xCC, 0xCC, 0xCC, 0xCC, 0xCC, 
	0xCB, 0x97, 0x76, 0x77, 0x77, 0x77, 0x77, 0x88, 0x88, 0x88, 0x88, 0x89, 0x99, 0x87, 0x76, 
	0x66, 0x66, 0x55, 0x55, 0x44, 0x44, 0x44, 0x44, 0x55, 0x43, 0x33, 0x33, 0x44, 0x55, 0x55, 
	0x55, 0x55, 0x55, 0x55, 0x55, 0x55, 0x55, 0x55, 0x55, 0x55, 0x55, 0x55, 0x55, 0x55, 0x44, 
	0x33, 0x33, 0x34, 0x45, 0x55, 0x55, 0x55, 0x55, 0x55, 0x56, 0x66, 0x65, 0x54, 0x44, 0x44, 
	0x44, 0x44, 0x44, 0x44, 0x44, 0x33, 0x43, 0x33, 0x33, 0x33, 0x33, 0x33, 0x22, 0x22, 0x22, 
	0x22, 0x22, 0x22, 0x33, 0x33, 0x33, 0x33, 0x33, 0x34, 0x44, 0x44, 0x45, 0x55, 0x55, 0x56, 
	0x22, 0x22, 0x22, 0x33, 0x33, 0x33, 0x34, 0x44, 0x55, 0x55, 0x66, 0x78, 0x9A, 0xBB, 0xBB, 
	0xBC, 0xCC, 0xCC, 0xCC, 0xCC, 0xCC, 0xBB, 0xBB, 0xBB, 0xBB, 0xBB, 0xBA, 0xAA, 0xA9, 0x75, 
	0x54, 0x45, 0x55, 0x55, 0x55, 0x55, 0x55, 0x55, 0x55, 0x54, 0x44, 0x44, 0x33, 0x33, 0x33, 
	0x33, 0x33, 0x33, 0x33, 0x33, 0x33, 0x33, 0x33, 0x33, 0x33, 0x44, 0x44, 0x45, 0x55, 0x55, 
	0x55, 0x55, 0x55, 0x55, 0x55, 0x55, 0x55, 0x55, 0x55, 0x55, 0x55, 0x55, 0x55, 0x55, 0x55, 
	0x55, 0x55, 0x55, 0x55, 0x55, 0x55, 0x55, 0x55, 0x55, 0x55, 0x55, 0x55, 0x55, 0x55, 0x55, 
	0x55, 0x55, 0x55, 0x55, 0x55, 0x55, 0x55, 0x68, 0x99, 0x99, 0x99, 0x99, 0x99, 0x99, 0x99, 
	0x99, 0x99, 0x99, 0x99, 0x99, 0x99, 0x99, 0x99, 0x99, 0x99, 0x99, 0x99, 0x98, 0x88, 0x89, 
	0x88, 0x88, 0x88, 0x88, 0x88, 0x88, 0x88, 0x88, 0x88, 0x88, 0x88, 0x88, 0x88, 0x88, 0x77, 
	0x77, 0x77, 0x77, 0x77, 0x66, 0x66, 0x66, 0x66, 0x66, 0x66, 0x66, 0x66, 0x7A, 0xCE, 0xFF, 
	0xFF, 0xFF, 0xFF, 0xFF, 0xFF, 0xFF, 0xFF, 0xFF, 0xFF, 0xFF, 0xFF, 0xFF, 0xFF, 0xFE, 0xC9, 
	0x76, 0x66, 0x66, 0x66, 0x66, 0x66, 0x66, 0x66, 0x66, 0x66, 0x66, 0x66, 0x66, 0x66, 0x66, 
	0x77, 0x77, 0x88, 0x99, 0x99, 0x99, 0x99, 0x9A, 0xAA, 0xAA, 0xAA, 0xAA, 0xAA, 0xBB, 0xBB, 
	0xBB, 0xBB, 0xBB, 0xBB, 0xBB, 0xCC, 0xCC, 0xCC, 0xCC, 0xCC, 0xCC, 0xCC, 0xCC, 0xCC, 0xCC, 
	0xCB, 0xA8, 0x76, 0x67, 0x77, 0x77, 0x77, 0x78, 0x88, 0x77, 0x87, 0x78, 0x88, 0x87, 0x66, 
	0x65, 0x55, 0x55, 0x54, 0x44, 0x44, 0x44, 0x45, 0x55, 0x43, 0x33, 0x33, 0x44, 0x55, 0x55, 
	0x55, 0x55, 0x55, 0x55, 0x55, 0x55, 0x55, 0x55, 0x55, 0x55, 0x55, 0x55, 0x55, 0x55, 0x44, 
	0x33, 0x33, 0x44, 0x55, 0x55, 0x55, 0x55, 0x55, 0x55, 0x56, 0x66, 0x55, 0x44, 0x44, 0x44, 
	0x44, 0x44, 0x44, 0x44, 0x44, 0x33, 0x33, 0x33, 0x33, 0x33, 0x33, 0x32, 0x22, 0x22, 0x22, 
	0x22, 0x22, 0x22, 0x33, 0x33, 0x33, 0x33, 0x33, 0x34, 0x44, 0x44, 0x45, 0x55, 0x55, 0x56, 
	0x22, 0x22, 0x22, 0x33, 0x33, 0x33, 0x34, 0x44, 0x44, 0x45, 0x56, 0x67, 0x89, 0xBB, 0xBB, 
	0xBC, 0xCC, 0xCC, 0xCC, 0xCC, 0xCC, 0xBB, 0xBB, 0xBB, 0xBB, 0xBB, 0xAA, 0xAA, 0x97, 0x55, 
	0x54, 0x45, 0x55, 0x55, 0x55, 0x55, 0x55, 0x54, 0x44, 0x44, 0x33, 0x33, 0x33, 0x33, 0x33, 
	0x33, 0x33, 0x33, 0x33, 0x33, 0x33, 0x33, 0x33, 0x33, 0x33, 0x33, 0x33, 0x44, 0x44, 0x55, 
	0x55, 0x55, 0x55, 0x55, 0x55, 0x55, 0x55, 0x55, 0x55, 0x55, 0x55, 0x55, 0x55, 0x55, 0x55, 
	0x55, 0x55, 0x55, 0x55, 0x55, 0x55, 0x55, 0x55, 0x55, 0x55, 0x55, 0x55, 0x55, 0x55, 0x55, 
	0x55, 0x55, 0x55, 0x55, 0x55, 0x55, 0x55, 0x68, 0x99, 0x99, 0x99, 0x99, 0x99, 0x99, 0x99, 
	0x99, 0x99, 0x99, 0x99, 0x99, 0x99, 0x99, 0x99, 0x99, 0x99, 0x99, 0x99, 0x99, 0x88, 0x99, 
	0x88, 0x88, 0x88, 0x88, 0x88, 0x88, 0x88, 0x88, 0x88, 0x88, 0x88, 0x88, 0x88, 0x88, 0x87, 
	0x77, 0x77, 0x77, 0x77, 0x76, 0x66, 0x66, 0x66, 0x66, 0x66, 0x66, 0x66, 0x79, 0xBE, 0xFF, 
	0xFF, 0xFF, 0xFF, 0xFF, 0xFF, 0xFF, 0xFF, 0xFF, 0xFF, 0xFF, 0xFF, 0xFF, 0xFF, 0xFE, 0xDA, 
	0x76, 0x66, 0x76, 0x66, 0x66, 0x66, 0x66, 0x66, 0x66, 0x66, 0x66, 0x66, 0x66, 0x66, 0x66, 
	0x66, 0x67, 0x78, 0x89, 0x99, 0x99, 0x99, 0xAA, 0xAA, 0xAA, 0xAA, 0xAA, 0xAA, 0xBB, 0xBB, 
	0xBB, 0xBB, 0xBB, 0xBB, 0xBB, 0xCC, 0xCC, 0xCC, 0xCC, 0xCC, 0xCC, 0xCC, 0xCC, 0xCC, 0xCC, 
	0xCC, 0xB9, 0x76, 0x66, 0x77, 0x77, 0x77, 0x77, 0x77, 0x77, 0x77, 0x77, 0x77, 0x77, 0x76, 
	0x66, 0x55, 0x54, 0x44, 0x44, 0x44, 0x45, 0x55, 0x55, 0x43, 0x33, 0x33, 0x44, 0x55, 0x55, 
	0x55, 0x55, 0x55, 0x55, 0x55, 0x55, 0x55, 0x55, 0x55, 0x55, 0x55, 0x55, 0x55, 0x54, 0x43, 
	0x33, 0x33, 0x44, 0x55, 0x55, 0x55, 0x55, 0x55, 0x55, 0x55, 0x65, 0x55, 0x43, 0x33, 0x44, 
	0x33, 0x44, 0x44, 0x44, 0x43, 0x33, 0x33, 0x33, 0x33, 0x33, 0x33, 0x22, 0x22, 0x22, 0x22, 
	0x22, 0x22, 0x22, 0x23, 0x33, 0x33, 0x33, 0x33, 0x34, 0x44, 0x44, 0x45, 0x55, 0x55, 0x55, 
	0x22, 0x22, 0x22, 0x33, 0x33, 0x33, 0x34, 0x44, 0x44, 0x44, 0x56, 0x66, 0x78, 0xAB, 0xBB, 
	0xBB, 0xBB, 0xCC, 0xCC, 0xCC, 0xCC, 0xCB, 0xBB, 0xBB, 0xBB, 0xBA, 0xAA, 0xAA, 0x86, 0x54, 
	0x54, 0x44, 0x45, 0x55, 0x55, 0x55, 0x55, 0x44, 0x44, 0x33, 0x33, 0x33, 0x33, 0x33, 0x44, 
	0x44, 0x44, 0x44, 0x44, 0x44, 0x44, 0x44, 0x44, 0x33, 0x33, 0x33, 0x33, 0x33, 0x44, 0x44, 
	0x45, 0x55, 0x55, 0x55, 0x55, 0x55, 0x55, 0x55, 0x55, 0x55, 0x55, 0x55, 0x55, 0x55, 0x55, 
	0x55, 0x55, 0x55, 0x55, 0x55, 0x55, 0x55, 0x55, 0x55, 0x55, 0x55, 0x55, 0x55, 0x55, 0x55, 
	0x55, 0x55, 0x55, 0x55, 0x55, 0x55, 0x55, 0x78, 0x9A, 0x99, 0x99, 0x99, 0x99, 0x99, 0x99, 
	0x99, 0x99, 0x99, 0x99, 0x99, 0x99, 0x99, 0x99, 0x99, 0x99, 0x99, 0x99, 0x99, 0x88, 0x89, 
	0x98, 0x88, 0x88, 0x88, 0x88, 0x88, 0x88, 0x88, 0x88, 0x88, 0x88, 0x88, 0x88, 0x88, 0x87, 
	0x77, 0x77, 0x77, 0x77, 0x76, 0x66, 0x66, 0x66, 0x66, 0x66, 0x66, 0x66, 0x68, 0xAD, 0xEF, 
	0xFF, 0xFF, 0xFF, 0xFF, 0xFF, 0xFF, 0xFF, 0xFF, 0xFF, 0xFF, 0xFF, 0xFF, 0xFF, 0xFF, 0xDB, 
	0x87, 0x66, 0x66, 0x66, 0x66, 0x66, 0x66, 0x66, 0x66, 0x66, 0x66, 0x66, 0x66, 0x66, 0x66, 
	0x66, 0x67, 0x77, 0x88, 0x99, 0x99, 0x99, 0xAA, 0xAA, 0xAA, 0xAA, 0xAA, 0xAA, 0xBB, 0xBB, 
	0xBB, 0xBB, 0xBB, 0xBB, 0xBB, 0xBC, 0xCC, 0xCC, 0xCC, 0xCC, 0xCC, 0xCC, 0xCC, 0xCC, 0xCC, 
	0xCC, 0xBA, 0x87, 0x66, 0x66, 0x66, 0x66, 0x67, 0x77, 0x77, 0x77, 0x77, 0x77, 0x77, 0x77, 
	0x66, 0x55, 0x44, 0x44, 0x44, 0x44, 0x55, 0x55, 0x55, 0x43, 0x33, 0x33, 0x44, 0x55, 0x55, 
	0x55, 0x55, 0x55, 0x55, 0x55, 0x55, 0x55, 0x55, 0x55, 0x55, 0x55, 0x55, 0x55, 0x44, 0x43, 
	0x33, 0x33, 0x44, 0x55, 0x55, 0x55, 0x55, 0x55, 0x55, 0x55, 0x55, 0x54, 0x43, 0x33, 0x34, 
	0x33, 0x34, 0x44, 0x44, 0x33, 0x33, 0x33, 0x33, 0x33, 0x33, 0x33, 0x22, 0x22, 0x22, 0x22, 
	0x22, 0x22, 0x22, 0x22, 0x33, 0x33, 0x33, 0x33, 0x34, 0x44, 0x44, 0x45, 0x55, 0x55, 0x55, 
	0x22, 0x22, 0x22, 0x33, 0x33, 0x33, 0x34, 0x44, 0x44, 0x45, 0x55, 0x66, 0x67, 0x8A, 0xBB, 
	0xBB, 0xBB, 0xBC, 0xCC, 0xCC, 0xCC, 0xCB, 0xBB, 0xBB, 0xBB, 0xAA, 0xAB, 0xA9, 0x76, 0x44, 
	0x44, 0x44, 0x44, 0x55, 0x55, 0x54, 0x44, 0x43, 0x33, 0x33, 0x33, 0x44, 0x44, 0x44, 0x44, 
	0x44, 0x44, 0x44, 0x44, 0x44, 0x44, 0x44, 0x44, 0x43, 0x33, 0x33, 0x33, 0x33, 0x33, 0x34, 
	0x44, 0x45, 0x55, 0x55, 0x55, 0x55, 0x55, 0x55, 0x55, 0x55, 0x55, 0x55, 0x55, 0x55, 0x55, 
	0x55, 0x55, 0x55, 0x55, 0x55, 0x55, 0x55, 0x55, 0x55, 0x55, 0x55, 0x55, 0x55, 0x55, 0x55, 
	0x55, 0x55, 0x55, 0x55, 0x55, 0x55, 0x55, 0x78, 0x9A, 0x99, 0x99, 0x99, 0x99, 0x99, 0x99, 
	0x99, 0x99, 0x99, 0x99, 0x99, 0x99, 0x99, 0x99, 0x99, 0x99, 0x99, 0x99, 0x99, 0x98, 0x88, 
	0x99, 0x88, 0x88, 0x88, 0x88, 0x88, 0x88, 0x88, 0x88, 0x88, 0x88, 0x88, 0x88, 0x88, 0x87, 
	0x77, 0x77, 0x77, 0x77, 0x76, 0x66, 0x66, 0x66, 0x66, 0x66, 0x66, 0x66, 0x67, 0x9C, 0xEF, 
	0xFF, 0xFF, 0xFF, 0xFF, 0xFF, 0xFF, 0xFF, 0xFF, 0xFF, 0xFF, 0xFF, 0xFF, 0xFF, 0xFF, 0xEC, 
	0x97, 0x66, 0x66, 0x66, 0x66, 0x66, 0x66, 0x66, 0x66, 0x66, 0x66, 0x66, 0x66, 0x66, 0x66, 
	0x66, 0x66, 0x67, 0x78, 0x89, 0x99, 0x99, 0x9A, 0xAA, 0xAA, 0xAA, 0xAA, 0xAA, 0xBB, 0xBB, 
	0xBB, 0xBB, 0xBB, 0xBB, 0xBB, 0xBC, 0xCC, 0xCC, 0xCC, 0xCC, 0xCC, 0xCC, 0xCC, 0xCC, 0xCC, 
	0xCC, 0xCB, 0x98, 0x66, 0x66, 0x66, 0x66, 0x67, 0x77, 0x77, 0x77, 0x77, 0x76, 0x67, 0x66, 
	0x66, 0x55, 0x44, 0x44, 0x44, 0x45, 0x55, 0x55, 0x55, 0x44, 0x33, 0x33, 0x44, 0x55, 0x55, 
	0x55, 0x55, 0x55, 0x55, 0x55, 0x55, 0x55, 0x55, 0x55, 0x55, 0x55, 0x55, 0x55, 0x54, 0x43, 
	0x33, 0x34, 0x45, 0x55, 0x55, 0x55, 0x55, 0x55, 0x55, 0x55, 0x55, 0x44, 0x33, 0x33, 0x33, 
	0x33, 0x34, 0x44, 0x43, 0x33, 0x33, 0x33, 0x33, 0x33, 0x33, 0x33, 0x32, 0x22, 0x22, 0x22, 
	0x22, 0x22, 0x22, 0x22, 0x33, 0x33, 0x33, 0x33, 0x34, 0x44, 0x44, 0x45, 0x55, 0x55, 0x55, 
	0x22, 0x22, 0x22, 0x23, 0x33, 0x33, 0x33, 0x44, 0x44, 0x45, 0x55, 0x56, 0x67, 0x78, 0xAA, 
	0xBB, 0xBB, 0xBB, 0xCC, 0xCC, 0xCC, 0xBB, 0xBB, 0xBB, 0xAB, 0xBA, 0xAA, 0x97, 0x65, 0x54, 
	0x44, 0x44, 0x44, 0x55, 0x55, 0x44, 0x43, 0x33, 0x33, 0x33, 0x44, 0x44, 0x44, 0x55, 0x55, 
	0x55, 0x55, 0x55, 0x55, 0x55, 0x55, 0x55, 0x54, 0x43, 0x33, 0x44, 0x44, 0x33, 0x33, 0x33, 
	0x33, 0x44, 0x45, 0x55, 0x55, 0x55, 0x55, 0x55, 0x55, 0x55, 0x55, 0x55, 0x55, 0x55, 0x55, 
	0x55, 0x55, 0x55, 0x55, 0x55, 0x55, 0x55, 0x55, 0x55, 0x55, 0x55, 0x55, 0x55, 0x55, 0x55, 
	0x55, 0x55, 0x55, 0x55, 0x55, 0x55, 0x55, 0x78, 0x9A, 0x99, 0x99, 0x99, 0x99, 0x99, 0x99, 
	0x99, 0x99, 0x99, 0x99, 0x99, 0x99, 0x99, 0x99, 0x99, 0x99, 0x99, 0x99, 0x99, 0x99, 0x88, 
	0x99, 0x88, 0x88, 0x88, 0x88, 0x88, 0x88, 0x88, 0x88, 0x88, 0x88, 0x88, 0x88, 0x88, 0x87, 
	0x77, 0x77, 0x77, 0x77, 0x76, 0x66, 0x66, 0x66, 0x66, 0x66, 0x66, 0x66, 0x66, 0x9B, 0xDF, 
	0xFF, 0xFF, 0xFF, 0xFF, 0xFF, 0xFF, 0xFF, 0xFF, 0xFF, 0xFF, 0xFF, 0xFF, 0xFF, 0xFF, 0xFD, 
	0xA7, 0x66, 0x66, 0x66, 0x66, 0x66, 0x66, 0x66, 0x66, 0x66, 0x66, 0x66, 0x66, 0x66, 0x66, 
	0x66, 0x66, 0x66, 0x77, 0x88, 0x99, 0x99, 0xAA, 0xAA, 0xAA, 0xAA, 0xAA, 0xAA, 0xBB, 0xBB, 
	0xBB, 0xBB, 0xBB, 0xBB, 0xBB, 0xBB, 0xCC, 0xCC, 0xCC, 0xCC, 0xCC, 0xCC, 0xCC, 0xCC, 0xCC, 
	0xCC, 0xCC, 0xA8, 0x76, 0x56, 0x66, 0x66, 0x66, 0x77, 0x77, 0x77, 0x77, 0x66, 0x66, 0x66, 
	0x66, 0x54, 0x44, 0x44, 0x44, 0x55, 0x55, 0x55, 0x55, 0x44, 0x33, 0x33, 0x44, 0x45, 0x55, 
	0x55, 0x55, 0x55, 0x55, 0x55, 0x55, 0x55, 0x55, 0x55, 0x55, 0x55, 0x55, 0x55, 0x44, 0x33, 
	0x33, 0x34, 0x45, 0x55, 0x55, 0x55, 0x55, 0x55, 0x55, 0x55, 0x55, 0x43, 0x33, 0x33, 0x33, 
	0x33, 0x33, 0x33, 0x33, 0x33, 0x33, 0x33, 0x33, 0x33, 0x33, 0x33, 0x32, 0x22, 0x22, 0x22, 
	0x22, 0x22, 0x22, 0x22, 0x33, 0x33, 0x33, 0x33, 0x34, 0x44, 0x44, 0x55, 0x55, 0x55, 0x55, 
	0x22, 0x22, 0x22, 0x23, 0x33, 0x33, 0x33, 0x44, 0x44, 0x45, 0x55, 0x56, 0x66, 0x78, 0x9A, 
	0xAB, 0xBB, 0xBB, 0xBB, 0xBB, 0xBB, 0xBB, 0xBB, 0xAB, 0xBA, 0xAB, 0xAA, 0x86, 0x55, 0x55, 
	0x44, 0x44, 0x44, 0x45, 0x54, 0x43, 0x33, 0x33, 0x34, 0x44, 0x44, 0x45, 0x55, 0x55, 0x55, 
	0x55, 0x55, 0x55, 0x55, 0x55, 0x55, 0x55, 0x54, 0x43, 0x33, 0x44, 0x44, 0x44, 0x43, 0x33, 
	0x33, 0x34, 0x44, 0x44, 0x55, 0x55, 0x55, 0x55, 0x55, 0x55, 0x55, 0x55, 0x55, 0x55, 0x55, 
	0x55, 0x55, 0x55, 0x55, 0x55, 0x55, 0x55, 0x55, 0x55, 0x55, 0x55, 0x55, 0x55, 0x55, 0x55, 
	0x55, 0x55, 0x55, 0x55, 0x55, 0x55, 0x56, 0x79, 0x9A, 0x99, 0x99, 0x99, 0x99, 0x99, 0x99, 
	0x99, 0x99, 0x99, 0x99, 0x99, 0x99, 0x99, 0x99, 0x99, 0x99, 0x99, 0x99, 0x99, 0x99, 0x99, 
	0x99, 0x88, 0x88, 0x88, 0x88, 0x88, 0x88, 0x88, 0x88, 0x88, 0x88, 0x88, 0x88, 0x88, 0x88, 
	0x77, 0x77, 0x77, 0x77, 0x76, 0x66, 0x66, 0x66, 0x66, 0x66, 0x66, 0x66, 0x66, 0x8A, 0xCE, 
	0xFF, 0xFF, 0xFF, 0xFF, 0xFF, 0xFF, 0xFF, 0xFF, 0xFF, 0xFF, 0xFF, 0xFF, 0xFF, 0xFF, 0xFD, 
	0xB8, 0x76, 0x66, 0x66, 0x66, 0x66, 0x66, 0x66, 0x66, 0x66, 0x66, 0x66, 0x66, 0x66, 0x66, 
	0x66, 0x66, 0x66, 0x67, 0x78, 0x89, 0x9A, 0xAA, 0xAA, 0xAA, 0xAA, 0xAA, 0xAA, 0xBB, 0xBB, 
	0xBB, 0xBB, 0xBB, 0xBB, 0xBB, 0xBB, 0xCC, 0xCC, 0xCC, 0xCC, 0xCC, 0xCC, 0xCC, 0xCC, 0xCC, 
	0xCC, 0xCC, 0xB9, 0x86, 0x55, 0x66, 0x66, 0x66, 0x66, 0x66, 0x76, 0x66, 0x66, 0x66, 0x66, 
	0x65, 0x54, 0x44, 0x44, 0x45, 0x55, 0x55, 0x55, 0x55, 0x44, 0x33, 0x33, 0x34, 0x45, 0x55, 
	0x55, 0x55, 0x55, 0x55, 0x55, 0x55, 0x55, 0x55, 0x55, 0x55, 0x55, 0x55, 0x54, 0x44, 0x33, 
	0x33, 0x34, 0x45, 0x55, 0x55, 0x55, 0x55, 0x55, 0x55, 0x55, 0x54, 0x33, 0x33, 0x33, 0x33, 
	0x33, 0x33, 0x33, 0x33, 0x33, 0x33, 0x33, 0x33, 0x33, 0x33, 0x22, 0x22, 0x22, 0x22, 0x22, 
	0x22, 0x22, 0x22, 0x22, 0x33, 0x33, 0x33, 0x33, 0x34, 0x44, 0x44, 0x55, 0x55, 0x55, 0x55, 
	0x22, 0x22, 0x22, 0x23, 0x33, 0x33, 0x33, 0x44, 0x44, 0x45, 0x55, 0x55, 0x56, 0x67, 0x88, 
	0x9A, 0xBB, 0xBB, 0xBB, 0xBB, 0xBB, 0xBB, 0xBA, 0xAB, 0xBA, 0xAA, 0xA9, 0x75, 0x54, 0x45, 
	0x44, 0x44, 0x44, 0x44, 0x44, 0x43, 0x33, 0x34, 0x44, 0x45, 0x55, 0x55, 0x55, 0x55, 0x55, 
	0x55, 0x55, 0x55, 0x55, 0x55, 0x55, 0x55, 0x54, 0x43, 0x33, 0x44, 0x45, 0x54, 0x44, 0x43, 
	0x33, 0x33, 0x33, 0x44, 0x55, 0x55, 0x55, 0x55, 0x55, 0x55, 0x55, 0x55, 0x55, 0x55, 0x55, 
	0x55, 0x55, 0x55, 0x55, 0x55, 0x55, 0x55, 0x55, 0x55, 0x55, 0x55, 0x55, 0x55, 0x55, 0x55, 
	0x55, 0x55, 0x55, 0x55, 0x55, 0x55, 0x56, 0x79, 0x9A, 0x9A, 0x99, 0x99, 0x99, 0x99, 0x99, 
	0x99, 0x99, 0x99, 0x99, 0x99, 0x99, 0x99, 0x99, 0x99, 0x99, 0x99, 0x99, 0x99, 0x99, 0x99, 
	0x99, 0x88, 0x88, 0x88, 0x88, 0x88, 0x88, 0x88, 0x88, 0x88, 0x88, 0x88, 0x88, 0x88, 0x88, 
	0x77, 0x77, 0x77, 0x77, 0x76, 0x66, 0x66, 0x66, 0x66, 0x66, 0x66, 0x66, 0x66, 0x78, 0xBE, 
	0xFF, 0xFF, 0xFF, 0xFF, 0xFF, 0xFF, 0xFF, 0xFF, 0xFF, 0xFF, 0xFF, 0xFF, 0xFF, 0xFF, 0xFE, 
	0xC9, 0x76, 0x67, 0x66, 0x66, 0x66, 0x66, 0x66, 0x66, 0x66, 0x66, 0x66, 0x66, 0x66, 0x66, 
	0x66, 0x66, 0x66, 0x66, 0x67, 0x78, 0x99, 0xAA, 0xAA, 0xAA, 0xAA, 0xAA, 0xAA, 0xBB, 0xBB, 
	0xBB, 0xBB, 0xBB, 0xBB, 0xBB, 0xBB, 0xCC, 0xCC, 0xCC, 0xCC, 0xCC, 0xCC, 0xCC, 0xCC, 0xCC, 
	0xCC, 0xCC, 0xCA, 0x87, 0x55, 0x66, 0x66, 0x66, 0x66, 0x66, 0x66, 0x66, 0x66, 0x66, 0x66, 
	0x55, 0x44, 0x44, 0x44, 0x45, 0x55, 0x55, 0x55, 0x55, 0x44, 0x33, 0x33, 0x34, 0x45, 0x55, 
	0x55, 0x55, 0x55, 0x55, 0x55, 0x55, 0x55, 0x55, 0x55, 0x55, 0x55, 0x55, 0x44, 0x33, 0x33, 
	0x33, 0x34, 0x55, 0x55, 0x55, 0x55, 0x55, 0x55, 0x55, 0x55, 0x43, 0x33, 0x33, 0x33, 0x33, 
	0x33, 0x33, 0x33, 0x33, 0x33, 0x33, 0x33, 0x33, 0x33, 0x22, 0x22, 0x22, 0x22, 0x22, 0x22, 
	0x22, 0x22, 0x22, 0x23, 0x33, 0x33, 0x33, 0x33, 0x34, 0x44, 0x44, 0x44, 0x44, 0x44, 0x44, 
	0x22, 0x22, 0x22, 0x22, 0x33, 0x33, 0x33, 0x34, 0x44, 0x44, 0x54, 0x55, 0x55, 0x66, 0x77, 
	0x89, 0x9A, 0xBB, 0xBB, 0xBB, 0xBB, 0xBB, 0xBB, 0xBA, 0xBA, 0xAB, 0xA8, 0x65, 0x55, 0x44, 
	0x44, 0x44, 0x43, 0x34, 0x43, 0x33, 0x33, 0x44, 0x55, 0x55, 0x55, 0x55, 0x55, 0x55, 0x55, 
	0x55, 0x55, 0x55, 0x55, 0x55, 0x55, 0x55, 0x54, 0x43, 0x33, 0x45, 0x55, 0x55, 0x54, 0x44, 
	0x33, 0x33, 0x33, 0x34, 0x44, 0x55, 0x55, 0x55, 0x55, 0x55, 0x55, 0x55, 0x55, 0x55, 0x55, 
	0x55, 0x55, 0x55, 0x55, 0x55, 0x55, 0x55, 0x55, 0x55, 0x55, 0x55, 0x55, 0x55, 0x55, 0x55, 
	0x55, 0x55, 0x55, 0x55, 0x55, 0x55, 0x56, 0x79, 0xAA, 0x9A, 0x99, 0x99, 0x99, 0x99, 0x99, 
	0x99, 0x99, 0x99, 0x99, 0x99, 0x99, 0x99, 0x99, 0x99, 0x99, 0x99, 0x99, 0x99, 0x99, 0x99, 
	0x98, 0x88, 0x88, 0x88, 0x88, 0x88, 0x88, 0x88, 0x88, 0x88, 0x88, 0x88, 0x88, 0x88, 0x88, 
	0x87, 0x77, 0x77, 0x77, 0x66, 0x66, 0x66, 0x66, 0x66, 0x66, 0x66, 0x66, 0x66, 0x78, 0xAD, 
	0xFF, 0xFF, 0xFF, 0xFF, 0xFF, 0xFF, 0xFF, 0xFF, 0xFF, 0xFF, 0xFF, 0xFF, 0xFF, 0xFF, 0xFF, 
	0xDA, 0x76, 0x66, 0x66, 0x66, 0x66, 0x66, 0x66, 0x66, 0x66, 0x66, 0x66, 0x66, 0x66, 0x66, 
	0x66, 0x66, 0x66, 0x67, 0x66, 0x67, 0x99, 0x9A, 0xAA, 0xAA, 0xAA, 0xAA, 0xAA, 0xBB, 0xBB, 
	0xBB, 0xBB, 0xBB, 0xBB, 0xBB, 0xBB, 0xCC, 0xCC, 0xCC, 0xCC, 0xCC, 0xCC, 0xCC, 0xCC, 0xCC, 
	0xCC, 0xCC, 0xCB, 0x97, 0x65, 0x56, 0x66, 0x66, 0x66, 0x66, 0x66, 0x66, 0x66, 0x66, 0x55, 
	0x54, 0x44, 0x43, 0x44, 0x55, 0x55, 0x55, 0x55, 0x55, 0x44, 0x33, 0x33, 0x34, 0x45, 0x55, 
	0x55, 0x55, 0x55, 0x55, 0x55, 0x55, 0x55, 0x55, 0x55, 0x55, 0x55, 0x55, 0x44, 0x33, 0x33, 
	0x33, 0x44, 0x55, 0x55, 0x55, 0x55, 0x55, 0x55, 0x55, 0x55, 0x43, 0x33, 0x33, 0x33, 0x33, 
	0x33, 0x33, 0x33, 0x33, 0x33, 0x33, 0x33, 0x33, 0x22, 0x22, 0x22, 0x22, 0x22, 0x22, 0x22, 
	0x22, 0x22, 0x22, 0x33, 0x33, 0x33, 0x33, 0x33, 0x34, 0x44, 0x44, 0x44, 0x33, 0x33, 0x33, 
	0x22, 0x22, 0x22, 0x22, 0x33, 0x33, 0x33, 0x34, 0x44, 0x44, 0x44, 0x55, 0x55, 0x56, 0x66, 
	0x77, 0x89, 0xAB, 0xBB, 0xBB, 0xBB, 0xAA, 0xAB, 0xBA, 0xAA, 0xAA, 0x97, 0x65, 0x55, 0x44, 
	0x44, 0x44, 0x43, 0x33, 0x33, 0x33, 0x44, 0x45, 0x55, 0x55, 0x55, 0x55, 0x55, 0x55, 0x55, 
	0x55, 0x55, 0x55, 0x55, 0x55, 0x55, 0x55, 0x54, 0x43, 0x33, 0x45, 0x55, 0x55, 0x55, 0x44, 
	0x44, 0x43, 0x33, 0x33, 0x34, 0x45, 0x55, 0x55, 0x55, 0x55, 0x55, 0x55, 0x55, 0x55, 0x55, 
	0x55, 0x55, 0x55, 0x55, 0x55, 0x55, 0x55, 0x55, 0x55, 0x55, 0x55, 0x55, 0x55, 0x55, 0x55, 
	0x55, 0x55, 0x55, 0x55, 0x55, 0x55, 0x56, 0x89, 0xAA, 0x9A, 0x99, 0x99, 0x99, 0x99, 0x99, 
	0x99, 0x99, 0x99, 0x99, 0x99, 0x99, 0x99, 0x99, 0x99, 0x99, 0x99, 0x99, 0x99, 0x99, 0x99, 
	0x99, 0x88, 0x88, 0x88, 0x88, 0x88, 0x88, 0x88, 0x88, 0x88, 0x88, 0x88, 0x88, 0x88, 0x88, 
	0x87, 0x77, 0x77, 0x66, 0x66, 0x66, 0x66, 0x66, 0x66, 0x66, 0x66, 0x66, 0x66, 0x67, 0xAC, 
	0xEF, 0xFF, 0xFF, 0xFF, 0xFF, 0xFF, 0xFF, 0xFF, 0xFF, 0xFF, 0xFF, 0xFF, 0xFF, 0xFF, 0xFF, 
	0xDB, 0x87, 0x66, 0x66, 0x66, 0x66, 0x66, 0x66, 0x66, 0x66, 0x66, 0x66, 0x66, 0x66, 0x66, 
	0x67, 0x76, 0x66, 0x66, 0x77, 0x89, 0x99, 0x9A, 0xAA, 0xAA, 0xAA, 0xAA, 0xAA, 0xBB, 0xBB, 
	0xBB, 0xBB, 0xBB, 0xBB, 0xBB, 0xBB, 0xBC, 0xCC, 0xCC, 0xCC, 0xCC, 0xCC, 0xCC, 0xCC, 0xCC, 
	0xCC, 0xCC, 0xCB, 0xA8, 0x76, 0x56, 0x66, 0x66, 0x66, 0x66, 0x66, 0x66, 0x66, 0x66, 0x55, 
	0x44, 0x44, 0x44, 0x44, 0x55, 0x55, 0x55, 0x55, 0x55, 0x44, 0x33, 0x33, 0x34, 0x45, 0x55, 
	0x55, 0x55, 0x55, 0x55, 0x55, 0x55, 0x55, 0x55, 0x55, 0x55, 0x55, 0x55, 0x44, 0x33, 0x33, 
	0x33, 0x44, 0x55, 0x55, 0x55, 0x55, 0x55, 0x55, 0x55, 0x54, 0x33, 0x23, 0x33, 0x33, 0x33, 
	0x33, 0x33, 0x33, 0x33, 0x33, 0x33, 0x22, 0x22, 0x22, 0x22, 0x22, 0x22, 0x22, 0x22, 0x22, 
	0x22, 0x22, 0x22, 0x23, 0x33, 0x33, 0x33, 0x33, 0x33, 0x33, 0x33, 0x33, 0x33, 0x32, 0x22, 
	0x22, 0x22, 0x22, 0x22, 0x33, 0x33, 0x33, 0x33, 0x44, 0x44, 0x44, 0x44, 0x55, 0x55, 0x56, 
	0x66, 0x78, 0x99, 0xAA, 0xAB, 0xAA, 0xAA, 0xAA, 0xBB, 0xAA, 0xAA, 0x86, 0x55, 0x55, 0x44, 
	0x44, 0x44, 0x43, 0x33, 0x33, 0x44, 0x45, 0x55, 0x55, 0x55, 0x55, 0x55, 0x55, 0x55, 0x55, 
	0x55, 0x55, 0x55, 0x55, 0x55, 0x55, 0x55, 0x54, 0x43, 0x33, 0x45, 0x55, 0x55, 0x55, 0x55, 
	0x54, 0x44, 0x43, 0x33, 0x33, 0x44, 0x45, 0x55, 0x55, 0x55, 0x55, 0x55, 0x55, 0x55, 0x55, 
	0x55, 0x55, 0x55, 0x55, 0x55, 0x55, 0x55, 0x55, 0x55, 0x55, 0x55, 0x55, 0x55, 0x55, 0x55, 
	0x55, 0x55, 0x55, 0x55, 0x55, 0x55, 0x67, 0x89, 0xAA, 0x9A, 0x99, 0x99, 0x99, 0x99, 0x99, 
	0x99, 0x99, 0x99, 0x99, 0x99, 0x99, 0x99, 0x99, 0x99, 0x99, 0x99, 0x99, 0x99, 0x99, 0x99, 
	0x99, 0x98, 0x88, 0x88, 0x88, 0x88, 0x88, 0x88, 0x88, 0x88, 0x88, 0x88, 0x88, 0x88, 0x88, 
	0x87, 0x77, 0x76, 0x66, 0x66, 0x66, 0x66, 0x66, 0x66, 0x66, 0x66, 0x66, 0x66, 0x67, 0x9B, 
	0xDF, 0xFF, 0xFF, 0xFF, 0xFF, 0xFF, 0xFF, 0xFF, 0xFF, 0xFF, 0xFF, 0xFF, 0xFF, 0xFF, 0xFF, 
	0xEC, 0x97, 0x67, 0x66, 0x66, 0x66, 0x66, 0x66, 0x66, 0x66, 0x66, 0x66, 0x66, 0x66, 0x66, 
	0x66, 0x66, 0x66, 0x77, 0x8A, 0xBB, 0xBA, 0xAA, 0x9A, 0xAA, 0xAA, 0xAA, 0xAA, 0xBB, 0xBB, 
	0xBB, 0xBB, 0xBB, 0xBB, 0xBB, 0xBB, 0xBB, 0xBC, 0xCC, 0xCC, 0xCC, 0xCC, 0xCC, 0xCC, 0xCC, 
	0xCC, 0xCC, 0xCC, 0xB9, 0x86, 0x55, 0x55, 0x55, 0x55, 0x55, 0x66, 0x66, 0x66, 0x65, 0x54, 
	0x44, 0x44, 0x44, 0x45, 0x55, 0x55, 0x55, 0x55, 0x55, 0x44, 0x33, 0x33, 0x34, 0x45, 0x55, 
	0x55, 0x55, 0x55, 0x55, 0x55, 0x55, 0x55, 0x55, 0x55, 0x55, 0x55, 0x54, 0x43, 0x33, 0x33, 
	0x34, 0x45, 0x55, 0x55, 0x55, 0x55, 0x55, 0x55, 0x55, 0x43, 0x32, 0x22, 0x23, 0x22, 0x22, 
	0x33, 0x33, 0x33, 0x33, 0x33, 0x22, 0x22, 0x22, 0x22, 0x22, 0x22, 0x22, 0x22, 0x22, 0x22, 
	0x22, 0x22, 0x22, 0x22, 0x33, 0x33, 0x33, 0x33, 0x33, 0x33, 0x33, 0x22, 0x22, 0x22, 0x22, 
	0x22, 0x22, 0x22, 0x22, 0x33, 0x33, 0x33, 0x33, 0x33, 0x44, 0x44, 0x44, 0x45, 0x55, 0x56, 
	0x66, 0x66, 0x77, 0x89, 0xAB, 0xBB, 0xAA, 0xAA, 0xAA, 0xAA, 0xA9, 0x75, 0x55, 0x55, 0x44, 
	0x44, 0x44, 0x43, 0x34, 0x44, 0x44, 0x55, 0x55, 0x55, 0x55, 0x55, 0x55, 0x55, 0x55, 0x55, 
	0x55, 0x55, 0x55, 0x55, 0x55, 0x55, 0x55, 0x54, 0x43, 0x33, 0x45, 0x55, 0x55, 0x55, 0x55, 
	0x55, 0x54, 0x44, 0x33, 0x33, 0x33, 0x44, 0x45, 0x55, 0x55, 0x55, 0x55, 0x55, 0x55, 0x55, 
	0x55, 0x55, 0x55, 0x55, 0x55, 0x55, 0x55, 0x55, 0x55, 0x55, 0x55, 0x55, 0x55, 0x55, 0x55, 
	0x55, 0x55, 0x55, 0x55, 0x55, 0x55, 0x67, 0x89, 0xAA, 0x9A, 0x99, 0x99, 0x99, 0x99, 0x99, 
	0x99, 0x99, 0x99, 0x99, 0x99, 0x99, 0x99, 0x99, 0x99, 0x99, 0x99, 0x99, 0x99, 0x99, 0x99, 
	0x99, 0x88, 0x88, 0x88, 0x88, 0x88, 0x88, 0x88, 0x88, 0x88, 0x88, 0x88, 0x88, 0x88, 0x88, 
	0x87, 0x77, 0x76, 0x66, 0x66, 0x66, 0x66, 0x66, 0x66, 0x66, 0x66, 0x66, 0x66, 0x67, 0x8A, 
	0xDE, 0xFF, 0xFF, 0xFF, 0xFF, 0xFF, 0xFF, 0xFF, 0xFF, 0xFF, 0xFF, 0xFE, 0xEF, 0xFF, 0xFF, 
	0xED, 0xA7, 0x67, 0x66, 0x66, 0x66, 0x66, 0x66, 0x66, 0x66, 0x66, 0x66, 0x66, 0x66, 0x67, 
	0x66, 0x67, 0x89, 0x9A, 0xBC, 0xEE, 0xDC, 0xAA, 0xAA, 0xAA, 0xAA, 0xAA, 0xAA, 0xBB, 0xBB, 
	0xBB, 0xBB, 0xBB, 0xBB, 0xBB, 0xBB, 0xBB, 0xBB, 0xBB, 0xBC, 0xCC, 0xCC, 0xCC, 0xCC, 0xCC, 
	0xCC, 0xCC, 0xCB, 0xBA, 0x87, 0x65, 0x55, 0x55, 0x55, 0x55, 0x55, 0x55, 0x55, 0x55, 0x54, 
	0x44, 0x44, 0x44, 0x45, 0x55, 0x55, 0x55, 0x55, 0x55, 0x44, 0x33, 0x33, 0x33, 0x45, 0x55, 
	0x55, 0x55, 0x55, 0x55, 0x55, 0x55, 0x55, 0x55, 0x55, 0x55, 0x55, 0x44, 0x43, 0x33, 0x33, 
	0x44, 0x45, 0x55, 0x55, 0x55, 0x55, 0x55, 0x55, 0x54, 0x43, 0x22, 0x22, 0x22, 0x22, 0x22, 
	0x33, 0x33, 0x22, 0x22, 0x22, 0x22, 0x22, 0x22, 0x22, 0x22, 0x22, 0x22, 0x22, 0x22, 0x22, 
	0x22, 0x22, 0x22, 0x22, 0x22, 0x22, 0x22, 0x22, 0x22, 0x22, 0x22, 0x22, 0x22, 0x22, 0x22, 
	0x22, 0x22, 0x22, 0x22, 0x33, 0x33, 0x33, 0x33, 0x33, 0x44, 0x44, 0x44, 0x45, 0x55, 0x55, 
	0x66, 0x55, 0x56, 0x78, 0x9A, 0xAA, 0xBA, 0xAA, 0xAA, 0xAA, 0xA8, 0x65, 0x45, 0x54, 0x44, 
	0x44, 0x44, 0x33, 0x34, 0x44, 0x55, 0x55, 0x55, 0x55, 0x55, 0x55, 0x55, 0x55, 0x55, 0x55, 
	0x55, 0x55, 0x55, 0x55, 0x55, 0x55, 0x55, 0x54, 0x43, 0x33, 0x45, 0x55, 0x55, 0x55, 0x55, 
	0x55, 0x55, 0x54, 0x44, 0x33, 0x33, 0x34, 0x44, 0x45, 0x55, 0x55, 0x55, 0x55, 0x55, 0x55, 
	0x55, 0x55, 0x55, 0x55, 0x55, 0x55, 0x55, 0x55, 0x55, 0x55, 0x55, 0x55, 0x55, 0x55, 0x55, 
	0x55, 0x55, 0x55, 0x55, 0x55, 0x55, 0x67, 0x89, 0xAA, 0x9A, 0x99, 0x99, 0x99, 0x99, 0x99, 
	0x99, 0x99, 0x99, 0x99, 0x99, 0x99, 0x99, 0x99, 0x99, 0x99, 0x99, 0x99, 0x99, 0x99, 0x99, 
	0x98, 0x88, 0x88, 0x88, 0x88, 0x88, 0x88, 0x88, 0x88, 0x88, 0x88, 0x88, 0x88, 0x88, 0x88, 
	0x87, 0x77, 0x66, 0x66, 0x66, 0x66, 0x66, 0x66, 0x66, 0x66, 0x66, 0x66, 0x66, 0x66, 0x79, 
	0xCE, 0xFF, 0xFF, 0xFF, 0xFF, 0xFF, 0xFF, 0xFF, 0xFE, 0xED, 0xDC, 0xCC, 0xDD, 0xDE, 0xEE, 
	0xED, 0xA8, 0x77, 0x66, 0x66, 0x67, 0x66, 0x66, 0x66, 0x66, 0x66, 0x66, 0x66, 0x66, 0x66, 
	0x67, 0x89, 0xBC, 0xDD, 0xEE, 0xFF, 0xFD, 0xCA, 0xAA, 0xAA, 0xAA, 0xAB, 0xAA, 0xBB, 0xBB, 
	0xBB, 0xBB, 0xBB, 0xBB, 0xBB, 0xBB, 0xBB, 0xBB, 0xBB, 0xBB, 0xCC, 0xCC, 0xCC, 0xBB, 0xBB, 
	0xCC, 0xCC, 0xBB, 0xBB, 0x98, 0x65, 0x55, 0x55, 0x55, 0x55, 0x55, 0x55, 0x55, 0x55, 0x44, 
	0x34, 0x44, 0x45, 0x55, 0x55, 0x55, 0x55, 0x55, 0x55, 0x54, 0x33, 0x33, 0x33, 0x45, 0x55, 
	0x55, 0x55, 0x55, 0x55, 0x55, 0x55, 0x55, 0x55, 0x55, 0x55, 0x55, 0x44, 0x33, 0x33, 0x33, 
	0x45, 0x55, 0x55, 0x55, 0x55, 0x55, 0x55, 0x55, 0x54, 0x33, 0x22, 0x22, 0x22, 0x22, 0x22, 
	0x33, 0x32, 0x22, 0x22, 0x22, 0x22, 0x22, 0x22, 0x22, 0x22, 0x22, 0x22, 0x22, 0x22, 0x22, 
	0x22, 0x22, 0x22, 0x22, 0x22, 0x22, 0x22, 0x22, 0x22, 0x22, 0x22, 0x22, 0x22, 0x22, 0x22, 
	0x22, 0x22, 0x22, 0x22, 0x22, 0x33, 0x33, 0x33, 0x33, 0x34, 0x44, 0x44, 0x44, 0x54, 0x55, 
	0x55, 0x55, 0x55, 0x56, 0x78, 0x99, 0xAA, 0xAA, 0xAA, 0xAA, 0x98, 0x54, 0x44, 0x44, 0x44, 
	0x44, 0x43, 0x33, 0x34, 0x45, 0x55, 0x55, 0x55, 0x55, 0x55, 0x55, 0x55, 0x55, 0x55, 0x55, 
	0x55, 0x55, 0x55, 0x55, 0x55, 0x55, 0x55, 0x54, 0x43, 0x33, 0x45, 0x55, 0x55, 0x55, 0x55, 
	0x55, 0x55, 0x55, 0x55, 0x44, 0x33, 0x33, 0x44, 0x45, 0x55, 0x55, 0x55, 0x55, 0x55, 0x55, 
	0x55, 0x55, 0x55, 0x55, 0x55, 0x55, 0x55, 0x55, 0x55, 0x55, 0x55, 0x55, 0x55, 0x55, 0x55, 
	0x55, 0x55, 0x55, 0x55, 0x55, 0x55, 0x67, 0x99, 0xAA, 0x9A, 0x99, 0x99, 0x99, 0x99, 0x99, 
	0x99, 0x99, 0x99, 0x99, 0x99, 0x99, 0x99, 0x99, 0x99, 0x99, 0x99, 0x99, 0x99, 0x99, 0x99, 
	0x99, 0x88, 0x88, 0x88, 0x88, 0x88, 0x88, 0x88, 0x88, 0x88, 0x88, 0x88, 0x88, 0x88, 0x88, 
	0x77, 0x77, 0x66, 0x66, 0x66, 0x66, 0x66, 0x66, 0x66, 0x66, 0x66, 0x66, 0x66, 0x66, 0x78, 
	0xBD, 0xFF, 0xFF, 0xFF, 0xFF, 0xFF, 0xED, 0xCB, 0xBA, 0x99, 0x99, 0x99, 0x99, 0xAA, 0xAB, 
	0xBB, 0xA9, 0x87, 0x77, 0x66, 0x66, 0x66, 0x66, 0x66, 0x66, 0x66, 0x66, 0x66, 0x66, 0x67, 
	0x89, 0xBC, 0xDE, 0xEF, 0xFF, 0xFF, 0xFF, 0xDB, 0xAA, 0xAA, 0xAA, 0xAA, 0xAA, 0xBB, 0xBB, 
	0xBB, 0xBB, 0xBB, 0xBB, 0xBB, 0xBB, 0xBB, 0xBB, 0xBB, 0xBB, 0xBB, 0xBB, 0xBB, 0xBB, 0xBB, 
	0xBC, 0xCC, 0xBB, 0xCB, 0xA9, 0x75, 0x55, 0x55, 0x55, 0x55, 0x55, 0x55, 0x55, 0x55, 0x43, 
	0x33, 0x33, 0x45, 0x55, 0x55, 0x55, 0x55, 0x55, 0x55, 0x54, 0x43, 0x33, 0x33, 0x44, 0x55, 
	0x55, 0x55, 0x55, 0x55, 0x55, 0x55, 0x55, 0x55, 0x55, 0x55, 0x54, 0x43, 0x33, 0x33, 0x34, 
	0x45, 0x55, 0x55, 0x55, 0x55, 0x55, 0x55, 0x55, 0x44, 0x32, 0x22, 0x22, 0x22, 0x22, 0x22, 
	0x22, 0x22, 0x22, 0x22, 0x22, 0x22, 0x22, 0x22, 0x22, 0x22, 0x22, 0x22, 0x22, 0x22, 0x22, 
	0x22, 0x22, 0x22, 0x22, 0x22, 0x22, 0x22, 0x22, 0x22, 0x22, 0x22, 0x22, 0x22, 0x22, 0x22, 
	0x22, 0x22, 0x22, 0x22, 0x22, 0x22, 0x33, 0x22, 0x33, 0x33, 0x33, 0x44, 0x44, 0x44, 0x45, 
	0x54, 0x55, 0x55, 0x55, 0x56, 0x78, 0x89, 0x99, 0x9A, 0xAA, 0x97, 0x54, 0x44, 0x44, 0x44, 
	0x33, 0x33, 0x33, 0x44, 0x55, 0x55, 0x55, 0x55, 0x55, 0x55, 0x55, 0x55, 0x55, 0x55, 0x55, 
	0x55, 0x55, 0x55, 0x55, 0x55, 0x55, 0x55, 0x54, 0x43, 0x33, 0x45, 0x55, 0x55, 0x55, 0x55, 
	0x55, 0x55, 0x55, 0x55, 0x54, 0x43, 0x33, 0x33, 0x44, 0x55, 0x55, 0x55, 0x55, 0x55, 0x55, 
	0x55, 0x55, 0x55, 0x55, 0x55, 0x55, 0x55, 0x55, 0x55, 0x55, 0x55, 0x55, 0x55, 0x55, 0x55, 
	0x55, 0x55, 0x55, 0x55, 0x55, 0x55, 0x68, 0x99, 0xAA, 0x99, 0x99, 0x99, 0x99, 0x99, 0x99, 
	0x99, 0x99, 0x99, 0x99, 0x99, 0x99, 0x99, 0x99, 0x99, 0x99, 0x99, 0x99, 0x99, 0x99, 0x99, 
	0x99, 0x99, 0x99, 0x99, 0x98, 0x88, 0x88, 0x88, 0x88, 0x88, 0x88, 0x88, 0x88, 0x88, 0x88, 
	0x77, 0x76, 0x66, 0x66, 0x66, 0x66, 0x66, 0x66, 0x66, 0x66, 0x66, 0x66, 0x66, 0x66, 0x68, 
	0xAD, 0xEF, 0xFF, 0xFF, 0xED, 0xCC, 0xA9, 0x88, 0x77, 0x77, 0x77, 0x77, 0x77, 0x77, 0x78, 
	0x89, 0x99, 0x98, 0x88, 0x77, 0x66, 0x67, 0x66, 0x66, 0x66, 0x66, 0x66, 0x66, 0x78, 0x9A, 
	0xBD, 0xEE, 0xFF, 0xFF, 0xFF, 0xFF, 0xFF, 0xED, 0xBA, 0xAA, 0xAA, 0xAA, 0xBB, 0xBB, 0xBB, 
	0xBB, 0xBB, 0xBB, 0xBB, 0xBB, 0xBB, 0xBB, 0xBB, 0xBB, 0xBB, 0xBB, 0xBB, 0xBB, 0xBB, 0xBB, 
	0xBB, 0xCC, 0xBB, 0xCB, 0xBA, 0x85, 0x55, 0x55, 0x55, 0x55, 0x55, 0x55, 0x55, 0x54, 0x43, 
	0x33, 0x34, 0x45, 0x55, 0x55, 0x55, 0x55, 0x55, 0x55, 0x54, 0x43, 0x33, 0x33, 0x44, 0x55, 
	0x55, 0x55, 0x55, 0x55, 0x55, 0x55, 0x55, 0x55, 0x55, 0x54, 0x44, 0x33, 0x33, 0x33, 0x44, 
	0x45, 0x55, 0x55, 0x55, 0x55, 0x55, 0x55, 0x54, 0x43, 0x22, 0x22, 0x22, 0x22, 0x22, 0x22, 
	0x22, 0x22, 0x22, 0x22, 0x22, 0x22, 0x22, 0x22, 0x22, 0x22, 0x22, 0x22, 0x22, 0x22, 0x22, 
	0x22, 0x22, 0x22, 0x22, 0x22, 0x22, 0x22, 0x22, 0x22, 0x22, 0x22, 0x22, 0x22, 0x22, 0x22, 
	0x22, 0x22, 0x22, 0x22, 0x22, 0x22, 0x22, 0x22, 0x33, 0x33, 0x33, 0x34, 0x44, 0x44, 0x44, 
	0x44, 0x44, 0x45, 0x55, 0x55, 0x67, 0x77, 0x77, 0x88, 0x99, 0x86, 0x54, 0x44, 0x44, 0x44, 
	0x33, 0x33, 0x34, 0x45, 0x55, 0x55, 0x55, 0x55, 0x55, 0x55, 0x55, 0x55, 0x55, 0x55, 0x55, 
	0x55, 0x55, 0x55, 0x55, 0x55, 0x55, 0x55, 0x54, 0x43, 0x34, 0x45, 0x55, 0x55, 0x55, 0x55, 
	0x55, 0x55, 0x55, 0x55, 0x54, 0x43, 0x33, 0x33, 0x44, 0x45, 0x55, 0x55, 0x55, 0x55, 0x55, 
	0x55, 0x55, 0x55, 0x55, 0x55, 0x55, 0x55, 0x55, 0x55, 0x55, 0x56, 0x66, 0x55, 0x55, 0x56, 
	0x55, 0x55, 0x55, 0x55, 0x55, 0x55, 0x78, 0x99, 0xA9, 0x99, 0x99, 0x99, 0x99, 0x99, 0x99, 
	0x99, 0x99, 0x99, 0x99, 0x99, 0x99, 0x99, 0x99, 0x99, 0x99, 0x99, 0x99, 0x99, 0x99, 0x99, 
	0x99, 0x99, 0x99, 0x99, 0x99, 0x88, 0x88, 0x88, 0x88, 0x88, 0x88, 0x88, 0x88, 0x88, 0x87, 
	0x76, 0x66, 0x66, 0x66, 0x66, 0x66, 0x66, 0x66, 0x66, 0x66, 0x66, 0x66, 0x66, 0x66, 0x67, 
	0x9C, 0xEF, 0xFF, 0xED, 0xCA, 0x98, 0x77, 0x66, 0x66, 0x66, 0x66, 0x66, 0x76, 0x66, 0x77, 
	0x77, 0x78, 0x88, 0x99, 0x98, 0x76, 0x66, 0x77, 0x66, 0x66, 0x66, 0x66, 0x67, 0x9A, 0xCD, 
	0xEE, 0xFF, 0xFF, 0xFF, 0xFF, 0xFF, 0xFF, 0xFE, 0xCB, 0xAA, 0xAA, 0xAA, 0xBB, 0xBB, 0xBB, 
	0xBB, 0xBB, 0xBB, 0xBB, 0xBB, 0xBB, 0xBB, 0xBB, 0xBB, 0xBB, 0xBB, 0xBB, 0xBB, 0xBB, 0xBB, 
	0xBB, 0xBB, 0xCB, 0xCB, 0xBA, 0x96, 0x55, 0x55, 0x55, 0x55, 0x55, 0x55, 0x55, 0x54, 0x43, 
	0x33, 0x44, 0x55, 0x55, 0x55, 0x55, 0x55, 0x55, 0x55, 0x54, 0x43, 0x33, 0x33, 0x44, 0x55, 
	0x55, 0x55, 0x55, 0x55, 0x55, 0x55, 0x55, 0x55, 0x55, 0x54, 0x43, 0x33, 0x33, 0x33, 0x44, 
	0x55, 0x55, 0x55, 0x55, 0x55, 0x55, 0x55, 0x54, 0x32, 0x22, 0x22, 0x22, 0x22, 0x22, 0x22, 
	0x22, 0x22, 0x22, 0x22, 0x22, 0x22, 0x22, 0x22, 0x22, 0x22, 0x22, 0x22, 0x22, 0x22, 0x22, 
	0x22, 0x22, 0x22, 0x22, 0x22, 0x22, 0x22, 0x22, 0x22, 0x22, 0x22, 0x22, 0x22, 0x22, 0x22, 
	0x22, 0x22, 0x22, 0x22, 0x22, 0x22, 0x22, 0x22, 0x33, 0x33, 0x33, 0x33, 0x44, 0x44, 0x44, 
	0x44, 0x44, 0x44, 0x44, 0x44, 0x56, 0x66, 0x66, 0x67, 0x77, 0x76, 0x55, 0x54, 0x44, 0x44, 
	0x43, 0x33, 0x44, 0x45, 0x55, 0x55, 0x55, 0x55, 0x55, 0x55, 0x55, 0x55, 0x55, 0x55, 0x55, 
	0x55, 0x55, 0x55, 0x55, 0x55, 0x55, 0x55, 0x54, 0x43, 0x34, 0x45, 0x55, 0x55, 0x55, 0x55, 
	0x55, 0x55, 0x55, 0x55, 0x55, 0x54, 0x43, 0x33, 0x33, 0x44, 0x55, 0x55, 0x55, 0x55, 0x55, 
	0x55, 0x55, 0x55, 0x55, 0x55, 0x55, 0x55, 0x55, 0x55, 0x55, 0x56, 0x66, 0x66, 0x66, 0x66, 
	0x65, 0x55, 0x55, 0x55, 0x55, 0x56, 0x78, 0x99, 0x99, 0x99, 0x99, 0x99, 0x99, 0x99, 0x99, 
	0x99, 0x99, 0x99, 0x99, 0x99, 0x99, 0x99, 0x99, 0x99, 0x99, 0x99, 0x99, 0x99, 0x99, 0x99, 
	0x99, 0x99, 0x99, 0x99, 0x99, 0x88, 0x88, 0x88, 0x88, 0x88, 0x88, 0x88, 0x88, 0x88, 0x87, 
	0x76, 0x66, 0x66, 0x66, 0x66, 0x66, 0x66, 0x66, 0x66, 0x66, 0x66, 0x66, 0x66, 0x66, 0x66, 
	0x8B, 0xEF, 0xED, 0xCA, 0x97, 0x76, 0x66, 0x66, 0x77, 0x66, 0x66, 0x66, 0x67, 0x77, 0x77, 
	0x77, 0x67, 0x78, 0x88, 0x99, 0x87, 0x76, 0x67, 0x66, 0x66, 0x66, 0x67, 0x9A, 0xCD, 0xEF, 
	0xFF, 0xFF, 0xFF, 0xFF, 0xFF, 0xFF, 0xFF, 0xFF, 0xDC, 0xAA, 0xAA, 0xAA, 0xBB, 0xBB, 0xBB, 
	0xBB, 0xBB, 0xBB, 0xBB, 0xBB, 0xBB, 0xBB, 0xBB, 0xBB, 0xBB, 0xBB, 0xBB, 0xBB, 0xBB, 0xBB, 
	0xBB, 0xBB, 0xBC, 0xBB, 0xBA, 0x97, 0x65, 0x55, 0x55, 0x55, 0x55, 0x55, 0x55, 0x44, 0x43, 
	0x33, 0x44, 0x55, 0x55, 0x55, 0x55, 0x55, 0x55, 0x55, 0x54, 0x43, 0x33, 0x33, 0x44, 0x55, 
	0x55, 0x55, 0x55, 0x55, 0x55, 0x55, 0x55, 0x55, 0x55, 0x44, 0x33, 0x33, 0x33, 0x34, 0x45, 
	0x55, 0x55, 0x55, 0x55, 0x55, 0x55, 0x55, 0x43, 0x32, 0x22, 0x22, 0x22, 0x22, 0x22, 0x22, 
	0x22, 0x22, 0x22, 0x22, 0x22, 0x22, 0x22, 0x22, 0x22, 0x22, 0x22, 0x22, 0x22, 0x22, 0x22, 
	0x22, 0x22, 0x22, 0x22, 0x22, 0x22, 0x22, 0x22, 0x22, 0x22, 0x22, 0x22, 0x22, 0x22, 0x22, 
	0x22, 0x22, 0x22, 0x22, 0x22, 0x22, 0x22, 0x22, 0x33, 0x33, 0x33, 0x33, 0x34, 0x43, 0x33, 
	0x44, 0x44, 0x44, 0x44, 0x44, 0x45, 0x66, 0x66, 0x66, 0x66, 0x66, 0x55, 0x55, 0x55, 0x54, 
	0x44, 0x33, 0x44, 0x55, 0x55, 0x55, 0x55, 0x55, 0x55, 0x55, 0x55, 0x55, 0x55, 0x55, 0x55, 
	0x55, 0x55, 0x55, 0x55, 0x55, 0x55, 0x55, 0x54, 0x43, 0x34, 0x45, 0x55, 0x55, 0x55, 0x55, 
	0x55, 0x55, 0x55, 0x55, 0x55, 0x55, 0x44, 0x33, 0x33, 0x34, 0x45, 0x55, 0x55, 0x55, 0x55, 
	0x55, 0x55, 0x55, 0x55, 0x55, 0x55, 0x55, 0x55, 0x55, 0x55, 0x66, 0x66, 0x66, 0x66, 0x66, 
	0x66, 0x55, 0x55, 0x55, 0x55, 0x56, 0x78, 0x99, 0x99, 0x99, 0x99, 0x99, 0x99, 0x99, 0x99, 
	0x99, 0x99, 0x99, 0x99, 0x99, 0x99, 0x99, 0x99, 0x99, 0x99, 0x99, 0x99, 0x99, 0x99, 0x99, 
	0x99, 0x99, 0x99, 0x99, 0x98, 0x88, 0x88, 0x88, 0x88, 0x88, 0x88, 0x88, 0x88, 0x88, 0x87, 
	0x76, 0x66, 0x66, 0x66, 0x66, 0x66, 0x66, 0x66, 0x66, 0x66, 0x66, 0x66, 0x66, 0x66, 0x66, 
	0x8A, 0xCD, 0xBA, 0x87, 0x66, 0x66, 0x66, 0x67, 0x77, 0x66, 0x66, 0x66, 0x67, 0x77, 0x77, 
	0x77, 0x77, 0x77, 0x77, 0x89, 0x99, 0x76, 0x66, 0x66, 0x66, 0x67, 0x9A, 0xCD, 0xEF, 0xFF, 
	0xFF, 0xFF, 0xFF, 0xFF, 0xFF, 0xFF, 0xFF, 0xFF, 0xFD, 0xBA, 0xAB, 0xBB, 0xBB, 0xBB, 0xBB, 
	0xBB, 0xBB, 0xBB, 0xBB, 0xBB, 0xBB, 0xBB, 0xBB, 0xBB, 0xBB, 0xBB, 0xBB, 0xBB, 0xBB, 0xBB, 
	0xBB, 0xBB, 0xBC, 0xBB, 0xBB, 0xA8, 0x65, 0x55, 0x55, 0x55, 0x55, 0x55, 0x55, 0x44, 0x33, 
	0x34, 0x45, 0x55, 0x55, 0x55, 0x55, 0x55, 0x55, 0x55, 0x54, 0x43, 0x33, 0x33, 0x44, 0x55, 
	0x55, 0x55, 0x55, 0x55, 0x55, 0x55, 0x55, 0x55, 0x54, 0x44, 0x33, 0x33, 0x33, 0x44, 0x45, 
	0x55, 0x55, 0x55, 0x55, 0x55, 0x55, 0x55, 0x43, 0x22, 0x22, 0x22, 0x22, 0x22, 0x22, 0x22, 
	0x22, 0x22, 0x22, 0x22, 0x22, 0x22, 0x22, 0x22, 0x22, 0x22, 0x22, 0x22, 0x22, 0x22, 0x22, 
	0x22, 0x22, 0x22, 0x22, 0x22, 0x22, 0x22, 0x22, 0x22, 0x22, 0x22, 0x22, 0x22, 0x22, 0x22, 
	0x22, 0x22, 0x22, 0x22, 0x22, 0x22, 0x22, 0x22, 0x33, 0x33, 0x33, 0x33, 0x33, 0x33, 0x33, 
	0x33, 0x33, 0x44, 0x44, 0x44, 0x45, 0x56, 0x66, 0x66, 0x55, 0x55, 0x55, 0x55, 0x55, 0x55, 
	0x44, 0x33, 0x45, 0x55, 0x55, 0x55, 0x55, 0x55, 0x55, 0x55, 0x55, 0x55, 0x55, 0x55, 0x55, 
	0x55, 0x55, 0x55, 0x55, 0x55, 0x55, 0x55, 0x54, 0x43, 0x34, 0x45, 0x55, 0x55, 0x55, 0x55, 
	0x55, 0x55, 0x55, 0x55, 0x55, 0x55, 0x54, 0x43, 0x33, 0x33, 0x44, 0x55, 0x55, 0x55, 0x55, 
	0x55, 0x55, 0x55, 0x55, 0x55, 0x55, 0x55, 0x66, 0x66, 0x66, 0x66, 0x66, 0x66, 0x66, 0x66, 
	0x66, 0x55, 0x65, 0x55, 0x55, 0x66, 0x89, 0x99, 0x99, 0x99, 0x99, 0x99, 0x99, 0x99, 0x99, 
	0x99, 0x99, 0x99, 0x99, 0x99, 0x99, 0x99, 0x99, 0x99, 0x99, 0x99, 0x99, 0x99, 0x99, 0x99, 
	0x99, 0x99, 0x99, 0x99, 0x98, 0x88, 0x88, 0x88, 0x88, 0x88, 0x88, 0x88, 0x88, 0x88, 0x77, 
	0x76, 0x66, 0x66, 0x66, 0x66, 0x66, 0x66, 0x66, 0x66, 0x66, 0x66, 0x66, 0x66, 0x66, 0x67, 
	0x79, 0x99, 0x87, 0x66, 0x66, 0x66, 0x66, 0x77, 0x76, 0x66, 0x77, 0x77, 0x77, 0x77, 0x77, 
	0x77, 0x77, 0x77, 0x67, 0x78, 0x99, 0x97, 0x76, 0x66, 0x77, 0x9A, 0xCD, 0xEF, 0xFF, 0xFF, 
	0xFF, 0xFF, 0xFF, 0xFF, 0xFF, 0xFF, 0xFF, 0xFF, 0xFE, 0xCA, 0xAB, 0xBB, 0xBA, 0xBB, 0xBB, 
	0xBB, 0xBB, 0xBB, 0xBB, 0xBB, 0xBB, 0xBB, 0xBB, 0xBB, 0xBB, 0xBB, 0xBB, 0xBB, 0xBB, 0xBB, 
	0xBB, 0xBB, 0xBC, 0xBB, 0xBB, 0xA9, 0x75, 0x55, 0x55, 0x55, 0x55, 0x55, 0x54, 0x43, 0x33, 
	0x34, 0x45, 0x55, 0x55, 0x55, 0x55, 0x55, 0x55, 0x55, 0x55, 0x43, 0x33, 0x33, 0x34, 0x45, 
	0x55, 0x55, 0x55, 0x55, 0x55, 0x55, 0x55, 0x55, 0x44, 0x33, 0x33, 0x33, 0x34, 0x44, 0x55, 
	0x55, 0x55, 0x55, 0x55, 0x55, 0x55, 0x54, 0x32, 0x22, 0x22, 0x22, 0x22, 0x22, 0x22, 0x22, 
	0x22, 0x22, 0x22, 0x22, 0x22, 0x22, 0x22, 0x22, 0x22, 0x22, 0x22, 0x22, 0x22, 0x22, 0x22, 
	0x22, 0x22, 0x22, 0x22, 0x22, 0x22, 0x22, 0x22, 0x22, 0x22, 0x22, 0x22, 0x22, 0x22, 0x22, 
	0x22, 0x22, 0x22, 0x22, 0x22, 0x22, 0x22, 0x22, 0x33, 0x33, 0x33, 0x33, 0x33, 0x33, 0x33, 
	0x33, 0x33, 0x33, 0x33, 0x33, 0x44, 0x55, 0x66, 0x66, 0x65, 0x55, 0x55, 0x55, 0x55, 0x55, 
	0x43, 0x34, 0x45, 0x55, 0x55, 0x55, 0x55, 0x55, 0x55, 0x55, 0x55, 0x55, 0x55, 0x55, 0x55, 
	0x55, 0x55, 0x55, 0x55, 0x55, 0x55, 0x55, 0x54, 0x33, 0x34, 0x45, 0x55, 0x55, 0x55, 0x55, 
	0x55, 0x55, 0x55, 0x55, 0x55, 0x55, 0x55, 0x44, 0x43, 0x33, 0x44, 0x45, 0x55, 0x55, 0x55, 
	0x55, 0x55, 0x55, 0x55, 0x55, 0x55, 0x66, 0x66, 0x66, 0x66, 0x66, 0x66, 0x66, 0x66, 0x66, 
	0x66, 0x66, 0x66, 0x56, 0x55, 0x67, 0x89, 0x99, 0x99, 0x99, 0x99, 0x99, 0x99, 0x99, 0x99, 
	0x99, 0x99, 0x99, 0x99, 0x99, 0x99, 0x99, 0x99, 0x99, 0x99, 0x99, 0x99, 0x99, 0x99, 0x99, 
	0x99, 0x99, 0x99, 0x99, 0x98, 0x88, 0x88, 0x88, 0x88, 0x88, 0x88, 0x88, 0x88, 0x88, 0x77, 
	0x66, 0x66, 0x66, 0x66, 0x66, 0x66, 0x66, 0x66, 0x66, 0x66, 0x66, 0x66, 0x66, 0x66, 0x77, 
	0x77, 0x77, 0x66, 0x66, 0x77, 0x76, 0x67, 0x77, 0x76, 0x67, 0x77, 0x77, 0x77, 0x77, 0x77, 
	0x77, 0x77, 0x76, 0x77, 0x76, 0x78, 0x99, 0x87, 0x67, 0x9A, 0xCE, 0xEF, 0xFF, 0xFF, 0xFF, 
	0xFF, 0xFF, 0xFF, 0xFF, 0xFF, 0xFF, 0xFF, 0xFF, 0xFF, 0xDB, 0xAA, 0xBA, 0xAA, 0xBB, 0xBB, 
	0xBB, 0xBB, 0xBB, 0xBB, 0xBB, 0xBB, 0xBB, 0xBB, 0xBB, 0xBB, 0xBB, 0xBB, 0xBB, 0xBB, 0xBB, 
	0xBB, 0xBB, 0xBB, 0xBB, 0xBB, 0xBA, 0x86, 0x55, 0x55, 0x55, 0x55, 0x55, 0x54, 0x33, 0x33, 
	0x34, 0x55, 0x55, 0x55, 0x55, 0x55, 0x55, 0x55, 0x55, 0x55, 0x44, 0x33, 0x33, 0x33, 0x45, 
	0x55, 0x55, 0x55, 0x55, 0x55, 0x55, 0x55, 0x44, 0x44, 0x33, 0x33, 0x33, 0x44, 0x45, 0x55, 
	0x55, 0x55, 0x55, 0x55, 0x55, 0x55, 0x44, 0x32, 0x22, 0x22, 0x22, 0x22, 0x22, 0x22, 0x22, 
	0x22, 0x22, 0x22, 0x22, 0x22, 0x22, 0x22, 0x22, 0x22, 0x22, 0x22, 0x22, 0x22, 0x22, 0x22, 
	0x22, 0x22, 0x22, 0x22, 0x22, 0x22, 0x22, 0x22, 0x22, 0x22, 0x22, 0x22, 0x22, 0x22, 0x22, 
	0x22, 0x22, 0x22, 0x22, 0x22, 0x22, 0x22, 0x22, 0x22, 0x22, 0x33, 0x33, 0x33, 0x33, 0x33, 
	0x33, 0x33, 0x33, 0x33, 0x33, 0x33, 0x44, 0x56, 0x66, 0x65, 0x55, 0x55, 0x55, 0x55, 0x54, 
	0x43, 0x34, 0x45, 0x55, 0x55, 0x55, 0x55, 0x55, 0x55, 0x55, 0x55, 0x55, 0x55, 0x55, 0x55, 
	0x55, 0x55, 0x55, 0x55, 0x55, 0x55, 0x55, 0x54, 0x33, 0x34, 0x45, 0x55, 0x55, 0x55, 0x55, 
	0x55, 0x55, 0x55, 0x55, 0x55, 0x55, 0x55, 0x55, 0x44, 0x33, 0x33, 0x44, 0x55, 0x55, 0x55, 
	0x55, 0x55, 0x55, 0x56, 0x66, 0x66, 0x66, 0x66, 0x66, 0x66, 0x66, 0x66, 0x66, 0x66, 0x66, 
	0x66, 0x66, 0x66, 0x66, 0x65, 0x67, 0x89, 0x99, 0x99, 0x99, 0x99, 0x99, 0x99, 0x99, 0x99, 
	0x99, 0x99, 0x99, 0x99, 0x99, 0x99, 0x99, 0x99, 0x99, 0x99, 0x99, 0x99, 0x99, 0x99, 0x99, 
	0x99, 0x99, 0x99, 0x99, 0x98, 0x88, 0x88, 0x88, 0x88, 0x88, 0x88, 0x88, 0x88, 0x88, 0x76, 
	0x66, 0x66, 0x66, 0x66, 0x66, 0x66, 0x66, 0x66, 0x66, 0x66, 0x66, 0x66, 0x66, 0x67, 0x77, 
	0x77, 0x76, 0x66, 0x66, 0x77, 0x66, 0x77, 0x76, 0x67, 0x77, 0x77, 0x77, 0x77, 0x77, 0x77, 
	0x77, 0x77, 0x77, 0x77, 0x77, 0x77, 0x89, 0x99, 0x9A, 0xCD, 0xEF, 0xFF, 0xFF, 0xFF, 0xFF, 
	0xFF, 0xFF, 0xFF, 0xFF, 0xFF, 0xFF, 0xFF, 0xFF, 0xFF, 0xEC, 0xBA, 0xAA, 0xAB, 0xBB, 0xBB, 
	0xBB, 0xBB, 0xBB, 0xBB, 0xBB, 0xBB, 0xBB, 0xBB, 0xBB, 0xBB, 0xBB, 0xBB, 0xBB, 0xBB, 0xBB, 
	0xBB, 0xBB, 0xBB, 0xBB, 0xBB, 0xBA, 0x86, 0x55, 0x55, 0x55, 0x55, 0x55, 0x44, 0x33, 0x33, 
	0x34, 0x45, 0x55, 0x55, 0x55, 0x55, 0x55, 0x55, 0x55, 0x55, 0x44, 0x33, 0x33, 0x33, 0x45, 
	0x55, 0x55, 0x55, 0x55, 0x55, 0x55, 0x54, 0x44, 0x33, 0x33, 0x33, 0x34, 0x44, 0x55, 0x55, 
	0x55, 0x55, 0x55, 0x55, 0x55, 0x54, 0x43, 0x22, 0x22, 0x22, 0x22, 0x22, 0x22, 0x22, 0x22, 
	0x22, 0x22, 0x22, 0x22, 0x22, 0x22, 0x22, 0x22, 0x22, 0x22, 0x22, 0x22, 0x22, 0x22, 0x22, 
	0x22, 0x22, 0x22, 0x22, 0x22, 0x22, 0x22, 0x22, 0x22, 0x22, 0x22, 0x22, 0x22, 0x22, 0x22, 
	0x22, 0x22, 0x22, 0x22, 0x22, 0x22, 0x22, 0x22, 0x22, 0x22, 0x23, 0x33, 0x33, 0x33, 0x33, 
	0x33, 0x33, 0x33, 0x33, 0x33, 0x33, 0x34, 0x55, 0x66, 0x55, 0x55, 0x55, 0x55, 0x55, 0x54, 
	0x33, 0x34, 0x45, 0x55, 0x55, 0x55, 0x55, 0x55, 0x55, 0x55, 0x55, 0x55, 0x55, 0x55, 0x55, 
	0x55, 0x55, 0x55, 0x55, 0x55, 0x55, 0x55, 0x54, 0x33, 0x34, 0x45, 0x55, 0x55, 0x55, 0x55, 
	0x55, 0x55, 0x55, 0x55, 0x55, 0x55, 0x55, 0x55, 0x54, 0x33, 0x33, 0x44, 0x45, 0x55, 0x55, 
	0x55, 0x55, 0x55, 0x66, 0x66, 0x66, 0x66, 0x66, 0x66, 0x66, 0x66, 0x66, 0x66, 0x66, 0x66, 
	0x66, 0x66, 0x66, 0x66, 0x55, 0x67, 0x89, 0x99, 0x99, 0x99, 0x99, 0x99, 0x99, 0x99, 0x99, 
	0x99, 0x99, 0x99, 0x99, 0x99, 0x99, 0x99, 0x99, 0x99, 0x99, 0x99, 0x99, 0x99, 0x99, 0x99, 
	0x99, 0x99, 0x99, 0x99, 0x98, 0x88, 0x88, 0x88, 0x88, 0x88, 0x88, 0x88, 0x88, 0x87, 0x76, 
	0x66, 0x66, 0x66, 0x66, 0x66, 0x66, 0x66, 0x66, 0x66, 0x66, 0x66, 0x66, 0x67, 0x77, 0x77, 
	0x77, 0x77, 0x77, 0x77, 0x76, 0x67, 0x77, 0x66, 0x67, 0x77, 0x77, 0x77, 0x77, 0x77, 0x77, 
	0x77, 0x77, 0x77, 0x77, 0x77, 0x77, 0x78, 0x9A, 0xCD, 0xEF, 0xFF, 0xFF, 0xFF, 0xFF, 0xFF, 
	0xFF, 0xFF, 0xFF, 0xFF, 0xFF, 0xFF, 0xFF, 0xFF, 0xFF, 0xFE, 0xCA, 0xAB, 0xAB, 0xBB, 0xBB, 
	0xBB, 0xBB, 0xBB, 0xBB, 0xBB, 0xBB, 0xBB, 0xBB, 0xBB, 0xBB, 0xBB, 0xBB, 0xBB, 0xBB, 0xBB, 
	0xBB, 0xBB, 0xBB, 0xBB, 0xBB, 0xBA, 0x97, 0x65, 0x55, 0x55, 0x55, 0x55, 0x44, 0x33, 0x33, 
	0x44, 0x55, 0x55, 0x55, 0x55, 0x55, 0x55, 0x55, 0x55, 0x55, 0x54, 0x33, 0x33, 0x33, 0x44, 
	0x55, 0x55, 0x55, 0x55, 0x55, 0x55, 0x54, 0x43, 0x33, 0x33, 0x33, 0x34, 0x45, 0x55, 0x55, 
	0x55, 0x55, 0x55, 0x55, 0x55, 0x54, 0x32, 0x22, 0x22, 0x22, 0x22, 0x22, 0x22, 0x22, 0x22, 
	0x22, 0x22, 0x22, 0x22, 0x22, 0x22, 0x22, 0x22, 0x22, 0x22, 0x22, 0x22, 0x22, 0x22, 0x22, 
	0x22, 0x22, 0x22, 0x22, 0x22, 0x22, 0x22, 0x22, 0x22, 0x22, 0x22, 0x22, 0x22, 0x22, 0x22, 
	0x22, 0x22, 0x22, 0x22, 0x22, 0x22, 0x22, 0x22, 0x22, 0x22, 0x23, 0x33, 0x33, 0x33, 0x33, 
	0x33, 0x33, 0x33, 0x33, 0x33, 0x33, 0x33, 0x45, 0x55, 0x55, 0x55, 0x55, 0x55, 0x55, 0x54, 
	0x33, 0x34, 0x45, 0x55, 0x55, 0x55, 0x55, 0x55, 0x55, 0x55, 0x55, 0x55, 0x55, 0x55, 0x55, 
	0x55, 0x55, 0x55, 0x55, 0x55, 0x55, 0x55, 0x44, 0x33, 0x34, 0x45, 0x55, 0x55, 0x55, 0x55, 
	0x55, 0x55, 0x55, 0x55, 0x55, 0x55, 0x55, 0x55, 0x54, 0x44, 0x33, 0x34, 0x45, 0x55, 0x55, 
	0x55, 0x55, 0x56, 0x66, 0x66, 0x66, 0x66, 0x66, 0x66, 0x66, 0x67, 0x77, 0x77, 0x66, 0x66, 
	0x66, 0x66, 0x66, 0x65, 0x56, 0x78, 0x99, 0x99, 0x99, 0x99, 0x99, 0x99, 0x99, 0x99, 0x99, 
	0x99, 0x99, 0x99, 0x99, 0x99, 0x99, 0x99, 0x99, 0x99, 0x99, 0x99, 0x99, 0x99, 0x99, 0x99, 
	0x99, 0x99, 0x99, 0x99, 0x88, 0x88, 0x88, 0x88, 0x88, 0x88, 0x88, 0x88, 0x88, 0x77, 0x76, 
	0x66, 0x66, 0x66, 0x66, 0x66, 0x66, 0x66, 0x66, 0x66, 0x66, 0x66, 0x66, 0x77, 0x77, 0x77, 
	0x77, 0x77, 0x67, 0x77, 0x76, 0x66, 0x77, 0x76, 0x77, 0x77, 0x77, 0x77, 0x77, 0x77, 0x77, 
	0x77, 0x77, 0x77, 0x77, 0x77, 0x77, 0x77, 0x89, 0xCE, 0xFF, 0xFF, 0xFF, 0xFF, 0xFF, 0xFF, 
	0xFF, 0xFF, 0xFF, 0xFF, 0xFF, 0xFF, 0xFF, 0xFF, 0xFF, 0xFF, 0xDB, 0xAA, 0xAB, 0xBA, 0xAA, 
	0xBB, 0xBB, 0xBB, 0xBB, 0xBB, 0xBB, 0xBB, 0xBB, 0xBB, 0xBB, 0xBB, 0xBB, 0xBB, 0xBB, 0xBB, 
	0xBB, 0xBB, 0xBB, 0xBB, 0xBB, 0xBA, 0x98, 0x65, 0x45, 0x55, 0x55, 0x55, 0x43, 0x33, 0x33, 
	0x44, 0x55, 0x55, 0x55, 0x55, 0x55, 0x55, 0x55, 0x55, 0x55, 0x54, 0x43, 0x33, 0x33, 0x44, 
	0x44, 0x55, 0x55, 0x55, 0x55, 0x54, 0x44, 0x33, 0x33, 0x33, 0x33, 0x44, 0x55, 0x55, 0x55, 
	0x55, 0x55, 0x55, 0x55, 0x55, 0x43, 0x22, 0x22, 0x22, 0x22, 0x22, 0x22, 0x22, 0x22, 0x22, 
	0x22, 0x22, 0x22, 0x22, 0x22, 0x22, 0x22, 0x22, 0x22, 0x22, 0x22, 0x22, 0x22, 0x22, 0x22, 
	0x22, 0x22, 0x22, 0x22, 0x22, 0x22, 0x22, 0x22, 0x22, 0x22, 0x22, 0x22, 0x22, 0x22, 0x22, 
	0x22, 0x22, 0x22, 0x22, 0x22, 0x22, 0x22, 0x22, 0x22, 0x22, 0x22, 0x33, 0x23, 0x33, 0x33, 
	0x33, 0x33, 0x33, 0x33, 0x33, 0x33, 0x33, 0x44, 0x55, 0x55, 0x55, 0x55, 0x55, 0x55, 0x54, 
	0x33, 0x34, 0x45, 0x55, 0x55, 0x55, 0x55, 0x55, 0x55, 0x55, 0x55, 0x55, 0x55, 0x55, 0x55, 
	0x55, 0x55, 0x55, 0x55, 0x55, 0x55, 0x55, 0x44, 0x33, 0x34, 0x45, 0x55, 0x55, 0x55, 0x55, 
	0x55, 0x55, 0x55, 0x55, 0x55, 0x55, 0x55, 0x55, 0x55, 0x54, 0x43, 0x33, 0x44, 0x55, 0x55, 
	0x55, 0x55, 0x56, 0x66, 0x66, 0x66, 0x66, 0x66, 0x77, 0x77, 0x77, 0x77, 0x77, 0x77, 0x66, 
	0x66, 0x66, 0x66, 0x65, 0x56, 0x78, 0x99, 0x99, 0x99, 0x99, 0x99, 0x99, 0x99, 0x99, 0x99, 
	0x99, 0x99, 0x99, 0x99, 0x99, 0x99, 0x99, 0x99, 0x99, 0x99, 0x99, 0x99, 0x99, 0x99, 0x99, 
	0x99, 0x99, 0x99, 0x99, 0x88, 0x88, 0x88, 0x88, 0x88, 0x88, 0x88, 0x88, 0x88, 0x77, 0x66, 
	0x66, 0x66, 0x66, 0x66, 0x66, 0x66, 0x66, 0x66, 0x66, 0x66, 0x66, 0x67, 0x77, 0x77, 0x77, 
	0x67, 0x76, 0x77, 0x77, 0x77, 0x77, 0x77, 0x77, 0x77, 0x76, 0x77, 0x77, 0x77, 0x77, 0x77, 
	0x77, 0x77, 0x77, 0x77, 0x77, 0x77, 0x77, 0x78, 0xAC, 0xEF, 0xFF, 0xFF, 0xFF, 0xFF, 0xFF, 
	0xFF, 0xFF, 0xFF, 0xFF, 0xFF, 0xFF, 0xFF, 0xFF, 0xFF, 0xFF, 0xEB, 0xAA, 0xAB, 0xBA, 0xAA, 
	0xBB, 0xBB, 0xBB, 0xBB, 0xBB, 0xBB, 0xBB, 0xBB, 0xBB, 0xBB, 0xBB, 0xBB, 0xBB, 0xBB, 0xBB, 
	0xBB, 0xBB, 0xBB, 0xBB, 0xBB, 0xBA, 0x98, 0x75, 0x55, 0x55, 0x55, 0x54, 0x43, 0x33, 0x33, 
	0x45, 0x55, 0x55, 0x55, 0x55, 0x55, 0x55, 0x55, 0x55, 0x55, 0x54, 0x44, 0x33, 0x33, 0x33, 
	0x44, 0x45, 0x55, 0x55, 0x54, 0x44, 0x33, 0x33, 0x33, 0x33, 0x44, 0x45, 0x55, 0x55, 0x55, 
	0x55, 0x55, 0x55, 0x55, 0x54, 0x43, 0x22, 0x22, 0x22, 0x22, 0x22, 0x22, 0x22, 0x22, 0x22, 
	0x22, 0x22, 0x22, 0x22, 0x22, 0x22, 0x22, 0x22, 0x22, 0x22, 0x22, 0x22, 0x22, 0x22, 0x22, 
	0x22, 0x22, 0x22, 0x22, 0x22, 0x22, 0x22, 0x22, 0x22, 0x22, 0x22, 0x22, 0x22, 0x22, 0x22, 
	0x22, 0x22, 0x22, 0x22, 0x22, 0x22, 0x22, 0x22, 0x22, 0x22, 0x23, 0x22, 0x22, 0x33, 0x33, 
	0x33, 0x33, 0x33, 0x33, 0x33, 0x33, 0x33, 0x34, 0x45, 0x55, 0x55, 0x55, 0x55, 0x55, 0x54, 
	0x33, 0x34, 0x45, 0x55, 0x55, 0x55, 0x55, 0x55, 0x55, 0x55, 0x55, 0x55, 0x55, 0x55, 0x55, 
	0x55, 0x55, 0x55, 0x55, 0x55, 0x55, 0x55, 0x44, 0x33, 0x34, 0x45, 0x55, 0x55, 0x55, 0x55, 
	0x55, 0x55, 0x55, 0x55, 0x55, 0x55, 0x55, 0x55, 0x55, 0x54, 0x44, 0x33, 0x44, 0x45, 0x55, 
	0x55, 0x55, 0x56, 0x66, 0x66, 0x66, 0x66, 0x66, 0x77, 0x77, 0x77, 0x77, 0x77, 0x77, 0x77, 
	0x67, 0x77, 0x76, 0x66, 0x66, 0x78, 0x99, 0x99, 0x99, 0x99, 0x99, 0x99, 0x99, 0x99, 0x99, 
	0x99, 0x99, 0x99, 0x99, 0x99, 0x99, 0x99, 0x99, 0x99, 0x99, 0x99, 0x99, 0x99, 0x99, 0x99, 
	0x99, 0x99, 0x99, 0x98, 0x88, 0x88, 0x88, 0x88, 0x88, 0x88, 0x88, 0x88, 0x87, 0x77, 0x66, 
	0x66, 0x66, 0x66, 0x66, 0x66, 0x66, 0x66, 0x66, 0x66, 0x66, 0x66, 0x77, 0x77, 0x77, 0x77, 
	0x77, 0x77, 0x77, 0x77, 0x77, 0x77, 0x77, 0x77, 0x77, 0x77, 0x77, 0x77, 0x77, 0x77, 0x77, 
	0x77, 0x77, 0x77, 0x77, 0x77, 0x77, 0x78, 0x77, 0x89, 0xCE, 0xFF, 0xFF, 0xFF, 0xFF, 0xFF, 
	0xFF, 0xFF, 0xFF, 0xFF, 0xFF, 0xFF, 0xFF, 0xFF, 0xFF, 0xFF, 0xED, 0xBA, 0xAA, 0xBB, 0xAB, 
	0xBB, 0xBB, 0xBB, 0xBB, 0xBB, 0xBB, 0xBB, 0xBB, 0xBB, 0xBB, 0xBB, 0xBB, 0xBB, 0xBB, 0xBB, 
	0xBB, 0xBB, 0xBB, 0xBB, 0xBB, 0xBB, 0xA9, 0x75, 0x55, 0x55, 0x55, 0x54, 0x43, 0x33, 0x33, 
	0x45, 0x55, 0x55, 0x55, 0x55, 0x55, 0x55, 0x55, 0x55, 0x55, 0x55, 0x44, 0x33, 0x33, 0x33, 
	0x34, 0x44, 0x44, 0x44, 0x44, 0x33, 0x33, 0x33, 0x33, 0x34, 0x44, 0x55, 0x55, 0x55, 0x55, 
	0x55, 0x55, 0x55, 0x55, 0x44, 0x33, 0x22, 0x22, 0x22, 0x22, 0x22, 0x22, 0x22, 0x22, 0x22, 
	0x22, 0x22, 0x22, 0x22, 0x22, 0x22, 0x22, 0x22, 0x22, 0x22, 0x22, 0x22, 0x22, 0x22, 0x22, 
	0x22, 0x22, 0x22, 0x22, 0x22, 0x22, 0x22, 0x22, 0x22, 0x22, 0x22, 0x22, 0x22, 0x22, 0x22, 
	0x22, 0x22, 0x22, 0x22, 0x22, 0x22, 0x22, 0x22, 0x22, 0x22, 0x22, 0x22, 0x22, 0x23, 0x33, 
	0x33, 0x33, 0x33, 0x33, 0x33, 0x33, 0x33, 0x33, 0x44, 0x55, 0x55, 0x55, 0x55, 0x55, 0x54, 
	0x33, 0x34, 0x45, 0x55, 0x55, 0x55, 0x55, 0x55, 0x55, 0x55, 0x55, 0x55, 0x55, 0x55, 0x55, 
	0x55, 0x55, 0x55, 0x55, 0x55, 0x55, 0x55, 0x44, 0x33, 0x44, 0x55, 0x55, 0x55, 0x55, 0x55, 
	0x55, 0x55, 0x55, 0x55, 0x55, 0x55, 0x55, 0x55, 0x55, 0x55, 0x44, 0x43, 0x44, 0x45, 0x55, 
	0x55, 0x55, 0x56, 0x66, 0x66, 0x66, 0x66, 0x67, 0x77, 0x77, 0x77, 0x77, 0x77, 0x77, 0x77, 
	0x77, 0x77, 0x76, 0x66, 0x66, 0x78, 0x99, 0x99, 0x99, 0x99, 0x99, 0x99, 0x99, 0x99, 0x99, 
	0x99, 0x99, 0x99, 0x99, 0x99, 0x99, 0x99, 0x99, 0x99, 0x99, 0x99, 0x99, 0x99, 0x99, 0x99, 
	0x99, 0x99, 0x99, 0x88, 0x88, 0x88, 0x88, 0x88, 0x88, 0x88, 0x88, 0x88, 0x87, 0x77, 0x66, 
	0x66, 0x66, 0x66, 0x66, 0x66, 0x66, 0x66, 0x66, 0x66, 0x66, 0x67, 0x77, 0x77, 0x77, 0x77, 
	0x77, 0x77, 0x77, 0x77, 0x77, 0x77, 0x77, 0x77, 0x77, 0x77, 0x77, 0x77, 0x77, 0x77, 0x77, 
	0x77, 0x77, 0x77, 0x77, 0x77, 0x77, 0x78, 0x87, 0x78, 0x9C, 0xEF, 0xFF, 0xFF, 0xFF, 0xFF, 
	0xFF, 0xFF, 0xFF, 0xFF, 0xFF, 0xFF, 0xFF, 0xFF, 0xFF, 0xFF, 0xFE, 0xCA, 0xAA, 0xBB, 0xAB, 
	0xBA, 0xBB, 0xBB, 0xBB, 0xBB, 0xBB, 0xBB, 0xBB, 0xBB, 0xBB, 0xBB, 0xBB, 0xBB, 0xBB, 0xBB, 
	0xBB, 0xBB, 0xBB, 0xBB, 0xBB, 0xBB, 0xA9, 0x76, 0x55, 0x55, 0x55, 0x54, 0x43, 0x33, 0x34, 
	0x45, 0x55, 0x55, 0x55, 0x55, 0x55, 0x55, 0x55, 0x55, 0x55, 0x55, 0x54, 0x43, 0x33, 0x33, 
	0x33, 0x44, 0x44, 0x33, 0x33, 0x33, 0x33, 0x33, 0x33, 0x34, 0x45, 0x55, 0x55, 0x55, 0x55, 
	0x55, 0x55, 0x55, 0x55, 0x43, 0x32, 0x22, 0x22, 0x22, 0x22, 0x22, 0x22, 0x22, 0x22, 0x22, 
	0x22, 0x22, 0x22, 0x22, 0x22, 0x22, 0x22, 0x22, 0x22, 0x22, 0x22, 0x22, 0x22, 0x22, 0x22, 
	0x22, 0x22, 0x22, 0x22, 0x22, 0x22, 0x22, 0x22, 0x22, 0x22, 0x22, 0x22, 0x22, 0x22, 0x22, 
	0x32, 0x22, 0x22, 0x22, 0x22, 0x22, 0x22, 0x22, 0x22, 0x22, 0x22, 0x22, 0x22, 0x22, 0x33, 
	0x33, 0x33, 0x33, 0x33, 0x33, 0x32, 0x22, 0x23, 0x34, 0x45, 0x55, 0x55, 0x55, 0x55, 0x54, 
	0x33, 0x34, 0x45, 0x55, 0x55, 0x55, 0x55, 0x55, 0x55, 0x55, 0x55, 0x55, 0x55, 0x55, 0x55, 
	0x55, 0x55, 0x55, 0x55, 0x55, 0x55, 0x55, 0x44, 0x33, 0x44, 0x55, 0x55, 0x55, 0x55, 0x55, 
	0x55, 0x55, 0x55, 0x55, 0x55, 0x55, 0x55, 0x55, 0x55, 0x55, 0x54, 0x43, 0x34, 0x44, 0x55, 
	0x55, 0x55, 0x56, 0x66, 0x66, 0x66, 0x66, 0x77, 0x77, 0x77, 0x77, 0x77, 0x77, 0x77, 0x77, 
	0x77, 0x77, 0x76, 0x66, 0x67, 0x88, 0x99, 0x99, 0x99, 0x99, 0x99, 0x99, 0x99, 0x99, 0x99, 
	0x99, 0x99, 0x99, 0x99, 0x99, 0x99, 0x99, 0x99, 0x99, 0x99, 0x88, 0x89, 0x99, 0x99, 0x99, 
	0x89, 0x99, 0x98, 0x88, 0x88, 0x88, 0x88, 0x88, 0x88, 0x88, 0x88, 0x88, 0x87, 0x66, 0x66, 
	0x66, 0x66, 0x66, 0x66, 0x66, 0x66, 0x66, 0x66, 0x66, 0x66, 0x77, 0x77, 0x77, 0x77, 0x77, 
	0x77, 0x77, 0x77, 0x77, 0x77, 0x77, 0x77, 0x77, 0x77, 0x77, 0x77, 0x77, 0x77, 0x77, 0x77, 
	0x77, 0x77, 0x77, 0x77, 0x77, 0x77, 0x78, 0x77, 0x77, 0x8A, 0xCF, 0xFF, 0xFF, 0xFF, 0xFF, 
	0xFF, 0xFF, 0xFF, 0xFF, 0xFF, 0xFF, 0xFF, 0xFF, 0xFF, 0xFF, 0xFF, 0xDA, 0xAA, 0xAB, 0xBA, 
	0xBA, 0xBB, 0xBB, 0xBB, 0xBB, 0xBB, 0xBB, 0xBB, 0xBB, 0xBB, 0xBB, 0xBB, 0xBB, 0xBB, 0xBB, 
	0xBB, 0xBB, 0xBB, 0xBB, 0xBB, 0xBB, 0xA9, 0x86, 0x55, 0x55, 0x55, 0x44, 0x33, 0x33, 0x34, 
	0x45, 0x55, 0x55, 0x55, 0x55, 0x55, 0x55, 0x55, 0x55, 0x55, 0x55, 0x54, 0x44, 0x33, 0x33, 
	0x33, 0x33, 0x33, 0x33, 0x33, 0x33, 0x33, 0x33, 0x34, 0x44, 0x55, 0x55, 0x55, 0x55, 0x55, 
	0x55, 0x55, 0x55, 0x54, 0x43, 0x22, 0x22, 0x22, 0x22, 0x22, 0x22, 0x22, 0x22, 0x22, 0x22, 
	0x22, 0x22, 0x22, 0x22, 0x22, 0x22, 0x22, 0x22, 0x22, 0x22, 0x22, 0x22, 0x22, 0x22, 0x22, 
	0x22, 0x22, 0x22, 0x22, 0x22, 0x22, 0x22, 0x22, 0x22, 0x22, 0x22, 0x22, 0x22, 0x22, 0x22, 
	0x32, 0x22, 0x22, 0x22, 0x22, 0x22, 0x22, 0x22, 0x22, 0x22, 0x22, 0x22, 0x22, 0x22, 0x22, 
	0x22, 0x22, 0x22, 0x22, 0x22, 0x22, 0x22, 0x22, 0x33, 0x44, 0x55, 0x55, 0x55, 0x55, 0x54, 
	0x33, 0x34, 0x45, 0x55, 0x55, 0x55, 0x55, 0x55, 0x55, 0x55, 0x55, 0x55, 0x55, 0x55, 0x55, 
	0x55, 0x55, 0x55, 0x55, 0x55, 0x55, 0x55, 0x44, 0x33, 0x44, 0x55, 0x55, 0x55, 0x55, 0x55, 
	0x55, 0x55, 0x55, 0x55, 0x55, 0x55, 0x55, 0x55, 0x55, 0x55, 0x55, 0x44, 0x44, 0x44, 0x55, 
	0x55, 0x55, 0x56, 0x66, 0x66, 0x77, 0x77, 0x77, 0x77, 0x77, 0x78, 0x88, 0x87, 0x77, 0x77, 
	0x77, 0x77, 0x66, 0x66, 0x67, 0x89, 0x99, 0x99, 0x99, 0x99, 0x99, 0x99, 0x99, 0x99, 0x99, 
	0x99, 0x99, 0x99, 0x99, 0x99, 0x99, 0x99, 0x99, 0x99, 0x99, 0x88, 0x89, 0x99, 0x99, 0x99, 
	0x99, 0x99, 0x99, 0x88, 0x88, 0x88, 0x88, 0x88, 0x88, 0x88, 0x88, 0x88, 0x77, 0x66, 0x66, 
	0x66, 0x66, 0x66, 0x66, 0x66, 0x66, 0x66, 0x66, 0x66, 0x66, 0x77, 0x77, 0x77, 0x77, 0x77, 
	0x77, 0x77, 0x77, 0x77, 0x77, 0x77, 0x77, 0x77, 0x77, 0x77, 0x77, 0x77, 0x77, 0x77, 0x77, 
	0x77, 0x77, 0x77, 0x77, 0x77, 0x77, 0x78, 0x78, 0x88, 0x89, 0xAD, 0xFF, 0xFF, 0xFF, 0xFF, 
	0xFF, 0xFF, 0xFF, 0xFF, 0xFF, 0xFF, 0xFF, 0xFF, 0xFF, 0xFF, 0xFF, 0xDB, 0xAA, 0xAB, 0xBA, 
	0xBA, 0xBB, 0xBB, 0xBB, 0xBB, 0xBB, 0xBB, 0xBB, 0xBB, 0xBB, 0xBB, 0xBB, 0xBB, 0xBB, 0xBB, 
	0xBB, 0xBB, 0xBB, 0xBB, 0xBB, 0xBB, 0xBA, 0x86, 0x55, 0x55, 0x55, 0x44, 0x33, 0x33, 0x34, 
	0x55, 0x55, 0x55, 0x55, 0x55, 0x55, 0x55, 0x55, 0x55, 0x55, 0x55, 0x55, 0x44, 0x43, 0x33, 
	0x33, 0x33, 0x33, 0x33, 0x33, 0x33, 0x33, 0x33, 0x44, 0x55, 0x55, 0x55, 0x55, 0x55, 0x55, 
	0x55, 0x55, 0x55, 0x44, 0x32, 0x22, 0x22, 0x22, 0x22, 0x22, 0x22, 0x22, 0x22, 0x22, 0x22, 
	0x22, 0x22, 0x22, 0x22, 0x22, 0x22, 0x22, 0x22, 0x22, 0x22, 0x22, 0x22, 0x22, 0x22, 0x22, 
	0x22, 0x22, 0x22, 0x22, 0x22, 0x22, 0x22, 0x22, 0x22, 0x22, 0x22, 0x22, 0x22, 0x22, 0x22, 
	0x32, 0x22, 0x22, 0x22, 0x22, 0x22, 0x22, 0x22, 0x22, 0x22, 0x22, 0x22, 0x22, 0x22, 0x22, 
	0x22, 0x22, 0x22, 0x22, 0x22, 0x22, 0x22, 0x22, 0x23, 0x34, 0x55, 0x55, 0x55, 0x55, 0x54, 
	0x33, 0x34, 0x45, 0x55, 0x55, 0x55, 0x55, 0x55, 0x55, 0x55, 0x55, 0x55, 0x55, 0x55, 0x55, 
	0x55, 0x55, 0x55, 0x55, 0x55, 0x55, 0x55, 0x44, 0x33, 0x44, 0x55, 0x55, 0x55, 0x55, 0x55, 
	0x55, 0x55, 0x55, 0x55, 0x55, 0x55, 0x55, 0x55, 0x55, 0x55, 0x55, 0x44, 0x44, 0x44, 0x55, 
	0x55, 0x55, 0x56, 0x66, 0x66, 0x77, 0x77, 0x77, 0x78, 0x88, 0x88, 0x88, 0x88, 0x88, 0x87, 
	0x77, 0x77, 0x77, 0x66, 0x77, 0x89, 0x99, 0x99, 0x99, 0x99, 0x99, 0x99, 0x99, 0x99, 0x99, 
	0x99, 0x99, 0x99, 0x99, 0x99, 0x99, 0x99, 0x99, 0x99, 0x99, 0x88, 0x99, 0x99, 0x99, 0x99, 
	0x99, 0x99, 0x99, 0x98, 0x88, 0x88, 0x88, 0x88, 0x88, 0x88, 0x88, 0x88, 0x77, 0x66, 0x66, 
	0x66, 0x66, 0x66, 0x66, 0x66, 0x66, 0x66, 0x66, 0x66, 0x67, 0x77, 0x77, 0x77, 0x77, 0x77, 
	0x77, 0x77, 0x77, 0x77, 0x77, 0x77, 0x77, 0x77, 0x77, 0x77, 0x77, 0x77, 0x77, 0x77, 0x77, 
	0x77, 0x77, 0x77, 0x77, 0x77, 0x77, 0x78, 0x88, 0x88, 0x88, 0x9B, 0xDE, 0xFF, 0xFF, 0xFF, 
	0xFF, 0xFF, 0xFF, 0xFF, 0xFF, 0xFF, 0xFF, 0xFF, 0xFF, 0xFF, 0xFF, 0xEC, 0xBA, 0xAB, 0xBA, 
	0xAB, 0xAB, 0xBB, 0xAB, 0xBB, 0xBB, 0xBB, 0xBB, 0xBB, 0xBB, 0xBB, 0xBB, 0xBB, 0xBB, 0xBB, 
	0xBB, 0xBB, 0xAB, 0xBB, 0xBA, 0xAA, 0xBA, 0x86, 0x55, 0x55, 0x55, 0x44, 0x33, 0x33, 0x34, 
	0x55, 0x55, 0x55, 0x55, 0x55, 0x55, 0x55, 0x55, 0x55, 0x55, 0x55, 0x55, 0x54, 0x44, 0x33, 
	0x33, 0x33, 0x33, 0x33, 0x33, 0x33, 0x33, 0x44, 0x45, 0x55, 0x55, 0x55, 0x55, 0x55, 0x55, 
	0x55, 0x55, 0x54, 0x43, 0x32, 0x22, 0x22, 0x22, 0x22, 0x22, 0x22, 0x22, 0x22, 0x22, 0x22, 
	0x22, 0x22, 0x22, 0x22, 0x22, 0x22, 0x22, 0x22, 0x22, 0x22, 0x22, 0x22, 0x22, 0x22, 0x22, 
	0x22, 0x22, 0x22, 0x22, 0x22, 0x22, 0x22, 0x22, 0x22, 0x22, 0x22, 0x22, 0x22, 0x22, 0x22, 
	0x32, 0x22, 0x22, 0x22, 0x22, 0x22, 0x22, 0x22, 0x22, 0x22, 0x22, 0x22, 0x22, 0x22, 0x22, 
	0x22, 0x22, 0x22, 0x22, 0x22, 0x22, 0x22, 0x22, 0x22, 0x34, 0x55, 0x55, 0x55, 0x55, 0x54, 
	0x33, 0x34, 0x45, 0x55, 0x55, 0x55, 0x55, 0x55, 0x55, 0x55, 0x55, 0x55, 0x55, 0x55, 0x55, 
	0x55, 0x55, 0x55, 0x55, 0x55, 0x55, 0x55, 0x43, 0x33, 0x44, 0x55, 0x55, 0x55, 0x55, 0x55, 
	0x55, 0x55, 0x55, 0x55, 0x55, 0x55, 0x55, 0x55, 0x55, 0x55, 0x55, 0x54, 0x44, 0x34, 0x45, 
	0x55, 0x55, 0x66, 0x66, 0x67, 0x77, 0x77, 0x77, 0x88, 0x88, 0x88, 0x88, 0x88, 0x88, 0x88, 
	0x87, 0x77, 0x77, 0x77, 0x78, 0x89, 0x99, 0x99, 0x99, 0x99, 0x99, 0x99, 0x99, 0x99, 0x99, 
	0x99, 0x99, 0x99, 0x99, 0x99, 0x99, 0x99, 0x99, 0x99, 0x98, 0x88, 0x88, 0x99, 0x99, 0x99, 
	0x99, 0x99, 0x99, 0x88, 0x88, 0x88, 0x88, 0x88, 0x88, 0x88, 0x88, 0x88, 0x76, 0x66, 0x66, 
	0x66, 0x66, 0x66, 0x66, 0x66, 0x66, 0x66, 0x66, 0x66, 0x67, 0x77, 0x77, 0x77, 0x77, 0x77, 
	0x77, 0x77, 0x77, 0x77, 0x77, 0x77, 0x77, 0x77, 0x77, 0x77, 0x77, 0x77, 0x77, 0x77, 0x77, 
	0x77, 0x77, 0x77, 0x77, 0x77, 0x77, 0x77, 0x87, 0x77, 0x88, 0x89, 0xCE, 0xFF, 0xFF, 0xFF, 
	0xFF, 0xFF, 0xFF, 0xFF, 0xFF, 0xFF, 0xFF, 0xFF, 0xFF, 0xFF, 0xFF, 0xEC, 0xBA, 0xAA, 0xBA, 
	0xAB, 0xAA, 0xAA, 0xAA, 0xBB, 0xBB, 0xBB, 0xBB, 0xBB, 0xBB, 0xBB, 0xBB, 0xBB, 0xBB, 0xBB, 
	0xBB, 0xAA, 0xAA, 0xBB, 0xBA, 0xAA, 0xAA, 0x97, 0x55, 0x55, 0x55, 0x43, 0x33, 0x33, 0x34, 
	0x55, 0x55, 0x55, 0x55, 0x55, 0x55, 0x55, 0x55, 0x55, 0x55, 0x55, 0x55, 0x55, 0x44, 0x43, 
	0x33, 0x33, 0x33, 0x33, 0x33, 0x34, 0x44, 0x44, 0x55, 0x55, 0x55, 0x55, 0x55, 0x55, 0x55, 
	0x55, 0x55, 0x54, 0x33, 0x22, 0x22, 0x22, 0x22, 0x22, 0x22, 0x22, 0x22, 0x22, 0x22, 0x22, 
	0x22, 0x22, 0x22, 0x22, 0x22, 0x22, 0x22, 0x22, 0x22, 0x22, 0x22, 0x22, 0x22, 0x22, 0x22, 
	0x22, 0x22, 0x22, 0x22, 0x22, 0x22, 0x22, 0x22, 0x22, 0x22, 0x22, 0x22, 0x22, 0x22, 0x22, 
	0x32, 0x22, 0x22, 0x22, 0x22, 0x22, 0x22, 0x22, 0x22, 0x22, 0x22, 0x22, 0x22, 0x22, 0x22, 
	0x22, 0x22, 0x22, 0x22, 0x22, 0x22, 0x22, 0x22, 0x22, 0x33, 0x44, 0x55, 0x55, 0x55, 0x54, 
	0x43, 0x33, 0x44, 0x55, 0x55, 0x55, 0x55, 0x55, 0x55, 0x55, 0x55, 0x55, 0x55, 0x55, 0x55, 
	0x55, 0x55, 0x55, 0x55, 0x55, 0x55, 0x55, 0x43, 0x33, 0x44, 0x55, 0x55, 0x55, 0x55, 0x55, 
	0x55, 0x55, 0x55, 0x55, 0x55, 0x55, 0x55, 0x55, 0x55, 0x55, 0x55, 0x55, 0x44, 0x44, 0x45, 
	0x55, 0x65, 0x56, 0x55, 0x66, 0x77, 0x77, 0x77, 0x88, 0x88, 0x88, 0x88, 0x88, 0x88, 0x88, 
	0x88, 0x87, 0x77, 0x77, 0x78, 0x89, 0x99, 0x99, 0x99, 0x99, 0x99, 0x99, 0x99, 0x99, 0x99, 
	0x99, 0x99, 0x99, 0x99, 0x99, 0x99, 0x99, 0x99, 0x98, 0x88, 0x88, 0x88, 0x88, 0x88, 0x88, 
	0x88, 0x88, 0x88, 0x88, 0x88, 0x88, 0x88, 0x88, 0x88, 0x88, 0x88, 0x87, 0x76, 0x66, 0x66, 
	0x66, 0x66, 0x66, 0x66, 0x66, 0x66, 0x66, 0x66, 0x66, 0x77, 0x77, 0x77, 0x77, 0x77, 0x77, 
	0x77, 0x77, 0x77, 0x77, 0x77, 0x77, 0x77, 0x77, 0x77, 0x77, 0x77, 0x77, 0x77, 0x77, 0x77, 
	0x77, 0x77, 0x77, 0x77, 0x77, 0x77, 0x77, 0x87, 0x78, 0x88, 0x88, 0xAC, 0xEF, 0xFF, 0xFF, 
	0xFF, 0xFF, 0xFF, 0xFF, 0xFF, 0xFF, 0xFF, 0xFF, 0xFF, 0xFF, 0xFF, 0xFE, 0xCA, 0xAA, 0xBA, 
	0xAA, 0xAA, 0xAA, 0xAA, 0xBB, 0xBB, 0xBB, 0xBB, 0xBB, 0xBB, 0xBB, 0xBB, 0xBB, 0xBB, 0xBB, 
	0xBB, 0xAA, 0xAA, 0xAA, 0xAA, 0xAA, 0xAA, 0x97, 0x65, 0x55, 0x55, 0x43, 0x33, 0x33, 0x44, 
	0x55, 0x55, 0x55, 0x55, 0x55, 0x55, 0x55, 0x55, 0x55, 0x55, 0x55, 0x55, 0x55, 0x55, 0x44, 
	0x44, 0x43, 0x33, 0x33, 0x34, 0x44, 0x44, 0x55, 0x55, 0x55, 0x55, 0x55, 0x55, 0x55, 0x55, 
	0x55, 0x55, 0x44, 0x32, 0x22, 0x22, 0x22, 0x22, 0x22, 0x22, 0x22, 0x22, 0x22, 0x22, 0x22, 
	0x22, 0x22, 0x22, 0x22, 0x22, 0x22, 0x22, 0x22, 0x22, 0x22, 0x22, 0x22, 0x22, 0x22, 0x22, 
	0x22, 0x22, 0x22, 0x22, 0x22, 0x22, 0x22, 0x22, 0x22, 0x22, 0x22, 0x22, 0x22, 0x22, 0x22, 
	0x32, 0x22, 0x22, 0x22, 0x22, 0x22, 0x22, 0x22, 0x22, 0x22, 0x22, 0x22, 0x22, 0x22, 0x22, 
	0x22, 0x22, 0x22, 0x22, 0x22, 0x22, 0x22, 0x22, 0x22, 0x23, 0x34, 0x55, 0x55, 0x55, 0x54, 
	0x43, 0x33, 0x44, 0x55, 0x55, 0x55, 0x55, 0x55, 0x55, 0x55, 0x55, 0x55, 0x55, 0x55, 0x55, 
	0x55, 0x55, 0x55, 0x55, 0x55, 0x55, 0x55, 0x43, 0x33, 0x44, 0x55, 0x55, 0x55, 0x55, 0x55, 
	0x55, 0x55, 0x55, 0x55, 0x55, 0x55, 0x55, 0x55, 0x55, 0x55, 0x55, 0x55, 0x54, 0x44, 0x45, 
	0x55, 0x55, 0x55, 0x55, 0x66, 0x77, 0x77, 0x77, 0x88, 0x88, 0x88, 0x88, 0x88, 0x88, 0x88, 
	0x88, 0x87, 0x77, 0x77, 0x78, 0x99, 0x99, 0x99, 0x99, 0x99, 0x99, 0x99, 0x99, 0x99, 0x99, 
	0x99, 0x99, 0x99, 0x99, 0x99, 0x99, 0x99, 0x98, 0x88, 0x88, 0x88, 0x88, 0x88, 0x88, 0x88, 
	0x88, 0x88, 0x88, 0x88, 0x88, 0x88, 0x88, 0x88, 0x88, 0x88, 0x88, 0x87, 0x76, 0x66, 0x66, 
	0x66, 0x66, 0x66, 0x66, 0x66, 0x66, 0x66, 0x66, 0x66, 0x77, 0x77, 0x77, 0x77, 0x77, 0x77, 
	0x77, 0x77, 0x77, 0x77, 0x77, 0x77, 0x77, 0x77, 0x77, 0x77, 0x77, 0x77, 0x77, 0x77, 0x77, 
	0x77, 0x77, 0x77, 0x77, 0x77, 0x77, 0x77, 0x87, 0x88, 0x88, 0x88, 0x8B, 0xDF, 0xFF, 0xFF, 
	0xFF, 0xFF, 0xFF, 0xFF, 0xFF, 0xFF, 0xFF, 0xFF, 0xFF, 0xFF, 0xFF, 0xFE, 0xCA, 0xAA, 0xAA, 
	0xAA, 0xAA, 0xAA, 0xAA, 0xBB, 0xBB, 0xBB, 0xBA, 0xAA, 0xBB, 0xBB, 0xBB, 0xBB, 0xBB, 0xBB, 
	0xBA, 0xAA, 0xAA, 0xAA, 0xAA, 0xAA, 0xAA, 0x97, 0x65, 0x55, 0x55, 0x43, 0x33, 0x33, 0x44, 
	0x55, 0x55, 0x55, 0x55, 0x55, 0x55, 0x55, 0x55, 0x55, 0x55, 0x55, 0x55, 0x55, 0x55, 0x54, 
	0x44, 0x44, 0x44, 0x44, 0x44, 0x45, 0x55, 0x55, 0x55, 0x55, 0x55, 0x55, 0x55, 0x55, 0x55, 
	0x55, 0x54, 0x43, 0x22, 0x22, 0x22, 0x22, 0x22, 0x22, 0x22, 0x22, 0x22, 0x22, 0x22, 0x22, 
	0x22, 0x22, 0x22, 0x22, 0x22, 0x22, 0x22, 0x22, 0x22, 0x22, 0x22, 0x22, 0x22, 0x22, 0x22, 
	0x22, 0x22, 0x22, 0x22, 0x22, 0x22, 0x22, 0x22, 0x22, 0x22, 0x22, 0x22, 0x22, 0x22, 0x22, 
	0x32, 0x22, 0x22, 0x22, 0x22, 0x22, 0x22, 0x22, 0x22, 0x22, 0x22, 0x22, 0x22, 0x22, 0x22, 
	0x22, 0x22, 0x22, 0x22, 0x22, 0x22, 0x22, 0x22, 0x22, 0x22, 0x33, 0x45, 0x55, 0x55, 0x55, 
	0x44, 0x33, 0x34, 0x55, 0x55, 0x55, 0x55, 0x55, 0x55, 0x55, 0x55, 0x55, 0x55, 0x55, 0x55, 
	0x55, 0x55, 0x55, 0x55, 0x55, 0x55, 0x55, 0x43, 0x33, 0x45, 0x55, 0x55, 0x55, 0x55, 0x55, 
	0x55, 0x55, 0x55, 0x55, 0x55, 0x55, 0x55, 0x55, 0x55, 0x55, 0x55, 0x55, 0x54, 0x44, 0x44, 
	0x55, 0x55, 0x55, 0x55, 0x66, 0x77, 0x87, 0x77, 0x88, 0x88, 0x88, 0x88, 0x88, 0x88, 0x88, 
	0x88, 0x88, 0x77, 0x77, 0x78, 0x99, 0x99, 0x99, 0x99, 0x99, 0x99, 0x99, 0x99, 0x99, 0x99, 
	0x99, 0x99, 0x99, 0x99, 0x99, 0x99, 0x98, 0x88, 0x88, 0x88, 0x88, 0x88, 0x88, 0x88, 0x88, 
	0x88, 0x88, 0x88, 0x88, 0x88, 0x88, 0x88, 0x88, 0x88, 0x88, 0x88, 0x87, 0x76, 0x66, 0x66, 
	0x66, 0x66, 0x66, 0x66, 0x66, 0x66, 0x66, 0x66, 0x67, 0x77, 0x77, 0x77, 0x77, 0x77, 0x77, 
	0x77, 0x77, 0x77, 0x77, 0x77, 0x77, 0x77, 0x77, 0x77, 0x77, 0x77, 0x77, 0x77, 0x77, 0x77, 
	0x77, 0x77, 0x77, 0x77, 0x77, 0x77, 0x77, 0x88, 0x88, 0x88, 0x88, 0x89, 0xCE, 0xFF, 0xFF, 
	0xFF, 0xFF, 0xFF, 0xFF, 0xFF, 0xFF, 0xFF, 0xFF, 0xFF, 0xFF, 0xFF, 0xFE, 0xCB, 0xAA, 0xAA, 
	0xAA, 0xAA, 0xAA, 0xAB, 0xBB, 0xBB, 0xBB, 0xBB, 0xBB, 0xBB, 0xBB, 0xBB, 0xBA, 0xBA, 0xAA, 
	0xBA, 0xAA, 0xAA, 0xAA, 0xAA, 0xAA, 0xAA, 0x98, 0x65, 0x55, 0x54, 0x43, 0x33, 0x33, 0x44, 
	0x55, 0x55, 0x55, 0x55, 0x55, 0x55, 0x55, 0x55, 0x55, 0x55, 0x55, 0x55, 0x55, 0x55, 0x55, 
	0x55, 0x44, 0x44, 0x44, 0x55, 0x55, 0x55, 0x55, 0x55, 0x55, 0x55, 0x55, 0x55, 0x55, 0x55, 
	0x55, 0x54, 0x33, 0x22, 0x22, 0x22, 0x22, 0x22, 0x22, 0x22, 0x22, 0x22, 0x22, 0x22, 0x22, 
	0x22, 0x22, 0x22, 0x22, 0x22, 0x22, 0x22, 0x22, 0x22, 0x22, 0x22, 0x22, 0x22, 0x22, 0x22, 
	0x22, 0x22, 0x22, 0x22, 0x22, 0x22, 0x22, 0x22, 0x22, 0x22, 0x22, 0x22, 0x22, 0x22, 0x22, 
	0x32, 0x22, 0x22, 0x22, 0x22, 0x22, 0x22, 0x22, 0x22, 0x22, 0x22, 0x22, 0x22, 0x22, 0x22, 
	0x22, 0x22, 0x22, 0x22, 0x22, 0x22, 0x22, 0x22, 0x22, 0x22, 0x23, 0x44, 0x55, 0x55, 0x55, 
	0x44, 0x33, 0x34, 0x45, 0x55, 0x55, 0x55, 0x55, 0x55, 0x55, 0x55, 0x55, 0x55, 0x55, 0x55, 
	0x55, 0x55, 0x55, 0x55, 0x55, 0x55, 0x54, 0x43, 0x33, 0x45, 0x55, 0x55, 0x55, 0x55, 0x55, 
	0x55, 0x55, 0x55, 0x55, 0x55, 0x55, 0x55, 0x55, 0x55, 0x55, 0x55, 0x55, 0x55, 0x44, 0x44, 
	0x55, 0x55, 0x55, 0x55, 0x66, 0x77, 0x87, 0x78, 0x88, 0x88, 0x88, 0x88, 0x88, 0x88, 0x88, 
	0x88, 0x88, 0x87, 0x77, 0x78, 0x99, 0x99, 0x99, 0x99, 0x99, 0x99, 0x99, 0x99, 0x99, 0x99, 
	0x99, 0x99, 0x99, 0x99, 0x99, 0x99, 0x98, 0x88, 0x88, 0x88, 0x88, 0x88, 0x88, 0x88, 0x88, 
	0x88, 0x88, 0x88, 0x88, 0x88, 0x88, 0x88, 0x88, 0x88, 0x88, 0x88, 0x77, 0x66, 0x66, 0x66, 
	0x66, 0x66, 0x66, 0x66, 0x66, 0x66, 0x66, 0x66, 0x67, 0x77, 0x77, 0x77, 0x77, 0x77, 0x77, 
	0x77, 0x77, 0x77, 0x77, 0x77, 0x77, 0x77, 0x77, 0x77, 0x77, 0x77, 0x77, 0x77, 0x77, 0x77, 
	0x77, 0x77, 0x77, 0x77, 0x77, 0x77, 0x77, 0x88, 0x88, 0x88, 0x88, 0x88, 0xAC, 0xEF, 0xFF, 
	0xFF, 0xFF, 0xFF, 0xFF, 0xFF, 0xFF, 0xFF, 0xFF, 0xFF, 0xFF, 0xFF, 0xFE, 0xDB, 0xAA, 0xAA, 
	0xAA, 0xAA, 0xAA, 0xAA, 0xAB, 0xBB, 0xBB, 0xAA, 0xAA, 0xBA, 0xAA, 0xBB, 0xAA, 0xAA, 0xAA, 
	0xAA, 0xAA, 0xAA, 0xAA, 0xAA, 0xAA, 0xAA, 0x98, 0x65, 0x55, 0x54, 0x43, 0x33, 0x33, 0x44, 
	0x55, 0x55, 0x55, 0x55, 0x55, 0x55, 0x55, 0x55, 0x55, 0x55, 0x55, 0x55, 0x55, 0x55, 0x55, 
	0x55, 0x55, 0x55, 0x55, 0x55, 0x55, 0x55, 0x55, 0x55, 0x55, 0x55, 0x55, 0x55, 0x55, 0x55, 
	0x55, 0x43, 0x32, 0x22, 0x22, 0x22, 0x22, 0x22, 0x22, 0x22, 0x22, 0x22, 0x22, 0x22, 0x22, 
	0x22, 0x22, 0x22, 0x22, 0x22, 0x22, 0x22, 0x22, 0x22, 0x22, 0x22, 0x22, 0x22, 0x22, 0x22, 
	0x22, 0x22, 0x22, 0x22, 0x22, 0x22, 0x22, 0x22, 0x22, 0x22, 0x22, 0x22, 0x22, 0x22, 0x22, 
	0x22, 0x22, 0x22, 0x22, 0x22, 0x22, 0x22, 0x22, 0x22, 0x22, 0x22, 0x22, 0x22, 0x22, 0x22, 
	0x22, 0x22, 0x22, 0x22, 0x22, 0x22, 0x22, 0x22, 0x22, 0x22, 0x22, 0x34, 0x45, 0x55, 0x55, 
	0x54, 0x33, 0x33, 0x44, 0x55, 0x55, 0x55, 0x55, 0x55, 0x55, 0x55, 0x55, 0x55, 0x55, 0x55, 
	0x55, 0x55, 0x55, 0x55, 0x55, 0x55, 0x54, 0x43, 0x33, 0x45, 0x55, 0x55, 0x55, 0x55, 0x55, 
	0x55, 0x55, 0x55, 0x55, 0x55, 0x55, 0x55, 0x55, 0x55, 0x55, 0x55, 0x55, 0x55, 0x44, 0x44, 
	0x45, 0x55, 0x55, 0x55, 0x66, 0x77, 0x87, 0x88, 0x88, 0x88, 0x88, 0x88, 0x88, 0x88, 0x88, 
	0x88, 0x88, 0x87, 0x77, 0x78, 0x89, 0x99, 0x99, 0x99, 0x99, 0x99, 0x99, 0x99, 0x99, 0x99, 
	0x99, 0x99, 0x99, 0x99, 0x99, 0x99, 0x98, 0x88, 0x88, 0x88, 0x88, 0x88, 0x88, 0x88, 0x88, 
	0x88, 0x88, 0x88, 0x88, 0x88, 0x88, 0x88, 0x88, 0x88, 0x88, 0x88, 0x77, 0x76, 0x66, 0x66, 
	0x66, 0x66, 0x66, 0x66, 0x66, 0x66, 0x66, 0x66, 0x67, 0x77, 0x77, 0x77, 0x77, 0x77, 0x77, 
	0x77, 0x77, 0x77, 0x77, 0x77, 0x77, 0x77, 0x77, 0x77, 0x77, 0x77, 0x77, 0x77, 0x77, 0x77, 
	0x77, 0x77, 0x77, 0x77, 0x77, 0x77, 0x78, 0x88, 0x88, 0x88, 0x88, 0x88, 0x9A, 0xDF, 0xFF, 
	0xFF, 0xFF, 0xFF, 0xFF, 0xFF, 0xFF, 0xFF, 0xFF, 0xFF, 0xFF, 0xFF, 0xFF, 0xDC, 0xAA, 0xAA, 
	0xAA, 0xAA, 0xAA, 0xAA, 0xAA, 0xAA, 0xAA, 0xAA, 0xAA, 0xAA, 0xAA, 0xAA, 0xAA, 0xAA, 0xAA, 
	0xAA, 0xAA, 0xAA, 0xAA, 0xAA, 0xAA, 0xAA, 0xA8, 0x65, 0x55, 0x54, 0x43, 0x33, 0x33, 0x44, 
	0x55, 0x55, 0x55, 0x55, 0x55, 0x55, 0x55, 0x55, 0x55, 0x55, 0x55, 0x55, 0x55, 0x55, 0x55, 
	0x55, 0x55, 0x55, 0x55, 0x55, 0x55, 0x55, 0x55, 0x55, 0x55, 0x55, 0x55, 0x55, 0x55, 0x55, 
	0x44, 0x33, 0x22, 0x22, 0x22, 0x22, 0x22, 0x22, 0x22, 0x22, 0x22, 0x22, 0x22, 0x22, 0x22, 
	0x22, 0x22, 0x22, 0x22, 0x22, 0x22, 0x22, 0x22, 0x22, 0x22, 0x22, 0x22, 0x22, 0x22, 0x22, 
	0x22, 0x22, 0x22, 0x22, 0x22, 0x22, 0x22, 0x22, 0x22, 0x22, 0x22, 0x22, 0x22, 0x22, 0x22, 
	0x22, 0x22, 0x22, 0x22, 0x22, 0x22, 0x22, 0x22, 0x22, 0x22, 0x22, 0x22, 0x22, 0x22, 0x22, 
	0x22, 0x22, 0x22, 0x22, 0x22, 0x22, 0x22, 0x22, 0x22, 0x22, 0x22, 0x33, 0x44, 0x55, 0x55, 
	0x55, 0x43, 0x33, 0x44, 0x55, 0x55, 0x55, 0x55, 0x55, 0x55, 0x55, 0x55, 0x55, 0x55, 0x55, 
	0x55, 0x55, 0x55, 0x55, 0x55, 0x55, 0x54, 0x43, 0x34, 0x45, 0x55, 0x55, 0x55, 0x55, 0x55, 
	0x55, 0x55, 0x55, 0x55, 0x55, 0x55, 0x55, 0x55, 0x55, 0x55, 0x55, 0x55, 0x55, 0x54, 0x44, 
	0x44, 0x45, 0x55, 0x56, 0x66, 0x77, 0x87, 0x88, 0x88, 0x88, 0x88, 0x88, 0x88, 0x88, 0x88, 
	0x88, 0x88, 0x77, 0x77, 0x77, 0x89, 0x99, 0x99, 0x99, 0x99, 0x99, 0x99, 0x99, 0x99, 0x99, 
	0x99, 0x99, 0x99, 0x99, 0x99, 0x99, 0x98, 0x88, 0x88, 0x88, 0x88, 0x88, 0x88, 0x88, 0x88, 
	0x88, 0x88, 0x88, 0x88, 0x88, 0x88, 0x88, 0x88, 0x88, 0x88, 0x88, 0x77, 0x66, 0x66, 0x66, 
	0x66, 0x66, 0x66, 0x66, 0x66, 0x66, 0x66, 0x76, 0x67, 0x77, 0x77, 0x77, 0x77, 0x77, 0x77, 
	0x77, 0x77, 0x77, 0x77, 0x77, 0x77, 0x77, 0x77, 0x77, 0x77, 0x77, 0x77, 0x77, 0x77, 0x77, 
	0x77, 0x77, 0x77, 0x77, 0x77, 0x77, 0x78, 0x88, 0x88, 0x88, 0x88, 0x88, 0x8A, 0xCE, 0xFF, 
	0xFF, 0xFF, 0xFF, 0xFF, 0xFF, 0xFF, 0xFF, 0xFF, 0xFF, 0xFF, 0xFF, 0xEE, 0xDB, 0xAA, 0xAA, 
	0xAA, 0xAA, 0xAA, 0xAA, 0xAA, 0xAA, 0xAA, 0xAA, 0xAA, 0xAA, 0xAA, 0xAA, 0xAA, 0xAA, 0xAA, 
	0xAA, 0xAA, 0xAA, 0xAA, 0xAA, 0xAA, 0xAA, 0xA8, 0x75, 0x55, 0x54, 0x43, 0x33, 0x33, 0x44, 
	0x55, 0x55, 0x55, 0x55, 0x55, 0x55, 0x55, 0x55, 0x55, 0x55, 0x55, 0x55, 0x55, 0x55, 0x55, 
	0x55, 0x55, 0x55, 0x55, 0x55, 0x55, 0x55, 0x55, 0x55, 0x55, 0x55, 0x55, 0x55, 0x55, 0x55, 
	0x44, 0x32, 0x22, 0x22, 0x22, 0x22, 0x22, 0x22, 0x22, 0x22, 0x22, 0x22, 0x22, 0x22, 0x22, 
	0x22, 0x22, 0x22, 0x22, 0x22, 0x22, 0x22, 0x22, 0x22, 0x22, 0x22, 0x22, 0x22, 0x22, 0x22, 
	0x22, 0x22, 0x22, 0x22, 0x22, 0x22, 0x22, 0x22, 0x22, 0x22, 0x22, 0x22, 0x22, 0x22, 0x22, 
	0x22, 0x22, 0x22, 0x22, 0x22, 0x22, 0x22, 0x22, 0x22, 0x22, 0x22, 0x22, 0x22, 0x22, 0x22, 
	0x22, 0x22, 0x22, 0x22, 0x22, 0x22, 0x22, 0x22, 0x22, 0x22, 0x22, 0x23, 0x34, 0x55, 0x55, 
	0x55, 0x43, 0x33, 0x34, 0x45, 0x55, 0x55, 0x55, 0x55, 0x55, 0x55, 0x55, 0x55, 0x55, 0x55, 
	0x55, 0x55, 0x55, 0x55, 0x55, 0x55, 0x54, 0x43, 0x34, 0x45, 0x55, 0x55, 0x55, 0x55, 0x55, 
	0x55, 0x55, 0x55, 0x55, 0x55, 0x55, 0x55, 0x55, 0x55, 0x55, 0x55, 0x55, 0x55, 0x54, 0x44, 
	0x44, 0x45, 0x55, 0x66, 0x66, 0x77, 0x77, 0x88, 0x88, 0x88, 0x88, 0x88, 0x88, 0x88, 0x88, 
	0x88, 0x88, 0x87, 0x77, 0x77, 0x89, 0x99, 0x99, 0x99, 0x99, 0x99, 0x99, 0x99, 0x99, 0x99, 
	0x99, 0x99, 0x99, 0x99, 0x99, 0x99, 0x98, 0x88, 0x88, 0x88, 0x88, 0x88, 0x88, 0x88, 0x88, 
	0x88, 0x88, 0x88, 0x88, 0x88, 0x88, 0x88, 0x88, 0x88, 0x88, 0x88, 0x77, 0x66, 0x66, 0x66, 
	0x66, 0x66, 0x66, 0x66, 0x66, 0x66, 0x66, 0x66, 0x67, 0x77, 0x77, 0x77, 0x77, 0x77, 0x77, 
	0x77, 0x77, 0x77, 0x77, 0x77, 0x77, 0x77, 0x77, 0x77, 0x77, 0x77, 0x77, 0x77, 0x77, 0x77, 
	0x77, 0x77, 0x77, 0x77, 0x77, 0x77, 0x78, 0x88, 0x88, 0x88, 0x88, 0x88, 0x89, 0xBD, 0xEF, 
	0xFF, 0xEF, 0xFF, 0xFF, 0xFF, 0xFF, 0xFF, 0xFF, 0xFF, 0xFF, 0xEE, 0xDC, 0xBA, 0x9A, 0xAA, 
	0xAA, 0xAA, 0xAA, 0xAA, 0xAA, 0xAA, 0xAA, 0xAA, 0xAA, 0xAA, 0xAA, 0xAA, 0xAA, 0xAA, 0xAA, 
	0xAA, 0xAA, 0xAA, 0xAA, 0xAA, 0xAA, 0xAA, 0xA8, 0x75, 0x55, 0x54, 0x43, 0x33, 0x33, 0x44, 
	0x55, 0x55, 0x55, 0x55, 0x55, 0x55, 0x55, 0x55, 0x55, 0x55, 0x55, 0x55, 0x55, 0x55, 0x55, 
	0x55, 0x55, 0x55, 0x55, 0x55, 0x55, 0x55, 0x55, 0x55, 0x55, 0x55, 0x55, 0x55, 0x55, 0x54, 
	0x43, 0x32, 0x22, 0x22, 0x22, 0x22, 0x22, 0x22, 0x22, 0x22, 0x22, 0x22, 0x22, 0x22, 0x22, 
	0x22, 0x22, 0x22, 0x22, 0x22, 0x22, 0x22, 0x22, 0x22, 0x22, 0x22, 0x22, 0x22, 0x22, 0x22, 
	0x22, 0x22, 0x22, 0x22, 0x22, 0x22, 0x22, 0x22, 0x22, 0x22, 0x22, 0x22, 0x22, 0x22, 0x22, 
	0x22, 0x22, 0x22, 0x22, 0x22, 0x22, 0x22, 0x22, 0x22, 0x22, 0x22, 0x22, 0x22, 0x22, 0x22, 
	0x22, 0x22, 0x22, 0x22, 0x22, 0x22, 0x22, 0x22, 0x22, 0x22, 0x22, 0x22, 0x34, 0x45, 0x55, 
	0x55, 0x54, 0x43, 0x33, 0x44, 0x55, 0x55, 0x55, 0x55, 0x55, 0x55, 0x55, 0x55, 0x55, 0x55, 
	0x55, 0x55, 0x55, 0x55, 0x55, 0x55, 0x44, 0x43, 0x34, 0x45, 0x55, 0x55, 0x55, 0x55, 0x55, 
	0x55, 0x55, 0x55, 0x55, 0x55, 0x55, 0x55, 0x55, 0x55, 0x55, 0x55, 0x55, 0x55, 0x55, 0x44, 
	0x44, 0x45, 0x55, 0x66, 0x66, 0x77, 0x77, 0x88, 0x88, 0x88, 0x88, 0x88, 0x88, 0x88, 0x88, 
	0x88, 0x88, 0x87, 0x77, 0x77, 0x89, 0x99, 0x99, 0x99, 0x99, 0x99, 0x99, 0x99, 0x99, 0x99, 
	0x99, 0x99, 0x99, 0x99, 0x99, 0x99, 0x98, 0x88, 0x88, 0x88, 0x88, 0x88, 0x88, 0x88, 0x88, 
	0x88, 0x88, 0x88, 0x88, 0x88, 0x88, 0x88, 0x88, 0x88, 0x88, 0x87, 0x76, 0x66, 0x66, 0x66, 
	0x66, 0x66, 0x66, 0x66, 0x66, 0x66, 0x66, 0x77, 0x77, 0x77, 0x77, 0x77, 0x77, 0x77, 0x77, 
	0x77, 0x77, 0x77, 0x77, 0x77, 0x77, 0x77, 0x77, 0x77, 0x77, 0x77, 0x77, 0x77, 0x77, 0x77, 
	0x77, 0x77, 0x77, 0x77, 0x77, 0x77, 0x78, 0x88, 0x88, 0x88, 0x88, 0x88, 0x89, 0xBD, 0xEF, 
	0xFE, 0xEE, 0xEE, 0xFF, 0xFF, 0xFF, 0xFF, 0xFF, 0xFF, 0xEE, 0xDC, 0xBA, 0x88, 0x8A, 0xAA, 
	0xAA, 0xAA, 0xAA, 0xAA, 0xAA, 0xAA, 0xAA, 0xAA, 0xAA, 0xAA, 0xAA, 0xAA, 0xAA, 0xAA, 0xAA, 
	0xAA, 0xAA, 0xAA, 0xAA, 0xAA, 0xAA, 0xAA, 0xA9, 0x76, 0x55, 0x54, 0x43, 0x33, 0x33, 0x44, 
	0x55, 0x55, 0x55, 0x55, 0x55, 0x55, 0x55, 0x55, 0x55, 0x55, 0x55, 0x55, 0x55, 0x55, 0x55, 
	0x55, 0x55, 0x55, 0x55, 0x55, 0x55, 0x55, 0x55, 0x55, 0x55, 0x55, 0x55, 0x55, 0x55, 0x54, 
	0x33, 0x22, 0x22, 0x22, 0x22, 0x22, 0x22, 0x22, 0x22, 0x22, 0x22, 0x22, 0x22, 0x22, 0x22, 
	0x22, 0x22, 0x22, 0x22, 0x22, 0x22, 0x22, 0x22, 0x22, 0x22, 0x22, 0x22, 0x22, 0x22, 0x22, 
	0x22, 0x22, 0x22, 0x22, 0x22, 0x22, 0x22, 0x22, 0x22, 0x22, 0x22, 0x22, 0x22, 0x22, 0x22, 
	0x22, 0x23, 0x22, 0x22, 0x22, 0x22, 0x22, 0x22, 0x22, 0x22, 0x22, 0x22, 0x22, 0x22, 0x22, 
	0x22, 0x22, 0x22, 0x22, 0x22, 0x22, 0x22, 0x22, 0x22, 0x22, 0x22, 0x22, 0x23, 0x44, 0x55, 
	0x55, 0x54, 0x43, 0x33, 0x34, 0x45, 0x55, 0x55, 0x55, 0x55, 0x55, 0x55, 0x55, 0x55, 0x55, 
	0x55, 0x55, 0x55, 0x55, 0x55, 0x55, 0x44, 0x33, 0x34, 0x45, 0x55, 0x55, 0x55, 0x55, 0x55, 
	0x55, 0x55, 0x55, 0x55, 0x55, 0x55, 0x55, 0x55, 0x55, 0x55, 0x55, 0x55, 0x55, 0x55, 0x44, 
	0x44, 0x45, 0x55, 0x66, 0x66, 0x77, 0x77, 0x88, 0x88, 0x88, 0x88, 0x88, 0x88, 0x88, 0x88, 
	0x88, 0x88, 0x87, 0x77, 0x78, 0x89, 0x99, 0x99, 0x99, 0x99, 0x99, 0x99, 0x99, 0x99, 0x99, 
	0x99, 0x99, 0x98, 0x88, 0x88, 0x98, 0x88, 0x88, 0x88, 0x88, 0x88, 0x88, 0x88, 0x88, 0x88, 
	0x88, 0x88, 0x88, 0x88, 0x88, 0x88, 0x88, 0x88, 0x88, 0x88, 0x87, 0x76, 0x66, 0x66, 0x66, 
	0x66, 0x66, 0x66, 0x66, 0x66, 0x67, 0x78, 0x88, 0x77, 0x77, 0x77, 0x77, 0x77, 0x77, 0x77, 
	0x77, 0x77, 0x77, 0x77, 0x77, 0x77, 0x77, 0x77, 0x77, 0x77, 0x77, 0x77, 0x77, 0x77, 0x77, 
	0x77, 0x77, 0x77, 0x77, 0x77, 0x77, 0x88, 0x88, 0x88, 0x88, 0x88, 0x88, 0x88, 0x9C, 0xEE, 
	0xEE, 0xEE, 0xEE, 0xFF, 0xEE, 0xFF, 0xFF, 0xFF, 0xEE, 0xDC, 0xB9, 0x87, 0x77, 0x89, 0xAA, 
	0xAA, 0xAA, 0xAA, 0xAA, 0xAA, 0xAA, 0xAA, 0xAA, 0xAA, 0xAA, 0xAA, 0xAA, 0xAA, 0xAA, 0xAA, 
	0xAA, 0xAA, 0xAA, 0xAA, 0xAA, 0xAA, 0xAA, 0xA9, 0x76, 0x55, 0x54, 0x43, 0x33, 0x33, 0x44, 
	0x55, 0x55, 0x55, 0x55, 0x55, 0x55, 0x55, 0x55, 0x55, 0x55, 0x55, 0x55, 0x55, 0x55, 0x55, 
	0x55, 0x55, 0x55, 0x55, 0x55, 0x55, 0x55, 0x55, 0x55, 0x55, 0x55, 0x55, 0x55, 0x55, 0x44, 
	0x32, 0x22, 0x22, 0x22, 0x22, 0x22, 0x22, 0x22, 0x22, 0x22, 0x22, 0x22, 0x22, 0x22, 0x22, 
	0x22, 0x22, 0x22, 0x22, 0x22, 0x22, 0x22, 0x22, 0x22, 0x22, 0x22, 0x22, 0x22, 0x22, 0x22, 
	0x22, 0x22, 0x22, 0x22, 0x22, 0x22, 0x22, 0x22, 0x22, 0x22, 0x22, 0x22, 0x22, 0x22, 0x22, 
	0x33, 0x33, 0x32, 0x22, 0x22, 0x22, 0x22, 0x22, 0x22, 0x22, 0x22, 0x22, 0x22, 0x22, 0x22, 
	0x22, 0x22, 0x22, 0x22, 0x22, 0x22, 0x22, 0x22, 0x22, 0x22, 0x22, 0x22, 0x22, 0x34, 0x45, 
	0x55, 0x55, 0x44, 0x33, 0x34, 0x44, 0x55, 0x55, 0x55, 0x55, 0x55, 0x55, 0x55, 0x55, 0x55, 
	0x55, 0x55, 0x55, 0x55, 0x55, 0x55, 0x44, 0x33, 0x34, 0x55, 0x55, 0x55, 0x55, 0x55, 0x55, 
	0x55, 0x55, 0x55, 0x55, 0x55, 0x55, 0x55, 0x55, 0x55, 0x55, 0x55, 0x55, 0x55, 0x55, 0x54, 
	0x44, 0x45, 0x55, 0x56, 0x66, 0x77, 0x77, 0x88, 0x88, 0x88, 0x88, 0x88, 0x88, 0x88, 0x88, 
	0x88, 0x88, 0x87, 0x78, 0x88, 0x99, 0x99, 0x99, 0x99, 0x99, 0x99, 0x99, 0x99, 0x99, 0x99, 
	0x99, 0x98, 0x88, 0x88, 0x88, 0x88, 0x88, 0x88, 0x88, 0x88, 0x88, 0x88, 0x88, 0x88, 0x88, 
	0x88, 0x88, 0x88, 0x88, 0x88, 0x88, 0x88, 0x88, 0x88, 0x98, 0x77, 0x66, 0x66, 0x66, 0x66, 
	0x66, 0x76, 0x66, 0x66, 0x66, 0x78, 0x8A, 0xBA, 0x87, 0x77, 0x77, 0x77, 0x77, 0x77, 0x77, 
	0x77, 0x77, 0x77, 0x77, 0x77, 0x77, 0x77, 0x77, 0x77, 0x77, 0x77, 0x77, 0x77, 0x77, 0x77, 
	0x77, 0x77, 0x77, 0x77, 0x77, 0x77, 0x88, 0x88, 0x88, 0x88, 0x88, 0x88, 0x88, 0x9B, 0xEE, 
	0xEE, 0xEE, 0xEE, 0xEE, 0xEE, 0xFF, 0xFE, 0xED, 0xCB, 0xA9, 0x87, 0x66, 0x67, 0x89, 0xAA, 
	0xAA, 0xAA, 0xAA, 0xAA, 0xAA, 0xAA, 0xAA, 0xAA, 0xAA, 0xAA, 0xAA, 0xAA, 0xAA, 0xAA, 0xAA, 
	0xAA, 0xAA, 0xAA, 0xAA, 0xAA, 0xAA, 0xAA, 0xA9, 0x76, 0x55, 0x54, 0x43, 0x33, 0x33, 0x44, 
	0x55, 0x55, 0x55, 0x55, 0x55, 0x55, 0x55, 0x55, 0x55, 0x55, 0x55, 0x55, 0x55, 0x55, 0x55, 
	0x55, 0x55, 0x55, 0x55, 0x55, 0x55, 0x55, 0x55, 0x55, 0x55, 0x55, 0x55, 0x55, 0x54, 0x43, 
	0x22, 0x22, 0x22, 0x22, 0x22, 0x22, 0x22, 0x22, 0x22, 0x22, 0x22, 0x22, 0x22, 0x22, 0x22, 
	0x22, 0x22, 0x22, 0x22, 0x22, 0x22, 0x22, 0x22, 0x22, 0x22, 0x22, 0x22, 0x22, 0x22, 0x22, 
	0x22, 0x22, 0x22, 0x22, 0x22, 0x22, 0x22, 0x22, 0x22, 0x22, 0x22, 0x22, 0x22, 0x22, 0x22, 
	0x33, 0x33, 0x22, 0x22, 0x22, 0x22, 0x22, 0x22, 0x22, 0x22, 0x22, 0x22, 0x22, 0x22, 0x22, 
	0x22, 0x22, 0x22, 0x22, 0x22, 0x22, 0x22, 0x22, 0x22, 0x22, 0x22, 0x22, 0x22, 0x33, 0x45, 
	0x55, 0x55, 0x54, 0x43, 0x33, 0x44, 0x45, 0x55, 0x55, 0x55, 0x55, 0x55, 0x55, 0x55, 0x55, 
	0x55, 0x55, 0x55, 0x55, 0x55, 0x55, 0x44, 0x33, 0x34, 0x55, 0x55, 0x55, 0x55, 0x55, 0x55, 
	0x55, 0x55, 0x55, 0x55, 0x55, 0x55, 0x55, 0x55, 0x55, 0x55, 0x55, 0x55, 0x55, 0x55, 0x54, 
	0x44, 0x44, 0x55, 0x55, 0x66, 0x77, 0x87, 0x88, 0x88, 0x88, 0x88, 0x88, 0x88, 0x88, 0x88, 
	0x88, 0x88, 0x87, 0x78, 0x89, 0x99, 0x99, 0x99, 0x99, 0x99, 0x99, 0x99, 0x99, 0x99, 0x99, 
	0x99, 0x98, 0x88, 0x88, 0x88, 0x88, 0x88, 0x88, 0x88, 0x88, 0x88, 0x88, 0x88, 0x88, 0x88, 
	0x88, 0x88, 0x88, 0x88, 0x88, 0x88, 0x88, 0x88, 0x88, 0x98, 0x77, 0x67, 0x66, 0x66, 0x67, 
	0x76, 0x66, 0x66, 0x67, 0x78, 0x9A, 0xCD, 0xCA, 0x87, 0x77, 0x77, 0x77, 0x77, 0x77, 0x77, 
	0x77, 0x77, 0x77, 0x77, 0x77, 0x77, 0x77, 0x77, 0x77, 0x77, 0x77, 0x77, 0x77, 0x77, 0x77, 
	0x77, 0x77, 0x77, 0x77, 0x77, 0x78, 0x88, 0x88, 0x88, 0x88, 0x88, 0x88, 0x88, 0x9B, 0xDE, 
	0xEE, 0xEF, 0xEE, 0xEE, 0xEE, 0xEE, 0xED, 0xCB, 0xA9, 0x87, 0x66, 0x66, 0x66, 0x89, 0xAA, 
	0xAA, 0xAA, 0xAA, 0xAA, 0xAA, 0xAA, 0xAA, 0xAA, 0xAA, 0xAA, 0xAA, 0xAA, 0xAA, 0xAA, 0xAA, 
	0xAA, 0xAA, 0xAA, 0xAA, 0xAA, 0xAA, 0xAA, 0xA9, 0x76, 0x55, 0x54, 0x43, 0x33, 0x33, 0x44, 
	0x55, 0x55, 0x55, 0x55, 0x55, 0x55, 0x55, 0x55, 0x55, 0x55, 0x55, 0x55, 0x55, 0x55, 0x55, 
	0x55, 0x55, 0x55, 0x55, 0x55, 0x55, 0x55, 0x55, 0x55, 0x55, 0x55, 0x55, 0x55, 0x44, 0x33, 
	0x22, 0x22, 0x22, 0x22, 0x22, 0x22, 0x22, 0x22, 0x22, 0x22, 0x22, 0x22, 0x22, 0x22, 0x22, 
	0x22, 0x22, 0x22, 0x22, 0x22, 0x22, 0x22, 0x22, 0x22, 0x22, 0x22, 0x22, 0x22, 0x22, 0x22, 
	0x22, 0x22, 0x22, 0x22, 0x22, 0x22, 0x22, 0x22, 0x22, 0x22, 0x22, 0x22, 0x22, 0x22, 0x22, 
	0x33, 0x33, 0x32, 0x22, 0x22, 0x22, 0x22, 0x22, 0x22, 0x22, 0x22, 0x22, 0x22, 0x22, 0x22, 
	0x22, 0x22, 0x22, 0x22, 0x22, 0x22, 0x22, 0x22, 0x22, 0x22, 0x22, 0x22, 0x22, 0x23, 0x34, 
	0x55, 0x55, 0x55, 0x44, 0x33, 0x34, 0x44, 0x55, 0x55, 0x55, 0x55, 0x55, 0x55, 0x55, 0x55, 
	0x55, 0x55, 0x55, 0x55, 0x55, 0x55, 0x44, 0x33, 0x34, 0x55, 0x55, 0x55, 0x55, 0x55, 0x55, 
	0x55, 0x55, 0x55, 0x55, 0x55, 0x55, 0x55, 0x55, 0x55, 0x55, 0x55, 0x55, 0x55, 0x55, 0x54, 
	0x44, 0x44, 0x55, 0x55, 0x66, 0x77, 0x77, 0x78, 0x88, 0x88, 0x88, 0x88, 0x88, 0x88, 0x88, 
	0x88, 0x87, 0x77, 0x88, 0x89, 0x99, 0x99, 0x99, 0x99, 0x99, 0x99, 0x99, 0x99, 0x99, 0x99, 
	0x99, 0x88, 0x88, 0x88, 0x88, 0x88, 0x88, 0x88, 0x88, 0x88, 0x88, 0x88, 0x88, 0x88, 0x88, 
	0x88, 0x88, 0x88, 0x88, 0x88, 0x88, 0x88, 0x88, 0x88, 0x98, 0x87, 0x67, 0x76, 0x66, 0x66, 
	0x66, 0x66, 0x77, 0x89, 0xAB, 0xCD, 0xEE, 0xDA, 0x87, 0x77, 0x77, 0x77, 0x77, 0x77, 0x77, 
	0x77, 0x77, 0x77, 0x77, 0x77, 0x77, 0x77, 0x77, 0x77, 0x77, 0x77, 0x77, 0x77, 0x77, 0x77, 
	0x77, 0x77, 0x77, 0x77, 0x77, 0x88, 0x88, 0x88, 0x88, 0x88, 0x88, 0x88, 0x88, 0x8A, 0xDE, 
	0xEE, 0xEE, 0xEE, 0xFE, 0xEE, 0xED, 0xCB, 0xA8, 0x87, 0x66, 0x66, 0x66, 0x66, 0x79, 0xAA, 
	0xAA, 0xAA, 0xAA, 0xAA, 0xAA, 0xAA, 0xAA, 0xAA, 0xAA, 0xAA, 0xAA, 0xAA, 0xAA, 0xAA, 0xAA, 
	0xAA, 0xAA, 0xAA, 0xAA, 0xAA, 0xAA, 0xAA, 0xA9, 0x86, 0x55, 0x54, 0x43, 0x33, 0x33, 0x45, 
	0x55, 0x55, 0x55, 0x55, 0x55, 0x55, 0x55, 0x55, 0x55, 0x55, 0x55, 0x55, 0x55, 0x55, 0x55, 
	0x55, 0x55, 0x55, 0x55, 0x55, 0x55, 0x55, 0x55, 0x55, 0x55, 0x55, 0x55, 0x54, 0x43, 0x32, 
	0x22, 0x22, 0x22, 0x22, 0x22, 0x22, 0x22, 0x22, 0x22, 0x22, 0x22, 0x22, 0x22, 0x22, 0x22, 
	0x22, 0x22, 0x22, 0x22, 0x22, 0x22, 0x22, 0x22, 0x22, 0x22, 0x22, 0x22, 0x22, 0x22, 0x22, 
	0x22, 0x22, 0x22, 0x22, 0x22, 0x22, 0x22, 0x22, 0x22, 0x22, 0x22, 0x22, 0x22, 0x22, 0x22, 
	0x33, 0x33, 0x33, 0x22, 0x22, 0x22, 0x22, 0x22, 0x22, 0x22, 0x22, 0x22, 0x22, 0x22, 0x22, 
	0x22, 0x22, 0x22, 0x22, 0x22, 0x22, 0x22, 0x22, 0x22, 0x22, 0x22, 0x22, 0x22, 0x22, 0x34, 
	0x45, 0x55, 0x55, 0x54, 0x33, 0x33, 0x44, 0x45, 0x55, 0x55, 0x55, 0x55, 0x55, 0x55, 0x55, 
	0x55, 0x55, 0x55, 0x55, 0x55, 0x55, 0x43, 0x33, 0x44, 0x55, 0x55, 0x55, 0x55, 0x55, 0x55, 
	0x55, 0x55, 0x55, 0x55, 0x55, 0x55, 0x55, 0x55, 0x55, 0x55, 0x55, 0x55, 0x55, 0x55, 0x54, 
	0x44, 0x44, 0x55, 0x55, 0x66, 0x77, 0x77, 0x78, 0x88, 0x88, 0x88, 0x88, 0x88, 0x88, 0x88, 
	0x88, 0x77, 0x77, 0x88, 0x99, 0x99, 0x99, 0x99, 0x99, 0x99, 0x99, 0x99, 0x99, 0x99, 0x99, 
	0x88, 0x88, 0x88, 0x88, 0x88, 0x88, 0x88, 0x88, 0x88, 0x88, 0x88, 0x88, 0x88, 0x88, 0x88, 
	0x88, 0x88, 0x88, 0x88, 0x88, 0x88, 0x88, 0x88, 0x88, 0x88, 0x77, 0x66, 0x76, 0x66, 0x66, 
	0x66, 0x78, 0x89, 0xAB, 0xCE, 0xEF, 0xFF, 0xDA, 0x77, 0x77, 0x77, 0x77, 0x77, 0x77, 0x77, 
	0x77, 0x77, 0x77, 0x77, 0x77, 0x77, 0x77, 0x77, 0x77, 0x77, 0x77, 0x77, 0x77, 0x77, 0x77, 
	0x77, 0x77, 0x77, 0x77, 0x78, 0x88, 0x88, 0x88, 0x88, 0x88, 0x88, 0x88, 0x88, 0x8A, 0xCD, 
	0xED, 0xDE, 0xEE, 0xEE, 0xED, 0xCB, 0xA8, 0x76, 0x66, 0x66, 0x76, 0x66, 0x66, 0x79, 0xAA, 
	0xAA, 0xAA, 0xAA, 0xAA, 0xAA, 0xAA, 0xAA, 0xAA, 0xAA, 0xAA, 0xAA, 0xAA, 0xAA, 0xAA, 0xAA, 
	0xAA, 0xAA, 0xAA, 0xAA, 0xAA, 0xAA, 0xAA, 0xA9, 0x86, 0x55, 0x54, 0x43, 0x33, 0x33, 0x45, 
	0x55, 0x55, 0x55, 0x55, 0x55, 0x55, 0x55, 0x55, 0x55, 0x55, 0x55, 0x55, 0x55, 0x55, 0x55, 
	0x55, 0x55, 0x55, 0x55, 0x55, 0x55, 0x55, 0x55, 0x55, 0x55, 0x55, 0x55, 0x44, 0x33, 0x22, 
	0x22, 0x22, 0x22, 0x22, 0x22, 0x22, 0x22, 0x22, 0x22, 0x22, 0x22, 0x22, 0x22, 0x22, 0x22, 
	0x22, 0x22, 0x22, 0x22, 0x22, 0x22, 0x22, 0x22, 0x22, 0x22, 0x22, 0x22, 0x22, 0x22, 0x22, 
	0x22, 0x22, 0x22, 0x22, 0x22, 0x22, 0x22, 0x22, 0x22, 0x22, 0x22, 0x22, 0x22, 0x22, 0x22, 
	0x33, 0x33, 0x33, 0x22, 0x22, 0x22, 0x22, 0x22, 0x22, 0x22, 0x22, 0x22, 0x22, 0x22, 0x22, 
	0x22, 0x22, 0x22, 0x22, 0x22, 0x22, 0x22, 0x22, 0x22, 0x22, 0x22, 0x22, 0x22, 0x22, 0x23, 
	0x44, 0x55, 0x55, 0x54, 0x43, 0x33, 0x34, 0x44, 0x55, 0x55, 0x55, 0x55, 0x55, 0x55, 0x55, 
	0x55, 0x55, 0x55, 0x55, 0x55, 0x54, 0x43, 0x33, 0x44, 0x55, 0x55, 0x55, 0x55, 0x55, 0x55, 
	0x55, 0x55, 0x55, 0x55, 0x55, 0x55, 0x55, 0x55, 0x55, 0x55, 0x55, 0x55, 0x55, 0x55, 0x55, 
	0x44, 0x44, 0x55, 0x66, 0x66, 0x77, 0x77, 0x77, 0x88, 0x88, 0x88, 0x88, 0x88, 0x88, 0x88, 
	0x88, 0x77, 0x77, 0x88, 0x99, 0x99, 0x99, 0x99, 0x99, 0x99, 0x99, 0x99, 0x99, 0x99, 0x98, 
	0x88, 0x88, 0x88, 0x88, 0x88, 0x88, 0x88, 0x88, 0x88, 0x88, 0x88, 0x88, 0x88, 0x88, 0x88, 
	0x88, 0x88, 0x88, 0x88, 0x88, 0x88, 0x88, 0x88, 0x88, 0x98, 0x77, 0x66, 0x66, 0x66, 0x67, 
	0x78, 0x9A, 0xBC, 0xDE, 0xEF, 0xFF, 0xFE, 0xC9, 0x77, 0x77, 0x77, 0x77, 0x77, 0x77, 0x77, 
	0x77, 0x77, 0x77, 0x77, 0x77, 0x77, 0x77, 0x77, 0x77, 0x77, 0x77, 0x77, 0x77, 0x77, 0x77, 
	0x77, 0x77, 0x77, 0x77, 0x88, 0x88, 0x88, 0x88, 0x88, 0x88, 0x88, 0x88, 0x88, 0x89, 0xBC, 
	0xDE, 0xEE, 0xEE, 0xED, 0xCB, 0xA9, 0x77, 0x66, 0x66, 0x67, 0x76, 0x67, 0x66, 0x79, 0xAA, 
	0xAA, 0xAA, 0xAA, 0xAA, 0xAA, 0xAA, 0xAA, 0xAA, 0xAA, 0xAA, 0xAA, 0xAA, 0xAA, 0xAA, 0xAA, 
	0xAA, 0xAA, 0xAA, 0xAA, 0xAA, 0xAA, 0xAA, 0xA9, 0x86, 0x55, 0x54, 0x43, 0x33, 0x33, 0x45, 
	0x55, 0x55, 0x55, 0x55, 0x55, 0x55, 0x55, 0x55, 0x55, 0x55, 0x55, 0x55, 0x55, 0x55, 0x55, 
	0x55, 0x55, 0x55, 0x55, 0x55, 0x55, 0x55, 0x55, 0x55, 0x55, 0x55, 0x55, 0x44, 0x32, 0x22, 
	0x22, 0x22, 0x22, 0x22, 0x22, 0x22, 0x22, 0x22, 0x22, 0x22, 0x22, 0x22, 0x22, 0x22, 0x22, 
	0x22, 0x22, 0x22, 0x22, 0x22, 0x22, 0x22, 0x22, 0x22, 0x22, 0x22, 0x22, 0x22, 0x22, 0x22, 
	0x22, 0x22, 0x22, 0x22, 0x22, 0x22, 0x22, 0x22, 0x22, 0x22, 0x22, 0x22, 0x22, 0x22, 0x22, 
	0x33, 0x33, 0x33, 0x22, 0x22, 0x22, 0x22, 0x22, 0x22, 0x22, 0x22, 0x22, 0x22, 0x22, 0x22, 
	0x22, 0x22, 0x22, 0x22, 0x22, 0x22, 0x22, 0x22, 0x22, 0x22, 0x22, 0x22, 0x22, 0x22, 0x22, 
	0x34, 0x55, 0x55, 0x55, 0x44, 0x43, 0x33, 0x34, 0x45, 0x55, 0x55, 0x55, 0x55, 0x55, 0x55, 
	0x55, 0x55, 0x55, 0x55, 0x55, 0x54, 0x43, 0x33, 0x44, 0x55, 0x55, 0x55, 0x55, 0x55, 0x55, 
	0x55, 0x55, 0x55, 0x55, 0x55, 0x55, 0x55, 0x55, 0x55, 0x55, 0x55, 0x55, 0x55, 0x55, 0x55, 
	0x44, 0x44, 0x56, 0x66, 0x66, 0x77, 0x77, 0x77, 0x88, 0x88, 0x88, 0x88, 0x88, 0x88, 0x88, 
	0x88, 0x77, 0x77, 0x88, 0x99, 0x99, 0x99, 0x99, 0x99, 0x99, 0x99, 0x99, 0x99, 0x99, 0x98, 
	0x88, 0x88, 0x88, 0x88, 0x88, 0x88, 0x88, 0x88, 0x88, 0x88, 0x88, 0x88, 0x88, 0x88, 0x88, 
	0x88, 0x88, 0x88, 0x88, 0x88, 0x88, 0x88, 0x88, 0x88, 0x98, 0x76, 0x66, 0x66, 0x77, 0x89, 
	0xAB, 0xCD, 0xDE, 0xFF, 0xFF, 0xFF, 0xFE, 0xC8, 0x77, 0x77, 0x77, 0x77, 0x77, 0x77, 0x77, 
	0x77, 0x77, 0x77, 0x77, 0x77, 0x77, 0x77, 0x77, 0x77, 0x77, 0x77, 0x77, 0x77, 0x77, 0x77, 
	0x77, 0x77, 0x77, 0x77, 0x88, 0x88, 0x88, 0x88, 0x88, 0x88, 0x88, 0x88, 0x88, 0x89, 0xBC, 
	0xDE, 0xDE, 0xED, 0xCB, 0xA9, 0x87, 0x66, 0x67, 0x66, 0x66, 0x66, 0x67, 0x66, 0x78, 0x9A, 
	0xAA, 0xAA, 0xAA, 0xAA, 0xAA, 0xAA, 0xAA, 0xAA, 0xAA, 0xAA, 0xAA, 0xAA, 0xAA, 0xAA, 0xAA, 
	0xAA, 0xAA, 0xAA, 0xAA, 0xAA, 0xAA, 0xAA, 0xAA, 0x86, 0x55, 0x54, 0x43, 0x33, 0x33, 0x45, 
	0x55, 0x55, 0x55, 0x55, 0x55, 0x55, 0x55, 0x55, 0x55, 0x55, 0x55, 0x55, 0x55, 0x55, 0x55, 
	0x55, 0x55, 0x55, 0x55, 0x55, 0x55, 0x55, 0x55, 0x55, 0x55, 0x55, 0x54, 0x43, 0x22, 0x22, 
	0x22, 0x22, 0x22, 0x22, 0x22, 0x22, 0x22, 0x22, 0x22, 0x22, 0x22, 0x22, 0x22, 0x22, 0x22, 
	0x22, 0x22, 0x22, 0x22, 0x22, 0x22, 0x22, 0x22, 0x22, 0x22, 0x22, 0x22, 0x22, 0x22, 0x22, 
	0x22, 0x22, 0x22, 0x22, 0x22, 0x22, 0x22, 0x22, 0x22, 0x22, 0x22, 0x22, 0x22, 0x22, 0x22, 
	0x33, 0x33, 0x33, 0x22, 0x32, 0x22, 0x22, 0x22, 0x22, 0x22, 0x22, 0x22, 0x22, 0x22, 0x22, 
	0x22, 0x22, 0x22, 0x22, 0x22, 0x22, 0x22, 0x22, 0x22, 0x22, 0x22, 0x22, 0x22, 0x22, 0x22, 
	0x23, 0x44, 0x55, 0x55, 0x54, 0x43, 0x33, 0x33, 0x44, 0x55, 0x55, 0x55, 0x55, 0x55, 0x55, 
	0x55, 0x55, 0x55, 0x55, 0x55, 0x54, 0x43, 0x33, 0x45, 0x55, 0x55, 0x55, 0x55, 0x55, 0x55, 
	0x55, 0x55, 0x55, 0x55, 0x55, 0x55, 0x55, 0x55, 0x55, 0x55, 0x55, 0x55, 0x55, 0x55, 0x55, 
	0x44, 0x44, 0x56, 0x66, 0x66, 0x77, 0x77, 0x77, 0x78, 0x88, 0x88, 0x88, 0x88, 0x88, 0x87, 
	0x77, 0x77, 0x77, 0x88, 0x99, 0x99, 0x99, 0x99, 0x99, 0x99, 0x99, 0x99, 0x99, 0x98, 0x88, 
	0x88, 0x88, 0x88, 0x88, 0x88, 0x88, 0x88, 0x88, 0x88, 0x88, 0x88, 0x88, 0x88, 0x88, 0x88, 
	0x88, 0x88, 0x88, 0x88, 0x88, 0x88, 0x88, 0x88, 0x88, 0x88, 0x76, 0x67, 0x78, 0x9A, 0xBC, 
	0xDD, 0xEE, 0xFF, 0xFF, 0xFF, 0xFF, 0xFE, 0xB8, 0x77, 0x77, 0x77, 0x77, 0x77, 0x77, 0x77, 
	0x77, 0x77, 0x77, 0x77, 0x77, 0x77, 0x77, 0x77, 0x77, 0x77, 0x77, 0x77, 0x77, 0x77, 0x77, 
	0x77, 0x77, 0x77, 0x77, 0x88, 0x88, 0x88, 0x88, 0x88, 0x88, 0x88, 0x88, 0x88, 0x89, 0xAC, 
	0xDD, 0xDC, 0xCA, 0x98, 0x87, 0x66, 0x66, 0x66, 0x66, 0x66, 0x66, 0x66, 0x66, 0x78, 0x9A, 
	0xAA, 0xAA, 0xAA, 0xAA, 0xAA, 0xAA, 0xAA, 0xAA, 0xAA, 0xAA, 0xAA, 0xAA, 0xAA, 0xAA, 0xAA, 
	0xAA, 0xAA, 0xAA, 0xAA, 0xAA, 0xAA, 0xAA, 0xAA, 0x87, 0x55, 0x54, 0x43, 0x33, 0x33, 0x45, 
	0x55, 0x55, 0x55, 0x55, 0x55, 0x55, 0x55, 0x55, 0x55, 0x55, 0x55, 0x55, 0x55, 0x55, 0x55, 
	0x55, 0x55, 0x55, 0x55, 0x55, 0x55, 0x55, 0x55, 0x55, 0x55, 0x55, 0x44, 0x33, 0x22, 0x22, 
	0x22, 0x22, 0x22, 0x22, 0x22, 0x22, 0x22, 0x22, 0x22, 0x22, 0x22, 0x22, 0x22, 0x22, 0x22, 
	0x22, 0x22, 0x22, 0x22, 0x22, 0x22, 0x22, 0x22, 0x22, 0x22, 0x22, 0x22, 0x22, 0x22, 0x22, 
	0x22, 0x22, 0x22, 0x22, 0x22, 0x22, 0x22, 0x22, 0x22, 0x22, 0x22, 0x22, 0x22, 0x22, 0x22, 
	0x33, 0x33, 0x33, 0x33, 0x32, 0x22, 0x22, 0x22, 0x22, 0x22, 0x22, 0x22, 0x22, 0x22, 0x22, 
	0x22, 0x22, 0x22, 0x22, 0x22, 0x22, 0x22, 0x22, 0x22, 0x22, 0x22, 0x22, 0x22, 0x22, 0x22, 
	0x22, 0x34, 0x45, 0x55, 0x55, 0x44, 0x43, 0x33, 0x34, 0x44, 0x55, 0x55, 0x55, 0x55, 0x55, 
	0x55, 0x55, 0x55, 0x55, 0x55, 0x54, 0x43, 0x33, 0x45, 0x55, 0x55, 0x55, 0x55, 0x55, 0x55, 
	0x55, 0x55, 0x55, 0x55, 0x55, 0x55, 0x55, 0x55, 0x55, 0x55, 0x55, 0x55, 0x55, 0x55, 0x55, 
	0x54, 0x44, 0x56, 0x66, 0x66, 0x77, 0x77, 0x77, 0x77, 0x77, 0x77, 0x78, 0x88, 0x78, 0x87, 
	0x77, 0x77, 0x77, 0x88, 0x99, 0x99, 0x99, 0x99, 0x99, 0x99, 0x99, 0x99, 0x98, 0x88, 0x88, 
	0x88, 0x88, 0x88, 0x88, 0x88, 0x88, 0x88, 0x88, 0x88, 0x88, 0x88, 0x88, 0x88, 0x88, 0x88, 
	0x88, 0x88, 0x88, 0x88, 0x88, 0x88, 0x88, 0x88, 0x88, 0x89, 0x88, 0x89, 0xAB, 0xCD, 0xDE, 
	0xEF, 0xFF, 0xFF, 0xFF, 0xFF, 0xFF, 0xFD, 0xA7, 0x77, 0x77, 0x77, 0x77, 0x77, 0x77, 0x77, 
	0x77, 0x77, 0x77, 0x77, 0x77, 0x77, 0x77, 0x77, 0x77, 0x77, 0x77, 0x77, 0x77, 0x77, 0x77, 
	0x77, 0x77, 0x77, 0x78, 0x88, 0x88, 0x88, 0x88, 0x88, 0x88, 0x88, 0x88, 0x88, 0x88, 0xAC, 
	0xDD, 0xBA, 0x98, 0x87, 0x76, 0x66, 0x66, 0x66, 0x66, 0x66, 0x66, 0x66, 0x66, 0x78, 0x9A, 
	0xAA, 0xAA, 0xAA, 0xAA, 0xAA, 0xAA, 0xAA, 0xAA, 0xAA, 0xAA, 0xAA, 0xAA, 0xAA, 0xAA, 0xAA, 
	0xAA, 0xAA, 0xAA, 0xAA, 0xAA, 0xAA, 0xAA, 0xAA, 0x87, 0x55, 0x54, 0x43, 0x33, 0x33, 0x45, 
	0x55, 0x55, 0x55, 0x55, 0x55, 0x55, 0x55, 0x55, 0x55, 0x55, 0x55, 0x55, 0x55, 0x55, 0x55, 
	0x55, 0x55, 0x55, 0x55, 0x55, 0x55, 0x55, 0x55, 0x55, 0x55, 0x54, 0x43, 0x32, 0x22, 0x22, 
	0x22, 0x22, 0x22, 0x22, 0x22, 0x22, 0x22, 0x22, 0x22, 0x22, 0x22, 0x22, 0x22, 0x22, 0x22, 
	0x22, 0x22, 0x22, 0x22, 0x22, 0x22, 0x22, 0x22, 0x22, 0x22, 0x22, 0x22, 0x22, 0x22, 0x22, 
	0x22, 0x22, 0x22, 0x22, 0x22, 0x22, 0x22, 0x22, 0x22, 0x22, 0x22, 0x22, 0x22, 0x22, 0x22, 
	0x33, 0x33, 0x33, 0x33, 0x22, 0x22, 0x22, 0x22, 0x22, 0x22, 0x22, 0x22, 0x22, 0x22, 0x22, 
	0x22, 0x22, 0x22, 0x22, 0x22, 0x22, 0x22, 0x22, 0x22, 0x22, 0x22, 0x22, 0x22, 0x22, 0x22, 
	0x22, 0x34, 0x45, 0x55, 0x55, 0x54, 0x44, 0x33, 0x33, 0x44, 0x45, 0x55, 0x55, 0x55, 0x55, 
	0x55, 0x55, 0x55, 0x55, 0x55, 0x44, 0x33, 0x34, 0x45, 0x55, 0x55, 0x55, 0x55, 0x55, 0x55, 
	0x55, 0x55, 0x55, 0x55, 0x55, 0x55, 0x55, 0x55, 0x55, 0x55, 0x55, 0x55, 0x55, 0x55, 0x55, 
	0x54, 0x44, 0x55, 0x66, 0x66, 0x66, 0x67, 0x77, 0x77, 0x77, 0x77, 0x77, 0x77, 0x77, 0x87, 
	0x77, 0x77, 0x77, 0x88, 0x99, 0x99, 0x99, 0x99, 0x99, 0x99, 0x99, 0x99, 0x98, 0x88, 0x98, 
	0x88, 0x88, 0x88, 0x88, 0x88, 0x88, 0x88, 0x88, 0x88, 0x88, 0x88, 0x88, 0x88, 0x88, 0x88, 
	0x88, 0x88, 0x88, 0x88, 0x88, 0x88, 0x88, 0x88, 0x88, 0x89, 0xAA, 0xBC, 0xDD, 0xEE, 0xFF, 
	0xFF, 0xFF, 0xFF, 0xFF, 0xFF, 0xFF, 0xFD, 0xA7, 0x77, 0x77, 0x77, 0x77, 0x77, 0x77, 0x77, 
	0x77, 0x77, 0x77, 0x77, 0x77, 0x77, 0x77, 0x77, 0x77, 0x77, 0x77, 0x77, 0x77, 0x77, 0x77, 
	0x77, 0x77, 0x77, 0x88, 0x88, 0x88, 0x88, 0x88, 0x88, 0x88, 0x88, 0x88, 0x88, 0x88, 0xAC, 
	0xCC, 0xA8, 0x77, 0x76, 0x66, 0x66, 0x66, 0x66, 0x66, 0x66, 0x66, 0x66, 0x66, 0x78, 0x99, 
	0xAA, 0xAA, 0xAA, 0xAA, 0xAA, 0xAA, 0xAA, 0xAA, 0xAA, 0xAA, 0xAA, 0xAA, 0xAA, 0xAA, 0xAA, 
	0xAA, 0xAA, 0xAA, 0xAA, 0xAA, 0xAA, 0xAA, 0xAA, 0x97, 0x65, 0x54, 0x43, 0x33, 0x33, 0x44, 
	0x55, 0x55, 0x55, 0x55, 0x55, 0x55, 0x55, 0x55, 0x55, 0x55, 0x55, 0x55, 0x55, 0x55, 0x55, 
	0x55, 0x55, 0x55, 0x55, 0x55, 0x55, 0x55, 0x55, 0x55, 0x55, 0x54, 0x32, 0x22, 0x22, 0x22, 
	0x22, 0x22, 0x22, 0x22, 0x22, 0x22, 0x22, 0x22, 0x22, 0x22, 0x22, 0x22, 0x22, 0x22, 0x22, 
	0x22, 0x22, 0x22, 0x22, 0x22, 0x22, 0x22, 0x22, 0x22, 0x22, 0x22, 0x22, 0x22, 0x22, 0x22, 
	0x22, 0x22, 0x22, 0x22, 0x22, 0x22, 0x22, 0x22, 0x22, 0x22, 0x22, 0x22, 0x22, 0x22, 0x22, 
	0x33, 0x33, 0x33, 0x33, 0x33, 0x22, 0x22, 0x22, 0x22, 0x22, 0x22, 0x22, 0x22, 0x22, 0x22, 
	0x22, 0x22, 0x22, 0x22, 0x22, 0x22, 0x22, 0x22, 0x22, 0x22, 0x22, 0x22, 0x22, 0x22, 0x22, 
	0x22, 0x23, 0x34, 0x55, 0x54, 0x55, 0x44, 0x43, 0x33, 0x33, 0x44, 0x45, 0x55, 0x55, 0x55, 
	0x55, 0x55, 0x55, 0x55, 0x55, 0x43, 0x33, 0x34, 0x55, 0x55, 0x55, 0x55, 0x55, 0x55, 0x55, 
	0x55, 0x55, 0x55, 0x55, 0x55, 0x55, 0x55, 0x55, 0x55, 0x55, 0x55, 0x55, 0x55, 0x55, 0x55, 
	0x54, 0x44, 0x55, 0x66, 0x66, 0x66, 0x66, 0x67, 0x77, 0x77, 0x77, 0x77, 0x77, 0x77, 0x77, 
	0x77, 0x77, 0x67, 0x88, 0x99, 0x99, 0x99, 0x99, 0x99, 0x99, 0x99, 0x99, 0x88, 0x88, 0x88, 
	0x88, 0x88, 0x88, 0x88, 0x88, 0x88, 0x88, 0x88, 0x88, 0x88, 0x88, 0x88, 0x88, 0x88, 0x88, 
	0x88, 0x88, 0x88, 0x88, 0x88, 0x88, 0x88, 0x88, 0x88, 0x8A, 0xCD, 0xEE, 0xEF, 0xFF, 0xFF, 
	0xFF, 0xFF, 0xFF, 0xFF, 0xFF, 0xFF, 0xFD, 0x97, 0x77, 0x77, 0x77, 0x77, 0x77, 0x77, 0x77, 
	0x77, 0x77, 0x77, 0x77, 0x77, 0x77, 0x77, 0x77, 0x77, 0x77, 0x77, 0x77, 0x77, 0x77, 0x77, 
	0x77, 0x77, 0x78, 0x88, 0x88, 0x88, 0x88, 0x88, 0x88, 0x88, 0x88, 0x88, 0x88, 0x89, 0x9A, 
	0xA9, 0x87, 0x77, 0x76, 0x66, 0x66, 0x66, 0x66, 0x66, 0x66, 0x66, 0x66, 0x76, 0x78, 0x99, 
	0xA9, 0x99, 0xAA, 0xAA, 0xAA, 0xAA, 0xAA, 0xAA, 0xAA, 0xAA, 0xAA, 0xAA, 0xAA, 0xAA, 0xAA, 
	0xAA, 0xAA, 0xAA, 0xAA, 0xAA, 0xAA, 0xAA, 0xAA, 0x97, 0x65, 0x54, 0x43, 0x33, 0x33, 0x45, 
	0x55, 0x55, 0x55, 0x55, 0x55, 0x55, 0x55, 0x55, 0x55, 0x55, 0x55, 0x55, 0x55, 0x55, 0x55, 
	0x55, 0x55, 0x55, 0x55, 0x55, 0x55, 0x55, 0x55, 0x55, 0x54, 0x44, 0x32, 0x22, 0x22, 0x22, 
	0x22, 0x22, 0x22, 0x22, 0x22, 0x22, 0x22, 0x22, 0x22, 0x22, 0x22, 0x22, 0x22, 0x22, 0x22, 
	0x22, 0x22, 0x22, 0x22, 0x22, 0x22, 0x22, 0x22, 0x22, 0x22, 0x22, 0x22, 0x22, 0x22, 0x22, 
	0x22, 0x22, 0x22, 0x22, 0x22, 0x22, 0x22, 0x22, 0x22, 0x22, 0x22, 0x22, 0x22, 0x22, 0x22, 
	0x33, 0x33, 0x33, 0x33, 0x33, 0x32, 0x22, 0x22, 0x22, 0x22, 0x22, 0x22, 0x22, 0x22, 0x22, 
	0x22, 0x22, 0x22, 0x22, 0x22, 0x22, 0x22, 0x22, 0x22, 0x22, 0x22, 0x22, 0x22, 0x22, 0x22, 
	0x22, 0x22, 0x33, 0x45, 0x55, 0x55, 0x55, 0x44, 0x33, 0x33, 0x34, 0x44, 0x55, 0x55, 0x55, 
	0x55, 0x55, 0x55, 0x55, 0x55, 0x43, 0x33, 0x44, 0x55, 0x55, 0x55, 0x55, 0x55, 0x55, 0x55, 
	0x55, 0x55, 0x55, 0x55, 0x55, 0x55, 0x55, 0x55, 0x55, 0x55, 0x55, 0x55, 0x55, 0x55, 0x55, 
	0x54, 0x44, 0x45, 0x56, 0x66, 0x66, 0x66, 0x67, 0x77, 0x77, 0x77, 0x77, 0x77, 0x77, 0x77, 
	0x76, 0x66, 0x67, 0x88, 0x99, 0x99, 0x99, 0x99, 0x99, 0x99, 0x99, 0x98, 0x88, 0x88, 0x88, 
	0x88, 0x88, 0x88, 0x88, 0x88, 0x88, 0x88, 0x88, 0x88, 0x88, 0x88, 0x88, 0x88, 0x88, 0x88, 
	0x88, 0x88, 0x88, 0x88, 0x88, 0x88, 0x88, 0x88, 0x87, 0x8A, 0xCE, 0xFF, 0xFF, 0xFF, 0xFF, 
	0xFF, 0xFF, 0xFF, 0xFF, 0xFF, 0xFF, 0xFD, 0x97, 0x77, 0x77, 0x77, 0x77, 0x77, 0x77, 0x77, 
	0x77, 0x77, 0x77, 0x77, 0x77, 0x77, 0x77, 0x77, 0x77, 0x77, 0x77, 0x77, 0x77, 0x77, 0x77, 
	0x77, 0x77, 0x78, 0x88, 0x88, 0x88, 0x88, 0x88, 0x88, 0x88, 0x87, 0x77, 0x88, 0x88, 0x99, 
	0x98, 0x77, 0x66, 0x67, 0x76, 0x66, 0x66, 0x66, 0x66, 0x66, 0x66, 0x66, 0x66, 0x78, 0x99, 
	0x99, 0x99, 0x99, 0xAA, 0xAA, 0xAA, 0xAA, 0xAA, 0xAA, 0xAA, 0xAA, 0xAA, 0xAA, 0xAA, 0xAA, 
	0xAA, 0xAA, 0xAA, 0xAA, 0xAA, 0xAA, 0xAA, 0xAA, 0x97, 0x65, 0x54, 0x43, 0x33, 0x34, 0x45, 
	0x55, 0x55, 0x55, 0x55, 0x55, 0x55, 0x55, 0x55, 0x55, 0x55, 0x55, 0x55, 0x55, 0x55, 0x55, 
	0x55, 0x55, 0x55, 0x55, 0x55, 0x55, 0x55, 0x55, 0x55, 0x54, 0x33, 0x22, 0x22, 0x22, 0x22, 
	0x22, 0x22, 0x22, 0x22, 0x22, 0x22, 0x22, 0x22, 0x22, 0x22, 0x22, 0x22, 0x22, 0x22, 0x22, 
	0x22, 0x22, 0x22, 0x22, 0x22, 0x22, 0x22, 0x22, 0x22, 0x22, 0x22, 0x22, 0x22, 0x22, 0x22, 
	0x22, 0x22, 0x22, 0x22, 0x22, 0x22, 0x22, 0x22, 0x22, 0x22, 0x22, 0x22, 0x22, 0x22, 0x22, 
	0x33, 0x33, 0x33, 0x33, 0x33, 0x33, 0x22, 0x22, 0x22, 0x22, 0x22, 0x22, 0x22, 0x22, 0x22, 
	0x22, 0x22, 0x22, 0x22, 0x22, 0x22, 0x22, 0x22, 0x22, 0x22, 0x22, 0x22, 0x22, 0x22, 0x22, 
	0x22, 0x22, 0x23, 0x44, 0x55, 0x55, 0x55, 0x54, 0x43, 0x33, 0x33, 0x44, 0x44, 0x55, 0x55, 
	0x55, 0x55, 0x55, 0x55, 0x54, 0x43, 0x33, 0x44, 0x55, 0x55, 0x55, 0x55, 0x55, 0x55, 0x55, 
	0x55, 0x55, 0x55, 0x55, 0x55, 0x55, 0x55, 0x55, 0x55, 0x55, 0x55, 0x55, 0x55, 0x55, 0x55, 
	0x54, 0x44, 0x45, 0x56, 0x66, 0x66, 0x66, 0x66, 0x67, 0x77, 0x77, 0x77, 0x77, 0x77, 0x77, 
	0x76, 0x66, 0x67, 0x78, 0x99, 0x99, 0x99, 0x99, 0x99, 0x99, 0x99, 0x88, 0x88, 0x88, 0x88, 
	0x88, 0x88, 0x88, 0x88, 0x88, 0x88, 0x88, 0x88, 0x88, 0x88, 0x88, 0x88, 0x88, 0x88, 0x88, 
	0x88, 0x88, 0x88, 0x88, 0x88, 0x88, 0x88, 0x88, 0x87, 0x89, 0xCE, 0xFF, 0xFF, 0xFF, 0xFF, 
	0xFF, 0xFF, 0xFF, 0xFF, 0xFF, 0xFF, 0xFC, 0x97, 0x77, 0x77, 0x77, 0x77, 0x77, 0x77, 0x77, 
	0x77, 0x77, 0x77, 0x77, 0x77, 0x77, 0x77, 0x77, 0x77, 0x77, 0x77, 0x77, 0x77, 0x77, 0x77, 
	0x77, 0x77, 0x78, 0x88, 0x88, 0x88, 0x88, 0x88, 0x88, 0x88, 0x77, 0x77, 0x78, 0x88, 0x88, 
	0x87, 0x77, 0x76, 0x67, 0x77, 0x66, 0x66, 0x66, 0x66, 0x66, 0x66, 0x66, 0x66, 0x78, 0x99, 
	0x99, 0x99, 0x99, 0x99, 0x99, 0xAA, 0xAA, 0xAA, 0xAA, 0xAA, 0xAA, 0xAA, 0xAA, 0xAA, 0xAA, 
	0xAA, 0xAA, 0xAA, 0xAA, 0xAA, 0xAA, 0xAA, 0xAA, 0x98, 0x65, 0x54, 0x43, 0x33, 0x34, 0x45, 
	0x55, 0x55, 0x55, 0x55, 0x55, 0x55, 0x55, 0x55, 0x55, 0x55, 0x55, 0x55, 0x55, 0x55, 0x55, 
	0x55, 0x55, 0x55, 0x55, 0x55, 0x55, 0x55, 0x55, 0x55, 0x43, 0x32, 0x22, 0x22, 0x22, 0x22, 
	0x22, 0x22, 0x22, 0x22, 0x22, 0x22, 0x22, 0x22, 0x22, 0x22, 0x22, 0x22, 0x22, 0x22, 0x22, 
	0x22, 0x22, 0x22, 0x22, 0x22, 0x22, 0x22, 0x22, 0x22, 0x22, 0x22, 0x22, 0x22, 0x22, 0x22, 
	0x22, 0x22, 0x22, 0x22, 0x22, 0x22, 0x22, 0x22, 0x22, 0x22, 0x22, 0x22, 0x22, 0x22, 0x22, 
	0x33, 0x33, 0x33, 0x33, 0x33, 0x33, 0x33, 0x22, 0x22, 0x22, 0x22, 0x22, 0x22, 0x22, 0x22, 
	0x22, 0x22, 0x22, 0x22, 0x22, 0x22, 0x22, 0x22, 0x22, 0x22, 0x22, 0x22, 0x22, 0x22, 0x22, 
	0x22, 0x22, 0x22, 0x34, 0x45, 0x55, 0x55, 0x55, 0x44, 0x43, 0x33, 0x34, 0x44, 0x45, 0x55, 
	0x55, 0x55, 0x55, 0x55, 0x44, 0x43, 0x34, 0x45, 0x55, 0x55, 0x55, 0x55, 0x55, 0x55, 0x55, 
	0x55, 0x55, 0x55, 0x55, 0x55, 0x55, 0x55, 0x55, 0x55, 0x55, 0x55, 0x55, 0x55, 0x55, 0x55, 
	0x54, 0x44, 0x44, 0x55, 0x66, 0x66, 0x66, 0x66, 0x66, 0x66, 0x67, 0x77, 0x77, 0x66, 0x66, 
	0x66, 0x66, 0x67, 0x78, 0x99, 0x99, 0x99, 0x99, 0x99, 0x99, 0x98, 0x88, 0x88, 0x88, 0x88, 
	0x88, 0x88, 0x88, 0x88, 0x88, 0x88, 0x88, 0x88, 0x88, 0x88, 0x88, 0x88, 0x88, 0x88, 0x88, 
	0x88, 0x88, 0x88, 0x88, 0x88, 0x88, 0x88, 0x88, 0x88, 0x89, 0xBD, 0xEF, 0xFF, 0xFF, 0xFF, 
	0xFF, 0xFF, 0xFF, 0xFF, 0xFF, 0xFF, 0xEB, 0x87, 0x77, 0x77, 0x77, 0x77, 0x77, 0x77, 0x77, 
	0x77, 0x77, 0x77, 0x77, 0x77, 0x77, 0x77, 0x77, 0x77, 0x77, 0x77, 0x77, 0x77, 0x77, 0x77, 
	0x77, 0x77, 0x78, 0x88, 0x88, 0x88, 0x88, 0x88, 0x88, 0x88, 0x77, 0x77, 0x78, 0x88, 0x88, 
	0x77, 0x77, 0x77, 0x77, 0x77, 0x76, 0x66, 0x66, 0x66, 0x66, 0x66, 0x66, 0x76, 0x78, 0x99, 
	0x99, 0x99, 0x99, 0x99, 0x99, 0x99, 0x99, 0xAA, 0xAA, 0xAA, 0xAA, 0xAA, 0xAA, 0xAA, 0xAA, 
	0xAA, 0xAA, 0xAA, 0xAA, 0xAA, 0xAA, 0xAA, 0xAA, 0x98, 0x65, 0x54, 0x43, 0x33, 0x34, 0x45, 
	0x55, 0x55, 0x55, 0x55, 0x55, 0x55, 0x55, 0x55, 0x55, 0x55, 0x55, 0x55, 0x55, 0x55, 0x55, 
	0x55, 0x55, 0x55, 0x55, 0x55, 0x55, 0x55, 0x55, 0x54, 0x43, 0x22, 0x22, 0x22, 0x22, 0x22, 
	0x22, 0x22, 0x22, 0x22, 0x22, 0x22, 0x22, 0x22, 0x22, 0x22, 0x22, 0x22, 0x22, 0x22, 0x22, 
	0x22, 0x22, 0x22, 0x22, 0x22, 0x22, 0x22, 0x22, 0x22, 0x22, 0x22, 0x22, 0x22, 0x22, 0x22, 
	0x22, 0x22, 0x22, 0x22, 0x22, 0x22, 0x22, 0x22, 0x22, 0x22, 0x22, 0x22, 0x22, 0x22, 0x22, 
	0x33, 0x33, 0x33, 0x33, 0x33, 0x33, 0x33, 0x22, 0x22, 0x22, 0x22, 0x22, 0x22, 0x22, 0x22, 
	0x22, 0x22, 0x22, 0x22, 0x22, 0x22, 0x22, 0x22, 0x22, 0x22, 0x22, 0x22, 0x22, 0x22, 0x22, 
	0x22, 0x22, 0x22, 0x23, 0x44, 0x55, 0x55, 0x55, 0x55, 0x44, 0x43, 0x33, 0x34, 0x44, 0x45, 
	0x55, 0x55, 0x55, 0x44, 0x43, 0x33, 0x44, 0x45, 0x55, 0x55, 0x55, 0x55, 0x55, 0x55, 0x55, 
	0x55, 0x55, 0x55, 0x55, 0x55, 0x55, 0x55, 0x55, 0x55, 0x55, 0x55, 0x55, 0x55, 0x55, 0x55, 
	0x54, 0x44, 0x44, 0x55, 0x66, 0x66, 0x66, 0x66, 0x66, 0x66, 0x66, 0x66, 0x66, 0x66, 0x66, 
	0x66, 0x66, 0x67, 0x78, 0x99, 0x99, 0x99, 0x99, 0x99, 0x98, 0x88, 0x88, 0x88, 0x88, 0x88, 
	0x88, 0x88, 0x88, 0x88, 0x88, 0x88, 0x88, 0x88, 0x88, 0x88, 0x88, 0x78, 0x88, 0x88, 0x88, 
	0x88, 0x88, 0x88, 0x88, 0x88, 0x88, 0x88, 0x87, 0x88, 0x88, 0xAC, 0xEF, 0xFF, 0xFF, 0xFF, 
	0xFF, 0xFF, 0xFF, 0xFF, 0xFF, 0xFE, 0xC9, 0x77, 0x77, 0x77, 0x77, 0x77, 0x77, 0x77, 0x77, 
	0x77, 0x77, 0x77, 0x77, 0x77, 0x77, 0x77, 0x77, 0x77, 0x77, 0x77, 0x77, 0x77, 0x77, 0x77, 
	0x77, 0x77, 0x78, 0x88, 0x88, 0x88, 0x88, 0x88, 0x88, 0x77, 0x78, 0x77, 0x77, 0x78, 0x88, 
	0x77, 0x77, 0x77, 0x77, 0x77, 0x77, 0x76, 0x66, 0x66, 0x66, 0x66, 0x66, 0x76, 0x78, 0x99, 
	0x99, 0x99, 0x99, 0x99, 0x99, 0x99, 0x99, 0x99, 0xAA, 0xAA, 0xAA, 0xAA, 0xAA, 0xAA, 0xAA, 
	0xAA, 0xAA, 0xAA, 0xAA, 0xAA, 0xAA, 0xAA, 0xAA, 0x98, 0x65, 0x54, 0x43, 0x33, 0x34, 0x45, 
	0x55, 0x55, 0x55, 0x55, 0x55, 0x55, 0x55, 0x55, 0x55, 0x55, 0x55, 0x55, 0x55, 0x55, 0x55, 
	0x55, 0x55, 0x55, 0x55, 0x55, 0x55, 0x55, 0x55, 0x44, 0x32, 0x22, 0x22, 0x22, 0x22, 0x22, 
	0x22, 0x22, 0x22, 0x22, 0x22, 0x22, 0x22, 0x22, 0x22, 0x22, 0x22, 0x22, 0x22, 0x22, 0x22, 
	0x22, 0x22, 0x22, 0x22, 0x22, 0x22, 0x22, 0x22, 0x22, 0x22, 0x22, 0x22, 0x22, 0x22, 0x22, 
	0x22, 0x22, 0x22, 0x22, 0x22, 0x22, 0x22, 0x22, 0x22, 0x22, 0x22, 0x22, 0x22, 0x22, 0x22, 
	0x33, 0x33, 0x33, 0x33, 0x33, 0x33, 0x33, 0x22, 0x22, 0x22, 0x22, 0x22, 0x22, 0x22, 0x22, 
	0x22, 0x22, 0x22, 0x22, 0x22, 0x22, 0x22, 0x22, 0x22, 0x22, 0x22, 0x22, 0x22, 0x22, 0x22, 
	0x22, 0x22, 0x22, 0x22, 0x34, 0x55, 0x55, 0x55, 0x55, 0x54, 0x44, 0x33, 0x33, 0x34, 0x44, 
	0x44, 0x55, 0x54, 0x43, 0x33, 0x33, 0x44, 0x55, 0x55, 0x55, 0x55, 0x55, 0x55, 0x55, 0x55, 
	0x55, 0x55, 0x55, 0x55, 0x55, 0x55, 0x55, 0x55, 0x55, 0x55, 0x55, 0x55, 0x55, 0x55, 0x55, 
	0x55, 0x44, 0x44, 0x55, 0x66, 0x66, 0x66, 0x66, 0x66, 0x66, 0x66, 0x66, 0x66, 0x66, 0x66, 
	0x66, 0x66, 0x66, 0x78, 0x99, 0x99, 0x99, 0x99, 0x99, 0x88, 0x88, 0x88, 0x88, 0x88, 0x88, 
	0x88, 0x88, 0x88, 0x88, 0x88, 0x88, 0x88, 0x88, 0x87, 0x77, 0x77, 0x77, 0x77, 0x78, 0x88, 
	0x88, 0x88, 0x88, 0x88, 0x88, 0x88, 0x88, 0x77, 0x88, 0x78, 0x9B, 0xDF, 0xFF, 0xFF, 0xFF, 
	0xFF, 0xFF, 0xFF, 0xFF, 0xFF, 0xFD, 0xA7, 0x77, 0x77, 0x77, 0x77, 0x77, 0x77, 0x77, 0x77, 
	0x77, 0x77, 0x77, 0x77, 0x77, 0x77, 0x77, 0x77, 0x77, 0x77, 0x77, 0x77, 0x77, 0x77, 0x77, 
	0x77, 0x77, 0x78, 0x88, 0x88, 0x88, 0x88, 0x88, 0x88, 0x77, 0x88, 0x87, 0x87, 0x78, 0x88, 
	0x77, 0x77, 0x67, 0x77, 0x77, 0x77, 0x76, 0x66, 0x66, 0x66, 0x66, 0x66, 0x76, 0x78, 0x99, 
	0x99, 0x99, 0x99, 0x99, 0x99, 0x99, 0x99, 0x99, 0x99, 0x9A, 0xAA, 0xAA, 0xA9, 0xAA, 0xAA, 
	0xAA, 0xAA, 0xAA, 0xAA, 0xAA, 0xAA, 0xAA, 0xAA, 0x98, 0x75, 0x54, 0x43, 0x33, 0x34, 0x45, 
	0x55, 0x55, 0x55, 0x55, 0x55, 0x55, 0x55, 0x55, 0x55, 0x55, 0x55, 0x55, 0x55, 0x55, 0x55, 
	0x55, 0x55, 0x55, 0x55, 0x55, 0x55, 0x55, 0x54, 0x43, 0x22, 0x22, 0x22, 0x22, 0x22, 0x22, 
	0x22, 0x22, 0x22, 0x22, 0x22, 0x22, 0x22, 0x22, 0x22, 0x22, 0x22, 0x22, 0x22, 0x22, 0x22, 
	0x22, 0x22, 0x22, 0x22, 0x22, 0x22, 0x22, 0x22, 0x22, 0x22, 0x22, 0x22, 0x22, 0x22, 0x22, 
	0x22, 0x22, 0x22, 0x22, 0x22, 0x22, 0x22, 0x22, 0x22, 0x22, 0x22, 0x22, 0x22, 0x22, 0x22, 
	0x33, 0x33, 0x33, 0x33, 0x33, 0x33, 0x33, 0x22, 0x22, 0x22, 0x22, 0x22, 0x22, 0x22, 0x22, 
	0x22, 0x22, 0x22, 0x22, 0x22, 0x22, 0x22, 0x22, 0x22, 0x22, 0x22, 0x22, 0x22, 0x22, 0x22, 
	0x22, 0x22, 0x22, 0x22, 0x23, 0x45, 0x55, 0x55, 0x55, 0x55, 0x44, 0x43, 0x33, 0x33, 0x33, 
	0x44, 0x44, 0x44, 0x33, 0x33, 0x34, 0x45, 0x55, 0x55, 0x55, 0x55, 0x55, 0x55, 0x55, 0x55, 
	0x55, 0x55, 0x55, 0x55, 0x55, 0x55, 0x55, 0x55, 0x55, 0x55, 0x55, 0x55, 0x55, 0x55, 0x55, 
	0x55, 0x44, 0x44, 0x55, 0x56, 0x66, 0x66, 0x66, 0x66, 0x66, 0x66, 0x66, 0x66, 0x66, 0x66, 
	0x66, 0x66, 0x66, 0x78, 0x99, 0x99, 0x99, 0x99, 0x99, 0x88, 0x88, 0x88, 0x88, 0x88, 0x88, 
	0x88, 0x88, 0x88, 0x88, 0x88, 0x88, 0x87, 0x87, 0x77, 0x77, 0x77, 0x77, 0x77, 0x77, 0x88, 
	0x88, 0x88, 0x88, 0x88, 0x88, 0x88, 0x88, 0x87, 0x88, 0x77, 0x89, 0xBD, 0xFF, 0xFF, 0xFF, 
	0xFF, 0xFF, 0xFF, 0xFF, 0xFF, 0xCA, 0x87, 0x77, 0x77, 0x77, 0x77, 0x77, 0x77, 0x77, 0x77, 
	0x77, 0x77, 0x77, 0x77, 0x77, 0x77, 0x77, 0x77, 0x77, 0x77, 0x77, 0x77, 0x77, 0x77, 0x77, 
	0x77, 0x77, 0x78, 0x88, 0x88, 0x88, 0x88, 0x88, 0x88, 0x77, 0x88, 0x88, 0x88, 0x78, 0x88, 
	0x77, 0x77, 0x77, 0x77, 0x77, 0x77, 0x76, 0x66, 0x66, 0x66, 0x66, 0x66, 0x76, 0x78, 0x99, 
	0x99, 0x99, 0x99, 0x99, 0x99, 0x99, 0x99, 0x99, 0x99, 0x99, 0x9A, 0xAA, 0xA9, 0x9A, 0xAA, 
	0xAA, 0xAA, 0xAA, 0xAA, 0xAA, 0xAA, 0xAA, 0xAA, 0x98, 0x75, 0x54, 0x43, 0x33, 0x34, 0x45, 
	0x55, 0x55, 0x55, 0x55, 0x55, 0x55, 0x55, 0x55, 0x55, 0x55, 0x55, 0x55, 0x55, 0x55, 0x55, 
	0x55, 0x55, 0x55, 0x55, 0x55, 0x55, 0x55, 0x44, 0x33, 0x22, 0x22, 0x22, 0x22, 0x22, 0x22, 
	0x22, 0x22, 0x22, 0x22, 0x22, 0x22, 0x22, 0x22, 0x22, 0x22, 0x22, 0x22, 0x22, 0x22, 0x22, 
	0x22, 0x22, 0x22, 0x22, 0x22, 0x22, 0x22, 0x22, 0x22, 0x22, 0x22, 0x22, 0x22, 0x22, 0x22, 
	0x22, 0x22, 0x22, 0x22, 0x22, 0x22, 0x22, 0x22, 0x22, 0x22, 0x22, 0x22, 0x22, 0x22, 0x22, 
	0x33, 0x33, 0x33, 0x33, 0x33, 0x33, 0x33, 0x22, 0x22, 0x22, 0x22, 0x22, 0x22, 0x22, 0x22, 
	0x22, 0x22, 0x22, 0x22, 0x22, 0x22, 0x22, 0x22, 0x22, 0x22, 0x22, 0x22, 0x22, 0x22, 0x22, 
	0x22, 0x22, 0x22, 0x22, 0x22, 0x34, 0x55, 0x55, 0x55, 0x55, 0x55, 0x44, 0x43, 0x33, 0x33, 
	0x33, 0x33, 0x33, 0x33, 0x33, 0x44, 0x55, 0x55, 0x55, 0x55, 0x55, 0x55, 0x55, 0x55, 0x55, 
	0x55, 0x55, 0x55, 0x55, 0x55, 0x55, 0x55, 0x55, 0x55, 0x55, 0x55, 0x55, 0x55, 0x55, 0x55, 
	0x55, 0x44, 0x44, 0x55, 0x56, 0x56, 0x66, 0x66, 0x66, 0x66, 0x66, 0x66, 0x66, 0x66, 0x66, 
	0x66, 0x66, 0x66, 0x78, 0x99, 0x99, 0x99, 0x99, 0x99, 0x88, 0x88, 0x88, 0x88, 0x88, 0x88, 
	0x88, 0x88, 0x88, 0x88, 0x88, 0x88, 0x77, 0x77, 0x77, 0x77, 0x77, 0x77, 0x77, 0x77, 0x78, 
	0x88, 0x88, 0x88, 0x88, 0x88, 0x88, 0x88, 0x88, 0x88, 0x77, 0x88, 0x9B, 0xEF, 0xFF, 0xFF, 
	0xFF, 0xFF, 0xFF, 0xFF, 0xED, 0xA7, 0x67, 0x77, 0x67, 0x77, 0x77, 0x77, 0x77, 0x77, 0x77, 
	0x77, 0x77, 0x77, 0x77, 0x77, 0x77, 0x77, 0x77, 0x77, 0x77, 0x77, 0x77, 0x77, 0x77, 0x77, 
	0x77, 0x77, 0x88, 0x88, 0x88, 0x88, 0x88, 0x88, 0x88, 0x88, 0x88, 0x88, 0x87, 0x78, 0x88, 
	0x87, 0x77, 0x77, 0x77, 0x77, 0x77, 0x76, 0x66, 0x66, 0x66, 0x66, 0x66, 0x66, 0x78, 0x99, 
	0x99, 0x99, 0x99, 0x99, 0x99, 0x99, 0x99, 0x99, 0x99, 0x99, 0x99, 0xAA, 0xA9, 0x99, 0x99, 
	0x9A, 0xAA, 0xAA, 0xAA, 0xAA, 0xAA, 0xAA, 0xAA, 0x98, 0x76, 0x54, 0x43, 0x33, 0x34, 0x45, 
	0x55, 0x55, 0x55, 0x55, 0x55, 0x55, 0x55, 0x55, 0x55, 0x55, 0x55, 0x55, 0x55, 0x55, 0x55, 
	0x55, 0x55, 0x55, 0x55, 0x55, 0x55, 0x55, 0x43, 0x22, 0x22, 0x22, 0x22, 0x22, 0x22, 0x22, 
	0x22, 0x22, 0x22, 0x22, 0x22, 0x22, 0x22, 0x22, 0x22, 0x22, 0x22, 0x22, 0x22, 0x22, 0x22, 
	0x22, 0x22, 0x22, 0x22, 0x22, 0x22, 0x22, 0x22, 0x22, 0x22, 0x22, 0x22, 0x22, 0x22, 0x22, 
	0x22, 0x22, 0x22, 0x22, 0x22, 0x22, 0x22, 0x22, 0x22, 0x22, 0x22, 0x22, 0x22, 0x22, 0x22, 
	0x33, 0x33, 0x33, 0x33, 0x33, 0x33, 0x32, 0x22, 0x22, 0x22, 0x22, 0x22, 0x22, 0x22, 0x22, 
	0x22, 0x22, 0x22, 0x22, 0x22, 0x22, 0x22, 0x22, 0x22, 0x22, 0x22, 0x22, 0x22, 0x22, 0x22, 
	0x22, 0x22, 0x22, 0x22, 0x22, 0x33, 0x45, 0x55, 0x55, 0x55, 0x55, 0x54, 0x44, 0x43, 0x33, 
	0x33, 0x33, 0x33, 0x33, 0x34, 0x45, 0x55, 0x55, 0x55, 0x55, 0x55, 0x55, 0x55, 0x55, 0x55, 
	0x55, 0x55, 0x55, 0x55, 0x55, 0x55, 0x55, 0x55, 0x55, 0x55, 0x55, 0x55, 0x55, 0x55, 0x55, 
	0x55, 0x44, 0x44, 0x45, 0x55, 0x66, 0x66, 0x66, 0x66, 0x66, 0x66, 0x66, 0x66, 0x66, 0x66, 
	0x66, 0x66, 0x66, 0x78, 0x99, 0x99, 0x99, 0x99, 0x98, 0x88, 0x88, 0x88, 0x88, 0x88, 0x88, 
	0x88, 0x88, 0x88, 0x88, 0x88, 0x88, 0x77, 0x77, 0x77, 0x77, 0x77, 0x77, 0x77, 0x77, 0x77, 
	0x88, 0x88, 0x88, 0x88, 0x88, 0x88, 0x77, 0x88, 0x88, 0x77, 0x77, 0x89, 0xBD, 0xFF, 0xFF, 
	0xFF, 0xFF, 0xFF, 0xED, 0xB9, 0x87, 0x67, 0x77, 0x67, 0x77, 0x77, 0x77, 0x77, 0x77, 0x77, 
	0x77, 0x77, 0x77, 0x77, 0x77, 0x77, 0x77, 0x77, 0x77, 0x77, 0x77, 0x77, 0x77, 0x77, 0x77, 
	0x77, 0x77, 0x78, 0x88, 0x88, 0x88, 0x88, 0x88, 0x88, 0x88, 0x88, 0x88, 0x87, 0x78, 0x88, 
	0x77, 0x77, 0x77, 0x77, 0x77, 0x77, 0x77, 0x66, 0x66, 0x66, 0x66, 0x66, 0x66, 0x78, 0x99, 
	0x99, 0x99, 0x99, 0x99, 0x99, 0x99, 0x99, 0x99, 0x99, 0x99, 0x99, 0x99, 0xAA, 0x99, 0x99, 
	0x99, 0x9A, 0xAA, 0xAA, 0xAA, 0xAA, 0xAA, 0xAA, 0x98, 0x75, 0x54, 0x43, 0x33, 0x34, 0x55, 
	0x55, 0x55, 0x55, 0x55, 0x55, 0x55, 0x55, 0x55, 0x55, 0x55, 0x55, 0x55, 0x55, 0x55, 0x55, 
	0x55, 0x55, 0x55, 0x55, 0x55, 0x55, 0x54, 0x33, 0x22, 0x22, 0x22, 0x22, 0x22, 0x22, 0x22, 
	0x22, 0x22, 0x22, 0x22, 0x22, 0x22, 0x22, 0x22, 0x22, 0x22, 0x22, 0x22, 0x22, 0x22, 0x22, 
	0x22, 0x22, 0x22, 0x22, 0x22, 0x22, 0x22, 0x22, 0x22, 0x22, 0x22, 0x22, 0x22, 0x22, 0x22, 
	0x22, 0x22, 0x22, 0x22, 0x22, 0x22, 0x22, 0x22, 0x22, 0x22, 0x22, 0x22, 0x22, 0x22, 0x22, 
	0x33, 0x33, 0x33, 0x33, 0x33, 0x33, 0x22, 0x22, 0x22, 0x22, 0x22, 0x22, 0x22, 0x22, 0x22, 
	0x22, 0x22, 0x22, 0x22, 0x22, 0x22, 0x22, 0x22, 0x22, 0x22, 0x22, 0x22, 0x22, 0x22, 0x22, 
	0x22, 0x22, 0x22, 0x22, 0x22, 0x23, 0x34, 0x55, 0x55, 0x55, 0x55, 0x55, 0x55, 0x44, 0x44, 
	0x43, 0x33, 0x33, 0x44, 0x44, 0x55, 0x55, 0x55, 0x55, 0x55, 0x55, 0x55, 0x55, 0x55, 0x55, 
	0x55, 0x55, 0x55, 0x55, 0x55, 0x55, 0x55, 0x55, 0x55, 0x55, 0x55, 0x55, 0x55, 0x55, 0x55, 
	0x55, 0x44, 0x44, 0x45, 0x55, 0x55, 0x55, 0x66, 0x66, 0x66, 0x66, 0x66, 0x66, 0x66, 0x66, 
	0x66, 0x66, 0x66, 0x78, 0x99, 0x99, 0x99, 0x99, 0x88, 0x88, 0x88, 0x88, 0x88, 0x88, 0x88, 
	0x88, 0x88, 0x88, 0x87, 0x77, 0x77, 0x77, 0x77, 0x77, 0x77, 0x77, 0x77, 0x77, 0x77, 0x77, 
	0x77, 0x88, 0x88, 0x88, 0x88, 0x88, 0x77, 0x78, 0x88, 0x87, 0x77, 0x77, 0x9A, 0xCD, 0xEE, 
	0xEE, 0xFF, 0xED, 0xCA, 0x87, 0x77, 0x77, 0x77, 0x77, 0x77, 0x77, 0x77, 0x77, 0x77, 0x77, 
	0x77, 0x77, 0x77, 0x77, 0x77, 0x76, 0x77, 0x77, 0x77, 0x77, 0x77, 0x77, 0x77, 0x77, 0x77, 
	0x77, 0x77, 0x78, 0x88, 0x88, 0x88, 0x88, 0x88, 0x88, 0x88, 0x88, 0x88, 0x88, 0x88, 0x88, 
	0x77, 0x77, 0x77, 0x77, 0x77, 0x77, 0x77, 0x66, 0x66, 0x66, 0x66, 0x66, 0x66, 0x78, 0x99, 
	0x99, 0x99, 0x99, 0x99, 0x99, 0x99, 0x99, 0x99, 0x99, 0x99, 0x99, 0x99, 0x99, 0x99, 0x99, 
	0x99, 0x99, 0x99, 0x99, 0x9A, 0xAA, 0xAA, 0xAA, 0x98, 0x76, 0x54, 0x33, 0x33, 0x34, 0x55, 
	0x55, 0x55, 0x55, 0x55, 0x55, 0x55, 0x55, 0x55, 0x55, 0x55, 0x55, 0x55, 0x55, 0x55, 0x55, 
	0x55, 0x55, 0x55, 0x55, 0x55, 0x55, 0x43, 0x32, 0x22, 0x22, 0x22, 0x22, 0x22, 0x22, 0x22, 
	0x22, 0x22, 0x22, 0x22, 0x22, 0x22, 0x22, 0x22, 0x22, 0x22, 0x22, 0x22, 0x22, 0x22, 0x22, 
	0x22, 0x22, 0x22, 0x22, 0x22, 0x22, 0x22, 0x22, 0x22, 0x22, 0x22, 0x22, 0x22, 0x22, 0x22, 
	0x22, 0x22, 0x22, 0x22, 0x22, 0x22, 0x22, 0x22, 0x22, 0x22, 0x22, 0x22, 0x22, 0x22, 0x22, 
	0x33, 0x33, 0x33, 0x33, 0x33, 0x32, 0x22, 0x22, 0x22, 0x22, 0x22, 0x22, 0x22, 0x22, 0x22, 
	0x22, 0x22, 0x22, 0x22, 0x22, 0x22, 0x22, 0x22, 0x22, 0x22, 0x22, 0x22, 0x22, 0x22, 0x22, 
	0x22, 0x22, 0x22, 0x22, 0x22, 0x22, 0x33, 0x45, 0x55, 0x55, 0x55, 0x55, 0x55, 0x55, 0x54, 
	0x44, 0x44, 0x44, 0x44, 0x55, 0x55, 0x55, 0x55, 0x55, 0x55, 0x55, 0x55, 0x55, 0x55, 0x55, 
	0x55, 0x55, 0x55, 0x55, 0x55, 0x55, 0x55, 0x55, 0x55, 0x55, 0x55, 0x55, 0x55, 0x55, 0x55, 
	0x55, 0x44, 0x44, 0x45, 0x55, 0x55, 0x55, 0x55, 0x56, 0x66, 0x66, 0x66, 0x66, 0x66, 0x66, 
	0x66, 0x65, 0x56, 0x78, 0x99, 0x99, 0x99, 0x98, 0x88, 0x88, 0x88, 0x88, 0x88, 0x88, 0x88, 
	0x88, 0x88, 0x88, 0x77, 0x77, 0x77, 0x77, 0x77, 0x77, 0x77, 0x77, 0x77, 0x77, 0x77, 0x77, 
	0x77, 0x78, 0x88, 0x88, 0x88, 0x88, 0x77, 0x77, 0x77, 0x77, 0x77, 0x77, 0x77, 0x8A, 0xAB, 
	0xBB, 0xBA, 0xA9, 0x87, 0x76, 0x67, 0x77, 0x77, 0x77, 0x77, 0x77, 0x77, 0x77, 0x77, 0x66, 
	0x66, 0x66, 0x66, 0x66, 0x66, 0x66, 0x77, 0x77, 0x77, 0x77, 0x77, 0x77, 0x77, 0x77, 0x77, 
	0x77, 0x77, 0x78, 0x88, 0x88, 0x88, 0x88, 0x88, 0x88, 0x88, 0x88, 0x88, 0x88, 0x88, 0x88, 
	0x77, 0x77, 0x77, 0x77, 0x77, 0x77, 0x77, 0x66, 0x66, 0x66, 0x66, 0x66, 0x66, 0x78, 0x89, 
	0x99, 0x99, 0x99, 0x99, 0x99, 0x99, 0x99, 0x99, 0x99, 0x99, 0x99, 0x99, 0x99, 0x99, 0x99, 
	0x99, 0x99, 0x99, 0x99, 0x99, 0xAA, 0x9A, 0x9A, 0x99, 0x76, 0x54, 0x33, 0x33, 0x34, 0x55, 
	0x55, 0x55, 0x55, 0x55, 0x55, 0x55, 0x55, 0x55, 0x55, 0x55, 0x55, 0x55, 0x55, 0x55, 0x55, 
	0x55, 0x55, 0x55, 0x55, 0x55, 0x54, 0x32, 0x22, 0x22, 0x22, 0x22, 0x22, 0x22, 0x22, 0x22, 
	0x22, 0x22, 0x22, 0x22, 0x22, 0x22, 0x22, 0x22, 0x22, 0x22, 0x22, 0x22, 0x22, 0x22, 0x22, 
	0x22, 0x22, 0x22, 0x22, 0x22, 0x22, 0x22, 0x22, 0x22, 0x22, 0x22, 0x22, 0x22, 0x22, 0x22, 
	0x22, 0x22, 0x22, 0x22, 0x22, 0x22, 0x22, 0x22, 0x22, 0x22, 0x22, 0x22, 0x22, 0x22, 0x22, 
	0x43, 0x33, 0x33, 0x33, 0x33, 0x22, 0x22, 0x22, 0x22, 0x22, 0x22, 0x22, 0x22, 0x22, 0x22, 
	0x22, 0x22, 0x22, 0x22, 0x22, 0x22, 0x22, 0x22, 0x22, 0x22, 0x22, 0x22, 0x22, 0x22, 0x22, 
	0x22, 0x22, 0x22, 0x22, 0x22, 0x22, 0x23, 0x34, 0x44, 0x45, 0x55, 0x55, 0x55, 0x55, 0x55, 
	0x55, 0x44, 0x45, 0x55, 0x55, 0x55, 0x55, 0x55, 0x55, 0x55, 0x55, 0x55, 0x55, 0x55, 0x55, 
	0x55, 0x55, 0x55, 0x55, 0x55, 0x55, 0x55, 0x55, 0x55, 0x55, 0x55, 0x55, 0x55, 0x55, 0x55, 
	0x55, 0x44, 0x33, 0x45, 0x55, 0x55, 0x55, 0x55, 0x55, 0x55, 0x66, 0x55, 0x55, 0x55, 0x55, 
	0x55, 0x55, 0x56, 0x78, 0x99, 0x99, 0x99, 0x88, 0x88, 0x88, 0x88, 0x88, 0x88, 0x88, 0x88, 
	0x88, 0x88, 0x87, 0x77, 0x77, 0x77, 0x77, 0x77, 0x77, 0x77, 0x77, 0x77, 0x77, 0x77, 0x77, 
	0x77, 0x77, 0x77, 0x77, 0x77, 0x77, 0x77, 0x77, 0x77, 0x77, 0x77, 0x77, 0x77, 0x77, 0x78, 
	0x88, 0x87, 0x77, 0x66, 0x67, 0x77, 0x76, 0x67, 0x77, 0x77, 0x77, 0x77, 0x77, 0x76, 0x66, 
	0x66, 0x66, 0x66, 0x66, 0x66, 0x66, 0x66, 0x66, 0x66, 0x77, 0x77, 0x77, 0x77, 0x77, 0x77, 
	0x77, 0x77, 0x78, 0x88, 0x88, 0x78, 0x88, 0x88, 0x88, 0x88, 0x88, 0x88, 0x88, 0x88, 0x88, 
	0x88, 0x77, 0x77, 0x77, 0x77, 0x77, 0x77, 0x66, 0x66, 0x66, 0x66, 0x66, 0x66, 0x78, 0x88, 
	0x88, 0x88, 0x99, 0x99, 0x99, 0x99, 0x99, 0x99, 0x99, 0x99, 0x99, 0x99, 0x99, 0x99, 0x99, 
	0x99, 0x99, 0x99, 0x99, 0x99, 0x9A, 0x9A, 0x9A, 0x99, 0x76, 0x53, 0x33, 0x33, 0x34, 0x55, 
	0x55, 0x55, 0x55, 0x55, 0x55, 0x55, 0x55, 0x55, 0x55, 0x55, 0x55, 0x55, 0x55, 0x55, 0x55, 
	0x55, 0x55, 0x55, 0x55, 0x55, 0x43, 0x22, 0x22, 0x22, 0x22, 0x22, 0x22, 0x22, 0x22, 0x22, 
	0x22, 0x22, 0x22, 0x22, 0x22, 0x22, 0x22, 0x22, 0x22, 0x22, 0x22, 0x22, 0x22, 0x22, 0x22, 
	0x22, 0x22, 0x22, 0x22, 0x22, 0x22, 0x22, 0x22, 0x22, 0x22, 0x22, 0x22, 0x22, 0x22, 0x22, 
	0x22, 0x22, 0x22, 0x22, 0x22, 0x22, 0x22, 0x22, 0x22, 0x22, 0x22, 0x22, 0x22, 0x22, 0x22, 
	0x44, 0x33, 0x33, 0x33, 0x33, 0x22, 0x22, 0x22, 0x22, 0x22, 0x22, 0x22, 0x22, 0x22, 0x22, 
	0x22, 0x22, 0x22, 0x22, 0x22, 0x22, 0x22, 0x22, 0x22, 0x22, 0x22, 0x22, 0x22, 0x22, 0x22, 
	0x22, 0x22, 0x22, 0x22, 0x22, 0x22, 0x22, 0x33, 0x44, 0x55, 0x55, 0x55, 0x55, 0x55, 0x55, 
	0x55, 0x55, 0x55, 0x55, 0x55, 0x55, 0x55, 0x55, 0x55, 0x55, 0x55, 0x55, 0x55, 0x55, 0x55, 
	0x55, 0x55, 0x55, 0x55, 0x55, 0x55, 0x55, 0x55, 0x55, 0x55, 0x55, 0x55, 0x55, 0x55, 0x55, 
	0x55, 0x44, 0x33, 0x44, 0x55, 0x55, 0x55, 0x55, 0x55, 0x55, 0x55, 0x55, 0x55, 0x55, 0x55, 
	0x55, 0x55, 0x56, 0x78, 0x99, 0x99, 0x99, 0x88, 0x88, 0x88, 0x88, 0x88, 0x88, 0x88, 0x88, 
	0x88, 0x88, 0x77, 0x77, 0x77, 0x77, 0x77, 0x77, 0x77, 0x77, 0x77, 0x77, 0x77, 0x77, 0x77, 
	0x77, 0x77, 0x77, 0x77, 0x77, 0x77, 0x77, 0x77, 0x77, 0x77, 0x77, 0x77, 0x77, 0x77, 0x77, 
	0x77, 0x77, 0x77, 0x77, 0x77, 0x77, 0x66, 0x66, 0x67, 0x77, 0x77, 0x77, 0x77, 0x76, 0x66, 
	0x66, 0x66, 0x66, 0x66, 0x66, 0x66, 0x66, 0x66, 0x66, 0x66, 0x77, 0x77, 0x77, 0x77, 0x77, 
	0x77, 0x77, 0x78, 0x88, 0x88, 0x78, 0x88, 0x88, 0x88, 0x88, 0x88, 0x88, 0x88, 0x88, 0x88, 
	0x88, 0x77, 0x77, 0x77, 0x77, 0x77, 0x77, 0x66, 0x66, 0x66, 0x66, 0x66, 0x66, 0x78, 0x88, 
	0x88, 0x88, 0x88, 0x89, 0x99, 0x99, 0x99, 0x99, 0x99, 0x99, 0x99, 0x99, 0x99, 0x99, 0x99, 
	0x99, 0x99, 0x99, 0x99, 0x99, 0x9A, 0x9A, 0x9A, 0x99, 0x86, 0x53, 0x33, 0x33, 0x34, 0x55, 
	0x55, 0x55, 0x55, 0x55, 0x55, 0x55, 0x55, 0x55, 0x55, 0x55, 0x55, 0x55, 0x55, 0x55, 0x55, 
	0x55, 0x55, 0x55, 0x55, 0x54, 0x33, 0x22, 0x22, 0x22, 0x22, 0x22, 0x22, 0x22, 0x22, 0x22, 
	0x22, 0x22, 0x22, 0x22, 0x22, 0x22, 0x22, 0x22, 0x22, 0x22, 0x22, 0x22, 0x22, 0x22, 0x22, 
	0x22, 0x22, 0x22, 0x22, 0x22, 0x22, 0x22, 0x22, 0x22, 0x22, 0x22, 0x22, 0x22, 0x22, 0x22, 
	0x22, 0x22, 0x22, 0x22, 0x22, 0x22, 0x22, 0x22, 0x22, 0x22, 0x22, 0x22, 0x22, 0x22, 0x22, 
	0x44, 0x43, 0x33, 0x33, 0x22, 0x22, 0x22, 0x22, 0x22, 0x22, 0x22, 0x22, 0x22, 0x22, 0x22, 
	0x22, 0x22, 0x22, 0x22, 0x22, 0x22, 0x22, 0x22, 0x22, 0x22, 0x22, 0x22, 0x22, 0x22, 0x22, 
	0x22, 0x22, 0x22, 0x22, 0x22, 0x22, 0x22, 0x23, 0x44, 0x55, 0x55, 0x55, 0x55, 0x55, 0x55, 
	0x55, 0x55, 0x55, 0x55, 0x55, 0x55, 0x55, 0x55, 0x55, 0x55, 0x55, 0x55, 0x55, 0x55, 0x55, 
	0x55, 0x55, 0x55, 0x55, 0x55, 0x55, 0x55, 0x55, 0x55, 0x55, 0x55, 0x55, 0x55, 0x55, 0x55, 
	0x55, 0x44, 0x33, 0x34, 0x55, 0x55, 0x55, 0x55, 0x55, 0x55, 0x55, 0x55, 0x55, 0x55, 0x55, 
	0x55, 0x55, 0x56, 0x78, 0x99, 0x99, 0x99, 0x88, 0x88, 0x88, 0x88, 0x88, 0x88, 0x88, 0x88, 
	0x88, 0x88, 0x77, 0x77, 0x77, 0x77, 0x77, 0x77, 0x77, 0x77, 0x77, 0x77, 0x77, 0x77, 0x77, 
	0x77, 0x77, 0x77, 0x77, 0x77, 0x77, 0x77, 0x78, 0x77, 0x77, 0x77, 0x77, 0x77, 0x77, 0x77, 
	0x77, 0x77, 0x77, 0x77, 0x77, 0x77, 0x66, 0x76, 0x67, 0x77, 0x77, 0x77, 0x66, 0x76, 0x66, 
	0x66, 0x66, 0x66, 0x66, 0x66, 0x66, 0x66, 0x66, 0x66, 0x66, 0x77, 0x77, 0x77, 0x77, 0x77, 
	0x77, 0x77, 0x77, 0x88, 0x87, 0x78, 0x88, 0x88, 0x88, 0x88, 0x88, 0x88, 0x88, 0x88, 0x88, 
	0x88, 0x77, 0x77, 0x77, 0x77, 0x77, 0x77, 0x66, 0x66, 0x66, 0x66, 0x66, 0x66, 0x78, 0x88, 
	0x88, 0x88, 0x88, 0x88, 0x88, 0x99, 0x99, 0x99, 0x99, 0x99, 0x99, 0x99, 0x99, 0x99, 0x99, 
	0x99, 0x99, 0x99, 0x99, 0x99, 0x99, 0x9A, 0x9A, 0x99, 0x86, 0x53, 0x33, 0x33, 0x44, 0x55, 
	0x55, 0x55, 0x55, 0x55, 0x55, 0x55, 0x55, 0x55, 0x55, 0x55, 0x55, 0x55, 0x55, 0x55, 0x55, 
	0x55, 0x55, 0x55, 0x55, 0x44, 0x32, 0x22, 0x22, 0x22, 0x22, 0x22, 0x22, 0x22, 0x22, 0x22, 
	0x22, 0x22, 0x22, 0x22, 0x22, 0x22, 0x22, 0x22, 0x22, 0x22, 0x22, 0x22, 0x22, 0x22, 0x22, 
	0x22, 0x22, 0x22, 0x22, 0x22, 0x22, 0x22, 0x22, 0x22, 0x22, 0x22, 0x22, 0x22, 0x22, 0x22, 
	0x22, 0x22, 0x22, 0x22, 0x22, 0x22, 0x22, 0x22, 0x22, 0x22, 0x22, 0x22, 0x22, 0x22, 0x22, 
	0x44, 0x33, 0x33, 0x32, 0x22, 0x22, 0x22, 0x22, 0x22, 0x22, 0x22, 0x22, 0x22, 0x22, 0x22, 
	0x22, 0x22, 0x22, 0x22, 0x22, 0x22, 0x22, 0x22, 0x22, 0x22, 0x22, 0x22, 0x22, 0x22, 0x22, 
	0x22, 0x22, 0x22, 0x22, 0x22, 0x22, 0x22, 0x22, 0x33, 0x45, 0x55, 0x55, 0x55, 0x55, 0x55, 
	0x55, 0x55, 0x55, 0x55, 0x55, 0x55, 0x55, 0x55, 0x55, 0x55, 0x55, 0x55, 0x55, 0x55, 0x55, 
	0x55, 0x55, 0x55, 0x55, 0x55, 0x55, 0x55, 0x55, 0x55, 0x55, 0x55, 0x55, 0x55, 0x55, 0x55, 
	0x55, 0x44, 0x33, 0x34, 0x55, 0x55, 0x55, 0x55, 0x55, 0x55, 0x55, 0x55, 0x55, 0x55, 0x55, 
	0x55, 0x55, 0x56, 0x68, 0x89, 0x99, 0x98, 0x88, 0x88, 0x88, 0x88, 0x88, 0x88, 0x88, 0x88, 
	0x88, 0x88, 0x77, 0x77, 0x77, 0x77, 0x77, 0x77, 0x77, 0x77, 0x77, 0x77, 0x77, 0x77, 0x77, 
	0x77, 0x77, 0x77, 0x77, 0x77, 0x77, 0x77, 0x77, 0x77, 0x77, 0x77, 0x77, 0x77, 0x77, 0x77, 
	0x77, 0x77, 0x77, 0x77, 0x77, 0x77, 0x77, 0x77, 0x77, 0x77, 0x76, 0x66, 0x66, 0x66, 0x66, 
	0x66, 0x66, 0x66, 0x66, 0x66, 0x66, 0x66, 0x66, 0x66, 0x66, 0x67, 0x77, 0x77, 0x77, 0x77, 
	0x77, 0x77, 0x78, 0x88, 0x77, 0x88, 0x88, 0x88, 0x88, 0x88, 0x88, 0x88, 0x88, 0x88, 0x88, 
	0x88, 0x77, 0x77, 0x77, 0x77, 0x77, 0x77, 0x66, 0x66, 0x66, 0x66, 0x66, 0x66, 0x78, 0x88, 
	0x88, 0x88, 0x88, 0x88, 0x88, 0x88, 0x99, 0x99, 0x99, 0x99, 0x99, 0x99, 0x99, 0x99, 0x99, 
	0x99, 0x99, 0x99, 0x99, 0x99, 0x99, 0x9A, 0x99, 0x99, 0x86, 0x43, 0x33, 0x33, 0x44, 0x55, 
	0x55, 0x55, 0x55, 0x55, 0x55, 0x55, 0x55, 0x55, 0x55, 0x55, 0x55, 0x55, 0x55, 0x55, 0x55, 
	0x55, 0x55, 0x55, 0x54, 0x33, 0x22, 0x22, 0x22, 0x22, 0x22, 0x22, 0x22, 0x22, 0x22, 0x22, 
	0x22, 0x22, 0x22, 0x22, 0x22, 0x22, 0x22, 0x22, 0x22, 0x22, 0x22, 0x22, 0x22, 0x22, 0x22, 
	0x22, 0x22, 0x22, 0x22, 0x22, 0x22, 0x22, 0x22, 0x22, 0x22, 0x22, 0x22, 0x22, 0x22, 0x22, 
	0x22, 0x22, 0x22, 0x22, 0x22, 0x22, 0x22, 0x22, 0x22, 0x22, 0x22, 0x22, 0x22, 0x22, 0x22, 
	0x44, 0x33, 0x33, 0x22, 0x22, 0x22, 0x22, 0x22, 0x22, 0x22, 0x22, 0x22, 0x22, 0x22, 0x22, 
	0x22, 0x22, 0x22, 0x22, 0x22, 0x22, 0x22, 0x22, 0x22, 0x22, 0x22, 0x22, 0x22, 0x22, 0x22, 
	0x22, 0x22, 0x22, 0x22, 0x22, 0x22, 0x22, 0x22, 0x23, 0x34, 0x55, 0x55, 0x55, 0x55, 0x55, 
	0x55, 0x55, 0x55, 0x55, 0x55, 0x55, 0x55, 0x55, 0x55, 0x55, 0x55, 0x55, 0x55, 0x55, 0x55, 
	0x55, 0x55, 0x55, 0x55, 0x55, 0x55, 0x55, 0x55, 0x55, 0x55, 0x55, 0x55, 0x55, 0x55, 0x55, 
	0x55, 0x44, 0x43, 0x34, 0x55, 0x55, 0x55, 0x55, 0x55, 0x55, 0x55, 0x55, 0x55, 0x55, 0x55, 
	0x55, 0x55, 0x55, 0x67, 0x89, 0x99, 0x88, 0x88, 0x88, 0x88, 0x88, 0x88, 0x88, 0x88, 0x88, 
	0x88, 0x88, 0x77, 0x77, 0x77, 0x77, 0x77, 0x77, 0x77, 0x77, 0x77, 0x77, 0x77, 0x77, 0x77, 
	0x77, 0x77, 0x77, 0x77, 0x77, 0x87, 0x77, 0x77, 0x77, 0x77, 0x77, 0x77, 0x77, 0x77, 0x77, 
	0x77, 0x77, 0x77, 0x77, 0x76, 0x67, 0x76, 0x66, 0x66, 0x66, 0x66, 0x66, 0x66, 0x66, 0x66, 
	0x66, 0x66, 0x66, 0x66, 0x66, 0x66, 0x66, 0x66, 0x66, 0x66, 0x66, 0x77, 0x77, 0x77, 0x77, 
	0x77, 0x77, 0x78, 0x88, 0x77, 0x88, 0x88, 0x88, 0x88, 0x88, 0x88, 0x88, 0x88, 0x88, 0x88, 
	0x88, 0x87, 0x77, 0x77, 0x77, 0x77, 0x77, 0x66, 0x66, 0x66, 0x66, 0x66, 0x66, 0x78, 0x88, 
	0x88, 0x88, 0x88, 0x88, 0x88, 0x88, 0x89, 0x99, 0x99, 0x99, 0x99, 0x99, 0x99, 0x99, 0x99, 
	0x99, 0x99, 0x99, 0x99, 0x99, 0x99, 0x9A, 0x99, 0x99, 0x86, 0x43, 0x33, 0x34, 0x45, 0x55, 
	0x55, 0x55, 0x55, 0x55, 0x55, 0x55, 0x55, 0x55, 0x55, 0x55, 0x55, 0x55, 0x55, 0x55, 0x55, 
	0x55, 0x55, 0x55, 0x44, 0x32, 0x22, 0x22, 0x22, 0x22, 0x22, 0x22, 0x22, 0x22, 0x22, 0x22, 
	0x22, 0x22, 0x22, 0x22, 0x22, 0x22, 0x22, 0x22, 0x22, 0x22, 0x22, 0x22, 0x22, 0x22, 0x22, 
	0x22, 0x22, 0x22, 0x22, 0x22, 0x22, 0x22, 0x22, 0x22, 0x22, 0x22, 0x22, 0x22, 0x22, 0x22, 
	0x22, 0x22, 0x22, 0x22, 0x22, 0x22, 0x22, 0x22, 0x22, 0x22, 0x22, 0x22, 0x22, 0x22, 0x22, 
	};

